subject,seed,solution_id,original_solution_id,coupling,cohesion,imbalance,original_f_semantic,pymoo_f0_coupling,pymoo_f1_negative_cohesion,pymoo_f2_imbalance,feasible,is_injected_seed,label_vector
jfreechart,7,seed7_solution000,seed7_solution000,0.17930516688280662141,0.90198268313673324315,5.4811869158805368585,0.42641528055079147563,0.17930516688280662141,-0.90198268313673324315,5.4811869158805368585,True,False,"[0, 1, 2, 3, 3, 0, 0, 1, 1, 1, 4, 1, 5, 6, 1, 1, 1, 7, 0, 1, 0, 0, 8, 1, 1, 1, 1, 9, 1, 1, 0, 0, 0, 1, 1, 1, 1, 0, 0, 0, 0, 0, 0, 1, 1, 0, 0, 1, 0, 1, 10, 1, 1, 1, 1, 11, 1, 1, 1, 1, 12, 13, 1, 14, 1, 1, 1, 15, 15, 16, 17, 1, 1, 18, 1, 16, 1, 19, 1, 20, 1, 21, 16, 1, 22, 1, 1, 23, 24, 24, 24, 24, 25, 1, 1, 1, 16, 1, 1, 1, 1, 1, 1, 1, 0, 1, 26, 1, 1, 0, 0, 1, 1, 1, 1, 1, 0, 0, 1, 1, 1, 27, 28, 1, 29, 29, 29, 1, 1, 29, 1, 1, 1, 1, 1, 1, 1, 30, 1, 1, 1, 1, 31, 32, 33, 34, 0, 0, 0, 0, 0, 0, 0, 0, 0, 0, 0, 0, 0, 0, 0, 0, 0, 18, 18, 1, 35, 36, 37, 37, 1, 38, 39, 39, 40, 40, 0, 0, 1, 41, 0, 0, 0, 0, 0, 0, 0, 0, 0, 0, 0, 0, 0, 0, 1, 0, 0, 42, 0, 0, 0, 0, 0, 43, 1, 44, 1, 0, 0, 45, 1, 0, 42, 0, 1, 0, 44, 1, 0, 0, 0, 44, 0, 0, 46, 46, 46, 46, 46, 46, 46, 46, 46, 46, 1, 1, 39, 1, 1, 47, 1, 48, 1, 1, 1, 1, 1, 1, 1, 0, 49, 1, 1, 50, 0, 51, 0, 1, 52, 19, 1, 1, 1, 1, 1, 53, 1, 1, 1, 1, 1, 1, 1, 1, 1, 0, 54, 55, 1, 30, 1, 56, 1, 1, 57, 58, 0, 59, 1, 1, 1, 1, 60, 61, 62, 1, 1, 63, 1, 64, 64, 64, 64, 1, 1, 62, 1, 1, 1, 65, 1, 66, 0, 0, 67, 68, 68, 68, 1, 1, 0, 1, 0, 1, 1, 69, 1, 1, 1, 1, 1, 1, 70, 71, 1, 69, 1, 1, 1, 1, 1, 1, 1, 72, 73, 1, 1, 1, 1, 69, 1, 1, 1, 1, 1, 1, 1, 0, 74, 0, 0, 75, 1, 0, 0, 1, 1, 1, 1, 75, 1, 1, 1, 1, 1, 0, 1, 75, 1, 0, 0, 1, 1, 1, 1, 1, 1, 0, 76, 1, 0, 1, 1, 77, 0, 1, 0, 1, 78, 79, 79, 79, 80, 81, 1, 1, 0, 1, 1, 1, 1, 1, 82, 82, 0, 0, 0, 1, 0, 1, 0, 0, 83, 0, 0, 84, 85, 86, 87, 88, 89, 90, 91, 92, 93, 1, 1, 0, 86, 94, 0, 1, 1, 1, 0, 1, 1, 95, 0, 1, 1, 1, 1, 0, 0, 0, 1, 1, 1, 0, 96, 0, 0, 0, 1, 1, 97, 0, 1, 0, 0, 0, 1, 0, 0, 98, 98, 98, 98, 98, 0, 0, 0, 0, 0, 0, 1, 0, 0, 0, 0, 0, 0, 0, 0, 1, 99, 0, 100, 0, 1, 0, 99, 99, 0, 100, 0, 0, 1, 0, 0, 1, 101, 0, 0, 1, 102, 1, 103, 0, 104, 105, 106, 107, 108, 109, 1, 1, 1, 1, 1, 1, 1, 1, 0, 0, 0, 110, 111, 1, 0, 0, 112, 1, 1, 113, 1, 1, 35, 113, 113, 113, 114, 1, 114, 1, 113, 0, 1, 0, 114, 1, 1, 1, 1, 1, 1, 1, 1, 114, 114, 0, 0, 0, 0, 0, 0, 0, 0, 0, 0, 0, 0, 0, 0, 0, 0, 1, 0, 0, 0, 1, 0, 0, 0, 1, 1, 0, 0, 0, 0, 0, 0, 0, 0, 0, 0, 0, 0, 0, 0, 0, 0, 0, 1, 0, 1, 1, 0, 115, 0, 0, 0, 0, 116, 1, 1, 0, 0, 0, 0, 0, 0, 0, 0]"
jfreechart,7,seed7_solution001,seed7_solution001,0.18466316292403248123,0.78448023885458062487,5.3973613648725988767,0.43569612858338024886,0.18466316292403248123,-0.78448023885458062487,5.3973613648725988767,True,False,"[0, 1, 2, 3, 3, 0, 0, 1, 1, 1, 4, 1, 5, 6, 1, 1, 1, 7, 0, 1, 0, 0, 8, 1, 1, 1, 1, 9, 1, 1, 0, 0, 0, 1, 1, 1, 1, 0, 0, 0, 0, 0, 0, 1, 1, 0, 0, 1, 0, 1, 10, 1, 1, 1, 1, 11, 1, 1, 1, 1, 12, 13, 1, 14, 1, 1, 1, 15, 15, 16, 17, 1, 1, 18, 1, 16, 1, 19, 1, 20, 1, 21, 16, 1, 22, 1, 1, 23, 24, 24, 24, 24, 25, 1, 1, 1, 16, 1, 1, 1, 1, 1, 1, 1, 0, 1, 26, 1, 1, 0, 0, 1, 1, 1, 1, 1, 0, 0, 1, 1, 1, 27, 28, 1, 29, 29, 29, 1, 1, 29, 1, 1, 1, 1, 1, 1, 1, 30, 1, 1, 1, 1, 31, 32, 33, 34, 0, 0, 0, 0, 0, 0, 0, 0, 0, 0, 0, 0, 0, 0, 0, 0, 0, 18, 18, 1, 35, 36, 37, 37, 1, 38, 39, 39, 40, 40, 0, 0, 1, 41, 0, 0, 0, 0, 0, 0, 0, 0, 0, 0, 0, 0, 0, 0, 1, 0, 0, 42, 0, 0, 0, 0, 0, 43, 1, 44, 1, 0, 0, 45, 1, 0, 42, 0, 1, 0, 44, 1, 0, 0, 0, 44, 0, 0, 46, 46, 46, 46, 46, 46, 46, 46, 46, 46, 1, 1, 39, 1, 1, 47, 1, 48, 1, 1, 1, 1, 1, 1, 1, 0, 49, 1, 1, 50, 0, 51, 0, 1, 52, 19, 1, 1, 1, 1, 1, 53, 1, 1, 1, 1, 1, 1, 1, 1, 1, 0, 54, 55, 1, 30, 1, 56, 1, 1, 57, 58, 0, 59, 1, 1, 1, 1, 60, 61, 62, 1, 1, 63, 1, 64, 64, 64, 64, 1, 1, 62, 1, 1, 1, 65, 1, 66, 0, 0, 67, 68, 68, 68, 1, 1, 0, 1, 0, 1, 1, 69, 1, 1, 1, 1, 1, 1, 70, 71, 1, 69, 1, 1, 1, 1, 1, 1, 1, 72, 73, 1, 1, 1, 1, 69, 1, 1, 1, 1, 1, 1, 1, 0, 74, 0, 0, 75, 1, 0, 0, 1, 1, 1, 1, 75, 1, 1, 1, 1, 1, 0, 1, 75, 1, 0, 0, 1, 1, 1, 1, 1, 1, 0, 76, 1, 0, 1, 1, 77, 0, 1, 0, 1, 78, 79, 79, 79, 80, 81, 1, 1, 0, 1, 1, 1, 1, 1, 82, 82, 0, 0, 0, 1, 0, 1, 0, 0, 83, 0, 0, 84, 85, 86, 87, 88, 89, 89, 90, 91, 92, 1, 1, 0, 86, 93, 0, 1, 1, 1, 0, 1, 1, 94, 0, 1, 1, 1, 1, 0, 0, 0, 1, 1, 1, 0, 95, 0, 0, 0, 1, 1, 96, 0, 1, 0, 0, 0, 1, 0, 0, 97, 97, 96, 96, 96, 0, 0, 0, 0, 0, 0, 1, 0, 0, 0, 0, 0, 0, 0, 0, 1, 98, 0, 99, 0, 1, 0, 98, 97, 0, 98, 0, 0, 1, 0, 0, 1, 99, 0, 0, 1, 100, 1, 100, 0, 101, 102, 103, 103, 104, 105, 1, 1, 1, 1, 1, 1, 1, 1, 0, 0, 0, 106, 106, 1, 0, 91, 107, 1, 1, 108, 1, 1, 108, 108, 108, 108, 109, 1, 109, 1, 110, 0, 1, 0, 109, 1, 1, 1, 1, 1, 1, 1, 1, 109, 111, 0, 0, 0, 0, 0, 0, 0, 0, 0, 0, 0, 0, 0, 0, 0, 0, 1, 0, 0, 0, 1, 0, 0, 0, 1, 1, 0, 0, 0, 0, 0, 0, 0, 0, 0, 0, 0, 0, 0, 0, 0, 0, 0, 1, 0, 1, 1, 0, 112, 0, 0, 0, 0, 113, 1, 1, 0, 0, 0, 0, 0, 0, 0, 0]"
jfreechart,7,seed7_solution002,seed7_solution002,0.18531158282711077123,0.78452219281912805027,5.3841451074462201021,0.43569612858338024886,0.18531158282711077123,-0.78452219281912805027,5.3841451074462201021,True,False,"[0, 1, 2, 3, 3, 0, 0, 1, 1, 1, 4, 1, 5, 6, 1, 1, 1, 7, 0, 1, 0, 0, 8, 1, 1, 1, 1, 9, 1, 1, 0, 0, 0, 1, 1, 1, 1, 0, 0, 0, 0, 0, 0, 1, 1, 0, 0, 1, 0, 1, 10, 1, 1, 1, 1, 11, 1, 1, 1, 1, 12, 13, 1, 14, 1, 1, 1, 15, 15, 16, 17, 1, 1, 18, 1, 16, 1, 19, 1, 20, 1, 21, 16, 1, 22, 1, 1, 23, 24, 24, 24, 24, 25, 1, 1, 1, 16, 1, 1, 1, 1, 1, 1, 1, 0, 1, 26, 1, 1, 0, 0, 1, 1, 1, 1, 1, 0, 0, 1, 1, 1, 27, 28, 1, 29, 29, 29, 1, 1, 29, 1, 1, 1, 1, 1, 1, 1, 30, 1, 1, 1, 1, 31, 32, 33, 34, 0, 0, 0, 0, 0, 0, 0, 0, 0, 0, 0, 0, 0, 0, 0, 0, 0, 18, 18, 1, 35, 36, 37, 37, 1, 38, 39, 39, 40, 40, 0, 0, 1, 41, 0, 0, 0, 0, 0, 0, 0, 0, 0, 0, 0, 0, 0, 0, 1, 0, 0, 42, 0, 0, 0, 0, 0, 43, 1, 44, 1, 0, 0, 45, 46, 0, 42, 0, 1, 0, 44, 1, 0, 0, 0, 44, 0, 0, 47, 47, 47, 47, 47, 47, 47, 47, 47, 47, 1, 1, 39, 1, 1, 48, 1, 49, 1, 1, 1, 1, 1, 1, 1, 0, 50, 1, 1, 51, 0, 52, 0, 1, 53, 19, 1, 1, 1, 1, 1, 54, 1, 1, 1, 1, 1, 1, 1, 1, 1, 0, 55, 56, 1, 30, 1, 57, 1, 1, 58, 59, 0, 60, 1, 1, 1, 1, 61, 62, 63, 1, 1, 64, 1, 65, 65, 65, 65, 1, 1, 63, 1, 1, 1, 66, 1, 67, 0, 0, 68, 69, 69, 69, 1, 1, 0, 1, 0, 1, 1, 70, 1, 1, 1, 1, 1, 1, 71, 72, 1, 70, 1, 1, 1, 1, 1, 1, 1, 73, 74, 1, 1, 1, 1, 70, 1, 1, 1, 1, 1, 1, 1, 0, 75, 0, 0, 76, 1, 0, 0, 1, 1, 1, 1, 76, 1, 1, 1, 1, 1, 0, 1, 76, 1, 0, 0, 1, 1, 1, 1, 1, 1, 0, 77, 1, 0, 1, 1, 78, 0, 1, 0, 1, 79, 80, 80, 80, 81, 82, 1, 1, 0, 1, 1, 1, 1, 1, 83, 83, 0, 0, 0, 1, 0, 1, 0, 0, 84, 0, 0, 85, 86, 87, 88, 89, 90, 90, 91, 92, 46, 1, 1, 0, 87, 93, 0, 1, 1, 1, 0, 1, 1, 94, 0, 1, 1, 1, 1, 0, 0, 0, 1, 1, 1, 0, 95, 0, 0, 0, 1, 1, 96, 0, 1, 0, 0, 0, 1, 0, 0, 97, 97, 96, 96, 96, 0, 0, 0, 0, 0, 0, 1, 0, 0, 0, 0, 0, 0, 0, 0, 1, 98, 0, 99, 0, 1, 0, 98, 97, 0, 98, 0, 0, 1, 0, 0, 1, 99, 0, 0, 1, 100, 1, 100, 0, 101, 102, 103, 103, 104, 105, 1, 1, 1, 1, 1, 1, 1, 1, 0, 0, 0, 106, 106, 1, 0, 92, 107, 1, 1, 108, 1, 1, 108, 108, 108, 108, 109, 1, 109, 1, 110, 0, 1, 0, 109, 1, 1, 1, 1, 1, 1, 1, 1, 109, 111, 0, 0, 0, 0, 0, 0, 0, 0, 0, 0, 0, 0, 0, 0, 0, 0, 1, 0, 0, 0, 1, 0, 0, 0, 1, 1, 0, 0, 0, 0, 0, 0, 0, 0, 0, 0, 0, 0, 0, 0, 0, 0, 0, 1, 0, 1, 1, 0, 112, 0, 0, 0, 0, 113, 1, 1, 0, 0, 0, 0, 0, 0, 0, 0]"
jfreechart,7,seed7_solution003,seed7_solution003,0.18804177189270357418,0.89316787016212428885,5.2973761018439251558,0.44136040452729363714,0.18804177189270357418,-0.89316787016212428885,5.2973761018439251558,True,False,"[0, 1, 2, 3, 3, 0, 0, 1, 1, 1, 4, 1, 5, 6, 1, 1, 1, 7, 0, 1, 0, 0, 8, 1, 1, 1, 1, 9, 1, 1, 0, 0, 0, 1, 1, 1, 1, 0, 0, 0, 0, 0, 0, 1, 1, 0, 0, 1, 0, 1, 10, 1, 1, 1, 1, 11, 1, 1, 1, 1, 12, 13, 1, 14, 1, 1, 1, 15, 15, 16, 17, 1, 1, 18, 1, 16, 1, 19, 1, 20, 1, 21, 16, 1, 22, 1, 1, 23, 24, 24, 24, 24, 25, 1, 1, 1, 16, 1, 1, 1, 1, 1, 1, 1, 0, 1, 26, 1, 1, 0, 0, 1, 1, 1, 1, 1, 0, 0, 1, 1, 1, 27, 28, 1, 29, 29, 29, 1, 1, 29, 1, 1, 1, 1, 1, 1, 1, 30, 1, 1, 1, 31, 32, 33, 34, 35, 0, 0, 0, 0, 0, 0, 0, 0, 0, 0, 0, 0, 0, 0, 0, 0, 0, 18, 18, 1, 36, 37, 38, 38, 1, 39, 40, 40, 41, 41, 0, 0, 1, 42, 0, 0, 0, 0, 0, 0, 0, 0, 0, 0, 0, 0, 0, 0, 1, 0, 0, 43, 0, 0, 0, 0, 0, 44, 1, 45, 1, 0, 0, 46, 1, 0, 43, 0, 1, 0, 45, 1, 0, 0, 0, 45, 0, 0, 47, 47, 47, 47, 47, 47, 47, 47, 47, 47, 1, 1, 40, 1, 1, 48, 1, 49, 1, 1, 1, 1, 1, 1, 1, 0, 50, 1, 1, 31, 0, 51, 0, 1, 52, 19, 1, 1, 1, 1, 1, 53, 1, 1, 1, 1, 1, 1, 1, 1, 1, 0, 54, 55, 1, 30, 1, 56, 1, 1, 57, 58, 0, 59, 1, 1, 1, 1, 60, 61, 62, 1, 1, 63, 1, 64, 64, 64, 64, 1, 1, 62, 1, 1, 1, 65, 1, 66, 0, 0, 67, 68, 68, 68, 1, 1, 0, 1, 0, 1, 1, 69, 1, 1, 1, 1, 1, 1, 70, 71, 1, 69, 1, 1, 1, 1, 1, 1, 1, 72, 73, 1, 1, 1, 1, 69, 1, 1, 1, 1, 1, 1, 1, 0, 74, 0, 0, 75, 1, 0, 0, 1, 1, 1, 1, 75, 1, 1, 1, 1, 1, 0, 1, 75, 1, 20, 0, 1, 1, 1, 1, 1, 1, 0, 76, 1, 0, 1, 1, 77, 0, 1, 0, 1, 78, 79, 79, 79, 80, 81, 1, 1, 0, 1, 1, 1, 1, 1, 82, 82, 0, 0, 0, 1, 0, 1, 0, 0, 83, 0, 0, 84, 85, 86, 87, 87, 88, 89, 90, 90, 91, 1, 1, 0, 86, 92, 0, 1, 1, 1, 0, 1, 1, 92, 0, 1, 1, 1, 1, 0, 0, 0, 1, 1, 1, 0, 93, 0, 0, 0, 1, 1, 94, 0, 1, 0, 0, 0, 1, 0, 0, 95, 95, 94, 95, 95, 0, 0, 0, 0, 0, 0, 1, 0, 0, 0, 0, 0, 0, 0, 0, 1, 94, 0, 96, 0, 1, 0, 97, 95, 0, 97, 0, 0, 1, 0, 0, 1, 96, 0, 0, 1, 98, 1, 99, 0, 98, 98, 100, 101, 102, 103, 19, 1, 1, 1, 1, 1, 1, 1, 0, 0, 0, 100, 101, 1, 0, 0, 104, 1, 1, 105, 1, 1, 106, 107, 107, 105, 108, 1, 108, 1, 109, 0, 1, 0, 108, 1, 1, 1, 1, 1, 1, 1, 1, 108, 110, 0, 0, 0, 0, 0, 0, 0, 0, 0, 0, 0, 0, 0, 0, 0, 0, 1, 0, 0, 0, 1, 0, 0, 0, 1, 1, 0, 0, 0, 0, 0, 0, 0, 0, 0, 0, 0, 0, 0, 0, 0, 0, 0, 1, 0, 1, 1, 0, 110, 0, 0, 0, 0, 104, 1, 1, 0, 0, 0, 0, 0, 0, 0, 0]"
jfreechart,7,seed7_solution004,seed7_solution004,0.19056719677837691274,0.83050974931958099212,5.209464766849500883,0.45326501440933264497,0.19056719677837691274,-0.83050974931958099212,5.209464766849500883,True,False,"[0, 1, 2, 3, 3, 0, 0, 1, 1, 1, 4, 1, 5, 6, 1, 1, 1, 7, 0, 1, 0, 0, 8, 1, 1, 1, 1, 9, 1, 1, 0, 0, 0, 1, 1, 1, 1, 0, 0, 0, 0, 0, 0, 1, 1, 0, 0, 1, 0, 1, 10, 1, 1, 1, 1, 11, 1, 1, 1, 1, 12, 13, 1, 14, 1, 1, 1, 15, 15, 16, 17, 1, 1, 18, 1, 16, 1, 19, 1, 20, 1, 21, 16, 1, 22, 1, 1, 23, 24, 24, 24, 24, 25, 1, 1, 1, 16, 1, 1, 1, 1, 1, 1, 1, 0, 1, 26, 1, 1, 0, 0, 1, 1, 1, 1, 1, 0, 0, 1, 1, 1, 27, 28, 1, 29, 29, 29, 18, 1, 29, 1, 1, 1, 1, 1, 1, 1, 30, 1, 1, 1, 31, 31, 32, 33, 34, 0, 0, 0, 0, 0, 0, 0, 0, 0, 0, 0, 0, 0, 0, 0, 0, 0, 18, 18, 1, 35, 36, 36, 37, 1, 38, 38, 38, 39, 39, 0, 0, 1, 39, 0, 0, 0, 0, 0, 0, 0, 0, 0, 0, 0, 0, 0, 0, 1, 0, 0, 40, 0, 0, 0, 0, 0, 41, 1, 42, 1, 0, 0, 42, 1, 0, 40, 0, 1, 0, 42, 1, 0, 0, 0, 41, 0, 0, 43, 44, 44, 44, 44, 43, 44, 44, 44, 43, 1, 1, 45, 1, 1, 44, 1, 46, 1, 1, 1, 1, 1, 1, 1, 0, 47, 1, 1, 31, 0, 48, 0, 1, 49, 19, 1, 1, 1, 1, 1, 50, 1, 1, 1, 1, 1, 1, 1, 1, 1, 0, 51, 52, 1, 30, 1, 53, 1, 1, 54, 55, 0, 56, 1, 1, 1, 1, 57, 58, 59, 1, 1, 60, 1, 61, 61, 61, 61, 1, 1, 59, 1, 1, 1, 62, 1, 63, 0, 0, 64, 65, 65, 65, 1, 1, 0, 1, 0, 1, 1, 66, 1, 1, 1, 1, 1, 1, 67, 68, 1, 66, 1, 1, 1, 1, 1, 1, 1, 69, 70, 1, 1, 1, 1, 66, 1, 1, 1, 1, 1, 1, 1, 0, 71, 0, 0, 72, 1, 0, 0, 1, 1, 1, 1, 72, 1, 1, 1, 1, 1, 0, 1, 72, 1, 20, 0, 1, 1, 1, 1, 1, 1, 0, 73, 1, 0, 1, 1, 74, 0, 1, 0, 1, 75, 76, 76, 76, 77, 78, 1, 1, 0, 1, 1, 1, 1, 1, 79, 79, 0, 0, 0, 1, 0, 1, 0, 0, 80, 0, 0, 81, 82, 83, 84, 85, 85, 86, 87, 86, 88, 1, 1, 0, 83, 89, 0, 1, 1, 1, 0, 1, 1, 89, 0, 1, 1, 1, 1, 0, 0, 0, 1, 1, 1, 0, 88, 0, 0, 0, 1, 1, 90, 0, 1, 0, 0, 0, 1, 0, 0, 91, 91, 92, 91, 91, 0, 0, 0, 0, 0, 0, 1, 0, 0, 0, 0, 0, 0, 0, 0, 1, 93, 0, 94, 0, 1, 0, 90, 95, 0, 96, 0, 0, 1, 0, 0, 1, 97, 0, 0, 1, 92, 1, 95, 0, 98, 99, 96, 100, 101, 102, 19, 1, 1, 1, 1, 1, 1, 1, 0, 0, 0, 103, 97, 1, 0, 0, 98, 1, 1, 99, 1, 1, 104, 105, 105, 105, 101, 1, 106, 1, 105, 0, 1, 0, 106, 1, 1, 1, 1, 1, 1, 1, 1, 106, 106, 0, 0, 0, 0, 0, 0, 0, 0, 0, 0, 0, 0, 0, 0, 0, 0, 1, 0, 0, 0, 1, 0, 0, 0, 1, 1, 0, 0, 0, 0, 0, 0, 0, 0, 0, 0, 0, 0, 0, 0, 0, 0, 0, 1, 0, 1, 1, 0, 107, 0, 0, 0, 0, 98, 1, 1, 0, 0, 0, 0, 0, 0, 0, 0]"
jfreechart,7,seed7_solution005,seed7_solution005,0.1922053102177325723,0.68462537746425222718,5.1444822685471116586,0.44695731028066509882,0.1922053102177325723,-0.68462537746425222718,5.1444822685471116586,True,False,"[0, 1, 2, 3, 3, 0, 0, 1, 1, 1, 4, 5, 5, 6, 1, 1, 1, 6, 0, 1, 0, 0, 7, 1, 1, 1, 1, 8, 1, 1, 0, 0, 0, 1, 1, 1, 1, 0, 0, 0, 0, 0, 0, 1, 1, 0, 0, 1, 0, 1, 8, 1, 1, 1, 1, 9, 1, 1, 1, 1, 10, 11, 1, 12, 1, 1, 1, 13, 13, 14, 15, 1, 1, 16, 1, 14, 1, 17, 1, 18, 1, 19, 14, 1, 20, 1, 1, 21, 22, 22, 23, 22, 23, 1, 1, 1, 14, 1, 1, 1, 1, 1, 1, 1, 0, 1, 24, 1, 1, 0, 0, 1, 1, 1, 1, 1, 0, 0, 1, 1, 1, 25, 26, 1, 26, 26, 27, 1, 1, 27, 1, 1, 1, 1, 1, 1, 1, 28, 1, 1, 1, 1, 28, 29, 30, 31, 0, 0, 0, 0, 0, 0, 0, 0, 0, 0, 0, 0, 0, 0, 0, 0, 0, 16, 16, 1, 32, 33, 34, 34, 1, 35, 36, 36, 37, 37, 0, 0, 1, 38, 0, 0, 0, 0, 0, 0, 0, 0, 0, 0, 0, 0, 0, 0, 1, 0, 0, 39, 0, 0, 0, 0, 0, 40, 1, 41, 1, 0, 0, 42, 1, 0, 39, 0, 1, 0, 41, 1, 0, 0, 0, 41, 0, 0, 43, 43, 43, 43, 43, 43, 43, 43, 43, 43, 1, 1, 36, 1, 1, 44, 1, 45, 1, 1, 1, 1, 1, 1, 1, 0, 46, 1, 1, 47, 0, 47, 0, 1, 48, 17, 1, 1, 1, 1, 1, 49, 1, 1, 1, 1, 1, 1, 1, 1, 1, 0, 49, 50, 1, 27, 1, 50, 1, 1, 51, 52, 0, 53, 1, 1, 1, 1, 53, 54, 55, 1, 1, 56, 1, 57, 58, 57, 57, 1, 1, 56, 1, 1, 1, 59, 1, 59, 0, 0, 60, 61, 60, 60, 1, 1, 0, 1, 0, 1, 1, 62, 1, 1, 1, 1, 1, 1, 62, 63, 1, 62, 1, 1, 1, 1, 1, 1, 1, 63, 64, 1, 1, 1, 1, 61, 1, 1, 1, 1, 1, 1, 1, 0, 65, 0, 0, 66, 1, 0, 0, 1, 1, 1, 1, 66, 1, 1, 1, 1, 1, 0, 1, 66, 1, 0, 0, 1, 1, 1, 1, 1, 1, 0, 67, 1, 0, 1, 1, 68, 0, 1, 0, 1, 69, 70, 69, 69, 71, 72, 1, 1, 0, 1, 1, 1, 1, 1, 73, 72, 0, 0, 0, 1, 0, 1, 0, 0, 73, 0, 0, 74, 74, 75, 76, 77, 78, 79, 79, 80, 80, 1, 1, 0, 81, 82, 0, 1, 1, 1, 0, 1, 1, 83, 0, 1, 1, 1, 1, 0, 0, 0, 1, 1, 1, 0, 84, 0, 0, 0, 1, 1, 85, 0, 1, 0, 0, 0, 1, 0, 0, 85, 86, 85, 86, 85, 0, 0, 0, 0, 0, 0, 1, 0, 0, 0, 0, 0, 0, 0, 0, 1, 86, 0, 87, 0, 1, 0, 86, 86, 0, 88, 0, 0, 1, 0, 0, 1, 89, 0, 0, 1, 89, 1, 90, 0, 90, 91, 92, 93, 94, 95, 1, 1, 1, 1, 1, 1, 1, 1, 0, 0, 0, 96, 97, 1, 0, 0, 98, 1, 1, 98, 1, 1, 99, 98, 99, 98, 100, 1, 100, 1, 99, 0, 1, 0, 101, 1, 1, 1, 1, 1, 1, 1, 1, 101, 101, 0, 0, 0, 0, 0, 0, 0, 0, 0, 0, 0, 0, 0, 0, 0, 0, 1, 0, 0, 0, 1, 0, 0, 0, 1, 1, 0, 0, 0, 0, 0, 0, 0, 0, 0, 0, 0, 0, 0, 0, 0, 0, 0, 1, 0, 1, 1, 0, 102, 0, 0, 0, 0, 103, 1, 1, 0, 0, 0, 0, 0, 0, 0, 0]"
jfreechart,7,seed7_solution006,seed7_solution006,0.19333151320728961253,1.7235125914154045823,4.8001105656143883138,0.46659330394886266991,0.19333151320728961253,-1.7235125914154045823,4.8001105656143883138,True,False,"[0, 1, 2, 3, 3, 0, 0, 1, 1, 1, 4, 1, 5, 6, 1, 1, 1, 7, 0, 1, 0, 0, 7, 1, 1, 1, 1, 8, 1, 1, 0, 0, 0, 1, 1, 1, 1, 0, 0, 0, 0, 0, 0, 1, 1, 0, 0, 1, 0, 1, 8, 1, 1, 1, 1, 9, 1, 1, 1, 1, 10, 10, 1, 11, 1, 1, 1, 11, 12, 13, 13, 1, 1, 14, 1, 13, 1, 13, 1, 15, 1, 16, 17, 1, 16, 1, 1, 18, 19, 18, 19, 18, 20, 1, 1, 1, 14, 1, 1, 1, 1, 1, 1, 1, 0, 1, 21, 1, 1, 0, 0, 1, 1, 1, 1, 1, 0, 0, 1, 1, 1, 22, 23, 1, 23, 23, 24, 1, 1, 24, 1, 1, 1, 1, 1, 1, 1, 25, 1, 1, 1, 1, 25, 25, 26, 26, 0, 0, 0, 0, 0, 0, 0, 0, 0, 0, 0, 0, 0, 0, 0, 0, 0, 13, 15, 1, 27, 28, 29, 30, 1, 31, 29, 32, 32, 33, 0, 0, 1, 34, 0, 0, 0, 0, 0, 0, 0, 0, 0, 0, 0, 0, 0, 0, 1, 0, 0, 34, 0, 0, 0, 0, 0, 35, 1, 33, 1, 0, 0, 35, 1, 0, 34, 0, 1, 0, 36, 1, 0, 0, 0, 33, 0, 0, 37, 37, 37, 37, 34, 37, 37, 37, 38, 37, 1, 1, 31, 1, 1, 37, 1, 39, 1, 1, 1, 1, 1, 1, 1, 0, 36, 1, 1, 40, 0, 41, 0, 1, 42, 15, 1, 1, 1, 1, 1, 43, 1, 1, 1, 1, 1, 1, 1, 1, 1, 0, 43, 44, 1, 24, 1, 42, 1, 1, 45, 46, 0, 42, 1, 1, 1, 1, 47, 48, 49, 1, 1, 50, 1, 51, 52, 53, 53, 1, 1, 51, 1, 1, 1, 46, 1, 53, 0, 0, 50, 54, 33, 55, 1, 1, 0, 1, 0, 1, 1, 52, 1, 1, 1, 1, 1, 1, 48, 56, 1, 52, 1, 1, 1, 1, 1, 1, 1, 57, 58, 1, 1, 1, 1, 50, 1, 1, 1, 1, 1, 1, 1, 0, 55, 0, 0, 59, 1, 0, 0, 1, 1, 1, 1, 59, 1, 1, 1, 1, 1, 0, 1, 59, 1, 0, 0, 1, 1, 1, 1, 1, 1, 0, 60, 1, 0, 1, 1, 47, 0, 1, 0, 1, 61, 58, 61, 61, 62, 63, 1, 1, 0, 1, 1, 1, 1, 1, 47, 63, 0, 0, 0, 1, 0, 1, 0, 0, 47, 0, 0, 64, 61, 65, 66, 67, 62, 68, 69, 69, 70, 1, 1, 0, 71, 72, 0, 1, 1, 1, 0, 1, 1, 73, 0, 1, 1, 1, 1, 0, 0, 0, 1, 1, 1, 0, 74, 0, 0, 0, 1, 1, 67, 0, 1, 0, 0, 0, 1, 0, 0, 75, 75, 65, 75, 75, 0, 0, 0, 0, 0, 0, 1, 0, 0, 0, 0, 0, 0, 0, 0, 1, 68, 0, 68, 0, 1, 0, 67, 76, 0, 77, 0, 0, 1, 0, 0, 1, 78, 0, 0, 1, 78, 1, 72, 0, 79, 72, 80, 81, 74, 82, 1, 1, 1, 1, 1, 1, 1, 1, 0, 0, 0, 83, 84, 1, 0, 0, 85, 1, 1, 22, 1, 1, 78, 22, 86, 22, 79, 18, 87, 1, 78, 0, 1, 0, 88, 1, 1, 1, 1, 1, 1, 1, 1, 6, 88, 0, 0, 0, 0, 0, 0, 0, 0, 0, 0, 0, 0, 0, 0, 0, 0, 1, 0, 0, 0, 1, 0, 0, 0, 1, 1, 0, 0, 0, 0, 0, 0, 0, 0, 0, 0, 0, 0, 0, 0, 0, 0, 0, 1, 0, 1, 1, 0, 89, 0, 0, 0, 0, 90, 1, 1, 0, 0, 0, 0, 0, 0, 0, 0]"
jfreechart,7,seed7_solution009,seed7_solution009,0.20442290628626033633,1.7671381994570887208,4.9799073002369649288,0.47462185413523294564,0.20442290628626033633,-1.7671381994570887208,4.9799073002369649288,True,False,"[0, 1, 2, 3, 3, 0, 0, 1, 1, 1, 4, 1, 5, 6, 1, 1, 1, 7, 0, 1, 0, 0, 8, 1, 1, 1, 1, 9, 1, 1, 0, 0, 0, 1, 1, 1, 1, 0, 0, 0, 0, 0, 0, 1, 1, 0, 0, 1, 0, 1, 7, 1, 1, 1, 1, 10, 1, 1, 1, 1, 11, 8, 1, 12, 1, 1, 1, 11, 11, 13, 14, 1, 1, 15, 1, 13, 1, 16, 1, 17, 1, 18, 13, 1, 19, 1, 1, 20, 21, 22, 21, 23, 24, 1, 1, 1, 11, 1, 1, 1, 1, 1, 1, 1, 0, 1, 25, 1, 1, 0, 0, 1, 1, 1, 1, 1, 0, 0, 1, 1, 1, 15, 26, 1, 27, 28, 28, 1, 1, 28, 1, 1, 1, 1, 1, 1, 1, 10, 1, 1, 1, 1, 20, 29, 15, 24, 0, 0, 0, 0, 0, 0, 0, 0, 0, 0, 0, 0, 0, 0, 0, 0, 0, 12, 15, 1, 30, 31, 32, 32, 1, 16, 33, 33, 34, 34, 0, 0, 1, 24, 0, 0, 0, 0, 0, 0, 0, 35, 0, 0, 0, 0, 1, 0, 1, 0, 0, 36, 0, 0, 0, 0, 0, 37, 1, 38, 1, 0, 0, 39, 1, 0, 36, 0, 1, 0, 40, 1, 0, 0, 0, 38, 0, 0, 41, 42, 41, 43, 41, 41, 41, 19, 30, 31, 1, 1, 30, 1, 1, 32, 1, 44, 1, 1, 1, 1, 1, 1, 1, 0, 45, 1, 1, 46, 0, 47, 0, 1, 48, 49, 1, 1, 1, 1, 1, 37, 1, 1, 1, 1, 1, 1, 1, 1, 1, 0, 50, 26, 1, 51, 1, 39, 1, 1, 41, 52, 0, 53, 1, 1, 1, 1, 54, 55, 56, 1, 1, 57, 1, 58, 58, 47, 48, 1, 1, 56, 1, 1, 1, 59, 1, 60, 0, 0, 61, 62, 63, 62, 1, 1, 0, 1, 0, 1, 1, 64, 1, 1, 1, 1, 1, 1, 32, 65, 1, 66, 1, 1, 1, 1, 1, 1, 1, 67, 54, 1, 1, 1, 1, 64, 1, 1, 1, 1, 1, 1, 1, 0, 26, 0, 0, 55, 1, 0, 0, 1, 1, 1, 1, 55, 1, 1, 1, 1, 1, 0, 1, 68, 1, 0, 0, 1, 1, 1, 1, 1, 1, 0, 69, 1, 0, 1, 1, 57, 0, 1, 0, 1, 70, 71, 71, 71, 59, 72, 1, 1, 0, 1, 1, 1, 1, 1, 73, 74, 0, 0, 0, 1, 0, 1, 0, 0, 75, 0, 0, 62, 26, 66, 76, 77, 67, 78, 39, 35, 68, 1, 1, 0, 66, 18, 0, 1, 1, 1, 0, 1, 1, 79, 0, 1, 1, 1, 1, 0, 0, 0, 1, 1, 1, 0, 70, 0, 0, 0, 1, 1, 47, 0, 1, 0, 0, 0, 1, 0, 0, 80, 80, 81, 80, 80, 0, 0, 0, 0, 0, 0, 1, 0, 0, 0, 0, 0, 0, 0, 0, 1, 82, 0, 83, 0, 1, 0, 72, 82, 0, 83, 0, 0, 1, 0, 0, 1, 84, 0, 0, 1, 75, 1, 85, 0, 86, 87, 3, 88, 60, 89, 1, 1, 1, 1, 1, 1, 1, 1, 0, 0, 0, 90, 77, 1, 0, 0, 63, 1, 1, 91, 1, 1, 30, 92, 65, 93, 32, 1, 94, 3, 91, 0, 1, 0, 53, 1, 1, 1, 1, 1, 1, 1, 1, 95, 94, 0, 0, 0, 0, 0, 0, 0, 0, 0, 0, 0, 0, 0, 0, 0, 0, 1, 0, 0, 0, 1, 0, 0, 0, 1, 1, 0, 0, 0, 0, 0, 0, 0, 0, 0, 0, 0, 0, 0, 0, 0, 0, 0, 1, 0, 1, 1, 0, 96, 0, 0, 0, 0, 97, 1, 1, 0, 0, 0, 0, 0, 0, 0, 0]"
jfreechart,7,seed7_solution010,seed7_solution010,0.21124837895024231593,2.0617197964810936028,4.8985053792672212936,0.49588318811230636118,0.21124837895024231593,-2.0617197964810936028,4.8985053792672212936,True,False,"[0, 1, 2, 3, 3, 0, 0, 1, 1, 1, 4, 1, 5, 6, 1, 1, 1, 7, 0, 1, 0, 0, 8, 1, 1, 1, 1, 9, 1, 1, 0, 0, 0, 1, 1, 1, 1, 0, 0, 2, 0, 0, 0, 1, 1, 0, 0, 1, 0, 1, 7, 1, 1, 1, 1, 10, 1, 1, 1, 1, 9, 8, 1, 11, 1, 1, 1, 12, 12, 13, 10, 1, 1, 14, 1, 13, 1, 15, 1, 16, 1, 15, 10, 1, 1, 1, 1, 11, 17, 11, 17, 13, 18, 1, 1, 1, 12, 1, 1, 1, 1, 1, 1, 1, 0, 1, 19, 1, 1, 0, 0, 1, 1, 1, 1, 1, 0, 0, 1, 1, 1, 18, 20, 1, 21, 22, 22, 1, 1, 21, 1, 1, 1, 1, 1, 1, 1, 11, 1, 1, 1, 1, 23, 24, 18, 25, 0, 0, 0, 0, 0, 0, 0, 0, 0, 0, 0, 0, 1, 0, 0, 0, 0, 14, 16, 1, 26, 27, 28, 8, 1, 15, 29, 14, 2, 30, 0, 3, 1, 25, 0, 0, 0, 0, 0, 0, 0, 0, 0, 0, 0, 0, 1, 0, 1, 0, 0, 19, 0, 0, 0, 0, 0, 31, 1, 20, 1, 0, 0, 32, 1, 0, 4, 0, 1, 0, 33, 1, 0, 0, 0, 22, 0, 0, 34, 27, 34, 34, 34, 27, 34, 22, 35, 36, 1, 1, 35, 1, 1, 37, 1, 38, 1, 1, 1, 1, 1, 1, 1, 0, 39, 1, 1, 31, 0, 40, 0, 1, 41, 42, 1, 1, 1, 1, 1, 31, 1, 1, 1, 1, 1, 1, 1, 1, 1, 0, 43, 28, 1, 44, 1, 45, 1, 1, 46, 47, 0, 29, 1, 1, 1, 1, 30, 48, 49, 1, 1, 50, 1, 30, 50, 51, 52, 1, 1, 49, 1, 1, 1, 53, 1, 54, 0, 0, 55, 51, 56, 2, 1, 1, 0, 1, 0, 1, 1, 57, 1, 1, 1, 1, 1, 1, 37, 58, 1, 34, 1, 1, 1, 1, 1, 1, 1, 59, 60, 1, 1, 1, 1, 57, 1, 1, 1, 1, 1, 1, 1, 0, 28, 0, 0, 61, 1, 0, 0, 1, 1, 1, 1, 61, 1, 1, 1, 1, 1, 0, 1, 32, 1, 0, 0, 1, 1, 1, 3, 1, 1, 0, 62, 1, 0, 1, 1, 63, 0, 1, 0, 1, 60, 22, 64, 64, 65, 41, 1, 1, 0, 1, 1, 1, 1, 1, 29, 66, 0, 0, 0, 1, 0, 1, 0, 0, 67, 0, 0, 68, 28, 69, 70, 71, 72, 73, 45, 74, 75, 1, 1, 0, 69, 76, 0, 1, 1, 1, 0, 1, 1, 77, 0, 1, 1, 1, 1, 0, 0, 0, 1, 1, 1, 0, 78, 0, 0, 0, 1, 1, 79, 0, 1, 0, 0, 0, 1, 0, 0, 48, 18, 80, 80, 80, 0, 0, 0, 0, 0, 0, 1, 0, 0, 0, 0, 0, 0, 0, 0, 1, 81, 0, 82, 0, 1, 0, 81, 81, 0, 82, 0, 0, 1, 0, 0, 1, 46, 0, 0, 1, 83, 1, 84, 0, 85, 86, 3, 53, 54, 60, 1, 1, 1, 1, 1, 1, 1, 1, 0, 0, 0, 87, 88, 1, 0, 0, 56, 1, 1, 57, 1, 1, 89, 90, 58, 91, 37, 1, 92, 3, 91, 0, 1, 0, 59, 1, 1, 1, 1, 1, 1, 1, 1, 92, 1, 0, 0, 0, 0, 0, 0, 0, 0, 0, 0, 0, 0, 0, 0, 0, 0, 1, 0, 0, 0, 1, 0, 0, 0, 1, 1, 0, 0, 0, 0, 0, 0, 0, 0, 0, 0, 0, 0, 0, 3, 0, 0, 0, 1, 0, 1, 1, 0, 93, 0, 0, 0, 0, 94, 95, 95, 0, 0, 0, 0, 0, 0, 0, 0]"
jfreechart,7,seed7_solution011,seed7_solution011,0.21305712920619754303,0.18871081177999549094,4.4090238827866654603,0.49383854456307307856,0.21305712920619754303,-0.18871081177999549094,4.4090238827866654603,True,False,"[0, 1, 2, 3, 3, 0, 0, 1, 1, 1, 4, 1, 5, 6, 1, 1, 1, 7, 0, 1, 0, 0, 7, 1, 1, 1, 1, 8, 1, 1, 0, 0, 0, 1, 1, 1, 1, 0, 0, 2, 0, 0, 0, 1, 1, 0, 0, 1, 0, 1, 8, 1, 1, 1, 1, 9, 1, 1, 1, 1, 9, 9, 1, 9, 1, 1, 1, 10, 10, 11, 11, 1, 1, 12, 1, 13, 1, 11, 1, 12, 1, 14, 14, 1, 12, 1, 1, 15, 16, 14, 17, 11, 18, 1, 1, 1, 12, 1, 1, 1, 1, 1, 1, 1, 0, 1, 11, 1, 1, 0, 0, 1, 1, 1, 1, 1, 0, 0, 1, 1, 1, 17, 19, 1, 19, 19, 20, 1, 1, 20, 1, 1, 1, 1, 1, 1, 1, 19, 1, 1, 1, 1, 21, 21, 20, 21, 0, 0, 0, 0, 0, 0, 0, 0, 0, 0, 0, 0, 0, 0, 0, 0, 0, 11, 22, 1, 23, 23, 24, 24, 1, 25, 17, 26, 21, 27, 0, 0, 1, 28, 0, 0, 0, 0, 0, 0, 0, 0, 0, 0, 0, 0, 1, 0, 1, 0, 0, 29, 0, 0, 0, 0, 0, 30, 1, 27, 1, 0, 0, 28, 1, 0, 29, 0, 1, 0, 31, 1, 0, 0, 0, 27, 0, 0, 29, 32, 32, 24, 29, 32, 32, 33, 34, 29, 1, 1, 30, 1, 1, 32, 1, 30, 1, 1, 1, 1, 1, 1, 1, 0, 35, 1, 1, 36, 0, 37, 0, 1, 38, 14, 1, 1, 1, 1, 1, 39, 1, 1, 1, 1, 1, 1, 1, 1, 1, 0, 39, 40, 1, 29, 1, 38, 1, 1, 36, 41, 0, 23, 1, 1, 1, 1, 37, 35, 42, 1, 1, 43, 1, 44, 45, 46, 46, 1, 1, 38, 1, 1, 1, 41, 1, 47, 0, 0, 43, 40, 27, 48, 1, 1, 0, 1, 0, 1, 1, 45, 1, 1, 1, 1, 1, 1, 49, 50, 1, 45, 1, 1, 1, 36, 1, 1, 1, 51, 49, 0, 1, 1, 1, 43, 1, 1, 1, 1, 1, 1, 1, 0, 48, 0, 0, 52, 1, 0, 0, 1, 1, 1, 1, 45, 1, 1, 1, 1, 1, 0, 1, 43, 1, 0, 0, 1, 1, 1, 1, 1, 1, 0, 0, 1, 0, 1, 1, 47, 0, 1, 0, 1, 53, 54, 53, 53, 55, 48, 1, 1, 0, 1, 1, 1, 1, 1, 47, 51, 0, 0, 0, 1, 0, 1, 0, 0, 47, 0, 0, 56, 53, 57, 58, 59, 55, 60, 61, 61, 62, 1, 1, 0, 63, 40, 0, 1, 1, 3, 0, 1, 1, 64, 0, 1, 1, 1, 1, 0, 0, 0, 1, 1, 1, 0, 59, 0, 0, 0, 1, 1, 59, 0, 1, 0, 0, 0, 1, 0, 0, 61, 6, 46, 3, 42, 0, 0, 0, 62, 0, 0, 1, 0, 0, 0, 0, 0, 0, 0, 0, 1, 55, 0, 60, 0, 1, 0, 57, 65, 0, 63, 0, 0, 1, 0, 0, 1, 54, 0, 0, 1, 66, 1, 64, 0, 67, 68, 69, 51, 70, 71, 1, 1, 1, 1, 1, 1, 1, 1, 0, 0, 0, 72, 73, 1, 0, 0, 41, 1, 1, 26, 1, 1, 74, 75, 76, 26, 67, 1, 34, 1, 66, 0, 1, 0, 41, 1, 1, 1, 1, 1, 1, 1, 1, 6, 77, 0, 0, 0, 0, 0, 0, 0, 0, 0, 0, 0, 0, 0, 0, 0, 0, 1, 0, 0, 0, 1, 0, 0, 0, 1, 1, 0, 0, 0, 0, 0, 0, 0, 0, 0, 0, 0, 0, 0, 0, 0, 0, 0, 1, 0, 1, 1, 0, 37, 0, 0, 0, 0, 69, 1, 1, 0, 0, 0, 0, 0, 0, 0, 0]"
jfreechart,7,seed7_solution013,seed7_solution013,0.21855163470070301801,0.3444472399827179232,4.5783620130781974567,0.51012637854207332211,0.21855163470070301801,-0.3444472399827179232,4.5783620130781974567,True,False,"[0, 1, 2, 3, 3, 0, 0, 1, 1, 1, 4, 1, 5, 6, 1, 1, 1, 6, 0, 1, 0, 0, 7, 1, 1, 1, 1, 8, 1, 1, 0, 0, 0, 1, 1, 1, 1, 0, 0, 2, 0, 0, 0, 1, 1, 0, 0, 1, 0, 1, 9, 1, 1, 1, 1, 10, 1, 1, 1, 1, 8, 8, 1, 10, 1, 1, 1, 11, 11, 11, 12, 1, 1, 13, 1, 11, 1, 14, 1, 15, 1, 15, 16, 1, 1, 1, 1, 16, 14, 16, 17, 12, 18, 1, 1, 1, 11, 1, 1, 1, 1, 1, 1, 1, 0, 1, 10, 1, 1, 0, 0, 1, 1, 1, 1, 1, 0, 0, 1, 1, 1, 18, 19, 1, 20, 20, 19, 1, 1, 20, 1, 1, 1, 1, 1, 1, 1, 21, 1, 1, 1, 1, 16, 22, 23, 24, 0, 0, 0, 0, 0, 0, 0, 0, 0, 0, 0, 0, 1, 0, 0, 0, 0, 13, 18, 1, 25, 24, 26, 24, 1, 14, 23, 22, 2, 27, 28, 0, 1, 25, 0, 0, 0, 0, 0, 0, 0, 1, 0, 0, 0, 0, 1, 0, 1, 0, 0, 22, 0, 0, 0, 0, 0, 29, 1, 19, 1, 0, 0, 30, 1, 0, 4, 0, 1, 0, 25, 1, 0, 0, 0, 21, 0, 0, 31, 29, 23, 32, 28, 33, 32, 34, 35, 29, 1, 1, 28, 1, 1, 28, 1, 36, 1, 1, 1, 1, 1, 1, 1, 0, 37, 0, 1, 32, 0, 38, 0, 1, 26, 16, 1, 1, 1, 1, 1, 33, 1, 1, 1, 1, 1, 1, 1, 1, 1, 0, 28, 31, 1, 39, 1, 40, 1, 1, 41, 42, 0, 31, 1, 1, 1, 1, 27, 43, 44, 1, 1, 36, 1, 27, 45, 46, 37, 1, 1, 47, 1, 1, 1, 48, 1, 49, 0, 0, 50, 46, 36, 38, 1, 1, 0, 1, 0, 1, 1, 51, 1, 1, 1, 1, 1, 1, 44, 52, 1, 32, 1, 1, 1, 1, 1, 1, 1, 53, 54, 1, 1, 1, 1, 35, 1, 1, 1, 1, 1, 1, 1, 0, 28, 0, 0, 55, 1, 0, 0, 1, 1, 1, 1, 40, 1, 1, 1, 1, 1, 0, 1, 56, 1, 3, 0, 1, 1, 1, 3, 1, 1, 0, 0, 1, 0, 1, 1, 57, 0, 1, 0, 1, 54, 21, 58, 40, 59, 52, 1, 1, 0, 1, 1, 1, 1, 1, 31, 42, 0, 0, 0, 1, 0, 1, 0, 0, 60, 0, 0, 61, 38, 62, 63, 9, 64, 43, 46, 65, 66, 1, 1, 3, 62, 45, 0, 1, 1, 3, 0, 1, 1, 37, 0, 1, 1, 1, 1, 0, 0, 0, 1, 1, 1, 0, 67, 0, 0, 0, 1, 1, 68, 0, 1, 0, 0, 0, 1, 0, 0, 43, 47, 69, 3, 69, 0, 0, 0, 0, 0, 0, 1, 0, 0, 0, 0, 0, 0, 0, 0, 1, 70, 0, 71, 0, 1, 0, 72, 51, 0, 18, 0, 0, 3, 0, 0, 1, 41, 0, 0, 1, 73, 1, 74, 0, 75, 76, 28, 48, 51, 54, 1, 1, 1, 1, 1, 1, 1, 1, 0, 0, 0, 77, 78, 1, 0, 0, 53, 1, 1, 54, 1, 1, 79, 80, 54, 81, 44, 1, 82, 1, 81, 0, 1, 0, 53, 1, 1, 1, 1, 1, 1, 1, 1, 82, 58, 0, 0, 0, 0, 0, 0, 0, 0, 0, 0, 0, 0, 0, 0, 0, 0, 1, 0, 0, 0, 1, 0, 0, 0, 1, 1, 0, 0, 0, 0, 0, 0, 0, 0, 0, 0, 0, 0, 0, 3, 0, 0, 0, 1, 0, 1, 1, 0, 27, 0, 0, 0, 0, 83, 1, 84, 0, 0, 0, 0, 0, 0, 0, 0]"
jfreechart,7,seed7_solution014,seed7_solution014,0.22271517302573204389,1.5224650126619325707,4.7359282150421266877,0.48194724696752500037,0.22271517302573204389,-1.5224650126619325707,4.7359282150421266877,True,False,"[0, 1, 2, 3, 3, 0, 0, 1, 2, 1, 4, 1, 5, 6, 1, 1, 1, 6, 0, 1, 0, 0, 7, 1, 1, 1, 1, 8, 1, 1, 0, 0, 0, 1, 1, 1, 1, 0, 0, 0, 0, 0, 0, 1, 1, 0, 0, 1, 0, 1, 7, 1, 1, 1, 9, 9, 1, 1, 1, 1, 10, 11, 1, 12, 1, 1, 1, 13, 13, 11, 14, 1, 1, 15, 1, 11, 1, 13, 1, 16, 1, 17, 17, 1, 15, 1, 1, 18, 19, 20, 19, 21, 22, 1, 1, 1, 14, 1, 1, 1, 1, 1, 1, 1, 0, 1, 12, 1, 1, 0, 0, 1, 1, 1, 1, 1, 0, 0, 1, 1, 1, 23, 24, 1, 25, 16, 13, 1, 1, 22, 1, 1, 1, 1, 1, 1, 1, 26, 1, 1, 1, 1, 27, 24, 28, 29, 0, 0, 0, 0, 0, 0, 0, 0, 0, 0, 0, 0, 0, 0, 0, 0, 0, 15, 15, 1, 30, 31, 32, 32, 1, 33, 34, 28, 29, 35, 0, 0, 1, 30, 0, 0, 0, 0, 0, 0, 0, 0, 0, 0, 0, 0, 0, 0, 1, 0, 0, 31, 0, 0, 0, 0, 0, 36, 1, 37, 1, 0, 0, 38, 1, 0, 31, 0, 1, 0, 37, 1, 0, 0, 0, 33, 0, 0, 39, 39, 39, 40, 35, 39, 35, 39, 39, 39, 1, 1, 28, 1, 1, 41, 1, 42, 1, 1, 1, 1, 1, 1, 1, 0, 43, 1, 1, 12, 0, 44, 0, 1, 45, 13, 1, 1, 1, 1, 1, 36, 1, 1, 1, 1, 1, 1, 1, 1, 1, 0, 46, 47, 1, 40, 1, 28, 1, 1, 48, 12, 0, 39, 1, 1, 1, 1, 41, 49, 50, 1, 1, 51, 1, 43, 52, 43, 52, 1, 1, 50, 1, 1, 1, 53, 1, 33, 0, 0, 44, 45, 54, 55, 1, 1, 0, 1, 0, 1, 1, 56, 1, 1, 1, 1, 1, 1, 46, 47, 1, 56, 1, 1, 1, 1, 1, 1, 1, 48, 57, 0, 1, 1, 1, 21, 1, 1, 1, 1, 1, 1, 1, 0, 58, 0, 0, 13, 1, 0, 0, 1, 1, 1, 1, 59, 1, 1, 1, 1, 1, 0, 1, 49, 1, 3, 0, 1, 1, 1, 1, 1, 1, 0, 50, 1, 0, 1, 1, 60, 0, 1, 0, 1, 52, 61, 61, 61, 62, 63, 1, 1, 0, 1, 1, 1, 1, 1, 64, 65, 0, 0, 0, 1, 0, 1, 0, 0, 55, 0, 0, 66, 67, 37, 38, 68, 24, 69, 70, 47, 71, 1, 1, 0, 72, 57, 0, 1, 1, 1, 0, 1, 1, 73, 0, 1, 1, 1, 36, 0, 0, 0, 1, 1, 1, 0, 74, 0, 0, 0, 1, 1, 41, 0, 1, 0, 0, 0, 1, 0, 0, 75, 75, 60, 75, 38, 0, 0, 0, 76, 0, 0, 1, 0, 0, 0, 0, 0, 0, 0, 0, 1, 77, 0, 43, 0, 1, 0, 78, 75, 0, 78, 0, 0, 1, 0, 0, 1, 61, 0, 0, 1, 79, 1, 80, 0, 79, 62, 63, 65, 81, 82, 1, 1, 1, 1, 1, 1, 1, 1, 0, 0, 0, 83, 3, 1, 0, 0, 72, 1, 1, 68, 1, 1, 84, 85, 85, 46, 86, 1, 46, 1, 87, 0, 1, 0, 86, 1, 1, 1, 1, 1, 1, 1, 1, 86, 88, 0, 2, 0, 0, 0, 0, 0, 0, 0, 0, 0, 0, 0, 0, 0, 0, 1, 0, 0, 0, 1, 0, 0, 29, 1, 1, 0, 0, 0, 0, 0, 0, 0, 0, 0, 0, 0, 0, 0, 0, 0, 0, 0, 1, 0, 1, 1, 0, 89, 0, 0, 0, 0, 90, 1, 1, 0, 0, 0, 0, 0, 0, 0, 0]"
jfreechart,7,seed7_solution015,seed7_solution015,0.23332878301822401745,0.50742771396840624654,3.9658912159294374966,0.53548169427378611296,0.23332878301822401745,-0.50742771396840624654,3.9658912159294374966,True,False,"[0, 1, 2, 3, 3, 0, 0, 1, 1, 1, 4, 5, 5, 6, 1, 1, 1, 6, 0, 1, 0, 0, 7, 1, 1, 1, 1, 8, 1, 1, 0, 0, 3, 1, 1, 1, 1, 0, 0, 2, 0, 0, 0, 1, 1, 0, 0, 1, 0, 1, 6, 1, 1, 1, 1, 7, 1, 1, 1, 1, 8, 9, 1, 10, 1, 1, 1, 8, 11, 12, 13, 1, 1, 13, 3, 12, 1, 14, 1, 15, 1, 16, 11, 1, 1, 1, 1, 15, 15, 16, 15, 17, 16, 1, 1, 1, 17, 1, 1, 1, 1, 1, 1, 1, 0, 1, 10, 1, 1, 0, 0, 1, 1, 1, 1, 1, 0, 0, 1, 1, 1, 18, 19, 1, 20, 21, 20, 1, 1, 19, 1, 1, 1, 1, 1, 1, 1, 22, 1, 1, 1, 1, 11, 19, 23, 14, 0, 0, 0, 0, 0, 0, 0, 0, 0, 1, 0, 0, 0, 0, 0, 0, 0, 14, 18, 1, 24, 25, 26, 25, 1, 26, 23, 19, 2, 27, 28, 0, 1, 24, 0, 0, 0, 0, 0, 0, 0, 1, 0, 5, 0, 0, 1, 0, 1, 0, 0, 21, 0, 0, 0, 0, 0, 29, 1, 23, 1, 0, 0, 28, 1, 0, 30, 0, 1, 0, 24, 1, 0, 1, 0, 21, 1, 0, 29, 31, 23, 23, 28, 32, 3, 33, 14, 31, 1, 1, 28, 1, 1, 28, 1, 26, 1, 1, 1, 1, 1, 1, 1, 0, 16, 0, 1, 34, 3, 35, 0, 1, 26, 11, 1, 1, 1, 1, 1, 27, 1, 1, 1, 1, 1, 1, 1, 1, 1, 0, 28, 29, 1, 22, 1, 36, 1, 1, 36, 16, 0, 34, 1, 1, 1, 1, 28, 24, 37, 1, 1, 38, 1, 31, 39, 0, 39, 1, 1, 1, 1, 1, 1, 39, 1, 36, 0, 0, 38, 36, 38, 40, 1, 1, 0, 1, 0, 1, 1, 41, 1, 1, 1, 1, 1, 1, 33, 41, 1, 42, 1, 1, 1, 1, 1, 1, 1, 29, 43, 1, 1, 1, 1, 35, 1, 1, 1, 1, 1, 1, 1, 0, 44, 0, 0, 43, 1, 0, 0, 1, 1, 1, 1, 45, 1, 34, 1, 1, 1, 0, 1, 42, 1, 3, 0, 1, 1, 1, 3, 1, 1, 0, 0, 1, 0, 1, 1, 1, 0, 1, 0, 3, 33, 39, 0, 45, 46, 38, 1, 1, 0, 1, 1, 1, 1, 1, 46, 47, 0, 0, 0, 1, 0, 1, 0, 0, 48, 0, 0, 49, 40, 49, 33, 7, 50, 48, 51, 41, 21, 1, 1, 3, 42, 50, 0, 1, 1, 3, 0, 1, 1, 39, 0, 1, 1, 1, 1, 0, 0, 0, 1, 1, 1, 0, 52, 0, 0, 0, 1, 1, 49, 0, 1, 0, 0, 0, 1, 0, 0, 32, 49, 53, 3, 1, 0, 0, 0, 0, 0, 0, 1, 2, 0, 0, 0, 0, 0, 0, 0, 1, 54, 0, 55, 0, 1, 0, 56, 57, 0, 18, 0, 0, 3, 0, 0, 1, 36, 0, 0, 1, 51, 1, 58, 0, 55, 53, 28, 34, 57, 49, 1, 1, 1, 1, 1, 1, 1, 1, 0, 0, 0, 48, 41, 1, 0, 0, 59, 1, 1, 60, 1, 1, 61, 62, 60, 43, 38, 1, 60, 1, 63, 0, 1, 0, 58, 1, 1, 1, 1, 1, 1, 1, 1, 48, 64, 0, 0, 0, 0, 0, 0, 0, 0, 0, 0, 2, 0, 0, 0, 3, 29, 1, 0, 0, 0, 1, 0, 0, 0, 1, 1, 0, 0, 0, 0, 0, 0, 0, 0, 0, 0, 0, 0, 0, 30, 0, 0, 0, 1, 0, 1, 1, 0, 30, 0, 0, 0, 0, 57, 1, 65, 0, 0, 0, 0, 0, 0, 0, 0]"
jfreechart,7,seed7_solution017,seed7_solution017,0.24227015220804040685,1.7646596428373584331,4.6988521320023162176,0.50677595010673659459,0.24227015220804040685,-1.7646596428373584331,4.6988521320023162176,True,False,"[0, 1, 2, 3, 3, 0, 0, 1, 2, 1, 4, 5, 5, 6, 0, 1, 1, 6, 0, 1, 0, 0, 7, 1, 1, 1, 1, 7, 1, 1, 0, 0, 0, 1, 1, 1, 1, 0, 0, 0, 0, 0, 0, 1, 1, 0, 0, 1, 0, 1, 8, 1, 1, 1, 9, 9, 1, 1, 1, 1, 10, 11, 1, 12, 1, 1, 1, 8, 8, 13, 14, 1, 1, 10, 1, 13, 1, 15, 1, 10, 1, 16, 17, 1, 18, 1, 1, 19, 20, 21, 20, 21, 22, 1, 1, 1, 17, 1, 1, 1, 1, 1, 1, 1, 0, 1, 14, 1, 1, 0, 0, 1, 23, 1, 1, 1, 3, 0, 1, 1, 1, 24, 25, 1, 26, 10, 15, 1, 1, 26, 1, 1, 1, 1, 1, 1, 1, 27, 1, 1, 1, 1, 28, 29, 30, 31, 0, 0, 0, 0, 0, 0, 0, 0, 0, 0, 0, 0, 0, 0, 0, 0, 0, 11, 25, 1, 18, 32, 25, 33, 1, 34, 21, 35, 36, 22, 0, 0, 1, 37, 0, 0, 0, 0, 0, 0, 0, 0, 0, 5, 0, 0, 0, 0, 1, 0, 0, 38, 0, 0, 0, 0, 0, 39, 1, 40, 1, 0, 0, 1, 1, 0, 38, 0, 1, 0, 26, 1, 0, 0, 0, 40, 0, 0, 26, 41, 0, 27, 42, 41, 42, 41, 41, 41, 1, 1, 35, 1, 1, 31, 1, 43, 1, 1, 1, 1, 1, 1, 1, 0, 44, 0, 1, 14, 0, 15, 0, 1, 43, 15, 1, 1, 1, 1, 1, 45, 1, 1, 1, 1, 1, 1, 1, 1, 1, 0, 46, 47, 1, 27, 1, 35, 1, 1, 32, 14, 0, 48, 1, 1, 1, 1, 49, 26, 19, 1, 1, 23, 1, 50, 50, 50, 39, 1, 1, 1, 1, 1, 1, 36, 1, 40, 0, 0, 51, 52, 53, 52, 1, 1, 0, 1, 0, 1, 1, 41, 1, 1, 1, 1, 1, 1, 54, 55, 1, 56, 1, 1, 1, 1, 1, 1, 1, 57, 58, 0, 1, 1, 1, 21, 1, 1, 1, 1, 1, 1, 1, 0, 59, 0, 0, 15, 1, 0, 0, 1, 1, 1, 1, 60, 1, 1, 1, 1, 1, 0, 1, 61, 1, 3, 0, 1, 1, 1, 1, 1, 1, 0, 62, 1, 0, 1, 1, 63, 0, 1, 0, 1, 64, 65, 55, 30, 36, 66, 1, 1, 0, 1, 1, 1, 1, 1, 67, 41, 0, 0, 0, 1, 0, 1, 0, 0, 68, 0, 0, 69, 70, 46, 47, 7, 29, 44, 71, 55, 55, 1, 1, 0, 72, 73, 0, 1, 1, 1, 0, 1, 1, 74, 0, 1, 1, 1, 45, 0, 0, 0, 1, 1, 1, 0, 75, 0, 0, 0, 1, 1, 49, 0, 1, 0, 0, 0, 1, 32, 0, 76, 76, 77, 47, 47, 0, 0, 0, 78, 0, 0, 4, 0, 0, 0, 0, 0, 0, 0, 0, 1, 23, 0, 50, 0, 1, 0, 2, 78, 0, 72, 0, 0, 1, 0, 0, 1, 79, 0, 0, 1, 49, 1, 23, 0, 0, 80, 81, 82, 83, 84, 1, 1, 3, 1, 1, 1, 7, 1, 0, 0, 0, 85, 3, 1, 0, 0, 86, 1, 1, 87, 1, 1, 39, 87, 87, 54, 88, 1, 54, 1, 89, 0, 1, 0, 88, 1, 1, 1, 1, 1, 1, 1, 1, 58, 88, 0, 2, 0, 0, 0, 0, 0, 0, 0, 0, 0, 0, 0, 0, 0, 0, 1, 0, 0, 0, 1, 0, 0, 0, 1, 1, 0, 0, 0, 0, 0, 0, 0, 0, 0, 0, 0, 0, 0, 0, 0, 0, 0, 1, 0, 1, 1, 0, 47, 1, 0, 0, 0, 90, 1, 1, 0, 0, 0, 0, 0, 0, 0, 0]"
jfreechart,7,seed7_solution019,seed7_solution019,0.25315678110709166626,0.014497312341419909751,3.8416050286121805613,0.54831789591087454205,0.25315678110709166626,-0.014497312341419909751,3.8416050286121805613,True,False,"[0, 1, 2, 3, 3, 0, 0, 1, 1, 1, 4, 1, 5, 5, 0, 1, 1, 4, 0, 1, 0, 0, 6, 1, 1, 1, 1, 5, 1, 1, 0, 0, 0, 1, 1, 1, 1, 0, 0, 0, 0, 1, 0, 1, 1, 0, 0, 1, 0, 1, 5, 1, 1, 4, 1, 6, 1, 1, 1, 1, 0, 6, 1, 7, 1, 1, 1, 8, 8, 9, 3, 1, 1, 10, 1, 9, 1, 11, 1, 8, 1, 8, 10, 1, 1, 1, 1, 10, 12, 11, 9, 13, 11, 1, 1, 1, 8, 1, 1, 1, 1, 1, 1, 1, 0, 1, 14, 1, 1, 0, 1, 1, 1, 1, 1, 1, 0, 0, 1, 1, 1, 12, 12, 1, 15, 13, 2, 1, 1, 14, 1, 1, 1, 1, 0, 1, 1, 16, 1, 1, 1, 1, 17, 18, 18, 16, 0, 0, 0, 0, 0, 0, 0, 0, 0, 0, 0, 2, 1, 0, 2, 0, 2, 19, 17, 1, 20, 17, 13, 6, 1, 11, 19, 20, 2, 1, 21, 3, 1, 22, 0, 0, 0, 0, 0, 0, 0, 0, 1, 23, 0, 0, 0, 0, 1, 0, 0, 11, 0, 0, 0, 0, 0, 24, 1, 25, 1, 0, 0, 26, 1, 0, 4, 15, 1, 0, 27, 1, 21, 0, 28, 22, 0, 0, 21, 13, 0, 29, 26, 27, 3, 22, 2, 27, 1, 1, 28, 1, 1, 21, 1, 27, 1, 1, 1, 1, 1, 1, 1, 0, 18, 1, 1, 28, 0, 27, 0, 1, 22, 3, 1, 1, 1, 1, 1, 30, 1, 1, 1, 1, 2, 9, 1, 1, 1, 0, 31, 32, 1, 19, 1, 3, 1, 1, 33, 18, 0, 34, 1, 1, 1, 1, 35, 26, 33, 1, 1, 36, 1, 35, 37, 34, 26, 1, 1, 1, 1, 1, 1, 38, 1, 39, 0, 0, 40, 30, 41, 28, 1, 1, 3, 1, 0, 1, 1, 26, 1, 1, 1, 1, 1, 1, 42, 42, 1, 28, 1, 1, 1, 1, 1, 1, 1, 43, 4, 0, 1, 15, 1, 33, 1, 1, 1, 1, 1, 1, 1, 0, 44, 0, 0, 45, 1, 0, 0, 1, 1, 1, 1, 36, 1, 1, 1, 1, 1, 0, 1, 1, 1, 3, 0, 1, 2, 1, 1, 1, 1, 0, 37, 1, 0, 1, 1, 46, 0, 1, 0, 1, 22, 39, 28, 37, 40, 36, 1, 1, 0, 1, 1, 1, 1, 1, 32, 47, 0, 0, 0, 1, 0, 1, 0, 0, 39, 0, 0, 48, 34, 40, 49, 6, 50, 49, 45, 51, 52, 1, 1, 0, 46, 37, 0, 1, 1, 1, 0, 1, 1, 53, 0, 1, 1, 1, 54, 0, 0, 0, 1, 1, 1, 0, 47, 0, 0, 0, 1, 1, 55, 0, 1, 0, 0, 0, 1, 30, 0, 43, 21, 35, 52, 49, 0, 0, 0, 0, 0, 0, 1, 0, 0, 0, 0, 0, 0, 0, 0, 1, 46, 0, 54, 0, 1, 0, 56, 0, 0, 40, 0, 0, 1, 0, 0, 1, 33, 0, 0, 1, 57, 1, 42, 0, 48, 51, 52, 44, 58, 0, 1, 1, 1, 1, 1, 1, 1, 1, 0, 0, 0, 47, 3, 1, 0, 0, 51, 1, 1, 25, 1, 1, 58, 53, 53, 48, 42, 1, 47, 1, 28, 0, 2, 0, 44, 1, 1, 1, 1, 1, 1, 1, 1, 59, 60, 0, 2, 0, 1, 0, 0, 0, 0, 0, 0, 0, 0, 0, 0, 0, 0, 1, 0, 0, 0, 1, 0, 0, 3, 1, 1, 0, 0, 0, 0, 0, 0, 0, 24, 0, 0, 0, 0, 0, 0, 0, 0, 0, 1, 0, 1, 1, 0, 51, 0, 0, 0, 0, 61, 1, 62, 0, 0, 0, 0, 0, 0, 3, 0]"
jfreechart,7,seed7_solution020,seed7_solution020,0.25336154528701110289,0.58068224987551464444,4.2870116161420872558,0.52156254845051452929,0.25336154528701110289,-0.58068224987551464444,4.2870116161420872558,True,False,"[0, 1, 2, 3, 3, 0, 0, 1, 1, 1, 4, 1, 5, 6, 1, 0, 1, 6, 0, 1, 0, 0, 7, 1, 1, 1, 1, 1, 1, 1, 0, 0, 0, 1, 1, 1, 1, 0, 0, 2, 0, 1, 0, 1, 1, 0, 0, 1, 0, 1, 7, 1, 1, 1, 1, 8, 1, 1, 1, 1, 0, 9, 1, 10, 1, 3, 1, 8, 8, 11, 8, 1, 1, 1, 1, 12, 1, 12, 1, 10, 1, 13, 8, 1, 1, 1, 1, 10, 14, 10, 15, 11, 16, 1, 1, 1, 12, 1, 1, 1, 1, 1, 1, 1, 0, 1, 17, 1, 1, 0, 0, 1, 1, 1, 1, 1, 0, 0, 1, 1, 1, 7, 18, 1, 18, 18, 19, 1, 1, 15, 1, 1, 1, 2, 1, 1, 1, 16, 1, 1, 1, 1, 20, 17, 16, 21, 0, 0, 0, 0, 0, 0, 0, 0, 0, 0, 0, 0, 0, 0, 0, 0, 0, 8, 18, 1, 19, 19, 19, 9, 1, 13, 22, 20, 2, 20, 0, 3, 1, 23, 0, 0, 0, 0, 0, 0, 0, 0, 0, 0, 0, 0, 1, 0, 1, 0, 0, 17, 0, 0, 0, 0, 0, 24, 1, 16, 1, 0, 0, 23, 1, 0, 4, 0, 1, 0, 25, 1, 0, 0, 0, 19, 0, 0, 26, 27, 20, 28, 28, 26, 28, 13, 2, 26, 1, 29, 26, 1, 1, 30, 1, 31, 1, 1, 1, 1, 1, 1, 1, 0, 32, 1, 3, 32, 0, 33, 0, 1, 34, 35, 1, 1, 1, 1, 1, 25, 1, 1, 1, 1, 2, 1, 1, 1, 1, 0, 31, 26, 1, 36, 1, 37, 1, 1, 38, 29, 0, 22, 1, 1, 1, 1, 28, 39, 3, 1, 1, 33, 1, 17, 40, 41, 42, 1, 1, 43, 1, 1, 1, 44, 25, 26, 3, 0, 45, 41, 46, 2, 1, 1, 0, 1, 0, 1, 1, 47, 1, 1, 1, 1, 1, 1, 30, 48, 1, 49, 1, 1, 1, 1, 1, 1, 1, 50, 34, 1, 1, 1, 1, 47, 1, 20, 1, 1, 1, 1, 1, 0, 51, 0, 0, 52, 1, 0, 0, 1, 1, 1, 1, 35, 1, 1, 1, 1, 1, 0, 1, 33, 1, 0, 0, 1, 1, 1, 3, 1, 1, 0, 0, 1, 0, 1, 1, 1, 0, 1, 0, 1, 49, 19, 53, 53, 54, 9, 1, 1, 0, 1, 1, 1, 1, 1, 28, 55, 0, 0, 0, 1, 0, 1, 0, 0, 56, 0, 0, 3, 44, 37, 57, 7, 58, 59, 37, 60, 36, 1, 1, 0, 61, 1, 0, 1, 1, 3, 0, 1, 1, 39, 0, 1, 1, 1, 1, 0, 0, 0, 1, 1, 1, 0, 43, 0, 0, 0, 1, 1, 40, 0, 1, 0, 0, 0, 1, 0, 0, 62, 16, 25, 36, 63, 0, 0, 0, 0, 0, 0, 1, 2, 0, 0, 0, 0, 0, 0, 0, 1, 41, 0, 64, 0, 1, 0, 65, 35, 0, 64, 0, 0, 1, 0, 0, 1, 38, 0, 0, 1, 0, 1, 42, 0, 66, 6, 3, 37, 67, 68, 1, 1, 1, 1, 1, 1, 1, 1, 0, 0, 0, 42, 69, 1, 0, 0, 46, 1, 1, 47, 1, 1, 70, 71, 2, 72, 46, 1, 73, 3, 47, 0, 2, 0, 38, 1, 1, 1, 1, 1, 1, 1, 1, 62, 1, 0, 0, 0, 0, 0, 0, 0, 3, 0, 0, 0, 0, 0, 0, 0, 0, 1, 2, 0, 0, 1, 0, 0, 0, 0, 1, 0, 0, 0, 0, 0, 0, 0, 0, 0, 2, 0, 0, 0, 3, 0, 0, 0, 1, 0, 1, 1, 0, 74, 0, 0, 0, 0, 75, 76, 76, 0, 0, 0, 0, 0, 0, 3, 0]"
jfreechart,7,seed7_solution022,seed7_solution022,0.2626783154733465242,0.023266741040915320249,3.600515253046454589,0.55702375799693093494,0.2626783154733465242,-0.023266741040915320249,3.600515253046454589,True,False,"[0, 1, 2, 3, 3, 0, 0, 1, 1, 1, 3, 1, 4, 4, 0, 1, 1, 4, 0, 1, 0, 0, 5, 1, 1, 1, 1, 4, 1, 1, 0, 0, 0, 1, 0, 1, 1, 0, 0, 2, 0, 1, 0, 1, 1, 0, 0, 1, 0, 1, 6, 1, 1, 5, 1, 6, 1, 1, 1, 1, 0, 6, 1, 7, 1, 1, 1, 8, 8, 9, 3, 1, 1, 1, 1, 10, 1, 11, 1, 8, 1, 8, 10, 1, 0, 1, 0, 10, 10, 12, 9, 13, 11, 1, 1, 1, 8, 1, 1, 1, 1, 1, 1, 1, 0, 1, 14, 1, 1, 0, 1, 1, 3, 1, 1, 1, 0, 0, 1, 1, 1, 12, 10, 1, 15, 14, 2, 1, 1, 13, 14, 1, 1, 2, 0, 1, 1, 13, 1, 1, 1, 1, 16, 17, 17, 18, 0, 0, 0, 0, 0, 0, 0, 0, 0, 0, 0, 2, 0, 0, 2, 0, 2, 17, 15, 1, 19, 16, 14, 6, 1, 19, 19, 20, 2, 1, 21, 3, 1, 20, 0, 0, 0, 0, 0, 0, 0, 0, 0, 22, 0, 0, 0, 0, 1, 0, 0, 23, 0, 0, 0, 0, 0, 24, 1, 25, 1, 0, 0, 26, 1, 0, 4, 15, 1, 0, 24, 1, 25, 0, 27, 20, 0, 0, 19, 14, 20, 2, 22, 28, 25, 23, 2, 28, 1, 1, 27, 1, 1, 19, 1, 29, 1, 1, 1, 1, 1, 29, 1, 0, 17, 1, 1, 27, 0, 28, 0, 1, 3, 3, 1, 1, 1, 1, 1, 30, 1, 1, 1, 1, 2, 1, 1, 1, 1, 0, 29, 31, 1, 17, 1, 3, 1, 1, 32, 16, 0, 33, 1, 1, 1, 1, 34, 32, 3, 1, 1, 28, 1, 31, 35, 32, 22, 1, 1, 1, 1, 1, 1, 36, 30, 28, 0, 0, 30, 30, 37, 27, 1, 1, 3, 1, 0, 1, 1, 22, 1, 1, 1, 1, 1, 1, 35, 35, 1, 27, 1, 1, 1, 1, 1, 1, 1, 27, 4, 1, 1, 1, 1, 32, 1, 1, 1, 1, 1, 1, 1, 0, 32, 0, 0, 38, 1, 0, 0, 1, 1, 1, 1, 37, 1, 1, 1, 1, 1, 0, 1, 1, 1, 3, 0, 1, 2, 1, 1, 1, 1, 0, 35, 1, 0, 1, 1, 39, 0, 1, 0, 1, 39, 40, 27, 33, 39, 37, 1, 1, 0, 1, 1, 1, 1, 1, 29, 41, 0, 0, 0, 1, 0, 1, 0, 0, 42, 0, 0, 43, 33, 37, 44, 1, 38, 44, 38, 45, 46, 1, 1, 0, 47, 1, 0, 1, 1, 1, 0, 1, 1, 48, 0, 1, 1, 1, 44, 0, 0, 0, 1, 1, 1, 0, 47, 0, 0, 0, 1, 1, 49, 0, 1, 0, 0, 1, 1, 30, 0, 44, 21, 31, 46, 44, 0, 0, 0, 0, 0, 0, 1, 2, 0, 0, 0, 0, 0, 0, 0, 1, 39, 3, 48, 0, 1, 0, 2, 0, 0, 48, 0, 0, 1, 0, 0, 1, 32, 0, 0, 1, 50, 1, 51, 0, 43, 45, 41, 43, 52, 0, 1, 1, 1, 1, 1, 1, 1, 1, 0, 0, 0, 40, 3, 1, 0, 0, 45, 1, 1, 25, 1, 1, 38, 47, 53, 48, 51, 1, 41, 1, 27, 0, 2, 0, 43, 1, 1, 1, 1, 1, 1, 1, 1, 54, 55, 0, 0, 0, 1, 0, 0, 0, 0, 0, 0, 0, 0, 0, 0, 0, 0, 1, 0, 0, 0, 1, 0, 3, 3, 1, 1, 0, 0, 0, 0, 0, 0, 0, 21, 0, 0, 0, 0, 0, 0, 0, 0, 0, 1, 0, 12, 1, 0, 45, 0, 0, 0, 0, 39, 1, 56, 0, 0, 0, 0, 0, 0, 3, 0]"
jfreechart,7,seed7_solution023,seed7_solution023,0.2676609105180533521,0.048827154839872127789,3.8298739895549500645,0.55239768524475063582,0.2676609105180533521,-0.048827154839872127789,3.8298739895549500645,True,False,"[0, 1, 2, 3, 3, 0, 0, 1, 1, 1, 4, 4, 5, 5, 0, 1, 1, 5, 0, 1, 0, 0, 6, 1, 1, 1, 1, 1, 1, 1, 0, 0, 0, 1, 1, 1, 1, 0, 0, 0, 0, 0, 0, 1, 1, 3, 0, 1, 0, 1, 5, 1, 1, 1, 1, 6, 1, 1, 1, 1, 0, 6, 1, 7, 1, 1, 1, 8, 8, 9, 3, 1, 1, 1, 1, 9, 1, 1, 1, 8, 1, 8, 10, 1, 1, 1, 1, 10, 10, 11, 9, 9, 12, 1, 1, 1, 8, 1, 1, 1, 1, 1, 1, 2, 0, 1, 13, 1, 1, 0, 1, 1, 1, 1, 1, 1, 0, 0, 1, 1, 1, 14, 14, 1, 15, 16, 17, 1, 1, 13, 1, 1, 1, 1, 0, 1, 1, 17, 1, 1, 1, 1, 18, 16, 19, 17, 0, 0, 0, 0, 0, 0, 0, 0, 0, 0, 0, 2, 0, 0, 2, 0, 0, 7, 18, 1, 20, 14, 16, 6, 1, 20, 11, 14, 2, 21, 0, 3, 1, 20, 0, 0, 0, 0, 0, 0, 0, 0, 1, 22, 0, 0, 0, 0, 1, 0, 0, 18, 0, 0, 0, 0, 0, 20, 1, 16, 1, 0, 0, 23, 1, 0, 5, 15, 1, 0, 23, 1, 24, 1, 0, 25, 0, 0, 26, 16, 0, 27, 28, 29, 3, 25, 2, 29, 1, 3, 30, 1, 1, 13, 1, 29, 1, 1, 1, 1, 1, 1, 1, 0, 21, 1, 1, 21, 0, 29, 3, 1, 31, 12, 1, 1, 1, 0, 1, 32, 1, 1, 1, 1, 2, 9, 1, 2, 1, 0, 33, 27, 1, 23, 1, 34, 1, 1, 32, 21, 0, 33, 1, 1, 1, 1, 35, 28, 36, 1, 1, 37, 1, 35, 36, 34, 33, 1, 1, 1, 1, 1, 1, 37, 1, 38, 0, 0, 37, 32, 31, 30, 1, 1, 3, 1, 0, 1, 1, 28, 1, 1, 1, 1, 1, 1, 34, 39, 1, 0, 1, 1, 1, 1, 1, 1, 1, 40, 25, 0, 1, 15, 1, 36, 1, 1, 1, 1, 1, 1, 1, 0, 38, 0, 0, 34, 1, 0, 0, 1, 1, 1, 1, 34, 1, 1, 1, 1, 1, 0, 1, 1, 1, 3, 0, 1, 2, 1, 1, 1, 1, 0, 41, 1, 0, 1, 1, 42, 0, 1, 0, 1, 25, 43, 30, 41, 44, 40, 1, 45, 0, 1, 1, 1, 1, 1, 43, 46, 0, 0, 0, 1, 0, 1, 0, 0, 43, 0, 0, 39, 34, 47, 48, 6, 49, 40, 34, 50, 47, 1, 1, 0, 51, 1, 0, 1, 3, 1, 0, 1, 1, 52, 0, 1, 1, 1, 53, 0, 0, 0, 1, 1, 1, 1, 54, 0, 0, 0, 1, 1, 47, 0, 1, 0, 0, 1, 1, 32, 0, 48, 24, 35, 3, 46, 0, 0, 0, 0, 0, 0, 1, 0, 0, 0, 0, 0, 0, 0, 0, 1, 51, 0, 53, 0, 1, 0, 50, 0, 0, 44, 0, 0, 1, 0, 0, 1, 21, 0, 0, 1, 39, 1, 39, 0, 55, 56, 57, 41, 58, 59, 1, 1, 1, 1, 1, 1, 1, 1, 0, 0, 0, 40, 3, 1, 0, 0, 60, 1, 1, 19, 1, 15, 61, 52, 52, 55, 42, 12, 54, 1, 56, 0, 2, 0, 57, 1, 1, 1, 1, 1, 1, 1, 1, 46, 1, 0, 2, 0, 1, 0, 0, 0, 0, 0, 0, 0, 0, 0, 0, 0, 0, 1, 0, 0, 0, 1, 0, 0, 3, 1, 1, 0, 0, 0, 0, 0, 0, 0, 1, 0, 0, 0, 0, 0, 0, 0, 0, 0, 1, 0, 7, 1, 0, 56, 0, 0, 0, 0, 62, 1, 1, 0, 0, 0, 0, 0, 0, 3, 0]"
jfreechart,7,seed7_solution024,seed7_solution024,0.28202853047573545053,2.1357938610130027257,4.3747526966586711694,0.53142594612173188473,0.28202853047573545053,-2.1357938610130027257,4.3747526966586711694,True,False,"[0, 1, 2, 3, 3, 0, 0, 1, 1, 1, 4, 1, 5, 4, 1, 1, 1, 6, 0, 1, 0, 0, 7, 1, 1, 1, 1, 7, 1, 1, 0, 0, 3, 1, 1, 1, 1, 0, 0, 0, 0, 0, 0, 1, 1, 0, 0, 1, 0, 1, 5, 1, 1, 1, 8, 9, 1, 1, 1, 1, 8, 10, 1, 11, 1, 1, 1, 10, 10, 12, 13, 1, 1, 14, 1, 12, 1, 15, 0, 13, 1, 15, 2, 1, 16, 1, 1, 17, 18, 11, 18, 11, 19, 1, 1, 1, 11, 1, 1, 1, 1, 1, 1, 1, 0, 1, 13, 1, 1, 0, 1, 1, 1, 1, 1, 1, 3, 0, 1, 1, 1, 20, 11, 1, 21, 22, 15, 1, 1, 22, 1, 0, 1, 1, 1, 1, 1, 23, 1, 1, 1, 1, 20, 24, 15, 25, 0, 0, 0, 0, 0, 0, 0, 0, 0, 0, 0, 0, 0, 0, 2, 0, 2, 22, 13, 1, 21, 26, 27, 28, 1, 15, 24, 24, 16, 1, 0, 0, 1, 19, 0, 0, 0, 0, 0, 0, 0, 0, 0, 5, 0, 0, 0, 0, 1, 0, 0, 29, 0, 0, 0, 3, 0, 30, 1, 31, 1, 0, 0, 1, 1, 0, 26, 0, 2, 0, 21, 1, 0, 0, 0, 31, 0, 0, 32, 33, 0, 32, 34, 35, 34, 35, 35, 32, 1, 3, 33, 1, 1, 36, 1, 27, 1, 1, 1, 1, 1, 1, 1, 0, 37, 0, 1, 29, 0, 15, 0, 1, 38, 22, 1, 1, 1, 1, 1, 39, 1, 1, 1, 1, 2, 1, 1, 1, 1, 0, 34, 40, 1, 23, 1, 36, 1, 1, 24, 13, 0, 41, 1, 1, 1, 1, 27, 40, 41, 1, 1, 42, 1, 43, 43, 43, 30, 1, 1, 41, 1, 1, 1, 44, 1, 31, 0, 0, 45, 45, 45, 2, 1, 1, 0, 1, 0, 1, 1, 1, 1, 1, 1, 1, 1, 1, 46, 47, 1, 48, 1, 1, 1, 1, 1, 1, 1, 49, 6, 0, 1, 1, 1, 47, 1, 1, 1, 1, 1, 1, 1, 0, 26, 0, 0, 15, 1, 0, 0, 1, 1, 1, 1, 50, 1, 1, 1, 1, 1, 0, 1, 48, 1, 3, 0, 1, 2, 1, 1, 1, 1, 0, 51, 1, 0, 1, 1, 52, 0, 1, 0, 1, 53, 50, 47, 54, 55, 42, 1, 1, 0, 1, 1, 1, 1, 1, 56, 35, 0, 0, 0, 1, 0, 1, 0, 0, 57, 0, 0, 58, 59, 60, 31, 61, 24, 37, 31, 57, 47, 1, 1, 0, 60, 62, 0, 1, 1, 50, 0, 1, 1, 59, 0, 1, 1, 1, 39, 0, 0, 0, 1, 1, 25, 0, 63, 0, 0, 0, 1, 1, 64, 0, 1, 0, 0, 0, 1, 0, 0, 62, 65, 66, 37, 1, 0, 0, 0, 67, 0, 0, 1, 0, 0, 0, 0, 0, 0, 0, 0, 1, 68, 0, 43, 0, 1, 0, 68, 67, 0, 64, 0, 0, 1, 0, 0, 1, 35, 0, 0, 1, 66, 1, 67, 0, 0, 69, 70, 71, 72, 0, 1, 1, 3, 1, 1, 1, 1, 1, 0, 0, 0, 62, 3, 56, 0, 0, 73, 1, 1, 74, 1, 1, 75, 74, 74, 37, 76, 1, 41, 3, 77, 0, 1, 0, 76, 1, 1, 1, 1, 1, 1, 1, 1, 66, 78, 0, 0, 0, 0, 0, 0, 0, 0, 0, 0, 0, 0, 0, 0, 0, 0, 1, 0, 0, 0, 1, 0, 0, 0, 1, 1, 0, 2, 0, 0, 0, 0, 0, 0, 0, 0, 0, 0, 0, 3, 0, 0, 0, 1, 0, 13, 1, 0, 79, 1, 0, 0, 0, 80, 1, 1, 0, 0, 0, 0, 0, 0, 0, 0]"
jfreechart,7,seed7_solution025,seed7_solution025,0.28598730462084498427,0.16803239957363524937,3.5245371617737855097,0.56100401821459100482,0.28598730462084498427,-0.16803239957363524937,3.5245371617737855097,True,False,"[0, 1, 2, 3, 3, 0, 0, 1, 1, 1, 4, 5, 6, 6, 0, 1, 1, 4, 0, 1, 0, 0, 6, 1, 1, 1, 1, 6, 1, 1, 0, 0, 0, 1, 1, 1, 1, 0, 0, 0, 0, 1, 0, 1, 1, 0, 0, 1, 0, 1, 4, 1, 1, 4, 1, 7, 1, 1, 1, 1, 0, 7, 1, 8, 1, 1, 1, 5, 5, 9, 3, 1, 1, 10, 1, 9, 1, 11, 1, 5, 1, 10, 5, 1, 1, 1, 1, 9, 12, 11, 13, 13, 14, 1, 1, 1, 5, 1, 1, 1, 1, 1, 1, 1, 0, 1, 15, 1, 1, 0, 1, 1, 1, 1, 1, 1, 0, 0, 1, 1, 1, 10, 12, 1, 12, 11, 2, 1, 1, 13, 1, 1, 1, 1, 0, 1, 1, 16, 1, 1, 1, 1, 17, 16, 16, 16, 0, 0, 0, 0, 0, 0, 0, 0, 0, 0, 0, 2, 1, 0, 2, 0, 2, 18, 17, 1, 19, 17, 17, 7, 1, 11, 20, 17, 17, 19, 0, 3, 1, 21, 0, 0, 0, 0, 0, 0, 0, 0, 1, 22, 0, 0, 0, 0, 1, 0, 0, 11, 0, 0, 0, 0, 0, 22, 1, 23, 1, 0, 0, 23, 1, 0, 7, 12, 1, 0, 24, 1, 22, 0, 0, 21, 0, 0, 22, 11, 0, 25, 26, 26, 3, 19, 2, 24, 1, 1, 27, 1, 1, 22, 1, 24, 1, 1, 1, 1, 1, 1, 1, 0, 16, 1, 1, 28, 0, 24, 3, 1, 21, 3, 1, 1, 1, 1, 1, 28, 1, 1, 1, 1, 2, 9, 1, 1, 1, 0, 29, 25, 1, 18, 1, 3, 1, 1, 29, 20, 0, 24, 1, 1, 1, 1, 30, 26, 31, 1, 1, 32, 1, 33, 34, 34, 26, 1, 1, 1, 1, 1, 1, 33, 1, 35, 0, 0, 36, 24, 37, 27, 1, 1, 3, 1, 0, 1, 1, 26, 1, 1, 1, 1, 1, 1, 38, 38, 1, 27, 1, 1, 1, 1, 1, 1, 1, 39, 32, 0, 1, 14, 1, 29, 1, 1, 1, 1, 1, 1, 1, 0, 40, 0, 0, 41, 1, 0, 0, 1, 1, 1, 1, 35, 1, 1, 1, 1, 1, 0, 1, 42, 1, 3, 0, 1, 2, 1, 1, 2, 1, 0, 34, 1, 0, 1, 1, 43, 0, 1, 0, 3, 21, 35, 27, 42, 38, 32, 1, 4, 0, 1, 1, 1, 1, 1, 30, 37, 0, 1, 0, 1, 0, 1, 0, 0, 35, 0, 0, 44, 34, 36, 38, 7, 45, 38, 41, 43, 46, 1, 1, 0, 36, 42, 0, 1, 3, 1, 0, 1, 1, 47, 0, 1, 1, 1, 48, 0, 0, 0, 1, 1, 1, 0, 46, 0, 0, 0, 1, 1, 49, 0, 1, 3, 0, 0, 1, 0, 0, 39, 46, 33, 45, 38, 0, 0, 0, 0, 0, 0, 1, 0, 0, 0, 0, 0, 0, 1, 0, 3, 43, 0, 48, 0, 1, 0, 50, 0, 0, 36, 0, 0, 1, 0, 0, 1, 29, 0, 0, 1, 51, 1, 42, 1, 44, 44, 52, 38, 52, 0, 1, 1, 1, 1, 1, 1, 8, 1, 0, 0, 0, 46, 3, 1, 0, 0, 47, 1, 1, 48, 1, 1, 53, 47, 45, 40, 42, 1, 37, 1, 27, 0, 2, 0, 49, 1, 1, 1, 1, 1, 1, 1, 1, 52, 47, 0, 2, 0, 1, 0, 0, 0, 3, 0, 0, 0, 0, 0, 0, 0, 0, 1, 2, 0, 0, 1, 0, 0, 3, 1, 1, 0, 0, 0, 0, 0, 0, 0, 54, 0, 0, 0, 0, 0, 0, 0, 0, 0, 1, 0, 1, 1, 0, 47, 0, 0, 0, 0, 55, 1, 50, 0, 0, 0, 0, 0, 0, 3, 0]"
jfreechart,7,seed7_solution026,seed7_solution026,0.29056037130571293892,1.9418614563062643885,3.9051272988263057151,0.55902320505308322751,0.29056037130571293892,-1.9418614563062643885,3.9051272988263057151,True,False,"[0, 1, 2, 3, 3, 0, 0, 1, 1, 1, 4, 4, 5, 6, 0, 0, 1, 4, 0, 1, 0, 0, 6, 1, 7, 1, 1, 6, 1, 1, 0, 0, 3, 1, 1, 1, 1, 0, 0, 2, 2, 0, 0, 1, 1, 0, 0, 3, 0, 1, 7, 1, 1, 1, 8, 9, 1, 1, 1, 1, 10, 11, 1, 6, 1, 3, 1, 7, 10, 12, 3, 1, 1, 1, 1, 13, 1, 1, 1, 12, 1, 13, 2, 1, 1, 1, 1, 10, 14, 15, 14, 16, 16, 1, 1, 1, 9, 1, 1, 1, 1, 1, 1, 1, 0, 1, 9, 1, 1, 0, 1, 1, 1, 1, 1, 1, 0, 0, 1, 1, 1, 11, 13, 1, 17, 18, 2, 1, 1, 16, 1, 1, 0, 2, 0, 1, 1, 16, 1, 1, 1, 1, 17, 19, 20, 20, 21, 0, 0, 0, 0, 0, 0, 0, 0, 0, 0, 0, 0, 0, 2, 0, 2, 22, 16, 3, 15, 1, 23, 22, 1, 24, 16, 17, 20, 25, 21, 3, 1, 2, 0, 0, 0, 0, 0, 0, 0, 0, 0, 26, 0, 0, 1, 0, 1, 0, 0, 15, 0, 0, 0, 0, 0, 21, 1, 22, 1, 0, 0, 27, 1, 0, 9, 2, 1, 0, 28, 1, 0, 1, 0, 19, 0, 0, 29, 29, 0, 2, 29, 28, 3, 26, 30, 29, 1, 1, 25, 1, 1, 3, 1, 21, 1, 1, 1, 1, 1, 1, 1, 2, 31, 1, 3, 31, 0, 23, 3, 1, 32, 3, 1, 1, 1, 0, 1, 32, 1, 1, 1, 1, 1, 1, 1, 1, 1, 0, 33, 11, 1, 24, 1, 3, 1, 1, 30, 34, 0, 35, 1, 1, 1, 1, 36, 35, 3, 1, 1, 37, 1, 38, 38, 38, 39, 3, 1, 1, 1, 1, 1, 40, 1, 37, 0, 0, 41, 42, 39, 2, 1, 1, 3, 1, 0, 1, 1, 1, 1, 1, 1, 1, 0, 1, 7, 42, 1, 31, 1, 1, 1, 1, 1, 1, 1, 28, 43, 1, 1, 1, 1, 37, 1, 1, 1, 1, 0, 1, 1, 0, 34, 0, 0, 42, 1, 0, 0, 1, 1, 1, 1, 42, 1, 1, 1, 1, 1, 0, 1, 44, 1, 3, 0, 1, 2, 1, 1, 1, 1, 0, 41, 1, 0, 1, 1, 45, 0, 1, 0, 1, 29, 19, 46, 37, 47, 48, 0, 1, 0, 1, 1, 1, 1, 1, 43, 49, 0, 1, 0, 1, 0, 1, 0, 0, 50, 0, 0, 3, 49, 47, 41, 7, 51, 52, 42, 53, 43, 1, 1, 0, 41, 1, 0, 1, 1, 1, 0, 1, 1, 39, 0, 1, 1, 1, 1, 0, 0, 0, 0, 1, 1, 0, 47, 0, 0, 0, 1, 1, 54, 0, 1, 0, 0, 1, 1, 0, 0, 55, 50, 5, 3, 5, 0, 0, 0, 0, 0, 0, 1, 0, 0, 0, 0, 0, 3, 1, 0, 1, 38, 0, 41, 0, 1, 0, 2, 0, 0, 47, 0, 0, 3, 0, 0, 1, 1, 0, 0, 1, 45, 1, 53, 1, 0, 56, 50, 47, 35, 0, 1, 1, 1, 1, 1, 1, 1, 1, 0, 0, 0, 57, 57, 1, 0, 0, 58, 1, 1, 56, 48, 1, 59, 60, 50, 61, 46, 1, 62, 1, 58, 0, 1, 0, 35, 1, 1, 1, 1, 1, 1, 1, 1, 49, 1, 0, 0, 0, 0, 0, 0, 0, 0, 0, 0, 0, 0, 0, 0, 0, 48, 1, 2, 0, 0, 1, 3, 0, 0, 1, 1, 0, 0, 0, 0, 0, 0, 0, 1, 0, 0, 0, 0, 0, 0, 0, 0, 0, 1, 0, 15, 63, 0, 28, 1, 0, 0, 0, 64, 1, 65, 0, 0, 0, 0, 0, 0, 0, 0]"
jfreechart,7,seed7_solution027,seed7_solution027,0.30110572657156509102,0.96373593474035434969,3.5457898563298151373,0.58551018465719173456,0.30110572657156509102,-0.96373593474035434969,3.5457898563298151373,True,False,"[0, 1, 2, 3, 3, 0, 0, 1, 1, 1, 4, 4, 5, 5, 1, 0, 1, 6, 0, 1, 0, 0, 7, 1, 1, 1, 1, 1, 1, 1, 0, 0, 0, 1, 0, 1, 0, 0, 0, 2, 2, 1, 0, 8, 1, 0, 0, 1, 0, 1, 6, 1, 1, 1, 1, 7, 1, 1, 1, 1, 0, 7, 1, 9, 1, 3, 1, 10, 10, 10, 11, 1, 1, 1, 3, 12, 1, 12, 1, 11, 1, 12, 2, 1, 9, 1, 0, 13, 14, 15, 14, 14, 15, 1, 1, 1, 11, 1, 1, 1, 1, 1, 1, 1, 0, 1, 11, 1, 1, 0, 0, 1, 3, 1, 1, 1, 0, 0, 1, 1, 1, 7, 16, 1, 16, 16, 2, 1, 1, 17, 1, 1, 1, 2, 1, 1, 1, 18, 1, 1, 1, 1, 17, 19, 17, 20, 0, 0, 0, 21, 3, 0, 0, 0, 0, 0, 0, 2, 0, 0, 2, 0, 0, 10, 16, 1, 22, 22, 22, 15, 1, 12, 18, 23, 22, 23, 0, 3, 1, 22, 0, 0, 0, 0, 3, 0, 0, 0, 0, 24, 0, 0, 1, 0, 1, 0, 0, 24, 0, 0, 0, 0, 0, 24, 1, 18, 1, 0, 0, 25, 1, 0, 5, 0, 1, 0, 26, 1, 27, 0, 0, 20, 0, 0, 28, 28, 23, 2, 28, 28, 27, 15, 2, 28, 1, 26, 28, 1, 1, 29, 1, 30, 1, 1, 1, 1, 1, 30, 1, 0, 31, 1, 3, 24, 0, 32, 3, 1, 3, 3, 1, 1, 1, 1, 1, 33, 1, 1, 1, 1, 2, 1, 1, 1, 1, 0, 30, 9, 1, 28, 1, 34, 1, 1, 35, 26, 0, 29, 1, 1, 1, 1, 34, 35, 3, 1, 1, 32, 1, 19, 36, 35, 21, 1, 1, 1, 1, 1, 1, 36, 33, 28, 3, 0, 33, 37, 38, 2, 1, 1, 0, 1, 0, 1, 1, 39, 0, 1, 1, 1, 1, 1, 40, 40, 1, 39, 1, 1, 1, 1, 1, 1, 1, 39, 41, 1, 1, 1, 1, 21, 1, 23, 1, 1, 1, 1, 1, 0, 35, 0, 0, 40, 1, 0, 0, 1, 1, 1, 1, 42, 1, 1, 1, 1, 1, 0, 1, 40, 1, 3, 0, 1, 1, 1, 1, 1, 1, 0, 0, 1, 0, 1, 1, 1, 0, 1, 0, 1, 39, 43, 8, 43, 36, 8, 1, 1, 0, 1, 1, 1, 1, 1, 34, 44, 0, 0, 0, 1, 0, 1, 0, 0, 39, 0, 0, 3, 36, 45, 44, 7, 38, 46, 42, 21, 44, 1, 1, 0, 47, 1, 0, 1, 3, 3, 0, 1, 1, 48, 0, 1, 1, 1, 1, 0, 0, 0, 1, 1, 1, 0, 49, 0, 0, 0, 1, 1, 50, 0, 1, 3, 0, 1, 1, 43, 0, 47, 15, 33, 44, 1, 0, 0, 0, 0, 0, 0, 1, 2, 0, 0, 0, 0, 0, 1, 0, 1, 51, 3, 42, 0, 1, 0, 2, 42, 0, 49, 0, 0, 1, 0, 0, 1, 1, 0, 0, 1, 0, 1, 52, 1, 52, 6, 3, 45, 53, 0, 1, 1, 3, 1, 1, 1, 7, 1, 0, 0, 0, 52, 3, 1, 0, 0, 50, 1, 1, 2, 54, 1, 21, 48, 2, 55, 56, 1, 56, 3, 57, 0, 2, 0, 46, 1, 1, 1, 1, 1, 1, 1, 1, 47, 1, 0, 0, 0, 1, 0, 0, 0, 3, 0, 0, 2, 0, 0, 0, 0, 0, 2, 2, 0, 0, 1, 0, 3, 3, 0, 1, 0, 0, 20, 0, 0, 0, 0, 1, 0, 2, 0, 0, 0, 0, 0, 0, 0, 1, 0, 1, 1, 0, 44, 0, 0, 0, 0, 39, 1, 1, 0, 0, 0, 0, 0, 0, 3, 0]"
jfreechart,7,seed7_solution028,seed7_solution028,0.30690737833594977646,2.2996565119291432211,3.799053238059584281,0.57402091118653530977,0.30690737833594977646,-2.2996565119291432211,3.799053238059584281,True,False,"[0, 1, 2, 3, 3, 0, 0, 1, 1, 1, 3, 4, 5, 6, 1, 0, 1, 4, 0, 1, 0, 0, 6, 1, 1, 1, 1, 7, 1, 1, 0, 0, 3, 1, 1, 1, 1, 0, 0, 2, 0, 0, 0, 1, 1, 0, 0, 1, 0, 1, 6, 1, 1, 1, 1, 7, 1, 1, 1, 1, 8, 8, 1, 9, 1, 3, 1, 10, 10, 11, 5, 1, 1, 12, 1, 13, 2, 12, 1, 10, 1, 12, 11, 1, 0, 1, 0, 14, 15, 16, 15, 14, 17, 1, 1, 1, 11, 1, 1, 1, 1, 1, 1, 1, 0, 1, 10, 1, 1, 0, 1, 1, 3, 1, 1, 1, 0, 2, 1, 1, 1, 14, 17, 1, 18, 14, 2, 1, 1, 14, 1, 1, 0, 1, 0, 1, 1, 19, 1, 1, 1, 1, 11, 18, 20, 19, 0, 0, 0, 0, 3, 0, 0, 0, 0, 0, 0, 0, 0, 0, 0, 0, 2, 12, 21, 1, 22, 17, 23, 19, 1, 24, 16, 25, 26, 18, 0, 3, 1, 27, 0, 0, 0, 0, 0, 0, 0, 0, 0, 0, 0, 0, 0, 0, 1, 0, 0, 28, 0, 0, 0, 0, 0, 29, 1, 20, 1, 0, 0, 27, 1, 0, 6, 2, 1, 0, 23, 1, 29, 0, 0, 30, 0, 0, 25, 28, 31, 2, 29, 32, 29, 24, 2, 28, 1, 3, 25, 1, 1, 29, 1, 33, 1, 1, 1, 1, 1, 30, 1, 0, 33, 1, 1, 34, 0, 28, 0, 1, 35, 21, 1, 1, 1, 1, 1, 32, 1, 1, 1, 1, 2, 1, 1, 1, 1, 0, 30, 36, 1, 27, 1, 3, 1, 1, 34, 33, 0, 37, 1, 1, 1, 1, 34, 35, 30, 1, 1, 37, 1, 28, 36, 0, 38, 3, 1, 39, 1, 1, 1, 25, 1, 34, 0, 0, 32, 37, 40, 2, 1, 1, 3, 1, 0, 1, 1, 41, 0, 1, 1, 1, 0, 1, 38, 42, 1, 41, 1, 1, 1, 1, 1, 1, 1, 24, 34, 1, 1, 1, 1, 42, 1, 1, 1, 1, 1, 1, 1, 0, 35, 0, 0, 43, 1, 0, 3, 1, 1, 1, 1, 38, 1, 1, 1, 1, 1, 0, 1, 40, 1, 3, 0, 1, 1, 1, 3, 2, 1, 0, 0, 1, 0, 1, 1, 1, 0, 1, 0, 1, 44, 45, 46, 41, 47, 40, 1, 1, 0, 1, 1, 1, 1, 1, 47, 48, 3, 1, 0, 1, 0, 1, 0, 0, 41, 0, 0, 3, 36, 48, 45, 1, 38, 49, 46, 42, 48, 1, 1, 0, 44, 49, 0, 1, 3, 3, 0, 1, 1, 50, 21, 1, 1, 1, 1, 0, 0, 0, 0, 1, 1, 0, 51, 0, 51, 0, 1, 1, 47, 0, 1, 0, 0, 0, 1, 0, 0, 52, 52, 53, 53, 1, 0, 0, 0, 0, 0, 0, 1, 2, 0, 0, 0, 0, 0, 0, 0, 3, 42, 0, 54, 0, 1, 0, 52, 0, 0, 50, 0, 0, 3, 0, 0, 1, 1, 0, 0, 1, 55, 1, 46, 1, 56, 53, 38, 47, 54, 0, 1, 1, 3, 1, 1, 1, 7, 1, 0, 0, 0, 56, 42, 1, 0, 0, 57, 1, 1, 58, 54, 1, 48, 59, 58, 57, 18, 1, 60, 3, 61, 0, 2, 0, 62, 1, 1, 1, 1, 1, 1, 1, 1, 62, 63, 0, 0, 0, 1, 0, 0, 0, 3, 0, 0, 2, 0, 0, 0, 3, 0, 1, 2, 0, 0, 1, 0, 0, 3, 0, 1, 0, 2, 0, 0, 0, 0, 0, 1, 0, 0, 0, 0, 0, 64, 0, 0, 0, 1, 0, 65, 1, 0, 64, 0, 0, 0, 0, 66, 1, 1, 0, 0, 0, 0, 0, 0, 3, 0]"
jfreechart,7,seed7_solution029,seed7_solution029,0.3114463176574978065,2.2996702832790023585,3.7888487421312531112,0.57648530009742782187,0.3114463176574978065,-2.2996702832790023585,3.7888487421312531112,True,False,"[0, 1, 2, 3, 3, 0, 0, 1, 1, 1, 3, 4, 5, 6, 1, 0, 1, 4, 0, 1, 0, 0, 6, 1, 1, 1, 1, 7, 1, 1, 0, 0, 3, 1, 1, 1, 1, 0, 0, 2, 0, 0, 0, 1, 1, 0, 0, 1, 0, 1, 6, 1, 1, 1, 1, 7, 1, 1, 1, 1, 8, 8, 1, 9, 1, 3, 1, 10, 10, 11, 5, 1, 1, 12, 1, 13, 2, 12, 1, 10, 1, 12, 11, 1, 0, 1, 0, 14, 15, 16, 15, 14, 17, 1, 1, 1, 11, 1, 1, 1, 1, 1, 1, 1, 0, 1, 10, 1, 1, 0, 1, 1, 3, 1, 1, 1, 0, 2, 1, 1, 1, 14, 17, 1, 18, 14, 2, 1, 1, 14, 1, 1, 0, 1, 0, 1, 1, 19, 1, 1, 1, 1, 11, 18, 20, 19, 0, 0, 0, 0, 3, 0, 0, 0, 0, 0, 0, 0, 0, 0, 0, 0, 2, 12, 21, 1, 22, 17, 23, 19, 1, 24, 16, 25, 26, 18, 0, 3, 1, 27, 0, 0, 0, 0, 0, 0, 0, 0, 0, 0, 0, 0, 0, 0, 1, 0, 0, 28, 0, 0, 0, 0, 0, 29, 1, 20, 1, 0, 0, 27, 1, 0, 6, 2, 1, 0, 23, 1, 29, 0, 0, 30, 0, 0, 25, 28, 31, 2, 29, 32, 29, 24, 2, 28, 1, 3, 25, 1, 1, 29, 1, 33, 1, 1, 1, 1, 1, 30, 1, 0, 33, 1, 1, 34, 0, 28, 0, 1, 35, 21, 1, 1, 1, 1, 1, 32, 1, 1, 1, 1, 2, 1, 1, 1, 1, 0, 30, 36, 1, 27, 1, 3, 1, 1, 34, 33, 0, 37, 1, 1, 1, 1, 34, 35, 30, 1, 1, 37, 1, 28, 36, 0, 38, 3, 1, 39, 1, 1, 1, 25, 1, 34, 0, 0, 32, 37, 40, 2, 1, 1, 3, 1, 0, 1, 1, 41, 0, 1, 1, 1, 0, 1, 38, 42, 1, 41, 1, 1, 1, 1, 1, 1, 1, 24, 34, 1, 1, 1, 1, 42, 1, 43, 1, 1, 1, 1, 1, 0, 35, 0, 0, 44, 1, 0, 3, 1, 1, 1, 1, 38, 1, 1, 1, 1, 1, 0, 1, 40, 1, 3, 0, 1, 1, 1, 3, 2, 1, 0, 0, 1, 0, 1, 1, 1, 0, 1, 0, 1, 45, 46, 47, 41, 48, 40, 1, 1, 0, 1, 1, 1, 1, 1, 48, 49, 3, 1, 0, 1, 0, 1, 0, 0, 41, 0, 0, 3, 36, 49, 46, 1, 38, 50, 47, 42, 49, 1, 1, 0, 45, 50, 0, 1, 3, 3, 0, 1, 1, 51, 21, 1, 1, 1, 1, 0, 0, 0, 0, 1, 1, 0, 52, 0, 52, 0, 1, 1, 48, 0, 1, 0, 0, 0, 1, 0, 0, 53, 53, 54, 54, 1, 0, 0, 0, 0, 0, 0, 1, 2, 0, 0, 0, 0, 0, 0, 0, 3, 42, 0, 55, 0, 1, 0, 53, 0, 0, 51, 0, 0, 3, 0, 0, 1, 1, 0, 0, 1, 56, 1, 47, 1, 57, 54, 38, 48, 55, 0, 1, 1, 3, 1, 1, 1, 7, 1, 0, 0, 0, 57, 42, 1, 0, 0, 58, 1, 1, 59, 55, 1, 49, 60, 59, 58, 18, 1, 61, 3, 62, 0, 2, 0, 63, 1, 1, 1, 1, 1, 1, 1, 1, 63, 43, 0, 0, 0, 1, 0, 0, 0, 3, 0, 0, 2, 0, 0, 0, 3, 0, 1, 2, 0, 0, 1, 0, 0, 3, 0, 1, 0, 2, 0, 0, 0, 0, 0, 1, 0, 0, 0, 0, 0, 64, 0, 0, 0, 1, 0, 65, 1, 0, 64, 0, 0, 0, 0, 66, 1, 1, 0, 0, 0, 0, 0, 0, 3, 0]"
jfreechart,7,seed7_solution031,seed7_solution031,0.32383455054262505479,2.4568191430796271213,3.74292976410811562,0.59482028324300917355,0.32383455054262505479,-2.4568191430796271213,3.74292976410811562,True,False,"[0, 1, 2, 3, 3, 0, 0, 1, 1, 1, 4, 4, 5, 5, 0, 0, 1, 5, 0, 1, 0, 0, 3, 1, 6, 1, 1, 1, 1, 1, 0, 0, 3, 1, 0, 1, 1, 0, 0, 0, 2, 1, 0, 0, 1, 0, 0, 3, 0, 1, 7, 1, 1, 1, 8, 9, 1, 1, 1, 1, 10, 9, 1, 8, 1, 3, 1, 8, 10, 11, 12, 1, 1, 1, 1, 12, 1, 1, 1, 10, 1, 12, 2, 1, 1, 1, 0, 10, 13, 14, 13, 14, 15, 1, 1, 1, 12, 1, 1, 1, 1, 1, 1, 1, 0, 1, 10, 1, 1, 0, 1, 1, 1, 1, 1, 1, 0, 0, 1, 1, 1, 16, 15, 1, 16, 17, 2, 1, 1, 2, 1, 1, 0, 2, 0, 1, 1, 15, 1, 1, 1, 1, 16, 18, 16, 19, 0, 0, 0, 0, 0, 0, 0, 0, 0, 0, 0, 2, 0, 0, 2, 0, 2, 20, 20, 3, 14, 1, 21, 19, 1, 22, 15, 16, 19, 23, 0, 3, 1, 2, 0, 0, 0, 0, 3, 0, 0, 0, 0, 24, 0, 0, 1, 0, 1, 0, 0, 19, 0, 0, 0, 0, 0, 25, 1, 21, 1, 25, 0, 26, 1, 0, 7, 2, 1, 0, 27, 1, 25, 1, 0, 22, 1, 0, 28, 0, 0, 2, 28, 23, 3, 24, 2, 28, 1, 1, 23, 1, 1, 3, 1, 25, 1, 1, 1, 1, 1, 1, 1, 2, 29, 1, 3, 30, 0, 21, 3, 1, 30, 3, 1, 1, 1, 0, 1, 30, 1, 1, 1, 1, 2, 1, 1, 2, 1, 0, 31, 9, 1, 22, 1, 3, 1, 1, 32, 33, 0, 34, 1, 1, 1, 1, 32, 33, 3, 1, 1, 34, 1, 35, 6, 35, 36, 3, 1, 1, 1, 1, 1, 0, 30, 37, 0, 0, 2, 38, 39, 40, 1, 1, 3, 1, 0, 1, 1, 1, 1, 1, 1, 1, 0, 1, 6, 41, 1, 0, 1, 1, 1, 1, 1, 1, 26, 27, 32, 0, 1, 1, 1, 37, 1, 15, 1, 1, 0, 1, 1, 0, 33, 0, 0, 38, 1, 0, 0, 1, 1, 1, 1, 38, 1, 1, 1, 1, 1, 0, 1, 36, 1, 3, 0, 1, 2, 1, 3, 1, 1, 0, 42, 1, 0, 1, 1, 1, 0, 1, 0, 3, 41, 43, 44, 3, 45, 39, 0, 1, 0, 1, 1, 0, 1, 1, 46, 47, 0, 1, 0, 1, 0, 1, 0, 0, 35, 0, 0, 3, 6, 45, 42, 1, 35, 48, 38, 38, 40, 1, 1, 0, 49, 1, 0, 2, 3, 1, 0, 1, 1, 42, 0, 1, 1, 1, 1, 0, 0, 0, 0, 1, 1, 1, 50, 0, 0, 0, 1, 1, 51, 0, 1, 3, 0, 1, 1, 52, 0, 51, 53, 54, 3, 54, 0, 0, 0, 0, 0, 2, 1, 0, 0, 0, 0, 0, 3, 0, 0, 3, 55, 3, 42, 0, 1, 0, 2, 0, 0, 56, 0, 0, 1, 0, 0, 1, 1, 0, 0, 1, 49, 1, 57, 1, 58, 7, 39, 45, 34, 59, 2, 1, 1, 1, 1, 1, 1, 1, 0, 0, 0, 60, 60, 1, 0, 0, 61, 1, 1, 62, 52, 1, 51, 63, 2, 62, 50, 1, 48, 1, 61, 0, 2, 3, 47, 1, 1, 1, 1, 1, 1, 1, 1, 47, 1, 0, 0, 0, 0, 0, 0, 0, 3, 0, 0, 0, 0, 0, 0, 0, 52, 2, 2, 0, 0, 1, 3, 3, 3, 0, 1, 0, 0, 0, 0, 0, 0, 0, 1, 0, 2, 0, 0, 0, 0, 0, 0, 0, 1, 0, 14, 1, 0, 61, 1, 0, 0, 0, 64, 1, 1, 0, 0, 0, 0, 0, 0, 0, 0]"
jfreechart,7,seed7_solution033,seed7_solution033,0.34096648692921982526,0.65772418090161999249,1.2684469945234426724,0.36509256588329819238,0.34096648692921982526,-0.65772418090161999249,1.2684469945234426724,True,True,"[0, 1, 2, 3, 3, 2, 2, 2, 2, 1, 2, 2, 4, 5, 4, 6, 2, 2, 2, 5, 0, 2, 7, 2, 1, 2, 0, 0, 1, 0, 0, 0, 0, 0, 0, 0, 0, 0, 0, 0, 0, 0, 0, 0, 0, 0, 0, 0, 0, 4, 0, 4, 0, 0, 4, 0, 4, 4, 6, 6, 6, 4, 4, 6, 4, 4, 4, 4, 4, 4, 4, 4, 4, 4, 4, 4, 4, 4, 4, 6, 4, 4, 4, 4, 4, 8, 8, 6, 4, 4, 4, 4, 4, 4, 4, 4, 4, 4, 4, 4, 4, 4, 4, 2, 2, 2, 2, 2, 2, 2, 2, 2, 2, 2, 2, 2, 2, 2, 2, 2, 2, 2, 6, 2, 2, 2, 2, 4, 2, 2, 4, 4, 4, 0, 0, 2, 4, 4, 4, 2, 2, 2, 9, 6, 6, 6, 2, 5, 2, 2, 2, 2, 2, 2, 1, 2, 2, 2, 2, 2, 10, 0, 0, 4, 4, 2, 2, 2, 2, 2, 5, 5, 6, 6, 0, 0, 5, 0, 2, 2, 2, 2, 2, 2, 2, 2, 2, 10, 1, 10, 10, 10, 10, 0, 5, 5, 4, 6, 10, 10, 10, 10, 10, 5, 5, 6, 1, 1, 10, 6, 10, 10, 6, 1, 1, 10, 6, 10, 10, 8, 5, 5, 5, 10, 6, 6, 6, 6, 6, 6, 6, 6, 6, 6, 6, 6, 2, 1, 0, 5, 0, 1, 4, 0, 0, 0, 0, 6, 4, 4, 4, 6, 0, 0, 0, 0, 5, 4, 4, 5, 0, 5, 0, 0, 2, 2, 1, 1, 1, 1, 1, 1, 0, 0, 0, 0, 0, 0, 0, 4, 1, 0, 0, 0, 4, 5, 11, 0, 0, 2, 6, 6, 6, 6, 6, 6, 6, 6, 6, 6, 6, 6, 6, 6, 6, 6, 6, 6, 5, 5, 5, 6, 6, 6, 12, 5, 5, 5, 2, 0, 5, 10, 11, 5, 5, 5, 5, 5, 5, 0, 5, 5, 5, 5, 5, 5, 5, 5, 5, 5, 5, 0, 5, 5, 5, 5, 10, 5, 5, 5, 5, 5, 5, 5, 10, 5, 4, 10, 5, 5, 5, 5, 10, 5, 5, 5, 5, 4, 5, 5, 5, 5, 10, 4, 5, 5, 5, 5, 5, 5, 4, 5, 5, 10, 5, 5, 0, 5, 5, 5, 5, 5, 4, 4, 5, 5, 5, 5, 13, 2, 2, 2, 2, 2, 2, 2, 2, 2, 2, 2, 2, 2, 5, 10, 1, 10, 1, 1, 1, 1, 1, 6, 14, 5, 10, 4, 5, 6, 15, 6, 16, 17, 1, 6, 5, 6, 6, 0, 0, 6, 0, 8, 8, 10, 11, 11, 11, 10, 11, 5, 11, 11, 11, 11, 11, 11, 1, 5, 4, 10, 4, 11, 11, 10, 10, 10, 10, 10, 11, 11, 10, 10, 4, 4, 4, 10, 6, 6, 6, 6, 11, 11, 11, 11, 11, 11, 11, 11, 10, 10, 10, 0, 11, 11, 11, 10, 11, 11, 11, 11, 11, 11, 8, 8, 11, 11, 11, 1, 8, 8, 8, 10, 8, 10, 6, 11, 11, 11, 11, 11, 18, 0, 19, 20, 21, 22, 6, 5, 11, 5, 11, 11, 11, 11, 11, 11, 11, 11, 10, 10, 11, 11, 5, 6, 4, 8, 8, 8, 8, 8, 8, 8, 8, 8, 8, 8, 8, 11, 11, 8, 8, 11, 11, 11, 8, 8, 8, 8, 11, 8, 8, 8, 8, 8, 8, 11, 11, 11, 11, 11, 11, 11, 11, 11, 11, 11, 11, 11, 6, 11, 11, 8, 11, 11, 11, 10, 8, 10, 11, 11, 11, 11, 10, 10, 8, 8, 8, 8, 10, 11, 4, 8, 8, 8, 10, 8, 8, 10, 10, 10, 8, 8, 8, 8, 10, 8, 8, 10, 8, 8, 8, 8, 8, 8, 8]"
jfreechart,7,seed7_solution034,seed7_solution034,0.3461197187905262207,0.83582751290241652509,1.0250904065596768699,0.36126458345255507698,0.3461197187905262207,-0.83582751290241652509,1.0250904065596768699,True,False,"[0, 1, 2, 3, 3, 2, 2, 2, 2, 1, 2, 2, 4, 5, 4, 6, 2, 2, 2, 5, 0, 2, 7, 2, 1, 2, 0, 0, 1, 0, 0, 0, 0, 0, 0, 0, 0, 0, 0, 0, 0, 0, 0, 0, 0, 0, 0, 0, 0, 4, 0, 4, 0, 0, 4, 0, 4, 4, 6, 6, 6, 4, 4, 6, 4, 4, 4, 4, 4, 4, 4, 4, 4, 4, 4, 4, 4, 4, 4, 6, 4, 4, 4, 4, 4, 8, 8, 6, 4, 4, 4, 4, 4, 4, 4, 4, 4, 4, 4, 4, 4, 4, 4, 2, 2, 2, 2, 2, 2, 2, 2, 2, 2, 2, 2, 2, 2, 2, 2, 2, 2, 2, 6, 2, 2, 2, 2, 4, 2, 2, 4, 4, 4, 0, 0, 2, 4, 4, 4, 2, 2, 2, 6, 6, 6, 6, 2, 5, 2, 2, 2, 2, 2, 2, 1, 2, 2, 2, 2, 2, 9, 0, 0, 4, 4, 2, 2, 2, 2, 2, 5, 5, 6, 6, 0, 0, 5, 0, 2, 2, 2, 2, 2, 2, 2, 2, 2, 9, 1, 9, 9, 9, 9, 0, 5, 5, 4, 6, 9, 9, 9, 9, 9, 5, 6, 6, 1, 1, 9, 6, 9, 9, 6, 1, 1, 9, 6, 9, 9, 8, 5, 5, 5, 9, 6, 6, 6, 6, 6, 6, 6, 6, 6, 6, 6, 6, 2, 1, 0, 5, 0, 1, 4, 0, 0, 0, 0, 6, 4, 4, 4, 6, 0, 0, 0, 0, 5, 0, 4, 5, 0, 5, 0, 0, 2, 2, 1, 1, 1, 1, 1, 1, 0, 0, 0, 0, 0, 0, 0, 4, 1, 0, 0, 0, 4, 5, 10, 0, 0, 2, 6, 6, 6, 6, 6, 6, 6, 6, 6, 6, 6, 6, 6, 6, 6, 6, 6, 6, 5, 5, 5, 6, 6, 6, 11, 5, 5, 5, 2, 0, 5, 9, 10, 5, 5, 5, 5, 5, 5, 0, 5, 5, 5, 5, 5, 5, 5, 5, 5, 5, 5, 0, 5, 5, 5, 5, 9, 5, 5, 5, 5, 5, 5, 5, 9, 5, 4, 9, 5, 5, 5, 5, 9, 5, 5, 5, 5, 4, 5, 5, 5, 5, 9, 4, 5, 5, 5, 5, 5, 5, 4, 5, 5, 9, 5, 5, 0, 5, 5, 5, 5, 5, 4, 4, 5, 5, 5, 5, 12, 2, 2, 2, 2, 2, 2, 2, 2, 2, 2, 2, 2, 2, 5, 9, 1, 9, 1, 1, 1, 1, 1, 6, 12, 5, 9, 4, 5, 6, 13, 6, 14, 14, 1, 6, 5, 6, 6, 0, 0, 6, 0, 8, 8, 9, 10, 10, 10, 9, 10, 5, 10, 10, 10, 10, 10, 10, 1, 5, 4, 9, 4, 10, 10, 9, 9, 9, 9, 9, 10, 10, 9, 9, 4, 4, 4, 9, 6, 6, 6, 6, 10, 10, 10, 10, 10, 10, 10, 10, 9, 9, 9, 0, 10, 10, 10, 9, 10, 10, 10, 10, 10, 10, 8, 8, 10, 10, 10, 1, 8, 8, 8, 9, 8, 9, 6, 10, 10, 10, 10, 10, 15, 16, 8, 0, 17, 15, 6, 5, 10, 5, 10, 10, 10, 10, 10, 10, 10, 10, 9, 9, 10, 10, 5, 6, 4, 8, 8, 8, 8, 8, 8, 8, 8, 8, 8, 8, 8, 10, 10, 8, 8, 10, 10, 10, 8, 8, 8, 8, 10, 8, 8, 8, 8, 8, 8, 10, 10, 10, 10, 10, 10, 10, 10, 10, 10, 10, 10, 10, 6, 10, 10, 8, 10, 10, 10, 9, 8, 9, 10, 10, 10, 10, 9, 9, 8, 8, 8, 8, 9, 10, 4, 8, 8, 8, 9, 8, 8, 9, 9, 9, 8, 8, 8, 8, 9, 8, 8, 9, 8, 8, 8, 8, 8, 8, 8]"
jfreechart,7,seed7_solution035,seed7_solution035,0.35581188997338064617,0.84080777782268090181,1.0155526882907284225,0.37375137429460969507,0.35581188997338064617,-0.84080777782268090181,1.0155526882907284225,True,False,"[0, 1, 2, 3, 3, 2, 2, 2, 2, 1, 2, 2, 4, 5, 4, 6, 2, 2, 2, 5, 0, 2, 7, 2, 1, 2, 0, 0, 1, 0, 0, 0, 0, 0, 0, 0, 0, 0, 0, 0, 0, 0, 0, 0, 0, 0, 0, 0, 0, 4, 0, 4, 0, 0, 4, 0, 4, 4, 6, 6, 6, 4, 4, 6, 4, 4, 4, 4, 4, 4, 4, 4, 4, 4, 4, 4, 4, 4, 4, 6, 4, 4, 4, 4, 4, 8, 8, 6, 4, 4, 4, 4, 4, 4, 4, 4, 4, 4, 4, 4, 4, 4, 4, 2, 2, 2, 2, 2, 2, 2, 2, 2, 2, 2, 2, 2, 2, 2, 2, 2, 2, 2, 6, 2, 2, 2, 2, 4, 2, 2, 4, 4, 4, 0, 0, 2, 4, 4, 4, 2, 2, 2, 6, 6, 6, 6, 2, 5, 2, 2, 2, 2, 2, 2, 1, 2, 2, 2, 2, 2, 9, 0, 0, 4, 4, 2, 2, 2, 2, 2, 5, 5, 6, 6, 0, 0, 5, 10, 2, 2, 2, 2, 2, 2, 2, 2, 2, 9, 1, 9, 9, 9, 9, 0, 5, 5, 4, 6, 9, 9, 9, 9, 9, 5, 6, 6, 1, 1, 9, 6, 9, 9, 6, 8, 1, 9, 6, 9, 9, 8, 5, 5, 5, 9, 6, 6, 6, 6, 6, 6, 6, 6, 6, 6, 6, 6, 2, 1, 0, 5, 0, 1, 4, 0, 0, 0, 0, 6, 4, 4, 4, 6, 0, 0, 0, 0, 5, 0, 4, 5, 0, 5, 0, 0, 2, 2, 1, 1, 1, 1, 1, 1, 0, 0, 0, 0, 0, 0, 0, 4, 1, 0, 0, 0, 4, 5, 11, 0, 0, 2, 6, 6, 6, 6, 6, 6, 6, 6, 6, 6, 6, 6, 6, 6, 6, 6, 6, 6, 5, 5, 5, 6, 6, 6, 12, 5, 5, 5, 2, 0, 5, 9, 11, 5, 5, 5, 5, 5, 5, 0, 5, 5, 5, 5, 5, 5, 5, 5, 5, 5, 5, 0, 5, 5, 5, 13, 9, 5, 2, 5, 5, 5, 5, 5, 9, 5, 4, 9, 5, 5, 5, 5, 9, 5, 5, 5, 5, 4, 5, 5, 5, 5, 9, 4, 5, 5, 5, 5, 5, 5, 4, 5, 5, 9, 5, 5, 0, 5, 5, 5, 5, 5, 4, 4, 14, 5, 5, 5, 14, 2, 2, 2, 2, 2, 2, 2, 2, 2, 2, 2, 2, 2, 5, 9, 1, 9, 1, 1, 1, 1, 1, 6, 15, 5, 9, 4, 5, 6, 15, 6, 10, 16, 1, 6, 5, 6, 6, 0, 0, 6, 0, 8, 8, 9, 11, 11, 11, 9, 11, 5, 11, 11, 11, 11, 11, 11, 1, 5, 4, 9, 4, 11, 11, 9, 9, 9, 9, 9, 11, 11, 9, 9, 4, 4, 4, 9, 6, 6, 6, 6, 11, 11, 11, 11, 11, 11, 11, 11, 9, 9, 9, 0, 11, 11, 11, 9, 11, 11, 11, 11, 11, 11, 8, 8, 11, 11, 11, 1, 8, 8, 8, 9, 8, 9, 6, 11, 11, 11, 11, 11, 10, 10, 8, 0, 17, 13, 6, 5, 11, 5, 11, 11, 11, 11, 11, 11, 11, 11, 9, 9, 11, 11, 5, 6, 4, 8, 8, 8, 8, 8, 8, 8, 8, 8, 8, 8, 8, 11, 11, 8, 8, 11, 11, 11, 8, 8, 8, 8, 11, 8, 8, 8, 8, 8, 8, 11, 11, 11, 11, 11, 11, 11, 11, 11, 11, 11, 11, 11, 6, 11, 11, 8, 11, 11, 11, 9, 8, 9, 11, 11, 11, 11, 9, 9, 8, 8, 8, 8, 9, 11, 4, 8, 8, 8, 9, 8, 8, 9, 9, 9, 8, 8, 8, 8, 9, 8, 8, 9, 8, 8, 8, 8, 8, 8, 8]"
jfreechart,7,seed7_solution036,seed7_solution036,0.35946351784861102496,0.82921107671191329747,1.0137048363281051522,0.37528479744371778803,0.35946351784861102496,-0.82921107671191329747,1.0137048363281051522,True,False,"[0, 1, 2, 3, 3, 2, 2, 2, 2, 1, 2, 2, 4, 5, 4, 6, 2, 2, 2, 5, 0, 2, 7, 2, 1, 2, 0, 0, 1, 0, 0, 0, 0, 0, 0, 0, 0, 0, 0, 0, 0, 0, 0, 0, 0, 0, 0, 0, 0, 4, 0, 4, 0, 0, 4, 0, 4, 4, 6, 6, 6, 4, 4, 6, 4, 4, 4, 4, 4, 4, 4, 4, 4, 4, 4, 4, 4, 4, 4, 6, 4, 4, 4, 4, 4, 8, 8, 6, 4, 4, 4, 4, 4, 4, 4, 4, 4, 4, 4, 4, 4, 4, 4, 2, 2, 2, 2, 2, 2, 2, 2, 2, 2, 2, 2, 2, 2, 2, 2, 2, 2, 2, 6, 2, 2, 2, 2, 4, 2, 2, 4, 4, 4, 0, 0, 2, 4, 4, 4, 2, 2, 2, 6, 6, 6, 6, 2, 5, 2, 2, 2, 2, 2, 2, 1, 2, 2, 2, 2, 2, 9, 0, 0, 4, 4, 2, 2, 2, 2, 2, 5, 5, 6, 6, 0, 0, 5, 10, 2, 2, 2, 2, 2, 2, 2, 2, 2, 9, 1, 9, 9, 9, 9, 0, 5, 5, 4, 6, 9, 9, 9, 9, 9, 5, 6, 6, 1, 1, 9, 6, 9, 9, 6, 8, 1, 9, 6, 9, 9, 8, 5, 5, 5, 9, 6, 6, 6, 6, 6, 6, 6, 6, 6, 6, 6, 6, 2, 1, 0, 5, 0, 1, 4, 0, 0, 0, 0, 6, 4, 4, 4, 1, 0, 0, 0, 0, 5, 0, 4, 5, 0, 5, 0, 0, 2, 2, 1, 1, 1, 1, 1, 1, 0, 0, 0, 0, 0, 0, 0, 4, 1, 0, 0, 0, 4, 5, 11, 0, 0, 2, 6, 6, 6, 6, 6, 6, 6, 6, 6, 6, 6, 6, 6, 6, 6, 6, 6, 6, 5, 5, 5, 6, 6, 6, 12, 5, 5, 5, 2, 0, 5, 9, 11, 5, 5, 5, 5, 5, 5, 0, 5, 5, 5, 5, 5, 5, 5, 5, 5, 5, 5, 0, 5, 5, 5, 13, 9, 5, 2, 5, 5, 5, 5, 5, 9, 5, 4, 9, 5, 5, 5, 5, 9, 5, 5, 5, 5, 4, 5, 5, 5, 5, 9, 4, 5, 5, 5, 5, 5, 5, 4, 5, 5, 9, 5, 5, 0, 5, 5, 5, 5, 5, 4, 4, 14, 5, 5, 5, 14, 2, 2, 2, 2, 2, 2, 2, 2, 2, 2, 2, 2, 2, 5, 9, 1, 9, 1, 1, 1, 1, 1, 6, 15, 5, 9, 4, 5, 6, 15, 6, 10, 16, 1, 6, 5, 6, 6, 0, 0, 6, 0, 8, 8, 9, 11, 11, 11, 9, 11, 5, 11, 11, 11, 11, 11, 11, 1, 5, 4, 9, 4, 11, 11, 9, 9, 9, 9, 9, 11, 11, 9, 9, 4, 4, 4, 9, 6, 6, 6, 6, 11, 11, 11, 11, 11, 11, 11, 11, 9, 9, 9, 0, 11, 11, 11, 9, 11, 11, 11, 11, 11, 11, 8, 8, 11, 11, 11, 1, 8, 8, 8, 9, 8, 9, 6, 11, 11, 11, 11, 11, 10, 10, 8, 0, 17, 13, 6, 5, 11, 5, 11, 11, 11, 11, 11, 11, 11, 11, 9, 9, 11, 11, 5, 6, 4, 8, 8, 8, 8, 8, 8, 8, 8, 8, 8, 8, 8, 11, 11, 8, 8, 11, 11, 11, 8, 8, 8, 8, 11, 8, 8, 8, 8, 8, 8, 11, 11, 11, 11, 11, 11, 11, 11, 11, 11, 11, 11, 11, 6, 11, 11, 8, 11, 11, 11, 9, 8, 9, 11, 11, 11, 11, 9, 9, 8, 8, 8, 8, 9, 11, 4, 8, 8, 8, 9, 8, 8, 9, 9, 9, 8, 8, 8, 8, 9, 8, 8, 9, 8, 8, 8, 8, 8, 8, 8]"
jfreechart,7,seed7_solution037,seed7_solution037,0.36741519350215001705,1.1103311183702586629,3.6102481559836703262,0.60706944816350860705,0.36741519350215001705,-1.1103311183702586629,3.6102481559836703262,True,False,"[0, 1, 2, 3, 3, 0, 0, 1, 1, 1, 3, 4, 4, 5, 0, 0, 1, 5, 0, 1, 0, 0, 6, 1, 1, 1, 1, 1, 1, 1, 0, 0, 3, 1, 0, 1, 1, 0, 0, 2, 0, 1, 0, 1, 1, 0, 0, 1, 0, 1, 6, 1, 1, 1, 2, 7, 1, 1, 1, 1, 0, 8, 1, 9, 1, 3, 1, 10, 10, 11, 12, 1, 1, 1, 3, 12, 2, 13, 1, 10, 1, 12, 2, 1, 0, 1, 0, 9, 14, 15, 14, 16, 17, 1, 1, 1, 10, 1, 1, 1, 1, 1, 1, 1, 0, 1, 10, 1, 1, 0, 1, 1, 3, 1, 1, 1, 0, 0, 1, 1, 1, 18, 16, 1, 19, 16, 2, 1, 1, 16, 14, 1, 0, 2, 0, 1, 1, 17, 1, 1, 1, 1, 18, 19, 18, 20, 0, 0, 0, 0, 3, 0, 0, 0, 0, 0, 0, 2, 0, 0, 2, 0, 2, 9, 17, 1, 21, 18, 20, 20, 1, 21, 17, 22, 20, 22, 0, 3, 1, 23, 0, 0, 0, 0, 0, 0, 0, 0, 0, 24, 0, 0, 0, 0, 1, 0, 0, 24, 0, 0, 0, 0, 0, 25, 1, 26, 1, 0, 0, 27, 1, 0, 6, 2, 1, 0, 28, 1, 25, 0, 0, 21, 0, 0, 29, 29, 22, 2, 29, 29, 25, 20, 2, 30, 1, 3, 29, 1, 1, 31, 1, 32, 1, 1, 1, 1, 1, 32, 1, 0, 33, 1, 3, 34, 0, 30, 3, 1, 3, 3, 1, 1, 1, 1, 1, 34, 1, 1, 1, 1, 2, 1, 1, 1, 1, 0, 32, 8, 1, 27, 1, 3, 1, 1, 35, 33, 0, 30, 1, 1, 1, 1, 35, 36, 3, 1, 1, 30, 1, 24, 37, 36, 38, 3, 1, 1, 1, 1, 1, 36, 34, 30, 3, 0, 34, 39, 40, 2, 1, 1, 3, 1, 0, 1, 1, 41, 0, 1, 1, 1, 0, 1, 37, 42, 1, 41, 1, 1, 1, 1, 1, 1, 0, 28, 40, 1, 1, 1, 1, 43, 1, 17, 1, 1, 1, 1, 1, 0, 36, 0, 0, 44, 1, 0, 0, 1, 1, 1, 1, 44, 1, 1, 1, 1, 1, 0, 1, 42, 1, 3, 0, 1, 2, 1, 3, 2, 1, 0, 0, 1, 0, 1, 1, 1, 0, 45, 0, 3, 46, 47, 48, 47, 49, 40, 1, 5, 0, 1, 1, 1, 1, 1, 49, 50, 3, 1, 0, 1, 0, 1, 0, 0, 41, 0, 0, 3, 37, 49, 51, 1, 40, 52, 44, 53, 49, 1, 1, 0, 54, 1, 0, 2, 3, 3, 0, 1, 1, 51, 0, 1, 1, 1, 1, 0, 0, 0, 0, 1, 1, 0, 53, 0, 0, 0, 1, 1, 54, 0, 1, 3, 0, 1, 1, 0, 0, 54, 52, 34, 55, 1, 0, 0, 0, 0, 0, 0, 56, 2, 0, 0, 0, 0, 0, 1, 0, 3, 53, 3, 51, 0, 1, 0, 2, 0, 0, 51, 0, 0, 1, 0, 0, 1, 1, 0, 0, 1, 57, 1, 58, 1, 58, 6, 40, 49, 59, 0, 1, 1, 3, 1, 1, 1, 7, 1, 0, 0, 0, 58, 3, 1, 0, 0, 60, 1, 1, 61, 56, 1, 50, 43, 55, 61, 62, 1, 59, 3, 60, 0, 2, 0, 63, 1, 1, 1, 1, 1, 1, 1, 1, 54, 1, 0, 0, 0, 1, 0, 0, 0, 3, 0, 0, 0, 0, 0, 0, 3, 0, 2, 2, 0, 0, 1, 3, 3, 3, 0, 1, 0, 2, 0, 0, 0, 0, 0, 1, 0, 2, 0, 0, 0, 3, 0, 0, 0, 1, 0, 15, 1, 0, 60, 0, 0, 0, 0, 46, 1, 1, 0, 0, 0, 0, 0, 0, 3, 0]"
jfreechart,7,seed7_solution038,seed7_solution038,0.37632243532864650959,0.89050557719731371353,0.99799414426369459363,0.3865585328764937767,0.37632243532864650959,-0.89050557719731371353,0.99799414426369459363,True,False,"[0, 1, 2, 3, 3, 2, 2, 2, 2, 1, 2, 2, 4, 5, 4, 6, 2, 2, 7, 5, 0, 2, 8, 2, 1, 2, 0, 0, 1, 0, 0, 0, 0, 0, 0, 0, 0, 0, 0, 0, 0, 0, 0, 0, 0, 0, 0, 0, 0, 4, 0, 4, 0, 0, 4, 0, 4, 4, 6, 6, 6, 4, 4, 6, 4, 4, 4, 4, 4, 4, 4, 4, 4, 4, 4, 4, 4, 4, 4, 6, 4, 4, 4, 4, 4, 7, 7, 6, 4, 4, 4, 4, 4, 4, 4, 4, 4, 4, 4, 4, 4, 4, 4, 2, 2, 2, 2, 2, 2, 2, 2, 2, 2, 2, 2, 2, 2, 2, 2, 2, 2, 2, 6, 2, 2, 2, 2, 4, 2, 2, 4, 4, 4, 0, 0, 2, 4, 4, 4, 2, 2, 2, 6, 6, 6, 6, 2, 5, 2, 2, 2, 2, 2, 2, 1, 2, 2, 2, 2, 2, 9, 0, 0, 4, 4, 2, 2, 2, 2, 2, 5, 5, 6, 6, 0, 0, 5, 0, 2, 2, 2, 2, 2, 2, 2, 2, 2, 9, 1, 9, 9, 9, 9, 0, 5, 5, 4, 6, 9, 9, 10, 9, 9, 5, 5, 6, 1, 1, 9, 6, 9, 10, 6, 1, 1, 9, 6, 9, 9, 7, 5, 5, 5, 9, 6, 6, 6, 6, 6, 6, 6, 6, 6, 6, 6, 11, 2, 1, 0, 5, 0, 1, 4, 0, 0, 0, 0, 6, 4, 4, 4, 6, 0, 0, 0, 0, 5, 0, 4, 5, 0, 5, 0, 0, 2, 2, 1, 1, 1, 1, 1, 1, 0, 0, 0, 0, 0, 0, 0, 4, 1, 0, 0, 0, 4, 5, 10, 0, 0, 2, 6, 6, 6, 6, 6, 6, 6, 6, 6, 6, 6, 6, 6, 6, 6, 6, 6, 6, 5, 5, 5, 6, 6, 6, 12, 5, 5, 5, 2, 0, 5, 10, 10, 5, 5, 5, 5, 5, 5, 0, 5, 5, 5, 5, 5, 5, 5, 5, 5, 5, 5, 0, 5, 5, 5, 5, 10, 5, 5, 5, 5, 5, 5, 5, 9, 5, 4, 9, 5, 5, 5, 5, 9, 5, 5, 5, 5, 4, 5, 5, 5, 5, 10, 4, 5, 5, 5, 5, 5, 5, 4, 5, 5, 9, 5, 5, 0, 5, 5, 5, 5, 5, 4, 4, 5, 5, 5, 5, 13, 2, 2, 2, 2, 2, 2, 2, 2, 2, 2, 2, 2, 2, 5, 9, 1, 9, 1, 1, 1, 1, 1, 6, 13, 5, 9, 4, 5, 6, 14, 6, 15, 16, 1, 6, 5, 6, 6, 0, 0, 6, 0, 7, 7, 9, 10, 10, 10, 10, 10, 5, 10, 10, 10, 12, 10, 10, 1, 5, 4, 9, 4, 10, 10, 10, 9, 9, 9, 9, 10, 10, 9, 9, 4, 4, 4, 9, 6, 6, 6, 6, 10, 10, 10, 10, 12, 10, 13, 12, 9, 9, 9, 0, 10, 10, 13, 10, 10, 10, 10, 12, 13, 10, 7, 7, 10, 10, 10, 1, 7, 7, 7, 9, 7, 9, 6, 10, 13, 10, 10, 10, 11, 11, 11, 0, 17, 16, 6, 5, 10, 5, 10, 10, 10, 10, 10, 10, 10, 10, 9, 9, 10, 10, 5, 6, 4, 7, 7, 7, 7, 7, 7, 7, 7, 7, 7, 7, 7, 10, 10, 7, 7, 10, 10, 10, 7, 7, 7, 7, 10, 7, 7, 7, 7, 7, 7, 10, 10, 10, 13, 10, 10, 10, 10, 10, 12, 10, 10, 10, 6, 10, 10, 7, 10, 10, 10, 9, 7, 9, 10, 10, 10, 10, 9, 9, 7, 7, 7, 7, 9, 10, 4, 7, 7, 7, 9, 7, 7, 10, 10, 9, 7, 7, 7, 7, 9, 7, 7, 9, 7, 7, 7, 7, 7, 7, 7]"
jfreechart,7,seed7_solution039,seed7_solution039,0.37973517166063747164,0.98790035077225701876,0.94444740666794568806,0.41825211316712940235,0.37973517166063747164,-0.98790035077225701876,0.94444740666794568806,True,False,"[0, 1, 2, 3, 3, 2, 2, 2, 2, 1, 2, 2, 4, 5, 4, 6, 2, 2, 2, 5, 0, 2, 7, 2, 1, 2, 0, 0, 1, 0, 0, 0, 0, 0, 0, 0, 0, 0, 0, 0, 0, 0, 0, 0, 0, 0, 0, 0, 0, 4, 0, 4, 0, 0, 4, 0, 4, 4, 6, 6, 6, 4, 4, 6, 4, 4, 4, 4, 4, 4, 4, 4, 4, 4, 4, 4, 4, 4, 4, 6, 4, 4, 4, 4, 4, 8, 8, 6, 4, 4, 4, 4, 4, 4, 4, 4, 4, 4, 4, 4, 4, 4, 4, 2, 2, 2, 2, 2, 2, 2, 2, 2, 2, 2, 2, 2, 2, 2, 2, 2, 2, 2, 6, 2, 2, 2, 2, 4, 2, 2, 4, 4, 4, 0, 0, 2, 4, 4, 4, 2, 2, 2, 6, 6, 6, 6, 2, 5, 2, 2, 2, 2, 2, 2, 1, 2, 2, 2, 2, 2, 9, 0, 0, 4, 4, 2, 2, 2, 2, 2, 5, 5, 6, 6, 0, 0, 5, 0, 2, 2, 2, 2, 2, 2, 2, 2, 2, 9, 1, 9, 9, 9, 9, 0, 5, 5, 4, 6, 9, 9, 9, 9, 9, 5, 5, 6, 1, 1, 9, 6, 9, 10, 6, 8, 1, 9, 6, 9, 9, 8, 5, 5, 5, 9, 6, 6, 6, 6, 6, 6, 6, 6, 6, 6, 6, 6, 2, 1, 0, 5, 0, 1, 4, 0, 0, 0, 0, 6, 4, 4, 4, 6, 0, 0, 0, 0, 5, 0, 4, 5, 0, 5, 0, 0, 2, 2, 1, 1, 1, 1, 1, 1, 0, 0, 0, 0, 0, 0, 0, 4, 1, 0, 0, 0, 4, 5, 10, 0, 0, 2, 6, 6, 6, 6, 6, 6, 6, 6, 6, 6, 6, 6, 6, 6, 6, 6, 6, 6, 5, 5, 5, 6, 6, 6, 11, 5, 5, 5, 2, 0, 5, 10, 10, 5, 5, 5, 5, 5, 5, 0, 5, 5, 5, 5, 5, 5, 5, 5, 5, 5, 5, 0, 5, 5, 5, 5, 10, 5, 5, 5, 5, 5, 5, 5, 9, 5, 4, 9, 5, 5, 5, 5, 9, 5, 5, 5, 5, 4, 5, 5, 5, 5, 10, 4, 5, 5, 5, 5, 5, 5, 4, 5, 5, 9, 5, 5, 0, 5, 5, 5, 5, 5, 4, 4, 5, 5, 5, 5, 12, 2, 2, 2, 2, 2, 2, 2, 2, 2, 2, 2, 2, 2, 5, 9, 1, 9, 1, 1, 1, 1, 1, 6, 13, 5, 9, 4, 5, 6, 12, 6, 10, 14, 1, 6, 5, 6, 6, 0, 0, 6, 0, 8, 8, 9, 10, 15, 15, 9, 10, 5, 10, 10, 15, 15, 10, 15, 1, 5, 4, 9, 4, 15, 10, 9, 9, 9, 9, 9, 10, 15, 9, 9, 4, 4, 4, 9, 6, 6, 6, 6, 10, 15, 10, 15, 11, 15, 16, 11, 9, 9, 9, 0, 10, 15, 16, 9, 15, 10, 10, 11, 15, 10, 8, 8, 10, 15, 15, 1, 8, 8, 8, 9, 8, 9, 6, 10, 16, 10, 15, 10, 15, 15, 8, 0, 17, 17, 6, 5, 15, 5, 15, 15, 15, 15, 10, 10, 10, 10, 9, 9, 15, 15, 5, 6, 4, 8, 8, 8, 8, 8, 8, 8, 8, 8, 8, 8, 8, 15, 15, 8, 8, 15, 15, 15, 8, 8, 8, 8, 15, 8, 8, 8, 8, 8, 8, 15, 15, 10, 15, 10, 15, 10, 15, 10, 15, 10, 15, 10, 6, 10, 10, 8, 15, 10, 10, 9, 8, 9, 10, 15, 10, 15, 9, 9, 8, 8, 8, 8, 9, 10, 4, 8, 8, 8, 9, 8, 8, 10, 10, 9, 8, 8, 8, 8, 9, 8, 8, 9, 8, 8, 8, 8, 8, 8, 8]"
jfreechart,7,seed7_solution040,seed7_solution040,0.38789161149409595586,1.9882769131317439282,3.7189492361642737528,0.6014838072661241597,0.38789161149409595586,-1.9882769131317439282,3.7189492361642737528,True,False,"[0, 1, 2, 3, 3, 0, 0, 1, 1, 1, 3, 1, 4, 4, 0, 0, 1, 5, 0, 1, 0, 0, 6, 1, 1, 1, 1, 1, 7, 1, 0, 0, 3, 1, 0, 1, 1, 0, 0, 2, 0, 1, 0, 1, 1, 0, 0, 1, 0, 1, 5, 1, 1, 8, 2, 9, 1, 1, 1, 1, 10, 9, 1, 11, 1, 1, 1, 10, 12, 13, 3, 1, 1, 1, 3, 11, 2, 1, 0, 3, 1, 13, 2, 1, 14, 1, 0, 10, 15, 16, 15, 16, 17, 1, 1, 1, 11, 1, 1, 1, 1, 1, 1, 1, 0, 1, 1, 1, 1, 0, 1, 1, 3, 1, 1, 1, 0, 0, 1, 3, 1, 11, 16, 1, 18, 19, 2, 1, 1, 19, 1, 0, 0, 2, 0, 1, 1, 13, 1, 1, 1, 1, 11, 20, 21, 18, 0, 0, 0, 0, 3, 0, 0, 0, 0, 1, 0, 2, 0, 0, 2, 0, 2, 19, 20, 1, 19, 20, 22, 22, 1, 21, 22, 23, 24, 1, 0, 3, 1, 25, 0, 0, 0, 0, 0, 0, 0, 0, 0, 21, 0, 0, 0, 0, 1, 0, 0, 26, 0, 0, 0, 3, 0, 27, 1, 28, 1, 0, 0, 1, 1, 0, 6, 7, 2, 0, 29, 1, 0, 0, 0, 21, 0, 0, 30, 30, 31, 2, 20, 20, 32, 33, 2, 31, 1, 3, 30, 0, 1, 32, 1, 34, 1, 1, 1, 1, 1, 33, 1, 0, 35, 1, 3, 36, 0, 37, 0, 1, 21, 3, 1, 1, 1, 1, 1, 38, 1, 1, 1, 1, 2, 1, 1, 2, 1, 0, 37, 28, 1, 26, 1, 3, 1, 1, 39, 8, 0, 30, 1, 1, 1, 1, 34, 29, 3, 1, 1, 18, 1, 40, 35, 38, 39, 3, 1, 1, 1, 1, 1, 31, 2, 31, 3, 0, 34, 41, 42, 2, 43, 1, 3, 1, 0, 1, 1, 1, 0, 1, 1, 1, 0, 1, 44, 45, 1, 46, 1, 1, 1, 1, 1, 1, 0, 7, 8, 1, 1, 1, 1, 47, 1, 1, 1, 1, 1, 1, 1, 0, 42, 0, 0, 44, 1, 0, 0, 1, 1, 1, 1, 44, 1, 1, 1, 1, 1, 0, 1, 44, 1, 3, 0, 1, 2, 0, 3, 1, 1, 0, 0, 1, 0, 1, 1, 48, 0, 1, 0, 3, 47, 49, 0, 50, 50, 40, 1, 5, 0, 1, 1, 1, 1, 1, 46, 3, 3, 1, 0, 1, 0, 1, 0, 0, 51, 0, 0, 3, 1, 52, 53, 6, 42, 2, 53, 54, 48, 1, 1, 3, 0, 1, 0, 2, 3, 3, 0, 1, 1, 48, 0, 0, 1, 1, 48, 0, 0, 0, 0, 1, 44, 0, 55, 0, 0, 0, 1, 1, 56, 0, 1, 3, 0, 1, 1, 0, 0, 49, 50, 38, 57, 1, 0, 0, 0, 0, 0, 0, 1, 2, 0, 0, 0, 0, 3, 1, 0, 1, 51, 0, 58, 0, 1, 0, 2, 0, 0, 58, 0, 0, 1, 0, 0, 1, 54, 0, 0, 1, 58, 1, 59, 1, 54, 3, 60, 60, 61, 0, 2, 1, 3, 1, 1, 1, 1, 1, 0, 0, 0, 49, 55, 0, 0, 0, 56, 1, 1, 62, 60, 1, 55, 57, 57, 57, 57, 1, 63, 3, 64, 0, 2, 0, 65, 1, 1, 1, 1, 1, 1, 1, 1, 58, 1, 0, 0, 0, 0, 0, 0, 0, 0, 0, 0, 0, 0, 0, 0, 3, 39, 1, 0, 0, 0, 1, 3, 0, 3, 0, 1, 0, 2, 0, 0, 0, 0, 0, 1, 0, 2, 0, 0, 0, 3, 0, 0, 0, 1, 0, 20, 1, 0, 43, 1, 0, 0, 0, 42, 1, 1, 0, 0, 0, 0, 0, 0, 3, 0]"
jfreechart,7,seed7_solution041,seed7_solution041,0.39499010306463722131,2.0245345413331912177,1.0694699095962330038,0.4125946740001443791,0.39499010306463722131,-2.0245345413331912177,1.0694699095962330038,True,False,"[0, 1, 2, 3, 3, 2, 2, 2, 2, 1, 2, 2, 4, 5, 4, 6, 2, 2, 2, 5, 0, 2, 7, 2, 1, 2, 0, 0, 1, 0, 0, 0, 0, 0, 0, 0, 0, 0, 0, 0, 0, 0, 0, 0, 0, 0, 0, 0, 0, 4, 0, 4, 0, 0, 4, 0, 4, 4, 6, 6, 6, 4, 4, 6, 4, 4, 4, 4, 4, 4, 4, 4, 4, 4, 4, 4, 4, 4, 4, 6, 4, 4, 4, 4, 4, 8, 8, 6, 4, 4, 4, 4, 4, 4, 4, 4, 4, 4, 4, 4, 4, 4, 4, 2, 2, 2, 2, 2, 2, 2, 2, 2, 2, 2, 2, 2, 2, 2, 2, 2, 2, 2, 6, 2, 2, 2, 2, 4, 2, 2, 4, 4, 4, 0, 0, 2, 4, 4, 4, 2, 2, 2, 6, 6, 6, 6, 2, 5, 2, 2, 2, 2, 2, 2, 1, 2, 2, 2, 2, 2, 9, 0, 0, 4, 4, 2, 2, 2, 2, 2, 5, 5, 6, 6, 0, 0, 5, 0, 2, 2, 2, 2, 2, 2, 2, 2, 2, 9, 1, 9, 9, 9, 9, 0, 5, 5, 4, 6, 9, 10, 9, 9, 9, 5, 6, 6, 1, 1, 9, 6, 9, 9, 6, 1, 1, 9, 6, 9, 9, 8, 5, 5, 5, 9, 6, 6, 11, 11, 6, 6, 6, 6, 6, 6, 6, 6, 2, 1, 0, 5, 0, 1, 4, 0, 0, 0, 0, 6, 4, 4, 4, 6, 0, 0, 0, 0, 5, 0, 4, 5, 0, 5, 0, 0, 2, 2, 1, 1, 1, 1, 1, 1, 0, 0, 0, 0, 0, 0, 0, 4, 1, 0, 0, 0, 4, 5, 10, 0, 0, 2, 6, 5, 6, 6, 6, 6, 6, 6, 6, 6, 6, 6, 6, 6, 6, 6, 6, 6, 5, 5, 5, 6, 6, 6, 12, 5, 5, 5, 2, 0, 8, 9, 10, 5, 5, 5, 5, 5, 5, 0, 5, 5, 5, 5, 5, 5, 5, 5, 5, 5, 5, 0, 5, 5, 5, 5, 9, 5, 5, 5, 5, 5, 5, 5, 9, 5, 4, 9, 5, 5, 5, 5, 9, 5, 5, 5, 5, 4, 5, 5, 5, 5, 9, 4, 5, 5, 5, 5, 5, 5, 4, 5, 5, 12, 5, 5, 0, 5, 5, 5, 5, 5, 4, 4, 5, 5, 5, 5, 13, 2, 2, 2, 2, 2, 2, 2, 2, 2, 2, 2, 2, 2, 5, 9, 1, 9, 1, 1, 1, 1, 1, 6, 14, 5, 9, 4, 5, 6, 14, 6, 15, 13, 1, 6, 5, 6, 6, 0, 0, 6, 0, 8, 9, 9, 12, 8, 10, 9, 10, 5, 10, 12, 10, 10, 10, 10, 1, 5, 4, 9, 4, 10, 10, 7, 9, 9, 9, 9, 10, 10, 9, 9, 4, 4, 4, 9, 6, 6, 6, 6, 10, 10, 10, 10, 12, 10, 12, 12, 9, 9, 9, 0, 16, 10, 10, 9, 10, 8, 12, 17, 10, 10, 8, 8, 8, 10, 17, 1, 8, 8, 8, 9, 8, 9, 6, 8, 10, 10, 10, 10, 15, 18, 8, 0, 19, 15, 6, 5, 10, 5, 10, 10, 10, 12, 12, 10, 10, 10, 9, 9, 10, 10, 5, 6, 4, 8, 8, 8, 8, 8, 8, 8, 8, 8, 8, 8, 8, 17, 10, 8, 9, 17, 10, 8, 8, 8, 8, 8, 10, 8, 8, 8, 8, 8, 8, 10, 12, 10, 10, 12, 10, 10, 10, 10, 10, 10, 8, 10, 6, 10, 10, 8, 10, 10, 10, 9, 19, 9, 10, 10, 10, 10, 9, 9, 9, 8, 8, 8, 9, 10, 4, 9, 8, 8, 9, 8, 8, 9, 9, 9, 8, 8, 8, 8, 9, 8, 8, 9, 8, 8, 8, 8, 8, 9, 8]"
jfreechart,7,seed7_solution042,seed7_solution042,0.39625281550747387671,2.0247166141623229585,1.0656135655407836804,0.41393276682983948245,0.39625281550747387671,-2.0247166141623229585,1.0656135655407836804,True,False,"[0, 1, 2, 3, 3, 2, 2, 2, 2, 1, 2, 2, 4, 5, 4, 6, 2, 2, 2, 5, 0, 2, 7, 2, 1, 2, 0, 0, 1, 0, 0, 0, 0, 0, 0, 0, 0, 0, 0, 0, 0, 0, 0, 0, 0, 0, 0, 0, 0, 4, 0, 4, 0, 0, 4, 0, 4, 4, 6, 6, 6, 4, 4, 6, 4, 4, 4, 4, 4, 4, 4, 4, 4, 4, 4, 4, 4, 4, 4, 6, 4, 4, 4, 4, 4, 8, 8, 6, 4, 4, 4, 4, 4, 4, 4, 4, 4, 4, 4, 4, 4, 4, 4, 2, 2, 2, 2, 2, 2, 2, 2, 2, 2, 2, 2, 2, 2, 2, 2, 2, 2, 2, 6, 2, 2, 2, 2, 4, 2, 2, 4, 4, 4, 0, 0, 2, 4, 4, 4, 2, 2, 2, 6, 6, 6, 6, 2, 5, 2, 2, 2, 2, 2, 2, 1, 2, 2, 2, 2, 2, 9, 0, 0, 4, 4, 2, 2, 2, 2, 2, 5, 5, 6, 6, 0, 0, 5, 0, 2, 2, 2, 2, 2, 2, 2, 2, 2, 9, 1, 9, 9, 9, 9, 0, 5, 5, 4, 6, 9, 10, 9, 9, 9, 5, 6, 6, 1, 1, 9, 6, 9, 9, 6, 1, 1, 9, 6, 9, 9, 8, 5, 5, 5, 9, 6, 6, 11, 11, 6, 6, 6, 6, 6, 6, 6, 6, 2, 1, 0, 5, 0, 1, 4, 0, 0, 0, 0, 6, 4, 4, 4, 6, 0, 0, 0, 0, 5, 0, 4, 5, 0, 5, 0, 0, 2, 2, 1, 1, 1, 1, 1, 1, 0, 0, 0, 0, 0, 0, 0, 4, 1, 0, 0, 0, 4, 5, 10, 0, 0, 2, 6, 5, 6, 6, 6, 6, 6, 6, 6, 6, 6, 6, 6, 6, 6, 6, 6, 6, 5, 5, 5, 6, 6, 6, 12, 5, 5, 5, 2, 0, 8, 9, 10, 5, 5, 5, 5, 5, 5, 0, 5, 5, 5, 5, 5, 5, 5, 5, 5, 5, 5, 0, 5, 5, 5, 5, 9, 5, 5, 5, 5, 5, 5, 5, 9, 5, 4, 9, 5, 5, 5, 5, 9, 5, 5, 5, 5, 4, 5, 5, 5, 5, 9, 4, 5, 5, 5, 5, 5, 5, 4, 5, 5, 12, 5, 5, 0, 5, 5, 5, 5, 5, 4, 4, 5, 5, 5, 5, 13, 2, 2, 2, 2, 2, 2, 2, 7, 2, 2, 2, 2, 2, 5, 9, 1, 9, 1, 1, 1, 1, 1, 6, 14, 5, 9, 4, 5, 6, 14, 6, 15, 13, 1, 6, 5, 6, 6, 0, 0, 6, 0, 8, 9, 9, 12, 8, 10, 9, 10, 5, 10, 12, 10, 10, 10, 10, 1, 5, 4, 9, 4, 10, 10, 7, 9, 9, 9, 9, 10, 10, 9, 9, 4, 4, 4, 9, 6, 6, 6, 6, 10, 10, 10, 10, 12, 10, 12, 12, 9, 9, 9, 0, 16, 10, 10, 9, 10, 8, 12, 17, 10, 10, 8, 8, 8, 10, 17, 1, 8, 8, 8, 9, 8, 9, 6, 8, 10, 10, 10, 10, 15, 18, 8, 0, 19, 15, 6, 5, 10, 5, 10, 10, 10, 12, 12, 10, 10, 10, 9, 9, 10, 10, 5, 6, 4, 8, 8, 8, 8, 8, 8, 8, 8, 8, 8, 8, 8, 17, 10, 8, 9, 17, 10, 8, 8, 8, 8, 8, 10, 8, 8, 8, 8, 8, 8, 10, 12, 10, 10, 12, 10, 10, 10, 10, 10, 10, 8, 10, 6, 10, 10, 8, 10, 10, 10, 9, 19, 9, 10, 10, 10, 10, 9, 9, 9, 8, 8, 8, 9, 10, 4, 9, 8, 8, 9, 8, 8, 9, 9, 9, 8, 8, 8, 8, 9, 8, 8, 9, 8, 8, 8, 8, 8, 9, 8]"
jfreechart,7,seed7_solution043,seed7_solution043,0.41403317179714693719,0.97194702891711370896,0.9174022472469569589,0.46737214360569179217,0.41403317179714693719,-0.97194702891711370896,0.9174022472469569589,True,False,"[0, 1, 2, 3, 3, 2, 2, 2, 2, 1, 2, 2, 4, 5, 4, 6, 2, 2, 2, 5, 0, 2, 7, 2, 1, 2, 0, 0, 1, 0, 0, 0, 0, 0, 0, 0, 0, 0, 0, 0, 0, 0, 0, 0, 0, 0, 0, 0, 0, 4, 0, 4, 0, 0, 4, 0, 4, 8, 6, 6, 6, 4, 4, 6, 4, 4, 4, 4, 4, 4, 4, 4, 4, 4, 4, 4, 4, 4, 4, 6, 4, 4, 4, 4, 4, 7, 9, 6, 4, 4, 4, 4, 4, 4, 4, 4, 4, 4, 4, 4, 4, 4, 4, 2, 2, 2, 2, 2, 2, 2, 2, 2, 2, 2, 2, 2, 2, 2, 2, 2, 2, 2, 6, 2, 2, 2, 2, 4, 2, 2, 4, 4, 4, 0, 0, 2, 4, 4, 4, 2, 2, 2, 10, 6, 6, 6, 2, 5, 2, 2, 2, 2, 2, 2, 1, 2, 2, 2, 2, 2, 11, 0, 0, 4, 4, 2, 2, 2, 2, 2, 5, 5, 6, 6, 0, 0, 5, 0, 2, 2, 2, 2, 2, 2, 2, 2, 2, 11, 1, 11, 10, 11, 11, 0, 5, 5, 4, 6, 10, 10, 11, 11, 10, 5, 5, 6, 1, 1, 10, 6, 10, 11, 6, 1, 1, 10, 6, 11, 11, 7, 5, 5, 5, 11, 6, 6, 6, 6, 6, 6, 6, 6, 6, 6, 6, 6, 2, 1, 0, 5, 0, 1, 4, 0, 0, 0, 0, 6, 4, 4, 4, 6, 0, 0, 0, 0, 5, 4, 4, 5, 0, 5, 0, 0, 2, 2, 1, 1, 1, 1, 1, 1, 0, 0, 0, 0, 0, 0, 0, 4, 1, 0, 0, 0, 4, 5, 11, 0, 0, 2, 6, 6, 6, 6, 6, 6, 6, 6, 6, 6, 6, 6, 6, 6, 6, 6, 6, 6, 5, 5, 5, 6, 6, 6, 12, 5, 5, 5, 2, 0, 5, 11, 11, 5, 5, 5, 5, 5, 5, 0, 5, 5, 5, 5, 5, 5, 5, 5, 5, 5, 5, 0, 5, 5, 5, 5, 11, 5, 5, 5, 5, 5, 5, 5, 11, 5, 4, 10, 5, 5, 5, 5, 10, 5, 5, 5, 5, 4, 5, 5, 5, 5, 11, 4, 5, 5, 5, 5, 5, 5, 4, 5, 5, 10, 5, 5, 0, 5, 5, 5, 5, 5, 4, 4, 5, 5, 5, 5, 8, 2, 2, 2, 2, 2, 2, 2, 2, 2, 2, 2, 2, 2, 5, 11, 1, 11, 1, 1, 1, 1, 1, 6, 8, 5, 11, 4, 5, 6, 13, 6, 14, 15, 1, 6, 5, 6, 6, 0, 0, 6, 0, 9, 9, 10, 11, 11, 16, 11, 11, 5, 16, 16, 16, 12, 16, 11, 1, 5, 4, 10, 4, 11, 16, 11, 11, 10, 11, 11, 11, 16, 11, 11, 4, 4, 4, 11, 6, 6, 6, 6, 16, 16, 11, 11, 16, 11, 8, 12, 10, 10, 10, 0, 16, 16, 8, 11, 11, 16, 16, 12, 8, 11, 7, 7, 11, 16, 11, 1, 9, 9, 7, 10, 9, 10, 6, 11, 8, 11, 11, 16, 16, 16, 16, 0, 17, 15, 6, 5, 11, 5, 16, 11, 16, 16, 16, 16, 16, 11, 10, 11, 11, 11, 5, 6, 4, 7, 9, 9, 9, 7, 9, 9, 9, 7, 9, 9, 7, 11, 16, 7, 7, 11, 11, 11, 9, 7, 7, 9, 16, 7, 9, 7, 9, 9, 7, 11, 11, 11, 16, 16, 16, 11, 16, 11, 16, 16, 16, 16, 6, 16, 16, 7, 16, 16, 16, 10, 9, 11, 11, 11, 11, 16, 10, 10, 9, 9, 7, 7, 11, 11, 4, 7, 7, 9, 11, 7, 7, 11, 11, 10, 7, 9, 9, 7, 11, 7, 9, 10, 7, 7, 7, 9, 7, 9, 7]"
jfreechart,7,seed7_solution044,seed7_solution044,0.45000341273633198691,1.2115221890614935596,0.9935435442181427268,0.4820635268579271937,0.45000341273633198691,-1.2115221890614935596,0.9935435442181427268,True,False,"[0, 1, 2, 3, 3, 2, 2, 2, 2, 1, 2, 2, 4, 5, 4, 6, 2, 2, 2, 5, 0, 2, 7, 2, 1, 2, 0, 0, 1, 0, 0, 0, 0, 0, 0, 0, 0, 0, 0, 0, 0, 0, 0, 0, 0, 0, 0, 0, 0, 4, 0, 4, 0, 0, 4, 0, 4, 4, 6, 6, 6, 4, 4, 6, 4, 4, 4, 4, 4, 4, 4, 4, 4, 4, 4, 4, 4, 4, 4, 6, 4, 4, 4, 4, 4, 8, 9, 6, 4, 4, 4, 4, 4, 4, 4, 4, 4, 4, 4, 4, 4, 4, 4, 2, 2, 2, 2, 2, 2, 2, 2, 2, 2, 2, 2, 2, 2, 2, 2, 2, 2, 2, 6, 2, 2, 2, 2, 4, 2, 2, 4, 4, 4, 0, 0, 2, 4, 4, 4, 2, 2, 2, 6, 6, 6, 6, 2, 5, 2, 2, 2, 2, 2, 2, 1, 2, 2, 2, 2, 2, 10, 0, 0, 4, 4, 2, 2, 2, 2, 2, 5, 9, 6, 6, 0, 0, 5, 0, 2, 2, 2, 2, 2, 2, 2, 2, 2, 9, 1, 9, 9, 8, 9, 0, 5, 5, 4, 6, 9, 9, 9, 9, 9, 5, 6, 6, 1, 1, 9, 6, 9, 10, 6, 1, 11, 9, 6, 12, 9, 8, 5, 5, 5, 9, 6, 6, 6, 6, 7, 6, 6, 6, 6, 6, 7, 5, 2, 1, 0, 5, 0, 1, 4, 0, 0, 0, 0, 6, 4, 4, 4, 6, 0, 0, 0, 0, 5, 0, 4, 5, 0, 5, 0, 0, 2, 2, 1, 1, 1, 1, 1, 1, 13, 0, 0, 0, 0, 0, 0, 4, 1, 0, 0, 0, 4, 5, 10, 0, 0, 2, 6, 6, 7, 6, 6, 6, 6, 6, 6, 6, 6, 7, 6, 9, 6, 6, 6, 6, 5, 5, 5, 6, 6, 6, 12, 5, 5, 5, 2, 0, 9, 9, 10, 5, 5, 5, 5, 5, 5, 0, 5, 5, 5, 5, 5, 5, 5, 5, 5, 5, 5, 0, 5, 5, 5, 5, 9, 5, 2, 5, 5, 5, 5, 5, 9, 5, 4, 9, 5, 5, 5, 5, 11, 5, 6, 5, 14, 4, 5, 5, 5, 5, 10, 4, 5, 5, 5, 5, 5, 5, 4, 5, 5, 9, 5, 7, 0, 5, 5, 5, 5, 5, 4, 4, 5, 5, 5, 5, 15, 2, 2, 2, 2, 2, 2, 2, 2, 2, 2, 2, 2, 2, 5, 12, 1, 9, 1, 1, 1, 1, 1, 6, 14, 5, 14, 4, 5, 6, 11, 6, 16, 14, 1, 6, 5, 6, 6, 0, 0, 7, 0, 8, 8, 9, 10, 8, 16, 9, 10, 5, 16, 12, 17, 10, 16, 10, 1, 5, 4, 9, 4, 10, 10, 9, 9, 17, 9, 9, 10, 10, 9, 9, 16, 4, 4, 9, 6, 6, 6, 6, 10, 10, 16, 10, 10, 10, 10, 7, 11, 9, 9, 0, 17, 10, 16, 9, 10, 11, 10, 16, 10, 10, 8, 8, 10, 16, 8, 1, 8, 8, 9, 9, 8, 9, 6, 8, 10, 10, 10, 10, 16, 15, 8, 0, 18, 19, 6, 5, 10, 5, 10, 10, 10, 17, 10, 19, 11, 19, 9, 9, 10, 18, 5, 6, 4, 8, 8, 9, 6, 8, 8, 8, 8, 8, 8, 8, 8, 16, 10, 8, 8, 16, 16, 16, 8, 19, 8, 9, 16, 8, 9, 8, 19, 8, 9, 10, 16, 10, 10, 10, 16, 16, 0, 10, 10, 16, 16, 16, 6, 16, 10, 8, 16, 10, 10, 9, 8, 8, 10, 10, 10, 16, 8, 9, 8, 8, 8, 8, 9, 16, 4, 9, 8, 8, 9, 8, 8, 9, 9, 9, 8, 8, 8, 8, 9, 8, 10, 9, 9, 8, 8, 8, 12, 8, 8]"
jfreechart,7,seed7_solution045,seed7_solution045,0.46966077400860006819,0.54042100687111271906,0.80830060416885340935,0.4783978989113402136,0.46966077400860006819,-0.54042100687111271906,0.80830060416885340935,True,False,"[0, 1, 2, 3, 3, 2, 2, 2, 2, 1, 2, 2, 4, 5, 4, 6, 2, 2, 2, 5, 0, 2, 7, 2, 1, 2, 0, 0, 1, 0, 0, 0, 0, 0, 0, 0, 0, 0, 7, 0, 0, 0, 0, 0, 0, 0, 2, 0, 0, 4, 0, 4, 0, 0, 4, 0, 7, 4, 6, 6, 6, 4, 4, 6, 4, 4, 4, 3, 4, 4, 4, 4, 4, 4, 4, 4, 4, 4, 4, 6, 4, 4, 4, 4, 4, 8, 8, 6, 5, 4, 4, 8, 4, 4, 4, 4, 4, 7, 4, 4, 4, 4, 4, 2, 2, 2, 2, 2, 2, 2, 2, 2, 2, 2, 2, 2, 2, 6, 2, 2, 2, 2, 6, 3, 2, 2, 2, 4, 2, 2, 7, 4, 4, 0, 0, 2, 4, 4, 4, 2, 2, 2, 6, 6, 6, 6, 2, 2, 2, 2, 2, 2, 2, 2, 1, 2, 2, 2, 2, 2, 9, 0, 0, 7, 4, 2, 2, 2, 2, 2, 4, 5, 6, 6, 0, 0, 5, 0, 2, 2, 2, 2, 2, 2, 2, 2, 5, 10, 1, 9, 3, 10, 10, 0, 5, 5, 4, 6, 9, 9, 9, 9, 9, 5, 2, 6, 1, 1, 9, 6, 9, 9, 6, 1, 1, 2, 6, 10, 9, 8, 5, 5, 5, 9, 6, 6, 1, 6, 6, 6, 6, 6, 11, 6, 6, 6, 12, 1, 1, 5, 0, 1, 4, 0, 0, 0, 0, 6, 7, 4, 4, 6, 0, 0, 3, 0, 5, 0, 4, 5, 0, 5, 0, 0, 4, 2, 1, 1, 1, 1, 1, 1, 0, 0, 0, 0, 0, 0, 0, 4, 1, 0, 0, 0, 4, 5, 10, 0, 0, 2, 6, 6, 6, 3, 6, 6, 6, 6, 6, 6, 6, 5, 6, 5, 6, 6, 6, 6, 5, 5, 5, 6, 6, 6, 11, 5, 5, 5, 2, 0, 5, 9, 10, 5, 5, 5, 5, 5, 5, 0, 5, 5, 5, 5, 5, 5, 5, 5, 5, 5, 4, 0, 5, 5, 5, 5, 9, 5, 5, 5, 5, 5, 5, 4, 9, 5, 7, 9, 5, 5, 5, 5, 9, 5, 5, 5, 5, 4, 5, 5, 5, 5, 9, 4, 5, 5, 5, 5, 5, 5, 4, 5, 5, 10, 5, 4, 0, 5, 5, 5, 5, 5, 4, 4, 1, 5, 5, 5, 13, 2, 2, 2, 2, 2, 2, 2, 2, 2, 2, 2, 2, 2, 4, 9, 1, 10, 1, 1, 1, 1, 1, 6, 13, 5, 9, 4, 5, 0, 11, 6, 1, 14, 1, 6, 5, 7, 6, 0, 0, 6, 0, 8, 8, 9, 11, 13, 10, 9, 11, 5, 10, 10, 10, 10, 10, 10, 1, 5, 4, 9, 4, 10, 10, 9, 9, 9, 9, 9, 10, 10, 9, 9, 4, 7, 4, 9, 6, 6, 6, 6, 10, 10, 10, 10, 10, 13, 10, 13, 9, 9, 9, 0, 11, 10, 11, 9, 10, 10, 13, 1, 10, 10, 8, 8, 10, 10, 10, 1, 8, 8, 8, 9, 8, 9, 6, 10, 10, 10, 10, 10, 15, 9, 8, 0, 7, 12, 6, 5, 10, 5, 0, 13, 10, 11, 6, 11, 10, 10, 9, 9, 10, 11, 5, 10, 4, 8, 8, 8, 8, 8, 8, 8, 8, 8, 8, 8, 8, 10, 10, 8, 8, 10, 10, 7, 8, 8, 3, 8, 10, 8, 8, 8, 8, 8, 8, 10, 10, 10, 10, 10, 10, 10, 11, 13, 10, 10, 10, 10, 6, 10, 10, 8, 10, 10, 10, 9, 8, 9, 10, 10, 13, 10, 9, 9, 8, 8, 8, 8, 9, 10, 4, 8, 8, 8, 10, 8, 8, 9, 9, 9, 8, 8, 8, 8, 9, 8, 8, 10, 8, 8, 8, 8, 8, 4, 8]"
jfreechart,7,seed7_solution046,seed7_solution046,0.47853388847177669163,1.8544767185789530206,1.0256745019821678078,0.50066806632258553655,0.47853388847177669163,-1.8544767185789530206,1.0256745019821678078,True,False,"[0, 1, 2, 3, 3, 2, 2, 2, 2, 1, 2, 2, 4, 5, 4, 6, 2, 2, 2, 5, 0, 0, 7, 2, 1, 2, 0, 0, 1, 0, 0, 0, 0, 0, 0, 0, 0, 0, 0, 0, 0, 0, 0, 0, 0, 0, 0, 0, 0, 4, 0, 4, 0, 0, 5, 0, 4, 4, 6, 6, 6, 4, 4, 6, 4, 4, 4, 5, 4, 4, 4, 4, 4, 4, 4, 4, 4, 4, 4, 6, 4, 4, 4, 4, 4, 8, 9, 6, 5, 4, 4, 4, 4, 4, 4, 4, 4, 4, 4, 1, 4, 4, 4, 2, 2, 2, 2, 2, 2, 2, 2, 2, 2, 2, 2, 2, 2, 2, 2, 2, 2, 2, 6, 2, 2, 2, 2, 4, 2, 2, 5, 5, 4, 0, 0, 2, 4, 4, 4, 2, 2, 2, 6, 6, 6, 6, 2, 8, 2, 2, 2, 2, 2, 2, 1, 2, 2, 2, 2, 2, 9, 0, 0, 4, 4, 2, 2, 4, 2, 2, 5, 8, 10, 6, 0, 0, 5, 0, 2, 2, 2, 2, 2, 2, 2, 2, 2, 9, 1, 9, 9, 9, 9, 0, 5, 5, 4, 6, 9, 9, 9, 9, 11, 5, 6, 6, 1, 1, 9, 6, 9, 9, 6, 1, 1, 9, 6, 9, 9, 8, 5, 5, 5, 9, 8, 6, 6, 6, 9, 6, 6, 6, 6, 6, 6, 6, 2, 1, 0, 5, 0, 1, 4, 0, 0, 0, 0, 6, 4, 4, 4, 6, 0, 0, 0, 0, 5, 0, 4, 5, 1, 5, 0, 0, 2, 2, 1, 1, 1, 1, 1, 1, 0, 0, 0, 0, 0, 0, 0, 4, 1, 0, 0, 0, 4, 5, 12, 0, 13, 2, 6, 6, 6, 6, 6, 6, 6, 6, 6, 6, 6, 6, 6, 6, 6, 6, 6, 6, 5, 5, 5, 6, 6, 6, 14, 5, 5, 5, 2, 0, 7, 9, 10, 5, 5, 5, 5, 5, 5, 0, 5, 5, 5, 5, 5, 5, 5, 5, 5, 5, 5, 0, 5, 5, 4, 5, 9, 5, 2, 5, 5, 4, 5, 5, 9, 5, 4, 10, 5, 5, 5, 5, 9, 5, 5, 5, 5, 4, 5, 5, 5, 5, 9, 4, 5, 5, 5, 5, 5, 5, 4, 5, 5, 11, 5, 5, 13, 5, 5, 5, 5, 5, 4, 4, 5, 5, 5, 5, 15, 2, 2, 2, 2, 2, 2, 2, 2, 2, 2, 2, 2, 2, 5, 9, 1, 9, 1, 1, 1, 1, 1, 6, 12, 5, 11, 4, 5, 6, 12, 6, 13, 16, 1, 6, 5, 6, 6, 0, 0, 7, 0, 8, 7, 9, 17, 14, 14, 9, 12, 5, 1, 10, 14, 14, 14, 14, 1, 5, 5, 16, 4, 10, 10, 9, 9, 14, 15, 15, 14, 10, 9, 9, 12, 4, 4, 9, 6, 6, 6, 6, 14, 10, 10, 14, 14, 10, 12, 7, 9, 9, 9, 0, 10, 14, 14, 9, 14, 14, 14, 10, 14, 18, 8, 9, 10, 10, 14, 1, 8, 8, 8, 15, 8, 9, 6, 11, 14, 14, 14, 10, 12, 18, 19, 0, 17, 20, 6, 7, 14, 5, 14, 10, 10, 14, 14, 10, 10, 14, 9, 9, 10, 10, 5, 6, 4, 8, 8, 8, 8, 8, 8, 9, 8, 8, 8, 8, 8, 18, 14, 8, 8, 14, 14, 10, 9, 8, 8, 8, 10, 8, 8, 8, 8, 9, 8, 14, 10, 14, 14, 10, 14, 14, 14, 14, 10, 14, 10, 14, 6, 15, 11, 7, 14, 10, 14, 9, 8, 9, 14, 11, 14, 10, 9, 9, 8, 8, 8, 8, 9, 10, 4, 8, 8, 10, 9, 8, 8, 9, 9, 14, 8, 8, 8, 8, 11, 8, 8, 11, 8, 8, 9, 8, 8, 8, 8]"
jfreechart,7,seed7_solution047,seed7_solution047,0.48914749846426863744,3.0785055233061342506,0.96846552641328009781,0.51593422280377843059,0.48914749846426863744,-3.0785055233061342506,0.96846552641328009781,True,False,"[0, 1, 2, 3, 3, 2, 2, 1, 2, 1, 2, 2, 4, 5, 4, 6, 0, 2, 2, 5, 0, 2, 7, 2, 1, 2, 0, 0, 1, 0, 0, 0, 0, 0, 0, 0, 0, 0, 0, 0, 0, 0, 0, 0, 0, 0, 0, 0, 0, 4, 0, 4, 0, 0, 5, 0, 4, 4, 6, 6, 6, 4, 4, 6, 4, 4, 4, 4, 4, 4, 8, 4, 4, 4, 4, 4, 4, 4, 4, 6, 4, 4, 4, 4, 4, 9, 9, 6, 4, 4, 4, 4, 4, 4, 4, 4, 4, 4, 4, 4, 4, 4, 4, 2, 2, 2, 2, 2, 2, 2, 2, 2, 2, 2, 2, 2, 2, 2, 2, 2, 2, 2, 6, 2, 2, 2, 2, 4, 2, 2, 4, 4, 4, 0, 0, 2, 4, 4, 4, 2, 2, 2, 6, 6, 6, 6, 2, 9, 2, 2, 2, 2, 2, 2, 1, 2, 2, 2, 2, 2, 10, 0, 0, 4, 4, 2, 2, 4, 2, 2, 5, 5, 6, 6, 0, 0, 5, 0, 2, 11, 2, 2, 2, 2, 2, 2, 2, 10, 1, 10, 12, 10, 10, 0, 5, 5, 4, 6, 10, 10, 10, 10, 13, 5, 5, 6, 1, 1, 10, 6, 10, 13, 6, 9, 1, 10, 6, 12, 12, 9, 5, 5, 5, 10, 6, 6, 6, 6, 6, 6, 6, 6, 6, 6, 6, 6, 2, 1, 0, 5, 0, 1, 4, 0, 0, 0, 1, 6, 4, 4, 4, 6, 0, 0, 0, 0, 5, 0, 4, 14, 0, 5, 0, 0, 2, 2, 1, 1, 1, 1, 1, 1, 0, 0, 0, 0, 0, 0, 0, 4, 1, 0, 0, 0, 4, 5, 15, 0, 16, 2, 6, 6, 6, 6, 6, 6, 6, 6, 6, 6, 6, 6, 6, 6, 6, 6, 6, 6, 5, 5, 5, 6, 6, 6, 10, 5, 5, 5, 2, 0, 5, 17, 12, 5, 5, 5, 5, 5, 5, 0, 5, 5, 7, 5, 5, 5, 5, 5, 5, 5, 5, 0, 5, 5, 5, 5, 10, 9, 5, 5, 5, 5, 5, 5, 10, 5, 4, 10, 5, 5, 5, 5, 12, 5, 5, 5, 5, 4, 5, 5, 5, 5, 12, 4, 5, 5, 5, 5, 5, 5, 4, 5, 5, 12, 5, 5, 0, 5, 5, 5, 5, 13, 4, 4, 5, 5, 5, 5, 18, 2, 2, 2, 2, 2, 2, 2, 2, 2, 2, 2, 2, 2, 5, 10, 1, 10, 1, 1, 1, 1, 1, 6, 12, 5, 10, 4, 5, 6, 19, 6, 15, 16, 1, 6, 5, 6, 6, 0, 0, 6, 0, 9, 9, 10, 16, 12, 15, 10, 19, 5, 15, 12, 16, 10, 15, 12, 1, 5, 4, 10, 4, 15, 15, 10, 10, 10, 10, 10, 10, 15, 10, 12, 4, 4, 5, 12, 6, 6, 6, 6, 15, 12, 12, 12, 10, 10, 19, 7, 10, 18, 12, 0, 16, 12, 15, 18, 15, 16, 16, 18, 12, 15, 12, 9, 15, 12, 0, 1, 9, 9, 9, 18, 12, 12, 6, 12, 15, 16, 12, 16, 11, 13, 9, 0, 11, 19, 6, 5, 15, 5, 12, 15, 12, 15, 18, 12, 15, 12, 10, 12, 15, 15, 5, 6, 4, 12, 9, 9, 9, 9, 9, 9, 7, 9, 9, 9, 9, 12, 7, 9, 9, 11, 12, 18, 9, 9, 7, 9, 12, 9, 9, 15, 9, 9, 9, 12, 15, 12, 15, 15, 15, 12, 15, 12, 12, 12, 15, 12, 6, 18, 16, 7, 12, 12, 12, 13, 9, 12, 15, 12, 12, 16, 10, 18, 9, 9, 9, 9, 10, 15, 4, 9, 9, 9, 10, 15, 9, 17, 10, 10, 9, 9, 9, 9, 13, 9, 9, 13, 9, 9, 9, 9, 6, 9, 12]"
jfreechart,7,seed7_solution048,seed7_solution048,0.48959115418742749082,1.5749132660451776733,0.96394805793243698577,0.5174159843021869376,0.48959115418742749082,-1.5749132660451776733,0.96394805793243698577,True,False,"[0, 1, 2, 3, 3, 2, 2, 1, 2, 1, 2, 2, 4, 5, 4, 6, 0, 2, 2, 5, 0, 2, 7, 2, 1, 2, 0, 0, 1, 0, 0, 0, 0, 0, 0, 0, 0, 0, 0, 0, 0, 0, 0, 0, 0, 0, 0, 0, 0, 4, 0, 4, 0, 0, 5, 0, 4, 4, 6, 6, 6, 4, 4, 6, 4, 4, 4, 4, 4, 4, 8, 4, 4, 4, 4, 4, 4, 4, 4, 6, 4, 4, 4, 4, 4, 9, 9, 6, 4, 4, 4, 4, 4, 4, 4, 4, 4, 4, 4, 4, 4, 4, 4, 2, 2, 2, 2, 2, 2, 2, 2, 2, 2, 2, 2, 2, 2, 2, 2, 2, 2, 2, 6, 2, 10, 2, 2, 4, 2, 2, 4, 4, 4, 0, 0, 2, 4, 4, 4, 2, 2, 2, 6, 6, 6, 6, 2, 9, 2, 2, 2, 2, 2, 2, 1, 2, 2, 2, 2, 2, 11, 0, 0, 4, 4, 2, 2, 4, 2, 2, 5, 5, 6, 6, 0, 0, 5, 0, 2, 12, 2, 2, 2, 2, 2, 2, 2, 11, 1, 11, 13, 11, 11, 0, 5, 5, 4, 6, 11, 11, 11, 11, 14, 5, 5, 6, 1, 1, 11, 6, 11, 14, 6, 9, 1, 11, 6, 13, 13, 9, 5, 5, 5, 11, 6, 6, 6, 6, 6, 6, 6, 6, 6, 6, 6, 6, 2, 1, 0, 5, 0, 1, 4, 0, 0, 0, 1, 6, 4, 4, 4, 6, 0, 0, 0, 0, 5, 0, 4, 10, 0, 5, 0, 0, 2, 2, 1, 1, 1, 1, 1, 1, 0, 0, 0, 0, 0, 0, 0, 4, 1, 0, 0, 0, 4, 5, 15, 0, 16, 2, 6, 6, 6, 6, 6, 6, 6, 6, 6, 6, 6, 6, 6, 6, 6, 6, 6, 6, 5, 5, 5, 6, 6, 6, 11, 5, 5, 5, 2, 0, 5, 17, 13, 5, 5, 5, 5, 5, 5, 0, 5, 5, 7, 5, 5, 5, 5, 5, 5, 5, 5, 0, 5, 5, 5, 5, 11, 9, 5, 5, 5, 5, 5, 5, 11, 5, 4, 11, 5, 5, 5, 5, 13, 5, 5, 5, 5, 4, 5, 5, 5, 5, 13, 4, 5, 5, 5, 5, 5, 5, 4, 5, 5, 13, 5, 5, 0, 5, 5, 5, 5, 14, 4, 4, 5, 5, 5, 5, 18, 2, 2, 2, 2, 2, 2, 2, 2, 2, 2, 2, 2, 2, 5, 11, 1, 11, 1, 1, 1, 1, 1, 6, 13, 5, 11, 4, 5, 6, 19, 6, 15, 16, 1, 6, 5, 6, 6, 0, 0, 6, 0, 9, 9, 11, 16, 13, 15, 11, 19, 5, 15, 13, 16, 11, 15, 13, 1, 5, 4, 11, 4, 15, 15, 11, 11, 11, 11, 11, 11, 15, 11, 13, 4, 4, 5, 13, 6, 6, 6, 6, 15, 13, 13, 13, 11, 11, 19, 7, 11, 18, 13, 0, 17, 13, 15, 18, 15, 16, 16, 18, 13, 15, 13, 9, 15, 13, 0, 1, 9, 9, 9, 18, 13, 13, 6, 13, 15, 16, 13, 16, 12, 14, 9, 0, 12, 19, 6, 5, 15, 5, 13, 15, 13, 15, 18, 13, 15, 13, 11, 13, 15, 15, 5, 6, 4, 13, 9, 9, 9, 9, 9, 9, 7, 9, 9, 9, 9, 13, 7, 9, 9, 12, 13, 18, 9, 9, 7, 9, 13, 9, 9, 15, 9, 9, 9, 13, 15, 13, 15, 15, 15, 13, 15, 13, 13, 13, 15, 13, 6, 18, 16, 7, 13, 13, 13, 14, 9, 13, 15, 13, 13, 16, 11, 18, 9, 9, 9, 9, 11, 15, 4, 9, 9, 9, 11, 15, 9, 17, 11, 11, 9, 9, 9, 9, 14, 9, 9, 14, 9, 9, 9, 9, 6, 9, 13]"
jfreechart,7,seed7_solution049,seed7_solution049,0.50549450549450547499,3.7333996030512093256,1.0269226013386103524,0.52684460124294385519,0.50549450549450547499,-3.7333996030512093256,1.0269226013386103524,True,False,"[0, 1, 2, 3, 3, 2, 2, 2, 2, 1, 2, 2, 4, 5, 4, 6, 2, 2, 2, 5, 0, 2, 7, 2, 1, 2, 0, 0, 1, 0, 0, 0, 0, 0, 0, 0, 0, 0, 0, 0, 0, 0, 0, 0, 0, 0, 0, 0, 0, 4, 0, 4, 0, 0, 4, 0, 4, 4, 4, 6, 6, 4, 4, 6, 4, 5, 4, 4, 4, 4, 4, 4, 4, 4, 4, 4, 4, 4, 4, 6, 4, 4, 4, 4, 4, 8, 9, 6, 4, 4, 4, 4, 4, 4, 4, 4, 4, 4, 4, 4, 4, 4, 4, 2, 2, 2, 2, 2, 2, 2, 2, 2, 2, 2, 2, 2, 2, 2, 2, 2, 2, 2, 6, 2, 2, 2, 2, 4, 2, 2, 4, 4, 4, 10, 0, 2, 4, 4, 4, 2, 2, 2, 6, 6, 6, 6, 2, 5, 2, 2, 2, 2, 2, 2, 1, 2, 2, 2, 2, 2, 11, 0, 0, 4, 4, 2, 2, 2, 2, 2, 5, 9, 6, 6, 0, 0, 5, 0, 2, 2, 2, 2, 2, 2, 2, 2, 2, 9, 1, 9, 9, 8, 9, 0, 5, 5, 4, 6, 12, 13, 9, 9, 9, 5, 4, 6, 1, 1, 9, 14, 9, 11, 6, 1, 14, 9, 6, 12, 9, 9, 5, 7, 5, 9, 6, 6, 6, 6, 7, 6, 6, 6, 6, 6, 7, 5, 2, 1, 0, 5, 0, 1, 4, 0, 0, 0, 0, 6, 4, 4, 4, 6, 0, 0, 0, 0, 5, 0, 4, 5, 0, 5, 0, 0, 2, 2, 1, 1, 1, 1, 1, 1, 15, 0, 0, 0, 0, 0, 0, 4, 1, 0, 0, 0, 4, 5, 16, 0, 15, 11, 6, 6, 7, 6, 6, 6, 6, 6, 6, 6, 6, 7, 9, 9, 6, 6, 6, 6, 5, 5, 5, 6, 6, 6, 12, 5, 5, 5, 2, 0, 9, 9, 11, 5, 5, 5, 5, 5, 5, 0, 5, 5, 5, 5, 5, 5, 5, 5, 5, 5, 5, 0, 5, 5, 4, 5, 9, 5, 17, 5, 5, 5, 5, 5, 9, 5, 4, 9, 5, 5, 5, 5, 14, 5, 6, 5, 5, 4, 5, 5, 5, 5, 11, 4, 5, 5, 5, 5, 5, 5, 4, 5, 5, 9, 5, 7, 0, 5, 5, 5, 5, 5, 4, 4, 5, 5, 5, 5, 18, 2, 2, 2, 2, 2, 2, 2, 2, 2, 2, 2, 2, 2, 5, 12, 1, 9, 1, 1, 1, 1, 1, 6, 13, 5, 13, 4, 15, 6, 14, 6, 10, 13, 1, 6, 5, 6, 6, 0, 0, 7, 0, 8, 8, 9, 16, 8, 16, 9, 11, 7, 14, 12, 19, 11, 16, 11, 1, 5, 4, 9, 4, 19, 20, 9, 9, 19, 9, 9, 11, 16, 9, 9, 16, 4, 4, 11, 6, 6, 6, 6, 11, 11, 16, 11, 21, 11, 11, 7, 14, 12, 9, 0, 19, 11, 16, 12, 11, 14, 11, 16, 11, 19, 8, 8, 11, 16, 8, 1, 8, 8, 9, 8, 9, 9, 6, 8, 16, 8, 11, 16, 16, 18, 8, 0, 21, 20, 6, 5, 11, 5, 11, 11, 20, 19, 11, 20, 14, 20, 9, 8, 11, 10, 5, 6, 4, 8, 8, 9, 6, 8, 9, 8, 8, 8, 20, 8, 8, 16, 11, 8, 9, 16, 1, 16, 20, 20, 20, 9, 16, 8, 9, 8, 20, 8, 9, 11, 16, 11, 11, 11, 16, 16, 0, 11, 8, 16, 16, 16, 6, 16, 16, 8, 19, 11, 11, 9, 11, 8, 11, 12, 19, 16, 8, 9, 9, 8, 8, 8, 9, 16, 4, 9, 8, 8, 9, 8, 8, 9, 9, 9, 8, 8, 9, 11, 9, 8, 11, 9, 9, 8, 8, 8, 12, 8, 8]"
jfreechart,7,seed7_solution050,seed7_solution050,0.51590335130707798417,3.7591811808216015756,0.93246433657243865678,0.52057198383277691889,0.51590335130707798417,-3.7591811808216015756,0.93246433657243865678,True,False,"[0, 1, 2, 3, 3, 2, 2, 2, 2, 1, 2, 2, 4, 5, 4, 6, 2, 2, 2, 5, 0, 2, 7, 2, 1, 2, 0, 0, 1, 0, 0, 0, 0, 0, 0, 0, 0, 0, 7, 0, 0, 0, 0, 0, 0, 0, 0, 0, 0, 4, 0, 4, 0, 0, 4, 0, 4, 4, 6, 6, 6, 4, 4, 6, 4, 4, 4, 4, 4, 4, 4, 4, 4, 4, 4, 4, 4, 4, 4, 6, 4, 4, 5, 4, 4, 8, 9, 6, 4, 4, 5, 4, 4, 0, 4, 4, 4, 4, 4, 4, 4, 4, 4, 2, 2, 2, 2, 2, 2, 2, 2, 2, 2, 2, 2, 2, 2, 2, 2, 2, 2, 2, 6, 2, 2, 2, 2, 4, 2, 2, 7, 4, 4, 0, 0, 2, 4, 4, 4, 2, 2, 2, 6, 6, 6, 6, 2, 5, 2, 2, 2, 2, 2, 2, 1, 2, 2, 2, 2, 2, 8, 0, 0, 4, 4, 2, 2, 2, 2, 2, 5, 5, 6, 5, 0, 0, 5, 0, 2, 2, 2, 2, 2, 2, 2, 2, 2, 8, 1, 10, 8, 11, 8, 0, 5, 5, 4, 6, 12, 8, 11, 8, 11, 5, 6, 6, 1, 1, 12, 6, 8, 8, 6, 9, 10, 12, 6, 8, 12, 9, 5, 4, 5, 10, 6, 6, 6, 6, 6, 6, 6, 4, 6, 6, 6, 6, 2, 1, 0, 5, 0, 6, 4, 0, 0, 0, 0, 5, 4, 4, 4, 6, 0, 0, 0, 0, 5, 0, 4, 4, 0, 5, 0, 0, 2, 2, 7, 1, 1, 1, 1, 1, 13, 0, 0, 0, 0, 0, 0, 4, 1, 0, 0, 0, 4, 5, 14, 0, 13, 2, 6, 6, 6, 6, 6, 6, 6, 6, 6, 6, 6, 6, 6, 6, 6, 6, 6, 6, 5, 5, 5, 6, 6, 6, 15, 5, 5, 5, 2, 0, 5, 8, 14, 5, 5, 5, 5, 5, 5, 6, 5, 5, 5, 5, 5, 5, 5, 5, 5, 5, 5, 0, 5, 5, 5, 5, 8, 5, 2, 5, 5, 5, 5, 5, 8, 5, 4, 8, 5, 5, 5, 5, 8, 5, 5, 4, 10, 3, 5, 5, 5, 5, 8, 4, 5, 5, 5, 5, 5, 5, 4, 5, 5, 8, 5, 5, 0, 5, 5, 5, 5, 5, 4, 4, 5, 5, 5, 5, 10, 2, 2, 2, 2, 2, 2, 2, 2, 2, 2, 2, 2, 2, 5, 11, 1, 11, 1, 1, 1, 1, 1, 7, 12, 5, 6, 4, 5, 6, 13, 6, 16, 16, 1, 6, 5, 6, 6, 0, 0, 7, 0, 8, 9, 8, 8, 15, 14, 8, 8, 5, 14, 14, 17, 14, 11, 14, 1, 5, 4, 11, 4, 2, 14, 5, 8, 8, 10, 7, 14, 17, 11, 11, 7, 4, 4, 11, 6, 6, 4, 6, 14, 14, 14, 14, 14, 14, 14, 15, 8, 12, 11, 0, 14, 11, 14, 12, 8, 14, 14, 14, 14, 17, 9, 9, 14, 11, 15, 1, 9, 9, 9, 8, 9, 11, 6, 14, 14, 17, 14, 14, 16, 10, 9, 0, 17, 18, 6, 5, 14, 5, 16, 15, 10, 8, 14, 14, 14, 15, 8, 11, 14, 8, 5, 6, 4, 8, 9, 9, 8, 9, 8, 9, 9, 14, 9, 9, 9, 11, 14, 9, 14, 14, 14, 14, 8, 8, 8, 9, 17, 14, 9, 9, 9, 9, 8, 14, 14, 14, 16, 14, 14, 14, 14, 14, 12, 8, 17, 0, 6, 16, 15, 8, 14, 14, 7, 11, 9, 11, 14, 14, 14, 14, 8, 11, 8, 9, 9, 9, 11, 8, 4, 9, 9, 9, 11, 9, 9, 11, 8, 11, 8, 9, 9, 9, 8, 6, 9, 8, 9, 8, 9, 9, 9, 9, 9]"
jfreechart,7,seed7_solution051,seed7_solution051,0.52713125383932835089,2.1234111280397249821,0.89355057879522070685,0.54925013847189430027,0.52713125383932835089,-2.1234111280397249821,0.89355057879522070685,True,False,"[0, 1, 2, 3, 3, 2, 2, 2, 2, 1, 2, 2, 4, 5, 4, 6, 2, 2, 2, 5, 0, 2, 7, 2, 1, 2, 0, 0, 1, 0, 0, 0, 0, 0, 0, 0, 0, 0, 7, 0, 0, 0, 0, 0, 0, 0, 0, 0, 0, 4, 0, 4, 0, 0, 4, 0, 4, 3, 6, 6, 6, 4, 4, 6, 7, 5, 4, 4, 4, 4, 4, 4, 4, 4, 4, 7, 4, 4, 4, 6, 4, 4, 5, 4, 4, 8, 8, 6, 5, 4, 5, 4, 4, 0, 4, 4, 4, 4, 4, 5, 4, 4, 4, 2, 2, 2, 2, 2, 2, 2, 2, 2, 2, 2, 2, 2, 2, 2, 2, 2, 2, 9, 6, 2, 2, 2, 2, 4, 2, 2, 7, 4, 4, 0, 0, 2, 4, 4, 4, 2, 2, 2, 6, 6, 6, 6, 2, 5, 2, 2, 2, 2, 2, 2, 1, 2, 2, 2, 2, 2, 10, 0, 0, 4, 4, 2, 2, 2, 2, 2, 5, 5, 6, 6, 0, 0, 5, 0, 2, 2, 2, 2, 2, 2, 7, 2, 2, 11, 1, 12, 10, 11, 11, 0, 13, 5, 4, 6, 10, 11, 11, 14, 10, 5, 2, 6, 1, 1, 10, 6, 7, 9, 6, 1, 12, 10, 6, 11, 10, 10, 5, 4, 5, 10, 12, 6, 11, 11, 6, 6, 6, 4, 6, 6, 6, 6, 2, 1, 0, 5, 0, 6, 4, 0, 0, 0, 0, 5, 4, 4, 4, 6, 0, 0, 0, 0, 5, 0, 4, 4, 0, 5, 0, 0, 2, 2, 1, 1, 1, 1, 1, 1, 15, 0, 0, 0, 0, 0, 0, 4, 1, 0, 0, 0, 4, 5, 9, 0, 15, 2, 6, 5, 6, 3, 6, 6, 6, 6, 6, 6, 6, 6, 6, 6, 6, 6, 0, 6, 5, 5, 5, 6, 6, 6, 16, 5, 5, 5, 2, 0, 5, 10, 9, 5, 5, 5, 5, 5, 5, 6, 5, 5, 5, 5, 5, 5, 5, 5, 5, 5, 5, 0, 5, 5, 5, 5, 14, 5, 5, 5, 4, 5, 5, 5, 10, 5, 4, 10, 5, 5, 5, 5, 10, 5, 6, 4, 5, 4, 9, 5, 5, 5, 11, 4, 5, 5, 5, 5, 5, 5, 4, 5, 5, 11, 5, 4, 0, 5, 5, 5, 5, 5, 4, 4, 5, 5, 5, 5, 12, 2, 2, 2, 2, 2, 2, 2, 2, 2, 2, 2, 2, 2, 5, 11, 1, 11, 1, 1, 1, 1, 1, 7, 15, 5, 10, 4, 5, 6, 15, 6, 16, 17, 1, 6, 5, 6, 6, 0, 0, 7, 0, 8, 10, 10, 12, 16, 9, 10, 10, 5, 9, 7, 13, 16, 11, 9, 1, 5, 4, 11, 4, 9, 9, 7, 11, 11, 12, 7, 9, 13, 11, 11, 4, 4, 4, 11, 6, 6, 4, 6, 9, 9, 9, 9, 12, 9, 10, 16, 10, 10, 10, 0, 17, 9, 9, 10, 10, 9, 12, 9, 9, 9, 8, 10, 9, 11, 16, 1, 10, 8, 10, 10, 8, 10, 6, 9, 9, 16, 9, 7, 18, 13, 8, 0, 7, 16, 6, 5, 16, 5, 18, 16, 12, 12, 6, 9, 9, 16, 10, 11, 7, 10, 5, 6, 4, 10, 0, 8, 10, 8, 8, 8, 8, 8, 8, 8, 8, 11, 9, 8, 10, 16, 9, 9, 8, 8, 8, 8, 9, 9, 10, 10, 8, 8, 8, 9, 9, 9, 18, 9, 9, 9, 9, 9, 14, 10, 13, 0, 6, 18, 16, 8, 9, 9, 9, 11, 8, 11, 10, 9, 16, 9, 11, 11, 10, 8, 8, 8, 11, 9, 4, 10, 8, 10, 11, 8, 8, 10, 10, 10, 10, 8, 8, 8, 14, 6, 10, 10, 8, 10, 8, 8, 10, 8, 8]"
jfreechart,7,seed7_solution052,seed7_solution052,0.5358337314859054068,4.1982786060684516016,0.95428652999272844948,0.56124167947643388565,0.5358337314859054068,-4.1982786060684516016,0.95428652999272844948,True,False,"[0, 1, 2, 3, 3, 2, 2, 2, 2, 4, 2, 2, 5, 6, 5, 7, 2, 2, 2, 6, 0, 0, 8, 2, 4, 2, 0, 0, 4, 0, 0, 0, 0, 0, 0, 0, 0, 0, 0, 0, 0, 0, 0, 0, 0, 0, 0, 0, 0, 5, 0, 5, 0, 0, 6, 0, 5, 5, 6, 7, 7, 5, 5, 8, 5, 6, 5, 6, 5, 5, 5, 5, 5, 5, 5, 5, 5, 5, 5, 7, 5, 5, 5, 5, 5, 9, 10, 7, 6, 5, 5, 5, 5, 5, 5, 5, 5, 5, 5, 4, 5, 5, 5, 2, 2, 2, 2, 2, 2, 2, 2, 2, 2, 2, 4, 2, 2, 2, 2, 2, 2, 2, 7, 2, 2, 2, 2, 5, 2, 2, 6, 6, 5, 0, 0, 2, 5, 5, 5, 2, 2, 2, 7, 7, 7, 7, 2, 9, 2, 2, 2, 2, 2, 2, 4, 0, 2, 2, 2, 2, 11, 0, 0, 5, 5, 2, 2, 5, 2, 2, 6, 9, 7, 8, 0, 0, 6, 0, 2, 2, 2, 2, 2, 2, 2, 2, 2, 12, 4, 10, 10, 10, 10, 0, 6, 6, 5, 7, 10, 12, 8, 10, 12, 6, 7, 7, 4, 4, 11, 7, 10, 12, 7, 4, 4, 12, 7, 12, 10, 7, 6, 6, 6, 13, 9, 7, 7, 7, 10, 7, 7, 7, 7, 7, 7, 7, 2, 4, 0, 8, 0, 4, 5, 0, 0, 0, 4, 7, 5, 5, 5, 7, 0, 0, 0, 0, 6, 0, 5, 14, 4, 6, 0, 0, 2, 2, 15, 4, 4, 4, 4, 4, 0, 0, 0, 0, 0, 0, 0, 5, 4, 0, 0, 0, 5, 6, 15, 0, 16, 2, 7, 7, 7, 7, 8, 7, 7, 7, 7, 7, 7, 7, 7, 7, 7, 7, 7, 7, 6, 6, 6, 8, 7, 7, 11, 6, 6, 6, 2, 0, 8, 1, 17, 6, 6, 6, 6, 6, 6, 0, 8, 6, 8, 6, 6, 8, 6, 6, 6, 6, 6, 0, 6, 6, 5, 6, 10, 6, 2, 6, 8, 5, 6, 6, 10, 6, 5, 17, 6, 6, 6, 6, 10, 6, 8, 6, 6, 5, 9, 6, 6, 6, 10, 5, 6, 6, 6, 6, 6, 6, 5, 6, 6, 12, 6, 6, 16, 6, 6, 6, 6, 6, 5, 5, 6, 6, 6, 6, 18, 2, 2, 2, 2, 2, 2, 2, 2, 2, 2, 2, 2, 2, 6, 12, 4, 10, 4, 4, 4, 4, 4, 8, 15, 6, 12, 6, 6, 7, 13, 7, 12, 1, 4, 7, 6, 7, 7, 0, 0, 8, 0, 10, 8, 11, 19, 17, 11, 15, 15, 6, 4, 17, 17, 11, 11, 17, 4, 6, 6, 1, 5, 17, 17, 18, 8, 11, 13, 13, 11, 17, 10, 10, 15, 5, 5, 12, 7, 7, 7, 7, 17, 17, 17, 17, 17, 17, 15, 8, 8, 13, 11, 0, 17, 11, 15, 13, 17, 17, 11, 17, 11, 18, 10, 10, 17, 17, 0, 4, 9, 9, 9, 13, 9, 13, 7, 12, 11, 15, 17, 17, 15, 12, 14, 0, 20, 18, 7, 8, 17, 6, 17, 17, 17, 17, 17, 17, 17, 13, 10, 10, 17, 17, 6, 7, 5, 10, 9, 9, 7, 9, 9, 10, 9, 9, 9, 9, 9, 18, 17, 9, 10, 17, 17, 17, 10, 9, 9, 10, 17, 9, 9, 17, 9, 10, 9, 17, 17, 17, 17, 17, 11, 17, 17, 17, 17, 17, 17, 12, 7, 13, 12, 8, 19, 17, 17, 12, 17, 10, 19, 12, 17, 17, 10, 13, 9, 9, 9, 9, 10, 17, 5, 9, 8, 17, 15, 9, 9, 10, 10, 11, 9, 9, 9, 9, 12, 9, 9, 12, 9, 9, 10, 9, 9, 17, 9]"
jfreechart,7,seed7_solution053,seed7_solution053,0.54794894546447336925,1.7022105148821853327,0.89261615128070981307,0.56469107234343640656,0.54794894546447336925,-1.7022105148821853327,0.89261615128070981307,True,False,"[0, 1, 2, 3, 3, 2, 2, 2, 2, 1, 2, 2, 4, 5, 4, 6, 2, 2, 2, 7, 0, 0, 8, 2, 1, 2, 0, 0, 1, 0, 0, 0, 0, 0, 0, 0, 0, 0, 8, 0, 0, 0, 0, 0, 0, 0, 0, 0, 0, 4, 0, 4, 0, 0, 4, 0, 4, 4, 6, 6, 6, 4, 4, 8, 4, 4, 4, 4, 4, 4, 4, 4, 4, 4, 4, 4, 4, 4, 4, 6, 4, 4, 5, 4, 4, 9, 10, 6, 4, 4, 5, 4, 4, 0, 4, 4, 11, 4, 4, 4, 4, 4, 4, 2, 2, 2, 2, 2, 2, 2, 2, 2, 2, 2, 2, 2, 2, 2, 2, 2, 2, 2, 6, 2, 2, 2, 2, 4, 2, 2, 8, 5, 4, 0, 0, 2, 4, 4, 4, 2, 2, 2, 12, 6, 6, 6, 2, 5, 2, 2, 2, 2, 2, 2, 1, 2, 2, 2, 2, 2, 9, 0, 0, 4, 4, 2, 2, 2, 2, 2, 5, 9, 11, 8, 0, 0, 5, 0, 2, 2, 2, 2, 2, 2, 8, 2, 2, 10, 1, 10, 13, 12, 9, 0, 5, 5, 4, 6, 13, 10, 13, 9, 13, 5, 6, 6, 1, 1, 12, 6, 9, 10, 6, 10, 11, 13, 6, 9, 12, 10, 5, 5, 5, 14, 9, 6, 6, 6, 6, 6, 6, 6, 6, 6, 6, 6, 13, 1, 0, 5, 0, 1, 4, 0, 0, 0, 0, 5, 4, 4, 4, 6, 0, 0, 0, 0, 5, 0, 4, 4, 12, 5, 0, 0, 2, 2, 1, 1, 1, 1, 1, 1, 15, 0, 0, 0, 0, 0, 0, 4, 1, 0, 0, 0, 4, 5, 12, 0, 15, 2, 6, 6, 6, 6, 8, 6, 6, 6, 6, 6, 6, 6, 6, 6, 6, 6, 6, 6, 5, 5, 5, 8, 6, 8, 16, 5, 5, 5, 2, 0, 5, 10, 14, 5, 5, 5, 5, 5, 5, 5, 5, 5, 5, 5, 5, 5, 5, 5, 5, 5, 5, 0, 5, 16, 5, 1, 12, 5, 2, 5, 5, 5, 5, 5, 9, 5, 4, 11, 5, 5, 5, 5, 9, 5, 5, 5, 5, 4, 5, 5, 5, 5, 12, 4, 5, 5, 5, 5, 5, 5, 4, 5, 5, 13, 5, 5, 7, 5, 5, 5, 5, 5, 4, 4, 5, 5, 5, 5, 11, 2, 2, 2, 2, 2, 2, 2, 2, 2, 2, 2, 2, 2, 5, 13, 1, 13, 1, 1, 1, 1, 1, 8, 12, 5, 13, 4, 5, 6, 15, 6, 7, 15, 1, 6, 5, 6, 6, 0, 0, 8, 0, 9, 10, 9, 9, 16, 14, 10, 9, 5, 1, 11, 12, 14, 17, 14, 1, 5, 4, 18, 4, 12, 14, 5, 9, 9, 14, 8, 17, 12, 13, 13, 8, 4, 5, 10, 6, 6, 6, 5, 14, 14, 11, 12, 12, 12, 12, 16, 9, 12, 12, 0, 14, 13, 17, 10, 9, 14, 14, 14, 14, 19, 9, 10, 14, 11, 16, 1, 10, 10, 10, 14, 10, 10, 6, 14, 17, 17, 12, 11, 14, 11, 18, 0, 15, 18, 6, 5, 14, 5, 7, 11, 14, 9, 14, 11, 14, 16, 10, 13, 11, 19, 5, 6, 4, 9, 9, 9, 6, 9, 9, 10, 8, 14, 10, 10, 9, 13, 14, 10, 14, 17, 6, 14, 10, 9, 9, 10, 11, 14, 9, 10, 10, 10, 9, 17, 14, 14, 7, 12, 14, 14, 14, 14, 11, 9, 19, 0, 6, 7, 16, 9, 14, 11, 8, 13, 10, 13, 16, 14, 14, 11, 9, 10, 10, 9, 10, 10, 13, 9, 4, 10, 10, 11, 17, 10, 10, 13, 10, 17, 9, 8, 10, 9, 13, 9, 9, 13, 10, 11, 10, 9, 10, 9, 10]"
jfreechart,7,seed7_solution054,seed7_solution054,0.55040611562350694186,10.668447142934352811,0.92621321289529856546,0.56960057192984636654,0.55040611562350694186,-10.668447142934352811,0.92621321289529856546,True,False,"[0, 1, 2, 3, 3, 2, 2, 2, 2, 1, 2, 2, 4, 5, 4, 6, 7, 2, 2, 5, 7, 2, 8, 2, 1, 2, 7, 7, 1, 7, 7, 7, 7, 7, 7, 7, 7, 7, 8, 7, 7, 7, 7, 7, 7, 7, 7, 7, 7, 4, 7, 4, 7, 7, 4, 7, 4, 4, 6, 6, 6, 4, 4, 8, 8, 5, 4, 4, 4, 4, 4, 4, 4, 4, 4, 4, 4, 4, 4, 6, 0, 4, 4, 4, 4, 9, 9, 6, 5, 8, 4, 4, 4, 7, 4, 4, 4, 4, 4, 5, 4, 4, 4, 2, 2, 2, 2, 2, 2, 2, 2, 2, 2, 2, 2, 2, 2, 2, 2, 2, 2, 10, 6, 2, 2, 2, 2, 4, 2, 2, 4, 4, 4, 7, 7, 2, 4, 4, 4, 8, 2, 2, 6, 6, 6, 6, 2, 9, 2, 2, 2, 2, 2, 2, 1, 2, 2, 2, 2, 2, 8, 7, 7, 4, 4, 2, 2, 4, 2, 2, 5, 5, 6, 6, 7, 7, 5, 7, 2, 2, 2, 2, 2, 2, 2, 2, 2, 11, 1, 12, 11, 10, 12, 7, 5, 5, 4, 6, 10, 11, 11, 10, 11, 5, 5, 6, 1, 1, 10, 12, 10, 10, 6, 1, 1, 10, 6, 11, 12, 9, 5, 5, 5, 12, 6, 6, 6, 6, 6, 6, 6, 4, 6, 6, 6, 6, 2, 1, 7, 5, 7, 6, 4, 7, 7, 7, 1, 5, 4, 4, 4, 6, 7, 7, 7, 7, 5, 4, 4, 4, 7, 5, 7, 7, 2, 2, 8, 1, 1, 1, 1, 1, 13, 7, 7, 7, 7, 7, 7, 4, 1, 7, 7, 7, 4, 5, 14, 7, 13, 2, 6, 6, 6, 6, 6, 6, 6, 6, 6, 6, 6, 6, 6, 6, 6, 6, 6, 6, 5, 5, 5, 6, 6, 6, 14, 5, 5, 5, 2, 7, 5, 15, 10, 5, 5, 5, 5, 5, 5, 8, 5, 5, 5, 5, 5, 5, 5, 5, 5, 5, 5, 7, 5, 5, 5, 5, 16, 9, 5, 5, 5, 5, 5, 5, 10, 5, 4, 10, 5, 5, 5, 5, 12, 5, 6, 5, 5, 4, 10, 5, 5, 5, 11, 4, 5, 5, 5, 5, 5, 5, 4, 5, 5, 12, 5, 4, 7, 5, 5, 5, 5, 5, 4, 4, 5, 5, 5, 5, 17, 2, 2, 2, 2, 2, 2, 2, 2, 2, 2, 2, 2, 2, 5, 10, 1, 11, 1, 1, 1, 1, 1, 8, 12, 5, 10, 4, 5, 6, 18, 6, 14, 19, 1, 6, 5, 6, 6, 7, 7, 6, 7, 9, 9, 10, 19, 12, 10, 9, 18, 5, 14, 12, 19, 14, 11, 12, 1, 5, 4, 10, 4, 14, 14, 5, 10, 10, 10, 10, 10, 17, 11, 11, 4, 4, 5, 11, 6, 6, 4, 6, 14, 9, 11, 12, 10, 10, 18, 8, 4, 17, 11, 7, 19, 11, 10, 16, 9, 10, 10, 10, 12, 17, 12, 9, 14, 12, 7, 1, 9, 9, 9, 9, 0, 12, 6, 12, 14, 14, 9, 19, 11, 16, 9, 7, 8, 18, 6, 5, 14, 5, 12, 14, 12, 9, 17, 10, 10, 14, 11, 11, 8, 9, 5, 6, 4, 12, 9, 9, 9, 0, 9, 0, 8, 10, 0, 9, 14, 11, 10, 9, 10, 14, 12, 10, 9, 9, 9, 0, 12, 10, 9, 14, 9, 9, 9, 10, 10, 12, 14, 14, 10, 12, 9, 10, 16, 12, 17, 12, 6, 15, 14, 9, 12, 12, 12, 11, 9, 11, 9, 12, 14, 19, 11, 17, 9, 9, 9, 14, 11, 14, 4, 9, 9, 9, 11, 9, 9, 15, 10, 11, 9, 0, 0, 0, 16, 6, 9, 16, 10, 9, 9, 9, 9, 9, 12]"
jfreechart,7,seed7_solution055,seed7_solution055,0.56388642413487133354,3.5130292496838722016,0.92127330227733994494,0.5891114514046152939,0.56388642413487133354,-3.5130292496838722016,0.92127330227733994494,True,False,"[0, 1, 2, 3, 3, 2, 2, 2, 2, 1, 2, 2, 4, 5, 4, 6, 2, 2, 2, 5, 0, 2, 7, 2, 1, 2, 0, 0, 1, 0, 0, 0, 0, 0, 0, 0, 0, 0, 7, 0, 0, 0, 0, 0, 0, 0, 0, 0, 0, 4, 0, 4, 0, 0, 4, 0, 4, 3, 6, 6, 6, 5, 4, 7, 7, 5, 4, 4, 4, 4, 4, 4, 4, 4, 4, 7, 4, 4, 4, 6, 8, 4, 5, 4, 4, 9, 9, 6, 5, 7, 5, 4, 4, 0, 4, 4, 4, 7, 4, 5, 4, 4, 4, 2, 2, 2, 2, 2, 2, 2, 2, 2, 2, 2, 2, 2, 2, 2, 2, 2, 2, 10, 6, 2, 2, 2, 2, 4, 2, 2, 7, 4, 4, 0, 0, 2, 4, 4, 4, 2, 2, 2, 6, 6, 6, 6, 2, 5, 2, 2, 2, 2, 2, 2, 1, 2, 2, 2, 2, 2, 7, 0, 0, 4, 4, 2, 2, 2, 2, 2, 5, 1, 6, 5, 0, 0, 5, 0, 2, 2, 2, 2, 2, 2, 7, 2, 2, 11, 1, 12, 11, 11, 11, 0, 5, 5, 4, 6, 13, 11, 11, 13, 11, 5, 2, 6, 1, 1, 13, 12, 7, 10, 6, 1, 12, 13, 6, 11, 13, 9, 5, 4, 5, 12, 12, 6, 7, 6, 6, 6, 6, 4, 6, 6, 6, 6, 2, 1, 0, 5, 0, 6, 4, 0, 0, 0, 0, 5, 4, 4, 4, 6, 0, 0, 0, 0, 5, 4, 4, 4, 0, 5, 0, 0, 2, 2, 7, 1, 1, 1, 1, 1, 14, 0, 0, 0, 0, 0, 0, 4, 1, 0, 0, 0, 4, 5, 10, 0, 14, 2, 6, 6, 6, 3, 6, 6, 6, 6, 6, 6, 6, 6, 6, 10, 6, 6, 6, 6, 5, 5, 5, 6, 6, 6, 15, 5, 5, 5, 2, 0, 5, 13, 10, 5, 5, 5, 5, 5, 5, 6, 5, 5, 5, 5, 5, 5, 5, 5, 5, 5, 5, 0, 5, 5, 5, 5, 13, 5, 16, 5, 4, 5, 5, 5, 9, 5, 4, 11, 5, 5, 5, 5, 10, 5, 6, 4, 5, 4, 10, 5, 5, 5, 11, 4, 5, 4, 5, 5, 5, 5, 4, 5, 5, 11, 5, 4, 0, 5, 5, 5, 5, 5, 4, 4, 5, 5, 5, 5, 12, 2, 2, 2, 2, 2, 2, 2, 2, 2, 2, 2, 2, 2, 5, 11, 1, 11, 1, 1, 1, 1, 1, 7, 13, 5, 6, 4, 5, 6, 14, 6, 17, 16, 1, 6, 5, 6, 6, 0, 0, 7, 0, 9, 8, 11, 9, 15, 10, 9, 9, 5, 12, 7, 18, 15, 11, 1, 1, 5, 4, 11, 4, 2, 11, 5, 11, 11, 12, 7, 10, 18, 11, 11, 7, 4, 4, 11, 6, 6, 4, 6, 10, 9, 11, 10, 10, 10, 9, 15, 4, 13, 11, 0, 15, 11, 10, 13, 9, 10, 10, 10, 10, 18, 8, 9, 10, 11, 15, 1, 9, 8, 9, 9, 8, 11, 6, 10, 10, 15, 9, 7, 17, 0, 8, 0, 7, 19, 6, 5, 15, 5, 17, 15, 12, 9, 6, 10, 10, 15, 11, 11, 7, 9, 5, 6, 4, 9, 0, 9, 9, 8, 9, 8, 0, 10, 8, 8, 15, 11, 10, 8, 10, 15, 6, 10, 9, 9, 9, 8, 10, 10, 9, 9, 15, 8, 9, 10, 10, 10, 17, 10, 10, 10, 9, 10, 13, 9, 18, 0, 6, 17, 15, 9, 10, 10, 7, 11, 8, 11, 9, 10, 15, 10, 11, 11, 9, 8, 8, 15, 11, 9, 4, 8, 8, 9, 11, 9, 8, 11, 5, 11, 9, 8, 8, 8, 13, 6, 9, 13, 10, 9, 8, 8, 9, 8, 8]"
jfreechart,7,seed7_solution056,seed7_solution056,0.56702614156030306525,3.5310368006774162097,0.91690200208013661332,0.59144673988085405547,0.56702614156030306525,-3.5310368006774162097,0.91690200208013661332,True,False,"[0, 1, 2, 3, 3, 2, 2, 2, 2, 1, 2, 2, 4, 5, 4, 6, 2, 2, 2, 5, 0, 2, 7, 2, 1, 2, 0, 0, 1, 0, 0, 0, 0, 0, 0, 0, 0, 0, 7, 0, 0, 0, 0, 0, 0, 0, 0, 0, 0, 4, 0, 4, 0, 0, 4, 0, 4, 3, 6, 6, 6, 5, 4, 7, 7, 5, 4, 4, 4, 4, 4, 4, 4, 4, 4, 7, 4, 4, 4, 6, 8, 4, 5, 4, 4, 9, 9, 6, 5, 7, 5, 4, 4, 0, 4, 4, 4, 7, 4, 5, 4, 4, 4, 2, 2, 2, 2, 2, 2, 2, 2, 2, 2, 2, 2, 2, 2, 2, 2, 2, 2, 10, 6, 2, 2, 2, 2, 4, 2, 2, 7, 4, 4, 0, 0, 2, 4, 4, 4, 2, 2, 2, 6, 6, 6, 6, 2, 5, 2, 2, 2, 2, 2, 2, 1, 2, 2, 2, 2, 2, 7, 0, 0, 4, 4, 2, 2, 2, 2, 2, 5, 1, 6, 5, 0, 0, 5, 0, 2, 2, 2, 2, 2, 2, 7, 2, 2, 11, 1, 12, 11, 11, 12, 0, 5, 5, 4, 6, 13, 11, 11, 13, 11, 5, 2, 6, 1, 1, 13, 12, 7, 10, 6, 1, 12, 13, 6, 11, 13, 9, 5, 4, 5, 12, 12, 6, 7, 6, 6, 6, 6, 4, 6, 6, 6, 6, 2, 1, 0, 5, 0, 6, 4, 0, 0, 0, 0, 5, 4, 4, 4, 6, 0, 0, 0, 0, 5, 4, 4, 4, 0, 5, 0, 0, 2, 2, 7, 1, 1, 1, 1, 1, 14, 0, 0, 0, 0, 0, 0, 4, 1, 0, 0, 0, 4, 5, 10, 0, 14, 2, 6, 6, 6, 3, 6, 6, 6, 6, 6, 6, 6, 6, 6, 10, 6, 6, 6, 12, 5, 5, 5, 6, 6, 6, 15, 5, 5, 5, 2, 0, 5, 13, 10, 5, 5, 5, 5, 5, 5, 6, 5, 5, 5, 5, 5, 5, 5, 5, 5, 5, 5, 0, 5, 5, 5, 5, 13, 5, 16, 5, 4, 5, 5, 5, 9, 5, 4, 11, 5, 5, 5, 5, 10, 5, 6, 4, 5, 4, 10, 5, 5, 5, 11, 4, 5, 4, 5, 5, 5, 5, 4, 5, 5, 11, 5, 4, 0, 5, 5, 5, 5, 5, 4, 4, 5, 5, 5, 5, 12, 2, 2, 2, 2, 2, 2, 2, 2, 2, 2, 2, 2, 2, 5, 11, 1, 11, 1, 1, 1, 1, 1, 7, 13, 5, 6, 4, 5, 6, 14, 6, 17, 16, 1, 6, 5, 6, 6, 0, 0, 7, 0, 9, 8, 11, 9, 15, 10, 9, 9, 5, 12, 7, 18, 15, 11, 1, 1, 5, 4, 11, 4, 2, 11, 5, 11, 11, 12, 7, 10, 18, 11, 11, 7, 4, 4, 11, 6, 6, 4, 6, 10, 9, 11, 10, 10, 10, 9, 15, 4, 13, 11, 0, 15, 11, 10, 13, 9, 10, 10, 10, 10, 18, 8, 9, 10, 11, 15, 1, 9, 8, 9, 9, 8, 11, 6, 10, 10, 15, 9, 7, 17, 0, 8, 0, 7, 19, 6, 5, 15, 5, 17, 15, 12, 9, 6, 10, 10, 15, 11, 11, 7, 9, 5, 6, 4, 9, 0, 9, 9, 8, 9, 8, 0, 10, 8, 8, 15, 11, 10, 8, 10, 15, 6, 10, 9, 9, 9, 8, 10, 10, 9, 9, 15, 8, 9, 10, 10, 10, 17, 10, 10, 10, 9, 10, 13, 9, 18, 0, 6, 17, 15, 9, 10, 10, 7, 11, 8, 11, 9, 10, 15, 10, 11, 11, 9, 8, 8, 15, 11, 9, 4, 8, 8, 9, 11, 9, 8, 11, 5, 11, 9, 8, 8, 8, 13, 6, 9, 13, 10, 9, 8, 8, 9, 8, 8]"
jfreechart,7,seed7_solution057,seed7_solution057,0.59241689987031598275,1.3077381627520316965,0.88788038420901793657,0.6167518718745925721,0.59241689987031598275,-1.3077381627520316965,0.88788038420901793657,True,False,"[0, 1, 2, 3, 3, 2, 2, 2, 2, 1, 2, 2, 4, 5, 4, 6, 2, 2, 2, 5, 0, 2, 7, 2, 1, 2, 0, 0, 1, 0, 0, 0, 0, 0, 0, 0, 0, 0, 7, 0, 0, 0, 0, 0, 0, 0, 0, 0, 0, 4, 0, 4, 0, 0, 4, 0, 4, 4, 6, 5, 6, 4, 4, 6, 4, 4, 4, 4, 4, 7, 7, 4, 4, 4, 4, 4, 4, 4, 4, 6, 4, 4, 5, 4, 4, 8, 9, 6, 7, 4, 5, 4, 7, 0, 4, 4, 8, 7, 4, 4, 4, 4, 4, 2, 2, 2, 2, 2, 2, 2, 2, 2, 2, 10, 2, 2, 2, 2, 2, 2, 2, 2, 6, 2, 2, 2, 2, 7, 2, 2, 7, 4, 4, 0, 0, 2, 7, 4, 4, 2, 2, 2, 6, 6, 6, 6, 2, 5, 2, 2, 2, 2, 2, 2, 1, 2, 2, 2, 2, 2, 9, 0, 0, 4, 7, 2, 2, 9, 2, 2, 5, 5, 6, 6, 0, 0, 7, 11, 2, 2, 2, 2, 2, 2, 2, 2, 2, 8, 1, 10, 8, 9, 6, 0, 5, 7, 4, 6, 9, 8, 11, 8, 11, 5, 6, 6, 1, 1, 12, 6, 8, 9, 6, 8, 1, 13, 6, 8, 10, 9, 5, 6, 7, 10, 6, 6, 11, 6, 6, 6, 5, 4, 6, 6, 6, 5, 2, 1, 0, 5, 0, 6, 4, 0, 0, 0, 0, 6, 4, 7, 4, 5, 0, 0, 0, 0, 5, 0, 4, 4, 0, 5, 0, 0, 2, 2, 1, 1, 1, 1, 1, 1, 14, 0, 0, 0, 0, 0, 0, 4, 1, 0, 0, 0, 4, 5, 13, 0, 14, 2, 6, 6, 6, 6, 6, 6, 6, 6, 6, 6, 6, 6, 9, 6, 6, 6, 6, 6, 5, 5, 7, 6, 6, 5, 15, 5, 5, 5, 2, 0, 5, 8, 16, 5, 5, 7, 5, 7, 7, 6, 5, 5, 5, 5, 5, 5, 5, 5, 5, 5, 5, 0, 5, 5, 7, 5, 8, 5, 2, 5, 5, 5, 5, 5, 12, 5, 4, 8, 5, 5, 5, 5, 8, 5, 5, 6, 10, 4, 5, 5, 5, 5, 8, 7, 7, 5, 5, 5, 5, 5, 4, 5, 5, 9, 5, 5, 0, 5, 5, 5, 5, 5, 4, 4, 5, 5, 5, 5, 15, 2, 2, 2, 2, 2, 2, 2, 2, 2, 13, 2, 2, 2, 5, 11, 1, 11, 1, 1, 1, 1, 1, 7, 14, 5, 6, 4, 5, 5, 14, 6, 15, 15, 1, 5, 5, 6, 6, 0, 0, 7, 0, 8, 9, 8, 8, 15, 13, 8, 8, 5, 13, 10, 9, 10, 11, 10, 1, 5, 7, 10, 4, 9, 9, 5, 8, 8, 14, 7, 13, 16, 6, 10, 7, 4, 4, 9, 6, 6, 6, 5, 15, 10, 17, 13, 9, 15, 13, 18, 8, 13, 11, 0, 17, 11, 15, 9, 15, 14, 13, 15, 10, 9, 8, 8, 13, 9, 15, 1, 8, 8, 9, 10, 9, 9, 6, 8, 13, 16, 13, 13, 17, 10, 9, 0, 19, 17, 6, 5, 13, 16, 15, 18, 9, 16, 13, 13, 19, 15, 8, 10, 6, 15, 5, 6, 4, 8, 8, 9, 8, 8, 8, 9, 8, 13, 9, 9, 15, 11, 15, 8, 13, 13, 13, 8, 8, 8, 8, 9, 16, 13, 9, 10, 9, 10, 8, 10, 13, 13, 9, 10, 13, 9, 13, 10, 10, 8, 7, 0, 6, 10, 18, 8, 13, 13, 7, 11, 8, 9, 13, 13, 16, 13, 8, 9, 10, 9, 9, 9, 11, 8, 4, 10, 8, 8, 10, 9, 9, 13, 12, 12, 8, 9, 10, 8, 9, 6, 12, 8, 9, 8, 13, 9, 13, 10, 8]"
jfreechart,7,seed7_solution058,seed7_solution058,0.59968602825745687124,3.8888588246549753435,0.88591040725036040993,0.65125147268608929441,0.59968602825745687124,-3.8888588246549753435,0.88591040725036040993,True,False,"[0, 1, 2, 3, 3, 2, 2, 2, 2, 1, 2, 2, 4, 5, 4, 6, 2, 2, 2, 5, 0, 0, 7, 2, 1, 2, 0, 0, 1, 0, 0, 0, 0, 0, 0, 0, 0, 0, 0, 0, 0, 0, 0, 0, 0, 0, 0, 0, 0, 4, 5, 4, 0, 0, 5, 0, 4, 4, 5, 6, 6, 5, 4, 6, 4, 5, 4, 5, 4, 4, 4, 4, 4, 7, 4, 4, 4, 4, 4, 6, 4, 4, 4, 7, 4, 8, 9, 6, 5, 4, 5, 8, 4, 4, 4, 4, 4, 4, 4, 1, 4, 4, 4, 2, 2, 2, 2, 2, 7, 2, 2, 2, 2, 2, 4, 2, 2, 2, 2, 2, 2, 2, 6, 2, 2, 2, 2, 4, 2, 2, 5, 5, 4, 0, 0, 2, 4, 4, 4, 2, 2, 2, 10, 5, 6, 6, 2, 8, 2, 2, 2, 2, 2, 2, 1, 0, 2, 2, 2, 2, 11, 0, 0, 7, 4, 2, 2, 2, 2, 2, 5, 8, 6, 7, 0, 0, 5, 0, 2, 2, 2, 2, 2, 2, 2, 2, 2, 10, 1, 12, 3, 0, 10, 0, 5, 5, 4, 6, 12, 9, 7, 10, 12, 5, 5, 6, 1, 1, 9, 6, 12, 12, 6, 1, 1, 2, 6, 12, 9, 6, 5, 5, 5, 13, 8, 6, 7, 6, 9, 6, 6, 6, 6, 6, 6, 6, 2, 1, 1, 7, 0, 6, 4, 0, 14, 0, 1, 5, 4, 4, 4, 6, 0, 0, 0, 0, 5, 0, 4, 15, 1, 5, 0, 0, 4, 2, 15, 1, 1, 1, 1, 1, 0, 0, 0, 0, 0, 0, 0, 4, 1, 0, 0, 0, 5, 5, 15, 0, 16, 17, 6, 6, 6, 3, 7, 6, 6, 6, 6, 8, 6, 6, 8, 6, 6, 6, 6, 6, 5, 5, 5, 7, 6, 7, 15, 5, 5, 5, 2, 0, 7, 17, 13, 5, 5, 5, 5, 5, 5, 0, 7, 5, 7, 5, 5, 7, 5, 7, 5, 5, 4, 0, 5, 5, 4, 1, 9, 8, 5, 5, 7, 4, 5, 5, 6, 0, 4, 10, 5, 5, 5, 5, 9, 5, 7, 7, 5, 4, 8, 5, 8, 5, 10, 4, 5, 5, 5, 5, 17, 5, 4, 5, 5, 12, 5, 5, 16, 5, 5, 5, 5, 5, 4, 15, 5, 5, 5, 5, 18, 2, 2, 2, 2, 2, 2, 2, 2, 2, 2, 2, 2, 2, 4, 12, 1, 15, 1, 1, 1, 1, 6, 7, 18, 5, 12, 5, 2, 6, 11, 6, 1, 15, 1, 6, 5, 6, 6, 0, 0, 7, 0, 8, 7, 9, 19, 17, 11, 14, 15, 5, 1, 10, 10, 10, 10, 11, 1, 5, 5, 18, 4, 11, 10, 9, 7, 9, 13, 9, 11, 10, 9, 10, 7, 5, 4, 9, 6, 6, 6, 5, 10, 11, 10, 10, 11, 15, 14, 15, 9, 14, 11, 0, 17, 10, 15, 13, 11, 6, 15, 1, 11, 18, 9, 8, 10, 11, 11, 1, 9, 8, 8, 10, 9, 13, 5, 10, 10, 14, 10, 7, 15, 12, 13, 15, 15, 12, 6, 7, 14, 5, 10, 10, 14, 11, 14, 11, 11, 14, 10, 9, 10, 10, 5, 6, 4, 8, 8, 8, 8, 8, 6, 9, 8, 8, 8, 20, 8, 19, 7, 9, 8, 20, 6, 7, 9, 8, 3, 9, 11, 9, 8, 11, 8, 9, 8, 10, 11, 7, 10, 10, 10, 11, 10, 12, 12, 10, 10, 12, 5, 14, 10, 7, 10, 11, 10, 12, 8, 14, 19, 10, 10, 10, 17, 13, 9, 7, 8, 8, 11, 11, 4, 7, 7, 10, 10, 8, 9, 18, 9, 11, 8, 7, 9, 8, 12, 8, 7, 10, 8, 11, 9, 8, 8, 10, 9]"
jfreechart,7,seed7_solution059,seed7_solution059,0.60852501535731351456,4.4950702113234717316,0.85296490847998551743,0.63704302989216476938,0.60852501535731351456,-4.4950702113234717316,0.85296490847998551743,True,False,"[0, 1, 2, 3, 3, 2, 2, 1, 2, 1, 2, 2, 4, 5, 4, 6, 0, 2, 2, 5, 0, 0, 7, 2, 1, 2, 0, 0, 1, 0, 0, 0, 0, 0, 0, 0, 0, 0, 0, 0, 0, 0, 0, 0, 0, 0, 0, 0, 0, 4, 0, 4, 0, 0, 5, 0, 4, 4, 5, 6, 6, 5, 4, 7, 4, 5, 4, 5, 4, 4, 4, 4, 4, 4, 4, 4, 4, 4, 4, 6, 4, 4, 4, 4, 4, 8, 9, 6, 5, 4, 4, 4, 4, 4, 4, 4, 10, 4, 4, 1, 4, 4, 4, 2, 2, 2, 2, 2, 2, 2, 2, 2, 2, 2, 1, 2, 2, 2, 2, 2, 2, 2, 6, 2, 2, 2, 2, 4, 2, 2, 5, 5, 4, 0, 0, 2, 4, 4, 4, 2, 2, 11, 11, 5, 6, 6, 2, 8, 2, 2, 2, 2, 2, 2, 1, 0, 2, 2, 2, 2, 11, 0, 0, 4, 4, 2, 2, 2, 2, 2, 5, 8, 6, 7, 0, 0, 4, 0, 2, 2, 2, 2, 2, 2, 2, 2, 2, 12, 1, 12, 12, 0, 6, 0, 5, 5, 4, 6, 12, 12, 7, 13, 12, 5, 5, 6, 1, 1, 11, 6, 12, 12, 6, 1, 1, 12, 14, 12, 15, 6, 5, 5, 5, 15, 8, 6, 7, 6, 9, 6, 6, 6, 6, 6, 6, 6, 2, 1, 0, 7, 0, 1, 4, 0, 15, 0, 1, 6, 4, 4, 4, 6, 0, 0, 0, 0, 5, 0, 4, 13, 1, 5, 0, 0, 2, 2, 14, 1, 1, 1, 1, 1, 0, 0, 0, 0, 0, 0, 0, 4, 1, 0, 0, 0, 5, 13, 14, 0, 16, 2, 6, 6, 6, 6, 7, 6, 6, 6, 6, 8, 6, 6, 8, 6, 6, 6, 6, 6, 5, 5, 5, 7, 6, 7, 14, 5, 5, 5, 2, 0, 7, 17, 15, 5, 5, 5, 5, 5, 5, 0, 7, 5, 7, 5, 5, 7, 5, 7, 5, 5, 5, 0, 5, 18, 4, 1, 11, 8, 5, 5, 7, 4, 5, 5, 6, 5, 4, 10, 5, 5, 5, 5, 9, 5, 7, 7, 5, 4, 8, 5, 8, 5, 11, 4, 5, 5, 5, 5, 19, 5, 4, 5, 5, 12, 5, 5, 16, 5, 5, 5, 8, 5, 4, 14, 5, 5, 13, 5, 20, 2, 2, 2, 2, 2, 2, 2, 2, 2, 2, 2, 2, 2, 5, 12, 1, 14, 1, 1, 1, 1, 1, 7, 20, 5, 12, 5, 5, 6, 10, 6, 12, 13, 1, 6, 5, 6, 6, 0, 0, 7, 0, 9, 7, 11, 18, 19, 11, 14, 14, 5, 1, 10, 11, 11, 11, 10, 1, 5, 5, 17, 4, 11, 11, 20, 7, 11, 15, 15, 11, 11, 11, 11, 14, 5, 5, 12, 6, 6, 6, 5, 10, 11, 10, 11, 11, 11, 14, 7, 7, 15, 11, 0, 19, 11, 14, 15, 11, 15, 11, 15, 11, 20, 9, 9, 15, 10, 0, 1, 9, 9, 8, 15, 9, 15, 6, 12, 11, 14, 11, 10, 14, 12, 13, 14, 13, 19, 6, 7, 14, 5, 10, 10, 15, 10, 15, 10, 10, 15, 20, 12, 10, 10, 5, 6, 4, 9, 8, 8, 6, 8, 6, 9, 7, 8, 8, 19, 8, 20, 7, 9, 9, 19, 6, 15, 9, 8, 7, 9, 10, 9, 8, 10, 8, 9, 7, 11, 10, 7, 10, 11, 11, 10, 10, 12, 12, 10, 10, 12, 6, 15, 12, 7, 18, 10, 10, 12, 10, 15, 18, 12, 10, 10, 17, 15, 9, 7, 8, 8, 11, 10, 4, 7, 7, 10, 14, 10, 9, 17, 7, 11, 8, 7, 9, 7, 12, 8, 7, 12, 8, 10, 9, 8, 6, 10, 9]"
jfreechart,7,seed7_solution060,seed7_solution060,0.63391577366732643206,0.16156210259513595351,0.044708880524656338662,0.64594987717961738216,0.63391577366732643206,-0.16156210259513595351,0.044708880524656338662,True,False,"[0, 1, 0, 1, 0, 1, 0, 2, 0, 2, 0, 0, 1, 1, 0, 2, 0, 2, 1, 0, 1, 2, 1, 0, 1, 1, 2, 2, 0, 0, 2, 2, 2, 0, 2, 2, 1, 2, 0, 1, 0, 1, 1, 0, 1, 1, 1, 1, 0, 0, 1, 1, 2, 1, 0, 1, 2, 0, 0, 0, 2, 2, 0, 1, 0, 0, 2, 2, 2, 0, 1, 1, 2, 2, 0, 0, 0, 1, 1, 1, 0, 2, 0, 2, 1, 0, 0, 0, 1, 2, 1, 0, 2, 0, 1, 0, 2, 1, 1, 0, 2, 1, 0, 2, 1, 1, 0, 2, 1, 1, 0, 2, 2, 2, 1, 0, 1, 1, 1, 1, 0, 1, 0, 1, 1, 2, 0, 1, 1, 2, 2, 1, 0, 2, 0, 1, 2, 2, 2, 2, 0, 1, 2, 2, 1, 2, 0, 2, 2, 2, 1, 2, 2, 2, 2, 1, 0, 0, 2, 1, 0, 1, 2, 2, 1, 1, 0, 1, 1, 2, 0, 0, 2, 2, 2, 2, 1, 0, 2, 2, 0, 1, 0, 0, 0, 1, 0, 0, 0, 0, 0, 1, 1, 1, 2, 2, 2, 0, 2, 1, 2, 2, 0, 1, 0, 0, 1, 1, 1, 2, 0, 0, 0, 2, 0, 0, 1, 0, 0, 0, 1, 2, 0, 1, 2, 1, 2, 2, 0, 0, 0, 0, 2, 1, 2, 0, 2, 0, 0, 0, 1, 1, 2, 2, 1, 1, 0, 0, 0, 0, 0, 0, 1, 0, 1, 2, 0, 1, 2, 1, 0, 0, 0, 0, 1, 2, 0, 0, 1, 2, 2, 0, 2, 2, 2, 0, 0, 1, 1, 2, 2, 2, 0, 0, 1, 2, 1, 0, 1, 0, 0, 1, 1, 0, 2, 2, 0, 1, 2, 2, 1, 0, 2, 1, 0, 2, 1, 0, 2, 1, 1, 1, 1, 1, 2, 0, 1, 0, 1, 2, 2, 0, 0, 2, 0, 0, 2, 0, 2, 0, 2, 2, 1, 0, 0, 1, 2, 1, 2, 1, 2, 0, 1, 2, 0, 0, 1, 2, 2, 1, 2, 2, 0, 2, 2, 0, 1, 1, 2, 0, 0, 0, 1, 2, 2, 0, 0, 2, 0, 1, 2, 2, 1, 2, 2, 0, 2, 1, 1, 1, 1, 1, 2, 1, 1, 2, 2, 1, 0, 2, 2, 2, 2, 1, 2, 1, 1, 0, 2, 2, 0, 0, 0, 2, 2, 1, 0, 2, 0, 2, 0, 0, 0, 2, 0, 1, 1, 2, 0, 0, 2, 0, 0, 1, 0, 0, 0, 1, 1, 1, 0, 0, 1, 1, 0, 0, 2, 0, 1, 2, 1, 0, 2, 2, 0, 1, 1, 1, 2, 0, 1, 1, 2, 1, 2, 2, 0, 0, 2, 0, 2, 2, 0, 1, 2, 0, 1, 0, 0, 2, 1, 1, 0, 0, 2, 1, 2, 0, 0, 0, 2, 1, 2, 1, 1, 1, 1, 2, 1, 0, 0, 2, 0, 0, 1, 0, 1, 0, 1, 2, 0, 2, 2, 0, 1, 2, 0, 2, 0, 2, 1, 2, 1, 1, 2, 1, 2, 1, 0, 2, 0, 2, 1, 1, 1, 2, 1, 0, 1, 1, 1, 1, 2, 2, 1, 0, 0, 1, 1, 1, 0, 2, 1, 0, 2, 1, 1, 1, 2, 0, 2, 1, 1, 0, 2, 2, 2, 0, 0, 2, 1, 2, 2, 1, 2, 1, 0, 0, 0, 0, 0, 2, 0, 1, 0, 0, 0, 1, 0, 2, 0, 2, 0, 0, 0, 2, 1, 2, 2, 0, 2, 2, 1, 2, 1, 0, 1, 1, 2, 2, 2, 1, 1, 0, 1, 2, 2, 2, 2, 0, 1, 1, 0, 1, 1, 1, 0, 2, 0, 1, 1, 0, 1, 0, 1, 0, 0, 0, 2, 0, 1, 0, 0, 2, 0]"
jfreechart,7,seed7_solution062,seed7_solution062,0.64268650604054333719,1.0368231891429933178,0.83613001275327780704,0.66391202959944806139,0.64268650604054333719,-1.0368231891429933178,0.83613001275327780704,True,False,"[0, 1, 2, 3, 3, 2, 2, 1, 2, 1, 2, 2, 4, 5, 4, 6, 2, 2, 2, 5, 0, 2, 4, 2, 1, 2, 0, 0, 1, 0, 0, 0, 0, 0, 0, 0, 0, 0, 0, 0, 0, 0, 0, 0, 0, 0, 0, 0, 0, 4, 0, 7, 0, 0, 7, 0, 4, 4, 4, 5, 5, 7, 4, 6, 4, 5, 7, 4, 4, 7, 4, 4, 4, 4, 4, 4, 4, 4, 4, 6, 4, 4, 4, 7, 4, 8, 9, 6, 5, 4, 4, 4, 4, 4, 4, 4, 8, 4, 4, 4, 4, 4, 4, 2, 2, 2, 2, 2, 2, 2, 2, 2, 2, 2, 1, 2, 2, 2, 2, 2, 2, 2, 6, 2, 2, 2, 2, 4, 2, 2, 5, 7, 4, 0, 0, 2, 4, 7, 4, 2, 2, 10, 10, 6, 6, 6, 2, 8, 2, 2, 2, 2, 2, 2, 1, 2, 2, 2, 2, 2, 10, 0, 0, 4, 7, 2, 2, 9, 2, 2, 7, 8, 6, 7, 0, 0, 7, 10, 2, 2, 2, 2, 2, 2, 2, 2, 2, 11, 1, 12, 11, 0, 6, 0, 5, 7, 4, 6, 9, 11, 12, 13, 14, 5, 5, 6, 1, 1, 10, 6, 12, 11, 6, 1, 1, 14, 6, 9, 15, 6, 5, 5, 5, 13, 6, 6, 10, 6, 9, 6, 6, 6, 6, 6, 6, 6, 2, 1, 0, 7, 0, 1, 4, 0, 15, 0, 1, 6, 4, 7, 4, 5, 0, 0, 0, 0, 5, 0, 4, 5, 1, 7, 0, 0, 2, 2, 1, 1, 1, 1, 1, 1, 0, 0, 0, 0, 0, 0, 0, 4, 1, 0, 0, 13, 4, 5, 14, 0, 16, 2, 6, 6, 6, 6, 7, 6, 5, 6, 6, 8, 6, 6, 9, 6, 6, 5, 6, 6, 5, 5, 5, 7, 6, 7, 16, 5, 5, 5, 2, 0, 5, 17, 15, 5, 5, 7, 5, 5, 7, 0, 5, 5, 5, 5, 5, 5, 5, 5, 5, 5, 5, 0, 5, 5, 4, 1, 10, 8, 5, 5, 7, 4, 5, 5, 11, 5, 7, 12, 5, 5, 5, 5, 9, 5, 7, 6, 5, 4, 8, 5, 8, 5, 9, 7, 7, 5, 5, 5, 7, 5, 4, 5, 7, 9, 5, 5, 16, 5, 5, 5, 8, 5, 4, 7, 5, 5, 13, 5, 16, 2, 2, 2, 2, 2, 2, 2, 2, 2, 14, 2, 2, 2, 5, 14, 1, 12, 1, 1, 1, 1, 1, 7, 18, 5, 9, 5, 5, 6, 16, 6, 11, 13, 1, 5, 7, 6, 6, 0, 0, 7, 0, 8, 7, 11, 9, 19, 10, 14, 14, 5, 12, 12, 9, 10, 10, 12, 1, 5, 7, 12, 4, 9, 9, 18, 7, 10, 13, 15, 12, 10, 6, 12, 20, 4, 5, 9, 6, 5, 6, 5, 16, 12, 12, 9, 9, 16, 14, 6, 7, 14, 10, 0, 20, 16, 16, 15, 16, 15, 9, 15, 10, 9, 9, 9, 12, 9, 16, 1, 8, 9, 9, 15, 1, 15, 6, 11, 9, 20, 10, 12, 20, 11, 13, 14, 18, 19, 6, 5, 14, 5, 12, 16, 15, 12, 15, 12, 18, 15, 8, 12, 12, 16, 5, 6, 4, 8, 8, 8, 6, 8, 8, 16, 8, 8, 8, 19, 16, 18, 16, 9, 8, 16, 6, 8, 9, 8, 7, 9, 12, 9, 16, 12, 8, 9, 12, 12, 12, 7, 9, 10, 10, 12, 12, 11, 11, 9, 7, 17, 6, 12, 11, 8, 20, 9, 12, 12, 8, 15, 16, 11, 12, 12, 17, 9, 9, 6, 9, 8, 9, 9, 4, 7, 8, 12, 12, 16, 8, 17, 11, 10, 8, 8, 12, 7, 11, 8, 7, 11, 8, 12, 9, 8, 14, 12, 9]"
jfreechart,7,seed7_solution063,seed7_solution063,0.64285714285714290472,25.006380973492230879,0.77964685319600390834,0.67202432582015791951,0.64285714285714290472,-25.006380973492230879,0.77964685319600390834,True,False,"[0, 1, 0, 1, 1, 1, 0, 1, 2, 2, 2, 0, 1, 1, 1, 0, 3, 2, 2, 2, 1, 2, 2, 0, 1, 1, 2, 2, 0, 2, 2, 0, 2, 0, 1, 2, 1, 2, 2, 1, 1, 1, 1, 2, 1, 3, 1, 0, 0, 1, 1, 1, 2, 1, 2, 2, 2, 0, 0, 1, 2, 2, 2, 1, 0, 1, 1, 2, 2, 3, 1, 1, 0, 2, 2, 1, 0, 1, 1, 1, 1, 2, 1, 2, 1, 0, 0, 1, 4, 2, 4, 1, 2, 0, 2, 0, 0, 1, 2, 1, 2, 1, 0, 0, 1, 1, 0, 1, 1, 1, 1, 1, 2, 2, 2, 2, 1, 1, 1, 1, 0, 1, 0, 1, 1, 1, 0, 1, 0, 2, 2, 0, 0, 1, 0, 3, 2, 1, 2, 2, 0, 1, 0, 0, 2, 2, 0, 1, 2, 0, 1, 2, 2, 0, 2, 1, 2, 0, 1, 1, 0, 1, 0, 1, 0, 3, 1, 1, 1, 1, 0, 1, 2, 1, 2, 0, 1, 0, 1, 2, 0, 1, 2, 0, 0, 1, 2, 0, 1, 0, 1, 2, 2, 1, 1, 1, 1, 0, 0, 0, 2, 2, 0, 1, 2, 0, 0, 0, 0, 2, 0, 2, 0, 1, 0, 2, 1, 2, 0, 0, 1, 2, 1, 0, 2, 2, 2, 2, 0, 0, 0, 0, 2, 0, 1, 2, 2, 0, 1, 1, 1, 1, 2, 2, 1, 1, 0, 2, 1, 0, 0, 0, 1, 2, 1, 0, 0, 1, 2, 2, 0, 0, 0, 0, 0, 1, 0, 2, 2, 0, 2, 2, 2, 1, 1, 2, 1, 1, 1, 2, 1, 0, 0, 0, 1, 2, 0, 0, 2, 2, 2, 0, 1, 0, 0, 2, 0, 1, 2, 0, 2, 0, 2, 1, 0, 1, 1, 0, 2, 1, 1, 2, 1, 1, 2, 1, 1, 0, 0, 0, 2, 0, 0, 2, 0, 0, 2, 0, 2, 0, 2, 2, 1, 0, 0, 0, 0, 1, 2, 1, 1, 1, 0, 1, 0, 1, 1, 1, 1, 1, 2, 2, 0, 0, 0, 0, 2, 2, 2, 0, 1, 0, 1, 2, 2, 0, 0, 2, 0, 1, 2, 2, 2, 2, 2, 2, 2, 2, 2, 2, 1, 1, 2, 0, 1, 2, 2, 1, 3, 2, 1, 2, 2, 1, 1, 1, 1, 2, 2, 2, 0, 0, 3, 1, 0, 2, 0, 2, 0, 2, 0, 0, 0, 2, 2, 1, 1, 1, 2, 0, 2, 0, 1, 1, 0, 0, 1, 1, 1, 1, 0, 2, 1, 0, 0, 2, 2, 2, 1, 2, 0, 2, 2, 1, 1, 1, 1, 1, 1, 2, 1, 1, 2, 1, 2, 2, 0, 0, 2, 0, 0, 2, 1, 1, 2, 0, 1, 0, 0, 2, 1, 1, 0, 0, 2, 1, 2, 0, 2, 0, 2, 0, 1, 1, 1, 1, 2, 2, 2, 0, 1, 2, 0, 1, 2, 0, 1, 2, 2, 2, 0, 2, 0, 0, 2, 0, 0, 2, 1, 1, 1, 2, 2, 1, 1, 1, 0, 0, 0, 1, 0, 2, 1, 1, 1, 0, 1, 0, 1, 1, 1, 0, 2, 3, 1, 0, 0, 2, 1, 0, 0, 2, 0, 1, 0, 0, 3, 2, 1, 2, 0, 0, 1, 0, 2, 2, 2, 0, 0, 2, 1, 2, 1, 2, 2, 0, 0, 1, 0, 0, 1, 2, 2, 0, 1, 0, 1, 0, 2, 2, 0, 2, 0, 0, 2, 2, 1, 2, 2, 0, 2, 2, 2, 1, 0, 0, 2, 1, 2, 2, 2, 1, 1, 0, 1, 1, 2, 0, 2, 2, 1, 0, 1, 2, 1, 1, 0, 2, 2, 1, 1, 0, 1, 1, 1, 0, 1, 1, 0, 0, 0, 0, 0, 3, 2]"
jfreechart,7,seed7_solution064,seed7_solution064,0.64456351102313835799,0.16199522142177621986,0.10775612846964410796,0.65475877628626366622,0.64456351102313835799,-0.16199522142177621986,0.10775612846964410796,True,False,"[0, 1, 0, 1, 1, 1, 0, 1, 2, 1, 2, 1, 1, 0, 1, 0, 0, 2, 2, 2, 1, 0, 2, 1, 1, 1, 2, 1, 0, 2, 2, 0, 2, 0, 1, 2, 1, 0, 0, 1, 1, 1, 2, 2, 1, 2, 0, 0, 1, 1, 1, 1, 1, 0, 1, 2, 2, 1, 2, 1, 0, 0, 2, 0, 1, 1, 1, 2, 1, 0, 2, 1, 0, 2, 2, 1, 2, 1, 1, 2, 1, 0, 1, 0, 2, 2, 0, 1, 2, 0, 1, 1, 1, 0, 2, 0, 0, 1, 2, 1, 1, 2, 0, 0, 2, 1, 0, 1, 1, 1, 1, 1, 2, 1, 2, 2, 1, 1, 1, 0, 1, 1, 0, 1, 1, 2, 0, 0, 0, 2, 0, 0, 0, 1, 0, 2, 0, 1, 1, 2, 1, 1, 0, 0, 2, 2, 2, 1, 2, 0, 1, 1, 2, 0, 1, 1, 2, 0, 1, 0, 0, 2, 0, 1, 2, 1, 1, 1, 2, 1, 2, 1, 2, 1, 1, 0, 1, 0, 1, 0, 0, 1, 2, 1, 2, 1, 0, 0, 1, 0, 1, 2, 2, 0, 1, 1, 2, 0, 0, 0, 1, 2, 0, 1, 2, 0, 0, 0, 0, 2, 1, 2, 2, 1, 2, 2, 1, 2, 2, 1, 0, 0, 1, 0, 2, 2, 0, 2, 0, 0, 1, 2, 0, 0, 1, 2, 1, 1, 1, 1, 0, 1, 2, 1, 1, 0, 0, 2, 1, 2, 0, 1, 0, 2, 2, 0, 0, 1, 2, 2, 0, 1, 1, 0, 0, 1, 2, 2, 2, 0, 1, 2, 0, 1, 1, 2, 1, 0, 0, 2, 1, 0, 2, 0, 0, 0, 0, 0, 2, 2, 2, 0, 0, 1, 0, 1, 1, 0, 2, 0, 2, 0, 0, 1, 1, 1, 1, 2, 2, 2, 1, 2, 0, 1, 0, 1, 1, 2, 0, 0, 1, 1, 1, 0, 1, 0, 1, 1, 0, 0, 2, 2, 0, 0, 1, 0, 0, 2, 1, 1, 2, 1, 2, 1, 2, 1, 2, 1, 1, 1, 2, 2, 0, 0, 0, 2, 2, 2, 2, 1, 1, 1, 0, 1, 2, 0, 0, 0, 0, 1, 2, 1, 2, 2, 2, 1, 2, 2, 2, 2, 1, 2, 0, 0, 1, 2, 1, 1, 1, 2, 1, 1, 2, 1, 1, 1, 1, 2, 0, 0, 2, 2, 1, 1, 0, 2, 2, 0, 0, 1, 0, 0, 0, 2, 2, 1, 1, 1, 2, 2, 2, 0, 2, 0, 2, 0, 1, 0, 1, 1, 0, 2, 0, 0, 1, 2, 0, 2, 1, 1, 0, 2, 2, 1, 1, 1, 0, 1, 1, 2, 1, 1, 2, 0, 2, 0, 1, 0, 0, 1, 0, 2, 1, 1, 0, 1, 1, 1, 1, 2, 1, 2, 0, 0, 0, 0, 0, 2, 2, 2, 1, 0, 1, 1, 1, 2, 2, 1, 2, 1, 1, 0, 0, 1, 2, 0, 0, 2, 2, 0, 1, 1, 0, 0, 0, 1, 0, 2, 1, 1, 2, 1, 2, 1, 1, 0, 1, 0, 0, 1, 0, 2, 2, 2, 1, 0, 0, 1, 2, 1, 0, 0, 2, 2, 1, 0, 1, 2, 1, 0, 0, 0, 0, 1, 0, 0, 1, 2, 1, 2, 0, 1, 1, 1, 2, 2, 2, 0, 0, 2, 0, 1, 1, 2, 1, 0, 0, 1, 0, 0, 1, 0, 2, 1, 1, 0, 1, 0, 2, 1, 2, 0, 0, 0, 2, 2, 0, 2, 0, 0, 2, 2, 2, 1, 0, 0, 2, 1, 0, 2, 2, 2, 1, 2, 1, 1, 2, 2, 0, 2, 1, 0, 0, 1, 0, 1, 1, 0, 2, 1, 1, 1, 0, 1, 0, 1, 1, 1, 0, 2, 0, 0, 0, 1, 2]"
jfreechart,7,seed7_solution065,seed7_solution065,0.65585966828202857393,8.3952419682069852058,0.70822383690610568596,0.67508490266198895036,0.65585966828202857393,-8.3952419682069852058,0.70822383690610568596,True,False,"[0, 1, 0, 0, 1, 1, 0, 1, 2, 2, 2, 0, 1, 1, 0, 0, 2, 2, 1, 2, 1, 2, 1, 3, 1, 1, 2, 2, 0, 0, 2, 3, 2, 0, 1, 2, 3, 2, 2, 1, 1, 1, 1, 3, 0, 3, 1, 0, 0, 0, 1, 1, 1, 1, 2, 2, 2, 0, 0, 1, 2, 2, 2, 1, 0, 1, 1, 2, 2, 3, 1, 1, 0, 2, 0, 0, 0, 1, 1, 1, 0, 2, 1, 2, 1, 2, 0, 1, 4, 2, 4, 1, 2, 0, 2, 0, 0, 1, 2, 1, 2, 1, 0, 2, 1, 1, 0, 1, 1, 1, 1, 1, 2, 2, 2, 2, 3, 1, 1, 1, 0, 1, 0, 1, 1, 1, 0, 1, 0, 2, 3, 0, 0, 1, 0, 3, 2, 1, 1, 2, 2, 1, 3, 2, 2, 2, 0, 2, 2, 0, 1, 2, 2, 0, 2, 3, 0, 2, 2, 1, 0, 1, 2, 1, 1, 3, 1, 1, 1, 1, 0, 1, 2, 2, 2, 0, 1, 0, 1, 2, 3, 1, 2, 0, 0, 2, 2, 0, 0, 0, 0, 2, 2, 1, 1, 2, 1, 0, 0, 1, 2, 2, 0, 1, 2, 0, 1, 0, 0, 2, 0, 2, 0, 2, 0, 0, 1, 2, 0, 0, 1, 2, 1, 0, 2, 0, 2, 2, 0, 4, 0, 0, 2, 0, 2, 2, 2, 3, 1, 0, 1, 1, 3, 0, 1, 1, 0, 0, 1, 0, 0, 0, 1, 2, 1, 2, 0, 1, 2, 2, 0, 0, 1, 0, 0, 2, 0, 0, 1, 0, 2, 0, 0, 2, 1, 1, 1, 1, 1, 2, 3, 0, 0, 0, 1, 2, 0, 0, 1, 2, 2, 0, 1, 0, 0, 2, 0, 1, 2, 0, 2, 0, 2, 1, 0, 1, 1, 0, 2, 1, 1, 2, 1, 1, 2, 2, 1, 0, 1, 0, 2, 0, 0, 2, 0, 0, 2, 0, 2, 0, 2, 2, 1, 0, 0, 0, 0, 2, 2, 1, 1, 0, 0, 2, 0, 0, 1, 2, 1, 1, 2, 2, 0, 2, 0, 0, 2, 0, 2, 0, 2, 2, 1, 2, 2, 0, 0, 2, 0, 1, 2, 1, 2, 2, 2, 0, 2, 1, 2, 2, 1, 2, 2, 0, 3, 2, 2, 1, 3, 2, 1, 2, 3, 1, 2, 3, 1, 0, 0, 2, 0, 0, 3, 3, 0, 2, 0, 2, 0, 2, 0, 0, 0, 2, 3, 1, 1, 1, 0, 0, 2, 0, 1, 1, 0, 0, 0, 1, 1, 1, 0, 2, 1, 1, 0, 2, 2, 2, 1, 2, 0, 2, 2, 1, 0, 1, 3, 1, 1, 0, 1, 1, 3, 2, 2, 2, 0, 0, 2, 0, 2, 2, 1, 2, 2, 2, 1, 1, 0, 2, 1, 1, 0, 0, 2, 1, 2, 3, 2, 1, 2, 0, 2, 1, 1, 1, 2, 2, 1, 1, 0, 2, 0, 1, 1, 0, 1, 0, 2, 2, 0, 2, 0, 0, 2, 0, 0, 2, 1, 2, 1, 2, 1, 1, 1, 1, 0, 0, 0, 1, 0, 2, 1, 1, 1, 0, 1, 0, 1, 1, 1, 0, 1, 3, 1, 0, 0, 2, 3, 0, 0, 2, 0, 0, 0, 2, 3, 1, 1, 0, 0, 1, 1, 0, 2, 2, 2, 0, 0, 2, 1, 2, 1, 0, 2, 1, 0, 0, 0, 0, 1, 0, 2, 0, 1, 0, 0, 0, 2, 2, 0, 2, 0, 0, 2, 2, 1, 2, 2, 0, 2, 2, 2, 2, 0, 0, 1, 1, 2, 2, 3, 1, 1, 0, 1, 1, 2, 2, 2, 2, 1, 1, 1, 2, 0, 1, 3, 2, 2, 1, 1, 0, 1, 0, 1, 0, 2, 1, 0, 0, 0, 0, 0, 3, 0]"
jfreechart,7,seed7_solution066,seed7_solution066,0.67927103951948675231,24.969847780626970746,0.74561565962996223522,0.67966721659637130415,0.67927103951948675231,-24.969847780626970746,0.74561565962996223522,True,False,"[0, 1, 0, 0, 1, 1, 0, 2, 0, 2, 2, 0, 1, 1, 0, 2, 3, 2, 1, 0, 1, 2, 1, 0, 1, 1, 2, 2, 1, 0, 1, 2, 2, 0, 2, 2, 1, 2, 2, 1, 2, 1, 1, 0, 0, 3, 1, 0, 0, 0, 1, 1, 2, 1, 2, 1, 2, 0, 0, 1, 2, 2, 0, 1, 0, 3, 2, 2, 2, 3, 1, 1, 2, 2, 0, 0, 0, 1, 1, 1, 0, 2, 0, 2, 1, 0, 0, 1, 4, 2, 4, 1, 2, 0, 1, 0, 2, 1, 1, 0, 2, 1, 0, 2, 1, 1, 0, 1, 1, 1, 1, 2, 2, 2, 3, 0, 3, 1, 1, 1, 0, 1, 0, 1, 1, 1, 0, 1, 1, 2, 2, 0, 0, 2, 0, 3, 2, 2, 2, 2, 0, 1, 2, 2, 2, 2, 0, 2, 2, 3, 1, 2, 2, 1, 2, 1, 0, 0, 1, 1, 0, 1, 2, 2, 0, 3, 0, 1, 1, 2, 0, 0, 2, 2, 2, 2, 1, 0, 2, 2, 0, 1, 0, 0, 0, 1, 2, 0, 0, 0, 0, 2, 0, 1, 2, 2, 1, 0, 2, 1, 2, 2, 0, 1, 1, 0, 1, 0, 1, 2, 0, 0, 0, 2, 0, 0, 1, 0, 0, 0, 1, 2, 1, 3, 2, 0, 2, 2, 0, 0, 0, 0, 2, 0, 2, 0, 2, 0, 0, 0, 1, 1, 2, 2, 1, 1, 0, 0, 0, 0, 0, 0, 1, 0, 1, 2, 0, 1, 2, 1, 0, 0, 0, 0, 1, 2, 0, 0, 1, 2, 2, 0, 2, 2, 2, 0, 0, 1, 1, 2, 2, 2, 0, 0, 1, 2, 0, 0, 1, 1, 0, 0, 1, 0, 2, 2, 0, 1, 2, 2, 1, 0, 2, 1, 0, 2, 1, 0, 2, 1, 1, 1, 1, 1, 2, 2, 1, 0, 1, 1, 2, 0, 0, 2, 0, 0, 2, 0, 2, 0, 2, 2, 1, 0, 0, 1, 2, 1, 2, 1, 1, 0, 0, 2, 0, 0, 1, 2, 2, 1, 2, 2, 0, 3, 2, 0, 1, 1, 2, 0, 0, 0, 1, 2, 2, 0, 0, 2, 0, 1, 2, 2, 1, 2, 2, 2, 2, 1, 2, 1, 1, 1, 2, 1, 1, 2, 2, 1, 3, 2, 2, 2, 2, 1, 2, 1, 1, 0, 2, 2, 0, 0, 3, 2, 2, 1, 0, 2, 0, 2, 0, 0, 0, 2, 0, 1, 1, 1, 0, 0, 3, 0, 1, 1, 0, 0, 0, 1, 1, 1, 0, 0, 1, 1, 0, 1, 2, 0, 3, 2, 1, 0, 2, 2, 0, 1, 1, 1, 2, 0, 1, 1, 3, 1, 2, 2, 0, 0, 2, 0, 2, 2, 0, 1, 2, 0, 1, 0, 0, 2, 1, 1, 0, 0, 2, 1, 2, 0, 2, 0, 2, 0, 2, 1, 1, 1, 2, 2, 1, 0, 0, 2, 0, 1, 1, 0, 1, 0, 1, 2, 0, 2, 2, 0, 2, 0, 2, 2, 0, 2, 1, 2, 1, 1, 1, 1, 0, 1, 0, 2, 0, 2, 1, 1, 1, 2, 1, 0, 1, 1, 1, 1, 2, 3, 1, 0, 0, 1, 1, 1, 0, 2, 1, 0, 2, 1, 3, 1, 2, 0, 3, 0, 2, 0, 2, 2, 2, 0, 0, 2, 1, 2, 2, 0, 2, 1, 0, 0, 2, 0, 0, 2, 2, 0, 0, 0, 0, 1, 0, 2, 0, 2, 0, 1, 2, 2, 1, 2, 2, 0, 2, 2, 1, 3, 0, 0, 1, 1, 2, 2, 2, 1, 1, 0, 1, 1, 2, 0, 2, 0, 1, 1, 1, 2, 1, 0, 0, 2, 0, 0, 1, 0, 1, 0, 1, 0, 1, 1, 0, 0, 1, 0, 0, 3, 0]"
jfreechart,7,seed7_solution067,seed7_solution067,0.68391236093099450066,24.905633220582743093,0.67356670596475798352,0.7184896879687946436,0.68391236093099450066,-24.905633220582743093,0.67356670596475798352,True,False,"[0, 1, 0, 0, 1, 1, 0, 2, 0, 1, 2, 1, 3, 0, 0, 0, 3, 2, 2, 0, 1, 2, 3, 3, 2, 1, 2, 2, 0, 0, 1, 0, 3, 0, 1, 2, 1, 3, 2, 1, 1, 1, 0, 3, 0, 2, 1, 0, 0, 0, 1, 1, 2, 1, 1, 0, 0, 1, 0, 1, 2, 0, 2, 1, 1, 2, 1, 2, 2, 3, 1, 1, 0, 2, 0, 0, 2, 1, 1, 1, 1, 2, 1, 2, 2, 0, 0, 1, 4, 1, 4, 1, 2, 0, 1, 0, 0, 1, 1, 0, 2, 1, 0, 2, 3, 1, 0, 1, 1, 1, 1, 2, 2, 1, 3, 2, 3, 1, 1, 1, 0, 1, 0, 1, 1, 1, 0, 1, 1, 2, 3, 0, 0, 2, 0, 3, 2, 2, 1, 3, 0, 1, 3, 2, 2, 2, 2, 2, 2, 0, 1, 2, 2, 1, 2, 1, 3, 2, 1, 1, 2, 1, 0, 2, 0, 3, 0, 1, 1, 2, 0, 1, 2, 3, 2, 0, 1, 0, 1, 2, 3, 1, 0, 1, 0, 1, 2, 0, 0, 0, 0, 2, 0, 1, 1, 2, 1, 0, 2, 1, 1, 2, 0, 1, 2, 0, 1, 0, 0, 2, 1, 2, 3, 2, 2, 0, 1, 0, 0, 1, 1, 2, 1, 3, 2, 0, 2, 2, 0, 0, 1, 0, 2, 0, 1, 2, 2, 0, 0, 1, 1, 1, 2, 0, 1, 1, 0, 1, 0, 2, 0, 0, 1, 0, 2, 2, 0, 1, 3, 1, 0, 0, 1, 0, 1, 2, 0, 0, 1, 1, 2, 0, 2, 1, 2, 2, 0, 1, 1, 2, 2, 0, 2, 0, 1, 2, 0, 0, 1, 1, 0, 0, 0, 0, 2, 3, 1, 1, 2, 2, 1, 0, 2, 1, 1, 1, 1, 0, 2, 0, 1, 1, 1, 1, 0, 2, 1, 0, 1, 0, 2, 0, 0, 2, 0, 0, 1, 0, 2, 0, 2, 2, 1, 0, 2, 1, 2, 2, 2, 1, 1, 0, 2, 2, 2, 0, 1, 2, 2, 1, 2, 2, 0, 3, 2, 1, 2, 1, 2, 0, 1, 0, 1, 2, 2, 1, 0, 1, 0, 1, 2, 1, 2, 2, 2, 2, 2, 2, 2, 1, 1, 2, 2, 0, 1, 2, 2, 1, 3, 2, 2, 1, 3, 1, 2, 1, 1, 0, 2, 3, 2, 2, 3, 2, 2, 3, 0, 0, 0, 1, 0, 0, 0, 2, 0, 1, 1, 1, 0, 1, 2, 0, 2, 1, 0, 0, 0, 1, 1, 1, 0, 0, 0, 1, 0, 1, 0, 2, 3, 1, 0, 0, 2, 1, 0, 1, 1, 1, 2, 0, 0, 1, 2, 2, 0, 2, 0, 3, 0, 0, 0, 2, 1, 1, 2, 0, 1, 0, 1, 2, 1, 1, 0, 2, 2, 1, 0, 3, 2, 0, 2, 0, 2, 1, 1, 1, 2, 2, 2, 1, 2, 2, 3, 0, 1, 2, 1, 2, 1, 3, 0, 2, 2, 0, 2, 0, 2, 2, 0, 2, 1, 1, 1, 1, 1, 2, 1, 1, 0, 1, 0, 2, 1, 2, 1, 2, 1, 1, 2, 1, 1, 0, 1, 3, 1, 0, 0, 0, 1, 1, 0, 2, 1, 0, 3, 1, 3, 3, 1, 0, 0, 0, 2, 1, 2, 2, 2, 0, 0, 2, 0, 2, 2, 0, 2, 1, 0, 0, 2, 0, 1, 0, 2, 0, 1, 0, 0, 1, 0, 3, 0, 0, 0, 1, 2, 2, 0, 2, 2, 0, 3, 2, 1, 2, 0, 0, 1, 1, 2, 0, 2, 1, 1, 2, 1, 1, 3, 0, 0, 1, 1, 1, 1, 3, 0, 1, 3, 2, 0, 1, 1, 1, 3, 0, 3, 1, 1, 1, 0, 3, 1, 0, 0, 3, 2]"
jfreechart,7,seed7_solution068,seed7_solution068,0.69234181967101227073,4.2569357814870496526,0.63378734870049802108,0.68846146111074113527,0.69234181967101227073,-4.2569357814870496526,0.63378734870049802108,True,False,"[0, 1, 2, 0, 1, 1, 0, 3, 2, 1, 3, 0, 1, 0, 0, 2, 3, 2, 2, 2, 1, 2, 1, 3, 1, 1, 2, 2, 0, 0, 1, 3, 1, 0, 2, 2, 3, 2, 2, 1, 1, 1, 1, 3, 0, 3, 1, 0, 0, 0, 1, 1, 1, 1, 1, 1, 2, 2, 0, 1, 2, 2, 2, 1, 0, 3, 1, 2, 2, 3, 1, 1, 3, 3, 0, 1, 2, 1, 1, 2, 0, 2, 2, 2, 1, 2, 0, 1, 4, 2, 4, 1, 2, 0, 1, 0, 0, 1, 3, 1, 2, 1, 0, 2, 1, 1, 0, 1, 1, 1, 1, 2, 2, 1, 3, 2, 3, 2, 2, 1, 0, 1, 0, 1, 1, 1, 0, 1, 1, 2, 2, 0, 0, 1, 0, 3, 2, 1, 1, 2, 2, 1, 3, 2, 2, 2, 2, 2, 2, 2, 1, 2, 2, 1, 2, 3, 0, 0, 2, 0, 2, 1, 2, 2, 1, 3, 3, 1, 1, 2, 3, 1, 2, 2, 2, 2, 1, 0, 1, 3, 3, 1, 0, 0, 0, 2, 2, 0, 0, 0, 1, 2, 1, 2, 1, 2, 1, 1, 0, 1, 0, 2, 0, 1, 2, 0, 2, 2, 0, 2, 0, 1, 0, 2, 0, 2, 1, 2, 0, 0, 1, 2, 1, 0, 2, 0, 2, 2, 0, 4, 0, 0, 2, 0, 1, 2, 2, 0, 0, 0, 1, 1, 2, 2, 1, 1, 3, 1, 0, 0, 0, 1, 1, 0, 1, 2, 0, 1, 2, 2, 0, 0, 0, 0, 0, 2, 0, 2, 1, 2, 2, 0, 2, 2, 2, 0, 1, 1, 1, 2, 2, 2, 0, 0, 1, 2, 0, 0, 1, 1, 0, 0, 1, 0, 0, 2, 0, 0, 1, 2, 2, 0, 2, 1, 3, 2, 1, 3, 2, 1, 1, 2, 1, 1, 0, 2, 1, 0, 2, 0, 2, 0, 0, 2, 0, 0, 2, 0, 0, 3, 0, 2, 1, 0, 0, 0, 2, 2, 1, 1, 1, 1, 0, 1, 0, 0, 1, 2, 2, 1, 2, 2, 0, 2, 0, 0, 2, 2, 2, 3, 1, 0, 1, 2, 2, 0, 0, 2, 3, 1, 2, 1, 1, 2, 2, 2, 0, 1, 2, 2, 1, 1, 3, 1, 3, 2, 2, 1, 3, 2, 1, 2, 3, 1, 1, 1, 1, 3, 2, 2, 2, 2, 3, 3, 2, 1, 0, 2, 0, 2, 0, 0, 0, 3, 3, 1, 1, 1, 0, 0, 3, 0, 1, 1, 0, 2, 1, 0, 1, 2, 3, 2, 1, 3, 0, 1, 2, 2, 3, 2, 0, 0, 2, 3, 0, 1, 3, 1, 2, 0, 1, 1, 3, 2, 2, 2, 0, 3, 3, 0, 2, 2, 1, 2, 2, 0, 1, 0, 0, 4, 1, 1, 0, 2, 0, 1, 2, 0, 2, 0, 2, 0, 1, 1, 1, 3, 0, 2, 1, 0, 0, 2, 3, 1, 2, 0, 1, 0, 2, 2, 0, 2, 2, 0, 2, 0, 2, 2, 3, 2, 1, 2, 1, 0, 2, 1, 0, 0, 0, 1, 0, 2, 1, 1, 1, 2, 1, 0, 2, 1, 1, 1, 1, 3, 1, 0, 0, 2, 3, 1, 0, 2, 0, 0, 3, 2, 3, 2, 3, 0, 0, 0, 1, 0, 2, 2, 2, 0, 0, 2, 1, 2, 2, 2, 2, 1, 0, 0, 0, 0, 0, 0, 2, 0, 1, 0, 0, 0, 0, 2, 0, 2, 0, 0, 2, 2, 1, 2, 2, 2, 2, 2, 3, 2, 0, 0, 0, 1, 2, 2, 2, 1, 3, 0, 1, 1, 2, 0, 2, 1, 1, 0, 1, 2, 1, 1, 0, 2, 0, 0, 1, 1, 1, 0, 1, 0, 1, 1, 0, 1, 0, 0, 0, 3, 0]"
jfreechart,7,seed7_solution069,seed7_solution069,0.70261415603030508148,4.5406241880863955629,0.67004126582666223566,0.69261401611860862193,0.70261415603030508148,-4.5406241880863955629,0.67004126582666223566,True,False,"[0, 1, 2, 0, 1, 1, 0, 3, 2, 1, 3, 0, 1, 0, 0, 0, 3, 2, 2, 2, 1, 2, 2, 0, 1, 1, 2, 2, 0, 2, 1, 0, 2, 0, 1, 2, 1, 3, 2, 1, 2, 1, 1, 0, 0, 3, 1, 0, 0, 1, 3, 1, 1, 0, 2, 2, 2, 2, 0, 1, 2, 2, 2, 1, 1, 3, 1, 2, 2, 3, 2, 1, 3, 3, 2, 1, 0, 1, 1, 1, 0, 2, 2, 2, 1, 0, 0, 1, 4, 2, 4, 1, 2, 0, 1, 0, 0, 1, 1, 1, 2, 1, 0, 0, 1, 1, 0, 1, 1, 1, 1, 2, 2, 2, 3, 2, 1, 2, 2, 1, 0, 1, 0, 1, 1, 1, 0, 1, 1, 2, 2, 0, 0, 2, 0, 3, 2, 1, 2, 2, 0, 1, 0, 2, 2, 2, 0, 2, 2, 3, 1, 2, 2, 1, 2, 1, 2, 0, 1, 1, 0, 1, 0, 2, 0, 3, 0, 1, 2, 1, 0, 1, 2, 2, 2, 2, 1, 0, 1, 2, 3, 1, 2, 0, 0, 2, 2, 1, 3, 0, 1, 2, 2, 2, 1, 2, 1, 1, 0, 0, 2, 2, 0, 1, 2, 0, 2, 0, 0, 2, 0, 1, 0, 1, 2, 2, 1, 2, 0, 2, 1, 2, 1, 0, 2, 2, 2, 2, 0, 0, 0, 0, 2, 0, 1, 2, 2, 0, 0, 0, 1, 1, 2, 2, 1, 1, 3, 1, 1, 0, 0, 1, 3, 0, 3, 2, 3, 1, 2, 2, 0, 0, 0, 0, 0, 2, 0, 2, 2, 2, 1, 0, 2, 2, 1, 0, 1, 1, 1, 2, 2, 0, 0, 0, 1, 2, 0, 0, 2, 1, 3, 0, 1, 0, 0, 2, 0, 1, 1, 2, 2, 0, 2, 1, 0, 0, 1, 3, 2, 1, 1, 1, 1, 1, 0, 1, 1, 0, 2, 0, 2, 0, 0, 2, 0, 0, 2, 2, 2, 3, 2, 2, 1, 0, 0, 0, 2, 1, 2, 1, 1, 1, 0, 1, 1, 0, 1, 2, 1, 1, 2, 2, 0, 0, 0, 0, 2, 2, 2, 0, 1, 0, 1, 2, 2, 0, 0, 1, 3, 1, 2, 2, 1, 2, 2, 2, 2, 1, 2, 2, 1, 1, 3, 1, 3, 2, 2, 1, 3, 2, 1, 2, 2, 1, 1, 1, 1, 3, 2, 2, 0, 0, 3, 1, 0, 1, 0, 2, 0, 2, 0, 0, 0, 3, 2, 1, 1, 1, 2, 0, 0, 0, 1, 2, 0, 2, 1, 0, 1, 2, 3, 2, 1, 3, 0, 4, 2, 2, 3, 2, 0, 0, 2, 3, 0, 1, 1, 1, 2, 0, 1, 1, 3, 1, 2, 2, 0, 3, 3, 0, 0, 2, 1, 1, 2, 0, 0, 0, 0, 4, 1, 1, 0, 2, 2, 1, 2, 0, 2, 0, 2, 0, 1, 1, 1, 1, 2, 2, 2, 0, 1, 2, 0, 1, 2, 0, 1, 2, 2, 2, 0, 2, 0, 0, 2, 0, 2, 2, 1, 1, 1, 2, 1, 0, 1, 1, 0, 0, 0, 1, 0, 2, 1, 1, 1, 2, 1, 0, 2, 1, 1, 1, 2, 3, 1, 0, 0, 2, 1, 0, 0, 2, 0, 1, 0, 0, 3, 2, 3, 0, 3, 0, 1, 0, 2, 2, 2, 0, 0, 2, 1, 2, 1, 2, 2, 0, 0, 1, 0, 0, 0, 2, 2, 0, 1, 0, 0, 0, 2, 2, 0, 0, 0, 1, 2, 2, 1, 2, 2, 2, 2, 2, 3, 1, 0, 0, 0, 1, 1, 0, 2, 1, 3, 0, 1, 1, 2, 0, 2, 1, 1, 0, 1, 2, 1, 0, 0, 2, 0, 0, 1, 0, 1, 0, 1, 0, 1, 1, 0, 0, 0, 0, 0, 3, 0]"
jfreechart,7,seed7_solution070,seed7_solution070,0.71599208245170975484,0.19425852490499231906,0.3490916265537279406,0.70309976560398479428,0.71599208245170975484,-0.19425852490499231906,0.3490916265537279406,True,False,"[0, 1, 0, 1, 1, 0, 0, 2, 1, 1, 3, 1, 1, 0, 1, 2, 0, 2, 3, 2, 1, 3, 2, 1, 1, 3, 0, 1, 1, 3, 1, 0, 3, 2, 1, 0, 1, 2, 0, 1, 3, 1, 3, 3, 1, 3, 0, 0, 1, 2, 1, 1, 1, 0, 3, 3, 0, 3, 3, 1, 0, 1, 3, 1, 1, 2, 2, 3, 3, 0, 3, 1, 0, 2, 2, 1, 3, 1, 0, 3, 0, 0, 1, 0, 3, 3, 0, 1, 3, 0, 3, 1, 3, 0, 3, 0, 3, 1, 3, 1, 3, 3, 0, 0, 3, 1, 1, 1, 1, 1, 1, 3, 3, 1, 3, 3, 2, 1, 3, 0, 3, 1, 0, 3, 3, 3, 0, 0, 1, 2, 2, 0, 0, 1, 0, 2, 3, 1, 3, 0, 1, 1, 2, 3, 3, 3, 3, 1, 3, 0, 2, 1, 3, 1, 1, 1, 3, 0, 1, 3, 0, 3, 0, 1, 3, 1, 1, 1, 3, 3, 1, 1, 3, 0, 1, 0, 1, 0, 0, 3, 0, 1, 1, 1, 3, 1, 3, 0, 1, 3, 1, 3, 3, 0, 1, 1, 1, 1, 0, 0, 1, 3, 0, 1, 1, 0, 3, 0, 0, 3, 1, 1, 3, 3, 3, 2, 2, 0, 3, 3, 0, 1, 1, 0, 3, 0, 2, 3, 0, 1, 1, 1, 3, 0, 1, 3, 0, 1, 1, 2, 0, 1, 2, 0, 1, 0, 0, 3, 1, 3, 0, 1, 2, 3, 2, 0, 2, 0, 3, 2, 0, 1, 1, 0, 0, 1, 0, 3, 1, 1, 1, 3, 0, 1, 1, 1, 3, 0, 1, 3, 1, 0, 3, 0, 0, 0, 3, 0, 3, 3, 2, 0, 0, 3, 0, 1, 1, 0, 1, 0, 2, 0, 1, 2, 1, 1, 1, 3, 1, 0, 3, 3, 2, 2, 0, 3, 1, 3, 3, 0, 1, 3, 1, 0, 1, 1, 0, 1, 1, 0, 3, 2, 0, 0, 1, 0, 0, 3, 1, 1, 1, 0, 0, 1, 1, 1, 1, 1, 1, 1, 0, 3, 0, 2, 0, 3, 3, 3, 0, 1, 3, 1, 2, 2, 3, 1, 1, 1, 0, 1, 3, 1, 0, 3, 0, 3, 0, 3, 3, 3, 1, 3, 2, 0, 1, 3, 1, 1, 1, 3, 1, 1, 1, 1, 2, 2, 1, 3, 3, 3, 3, 0, 2, 1, 0, 3, 3, 2, 1, 0, 0, 0, 0, 2, 3, 1, 3, 1, 0, 1, 3, 3, 1, 3, 3, 3, 1, 0, 0, 1, 2, 3, 0, 2, 1, 1, 0, 2, 1, 1, 0, 3, 3, 1, 3, 1, 0, 1, 2, 3, 3, 1, 2, 0, 0, 0, 0, 0, 2, 1, 2, 3, 1, 1, 3, 1, 1, 1, 1, 3, 0, 1, 0, 0, 0, 2, 0, 3, 3, 1, 1, 0, 1, 1, 1, 2, 0, 3, 3, 2, 1, 3, 0, 1, 3, 2, 2, 3, 3, 0, 1, 3, 0, 0, 0, 1, 0, 3, 1, 1, 1, 1, 3, 0, 1, 3, 1, 0, 0, 1, 0, 3, 1, 3, 1, 1, 3, 0, 3, 0, 2, 0, 1, 3, 0, 0, 2, 0, 1, 0, 0, 3, 1, 1, 2, 0, 2, 3, 1, 1, 0, 0, 1, 1, 3, 2, 2, 0, 0, 2, 0, 0, 1, 0, 1, 2, 0, 1, 3, 0, 0, 0, 3, 1, 1, 0, 0, 3, 3, 3, 1, 0, 0, 0, 2, 0, 0, 3, 0, 3, 3, 3, 2, 1, 2, 3, 3, 1, 1, 3, 3, 1, 2, 1, 1, 1, 3, 0, 0, 1, 1, 0, 1, 1, 0, 1, 1, 1, 0, 1, 1, 1, 2, 0, 0, 2, 1, 1, 0, 3, 0, 0, 0, 2, 0]"
jfreechart,7,seed7_solution071,seed7_solution071,0.71745955907446590238,8.3732448982756757516,0.63327845540741722896,0.70069199245561097911,0.71745955907446590238,-8.3732448982756757516,0.63327845540741722896,True,False,"[0, 1, 0, 0, 1, 1, 0, 2, 0, 2, 2, 0, 1, 1, 0, 2, 2, 2, 1, 2, 1, 2, 1, 3, 1, 1, 2, 2, 0, 0, 2, 3, 1, 0, 2, 2, 3, 2, 2, 1, 1, 1, 1, 3, 0, 3, 1, 0, 3, 0, 1, 1, 1, 1, 1, 1, 2, 2, 2, 1, 2, 1, 2, 1, 0, 2, 2, 2, 2, 3, 1, 1, 0, 2, 0, 0, 2, 1, 1, 2, 0, 2, 1, 1, 1, 2, 0, 1, 4, 2, 4, 1, 2, 0, 1, 0, 2, 1, 1, 1, 1, 1, 0, 2, 1, 1, 0, 1, 1, 1, 1, 2, 2, 1, 3, 2, 3, 1, 1, 1, 0, 1, 0, 1, 1, 1, 0, 1, 1, 2, 3, 0, 0, 1, 0, 3, 2, 1, 1, 2, 2, 1, 3, 2, 2, 2, 2, 2, 2, 2, 1, 2, 3, 1, 2, 3, 0, 2, 2, 0, 2, 1, 2, 2, 1, 3, 3, 1, 1, 2, 3, 0, 2, 2, 2, 2, 1, 0, 1, 3, 3, 1, 0, 0, 0, 2, 2, 0, 0, 2, 0, 2, 1, 2, 1, 2, 1, 0, 2, 1, 0, 2, 0, 1, 1, 0, 1, 2, 0, 1, 0, 2, 0, 2, 0, 0, 1, 2, 0, 0, 1, 2, 1, 3, 2, 0, 2, 2, 0, 4, 0, 0, 2, 0, 2, 1, 2, 3, 0, 0, 1, 1, 3, 0, 1, 0, 0, 0, 0, 0, 0, 0, 1, 0, 1, 2, 0, 1, 2, 1, 0, 0, 1, 0, 0, 2, 0, 0, 1, 1, 2, 0, 0, 2, 2, 1, 1, 0, 1, 2, 3, 2, 0, 0, 1, 2, 0, 0, 1, 1, 0, 0, 1, 0, 2, 2, 1, 0, 2, 2, 2, 0, 2, 1, 3, 2, 1, 0, 2, 1, 3, 2, 1, 1, 2, 2, 1, 0, 1, 2, 2, 0, 0, 2, 0, 0, 2, 0, 0, 0, 0, 2, 1, 0, 0, 0, 1, 2, 1, 1, 1, 0, 2, 2, 0, 0, 1, 2, 2, 1, 2, 2, 0, 2, 2, 1, 2, 0, 2, 3, 2, 2, 0, 2, 2, 0, 1, 2, 0, 1, 2, 1, 3, 2, 2, 0, 0, 1, 2, 3, 1, 2, 2, 0, 3, 2, 1, 1, 3, 2, 1, 2, 3, 1, 2, 3, 1, 0, 0, 2, 2, 2, 3, 3, 2, 1, 0, 2, 0, 1, 0, 0, 0, 2, 3, 1, 1, 1, 0, 0, 3, 0, 1, 1, 0, 0, 0, 0, 1, 1, 3, 0, 0, 1, 0, 1, 2, 2, 3, 2, 0, 0, 2, 1, 0, 1, 3, 1, 2, 0, 1, 1, 3, 2, 2, 2, 0, 0, 3, 0, 2, 2, 0, 2, 3, 2, 1, 1, 1, 3, 1, 1, 0, 2, 0, 0, 2, 3, 2, 1, 2, 0, 2, 1, 2, 3, 0, 3, 1, 1, 0, 2, 3, 1, 1, 0, 1, 0, 2, 2, 0, 2, 2, 0, 2, 0, 2, 2, 3, 2, 1, 2, 1, 1, 2, 1, 0, 0, 2, 1, 0, 2, 1, 1, 1, 2, 1, 0, 2, 1, 1, 1, 1, 3, 1, 0, 0, 1, 3, 1, 0, 2, 0, 0, 3, 2, 3, 1, 1, 0, 0, 1, 1, 0, 2, 2, 2, 0, 0, 2, 1, 2, 2, 0, 2, 1, 0, 0, 2, 0, 0, 0, 2, 0, 1, 0, 0, 0, 0, 2, 1, 2, 0, 0, 2, 2, 0, 2, 0, 0, 2, 3, 3, 2, 0, 2, 1, 1, 2, 2, 3, 1, 1, 1, 1, 1, 2, 2, 2, 1, 1, 1, 1, 3, 0, 1, 3, 2, 0, 0, 1, 1, 1, 0, 3, 0, 2, 1, 0, 1, 1, 0, 0, 3, 0]"
jfreechart,7,seed7_solution072,seed7_solution072,0.71797146952426460498,0.16999959011365242678,0.25631584304451954237,0.76013886877032033063,0.71797146952426460498,-0.16999959011365242678,0.25631584304451954237,True,False,"[0, 1, 2, 0, 1, 1, 0, 3, 2, 1, 2, 1, 3, 0, 1, 0, 0, 2, 2, 3, 1, 2, 3, 1, 2, 1, 0, 3, 1, 3, 2, 0, 1, 3, 1, 0, 3, 3, 0, 1, 1, 1, 2, 2, 0, 3, 0, 0, 1, 3, 3, 1, 1, 0, 1, 0, 0, 2, 2, 1, 0, 1, 0, 0, 1, 3, 1, 2, 2, 0, 2, 1, 0, 3, 2, 1, 2, 1, 0, 2, 0, 0, 2, 0, 1, 2, 0, 1, 2, 0, 2, 1, 2, 2, 2, 0, 2, 3, 1, 1, 2, 1, 1, 2, 2, 1, 1, 1, 1, 1, 1, 1, 2, 1, 3, 2, 3, 1, 2, 3, 2, 1, 0, 2, 2, 1, 0, 1, 0, 3, 0, 0, 0, 1, 0, 2, 0, 1, 1, 0, 1, 1, 3, 2, 3, 2, 0, 3, 2, 0, 1, 1, 1, 0, 3, 1, 2, 2, 1, 0, 2, 1, 0, 3, 2, 3, 3, 1, 2, 2, 2, 1, 3, 1, 2, 1, 1, 3, 0, 0, 3, 2, 2, 1, 2, 2, 2, 0, 1, 2, 1, 2, 0, 0, 1, 1, 1, 0, 0, 0, 1, 2, 0, 3, 2, 1, 0, 3, 1, 1, 1, 1, 1, 2, 2, 2, 3, 2, 2, 1, 1, 1, 1, 3, 2, 2, 0, 2, 0, 1, 3, 1, 2, 0, 1, 1, 0, 3, 1, 3, 0, 1, 3, 0, 3, 0, 3, 2, 3, 2, 0, 1, 3, 2, 2, 0, 0, 1, 2, 2, 0, 1, 0, 2, 0, 2, 2, 3, 1, 1, 1, 2, 3, 1, 1, 2, 2, 0, 0, 2, 1, 0, 2, 0, 0, 0, 2, 0, 2, 2, 3, 0, 0, 1, 3, 2, 1, 0, 2, 2, 3, 0, 1, 3, 1, 0, 1, 2, 2, 0, 2, 0, 3, 1, 0, 2, 1, 2, 0, 1, 3, 1, 1, 1, 1, 1, 1, 1, 1, 0, 2, 3, 0, 0, 1, 0, 0, 2, 1, 1, 2, 1, 0, 1, 2, 0, 2, 1, 0, 1, 2, 0, 0, 3, 0, 2, 2, 2, 0, 1, 1, 1, 3, 3, 2, 0, 1, 1, 0, 1, 0, 1, 0, 2, 2, 1, 0, 2, 2, 2, 0, 2, 3, 0, 3, 2, 1, 1, 3, 2, 1, 1, 2, 1, 3, 3, 1, 2, 2, 2, 0, 0, 3, 1, 0, 3, 2, 3, 0, 1, 3, 0, 0, 2, 0, 1, 2, 1, 0, 1, 2, 2, 1, 0, 3, 2, 1, 0, 1, 2, 3, 2, 0, 0, 1, 1, 0, 2, 3, 1, 0, 2, 2, 1, 2, 0, 0, 1, 3, 0, 2, 1, 3, 2, 2, 0, 1, 3, 3, 2, 3, 2, 1, 1, 0, 2, 0, 1, 1, 2, 0, 2, 0, 0, 0, 0, 3, 2, 2, 1, 1, 0, 1, 1, 1, 3, 2, 1, 1, 3, 1, 0, 3, 1, 3, 3, 0, 2, 2, 2, 1, 1, 0, 0, 2, 0, 2, 0, 1, 3, 2, 1, 2, 1, 1, 0, 1, 0, 0, 1, 0, 0, 2, 2, 3, 1, 0, 0, 2, 1, 3, 0, 2, 2, 0, 2, 1, 0, 3, 0, 0, 0, 1, 2, 3, 2, 1, 2, 3, 2, 3, 0, 1, 1, 2, 2, 2, 0, 0, 2, 0, 0, 1, 0, 1, 0, 0, 1, 0, 0, 1, 0, 2, 0, 1, 0, 1, 2, 0, 2, 2, 0, 2, 1, 2, 2, 0, 2, 0, 2, 2, 2, 3, 3, 0, 0, 2, 2, 1, 0, 1, 2, 1, 1, 1, 1, 0, 2, 0, 1, 3, 1, 1, 2, 0, 1, 1, 0, 0, 0, 1, 1, 0, 1, 3, 3, 1, 1, 0, 3, 0, 0, 0, 3, 0]"
jfreechart,7,seed7_solution073,seed7_solution073,0.72919937205651486067,8.3776553646978051404,0.55526049438838454009,0.7438495508947489121,0.72919937205651486067,-8.3776553646978051404,0.55526049438838454009,True,False,"[0, 1, 0, 0, 1, 0, 0, 2, 2, 1, 2, 0, 3, 0, 0, 0, 3, 2, 2, 2, 1, 2, 3, 0, 1, 1, 2, 1, 1, 0, 1, 3, 1, 0, 0, 2, 1, 3, 2, 1, 1, 1, 0, 2, 0, 2, 0, 0, 3, 3, 2, 1, 1, 0, 2, 1, 2, 1, 2, 1, 0, 1, 2, 1, 1, 3, 3, 3, 2, 3, 2, 1, 0, 2, 0, 1, 2, 1, 0, 2, 1, 0, 2, 1, 1, 2, 0, 1, 4, 1, 4, 1, 2, 0, 1, 0, 0, 1, 2, 0, 2, 1, 1, 0, 3, 1, 1, 1, 1, 1, 1, 2, 2, 1, 3, 2, 3, 2, 1, 2, 2, 1, 0, 1, 2, 1, 0, 1, 1, 3, 3, 0, 0, 1, 0, 2, 3, 1, 1, 2, 3, 1, 3, 0, 3, 3, 2, 2, 2, 3, 1, 1, 3, 1, 2, 1, 2, 2, 1, 1, 2, 1, 2, 2, 0, 2, 3, 1, 1, 2, 1, 1, 2, 3, 2, 0, 1, 0, 1, 3, 3, 1, 1, 1, 2, 2, 3, 0, 0, 2, 1, 2, 0, 2, 2, 0, 1, 0, 0, 0, 0, 2, 0, 3, 2, 0, 2, 0, 0, 1, 1, 0, 3, 1, 0, 2, 1, 2, 2, 1, 1, 0, 1, 3, 2, 0, 0, 2, 2, 0, 0, 0, 2, 0, 1, 2, 3, 0, 0, 0, 1, 1, 3, 2, 1, 0, 0, 1, 1, 2, 0, 1, 0, 0, 3, 0, 0, 0, 3, 2, 0, 0, 1, 0, 0, 2, 0, 3, 1, 1, 2, 0, 0, 1, 3, 1, 1, 0, 1, 3, 3, 0, 2, 0, 1, 2, 0, 0, 2, 1, 3, 0, 1, 0, 0, 2, 1, 0, 2, 2, 1, 3, 2, 1, 1, 2, 3, 0, 2, 0, 2, 2, 3, 1, 2, 2, 1, 3, 2, 1, 1, 1, 0, 2, 1, 1, 2, 3, 0, 2, 2, 2, 0, 0, 2, 0, 1, 2, 1, 1, 1, 0, 0, 1, 0, 0, 1, 2, 2, 0, 0, 2, 0, 2, 0, 0, 2, 0, 2, 3, 1, 2, 1, 2, 2, 1, 0, 2, 0, 1, 0, 1, 2, 2, 2, 2, 0, 2, 1, 2, 1, 2, 2, 0, 3, 2, 2, 0, 3, 2, 2, 2, 3, 1, 1, 3, 1, 3, 2, 2, 2, 2, 1, 3, 2, 3, 0, 0, 1, 0, 0, 0, 0, 3, 3, 1, 1, 1, 0, 1, 3, 0, 2, 2, 3, 0, 0, 0, 1, 2, 3, 2, 0, 2, 0, 1, 2, 2, 3, 1, 0, 2, 2, 1, 2, 1, 1, 1, 3, 0, 1, 1, 3, 2, 0, 0, 0, 3, 3, 2, 2, 2, 0, 1, 2, 2, 1, 1, 1, 3, 0, 1, 0, 0, 0, 3, 2, 3, 2, 0, 2, 0, 0, 1, 1, 3, 0, 3, 1, 1, 2, 2, 3, 1, 0, 2, 3, 2, 2, 2, 0, 2, 0, 1, 2, 0, 2, 2, 3, 3, 2, 1, 3, 0, 1, 2, 0, 0, 2, 1, 0, 2, 1, 2, 1, 1, 2, 0, 2, 1, 1, 1, 1, 2, 0, 0, 1, 0, 3, 0, 0, 2, 0, 0, 2, 1, 3, 3, 1, 1, 0, 0, 2, 0, 3, 3, 3, 0, 0, 3, 1, 0, 2, 0, 2, 1, 0, 1, 2, 0, 1, 0, 2, 1, 1, 2, 0, 3, 0, 3, 1, 2, 0, 0, 3, 2, 0, 2, 0, 0, 3, 3, 1, 3, 0, 2, 2, 3, 2, 0, 3, 2, 1, 2, 3, 1, 2, 2, 0, 1, 1, 1, 1, 2, 1, 1, 3, 0, 0, 0, 1, 4, 3, 0, 3, 1, 2, 1, 0, 1, 0, 0, 0, 3, 0]"
jfreechart,7,seed7_solution074,seed7_solution074,0.73117875912906971081,8.3954880095544233143,0.61907993548485573676,0.71079989287153644284,0.73117875912906971081,-8.3954880095544233143,0.61907993548485573676,True,False,"[0, 1, 2, 0, 1, 1, 0, 3, 0, 2, 2, 0, 1, 0, 0, 0, 3, 2, 2, 2, 1, 2, 2, 0, 1, 1, 2, 2, 1, 0, 1, 3, 1, 0, 0, 2, 1, 3, 2, 2, 2, 1, 1, 2, 0, 3, 1, 3, 0, 3, 1, 1, 1, 0, 2, 1, 2, 2, 2, 1, 2, 2, 0, 1, 1, 3, 1, 2, 2, 3, 2, 1, 2, 2, 2, 1, 0, 1, 1, 1, 0, 2, 2, 2, 1, 0, 0, 1, 4, 2, 4, 1, 2, 0, 2, 0, 2, 1, 1, 0, 2, 1, 0, 0, 2, 1, 1, 1, 1, 1, 1, 2, 2, 2, 3, 2, 1, 2, 2, 1, 2, 1, 0, 1, 2, 1, 0, 1, 1, 2, 2, 0, 0, 1, 0, 3, 2, 1, 2, 2, 0, 1, 2, 2, 2, 2, 0, 2, 0, 3, 1, 1, 1, 1, 3, 3, 2, 0, 1, 0, 2, 1, 2, 2, 0, 3, 0, 1, 1, 2, 1, 1, 2, 0, 2, 2, 1, 0, 0, 2, 3, 1, 0, 0, 0, 2, 2, 1, 3, 0, 0, 2, 2, 2, 1, 2, 1, 1, 0, 0, 2, 0, 0, 3, 2, 0, 2, 3, 1, 2, 0, 0, 0, 2, 2, 2, 1, 0, 0, 2, 1, 2, 1, 0, 2, 2, 2, 0, 0, 0, 0, 0, 2, 0, 1, 2, 2, 0, 0, 0, 1, 1, 3, 2, 1, 1, 3, 1, 0, 0, 3, 0, 3, 0, 3, 2, 0, 1, 2, 3, 0, 0, 0, 0, 0, 2, 0, 0, 1, 2, 2, 0, 2, 2, 2, 1, 1, 1, 1, 2, 2, 0, 0, 0, 1, 2, 0, 0, 1, 1, 3, 0, 1, 0, 2, 2, 0, 3, 1, 2, 1, 0, 2, 1, 3, 0, 3, 3, 2, 1, 2, 1, 1, 1, 2, 1, 1, 0, 2, 0, 2, 0, 0, 2, 0, 1, 2, 2, 2, 0, 2, 2, 1, 0, 3, 0, 1, 1, 1, 1, 1, 1, 0, 3, 0, 0, 1, 2, 2, 0, 0, 2, 0, 0, 2, 0, 2, 2, 2, 0, 1, 2, 1, 2, 2, 1, 0, 1, 0, 1, 2, 2, 0, 2, 2, 2, 0, 1, 2, 2, 0, 1, 2, 0, 3, 2, 2, 0, 3, 2, 2, 2, 2, 1, 1, 1, 1, 3, 2, 2, 0, 0, 3, 1, 2, 3, 0, 2, 1, 2, 3, 0, 0, 3, 2, 1, 1, 1, 2, 0, 0, 2, 1, 2, 0, 2, 0, 0, 0, 2, 3, 2, 1, 3, 0, 4, 2, 3, 3, 0, 0, 0, 2, 3, 0, 1, 1, 1, 2, 0, 1, 1, 3, 1, 2, 0, 0, 3, 3, 0, 0, 2, 1, 1, 2, 0, 0, 0, 1, 2, 0, 1, 0, 2, 2, 3, 2, 0, 2, 1, 2, 0, 1, 1, 2, 1, 2, 2, 1, 0, 3, 2, 0, 1, 3, 0, 1, 3, 2, 2, 0, 2, 0, 0, 2, 0, 2, 2, 1, 1, 1, 2, 3, 0, 1, 2, 0, 1, 0, 1, 0, 2, 1, 1, 1, 1, 1, 0, 2, 1, 1, 1, 2, 3, 1, 0, 0, 1, 1, 0, 0, 2, 1, 0, 0, 2, 3, 3, 3, 0, 3, 0, 2, 0, 2, 3, 3, 0, 0, 3, 1, 2, 2, 0, 2, 1, 0, 1, 2, 0, 0, 2, 2, 0, 1, 2, 0, 2, 2, 2, 1, 2, 2, 1, 2, 2, 1, 2, 2, 2, 2, 2, 3, 3, 0, 0, 1, 1, 2, 0, 2, 1, 3, 1, 1, 1, 2, 0, 2, 1, 1, 0, 1, 2, 1, 0, 0, 2, 0, 0, 1, 0, 3, 0, 3, 0, 1, 1, 0, 0, 0, 2, 0, 3, 0]"
jfreechart,7,seed7_solution076,seed7_solution076,0.74646781789638927407,0.14785942078774036434,0.0093166610757474278143,0.75237727952972022205,0.74646781789638927407,-0.14785942078774036434,0.0093166610757474278143,True,False,"[0, 1, 2, 0, 1, 0, 0, 3, 1, 1, 3, 1, 3, 0, 0, 3, 3, 3, 2, 3, 1, 2, 3, 3, 2, 2, 0, 3, 1, 3, 1, 3, 2, 3, 0, 0, 3, 3, 2, 2, 2, 1, 0, 2, 0, 3, 0, 3, 3, 3, 3, 1, 1, 0, 2, 0, 0, 2, 0, 1, 0, 1, 0, 1, 1, 3, 3, 2, 2, 3, 2, 1, 3, 3, 3, 1, 2, 1, 0, 2, 0, 2, 2, 1, 1, 2, 0, 1, 0, 1, 2, 1, 2, 2, 2, 0, 2, 3, 1, 0, 2, 1, 1, 2, 2, 1, 1, 1, 1, 2, 1, 2, 1, 1, 3, 2, 3, 2, 2, 3, 2, 2, 0, 2, 2, 1, 3, 1, 1, 3, 3, 0, 1, 1, 0, 3, 2, 1, 2, 0, 2, 1, 3, 2, 3, 2, 0, 3, 0, 3, 3, 0, 1, 1, 3, 3, 2, 2, 3, 2, 2, 1, 0, 3, 0, 3, 3, 1, 2, 2, 1, 1, 3, 0, 2, 1, 1, 3, 0, 2, 3, 2, 1, 1, 2, 2, 2, 1, 3, 2, 1, 2, 0, 2, 2, 0, 1, 1, 0, 0, 0, 0, 0, 3, 1, 1, 2, 3, 1, 1, 1, 1, 1, 2, 2, 3, 3, 0, 2, 2, 1, 1, 1, 3, 2, 0, 3, 0, 2, 1, 3, 1, 2, 0, 2, 1, 0, 3, 0, 3, 1, 1, 3, 0, 3, 1, 3, 1, 3, 2, 0, 1, 3, 0, 3, 3, 3, 0, 2, 3, 0, 0, 0, 2, 0, 2, 0, 3, 1, 1, 2, 2, 3, 2, 1, 1, 2, 0, 1, 1, 3, 0, 2, 0, 3, 0, 2, 0, 2, 1, 3, 0, 1, 2, 3, 2, 1, 3, 1, 2, 3, 2, 1, 3, 3, 0, 3, 3, 1, 0, 2, 0, 3, 3, 2, 2, 1, 2, 2, 1, 3, 2, 1, 1, 0, 1, 0, 2, 1, 3, 0, 3, 0, 0, 3, 0, 1, 2, 1, 1, 1, 0, 0, 3, 1, 0, 1, 1, 0, 0, 0, 0, 0, 3, 0, 1, 2, 0, 0, 3, 2, 2, 3, 3, 3, 1, 1, 1, 3, 1, 0, 1, 0, 2, 0, 2, 0, 2, 2, 2, 0, 1, 3, 0, 3, 3, 1, 0, 3, 1, 3, 1, 1, 1, 3, 3, 1, 3, 2, 2, 0, 0, 3, 1, 0, 3, 1, 3, 1, 0, 3, 0, 0, 3, 0, 1, 2, 1, 0, 1, 0, 2, 1, 2, 3, 2, 1, 0, 0, 2, 3, 2, 0, 3, 0, 1, 0, 3, 3, 0, 0, 2, 2, 3, 2, 0, 3, 1, 3, 0, 2, 3, 3, 2, 0, 0, 0, 3, 3, 2, 3, 2, 1, 2, 2, 2, 0, 1, 1, 2, 0, 1, 0, 2, 0, 3, 3, 3, 2, 1, 2, 0, 0, 1, 2, 3, 0, 2, 1, 3, 3, 2, 3, 1, 3, 3, 3, 3, 2, 2, 0, 2, 0, 1, 2, 0, 2, 0, 3, 3, 1, 1, 3, 0, 1, 2, 0, 1, 2, 1, 3, 0, 1, 2, 3, 1, 2, 0, 2, 0, 3, 0, 1, 3, 0, 2, 1, 0, 3, 0, 0, 2, 1, 2, 3, 2, 3, 3, 3, 1, 3, 0, 2, 0, 1, 3, 3, 0, 2, 3, 1, 0, 2, 0, 1, 3, 0, 1, 2, 0, 0, 0, 2, 0, 1, 2, 0, 2, 0, 2, 1, 0, 2, 1, 3, 0, 0, 2, 1, 2, 2, 2, 3, 3, 3, 2, 0, 2, 1, 0, 1, 2, 3, 1, 3, 3, 0, 0, 0, 1, 3, 1, 1, 2, 2, 0, 3, 1, 0, 0, 1, 1, 3, 0, 3, 3, 2, 1, 0, 3, 0, 2, 3, 3, 0]"
jfreechart,7,seed7_solution077,seed7_solution077,0.74684321889290838925,0.39092856972326062159,0.39704407222371496111,0.76401084445598232975,0.74684321889290838925,-0.39092856972326062159,0.39704407222371496111,True,False,"[0, 1, 2, 3, 3, 2, 2, 4, 2, 1, 5, 4, 1, 6, 5, 5, 0, 2, 2, 4, 5, 2, 2, 2, 1, 2, 0, 2, 1, 0, 0, 0, 0, 0, 0, 0, 0, 0, 7, 6, 0, 0, 0, 0, 0, 0, 2, 0, 0, 4, 4, 4, 1, 0, 5, 0, 7, 3, 3, 6, 4, 7, 5, 5, 7, 4, 4, 3, 8, 4, 7, 4, 9, 8, 4, 5, 3, 7, 5, 6, 8, 4, 7, 7, 8, 10, 1, 5, 4, 9, 6, 9, 4, 0, 5, 5, 8, 7, 4, 4, 4, 3, 4, 2, 2, 2, 2, 2, 8, 2, 3, 2, 2, 2, 6, 6, 3, 5, 2, 2, 2, 3, 5, 10, 1, 2, 2, 5, 4, 0, 7, 5, 5, 0, 0, 2, 5, 5, 5, 2, 6, 2, 3, 6, 4, 5, 2, 2, 2, 3, 2, 3, 2, 1, 1, 2, 3, 1, 2, 2, 11, 2, 0, 4, 9, 2, 2, 2, 5, 2, 5, 1, 5, 6, 0, 2, 4, 0, 2, 2, 2, 2, 2, 2, 7, 2, 6, 10, 1, 10, 3, 11, 8, 0, 6, 8, 5, 6, 3, 10, 10, 11, 10, 4, 2, 6, 1, 1, 10, 5, 10, 10, 0, 1, 1, 2, 5, 10, 9, 8, 6, 4, 5, 11, 6, 6, 1, 2, 5, 6, 5, 5, 8, 6, 6, 5, 2, 1, 1, 6, 0, 6, 0, 0, 0, 0, 0, 6, 7, 5, 9, 5, 0, 0, 3, 0, 6, 0, 10, 4, 3, 1, 8, 0, 5, 8, 7, 10, 1, 1, 1, 5, 0, 1, 0, 0, 0, 1, 0, 9, 1, 0, 0, 6, 1, 7, 8, 0, 0, 0, 5, 6, 8, 3, 5, 6, 5, 4, 6, 0, 6, 4, 5, 4, 4, 3, 5, 1, 5, 6, 4, 5, 6, 2, 8, 4, 5, 6, 10, 0, 5, 11, 2, 6, 4, 4, 6, 5, 3, 5, 4, 5, 1, 8, 4, 6, 6, 4, 6, 6, 5, 0, 4, 7, 6, 4, 11, 4, 1, 5, 9, 6, 4, 5, 3, 0, 4, 0, 5, 6, 6, 6, 10, 6, 3, 4, 6, 5, 6, 6, 5, 6, 5, 4, 4, 4, 6, 6, 6, 9, 7, 6, 4, 4, 4, 4, 0, 7, 6, 4, 6, 4, 5, 7, 1, 1, 4, 5, 12, 2, 2, 2, 2, 2, 2, 2, 2, 2, 2, 2, 2, 2, 4, 8, 1, 7, 1, 1, 5, 1, 1, 5, 5, 5, 6, 4, 2, 0, 11, 4, 1, 7, 1, 5, 4, 7, 5, 0, 6, 6, 0, 9, 3, 7, 11, 11, 11, 0, 10, 6, 11, 7, 11, 12, 11, 1, 1, 9, 0, 6, 3, 2, 7, 6, 7, 10, 7, 7, 12, 12, 10, 11, 9, 6, 4, 11, 6, 5, 4, 5, 7, 11, 7, 4, 1, 12, 10, 12, 5, 11, 11, 0, 12, 11, 10, 11, 11, 6, 12, 1, 11, 10, 9, 0, 5, 11, 12, 1, 9, 8, 2, 10, 9, 10, 9, 11, 11, 12, 11, 10, 3, 5, 8, 0, 0, 6, 6, 0, 1, 4, 0, 12, 8, 8, 6, 0, 11, 7, 3, 10, 4, 8, 6, 10, 9, 9, 0, 0, 9, 8, 10, 8, 0, 9, 8, 9, 8, 4, 10, 9, 8, 0, 7, 7, 9, 2, 3, 9, 1, 9, 5, 9, 1, 8, 8, 10, 2, 7, 11, 7, 11, 7, 8, 11, 7, 10, 1, 0, 6, 8, 12, 9, 2, 4, 12, 7, 9, 1, 11, 11, 12, 11, 10, 10, 9, 9, 8, 8, 10, 11, 4, 9, 0, 9, 10, 8, 9, 11, 4, 10, 9, 9, 10, 8, 10, 6, 8, 10, 9, 9, 9, 9, 9, 4, 9]"
jfreechart,7,seed7_solution079,seed7_solution079,0.76588628762541810513,8.3830194015841872357,0.56207457855311671047,0.73106475368909351609,0.76588628762541810513,-8.3830194015841872357,0.56207457855311671047,True,False,"[0, 1, 0, 0, 1, 0, 0, 2, 0, 2, 2, 0, 1, 0, 0, 2, 3, 2, 2, 0, 1, 2, 1, 0, 1, 1, 2, 2, 1, 0, 1, 3, 1, 3, 0, 0, 3, 3, 2, 2, 2, 1, 1, 2, 0, 3, 0, 3, 3, 3, 1, 1, 1, 0, 2, 1, 2, 2, 2, 1, 0, 1, 0, 1, 0, 3, 3, 2, 2, 3, 2, 1, 2, 2, 0, 1, 0, 1, 0, 2, 0, 2, 2, 1, 1, 0, 0, 1, 4, 2, 4, 1, 2, 0, 2, 0, 2, 1, 1, 0, 2, 1, 0, 2, 2, 1, 1, 1, 1, 1, 1, 2, 2, 1, 3, 2, 3, 2, 1, 1, 2, 2, 0, 1, 2, 1, 0, 1, 1, 3, 2, 0, 0, 1, 0, 3, 2, 1, 2, 2, 2, 1, 2, 2, 3, 2, 0, 3, 0, 3, 1, 1, 1, 1, 3, 3, 2, 0, 3, 1, 2, 1, 2, 2, 0, 3, 0, 1, 1, 2, 1, 1, 2, 0, 2, 2, 1, 0, 0, 2, 3, 1, 0, 1, 0, 2, 2, 1, 3, 0, 0, 2, 0, 2, 2, 0, 1, 1, 0, 0, 0, 0, 0, 3, 1, 0, 2, 3, 1, 1, 1, 0, 1, 2, 0, 0, 1, 0, 2, 0, 1, 2, 1, 3, 2, 0, 2, 0, 2, 0, 0, 0, 2, 0, 2, 1, 2, 0, 0, 0, 1, 1, 3, 2, 3, 1, 0, 1, 0, 0, 3, 0, 3, 0, 3, 2, 0, 1, 2, 3, 0, 0, 0, 2, 0, 2, 0, 0, 1, 1, 2, 0, 2, 2, 2, 1, 0, 1, 1, 2, 3, 2, 0, 0, 1, 2, 0, 0, 1, 1, 3, 0, 1, 0, 2, 2, 1, 3, 1, 2, 1, 0, 2, 1, 3, 2, 3, 0, 1, 1, 2, 1, 3, 1, 2, 2, 1, 2, 2, 1, 2, 0, 0, 2, 0, 1, 2, 2, 2, 0, 0, 2, 0, 0, 3, 0, 1, 1, 1, 1, 1, 0, 0, 3, 0, 0, 1, 2, 2, 0, 0, 2, 0, 3, 2, 0, 2, 0, 2, 0, 2, 2, 1, 2, 2, 1, 1, 2, 0, 1, 0, 1, 0, 2, 2, 2, 0, 2, 2, 2, 0, 1, 2, 0, 3, 2, 2, 0, 3, 2, 2, 2, 2, 1, 2, 3, 1, 3, 2, 2, 0, 0, 3, 2, 2, 3, 0, 3, 1, 0, 3, 0, 0, 3, 3, 1, 2, 1, 0, 1, 3, 2, 1, 1, 3, 2, 0, 0, 0, 1, 3, 2, 1, 3, 0, 1, 2, 3, 3, 0, 0, 2, 2, 3, 2, 0, 1, 1, 3, 0, 1, 1, 3, 2, 2, 0, 0, 3, 3, 2, 2, 2, 0, 1, 2, 2, 1, 1, 1, 2, 0, 1, 0, 0, 0, 3, 2, 3, 2, 1, 2, 0, 2, 1, 2, 3, 0, 2, 1, 0, 3, 2, 3, 1, 3, 3, 3, 3, 2, 2, 0, 2, 2, 1, 2, 0, 2, 2, 3, 3, 1, 2, 3, 0, 1, 2, 0, 1, 2, 1, 3, 2, 1, 2, 1, 1, 2, 0, 2, 1, 1, 1, 1, 3, 0, 0, 0, 1, 3, 1, 0, 2, 1, 0, 2, 2, 3, 3, 3, 1, 3, 0, 2, 0, 2, 3, 3, 0, 0, 3, 1, 0, 2, 0, 2, 1, 0, 0, 2, 0, 0, 0, 2, 0, 1, 2, 0, 2, 0, 2, 1, 2, 2, 1, 2, 2, 0, 2, 2, 2, 2, 2, 1, 3, 0, 2, 1, 1, 2, 0, 1, 1, 1, 1, 1, 1, 2, 0, 2, 1, 1, 1, 1, 2, 1, 0, 3, 1, 0, 0, 1, 4, 3, 0, 3, 0, 2, 1, 0, 1, 0, 2, 0, 3, 0]"
jfreechart,7,seed7_solution081,seed7_solution081,0.80028666985188723348,0.30568304055477929504,0.37841834839353755138,0.81647709048066541282,0.80028666985188723348,-0.30568304055477929504,0.37841834839353755138,True,False,"[0, 1, 2, 3, 3, 2, 2, 4, 2, 1, 5, 5, 6, 4, 6, 5, 0, 2, 2, 4, 6, 5, 2, 2, 1, 2, 0, 2, 1, 7, 0, 0, 0, 0, 0, 0, 3, 0, 7, 6, 0, 0, 0, 0, 0, 0, 2, 3, 5, 6, 7, 4, 1, 0, 1, 0, 7, 3, 3, 6, 4, 8, 5, 5, 7, 6, 6, 3, 6, 6, 7, 4, 8, 9, 4, 4, 3, 2, 5, 5, 9, 9, 4, 7, 1, 10, 1, 4, 4, 8, 6, 7, 4, 0, 4, 7, 9, 7, 7, 4, 7, 3, 9, 2, 4, 2, 2, 2, 7, 2, 3, 2, 2, 2, 6, 6, 3, 5, 8, 2, 2, 3, 9, 10, 1, 6, 2, 6, 4, 0, 7, 5, 9, 0, 0, 2, 5, 5, 5, 2, 6, 2, 3, 5, 4, 2, 2, 2, 2, 3, 2, 3, 2, 1, 1, 2, 3, 1, 2, 6, 10, 2, 0, 4, 8, 9, 3, 2, 5, 4, 5, 7, 5, 4, 0, 2, 4, 0, 2, 2, 2, 2, 8, 2, 7, 2, 5, 10, 1, 2, 3, 11, 9, 0, 6, 9, 6, 5, 3, 5, 10, 11, 9, 4, 3, 9, 1, 9, 3, 5, 10, 9, 0, 1, 1, 2, 5, 8, 8, 4, 6, 4, 5, 11, 6, 6, 1, 2, 5, 6, 5, 8, 9, 6, 5, 5, 2, 1, 1, 1, 0, 5, 0, 0, 0, 0, 0, 6, 7, 6, 8, 5, 0, 0, 3, 0, 6, 9, 9, 4, 3, 1, 7, 8, 5, 7, 7, 10, 1, 1, 1, 5, 0, 1, 0, 7, 0, 1, 0, 8, 8, 0, 0, 6, 1, 3, 9, 0, 0, 0, 5, 6, 7, 3, 5, 3, 4, 4, 9, 0, 6, 4, 5, 5, 4, 3, 5, 1, 6, 4, 4, 5, 5, 2, 9, 4, 6, 6, 10, 7, 6, 11, 2, 6, 4, 4, 4, 5, 3, 6, 4, 4, 1, 9, 4, 3, 9, 4, 4, 6, 4, 0, 9, 7, 4, 4, 11, 4, 4, 5, 8, 4, 9, 5, 3, 0, 4, 0, 6, 6, 0, 4, 10, 9, 3, 4, 0, 6, 6, 5, 4, 0, 5, 4, 0, 4, 1, 4, 6, 8, 8, 4, 8, 4, 4, 4, 1, 4, 6, 4, 4, 4, 5, 7, 1, 1, 4, 7, 11, 2, 2, 6, 2, 2, 1, 2, 2, 2, 2, 2, 2, 2, 4, 9, 1, 10, 1, 1, 6, 1, 1, 5, 5, 6, 6, 5, 2, 0, 11, 4, 1, 7, 1, 5, 4, 7, 4, 0, 6, 6, 6, 7, 3, 8, 11, 11, 11, 0, 10, 4, 10, 8, 11, 12, 11, 1, 1, 8, 0, 6, 3, 3, 10, 6, 7, 8, 7, 4, 12, 2, 9, 0, 8, 6, 4, 12, 6, 4, 4, 5, 7, 5, 4, 4, 1, 10, 10, 12, 5, 5, 11, 0, 10, 12, 10, 11, 11, 6, 12, 1, 11, 10, 8, 0, 5, 11, 5, 1, 8, 9, 2, 10, 8, 2, 8, 11, 11, 12, 11, 9, 3, 4, 7, 0, 0, 5, 5, 0, 1, 4, 0, 12, 9, 6, 5, 0, 11, 10, 3, 10, 4, 8, 6, 10, 8, 8, 0, 2, 3, 9, 10, 9, 0, 8, 9, 3, 7, 4, 9, 8, 8, 0, 7, 6, 8, 2, 3, 8, 1, 8, 5, 0, 0, 9, 9, 4, 2, 7, 11, 7, 11, 7, 9, 12, 7, 10, 1, 0, 6, 7, 12, 8, 10, 4, 12, 10, 8, 1, 11, 11, 5, 11, 3, 10, 7, 8, 9, 9, 10, 3, 8, 7, 0, 8, 10, 9, 8, 9, 9, 10, 8, 8, 8, 7, 12, 6, 8, 9, 8, 8, 8, 8, 8, 4, 7]"
jfreechart,7,seed7_solution082,seed7_solution082,0.80294860419084024272,0.39488624830797758314,0.49361978011519619391,0.81442346997419046151,0.80294860419084024272,-0.39488624830797758314,0.49361978011519619391,True,False,"[0, 1, 2, 3, 3, 2, 2, 2, 2, 4, 5, 1, 4, 4, 4, 6, 0, 2, 7, 3, 6, 2, 2, 6, 5, 2, 0, 2, 1, 0, 0, 3, 0, 0, 0, 0, 0, 0, 0, 7, 0, 0, 0, 0, 5, 4, 2, 3, 1, 1, 5, 0, 7, 0, 4, 7, 1, 2, 5, 6, 5, 7, 3, 5, 7, 2, 4, 3, 8, 3, 4, 4, 4, 4, 4, 7, 3, 7, 6, 6, 7, 4, 7, 8, 7, 6, 1, 4, 4, 7, 6, 4, 4, 0, 7, 8, 4, 7, 8, 4, 4, 4, 4, 2, 2, 2, 2, 2, 7, 3, 3, 2, 2, 2, 6, 7, 2, 7, 2, 2, 8, 3, 6, 2, 3, 7, 6, 5, 1, 2, 0, 1, 4, 6, 0, 2, 5, 0, 5, 2, 6, 0, 4, 0, 6, 6, 5, 2, 2, 7, 2, 3, 2, 2, 5, 7, 2, 2, 2, 2, 9, 2, 0, 7, 4, 6, 2, 2, 2, 2, 4, 5, 5, 10, 7, 0, 4, 0, 0, 2, 5, 2, 2, 6, 5, 1, 2, 9, 3, 9, 3, 9, 9, 1, 4, 5, 4, 5, 3, 10, 8, 3, 9, 5, 5, 6, 1, 1, 3, 1, 10, 0, 1, 1, 0, 3, 5, 9, 5, 5, 5, 4, 3, 0, 0, 6, 1, 4, 6, 4, 6, 10, 11, 5, 6, 6, 2, 1, 1, 5, 10, 7, 3, 0, 4, 6, 0, 4, 7, 4, 2, 5, 0, 0, 3, 0, 1, 4, 3, 5, 0, 1, 0, 10, 2, 8, 6, 10, 1, 1, 1, 1, 0, 1, 5, 0, 7, 1, 0, 7, 1, 0, 0, 6, 1, 5, 11, 0, 7, 2, 4, 6, 6, 3, 6, 6, 7, 5, 6, 0, 5, 6, 3, 5, 5, 6, 0, 1, 4, 5, 5, 6, 5, 6, 9, 0, 4, 5, 2, 8, 5, 9, 7, 7, 5, 5, 5, 5, 6, 0, 4, 0, 1, 5, 10, 3, 5, 4, 5, 5, 5, 0, 3, 5, 5, 4, 9, 7, 1, 5, 2, 5, 5, 4, 3, 0, 3, 0, 5, 2, 3, 5, 5, 6, 0, 5, 5, 1, 5, 6, 2, 0, 5, 4, 0, 5, 5, 7, 5, 4, 4, 0, 5, 9, 7, 4, 0, 3, 5, 4, 5, 4, 6, 2, 1, 5, 5, 7, 6, 2, 2, 2, 0, 2, 1, 2, 2, 2, 2, 2, 2, 4, 4, 10, 1, 9, 1, 1, 4, 5, 1, 2, 4, 5, 7, 4, 2, 0, 5, 6, 1, 7, 1, 6, 0, 6, 3, 1, 0, 6, 0, 8, 8, 5, 11, 11, 4, 9, 11, 0, 11, 7, 9, 12, 5, 1, 3, 8, 0, 5, 4, 2, 11, 5, 4, 1, 9, 1, 12, 7, 0, 9, 6, 7, 4, 4, 7, 4, 4, 6, 11, 7, 2, 4, 1, 12, 11, 4, 4, 4, 2, 3, 2, 11, 0, 9, 11, 11, 3, 1, 0, 11, 8, 8, 11, 11, 12, 1, 2, 6, 2, 3, 8, 2, 5, 11, 12, 9, 11, 7, 3, 4, 8, 0, 5, 7, 6, 5, 1, 4, 0, 12, 11, 11, 5, 11, 11, 9, 9, 9, 11, 7, 5, 9, 8, 8, 0, 0, 3, 8, 8, 8, 8, 1, 8, 7, 0, 6, 11, 0, 8, 0, 12, 1, 0, 2, 6, 2, 1, 4, 8, 5, 1, 8, 8, 11, 2, 11, 11, 0, 3, 7, 11, 11, 11, 11, 1, 11, 6, 8, 6, 8, 11, 6, 12, 7, 8, 1, 11, 11, 4, 11, 2, 5, 8, 3, 8, 8, 3, 11, 4, 8, 6, 4, 9, 7, 8, 9, 6, 3, 8, 8, 4, 8, 9, 6, 2, 10, 3, 8, 0, 1, 8, 4, 8]"
jfreechart,7,seed7_solution083,seed7_solution083,0.80369940618387825104,0.39221327828060881249,0.48882863859114872307,0.81758512976479413847,0.80369940618387825104,-0.39221327828060881249,0.48882863859114872307,True,False,"[0, 1, 2, 3, 3, 2, 2, 2, 2, 4, 5, 1, 4, 4, 4, 6, 0, 2, 7, 3, 6, 2, 2, 6, 5, 2, 0, 2, 1, 0, 0, 3, 0, 0, 0, 0, 0, 0, 0, 7, 0, 0, 0, 0, 5, 4, 2, 3, 1, 1, 5, 0, 7, 0, 4, 7, 1, 2, 5, 6, 5, 7, 3, 5, 7, 2, 4, 3, 8, 3, 4, 4, 4, 4, 4, 7, 3, 7, 6, 6, 7, 4, 7, 8, 7, 6, 1, 4, 4, 7, 6, 4, 4, 0, 7, 8, 4, 7, 8, 4, 4, 4, 4, 2, 2, 2, 2, 2, 7, 3, 3, 2, 2, 2, 6, 7, 2, 7, 2, 2, 8, 3, 6, 2, 3, 7, 6, 5, 1, 2, 0, 1, 4, 6, 0, 2, 5, 0, 5, 2, 6, 0, 4, 0, 6, 6, 5, 2, 2, 7, 2, 3, 2, 2, 5, 7, 2, 2, 2, 2, 9, 2, 0, 7, 4, 6, 2, 2, 2, 2, 4, 5, 5, 10, 7, 0, 4, 0, 0, 2, 5, 2, 2, 6, 5, 1, 2, 9, 3, 9, 3, 9, 9, 1, 4, 5, 4, 5, 3, 10, 8, 3, 9, 5, 5, 6, 1, 1, 3, 1, 10, 0, 1, 1, 0, 3, 5, 9, 5, 5, 5, 4, 3, 0, 0, 6, 1, 4, 6, 4, 6, 10, 11, 5, 6, 6, 2, 1, 1, 5, 10, 7, 3, 0, 4, 6, 0, 4, 7, 4, 2, 5, 0, 0, 3, 0, 1, 4, 3, 5, 0, 1, 0, 10, 2, 8, 6, 10, 1, 1, 1, 1, 0, 1, 5, 0, 7, 1, 0, 7, 1, 0, 0, 6, 1, 5, 11, 0, 7, 2, 4, 6, 6, 3, 6, 6, 7, 5, 6, 0, 5, 6, 3, 5, 5, 6, 0, 1, 4, 5, 5, 6, 5, 6, 9, 0, 4, 5, 2, 8, 5, 9, 7, 7, 5, 5, 5, 5, 6, 0, 4, 0, 1, 5, 10, 3, 5, 4, 5, 5, 5, 0, 3, 0, 5, 4, 9, 7, 1, 5, 2, 5, 10, 4, 3, 0, 3, 0, 5, 2, 3, 5, 5, 6, 0, 5, 5, 1, 5, 6, 2, 0, 5, 4, 0, 5, 5, 7, 5, 4, 4, 0, 5, 9, 7, 4, 0, 3, 5, 4, 5, 4, 6, 2, 1, 5, 5, 7, 6, 2, 2, 2, 0, 2, 1, 2, 2, 2, 2, 2, 2, 4, 4, 10, 1, 9, 1, 1, 4, 5, 1, 2, 4, 5, 7, 4, 2, 0, 5, 6, 1, 7, 1, 6, 0, 6, 3, 1, 0, 6, 0, 8, 8, 5, 11, 11, 4, 9, 11, 0, 11, 7, 9, 12, 5, 1, 3, 8, 0, 5, 4, 2, 11, 5, 4, 1, 9, 1, 12, 7, 0, 9, 6, 7, 4, 4, 7, 4, 4, 6, 11, 7, 2, 4, 1, 12, 11, 4, 4, 4, 2, 3, 2, 11, 0, 9, 11, 11, 3, 1, 0, 11, 8, 8, 11, 11, 12, 1, 2, 6, 2, 3, 8, 2, 5, 11, 12, 9, 11, 7, 3, 4, 8, 0, 5, 7, 6, 5, 1, 4, 0, 12, 11, 11, 5, 11, 11, 9, 9, 9, 11, 7, 5, 9, 8, 8, 0, 0, 3, 8, 8, 8, 8, 1, 8, 7, 0, 6, 11, 0, 8, 0, 12, 1, 0, 2, 6, 2, 1, 4, 8, 5, 1, 8, 8, 11, 2, 11, 11, 0, 3, 7, 11, 11, 11, 11, 1, 11, 6, 8, 6, 8, 11, 6, 12, 7, 8, 1, 11, 11, 4, 11, 2, 5, 8, 3, 8, 8, 3, 11, 4, 8, 6, 4, 9, 7, 8, 9, 6, 3, 8, 8, 4, 8, 9, 6, 2, 10, 3, 8, 0, 1, 8, 4, 8]"
jfreechart,7,seed7_solution084,seed7_solution084,0.83711009487407006535,0.27561027958265787996,0.3045605777415899551,0.84520445365956864414,0.83711009487407006535,-0.27561027958265787996,0.3045605777415899551,True,False,"[0, 1, 2, 3, 3, 2, 4, 5, 6, 4, 4, 5, 5, 5, 4, 0, 0, 2, 2, 3, 6, 6, 2, 6, 4, 2, 3, 2, 1, 7, 6, 3, 8, 5, 0, 0, 3, 0, 9, 6, 9, 6, 0, 0, 4, 6, 2, 3, 5, 6, 5, 0, 1, 2, 1, 0, 9, 6, 3, 5, 5, 9, 3, 5, 4, 9, 4, 3, 7, 8, 4, 4, 9, 9, 0, 4, 3, 2, 9, 3, 9, 9, 4, 7, 1, 6, 1, 5, 5, 9, 5, 7, 1, 0, 4, 7, 7, 9, 7, 1, 7, 3, 9, 6, 5, 2, 2, 2, 4, 2, 3, 6, 7, 2, 6, 6, 3, 6, 8, 2, 2, 3, 9, 8, 1, 6, 9, 9, 5, 0, 1, 1, 9, 9, 0, 2, 4, 0, 4, 2, 6, 2, 3, 5, 5, 2, 4, 2, 2, 3, 2, 3, 2, 1, 1, 4, 3, 1, 1, 6, 8, 2, 0, 5, 9, 9, 3, 1, 4, 4, 4, 7, 5, 8, 0, 2, 5, 5, 2, 4, 7, 2, 8, 1, 4, 2, 5, 8, 1, 2, 3, 2, 4, 4, 4, 7, 4, 6, 1, 6, 8, 8, 8, 5, 3, 9, 1, 9, 3, 1, 8, 8, 0, 1, 1, 2, 4, 8, 9, 4, 5, 3, 4, 7, 6, 6, 1, 2, 2, 9, 5, 8, 6, 5, 5, 5, 4, 1, 1, 1, 8, 6, 0, 0, 0, 9, 7, 5, 9, 4, 9, 9, 8, 0, 2, 7, 1, 9, 8, 2, 3, 4, 7, 8, 4, 7, 9, 8, 1, 4, 1, 4, 9, 1, 0, 7, 0, 1, 0, 9, 8, 3, 0, 6, 9, 3, 7, 0, 5, 0, 4, 5, 7, 6, 5, 3, 5, 5, 9, 0, 8, 9, 5, 5, 5, 3, 0, 1, 4, 4, 4, 5, 5, 2, 8, 0, 4, 4, 8, 7, 4, 8, 2, 6, 9, 4, 4, 4, 3, 4, 4, 4, 1, 7, 4, 3, 9, 4, 4, 4, 4, 5, 9, 9, 4, 4, 8, 1, 1, 4, 9, 4, 8, 4, 3, 8, 5, 0, 4, 2, 0, 2, 5, 9, 3, 4, 0, 6, 4, 6, 4, 0, 4, 4, 0, 4, 1, 4, 9, 9, 9, 4, 8, 5, 5, 5, 1, 4, 4, 4, 4, 6, 9, 2, 1, 1, 7, 7, 7, 9, 2, 4, 2, 2, 2, 7, 0, 0, 7, 2, 2, 2, 4, 7, 8, 8, 0, 2, 4, 6, 1, 8, 4, 4, 6, 5, 2, 0, 3, 5, 6, 4, 3, 1, 4, 9, 5, 1, 6, 5, 6, 7, 3, 8, 5, 10, 10, 0, 9, 4, 10, 9, 10, 10, 10, 1, 3, 7, 5, 5, 5, 3, 5, 5, 8, 8, 8, 0, 10, 2, 8, 0, 9, 6, 9, 4, 6, 4, 8, 6, 8, 6, 4, 4, 1, 10, 0, 2, 5, 5, 8, 0, 10, 10, 10, 8, 8, 6, 8, 1, 10, 2, 6, 0, 4, 4, 5, 1, 2, 0, 2, 3, 1, 2, 9, 0, 10, 1, 10, 8, 3, 4, 7, 1, 0, 6, 8, 0, 1, 4, 0, 10, 1, 4, 6, 0, 2, 6, 3, 8, 5, 8, 0, 8, 7, 0, 2, 2, 3, 7, 8, 0, 3, 1, 1, 3, 7, 5, 10, 1, 7, 0, 2, 6, 0, 2, 3, 2, 1, 7, 4, 0, 0, 7, 6, 4, 2, 1, 9, 0, 3, 1, 8, 10, 4, 1, 1, 0, 5, 7, 10, 7, 0, 5, 4, 8, 2, 1, 6, 4, 5, 9, 3, 8, 7, 8, 7, 7, 8, 3, 9, 7, 0, 0, 4, 7, 8, 8, 9, 8, 8, 7, 8, 7, 8, 6, 2, 8, 1, 6, 0, 1, 7, 5, 7]"
jfreechart,7,seed7_solution085,seed7_solution085,0.84608559142720629609,0.41584654833830397846,0.41362797557249963987,0.85064106762771951598,0.84608559142720629609,-0.41584654833830397846,0.41362797557249963987,True,False,"[0, 1, 2, 1, 3, 2, 4, 2, 2, 4, 5, 5, 5, 5, 4, 6, 0, 2, 2, 3, 7, 2, 2, 6, 4, 2, 5, 2, 1, 0, 0, 3, 3, 0, 0, 0, 0, 0, 0, 6, 0, 1, 0, 0, 5, 6, 0, 3, 5, 1, 5, 0, 7, 0, 1, 0, 8, 6, 3, 5, 5, 8, 3, 5, 7, 2, 4, 4, 9, 3, 4, 4, 3, 8, 0, 5, 3, 5, 8, 3, 8, 8, 5, 7, 1, 6, 1, 5, 4, 8, 5, 4, 1, 0, 4, 7, 4, 4, 9, 1, 7, 4, 2, 2, 7, 2, 2, 2, 4, 2, 3, 6, 7, 2, 6, 6, 2, 7, 2, 2, 9, 3, 6, 8, 1, 7, 6, 8, 5, 0, 1, 1, 0, 8, 0, 2, 4, 0, 4, 2, 6, 0, 4, 5, 6, 2, 4, 2, 2, 3, 3, 3, 2, 1, 5, 7, 3, 1, 2, 6, 8, 2, 0, 1, 8, 6, 0, 1, 4, 5, 4, 7, 5, 8, 0, 2, 4, 5, 0, 4, 5, 2, 2, 1, 5, 2, 2, 9, 3, 2, 3, 8, 10, 4, 4, 10, 4, 5, 3, 6, 9, 3, 9, 2, 5, 6, 1, 1, 3, 1, 8, 9, 0, 1, 0, 2, 5, 9, 8, 4, 7, 5, 4, 7, 6, 6, 6, 4, 2, 4, 6, 8, 6, 6, 6, 5, 4, 1, 1, 5, 8, 6, 0, 8, 0, 8, 7, 4, 7, 4, 2, 8, 0, 0, 2, 7, 1, 8, 2, 5, 3, 1, 3, 9, 2, 7, 8, 9, 1, 4, 1, 4, 8, 1, 0, 9, 7, 0, 0, 8, 4, 3, 3, 6, 8, 3, 7, 0, 5, 2, 4, 5, 7, 3, 4, 3, 5, 5, 8, 0, 8, 6, 3, 3, 5, 5, 0, 1, 4, 2, 4, 1, 5, 2, 3, 0, 5, 5, 9, 9, 4, 5, 7, 7, 5, 5, 4, 4, 3, 0, 4, 4, 1, 7, 8, 3, 6, 4, 4, 4, 4, 4, 8, 5, 4, 4, 9, 7, 1, 5, 8, 8, 9, 3, 3, 0, 3, 0, 5, 2, 5, 2, 3, 8, 3, 4, 0, 6, 4, 5, 4, 0, 4, 4, 0, 5, 1, 7, 8, 4, 8, 0, 9, 8, 7, 5, 1, 3, 4, 4, 4, 7, 6, 2, 1, 2, 7, 7, 7, 6, 2, 4, 0, 2, 1, 7, 0, 1, 2, 2, 2, 2, 4, 7, 9, 8, 0, 1, 1, 5, 1, 9, 3, 5, 7, 4, 2, 0, 3, 5, 6, 4, 1, 6, 4, 6, 5, 1, 0, 7, 0, 9, 9, 9, 11, 10, 10, 0, 7, 0, 6, 0, 10, 11, 5, 1, 7, 5, 0, 3, 4, 3, 5, 5, 9, 1, 9, 4, 10, 7, 9, 0, 8, 7, 2, 4, 6, 4, 4, 7, 9, 7, 4, 4, 1, 11, 11, 4, 4, 4, 9, 0, 2, 11, 10, 8, 4, 11, 3, 1, 10, 5, 9, 0, 4, 5, 5, 1, 2, 0, 2, 3, 1, 2, 6, 0, 10, 1, 2, 9, 3, 11, 7, 0, 5, 6, 1, 5, 10, 0, 0, 10, 7, 4, 5, 6, 2, 6, 1, 8, 5, 9, 0, 9, 9, 9, 2, 0, 3, 7, 9, 0, 9, 1, 9, 7, 0, 5, 10, 1, 3, 11, 6, 6, 0, 2, 3, 2, 1, 7, 4, 0, 1, 7, 7, 4, 11, 11, 8, 0, 3, 1, 9, 10, 4, 1, 1, 0, 5, 7, 6, 7, 3, 6, 4, 9, 2, 8, 6, 4, 4, 8, 3, 9, 9, 3, 7, 9, 9, 3, 8, 7, 6, 4, 1, 7, 3, 9, 6, 9, 9, 7, 6, 7, 9, 7, 2, 9, 1, 6, 0, 1, 7, 4, 9]"
jfreechart,7,seed7_solution086,seed7_solution086,0.84932769094259774612,0.72065369138538959426,0.48638222946089043619,0.83539624391074274179,0.84932769094259774612,-0.72065369138538959426,0.48638222946089043619,True,False,"[0, 1, 2, 3, 3, 2, 4, 4, 5, 1, 4, 5, 6, 4, 6, 0, 0, 2, 2, 4, 6, 5, 2, 2, 1, 2, 0, 2, 1, 7, 6, 0, 0, 0, 0, 0, 3, 0, 7, 6, 8, 0, 0, 0, 4, 6, 2, 3, 5, 6, 5, 0, 1, 0, 1, 0, 7, 6, 3, 5, 5, 9, 3, 5, 6, 6, 6, 3, 6, 6, 7, 6, 8, 8, 0, 4, 3, 2, 9, 5, 7, 8, 4, 7, 1, 5, 1, 4, 4, 9, 5, 7, 1, 0, 4, 7, 7, 7, 7, 1, 7, 3, 8, 6, 4, 2, 2, 2, 7, 2, 3, 2, 7, 2, 6, 6, 3, 5, 9, 2, 2, 3, 8, 8, 1, 6, 2, 6, 4, 0, 1, 1, 8, 0, 0, 2, 6, 0, 4, 2, 6, 2, 3, 5, 4, 2, 2, 2, 2, 3, 2, 3, 2, 1, 1, 2, 3, 1, 1, 6, 10, 2, 0, 4, 8, 8, 3, 1, 4, 4, 4, 7, 5, 4, 0, 2, 4, 0, 2, 2, 2, 2, 9, 2, 4, 2, 5, 10, 1, 2, 3, 2, 4, 6, 6, 7, 6, 5, 3, 5, 8, 9, 8, 5, 3, 8, 1, 8, 3, 5, 9, 8, 0, 1, 1, 2, 5, 9, 9, 4, 5, 6, 4, 10, 6, 6, 1, 2, 2, 5, 5, 9, 8, 5, 5, 5, 2, 1, 1, 1, 9, 5, 0, 0, 0, 0, 0, 4, 7, 6, 9, 9, 9, 0, 2, 7, 1, 8, 8, 6, 3, 6, 7, 9, 6, 7, 8, 8, 1, 1, 1, 6, 8, 1, 0, 7, 0, 1, 0, 9, 9, 0, 0, 6, 1, 3, 7, 0, 0, 0, 6, 5, 7, 6, 5, 3, 4, 4, 8, 0, 5, 4, 5, 5, 5, 3, 0, 1, 6, 4, 6, 5, 5, 2, 8, 4, 6, 4, 9, 7, 6, 9, 2, 5, 4, 4, 4, 4, 3, 6, 6, 4, 1, 7, 6, 3, 8, 4, 4, 4, 4, 0, 8, 8, 4, 4, 9, 6, 4, 4, 9, 4, 8, 6, 3, 0, 5, 0, 6, 4, 0, 4, 5, 8, 3, 4, 0, 6, 4, 5, 4, 0, 4, 4, 0, 4, 1, 4, 4, 9, 9, 4, 9, 4, 5, 4, 1, 4, 4, 4, 4, 6, 6, 2, 1, 1, 7, 7, 11, 2, 2, 6, 2, 2, 2, 2, 0, 0, 7, 2, 2, 2, 4, 7, 1, 10, 1, 2, 6, 5, 1, 9, 4, 6, 6, 5, 2, 0, 3, 4, 1, 4, 3, 5, 4, 8, 4, 0, 6, 5, 6, 7, 3, 9, 8, 10, 12, 0, 8, 4, 10, 9, 12, 10, 12, 1, 1, 9, 0, 4, 3, 3, 10, 5, 10, 9, 9, 4, 11, 2, 8, 0, 9, 6, 9, 12, 6, 4, 9, 5, 9, 5, 4, 4, 1, 10, 0, 2, 5, 5, 10, 0, 10, 12, 8, 9, 8, 6, 9, 1, 12, 2, 6, 0, 4, 6, 5, 1, 2, 0, 2, 10, 9, 2, 8, 0, 10, 11, 10, 8, 3, 4, 7, 0, 0, 5, 5, 0, 1, 4, 0, 12, 1, 6, 5, 0, 8, 10, 3, 9, 5, 9, 0, 8, 7, 0, 2, 2, 3, 7, 8, 9, 3, 1, 1, 3, 7, 4, 8, 9, 9, 0, 2, 6, 9, 2, 3, 9, 1, 9, 6, 0, 0, 7, 5, 4, 2, 1, 9, 0, 3, 1, 9, 12, 4, 8, 1, 0, 5, 7, 12, 7, 10, 5, 4, 10, 9, 1, 8, 8, 5, 9, 3, 9, 7, 9, 7, 7, 8, 3, 9, 7, 0, 9, 10, 7, 9, 8, 8, 8, 9, 9, 9, 7, 12, 6, 9, 8, 9, 5, 9, 9, 9, 4, 7]"
jfreechart,7,seed7_solution087,seed7_solution087,0.85164835164835162029,1.8241580621987529831,0.494794027492510613,0.84415929324796890043,0.85164835164835162029,-1.8241580621987529831,0.494794027492510613,True,False,"[0, 1, 2, 3, 3, 2, 4, 5, 5, 1, 4, 5, 5, 5, 6, 0, 0, 2, 2, 4, 6, 6, 2, 6, 4, 2, 0, 2, 1, 7, 6, 3, 0, 0, 0, 0, 3, 0, 7, 6, 8, 6, 0, 0, 4, 6, 2, 3, 5, 6, 5, 0, 1, 2, 1, 0, 7, 6, 3, 5, 5, 8, 3, 5, 6, 6, 6, 3, 7, 9, 4, 4, 9, 8, 0, 4, 3, 2, 8, 5, 8, 9, 4, 7, 1, 6, 1, 5, 5, 8, 5, 7, 1, 0, 4, 7, 7, 7, 7, 1, 7, 3, 9, 6, 5, 2, 2, 2, 7, 2, 3, 6, 7, 2, 6, 6, 3, 5, 9, 2, 2, 3, 9, 9, 1, 6, 8, 6, 4, 7, 1, 1, 9, 0, 0, 2, 4, 0, 4, 2, 6, 2, 3, 5, 4, 2, 2, 2, 2, 3, 2, 3, 2, 1, 1, 2, 3, 1, 1, 6, 10, 2, 0, 4, 9, 9, 3, 1, 4, 4, 4, 7, 5, 4, 0, 2, 5, 0, 2, 4, 2, 2, 8, 1, 4, 2, 5, 10, 1, 2, 3, 2, 4, 6, 4, 7, 4, 5, 1, 6, 9, 8, 9, 5, 3, 8, 1, 9, 3, 1, 9, 9, 0, 1, 1, 2, 5, 8, 8, 4, 5, 3, 4, 10, 6, 6, 1, 2, 2, 5, 5, 8, 6, 5, 5, 5, 2, 1, 1, 1, 9, 6, 0, 8, 0, 8, 0, 5, 7, 4, 8, 8, 8, 0, 2, 7, 1, 9, 9, 2, 3, 6, 7, 8, 6, 7, 9, 9, 1, 1, 1, 4, 9, 1, 0, 7, 0, 1, 0, 8, 9, 3, 0, 6, 8, 3, 7, 0, 5, 0, 4, 5, 7, 6, 5, 3, 5, 4, 9, 0, 5, 8, 5, 5, 5, 3, 0, 1, 6, 4, 6, 5, 5, 2, 9, 4, 6, 4, 9, 7, 4, 9, 2, 5, 4, 4, 4, 4, 3, 6, 6, 4, 1, 7, 4, 3, 9, 4, 4, 4, 4, 5, 9, 8, 4, 4, 8, 6, 4, 4, 8, 4, 9, 4, 3, 9, 5, 0, 4, 2, 0, 2, 5, 9, 3, 4, 0, 6, 4, 5, 4, 0, 4, 4, 0, 4, 1, 4, 8, 8, 8, 4, 8, 4, 5, 5, 1, 4, 4, 4, 4, 6, 6, 2, 1, 1, 7, 7, 7, 2, 2, 6, 2, 2, 2, 2, 0, 0, 7, 2, 2, 2, 4, 7, 9, 10, 1, 2, 4, 6, 1, 8, 4, 6, 6, 5, 2, 0, 3, 5, 1, 4, 3, 1, 4, 8, 5, 0, 6, 5, 6, 7, 3, 9, 5, 10, 10, 0, 9, 4, 10, 8, 11, 10, 11, 1, 1, 8, 0, 4, 3, 3, 5, 5, 9, 9, 9, 4, 12, 2, 9, 0, 8, 6, 8, 4, 6, 4, 8, 6, 8, 6, 4, 4, 1, 10, 0, 2, 5, 5, 10, 0, 10, 10, 10, 9, 9, 6, 9, 1, 10, 2, 6, 0, 4, 4, 5, 1, 2, 0, 2, 10, 1, 2, 8, 0, 10, 12, 10, 9, 3, 4, 7, 1, 0, 6, 9, 0, 1, 4, 0, 11, 1, 6, 6, 0, 9, 10, 3, 8, 5, 9, 0, 9, 7, 0, 2, 2, 3, 7, 9, 8, 3, 1, 1, 3, 7, 4, 10, 1, 8, 0, 2, 6, 0, 2, 3, 2, 1, 8, 4, 0, 0, 7, 5, 4, 1, 1, 8, 0, 3, 1, 9, 11, 4, 9, 1, 0, 5, 7, 11, 7, 0, 5, 4, 9, 2, 1, 6, 9, 5, 8, 3, 9, 7, 9, 7, 7, 9, 3, 8, 7, 0, 0, 10, 7, 0, 9, 8, 9, 9, 8, 8, 7, 11, 6, 8, 9, 1, 5, 8, 8, 7, 4, 7]"
jfreechart,7,seed7_solution088,seed7_solution088,0.86932632584806501796,0.4643787481242727111,0.42400240513006420828,0.88708465884215947916,0.86932632584806501796,-0.4643787481242727111,0.42400240513006420828,True,False,"[0, 1, 2, 1, 3, 3, 4, 5, 2, 4, 4, 5, 6, 5, 4, 0, 0, 2, 1, 3, 6, 6, 2, 6, 4, 2, 5, 2, 1, 7, 0, 3, 8, 5, 0, 1, 3, 1, 0, 6, 0, 1, 3, 0, 5, 6, 0, 3, 5, 1, 5, 0, 9, 2, 1, 0, 7, 6, 3, 5, 5, 7, 3, 5, 9, 3, 4, 0, 7, 3, 4, 4, 9, 7, 0, 5, 1, 2, 7, 3, 7, 7, 5, 9, 1, 6, 1, 5, 4, 7, 9, 7, 0, 1, 4, 6, 4, 2, 7, 1, 9, 4, 2, 2, 9, 2, 2, 2, 4, 2, 3, 6, 6, 2, 6, 9, 2, 9, 2, 4, 7, 3, 6, 8, 1, 6, 9, 8, 5, 0, 1, 1, 0, 7, 7, 2, 4, 0, 4, 2, 6, 0, 4, 5, 9, 2, 4, 2, 2, 3, 3, 3, 2, 1, 6, 9, 4, 1, 2, 9, 7, 2, 0, 5, 7, 6, 0, 1, 4, 5, 4, 9, 5, 7, 5, 2, 4, 5, 2, 4, 7, 3, 2, 1, 4, 2, 9, 9, 7, 2, 0, 7, 10, 4, 4, 1, 4, 6, 3, 6, 8, 3, 7, 5, 5, 6, 1, 1, 3, 1, 2, 8, 0, 1, 0, 2, 5, 5, 9, 4, 5, 3, 3, 7, 9, 6, 7, 2, 2, 0, 9, 7, 6, 6, 8, 5, 4, 1, 1, 1, 7, 9, 0, 7, 0, 7, 9, 3, 6, 4, 2, 7, 0, 0, 2, 9, 1, 7, 8, 2, 3, 1, 7, 8, 2, 7, 7, 8, 1, 5, 7, 4, 7, 1, 4, 8, 9, 7, 3, 9, 4, 3, 2, 6, 7, 3, 9, 0, 5, 2, 5, 5, 7, 3, 6, 3, 9, 5, 7, 0, 7, 6, 3, 3, 5, 3, 0, 1, 4, 2, 4, 1, 3, 2, 3, 0, 5, 4, 8, 7, 4, 0, 9, 6, 4, 5, 4, 3, 3, 0, 5, 4, 1, 7, 8, 3, 9, 4, 4, 4, 4, 4, 7, 5, 4, 7, 8, 1, 1, 5, 7, 7, 8, 3, 3, 0, 3, 0, 5, 2, 5, 2, 3, 7, 3, 0, 0, 6, 7, 5, 4, 3, 4, 4, 0, 5, 1, 6, 7, 9, 7, 4, 8, 7, 9, 5, 1, 4, 2, 4, 4, 6, 6, 2, 1, 2, 9, 6, 9, 6, 2, 9, 0, 2, 1, 9, 0, 1, 2, 2, 2, 2, 4, 9, 8, 7, 0, 2, 5, 5, 1, 8, 3, 4, 9, 4, 2, 0, 3, 5, 9, 4, 1, 1, 4, 6, 9, 1, 5, 6, 0, 8, 3, 5, 9, 10, 10, 0, 9, 0, 6, 0, 10, 6, 5, 1, 3, 7, 0, 3, 5, 3, 5, 9, 8, 5, 8, 4, 10, 9, 8, 0, 0, 9, 2, 4, 6, 4, 4, 9, 8, 9, 4, 4, 1, 11, 11, 2, 5, 4, 5, 5, 2, 9, 10, 7, 8, 6, 3, 6, 0, 5, 8, 0, 4, 4, 5, 1, 2, 0, 2, 3, 1, 2, 6, 0, 10, 1, 4, 8, 3, 11, 6, 0, 5, 9, 8, 5, 10, 0, 0, 7, 1, 4, 5, 6, 2, 6, 3, 8, 5, 8, 0, 8, 8, 8, 2, 2, 3, 6, 8, 0, 8, 1, 8, 9, 0, 5, 10, 1, 3, 0, 6, 6, 0, 2, 3, 2, 1, 9, 4, 0, 1, 9, 9, 4, 11, 6, 7, 0, 3, 1, 8, 5, 4, 1, 1, 0, 4, 7, 9, 7, 3, 6, 4, 8, 2, 1, 6, 4, 4, 7, 1, 8, 6, 3, 6, 8, 8, 3, 9, 9, 6, 0, 4, 9, 3, 4, 6, 8, 8, 9, 8, 0, 4, 9, 2, 0, 1, 6, 0, 1, 7, 4, 8]"
jfreechart,7,seed7_solution089,seed7_solution089,0.87697085523172479959,0.32765484423351892707,0.38916122994579743777,0.87381046264051520645,0.87697085523172479959,-0.32765484423351892707,0.38916122994579743777,True,False,"[0, 1, 2, 1, 2, 2, 3, 2, 2, 3, 4, 3, 4, 3, 3, 0, 0, 2, 1, 5, 6, 6, 2, 6, 3, 2, 3, 2, 1, 0, 0, 7, 7, 0, 0, 1, 0, 0, 0, 7, 0, 1, 0, 0, 4, 7, 0, 7, 4, 1, 3, 0, 6, 0, 1, 0, 8, 7, 5, 4, 4, 8, 5, 4, 6, 2, 5, 0, 9, 9, 3, 3, 5, 8, 0, 3, 10, 4, 8, 5, 8, 8, 4, 8, 1, 4, 1, 4, 3, 8, 4, 5, 1, 0, 3, 6, 5, 2, 9, 1, 6, 3, 2, 2, 6, 2, 2, 2, 3, 2, 7, 7, 4, 2, 7, 6, 2, 4, 2, 2, 9, 5, 4, 8, 1, 6, 6, 8, 3, 0, 1, 1, 0, 8, 0, 2, 5, 0, 3, 2, 6, 0, 3, 4, 7, 2, 3, 2, 2, 5, 5, 7, 2, 6, 6, 4, 5, 1, 2, 7, 8, 2, 0, 1, 8, 4, 0, 1, 5, 4, 3, 6, 4, 8, 0, 2, 3, 3, 0, 3, 3, 2, 9, 1, 4, 2, 2, 9, 7, 2, 6, 8, 10, 5, 5, 1, 5, 6, 5, 7, 9, 7, 9, 2, 4, 7, 1, 1, 5, 1, 8, 9, 0, 1, 0, 2, 3, 9, 8, 3, 6, 4, 3, 4, 10, 4, 7, 5, 2, 3, 6, 8, 4, 6, 7, 3, 5, 1, 1, 4, 8, 6, 0, 8, 0, 4, 6, 3, 6, 3, 2, 8, 0, 0, 2, 4, 1, 8, 2, 4, 7, 1, 5, 9, 2, 8, 6, 9, 1, 3, 1, 3, 8, 1, 0, 9, 4, 0, 7, 8, 5, 5, 2, 7, 8, 5, 6, 0, 4, 2, 5, 3, 6, 5, 3, 5, 6, 4, 8, 0, 8, 7, 7, 7, 3, 7, 0, 1, 3, 2, 3, 1, 4, 2, 9, 0, 4, 3, 9, 9, 5, 3, 6, 4, 4, 3, 5, 5, 7, 0, 3, 3, 1, 6, 8, 7, 4, 5, 3, 5, 3, 5, 8, 3, 3, 8, 9, 1, 1, 2, 8, 8, 9, 7, 5, 9, 7, 0, 7, 2, 3, 2, 7, 8, 7, 3, 0, 7, 3, 4, 5, 0, 5, 3, 0, 4, 1, 6, 8, 3, 8, 0, 9, 8, 4, 4, 1, 7, 3, 3, 3, 6, 4, 2, 1, 2, 4, 6, 6, 7, 2, 3, 6, 2, 1, 6, 0, 1, 2, 2, 2, 2, 5, 4, 9, 10, 0, 1, 1, 4, 1, 9, 5, 3, 6, 3, 2, 0, 7, 3, 4, 5, 1, 1, 5, 7, 3, 1, 0, 6, 0, 9, 9, 3, 11, 10, 10, 0, 4, 0, 7, 0, 10, 11, 3, 1, 6, 4, 0, 7, 3, 7, 3, 4, 9, 1, 9, 5, 10, 6, 9, 0, 8, 6, 2, 5, 6, 3, 5, 4, 9, 4, 3, 5, 1, 11, 11, 2, 3, 3, 3, 3, 2, 11, 10, 8, 3, 6, 5, 1, 10, 2, 9, 0, 3, 4, 4, 1, 2, 0, 2, 5, 1, 2, 4, 0, 11, 1, 2, 9, 7, 11, 6, 1, 4, 4, 1, 8, 10, 0, 0, 11, 6, 5, 3, 7, 2, 7, 1, 9, 4, 9, 7, 9, 9, 9, 2, 0, 5, 6, 9, 0, 9, 1, 1, 6, 0, 4, 10, 1, 7, 11, 7, 6, 0, 2, 7, 2, 1, 6, 5, 0, 0, 6, 6, 3, 11, 6, 8, 0, 7, 1, 9, 11, 5, 1, 1, 0, 4, 6, 7, 6, 6, 7, 3, 9, 2, 8, 4, 3, 5, 8, 5, 9, 9, 5, 6, 8, 9, 7, 8, 6, 7, 5, 5, 6, 5, 9, 7, 9, 9, 6, 7, 6, 9, 6, 2, 9, 1, 6, 0, 1, 6, 3, 9]"
jfreechart,7,seed7_solution090,seed7_solution090,0.88290901644938912796,1.8496546880957265291,0.47842924010670118129,0.85758595170506235483,0.88290901644938912796,-1.8496546880957265291,0.47842924010670118129,True,False,"[0, 1, 2, 1, 2, 2, 3, 4, 4, 3, 5, 4, 4, 4, 3, 0, 0, 2, 1, 5, 6, 6, 2, 6, 3, 2, 0, 2, 1, 0, 6, 3, 7, 0, 0, 1, 3, 0, 7, 7, 0, 6, 0, 0, 5, 7, 0, 3, 5, 1, 3, 0, 6, 0, 1, 0, 7, 6, 4, 5, 4, 8, 4, 5, 6, 2, 6, 0, 9, 9, 5, 3, 4, 8, 0, 5, 10, 5, 8, 4, 8, 8, 5, 7, 1, 5, 1, 5, 3, 8, 5, 4, 1, 0, 3, 6, 7, 2, 10, 1, 6, 3, 9, 2, 6, 2, 2, 2, 3, 2, 7, 6, 5, 2, 6, 6, 3, 5, 9, 2, 9, 3, 5, 8, 1, 6, 8, 8, 3, 7, 1, 1, 0, 0, 0, 2, 5, 0, 3, 2, 6, 0, 3, 4, 7, 2, 2, 2, 2, 4, 2, 7, 2, 1, 6, 2, 4, 1, 2, 6, 10, 2, 0, 5, 9, 9, 0, 1, 5, 5, 3, 6, 4, 8, 0, 2, 3, 3, 0, 5, 3, 2, 8, 1, 5, 2, 2, 10, 1, 2, 3, 2, 10, 6, 5, 1, 4, 4, 4, 7, 9, 7, 9, 2, 3, 8, 1, 9, 3, 1, 8, 9, 0, 1, 0, 2, 4, 8, 8, 3, 4, 3, 5, 5, 6, 5, 1, 2, 2, 4, 6, 8, 5, 6, 4, 3, 2, 1, 1, 5, 8, 6, 0, 8, 0, 8, 6, 3, 7, 3, 8, 8, 0, 0, 2, 7, 1, 9, 9, 5, 3, 1, 7, 8, 6, 8, 9, 9, 1, 3, 1, 3, 9, 1, 0, 7, 0, 0, 0, 8, 9, 3, 0, 6, 8, 4, 6, 0, 4, 2, 5, 4, 6, 6, 4, 3, 6, 5, 8, 0, 4, 7, 4, 7, 4, 3, 0, 1, 3, 5, 3, 4, 5, 2, 9, 5, 6, 3, 9, 7, 4, 3, 2, 5, 5, 3, 4, 4, 7, 6, 3, 3, 1, 6, 8, 3, 5, 5, 5, 4, 5, 4, 9, 8, 5, 5, 9, 1, 5, 5, 8, 8, 9, 5, 4, 9, 7, 0, 7, 2, 0, 2, 4, 8, 3, 3, 0, 6, 3, 4, 4, 0, 4, 5, 0, 5, 1, 5, 8, 3, 8, 0, 8, 5, 4, 4, 1, 7, 5, 5, 3, 6, 6, 2, 1, 1, 5, 6, 6, 7, 2, 3, 2, 2, 2, 2, 0, 0, 2, 2, 2, 2, 5, 5, 9, 10, 1, 2, 1, 6, 1, 9, 5, 6, 6, 3, 2, 0, 7, 3, 5, 5, 1, 1, 5, 8, 3, 0, 6, 4, 6, 7, 9, 9, 11, 10, 10, 0, 9, 5, 10, 0, 10, 11, 11, 1, 1, 8, 0, 5, 3, 3, 3, 4, 9, 9, 9, 5, 12, 6, 9, 0, 8, 6, 8, 4, 6, 5, 4, 5, 8, 5, 5, 5, 1, 11, 11, 2, 3, 4, 3, 3, 10, 11, 10, 8, 3, 6, 4, 1, 10, 2, 9, 0, 5, 5, 5, 1, 2, 0, 2, 10, 1, 2, 5, 0, 10, 12, 10, 9, 3, 11, 6, 1, 0, 5, 1, 8, 1, 5, 0, 11, 6, 6, 3, 7, 2, 10, 1, 9, 4, 9, 7, 9, 7, 0, 2, 2, 4, 7, 9, 8, 3, 1, 1, 6, 0, 5, 10, 1, 7, 0, 7, 6, 0, 2, 3, 2, 1, 8, 4, 0, 0, 7, 6, 5, 1, 1, 8, 0, 7, 1, 9, 11, 5, 1, 1, 0, 4, 7, 11, 6, 0, 7, 5, 9, 2, 1, 5, 3, 4, 8, 4, 9, 9, 9, 7, 7, 9, 7, 8, 7, 7, 4, 4, 6, 0, 9, 7, 9, 9, 6, 7, 6, 9, 6, 2, 9, 1, 6, 0, 1, 7, 5, 7]"
jfreechart,7,seed7_solution091,seed7_solution091,0.89277182444884306545,0.64605853545267877269,0.4202659553746252441,0.89521419489387232815,0.89277182444884306545,-0.64605853545267877269,0.4202659553746252441,True,False,"[0, 1, 2, 1, 2, 3, 4, 5, 2, 4, 4, 5, 6, 4, 4, 0, 0, 7, 1, 3, 6, 6, 2, 7, 4, 2, 4, 2, 1, 8, 0, 3, 9, 0, 4, 1, 0, 0, 7, 7, 6, 7, 3, 6, 4, 6, 2, 3, 4, 1, 6, 0, 7, 0, 1, 8, 1, 5, 7, 4, 4, 8, 3, 4, 7, 3, 5, 0, 9, 9, 4, 3, 3, 0, 0, 4, 10, 4, 8, 7, 6, 8, 4, 8, 1, 7, 1, 5, 3, 8, 6, 4, 1, 0, 3, 5, 8, 2, 8, 1, 7, 3, 4, 7, 7, 2, 2, 2, 4, 2, 3, 7, 7, 4, 6, 6, 2, 5, 2, 3, 9, 3, 7, 9, 1, 7, 6, 9, 4, 0, 1, 1, 8, 6, 0, 2, 3, 0, 4, 2, 7, 0, 3, 0, 6, 2, 3, 2, 2, 4, 7, 7, 2, 6, 6, 5, 4, 1, 2, 6, 8, 2, 0, 1, 8, 6, 0, 1, 4, 4, 4, 6, 3, 9, 4, 2, 3, 4, 2, 4, 5, 2, 9, 1, 4, 2, 7, 5, 8, 2, 6, 8, 4, 4, 4, 1, 4, 6, 1, 7, 9, 3, 8, 2, 7, 5, 1, 3, 7, 1, 2, 9, 0, 7, 6, 2, 4, 9, 7, 3, 6, 7, 3, 5, 5, 5, 5, 3, 2, 0, 6, 8, 3, 0, 9, 5, 3, 1, 1, 4, 8, 6, 0, 8, 8, 7, 6, 3, 6, 3, 2, 8, 0, 0, 2, 8, 1, 8, 9, 2, 3, 4, 7, 9, 5, 8, 6, 9, 3, 5, 1, 5, 6, 1, 4, 9, 7, 0, 7, 8, 9, 3, 2, 6, 8, 3, 5, 0, 5, 2, 3, 4, 6, 6, 6, 4, 6, 5, 8, 2, 9, 7, 3, 7, 4, 3, 0, 6, 4, 2, 3, 1, 7, 2, 9, 0, 4, 4, 9, 9, 3, 4, 6, 5, 4, 4, 3, 3, 3, 0, 4, 3, 1, 6, 8, 3, 6, 3, 3, 5, 3, 5, 5, 5, 6, 8, 6, 1, 1, 2, 8, 8, 9, 7, 6, 9, 5, 0, 7, 2, 4, 2, 3, 8, 3, 0, 0, 5, 4, 6, 4, 0, 4, 4, 0, 4, 1, 6, 8, 3, 8, 0, 9, 8, 5, 5, 1, 7, 2, 6, 4, 7, 6, 2, 1, 2, 5, 8, 8, 5, 2, 6, 6, 2, 1, 5, 0, 0, 8, 2, 2, 7, 3, 5, 9, 10, 0, 1, 5, 6, 1, 9, 7, 4, 6, 5, 2, 0, 7, 0, 6, 4, 3, 1, 4, 9, 4, 1, 0, 6, 7, 9, 9, 4, 10, 11, 10, 0, 5, 0, 5, 4, 10, 5, 2, 1, 6, 8, 0, 7, 4, 7, 4, 6, 2, 5, 9, 3, 6, 2, 9, 0, 8, 7, 2, 6, 6, 3, 3, 5, 9, 7, 3, 3, 1, 10, 6, 2, 5, 5, 4, 4, 2, 11, 10, 8, 9, 6, 9, 6, 11, 2, 9, 0, 4, 4, 4, 1, 2, 0, 4, 3, 1, 2, 5, 0, 0, 1, 2, 9, 3, 3, 6, 1, 4, 7, 9, 8, 10, 0, 0, 11, 1, 3, 6, 0, 2, 7, 1, 9, 4, 9, 0, 9, 8, 0, 2, 2, 7, 7, 9, 0, 3, 3, 1, 7, 0, 5, 10, 1, 3, 10, 5, 6, 0, 2, 7, 2, 5, 7, 4, 0, 0, 5, 6, 5, 0, 6, 8, 0, 8, 1, 9, 5, 4, 1, 1, 0, 4, 8, 5, 6, 7, 5, 4, 9, 2, 8, 6, 4, 3, 8, 3, 9, 7, 7, 6, 8, 9, 7, 8, 9, 6, 4, 3, 7, 9, 4, 5, 9, 9, 8, 9, 0, 4, 6, 2, 9, 1, 6, 0, 1, 7, 3, 9]"
jfreechart,7,seed7_solution092,seed7_solution092,0.90942597774895916896,0.23020416733613308091,0.2763543970041104636,0.92393480971385510969,0.90942597774895916896,-0.23020416733613308091,0.2763543970041104636,True,False,"[0, 1, 2, 3, 4, 2, 5, 4, 6, 5, 7, 8, 8, 6, 0, 9, 0, 2, 2, 6, 4, 2, 9, 2, 10, 11, 0, 12, 13, 4, 0, 5, 9, 12, 4, 0, 0, 10, 3, 12, 0, 8, 3, 9, 14, 0, 9, 14, 0, 6, 10, 5, 13, 7, 15, 11, 14, 16, 7, 3, 6, 14, 5, 4, 8, 4, 1, 16, 9, 3, 16, 5, 3, 1, 7, 9, 10, 15, 17, 3, 4, 8, 10, 12, 14, 8, 3, 3, 11, 5, 0, 10, 14, 7, 5, 5, 12, 16, 5, 5, 9, 6, 11, 9, 15, 14, 5, 5, 2, 15, 8, 18, 11, 2, 9, 18, 2, 18, 3, 7, 2, 2, 16, 18, 11, 13, 6, 6, 2, 8, 17, 11, 4, 0, 2, 17, 5, 14, 18, 10, 5, 2, 3, 1, 15, 17, 7, 6, 13, 2, 2, 0, 12, 1, 1, 6, 0, 2, 2, 15, 9, 10, 1, 9, 11, 14, 2, 8, 15, 9, 6, 6, 2, 11, 4, 13, 6, 13, 3, 2, 8, 14, 1, 10, 16, 6, 2, 19, 19, 15, 10, 9, 9, 12, 1, 3, 0, 2, 9, 0, 9, 5, 9, 16, 8, 13, 15, 6, 6, 11, 17, 9, 17, 4, 14, 13, 18, 9, 16, 4, 12, 7, 6, 9, 19, 2, 11, 13, 5, 19, 12, 1, 14, 13, 7, 4, 14, 2, 0, 6, 13, 11, 5, 0, 12, 1, 12, 17, 17, 5, 2, 4, 0, 2, 7, 6, 7, 18, 4, 6, 11, 6, 18, 0, 12, 2, 1, 9, 8, 1, 10, 16, 0, 16, 15, 3, 0, 12, 2, 9, 1, 14, 18, 15, 19, 6, 0, 0, 0, 8, 3, 0, 7, 11, 2, 8, 4, 7, 4, 2, 1, 4, 0, 10, 10, 14, 7, 13, 15, 9, 3, 4, 8, 4, 14, 0, 6, 6, 2, 10, 13, 17, 16, 13, 6, 11, 9, 3, 6, 11, 14, 6, 12, 6, 10, 7, 9, 6, 6, 7, 2, 10, 11, 5, 18, 18, 8, 11, 6, 9, 18, 4, 14, 0, 2, 8, 1, 7, 6, 6, 5, 6, 17, 3, 6, 0, 13, 18, 18, 12, 5, 18, 16, 4, 17, 6, 6, 7, 7, 6, 4, 0, 10, 13, 0, 1, 17, 15, 10, 15, 6, 17, 12, 13, 6, 6, 12, 14, 12, 12, 18, 8, 2, 18, 2, 13, 16, 6, 15, 18, 2, 15, 6, 15, 1, 12, 3, 1, 6, 16, 1, 11, 10, 3, 9, 13, 7, 17, 15, 15, 16, 7, 10, 4, 17, 13, 6, 0, 6, 12, 0, 13, 1, 2, 5, 15, 2, 2, 5, 9, 9, 10, 5, 11, 7, 0, 19, 15, 14, 11, 5, 14, 10, 5, 2, 18, 18, 11, 18, 17, 10, 12, 4, 15, 3, 16, 11, 2, 11, 4, 19, 1, 6, 5, 19, 0, 10, 11, 10, 9, 14, 0, 8, 11, 11, 2, 17, 12, 8, 16, 16, 4, 10, 12, 13, 2, 7, 5, 18, 5, 4, 5, 1, 8, 17, 8, 17, 9, 7, 13, 13, 6, 18, 3, 3, 4, 7, 4, 9, 11, 15, 11, 16, 4, 14, 19, 11, 11, 5, 17, 16, 16, 13, 4, 6, 8, 15, 18, 8, 11, 17, 5, 7, 15, 5, 7, 2, 14, 16, 14, 5, 7, 0, 7, 8, 8, 4, 5, 3, 5, 8, 15, 8, 10, 9, 11, 10, 11, 13, 16, 16, 4, 17, 17, 9, 5, 7, 6, 4, 6, 19, 17, 3, 12, 19, 9, 13, 4, 11, 5, 10, 12, 13, 18, 16, 16, 15, 11, 13, 12, 17, 5, 5, 3, 6, 8, 5, 9, 14, 19, 1, 5, 18, 17, 11, 7, 14, 11, 7, 9, 4, 9, 1, 9, 8]"
jfreechart,7,seed7_solution094,seed7_solution094,0.936284212681728234,0.24854337275819374242,0.22412608162594765959,0.95382942210101107072,0.936284212681728234,-0.24854337275819374242,0.22412608162594765959,True,False,"[0, 1, 2, 1, 3, 2, 4, 5, 2, 6, 6, 7, 8, 7, 9, 10, 5, 8, 2, 6, 10, 9, 9, 11, 12, 13, 12, 7, 1, 12, 11, 14, 6, 8, 2, 6, 7, 15, 16, 9, 1, 11, 16, 9, 10, 11, 14, 16, 6, 15, 0, 17, 12, 2, 1, 18, 1, 5, 7, 10, 19, 4, 10, 5, 12, 1, 16, 12, 16, 17, 20, 16, 3, 6, 21, 9, 1, 22, 9, 17, 21, 6, 5, 21, 12, 23, 12, 12, 17, 1, 14, 8, 7, 15, 18, 10, 15, 12, 17, 18, 11, 2, 21, 0, 1, 5, 7, 16, 2, 4, 0, 11, 22, 20, 13, 2, 14, 15, 15, 3, 16, 0, 2, 9, 22, 2, 5, 19, 18, 2, 14, 2, 3, 0, 11, 23, 7, 6, 18, 6, 16, 14, 2, 15, 9, 12, 8, 8, 13, 16, 23, 0, 7, 10, 7, 8, 10, 2, 23, 2, 22, 10, 3, 22, 21, 18, 1, 19, 8, 3, 14, 13, 15, 2, 8, 6, 7, 22, 14, 22, 15, 2, 19, 11, 11, 6, 8, 7, 10, 9, 3, 0, 11, 20, 1, 19, 13, 2, 12, 13, 7, 3, 4, 6, 0, 12, 14, 12, 9, 11, 7, 11, 1, 8, 22, 7, 10, 17, 19, 20, 3, 8, 18, 20, 10, 23, 6, 18, 15, 14, 13, 12, 23, 14, 7, 10, 6, 18, 20, 7, 4, 13, 17, 0, 3, 10, 10, 7, 9, 10, 12, 4, 3, 9, 22, 15, 0, 10, 1, 2, 20, 10, 12, 7, 18, 2, 5, 12, 12, 1, 10, 12, 1, 0, 6, 3, 14, 17, 10, 17, 3, 0, 23, 0, 4, 16, 0, 0, 21, 7, 14, 14, 21, 1, 2, 18, 4, 16, 11, 11, 20, 6, 23, 0, 16, 17, 18, 2, 23, 19, 0, 17, 11, 14, 16, 21, 10, 0, 2, 16, 20, 14, 19, 23, 17, 20, 12, 11, 18, 3, 21, 5, 15, 4, 11, 5, 19, 23, 2, 2, 5, 19, 9, 7, 15, 7, 6, 9, 2, 18, 18, 4, 13, 23, 4, 15, 17, 9, 9, 6, 1, 0, 8, 19, 21, 18, 5, 5, 2, 2, 1, 2, 23, 10, 6, 13, 23, 20, 21, 20, 14, 2, 0, 9, 2, 23, 1, 15, 22, 7, 17, 8, 10, 15, 17, 4, 4, 23, 20, 4, 7, 18, 4, 23, 8, 9, 13, 13, 4, 18, 5, 6, 3, 17, 6, 4, 3, 1, 6, 16, 0, 3, 2, 18, 18, 19, 20, 2, 20, 23, 20, 19, 11, 14, 15, 15, 18, 9, 1, 2, 9, 11, 0, 7, 13, 8, 6, 10, 7, 13, 13, 2, 14, 17, 19, 14, 18, 0, 5, 7, 19, 2, 12, 4, 23, 4, 10, 3, 5, 18, 19, 18, 13, 18, 17, 17, 16, 11, 0, 20, 10, 7, 19, 5, 9, 2, 17, 11, 15, 20, 20, 17, 19, 11, 8, 2, 10, 22, 6, 18, 18, 22, 8, 4, 20, 16, 5, 17, 4, 13, 10, 2, 6, 17, 15, 14, 17, 15, 21, 3, 11, 13, 23, 8, 11, 13, 8, 8, 2, 1, 1, 1, 4, 5, 5, 8, 23, 8, 14, 0, 9, 4, 1, 20, 23, 19, 23, 11, 21, 4, 23, 9, 12, 4, 6, 19, 21, 6, 6, 8, 3, 9, 7, 3, 7, 5, 4, 7, 0, 3, 1, 19, 9, 12, 4, 6, 8, 4, 10, 1, 2, 10, 8, 13, 3, 7, 9, 16, 7, 22, 18, 21, 19, 3, 16, 2, 14, 10, 8, 12, 12, 17, 3, 5, 0, 1, 1, 21, 9, 19, 14, 13, 23, 22, 19, 4, 15, 21, 11, 6, 10, 12, 6, 10, 6, 11, 2, 16, 7, 3, 3, 15, 14, 19, 5]"
jfreechart,7,seed7_solution095,seed7_solution095,0.93952631219711968402,0.19618026151856807204,0.2035276955282639133,0.9606986783567603716,0.93952631219711968402,-0.19618026151856807204,0.2035276955282639133,True,False,"[0, 1, 2, 1, 3, 2, 4, 5, 2, 6, 7, 8, 8, 7, 9, 9, 5, 10, 8, 6, 11, 9, 12, 10, 11, 13, 11, 6, 13, 5, 10, 14, 4, 12, 2, 12, 6, 13, 10, 15, 1, 10, 14, 12, 9, 10, 16, 14, 6, 13, 16, 17, 11, 2, 1, 15, 1, 12, 7, 7, 18, 4, 9, 5, 11, 1, 14, 11, 14, 19, 20, 10, 3, 12, 20, 17, 1, 21, 2, 19, 22, 6, 5, 20, 11, 22, 11, 11, 15, 1, 14, 10, 7, 13, 15, 8, 13, 11, 19, 23, 10, 2, 18, 0, 1, 5, 7, 14, 12, 4, 0, 16, 0, 21, 14, 2, 16, 13, 13, 3, 10, 0, 2, 12, 21, 0, 5, 23, 15, 2, 16, 2, 3, 0, 10, 22, 8, 12, 23, 6, 8, 23, 2, 18, 9, 11, 8, 8, 13, 14, 22, 0, 8, 7, 7, 12, 12, 6, 22, 2, 21, 7, 3, 21, 20, 15, 1, 19, 8, 3, 16, 17, 20, 2, 13, 6, 15, 13, 16, 10, 19, 19, 12, 16, 11, 6, 8, 8, 8, 9, 3, 0, 16, 21, 1, 23, 13, 14, 11, 17, 7, 3, 4, 6, 0, 0, 23, 11, 12, 22, 7, 10, 1, 10, 13, 7, 9, 15, 23, 20, 3, 12, 15, 20, 9, 22, 6, 15, 20, 14, 17, 5, 22, 14, 7, 7, 6, 15, 21, 8, 4, 17, 15, 16, 3, 12, 7, 6, 12, 8, 11, 4, 3, 12, 17, 13, 0, 9, 1, 2, 21, 7, 11, 7, 15, 2, 5, 11, 11, 1, 9, 20, 1, 0, 6, 18, 14, 17, 7, 15, 3, 0, 22, 22, 4, 10, 0, 0, 18, 7, 16, 14, 20, 1, 2, 15, 4, 5, 16, 10, 21, 6, 22, 0, 14, 19, 15, 2, 22, 18, 0, 17, 10, 14, 14, 18, 7, 0, 2, 14, 21, 14, 18, 22, 17, 20, 11, 10, 23, 3, 18, 6, 20, 4, 10, 5, 6, 18, 2, 2, 5, 23, 12, 7, 20, 7, 6, 9, 2, 15, 15, 9, 13, 22, 4, 20, 17, 12, 12, 6, 1, 0, 8, 23, 18, 15, 5, 5, 2, 2, 1, 2, 22, 6, 6, 17, 22, 21, 20, 20, 16, 2, 0, 12, 2, 18, 1, 13, 17, 7, 19, 8, 9, 13, 15, 4, 4, 22, 20, 4, 6, 5, 4, 22, 8, 9, 14, 13, 4, 23, 5, 6, 3, 19, 6, 4, 3, 17, 6, 14, 0, 3, 2, 15, 23, 20, 20, 2, 20, 22, 21, 18, 1, 16, 20, 19, 15, 12, 1, 2, 12, 16, 0, 6, 14, 8, 6, 9, 7, 17, 17, 2, 14, 19, 23, 16, 18, 0, 5, 20, 19, 2, 10, 4, 22, 4, 4, 3, 5, 15, 23, 15, 17, 15, 15, 15, 16, 10, 0, 20, 7, 7, 23, 5, 9, 2, 19, 10, 13, 20, 20, 19, 23, 16, 12, 2, 9, 21, 6, 23, 15, 21, 8, 4, 20, 14, 5, 19, 4, 13, 8, 2, 6, 15, 19, 16, 19, 19, 18, 3, 9, 17, 16, 8, 16, 13, 10, 10, 2, 1, 1, 1, 4, 22, 5, 8, 22, 22, 6, 0, 12, 4, 1, 20, 22, 19, 22, 10, 18, 4, 22, 12, 11, 4, 6, 15, 18, 6, 6, 8, 3, 9, 7, 3, 7, 5, 17, 5, 0, 3, 1, 23, 12, 11, 8, 6, 12, 4, 9, 1, 2, 7, 8, 19, 3, 7, 9, 14, 7, 21, 15, 18, 23, 3, 10, 2, 14, 11, 8, 11, 2, 19, 3, 11, 0, 1, 1, 20, 12, 23, 23, 3, 22, 21, 23, 4, 20, 20, 10, 6, 9, 8, 6, 9, 6, 11, 2, 16, 23, 3, 3, 18, 16, 18, 5]"
jfreechart,7,seed7_solution096,seed7_solution096,0.94116442563647528807,3.0377661352808225104,0.4269430460386129389,0.94534874805611901483,0.94116442563647528807,-3.0377661352808225104,0.4269430460386129389,True,False,"[0, 1, 2, 3, 3, 4, 2, 2, 2, 4, 4, 4, 5, 6, 7, 8, 0, 0, 6, 8, 9, 9, 10, 2, 9, 11, 0, 9, 1, 12, 0, 7, 8, 0, 2, 13, 9, 14, 11, 15, 0, 10, 16, 5, 5, 10, 0, 11, 17, 9, 13, 9, 13, 2, 1, 11, 1, 13, 1, 5, 6, 6, 8, 6, 6, 13, 6, 13, 8, 16, 6, 11, 3, 6, 9, 10, 11, 10, 2, 14, 16, 13, 8, 9, 16, 13, 3, 13, 15, 6, 18, 6, 12, 8, 18, 6, 14, 17, 12, 6, 15, 4, 14, 0, 18, 13, 2, 19, 13, 8, 20, 10, 15, 2, 2, 4, 18, 14, 14, 2, 11, 2, 8, 10, 15, 0, 12, 4, 18, 2, 14, 2, 4, 0, 15, 16, 8, 13, 21, 4, 6, 22, 3, 22, 17, 9, 13, 13, 17, 11, 2, 0, 9, 1, 1, 2, 2, 2, 20, 2, 11, 0, 3, 8, 14, 2, 2, 21, 17, 18, 0, 15, 2, 15, 17, 0, 15, 20, 18, 11, 14, 2, 16, 16, 2, 2, 3, 8, 8, 14, 3, 0, 16, 19, 1, 4, 12, 2, 9, 17, 5, 9, 9, 11, 4, 13, 22, 17, 11, 23, 6, 3, 5, 1, 7, 5, 11, 17, 23, 5, 9, 5, 20, 4, 15, 7, 20, 21, 4, 17, 7, 12, 23, 17, 5, 14, 4, 10, 0, 6, 8, 12, 0, 0, 11, 0, 0, 16, 6, 6, 12, 4, 0, 7, 10, 4, 0, 12, 1, 14, 21, 10, 13, 0, 20, 2, 8, 9, 9, 10, 5, 13, 4, 14, 22, 22, 18, 0, 5, 10, 1, 17, 16, 0, 8, 11, 13, 11, 22, 5, 17, 22, 8, 1, 10, 5, 20, 12, 14, 2, 19, 21, 14, 14, 14, 14, 10, 17, 20, 8, 3, 12, 7, 18, 0, 18, 4, 0, 2, 11, 17, 18, 22, 18, 4, 10, 4, 8, 19, 7, 10, 4, 4, 16, 16, 13, 4, 23, 2, 8, 6, 0, 11, 12, 12, 11, 7, 17, 4, 13, 10, 7, 17, 0, 2, 4, 6, 4, 5, 4, 6, 0, 7, 8, 18, 19, 4, 22, 2, 20, 1, 2, 18, 4, 4, 17, 8, 19, 13, 7, 9, 15, 19, 16, 2, 1, 1, 11, 18, 5, 11, 8, 6, 17, 17, 22, 8, 23, 22, 5, 15, 20, 17, 2, 19, 2, 2, 4, 2, 19, 2, 19, 12, 20, 16, 16, 3, 10, 1, 1, 0, 3, 11, 10, 18, 21, 21, 2, 19, 16, 21, 19, 11, 18, 18, 20, 19, 11, 11, 16, 12, 10, 0, 14, 4, 17, 2, 5, 5, 11, 13, 2, 14, 13, 4, 7, 20, 8, 13, 5, 15, 2, 13, 18, 23, 8, 8, 3, 5, 5, 7, 14, 17, 19, 10, 15, 10, 8, 0, 5, 20, 16, 23, 16, 14, 17, 12, 17, 19, 24, 24, 0, 13, 11, 7, 2, 5, 10, 12, 7, 19, 20, 18, 8, 17, 17, 12, 15, 8, 11, 6, 19, 1, 15, 14, 15, 15, 14, 18, 4, 7, 6, 19, 10, 20, 14, 13, 4, 7, 17, 18, 1, 8, 6, 12, 20, 23, 10, 4, 5, 16, 17, 9, 10, 16, 9, 5, 4, 17, 8, 21, 9, 5, 8, 5, 15, 5, 12, 7, 13, 3, 7, 8, 6, 13, 4, 10, 5, 0, 3, 1, 20, 7, 23, 4, 8, 20, 8, 11, 6, 18, 4, 16, 14, 3, 11, 4, 11, 5, 19, 13, 19, 13, 3, 13, 10, 2, 8, 8, 14, 2, 16, 8, 7, 0, 4, 1, 18, 7, 7, 4, 3, 16, 4, 18, 4, 0, 13, 7, 7, 5, 13, 17, 16, 6, 17, 2, 20, 19, 3, 20, 22, 19, 8, 13]"
jfreechart,7,seed7_solution099,seed7_solution099,0.9567606306736741173,0.18395489188794836299,0.18738834069594742515,0.95122587043721151812,0.9567606306736741173,-0.18395489188794836299,0.18738834069594742515,True,False,"[0, 1, 2, 1, 3, 2, 4, 5, 3, 6, 6, 7, 8, 6, 8, 7, 5, 9, 2, 6, 10, 8, 11, 12, 13, 11, 9, 7, 1, 13, 13, 12, 6, 9, 2, 6, 7, 14, 15, 8, 1, 12, 16, 10, 8, 12, 17, 16, 6, 18, 0, 14, 9, 2, 1, 19, 1, 5, 1, 10, 17, 4, 7, 5, 13, 1, 16, 9, 16, 12, 20, 15, 3, 6, 21, 8, 1, 11, 8, 19, 21, 8, 5, 21, 9, 22, 13, 9, 14, 1, 12, 9, 6, 14, 15, 10, 14, 13, 11, 19, 13, 2, 18, 0, 1, 5, 9, 17, 2, 4, 0, 16, 20, 18, 11, 6, 15, 14, 14, 3, 15, 0, 2, 11, 13, 2, 5, 14, 19, 2, 17, 2, 3, 16, 13, 22, 7, 6, 19, 6, 15, 12, 2, 23, 8, 13, 22, 8, 11, 16, 22, 12, 7, 10, 9, 9, 10, 2, 22, 2, 23, 10, 3, 11, 21, 19, 1, 17, 23, 3, 17, 15, 23, 2, 9, 7, 7, 20, 18, 20, 23, 2, 17, 16, 16, 6, 8, 7, 10, 8, 3, 0, 16, 18, 1, 21, 11, 2, 13, 23, 7, 3, 4, 6, 0, 13, 12, 13, 10, 16, 6, 12, 1, 9, 20, 21, 16, 14, 21, 20, 3, 9, 14, 20, 8, 17, 6, 17, 23, 12, 23, 13, 22, 12, 21, 10, 6, 19, 18, 7, 4, 15, 14, 0, 3, 10, 10, 7, 10, 10, 13, 4, 3, 10, 20, 18, 0, 5, 1, 2, 18, 10, 8, 7, 19, 2, 5, 13, 13, 14, 7, 13, 1, 8, 6, 3, 12, 14, 10, 14, 3, 23, 22, 0, 4, 15, 0, 0, 21, 7, 15, 12, 21, 1, 11, 19, 4, 15, 16, 12, 18, 6, 22, 0, 16, 11, 19, 2, 21, 17, 0, 14, 11, 12, 0, 18, 10, 0, 5, 16, 18, 12, 17, 22, 14, 20, 9, 12, 19, 3, 18, 5, 23, 12, 12, 5, 17, 22, 2, 2, 17, 21, 10, 6, 23, 9, 0, 8, 2, 17, 19, 4, 11, 22, 4, 23, 14, 10, 10, 6, 1, 0, 8, 21, 18, 17, 5, 5, 2, 2, 1, 2, 22, 10, 6, 23, 22, 18, 21, 10, 15, 19, 0, 10, 2, 22, 1, 14, 20, 7, 11, 16, 7, 14, 14, 21, 4, 22, 21, 4, 7, 19, 4, 22, 8, 8, 11, 11, 4, 19, 5, 6, 3, 19, 12, 4, 3, 1, 6, 16, 0, 3, 2, 19, 19, 17, 20, 2, 20, 22, 18, 17, 16, 6, 23, 23, 17, 10, 1, 2, 10, 16, 0, 7, 11, 8, 6, 7, 7, 23, 23, 2, 12, 8, 14, 3, 19, 0, 5, 7, 17, 16, 13, 9, 22, 4, 10, 3, 5, 17, 21, 17, 23, 17, 14, 14, 15, 0, 0, 20, 10, 9, 21, 5, 8, 2, 12, 13, 14, 20, 20, 0, 21, 16, 9, 11, 8, 11, 6, 19, 17, 23, 8, 4, 3, 23, 5, 19, 4, 11, 10, 2, 7, 14, 23, 15, 19, 23, 22, 3, 16, 23, 22, 19, 16, 11, 9, 9, 2, 1, 1, 1, 4, 5, 5, 16, 22, 9, 12, 0, 10, 4, 1, 19, 22, 17, 21, 12, 18, 4, 3, 3, 13, 4, 6, 17, 18, 11, 6, 8, 3, 8, 9, 3, 9, 5, 4, 7, 0, 3, 17, 14, 10, 22, 4, 7, 9, 4, 8, 1, 2, 10, 16, 11, 3, 9, 8, 16, 7, 11, 20, 18, 14, 3, 15, 2, 12, 10, 4, 13, 13, 8, 3, 5, 0, 1, 1, 21, 10, 14, 12, 11, 22, 23, 18, 3, 23, 21, 12, 8, 7, 13, 6, 12, 7, 16, 2, 15, 7, 3, 3, 23, 17, 17, 5]"
