subject,seed,solution_id,original_solution_id,coupling,cohesion,imbalance,original_f_semantic,pymoo_f0_coupling,pymoo_f1_negative_cohesion,pymoo_f2_imbalance,feasible,is_injected_seed,label_vector
xerces,2,seed2_solution000,seed2_solution000,0.12563623292595255,1.8652097068241489,5.722481096440951,0.5198359333636041,0.12563623292595255,-1.8652097068241489,5.722481096440951,True,False,"[0, 1, 1, 1, 1, 2, 1, 3, 1, 2, 1, 0, 4, 1, 1, 1, 0, 0, 0, 0, 5, 1, 1, 6, 1, 7, 8, 0, 1, 1, 1, 2, 2, 0, 1, 9, 10, 1, 2, 1, 1, 1, 2, 2, 1, 2, 2, 1, 1, 11, 12, 1, 2, 1, 1, 1, 1, 1, 1, 1, 13, 14, 1, 1, 15, 1, 0, 0, 1, 1, 16, 17, 1, 1, 1, 1, 18, 19, 20, 21, 22, 23, 24, 25, 1, 26, 27, 27, 1, 27, 0, 0, 0, 0, 0, 0, 0, 0, 0, 0, 28, 0, 29, 0, 0, 0, 28, 28, 28, 30, 30, 0, 0, 31, 0, 1, 1, 1, 1, 32, 1, 1, 33, 1, 1, 1, 1, 1, 1, 1, 1, 0, 1, 1, 34, 1, 35, 35, 36, 37, 37, 37, 1, 1, 1, 38, 1, 0, 1, 1, 1, 1, 1, 1, 1, 39, 1, 40, 1, 0, 41, 1, 42, 1, 43, 1, 1, 1, 1, 0, 42, 1, 1, 44, 42, 45, 1, 1, 1, 1, 1, 42, 1, 42, 1, 1, 46, 1, 1, 47, 1, 48, 48, 1, 48, 48, 48, 48, 48, 48, 48, 48, 48, 1, 1, 0, 1, 49, 49, 49, 49, 49, 49, 49, 49, 49, 49, 49, 49, 0, 0, 0, 50, 50, 51, 52, 53, 0, 0, 1, 1, 54, 50, 50, 50, 50, 55, 55, 56, 56, 50, 57, 1, 56, 56, 1, 0, 0, 58, 59, 55, 60, 60, 50, 50, 61, 61, 62, 62, 0, 50, 63, 50, 1, 64, 65, 1, 66, 1, 1, 67, 66, 1, 1, 0, 1, 50, 50, 50, 0, 68, 0, 69, 0, 0, 0, 1, 0, 0, 1, 1, 70, 0, 1, 1, 1, 0, 1, 1, 1, 71, 1, 1, 1, 1, 72, 73, 74, 75, 76, 77, 1, 1, 1, 1, 78, 1, 79, 80, 81, 1, 1, 82, 1, 83, 1, 1, 84, 85, 1, 1, 86, 1, 1, 1, 87, 88, 1, 0, 1, 1, 0, 77, 1, 89, 1, 90, 1, 1, 91, 1, 0, 0, 92, 1, 0, 1, 1, 1, 1, 0, 1, 1, 0, 1, 1, 93, 1, 0, 1, 94, 1, 1, 0, 1, 1, 0, 1, 1, 95, 1, 1, 1, 1, 0, 0, 0, 1, 0, 1, 0, 0, 0, 0, 0, 1, 1, 96, 1, 1, 97, 1, 1, 1, 97, 98, 99, 99, 99, 99, 99, 1, 1, 100, 99, 1, 101, 1, 1, 1, 99, 1, 102, 1, 1, 103, 1, 104, 1, 1, 1, 1, 1, 0, 1, 1, 1, 1, 1, 1, 1, 0, 105, 0, 106, 1, 1, 1, 0, 1, 1, 0, 107, 0, 108, 0, 1, 1, 109, 0, 110, 111, 111, 111, 111, 111, 1, 59, 112, 113, 1, 1, 114, 1, 0, 0, 115, 0, 1, 1, 1, 1, 1, 0, 1, 1, 50, 50, 50, 50, 50, 50, 50, 50, 0, 1, 1, 1, 1, 1, 116, 0, 1, 0, 0, 0, 0, 0, 1, 1, 117, 1, 118, 1, 1, 1, 1, 119, 1, 1, 1, 120, 121, 1, 122, 1, 0, 0, 1, 0, 0, 1, 0, 1, 123, 1, 1, 1, 1, 1, 0, 0, 0, 1, 1, 1, 124, 1, 125, 1, 1, 0, 1, 0, 0, 0, 0, 1, 0, 0, 1, 0, 0, 0, 0, 0, 0, 0, 0, 0, 0, 0, 1, 1, 1, 126, 1, 1, 1, 0, 1, 0, 0, 0, 0, 1, 127, 127, 127, 127, 127, 127, 127, 127, 127, 127, 127, 127, 127, 127, 127, 127, 127, 127, 127, 127, 127, 127, 127, 1, 128, 128, 128, 128, 128, 0, 1, 129, 130, 1, 131, 50, 0, 132, 0, 0, 0, 1, 133, 134, 1, 1, 1, 0, 1, 135, 1, 136, 137, 138, 1, 0, 1, 1, 139, 139, 140, 1, 1, 141, 1, 142, 1, 1, 1, 1, 1, 128, 1, 1, 0, 129, 0, 0, 1, 1, 1, 143, 1, 144, 144, 144, 144, 144, 144, 144, 144, 144, 144, 144, 145, 1, 146, 147, 0, 148, 1, 1, 1, 1, 1, 1, 1, 1, 1, 1, 1, 1, 1, 0, 0, 0, 0, 0, 0, 0, 1, 1, 1, 0, 0, 0, 0, 0, 0, 0, 0, 0, 0, 1, 1, 1, 149, 0, 0, 0, 0, 0, 0, 1, 150, 150, 1, 0, 1, 151, 0, 0, 1, 0, 0, 0, 1, 0, 0, 0, 0, 0, 152, 0, 0, 0, 0, 0, 0, 0, 0, 0, 0, 1, 0, 0, 0, 1, 1, 0, 1, 0, 1, 1, 0, 0, 1, 50, 55, 56, 56, 62, 1, 153, 1, 154, 123, 132, 132, 132, 132, 1, 1, 1, 155, 156, 153, 153, 1, 157, 158, 1, 153, 153, 153, 153, 153, 153, 153, 153, 153, 153, 153, 153, 1, 1, 1, 1]"
xerces,2,seed2_solution001,seed2_solution001,0.12736161035226456,1.8932093905904275,5.638792803429983,0.5254799946341866,0.12736161035226456,-1.8932093905904275,5.638792803429983,True,False,"[0, 1, 1, 1, 1, 2, 1, 3, 1, 2, 1, 0, 4, 1, 1, 1, 0, 0, 0, 0, 5, 1, 1, 6, 1, 7, 5, 0, 1, 1, 1, 2, 2, 0, 1, 8, 9, 1, 2, 1, 1, 1, 2, 2, 1, 2, 2, 1, 1, 10, 11, 1, 2, 1, 1, 1, 1, 1, 1, 1, 12, 13, 1, 1, 14, 1, 0, 0, 1, 1, 15, 16, 1, 1, 1, 1, 17, 18, 19, 20, 21, 22, 23, 24, 1, 25, 26, 26, 1, 26, 0, 0, 0, 0, 0, 0, 0, 0, 0, 0, 27, 0, 28, 0, 0, 0, 27, 27, 27, 29, 29, 0, 0, 30, 0, 1, 1, 1, 1, 31, 1, 1, 32, 1, 1, 1, 1, 1, 1, 1, 1, 0, 1, 1, 33, 1, 34, 34, 35, 36, 36, 36, 1, 1, 1, 37, 1, 0, 1, 1, 1, 1, 1, 1, 1, 38, 1, 39, 1, 0, 40, 1, 41, 1, 42, 1, 1, 1, 1, 0, 41, 1, 1, 43, 41, 44, 1, 1, 1, 1, 1, 41, 1, 41, 1, 1, 45, 1, 1, 46, 1, 47, 47, 1, 47, 47, 47, 47, 47, 47, 47, 47, 47, 1, 1, 0, 1, 48, 48, 48, 48, 48, 48, 48, 48, 48, 48, 48, 48, 0, 0, 0, 49, 49, 20, 50, 51, 0, 0, 1, 1, 52, 49, 49, 49, 49, 53, 53, 54, 54, 49, 55, 1, 54, 54, 1, 0, 0, 56, 57, 53, 58, 58, 49, 49, 59, 59, 60, 60, 0, 49, 61, 49, 1, 62, 63, 1, 64, 1, 1, 65, 66, 1, 1, 0, 1, 49, 49, 49, 0, 67, 0, 68, 0, 0, 0, 1, 0, 0, 1, 1, 69, 0, 1, 1, 1, 0, 1, 1, 1, 70, 1, 1, 1, 1, 71, 72, 73, 74, 75, 76, 1, 1, 1, 1, 77, 1, 78, 79, 80, 1, 1, 81, 1, 82, 1, 1, 83, 84, 1, 1, 85, 1, 1, 1, 86, 87, 1, 0, 1, 1, 0, 76, 1, 88, 1, 89, 1, 1, 90, 1, 0, 0, 91, 1, 0, 1, 1, 1, 1, 0, 1, 1, 0, 1, 1, 92, 1, 0, 1, 93, 1, 1, 0, 1, 1, 0, 1, 1, 94, 1, 1, 1, 1, 0, 0, 0, 1, 0, 1, 0, 0, 0, 0, 0, 1, 1, 95, 1, 1, 96, 1, 1, 1, 96, 97, 98, 98, 98, 98, 98, 1, 1, 99, 98, 1, 100, 1, 1, 1, 98, 1, 66, 1, 1, 101, 1, 102, 1, 1, 1, 1, 1, 0, 1, 1, 1, 1, 1, 1, 1, 0, 103, 0, 104, 1, 1, 1, 0, 1, 1, 0, 105, 0, 106, 0, 1, 1, 107, 0, 108, 109, 109, 109, 109, 109, 1, 57, 110, 111, 1, 1, 112, 1, 0, 0, 80, 0, 1, 1, 1, 1, 1, 0, 1, 1, 49, 49, 49, 49, 49, 49, 49, 49, 0, 1, 1, 1, 1, 1, 113, 0, 1, 0, 0, 0, 0, 0, 1, 1, 114, 1, 115, 1, 1, 1, 1, 116, 1, 1, 1, 117, 118, 1, 119, 1, 0, 0, 1, 0, 0, 1, 100, 1, 120, 1, 1, 1, 1, 1, 0, 0, 0, 1, 1, 1, 121, 1, 122, 1, 1, 0, 1, 0, 0, 0, 0, 1, 0, 0, 1, 0, 0, 0, 0, 0, 0, 0, 0, 0, 0, 0, 1, 1, 1, 123, 1, 1, 1, 0, 1, 0, 0, 0, 0, 1, 124, 124, 124, 124, 124, 124, 124, 124, 124, 124, 124, 124, 124, 124, 124, 124, 124, 124, 124, 124, 124, 124, 124, 1, 125, 125, 125, 125, 125, 49, 1, 126, 127, 1, 128, 49, 0, 129, 0, 0, 0, 1, 130, 131, 1, 1, 1, 0, 1, 132, 1, 133, 134, 135, 1, 0, 1, 1, 136, 136, 137, 1, 1, 138, 1, 139, 1, 1, 1, 1, 1, 125, 108, 1, 0, 126, 0, 0, 1, 1, 1, 140, 1, 141, 141, 141, 141, 141, 141, 141, 141, 141, 141, 141, 142, 1, 143, 144, 0, 145, 1, 1, 1, 1, 1, 1, 1, 1, 1, 1, 1, 1, 1, 0, 0, 0, 0, 0, 0, 0, 1, 1, 1, 0, 0, 0, 0, 0, 0, 0, 0, 0, 0, 1, 1, 1, 146, 0, 0, 0, 0, 0, 0, 1, 147, 147, 1, 0, 1, 148, 0, 0, 1, 0, 0, 0, 1, 0, 0, 0, 0, 0, 149, 0, 0, 0, 0, 0, 0, 0, 0, 0, 0, 1, 0, 0, 0, 1, 1, 0, 1, 0, 1, 1, 0, 0, 1, 49, 53, 54, 54, 60, 1, 150, 1, 151, 120, 129, 129, 129, 129, 1, 1, 1, 152, 153, 150, 150, 1, 154, 155, 1, 150, 150, 150, 150, 150, 150, 150, 150, 150, 150, 45, 150, 1, 1, 1, 1]"
xerces,2,seed2_solution002,seed2_solution002,0.14645578720345076,1.8486068415714985,5.236311503197255,0.581930728126679,0.14645578720345076,-1.8486068415714985,5.236311503197255,True,False,"[0, 1, 1, 1, 1, 2, 1, 3, 1, 2, 1, 0, 4, 1, 1, 1, 0, 0, 0, 0, 5, 1, 1, 6, 1, 7, 7, 0, 1, 1, 1, 2, 2, 0, 1, 8, 9, 1, 2, 1, 1, 1, 2, 2, 1, 2, 2, 1, 1, 10, 11, 1, 2, 1, 1, 1, 1, 1, 1, 1, 8, 12, 1, 1, 13, 1, 0, 0, 1, 1, 14, 15, 1, 1, 1, 1, 10, 16, 17, 18, 14, 19, 12, 15, 1, 20, 21, 17, 1, 21, 0, 0, 0, 0, 0, 0, 0, 0, 0, 0, 22, 0, 23, 0, 0, 0, 22, 24, 22, 19, 25, 0, 0, 26, 0, 1, 1, 1, 1, 27, 1, 1, 28, 1, 1, 1, 1, 1, 1, 1, 1, 0, 1, 1, 21, 1, 29, 30, 31, 32, 32, 32, 1, 1, 1, 23, 1, 0, 1, 1, 1, 1, 1, 1, 1, 25, 1, 26, 1, 0, 33, 1, 34, 1, 31, 1, 1, 1, 1, 0, 34, 1, 1, 35, 34, 36, 1, 1, 1, 1, 1, 31, 1, 20, 1, 1, 30, 1, 1, 37, 1, 32, 38, 1, 32, 32, 27, 38, 38, 38, 39, 32, 32, 1, 1, 0, 1, 40, 41, 41, 40, 40, 27, 41, 41, 41, 28, 40, 40, 0, 0, 0, 42, 34, 43, 44, 35, 0, 0, 1, 1, 45, 42, 46, 42, 34, 36, 47, 30, 48, 42, 49, 1, 48, 48, 1, 0, 0, 50, 46, 38, 51, 41, 42, 34, 42, 42, 35, 52, 0, 42, 53, 33, 1, 54, 55, 1, 47, 1, 1, 56, 57, 1, 1, 0, 1, 42, 46, 46, 0, 58, 0, 59, 0, 0, 0, 1, 0, 0, 1, 1, 60, 0, 1, 1, 1, 0, 1, 1, 1, 40, 1, 1, 1, 1, 61, 62, 43, 63, 64, 65, 1, 1, 1, 1, 66, 1, 67, 47, 36, 1, 1, 55, 1, 68, 1, 1, 48, 57, 1, 1, 49, 1, 1, 1, 56, 69, 1, 0, 1, 1, 0, 70, 1, 59, 1, 71, 1, 1, 72, 1, 0, 0, 73, 1, 0, 1, 1, 1, 1, 0, 1, 1, 0, 1, 1, 74, 1, 0, 1, 61, 1, 1, 0, 1, 1, 0, 1, 1, 75, 1, 1, 1, 1, 0, 0, 0, 1, 0, 1, 0, 0, 0, 0, 0, 1, 1, 76, 1, 1, 77, 1, 1, 1, 77, 78, 79, 64, 64, 63, 41, 1, 1, 80, 79, 1, 67, 1, 1, 1, 63, 1, 81, 1, 1, 82, 1, 83, 1, 1, 1, 21, 1, 0, 1, 1, 1, 1, 1, 1, 1, 0, 84, 0, 85, 1, 1, 1, 0, 1, 1, 0, 86, 0, 87, 0, 1, 1, 88, 0, 89, 90, 91, 69, 91, 91, 81, 92, 64, 93, 1, 1, 94, 1, 0, 0, 72, 0, 1, 1, 1, 1, 1, 0, 1, 1, 46, 42, 46, 42, 42, 46, 42, 42, 0, 1, 1, 1, 1, 1, 95, 0, 1, 0, 0, 0, 0, 0, 1, 1, 59, 1, 96, 1, 1, 1, 1, 97, 1, 1, 1, 98, 99, 1, 100, 1, 0, 0, 1, 0, 0, 1, 0, 1, 101, 1, 1, 1, 1, 1, 0, 0, 0, 1, 1, 1, 78, 1, 102, 1, 1, 0, 1, 0, 0, 0, 0, 1, 0, 0, 1, 0, 0, 0, 0, 0, 0, 0, 0, 0, 0, 0, 1, 1, 1, 72, 1, 1, 1, 0, 1, 0, 0, 0, 0, 1, 103, 103, 104, 103, 80, 80, 80, 103, 103, 105, 80, 103, 103, 106, 80, 103, 80, 80, 80, 81, 80, 69, 80, 1, 107, 107, 108, 107, 107, 0, 1, 109, 110, 1, 111, 42, 0, 112, 0, 0, 0, 1, 67, 113, 1, 1, 1, 0, 1, 114, 1, 115, 116, 116, 1, 0, 1, 1, 81, 117, 118, 1, 1, 119, 1, 120, 1, 1, 1, 1, 1, 108, 1, 1, 0, 109, 0, 0, 1, 1, 1, 121, 1, 88, 122, 122, 122, 123, 123, 90, 122, 122, 123, 123, 124, 1, 125, 93, 0, 94, 1, 1, 1, 1, 1, 1, 1, 1, 1, 1, 1, 1, 1, 0, 0, 0, 0, 0, 0, 0, 1, 1, 1, 0, 0, 0, 0, 0, 0, 0, 0, 0, 0, 1, 1, 1, 126, 0, 0, 0, 0, 0, 0, 1, 126, 127, 1, 0, 1, 96, 0, 0, 1, 0, 0, 0, 1, 0, 0, 0, 0, 0, 128, 0, 0, 0, 0, 0, 0, 0, 0, 0, 0, 1, 0, 0, 0, 1, 1, 0, 1, 0, 1, 1, 0, 0, 1, 33, 36, 48, 32, 52, 1, 86, 1, 129, 89, 112, 93, 130, 131, 1, 1, 1, 76, 132, 133, 133, 1, 100, 134, 1, 78, 133, 86, 133, 78, 135, 133, 133, 135, 133, 133, 133, 1, 1, 1, 1]"
xerces,2,seed2_solution003,seed2_solution003,0.15410496046010064,1.9708225799592984,4.812360932133761,0.6047574140368328,0.15410496046010064,-1.9708225799592984,4.812360932133761,True,False,"[0, 1, 1, 1, 1, 2, 1, 3, 1, 2, 1, 0, 4, 1, 1, 1, 0, 0, 0, 0, 5, 1, 1, 6, 1, 7, 7, 0, 1, 1, 1, 2, 2, 0, 1, 8, 8, 1, 2, 1, 1, 1, 2, 2, 1, 2, 2, 1, 1, 9, 10, 1, 2, 1, 1, 1, 1, 1, 1, 1, 9, 11, 1, 1, 12, 1, 0, 0, 1, 1, 13, 14, 1, 1, 1, 1, 15, 16, 17, 13, 13, 12, 11, 14, 1, 16, 17, 14, 1, 18, 0, 0, 0, 0, 0, 0, 0, 0, 0, 0, 19, 0, 20, 0, 0, 0, 14, 21, 21, 21, 22, 0, 0, 23, 0, 1, 1, 1, 1, 24, 1, 1, 25, 1, 1, 1, 1, 1, 1, 1, 1, 0, 1, 1, 18, 1, 26, 27, 28, 29, 30, 31, 1, 1, 1, 20, 1, 0, 1, 1, 1, 1, 1, 1, 1, 31, 1, 24, 1, 0, 31, 1, 32, 1, 32, 1, 1, 1, 1, 0, 33, 1, 1, 34, 24, 35, 1, 1, 1, 1, 1, 28, 1, 27, 1, 1, 19, 1, 1, 25, 1, 28, 36, 1, 30, 29, 24, 36, 36, 36, 37, 29, 28, 1, 1, 0, 1, 37, 34, 37, 26, 38, 30, 37, 35, 39, 25, 38, 34, 0, 0, 0, 40, 33, 34, 41, 34, 0, 0, 1, 1, 42, 40, 43, 37, 33, 35, 44, 27, 45, 40, 35, 1, 45, 45, 1, 0, 0, 27, 40, 36, 46, 39, 36, 34, 37, 47, 34, 48, 0, 47, 49, 37, 1, 50, 39, 1, 42, 1, 1, 51, 52, 1, 1, 0, 1, 27, 43, 44, 0, 45, 0, 27, 0, 0, 0, 1, 0, 0, 1, 1, 53, 0, 1, 1, 1, 0, 1, 1, 1, 54, 1, 1, 1, 1, 55, 53, 44, 56, 57, 58, 1, 1, 1, 1, 49, 1, 45, 44, 46, 1, 1, 59, 1, 38, 1, 1, 45, 51, 1, 1, 52, 1, 1, 1, 60, 61, 1, 0, 1, 1, 0, 62, 1, 61, 1, 52, 1, 1, 63, 1, 0, 0, 59, 1, 51, 1, 1, 1, 1, 0, 1, 1, 0, 1, 1, 64, 1, 0, 1, 55, 1, 1, 0, 1, 1, 0, 1, 1, 65, 1, 1, 1, 1, 0, 0, 0, 1, 0, 1, 0, 0, 0, 0, 0, 1, 1, 66, 1, 1, 67, 1, 1, 1, 67, 68, 57, 44, 57, 56, 69, 1, 1, 69, 58, 1, 58, 1, 1, 1, 56, 1, 70, 1, 1, 69, 1, 71, 1, 1, 1, 18, 1, 0, 1, 1, 1, 1, 1, 1, 1, 0, 72, 0, 73, 1, 1, 1, 0, 1, 1, 0, 59, 0, 74, 0, 1, 1, 56, 0, 75, 58, 76, 58, 58, 77, 1, 78, 79, 80, 1, 1, 81, 1, 0, 0, 63, 0, 1, 1, 1, 1, 1, 0, 1, 1, 27, 40, 43, 37, 47, 43, 40, 40, 0, 1, 1, 1, 1, 1, 82, 0, 1, 0, 0, 0, 0, 0, 1, 1, 61, 1, 65, 1, 1, 1, 1, 83, 1, 1, 1, 9, 44, 1, 84, 1, 0, 0, 1, 0, 0, 1, 0, 1, 85, 1, 1, 1, 1, 1, 0, 0, 0, 1, 1, 1, 68, 1, 57, 1, 1, 0, 1, 0, 0, 0, 0, 1, 0, 0, 1, 0, 0, 0, 0, 0, 0, 0, 0, 0, 0, 0, 1, 1, 1, 67, 1, 1, 1, 0, 1, 0, 0, 0, 0, 1, 69, 76, 86, 68, 87, 87, 87, 88, 63, 51, 88, 89, 87, 90, 64, 88, 87, 65, 68, 63, 87, 88, 87, 1, 6, 75, 56, 75, 91, 0, 1, 92, 93, 1, 94, 40, 0, 70, 0, 0, 0, 1, 6, 56, 1, 1, 1, 0, 1, 95, 1, 96, 97, 97, 1, 0, 1, 1, 63, 98, 99, 1, 1, 100, 1, 101, 1, 1, 1, 1, 1, 58, 1, 1, 0, 92, 0, 0, 1, 1, 1, 74, 1, 102, 77, 25, 103, 104, 26, 88, 103, 103, 66, 105, 78, 1, 80, 106, 0, 82, 1, 1, 1, 1, 1, 1, 1, 1, 1, 1, 1, 1, 1, 0, 0, 0, 0, 0, 0, 0, 1, 1, 1, 0, 0, 0, 0, 0, 0, 0, 0, 0, 0, 1, 1, 1, 107, 0, 0, 0, 0, 0, 0, 1, 107, 108, 1, 0, 1, 109, 0, 0, 1, 0, 0, 0, 1, 0, 0, 0, 0, 0, 110, 0, 0, 0, 0, 0, 0, 0, 0, 0, 0, 1, 0, 0, 0, 1, 1, 0, 1, 0, 1, 1, 0, 0, 105, 37, 34, 45, 29, 42, 1, 105, 1, 111, 74, 112, 80, 80, 109, 1, 1, 1, 85, 5, 113, 114, 1, 84, 115, 1, 68, 110, 89, 86, 68, 6, 113, 110, 110, 67, 73, 85, 1, 1, 1, 1]"
xerces,2,seed2_solution009,seed2_solution009,0.18312005751258087,0.4093609500820688,4.695659541356677,0.6075882688983085,0.18312005751258087,-0.4093609500820688,4.695659541356677,True,False,"[0, 1, 1, 1, 1, 2, 1, 3, 1, 2, 1, 0, 4, 1, 1, 1, 0, 0, 0, 0, 5, 1, 1, 6, 1, 6, 7, 0, 1, 1, 1, 2, 2, 0, 1, 8, 9, 1, 2, 1, 1, 1, 2, 2, 1, 2, 2, 1, 1, 9, 9, 1, 2, 1, 1, 1, 1, 1, 1, 1, 8, 10, 1, 1, 11, 1, 0, 0, 1, 1, 12, 13, 1, 1, 1, 1, 14, 14, 15, 16, 10, 14, 16, 15, 1, 17, 18, 19, 1, 19, 0, 0, 0, 0, 0, 0, 0, 0, 0, 0, 18, 0, 20, 0, 0, 0, 21, 18, 18, 17, 17, 0, 0, 13, 0, 1, 1, 1, 1, 21, 1, 1, 20, 1, 1, 1, 1, 1, 1, 1, 1, 0, 1, 1, 20, 1, 22, 22, 23, 23, 24, 25, 1, 1, 1, 26, 1, 0, 1, 1, 1, 1, 1, 1, 1, 27, 1, 28, 1, 0, 29, 1, 30, 1, 31, 1, 1, 1, 1, 0, 32, 1, 1, 24, 21, 24, 1, 1, 1, 1, 1, 29, 1, 30, 1, 1, 33, 1, 1, 24, 1, 34, 35, 1, 36, 18, 34, 21, 36, 20, 27, 35, 34, 28, 1, 0, 1, 37, 36, 37, 20, 21, 38, 38, 37, 39, 35, 17, 36, 0, 0, 0, 40, 40, 33, 31, 41, 0, 0, 1, 1, 42, 40, 34, 37, 40, 38, 34, 29, 36, 40, 31, 1, 43, 39, 1, 0, 0, 44, 45, 23, 46, 36, 30, 40, 47, 37, 42, 48, 0, 33, 49, 41, 1, 50, 51, 1, 41, 1, 1, 44, 52, 1, 1, 0, 1, 40, 41, 38, 0, 53, 0, 24, 0, 0, 0, 54, 0, 0, 1, 1, 45, 0, 1, 1, 1, 0, 1, 1, 1, 47, 1, 1, 1, 1, 55, 56, 57, 58, 59, 60, 1, 1, 1, 1, 51, 1, 34, 61, 62, 1, 1, 62, 1, 52, 1, 1, 42, 48, 1, 1, 63, 1, 1, 1, 56, 64, 1, 0, 1, 1, 0, 58, 1, 65, 1, 60, 1, 1, 52, 1, 0, 0, 66, 1, 54, 1, 1, 1, 1, 0, 1, 1, 0, 1, 1, 34, 1, 0, 1, 67, 1, 1, 0, 1, 1, 0, 1, 1, 57, 1, 1, 1, 1, 0, 0, 0, 1, 0, 1, 0, 0, 0, 0, 0, 1, 68, 62, 1, 1, 69, 1, 1, 1, 60, 70, 60, 44, 64, 71, 67, 1, 1, 4, 71, 1, 72, 1, 1, 1, 71, 1, 66, 1, 1, 73, 1, 67, 1, 1, 1, 1, 1, 0, 1, 1, 1, 1, 1, 1, 1, 0, 64, 0, 51, 1, 1, 1, 0, 1, 1, 0, 74, 0, 75, 0, 1, 1, 50, 0, 70, 76, 77, 71, 77, 78, 1, 67, 79, 73, 1, 1, 80, 1, 0, 63, 74, 0, 1, 1, 1, 1, 1, 0, 1, 1, 41, 81, 30, 37, 33, 38, 34, 41, 0, 1, 1, 1, 1, 1, 75, 0, 1, 0, 0, 0, 0, 0, 1, 1, 82, 1, 83, 1, 1, 1, 1, 53, 1, 1, 1, 84, 44, 1, 85, 1, 0, 0, 1, 0, 0, 1, 0, 1, 77, 1, 1, 1, 1, 1, 0, 0, 0, 1, 1, 1, 86, 1, 86, 1, 1, 0, 1, 0, 0, 0, 0, 1, 0, 0, 1, 0, 0, 0, 0, 0, 0, 0, 0, 0, 0, 0, 1, 1, 1, 63, 1, 1, 1, 0, 1, 0, 0, 0, 0, 1, 46, 77, 42, 87, 88, 79, 87, 71, 73, 65, 79, 87, 87, 89, 87, 79, 79, 61, 89, 88, 65, 79, 90, 1, 91, 58, 80, 80, 87, 0, 1, 83, 92, 1, 93, 34, 0, 94, 0, 0, 0, 1, 95, 96, 1, 1, 1, 0, 1, 69, 1, 86, 77, 97, 1, 0, 1, 1, 62, 98, 99, 1, 33, 88, 1, 80, 1, 1, 1, 1, 1, 100, 1, 1, 0, 95, 0, 0, 1, 1, 1, 101, 1, 100, 100, 102, 103, 100, 32, 79, 66, 102, 42, 79, 92, 1, 74, 95, 0, 60, 1, 1, 1, 1, 1, 1, 1, 1, 1, 1, 1, 1, 1, 0, 0, 0, 0, 0, 0, 0, 1, 1, 1, 0, 0, 0, 0, 0, 0, 0, 0, 0, 0, 1, 1, 1, 104, 0, 0, 0, 0, 0, 0, 1, 61, 91, 1, 0, 1, 7, 0, 0, 1, 0, 0, 0, 1, 0, 0, 0, 0, 0, 96, 0, 0, 0, 0, 0, 0, 0, 0, 0, 0, 1, 0, 0, 0, 1, 1, 0, 1, 0, 1, 1, 0, 0, 1, 40, 49, 39, 38, 41, 1, 105, 1, 69, 97, 93, 98, 89, 93, 1, 1, 1, 106, 107, 86, 108, 1, 75, 109, 1, 108, 86, 108, 108, 105, 95, 108, 108, 105, 110, 111, 111, 1, 1, 1, 1]"
xerces,2,seed2_solution010,seed2_solution010,0.18869877785765637,0.23413412668911673,4.63108660651438,0.6041515756979985,0.18869877785765637,-0.23413412668911673,4.63108660651438,True,False,"[0, 1, 1, 1, 1, 2, 1, 3, 1, 2, 1, 0, 4, 1, 1, 1, 0, 0, 0, 0, 5, 1, 1, 5, 1, 6, 7, 0, 1, 1, 1, 2, 2, 0, 1, 8, 8, 1, 2, 1, 1, 1, 2, 2, 1, 2, 2, 1, 1, 9, 9, 1, 2, 1, 1, 1, 1, 1, 1, 1, 10, 8, 1, 1, 11, 1, 0, 0, 1, 1, 10, 8, 1, 1, 1, 1, 12, 11, 13, 14, 14, 11, 14, 15, 1, 15, 16, 16, 1, 16, 0, 0, 0, 0, 0, 0, 0, 0, 0, 0, 16, 0, 16, 0, 0, 0, 17, 18, 19, 19, 20, 0, 0, 17, 0, 1, 1, 1, 1, 21, 1, 1, 17, 1, 1, 1, 1, 1, 1, 1, 1, 0, 1, 1, 21, 1, 22, 23, 22, 22, 22, 23, 1, 1, 1, 24, 1, 0, 1, 1, 1, 1, 1, 1, 1, 25, 1, 26, 1, 0, 23, 1, 27, 1, 27, 1, 1, 1, 1, 0, 27, 1, 1, 24, 28, 24, 1, 1, 1, 1, 1, 29, 1, 30, 1, 1, 23, 1, 1, 31, 1, 32, 33, 1, 29, 25, 21, 28, 33, 29, 34, 25, 33, 35, 1, 0, 1, 26, 36, 37, 29, 26, 21, 36, 38, 36, 38, 26, 36, 0, 0, 0, 39, 31, 36, 32, 35, 0, 0, 1, 1, 40, 31, 31, 36, 29, 36, 37, 23, 39, 39, 38, 1, 39, 6, 1, 0, 0, 31, 41, 32, 38, 40, 42, 36, 39, 40, 43, 41, 0, 36, 44, 31, 1, 45, 41, 1, 44, 1, 1, 46, 46, 1, 1, 0, 1, 31, 31, 47, 0, 48, 0, 31, 0, 0, 0, 1, 0, 0, 43, 1, 41, 0, 1, 1, 1, 0, 1, 1, 1, 43, 1, 1, 1, 1, 45, 49, 50, 43, 49, 51, 1, 1, 1, 1, 50, 1, 48, 44, 52, 1, 1, 53, 1, 40, 1, 1, 54, 53, 1, 1, 55, 1, 1, 1, 56, 52, 1, 0, 1, 1, 0, 57, 1, 58, 1, 59, 1, 1, 60, 1, 0, 0, 52, 1, 0, 1, 1, 1, 1, 0, 1, 1, 0, 1, 1, 48, 1, 0, 1, 57, 1, 1, 0, 1, 1, 0, 1, 1, 61, 1, 1, 1, 1, 0, 0, 0, 1, 0, 1, 0, 0, 0, 0, 0, 1, 1, 62, 1, 1, 58, 1, 1, 1, 60, 63, 64, 61, 65, 66, 57, 1, 1, 67, 66, 1, 68, 1, 1, 1, 66, 1, 63, 1, 37, 69, 1, 62, 1, 1, 1, 1, 1, 0, 1, 1, 1, 1, 1, 1, 1, 0, 70, 0, 65, 1, 1, 1, 71, 1, 1, 0, 57, 0, 63, 0, 1, 1, 66, 0, 55, 60, 72, 72, 72, 73, 1, 57, 62, 74, 1, 1, 75, 1, 0, 0, 60, 0, 1, 1, 1, 1, 1, 0, 1, 1, 31, 47, 33, 31, 42, 47, 31, 31, 0, 1, 1, 1, 1, 1, 76, 0, 1, 0, 0, 0, 0, 0, 1, 1, 62, 1, 70, 1, 1, 1, 1, 77, 1, 1, 1, 10, 61, 1, 78, 1, 0, 0, 1, 0, 0, 1, 0, 1, 75, 1, 1, 1, 1, 1, 0, 0, 0, 1, 1, 1, 79, 1, 80, 1, 1, 0, 1, 0, 0, 0, 0, 1, 0, 0, 1, 0, 0, 0, 0, 0, 0, 0, 0, 0, 0, 0, 1, 1, 1, 81, 1, 1, 1, 0, 1, 0, 0, 0, 0, 1, 67, 72, 52, 82, 82, 82, 67, 83, 78, 58, 67, 65, 56, 84, 83, 72, 84, 82, 82, 78, 67, 85, 78, 1, 86, 75, 66, 75, 67, 0, 1, 87, 69, 1, 88, 31, 0, 84, 0, 0, 0, 1, 89, 66, 1, 1, 1, 0, 1, 90, 1, 91, 92, 54, 1, 0, 1, 1, 78, 93, 86, 1, 46, 87, 1, 94, 1, 1, 1, 1, 1, 68, 1, 1, 0, 89, 0, 0, 1, 1, 1, 95, 1, 93, 30, 30, 83, 30, 30, 96, 75, 30, 83, 94, 96, 1, 71, 97, 0, 80, 1, 1, 1, 1, 1, 1, 1, 1, 1, 1, 1, 1, 1, 0, 0, 0, 0, 0, 0, 0, 1, 1, 1, 0, 0, 0, 6, 0, 0, 0, 0, 0, 0, 1, 1, 1, 98, 0, 0, 0, 0, 0, 0, 1, 82, 86, 1, 0, 1, 99, 0, 0, 1, 0, 0, 0, 1, 0, 0, 0, 0, 0, 86, 0, 0, 0, 0, 0, 0, 0, 0, 0, 0, 1, 0, 0, 0, 1, 1, 0, 1, 0, 1, 1, 0, 0, 1, 39, 36, 56, 25, 44, 1, 87, 1, 88, 95, 100, 101, 102, 30, 1, 1, 1, 80, 77, 71, 71, 1, 97, 93, 1, 103, 104, 105, 106, 105, 89, 106, 104, 104, 107, 108, 108, 1, 1, 1, 1]"
xerces,2,seed2_solution011,seed2_solution011,0.19367361610352266,0.10782324556831864,4.547286967121918,0.6103075979228645,0.19367361610352266,-0.10782324556831864,4.547286967121918,True,False,"[0, 1, 1, 1, 1, 2, 1, 3, 1, 2, 1, 0, 4, 1, 1, 1, 0, 0, 0, 0, 5, 1, 1, 6, 1, 6, 7, 0, 1, 1, 1, 2, 2, 0, 1, 8, 8, 1, 2, 1, 1, 1, 2, 2, 1, 2, 2, 1, 1, 9, 9, 1, 2, 1, 1, 1, 1, 1, 1, 1, 10, 11, 1, 1, 11, 1, 0, 0, 1, 1, 10, 12, 1, 1, 1, 1, 13, 11, 13, 14, 14, 11, 15, 16, 1, 16, 17, 15, 1, 17, 0, 0, 0, 0, 0, 0, 0, 0, 0, 0, 18, 0, 17, 0, 0, 0, 15, 18, 18, 18, 19, 0, 0, 20, 0, 1, 1, 1, 1, 21, 1, 1, 22, 1, 1, 1, 1, 1, 1, 1, 1, 0, 1, 1, 22, 1, 21, 23, 24, 24, 24, 25, 1, 1, 1, 23, 1, 0, 1, 1, 1, 1, 1, 1, 1, 26, 1, 27, 1, 0, 25, 1, 26, 1, 26, 1, 1, 1, 1, 0, 26, 1, 1, 28, 27, 28, 1, 1, 1, 1, 1, 29, 1, 30, 1, 1, 22, 1, 1, 28, 1, 31, 32, 1, 32, 24, 20, 27, 32, 32, 33, 24, 31, 34, 1, 0, 1, 35, 36, 35, 29, 21, 32, 35, 37, 26, 36, 38, 36, 0, 0, 0, 39, 30, 36, 31, 38, 0, 0, 1, 1, 39, 38, 39, 35, 40, 41, 39, 25, 39, 39, 37, 1, 39, 42, 1, 0, 0, 30, 43, 31, 37, 32, 39, 36, 35, 40, 44, 42, 0, 40, 45, 35, 1, 39, 42, 1, 46, 1, 1, 47, 42, 1, 1, 0, 1, 30, 28, 48, 0, 49, 0, 30, 0, 0, 0, 1, 0, 0, 44, 1, 50, 0, 1, 1, 1, 0, 1, 1, 1, 44, 1, 1, 1, 1, 51, 50, 48, 44, 52, 53, 1, 1, 1, 1, 54, 1, 49, 55, 52, 1, 1, 53, 1, 41, 1, 1, 56, 57, 1, 1, 58, 1, 1, 1, 59, 60, 1, 0, 1, 1, 0, 61, 1, 55, 21, 58, 1, 1, 62, 1, 0, 0, 56, 1, 57, 1, 1, 1, 1, 0, 1, 1, 0, 1, 1, 59, 1, 0, 1, 56, 1, 1, 0, 1, 1, 0, 1, 1, 60, 1, 1, 1, 1, 0, 0, 0, 1, 0, 1, 0, 0, 0, 0, 0, 1, 1, 63, 1, 1, 57, 1, 1, 1, 62, 64, 65, 48, 63, 66, 67, 1, 1, 67, 66, 1, 66, 1, 1, 1, 64, 1, 68, 1, 27, 67, 1, 61, 1, 1, 1, 1, 1, 0, 1, 1, 1, 1, 1, 1, 1, 0, 68, 0, 69, 1, 1, 1, 0, 1, 1, 0, 56, 0, 65, 0, 1, 1, 64, 0, 70, 66, 69, 66, 66, 71, 1, 71, 72, 73, 1, 1, 74, 1, 0, 0, 62, 0, 1, 1, 1, 1, 1, 0, 1, 1, 30, 41, 38, 35, 40, 41, 30, 28, 0, 1, 1, 1, 1, 1, 75, 0, 1, 0, 0, 0, 0, 0, 1, 1, 61, 1, 76, 1, 1, 1, 1, 56, 1, 1, 1, 10, 48, 1, 77, 1, 0, 0, 1, 0, 0, 1, 0, 1, 70, 1, 1, 1, 1, 1, 0, 0, 0, 1, 1, 1, 74, 1, 65, 1, 1, 0, 1, 0, 0, 0, 0, 1, 0, 0, 1, 0, 0, 0, 0, 0, 0, 0, 0, 0, 0, 0, 1, 1, 1, 78, 1, 1, 1, 0, 1, 0, 0, 0, 0, 1, 67, 69, 52, 79, 76, 80, 67, 80, 73, 57, 80, 63, 81, 79, 75, 80, 82, 76, 79, 73, 67, 80, 81, 1, 83, 70, 64, 70, 67, 0, 1, 84, 85, 1, 86, 39, 0, 82, 0, 0, 0, 1, 83, 64, 1, 1, 1, 0, 1, 87, 1, 88, 82, 54, 1, 0, 1, 1, 73, 57, 89, 1, 47, 79, 1, 33, 1, 1, 1, 1, 1, 66, 1, 1, 0, 83, 0, 0, 1, 1, 1, 88, 1, 90, 91, 28, 77, 28, 29, 80, 68, 28, 77, 87, 92, 1, 93, 94, 0, 95, 1, 1, 1, 1, 1, 1, 1, 1, 1, 1, 1, 1, 1, 0, 0, 0, 0, 0, 0, 0, 1, 1, 1, 0, 0, 0, 0, 0, 0, 0, 0, 0, 0, 1, 1, 1, 96, 0, 0, 0, 0, 0, 0, 1, 97, 80, 1, 0, 1, 98, 0, 0, 1, 0, 0, 0, 1, 0, 0, 0, 0, 0, 99, 0, 0, 0, 0, 0, 0, 0, 0, 0, 0, 1, 0, 0, 0, 1, 1, 0, 1, 0, 1, 1, 0, 0, 87, 35, 36, 59, 24, 46, 1, 79, 1, 81, 88, 91, 100, 93, 29, 1, 1, 1, 101, 5, 88, 102, 1, 94, 90, 1, 103, 99, 103, 104, 105, 83, 104, 99, 99, 78, 86, 101, 1, 1, 1, 1]"
xerces,2,seed2_solution013,seed2_solution013,0.20977713874910137,8.077132965248989,1.3206691042753758,0.3803673932501018,0.20977713874910137,-8.077132965248989,1.3206691042753758,True,False,"[0, 0, 0, 0, 0, 0, 0, 0, 0, 0, 0, 0, 0, 0, 1, 2, 0, 0, 0, 3, 2, 0, 0, 0, 0, 0, 3, 0, 0, 0, 0, 0, 0, 0, 0, 0, 0, 0, 0, 0, 0, 0, 0, 0, 0, 0, 0, 0, 0, 0, 0, 0, 0, 0, 0, 0, 0, 0, 0, 0, 0, 0, 0, 0, 0, 4, 0, 0, 4, 0, 0, 0, 0, 0, 0, 0, 0, 0, 0, 0, 0, 0, 0, 0, 0, 0, 0, 0, 0, 0, 0, 0, 0, 0, 0, 0, 0, 0, 0, 0, 5, 0, 6, 0, 0, 0, 5, 5, 5, 1, 1, 7, 0, 8, 7, 7, 7, 7, 7, 1, 7, 7, 7, 7, 7, 7, 7, 7, 7, 7, 7, 3, 7, 7, 7, 7, 7, 7, 7, 7, 7, 7, 7, 7, 7, 7, 1, 1, 7, 7, 1, 7, 7, 1, 1, 1, 1, 1, 1, 7, 1, 1, 1, 1, 1, 3, 7, 1, 1, 7, 1, 1, 1, 1, 1, 9, 9, 9, 9, 9, 9, 1, 9, 1, 1, 1, 1, 10, 1, 10, 11, 12, 12, 10, 12, 12, 12, 12, 13, 12, 12, 12, 12, 4, 11, 10, 10, 11, 11, 11, 11, 11, 11, 11, 11, 11, 11, 11, 11, 10, 11, 11, 11, 11, 11, 11, 11, 11, 11, 10, 10, 11, 11, 11, 11, 11, 11, 11, 11, 11, 11, 11, 10, 11, 11, 10, 11, 11, 11, 11, 11, 11, 10, 11, 11, 11, 11, 11, 1, 10, 11, 11, 11, 11, 11, 11, 10, 10, 10, 10, 10, 10, 11, 10, 10, 10, 11, 11, 11, 7, 7, 7, 7, 7, 7, 1, 4, 4, 1, 4, 14, 14, 14, 14, 14, 14, 14, 14, 14, 15, 15, 15, 15, 15, 15, 15, 15, 15, 15, 15, 15, 15, 15, 15, 15, 15, 15, 15, 15, 15, 15, 15, 15, 15, 15, 15, 15, 15, 15, 15, 15, 15, 15, 4, 4, 3, 4, 10, 10, 10, 10, 10, 10, 10, 16, 10, 10, 10, 3, 3, 4, 4, 4, 4, 4, 4, 4, 4, 4, 4, 10, 10, 10, 10, 10, 10, 10, 10, 10, 10, 10, 10, 10, 4, 3, 10, 1, 10, 10, 10, 10, 10, 10, 4, 4, 14, 4, 4, 4, 4, 4, 14, 4, 4, 4, 9, 9, 10, 9, 9, 9, 9, 4, 9, 9, 9, 17, 17, 17, 17, 17, 1, 17, 17, 17, 17, 17, 17, 17, 1, 17, 10, 10, 10, 2, 10, 17, 10, 10, 10, 10, 10, 10, 10, 10, 10, 10, 10, 10, 10, 10, 3, 17, 3, 10, 10, 10, 10, 10, 10, 10, 4, 10, 4, 10, 10, 10, 10, 10, 3, 10, 10, 10, 10, 10, 10, 10, 10, 10, 17, 17, 17, 17, 1, 1, 3, 1, 1, 1, 1, 17, 17, 17, 1, 1, 1, 18, 18, 18, 18, 18, 18, 18, 18, 3, 1, 1, 0, 2, 2, 17, 3, 17, 3, 3, 3, 3, 3, 4, 1, 1, 1, 1, 1, 4, 4, 4, 4, 17, 17, 17, 17, 17, 17, 17, 17, 3, 3, 3, 3, 3, 17, 17, 0, 19, 17, 1, 17, 1, 1, 3, 3, 3, 3, 17, 17, 1, 1, 20, 1, 1, 1, 1, 3, 3, 17, 3, 3, 3, 3, 1, 1, 3, 3, 3, 3, 3, 3, 3, 3, 3, 2, 1, 1, 1, 1, 1, 1, 1, 3, 3, 17, 3, 3, 17, 1, 21, 21, 21, 21, 21, 21, 21, 21, 21, 21, 21, 21, 21, 21, 21, 21, 21, 21, 21, 21, 21, 21, 21, 1, 22, 22, 22, 22, 22, 3, 17, 23, 3, 10, 10, 18, 17, 2, 3, 17, 1, 17, 17, 3, 1, 17, 17, 7, 2, 2, 1, 2, 3, 2, 17, 3, 2, 2, 2, 2, 3, 17, 10, 10, 2, 2, 2, 7, 7, 7, 7, 7, 7, 7, 3, 23, 3, 3, 17, 3, 7, 24, 1, 25, 25, 25, 25, 25, 25, 25, 25, 25, 25, 25, 1, 1, 1, 1, 1, 1, 1, 1, 1, 1, 1, 1, 1, 1, 1, 17, 1, 7, 17, 3, 3, 3, 3, 3, 3, 3, 1, 1, 1, 1, 1, 1, 7, 1, 1, 1, 1, 3, 1, 3, 17, 17, 1, 2, 2, 2, 2, 1, 17, 1, 1, 1, 1, 2, 1, 1, 4, 4, 4, 3, 17, 4, 4, 10, 10, 10, 10, 10, 26, 10, 0, 10, 10, 4, 3, 3, 10, 10, 10, 10, 10, 10, 10, 10, 10, 10, 10, 10, 10, 4, 10, 11, 10, 11, 11, 11, 11, 1, 2, 2, 2, 2, 2, 2, 2, 2, 2, 2, 2, 2, 27, 28, 29, 29, 2, 13, 30, 2, 29, 29, 29, 29, 29, 29, 29, 29, 29, 2, 2, 2, 2, 2, 2, 2]"
xerces,2,seed2_solution014,seed2_solution014,0.21337167505391805,8.077920052079618,1.323464778289278,0.3901795199768008,0.21337167505391805,-8.077920052079618,1.323464778289278,True,False,"[0, 0, 0, 0, 0, 0, 0, 0, 0, 0, 0, 0, 0, 0, 1, 2, 0, 0, 0, 3, 2, 0, 0, 0, 0, 0, 3, 0, 0, 0, 0, 0, 0, 0, 0, 0, 0, 0, 0, 0, 0, 0, 0, 0, 0, 0, 0, 0, 0, 0, 0, 0, 0, 0, 0, 0, 0, 0, 0, 0, 0, 0, 0, 0, 0, 4, 0, 0, 4, 0, 0, 0, 0, 0, 0, 0, 0, 0, 0, 0, 0, 0, 0, 0, 0, 0, 0, 0, 0, 0, 0, 0, 0, 0, 0, 0, 0, 0, 0, 0, 5, 0, 6, 0, 0, 0, 5, 5, 5, 1, 1, 7, 0, 8, 7, 7, 7, 7, 7, 1, 7, 7, 7, 7, 7, 7, 7, 7, 7, 7, 7, 3, 7, 7, 7, 7, 7, 7, 7, 7, 7, 7, 7, 7, 7, 7, 1, 1, 7, 7, 1, 7, 7, 1, 1, 1, 1, 1, 1, 7, 1, 1, 1, 1, 1, 3, 7, 1, 1, 7, 1, 1, 1, 1, 1, 9, 9, 9, 9, 9, 9, 1, 9, 1, 1, 1, 1, 10, 1, 10, 11, 12, 12, 10, 12, 12, 12, 12, 13, 12, 12, 12, 12, 4, 11, 10, 10, 11, 11, 11, 11, 11, 11, 11, 11, 11, 11, 11, 11, 10, 11, 11, 11, 11, 11, 11, 11, 11, 11, 10, 10, 11, 11, 11, 11, 11, 11, 11, 11, 11, 11, 11, 10, 11, 11, 10, 11, 11, 11, 11, 11, 11, 10, 11, 11, 11, 11, 11, 1, 10, 11, 11, 11, 11, 11, 11, 10, 10, 10, 10, 10, 10, 11, 10, 10, 10, 11, 11, 11, 7, 7, 7, 7, 7, 7, 1, 4, 4, 1, 4, 14, 14, 14, 14, 14, 14, 14, 14, 14, 15, 15, 15, 15, 15, 10, 15, 15, 15, 15, 15, 15, 15, 15, 15, 15, 15, 15, 15, 15, 15, 15, 15, 15, 15, 15, 15, 15, 15, 15, 15, 15, 15, 15, 4, 4, 3, 4, 10, 10, 10, 10, 10, 10, 10, 16, 10, 10, 10, 3, 3, 4, 4, 4, 4, 4, 4, 4, 4, 4, 4, 10, 10, 10, 10, 10, 10, 10, 10, 10, 10, 10, 10, 10, 4, 3, 10, 1, 10, 10, 10, 10, 10, 10, 4, 4, 14, 4, 4, 4, 4, 4, 14, 4, 4, 4, 9, 9, 10, 9, 9, 9, 9, 4, 9, 9, 9, 17, 17, 17, 17, 17, 1, 17, 17, 17, 17, 17, 17, 17, 1, 17, 10, 10, 10, 2, 10, 17, 10, 10, 10, 10, 10, 10, 10, 10, 10, 10, 10, 10, 10, 10, 3, 17, 3, 10, 10, 10, 10, 10, 10, 10, 4, 10, 4, 10, 10, 10, 10, 10, 3, 10, 10, 10, 10, 10, 10, 10, 10, 10, 17, 17, 17, 17, 1, 1, 3, 1, 1, 1, 1, 17, 17, 17, 1, 1, 1, 18, 18, 18, 18, 18, 18, 18, 18, 3, 1, 1, 0, 2, 2, 17, 3, 17, 3, 3, 3, 3, 3, 4, 1, 1, 1, 1, 1, 4, 4, 4, 4, 17, 17, 17, 17, 17, 17, 17, 17, 3, 3, 3, 3, 3, 17, 17, 0, 19, 17, 1, 17, 1, 1, 3, 3, 3, 3, 17, 17, 1, 1, 20, 1, 1, 1, 1, 3, 3, 17, 3, 3, 3, 3, 1, 1, 3, 3, 3, 3, 3, 3, 3, 3, 3, 2, 1, 1, 1, 1, 1, 1, 1, 3, 3, 17, 3, 3, 17, 1, 21, 21, 21, 21, 21, 21, 21, 21, 21, 21, 21, 21, 21, 21, 21, 21, 21, 21, 21, 21, 21, 21, 21, 1, 22, 22, 22, 22, 22, 3, 17, 23, 3, 10, 10, 18, 17, 2, 3, 17, 1, 17, 17, 3, 1, 17, 17, 7, 2, 2, 1, 2, 3, 2, 17, 3, 2, 2, 2, 2, 3, 17, 10, 10, 2, 2, 2, 7, 7, 7, 7, 7, 7, 7, 3, 23, 3, 3, 17, 3, 7, 24, 1, 25, 25, 25, 25, 25, 25, 25, 25, 25, 25, 25, 1, 1, 1, 1, 1, 1, 1, 1, 1, 1, 1, 1, 1, 1, 1, 17, 1, 7, 17, 3, 3, 3, 3, 11, 3, 3, 1, 1, 1, 1, 1, 1, 7, 1, 1, 1, 1, 3, 1, 3, 17, 17, 1, 2, 2, 2, 2, 1, 17, 1, 1, 1, 1, 2, 1, 1, 4, 4, 4, 3, 17, 4, 4, 10, 10, 10, 10, 10, 26, 10, 0, 10, 10, 4, 3, 3, 10, 10, 10, 10, 10, 10, 10, 10, 10, 10, 10, 10, 10, 4, 10, 11, 10, 11, 11, 11, 11, 1, 2, 2, 2, 2, 2, 2, 2, 2, 2, 2, 2, 2, 27, 28, 29, 29, 2, 13, 30, 2, 29, 29, 29, 29, 29, 29, 29, 29, 29, 2, 2, 2, 2, 2, 2, 2]"
xerces,2,seed2_solution015,seed2_solution015,0.23289719626168223,8.295342873629481,1.2741305005765469,0.3920511667291511,0.23289719626168223,-8.295342873629481,1.2741305005765469,True,False,"[0, 0, 0, 0, 0, 0, 0, 0, 0, 0, 0, 0, 0, 0, 1, 2, 0, 0, 0, 3, 2, 0, 0, 0, 0, 0, 3, 0, 0, 0, 0, 0, 0, 0, 0, 0, 0, 0, 0, 0, 0, 0, 0, 0, 0, 0, 0, 0, 0, 0, 0, 0, 0, 0, 0, 0, 0, 0, 0, 0, 0, 0, 0, 0, 0, 4, 0, 0, 4, 0, 0, 0, 0, 0, 0, 0, 0, 0, 0, 0, 0, 0, 0, 0, 0, 0, 0, 0, 0, 0, 0, 0, 0, 0, 0, 0, 0, 0, 0, 0, 5, 0, 6, 0, 0, 0, 5, 5, 5, 1, 1, 7, 0, 8, 7, 7, 7, 7, 7, 1, 7, 7, 7, 7, 7, 7, 7, 7, 7, 7, 7, 3, 7, 7, 7, 7, 7, 7, 7, 7, 7, 7, 7, 7, 7, 7, 1, 1, 7, 7, 1, 7, 7, 1, 1, 1, 1, 1, 1, 7, 1, 1, 1, 1, 1, 3, 7, 1, 1, 7, 1, 1, 1, 1, 1, 9, 9, 9, 9, 9, 9, 1, 9, 1, 1, 1, 1, 10, 1, 10, 11, 12, 12, 10, 12, 12, 12, 12, 12, 12, 12, 12, 12, 4, 11, 10, 10, 11, 11, 11, 11, 11, 11, 11, 11, 11, 11, 11, 11, 10, 11, 11, 11, 11, 11, 11, 11, 11, 11, 10, 10, 11, 11, 11, 11, 11, 11, 11, 11, 11, 11, 11, 10, 11, 11, 10, 11, 11, 11, 11, 11, 11, 10, 11, 11, 11, 11, 11, 1, 10, 11, 11, 11, 11, 11, 11, 10, 10, 10, 10, 10, 10, 11, 10, 10, 10, 11, 11, 11, 7, 7, 7, 7, 7, 7, 1, 4, 13, 1, 4, 14, 14, 14, 14, 14, 14, 14, 14, 14, 15, 15, 15, 15, 15, 15, 15, 15, 15, 15, 15, 15, 15, 15, 15, 15, 15, 9, 15, 15, 15, 15, 15, 15, 15, 15, 15, 15, 15, 15, 15, 15, 15, 15, 4, 4, 3, 4, 10, 10, 10, 10, 10, 10, 2, 16, 10, 10, 10, 3, 3, 4, 4, 4, 4, 4, 4, 4, 4, 4, 4, 10, 10, 10, 10, 10, 10, 10, 10, 10, 10, 10, 10, 10, 4, 3, 10, 1, 10, 10, 10, 10, 10, 10, 4, 4, 14, 4, 17, 4, 4, 4, 4, 4, 4, 4, 9, 9, 10, 9, 9, 9, 9, 4, 9, 9, 9, 13, 13, 13, 13, 13, 1, 13, 13, 13, 13, 13, 7, 13, 1, 13, 10, 10, 10, 2, 10, 13, 10, 10, 10, 10, 10, 10, 10, 10, 10, 10, 10, 10, 10, 10, 3, 13, 3, 10, 10, 10, 10, 10, 10, 10, 4, 10, 4, 10, 10, 10, 10, 10, 3, 10, 10, 10, 10, 10, 10, 10, 10, 10, 13, 13, 13, 13, 1, 1, 3, 1, 1, 1, 1, 13, 13, 13, 1, 1, 18, 19, 19, 19, 19, 19, 19, 19, 19, 3, 2, 1, 0, 2, 2, 3, 3, 13, 3, 3, 3, 3, 3, 4, 1, 1, 1, 1, 1, 4, 4, 4, 4, 13, 13, 13, 13, 13, 13, 13, 13, 3, 3, 3, 3, 3, 13, 13, 0, 18, 13, 1, 13, 1, 1, 3, 3, 3, 3, 13, 13, 1, 1, 17, 1, 1, 1, 1, 3, 3, 13, 3, 3, 3, 3, 1, 1, 3, 3, 3, 3, 3, 3, 3, 3, 3, 2, 1, 1, 1, 1, 1, 1, 1, 3, 3, 13, 3, 3, 13, 1, 20, 20, 20, 20, 20, 20, 20, 20, 20, 20, 20, 20, 20, 20, 20, 20, 20, 20, 20, 20, 20, 20, 20, 1, 21, 21, 21, 21, 21, 3, 13, 22, 3, 10, 10, 19, 13, 2, 3, 13, 1, 13, 13, 3, 1, 13, 13, 7, 2, 2, 1, 2, 3, 2, 13, 3, 2, 2, 2, 2, 3, 13, 10, 10, 2, 2, 2, 7, 7, 7, 7, 1, 7, 7, 3, 22, 3, 3, 13, 3, 7, 23, 1, 18, 18, 18, 18, 18, 18, 18, 18, 18, 18, 18, 1, 1, 1, 1, 1, 23, 1, 1, 1, 1, 1, 1, 1, 1, 1, 13, 1, 7, 13, 3, 3, 3, 3, 3, 3, 3, 1, 1, 1, 1, 1, 1, 7, 1, 1, 1, 1, 3, 1, 3, 13, 13, 1, 2, 2, 2, 2, 1, 13, 1, 1, 1, 1, 2, 1, 1, 4, 4, 4, 3, 13, 4, 4, 10, 10, 10, 10, 10, 24, 10, 4, 10, 10, 4, 4, 3, 10, 10, 10, 10, 10, 10, 10, 10, 10, 10, 10, 10, 10, 4, 10, 11, 10, 11, 11, 11, 11, 1, 2, 2, 2, 2, 2, 2, 2, 2, 2, 2, 2, 2, 25, 26, 27, 27, 2, 28, 29, 2, 27, 27, 27, 27, 27, 27, 27, 27, 27, 2, 2, 2, 2, 2, 2, 2]"
xerces,2,seed2_solution016,seed2_solution016,0.2367217828900072,1.6612266208144444,1.231509829479815,0.4078245367986456,0.2367217828900072,-1.6612266208144444,1.231509829479815,True,False,"[0, 0, 0, 0, 0, 0, 0, 0, 0, 0, 0, 0, 0, 0, 1, 2, 0, 0, 0, 3, 2, 0, 0, 0, 0, 0, 3, 0, 0, 0, 0, 0, 0, 0, 0, 0, 0, 0, 0, 0, 0, 0, 0, 0, 0, 0, 0, 0, 0, 0, 0, 0, 0, 0, 0, 0, 0, 0, 0, 0, 0, 0, 0, 0, 0, 4, 0, 0, 4, 0, 0, 0, 0, 0, 0, 0, 0, 0, 0, 0, 0, 0, 0, 0, 0, 0, 0, 0, 0, 0, 0, 0, 0, 0, 0, 0, 0, 0, 0, 0, 5, 0, 6, 0, 0, 0, 5, 5, 5, 1, 1, 7, 0, 8, 7, 7, 7, 7, 7, 1, 7, 7, 7, 7, 7, 7, 7, 7, 7, 7, 7, 3, 7, 7, 7, 7, 7, 7, 7, 7, 7, 7, 7, 7, 7, 7, 1, 1, 7, 7, 1, 7, 7, 1, 1, 1, 1, 1, 1, 7, 1, 1, 1, 1, 1, 3, 7, 1, 1, 7, 1, 1, 1, 1, 1, 9, 9, 9, 9, 9, 9, 1, 9, 1, 1, 1, 1, 10, 1, 10, 11, 12, 12, 10, 12, 12, 12, 12, 12, 12, 12, 12, 12, 4, 11, 10, 10, 11, 11, 11, 11, 11, 11, 11, 11, 11, 11, 11, 11, 10, 11, 11, 11, 11, 11, 11, 11, 11, 11, 10, 10, 11, 11, 11, 11, 11, 11, 11, 11, 11, 11, 11, 10, 11, 11, 10, 11, 11, 11, 11, 11, 11, 10, 11, 11, 11, 11, 11, 1, 10, 11, 11, 11, 11, 11, 11, 10, 10, 10, 10, 10, 10, 11, 10, 10, 10, 11, 11, 11, 7, 7, 7, 7, 7, 7, 1, 4, 13, 1, 4, 14, 14, 14, 14, 14, 14, 14, 14, 14, 15, 15, 15, 15, 15, 15, 15, 15, 15, 15, 15, 15, 14, 15, 14, 15, 15, 15, 15, 15, 14, 15, 15, 15, 15, 15, 15, 15, 15, 15, 15, 15, 15, 15, 4, 4, 3, 4, 10, 10, 10, 10, 10, 10, 2, 16, 10, 10, 10, 3, 3, 4, 4, 4, 4, 4, 4, 4, 4, 4, 4, 10, 10, 10, 10, 10, 10, 10, 10, 10, 10, 10, 10, 10, 3, 3, 10, 1, 10, 10, 10, 10, 10, 10, 4, 4, 14, 4, 4, 4, 4, 4, 4, 4, 4, 4, 9, 9, 10, 9, 9, 9, 9, 4, 9, 9, 9, 13, 16, 13, 13, 13, 1, 13, 16, 13, 13, 13, 7, 13, 1, 13, 10, 10, 10, 2, 10, 13, 10, 10, 10, 10, 10, 10, 10, 10, 10, 10, 10, 10, 10, 10, 3, 13, 3, 10, 10, 10, 10, 10, 10, 10, 4, 10, 4, 10, 10, 10, 10, 10, 3, 10, 10, 10, 10, 10, 10, 10, 10, 10, 13, 13, 13, 16, 1, 1, 3, 1, 1, 1, 1, 13, 13, 13, 1, 1, 1, 17, 18, 18, 17, 17, 18, 18, 18, 3, 2, 1, 0, 2, 2, 3, 3, 13, 3, 3, 3, 3, 3, 4, 1, 1, 1, 1, 1, 4, 4, 4, 4, 13, 13, 16, 13, 16, 13, 13, 13, 3, 3, 3, 3, 3, 13, 16, 0, 17, 13, 1, 13, 1, 1, 3, 3, 3, 3, 13, 13, 1, 1, 19, 1, 1, 1, 1, 3, 3, 13, 3, 3, 3, 3, 1, 1, 3, 3, 3, 3, 3, 3, 3, 3, 3, 2, 1, 1, 1, 1, 1, 1, 1, 3, 3, 13, 3, 3, 13, 1, 19, 20, 19, 20, 19, 19, 20, 20, 20, 19, 19, 19, 19, 20, 19, 19, 20, 20, 19, 19, 20, 19, 19, 1, 20, 21, 20, 21, 21, 3, 13, 21, 3, 10, 10, 18, 13, 2, 3, 13, 1, 13, 16, 3, 1, 13, 13, 7, 2, 2, 1, 2, 3, 2, 13, 3, 2, 2, 2, 2, 3, 13, 10, 10, 2, 2, 2, 7, 7, 7, 7, 1, 7, 7, 3, 21, 3, 3, 13, 3, 7, 22, 1, 17, 17, 17, 17, 17, 17, 17, 17, 23, 17, 17, 1, 1, 1, 1, 1, 1, 1, 1, 1, 1, 1, 1, 1, 1, 1, 13, 1, 7, 13, 3, 3, 3, 3, 3, 3, 3, 1, 1, 1, 1, 1, 1, 7, 1, 1, 1, 1, 3, 1, 3, 13, 13, 1, 2, 2, 2, 2, 1, 13, 1, 1, 1, 1, 2, 1, 1, 4, 4, 4, 3, 13, 4, 4, 10, 10, 10, 10, 10, 24, 10, 4, 10, 10, 4, 4, 3, 10, 10, 10, 10, 10, 10, 10, 10, 10, 10, 10, 10, 10, 4, 10, 11, 10, 11, 11, 11, 11, 1, 2, 2, 2, 2, 2, 2, 2, 2, 2, 2, 2, 2, 25, 26, 26, 26, 2, 27, 27, 2, 6, 26, 28, 28, 26, 28, 28, 26, 28, 2, 2, 2, 2, 2, 2, 2]"
xerces,2,seed2_solution017,seed2_solution017,0.2405176132278936,1.6610669101014879,1.2257746154692606,0.41190593833660805,0.2405176132278936,-1.6610669101014879,1.2257746154692606,True,False,"[0, 0, 0, 0, 0, 0, 0, 0, 0, 0, 0, 0, 0, 0, 1, 2, 0, 0, 0, 3, 2, 0, 0, 0, 0, 0, 3, 0, 0, 0, 0, 0, 0, 0, 0, 0, 0, 0, 0, 0, 0, 0, 0, 0, 0, 0, 0, 0, 0, 0, 0, 0, 0, 0, 0, 0, 0, 0, 0, 0, 0, 0, 0, 0, 0, 4, 0, 0, 4, 0, 0, 0, 0, 0, 0, 0, 0, 0, 0, 0, 0, 0, 0, 0, 0, 0, 0, 0, 0, 0, 0, 0, 0, 0, 0, 0, 0, 0, 0, 0, 5, 0, 6, 0, 0, 0, 5, 5, 5, 1, 1, 7, 0, 8, 7, 7, 7, 7, 7, 1, 7, 7, 7, 7, 7, 7, 7, 7, 7, 7, 7, 3, 7, 7, 7, 7, 7, 7, 7, 7, 7, 7, 7, 7, 7, 7, 1, 1, 7, 7, 1, 7, 7, 1, 1, 1, 1, 1, 1, 9, 1, 1, 1, 1, 1, 3, 7, 1, 1, 7, 1, 1, 1, 1, 1, 10, 10, 10, 10, 10, 10, 1, 10, 1, 1, 1, 1, 11, 1, 11, 12, 13, 13, 11, 13, 13, 13, 13, 13, 13, 13, 13, 13, 4, 12, 11, 11, 12, 12, 12, 12, 12, 12, 12, 12, 12, 12, 12, 12, 11, 12, 12, 12, 12, 12, 12, 12, 12, 12, 11, 11, 12, 12, 12, 12, 12, 12, 12, 12, 12, 12, 12, 11, 12, 12, 6, 12, 12, 12, 12, 12, 12, 11, 12, 12, 12, 12, 12, 1, 11, 12, 12, 12, 12, 12, 12, 11, 11, 11, 11, 11, 11, 12, 11, 11, 11, 12, 12, 12, 7, 7, 7, 7, 7, 7, 1, 4, 14, 1, 4, 15, 15, 15, 15, 15, 15, 15, 15, 15, 16, 16, 16, 16, 16, 16, 16, 16, 16, 16, 16, 16, 15, 16, 15, 16, 16, 16, 16, 16, 15, 16, 16, 16, 16, 16, 16, 16, 16, 16, 16, 16, 16, 16, 4, 4, 3, 4, 11, 11, 11, 11, 11, 11, 2, 9, 11, 11, 11, 3, 3, 4, 4, 4, 4, 4, 4, 4, 4, 4, 4, 11, 11, 11, 11, 11, 11, 11, 11, 11, 11, 11, 11, 11, 3, 3, 11, 1, 11, 11, 11, 11, 11, 11, 4, 4, 15, 4, 4, 4, 4, 4, 4, 4, 4, 4, 10, 10, 11, 10, 10, 10, 10, 4, 10, 10, 10, 14, 9, 14, 14, 14, 1, 14, 9, 14, 14, 14, 7, 14, 1, 14, 11, 11, 11, 2, 11, 14, 11, 11, 11, 11, 11, 11, 11, 11, 11, 11, 11, 11, 11, 11, 3, 14, 3, 11, 11, 11, 11, 11, 11, 11, 4, 11, 4, 11, 11, 11, 11, 11, 3, 11, 11, 11, 11, 11, 11, 11, 11, 11, 14, 14, 14, 9, 1, 1, 3, 1, 1, 1, 1, 14, 14, 14, 1, 1, 1, 17, 18, 18, 17, 17, 18, 18, 18, 3, 2, 1, 0, 2, 2, 3, 3, 14, 3, 3, 3, 3, 3, 4, 1, 1, 1, 1, 1, 4, 4, 4, 4, 14, 14, 9, 14, 9, 14, 14, 14, 3, 3, 3, 3, 3, 14, 9, 0, 17, 14, 1, 14, 1, 1, 3, 3, 3, 3, 14, 14, 1, 1, 19, 1, 1, 1, 1, 3, 3, 14, 3, 3, 3, 3, 1, 1, 3, 3, 3, 3, 3, 3, 3, 3, 3, 2, 1, 1, 1, 1, 1, 1, 1, 3, 3, 14, 3, 3, 14, 1, 19, 20, 19, 20, 19, 19, 20, 20, 20, 19, 19, 19, 19, 20, 19, 19, 20, 20, 19, 19, 20, 19, 19, 1, 20, 21, 20, 21, 21, 3, 14, 21, 3, 11, 11, 18, 14, 2, 3, 14, 1, 14, 9, 3, 1, 14, 14, 7, 2, 2, 1, 2, 3, 2, 14, 3, 2, 2, 2, 2, 3, 14, 11, 11, 2, 2, 2, 7, 7, 7, 7, 1, 7, 7, 3, 21, 3, 3, 14, 3, 7, 22, 1, 17, 17, 17, 17, 17, 17, 17, 17, 23, 17, 17, 1, 1, 1, 1, 1, 1, 1, 1, 1, 1, 1, 1, 1, 1, 1, 14, 1, 7, 14, 3, 3, 3, 3, 3, 3, 3, 1, 1, 1, 1, 1, 1, 7, 1, 1, 1, 1, 3, 1, 3, 14, 14, 1, 2, 2, 2, 2, 1, 14, 1, 1, 1, 1, 2, 1, 1, 4, 4, 4, 3, 14, 4, 4, 11, 11, 11, 11, 11, 24, 11, 4, 11, 11, 4, 4, 3, 11, 11, 11, 11, 11, 11, 11, 11, 11, 11, 11, 11, 11, 4, 11, 12, 11, 12, 12, 12, 12, 1, 2, 2, 2, 2, 2, 2, 2, 2, 2, 2, 2, 2, 25, 26, 26, 26, 2, 27, 27, 2, 6, 26, 28, 28, 26, 28, 28, 26, 28, 2, 2, 2, 2, 2, 2, 2]"
xerces,2,seed2_solution018,seed2_solution018,0.2549820273184759,1.7086564033915501,1.219581871759906,0.4254705837997297,0.2549820273184759,-1.7086564033915501,1.219581871759906,True,False,"[0, 0, 0, 0, 0, 0, 0, 0, 0, 0, 0, 0, 0, 0, 1, 2, 0, 0, 0, 3, 2, 0, 0, 0, 0, 0, 3, 0, 0, 0, 0, 0, 0, 0, 0, 0, 0, 0, 0, 0, 0, 0, 0, 0, 0, 0, 0, 0, 0, 0, 0, 0, 0, 0, 0, 0, 0, 0, 0, 0, 0, 0, 0, 0, 0, 4, 0, 0, 4, 0, 0, 0, 0, 0, 0, 0, 0, 0, 0, 0, 0, 0, 0, 0, 0, 0, 0, 0, 0, 0, 0, 0, 0, 0, 0, 0, 0, 0, 0, 0, 5, 0, 6, 0, 0, 0, 5, 5, 5, 1, 1, 7, 0, 8, 7, 7, 7, 7, 7, 1, 7, 7, 7, 7, 7, 7, 7, 7, 7, 7, 7, 3, 7, 7, 7, 7, 7, 7, 7, 7, 7, 7, 7, 7, 7, 7, 1, 1, 7, 7, 1, 7, 7, 1, 1, 1, 1, 1, 1, 7, 1, 1, 1, 1, 1, 3, 7, 1, 1, 7, 1, 1, 1, 1, 1, 9, 9, 9, 9, 9, 9, 1, 9, 1, 1, 1, 1, 10, 1, 10, 11, 12, 12, 10, 12, 12, 12, 12, 12, 12, 12, 12, 12, 4, 11, 10, 10, 11, 11, 11, 11, 11, 11, 11, 11, 11, 11, 11, 11, 10, 11, 11, 11, 11, 11, 11, 11, 11, 11, 10, 10, 11, 11, 11, 11, 11, 11, 11, 11, 11, 11, 11, 10, 11, 11, 10, 11, 11, 11, 11, 11, 11, 10, 11, 11, 11, 11, 11, 1, 10, 11, 11, 11, 11, 11, 13, 10, 10, 10, 10, 10, 10, 11, 10, 10, 10, 11, 11, 11, 7, 7, 7, 7, 7, 7, 1, 4, 14, 1, 4, 14, 14, 14, 14, 14, 14, 14, 14, 14, 15, 15, 15, 15, 16, 16, 15, 15, 15, 15, 15, 15, 15, 15, 15, 16, 15, 15, 15, 15, 15, 15, 15, 15, 15, 15, 16, 15, 16, 15, 16, 15, 16, 15, 4, 4, 3, 4, 10, 10, 10, 10, 10, 10, 10, 16, 10, 10, 10, 3, 3, 4, 4, 4, 4, 4, 4, 4, 4, 4, 4, 10, 10, 10, 10, 10, 10, 10, 10, 10, 10, 10, 10, 10, 4, 3, 10, 1, 10, 10, 10, 10, 10, 10, 4, 4, 14, 4, 4, 4, 4, 4, 14, 4, 4, 4, 9, 9, 10, 9, 9, 9, 9, 4, 9, 9, 9, 14, 17, 17, 17, 17, 1, 17, 17, 17, 14, 17, 7, 17, 1, 17, 10, 10, 10, 2, 10, 17, 10, 10, 10, 10, 10, 10, 10, 10, 10, 10, 10, 10, 10, 10, 3, 17, 3, 10, 10, 10, 10, 10, 10, 10, 4, 10, 4, 10, 10, 10, 10, 10, 3, 10, 10, 10, 10, 10, 10, 10, 10, 10, 17, 17, 14, 17, 1, 1, 3, 1, 1, 1, 1, 14, 14, 17, 1, 1, 1, 18, 18, 18, 18, 18, 18, 18, 18, 3, 1, 1, 0, 2, 2, 17, 3, 14, 3, 3, 3, 3, 3, 4, 1, 1, 1, 1, 1, 4, 4, 4, 19, 17, 14, 17, 17, 17, 17, 14, 17, 3, 3, 3, 3, 3, 17, 17, 0, 18, 17, 1, 17, 1, 1, 3, 3, 3, 3, 17, 17, 1, 1, 20, 1, 1, 1, 1, 3, 3, 17, 3, 3, 3, 3, 1, 1, 3, 3, 3, 3, 3, 3, 3, 3, 3, 2, 1, 1, 1, 1, 1, 1, 1, 3, 3, 17, 3, 3, 17, 1, 20, 21, 21, 20, 21, 21, 20, 21, 21, 21, 21, 21, 20, 21, 21, 21, 20, 20, 21, 21, 21, 21, 21, 1, 21, 19, 19, 19, 19, 3, 17, 22, 3, 10, 10, 18, 17, 2, 3, 17, 1, 17, 17, 3, 1, 17, 17, 7, 2, 2, 1, 2, 3, 2, 17, 3, 2, 2, 2, 2, 3, 17, 10, 10, 2, 2, 2, 7, 7, 7, 7, 7, 7, 7, 3, 22, 3, 3, 14, 3, 7, 13, 1, 23, 13, 24, 24, 22, 23, 22, 22, 23, 24, 23, 1, 1, 1, 1, 1, 1, 1, 1, 1, 1, 1, 1, 1, 1, 11, 17, 1, 7, 17, 3, 3, 3, 3, 3, 3, 3, 1, 1, 1, 1, 1, 1, 7, 1, 1, 1, 1, 3, 1, 3, 14, 17, 1, 2, 2, 2, 2, 1, 14, 1, 1, 1, 1, 2, 1, 1, 4, 4, 4, 3, 17, 4, 4, 10, 10, 10, 10, 10, 24, 10, 4, 10, 10, 4, 3, 3, 10, 10, 10, 10, 10, 10, 10, 10, 10, 10, 10, 10, 10, 4, 10, 11, 10, 11, 11, 11, 11, 1, 2, 2, 2, 2, 2, 2, 2, 2, 2, 2, 2, 2, 25, 26, 25, 13, 2, 25, 27, 2, 25, 25, 28, 26, 28, 26, 25, 28, 28, 2, 2, 2, 2, 2, 2, 2]"
xerces,2,seed2_solution019,seed2_solution019,0.27413371675053916,8.444386713430719,1.2017593105692739,0.4350392774629187,0.27413371675053916,-8.444386713430719,1.2017593105692739,True,False,"[0, 0, 0, 0, 0, 0, 0, 0, 0, 0, 0, 0, 0, 0, 1, 2, 0, 0, 0, 3, 2, 0, 0, 0, 0, 0, 3, 0, 0, 0, 0, 0, 0, 0, 4, 0, 0, 0, 0, 0, 0, 0, 0, 0, 0, 0, 0, 0, 0, 0, 0, 0, 0, 0, 0, 0, 0, 0, 0, 0, 0, 0, 0, 0, 0, 5, 0, 0, 5, 0, 0, 0, 0, 0, 0, 0, 0, 0, 0, 0, 0, 0, 0, 0, 0, 0, 0, 0, 0, 0, 0, 0, 0, 0, 0, 0, 0, 0, 0, 0, 6, 0, 4, 0, 0, 0, 6, 6, 6, 1, 1, 7, 0, 8, 7, 7, 7, 7, 7, 1, 7, 7, 7, 7, 7, 7, 7, 7, 7, 7, 7, 3, 7, 7, 7, 7, 7, 7, 7, 7, 7, 7, 7, 7, 7, 7, 1, 1, 7, 7, 1, 7, 7, 1, 1, 1, 1, 1, 1, 7, 1, 1, 1, 1, 1, 3, 7, 1, 1, 7, 1, 1, 1, 1, 1, 9, 9, 9, 9, 9, 9, 1, 9, 1, 1, 1, 1, 10, 1, 10, 11, 12, 12, 10, 12, 12, 12, 12, 12, 12, 12, 12, 12, 5, 11, 10, 10, 11, 11, 11, 11, 11, 11, 11, 11, 11, 11, 11, 11, 10, 11, 11, 11, 11, 11, 11, 11, 11, 11, 10, 10, 11, 11, 11, 11, 11, 11, 11, 11, 11, 11, 11, 10, 11, 11, 10, 11, 11, 11, 11, 11, 11, 10, 11, 11, 11, 11, 11, 1, 10, 11, 11, 11, 11, 11, 13, 10, 10, 10, 10, 10, 10, 11, 10, 10, 10, 11, 11, 11, 7, 7, 7, 7, 7, 7, 1, 5, 14, 1, 5, 14, 14, 14, 14, 14, 14, 14, 14, 14, 15, 15, 15, 15, 15, 16, 15, 15, 15, 15, 15, 15, 15, 15, 15, 15, 15, 9, 15, 15, 15, 15, 15, 15, 15, 15, 16, 15, 15, 15, 15, 15, 16, 15, 5, 5, 3, 5, 10, 10, 10, 10, 10, 10, 2, 16, 10, 10, 10, 3, 3, 5, 5, 5, 5, 5, 5, 5, 5, 5, 5, 10, 10, 10, 10, 10, 10, 10, 10, 10, 10, 10, 10, 10, 5, 3, 10, 1, 10, 10, 10, 10, 10, 10, 5, 5, 14, 5, 5, 5, 5, 5, 5, 5, 5, 5, 9, 9, 10, 9, 9, 9, 9, 5, 9, 9, 9, 14, 17, 17, 17, 17, 1, 17, 13, 13, 14, 17, 7, 13, 1, 14, 10, 10, 10, 2, 10, 17, 10, 10, 10, 10, 10, 10, 10, 10, 10, 10, 10, 10, 10, 10, 3, 13, 3, 10, 10, 10, 10, 10, 10, 10, 5, 10, 5, 10, 10, 10, 10, 10, 3, 10, 10, 10, 10, 10, 10, 10, 10, 10, 13, 13, 14, 13, 1, 1, 3, 1, 1, 1, 1, 14, 14, 17, 1, 1, 18, 19, 19, 19, 19, 19, 18, 19, 19, 3, 2, 1, 0, 2, 2, 3, 3, 13, 3, 3, 3, 3, 3, 5, 1, 1, 1, 1, 1, 5, 5, 5, 5, 17, 14, 13, 13, 17, 17, 13, 17, 3, 3, 3, 3, 3, 13, 17, 0, 18, 13, 1, 13, 1, 1, 3, 3, 3, 3, 17, 13, 1, 1, 17, 1, 1, 1, 1, 3, 3, 17, 3, 3, 3, 3, 1, 1, 3, 3, 3, 3, 3, 3, 3, 3, 3, 2, 1, 1, 1, 1, 1, 1, 1, 3, 3, 6, 3, 3, 13, 1, 20, 21, 20, 20, 20, 20, 20, 21, 20, 20, 20, 20, 20, 20, 21, 21, 20, 20, 21, 21, 20, 21, 20, 1, 21, 21, 21, 21, 21, 3, 17, 22, 3, 10, 10, 19, 17, 2, 3, 17, 1, 13, 17, 3, 1, 17, 13, 7, 2, 2, 1, 2, 3, 2, 13, 3, 2, 2, 2, 2, 3, 14, 10, 10, 2, 2, 2, 7, 7, 7, 7, 1, 7, 7, 3, 22, 3, 3, 14, 3, 7, 13, 1, 23, 18, 18, 24, 23, 18, 23, 18, 18, 18, 23, 1, 1, 1, 1, 1, 1, 1, 1, 1, 1, 1, 1, 1, 1, 1, 13, 1, 7, 13, 3, 3, 3, 3, 3, 3, 3, 1, 1, 1, 1, 1, 1, 7, 1, 1, 1, 1, 3, 1, 3, 13, 17, 1, 2, 2, 2, 2, 1, 13, 1, 1, 1, 1, 2, 1, 1, 5, 5, 5, 3, 17, 5, 5, 10, 10, 10, 10, 10, 24, 10, 5, 10, 10, 5, 5, 3, 10, 10, 10, 10, 10, 10, 10, 10, 10, 10, 10, 10, 10, 5, 10, 11, 10, 11, 11, 11, 11, 1, 2, 2, 2, 2, 2, 2, 2, 2, 2, 2, 2, 2, 25, 26, 27, 27, 2, 27, 28, 2, 27, 27, 27, 26, 27, 27, 27, 27, 27, 2, 2, 2, 2, 2, 2, 2]"
xerces,2,seed2_solution021,seed2_solution021,0.2980877066858375,8.38517379720162,1.19997343751729,0.4415780271705284,0.2980877066858375,-8.38517379720162,1.19997343751729,True,False,"[0, 0, 0, 0, 0, 0, 0, 0, 0, 0, 0, 0, 0, 0, 1, 2, 0, 0, 0, 3, 2, 0, 0, 0, 0, 0, 3, 0, 0, 0, 0, 0, 0, 0, 4, 0, 0, 0, 0, 0, 0, 0, 0, 0, 0, 0, 0, 0, 0, 0, 0, 0, 0, 0, 0, 0, 0, 0, 0, 0, 0, 0, 0, 0, 0, 5, 0, 0, 5, 0, 0, 0, 0, 0, 0, 0, 0, 0, 0, 0, 0, 0, 0, 0, 2, 0, 0, 0, 0, 0, 0, 0, 0, 0, 0, 0, 0, 0, 0, 0, 6, 0, 4, 0, 0, 0, 6, 6, 6, 1, 1, 7, 0, 8, 7, 7, 7, 7, 7, 1, 7, 7, 7, 7, 7, 7, 7, 7, 7, 7, 7, 3, 7, 7, 7, 7, 7, 7, 7, 7, 7, 7, 7, 7, 7, 7, 1, 1, 7, 7, 1, 7, 7, 1, 1, 1, 1, 1, 1, 7, 1, 1, 1, 1, 1, 3, 7, 1, 1, 7, 1, 1, 1, 1, 1, 9, 9, 9, 9, 9, 9, 1, 9, 1, 1, 1, 1, 10, 1, 10, 11, 12, 12, 10, 12, 12, 12, 12, 12, 12, 12, 12, 12, 5, 11, 10, 10, 11, 11, 11, 11, 11, 11, 11, 11, 11, 11, 11, 11, 10, 11, 11, 11, 11, 11, 11, 11, 11, 11, 10, 10, 11, 11, 11, 11, 11, 11, 11, 11, 11, 11, 11, 10, 11, 11, 10, 11, 11, 11, 11, 11, 11, 10, 11, 11, 11, 11, 11, 1, 10, 11, 11, 11, 11, 11, 13, 10, 10, 10, 10, 10, 10, 11, 10, 10, 10, 11, 11, 11, 7, 7, 7, 7, 7, 7, 1, 5, 14, 1, 5, 14, 14, 14, 14, 14, 14, 14, 14, 14, 15, 15, 15, 15, 15, 16, 15, 15, 15, 15, 15, 15, 15, 15, 15, 15, 15, 9, 15, 15, 15, 15, 15, 15, 15, 15, 16, 3, 15, 15, 15, 15, 16, 15, 5, 5, 3, 5, 10, 10, 10, 10, 10, 10, 2, 16, 10, 10, 10, 3, 3, 5, 5, 5, 5, 5, 5, 5, 5, 5, 5, 10, 10, 10, 10, 10, 10, 10, 10, 10, 10, 10, 10, 10, 5, 3, 10, 1, 10, 10, 10, 10, 10, 10, 5, 5, 14, 5, 5, 5, 5, 5, 5, 5, 5, 5, 9, 9, 10, 9, 9, 9, 9, 5, 9, 9, 9, 14, 17, 17, 17, 17, 1, 17, 13, 13, 14, 17, 7, 13, 1, 14, 10, 10, 10, 2, 10, 17, 10, 10, 10, 10, 10, 10, 10, 10, 10, 10, 10, 10, 10, 10, 3, 13, 3, 10, 10, 10, 10, 10, 10, 10, 5, 10, 5, 10, 10, 10, 10, 10, 3, 10, 10, 10, 10, 10, 10, 10, 10, 10, 13, 13, 14, 13, 1, 1, 3, 1, 1, 1, 1, 14, 14, 17, 1, 1, 18, 19, 19, 19, 19, 19, 18, 19, 19, 3, 2, 1, 0, 2, 2, 3, 3, 13, 3, 3, 3, 3, 3, 5, 1, 1, 1, 1, 1, 5, 5, 5, 5, 17, 14, 13, 13, 17, 17, 13, 17, 3, 3, 3, 3, 3, 13, 17, 0, 18, 13, 1, 13, 1, 1, 3, 3, 3, 3, 17, 13, 1, 1, 17, 1, 1, 1, 1, 3, 3, 17, 3, 3, 3, 3, 1, 1, 3, 3, 3, 3, 3, 3, 3, 3, 3, 2, 1, 1, 1, 1, 1, 1, 1, 3, 3, 6, 3, 3, 13, 1, 20, 21, 20, 20, 20, 20, 20, 21, 20, 20, 20, 20, 20, 20, 21, 21, 20, 20, 21, 21, 20, 21, 20, 1, 21, 21, 21, 21, 21, 3, 17, 22, 3, 10, 10, 19, 17, 2, 3, 17, 1, 13, 17, 3, 1, 17, 13, 7, 2, 2, 1, 2, 3, 2, 13, 3, 2, 2, 2, 2, 3, 14, 10, 10, 2, 2, 2, 7, 7, 7, 7, 1, 7, 7, 3, 22, 3, 3, 14, 3, 7, 13, 1, 23, 18, 18, 24, 23, 18, 23, 18, 18, 18, 23, 1, 1, 1, 1, 1, 1, 1, 1, 1, 1, 1, 1, 1, 1, 1, 13, 1, 7, 13, 3, 3, 3, 3, 3, 3, 3, 1, 1, 1, 1, 1, 1, 7, 1, 1, 1, 1, 3, 1, 3, 13, 17, 1, 2, 2, 2, 2, 1, 13, 1, 1, 1, 1, 2, 1, 1, 5, 5, 5, 3, 17, 5, 5, 10, 10, 10, 10, 10, 24, 10, 5, 10, 10, 5, 5, 3, 10, 10, 10, 10, 10, 10, 10, 10, 10, 10, 10, 10, 10, 5, 10, 11, 10, 11, 11, 11, 11, 1, 2, 2, 2, 2, 2, 2, 2, 2, 2, 2, 2, 2, 25, 26, 27, 27, 2, 27, 28, 19, 27, 27, 27, 26, 27, 27, 27, 27, 27, 2, 2, 2, 2, 2, 2, 2]"
xerces,2,seed2_solution022,seed2_solution022,0.3218404025880661,3.304161006785309,1.1856698079684247,0.5203984459632127,0.3218404025880661,-3.304161006785309,1.1856698079684247,True,False,"[0, 0, 0, 0, 0, 0, 0, 0, 0, 0, 0, 0, 0, 0, 1, 2, 0, 0, 0, 3, 2, 0, 0, 0, 0, 0, 3, 0, 0, 0, 0, 0, 0, 0, 0, 0, 0, 0, 0, 0, 0, 0, 0, 0, 0, 0, 0, 0, 0, 0, 0, 0, 0, 0, 0, 0, 0, 0, 0, 0, 0, 0, 0, 0, 0, 4, 0, 0, 4, 0, 0, 0, 0, 0, 0, 0, 0, 0, 0, 0, 0, 0, 0, 0, 0, 0, 0, 0, 0, 0, 0, 0, 0, 0, 0, 0, 0, 0, 0, 0, 5, 0, 6, 0, 0, 0, 5, 5, 5, 1, 1, 7, 0, 8, 7, 7, 7, 7, 7, 1, 7, 7, 7, 7, 7, 7, 7, 7, 7, 7, 7, 3, 7, 7, 7, 7, 7, 7, 7, 7, 7, 7, 7, 7, 7, 7, 1, 1, 7, 7, 1, 7, 7, 1, 1, 1, 1, 1, 1, 7, 1, 1, 1, 1, 1, 3, 7, 1, 1, 7, 1, 1, 1, 1, 1, 9, 9, 9, 9, 9, 9, 1, 9, 1, 1, 1, 1, 10, 1, 10, 10, 11, 12, 10, 12, 12, 11, 12, 11, 12, 12, 12, 11, 4, 12, 10, 10, 11, 11, 10, 11, 12, 10, 10, 11, 11, 11, 11, 12, 10, 12, 10, 11, 12, 11, 11, 11, 11, 11, 10, 13, 11, 11, 11, 12, 10, 12, 12, 10, 11, 11, 11, 10, 11, 11, 10, 11, 10, 11, 10, 11, 11, 13, 11, 11, 12, 11, 11, 1, 10, 11, 11, 11, 12, 11, 12, 13, 13, 10, 10, 10, 13, 12, 13, 10, 10, 12, 12, 10, 7, 7, 7, 7, 7, 7, 1, 4, 4, 1, 4, 14, 14, 14, 14, 13, 14, 14, 14, 15, 15, 15, 14, 15, 14, 14, 16, 15, 15, 15, 13, 14, 13, 13, 15, 15, 17, 15, 15, 13, 15, 15, 16, 15, 15, 15, 16, 14, 16, 14, 15, 15, 15, 16, 4, 4, 3, 4, 13, 10, 10, 13, 10, 13, 10, 16, 13, 10, 10, 3, 3, 4, 4, 4, 4, 4, 4, 4, 4, 18, 4, 10, 13, 13, 10, 10, 10, 13, 10, 10, 10, 13, 10, 10, 3, 3, 13, 1, 10, 10, 13, 10, 10, 10, 4, 4, 14, 4, 4, 4, 4, 4, 14, 4, 4, 4, 9, 9, 10, 9, 9, 9, 9, 4, 9, 9, 9, 14, 19, 19, 19, 19, 1, 19, 19, 19, 19, 19, 19, 19, 1, 19, 10, 13, 10, 2, 10, 19, 10, 10, 10, 10, 10, 10, 13, 10, 13, 10, 13, 10, 10, 10, 3, 19, 3, 10, 13, 10, 10, 10, 10, 13, 4, 13, 4, 10, 10, 13, 10, 13, 3, 13, 10, 13, 13, 13, 10, 10, 13, 10, 19, 19, 19, 19, 1, 1, 3, 1, 1, 1, 1, 14, 19, 19, 1, 1, 1, 20, 17, 17, 17, 20, 20, 20, 20, 3, 2, 1, 0, 2, 2, 19, 3, 19, 3, 3, 3, 3, 3, 4, 1, 1, 1, 1, 1, 4, 4, 4, 4, 19, 14, 19, 19, 19, 19, 19, 19, 3, 3, 3, 3, 3, 19, 19, 0, 17, 19, 1, 19, 1, 1, 3, 3, 3, 3, 19, 19, 1, 1, 21, 1, 1, 1, 1, 3, 3, 19, 3, 3, 3, 3, 1, 1, 3, 3, 3, 3, 3, 3, 3, 3, 3, 2, 1, 1, 1, 1, 1, 1, 1, 3, 3, 19, 3, 3, 19, 1, 22, 22, 23, 23, 22, 22, 23, 22, 23, 22, 23, 22, 22, 22, 23, 22, 22, 22, 23, 22, 22, 23, 22, 1, 23, 23, 23, 23, 23, 3, 14, 18, 3, 10, 10, 20, 19, 2, 3, 19, 1, 19, 19, 3, 1, 19, 14, 7, 2, 2, 1, 2, 3, 2, 19, 3, 2, 2, 2, 2, 3, 19, 10, 10, 2, 24, 2, 7, 7, 7, 7, 7, 7, 7, 3, 18, 3, 3, 19, 3, 7, 24, 1, 25, 26, 26, 26, 26, 26, 21, 26, 26, 26, 21, 1, 1, 1, 1, 1, 1, 1, 1, 1, 1, 1, 1, 1, 1, 1, 19, 1, 7, 19, 3, 3, 11, 3, 3, 3, 3, 1, 1, 1, 1, 1, 1, 7, 1, 1, 1, 1, 3, 1, 3, 19, 19, 1, 2, 2, 2, 2, 1, 14, 1, 1, 1, 1, 2, 1, 1, 4, 4, 4, 3, 14, 4, 4, 13, 10, 10, 10, 10, 25, 13, 0, 10, 10, 4, 3, 3, 10, 10, 10, 13, 13, 13, 13, 10, 10, 13, 10, 10, 10, 4, 10, 12, 10, 11, 10, 10, 11, 1, 2, 2, 2, 2, 2, 2, 2, 2, 2, 2, 2, 2, 27, 27, 28, 28, 2, 27, 29, 2, 30, 30, 30, 30, 30, 30, 30, 30, 28, 2, 2, 2, 2, 2, 2, 2]"
xerces,2,seed2_solution023,seed2_solution023,0.32500359453630484,3.2957560227342984,1.181281708167257,0.5247981142351681,0.32500359453630484,-3.2957560227342984,1.181281708167257,True,False,"[0, 0, 0, 0, 0, 0, 0, 0, 0, 0, 0, 0, 0, 0, 1, 2, 0, 0, 0, 3, 2, 0, 0, 0, 0, 0, 3, 0, 0, 0, 0, 0, 0, 0, 0, 0, 0, 0, 0, 0, 0, 0, 0, 0, 0, 0, 0, 0, 0, 0, 0, 0, 0, 0, 0, 0, 0, 0, 0, 0, 0, 0, 0, 0, 0, 4, 0, 0, 4, 0, 0, 0, 0, 0, 0, 0, 0, 0, 0, 0, 0, 0, 0, 0, 0, 0, 0, 0, 0, 0, 0, 0, 0, 0, 0, 0, 0, 0, 0, 0, 5, 0, 6, 0, 0, 0, 5, 5, 5, 1, 1, 7, 0, 8, 7, 7, 7, 7, 7, 1, 7, 7, 7, 7, 7, 7, 7, 7, 7, 5, 7, 3, 7, 7, 7, 7, 7, 7, 7, 7, 7, 7, 7, 7, 7, 7, 1, 1, 7, 7, 1, 7, 7, 1, 1, 1, 1, 1, 1, 7, 1, 1, 1, 1, 1, 3, 7, 1, 1, 7, 1, 1, 1, 1, 1, 9, 9, 9, 9, 9, 9, 1, 9, 1, 1, 1, 1, 10, 1, 10, 10, 11, 12, 10, 12, 12, 11, 12, 11, 12, 12, 12, 11, 4, 12, 10, 10, 11, 11, 10, 11, 12, 10, 10, 11, 11, 11, 11, 12, 10, 12, 10, 11, 12, 11, 11, 11, 11, 11, 10, 13, 11, 11, 11, 12, 10, 12, 12, 10, 11, 11, 11, 10, 11, 11, 10, 11, 10, 11, 10, 11, 11, 13, 11, 11, 12, 11, 11, 1, 10, 11, 11, 11, 12, 11, 12, 13, 13, 10, 10, 10, 13, 12, 13, 10, 10, 12, 12, 10, 7, 7, 7, 7, 7, 7, 1, 4, 4, 1, 4, 14, 14, 14, 14, 13, 14, 14, 14, 15, 15, 15, 14, 15, 14, 14, 16, 15, 15, 15, 13, 14, 13, 13, 15, 15, 17, 15, 15, 13, 15, 15, 16, 15, 15, 15, 16, 14, 16, 14, 15, 15, 15, 16, 4, 4, 3, 4, 13, 10, 10, 13, 10, 13, 10, 16, 13, 10, 10, 3, 3, 4, 4, 4, 4, 4, 4, 4, 4, 18, 4, 10, 13, 13, 10, 10, 10, 13, 10, 10, 10, 13, 10, 10, 3, 3, 13, 1, 10, 10, 13, 10, 10, 10, 4, 4, 14, 4, 4, 4, 4, 4, 14, 4, 4, 4, 9, 9, 10, 9, 9, 9, 9, 4, 9, 9, 9, 14, 19, 19, 19, 19, 1, 19, 19, 19, 19, 19, 19, 19, 1, 19, 10, 13, 10, 2, 10, 19, 10, 10, 10, 10, 10, 10, 13, 10, 13, 10, 13, 10, 10, 10, 3, 19, 3, 10, 13, 10, 10, 10, 10, 13, 4, 13, 4, 10, 10, 13, 10, 13, 3, 13, 10, 13, 13, 13, 10, 10, 13, 10, 19, 19, 19, 19, 1, 1, 3, 1, 1, 1, 1, 14, 19, 19, 1, 1, 1, 20, 17, 17, 17, 20, 20, 20, 20, 3, 2, 1, 0, 2, 2, 19, 3, 19, 3, 3, 3, 3, 3, 4, 1, 1, 1, 1, 1, 4, 4, 4, 4, 19, 14, 19, 19, 19, 19, 19, 19, 3, 3, 3, 3, 3, 19, 19, 0, 17, 19, 1, 19, 1, 1, 3, 3, 3, 3, 19, 19, 1, 1, 21, 1, 1, 1, 1, 3, 3, 19, 3, 3, 3, 3, 1, 1, 3, 3, 3, 3, 3, 3, 3, 3, 3, 2, 1, 1, 1, 1, 1, 1, 1, 3, 3, 19, 3, 3, 19, 1, 22, 22, 23, 23, 22, 22, 23, 22, 23, 22, 23, 22, 22, 22, 23, 22, 22, 22, 23, 22, 22, 23, 22, 1, 23, 23, 23, 23, 23, 3, 14, 18, 3, 10, 10, 20, 19, 2, 3, 19, 1, 19, 19, 3, 1, 19, 14, 7, 2, 2, 1, 2, 3, 2, 19, 3, 24, 2, 2, 2, 3, 19, 10, 10, 2, 25, 2, 7, 7, 7, 7, 7, 7, 7, 3, 18, 3, 3, 19, 3, 7, 25, 1, 26, 27, 27, 27, 27, 27, 21, 27, 27, 27, 21, 1, 1, 1, 1, 1, 1, 1, 1, 1, 1, 1, 1, 1, 1, 1, 19, 1, 7, 19, 3, 3, 11, 3, 3, 3, 3, 1, 1, 1, 1, 1, 1, 7, 1, 1, 1, 1, 3, 1, 3, 19, 19, 1, 2, 2, 2, 2, 1, 14, 1, 1, 1, 1, 2, 1, 1, 4, 4, 4, 3, 14, 4, 4, 13, 10, 10, 10, 10, 26, 13, 0, 10, 10, 4, 4, 3, 10, 10, 10, 13, 13, 13, 13, 10, 10, 13, 10, 10, 10, 4, 10, 12, 10, 11, 10, 10, 11, 1, 2, 2, 2, 2, 2, 2, 2, 2, 2, 2, 2, 2, 28, 28, 29, 29, 2, 28, 30, 2, 24, 24, 24, 24, 24, 24, 24, 24, 29, 2, 2, 2, 2, 2, 2, 2]"
xerces,2,seed2_solution024,seed2_solution024,0.341509705248023,8.247120989301596,1.196388648157096,0.5045129566211273,0.341509705248023,-8.247120989301596,1.196388648157096,True,False,"[0, 0, 0, 0, 0, 0, 0, 0, 0, 0, 0, 0, 0, 0, 1, 2, 0, 0, 0, 3, 2, 0, 0, 0, 0, 0, 3, 0, 0, 0, 0, 0, 0, 0, 0, 0, 0, 0, 0, 0, 0, 0, 0, 0, 0, 0, 0, 0, 0, 0, 0, 0, 0, 0, 0, 0, 0, 0, 0, 0, 0, 0, 0, 0, 0, 4, 0, 0, 4, 0, 0, 0, 0, 0, 0, 0, 0, 0, 0, 0, 0, 0, 0, 0, 0, 0, 0, 0, 0, 0, 0, 0, 0, 0, 0, 0, 0, 0, 0, 0, 5, 0, 6, 0, 0, 0, 5, 5, 5, 1, 1, 7, 0, 8, 7, 7, 7, 7, 7, 1, 7, 7, 7, 7, 7, 7, 7, 7, 7, 7, 7, 3, 7, 7, 7, 7, 7, 7, 7, 7, 7, 7, 7, 7, 7, 7, 1, 1, 7, 7, 1, 7, 7, 1, 1, 1, 1, 1, 1, 7, 1, 1, 1, 1, 1, 3, 7, 1, 1, 7, 1, 1, 1, 1, 1, 9, 9, 9, 9, 9, 9, 1, 9, 1, 1, 1, 1, 10, 1, 10, 11, 12, 12, 10, 11, 11, 12, 11, 13, 12, 11, 12, 12, 4, 11, 13, 10, 10, 12, 11, 10, 11, 11, 11, 10, 10, 12, 12, 11, 10, 11, 11, 12, 11, 10, 10, 12, 10, 10, 10, 10, 12, 12, 10, 11, 11, 11, 11, 11, 10, 12, 10, 10, 10, 12, 10, 12, 11, 12, 11, 12, 12, 10, 10, 12, 11, 12, 12, 1, 10, 10, 12, 12, 11, 12, 11, 10, 10, 10, 13, 10, 10, 11, 10, 10, 10, 11, 11, 11, 7, 7, 7, 7, 7, 7, 1, 4, 4, 1, 4, 14, 14, 15, 14, 14, 15, 14, 15, 14, 16, 13, 15, 16, 15, 15, 15, 14, 16, 14, 15, 15, 15, 15, 14, 16, 15, 14, 14, 15, 14, 16, 15, 14, 16, 14, 15, 15, 15, 15, 14, 16, 14, 15, 4, 4, 3, 4, 10, 10, 13, 10, 10, 10, 13, 16, 10, 10, 10, 3, 3, 4, 4, 4, 4, 4, 4, 4, 4, 4, 4, 13, 10, 10, 10, 10, 13, 10, 10, 13, 13, 10, 10, 10, 4, 3, 10, 1, 10, 10, 10, 10, 10, 13, 4, 4, 15, 4, 4, 4, 4, 4, 15, 4, 4, 4, 9, 9, 13, 9, 9, 9, 9, 4, 9, 9, 9, 17, 17, 17, 17, 17, 1, 17, 17, 17, 17, 17, 17, 14, 1, 17, 10, 10, 10, 2, 10, 17, 13, 13, 10, 10, 10, 10, 10, 10, 10, 10, 10, 13, 10, 10, 3, 17, 3, 13, 10, 10, 10, 10, 10, 10, 4, 10, 4, 10, 13, 10, 13, 10, 3, 10, 13, 10, 10, 10, 13, 10, 10, 10, 17, 17, 17, 17, 1, 1, 3, 1, 1, 1, 1, 17, 17, 17, 1, 1, 1, 18, 18, 18, 18, 19, 18, 18, 18, 3, 1, 1, 0, 2, 2, 17, 3, 17, 3, 3, 3, 3, 3, 4, 1, 1, 1, 1, 1, 4, 4, 4, 4, 17, 17, 17, 17, 17, 17, 17, 17, 3, 3, 3, 3, 3, 17, 17, 0, 18, 17, 1, 17, 1, 1, 3, 3, 3, 3, 17, 17, 1, 1, 20, 1, 1, 1, 1, 3, 3, 14, 3, 3, 3, 3, 1, 1, 3, 3, 3, 3, 3, 3, 3, 3, 3, 2, 21, 1, 1, 1, 1, 1, 1, 3, 3, 17, 3, 3, 17, 1, 21, 21, 21, 21, 22, 22, 21, 22, 21, 21, 21, 21, 22, 21, 21, 21, 21, 22, 21, 21, 21, 21, 21, 1, 22, 15, 22, 22, 15, 3, 17, 23, 3, 13, 13, 18, 17, 2, 3, 17, 1, 17, 17, 3, 1, 17, 17, 7, 2, 2, 1, 2, 3, 2, 14, 3, 2, 2, 2, 2, 3, 17, 10, 13, 2, 2, 2, 7, 7, 7, 7, 7, 7, 7, 3, 23, 3, 3, 17, 3, 7, 24, 1, 24, 25, 25, 25, 25, 25, 24, 25, 25, 25, 24, 1, 1, 1, 1, 1, 1, 1, 1, 1, 1, 1, 1, 1, 1, 1, 17, 1, 7, 17, 3, 3, 3, 3, 3, 3, 3, 1, 1, 1, 1, 1, 1, 7, 1, 1, 1, 1, 3, 1, 3, 17, 17, 1, 2, 2, 2, 2, 1, 17, 1, 1, 1, 1, 2, 1, 1, 4, 4, 4, 3, 17, 4, 13, 10, 10, 10, 13, 10, 26, 10, 0, 10, 10, 4, 3, 3, 10, 10, 10, 10, 10, 10, 10, 10, 13, 10, 10, 10, 13, 4, 10, 11, 13, 12, 11, 11, 10, 1, 2, 2, 2, 2, 2, 2, 2, 2, 2, 2, 2, 2, 26, 27, 28, 28, 2, 13, 19, 2, 27, 29, 29, 27, 27, 27, 27, 28, 28, 2, 2, 2, 2, 2, 2, 2]"
xerces,2,seed2_solution025,seed2_solution025,0.3505391804457225,1.264336097446869,1.1334187221083452,0.4601533041913758,0.3505391804457225,-1.264336097446869,1.1334187221083452,True,False,"[0, 0, 0, 0, 0, 0, 0, 0, 0, 0, 0, 0, 0, 0, 1, 2, 0, 0, 0, 3, 2, 0, 0, 0, 0, 0, 3, 0, 0, 0, 0, 0, 0, 0, 0, 0, 0, 0, 0, 0, 0, 0, 0, 0, 0, 0, 0, 0, 0, 0, 0, 0, 0, 0, 0, 0, 0, 0, 0, 0, 0, 0, 0, 0, 0, 4, 0, 0, 4, 0, 0, 0, 0, 0, 0, 5, 0, 0, 0, 0, 0, 0, 0, 0, 0, 0, 0, 0, 0, 0, 0, 0, 0, 0, 0, 0, 0, 0, 0, 0, 6, 0, 7, 0, 0, 0, 6, 6, 6, 1, 1, 5, 0, 8, 5, 5, 5, 5, 5, 1, 5, 5, 5, 5, 7, 5, 5, 5, 5, 5, 5, 3, 5, 7, 5, 5, 7, 5, 7, 5, 5, 5, 5, 5, 7, 5, 1, 1, 5, 5, 1, 5, 5, 1, 1, 1, 1, 1, 1, 7, 1, 1, 1, 1, 1, 3, 5, 1, 1, 7, 1, 1, 1, 1, 1, 9, 9, 9, 9, 10, 9, 1, 9, 1, 1, 1, 1, 10, 1, 10, 11, 12, 12, 10, 12, 12, 12, 12, 12, 12, 12, 12, 12, 4, 11, 10, 10, 11, 11, 11, 11, 11, 11, 11, 11, 11, 11, 11, 11, 10, 11, 11, 11, 11, 11, 11, 11, 11, 11, 10, 10, 11, 11, 11, 11, 11, 11, 11, 11, 11, 11, 11, 10, 11, 11, 10, 11, 11, 11, 11, 11, 11, 10, 11, 11, 11, 11, 11, 1, 10, 11, 11, 11, 11, 11, 11, 10, 10, 4, 10, 10, 10, 11, 10, 10, 10, 11, 11, 11, 5, 5, 8, 5, 5, 8, 1, 4, 4, 1, 4, 13, 13, 13, 13, 14, 13, 13, 13, 13, 14, 14, 14, 14, 14, 15, 14, 14, 14, 14, 14, 14, 14, 14, 14, 14, 15, 14, 14, 14, 14, 14, 14, 14, 14, 14, 14, 14, 15, 14, 14, 15, 15, 14, 6, 4, 3, 4, 10, 10, 10, 10, 10, 10, 10, 15, 10, 4, 10, 3, 3, 4, 4, 4, 4, 4, 4, 4, 6, 4, 4, 10, 4, 10, 10, 10, 4, 10, 10, 10, 10, 10, 10, 10, 6, 3, 4, 1, 10, 10, 10, 10, 10, 10, 4, 4, 13, 4, 4, 4, 4, 4, 13, 6, 4, 4, 9, 10, 10, 9, 9, 9, 9, 4, 9, 9, 9, 13, 16, 16, 16, 16, 1, 16, 16, 16, 16, 16, 16, 16, 1, 13, 10, 10, 10, 2, 10, 16, 10, 4, 4, 10, 10, 10, 10, 10, 10, 4, 10, 10, 10, 10, 3, 16, 3, 10, 10, 10, 4, 10, 10, 4, 4, 10, 4, 10, 10, 4, 10, 10, 3, 10, 10, 10, 10, 10, 10, 10, 10, 10, 16, 13, 16, 16, 1, 1, 3, 1, 1, 1, 1, 16, 13, 16, 1, 1, 1, 17, 17, 17, 18, 18, 17, 15, 17, 3, 2, 1, 0, 2, 2, 3, 3, 16, 3, 3, 3, 3, 3, 4, 1, 1, 1, 1, 1, 4, 4, 4, 4, 16, 16, 16, 16, 16, 16, 16, 16, 3, 3, 3, 3, 3, 16, 16, 0, 18, 16, 1, 16, 1, 1, 3, 3, 3, 3, 16, 16, 1, 1, 19, 1, 1, 1, 1, 3, 3, 16, 3, 3, 3, 3, 1, 1, 3, 3, 3, 3, 3, 3, 3, 3, 3, 2, 1, 1, 1, 1, 1, 1, 1, 3, 3, 16, 3, 3, 16, 1, 20, 20, 19, 19, 19, 20, 19, 20, 20, 19, 20, 19, 19, 20, 20, 20, 19, 19, 20, 20, 20, 21, 19, 1, 20, 22, 20, 22, 22, 3, 16, 23, 3, 10, 4, 17, 16, 2, 3, 16, 1, 16, 16, 3, 1, 16, 16, 8, 2, 2, 1, 2, 3, 2, 13, 3, 2, 2, 2, 2, 17, 16, 10, 10, 2, 2, 2, 8, 8, 5, 5, 5, 5, 5, 3, 22, 3, 3, 16, 3, 5, 24, 1, 24, 23, 25, 25, 24, 25, 25, 24, 24, 25, 25, 1, 1, 1, 1, 1, 1, 1, 1, 1, 1, 1, 1, 1, 1, 1, 16, 1, 5, 16, 3, 3, 3, 3, 3, 3, 3, 1, 1, 16, 1, 1, 1, 7, 1, 1, 1, 1, 3, 1, 3, 16, 16, 1, 2, 2, 2, 2, 1, 16, 1, 1, 1, 1, 2, 1, 1, 4, 4, 6, 3, 16, 4, 4, 10, 10, 10, 10, 10, 25, 4, 4, 10, 10, 4, 3, 3, 10, 10, 10, 10, 10, 10, 10, 10, 10, 10, 10, 10, 4, 4, 4, 11, 10, 11, 11, 11, 11, 1, 2, 2, 2, 2, 2, 2, 2, 2, 2, 2, 2, 2, 21, 26, 27, 27, 2, 26, 27, 2, 27, 26, 26, 21, 26, 21, 27, 27, 27, 2, 2, 2, 2, 2, 2, 2]"
xerces,2,seed2_solution026,seed2_solution026,0.3569230769230769,8.546540432877466,1.0823451399335762,0.49880457558956215,0.3569230769230769,-8.546540432877466,1.0823451399335762,True,False,"[0, 0, 0, 0, 0, 0, 0, 0, 0, 0, 0, 0, 0, 0, 1, 2, 0, 0, 0, 3, 2, 0, 0, 0, 0, 0, 3, 0, 0, 0, 0, 0, 0, 0, 0, 0, 0, 0, 0, 0, 0, 0, 0, 0, 0, 0, 0, 0, 0, 0, 0, 0, 0, 0, 0, 0, 0, 0, 0, 0, 0, 0, 0, 0, 0, 4, 0, 0, 4, 0, 0, 0, 0, 0, 0, 0, 0, 0, 0, 0, 0, 0, 0, 0, 0, 0, 0, 0, 0, 0, 0, 0, 0, 0, 0, 0, 0, 0, 0, 0, 5, 0, 6, 0, 0, 0, 5, 5, 5, 1, 1, 7, 0, 8, 7, 7, 7, 7, 7, 1, 7, 7, 7, 7, 7, 7, 7, 7, 7, 7, 7, 3, 7, 7, 7, 7, 7, 7, 7, 7, 7, 8, 7, 7, 7, 7, 1, 1, 7, 7, 1, 7, 7, 1, 1, 1, 1, 1, 1, 7, 1, 1, 1, 1, 1, 3, 7, 1, 1, 7, 1, 1, 1, 1, 1, 9, 9, 9, 9, 9, 10, 1, 9, 1, 1, 1, 1, 10, 1, 10, 11, 12, 12, 10, 12, 12, 12, 12, 12, 12, 12, 12, 12, 4, 11, 10, 9, 11, 11, 11, 11, 11, 11, 11, 11, 11, 11, 11, 11, 10, 11, 11, 11, 11, 11, 11, 11, 4, 11, 10, 10, 11, 11, 11, 11, 11, 11, 11, 11, 11, 11, 11, 9, 11, 11, 9, 13, 11, 11, 11, 11, 11, 10, 11, 11, 11, 11, 11, 1, 10, 11, 11, 11, 11, 11, 11, 10, 10, 10, 10, 10, 10, 11, 10, 10, 10, 11, 11, 11, 7, 7, 7, 7, 7, 7, 1, 4, 13, 1, 4, 14, 14, 14, 14, 15, 14, 14, 13, 14, 16, 15, 14, 16, 14, 16, 14, 15, 15, 15, 14, 15, 15, 16, 16, 14, 15, 9, 16, 14, 15, 15, 16, 15, 15, 16, 15, 14, 15, 15, 16, 15, 15, 16, 4, 4, 3, 4, 10, 10, 10, 9, 10, 10, 2, 16, 10, 10, 10, 3, 3, 4, 4, 4, 4, 4, 4, 4, 4, 4, 4, 10, 9, 10, 10, 9, 9, 9, 10, 9, 9, 10, 9, 10, 4, 3, 10, 1, 10, 10, 10, 10, 10, 10, 4, 4, 14, 4, 4, 4, 4, 4, 15, 4, 4, 4, 9, 10, 10, 9, 10, 9, 9, 4, 9, 9, 9, 13, 17, 13, 13, 17, 1, 17, 13, 17, 17, 17, 7, 13, 1, 17, 9, 10, 9, 2, 10, 13, 10, 10, 9, 9, 10, 10, 10, 10, 10, 10, 10, 9, 10, 10, 3, 17, 3, 10, 10, 10, 10, 9, 10, 9, 4, 10, 4, 9, 10, 10, 10, 10, 3, 10, 10, 9, 10, 10, 10, 10, 10, 9, 13, 13, 17, 13, 1, 1, 3, 1, 1, 1, 1, 17, 13, 13, 1, 1, 18, 19, 18, 19, 19, 19, 19, 19, 19, 3, 2, 1, 0, 2, 2, 17, 3, 17, 3, 3, 3, 3, 3, 4, 1, 1, 1, 1, 1, 4, 4, 4, 4, 13, 13, 13, 13, 13, 17, 17, 13, 3, 3, 3, 3, 3, 13, 13, 0, 18, 17, 1, 13, 1, 1, 3, 3, 3, 3, 13, 13, 1, 1, 17, 1, 1, 1, 1, 3, 3, 13, 3, 3, 3, 3, 1, 1, 3, 3, 3, 3, 3, 3, 3, 3, 3, 2, 1, 1, 1, 1, 1, 1, 1, 3, 3, 13, 3, 3, 14, 1, 20, 21, 20, 20, 20, 20, 20, 20, 20, 20, 20, 20, 20, 20, 20, 20, 20, 20, 20, 21, 20, 20, 20, 1, 21, 21, 21, 21, 21, 3, 17, 22, 3, 10, 9, 19, 13, 2, 3, 13, 1, 13, 17, 3, 1, 13, 13, 7, 2, 2, 1, 2, 3, 2, 13, 3, 2, 2, 2, 2, 3, 13, 10, 10, 2, 2, 2, 7, 7, 7, 7, 7, 7, 7, 3, 22, 3, 3, 13, 3, 7, 18, 1, 19, 18, 18, 23, 18, 23, 24, 18, 18, 18, 18, 1, 1, 1, 1, 1, 23, 1, 1, 1, 6, 1, 1, 1, 1, 1, 17, 1, 7, 13, 3, 3, 3, 3, 3, 3, 3, 1, 1, 6, 1, 1, 1, 7, 1, 1, 1, 1, 3, 1, 3, 17, 17, 1, 2, 2, 2, 2, 1, 13, 1, 1, 1, 1, 2, 1, 1, 4, 4, 4, 3, 19, 4, 4, 10, 10, 10, 10, 10, 23, 9, 4, 9, 10, 4, 3, 3, 10, 10, 9, 10, 9, 9, 10, 10, 10, 10, 10, 10, 9, 4, 10, 11, 10, 11, 11, 11, 11, 1, 2, 2, 2, 2, 2, 2, 2, 2, 2, 2, 2, 2, 25, 25, 26, 25, 2, 13, 27, 2, 26, 26, 26, 26, 25, 27, 26, 26, 26, 2, 2, 2, 2, 2, 2, 2]"
xerces,2,seed2_solution030,seed2_solution030,0.390510424155284,8.589768729422104,1.0530169063975665,0.5147844105134138,0.390510424155284,-8.589768729422104,1.0530169063975665,True,False,"[0, 0, 0, 0, 0, 0, 0, 0, 0, 0, 0, 0, 0, 0, 1, 2, 0, 0, 0, 3, 2, 0, 0, 0, 0, 0, 3, 0, 0, 0, 0, 0, 0, 0, 0, 0, 0, 0, 0, 0, 0, 0, 0, 0, 0, 0, 0, 0, 0, 0, 0, 0, 0, 0, 0, 0, 0, 0, 0, 0, 0, 0, 0, 0, 0, 4, 0, 0, 4, 0, 0, 0, 0, 0, 0, 0, 0, 0, 0, 0, 0, 0, 0, 0, 0, 0, 0, 0, 0, 0, 0, 0, 0, 0, 0, 0, 0, 0, 0, 0, 5, 0, 6, 0, 0, 0, 5, 5, 5, 1, 1, 7, 0, 8, 7, 7, 7, 7, 7, 1, 7, 7, 7, 7, 7, 7, 7, 7, 7, 7, 7, 3, 7, 7, 7, 7, 7, 7, 7, 7, 7, 8, 7, 7, 7, 7, 1, 1, 7, 7, 1, 7, 7, 1, 1, 1, 1, 1, 1, 7, 1, 1, 1, 1, 1, 3, 7, 1, 1, 7, 1, 1, 1, 1, 1, 9, 9, 9, 9, 9, 10, 1, 9, 1, 1, 1, 1, 10, 1, 10, 11, 12, 12, 10, 3, 12, 12, 12, 12, 12, 12, 12, 12, 4, 11, 10, 9, 11, 11, 11, 11, 11, 11, 11, 11, 11, 11, 11, 11, 10, 11, 11, 11, 11, 11, 11, 11, 4, 11, 4, 10, 11, 11, 11, 11, 11, 11, 11, 11, 11, 11, 11, 9, 11, 11, 9, 13, 11, 11, 11, 11, 11, 9, 11, 11, 11, 11, 11, 1, 10, 11, 11, 11, 11, 11, 11, 10, 10, 10, 10, 10, 10, 11, 10, 10, 10, 11, 11, 11, 7, 7, 7, 7, 7, 7, 1, 4, 13, 1, 4, 14, 14, 14, 14, 15, 14, 14, 13, 14, 16, 14, 14, 16, 14, 16, 14, 15, 15, 14, 14, 15, 14, 16, 16, 14, 15, 14, 16, 14, 14, 14, 16, 14, 15, 16, 14, 14, 14, 16, 16, 14, 15, 16, 4, 4, 3, 4, 10, 10, 10, 9, 10, 9, 2, 16, 9, 9, 10, 3, 3, 4, 4, 4, 4, 4, 4, 4, 4, 4, 4, 9, 9, 10, 10, 9, 9, 9, 10, 9, 9, 10, 9, 9, 4, 3, 10, 1, 10, 10, 10, 10, 10, 10, 4, 4, 15, 4, 4, 4, 4, 4, 15, 4, 4, 4, 9, 10, 10, 9, 10, 9, 9, 4, 10, 9, 9, 13, 17, 13, 13, 17, 1, 17, 13, 17, 17, 17, 7, 13, 1, 17, 9, 10, 9, 2, 10, 13, 10, 10, 9, 9, 10, 10, 9, 10, 10, 10, 10, 9, 10, 9, 3, 17, 3, 10, 9, 10, 10, 9, 10, 9, 4, 9, 4, 9, 10, 10, 10, 9, 3, 10, 9, 9, 9, 10, 10, 10, 10, 9, 13, 13, 17, 13, 1, 1, 3, 1, 1, 1, 1, 17, 13, 13, 1, 1, 18, 19, 18, 18, 19, 19, 19, 19, 18, 3, 2, 1, 0, 2, 2, 17, 3, 17, 3, 3, 3, 3, 3, 4, 1, 1, 1, 1, 1, 4, 4, 4, 4, 13, 13, 17, 13, 13, 17, 17, 17, 3, 3, 3, 3, 3, 13, 13, 0, 18, 17, 1, 13, 1, 1, 3, 3, 3, 3, 13, 17, 1, 1, 17, 1, 1, 6, 1, 3, 3, 13, 3, 3, 3, 3, 1, 1, 3, 3, 3, 3, 3, 3, 3, 3, 3, 2, 1, 1, 1, 1, 1, 1, 1, 3, 3, 13, 3, 3, 14, 1, 20, 21, 20, 20, 20, 21, 20, 20, 20, 20, 20, 20, 20, 20, 20, 20, 20, 20, 20, 21, 20, 20, 20, 1, 21, 21, 21, 21, 21, 3, 17, 22, 3, 10, 9, 19, 17, 2, 3, 17, 1, 17, 17, 3, 1, 13, 13, 7, 2, 2, 1, 2, 3, 2, 13, 3, 2, 2, 2, 2, 3, 13, 10, 10, 2, 2, 2, 7, 7, 7, 7, 7, 7, 7, 3, 22, 3, 3, 13, 3, 7, 18, 1, 19, 18, 23, 24, 24, 24, 23, 18, 18, 19, 18, 1, 1, 1, 1, 1, 24, 1, 1, 1, 6, 1, 1, 1, 1, 1, 17, 1, 7, 13, 3, 3, 3, 3, 3, 3, 3, 1, 1, 6, 1, 1, 1, 7, 1, 1, 1, 1, 3, 1, 3, 17, 17, 1, 2, 2, 2, 2, 1, 17, 1, 1, 1, 1, 2, 1, 1, 4, 4, 4, 3, 19, 4, 4, 10, 9, 10, 10, 10, 24, 9, 4, 9, 10, 4, 3, 3, 10, 10, 9, 9, 9, 9, 9, 10, 10, 9, 10, 10, 9, 4, 9, 11, 10, 11, 11, 11, 11, 1, 2, 2, 2, 2, 2, 2, 2, 2, 2, 2, 2, 2, 25, 25, 26, 25, 2, 13, 26, 2, 26, 25, 27, 27, 25, 27, 26, 27, 26, 2, 2, 2, 2, 2, 2, 2]"
xerces,2,seed2_solution031,seed2_solution031,0.39833213515456506,8.66999627530792,1.0487947460684282,0.5160297311422202,0.39833213515456506,-8.66999627530792,1.0487947460684282,True,False,"[0, 0, 0, 0, 0, 0, 1, 0, 0, 0, 0, 0, 0, 0, 1, 2, 0, 0, 0, 3, 2, 0, 0, 0, 0, 0, 3, 0, 0, 0, 0, 0, 0, 0, 0, 0, 0, 0, 0, 0, 0, 0, 0, 0, 0, 0, 0, 0, 0, 0, 0, 0, 0, 0, 0, 0, 0, 0, 0, 0, 0, 0, 0, 0, 0, 4, 0, 0, 4, 0, 0, 0, 0, 0, 0, 0, 0, 0, 0, 0, 0, 0, 0, 0, 0, 0, 0, 0, 0, 0, 0, 0, 0, 0, 0, 0, 0, 0, 0, 0, 5, 0, 6, 0, 0, 0, 5, 5, 5, 1, 1, 7, 0, 8, 7, 7, 7, 7, 7, 1, 7, 7, 7, 7, 7, 7, 7, 7, 7, 7, 7, 3, 7, 7, 7, 7, 7, 7, 7, 7, 7, 8, 7, 7, 7, 7, 1, 1, 7, 7, 1, 7, 7, 1, 1, 1, 1, 1, 1, 7, 1, 1, 1, 1, 1, 3, 7, 1, 1, 7, 1, 1, 1, 1, 1, 9, 9, 9, 9, 9, 10, 1, 9, 1, 1, 1, 1, 9, 1, 10, 11, 12, 12, 10, 12, 12, 12, 12, 12, 12, 12, 12, 12, 4, 11, 10, 9, 11, 11, 11, 11, 11, 11, 11, 11, 11, 11, 11, 11, 10, 11, 11, 11, 11, 11, 11, 11, 4, 12, 4, 10, 11, 11, 11, 11, 11, 11, 11, 11, 11, 11, 11, 9, 11, 11, 9, 13, 11, 11, 11, 11, 11, 9, 11, 11, 11, 11, 11, 1, 10, 11, 11, 11, 11, 11, 11, 10, 9, 10, 10, 10, 10, 11, 10, 10, 10, 11, 11, 11, 7, 7, 7, 7, 7, 7, 1, 4, 13, 1, 4, 14, 14, 14, 15, 15, 14, 14, 13, 14, 16, 14, 14, 16, 14, 16, 14, 13, 14, 14, 14, 14, 14, 16, 16, 14, 14, 14, 16, 14, 14, 14, 16, 14, 16, 16, 14, 14, 14, 16, 16, 14, 16, 16, 4, 4, 3, 4, 10, 9, 10, 9, 10, 9, 2, 16, 9, 9, 9, 3, 3, 4, 4, 4, 4, 4, 4, 4, 4, 4, 4, 9, 9, 9, 10, 9, 9, 9, 10, 9, 9, 10, 9, 9, 4, 3, 10, 1, 10, 10, 9, 10, 10, 10, 4, 4, 15, 4, 4, 4, 4, 4, 15, 4, 4, 4, 9, 10, 10, 9, 10, 9, 9, 4, 10, 9, 9, 13, 17, 13, 13, 17, 1, 17, 13, 17, 17, 17, 7, 17, 1, 17, 9, 9, 9, 2, 10, 17, 9, 10, 9, 9, 10, 10, 9, 4, 10, 9, 10, 9, 10, 9, 3, 17, 3, 10, 9, 10, 10, 9, 10, 9, 4, 9, 4, 9, 10, 10, 10, 9, 3, 10, 9, 9, 9, 9, 10, 9, 12, 9, 13, 13, 17, 17, 1, 1, 3, 1, 1, 1, 1, 17, 17, 17, 1, 1, 1, 18, 18, 18, 19, 19, 19, 18, 18, 3, 2, 1, 0, 2, 2, 17, 3, 17, 3, 3, 3, 3, 3, 4, 1, 1, 1, 1, 1, 4, 4, 4, 4, 8, 17, 17, 17, 13, 17, 17, 17, 3, 3, 3, 3, 3, 17, 17, 0, 19, 17, 1, 13, 1, 1, 3, 3, 3, 3, 13, 17, 1, 1, 20, 1, 1, 6, 1, 3, 3, 13, 3, 3, 3, 3, 1, 1, 3, 3, 3, 3, 3, 3, 3, 3, 3, 2, 1, 1, 1, 1, 1, 1, 1, 3, 3, 13, 3, 3, 14, 1, 20, 21, 20, 20, 20, 21, 20, 20, 20, 20, 20, 20, 20, 20, 20, 20, 20, 20, 20, 21, 20, 20, 20, 1, 21, 21, 21, 21, 21, 3, 17, 22, 3, 10, 9, 18, 17, 2, 3, 17, 1, 17, 17, 3, 1, 13, 13, 7, 2, 2, 1, 2, 3, 2, 17, 3, 2, 2, 2, 2, 3, 13, 10, 10, 2, 2, 2, 7, 7, 7, 7, 7, 7, 7, 3, 22, 3, 3, 13, 3, 7, 18, 1, 19, 23, 24, 23, 23, 23, 24, 13, 19, 19, 19, 1, 1, 1, 1, 1, 1, 1, 1, 1, 6, 1, 1, 1, 1, 1, 17, 1, 7, 13, 3, 3, 3, 3, 3, 3, 3, 1, 6, 6, 1, 1, 1, 7, 1, 1, 1, 1, 3, 1, 3, 17, 17, 1, 2, 2, 2, 2, 1, 17, 1, 1, 1, 1, 2, 1, 1, 4, 4, 4, 3, 19, 4, 4, 10, 9, 10, 10, 10, 23, 9, 4, 9, 10, 4, 3, 3, 10, 10, 9, 9, 9, 9, 9, 9, 12, 9, 10, 10, 9, 4, 9, 11, 10, 12, 11, 11, 11, 1, 2, 2, 2, 2, 2, 2, 2, 2, 2, 2, 2, 2, 25, 25, 26, 25, 2, 13, 26, 2, 26, 25, 27, 27, 25, 26, 26, 27, 27, 2, 2, 2, 2, 2, 2, 2]"
xerces,2,seed2_solution032,seed2_solution032,0.4213371675053918,0.9905394907058936,1.0418776889244974,0.5709742490553507,0.4213371675053918,-0.9905394907058936,1.0418776889244974,True,False,"[0, 0, 0, 0, 0, 0, 0, 0, 0, 0, 0, 0, 0, 0, 1, 2, 0, 0, 0, 3, 2, 0, 0, 0, 0, 0, 2, 0, 0, 0, 0, 0, 0, 0, 0, 0, 0, 0, 0, 0, 0, 0, 0, 0, 0, 0, 0, 0, 0, 0, 0, 0, 0, 0, 0, 0, 0, 0, 0, 0, 0, 0, 0, 0, 0, 4, 0, 0, 4, 0, 0, 0, 0, 0, 0, 0, 0, 0, 0, 0, 0, 0, 0, 0, 0, 0, 0, 0, 0, 0, 0, 0, 0, 0, 0, 0, 0, 0, 0, 0, 5, 0, 6, 0, 0, 0, 5, 6, 5, 1, 1, 7, 0, 8, 7, 7, 7, 7, 7, 1, 7, 7, 7, 7, 7, 7, 7, 7, 7, 7, 7, 3, 7, 7, 7, 7, 7, 7, 7, 7, 7, 7, 7, 7, 7, 7, 1, 1, 7, 7, 1, 7, 7, 1, 1, 1, 1, 1, 1, 7, 1, 1, 1, 1, 1, 3, 7, 1, 1, 7, 1, 1, 1, 1, 1, 9, 10, 10, 9, 10, 10, 1, 10, 1, 8, 1, 1, 11, 1, 11, 12, 13, 14, 11, 13, 13, 13, 13, 13, 13, 13, 13, 13, 4, 14, 9, 11, 15, 14, 14, 14, 13, 14, 14, 14, 12, 14, 15, 14, 11, 14, 14, 14, 9, 14, 14, 14, 14, 14, 4, 15, 14, 13, 9, 14, 14, 14, 14, 14, 14, 14, 13, 11, 14, 9, 11, 14, 14, 12, 14, 14, 15, 9, 14, 14, 14, 14, 14, 1, 11, 14, 9, 14, 13, 14, 9, 13, 11, 14, 11, 11, 11, 14, 11, 11, 11, 14, 14, 14, 7, 6, 7, 7, 7, 7, 1, 4, 4, 1, 4, 16, 13, 13, 16, 12, 13, 16, 16, 13, 17, 15, 15, 15, 15, 17, 17, 17, 15, 15, 11, 17, 12, 15, 15, 15, 15, 17, 17, 15, 12, 17, 16, 12, 15, 15, 15, 14, 15, 14, 17, 15, 15, 16, 4, 4, 3, 4, 11, 9, 11, 11, 11, 11, 2, 17, 13, 9, 11, 3, 3, 4, 4, 4, 4, 4, 4, 4, 4, 4, 4, 9, 9, 10, 11, 11, 11, 12, 11, 9, 11, 11, 10, 11, 3, 3, 13, 1, 12, 14, 9, 11, 11, 11, 4, 4, 16, 6, 3, 4, 4, 4, 4, 4, 4, 4, 10, 9, 11, 9, 9, 9, 9, 4, 10, 9, 9, 16, 18, 18, 18, 12, 1, 18, 12, 18, 12, 16, 7, 16, 1, 16, 9, 11, 11, 2, 11, 19, 11, 9, 10, 11, 9, 9, 9, 9, 11, 9, 9, 11, 9, 11, 3, 18, 3, 11, 11, 11, 11, 10, 11, 11, 4, 9, 4, 9, 12, 9, 11, 11, 3, 11, 9, 9, 10, 11, 11, 13, 6, 13, 18, 16, 16, 18, 1, 1, 3, 1, 1, 1, 1, 16, 16, 6, 1, 1, 1, 20, 20, 20, 19, 20, 20, 20, 19, 3, 2, 1, 0, 2, 2, 3, 3, 12, 3, 3, 3, 3, 3, 4, 1, 1, 1, 1, 1, 4, 4, 4, 4, 18, 16, 12, 12, 18, 18, 12, 18, 3, 3, 3, 3, 3, 12, 18, 0, 21, 18, 1, 16, 1, 1, 3, 3, 3, 3, 12, 16, 1, 1, 22, 1, 1, 1, 1, 3, 3, 16, 3, 3, 3, 3, 1, 1, 3, 3, 3, 3, 3, 3, 3, 3, 3, 2, 1, 1, 1, 1, 1, 1, 1, 3, 3, 14, 3, 3, 19, 1, 23, 23, 20, 23, 20, 21, 21, 23, 21, 23, 23, 18, 20, 20, 21, 23, 20, 23, 22, 21, 22, 23, 20, 3, 15, 22, 15, 22, 15, 3, 12, 23, 3, 11, 11, 19, 16, 2, 3, 18, 1, 18, 18, 3, 1, 18, 12, 7, 2, 2, 1, 2, 2, 2, 13, 3, 2, 2, 2, 2, 3, 15, 9, 9, 2, 2, 2, 7, 7, 7, 7, 1, 7, 7, 3, 23, 3, 2, 16, 3, 7, 24, 1, 25, 25, 25, 25, 18, 18, 12, 18, 21, 18, 18, 1, 1, 1, 1, 1, 24, 1, 1, 1, 1, 1, 1, 1, 1, 1, 12, 1, 7, 13, 3, 3, 3, 3, 3, 3, 2, 1, 1, 1, 1, 1, 1, 7, 1, 1, 1, 1, 3, 1, 3, 16, 12, 1, 2, 2, 2, 2, 1, 16, 1, 1, 1, 1, 2, 1, 1, 4, 4, 4, 3, 16, 4, 4, 9, 9, 11, 11, 11, 26, 9, 4, 9, 11, 4, 4, 3, 11, 11, 11, 10, 9, 11, 10, 11, 11, 11, 9, 11, 9, 4, 11, 14, 11, 14, 14, 14, 14, 1, 2, 2, 2, 2, 2, 2, 2, 2, 2, 2, 2, 2, 26, 26, 27, 27, 2, 28, 19, 2, 28, 26, 28, 27, 28, 28, 28, 27, 28, 2, 2, 2, 2, 2, 2, 2]"
xerces,2,seed2_solution033,seed2_solution033,0.42179726815240837,4.039338795100944,1.0368244694307642,0.5904076548214591,0.42179726815240837,-4.039338795100944,1.0368244694307642,True,False,"[0, 0, 0, 0, 0, 0, 0, 0, 0, 0, 0, 0, 0, 0, 1, 2, 0, 0, 0, 3, 2, 0, 0, 0, 0, 0, 2, 0, 0, 0, 0, 0, 0, 0, 0, 0, 0, 0, 0, 0, 0, 0, 0, 0, 0, 0, 0, 0, 0, 0, 0, 0, 0, 0, 0, 0, 0, 0, 0, 0, 0, 0, 0, 0, 0, 4, 0, 0, 4, 0, 0, 0, 0, 0, 0, 0, 0, 0, 0, 0, 0, 0, 0, 0, 0, 0, 0, 0, 0, 0, 0, 0, 0, 0, 0, 0, 0, 0, 0, 0, 5, 0, 6, 0, 0, 0, 5, 6, 5, 1, 1, 7, 0, 8, 7, 7, 7, 7, 7, 1, 7, 7, 7, 7, 7, 7, 7, 7, 7, 7, 7, 3, 7, 7, 7, 7, 7, 7, 8, 7, 7, 7, 7, 8, 7, 7, 1, 1, 7, 7, 1, 7, 7, 1, 1, 1, 1, 1, 1, 7, 1, 1, 1, 1, 1, 3, 7, 1, 1, 7, 1, 1, 1, 1, 1, 9, 9, 9, 9, 9, 9, 1, 9, 1, 8, 1, 1, 10, 1, 11, 11, 12, 13, 10, 12, 10, 12, 12, 12, 11, 13, 14, 12, 4, 10, 10, 9, 15, 14, 13, 13, 14, 13, 14, 14, 11, 13, 15, 13, 10, 13, 13, 10, 10, 14, 10, 13, 13, 13, 4, 10, 13, 14, 10, 13, 10, 13, 10, 13, 16, 13, 14, 10, 13, 10, 10, 13, 13, 11, 13, 10, 15, 10, 13, 13, 15, 11, 13, 1, 9, 13, 10, 13, 14, 13, 10, 14, 13, 13, 12, 10, 9, 14, 4, 12, 14, 11, 13, 13, 7, 6, 7, 7, 7, 7, 1, 4, 4, 1, 4, 14, 14, 14, 11, 14, 14, 12, 16, 14, 15, 15, 15, 15, 15, 15, 13, 15, 15, 15, 12, 13, 15, 15, 15, 15, 15, 9, 15, 15, 15, 13, 16, 15, 15, 15, 15, 13, 15, 13, 15, 15, 15, 16, 4, 4, 3, 4, 14, 10, 13, 12, 12, 14, 2, 16, 14, 10, 17, 3, 3, 4, 4, 4, 4, 4, 4, 4, 4, 4, 4, 10, 10, 9, 10, 10, 10, 11, 11, 10, 10, 12, 9, 10, 4, 3, 14, 1, 11, 13, 10, 10, 10, 10, 4, 4, 14, 6, 3, 4, 4, 4, 11, 4, 4, 4, 9, 9, 10, 9, 12, 9, 9, 4, 9, 9, 9, 11, 18, 18, 18, 11, 1, 19, 11, 18, 11, 16, 7, 11, 1, 14, 10, 9, 9, 2, 11, 19, 14, 10, 9, 10, 10, 10, 10, 10, 10, 10, 10, 10, 10, 10, 3, 6, 3, 10, 10, 12, 10, 9, 12, 12, 4, 10, 4, 10, 11, 10, 13, 10, 3, 11, 10, 10, 9, 10, 10, 14, 10, 14, 14, 11, 11, 11, 1, 1, 3, 1, 1, 1, 1, 16, 11, 6, 1, 1, 1, 20, 18, 20, 19, 19, 18, 20, 19, 3, 2, 1, 0, 2, 2, 3, 3, 11, 3, 3, 3, 3, 3, 4, 1, 1, 1, 1, 1, 4, 4, 4, 4, 19, 19, 11, 11, 19, 16, 11, 18, 3, 3, 3, 3, 3, 11, 21, 0, 21, 16, 6, 11, 1, 1, 3, 3, 3, 3, 11, 11, 1, 1, 19, 1, 1, 1, 1, 3, 3, 11, 3, 3, 3, 3, 1, 1, 3, 3, 3, 3, 3, 3, 3, 3, 3, 2, 1, 1, 1, 1, 1, 1, 1, 3, 3, 13, 3, 3, 19, 1, 21, 21, 20, 20, 20, 21, 21, 21, 21, 22, 21, 18, 20, 20, 21, 22, 20, 20, 22, 21, 22, 22, 20, 3, 22, 22, 22, 22, 23, 2, 11, 23, 3, 11, 12, 19, 11, 2, 3, 19, 1, 6, 18, 3, 1, 19, 11, 7, 2, 2, 1, 2, 2, 2, 14, 3, 2, 2, 2, 2, 3, 15, 10, 10, 2, 2, 2, 7, 7, 7, 5, 1, 7, 7, 8, 23, 2, 2, 11, 3, 7, 24, 1, 25, 18, 25, 21, 18, 18, 11, 18, 21, 18, 18, 1, 1, 1, 1, 1, 24, 1, 1, 1, 1, 1, 1, 1, 1, 1, 11, 1, 7, 11, 3, 3, 3, 3, 3, 3, 2, 1, 6, 1, 1, 1, 1, 7, 1, 1, 1, 1, 3, 1, 3, 11, 11, 1, 2, 2, 2, 2, 1, 18, 1, 1, 1, 1, 2, 1, 1, 4, 4, 4, 3, 11, 4, 4, 10, 10, 12, 12, 14, 26, 10, 4, 10, 10, 4, 4, 3, 10, 11, 9, 9, 10, 9, 9, 12, 10, 4, 10, 12, 10, 4, 14, 13, 10, 14, 14, 13, 10, 1, 2, 2, 2, 2, 2, 2, 2, 2, 2, 2, 3, 2, 26, 26, 27, 27, 2, 17, 28, 2, 28, 26, 27, 28, 27, 28, 28, 27, 27, 2, 2, 2, 2, 2, 2, 2]"
xerces,2,seed2_solution034,seed2_solution034,0.4220273184759166,8.679234480182476,1.0464148183841098,0.559652234860476,0.4220273184759166,-8.679234480182476,1.0464148183841098,True,False,"[0, 0, 0, 0, 0, 0, 0, 0, 0, 0, 0, 0, 0, 0, 1, 2, 0, 0, 0, 3, 2, 0, 0, 0, 0, 0, 3, 0, 0, 0, 0, 0, 0, 0, 0, 0, 0, 0, 0, 0, 0, 0, 0, 0, 0, 0, 0, 0, 0, 0, 0, 0, 0, 0, 0, 0, 0, 0, 0, 0, 0, 0, 0, 0, 0, 4, 0, 0, 4, 0, 0, 0, 0, 0, 0, 0, 0, 0, 0, 0, 0, 0, 0, 0, 0, 0, 0, 0, 0, 0, 0, 0, 0, 0, 0, 0, 0, 0, 0, 0, 5, 0, 6, 0, 0, 0, 7, 7, 7, 1, 1, 8, 0, 8, 5, 5, 5, 5, 5, 1, 5, 6, 5, 5, 6, 5, 5, 6, 6, 5, 5, 3, 5, 6, 7, 6, 6, 6, 6, 7, 5, 5, 9, 6, 7, 5, 5, 1, 5, 7, 1, 7, 7, 1, 1, 1, 1, 1, 1, 7, 1, 1, 1, 1, 1, 3, 7, 1, 1, 7, 1, 1, 1, 1, 1, 10, 10, 11, 10, 9, 10, 10, 8, 1, 1, 1, 1, 9, 1, 9, 11, 12, 12, 9, 12, 12, 12, 12, 12, 12, 12, 12, 12, 4, 11, 9, 9, 11, 11, 11, 11, 11, 11, 11, 11, 11, 11, 11, 11, 9, 11, 13, 11, 11, 11, 11, 11, 11, 11, 9, 9, 11, 11, 11, 11, 11, 11, 12, 11, 11, 11, 11, 9, 11, 11, 9, 11, 11, 11, 13, 11, 11, 9, 13, 11, 11, 11, 11, 1, 9, 11, 11, 11, 11, 11, 12, 9, 9, 9, 9, 9, 8, 11, 4, 4, 9, 11, 11, 11, 6, 7, 8, 7, 7, 8, 1, 4, 4, 1, 4, 14, 13, 13, 13, 14, 15, 13, 13, 14, 14, 14, 15, 14, 15, 13, 14, 14, 14, 15, 15, 14, 13, 15, 13, 13, 15, 13, 13, 13, 15, 14, 15, 15, 13, 14, 14, 15, 16, 14, 14, 16, 15, 14, 3, 4, 3, 4, 9, 9, 8, 9, 9, 9, 2, 15, 9, 12, 9, 2, 3, 4, 4, 4, 3, 4, 4, 4, 4, 4, 4, 9, 9, 9, 9, 9, 9, 9, 9, 9, 9, 9, 9, 9, 7, 3, 4, 1, 9, 9, 9, 9, 9, 9, 4, 4, 13, 4, 4, 4, 4, 4, 8, 4, 4, 4, 10, 9, 9, 8, 8, 10, 10, 4, 8, 10, 8, 14, 16, 17, 17, 16, 1, 16, 16, 16, 16, 14, 16, 14, 1, 16, 9, 9, 9, 2, 9, 16, 4, 4, 8, 9, 9, 9, 9, 9, 9, 9, 9, 9, 9, 9, 3, 17, 3, 9, 4, 8, 8, 9, 8, 9, 4, 9, 4, 9, 9, 4, 9, 9, 3, 9, 9, 9, 8, 9, 9, 8, 9, 9, 16, 13, 16, 17, 1, 1, 3, 1, 1, 1, 1, 14, 13, 16, 1, 1, 1, 17, 17, 17, 18, 18, 17, 19, 17, 2, 2, 1, 0, 2, 2, 3, 3, 16, 3, 3, 3, 3, 18, 4, 1, 1, 1, 1, 1, 4, 4, 4, 4, 16, 14, 16, 17, 17, 16, 16, 16, 3, 3, 3, 3, 3, 16, 14, 0, 18, 16, 1, 16, 1, 1, 0, 3, 3, 2, 17, 16, 1, 1, 20, 1, 1, 7, 1, 3, 3, 16, 3, 3, 3, 3, 1, 1, 3, 3, 3, 3, 3, 3, 3, 3, 3, 2, 1, 1, 1, 1, 1, 1, 1, 3, 3, 16, 3, 3, 14, 1, 20, 21, 17, 19, 19, 21, 20, 17, 19, 20, 20, 17, 20, 21, 17, 20, 21, 17, 20, 21, 17, 21, 19, 1, 21, 21, 20, 21, 21, 3, 16, 22, 3, 9, 4, 17, 16, 2, 3, 16, 7, 16, 16, 3, 1, 14, 16, 6, 2, 2, 1, 2, 3, 2, 16, 3, 2, 2, 2, 2, 3, 16, 9, 9, 2, 2, 2, 8, 7, 7, 5, 7, 6, 5, 3, 22, 3, 2, 16, 3, 7, 23, 1, 23, 24, 23, 19, 23, 24, 23, 23, 24, 23, 24, 1, 1, 1, 1, 1, 1, 1, 1, 1, 1, 1, 1, 1, 1, 1, 16, 1, 5, 17, 3, 3, 3, 3, 3, 3, 3, 1, 1, 16, 7, 1, 1, 7, 1, 1, 7, 1, 3, 10, 3, 16, 16, 1, 10, 2, 2, 2, 1, 16, 1, 1, 1, 1, 2, 1, 1, 4, 4, 7, 3, 14, 4, 4, 9, 9, 9, 9, 9, 23, 4, 4, 9, 9, 4, 3, 3, 9, 9, 9, 9, 9, 9, 9, 9, 9, 4, 9, 9, 4, 4, 9, 11, 8, 12, 11, 11, 11, 1, 2, 2, 2, 2, 2, 2, 2, 2, 2, 2, 2, 2, 25, 26, 27, 27, 2, 27, 26, 2, 27, 27, 26, 27, 26, 21, 27, 26, 27, 2, 2, 2, 2, 10, 2, 2]"
xerces,2,seed2_solution035,seed2_solution035,0.4268583752695902,4.0387359205355615,1.0323826129035945,0.5931245593892626,0.4268583752695902,-4.0387359205355615,1.0323826129035945,True,False,"[0, 0, 0, 0, 0, 0, 0, 0, 0, 0, 0, 0, 0, 0, 1, 2, 0, 0, 0, 3, 2, 0, 0, 0, 0, 0, 2, 0, 0, 0, 0, 0, 0, 0, 0, 0, 0, 0, 0, 0, 0, 0, 0, 0, 0, 0, 0, 0, 0, 0, 0, 0, 0, 0, 0, 0, 0, 0, 0, 0, 0, 0, 0, 0, 0, 4, 0, 0, 4, 0, 0, 0, 0, 0, 0, 0, 0, 0, 0, 0, 0, 0, 0, 0, 0, 0, 0, 0, 0, 0, 0, 0, 0, 0, 0, 0, 0, 0, 0, 0, 5, 0, 6, 0, 0, 0, 5, 6, 5, 1, 1, 7, 0, 8, 7, 7, 7, 7, 7, 1, 7, 7, 7, 7, 7, 7, 7, 7, 7, 7, 7, 3, 7, 7, 7, 7, 7, 7, 8, 7, 7, 7, 7, 8, 7, 7, 1, 1, 7, 7, 1, 7, 7, 1, 1, 1, 1, 1, 1, 7, 1, 1, 1, 1, 1, 3, 7, 1, 1, 7, 1, 1, 1, 1, 1, 9, 9, 9, 9, 9, 9, 1, 9, 1, 8, 1, 1, 10, 1, 11, 11, 12, 13, 10, 12, 10, 12, 12, 12, 11, 13, 14, 12, 4, 10, 10, 9, 15, 14, 13, 13, 14, 13, 14, 14, 11, 13, 15, 13, 10, 13, 13, 10, 10, 14, 10, 13, 13, 13, 4, 10, 13, 14, 10, 13, 10, 13, 10, 13, 16, 13, 14, 10, 13, 10, 10, 13, 13, 11, 13, 10, 15, 10, 13, 13, 15, 11, 13, 1, 9, 13, 10, 13, 14, 13, 10, 14, 13, 13, 12, 10, 9, 14, 4, 12, 14, 11, 13, 13, 7, 6, 7, 7, 7, 7, 1, 4, 4, 1, 4, 14, 14, 14, 11, 14, 14, 12, 16, 14, 15, 15, 15, 15, 15, 15, 13, 15, 15, 15, 12, 13, 15, 15, 15, 15, 15, 9, 15, 15, 15, 13, 16, 15, 15, 15, 15, 13, 15, 13, 15, 15, 15, 16, 4, 4, 3, 4, 14, 10, 13, 12, 12, 14, 2, 16, 14, 10, 17, 3, 3, 4, 4, 4, 4, 4, 4, 4, 4, 4, 4, 10, 10, 9, 10, 10, 10, 11, 11, 10, 10, 12, 9, 10, 4, 3, 14, 1, 11, 13, 10, 10, 10, 10, 4, 4, 14, 6, 3, 4, 4, 4, 11, 4, 4, 4, 9, 9, 10, 9, 12, 9, 9, 4, 9, 9, 9, 11, 18, 18, 18, 11, 1, 19, 11, 18, 11, 16, 7, 11, 1, 14, 10, 9, 9, 2, 11, 19, 14, 10, 9, 10, 10, 10, 10, 10, 10, 10, 10, 10, 10, 10, 3, 6, 3, 10, 10, 12, 10, 9, 12, 12, 4, 10, 4, 10, 11, 10, 13, 10, 3, 11, 10, 10, 9, 10, 10, 14, 10, 14, 14, 11, 11, 11, 1, 1, 3, 1, 1, 1, 1, 16, 11, 6, 1, 1, 1, 20, 18, 20, 19, 19, 18, 20, 19, 3, 2, 1, 0, 2, 2, 3, 3, 11, 3, 3, 3, 3, 3, 4, 1, 1, 1, 1, 1, 4, 4, 4, 4, 19, 19, 11, 11, 19, 16, 11, 18, 3, 3, 3, 3, 3, 11, 21, 0, 21, 16, 6, 11, 1, 1, 3, 3, 3, 3, 11, 11, 1, 1, 19, 1, 1, 1, 1, 3, 3, 11, 3, 3, 3, 3, 1, 1, 3, 3, 3, 3, 3, 3, 3, 3, 3, 2, 1, 1, 1, 1, 1, 22, 1, 3, 3, 13, 3, 3, 19, 1, 21, 21, 20, 20, 20, 21, 21, 21, 21, 23, 21, 18, 20, 20, 21, 23, 20, 20, 23, 21, 23, 23, 20, 3, 23, 23, 23, 23, 24, 2, 11, 24, 3, 11, 12, 19, 11, 2, 3, 19, 1, 6, 18, 3, 1, 19, 11, 7, 2, 2, 1, 2, 2, 2, 14, 3, 2, 2, 2, 2, 3, 15, 10, 10, 2, 2, 2, 7, 7, 7, 5, 1, 7, 7, 8, 24, 2, 2, 11, 3, 7, 22, 1, 25, 18, 25, 21, 18, 18, 11, 18, 21, 18, 18, 1, 1, 1, 1, 1, 22, 1, 1, 1, 1, 1, 1, 1, 1, 1, 11, 1, 7, 11, 3, 3, 3, 3, 3, 3, 2, 1, 6, 1, 1, 1, 1, 7, 1, 1, 1, 1, 3, 1, 3, 11, 11, 1, 2, 2, 2, 2, 1, 18, 1, 1, 1, 1, 2, 1, 1, 4, 4, 4, 3, 11, 4, 4, 10, 10, 12, 12, 14, 26, 10, 4, 10, 10, 4, 4, 3, 10, 11, 9, 9, 10, 9, 9, 12, 10, 4, 10, 12, 10, 4, 14, 13, 10, 14, 14, 13, 10, 1, 2, 2, 2, 2, 2, 2, 2, 2, 2, 2, 3, 2, 26, 26, 27, 27, 2, 17, 28, 2, 28, 26, 27, 28, 27, 28, 28, 27, 27, 2, 2, 2, 2, 2, 2, 2]"
xerces,2,seed2_solution036,seed2_solution036,0.4276923076923077,3.197414979630237,1.018542359775498,0.5497736465505791,0.4276923076923077,-3.197414979630237,1.018542359775498,True,False,"[0, 0, 0, 0, 0, 0, 0, 0, 0, 0, 0, 0, 0, 0, 1, 2, 0, 0, 0, 3, 2, 0, 0, 0, 0, 0, 3, 0, 0, 0, 0, 0, 0, 0, 0, 0, 0, 0, 0, 0, 0, 0, 0, 0, 0, 0, 0, 0, 0, 0, 0, 0, 0, 0, 0, 0, 0, 0, 0, 0, 0, 0, 0, 0, 0, 4, 0, 0, 4, 0, 0, 0, 0, 0, 0, 5, 0, 0, 0, 0, 0, 0, 0, 0, 0, 0, 0, 0, 0, 0, 0, 0, 0, 0, 0, 0, 0, 0, 0, 0, 5, 0, 6, 0, 0, 0, 5, 5, 5, 1, 1, 7, 0, 7, 7, 7, 7, 7, 7, 1, 8, 8, 7, 5, 7, 7, 5, 7, 7, 8, 7, 3, 7, 7, 8, 7, 7, 7, 8, 7, 7, 8, 7, 7, 7, 7, 1, 1, 7, 7, 1, 7, 7, 1, 1, 1, 1, 1, 1, 7, 1, 1, 1, 1, 1, 3, 7, 1, 1, 7, 1, 1, 1, 1, 1, 9, 9, 9, 9, 9, 9, 1, 9, 1, 1, 1, 1, 10, 1, 10, 11, 12, 12, 10, 12, 12, 12, 12, 12, 12, 12, 12, 12, 4, 11, 10, 10, 11, 11, 11, 11, 11, 11, 11, 11, 11, 11, 11, 11, 10, 11, 11, 11, 11, 11, 11, 11, 4, 12, 4, 10, 11, 11, 11, 11, 11, 11, 11, 11, 11, 11, 11, 9, 11, 11, 9, 13, 11, 11, 11, 11, 11, 10, 11, 11, 11, 11, 11, 1, 10, 11, 11, 11, 11, 11, 11, 10, 10, 4, 10, 10, 10, 11, 10, 10, 10, 11, 11, 11, 7, 7, 7, 7, 7, 7, 1, 4, 13, 1, 4, 14, 13, 13, 14, 15, 14, 13, 15, 13, 16, 14, 14, 16, 14, 16, 15, 15, 15, 13, 14, 15, 15, 15, 17, 14, 15, 9, 16, 15, 13, 15, 16, 15, 15, 16, 15, 13, 15, 15, 16, 15, 15, 16, 4, 4, 3, 4, 10, 10, 10, 9, 10, 10, 10, 16, 10, 10, 10, 3, 3, 4, 4, 4, 4, 4, 4, 4, 6, 4, 4, 10, 9, 10, 10, 10, 9, 9, 10, 9, 9, 10, 10, 9, 4, 3, 10, 1, 10, 10, 10, 10, 10, 10, 4, 4, 13, 4, 4, 4, 4, 4, 15, 6, 4, 4, 9, 10, 10, 9, 9, 9, 9, 4, 9, 9, 9, 13, 17, 13, 13, 17, 1, 17, 13, 17, 17, 16, 14, 14, 1, 14, 9, 9, 10, 2, 10, 13, 10, 10, 9, 9, 10, 10, 9, 4, 10, 10, 10, 9, 10, 10, 3, 18, 3, 10, 10, 10, 10, 9, 10, 9, 4, 9, 4, 9, 10, 10, 10, 9, 3, 10, 10, 9, 10, 10, 10, 10, 12, 9, 14, 13, 14, 18, 1, 1, 3, 1, 1, 1, 1, 17, 18, 18, 1, 1, 19, 18, 20, 18, 18, 21, 19, 20, 18, 3, 2, 1, 0, 2, 2, 3, 3, 17, 3, 3, 3, 3, 3, 4, 1, 1, 1, 18, 1, 4, 4, 4, 4, 13, 13, 18, 14, 17, 14, 18, 13, 3, 3, 3, 3, 3, 13, 14, 0, 21, 16, 1, 16, 1, 1, 3, 3, 3, 3, 13, 14, 1, 1, 22, 1, 1, 1, 1, 3, 3, 17, 3, 3, 3, 3, 23, 1, 3, 3, 3, 3, 3, 3, 3, 3, 3, 2, 1, 1, 1, 1, 1, 1, 1, 3, 3, 13, 3, 3, 14, 1, 22, 21, 22, 18, 20, 20, 20, 20, 22, 20, 20, 20, 22, 22, 20, 20, 18, 20, 20, 23, 20, 22, 20, 1, 21, 23, 23, 21, 24, 3, 16, 24, 3, 10, 9, 18, 13, 2, 3, 13, 1, 18, 13, 3, 1, 13, 13, 8, 2, 2, 1, 2, 3, 2, 13, 3, 2, 2, 2, 2, 3, 13, 10, 10, 2, 2, 2, 7, 7, 7, 8, 7, 7, 8, 3, 24, 3, 3, 13, 3, 7, 23, 1, 18, 19, 19, 15, 15, 23, 25, 14, 19, 19, 19, 1, 1, 1, 1, 1, 23, 1, 1, 1, 6, 1, 1, 1, 1, 1, 17, 1, 5, 16, 3, 3, 3, 3, 3, 3, 3, 1, 6, 6, 1, 1, 1, 7, 1, 16, 1, 1, 3, 1, 3, 18, 17, 1, 2, 2, 2, 2, 1, 13, 1, 1, 1, 1, 2, 1, 1, 4, 4, 4, 3, 18, 4, 4, 10, 10, 10, 10, 10, 23, 9, 4, 9, 10, 4, 3, 3, 10, 10, 10, 10, 9, 10, 10, 10, 12, 10, 10, 10, 9, 4, 9, 11, 10, 11, 11, 11, 11, 1, 2, 2, 2, 2, 2, 2, 2, 2, 2, 2, 2, 2, 25, 26, 27, 25, 2, 13, 27, 2, 26, 25, 27, 23, 25, 27, 26, 27, 26, 2, 2, 2, 2, 2, 2, 2]"
xerces,2,seed2_solution038,seed2_solution038,0.4474191229331416,3.481877354494145,1.0060187484075196,0.5533901746188563,0.4474191229331416,-3.481877354494145,1.0060187484075196,True,False,"[0, 0, 0, 0, 0, 0, 1, 0, 0, 0, 0, 0, 0, 0, 1, 2, 0, 0, 0, 3, 2, 0, 0, 0, 0, 0, 3, 0, 0, 0, 0, 0, 0, 0, 0, 0, 0, 0, 0, 0, 0, 0, 0, 0, 0, 0, 0, 0, 0, 0, 0, 0, 0, 0, 0, 0, 0, 0, 0, 0, 0, 0, 0, 0, 0, 4, 0, 0, 4, 0, 0, 0, 0, 0, 0, 5, 0, 0, 0, 0, 0, 0, 0, 0, 0, 0, 0, 0, 0, 0, 0, 0, 0, 0, 0, 0, 0, 0, 0, 0, 6, 0, 6, 0, 0, 0, 5, 5, 5, 1, 1, 5, 0, 7, 8, 7, 8, 5, 5, 1, 8, 8, 8, 5, 8, 8, 5, 7, 8, 8, 8, 3, 7, 7, 8, 5, 7, 7, 8, 5, 7, 5, 5, 7, 8, 5, 1, 1, 8, 5, 1, 5, 7, 1, 1, 1, 1, 1, 1, 7, 1, 1, 1, 1, 1, 3, 5, 1, 1, 7, 1, 1, 1, 1, 1, 9, 9, 9, 9, 9, 9, 1, 9, 1, 1, 1, 1, 10, 1, 10, 11, 12, 12, 10, 12, 12, 12, 12, 12, 12, 12, 12, 12, 4, 11, 10, 10, 11, 11, 11, 11, 11, 11, 11, 11, 11, 11, 11, 11, 10, 11, 11, 11, 11, 11, 11, 11, 4, 12, 4, 10, 11, 11, 11, 11, 11, 11, 11, 11, 11, 11, 11, 9, 11, 11, 10, 11, 11, 11, 11, 11, 11, 10, 11, 11, 11, 11, 11, 1, 10, 11, 11, 11, 11, 11, 11, 10, 10, 4, 10, 10, 10, 11, 10, 10, 10, 11, 11, 11, 8, 7, 7, 8, 7, 7, 1, 4, 4, 1, 4, 13, 13, 13, 13, 14, 13, 13, 15, 13, 16, 14, 13, 16, 16, 17, 15, 17, 15, 13, 15, 13, 16, 15, 17, 16, 17, 13, 15, 15, 13, 15, 15, 15, 15, 16, 15, 13, 16, 16, 17, 15, 16, 14, 4, 4, 3, 4, 10, 10, 10, 10, 10, 10, 10, 17, 10, 9, 9, 3, 3, 4, 4, 4, 4, 4, 4, 4, 6, 4, 4, 10, 9, 9, 10, 10, 9, 10, 10, 9, 10, 10, 10, 9, 6, 3, 15, 1, 10, 10, 10, 10, 10, 10, 4, 4, 13, 4, 4, 4, 4, 4, 18, 6, 4, 4, 9, 10, 10, 9, 9, 9, 9, 4, 9, 9, 9, 16, 17, 14, 16, 14, 1, 13, 16, 14, 19, 16, 14, 14, 1, 14, 10, 9, 10, 2, 10, 16, 10, 4, 9, 10, 10, 10, 9, 4, 10, 9, 10, 9, 10, 10, 3, 19, 3, 10, 9, 10, 10, 10, 10, 9, 4, 9, 4, 10, 10, 10, 10, 9, 3, 10, 10, 9, 10, 10, 10, 10, 12, 10, 14, 14, 14, 19, 1, 1, 3, 1, 1, 1, 1, 16, 19, 19, 1, 1, 1, 18, 20, 19, 19, 21, 18, 20, 19, 3, 2, 1, 0, 2, 2, 3, 3, 19, 3, 3, 3, 3, 3, 4, 1, 1, 1, 1, 1, 4, 4, 4, 4, 16, 14, 19, 14, 17, 14, 19, 19, 3, 3, 3, 3, 3, 16, 14, 0, 21, 16, 1, 16, 1, 1, 3, 3, 3, 3, 17, 14, 1, 1, 22, 1, 1, 6, 1, 3, 3, 17, 3, 3, 3, 3, 23, 1, 3, 3, 3, 20, 3, 3, 3, 3, 3, 2, 1, 1, 1, 1, 1, 1, 1, 3, 3, 13, 3, 3, 13, 1, 22, 23, 22, 19, 22, 20, 19, 22, 22, 23, 22, 22, 22, 22, 20, 20, 19, 22, 21, 23, 20, 22, 19, 1, 23, 23, 23, 23, 24, 3, 16, 24, 3, 10, 4, 20, 19, 2, 3, 19, 1, 19, 13, 3, 1, 14, 14, 8, 2, 2, 1, 2, 3, 2, 13, 3, 2, 2, 2, 2, 18, 16, 10, 10, 2, 2, 2, 7, 8, 8, 8, 7, 5, 8, 3, 24, 3, 3, 16, 3, 7, 23, 1, 18, 13, 18, 15, 15, 25, 25, 14, 17, 25, 21, 1, 1, 1, 1, 1, 1, 1, 1, 1, 6, 1, 1, 1, 1, 1, 14, 1, 5, 16, 3, 3, 3, 3, 3, 3, 3, 1, 6, 6, 1, 1, 1, 7, 1, 16, 1, 1, 3, 1, 3, 19, 17, 1, 2, 2, 2, 2, 1, 19, 1, 1, 1, 1, 2, 1, 1, 4, 4, 4, 3, 21, 4, 4, 10, 10, 10, 10, 10, 25, 9, 4, 10, 10, 4, 3, 3, 10, 10, 10, 9, 9, 10, 10, 10, 12, 10, 10, 10, 10, 4, 9, 11, 10, 11, 11, 11, 11, 1, 2, 2, 2, 2, 2, 2, 2, 2, 2, 2, 2, 2, 25, 26, 27, 16, 2, 16, 26, 2, 26, 25, 27, 23, 25, 26, 26, 27, 27, 2, 2, 2, 2, 2, 2, 2]"
xerces,2,seed2_solution040,seed2_solution040,0.4834219985621855,9.318355495885266,0.9728333605441111,0.6219373712799534,0.4834219985621855,-9.318355495885266,0.9728333605441111,True,False,"[0, 0, 0, 0, 0, 0, 0, 0, 0, 0, 0, 0, 0, 0, 1, 2, 0, 0, 0, 3, 2, 0, 0, 0, 0, 0, 3, 0, 0, 2, 0, 0, 0, 0, 0, 0, 0, 0, 0, 0, 0, 0, 0, 0, 0, 0, 0, 0, 0, 0, 0, 0, 0, 0, 0, 0, 0, 0, 0, 0, 0, 0, 0, 0, 0, 4, 0, 0, 4, 0, 0, 0, 0, 0, 0, 0, 0, 0, 0, 0, 0, 0, 0, 0, 0, 0, 0, 0, 0, 0, 0, 0, 0, 0, 0, 0, 0, 0, 0, 0, 5, 0, 6, 0, 0, 0, 5, 7, 5, 1, 1, 8, 0, 5, 6, 6, 7, 7, 9, 1, 7, 7, 7, 7, 7, 7, 6, 7, 7, 6, 6, 3, 7, 7, 6, 7, 7, 7, 6, 6, 6, 5, 10, 7, 6, 7, 5, 1, 6, 6, 1, 6, 6, 1, 1, 1, 1, 1, 1, 6, 9, 1, 1, 1, 1, 3, 6, 1, 1, 6, 1, 6, 1, 1, 1, 8, 10, 11, 10, 8, 8, 9, 8, 1, 1, 1, 1, 10, 1, 8, 11, 12, 12, 10, 12, 12, 12, 12, 12, 12, 12, 12, 12, 4, 11, 10, 10, 11, 12, 11, 11, 11, 11, 6, 11, 11, 11, 11, 11, 10, 11, 13, 11, 11, 11, 11, 12, 11, 12, 4, 4, 11, 11, 11, 11, 12, 11, 12, 11, 11, 11, 11, 8, 11, 12, 10, 12, 11, 11, 13, 11, 11, 10, 13, 11, 11, 11, 11, 1, 10, 11, 11, 11, 11, 11, 12, 10, 10, 10, 10, 10, 8, 11, 4, 4, 10, 11, 11, 11, 7, 6, 7, 6, 6, 11, 1, 4, 4, 1, 4, 14, 14, 13, 13, 15, 15, 14, 13, 14, 15, 15, 15, 15, 15, 13, 15, 13, 15, 15, 15, 13, 13, 15, 13, 13, 15, 13, 13, 13, 15, 13, 15, 15, 13, 15, 13, 15, 16, 16, 13, 16, 16, 15, 3, 4, 3, 4, 8, 10, 8, 10, 10, 10, 2, 16, 10, 12, 10, 2, 3, 4, 4, 4, 3, 4, 4, 4, 4, 4, 4, 10, 10, 10, 8, 10, 10, 10, 8, 10, 10, 10, 10, 10, 4, 3, 10, 1, 10, 10, 10, 10, 10, 10, 4, 4, 14, 4, 4, 4, 4, 4, 8, 4, 4, 4, 11, 8, 10, 8, 8, 8, 8, 4, 8, 8, 8, 14, 14, 17, 17, 14, 1, 16, 17, 16, 16, 14, 16, 14, 6, 16, 8, 10, 8, 2, 10, 17, 4, 4, 8, 10, 10, 10, 10, 10, 10, 10, 10, 8, 10, 8, 3, 17, 3, 10, 4, 8, 8, 10, 8, 10, 4, 10, 4, 10, 8, 10, 10, 10, 3, 8, 10, 10, 8, 10, 8, 8, 6, 10, 17, 16, 14, 17, 1, 1, 3, 1, 1, 1, 1, 14, 14, 16, 1, 1, 1, 17, 18, 17, 17, 18, 19, 19, 19, 2, 2, 1, 0, 2, 2, 3, 3, 19, 3, 3, 3, 3, 3, 4, 1, 6, 1, 1, 1, 4, 4, 4, 4, 16, 14, 16, 17, 17, 14, 14, 16, 3, 3, 3, 3, 3, 14, 14, 0, 19, 17, 1, 17, 1, 1, 0, 2, 3, 2, 17, 14, 1, 1, 20, 1, 1, 6, 1, 3, 3, 16, 2, 2, 3, 3, 1, 1, 3, 3, 3, 3, 3, 3, 3, 3, 3, 2, 1, 9, 1, 1, 1, 1, 1, 3, 3, 16, 3, 3, 14, 1, 20, 21, 17, 17, 21, 21, 20, 17, 19, 20, 20, 17, 20, 21, 17, 17, 21, 17, 17, 21, 17, 17, 21, 1, 21, 21, 21, 21, 21, 3, 14, 22, 2, 10, 10, 18, 16, 2, 3, 16, 6, 16, 16, 3, 1, 14, 14, 7, 2, 2, 1, 2, 3, 2, 16, 3, 2, 2, 2, 9, 3, 14, 10, 10, 2, 2, 2, 6, 6, 6, 6, 6, 7, 7, 3, 22, 3, 2, 16, 3, 6, 23, 1, 24, 24, 24, 19, 23, 23, 24, 24, 23, 24, 23, 1, 1, 1, 5, 1, 1, 1, 1, 1, 1, 1, 1, 1, 1, 1, 16, 1, 7, 17, 3, 3, 3, 3, 2, 3, 3, 1, 1, 1, 6, 5, 1, 6, 1, 1, 6, 1, 3, 9, 2, 14, 14, 1, 9, 2, 9, 2, 5, 16, 1, 1, 1, 1, 2, 1, 1, 4, 4, 3, 2, 14, 4, 4, 10, 10, 10, 10, 8, 24, 10, 4, 10, 10, 4, 3, 3, 8, 10, 10, 10, 10, 10, 10, 10, 4, 4, 10, 4, 8, 4, 10, 11, 8, 12, 11, 11, 11, 1, 2, 2, 2, 2, 2, 2, 2, 2, 2, 2, 2, 2, 25, 26, 27, 26, 2, 27, 26, 2, 27, 27, 27, 27, 27, 25, 26, 26, 27, 2, 2, 2, 2, 9, 2, 2]"
xerces,2,seed2_solution041,seed2_solution041,0.4988353702372394,3.533052268265142,0.9548134104469761,0.6157713424199199,0.4988353702372394,-3.533052268265142,0.9548134104469761,True,False,"[0, 0, 0, 0, 0, 0, 0, 0, 0, 0, 0, 0, 0, 0, 1, 2, 0, 0, 0, 3, 2, 0, 0, 0, 0, 0, 3, 0, 0, 0, 0, 0, 0, 0, 0, 0, 0, 0, 0, 0, 0, 0, 0, 0, 0, 0, 0, 0, 0, 0, 0, 0, 0, 0, 0, 0, 0, 0, 0, 0, 0, 0, 0, 0, 0, 4, 0, 0, 4, 0, 0, 0, 0, 0, 0, 5, 0, 0, 0, 0, 0, 0, 0, 0, 0, 0, 0, 0, 0, 0, 0, 0, 0, 0, 0, 0, 0, 0, 0, 0, 5, 0, 6, 0, 0, 0, 7, 8, 5, 1, 1, 7, 0, 5, 7, 7, 7, 7, 9, 1, 7, 6, 6, 7, 6, 9, 7, 7, 7, 6, 9, 3, 6, 6, 6, 7, 6, 7, 6, 6, 7, 5, 7, 7, 6, 7, 1, 1, 9, 7, 1, 9, 9, 1, 1, 7, 1, 1, 1, 6, 8, 1, 1, 1, 1, 10, 9, 1, 1, 6, 1, 1, 1, 1, 1, 10, 11, 11, 10, 12, 10, 1, 8, 1, 1, 1, 1, 10, 1, 11, 13, 9, 9, 11, 12, 9, 9, 9, 11, 9, 12, 12, 9, 5, 13, 12, 8, 13, 13, 13, 11, 13, 13, 13, 10, 13, 13, 13, 13, 12, 13, 11, 13, 13, 13, 13, 13, 13, 11, 4, 12, 13, 13, 13, 13, 10, 13, 13, 10, 13, 13, 13, 8, 13, 10, 11, 10, 10, 13, 13, 13, 13, 12, 10, 13, 13, 12, 13, 1, 12, 12, 10, 13, 10, 13, 13, 12, 10, 4, 12, 12, 12, 10, 12, 12, 14, 13, 13, 13, 7, 7, 5, 6, 6, 6, 1, 4, 4, 1, 4, 15, 15, 16, 16, 15, 13, 13, 16, 16, 16, 15, 13, 15, 16, 16, 15, 17, 17, 15, 15, 15, 15, 16, 15, 15, 15, 15, 16, 15, 15, 15, 16, 15, 15, 16, 15, 13, 17, 16, 15, 17, 17, 15, 8, 4, 3, 5, 12, 10, 12, 12, 13, 12, 12, 17, 12, 4, 8, 3, 3, 4, 4, 4, 4, 4, 5, 5, 5, 4, 4, 10, 4, 8, 12, 12, 14, 12, 12, 12, 11, 12, 8, 10, 8, 3, 11, 1, 12, 12, 12, 11, 12, 11, 4, 4, 14, 5, 4, 4, 4, 4, 5, 4, 5, 4, 11, 12, 11, 10, 10, 11, 11, 4, 11, 11, 8, 16, 14, 16, 14, 14, 1, 14, 14, 14, 16, 14, 14, 14, 1, 16, 11, 8, 11, 2, 12, 14, 8, 4, 11, 11, 12, 11, 12, 12, 11, 4, 8, 11, 11, 12, 3, 14, 3, 12, 8, 12, 11, 12, 12, 13, 4, 10, 5, 13, 11, 12, 12, 12, 3, 11, 12, 12, 10, 12, 12, 12, 12, 12, 14, 16, 14, 17, 1, 1, 3, 1, 1, 1, 1, 14, 16, 14, 1, 1, 1, 18, 18, 17, 19, 19, 18, 17, 18, 3, 6, 1, 0, 2, 2, 3, 3, 14, 3, 3, 3, 3, 3, 4, 1, 1, 1, 1, 1, 4, 4, 4, 4, 8, 14, 4, 14, 14, 14, 14, 14, 3, 3, 3, 3, 3, 16, 18, 0, 19, 14, 7, 14, 1, 1, 3, 3, 3, 12, 14, 14, 1, 1, 10, 1, 1, 1, 1, 3, 3, 14, 3, 3, 3, 3, 1, 1, 3, 3, 3, 3, 3, 3, 3, 3, 3, 2, 1, 1, 1, 1, 1, 1, 1, 3, 3, 14, 3, 3, 14, 3, 20, 20, 10, 10, 20, 20, 10, 20, 20, 20, 20, 10, 10, 20, 20, 21, 20, 20, 21, 21, 20, 20, 10, 3, 21, 21, 20, 21, 22, 3, 14, 22, 3, 12, 11, 18, 14, 2, 3, 14, 1, 4, 14, 3, 1, 14, 14, 6, 2, 2, 1, 2, 3, 2, 4, 3, 2, 2, 2, 2, 18, 14, 12, 11, 2, 2, 2, 5, 6, 6, 5, 7, 7, 6, 3, 22, 3, 2, 14, 3, 9, 23, 1, 24, 23, 24, 18, 24, 18, 25, 24, 19, 25, 19, 1, 1, 1, 1, 1, 1, 1, 1, 1, 1, 1, 1, 1, 1, 1, 14, 1, 7, 14, 3, 3, 3, 3, 3, 3, 2, 1, 1, 1, 1, 1, 1, 6, 1, 1, 1, 1, 3, 1, 3, 14, 16, 1, 2, 2, 2, 2, 1, 14, 1, 1, 1, 1, 2, 1, 1, 5, 5, 8, 3, 19, 5, 4, 12, 10, 12, 8, 12, 25, 4, 5, 4, 12, 5, 3, 3, 11, 11, 8, 10, 12, 12, 8, 12, 11, 12, 11, 12, 4, 4, 4, 13, 12, 13, 13, 13, 13, 1, 2, 2, 2, 2, 2, 2, 2, 2, 2, 2, 2, 2, 21, 12, 26, 26, 2, 25, 27, 2, 26, 26, 26, 26, 26, 27, 27, 27, 27, 2, 2, 2, 2, 2, 2, 2]"
xerces,2,seed2_solution042,seed2_solution042,0.5041265276779295,3.5209931300929695,0.9368077063044901,0.6456186468844516,0.5041265276779295,-3.5209931300929695,0.9368077063044901,True,False,"[0, 0, 0, 0, 0, 0, 0, 0, 0, 0, 0, 0, 0, 0, 1, 2, 0, 0, 0, 3, 2, 0, 0, 0, 0, 0, 2, 0, 0, 0, 0, 0, 0, 0, 0, 0, 0, 0, 0, 0, 0, 0, 0, 0, 0, 0, 0, 0, 0, 0, 0, 0, 0, 0, 0, 0, 0, 0, 0, 0, 0, 0, 0, 0, 0, 4, 0, 0, 4, 0, 0, 0, 0, 0, 0, 0, 0, 0, 0, 0, 0, 0, 0, 0, 0, 0, 0, 0, 0, 0, 0, 0, 0, 0, 0, 0, 0, 0, 0, 0, 5, 0, 6, 0, 0, 0, 5, 6, 5, 1, 1, 7, 0, 8, 7, 7, 8, 8, 7, 1, 7, 7, 7, 7, 7, 7, 7, 7, 7, 5, 7, 3, 7, 7, 7, 7, 7, 7, 8, 7, 7, 8, 7, 7, 7, 7, 1, 1, 7, 6, 1, 7, 5, 1, 1, 6, 1, 1, 1, 7, 9, 1, 1, 1, 1, 3, 7, 1, 1, 7, 1, 1, 1, 1, 1, 9, 9, 10, 9, 9, 9, 1, 9, 1, 8, 1, 1, 11, 1, 12, 12, 10, 11, 12, 10, 10, 11, 10, 10, 13, 10, 10, 10, 4, 10, 9, 9, 14, 13, 14, 14, 14, 14, 14, 14, 12, 10, 15, 16, 13, 10, 10, 10, 14, 14, 10, 10, 4, 14, 4, 12, 12, 14, 14, 14, 14, 12, 10, 14, 16, 16, 14, 12, 12, 16, 12, 10, 14, 14, 14, 14, 14, 9, 16, 14, 14, 12, 14, 8, 9, 14, 10, 14, 14, 14, 10, 14, 11, 11, 12, 12, 9, 14, 4, 12, 14, 12, 10, 14, 5, 6, 7, 5, 17, 7, 1, 4, 10, 1, 4, 13, 18, 10, 13, 16, 16, 13, 16, 13, 16, 11, 11, 11, 15, 15, 11, 18, 13, 16, 16, 11, 16, 15, 16, 16, 18, 13, 11, 13, 13, 11, 16, 13, 16, 16, 16, 11, 15, 11, 11, 15, 15, 16, 4, 4, 3, 4, 14, 9, 11, 9, 12, 14, 9, 15, 14, 14, 13, 3, 3, 4, 4, 4, 4, 4, 4, 4, 4, 4, 4, 9, 12, 11, 12, 9, 13, 13, 14, 9, 14, 12, 9, 12, 4, 3, 14, 1, 4, 11, 13, 12, 14, 12, 4, 6, 13, 6, 3, 4, 4, 4, 13, 4, 4, 4, 9, 9, 14, 9, 11, 14, 14, 4, 14, 9, 9, 11, 18, 18, 19, 18, 1, 18, 11, 18, 15, 18, 7, 6, 6, 18, 14, 13, 9, 2, 9, 18, 12, 4, 4, 14, 12, 12, 9, 4, 13, 12, 12, 9, 12, 12, 3, 6, 3, 9, 11, 12, 12, 9, 12, 11, 4, 9, 4, 11, 14, 4, 11, 9, 3, 13, 14, 14, 9, 12, 4, 14, 10, 14, 11, 13, 18, 18, 1, 1, 3, 1, 1, 1, 1, 13, 18, 6, 1, 1, 1, 18, 17, 19, 17, 17, 19, 20, 17, 3, 1, 1, 0, 2, 3, 18, 3, 13, 3, 3, 3, 3, 3, 4, 1, 1, 1, 1, 1, 4, 4, 4, 6, 18, 18, 18, 18, 18, 16, 13, 18, 3, 3, 3, 3, 3, 15, 19, 0, 20, 15, 6, 18, 1, 1, 3, 3, 2, 3, 11, 15, 1, 1, 20, 1, 1, 1, 1, 3, 3, 11, 3, 3, 3, 3, 1, 1, 3, 3, 3, 3, 3, 3, 3, 3, 3, 2, 1, 1, 1, 1, 1, 1, 1, 3, 3, 11, 3, 3, 18, 3, 20, 21, 20, 20, 20, 21, 21, 20, 20, 22, 21, 20, 21, 20, 20, 21, 20, 20, 23, 21, 21, 21, 20, 1, 21, 21, 21, 21, 21, 3, 18, 23, 3, 11, 12, 17, 18, 2, 3, 6, 1, 6, 18, 3, 1, 18, 13, 7, 2, 2, 1, 2, 2, 2, 15, 3, 2, 2, 2, 2, 3, 11, 11, 12, 2, 2, 2, 7, 7, 7, 5, 7, 7, 8, 3, 23, 2, 3, 13, 3, 7, 24, 1, 24, 20, 25, 20, 24, 12, 25, 11, 20, 25, 20, 1, 1, 1, 1, 1, 1, 1, 1, 1, 1, 1, 1, 1, 1, 1, 15, 1, 7, 11, 3, 3, 3, 3, 3, 3, 2, 1, 1, 6, 1, 1, 1, 7, 12, 1, 1, 1, 3, 1, 3, 13, 18, 1, 2, 2, 2, 2, 1, 18, 6, 1, 1, 1, 2, 1, 6, 4, 6, 4, 3, 18, 4, 4, 9, 11, 12, 12, 14, 24, 4, 4, 4, 12, 4, 3, 3, 9, 12, 12, 9, 9, 9, 24, 12, 12, 4, 12, 12, 9, 4, 14, 14, 12, 14, 14, 10, 14, 1, 2, 2, 2, 2, 2, 2, 2, 2, 2, 2, 2, 2, 22, 22, 26, 26, 2, 11, 12, 2, 27, 22, 27, 26, 22, 26, 26, 27, 26, 2, 2, 2, 2, 2, 2, 2]"
xerces,2,seed2_solution043,seed2_solution043,0.5206613946800863,3.7158439896056685,0.9035591041809568,0.6547314411456426,0.5206613946800863,-3.7158439896056685,0.9035591041809568,True,False,"[0, 0, 0, 0, 0, 0, 0, 0, 0, 0, 0, 0, 0, 0, 1, 2, 0, 0, 0, 3, 2, 0, 0, 0, 0, 0, 2, 0, 0, 0, 0, 0, 0, 0, 0, 0, 0, 0, 0, 0, 0, 0, 0, 0, 0, 0, 0, 0, 0, 0, 0, 0, 0, 0, 0, 0, 0, 0, 0, 0, 0, 0, 0, 0, 0, 4, 0, 0, 4, 0, 0, 0, 0, 0, 0, 5, 0, 0, 0, 0, 0, 0, 0, 0, 0, 0, 0, 0, 0, 0, 0, 0, 0, 0, 0, 0, 0, 0, 0, 0, 5, 0, 6, 0, 0, 0, 5, 6, 5, 1, 1, 5, 0, 7, 8, 7, 8, 5, 7, 6, 7, 7, 8, 7, 8, 7, 5, 5, 7, 5, 8, 3, 7, 7, 6, 7, 8, 7, 8, 7, 7, 5, 7, 8, 7, 7, 1, 1, 7, 6, 1, 7, 7, 1, 1, 6, 1, 1, 1, 6, 9, 1, 1, 1, 1, 3, 7, 10, 1, 7, 1, 1, 1, 1, 1, 10, 10, 11, 9, 9, 9, 1, 9, 1, 1, 1, 1, 12, 1, 13, 13, 11, 11, 13, 11, 11, 12, 11, 11, 14, 11, 14, 11, 4, 11, 9, 9, 15, 14, 10, 11, 13, 16, 10, 10, 13, 11, 10, 15, 13, 11, 11, 10, 10, 11, 10, 10, 4, 11, 4, 13, 10, 10, 10, 11, 10, 10, 10, 10, 15, 10, 13, 9, 10, 10, 9, 10, 10, 13, 13, 10, 15, 13, 10, 15, 15, 13, 11, 1, 9, 13, 10, 11, 10, 11, 10, 13, 13, 4, 9, 10, 13, 10, 4, 12, 14, 13, 11, 11, 8, 6, 7, 8, 5, 7, 1, 4, 4, 1, 4, 14, 17, 11, 12, 15, 12, 12, 14, 12, 12, 15, 12, 15, 15, 16, 12, 17, 17, 12, 12, 12, 15, 16, 15, 15, 15, 12, 12, 12, 15, 12, 15, 18, 15, 16, 15, 12, 16, 16, 16, 12, 16, 15, 4, 4, 3, 4, 13, 9, 13, 12, 12, 13, 13, 16, 10, 10, 9, 3, 3, 4, 4, 4, 4, 4, 4, 4, 6, 4, 4, 9, 10, 9, 10, 13, 14, 13, 13, 9, 9, 13, 9, 10, 6, 3, 10, 1, 13, 13, 14, 13, 13, 9, 4, 4, 14, 6, 4, 4, 4, 4, 12, 4, 4, 4, 9, 13, 10, 9, 12, 9, 10, 4, 10, 9, 9, 14, 19, 16, 18, 14, 1, 17, 16, 17, 16, 16, 17, 16, 6, 14, 10, 9, 9, 2, 13, 17, 14, 4, 9, 9, 9, 10, 9, 4, 14, 4, 9, 9, 13, 9, 3, 17, 3, 13, 9, 13, 13, 9, 13, 12, 4, 10, 4, 12, 13, 13, 12, 9, 3, 13, 10, 10, 9, 13, 4, 13, 11, 10, 14, 14, 17, 17, 1, 1, 3, 1, 1, 1, 1, 16, 16, 6, 1, 1, 1, 17, 18, 17, 17, 16, 18, 19, 20, 3, 8, 1, 0, 2, 3, 3, 3, 17, 3, 3, 3, 3, 3, 4, 1, 1, 7, 1, 1, 4, 4, 4, 4, 17, 17, 17, 17, 17, 15, 17, 17, 3, 3, 3, 3, 3, 16, 18, 0, 19, 16, 6, 18, 1, 7, 3, 3, 3, 3, 16, 16, 4, 1, 19, 1, 1, 6, 1, 3, 3, 16, 3, 3, 3, 3, 1, 1, 3, 3, 3, 3, 3, 3, 3, 3, 3, 2, 1, 1, 1, 1, 1, 1, 1, 3, 3, 17, 3, 3, 17, 3, 21, 21, 20, 19, 20, 20, 20, 0, 20, 21, 21, 18, 20, 21, 21, 21, 20, 20, 21, 21, 21, 20, 20, 3, 21, 21, 21, 21, 22, 2, 6, 22, 3, 13, 4, 18, 17, 2, 3, 17, 1, 17, 18, 3, 1, 17, 14, 8, 2, 2, 1, 2, 2, 2, 14, 3, 2, 2, 2, 2, 3, 15, 13, 9, 2, 2, 2, 7, 8, 8, 5, 7, 7, 8, 3, 22, 3, 2, 16, 3, 7, 23, 1, 24, 23, 24, 19, 24, 13, 13, 20, 19, 19, 19, 1, 1, 1, 1, 1, 1, 1, 1, 1, 6, 1, 1, 1, 1, 1, 16, 1, 5, 17, 3, 3, 3, 3, 3, 3, 2, 1, 6, 16, 8, 1, 1, 7, 1, 1, 1, 1, 3, 1, 3, 17, 16, 1, 2, 2, 2, 2, 1, 17, 6, 1, 1, 1, 2, 1, 1, 4, 4, 4, 3, 19, 4, 4, 9, 13, 12, 9, 13, 25, 9, 4, 4, 14, 4, 3, 3, 9, 13, 9, 14, 9, 13, 9, 13, 11, 13, 13, 9, 13, 4, 9, 16, 9, 13, 13, 10, 10, 1, 2, 3, 13, 2, 2, 2, 2, 2, 2, 2, 3, 2, 25, 13, 26, 26, 2, 25, 26, 2, 26, 25, 25, 26, 25, 26, 26, 27, 26, 2, 2, 2, 2, 2, 2, 2]"
xerces,2,seed2_solution045,seed2_solution045,0.5359309849029475,8.800860221756992,0.9149456203683033,0.6366973103298305,0.5359309849029475,-8.800860221756992,0.9149456203683033,True,False,"[0, 0, 0, 0, 0, 0, 0, 0, 0, 0, 0, 0, 0, 0, 1, 2, 0, 0, 0, 3, 2, 0, 0, 0, 0, 0, 2, 0, 0, 0, 0, 0, 0, 0, 0, 0, 0, 0, 0, 0, 0, 0, 0, 0, 0, 0, 0, 0, 0, 0, 0, 0, 0, 0, 0, 0, 0, 0, 0, 0, 0, 0, 0, 0, 0, 4, 0, 0, 4, 0, 0, 0, 0, 0, 0, 5, 0, 0, 0, 0, 0, 0, 0, 0, 0, 0, 0, 0, 0, 0, 0, 0, 0, 0, 0, 0, 0, 0, 0, 0, 5, 0, 6, 0, 0, 0, 6, 6, 5, 1, 1, 5, 0, 7, 8, 8, 8, 5, 9, 6, 9, 8, 8, 9, 8, 9, 8, 8, 9, 8, 8, 3, 8, 8, 8, 9, 8, 9, 8, 8, 9, 5, 8, 8, 9, 8, 1, 1, 9, 6, 1, 9, 9, 1, 1, 6, 1, 1, 1, 6, 7, 1, 1, 1, 1, 3, 9, 1, 1, 8, 1, 1, 1, 1, 1, 10, 10, 11, 10, 10, 10, 1, 7, 1, 1, 1, 1, 10, 1, 11, 12, 12, 11, 11, 12, 11, 12, 12, 11, 12, 12, 12, 11, 5, 13, 11, 7, 13, 14, 10, 11, 13, 15, 13, 10, 13, 13, 10, 16, 11, 13, 11, 10, 10, 13, 13, 13, 4, 11, 4, 11, 10, 13, 10, 13, 10, 10, 10, 10, 13, 13, 13, 7, 10, 10, 11, 10, 10, 12, 13, 13, 13, 12, 10, 16, 16, 12, 13, 1, 11, 12, 10, 11, 10, 11, 13, 12, 10, 4, 7, 10, 12, 10, 4, 13, 14, 13, 13, 13, 8, 6, 8, 8, 8, 8, 1, 4, 4, 1, 5, 16, 16, 16, 15, 16, 13, 13, 14, 16, 15, 16, 13, 15, 15, 15, 13, 17, 17, 13, 15, 16, 16, 15, 15, 15, 16, 16, 15, 13, 16, 16, 15, 16, 16, 15, 16, 13, 16, 15, 15, 16, 17, 15, 5, 4, 3, 5, 12, 10, 11, 13, 13, 10, 12, 17, 10, 10, 7, 3, 3, 4, 4, 4, 4, 4, 5, 5, 5, 5, 4, 10, 10, 7, 11, 11, 14, 12, 12, 11, 11, 12, 7, 10, 5, 3, 11, 1, 12, 12, 10, 11, 11, 11, 14, 5, 14, 5, 4, 4, 4, 4, 5, 4, 5, 5, 10, 12, 11, 10, 10, 10, 10, 4, 11, 7, 7, 14, 14, 15, 18, 14, 1, 14, 14, 14, 15, 15, 8, 4, 1, 14, 11, 7, 11, 2, 11, 17, 7, 11, 11, 11, 11, 11, 7, 5, 11, 10, 7, 11, 11, 7, 3, 17, 3, 12, 7, 12, 11, 7, 12, 13, 5, 10, 5, 13, 11, 12, 11, 10, 3, 11, 10, 10, 10, 12, 4, 12, 12, 11, 14, 14, 14, 17, 1, 1, 3, 1, 1, 1, 1, 15, 15, 4, 1, 1, 1, 17, 18, 17, 19, 19, 18, 18, 18, 3, 8, 1, 0, 2, 3, 3, 3, 14, 3, 3, 3, 3, 3, 4, 1, 1, 9, 1, 1, 5, 5, 5, 5, 7, 4, 4, 17, 17, 14, 17, 4, 3, 3, 3, 3, 3, 15, 18, 0, 19, 14, 6, 18, 1, 1, 3, 3, 3, 12, 14, 4, 1, 1, 20, 1, 1, 9, 1, 3, 3, 14, 3, 3, 3, 3, 1, 1, 3, 3, 3, 3, 3, 3, 3, 3, 3, 2, 1, 1, 1, 1, 1, 1, 1, 3, 3, 14, 3, 3, 14, 3, 20, 20, 20, 20, 20, 20, 20, 0, 20, 20, 21, 18, 20, 20, 20, 21, 20, 20, 21, 21, 20, 20, 20, 3, 21, 21, 21, 21, 21, 3, 14, 22, 3, 12, 11, 18, 4, 2, 3, 4, 1, 4, 18, 3, 1, 14, 14, 8, 2, 2, 1, 2, 2, 2, 4, 3, 2, 2, 2, 2, 3, 14, 12, 11, 2, 2, 2, 9, 8, 8, 5, 1, 8, 8, 3, 22, 3, 2, 15, 3, 9, 23, 1, 24, 23, 24, 18, 24, 18, 18, 14, 19, 19, 19, 1, 1, 1, 1, 1, 1, 1, 1, 1, 1, 1, 1, 1, 1, 1, 14, 1, 5, 14, 3, 3, 3, 3, 3, 3, 2, 1, 9, 1, 8, 1, 1, 8, 1, 1, 1, 1, 3, 1, 3, 14, 15, 1, 2, 2, 2, 2, 1, 4, 6, 1, 1, 1, 2, 1, 1, 5, 5, 5, 3, 19, 5, 5, 11, 10, 11, 7, 12, 24, 7, 5, 4, 11, 5, 3, 3, 11, 11, 7, 10, 7, 12, 7, 12, 11, 12, 11, 11, 11, 4, 10, 13, 11, 12, 12, 10, 10, 1, 2, 2, 2, 2, 2, 2, 2, 2, 2, 2, 2, 2, 25, 12, 26, 26, 2, 25, 26, 2, 26, 25, 25, 26, 25, 27, 26, 27, 27, 2, 2, 2, 2, 2, 2, 2]"
xerces,2,seed2_solution047,seed2_solution047,0.5505391804457225,2.2369642194910524,0.8893228919400542,0.6738563249393428,0.5505391804457225,-2.2369642194910524,0.8893228919400542,True,False,"[0, 0, 0, 0, 0, 0, 0, 0, 0, 0, 0, 0, 0, 0, 1, 2, 0, 0, 0, 3, 2, 0, 0, 0, 0, 0, 2, 0, 0, 0, 0, 0, 0, 0, 0, 0, 0, 0, 0, 0, 0, 0, 0, 0, 0, 0, 0, 0, 0, 0, 0, 0, 0, 0, 0, 0, 0, 0, 0, 0, 0, 0, 0, 0, 0, 4, 0, 0, 4, 0, 0, 0, 0, 0, 0, 0, 0, 0, 0, 0, 0, 0, 0, 0, 0, 0, 0, 0, 0, 0, 0, 0, 0, 0, 0, 0, 0, 0, 0, 0, 5, 0, 6, 0, 0, 0, 5, 6, 5, 1, 1, 7, 0, 8, 7, 7, 8, 5, 7, 1, 7, 7, 8, 7, 7, 7, 7, 5, 7, 5, 7, 3, 7, 7, 7, 7, 8, 7, 8, 7, 7, 5, 7, 8, 7, 7, 1, 1, 7, 6, 1, 7, 7, 1, 1, 6, 1, 1, 1, 7, 9, 1, 1, 1, 1, 3, 7, 10, 1, 7, 1, 1, 1, 1, 1, 9, 9, 11, 9, 9, 9, 1, 9, 1, 8, 1, 1, 12, 1, 13, 13, 11, 11, 12, 11, 10, 12, 10, 10, 13, 11, 14, 11, 4, 10, 9, 9, 15, 14, 10, 14, 14, 14, 14, 14, 16, 10, 15, 17, 13, 11, 11, 10, 10, 14, 10, 10, 4, 11, 4, 12, 10, 14, 10, 14, 10, 12, 10, 10, 17, 10, 14, 12, 10, 10, 9, 10, 14, 13, 13, 10, 15, 13, 10, 14, 15, 13, 11, 8, 9, 14, 10, 11, 14, 11, 10, 14, 11, 11, 12, 12, 9, 14, 4, 12, 14, 13, 11, 11, 5, 6, 7, 8, 18, 7, 1, 4, 4, 1, 4, 14, 18, 11, 13, 17, 17, 12, 17, 13, 12, 15, 11, 15, 15, 17, 11, 19, 18, 17, 12, 11, 17, 17, 15, 17, 15, 13, 12, 13, 15, 11, 17, 13, 15, 17, 15, 11, 17, 11, 11, 15, 15, 17, 4, 4, 3, 4, 14, 9, 11, 12, 12, 14, 13, 17, 14, 10, 9, 3, 3, 4, 4, 4, 4, 4, 4, 4, 4, 4, 4, 9, 10, 9, 12, 9, 13, 13, 13, 9, 14, 12, 9, 12, 4, 3, 14, 1, 13, 11, 13, 13, 13, 9, 4, 6, 14, 6, 3, 4, 4, 4, 13, 4, 4, 4, 9, 13, 14, 9, 12, 9, 10, 4, 14, 9, 9, 14, 19, 19, 19, 19, 1, 18, 11, 19, 15, 17, 18, 17, 6, 14, 14, 9, 9, 2, 13, 18, 14, 4, 9, 14, 9, 10, 9, 4, 14, 4, 9, 9, 13, 12, 3, 6, 3, 13, 9, 12, 13, 9, 12, 12, 4, 10, 4, 11, 13, 13, 11, 9, 3, 13, 10, 10, 9, 12, 4, 14, 10, 14, 14, 13, 19, 18, 1, 1, 3, 1, 1, 1, 1, 17, 19, 6, 1, 1, 1, 18, 19, 18, 18, 18, 19, 20, 18, 3, 8, 1, 0, 2, 3, 3, 3, 18, 3, 3, 3, 3, 3, 4, 1, 1, 1, 1, 1, 4, 4, 4, 6, 18, 18, 19, 18, 18, 17, 18, 19, 3, 3, 3, 3, 3, 15, 21, 0, 21, 17, 6, 19, 1, 7, 3, 3, 3, 3, 11, 17, 4, 1, 20, 1, 1, 1, 1, 3, 3, 17, 3, 3, 3, 3, 1, 1, 3, 3, 3, 3, 3, 3, 3, 3, 3, 2, 1, 1, 1, 1, 1, 1, 1, 3, 3, 11, 3, 3, 18, 3, 20, 22, 20, 20, 20, 20, 22, 0, 20, 22, 22, 19, 20, 20, 22, 22, 20, 20, 22, 22, 22, 22, 20, 3, 22, 22, 22, 22, 16, 2, 19, 16, 3, 13, 12, 23, 19, 2, 3, 18, 1, 6, 19, 3, 1, 18, 13, 8, 2, 2, 1, 2, 2, 2, 14, 3, 2, 2, 2, 2, 3, 15, 11, 9, 2, 2, 2, 7, 7, 7, 5, 7, 7, 8, 8, 16, 2, 2, 17, 3, 7, 24, 1, 25, 20, 25, 21, 24, 12, 13, 11, 21, 25, 20, 1, 1, 1, 1, 1, 1, 1, 1, 1, 1, 1, 1, 1, 1, 1, 17, 1, 5, 11, 3, 3, 3, 3, 3, 3, 2, 1, 6, 17, 1, 1, 1, 7, 1, 1, 1, 1, 12, 1, 3, 18, 19, 1, 2, 2, 2, 2, 1, 19, 6, 1, 1, 1, 2, 1, 6, 4, 4, 4, 3, 21, 4, 4, 9, 13, 12, 12, 14, 26, 9, 4, 4, 14, 4, 3, 3, 9, 13, 9, 9, 9, 9, 9, 12, 11, 4, 13, 12, 13, 4, 14, 17, 12, 14, 14, 10, 10, 1, 2, 2, 2, 2, 2, 2, 2, 2, 2, 2, 3, 2, 26, 26, 27, 27, 2, 11, 27, 2, 27, 26, 23, 27, 26, 27, 27, 23, 27, 2, 2, 2, 2, 2, 2, 2]"
xerces,2,seed2_solution048,seed2_solution048,0.550625449317038,2.2308792837549545,0.8877058410630925,0.6738563249393428,0.550625449317038,-2.2308792837549545,0.8877058410630925,True,False,"[0, 0, 0, 0, 0, 0, 0, 0, 0, 0, 0, 0, 0, 0, 1, 2, 0, 0, 0, 3, 2, 0, 0, 0, 0, 0, 2, 0, 0, 0, 0, 0, 0, 0, 0, 0, 0, 0, 0, 0, 0, 0, 0, 0, 0, 0, 0, 0, 0, 0, 0, 0, 0, 0, 0, 0, 0, 0, 0, 0, 0, 0, 0, 0, 0, 4, 0, 0, 4, 0, 0, 0, 0, 0, 0, 0, 0, 0, 0, 0, 0, 0, 0, 0, 0, 0, 0, 0, 0, 0, 0, 0, 0, 0, 0, 0, 0, 0, 0, 0, 5, 0, 6, 0, 0, 0, 5, 6, 5, 1, 1, 7, 0, 8, 7, 7, 8, 5, 7, 1, 7, 7, 8, 7, 7, 7, 7, 5, 7, 5, 7, 3, 7, 7, 7, 7, 8, 7, 8, 7, 7, 5, 7, 8, 7, 7, 1, 1, 7, 6, 1, 7, 7, 1, 1, 6, 1, 1, 1, 7, 9, 1, 1, 1, 1, 3, 7, 10, 1, 7, 1, 1, 1, 1, 1, 9, 9, 11, 9, 9, 9, 1, 9, 1, 8, 1, 1, 12, 1, 13, 13, 11, 11, 12, 11, 10, 12, 10, 10, 13, 11, 14, 11, 4, 10, 9, 9, 15, 14, 10, 14, 14, 14, 14, 14, 16, 10, 15, 17, 13, 11, 11, 10, 10, 14, 10, 10, 4, 11, 4, 12, 10, 14, 10, 14, 10, 12, 10, 10, 17, 10, 14, 12, 10, 10, 9, 10, 14, 13, 13, 10, 15, 13, 10, 14, 15, 13, 11, 8, 9, 14, 10, 11, 14, 11, 10, 14, 11, 11, 12, 12, 9, 14, 4, 12, 14, 13, 11, 11, 5, 6, 7, 8, 18, 7, 1, 4, 4, 1, 4, 14, 18, 11, 13, 17, 17, 12, 17, 13, 12, 15, 11, 15, 15, 17, 11, 19, 18, 17, 12, 11, 17, 17, 15, 17, 15, 13, 12, 13, 15, 11, 17, 13, 15, 17, 15, 11, 17, 11, 11, 15, 15, 17, 4, 4, 3, 4, 14, 9, 11, 12, 12, 14, 13, 17, 14, 10, 9, 3, 3, 4, 4, 4, 4, 4, 4, 4, 4, 4, 4, 9, 10, 9, 12, 9, 13, 13, 13, 9, 14, 12, 9, 12, 4, 3, 14, 1, 13, 11, 13, 13, 13, 9, 4, 6, 14, 6, 3, 4, 4, 4, 13, 4, 4, 4, 9, 13, 14, 9, 12, 9, 10, 4, 14, 9, 5, 14, 19, 19, 19, 19, 1, 18, 11, 19, 15, 17, 18, 17, 6, 14, 14, 9, 9, 2, 13, 18, 14, 4, 9, 14, 9, 10, 9, 4, 14, 4, 9, 9, 13, 12, 3, 6, 3, 13, 9, 12, 13, 9, 12, 12, 4, 10, 4, 11, 13, 13, 11, 9, 3, 13, 10, 10, 9, 12, 4, 14, 10, 14, 14, 13, 19, 18, 1, 1, 3, 1, 1, 1, 1, 17, 19, 6, 1, 1, 1, 18, 19, 18, 18, 18, 19, 20, 18, 3, 8, 1, 0, 2, 3, 3, 3, 18, 3, 3, 3, 3, 3, 4, 1, 1, 1, 1, 1, 4, 4, 4, 6, 18, 18, 19, 18, 18, 17, 18, 19, 3, 3, 3, 3, 3, 15, 21, 0, 21, 17, 6, 19, 1, 7, 3, 3, 3, 3, 11, 17, 4, 1, 20, 1, 1, 1, 1, 3, 3, 17, 3, 3, 3, 3, 1, 1, 3, 3, 3, 3, 3, 3, 3, 3, 3, 2, 1, 1, 1, 1, 1, 1, 1, 3, 3, 11, 3, 3, 18, 3, 20, 22, 20, 20, 20, 20, 22, 0, 20, 22, 22, 19, 20, 20, 22, 22, 20, 20, 22, 22, 22, 22, 20, 3, 22, 22, 22, 22, 16, 2, 19, 16, 3, 13, 12, 23, 19, 2, 3, 18, 1, 6, 19, 3, 1, 18, 13, 8, 2, 2, 1, 2, 2, 2, 14, 3, 2, 2, 2, 2, 3, 15, 11, 9, 2, 2, 2, 7, 7, 7, 5, 7, 7, 8, 8, 16, 2, 2, 17, 3, 7, 24, 1, 25, 20, 25, 21, 24, 12, 13, 11, 21, 25, 20, 1, 1, 1, 1, 1, 1, 1, 1, 1, 1, 1, 1, 1, 1, 1, 17, 1, 5, 11, 3, 3, 3, 3, 3, 3, 2, 1, 6, 17, 1, 1, 1, 7, 1, 1, 1, 1, 12, 1, 3, 18, 19, 1, 2, 2, 2, 2, 1, 19, 6, 1, 1, 1, 2, 1, 6, 4, 4, 4, 3, 21, 4, 4, 9, 13, 12, 12, 14, 26, 9, 4, 4, 14, 4, 3, 3, 9, 13, 9, 9, 9, 9, 9, 12, 11, 4, 13, 12, 13, 4, 14, 17, 12, 14, 14, 10, 10, 1, 2, 2, 2, 2, 2, 2, 2, 2, 2, 2, 3, 2, 26, 26, 27, 27, 2, 11, 27, 2, 27, 26, 23, 27, 26, 27, 27, 23, 27, 2, 2, 2, 2, 2, 2, 2]"
xerces,2,seed2_solution049,seed2_solution049,0.5564054636951833,0.8084008210415271,0.865531209687323,0.7000223328834226,0.5564054636951833,-0.8084008210415271,0.865531209687323,True,False,"[0, 0, 0, 0, 0, 0, 0, 0, 0, 0, 0, 0, 0, 0, 1, 2, 0, 0, 0, 3, 2, 0, 0, 0, 0, 0, 3, 0, 0, 2, 0, 0, 0, 0, 0, 0, 0, 0, 0, 0, 0, 0, 0, 0, 0, 0, 0, 0, 0, 0, 0, 0, 0, 0, 0, 0, 0, 0, 0, 0, 0, 0, 0, 0, 0, 4, 0, 0, 4, 0, 0, 0, 0, 0, 0, 0, 0, 0, 0, 0, 0, 0, 0, 0, 0, 0, 0, 0, 0, 0, 0, 0, 0, 0, 0, 0, 0, 0, 0, 0, 5, 0, 6, 0, 0, 0, 5, 6, 5, 1, 1, 7, 0, 7, 6, 8, 8, 5, 9, 1, 8, 8, 8, 8, 8, 8, 8, 5, 8, 6, 8, 3, 8, 8, 6, 8, 7, 8, 6, 6, 6, 5, 8, 7, 8, 8, 1, 1, 8, 6, 1, 8, 8, 1, 1, 6, 1, 1, 1, 8, 9, 1, 1, 1, 1, 3, 6, 10, 1, 6, 1, 6, 1, 1, 1, 9, 9, 11, 9, 9, 7, 9, 9, 1, 1, 1, 1, 10, 1, 7, 11, 12, 12, 10, 11, 12, 12, 10, 10, 12, 12, 13, 12, 4, 10, 9, 10, 14, 12, 10, 11, 13, 11, 6, 13, 11, 11, 14, 15, 10, 11, 11, 11, 10, 13, 11, 12, 11, 12, 4, 12, 10, 13, 11, 13, 10, 11, 12, 11, 11, 11, 13, 12, 11, 10, 10, 12, 13, 11, 16, 10, 11, 16, 16, 13, 11, 11, 11, 1, 9, 11, 10, 11, 13, 11, 12, 10, 10, 11, 10, 12, 9, 11, 4, 4, 10, 11, 11, 11, 5, 6, 8, 7, 6, 8, 1, 4, 4, 1, 4, 13, 13, 11, 16, 14, 14, 13, 16, 13, 12, 14, 14, 14, 14, 15, 11, 17, 14, 15, 12, 11, 16, 14, 14, 15, 14, 16, 16, 16, 14, 11, 14, 16, 16, 15, 14, 14, 18, 11, 16, 18, 14, 15, 4, 4, 3, 4, 7, 9, 7, 12, 12, 10, 16, 15, 13, 12, 10, 3, 3, 4, 4, 4, 4, 4, 4, 4, 4, 4, 4, 10, 10, 9, 12, 10, 10, 10, 7, 9, 13, 10, 10, 12, 4, 3, 13, 1, 16, 11, 16, 10, 10, 10, 4, 6, 13, 6, 4, 4, 4, 4, 7, 4, 4, 4, 11, 7, 13, 7, 7, 7, 10, 4, 13, 9, 7, 13, 13, 17, 15, 17, 1, 18, 11, 18, 14, 15, 18, 15, 6, 13, 13, 9, 7, 2, 16, 19, 4, 4, 7, 13, 9, 10, 10, 10, 13, 4, 9, 7, 16, 12, 3, 15, 3, 10, 9, 7, 7, 9, 7, 12, 4, 10, 4, 11, 16, 10, 11, 9, 3, 7, 10, 10, 9, 10, 7, 13, 10, 13, 15, 18, 17, 15, 1, 1, 3, 1, 1, 1, 1, 13, 13, 18, 1, 1, 1, 19, 17, 15, 19, 19, 17, 17, 19, 2, 7, 1, 0, 2, 2, 3, 3, 17, 3, 3, 3, 3, 3, 4, 1, 6, 1, 1, 1, 4, 4, 4, 4, 19, 13, 17, 19, 19, 15, 19, 18, 3, 3, 3, 3, 3, 13, 13, 0, 17, 15, 6, 17, 1, 8, 0, 2, 3, 3, 15, 15, 4, 1, 20, 1, 1, 1, 1, 3, 3, 18, 3, 3, 3, 3, 1, 1, 3, 3, 3, 3, 3, 3, 3, 3, 3, 2, 1, 9, 1, 1, 1, 1, 1, 3, 3, 18, 3, 3, 19, 3, 20, 21, 20, 20, 22, 22, 21, 15, 20, 20, 20, 17, 20, 22, 21, 21, 22, 15, 15, 22, 15, 15, 22, 1, 21, 21, 21, 22, 22, 2, 13, 21, 2, 10, 10, 23, 17, 2, 3, 19, 6, 18, 17, 3, 1, 19, 13, 7, 2, 2, 1, 2, 2, 2, 13, 3, 2, 2, 2, 9, 3, 14, 11, 9, 2, 2, 2, 8, 8, 8, 5, 8, 8, 8, 7, 18, 3, 2, 18, 3, 8, 24, 1, 24, 20, 24, 22, 23, 12, 16, 11, 22, 24, 23, 1, 1, 1, 5, 1, 1, 1, 1, 1, 1, 1, 1, 1, 1, 1, 15, 1, 8, 11, 3, 3, 3, 3, 3, 3, 2, 1, 6, 1, 6, 1, 1, 8, 1, 1, 6, 1, 12, 1, 2, 19, 17, 1, 2, 2, 9, 2, 1, 17, 6, 1, 1, 1, 2, 1, 6, 4, 4, 4, 3, 13, 4, 4, 9, 10, 12, 12, 7, 25, 9, 4, 10, 13, 4, 3, 3, 7, 10, 9, 10, 10, 10, 9, 12, 4, 4, 16, 12, 7, 4, 13, 15, 7, 13, 11, 10, 10, 1, 2, 2, 2, 2, 2, 2, 2, 2, 2, 2, 2, 2, 26, 25, 27, 25, 2, 11, 27, 2, 27, 27, 27, 27, 25, 26, 25, 25, 27, 2, 2, 2, 2, 9, 2, 2]"
xerces,2,seed2_solution050,seed2_solution050,0.568569374550683,2.9965511384957613,0.9003128897815404,0.6677491594927142,0.568569374550683,-2.9965511384957613,0.9003128897815404,True,False,"[0, 0, 0, 0, 0, 0, 0, 0, 0, 0, 0, 0, 0, 0, 1, 2, 0, 0, 0, 3, 2, 0, 0, 0, 0, 0, 3, 0, 0, 0, 0, 0, 0, 0, 0, 0, 0, 0, 0, 0, 0, 0, 0, 0, 0, 0, 0, 0, 0, 0, 0, 0, 0, 0, 0, 0, 0, 0, 0, 0, 0, 0, 0, 0, 0, 4, 0, 0, 4, 0, 0, 0, 0, 0, 0, 0, 0, 0, 0, 0, 0, 0, 0, 0, 0, 0, 0, 0, 0, 0, 0, 0, 0, 0, 0, 0, 0, 0, 0, 0, 5, 0, 6, 0, 0, 0, 5, 7, 5, 8, 9, 7, 0, 8, 5, 5, 9, 7, 9, 1, 9, 5, 5, 10, 6, 7, 5, 10, 9, 10, 11, 3, 7, 9, 9, 5, 5, 9, 10, 7, 9, 7, 5, 5, 9, 10, 1, 8, 9, 9, 1, 9, 7, 1, 1, 1, 1, 8, 1, 10, 1, 1, 1, 1, 1, 3, 7, 1, 7, 6, 1, 7, 1, 1, 1, 11, 12, 10, 11, 8, 10, 1, 8, 9, 7, 8, 1, 11, 1, 10, 13, 13, 12, 14, 12, 15, 11, 12, 12, 13, 12, 11, 12, 4, 12, 10, 14, 12, 11, 11, 15, 13, 11, 11, 11, 12, 12, 11, 11, 13, 13, 16, 12, 12, 15, 11, 11, 4, 12, 14, 10, 13, 11, 11, 11, 11, 11, 11, 12, 13, 12, 11, 10, 11, 11, 10, 11, 11, 11, 11, 11, 13, 10, 13, 12, 12, 12, 11, 1, 12, 11, 11, 13, 11, 11, 13, 12, 12, 10, 10, 8, 12, 12, 13, 13, 15, 11, 8, 12, 7, 7, 8, 10, 7, 7, 1, 4, 4, 5, 4, 15, 15, 16, 15, 16, 15, 16, 16, 15, 15, 14, 9, 12, 14, 15, 15, 14, 9, 17, 16, 16, 14, 9, 16, 14, 14, 8, 15, 15, 16, 15, 15, 16, 14, 9, 14, 17, 16, 15, 9, 17, 12, 14, 5, 4, 3, 4, 10, 10, 10, 12, 14, 8, 2, 14, 13, 7, 4, 3, 3, 4, 4, 4, 4, 4, 5, 4, 5, 4, 4, 10, 8, 10, 10, 4, 4, 11, 13, 13, 13, 10, 7, 10, 7, 3, 4, 1, 10, 10, 13, 10, 13, 4, 4, 4, 15, 4, 4, 4, 5, 4, 17, 4, 6, 6, 8, 12, 4, 6, 10, 8, 10, 4, 12, 6, 10, 18, 8, 12, 9, 16, 1, 9, 12, 12, 0, 16, 9, 17, 1, 16, 12, 4, 10, 2, 13, 16, 13, 10, 11, 10, 11, 10, 13, 4, 13, 14, 14, 8, 13, 13, 3, 17, 3, 11, 13, 12, 14, 8, 10, 4, 6, 15, 4, 10, 10, 10, 10, 14, 3, 14, 14, 13, 13, 12, 13, 13, 16, 8, 12, 15, 9, 9, 1, 1, 3, 1, 1, 1, 1, 12, 15, 12, 7, 9, 1, 17, 17, 18, 18, 19, 18, 18, 17, 3, 2, 1, 0, 2, 2, 3, 3, 12, 3, 3, 3, 3, 3, 4, 1, 1, 1, 1, 1, 4, 4, 4, 4, 12, 17, 15, 8, 16, 18, 9, 9, 3, 3, 3, 3, 2, 18, 12, 0, 19, 9, 1, 19, 1, 1, 3, 3, 3, 3, 9, 15, 1, 1, 19, 1, 1, 6, 1, 3, 3, 16, 3, 3, 3, 3, 1, 8, 3, 3, 3, 3, 3, 3, 3, 3, 3, 2, 1, 1, 1, 1, 1, 8, 8, 3, 3, 16, 3, 3, 19, 1, 20, 20, 20, 20, 19, 21, 21, 20, 20, 20, 20, 19, 19, 20, 20, 20, 20, 20, 20, 11, 20, 20, 20, 1, 11, 21, 20, 21, 22, 3, 18, 22, 3, 11, 14, 18, 19, 2, 3, 19, 1, 12, 9, 3, 8, 12, 12, 9, 2, 2, 1, 2, 3, 2, 12, 3, 2, 2, 2, 2, 3, 9, 10, 13, 2, 2, 2, 9, 8, 10, 9, 1, 5, 9, 3, 22, 3, 3, 19, 3, 7, 14, 1, 19, 18, 23, 23, 24, 24, 23, 25, 17, 23, 23, 1, 1, 1, 1, 1, 8, 1, 1, 1, 1, 1, 1, 1, 7, 1, 19, 1, 7, 9, 3, 3, 3, 3, 3, 3, 3, 1, 8, 9, 1, 8, 1, 5, 7, 1, 7, 1, 3, 1, 3, 8, 9, 1, 2, 2, 2, 2, 1, 9, 1, 1, 8, 1, 2, 8, 8, 4, 4, 7, 3, 9, 4, 4, 12, 8, 14, 14, 14, 24, 8, 4, 12, 18, 6, 3, 3, 10, 11, 8, 13, 4, 13, 14, 14, 13, 11, 10, 10, 8, 6, 10, 11, 10, 16, 11, 11, 11, 8, 2, 2, 2, 2, 2, 2, 2, 2, 2, 2, 2, 2, 25, 26, 27, 27, 2, 27, 28, 2, 6, 27, 27, 26, 25, 23, 26, 27, 26, 2, 2, 2, 2, 2, 2, 2]"
xerces,2,seed2_solution051,seed2_solution051,0.5777138749101366,8.83570641208184,0.8721943444451977,0.6874338098432868,0.5777138749101366,-8.83570641208184,0.8721943444451977,True,False,"[0, 0, 0, 0, 0, 0, 0, 0, 0, 0, 0, 0, 0, 0, 1, 2, 0, 0, 0, 3, 2, 0, 0, 0, 0, 0, 3, 0, 0, 2, 0, 0, 0, 0, 0, 0, 0, 0, 0, 0, 0, 0, 0, 0, 0, 0, 0, 0, 0, 0, 0, 0, 0, 0, 0, 0, 0, 0, 0, 0, 0, 0, 0, 0, 0, 4, 0, 0, 4, 0, 0, 0, 0, 0, 0, 0, 0, 0, 0, 0, 0, 0, 0, 0, 0, 5, 0, 0, 0, 0, 0, 0, 0, 0, 0, 0, 0, 0, 0, 0, 6, 0, 7, 0, 0, 0, 6, 7, 6, 8, 1, 5, 0, 9, 7, 9, 5, 9, 10, 7, 9, 9, 5, 9, 5, 9, 6, 6, 9, 7, 7, 3, 9, 9, 7, 9, 5, 9, 7, 9, 9, 6, 9, 5, 9, 9, 6, 1, 9, 7, 1, 7, 7, 1, 1, 1, 1, 1, 1, 7, 10, 1, 1, 1, 1, 3, 9, 11, 1, 7, 1, 1, 1, 1, 1, 11, 11, 12, 10, 5, 10, 1, 10, 1, 1, 1, 1, 8, 1, 13, 12, 12, 12, 11, 8, 12, 8, 8, 8, 8, 8, 8, 8, 4, 12, 10, 11, 14, 15, 11, 12, 12, 16, 11, 11, 13, 12, 11, 12, 11, 12, 12, 11, 11, 12, 12, 11, 12, 12, 4, 13, 12, 12, 12, 12, 11, 12, 11, 11, 12, 11, 12, 10, 11, 11, 10, 8, 12, 13, 13, 11, 14, 13, 13, 14, 14, 12, 12, 1, 11, 13, 11, 12, 11, 12, 8, 13, 13, 11, 10, 11, 13, 12, 4, 8, 11, 13, 12, 12, 9, 7, 9, 7, 6, 12, 1, 4, 4, 1, 4, 15, 17, 18, 8, 14, 14, 15, 13, 15, 8, 14, 8, 14, 14, 13, 8, 17, 17, 14, 8, 13, 14, 14, 14, 13, 14, 8, 8, 8, 14, 13, 14, 14, 13, 16, 14, 8, 16, 16, 16, 16, 16, 14, 4, 4, 3, 4, 13, 11, 13, 8, 8, 13, 13, 16, 11, 8, 10, 3, 3, 4, 4, 4, 4, 4, 4, 4, 7, 4, 4, 10, 11, 11, 5, 13, 15, 13, 13, 10, 10, 13, 11, 11, 4, 3, 11, 1, 11, 11, 15, 13, 13, 11, 4, 4, 15, 4, 4, 4, 4, 4, 8, 4, 4, 4, 12, 13, 11, 10, 8, 10, 5, 4, 5, 5, 5, 15, 19, 17, 17, 15, 1, 17, 16, 17, 16, 15, 16, 16, 7, 16, 5, 11, 10, 2, 13, 17, 4, 4, 5, 10, 10, 11, 11, 4, 11, 11, 11, 5, 13, 5, 3, 17, 3, 11, 10, 13, 13, 10, 13, 8, 4, 11, 4, 11, 13, 13, 8, 10, 3, 5, 11, 11, 5, 11, 5, 5, 12, 11, 15, 16, 17, 17, 1, 1, 3, 1, 1, 1, 1, 15, 15, 16, 1, 1, 1, 17, 20, 17, 17, 20, 19, 19, 19, 2, 5, 1, 0, 2, 2, 3, 3, 17, 3, 3, 3, 3, 3, 4, 1, 7, 9, 1, 1, 4, 4, 4, 4, 17, 15, 16, 17, 17, 15, 15, 17, 3, 3, 3, 3, 3, 16, 15, 0, 19, 17, 7, 20, 1, 9, 0, 2, 3, 2, 16, 16, 1, 21, 19, 1, 1, 7, 1, 3, 3, 16, 2, 3, 3, 3, 1, 1, 3, 3, 3, 3, 3, 3, 3, 3, 3, 2, 1, 10, 1, 1, 1, 1, 1, 3, 3, 17, 3, 3, 15, 1, 22, 23, 17, 17, 22, 22, 22, 17, 22, 22, 23, 17, 22, 23, 23, 23, 23, 22, 23, 23, 23, 17, 22, 3, 23, 23, 23, 23, 23, 3, 15, 24, 3, 11, 11, 20, 17, 2, 3, 16, 1, 17, 20, 3, 1, 17, 15, 9, 2, 2, 1, 2, 2, 2, 16, 3, 2, 2, 2, 2, 3, 15, 11, 10, 2, 2, 2, 9, 7, 7, 6, 7, 9, 9, 3, 24, 3, 2, 16, 3, 7, 25, 1, 21, 21, 21, 19, 25, 25, 13, 22, 25, 19, 19, 1, 1, 1, 1, 1, 1, 1, 1, 1, 7, 1, 1, 1, 1, 1, 16, 1, 6, 17, 3, 3, 3, 3, 2, 3, 3, 1, 7, 1, 5, 6, 1, 7, 1, 1, 1, 1, 3, 10, 3, 15, 16, 1, 10, 2, 2, 2, 6, 17, 1, 1, 1, 1, 2, 1, 1, 4, 4, 4, 2, 15, 4, 4, 10, 11, 8, 10, 13, 26, 11, 4, 11, 11, 4, 3, 3, 5, 11, 10, 11, 11, 13, 11, 11, 12, 4, 13, 10, 5, 4, 10, 16, 10, 13, 13, 12, 11, 1, 2, 2, 13, 2, 2, 2, 2, 2, 2, 2, 2, 2, 26, 27, 18, 27, 2, 26, 27, 2, 18, 26, 26, 18, 26, 26, 27, 18, 18, 2, 2, 2, 2, 10, 2, 2]"
xerces,2,seed2_solution052,seed2_solution052,0.5911430625449317,9.603610494501782,1.2887042298225468,0.7162644719764462,0.5911430625449317,-9.603610494501782,1.2887042298225468,True,False,"[0, 0, 0, 1, 0, 0, 1, 0, 0, 0, 2, 2, 2, 3, 4, 2, 0, 0, 0, 5, 4, 0, 0, 2, 0, 0, 1, 2, 0, 0, 4, 0, 0, 1, 2, 6, 0, 0, 0, 2, 0, 0, 0, 0, 0, 3, 0, 0, 0, 0, 1, 0, 0, 0, 0, 4, 0, 0, 0, 0, 0, 0, 0, 1, 1, 4, 0, 0, 4, 2, 0, 4, 1, 0, 0, 0, 0, 0, 2, 0, 4, 0, 0, 2, 0, 0, 0, 0, 0, 0, 0, 0, 0, 5, 0, 2, 3, 0, 0, 0, 5, 0, 0, 0, 0, 0, 0, 2, 5, 1, 1, 7, 0, 4, 8, 2, 7, 4, 4, 1, 3, 7, 7, 7, 8, 4, 8, 8, 7, 7, 7, 3, 7, 8, 2, 4, 7, 7, 8, 7, 7, 7, 7, 8, 7, 2, 1, 1, 2, 4, 5, 4, 2, 4, 1, 1, 1, 2, 0, 7, 4, 2, 0, 1, 1, 3, 7, 1, 1, 8, 1, 4, 1, 1, 1, 9, 7, 9, 9, 9, 7, 5, 3, 1, 1, 1, 4, 10, 1, 10, 11, 1, 1, 10, 2, 6, 6, 1, 0, 0, 2, 6, 3, 4, 4, 10, 10, 0, 11, 4, 2, 3, 3, 4, 11, 12, 0, 4, 4, 2, 12, 0, 11, 12, 12, 1, 4, 12, 12, 10, 10, 12, 12, 12, 1, 12, 2, 11, 0, 1, 3, 1, 2, 12, 12, 10, 12, 12, 2, 12, 11, 1, 0, 12, 11, 12, 12, 12, 1, 1, 2, 12, 3, 0, 11, 2, 1, 10, 10, 10, 10, 10, 12, 10, 10, 10, 5, 12, 1, 7, 2, 7, 7, 7, 8, 2, 4, 1, 1, 5, 13, 13, 0, 12, 13, 13, 4, 12, 0, 14, 0, 2, 0, 2, 0, 4, 14, 14, 6, 14, 14, 14, 14, 14, 6, 4, 14, 2, 6, 6, 6, 14, 5, 2, 6, 14, 14, 14, 4, 14, 14, 14, 2, 4, 4, 3, 2, 10, 2, 2, 10, 1, 10, 10, 15, 10, 10, 10, 3, 3, 0, 4, 2, 4, 4, 4, 1, 4, 0, 2, 10, 10, 10, 10, 10, 10, 10, 5, 10, 1, 10, 1, 2, 4, 1, 4, 1, 2, 10, 4, 1, 0, 10, 4, 4, 1, 4, 4, 4, 2, 2, 1, 2, 4, 4, 4, 9, 10, 9, 7, 0, 9, 2, 7, 0, 7, 16, 2, 4, 4, 1, 1, 4, 16, 16, 16, 13, 16, 13, 1, 16, 10, 1, 10, 2, 10, 16, 2, 10, 10, 10, 10, 10, 1, 10, 10, 10, 10, 10, 0, 10, 1, 16, 3, 3, 10, 10, 0, 1, 10, 4, 4, 1, 3, 10, 10, 10, 1, 0, 3, 3, 10, 10, 10, 4, 2, 10, 10, 0, 16, 16, 13, 13, 1, 1, 2, 1, 1, 4, 2, 16, 1, 16, 1, 1, 2, 17, 2, 17, 17, 2, 1, 17, 17, 3, 2, 1, 0, 4, 2, 5, 3, 16, 3, 4, 2, 4, 2, 4, 1, 1, 1, 1, 1, 0, 4, 4, 4, 0, 16, 3, 5, 16, 16, 16, 1, 3, 5, 3, 3, 2, 16, 16, 5, 2, 16, 4, 16, 1, 1, 3, 5, 3, 3, 0, 16, 0, 1, 18, 1, 1, 1, 1, 3, 3, 4, 3, 3, 3, 3, 1, 2, 2, 1, 0, 3, 3, 3, 3, 3, 0, 2, 1, 1, 3, 2, 1, 1, 1, 3, 3, 16, 8, 3, 0, 1, 19, 0, 19, 19, 14, 2, 19, 19, 19, 19, 19, 2, 0, 4, 2, 4, 1, 19, 4, 19, 4, 19, 19, 1, 20, 20, 5, 20, 15, 3, 4, 21, 3, 10, 10, 17, 16, 4, 3, 16, 1, 16, 13, 1, 1, 16, 4, 7, 2, 2, 1, 2, 3, 1, 4, 1, 2, 2, 2, 4, 3, 2, 10, 10, 2, 4, 2, 2, 0, 7, 7, 7, 2, 7, 3, 21, 2, 3, 16, 3, 7, 9, 1, 22, 22, 22, 23, 0, 23, 1, 23, 22, 23, 22, 1, 1, 1, 1, 1, 1, 1, 1, 1, 1, 1, 4, 1, 1, 1, 16, 5, 7, 16, 2, 3, 3, 3, 3, 1, 3, 1, 1, 1, 4, 0, 1, 8, 1, 1, 1, 1, 2, 4, 1, 16, 16, 1, 2, 0, 2, 4, 0, 16, 1, 1, 1, 1, 2, 1, 1, 0, 4, 4, 1, 4, 4, 4, 10, 10, 10, 0, 10, 0, 0, 4, 10, 4, 4, 3, 5, 10, 10, 10, 10, 10, 10, 10, 10, 10, 4, 5, 10, 10, 1, 10, 1, 5, 1, 12, 1, 12, 1, 2, 2, 0, 2, 4, 2, 2, 2, 2, 2, 2, 1, 4, 24, 25, 1, 4, 19, 0, 2, 25, 1, 4, 25, 1, 0, 25, 25, 1, 1, 2, 2, 4, 2, 4, 4]"
xerces,2,seed2_solution053,seed2_solution053,0.5912868439971244,9.60198745941721,1.2882474156982224,0.7174082041995453,0.5912868439971244,-9.60198745941721,1.2882474156982224,True,False,"[0, 0, 0, 1, 0, 0, 1, 0, 0, 0, 2, 2, 2, 3, 4, 2, 0, 0, 0, 5, 4, 0, 0, 2, 0, 0, 1, 2, 0, 0, 4, 0, 0, 1, 2, 6, 0, 0, 0, 2, 0, 0, 0, 0, 0, 3, 0, 0, 0, 0, 1, 0, 0, 0, 0, 4, 0, 0, 0, 0, 0, 0, 0, 1, 1, 4, 0, 0, 4, 2, 0, 4, 1, 0, 0, 0, 0, 0, 2, 0, 4, 0, 0, 2, 0, 0, 0, 0, 0, 0, 0, 0, 0, 5, 0, 2, 3, 0, 0, 0, 5, 0, 0, 0, 0, 0, 0, 2, 5, 1, 1, 7, 0, 4, 8, 2, 7, 4, 4, 1, 3, 7, 7, 7, 8, 4, 8, 8, 7, 7, 7, 3, 7, 8, 2, 4, 7, 7, 8, 7, 7, 7, 7, 8, 7, 2, 1, 1, 2, 4, 5, 4, 2, 4, 1, 1, 1, 2, 0, 7, 4, 2, 0, 1, 1, 3, 7, 1, 1, 8, 1, 4, 1, 1, 1, 9, 7, 9, 9, 9, 7, 5, 3, 1, 1, 1, 4, 10, 1, 10, 11, 1, 1, 10, 2, 6, 6, 1, 0, 0, 2, 6, 3, 4, 4, 10, 10, 0, 11, 4, 2, 3, 3, 4, 11, 12, 0, 4, 4, 2, 12, 0, 11, 12, 12, 1, 4, 12, 6, 10, 10, 12, 12, 12, 1, 12, 2, 11, 0, 1, 3, 1, 2, 12, 12, 10, 12, 12, 2, 12, 11, 1, 0, 12, 11, 12, 12, 12, 1, 1, 2, 12, 3, 0, 11, 2, 1, 10, 10, 10, 10, 10, 12, 10, 10, 10, 5, 12, 1, 7, 2, 7, 7, 7, 8, 2, 4, 1, 1, 5, 13, 13, 0, 12, 13, 13, 4, 12, 0, 14, 0, 2, 0, 2, 0, 4, 14, 14, 6, 14, 14, 14, 14, 14, 6, 4, 14, 2, 6, 6, 6, 14, 5, 2, 6, 14, 14, 14, 4, 14, 14, 14, 2, 4, 4, 3, 2, 10, 2, 2, 10, 1, 10, 10, 15, 10, 10, 10, 3, 3, 0, 4, 2, 4, 4, 4, 1, 4, 0, 2, 10, 10, 10, 10, 10, 10, 10, 5, 10, 1, 10, 1, 2, 4, 1, 4, 1, 2, 10, 4, 1, 0, 10, 4, 4, 1, 4, 4, 4, 2, 2, 1, 2, 4, 4, 4, 9, 10, 9, 7, 0, 9, 2, 7, 0, 7, 16, 2, 4, 4, 1, 1, 4, 16, 16, 16, 13, 16, 13, 1, 16, 10, 1, 10, 2, 10, 16, 2, 10, 10, 10, 10, 10, 1, 10, 10, 10, 10, 10, 0, 10, 1, 16, 3, 3, 10, 10, 0, 1, 10, 4, 4, 1, 3, 10, 10, 10, 1, 0, 3, 3, 10, 10, 10, 4, 2, 10, 10, 0, 16, 16, 13, 13, 1, 1, 2, 1, 1, 4, 2, 16, 1, 16, 1, 1, 2, 17, 2, 17, 17, 2, 1, 17, 17, 3, 2, 1, 0, 4, 2, 5, 3, 16, 3, 4, 2, 4, 2, 4, 1, 1, 1, 1, 1, 0, 4, 4, 4, 0, 16, 3, 5, 16, 16, 16, 1, 3, 5, 3, 3, 2, 16, 16, 5, 2, 16, 4, 16, 1, 1, 3, 5, 3, 3, 0, 16, 0, 1, 18, 1, 1, 1, 1, 3, 3, 4, 3, 3, 3, 3, 1, 2, 2, 1, 0, 3, 3, 3, 3, 3, 0, 2, 1, 1, 3, 2, 1, 1, 1, 3, 3, 16, 8, 3, 0, 1, 19, 0, 19, 19, 14, 2, 19, 19, 19, 19, 19, 2, 0, 4, 2, 4, 1, 19, 4, 19, 4, 19, 19, 1, 20, 20, 5, 20, 15, 3, 4, 21, 3, 10, 10, 17, 16, 4, 3, 16, 1, 16, 13, 1, 1, 16, 4, 7, 2, 2, 1, 2, 3, 1, 4, 1, 2, 2, 2, 4, 3, 2, 10, 10, 2, 4, 2, 2, 0, 7, 7, 7, 2, 7, 3, 21, 2, 3, 16, 3, 7, 9, 1, 22, 22, 22, 23, 0, 23, 1, 23, 22, 23, 22, 1, 1, 1, 1, 1, 1, 1, 1, 1, 1, 1, 4, 1, 1, 1, 16, 5, 7, 16, 2, 3, 3, 3, 3, 1, 3, 1, 1, 1, 4, 0, 1, 8, 1, 1, 1, 1, 2, 4, 1, 16, 16, 1, 2, 0, 2, 4, 0, 16, 1, 1, 1, 1, 2, 1, 1, 0, 4, 4, 1, 4, 4, 4, 10, 10, 10, 0, 10, 0, 0, 4, 10, 4, 4, 3, 5, 10, 10, 10, 10, 10, 10, 10, 10, 10, 4, 5, 10, 10, 1, 10, 1, 5, 1, 12, 1, 12, 1, 2, 2, 0, 2, 4, 2, 2, 2, 2, 2, 2, 1, 4, 24, 25, 1, 4, 19, 0, 2, 25, 1, 4, 25, 1, 0, 25, 25, 1, 1, 2, 2, 4, 2, 4, 4]"
xerces,2,seed2_solution054,seed2_solution054,0.6162473040977714,0.4228485603925834,0.8327317442103561,0.7604233193354367,0.6162473040977714,-0.4228485603925834,0.8327317442103561,True,False,"[0, 0, 0, 0, 0, 0, 0, 0, 0, 1, 0, 0, 0, 0, 2, 3, 0, 0, 0, 1, 4, 0, 0, 0, 5, 0, 6, 0, 0, 7, 0, 0, 0, 8, 0, 4, 0, 9, 0, 0, 0, 0, 0, 5, 10, 11, 0, 0, 0, 0, 0, 0, 0, 0, 0, 0, 12, 0, 0, 0, 0, 7, 0, 0, 0, 6, 0, 13, 6, 0, 0, 7, 2, 0, 0, 3, 0, 14, 0, 0, 4, 15, 0, 0, 0, 0, 0, 0, 0, 0, 0, 0, 0, 0, 0, 13, 0, 0, 0, 0, 16, 0, 4, 0, 0, 0, 16, 16, 2, 2, 12, 15, 0, 7, 3, 5, 5, 5, 5, 12, 5, 5, 6, 5, 0, 5, 5, 5, 5, 0, 5, 1, 5, 5, 5, 5, 17, 7, 3, 5, 2, 5, 3, 3, 5, 5, 12, 12, 5, 5, 12, 5, 5, 12, 12, 2, 12, 10, 12, 5, 2, 12, 12, 12, 12, 14, 5, 12, 2, 1, 0, 2, 1, 17, 12, 15, 15, 15, 18, 15, 18, 15, 18, 16, 15, 12, 12, 16, 2, 18, 9, 14, 11, 1, 15, 11, 11, 14, 14, 11, 14, 14, 14, 6, 9, 16, 16, 9, 9, 17, 4, 9, 14, 4, 4, 9, 4, 9, 15, 2, 9, 9, 4, 9, 17, 4, 9, 9, 17, 16, 1, 9, 9, 18, 9, 9, 3, 9, 10, 15, 7, 6, 16, 9, 4, 16, 9, 4, 1, 4, 15, 9, 0, 2, 10, 9, 9, 9, 12, 16, 3, 1, 9, 15, 10, 9, 1, 5, 16, 9, 17, 16, 15, 18, 16, 16, 9, 9, 9, 5, 5, 5, 5, 5, 4, 3, 14, 11, 2, 6, 17, 7, 13, 7, 7, 14, 7, 13, 7, 1, 7, 3, 18, 17, 18, 5, 15, 15, 8, 15, 15, 15, 2, 4, 17, 17, 15, 15, 15, 13, 18, 15, 13, 18, 15, 18, 6, 15, 15, 18, 16, 17, 18, 4, 14, 8, 14, 1, 16, 16, 16, 16, 14, 12, 13, 16, 11, 1, 1, 1, 1, 6, 14, 14, 6, 3, 6, 6, 6, 6, 16, 16, 9, 16, 16, 16, 16, 16, 16, 1, 1, 1, 1, 1, 0, 16, 2, 16, 14, 10, 1, 1, 16, 6, 6, 9, 14, 6, 14, 8, 6, 1, 17, 6, 16, 18, 18, 16, 18, 15, 15, 15, 16, 18, 18, 18, 11, 13, 19, 2, 13, 12, 9, 9, 19, 9, 13, 3, 11, 17, 1, 16, 16, 1, 3, 16, 19, 16, 1, 16, 16, 16, 16, 16, 16, 1, 10, 17, 16, 1, 16, 1, 2, 1, 1, 1, 1, 16, 16, 16, 16, 6, 16, 6, 16, 1, 8, 16, 11, 2, 16, 1, 16, 16, 16, 3, 1, 16, 14, 11, 13, 13, 10, 2, 12, 8, 12, 3, 4, 12, 13, 11, 9, 2, 2, 14, 17, 20, 17, 19, 19, 20, 20, 20, 10, 3, 2, 0, 3, 12, 8, 8, 12, 1, 11, 7, 4, 13, 6, 12, 2, 2, 12, 6, 0, 6, 1, 16, 6, 13, 13, 9, 9, 9, 2, 13, 11, 0, 1, 1, 1, 3, 3, 10, 19, 11, 12, 11, 2, 12, 1, 8, 8, 8, 9, 11, 4, 12, 21, 12, 14, 12, 13, 1, 1, 19, 8, 1, 1, 5, 17, 2, 1, 1, 1, 7, 1, 8, 1, 8, 8, 0, 12, 12, 10, 12, 12, 12, 12, 7, 8, 10, 12, 1, 7, 2, 20, 21, 20, 22, 20, 23, 20, 22, 22, 17, 21, 22, 22, 22, 23, 20, 21, 22, 23, 23, 22, 11, 20, 2, 15, 23, 22, 21, 22, 16, 4, 22, 1, 16, 16, 21, 11, 3, 1, 11, 12, 19, 13, 1, 2, 19, 11, 5, 3, 4, 12, 13, 1, 3, 11, 12, 3, 12, 3, 3, 1, 11, 1, 16, 3, 3, 4, 5, 5, 5, 5, 5, 13, 5, 8, 24, 1, 1, 11, 8, 5, 3, 12, 10, 19, 19, 19, 25, 8, 18, 25, 25, 17, 19, 13, 12, 12, 12, 12, 12, 6, 3, 12, 12, 2, 3, 12, 2, 2, 11, 1, 5, 9, 10, 8, 1, 1, 1, 17, 15, 12, 10, 12, 2, 8, 12, 5, 12, 7, 12, 4, 8, 12, 8, 5, 11, 12, 7, 3, 3, 3, 12, 13, 12, 2, 2, 12, 3, 2, 2, 6, 12, 6, 1, 19, 6, 6, 7, 9, 16, 16, 17, 8, 2, 6, 16, 10, 1, 6, 6, 1, 16, 15, 3, 1, 1, 15, 16, 11, 1, 8, 1, 16, 14, 3, 9, 16, 15, 10, 4, 9, 2, 12, 4, 5, 0, 3, 12, 3, 12, 3, 3, 1, 3, 26, 27, 23, 3, 3, 6, 28, 3, 4, 10, 28, 23, 27, 27, 10, 27, 28, 0, 3, 18, 14, 3, 3, 3]"
xerces,2,seed2_solution055,seed2_solution055,0.6222861250898634,9.362786777243212,1.2723097984354392,0.6931689834831714,0.6222861250898634,-9.362786777243212,1.2723097984354392,True,False,"[0, 1, 2, 0, 0, 0, 2, 0, 0, 2, 0, 0, 0, 0, 2, 0, 0, 2, 0, 3, 4, 0, 2, 0, 2, 0, 0, 0, 0, 0, 0, 0, 0, 0, 0, 0, 0, 2, 0, 0, 0, 0, 0, 2, 0, 2, 0, 2, 0, 0, 0, 0, 0, 0, 0, 0, 0, 0, 0, 0, 0, 0, 0, 0, 0, 5, 0, 0, 5, 0, 0, 0, 0, 0, 0, 1, 0, 0, 2, 0, 0, 0, 0, 0, 2, 2, 0, 0, 0, 2, 2, 0, 0, 0, 0, 0, 2, 0, 0, 0, 3, 0, 5, 0, 0, 0, 6, 3, 6, 2, 0, 1, 0, 0, 1, 1, 2, 1, 1, 2, 1, 1, 1, 1, 7, 1, 1, 1, 1, 2, 0, 0, 1, 7, 2, 1, 7, 1, 7, 0, 1, 1, 1, 1, 7, 1, 2, 2, 1, 1, 2, 1, 1, 2, 0, 2, 2, 2, 2, 2, 2, 2, 0, 2, 2, 3, 1, 2, 2, 1, 2, 2, 2, 2, 2, 7, 8, 0, 7, 7, 8, 2, 7, 2, 2, 2, 2, 2, 0, 9, 10, 11, 12, 0, 12, 12, 12, 11, 11, 11, 2, 11, 12, 2, 2, 9, 9, 10, 10, 10, 10, 9, 9, 10, 0, 10, 10, 0, 10, 8, 0, 10, 10, 10, 9, 9, 9, 2, 10, 9, 9, 2, 9, 2, 10, 9, 10, 2, 0, 9, 10, 9, 2, 10, 10, 9, 9, 10, 9, 0, 10, 0, 2, 9, 9, 10, 9, 10, 0, 8, 10, 0, 10, 9, 10, 10, 8, 8, 8, 9, 8, 8, 10, 9, 8, 9, 0, 0, 9, 1, 1, 12, 1, 2, 12, 2, 2, 5, 2, 11, 2, 13, 0, 13, 14, 14, 13, 13, 0, 13, 14, 14, 14, 14, 15, 14, 14, 2, 14, 14, 0, 15, 14, 14, 2, 15, 13, 0, 2, 15, 14, 13, 14, 14, 14, 14, 14, 15, 0, 0, 15, 15, 0, 6, 11, 3, 14, 8, 0, 9, 9, 8, 9, 4, 15, 9, 5, 9, 6, 6, 11, 5, 14, 0, 5, 5, 5, 6, 5, 5, 8, 5, 2, 9, 8, 5, 9, 9, 8, 9, 9, 9, 8, 6, 6, 5, 0, 9, 9, 0, 0, 9, 9, 11, 2, 13, 2, 5, 5, 2, 14, 13, 0, 0, 5, 2, 7, 9, 7, 8, 2, 7, 5, 8, 7, 8, 11, 16, 16, 16, 16, 2, 11, 0, 2, 10, 16, 16, 16, 0, 13, 2, 9, 0, 0, 9, 16, 0, 5, 8, 8, 9, 2, 9, 9, 2, 5, 9, 2, 9, 9, 2, 16, 3, 9, 0, 9, 5, 8, 8, 8, 0, 9, 0, 8, 9, 12, 8, 8, 3, 2, 2, 9, 9, 9, 9, 9, 9, 2, 16, 13, 16, 2, 0, 2, 3, 2, 2, 0, 2, 16, 10, 2, 2, 2, 2, 16, 2, 17, 0, 17, 16, 15, 17, 3, 4, 2, 0, 4, 2, 3, 3, 16, 6, 3, 3, 6, 3, 5, 2, 2, 2, 2, 2, 5, 5, 5, 2, 16, 11, 0, 16, 16, 0, 16, 0, 3, 3, 0, 3, 3, 0, 10, 0, 17, 16, 2, 16, 2, 0, 2, 0, 3, 6, 16, 16, 2, 2, 18, 2, 2, 2, 2, 3, 6, 16, 3, 3, 6, 3, 2, 2, 0, 0, 6, 0, 6, 3, 3, 3, 0, 4, 2, 2, 2, 2, 2, 2, 2, 3, 2, 16, 2, 6, 16, 2, 0, 2, 18, 18, 18, 19, 18, 2, 18, 19, 2, 18, 18, 19, 19, 19, 2, 0, 19, 19, 19, 19, 18, 2, 19, 2, 0, 2, 19, 6, 16, 20, 3, 2, 5, 2, 2, 4, 6, 2, 2, 11, 16, 3, 2, 16, 16, 0, 4, 4, 6, 4, 3, 0, 13, 0, 4, 4, 0, 4, 0, 16, 9, 8, 4, 4, 4, 12, 12, 1, 0, 2, 1, 4, 3, 20, 4, 6, 16, 6, 1, 21, 2, 22, 4, 23, 17, 17, 4, 23, 22, 22, 23, 6, 2, 2, 4, 2, 4, 2, 4, 2, 6, 4, 2, 2, 2, 2, 4, 16, 2, 1, 16, 6, 4, 3, 6, 3, 6, 6, 2, 2, 6, 2, 2, 2, 1, 2, 2, 6, 2, 3, 2, 3, 10, 10, 6, 4, 4, 4, 4, 2, 16, 2, 2, 6, 2, 6, 2, 2, 5, 5, 6, 3, 10, 14, 14, 9, 6, 9, 8, 9, 23, 8, 6, 9, 9, 6, 11, 3, 16, 6, 4, 8, 9, 9, 8, 9, 6, 9, 8, 8, 4, 5, 5, 9, 9, 10, 9, 9, 10, 2, 4, 4, 4, 4, 4, 4, 4, 4, 6, 4, 6, 4, 6, 24, 25, 22, 4, 24, 25, 4, 25, 24, 24, 22, 10, 22, 4, 25, 10, 4, 4, 4, 4, 4, 4, 4]"
xerces,2,seed2_solution056,seed2_solution056,0.6536592379583034,8.027042288185847,0.8558007968527345,0.7445358258332142,0.6536592379583034,-8.027042288185847,0.8558007968527345,True,False,"[0, 0, 0, 0, 0, 0, 0, 0, 0, 0, 0, 0, 0, 0, 1, 2, 0, 0, 0, 3, 2, 0, 0, 0, 0, 0, 3, 0, 0, 0, 0, 0, 0, 0, 0, 0, 0, 0, 0, 0, 0, 0, 0, 0, 0, 0, 0, 0, 0, 0, 0, 0, 0, 0, 0, 0, 0, 0, 0, 0, 0, 0, 0, 0, 0, 4, 0, 0, 4, 0, 0, 0, 0, 0, 0, 0, 0, 0, 0, 0, 0, 0, 0, 0, 0, 0, 0, 0, 0, 0, 0, 0, 0, 4, 0, 0, 0, 0, 0, 0, 4, 0, 5, 0, 0, 0, 6, 7, 6, 1, 1, 5, 0, 4, 5, 8, 7, 7, 8, 1, 7, 9, 7, 7, 7, 8, 9, 7, 7, 5, 5, 3, 10, 7, 5, 7, 7, 7, 7, 7, 5, 9, 10, 8, 9, 7, 6, 1, 5, 5, 1, 5, 9, 1, 1, 1, 1, 7, 1, 5, 8, 1, 1, 1, 1, 3, 6, 8, 1, 6, 1, 5, 1, 1, 1, 9, 10, 11, 10, 9, 11, 1, 9, 4, 5, 7, 1, 10, 1, 9, 11, 12, 12, 12, 12, 12, 12, 13, 13, 12, 12, 12, 13, 4, 14, 11, 15, 15, 12, 14, 12, 11, 10, 5, 11, 11, 12, 12, 11, 10, 11, 13, 12, 11, 11, 16, 13, 6, 13, 6, 4, 11, 11, 11, 11, 17, 11, 16, 11, 12, 13, 12, 9, 16, 17, 13, 12, 15, 10, 10, 13, 11, 8, 13, 17, 11, 12, 11, 1, 10, 11, 14, 17, 11, 12, 15, 10, 10, 10, 10, 10, 13, 12, 12, 12, 10, 11, 7, 11, 9, 7, 7, 9, 5, 11, 1, 6, 4, 1, 4, 14, 13, 8, 11, 15, 15, 14, 13, 14, 15, 14, 15, 15, 14, 13, 15, 17, 15, 16, 14, 12, 14, 17, 14, 16, 18, 13, 14, 12, 18, 13, 15, 14, 13, 15, 13, 16, 17, 14, 13, 16, 12, 15, 6, 3, 3, 4, 15, 10, 9, 13, 14, 12, 2, 17, 10, 8, 10, 3, 3, 6, 5, 4, 4, 4, 18, 4, 4, 6, 4, 11, 10, 15, 9, 10, 11, 10, 11, 10, 12, 6, 11, 10, 4, 4, 8, 1, 6, 10, 10, 10, 8, 10, 4, 4, 11, 6, 4, 4, 6, 4, 9, 4, 4, 4, 11, 9, 4, 16, 9, 8, 9, 4, 9, 17, 12, 18, 14, 16, 13, 17, 1, 17, 16, 19, 17, 18, 17, 14, 5, 17, 11, 4, 9, 2, 11, 16, 15, 4, 9, 10, 10, 9, 11, 5, 12, 10, 10, 13, 10, 11, 3, 16, 3, 10, 4, 9, 9, 10, 13, 6, 4, 8, 6, 11, 13, 10, 4, 12, 3, 9, 10, 11, 11, 11, 12, 9, 13, 8, 16, 18, 13, 17, 1, 1, 3, 1, 3, 1, 1, 17, 19, 17, 1, 1, 1, 16, 16, 12, 18, 18, 19, 19, 19, 2, 2, 1, 0, 2, 2, 4, 2, 19, 3, 3, 4, 3, 3, 6, 1, 5, 1, 4, 1, 4, 4, 4, 4, 17, 14, 19, 16, 16, 18, 18, 19, 3, 2, 3, 3, 3, 14, 18, 0, 20, 16, 9, 17, 1, 7, 0, 2, 3, 2, 17, 17, 1, 1, 19, 1, 1, 5, 1, 3, 3, 17, 2, 2, 3, 3, 1, 1, 3, 3, 3, 6, 3, 4, 3, 3, 3, 2, 8, 8, 1, 1, 1, 1, 1, 3, 2, 17, 3, 3, 14, 1, 20, 21, 16, 21, 21, 10, 21, 10, 21, 20, 10, 16, 20, 21, 16, 16, 21, 16, 10, 12, 20, 10, 21, 1, 21, 8, 21, 21, 21, 3, 14, 22, 2, 12, 10, 16, 17, 2, 3, 17, 5, 18, 17, 2, 1, 14, 14, 7, 2, 3, 1, 2, 2, 3, 17, 3, 2, 2, 2, 8, 3, 14, 10, 11, 2, 2, 3, 5, 7, 5, 6, 5, 7, 9, 3, 22, 3, 2, 17, 3, 5, 23, 1, 24, 24, 24, 24, 23, 23, 24, 24, 23, 23, 23, 1, 1, 1, 1, 1, 8, 1, 5, 1, 9, 1, 1, 1, 1, 1, 19, 1, 7, 17, 3, 3, 3, 3, 2, 3, 2, 1, 5, 16, 5, 7, 1, 5, 1, 1, 1, 1, 3, 1, 2, 14, 17, 1, 2, 2, 3, 2, 6, 12, 1, 1, 8, 1, 2, 7, 1, 4, 4, 9, 2, 14, 4, 4, 10, 10, 11, 10, 9, 24, 10, 4, 13, 10, 4, 3, 3, 9, 11, 5, 6, 6, 15, 17, 17, 13, 4, 12, 8, 6, 4, 4, 13, 9, 14, 11, 11, 11, 1, 2, 2, 2, 2, 2, 2, 2, 2, 2, 2, 2, 2, 25, 26, 27, 28, 2, 27, 26, 2, 27, 26, 27, 27, 27, 25, 26, 28, 27, 2, 2, 2, 2, 8, 2, 2]"
xerces,2,seed2_solution058,seed2_solution058,0.6658519051042415,9.765109773354686,1.7381247654984033,0.691406183656432,0.6658519051042415,-9.765109773354686,1.7381247654984033,True,False,"[0, 0, 1, 0, 0, 0, 1, 0, 0, 1, 0, 0, 0, 0, 1, 0, 1, 1, 0, 0, 2, 0, 1, 0, 1, 0, 0, 1, 0, 0, 0, 0, 0, 1, 0, 0, 0, 1, 0, 0, 0, 0, 0, 1, 0, 1, 0, 1, 0, 0, 1, 0, 0, 0, 0, 0, 0, 0, 0, 1, 0, 0, 0, 0, 0, 1, 1, 0, 1, 1, 0, 0, 0, 0, 0, 0, 0, 1, 1, 1, 0, 0, 1, 0, 1, 1, 1, 0, 1, 1, 1, 0, 0, 0, 0, 0, 1, 0, 0, 0, 3, 1, 4, 0, 1, 0, 3, 3, 0, 1, 0, 5, 0, 0, 1, 5, 1, 5, 0, 1, 5, 1, 0, 1, 5, 5, 5, 0, 5, 1, 0, 0, 5, 5, 1, 5, 5, 5, 5, 0, 5, 5, 5, 1, 1, 5, 1, 1, 0, 5, 1, 0, 5, 1, 0, 1, 1, 1, 1, 1, 1, 1, 0, 1, 1, 6, 0, 1, 1, 5, 0, 0, 1, 1, 0, 7, 1, 0, 7, 7, 0, 1, 7, 1, 1, 0, 1, 1, 0, 0, 0, 1, 8, 0, 8, 8, 8, 8, 1, 0, 1, 8, 8, 1, 1, 0, 9, 1, 1, 1, 10, 10, 10, 10, 0, 10, 0, 0, 10, 9, 0, 10, 10, 1, 10, 10, 10, 1, 10, 9, 0, 1, 10, 1, 1, 10, 0, 1, 0, 10, 10, 10, 1, 10, 0, 9, 10, 1, 10, 0, 10, 0, 1, 10, 10, 1, 10, 10, 0, 9, 10, 0, 1, 10, 0, 10, 9, 9, 9, 0, 9, 9, 10, 6, 9, 0, 0, 0, 10, 5, 11, 1, 5, 1, 11, 1, 1, 12, 1, 12, 1, 0, 0, 13, 1, 14, 0, 1, 0, 13, 0, 1, 0, 15, 0, 0, 15, 1, 1, 0, 0, 15, 9, 15, 1, 15, 13, 0, 1, 15, 1, 13, 13, 15, 15, 15, 15, 13, 0, 0, 15, 15, 0, 12, 12, 6, 14, 9, 0, 9, 0, 9, 9, 2, 15, 9, 1, 1, 6, 6, 12, 14, 14, 0, 12, 0, 1, 1, 12, 14, 9, 9, 1, 9, 9, 0, 1, 9, 9, 9, 9, 9, 9, 0, 6, 9, 0, 0, 9, 0, 0, 0, 9, 12, 1, 13, 1, 1, 0, 1, 14, 14, 0, 0, 14, 1, 7, 1, 7, 7, 1, 7, 0, 0, 7, 0, 12, 1, 0, 1, 12, 1, 12, 0, 1, 11, 1, 0, 1, 0, 12, 1, 1, 0, 0, 9, 0, 0, 0, 9, 9, 1, 1, 9, 9, 1, 0, 0, 1, 9, 1, 1, 11, 6, 9, 0, 1, 9, 9, 9, 9, 0, 9, 0, 9, 0, 9, 9, 9, 0, 1, 1, 9, 1, 9, 0, 0, 1, 1, 1, 11, 11, 1, 0, 1, 6, 1, 1, 0, 1, 1, 11, 1, 1, 1, 1, 16, 1, 17, 0, 17, 16, 17, 16, 6, 2, 1, 0, 0, 1, 1, 6, 12, 6, 6, 1, 6, 6, 12, 1, 1, 1, 0, 1, 0, 1, 14, 1, 0, 12, 0, 12, 1, 0, 11, 0, 6, 0, 0, 6, 6, 0, 11, 1, 17, 11, 1, 1, 1, 0, 1, 0, 1, 6, 0, 1, 1, 1, 18, 1, 1, 1, 1, 0, 6, 1, 0, 6, 6, 6, 1, 1, 0, 0, 6, 0, 6, 6, 0, 6, 0, 2, 1, 1, 1, 0, 1, 1, 1, 6, 1, 0, 1, 6, 0, 1, 0, 1, 19, 1, 19, 20, 1, 1, 19, 20, 1, 19, 1, 19, 20, 1, 1, 0, 20, 20, 20, 20, 19, 1, 0, 1, 0, 1, 20, 6, 11, 21, 0, 1, 1, 1, 1, 2, 6, 1, 1, 12, 1, 6, 1, 12, 12, 0, 2, 2, 6, 2, 6, 0, 0, 0, 2, 2, 0, 2, 0, 2, 2, 9, 0, 2, 2, 5, 2, 5, 0, 1, 0, 2, 6, 21, 2, 6, 2, 6, 5, 22, 1, 2, 2, 17, 17, 17, 2, 0, 6, 18, 6, 6, 1, 2, 2, 2, 2, 1, 2, 1, 6, 2, 1, 1, 1, 1, 2, 12, 1, 5, 2, 6, 2, 2, 6, 6, 6, 6, 1, 1, 6, 2, 1, 1, 5, 1, 1, 6, 6, 6, 1, 2, 11, 11, 6, 2, 2, 2, 2, 1, 11, 6, 6, 6, 6, 6, 1, 6, 12, 14, 14, 6, 11, 14, 14, 2, 6, 6, 9, 9, 23, 9, 6, 6, 2, 6, 12, 6, 16, 6, 2, 9, 2, 6, 9, 9, 6, 9, 9, 9, 2, 12, 6, 10, 2, 2, 10, 10, 10, 1, 2, 2, 2, 6, 2, 2, 2, 2, 6, 2, 6, 2, 6, 23, 24, 24, 2, 2, 6, 2, 24, 11, 6, 24, 11, 24, 2, 2, 11, 2, 2, 2, 2, 2, 2, 6]"
xerces,2,seed2_solution059,seed2_solution059,0.6755715312724658,2.735143651370631,0.8238582409013843,0.7308527989401168,0.6755715312724658,-2.735143651370631,0.8238582409013843,True,False,"[0, 0, 0, 0, 0, 0, 0, 0, 0, 0, 0, 0, 0, 0, 1, 2, 0, 0, 0, 2, 2, 0, 0, 0, 0, 0, 2, 0, 0, 0, 0, 0, 0, 0, 0, 0, 0, 0, 0, 0, 0, 0, 0, 0, 3, 0, 0, 0, 0, 0, 0, 0, 0, 0, 0, 0, 0, 0, 0, 0, 0, 0, 0, 0, 0, 3, 0, 0, 3, 0, 0, 0, 0, 0, 0, 0, 0, 0, 0, 0, 0, 0, 0, 0, 0, 0, 0, 0, 0, 0, 0, 0, 0, 0, 0, 0, 0, 0, 0, 0, 4, 0, 5, 0, 0, 0, 4, 6, 4, 1, 1, 5, 0, 7, 7, 8, 8, 7, 7, 6, 8, 6, 8, 8, 8, 6, 9, 7, 7, 5, 8, 2, 8, 6, 5, 6, 8, 7, 6, 6, 8, 6, 7, 8, 7, 8, 1, 10, 4, 7, 1, 8, 11, 1, 1, 6, 1, 1, 1, 6, 1, 1, 10, 1, 1, 10, 5, 10, 10, 4, 1, 10, 1, 1, 12, 9, 12, 9, 9, 13, 7, 1, 7, 7, 1, 1, 10, 8, 1, 13, 14, 12, 15, 13, 12, 12, 15, 15, 15, 15, 14, 14, 15, 3, 14, 12, 13, 14, 14, 9, 9, 14, 16, 14, 14, 14, 14, 14, 14, 8, 14, 12, 9, 14, 9, 9, 14, 14, 16, 13, 13, 9, 13, 14, 14, 15, 14, 14, 16, 16, 13, 14, 13, 14, 14, 13, 12, 16, 14, 16, 13, 9, 13, 16, 14, 14, 16, 14, 1, 13, 9, 14, 14, 14, 14, 14, 13, 12, 17, 16, 16, 13, 14, 8, 13, 13, 16, 14, 9, 4, 8, 7, 8, 8, 9, 1, 17, 17, 1, 17, 12, 16, 12, 12, 9, 16, 18, 12, 12, 19, 12, 15, 18, 19, 18, 13, 18, 16, 18, 16, 18, 16, 15, 13, 16, 18, 12, 18, 12, 19, 18, 13, 18, 12, 13, 12, 18, 18, 16, 18, 16, 16, 18, 4, 10, 10, 17, 8, 13, 13, 16, 8, 13, 2, 19, 12, 12, 3, 10, 10, 4, 5, 3, 3, 3, 17, 17, 17, 17, 17, 13, 17, 17, 3, 13, 17, 13, 17, 13, 13, 8, 6, 8, 17, 3, 9, 1, 17, 8, 13, 13, 15, 13, 3, 17, 15, 3, 4, 3, 3, 3, 12, 17, 17, 17, 13, 13, 13, 16, 7, 7, 9, 6, 7, 9, 9, 15, 19, 15, 15, 19, 1, 19, 12, 20, 19, 14, 15, 19, 6, 20, 13, 17, 4, 10, 12, 15, 13, 13, 17, 17, 13, 4, 8, 17, 13, 18, 13, 13, 13, 12, 10, 19, 10, 4, 13, 3, 12, 3, 12, 17, 17, 13, 17, 13, 8, 13, 13, 13, 10, 17, 13, 13, 13, 8, 8, 13, 3, 13, 19, 15, 12, 19, 1, 10, 10, 1, 10, 1, 1, 19, 19, 20, 1, 1, 1, 21, 18, 10, 21, 10, 21, 20, 20, 2, 10, 10, 0, 2, 1, 10, 10, 15, 2, 10, 2, 10, 3, 3, 1, 6, 6, 1, 7, 3, 17, 17, 17, 21, 14, 14, 15, 22, 19, 12, 20, 2, 12, 10, 10, 3, 15, 19, 0, 21, 20, 1, 19, 1, 1, 10, 10, 10, 3, 19, 19, 1, 7, 3, 1, 1, 1, 1, 10, 3, 15, 2, 2, 3, 10, 1, 1, 2, 10, 3, 10, 3, 10, 10, 10, 3, 2, 7, 1, 1, 1, 1, 7, 7, 10, 3, 12, 10, 2, 18, 1, 21, 3, 8, 23, 23, 23, 21, 1, 23, 1, 21, 23, 23, 23, 23, 21, 1, 23, 21, 21, 1, 3, 1, 1, 24, 23, 23, 24, 23, 3, 19, 24, 10, 13, 3, 20, 19, 2, 10, 15, 10, 12, 19, 10, 1, 15, 13, 8, 10, 10, 10, 2, 10, 2, 13, 2, 2, 2, 10, 2, 10, 19, 4, 4, 2, 2, 2, 7, 6, 7, 7, 6, 7, 8, 2, 24, 10, 10, 15, 3, 8, 21, 1, 25, 13, 25, 26, 26, 26, 26, 20, 26, 21, 21, 1, 1, 1, 10, 1, 7, 6, 6, 1, 7, 1, 10, 1, 1, 6, 16, 7, 8, 15, 3, 2, 2, 10, 10, 2, 10, 1, 7, 19, 6, 7, 6, 6, 1, 1, 1, 6, 20, 6, 2, 12, 15, 7, 2, 2, 10, 2, 1, 19, 1, 1, 7, 1, 10, 1, 7, 17, 5, 4, 2, 20, 17, 3, 3, 8, 15, 15, 8, 17, 17, 3, 13, 13, 17, 10, 3, 15, 17, 17, 13, 8, 13, 3, 13, 15, 8, 13, 13, 17, 17, 17, 14, 4, 14, 14, 21, 15, 6, 2, 2, 2, 2, 2, 10, 2, 2, 2, 10, 2, 2, 11, 5, 11, 22, 10, 22, 22, 2, 11, 22, 22, 11, 27, 26, 27, 27, 11, 2, 10, 2, 2, 2, 10, 2]"
xerces,2,seed2_solution061,seed2_solution061,0.6971099928109273,3.1787531938312976,0.713495914931776,0.829592811998237,0.6971099928109273,-3.1787531938312976,0.713495914931776,True,False,"[0, 0, 1, 0, 0, 0, 2, 0, 0, 3, 0, 4, 0, 5, 6, 0, 0, 2, 0, 5, 7, 0, 0, 0, 8, 0, 5, 0, 0, 9, 10, 0, 11, 4, 0, 7, 0, 12, 0, 0, 6, 13, 0, 8, 14, 15, 7, 0, 0, 8, 11, 0, 16, 0, 0, 0, 1, 0, 0, 14, 0, 9, 0, 0, 0, 13, 17, 16, 13, 5, 0, 9, 6, 1, 2, 2, 10, 13, 0, 0, 7, 17, 0, 5, 0, 9, 0, 0, 0, 0, 0, 0, 15, 0, 0, 16, 10, 0, 18, 0, 11, 0, 2, 0, 8, 4, 11, 11, 11, 6, 6, 17, 0, 11, 2, 8, 8, 8, 8, 16, 8, 10, 5, 8, 0, 8, 8, 2, 8, 0, 5, 4, 8, 8, 8, 8, 18, 9, 2, 8, 6, 5, 2, 2, 8, 8, 6, 6, 18, 8, 1, 8, 8, 11, 6, 6, 7, 14, 13, 8, 6, 6, 6, 15, 6, 13, 12, 6, 6, 3, 0, 6, 3, 18, 8, 17, 17, 17, 2, 17, 14, 17, 17, 11, 17, 11, 4, 3, 6, 10, 7, 4, 15, 3, 17, 15, 15, 15, 15, 15, 15, 15, 15, 13, 12, 3, 3, 6, 7, 18, 7, 15, 13, 7, 7, 7, 7, 7, 17, 6, 7, 15, 7, 5, 18, 7, 7, 13, 18, 0, 3, 13, 7, 10, 12, 17, 2, 7, 7, 17, 9, 5, 17, 7, 7, 3, 0, 7, 3, 7, 17, 18, 0, 6, 14, 14, 7, 7, 0, 15, 2, 3, 18, 17, 14, 10, 3, 8, 7, 12, 18, 2, 17, 10, 3, 18, 10, 11, 10, 2, 8, 8, 0, 8, 7, 2, 13, 13, 6, 5, 18, 9, 16, 9, 9, 13, 9, 16, 9, 3, 9, 2, 10, 11, 10, 8, 16, 10, 4, 10, 3, 10, 6, 7, 10, 11, 17, 10, 10, 11, 10, 10, 16, 10, 18, 10, 5, 11, 10, 10, 11, 10, 10, 7, 13, 4, 13, 3, 3, 0, 13, 3, 13, 1, 16, 15, 15, 3, 4, 4, 3, 18, 13, 13, 13, 2, 5, 13, 13, 17, 3, 4, 12, 11, 16, 3, 3, 10, 2, 3, 3, 3, 3, 2, 0, 0, 6, 9, 13, 14, 3, 3, 8, 12, 13, 12, 13, 0, 13, 4, 18, 3, 18, 0, 11, 17, 7, 3, 17, 17, 17, 17, 11, 17, 9, 17, 15, 16, 8, 6, 16, 6, 12, 12, 18, 12, 16, 2, 12, 18, 3, 3, 10, 3, 14, 4, 12, 13, 3, 4, 3, 5, 3, 9, 1, 3, 14, 18, 2, 3, 3, 4, 6, 12, 3, 3, 3, 3, 18, 3, 3, 13, 16, 16, 6, 3, 4, 0, 15, 6, 5, 3, 6, 3, 15, 2, 3, 3, 13, 12, 17, 16, 14, 6, 0, 4, 0, 2, 7, 6, 16, 16, 12, 6, 6, 13, 18, 18, 18, 19, 19, 19, 19, 18, 14, 1, 6, 0, 15, 1, 4, 4, 1, 4, 15, 9, 7, 16, 13, 6, 6, 6, 6, 5, 0, 13, 3, 11, 5, 16, 16, 12, 12, 12, 6, 16, 15, 0, 4, 4, 1, 2, 2, 14, 8, 10, 6, 12, 6, 6, 11, 4, 4, 4, 12, 10, 7, 6, 20, 1, 13, 6, 16, 4, 4, 3, 4, 17, 4, 8, 18, 6, 1, 4, 6, 9, 0, 4, 13, 4, 4, 0, 9, 6, 14, 6, 3, 2, 4, 9, 4, 14, 1, 6, 9, 6, 20, 21, 20, 20, 20, 21, 20, 13, 0, 18, 2, 11, 21, 21, 20, 20, 21, 2, 20, 21, 21, 15, 20, 6, 17, 13, 6, 21, 22, 11, 7, 22, 15, 3, 15, 13, 12, 1, 4, 16, 6, 7, 16, 14, 6, 12, 12, 2, 1, 7, 6, 16, 4, 5, 17, 1, 1, 1, 2, 8, 4, 16, 3, 3, 1, 1, 7, 13, 8, 8, 6, 8, 16, 10, 4, 22, 4, 4, 13, 4, 0, 2, 6, 14, 19, 14, 2, 7, 7, 10, 1, 7, 18, 19, 6, 6, 6, 6, 17, 6, 5, 2, 10, 2, 6, 6, 6, 6, 6, 0, 3, 8, 12, 14, 4, 4, 1, 4, 18, 17, 6, 14, 17, 6, 4, 14, 1, 4, 9, 6, 7, 4, 0, 4, 8, 12, 6, 9, 4, 14, 1, 6, 16, 6, 6, 6, 6, 1, 6, 6, 3, 1, 13, 4, 19, 13, 13, 9, 12, 0, 1, 18, 14, 6, 13, 1, 14, 3, 13, 5, 3, 3, 17, 2, 3, 3, 17, 10, 15, 3, 4, 3, 13, 13, 2, 7, 8, 17, 14, 7, 7, 6, 1, 7, 8, 0, 5, 1, 8, 1, 10, 1, 3, 1, 15, 2, 23, 2, 1, 5, 24, 1, 0, 1, 23, 23, 25, 3, 25, 8, 23, 0, 1, 10, 13, 13, 8, 1]"
xerces,2,seed2_solution062,seed2_solution062,0.7092739036664271,7.879379990891824,0.8125140326784802,0.7625709235979595,0.7092739036664271,-7.879379990891824,0.8125140326784802,True,False,"[0, 0, 0, 0, 0, 0, 0, 0, 0, 0, 0, 0, 0, 0, 1, 2, 0, 0, 0, 3, 2, 0, 0, 0, 0, 0, 3, 0, 0, 0, 0, 0, 0, 0, 0, 0, 0, 0, 0, 0, 0, 0, 0, 0, 0, 0, 0, 0, 0, 0, 0, 0, 0, 0, 0, 0, 0, 0, 0, 0, 0, 0, 0, 0, 0, 4, 0, 0, 4, 0, 0, 0, 0, 0, 0, 0, 0, 0, 0, 0, 0, 0, 0, 0, 0, 0, 0, 0, 0, 0, 0, 0, 0, 4, 0, 0, 0, 0, 0, 0, 4, 0, 5, 0, 0, 0, 6, 7, 6, 4, 1, 6, 0, 4, 8, 9, 6, 7, 7, 1, 7, 8, 7, 7, 7, 9, 8, 7, 7, 7, 8, 3, 10, 7, 8, 8, 7, 7, 7, 7, 8, 8, 8, 9, 8, 7, 1, 1, 7, 6, 1, 6, 8, 1, 1, 1, 1, 7, 1, 7, 1, 1, 1, 1, 1, 3, 5, 9, 8, 5, 1, 5, 1, 1, 1, 10, 9, 11, 12, 10, 11, 1, 10, 4, 6, 7, 1, 12, 1, 10, 12, 13, 11, 12, 13, 13, 14, 13, 13, 13, 13, 13, 13, 4, 14, 11, 15, 15, 13, 14, 12, 12, 10, 12, 12, 13, 12, 12, 11, 12, 16, 14, 12, 16, 12, 17, 13, 5, 13, 5, 6, 14, 13, 10, 12, 16, 9, 17, 16, 12, 13, 12, 9, 17, 16, 13, 14, 15, 10, 10, 13, 15, 9, 13, 16, 15, 12, 14, 1, 14, 9, 14, 16, 12, 12, 15, 13, 12, 11, 11, 11, 13, 12, 12, 12, 11, 15, 7, 13, 8, 7, 7, 8, 8, 12, 1, 5, 4, 1, 4, 14, 13, 9, 11, 11, 15, 14, 14, 15, 13, 14, 17, 14, 14, 13, 13, 16, 17, 17, 14, 12, 14, 16, 14, 17, 18, 14, 14, 12, 18, 14, 14, 14, 18, 14, 13, 17, 13, 14, 11, 17, 12, 14, 5, 3, 3, 5, 15, 11, 9, 13, 14, 12, 11, 15, 12, 9, 10, 3, 3, 5, 6, 4, 4, 4, 18, 5, 4, 5, 4, 11, 10, 15, 10, 11, 11, 9, 11, 8, 12, 5, 11, 10, 5, 4, 9, 1, 5, 10, 15, 9, 9, 10, 4, 4, 11, 5, 4, 5, 5, 8, 16, 5, 5, 5, 9, 14, 4, 17, 9, 9, 9, 4, 9, 16, 12, 18, 16, 17, 13, 16, 1, 17, 17, 19, 16, 18, 16, 19, 6, 19, 11, 4, 11, 2, 11, 16, 15, 4, 4, 15, 12, 8, 11, 6, 12, 15, 11, 13, 11, 11, 2, 17, 3, 9, 5, 13, 15, 12, 13, 5, 5, 9, 5, 11, 13, 4, 4, 12, 3, 17, 8, 11, 11, 11, 12, 12, 13, 9, 18, 18, 13, 16, 1, 1, 3, 1, 3, 1, 1, 16, 19, 15, 8, 1, 1, 4, 17, 12, 18, 18, 20, 16, 17, 5, 6, 1, 0, 2, 2, 4, 2, 17, 1, 3, 4, 3, 4, 5, 1, 1, 4, 4, 1, 5, 5, 4, 4, 18, 16, 19, 15, 16, 18, 18, 19, 3, 2, 3, 3, 3, 17, 18, 0, 20, 17, 8, 16, 1, 7, 3, 2, 3, 3, 16, 16, 5, 7, 19, 1, 1, 6, 1, 3, 3, 17, 2, 2, 3, 3, 1, 1, 3, 3, 3, 5, 3, 4, 3, 3, 3, 2, 9, 1, 15, 1, 1, 1, 1, 3, 2, 13, 3, 3, 19, 1, 20, 20, 20, 21, 10, 10, 21, 10, 21, 10, 10, 21, 19, 21, 20, 21, 1, 20, 10, 12, 20, 10, 21, 1, 21, 9, 21, 21, 21, 3, 14, 22, 2, 12, 13, 17, 19, 2, 3, 20, 3, 18, 16, 2, 1, 15, 14, 8, 2, 3, 1, 2, 2, 3, 11, 3, 2, 2, 2, 2, 3, 16, 5, 11, 2, 2, 3, 9, 7, 9, 5, 1, 12, 8, 3, 22, 2, 3, 16, 3, 8, 15, 1, 23, 24, 25, 24, 24, 23, 23, 25, 20, 23, 23, 1, 7, 1, 1, 1, 9, 1, 6, 1, 8, 1, 1, 1, 1, 1, 19, 1, 8, 16, 4, 3, 2, 5, 3, 2, 2, 6, 6, 17, 6, 7, 6, 6, 6, 1, 1, 1, 3, 1, 2, 17, 16, 1, 2, 2, 3, 2, 4, 12, 1, 1, 9, 9, 1, 7, 7, 6, 5, 8, 3, 18, 4, 4, 4, 11, 11, 15, 11, 6, 11, 4, 13, 11, 5, 3, 3, 12, 11, 6, 5, 5, 15, 16, 16, 13, 11, 12, 9, 5, 5, 4, 13, 11, 14, 10, 15, 12, 1, 2, 2, 10, 2, 2, 2, 2, 2, 2, 1, 2, 2, 25, 26, 27, 28, 2, 27, 27, 2, 8, 26, 26, 28, 26, 25, 26, 28, 28, 2, 3, 2, 2, 2, 27, 2]"
xerces,2,seed2_solution063,seed2_solution063,0.7192235801581596,11.088734415910752,1.3121336317771195,0.7514479065226698,0.7192235801581596,-11.088734415910752,1.3121336317771195,True,False,"[0, 1, 0, 0, 2, 2, 0, 0, 0, 0, 2, 2, 0, 1, 1, 2, 3, 0, 2, 4, 2, 3, 0, 0, 0, 0, 3, 1, 4, 0, 0, 2, 2, 0, 1, 0, 0, 1, 0, 0, 3, 4, 1, 1, 1, 1, 0, 0, 0, 3, 1, 3, 2, 0, 1, 4, 0, 0, 2, 0, 0, 3, 0, 0, 0, 4, 0, 0, 0, 0, 3, 3, 3, 0, 0, 0, 0, 0, 0, 0, 3, 0, 0, 0, 0, 2, 3, 3, 1, 0, 0, 0, 0, 4, 2, 1, 0, 0, 2, 1, 2, 0, 1, 0, 0, 1, 1, 5, 0, 1, 0, 4, 0, 4, 6, 3, 6, 2, 6, 1, 6, 1, 6, 6, 2, 4, 3, 6, 6, 3, 4, 3, 6, 3, 1, 4, 6, 6, 6, 6, 4, 6, 6, 3, 0, 6, 1, 1, 6, 6, 0, 6, 6, 2, 3, 1, 0, 1, 3, 6, 4, 1, 0, 1, 1, 3, 6, 1, 1, 3, 1, 3, 4, 1, 1, 2, 3, 3, 0, 7, 7, 1, 7, 1, 0, 1, 1, 8, 0, 4, 9, 4, 10, 8, 10, 10, 3, 4, 10, 2, 3, 0, 3, 0, 4, 1, 1, 9, 9, 9, 3, 9, 9, 4, 0, 9, 9, 4, 4, 8, 9, 2, 1, 2, 9, 4, 2, 9, 9, 2, 8, 9, 1, 1, 4, 2, 0, 3, 2, 3, 1, 9, 8, 4, 9, 8, 4, 4, 2, 1, 9, 9, 1, 9, 9, 2, 9, 9, 1, 1, 3, 9, 1, 3, 2, 0, 8, 8, 1, 0, 8, 0, 1, 8, 4, 8, 9, 4, 3, 6, 6, 0, 0, 2, 1, 3, 4, 11, 3, 3, 12, 1, 12, 2, 4, 1, 2, 12, 12, 13, 13, 13, 1, 0, 13, 4, 13, 13, 3, 13, 0, 4, 13, 13, 2, 1, 13, 13, 13, 0, 3, 13, 4, 1, 13, 13, 13, 0, 13, 2, 0, 4, 1, 4, 1, 1, 4, 3, 8, 8, 0, 4, 8, 2, 1, 8, 8, 0, 1, 3, 4, 1, 0, 0, 4, 4, 4, 3, 0, 1, 3, 8, 2, 2, 2, 8, 3, 8, 1, 0, 8, 2, 4, 1, 3, 0, 1, 8, 0, 4, 8, 8, 2, 4, 4, 12, 4, 2, 3, 4, 4, 1, 2, 2, 4, 7, 4, 1, 2, 7, 0, 7, 2, 7, 0, 1, 3, 11, 11, 11, 11, 1, 2, 2, 2, 2, 4, 6, 1, 3, 11, 8, 8, 8, 2, 8, 11, 3, 1, 3, 8, 1, 0, 2, 8, 4, 8, 8, 8, 8, 2, 3, 2, 3, 8, 0, 8, 4, 2, 0, 0, 1, 8, 3, 8, 1, 8, 8, 8, 3, 1, 1, 3, 8, 0, 8, 3, 8, 4, 11, 11, 4, 11, 1, 1, 1, 3, 3, 1, 1, 11, 2, 11, 4, 1, 3, 3, 14, 14, 14, 14, 1, 1, 14, 1, 2, 2, 0, 2, 2, 3, 3, 2, 3, 3, 3, 3, 0, 0, 3, 4, 1, 1, 0, 4, 4, 4, 0, 11, 11, 4, 11, 3, 2, 11, 11, 3, 3, 3, 3, 4, 11, 3, 1, 1, 11, 1, 11, 1, 1, 3, 1, 3, 1, 2, 11, 4, 0, 2, 1, 1, 1, 1, 3, 3, 11, 3, 3, 3, 1, 2, 1, 3, 2, 3, 3, 3, 3, 2, 3, 3, 1, 1, 1, 2, 1, 1, 1, 3, 3, 4, 2, 3, 3, 0, 3, 2, 1, 0, 3, 15, 1, 15, 4, 0, 0, 15, 15, 15, 15, 1, 1, 2, 15, 15, 2, 15, 15, 15, 1, 2, 1, 3, 3, 16, 0, 3, 17, 1, 0, 8, 4, 11, 2, 3, 1, 1, 2, 11, 3, 1, 11, 3, 6, 2, 2, 1, 2, 1, 1, 3, 2, 3, 2, 2, 3, 3, 11, 8, 8, 3, 3, 4, 6, 0, 6, 3, 1, 6, 6, 3, 17, 3, 3, 3, 3, 4, 2, 3, 18, 18, 4, 0, 18, 0, 3, 2, 1, 18, 2, 3, 0, 1, 1, 1, 1, 1, 1, 1, 1, 1, 1, 0, 1, 1, 3, 1, 4, 11, 3, 3, 4, 3, 0, 3, 3, 0, 1, 2, 0, 1, 1, 6, 1, 1, 1, 1, 3, 4, 1, 2, 11, 1, 2, 4, 1, 3, 1, 11, 0, 1, 1, 1, 2, 1, 1, 2, 1, 12, 2, 0, 0, 4, 3, 8, 8, 8, 8, 19, 1, 1, 3, 8, 4, 4, 3, 8, 1, 1, 8, 8, 2, 8, 8, 8, 4, 8, 0, 8, 4, 0, 9, 8, 9, 9, 9, 0, 0, 2, 2, 2, 2, 4, 2, 1, 0, 3, 2, 2, 20, 11, 0, 3, 21, 0, 20, 4, 1, 21, 21, 21, 21, 21, 21, 3, 1, 4, 0, 2, 2, 1, 4, 3, 2]"
xerces,2,seed2_solution064,seed2_solution064,0.7282818116462976,8.219052484689778,0.8103024986948529,0.8038703894795136,0.7282818116462976,-8.219052484689778,0.8103024986948529,True,False,"[0, 0, 0, 0, 1, 0, 0, 2, 0, 1, 3, 0, 0, 4, 3, 0, 0, 0, 0, 2, 5, 0, 0, 0, 0, 6, 2, 0, 0, 7, 0, 7, 3, 0, 0, 8, 0, 0, 0, 0, 0, 0, 0, 0, 0, 0, 0, 0, 5, 0, 9, 2, 0, 0, 6, 0, 5, 0, 0, 0, 4, 0, 0, 3, 10, 11, 0, 0, 2, 0, 0, 0, 0, 0, 10, 12, 0, 0, 0, 0, 6, 0, 0, 12, 0, 4, 4, 0, 6, 0, 0, 0, 13, 14, 0, 0, 0, 0, 0, 15, 4, 8, 3, 0, 0, 0, 3, 10, 3, 16, 16, 10, 0, 6, 10, 5, 5, 5, 17, 16, 12, 15, 2, 5, 5, 1, 5, 5, 1, 0, 5, 12, 18, 5, 5, 5, 11, 7, 6, 5, 1, 5, 10, 12, 12, 5, 16, 16, 5, 0, 16, 10, 5, 16, 1, 16, 16, 16, 16, 5, 13, 15, 16, 14, 16, 1, 5, 16, 4, 1, 16, 16, 16, 16, 17, 13, 7, 7, 7, 18, 7, 16, 18, 11, 6, 2, 16, 13, 16, 18, 12, 8, 13, 13, 8, 8, 8, 8, 9, 12, 4, 11, 8, 11, 3, 13, 7, 18, 11, 17, 7, 11, 1, 14, 8, 14, 4, 18, 15, 14, 4, 3, 13, 13, 11, 8, 7, 4, 13, 10, 13, 4, 11, 15, 7, 16, 12, 6, 4, 18, 4, 10, 12, 6, 13, 13, 4, 4, 1, 4, 6, 18, 0, 4, 15, 4, 6, 6, 16, 7, 1, 13, 14, 11, 14, 6, 13, 4, 13, 13, 17, 7, 11, 1, 14, 11, 19, 4, 4, 5, 10, 17, 2, 5, 5, 16, 2, 11, 16, 2, 11, 11, 11, 8, 18, 11, 15, 8, 11, 15, 18, 18, 4, 18, 18, 4, 18, 18, 18, 5, 4, 18, 15, 18, 3, 9, 7, 8, 18, 11, 4, 4, 14, 15, 17, 4, 4, 13, 2, 18, 8, 14, 14, 5, 10, 15, 2, 11, 4, 4, 8, 13, 11, 9, 7, 11, 13, 15, 1, 3, 9, 2, 11, 2, 1, 18, 12, 2, 2, 2, 13, 13, 7, 13, 13, 13, 1, 13, 13, 13, 13, 7, 13, 2, 1, 11, 16, 13, 11, 13, 13, 13, 2, 7, 2, 11, 10, 1, 2, 3, 14, 11, 2, 2, 10, 7, 17, 13, 8, 8, 17, 7, 6, 8, 7, 7, 15, 17, 17, 17, 12, 11, 19, 11, 17, 15, 4, 12, 12, 16, 11, 6, 15, 18, 9, 2, 19, 11, 13, 7, 7, 12, 12, 6, 5, 13, 7, 13, 13, 13, 13, 7, 10, 1, 11, 13, 8, 13, 14, 8, 8, 9, 13, 2, 16, 9, 17, 4, 13, 1, 12, 13, 13, 13, 6, 13, 0, 0, 1, 1, 3, 12, 12, 16, 16, 2, 16, 10, 16, 10, 14, 12, 10, 4, 16, 16, 18, 17, 17, 19, 19, 17, 20, 18, 2, 16, 16, 0, 9, 18, 12, 1, 14, 17, 1, 1, 3, 1, 2, 9, 5, 11, 16, 16, 0, 2, 2, 2, 19, 19, 12, 12, 16, 13, 16, 17, 14, 2, 1, 2, 3, 12, 21, 0, 2, 14, 10, 12, 16, 2, 0, 3, 1, 1, 12, 14, 16, 16, 20, 16, 16, 16, 16, 17, 1, 12, 1, 1, 1, 1, 16, 16, 5, 1, 1, 1, 1, 1, 1, 1, 2, 9, 1, 7, 7, 16, 16, 10, 16, 1, 1, 4, 9, 1, 19, 16, 21, 20, 21, 22, 18, 21, 21, 21, 21, 17, 21, 9, 20, 16, 20, 22, 20, 20, 22, 21, 10, 14, 21, 1, 15, 1, 22, 22, 13, 9, 12, 23, 1, 12, 15, 18, 20, 9, 1, 11, 16, 18, 3, 1, 16, 19, 6, 5, 3, 9, 16, 9, 9, 9, 11, 5, 9, 5, 9, 9, 3, 8, 13, 13, 1, 9, 9, 5, 5, 12, 9, 16, 5, 5, 6, 23, 9, 9, 12, 1, 5, 10, 16, 24, 4, 24, 12, 25, 17, 24, 17, 25, 17, 18, 16, 2, 18, 16, 15, 25, 16, 16, 16, 16, 16, 16, 16, 16, 16, 12, 16, 1, 4, 1, 3, 1, 9, 1, 1, 9, 5, 10, 18, 16, 16, 16, 5, 3, 7, 14, 16, 0, 0, 1, 12, 12, 16, 5, 9, 5, 5, 16, 14, 16, 16, 16, 16, 9, 16, 16, 2, 2, 14, 9, 18, 11, 13, 13, 7, 12, 5, 7, 4, 13, 2, 13, 13, 2, 2, 2, 13, 6, 10, 10, 9, 7, 15, 7, 13, 2, 13, 1, 13, 14, 11, 4, 13, 4, 3, 7, 13, 16, 9, 9, 9, 0, 12, 9, 9, 9, 9, 3, 6, 9, 26, 26, 27, 10, 9, 15, 28, 9, 28, 26, 25, 28, 27, 28, 28, 27, 27, 9, 9, 9, 9, 9, 9, 9]"
xerces,2,seed2_solution066,seed2_solution066,0.7436376707404745,8.140289367814697,0.7947216131408867,0.8244126667604779,0.7436376707404745,-8.140289367814697,0.7947216131408867,True,False,"[0, 1, 0, 0, 0, 2, 0, 0, 0, 3, 0, 0, 2, 0, 1, 0, 0, 4, 0, 5, 6, 0, 0, 0, 0, 7, 3, 0, 0, 8, 9, 0, 0, 10, 0, 0, 0, 0, 0, 0, 0, 0, 0, 0, 0, 0, 0, 5, 6, 0, 0, 0, 0, 0, 7, 0, 0, 0, 0, 0, 0, 0, 0, 10, 0, 5, 11, 0, 3, 0, 0, 0, 0, 0, 4, 10, 0, 0, 0, 0, 0, 0, 0, 0, 0, 12, 0, 0, 0, 0, 0, 0, 9, 13, 0, 0, 0, 0, 0, 14, 12, 0, 4, 0, 0, 10, 10, 10, 4, 1, 1, 10, 0, 15, 4, 7, 4, 6, 16, 1, 6, 14, 5, 17, 12, 7, 10, 6, 3, 6, 15, 3, 7, 6, 7, 10, 17, 8, 6, 6, 3, 10, 4, 7, 7, 6, 1, 1, 12, 0, 1, 4, 4, 1, 1, 1, 1, 1, 1, 3, 1, 1, 1, 13, 1, 3, 10, 1, 12, 3, 1, 10, 1, 1, 1, 8, 8, 15, 9, 11, 9, 1, 11, 1, 1, 5, 5, 13, 1, 11, 10, 18, 15, 16, 12, 18, 2, 18, 12, 12, 18, 18, 12, 17, 17, 11, 8, 1, 9, 16, 8, 15, 8, 18, 18, 13, 18, 15, 15, 13, 13, 17, 2, 13, 18, 14, 15, 10, 9, 10, 4, 7, 10, 14, 18, 15, 15, 15, 15, 11, 15, 18, 15, 14, 15, 12, 12, 15, 15, 8, 12, 16, 9, 12, 15, 12, 15, 7, 1, 9, 15, 8, 13, 13, 18, 7, 12, 8, 15, 9, 8, 4, 15, 8, 13, 15, 11, 6, 15, 10, 8, 6, 7, 7, 7, 1, 3, 17, 1, 5, 17, 9, 18, 17, 11, 11, 14, 18, 12, 14, 8, 14, 12, 17, 11, 5, 18, 18, 14, 17, 18, 17, 14, 17, 10, 16, 14, 17, 11, 17, 2, 12, 13, 14, 16, 12, 14, 9, 5, 4, 18, 13, 6, 4, 4, 3, 5, 8, 12, 9, 8, 8, 8, 8, 11, 8, 8, 8, 3, 3, 5, 5, 17, 5, 3, 11, 5, 17, 10, 1, 8, 11, 8, 10, 13, 3, 3, 8, 8, 8, 10, 7, 9, 4, 3, 0, 1, 9, 17, 8, 9, 9, 8, 8, 15, 15, 5, 5, 10, 10, 5, 17, 10, 4, 5, 9, 17, 3, 18, 9, 16, 9, 5, 9, 9, 18, 16, 13, 5, 12, 12, 17, 13, 13, 19, 13, 13, 15, 18, 13, 19, 7, 8, 15, 2, 5, 13, 11, 5, 8, 8, 15, 15, 8, 6, 6, 8, 8, 9, 7, 16, 8, 1, 17, 17, 8, 8, 8, 18, 12, 10, 5, 9, 18, 1, 12, 16, 0, 13, 3, 14, 8, 8, 8, 15, 8, 0, 8, 3, 16, 12, 9, 13, 2, 1, 5, 1, 3, 1, 1, 18, 19, 11, 12, 1, 17, 5, 14, 16, 14, 19, 9, 13, 11, 5, 2, 0, 0, 2, 11, 15, 6, 12, 16, 3, 5, 10, 3, 5, 2, 6, 17, 1, 1, 0, 2, 3, 5, 15, 4, 19, 11, 1, 9, 1, 16, 3, 5, 3, 5, 3, 18, 12, 0, 5, 13, 1, 13, 1, 5, 3, 10, 3, 3, 13, 12, 1, 1, 19, 1, 1, 1, 1, 3, 10, 18, 15, 3, 5, 10, 1, 1, 3, 4, 5, 5, 3, 10, 3, 3, 3, 0, 3, 1, 11, 1, 1, 1, 1, 10, 3, 12, 2, 10, 13, 1, 6, 20, 20, 21, 20, 20, 1, 20, 21, 16, 8, 2, 19, 21, 19, 21, 21, 19, 8, 13, 4, 8, 21, 1, 14, 21, 21, 21, 9, 10, 17, 22, 3, 8, 12, 14, 13, 2, 3, 13, 15, 16, 10, 2, 1, 11, 7, 7, 2, 10, 2, 2, 8, 3, 12, 3, 6, 6, 2, 2, 3, 13, 8, 3, 3, 2, 2, 3, 6, 15, 10, 10, 18, 7, 3, 22, 2, 3, 13, 13, 7, 4, 1, 23, 24, 24, 15, 23, 18, 24, 25, 16, 16, 25, 1, 5, 12, 1, 14, 3, 1, 4, 1, 7, 1, 1, 1, 1, 1, 12, 1, 3, 12, 3, 3, 2, 10, 4, 2, 5, 4, 4, 14, 1, 1, 1, 4, 10, 1, 13, 1, 3, 1, 3, 5, 13, 1, 6, 2, 6, 2, 5, 18, 1, 1, 3, 7, 12, 1, 5, 5, 6, 13, 2, 11, 5, 5, 5, 8, 15, 6, 8, 25, 7, 5, 9, 15, 10, 3, 5, 13, 7, 4, 10, 2, 11, 8, 8, 9, 7, 16, 8, 15, 13, 8, 12, 12, 15, 8, 8, 17, 1, 2, 2, 5, 0, 2, 2, 2, 16, 2, 10, 2, 2, 21, 26, 27, 4, 2, 27, 27, 2, 7, 26, 26, 20, 26, 21, 27, 5, 27, 6, 3, 2, 2, 2, 2, 2]"
xerces,2,seed2_solution067,seed2_solution067,0.7562904385334291,12.151278081320921,1.7046728376157874,0.7751942214335259,0.7562904385334291,-12.151278081320921,1.7046728376157874,True,False,"[0, 1, 1, 0, 2, 2, 0, 0, 2, 1, 0, 0, 0, 0, 1, 2, 3, 0, 0, 0, 2, 3, 0, 0, 0, 0, 0, 1, 4, 0, 0, 2, 2, 0, 1, 0, 0, 0, 0, 2, 3, 4, 1, 1, 1, 2, 3, 1, 0, 3, 3, 3, 2, 0, 1, 1, 5, 1, 2, 1, 0, 3, 1, 0, 0, 1, 1, 0, 1, 0, 0, 3, 0, 0, 0, 0, 2, 1, 0, 1, 3, 0, 3, 0, 1, 2, 1, 3, 1, 1, 2, 0, 2, 0, 2, 1, 1, 0, 0, 2, 2, 0, 1, 0, 0, 2, 0, 6, 0, 1, 0, 1, 3, 0, 7, 3, 7, 2, 0, 1, 7, 2, 7, 2, 2, 1, 0, 0, 7, 1, 2, 0, 1, 3, 1, 0, 1, 7, 7, 0, 0, 7, 2, 3, 0, 7, 1, 1, 0, 1, 0, 7, 0, 2, 1, 1, 0, 2, 1, 7, 1, 1, 0, 1, 0, 0, 1, 1, 1, 1, 0, 0, 0, 3, 3, 2, 3, 3, 0, 8, 0, 1, 8, 1, 3, 2, 1, 1, 0, 4, 0, 1, 3, 2, 0, 9, 3, 4, 1, 0, 1, 1, 3, 1, 1, 1, 1, 0, 10, 1, 3, 0, 10, 4, 0, 0, 0, 4, 0, 11, 2, 0, 0, 2, 3, 1, 1, 2, 10, 1, 3, 10, 0, 1, 4, 1, 0, 3, 0, 3, 1, 10, 1, 0, 10, 1, 0, 0, 2, 1, 10, 10, 1, 2, 10, 0, 1, 0, 1, 0, 3, 3, 1, 3, 2, 0, 0, 0, 1, 1, 0, 1, 1, 11, 4, 0, 10, 4, 0, 1, 7, 0, 0, 2, 2, 1, 4, 12, 0, 3, 13, 1, 0, 2, 1, 1, 2, 1, 3, 14, 0, 2, 1, 0, 0, 4, 0, 14, 3, 1, 0, 4, 1, 14, 2, 1, 14, 14, 1, 0, 3, 14, 1, 1, 14, 1, 1, 1, 14, 2, 1, 1, 1, 2, 0, 3, 0, 3, 0, 11, 0, 4, 11, 2, 1, 2, 11, 1, 1, 3, 0, 1, 0, 0, 4, 3, 4, 1, 0, 2, 2, 1, 1, 2, 2, 1, 3, 1, 0, 3, 0, 2, 0, 1, 0, 0, 1, 11, 3, 4, 11, 0, 2, 1, 1, 13, 0, 2, 1, 4, 4, 1, 2, 2, 4, 0, 0, 1, 1, 8, 0, 0, 2, 0, 0, 1, 3, 1, 12, 12, 3, 2, 1, 0, 2, 2, 1, 7, 1, 3, 12, 1, 11, 1, 0, 11, 2, 3, 0, 3, 3, 1, 0, 2, 11, 4, 1, 0, 1, 11, 1, 3, 2, 3, 11, 0, 0, 0, 3, 0, 0, 1, 11, 3, 0, 1, 0, 11, 0, 3, 1, 1, 3, 1, 0, 0, 3, 1, 4, 12, 12, 4, 12, 1, 1, 0, 3, 3, 1, 2, 12, 2, 1, 1, 1, 1, 1, 5, 5, 0, 5, 0, 1, 1, 0, 0, 2, 1, 1, 3, 0, 3, 3, 1, 3, 1, 1, 0, 0, 3, 1, 1, 3, 0, 4, 4, 0, 0, 12, 2, 3, 0, 3, 2, 12, 12, 3, 0, 2, 1, 2, 12, 0, 1, 0, 12, 1, 12, 0, 0, 3, 1, 3, 1, 0, 1, 4, 0, 3, 1, 1, 1, 1, 0, 2, 1, 3, 0, 1, 0, 3, 2, 3, 2, 3, 3, 0, 0, 2, 3, 3, 1, 1, 1, 1, 1, 1, 3, 3, 3, 1, 2, 3, 3, 0, 1, 2, 0, 1, 3, 1, 2, 15, 1, 0, 0, 15, 15, 1, 0, 1, 1, 3, 0, 1, 2, 1, 1, 0, 1, 2, 1, 3, 3, 16, 1, 1, 17, 0, 3, 3, 4, 1, 1, 3, 0, 0, 2, 1, 0, 1, 12, 3, 0, 0, 3, 0, 2, 0, 3, 3, 2, 3, 3, 0, 1, 0, 2, 11, 11, 3, 3, 0, 3, 3, 7, 3, 1, 7, 0, 3, 17, 3, 0, 2, 3, 4, 2, 3, 18, 18, 0, 0, 3, 3, 3, 2, 2, 2, 2, 3, 3, 1, 2, 3, 1, 1, 1, 1, 3, 1, 1, 3, 1, 3, 2, 1, 4, 1, 2, 3, 4, 2, 2, 2, 3, 0, 3, 2, 3, 0, 1, 3, 1, 2, 2, 1, 3, 3, 3, 2, 12, 3, 2, 4, 2, 2, 1, 12, 0, 2, 1, 1, 0, 2, 2, 0, 3, 3, 1, 0, 3, 3, 3, 11, 11, 0, 3, 3, 0, 1, 3, 11, 4, 3, 3, 2, 2, 1, 11, 1, 2, 2, 11, 2, 4, 11, 0, 11, 4, 0, 10, 2, 10, 10, 3, 0, 0, 2, 2, 2, 2, 4, 3, 3, 3, 3, 2, 2, 2, 1, 0, 2, 3, 0, 19, 4, 1, 20, 2, 2, 2, 20, 20, 2, 2, 3, 2, 2, 2, 1, 4, 2, 2]"
xerces,2,seed2_solution068,seed2_solution068,0.7594536304816679,11.644496433572076,1.695183022359705,0.7750406055101582,0.7594536304816679,-11.644496433572076,1.695183022359705,True,False,"[0, 1, 1, 0, 2, 2, 0, 0, 2, 1, 0, 0, 0, 0, 1, 2, 3, 0, 0, 0, 2, 3, 0, 0, 0, 0, 0, 1, 4, 0, 0, 2, 2, 0, 1, 0, 0, 0, 0, 2, 3, 4, 1, 1, 1, 2, 3, 1, 0, 3, 3, 3, 2, 5, 1, 1, 6, 1, 2, 1, 0, 3, 1, 0, 0, 1, 1, 0, 1, 0, 0, 3, 0, 0, 0, 0, 2, 1, 0, 1, 3, 0, 3, 0, 1, 2, 1, 3, 1, 1, 2, 0, 2, 0, 2, 1, 1, 0, 0, 2, 2, 0, 1, 0, 0, 2, 0, 7, 0, 1, 0, 1, 3, 0, 5, 3, 5, 2, 0, 1, 5, 2, 5, 2, 2, 1, 0, 0, 5, 1, 2, 0, 1, 3, 1, 0, 1, 5, 5, 0, 0, 5, 2, 3, 0, 5, 1, 1, 0, 1, 0, 5, 0, 2, 1, 1, 0, 2, 1, 5, 1, 1, 0, 1, 0, 0, 1, 1, 1, 1, 0, 0, 0, 3, 3, 2, 3, 3, 0, 8, 0, 1, 8, 1, 3, 2, 1, 1, 0, 4, 0, 1, 3, 2, 0, 9, 3, 4, 1, 0, 1, 1, 3, 1, 1, 1, 1, 0, 10, 1, 3, 0, 10, 4, 0, 0, 0, 4, 0, 11, 2, 0, 0, 2, 3, 1, 1, 2, 10, 1, 3, 10, 0, 1, 4, 1, 0, 3, 0, 3, 1, 10, 1, 0, 10, 1, 0, 0, 2, 1, 10, 10, 1, 2, 10, 0, 1, 0, 1, 0, 3, 3, 1, 3, 2, 0, 0, 0, 1, 1, 0, 1, 1, 11, 4, 0, 10, 4, 0, 1, 5, 0, 0, 2, 2, 1, 4, 12, 0, 3, 13, 1, 0, 2, 1, 1, 2, 1, 3, 14, 0, 2, 1, 0, 0, 4, 0, 14, 3, 1, 0, 4, 1, 14, 2, 1, 14, 14, 1, 0, 3, 14, 1, 1, 14, 1, 1, 1, 14, 2, 1, 1, 1, 2, 0, 3, 0, 3, 0, 11, 0, 4, 11, 2, 1, 2, 11, 1, 1, 3, 0, 1, 0, 0, 4, 3, 4, 1, 0, 2, 2, 1, 1, 2, 2, 1, 3, 1, 0, 3, 0, 2, 0, 1, 0, 0, 1, 11, 3, 4, 11, 0, 2, 1, 1, 13, 0, 2, 1, 4, 4, 1, 2, 2, 4, 0, 0, 1, 1, 8, 0, 0, 2, 0, 0, 1, 3, 1, 12, 12, 3, 2, 1, 0, 2, 2, 1, 5, 1, 3, 12, 1, 11, 1, 0, 11, 2, 3, 0, 3, 3, 1, 0, 2, 11, 4, 1, 0, 1, 11, 1, 3, 2, 3, 11, 0, 0, 0, 3, 0, 0, 1, 11, 3, 0, 1, 0, 11, 0, 3, 1, 1, 3, 1, 0, 0, 3, 1, 4, 12, 12, 4, 8, 1, 1, 0, 3, 3, 1, 2, 12, 2, 1, 1, 1, 1, 1, 6, 6, 0, 6, 0, 1, 1, 0, 0, 2, 1, 1, 3, 0, 3, 3, 1, 3, 1, 1, 0, 0, 3, 1, 1, 3, 0, 4, 4, 0, 0, 12, 2, 3, 0, 3, 2, 12, 12, 3, 0, 2, 1, 2, 12, 0, 1, 0, 12, 1, 12, 0, 0, 3, 1, 3, 1, 0, 1, 4, 0, 3, 1, 1, 1, 1, 0, 2, 1, 3, 0, 1, 0, 3, 2, 3, 2, 3, 3, 0, 0, 2, 3, 3, 1, 1, 1, 1, 1, 1, 3, 3, 3, 1, 2, 3, 3, 0, 1, 2, 0, 1, 3, 1, 2, 15, 1, 0, 0, 15, 15, 1, 0, 1, 1, 3, 0, 1, 2, 1, 1, 0, 1, 2, 1, 3, 3, 16, 1, 1, 17, 0, 3, 3, 4, 1, 1, 3, 0, 0, 2, 1, 0, 1, 12, 3, 0, 0, 3, 0, 2, 0, 3, 3, 2, 3, 3, 0, 1, 0, 2, 11, 11, 3, 3, 0, 3, 3, 5, 3, 1, 5, 0, 3, 17, 3, 0, 2, 3, 4, 2, 3, 18, 18, 0, 0, 3, 3, 3, 2, 2, 2, 2, 3, 3, 1, 2, 3, 1, 1, 1, 1, 3, 1, 1, 3, 1, 3, 2, 1, 4, 1, 2, 3, 4, 2, 2, 2, 3, 0, 3, 2, 3, 0, 1, 3, 1, 2, 2, 1, 3, 3, 3, 2, 12, 3, 2, 4, 2, 2, 1, 12, 0, 2, 1, 1, 0, 2, 2, 0, 3, 3, 1, 0, 3, 3, 3, 11, 11, 0, 3, 3, 0, 1, 3, 11, 4, 3, 3, 2, 2, 1, 11, 1, 2, 2, 11, 2, 4, 11, 0, 11, 4, 0, 10, 2, 10, 10, 3, 10, 0, 2, 2, 2, 8, 4, 3, 3, 3, 3, 2, 2, 2, 1, 0, 2, 3, 0, 19, 4, 1, 20, 2, 2, 2, 20, 20, 2, 2, 3, 2, 2, 2, 1, 4, 2, 2]"
xerces,2,seed2_solution069,seed2_solution069,0.7606613946800863,11.20335709903025,1.6519290169455603,0.7974339828190076,0.7606613946800863,-11.20335709903025,1.6519290169455603,True,False,"[0, 1, 2, 0, 0, 2, 0, 1, 1, 0, 0, 0, 2, 0, 1, 2, 1, 0, 0, 0, 3, 0, 2, 2, 0, 2, 0, 0, 1, 0, 0, 1, 0, 1, 1, 2, 3, 0, 0, 2, 1, 0, 0, 0, 3, 4, 1, 3, 0, 2, 0, 0, 2, 1, 5, 2, 0, 0, 2, 0, 0, 1, 0, 1, 0, 5, 1, 1, 2, 3, 0, 0, 1, 0, 2, 1, 4, 0, 1, 0, 2, 0, 2, 2, 1, 0, 0, 1, 4, 0, 2, 0, 1, 2, 0, 0, 4, 2, 0, 0, 4, 6, 7, 1, 0, 5, 1, 1, 3, 0, 1, 5, 0, 0, 1, 0, 8, 0, 4, 1, 4, 1, 0, 8, 2, 1, 8, 2, 8, 8, 8, 0, 4, 0, 0, 1, 0, 8, 8, 8, 2, 0, 2, 2, 1, 1, 1, 1, 8, 1, 1, 8, 8, 0, 2, 2, 2, 1, 0, 2, 1, 0, 2, 1, 1, 2, 0, 1, 1, 8, 1, 2, 0, 0, 1, 0, 1, 9, 0, 0, 2, 2, 4, 1, 2, 0, 0, 10, 3, 0, 11, 1, 12, 1, 12, 1, 0, 2, 0, 2, 0, 1, 0, 2, 11, 2, 0, 3, 2, 0, 3, 2, 1, 0, 1, 11, 0, 3, 1, 10, 0, 2, 4, 4, 11, 1, 2, 5, 0, 1, 1, 1, 4, 1, 11, 0, 2, 1, 4, 11, 2, 2, 1, 2, 1, 2, 11, 2, 1, 1, 11, 11, 5, 0, 2, 11, 1, 2, 1, 1, 2, 11, 1, 1, 2, 2, 1, 1, 10, 1, 2, 1, 0, 10, 0, 0, 0, 11, 0, 8, 2, 0, 0, 8, 1, 2, 3, 0, 2, 2, 13, 2, 0, 0, 13, 1, 0, 13, 13, 5, 3, 0, 1, 2, 0, 2, 0, 2, 2, 2, 5, 1, 14, 1, 14, 2, 2, 0, 14, 5, 14, 0, 0, 2, 3, 14, 0, 1, 2, 2, 5, 0, 2, 3, 2, 13, 1, 1, 1, 2, 0, 1, 0, 0, 5, 1, 2, 10, 5, 0, 0, 0, 2, 1, 3, 0, 2, 3, 3, 1, 1, 1, 3, 10, 0, 1, 2, 1, 1, 2, 0, 0, 3, 1, 5, 1, 1, 10, 1, 5, 10, 10, 3, 1, 1, 1, 2, 3, 1, 0, 2, 3, 3, 4, 15, 0, 0, 10, 9, 1, 2, 5, 1, 1, 0, 1, 2, 2, 15, 2, 1, 5, 15, 2, 15, 2, 2, 1, 0, 1, 1, 10, 5, 10, 2, 1, 0, 2, 0, 1, 2, 1, 0, 2, 10, 10, 0, 2, 2, 1, 2, 5, 15, 0, 1, 0, 5, 5, 10, 0, 1, 3, 10, 3, 2, 1, 2, 5, 0, 4, 4, 10, 0, 0, 10, 1, 0, 0, 0, 1, 15, 0, 1, 1, 0, 1, 0, 2, 1, 2, 0, 15, 0, 1, 0, 3, 4, 1, 1, 2, 6, 0, 3, 1, 0, 2, 2, 0, 1, 1, 5, 0, 1, 2, 4, 1, 5, 5, 2, 2, 2, 2, 1, 4, 3, 5, 0, 3, 15, 0, 4, 0, 15, 0, 15, 3, 4, 1, 5, 2, 0, 4, 15, 1, 16, 15, 1, 1, 2, 0, 4, 5, 1, 5, 0, 2, 1, 3, 2, 1, 0, 1, 0, 5, 2, 15, 1, 4, 2, 5, 0, 1, 5, 5, 2, 1, 1, 0, 4, 17, 18, 4, 3, 4, 0, 0, 0, 2, 1, 3, 1, 5, 5, 5, 2, 5, 0, 2, 18, 2, 0, 0, 18, 0, 0, 18, 2, 3, 18, 18, 18, 18, 4, 18, 0, 1, 2, 18, 1, 3, 0, 1, 0, 1, 2, 0, 15, 19, 1, 2, 2, 6, 0, 0, 2, 2, 1, 0, 0, 1, 1, 1, 2, 2, 1, 2, 1, 2, 0, 2, 1, 1, 0, 2, 2, 2, 5, 1, 2, 1, 2, 0, 2, 12, 2, 2, 2, 4, 1, 0, 5, 19, 3, 3, 0, 1, 2, 4, 1, 2, 16, 2, 2, 0, 1, 1, 2, 3, 0, 16, 1, 0, 1, 0, 1, 1, 1, 1, 0, 1, 0, 2, 3, 4, 1, 2, 1, 0, 15, 5, 0, 0, 0, 4, 2, 0, 5, 1, 0, 0, 2, 0, 0, 0, 0, 1, 2, 2, 3, 1, 2, 2, 0, 2, 1, 1, 0, 0, 4, 1, 1, 0, 4, 2, 2, 3, 1, 1, 3, 1, 15, 3, 3, 0, 10, 0, 2, 2, 4, 2, 2, 1, 10, 0, 3, 5, 2, 1, 1, 2, 10, 10, 1, 4, 10, 1, 5, 5, 2, 3, 4, 5, 0, 5, 11, 1, 2, 2, 0, 1, 2, 2, 5, 0, 2, 0, 2, 1, 4, 3, 0, 3, 20, 0, 0, 1, 2, 2, 7, 20, 20, 20, 1, 2, 2, 0, 1, 0, 2, 1, 3, 1, 1, 2]"
xerces,2,seed2_solution070,seed2_solution070,0.7630769230769231,0.09939601355936409,0.028121678482210314,0.751896031643998,0.7630769230769231,-0.09939601355936409,0.028121678482210314,True,False,"[0, 1, 0, 2, 3, 0, 3, 1, 3, 1, 3, 3, 3, 2, 1, 1, 2, 2, 0, 3, 1, 0, 1, 3, 2, 3, 0, 3, 2, 0, 1, 1, 0, 2, 0, 2, 3, 0, 3, 3, 2, 2, 0, 0, 3, 3, 2, 1, 0, 0, 2, 1, 1, 2, 0, 0, 0, 1, 1, 2, 1, 1, 0, 2, 2, 2, 0, 0, 1, 3, 0, 1, 0, 0, 2, 3, 3, 1, 3, 2, 1, 0, 2, 3, 3, 2, 1, 3, 3, 3, 3, 3, 3, 0, 0, 0, 1, 1, 0, 3, 3, 3, 2, 2, 3, 3, 0, 3, 0, 2, 2, 0, 2, 1, 1, 0, 0, 3, 1, 1, 0, 3, 2, 3, 3, 1, 0, 0, 0, 1, 3, 2, 1, 2, 3, 1, 1, 3, 3, 0, 1, 0, 1, 2, 1, 3, 2, 0, 3, 1, 1, 3, 3, 1, 1, 0, 2, 3, 0, 1, 1, 3, 0, 2, 3, 0, 1, 0, 0, 3, 1, 0, 2, 2, 2, 3, 0, 0, 1, 2, 3, 3, 3, 3, 2, 3, 1, 3, 0, 1, 0, 0, 2, 3, 3, 2, 0, 2, 0, 0, 3, 1, 2, 1, 1, 2, 2, 0, 0, 1, 2, 3, 1, 1, 3, 1, 0, 1, 1, 2, 3, 0, 3, 3, 2, 1, 1, 3, 2, 2, 2, 0, 0, 3, 2, 1, 0, 0, 0, 2, 0, 2, 3, 0, 0, 1, 3, 0, 3, 0, 2, 2, 0, 3, 3, 0, 1, 1, 2, 2, 3, 2, 1, 0, 0, 3, 0, 2, 2, 1, 0, 1, 1, 2, 2, 3, 1, 2, 0, 1, 3, 1, 3, 3, 3, 3, 1, 2, 2, 1, 0, 2, 0, 1, 2, 1, 1, 2, 2, 3, 0, 3, 3, 0, 0, 1, 0, 3, 1, 1, 1, 2, 1, 3, 2, 1, 0, 3, 0, 3, 3, 2, 1, 1, 3, 1, 3, 1, 0, 3, 1, 3, 3, 3, 0, 2, 2, 3, 0, 3, 1, 1, 3, 2, 1, 3, 1, 0, 3, 1, 0, 1, 0, 2, 1, 2, 2, 3, 0, 3, 3, 1, 1, 1, 1, 1, 3, 1, 0, 2, 3, 2, 0, 3, 2, 1, 0, 0, 2, 1, 2, 0, 1, 0, 1, 2, 0, 1, 1, 3, 3, 1, 0, 1, 3, 0, 0, 0, 0, 1, 3, 0, 3, 0, 0, 2, 1, 1, 3, 1, 2, 3, 1, 0, 2, 3, 2, 1, 1, 3, 0, 1, 2, 1, 0, 0, 3, 3, 0, 2, 2, 0, 0, 2, 0, 0, 1, 2, 3, 3, 1, 2, 3, 1, 0, 0, 0, 0, 2, 2, 3, 0, 2, 2, 0, 2, 1, 2, 0, 2, 1, 1, 1, 1, 0, 3, 1, 1, 0, 3, 0, 0, 3, 2, 3, 0, 2, 3, 1, 3, 0, 2, 2, 3, 2, 0, 1, 3, 2, 0, 3, 1, 3, 3, 1, 3, 2, 1, 1, 2, 0, 0, 2, 1, 1, 3, 1, 3, 3, 2, 2, 2, 2, 2, 0, 1, 0, 2, 0, 3, 2, 0, 2, 2, 2, 2, 1, 0, 3, 1, 3, 0, 2, 0, 0, 3, 1, 2, 0, 0, 2, 2, 1, 0, 3, 1, 0, 0, 2, 1, 0, 0, 2, 2, 3, 2, 2, 0, 1, 0, 2, 3, 3, 2, 0, 3, 2, 2, 2, 2, 1, 2, 3, 1, 0, 3, 1, 2, 2, 2, 1, 0, 0, 0, 0, 1, 3, 0, 3, 0, 1, 3, 0, 2, 0, 1, 3, 1, 0, 1, 3, 1, 2, 2, 1, 2, 1, 3, 1, 2, 3, 0, 1, 0, 2, 1, 1, 1, 2, 2, 2, 0, 2, 1, 3, 0, 0, 0, 1, 2, 3, 3, 1, 3, 1, 3, 0, 0, 0, 2, 1, 3, 0, 1, 3, 1, 0, 3, 3, 0, 0, 1, 3, 3, 0, 3, 2, 1, 3, 0, 2, 0, 0, 0, 3, 3, 1, 0, 0, 1, 1, 2, 2, 3, 1, 2, 1, 1, 0, 1, 1, 2, 1, 3, 2, 2, 1, 1, 3, 0, 1, 0, 2, 2, 0, 0, 3, 3, 1, 3, 1, 2, 2, 3, 2, 2, 0, 2, 0, 2, 0, 3, 1, 0, 1, 3, 1, 3, 1, 2, 2, 3, 2, 0, 0, 3, 0, 0, 3, 3, 3, 3, 1, 0, 3, 3, 0, 2, 2, 1, 1, 2, 0, 0, 2, 2, 0, 2, 0, 0, 1, 2, 3, 0, 3, 0, 2, 3, 0, 1, 1, 0, 3, 2, 3, 3, 3, 3, 0, 2, 2, 2, 3, 2, 1, 2, 2, 2, 1, 3, 0, 0, 1, 3, 3, 2, 0, 3, 0, 2, 1, 1, 3, 2, 1, 2, 0, 3, 0, 2, 1, 3, 2, 0, 3, 3, 2, 2, 3, 2, 1, 1, 1, 1]"
xerces,2,seed2_solution071,seed2_solution071,0.7663551401869159,11.900467197357527,1.5154646952599022,0.8169631269904536,0.7663551401869159,-11.900467197357527,1.5154646952599022,True,False,"[0, 0, 0, 1, 0, 0, 1, 0, 0, 0, 2, 2, 2, 3, 4, 4, 1, 0, 3, 5, 4, 0, 4, 2, 0, 2, 1, 2, 1, 0, 4, 4, 0, 1, 2, 1, 2, 0, 2, 2, 1, 1, 0, 0, 2, 3, 0, 0, 0, 0, 1, 4, 0, 0, 5, 4, 0, 4, 4, 1, 0, 0, 0, 1, 1, 1, 0, 0, 4, 2, 0, 4, 1, 0, 0, 2, 0, 0, 2, 1, 4, 0, 0, 2, 2, 0, 0, 0, 2, 0, 3, 4, 0, 5, 0, 2, 3, 2, 0, 2, 2, 2, 0, 1, 1, 5, 0, 2, 0, 0, 1, 0, 1, 4, 6, 2, 0, 4, 4, 4, 3, 2, 6, 2, 6, 4, 6, 6, 0, 5, 2, 0, 4, 6, 2, 4, 4, 6, 6, 0, 4, 7, 2, 6, 4, 2, 1, 0, 2, 4, 5, 4, 2, 4, 1, 4, 4, 2, 0, 6, 4, 2, 0, 1, 2, 0, 6, 0, 0, 6, 1, 4, 1, 1, 1, 2, 7, 2, 4, 1, 7, 5, 3, 4, 1, 1, 4, 2, 0, 4, 8, 1, 1, 2, 2, 9, 0, 1, 0, 0, 2, 4, 3, 4, 4, 1, 1, 0, 8, 4, 2, 3, 3, 4, 8, 4, 0, 4, 4, 2, 0, 0, 8, 3, 1, 1, 4, 2, 8, 10, 1, 8, 0, 1, 1, 4, 2, 8, 0, 1, 3, 1, 2, 8, 2, 10, 8, 0, 2, 0, 8, 1, 0, 2, 8, 0, 4, 4, 1, 1, 2, 8, 3, 0, 8, 2, 1, 10, 1, 10, 10, 10, 0, 10, 10, 2, 5, 8, 1, 4, 2, 6, 6, 5, 6, 2, 2, 1, 1, 5, 0, 11, 0, 11, 11, 4, 4, 11, 0, 2, 0, 2, 0, 2, 0, 4, 1, 2, 12, 5, 5, 12, 4, 2, 12, 4, 5, 2, 12, 12, 12, 1, 5, 2, 12, 12, 2, 4, 4, 2, 12, 5, 2, 4, 0, 1, 2, 4, 2, 2, 4, 1, 10, 4, 13, 10, 4, 0, 2, 5, 0, 4, 2, 5, 3, 1, 1, 2, 0, 2, 2, 10, 2, 10, 10, 0, 1, 5, 0, 1, 2, 1, 2, 0, 1, 4, 1, 2, 10, 4, 1, 0, 10, 3, 4, 1, 4, 4, 4, 2, 2, 1, 2, 2, 2, 4, 0, 10, 0, 7, 0, 0, 2, 7, 0, 7, 14, 2, 4, 4, 1, 2, 4, 14, 1, 14, 14, 4, 14, 2, 14, 10, 1, 4, 3, 10, 3, 2, 10, 1, 10, 0, 0, 1, 3, 10, 10, 4, 2, 0, 4, 1, 2, 5, 3, 10, 0, 0, 1, 10, 4, 0, 1, 3, 10, 1, 4, 1, 0, 1, 3, 10, 4, 0, 4, 2, 4, 0, 0, 0, 14, 14, 14, 1, 2, 2, 1, 2, 4, 2, 0, 1, 14, 1, 0, 2, 4, 2, 1, 0, 2, 1, 2, 5, 4, 2, 1, 4, 4, 4, 5, 0, 1, 4, 4, 2, 4, 2, 2, 1, 1, 1, 1, 1, 0, 4, 0, 1, 0, 14, 3, 5, 1, 1, 1, 1, 3, 5, 5, 4, 2, 3, 3, 5, 2, 0, 4, 4, 0, 0, 5, 5, 4, 5, 0, 14, 0, 1, 0, 1, 1, 0, 1, 1, 2, 4, 3, 5, 5, 5, 1, 2, 2, 1, 0, 2, 1, 1, 3, 1, 0, 1, 1, 3, 3, 2, 1, 1, 1, 1, 4, 5, 6, 3, 0, 1, 15, 0, 2, 0, 15, 2, 0, 1, 0, 4, 15, 2, 0, 4, 2, 4, 1, 4, 4, 1, 4, 4, 4, 2, 16, 16, 5, 0, 16, 4, 4, 17, 1, 1, 10, 18, 2, 4, 2, 14, 1, 0, 14, 1, 1, 14, 4, 6, 4, 3, 1, 0, 0, 1, 4, 1, 0, 0, 2, 4, 0, 2, 10, 10, 4, 4, 2, 2, 0, 2, 1, 3, 2, 0, 5, 17, 2, 0, 2, 2, 4, 9, 3, 0, 19, 4, 4, 0, 19, 1, 19, 2, 19, 4, 1, 1, 4, 1, 1, 2, 4, 1, 1, 0, 1, 4, 1, 1, 1, 0, 5, 3, 5, 2, 4, 3, 5, 2, 1, 5, 1, 1, 1, 4, 0, 1, 6, 1, 4, 1, 4, 2, 4, 1, 1, 2, 1, 0, 0, 2, 4, 0, 3, 1, 2, 2, 3, 4, 3, 1, 0, 2, 1, 1, 4, 1, 2, 2, 2, 1, 0, 1, 0, 0, 4, 10, 4, 0, 2, 5, 1, 10, 0, 10, 10, 2, 10, 10, 5, 4, 5, 2, 2, 1, 13, 1, 5, 1, 0, 1, 1, 4, 4, 2, 0, 4, 4, 2, 4, 1, 0, 2, 3, 1, 4, 2, 20, 1, 4, 21, 0, 2, 20, 1, 4, 2, 1, 0, 2, 2, 1, 1, 4, 1, 4, 4, 4, 4]"
xerces,2,seed2_solution073,seed2_solution073,0.7744644140905823,15.787830783198345,1.4409518191592021,0.775226329050688,0.7744644140905823,-15.787830783198345,1.4409518191592021,True,False,"[0, 1, 0, 1, 2, 0, 3, 1, 3, 0, 0, 3, 3, 2, 1, 0, 2, 1, 0, 0, 1, 0, 0, 3, 1, 3, 0, 3, 2, 0, 1, 1, 0, 0, 0, 0, 3, 1, 3, 0, 2, 2, 1, 0, 3, 1, 2, 1, 0, 0, 2, 3, 1, 3, 0, 0, 0, 1, 1, 2, 1, 1, 0, 3, 2, 2, 0, 0, 1, 3, 0, 1, 0, 0, 2, 2, 3, 1, 2, 1, 1, 0, 3, 3, 3, 2, 1, 3, 3, 3, 0, 3, 3, 4, 2, 0, 1, 1, 0, 3, 3, 2, 2, 2, 3, 3, 0, 1, 0, 0, 2, 1, 2, 1, 1, 0, 0, 3, 1, 1, 0, 3, 5, 5, 0, 4, 0, 0, 0, 1, 3, 2, 1, 3, 2, 1, 1, 3, 3, 0, 1, 0, 1, 3, 1, 3, 2, 0, 3, 1, 1, 3, 3, 2, 1, 0, 2, 3, 0, 5, 1, 3, 0, 2, 0, 0, 1, 1, 0, 3, 1, 0, 4, 1, 2, 2, 0, 3, 1, 2, 0, 3, 3, 3, 2, 3, 1, 3, 0, 1, 0, 0, 2, 2, 3, 1, 0, 4, 0, 0, 3, 1, 2, 1, 1, 2, 3, 0, 0, 1, 2, 0, 1, 1, 3, 1, 0, 4, 0, 1, 6, 0, 3, 2, 6, 1, 1, 3, 6, 1, 2, 0, 0, 1, 2, 1, 0, 0, 0, 2, 0, 1, 7, 0, 6, 7, 3, 0, 1, 0, 2, 2, 0, 6, 6, 2, 1, 1, 2, 1, 3, 2, 1, 3, 0, 3, 0, 2, 1, 1, 0, 1, 1, 3, 3, 0, 6, 2, 0, 1, 3, 1, 1, 2, 3, 3, 1, 2, 2, 1, 0, 0, 0, 1, 2, 1, 0, 1, 2, 3, 0, 3, 3, 0, 8, 1, 8, 1, 1, 1, 1, 2, 1, 2, 3, 1, 0, 0, 8, 3, 3, 2, 4, 1, 8, 1, 8, 1, 0, 3, 1, 3, 3, 3, 0, 1, 2, 3, 0, 7, 1, 1, 3, 2, 1, 7, 1, 0, 1, 1, 0, 1, 0, 3, 1, 2, 3, 3, 0, 2, 3, 1, 1, 1, 1, 1, 1, 1, 0, 0, 0, 2, 4, 3, 2, 1, 0, 0, 2, 1, 0, 0, 2, 0, 1, 2, 4, 2, 1, 3, 3, 1, 0, 0, 3, 0, 4, 0, 0, 0, 3, 0, 2, 0, 0, 0, 1, 1, 3, 1, 2, 3, 1, 0, 2, 3, 2, 0, 1, 3, 0, 1, 2, 1, 0, 0, 3, 3, 1, 3, 7, 0, 0, 2, 0, 0, 7, 2, 7, 2, 2, 2, 2, 1, 0, 0, 0, 0, 2, 2, 3, 0, 2, 2, 0, 2, 1, 7, 0, 2, 1, 1, 1, 1, 0, 3, 1, 7, 0, 9, 9, 1, 1, 2, 1, 0, 2, 3, 1, 3, 9, 2, 2, 1, 1, 0, 1, 2, 2, 0, 3, 1, 3, 1, 1, 3, 3, 1, 1, 2, 0, 0, 3, 1, 3, 3, 3, 3, 3, 2, 1, 2, 2, 0, 0, 1, 4, 3, 0, 2, 2, 0, 2, 2, 1, 2, 1, 0, 3, 1, 3, 0, 3, 0, 0, 3, 1, 2, 0, 0, 3, 1, 1, 1, 0, 1, 0, 0, 2, 1, 0, 0, 2, 2, 2, 2, 3, 0, 1, 0, 2, 2, 3, 2, 0, 3, 2, 2, 2, 2, 1, 2, 2, 1, 0, 0, 1, 3, 2, 2, 1, 0, 0, 0, 0, 1, 2, 0, 3, 0, 1, 1, 0, 4, 0, 1, 3, 1, 0, 1, 1, 1, 2, 2, 1, 2, 1, 10, 10, 2, 3, 0, 0, 0, 3, 1, 1, 11, 1, 2, 2, 1, 2, 1, 3, 0, 1, 0, 1, 3, 3, 3, 1, 5, 1, 3, 1, 2, 0, 12, 1, 3, 0, 2, 0, 1, 0, 3, 2, 3, 3, 1, 3, 5, 0, 3, 0, 1, 5, 0, 2, 11, 0, 0, 3, 3, 1, 3, 3, 1, 1, 2, 2, 3, 3, 2, 1, 2, 0, 1, 3, 2, 1, 3, 2, 2, 1, 3, 3, 0, 1, 0, 2, 3, 3, 0, 3, 4, 1, 3, 1, 2, 2, 3, 2, 3, 0, 3, 2, 2, 0, 3, 1, 0, 1, 3, 1, 3, 4, 2, 2, 3, 2, 3, 0, 3, 0, 0, 2, 3, 3, 3, 1, 0, 1, 2, 0, 3, 2, 1, 1, 2, 0, 0, 2, 3, 0, 2, 0, 0, 2, 3, 7, 4, 4, 0, 7, 3, 0, 1, 1, 2, 2, 2, 2, 4, 7, 3, 0, 2, 2, 2, 3, 2, 1, 2, 2, 2, 1, 2, 0, 2, 1, 2, 3, 2, 0, 3, 0, 2, 1, 0, 2, 2, 1, 2, 4, 2, 13, 2, 1, 3, 2, 0, 3, 3, 3, 2, 3, 2, 1, 1, 1, 2]"
xerces,2,seed2_solution074,seed2_solution074,0.775902228612509,14.842535762426445,1.4345633401460165,0.7927521321797686,0.775902228612509,-14.842535762426445,1.4345633401460165,True,False,"[0, 1, 0, 1, 2, 0, 3, 0, 3, 0, 0, 2, 0, 0, 1, 0, 1, 1, 0, 0, 1, 0, 0, 0, 1, 0, 0, 2, 4, 1, 0, 0, 0, 0, 1, 0, 0, 1, 0, 0, 3, 1, 1, 1, 2, 1, 2, 1, 0, 0, 1, 3, 1, 3, 0, 1, 0, 1, 1, 1, 1, 1, 0, 3, 0, 4, 1, 0, 1, 0, 0, 3, 0, 0, 0, 2, 0, 1, 2, 1, 1, 0, 3, 3, 1, 3, 1, 0, 3, 3, 0, 3, 3, 4, 2, 1, 1, 0, 0, 3, 2, 2, 1, 0, 2, 1, 0, 1, 0, 0, 3, 1, 3, 4, 1, 3, 0, 2, 1, 1, 0, 3, 5, 5, 0, 4, 3, 0, 0, 1, 2, 2, 1, 3, 2, 1, 1, 3, 3, 0, 4, 0, 5, 3, 1, 2, 3, 0, 0, 1, 1, 3, 3, 2, 1, 0, 1, 3, 0, 5, 4, 3, 0, 1, 0, 0, 1, 1, 0, 1, 1, 0, 4, 1, 1, 2, 1, 3, 1, 2, 0, 3, 2, 3, 2, 3, 1, 1, 0, 0, 6, 4, 3, 2, 3, 1, 0, 4, 0, 2, 3, 1, 2, 0, 1, 1, 3, 0, 0, 6, 2, 0, 1, 1, 3, 0, 0, 4, 0, 1, 6, 0, 3, 2, 6, 4, 1, 2, 6, 1, 7, 0, 0, 1, 2, 1, 0, 1, 0, 3, 1, 1, 7, 4, 6, 7, 0, 0, 1, 0, 6, 3, 1, 6, 6, 2, 1, 0, 0, 1, 3, 6, 1, 3, 0, 0, 0, 0, 1, 1, 0, 1, 1, 3, 3, 0, 6, 0, 0, 1, 3, 1, 1, 2, 3, 1, 1, 8, 3, 3, 9, 0, 0, 1, 1, 1, 0, 1, 3, 3, 0, 2, 2, 0, 10, 1, 10, 1, 1, 1, 0, 2, 1, 2, 3, 1, 10, 0, 10, 3, 2, 0, 4, 1, 10, 1, 10, 1, 10, 0, 1, 4, 1, 3, 0, 1, 2, 3, 0, 7, 0, 1, 3, 3, 1, 7, 1, 0, 1, 1, 4, 1, 0, 3, 1, 2, 3, 3, 0, 2, 2, 7, 1, 1, 1, 1, 1, 1, 1, 0, 0, 0, 4, 3, 0, 1, 1, 0, 2, 1, 0, 0, 2, 1, 1, 2, 4, 2, 1, 4, 3, 0, 2, 0, 0, 0, 4, 1, 1, 0, 3, 0, 2, 0, 0, 0, 1, 1, 3, 1, 3, 2, 1, 2, 2, 2, 4, 0, 1, 2, 0, 1, 2, 1, 0, 7, 8, 0, 1, 3, 7, 0, 0, 2, 7, 1, 7, 0, 7, 2, 2, 3, 2, 1, 0, 0, 0, 0, 2, 2, 0, 0, 7, 3, 0, 2, 0, 7, 0, 0, 1, 1, 1, 7, 0, 3, 1, 7, 0, 8, 8, 1, 1, 2, 1, 0, 2, 3, 1, 2, 8, 2, 1, 1, 1, 1, 3, 2, 2, 0, 2, 0, 1, 1, 1, 3, 3, 1, 1, 3, 0, 0, 3, 1, 3, 3, 3, 0, 3, 2, 1, 2, 2, 0, 0, 1, 4, 3, 0, 2, 2, 0, 2, 2, 1, 0, 3, 0, 2, 1, 4, 0, 3, 0, 0, 3, 1, 1, 0, 0, 3, 1, 1, 1, 0, 8, 0, 0, 3, 1, 1, 0, 2, 2, 2, 1, 3, 3, 1, 0, 2, 2, 3, 3, 0, 2, 2, 0, 3, 3, 0, 1, 2, 1, 1, 0, 1, 3, 3, 0, 1, 0, 3, 0, 0, 1, 2, 0, 3, 3, 1, 1, 0, 4, 0, 1, 3, 1, 1, 0, 1, 1, 2, 0, 11, 2, 1, 11, 11, 1, 2, 0, 0, 3, 3, 1, 1, 12, 1, 2, 3, 1, 1, 2, 3, 1, 1, 0, 1, 3, 3, 3, 1, 5, 1, 3, 1, 2, 0, 9, 0, 0, 0, 2, 0, 1, 0, 2, 2, 3, 3, 3, 0, 5, 0, 3, 0, 1, 5, 0, 2, 12, 0, 0, 3, 3, 1, 3, 3, 13, 1, 0, 3, 3, 3, 3, 2, 2, 0, 2, 3, 3, 1, 1, 2, 1, 1, 3, 2, 3, 1, 2, 3, 3, 3, 2, 1, 4, 1, 3, 1, 2, 3, 3, 2, 3, 0, 3, 2, 3, 0, 3, 5, 0, 1, 2, 2, 3, 4, 2, 2, 3, 2, 3, 0, 2, 0, 1, 2, 2, 3, 3, 2, 0, 1, 2, 0, 3, 2, 1, 1, 3, 4, 0, 2, 3, 0, 7, 3, 0, 2, 3, 7, 4, 4, 0, 7, 2, 0, 3, 1, 2, 2, 7, 2, 4, 7, 3, 3, 2, 3, 3, 2, 6, 6, 6, 0, 0, 1, 2, 0, 2, 3, 2, 3, 0, 2, 3, 0, 2, 1, 0, 2, 14, 1, 3, 4, 2, 14, 14, 2, 2, 2, 2, 3, 2, 3, 2, 3, 2, 1, 1, 2, 2]"
xerces,2,seed2_solution076,seed2_solution076,0.8000862688713156,8.978108926861145,0.8021426311329911,0.8588626789555136,0.8000862688713156,-8.978108926861145,0.8021426311329911,True,False,"[0, 1, 0, 0, 2, 0, 3, 1, 0, 0, 0, 0, 0, 0, 1, 4, 5, 0, 0, 5, 6, 7, 0, 3, 0, 8, 2, 9, 2, 0, 0, 6, 5, 0, 10, 9, 0, 0, 0, 0, 1, 11, 0, 12, 0, 0, 0, 1, 0, 0, 0, 0, 13, 0, 14, 0, 0, 0, 15, 3, 0, 0, 16, 2, 0, 3, 4, 0, 8, 0, 0, 0, 1, 0, 3, 4, 0, 0, 0, 2, 4, 16, 0, 0, 1, 0, 0, 0, 0, 0, 0, 0, 0, 0, 0, 0, 0, 8, 0, 16, 8, 3, 9, 0, 0, 2, 6, 3, 8, 1, 8, 8, 17, 4, 6, 3, 6, 8, 15, 9, 4, 8, 12, 4, 6, 1, 8, 8, 18, 8, 4, 5, 4, 14, 12, 12, 6, 8, 2, 12, 18, 10, 12, 6, 3, 3, 1, 10, 4, 0, 2, 4, 10, 7, 1, 18, 1, 8, 1, 9, 7, 5, 1, 1, 1, 5, 4, 1, 1, 3, 1, 18, 1, 1, 1, 4, 18, 10, 7, 10, 7, 1, 2, 1, 5, 8, 9, 1, 7, 12, 12, 10, 9, 2, 16, 15, 5, 10, 0, 13, 10, 1, 8, 8, 10, 0, 2, 3, 13, 8, 3, 0, 15, 9, 18, 7, 18, 18, 14, 1, 10, 10, 15, 18, 15, 5, 18, 3, 10, 0, 7, 18, 18, 10, 10, 18, 3, 1, 2, 16, 18, 12, 7, 18, 10, 18, 18, 5, 12, 0, 18, 14, 0, 1, 2, 14, 12, 11, 1, 11, 4, 0, 10, 16, 10, 10, 12, 12, 3, 7, 18, 1, 18, 3, 11, 13, 0, 10, 10, 4, 13, 4, 3, 8, 4, 3, 11, 3, 1, 3, 13, 16, 0, 11, 14, 11, 11, 13, 11, 11, 12, 11, 14, 7, 6, 11, 16, 0, 11, 11, 11, 14, 15, 14, 14, 14, 7, 3, 6, 14, 8, 14, 17, 14, 17, 14, 6, 15, 15, 1, 7, 10, 14, 3, 3, 5, 3, 12, 7, 0, 11, 11, 12, 12, 15, 18, 2, 11, 5, 4, 3, 17, 15, 3, 3, 3, 9, 1, 3, 3, 7, 18, 17, 18, 12, 11, 4, 7, 7, 7, 12, 11, 1, 9, 2, 18, 1, 12, 1, 1, 0, 16, 18, 13, 3, 13, 9, 3, 2, 3, 3, 16, 3, 3, 3, 7, 11, 16, 4, 11, 7, 18, 3, 18, 7, 7, 7, 19, 18, 17, 4, 1, 16, 15, 16, 15, 15, 3, 8, 17, 13, 18, 7, 7, 0, 2, 0, 4, 6, 7, 7, 7, 18, 2, 1, 13, 3, 7, 4, 13, 7, 5, 15, 17, 11, 7, 0, 9, 15, 2, 10, 3, 18, 3, 11, 8, 2, 0, 7, 5, 4, 18, 1, 7, 11, 3, 12, 10, 18, 13, 13, 15, 14, 1, 3, 5, 2, 8, 1, 4, 15, 15, 9, 1, 0, 6, 5, 17, 2, 16, 8, 17, 3, 1, 5, 2, 9, 0, 2, 5, 5, 8, 8, 12, 5, 6, 5, 6, 3, 12, 1, 13, 14, 5, 3, 3, 3, 5, 16, 16, 16, 16, 16, 14, 1, 3, 7, 5, 5, 11, 5, 4, 17, 0, 19, 7, 9, 17, 1, 12, 14, 5, 1, 1, 0, 15, 3, 2, 3, 1, 11, 1, 1, 17, 2, 1, 5, 0, 5, 5, 15, 2, 5, 5, 1, 1, 5, 5, 5, 5, 5, 0, 1, 1, 1, 8, 1, 1, 1, 5, 3, 18, 8, 2, 16, 1, 20, 2, 8, 19, 21, 4, 21, 11, 0, 20, 1, 17, 21, 19, 15, 20, 21, 21, 18, 20, 20, 15, 2, 8, 0, 20, 1, 20, 7, 1, 16, 22, 1, 4, 3, 17, 5, 2, 3, 1, 1, 9, 14, 2, 1, 16, 13, 3, 2, 8, 1, 15, 2, 4, 13, 8, 2, 2, 1, 2, 5, 15, 12, 7, 2, 2, 8, 4, 17, 6, 8, 4, 4, 6, 8, 22, 18, 13, 15, 5, 18, 3, 3, 14, 2, 13, 19, 18, 12, 12, 21, 19, 19, 19, 13, 3, 1, 1, 1, 1, 4, 1, 1, 7, 1, 1, 17, 1, 3, 13, 1, 6, 1, 2, 5, 5, 11, 5, 5, 8, 1, 1, 10, 2, 0, 1, 8, 18, 1, 1, 1, 0, 0, 0, 16, 15, 2, 2, 2, 2, 2, 8, 16, 9, 1, 1, 4, 2, 1, 1, 0, 8, 11, 1, 19, 3, 0, 7, 4, 11, 8, 17, 14, 0, 10, 11, 13, 3, 5, 5, 7, 17, 8, 13, 7, 12, 18, 10, 2, 12, 12, 8, 11, 2, 8, 15, 18, 2, 12, 18, 18, 1, 2, 8, 2, 2, 8, 8, 12, 2, 2, 2, 5, 2, 23, 0, 24, 24, 8, 23, 14, 16, 24, 23, 23, 24, 2, 2, 10, 25, 18, 2, 6, 9, 2, 11, 18, 9]"
xerces,2,seed2_solution077,seed2_solution077,0.8044859813084112,11.747721169068788,1.4042440778341878,0.845247640430285,0.8044859813084112,-11.747721169068788,1.4042440778341878,True,False,"[0, 0, 0, 0, 0, 1, 2, 0, 2, 0, 1, 1, 1, 0, 3, 2, 2, 0, 0, 4, 5, 0, 3, 1, 0, 5, 2, 5, 2, 0, 3, 5, 0, 1, 5, 2, 1, 0, 5, 5, 2, 0, 0, 0, 1, 5, 1, 5, 0, 0, 2, 3, 0, 0, 3, 0, 0, 2, 3, 0, 0, 0, 0, 2, 0, 2, 0, 0, 5, 1, 0, 2, 2, 0, 5, 1, 0, 2, 1, 0, 1, 0, 0, 1, 1, 0, 2, 0, 1, 0, 5, 3, 0, 4, 0, 1, 5, 5, 0, 1, 1, 1, 1, 2, 2, 4, 0, 1, 5, 1, 1, 3, 0, 1, 6, 1, 0, 1, 3, 2, 0, 1, 6, 6, 6, 3, 6, 1, 0, 4, 5, 0, 4, 6, 6, 3, 3, 5, 6, 0, 3, 7, 5, 6, 2, 1, 2, 0, 1, 3, 4, 6, 6, 3, 2, 1, 1, 1, 0, 2, 3, 2, 2, 2, 1, 0, 6, 2, 0, 6, 7, 3, 2, 2, 2, 5, 8, 0, 3, 2, 7, 4, 5, 5, 2, 2, 2, 9, 0, 3, 8, 2, 2, 5, 1, 9, 10, 10, 0, 2, 1, 3, 4, 3, 3, 1, 2, 0, 8, 3, 5, 5, 11, 3, 5, 3, 0, 3, 2, 9, 0, 0, 8, 5, 2, 2, 2, 1, 12, 10, 3, 8, 0, 2, 2, 3, 1, 8, 0, 1, 5, 5, 1, 8, 1, 1, 8, 0, 1, 0, 8, 12, 0, 1, 13, 0, 4, 3, 2, 2, 1, 1, 2, 0, 0, 5, 2, 1, 1, 10, 10, 2, 0, 10, 9, 0, 2, 1, 2, 6, 6, 6, 6, 4, 6, 5, 1, 1, 2, 4, 14, 1, 0, 12, 12, 3, 2, 14, 1, 1, 0, 0, 0, 0, 0, 15, 0, 5, 13, 2, 3, 13, 2, 1, 15, 3, 4, 1, 15, 15, 13, 15, 3, 1, 13, 13, 5, 2, 1, 1, 2, 4, 5, 3, 0, 4, 1, 9, 1, 1, 2, 2, 10, 1, 2, 5, 1, 0, 1, 4, 0, 3, 5, 3, 5, 2, 2, 1, 0, 1, 1, 2, 2, 10, 2, 9, 2, 4, 0, 0, 5, 0, 0, 0, 2, 2, 2, 0, 1, 3, 9, 0, 2, 5, 2, 2, 3, 2, 2, 1, 1, 2, 1, 1, 5, 3, 0, 10, 0, 7, 13, 3, 1, 0, 8, 8, 2, 2, 3, 7, 2, 3, 7, 0, 7, 5, 1, 2, 1, 2, 15, 2, 2, 2, 5, 9, 5, 1, 5, 9, 10, 0, 0, 2, 5, 10, 2, 3, 1, 0, 3, 3, 1, 4, 0, 0, 3, 0, 2, 10, 3, 5, 2, 5, 10, 1, 3, 3, 0, 4, 4, 9, 3, 2, 3, 5, 3, 2, 0, 5, 0, 0, 5, 1, 1, 3, 1, 5, 3, 1, 0, 7, 7, 2, 0, 1, 3, 1, 2, 1, 5, 2, 1, 3, 2, 1, 2, 2, 2, 1, 4, 0, 5, 3, 3, 5, 3, 1, 5, 10, 2, 1, 2, 2, 5, 2, 3, 5, 0, 5, 5, 4, 7, 1, 2, 5, 2, 2, 5, 3, 5, 4, 5, 0, 16, 0, 3, 1, 0, 0, 4, 4, 2, 4, 5, 2, 0, 5, 1, 2, 2, 0, 2, 3, 1, 17, 5, 4, 4, 3, 2, 3, 1, 2, 5, 3, 2, 1, 5, 2, 2, 4, 2, 5, 5, 1, 1, 2, 2, 1, 0, 0, 6, 5, 0, 2, 16, 0, 5, 17, 0, 13, 0, 1, 13, 3, 16, 1, 0, 13, 1, 3, 4, 3, 3, 1, 2, 3, 3, 5, 18, 18, 2, 3, 1, 2, 3, 19, 2, 2, 10, 20, 1, 2, 4, 15, 0, 0, 2, 2, 2, 7, 7, 6, 2, 5, 2, 0, 0, 2, 3, 2, 3, 0, 1, 2, 0, 1, 10, 0, 3, 2, 5, 1, 0, 1, 0, 5, 6, 0, 1, 19, 1, 0, 7, 1, 3, 0, 5, 0, 2, 3, 6, 0, 2, 2, 17, 2, 17, 2, 2, 5, 3, 2, 2, 1, 2, 2, 2, 0, 2, 2, 5, 2, 6, 0, 2, 5, 7, 5, 3, 3, 4, 4, 1, 3, 2, 1, 0, 1, 0, 2, 6, 0, 3, 2, 1, 5, 5, 2, 3, 0, 2, 0, 0, 5, 3, 0, 5, 8, 1, 2, 5, 3, 5, 2, 0, 1, 5, 2, 2, 2, 1, 1, 9, 9, 0, 2, 0, 0, 3, 10, 3, 0, 5, 4, 1, 10, 0, 2, 9, 1, 5, 1, 4, 3, 3, 1, 1, 2, 14, 2, 4, 3, 12, 2, 2, 3, 0, 1, 0, 1, 3, 1, 1, 1, 0, 1, 4, 5, 2, 1, 17, 2, 2, 3, 1, 1, 11, 1, 2, 17, 2, 0, 3, 0, 17, 2, 1, 2, 5, 2, 3, 1]"
xerces,2,seed2_solution078,seed2_solution078,0.8183465132997844,12.043368598314254,1.2575784911313652,0.8490112218473223,0.8183465132997844,-12.043368598314254,1.2575784911313652,True,False,"[0, 1, 2, 0, 2, 2, 1, 0, 2, 1, 3, 0, 0, 4, 1, 4, 1, 0, 3, 0, 3, 0, 0, 0, 0, 0, 0, 5, 4, 0, 0, 2, 0, 4, 1, 0, 3, 0, 2, 2, 3, 1, 1, 1, 1, 2, 0, 1, 0, 5, 3, 2, 2, 0, 5, 1, 0, 6, 2, 5, 0, 3, 1, 0, 6, 1, 1, 0, 3, 0, 0, 1, 0, 0, 0, 2, 2, 1, 2, 1, 7, 0, 3, 2, 1, 2, 0, 3, 1, 1, 2, 0, 2, 0, 2, 1, 8, 3, 0, 2, 8, 5, 1, 1, 0, 4, 6, 7, 0, 1, 0, 4, 1, 0, 2, 3, 9, 3, 0, 1, 9, 6, 7, 2, 2, 0, 7, 2, 7, 2, 3, 0, 4, 3, 1, 1, 1, 9, 2, 1, 0, 9, 2, 3, 6, 5, 1, 3, 0, 1, 5, 7, 0, 7, 1, 7, 2, 3, 1, 1, 1, 1, 0, 1, 2, 0, 7, 1, 1, 0, 1, 4, 8, 3, 0, 2, 3, 3, 0, 6, 3, 1, 3, 4, 5, 1, 4, 2, 0, 0, 0, 4, 5, 2, 0, 10, 5, 5, 1, 0, 2, 5, 3, 1, 1, 6, 1, 0, 8, 1, 2, 9, 8, 4, 0, 8, 0, 4, 5, 11, 2, 0, 0, 3, 2, 1, 1, 3, 8, 1, 1, 8, 0, 1, 5, 1, 0, 6, 0, 1, 1, 6, 1, 0, 10, 10, 0, 0, 2, 1, 8, 1, 0, 0, 6, 3, 4, 0, 1, 0, 2, 3, 1, 3, 0, 0, 0, 4, 1, 4, 0, 1, 1, 4, 4, 2, 0, 4, 0, 1, 9, 0, 3, 7, 2, 3, 4, 2, 0, 5, 12, 2, 0, 1, 12, 10, 2, 1, 9, 13, 0, 2, 0, 0, 0, 10, 0, 3, 3, 9, 5, 4, 1, 0, 4, 1, 13, 13, 1, 7, 3, 1, 1, 1, 13, 1, 1, 9, 13, 1, 1, 1, 1, 2, 2, 3, 0, 3, 0, 11, 0, 1, 11, 2, 4, 6, 11, 0, 1, 3, 6, 4, 8, 0, 10, 1, 4, 0, 0, 2, 10, 5, 1, 8, 2, 1, 10, 1, 0, 0, 2, 2, 0, 1, 0, 0, 1, 11, 3, 9, 1, 0, 2, 3, 1, 13, 0, 0, 1, 3, 2, 1, 2, 2, 2, 0, 0, 0, 1, 4, 0, 9, 2, 0, 0, 1, 1, 2, 3, 12, 1, 2, 1, 11, 1, 3, 1, 9, 1, 10, 12, 1, 1, 1, 6, 11, 2, 10, 0, 3, 2, 1, 3, 4, 1, 4, 1, 0, 1, 11, 4, 4, 2, 5, 4, 0, 0, 0, 3, 0, 0, 1, 11, 3, 0, 1, 0, 4, 0, 9, 9, 8, 3, 0, 9, 2, 10, 2, 4, 12, 12, 11, 11, 1, 1, 0, 3, 2, 1, 2, 12, 6, 1, 3, 8, 1, 8, 5, 5, 10, 5, 0, 3, 3, 9, 2, 2, 1, 4, 4, 0, 2, 3, 1, 3, 3, 1, 5, 3, 9, 1, 1, 9, 0, 9, 4, 0, 0, 12, 3, 3, 0, 6, 2, 12, 12, 3, 10, 5, 1, 2, 0, 4, 1, 14, 12, 1, 12, 0, 0, 1, 5, 4, 1, 3, 11, 0, 0, 2, 1, 7, 9, 0, 0, 2, 4, 7, 10, 1, 0, 7, 2, 3, 2, 3, 1, 6, 2, 9, 1, 3, 1, 1, 9, 1, 1, 1, 5, 1, 5, 0, 5, 3, 3, 0, 1, 2, 15, 3, 0, 1, 2, 15, 1, 15, 3, 14, 14, 1, 0, 1, 1, 3, 15, 8, 2, 1, 1, 0, 1, 0, 11, 3, 0, 15, 1, 4, 16, 1, 3, 2, 4, 2, 1, 3, 11, 0, 7, 4, 0, 1, 6, 4, 2, 3, 3, 1, 2, 3, 2, 3, 1, 4, 9, 1, 1, 0, 2, 11, 0, 0, 3, 0, 2, 3, 6, 3, 1, 7, 0, 3, 16, 8, 7, 8, 9, 4, 8, 3, 17, 17, 2, 0, 0, 3, 9, 2, 10, 2, 2, 3, 3, 1, 2, 3, 5, 1, 1, 1, 3, 7, 1, 3, 1, 3, 0, 1, 3, 6, 2, 1, 4, 2, 2, 2, 4, 0, 2, 2, 3, 0, 1, 7, 8, 2, 1, 1, 3, 3, 1, 2, 8, 3, 0, 0, 3, 0, 1, 0, 0, 2, 1, 1, 0, 3, 2, 2, 2, 3, 1, 4, 3, 3, 3, 8, 11, 0, 1, 3, 0, 1, 3, 11, 4, 3, 8, 3, 2, 0, 11, 8, 2, 3, 11, 2, 4, 11, 0, 11, 6, 0, 8, 2, 7, 8, 2, 0, 2, 2, 0, 2, 6, 3, 3, 3, 3, 3, 0, 4, 2, 1, 0, 13, 6, 0, 4, 4, 2, 10, 8, 2, 6, 18, 18, 2, 6, 3, 2, 2, 6, 4, 4, 2, 2]"
xerces,2,seed2_solution079,seed2_solution079,0.8251905104241553,1.5601194633238518,0.6926089022678695,0.8654629204872386,0.8251905104241553,-1.5601194633238518,0.6926089022678695,True,False,"[0, 1, 0, 0, 0, 0, 0, 0, 0, 0, 0, 0, 0, 0, 1, 0, 2, 0, 0, 1, 3, 0, 0, 4, 0, 0, 5, 0, 0, 0, 0, 6, 0, 3, 0, 0, 4, 0, 7, 8, 0, 0, 2, 7, 2, 0, 0, 9, 0, 9, 0, 0, 0, 0, 10, 0, 2, 0, 0, 0, 0, 0, 0, 0, 0, 2, 11, 0, 2, 0, 0, 0, 0, 0, 0, 0, 0, 0, 0, 0, 3, 0, 0, 0, 0, 0, 2, 5, 0, 5, 12, 0, 0, 0, 0, 0, 0, 0, 0, 0, 13, 14, 7, 0, 7, 0, 10, 10, 10, 4, 1, 11, 0, 8, 13, 9, 15, 8, 7, 12, 9, 16, 0, 9, 2, 4, 7, 7, 8, 13, 9, 1, 7, 14, 3, 10, 9, 8, 7, 12, 9, 2, 8, 9, 2, 17, 1, 10, 15, 7, 1, 9, 7, 12, 1, 4, 3, 1, 1, 4, 1, 1, 10, 7, 1, 10, 3, 10, 3, 13, 12, 7, 1, 1, 18, 6, 18, 6, 3, 3, 18, 1, 8, 12, 3, 1, 10, 9, 1, 14, 8, 18, 12, 14, 18, 18, 12, 10, 12, 10, 13, 11, 13, 18, 5, 18, 14, 1, 11, 6, 6, 11, 15, 18, 11, 11, 7, 11, 11, 11, 11, 3, 6, 11, 6, 3, 4, 3, 15, 14, 14, 3, 3, 11, 4, 12, 11, 10, 15, 15, 13, 11, 13, 18, 15, 14, 3, 15, 8, 3, 6, 6, 14, 3, 11, 3, 18, 11, 1, 14, 6, 14, 11, 11, 11, 6, 10, 11, 16, 18, 15, 14, 11, 9, 14, 15, 16, 11, 6, 13, 9, 8, 9, 9, 6, 1, 16, 16, 1, 5, 13, 15, 6, 18, 4, 12, 9, 14, 9, 18, 18, 5, 17, 4, 17, 7, 14, 0, 17, 14, 17, 15, 12, 14, 16, 11, 18, 17, 10, 4, 17, 14, 6, 15, 14, 18, 8, 12, 15, 17, 12, 2, 17, 13, 10, 9, 3, 11, 14, 14, 14, 9, 14, 2, 19, 16, 5, 13, 8, 10, 13, 12, 2, 16, 4, 16, 9, 12, 12, 16, 14, 16, 13, 2, 14, 13, 8, 16, 18, 14, 18, 14, 9, 16, 1, 14, 1, 11, 18, 14, 14, 2, 18, 18, 16, 12, 18, 0, 5, 2, 2, 18, 14, 14, 4, 14, 14, 1, 15, 8, 8, 6, 4, 8, 6, 11, 9, 19, 12, 10, 19, 1, 4, 18, 20, 19, 14, 18, 19, 4, 10, 7, 18, 9, 14, 18, 4, 11, 14, 3, 7, 14, 18, 18, 16, 3, 9, 15, 13, 14, 3, 17, 9, 10, 13, 3, 2, 18, 2, 0, 16, 16, 6, 16, 11, 9, 16, 14, 14, 1, 16, 14, 14, 18, 7, 11, 14, 18, 14, 8, 4, 15, 10, 12, 10, 13, 1, 1, 3, 1, 19, 0, 20, 3, 1, 3, 21, 6, 10, 8, 16, 21, 20, 14, 5, 2, 10, 10, 5, 19, 1, 16, 3, 5, 10, 1, 10, 2, 9, 1, 9, 4, 1, 8, 5, 7, 16, 12, 21, 8, 11, 12, 17, 10, 4, 15, 16, 18, 10, 10, 2, 12, 19, 0, 15, 20, 1, 19, 1, 12, 4, 10, 1, 11, 19, 19, 1, 8, 16, 1, 5, 1, 1, 16, 0, 8, 5, 3, 5, 9, 1, 1, 1, 10, 2, 10, 2, 10, 1, 11, 2, 0, 8, 17, 14, 1, 1, 2, 8, 19, 2, 18, 10, 11, 17, 1, 21, 19, 9, 22, 22, 22, 1, 1, 22, 1, 21, 19, 22, 22, 22, 19, 1, 22, 21, 21, 1, 19, 1, 1, 20, 22, 22, 23, 17, 2, 19, 23, 10, 8, 11, 8, 6, 18, 10, 12, 1, 18, 19, 10, 1, 12, 14, 13, 10, 2, 2, 8, 10, 5, 11, 2, 2, 5, 15, 9, 3, 4, 13, 7, 5, 4, 5, 8, 4, 7, 8, 2, 8, 9, 1, 23, 10, 10, 12, 2, 7, 24, 13, 24, 14, 25, 26, 24, 26, 19, 24, 3, 21, 21, 19, 16, 1, 10, 1, 8, 9, 17, 1, 12, 3, 10, 11, 3, 4, 0, 8, 9, 12, 14, 5, 2, 2, 12, 0, 1, 12, 10, 19, 16, 8, 4, 4, 1, 1, 1, 3, 20, 4, 17, 10, 12, 8, 5, 5, 11, 5, 17, 4, 9, 1, 8, 17, 2, 18, 8, 8, 2, 13, 5, 4, 16, 11, 18, 18, 16, 12, 15, 16, 7, 12, 2, 14, 13, 16, 2, 12, 7, 14, 18, 9, 13, 18, 9, 6, 5, 18, 16, 11, 16, 11, 3, 13, 11, 3, 11, 15, 4, 9, 5, 5, 5, 5, 2, 5, 5, 5, 16, 5, 5, 23, 13, 1, 24, 10, 22, 24, 17, 22, 24, 12, 7, 27, 18, 27, 25, 6, 5, 5, 9, 5, 6, 7, 8]"
xerces,2,seed2_solution080,seed2_solution080,0.8411790079079798,13.180284775761104,1.3206953876234557,0.8460890727210515,0.8411790079079798,-13.180284775761104,1.3206953876234557,True,False,"[0, 1, 0, 1, 2, 0, 3, 1, 4, 5, 0, 2, 0, 0, 1, 6, 1, 0, 0, 0, 7, 0, 1, 0, 1, 2, 0, 4, 3, 1, 0, 0, 0, 0, 1, 0, 0, 1, 0, 0, 2, 1, 7, 5, 2, 2, 5, 1, 0, 0, 4, 2, 1, 0, 8, 1, 0, 1, 1, 1, 1, 1, 0, 4, 0, 3, 6, 0, 1, 0, 0, 2, 0, 0, 2, 4, 0, 1, 6, 1, 1, 0, 3, 4, 1, 4, 1, 0, 4, 4, 0, 2, 2, 3, 0, 1, 1, 2, 0, 2, 4, 5, 1, 0, 4, 1, 0, 1, 2, 0, 2, 3, 2, 3, 1, 0, 0, 2, 2, 1, 1, 2, 3, 5, 0, 3, 4, 0, 0, 1, 2, 4, 1, 8, 2, 1, 9, 4, 4, 0, 3, 0, 5, 4, 1, 5, 4, 2, 6, 1, 1, 4, 6, 6, 1, 0, 1, 2, 0, 5, 1, 4, 0, 2, 10, 0, 1, 1, 0, 0, 1, 0, 8, 1, 6, 2, 1, 4, 1, 4, 2, 2, 4, 4, 5, 2, 1, 1, 0, 0, 6, 3, 5, 2, 2, 1, 0, 3, 0, 4, 2, 1, 4, 0, 1, 1, 11, 0, 0, 8, 2, 0, 1, 1, 4, 0, 0, 3, 0, 1, 6, 0, 10, 7, 6, 7, 11, 2, 6, 1, 7, 0, 0, 1, 2, 1, 10, 1, 0, 1, 1, 1, 7, 3, 6, 10, 0, 0, 1, 0, 6, 4, 1, 0, 6, 4, 1, 0, 0, 6, 4, 6, 1, 2, 0, 0, 0, 0, 1, 1, 2, 1, 1, 3, 6, 0, 6, 0, 0, 3, 3, 1, 1, 6, 2, 1, 1, 11, 4, 8, 12, 4, 0, 1, 12, 1, 0, 1, 11, 4, 0, 4, 2, 0, 9, 1, 10, 1, 1, 1, 0, 2, 1, 4, 4, 1, 8, 7, 10, 6, 2, 0, 3, 1, 10, 1, 9, 1, 9, 0, 1, 3, 1, 3, 4, 11, 4, 10, 0, 7, 0, 1, 2, 2, 1, 7, 1, 0, 1, 1, 7, 1, 0, 4, 1, 4, 7, 0, 0, 4, 4, 7, 1, 1, 1, 1, 1, 1, 1, 6, 0, 0, 3, 4, 0, 1, 1, 0, 2, 1, 0, 0, 2, 1, 1, 4, 3, 2, 1, 3, 4, 0, 2, 0, 0, 0, 11, 1, 1, 0, 2, 0, 2, 8, 0, 0, 1, 1, 2, 1, 2, 4, 7, 2, 10, 2, 3, 0, 2, 2, 0, 1, 4, 10, 0, 7, 11, 0, 2, 4, 7, 0, 0, 2, 7, 1, 7, 0, 6, 2, 2, 3, 4, 7, 0, 0, 3, 0, 2, 4, 0, 10, 7, 2, 0, 4, 0, 7, 7, 0, 8, 6, 1, 7, 11, 4, 1, 12, 0, 8, 8, 1, 5, 2, 5, 0, 4, 4, 2, 11, 5, 7, 1, 1, 1, 10, 4, 2, 4, 0, 2, 0, 1, 1, 1, 2, 4, 1, 1, 4, 0, 4, 4, 3, 4, 2, 1, 0, 2, 4, 0, 0, 2, 0, 0, 1, 3, 4, 0, 2, 3, 0, 0, 7, 1, 0, 4, 0, 2, 1, 2, 0, 2, 0, 0, 2, 1, 1, 0, 0, 4, 1, 1, 1, 0, 8, 0, 0, 4, 7, 6, 0, 2, 4, 4, 1, 2, 4, 1, 0, 2, 4, 2, 10, 0, 2, 4, 0, 2, 4, 0, 1, 4, 1, 1, 2, 1, 2, 4, 0, 1, 8, 13, 0, 0, 1, 2, 0, 4, 2, 6, 1, 0, 3, 0, 2, 4, 1, 1, 0, 1, 1, 2, 0, 11, 2, 1, 11, 11, 1, 2, 10, 0, 11, 7, 1, 1, 14, 1, 1, 4, 1, 1, 2, 11, 1, 0, 0, 1, 3, 4, 7, 4, 4, 1, 4, 1, 0, 0, 10, 0, 0, 0, 4, 0, 1, 0, 2, 2, 2, 4, 2, 2, 1, 0, 4, 0, 1, 5, 8, 2, 14, 0, 0, 8, 4, 8, 4, 5, 15, 1, 0, 4, 4, 2, 11, 2, 4, 0, 4, 4, 6, 1, 1, 2, 1, 8, 4, 4, 4, 1, 2, 2, 4, 4, 4, 1, 11, 1, 11, 1, 3, 4, 4, 2, 3, 0, 2, 2, 4, 0, 2, 5, 0, 1, 4, 2, 2, 3, 4, 4, 4, 2, 4, 0, 3, 0, 11, 2, 6, 2, 4, 2, 0, 1, 4, 0, 4, 2, 1, 1, 4, 0, 0, 2, 2, 0, 7, 0, 0, 1, 11, 7, 3, 3, 0, 7, 2, 0, 2, 10, 2, 2, 7, 4, 3, 7, 3, 4, 2, 2, 4, 2, 6, 6, 6, 0, 0, 1, 4, 4, 2, 4, 2, 4, 3, 0, 4, 0, 2, 1, 0, 16, 15, 1, 4, 3, 2, 15, 15, 2, 2, 2, 4, 4, 2, 8, 4, 2, 7, 1, 11, 4, 2]"
xerces,2,seed2_solution081,seed2_solution081,0.8457800143781452,12.439974921164236,1.3086300477780157,0.836103628607069,0.8457800143781452,-12.439974921164236,1.3086300477780157,True,False,"[0, 1, 2, 1, 2, 2, 3, 0, 1, 0, 0, 0, 2, 3, 1, 1, 1, 1, 1, 1, 4, 0, 1, 2, 1, 2, 0, 5, 6, 0, 0, 1, 0, 3, 7, 2, 1, 0, 2, 2, 6, 1, 1, 0, 2, 2, 5, 2, 0, 5, 6, 0, 1, 0, 5, 1, 0, 6, 6, 2, 0, 1, 0, 1, 4, 1, 4, 0, 6, 2, 0, 1, 7, 0, 2, 8, 4, 1, 2, 1, 8, 4, 0, 0, 9, 0, 0, 0, 2, 5, 3, 1, 1, 5, 2, 2, 2, 2, 0, 0, 8, 2, 1, 0, 10, 5, 0, 1, 0, 0, 6, 1, 0, 0, 6, 2, 0, 6, 6, 1, 1, 0, 3, 8, 2, 2, 2, 4, 1, 6, 0, 0, 1, 0, 0, 1, 6, 7, 6, 2, 7, 0, 2, 1, 6, 2, 10, 0, 0, 1, 5, 4, 0, 0, 2, 6, 6, 2, 1, 4, 0, 0, 4, 2, 10, 0, 1, 0, 0, 4, 1, 2, 0, 1, 6, 1, 4, 2, 3, 0, 0, 1, 2, 6, 1, 3, 0, 2, 7, 0, 10, 3, 1, 2, 2, 1, 0, 2, 0, 0, 6, 6, 0, 6, 3, 4, 0, 0, 3, 7, 2, 5, 0, 7, 10, 1, 1, 6, 0, 1, 4, 0, 1, 2, 7, 1, 9, 2, 7, 6, 6, 7, 0, 2, 5, 1, 10, 1, 6, 6, 11, 1, 1, 11, 10, 10, 0, 0, 1, 5, 7, 1, 1, 2, 2, 0, 5, 9, 0, 4, 2, 7, 1, 0, 0, 2, 10, 8, 1, 8, 2, 8, 0, 3, 4, 6, 0, 0, 0, 6, 2, 1, 4, 2, 1, 1, 1, 1, 2, 2, 12, 1, 0, 1, 12, 6, 6, 12, 6, 2, 0, 9, 0, 0, 0, 10, 0, 2, 11, 7, 5, 12, 4, 0, 6, 1, 7, 4, 11, 4, 2, 1, 1, 1, 11, 1, 2, 1, 6, 0, 1, 0, 2, 3, 0, 1, 2, 2, 2, 10, 2, 1, 8, 0, 1, 1, 6, 0, 2, 1, 0, 3, 0, 6, 2, 6, 13, 1, 0, 2, 2, 8, 1, 7, 1, 1, 1, 1, 0, 4, 6, 7, 2, 0, 3, 1, 1, 9, 1, 0, 7, 0, 1, 3, 1, 1, 9, 0, 6, 2, 2, 1, 2, 1, 0, 0, 0, 1, 0, 3, 2, 0, 2, 0, 0, 10, 14, 2, 0, 1, 0, 7, 1, 0, 10, 9, 3, 6, 14, 2, 1, 1, 11, 1, 9, 7, 0, 2, 6, 1, 6, 1, 2, 3, 1, 1, 1, 0, 1, 2, 0, 3, 2, 0, 1, 0, 0, 0, 1, 8, 2, 10, 10, 12, 0, 1, 6, 6, 0, 0, 1, 0, 10, 1, 6, 2, 5, 0, 1, 1, 1, 0, 5, 1, 5, 2, 2, 2, 2, 7, 0, 4, 7, 1, 0, 0, 8, 2, 1, 1, 2, 1, 2, 1, 9, 0, 9, 0, 1, 6, 2, 0, 6, 3, 1, 1, 1, 1, 2, 7, 1, 1, 9, 1, 7, 6, 3, 0, 0, 2, 6, 0, 1, 4, 1, 3, 3, 10, 0, 6, 0, 2, 3, 5, 2, 6, 6, 6, 2, 0, 1, 5, 1, 5, 0, 14, 0, 1, 0, 9, 1, 1, 1, 1, 2, 6, 6, 2, 5, 5, 4, 1, 2, 10, 0, 2, 1, 6, 7, 6, 5, 0, 10, 8, 1, 0, 1, 1, 1, 1, 0, 8, 4, 3, 2, 10, 0, 0, 2, 2, 4, 3, 0, 0, 0, 6, 15, 10, 0, 6, 1, 3, 1, 14, 0, 1, 1, 3, 2, 2, 0, 10, 5, 0, 9, 0, 6, 16, 6, 1, 6, 0, 3, 6, 7, 5, 0, 0, 0, 1, 1, 1, 6, 0, 6, 10, 1, 0, 0, 0, 6, 2, 3, 1, 0, 0, 0, 1, 2, 6, 0, 2, 0, 2, 6, 2, 0, 1, 4, 2, 9, 16, 2, 4, 0, 2, 7, 8, 5, 1, 4, 2, 6, 6, 6, 7, 2, 10, 0, 7, 6, 0, 2, 2, 1, 2, 6, 0, 1, 2, 8, 2, 1, 2, 1, 0, 1, 7, 1, 7, 6, 3, 5, 2, 2, 3, 5, 1, 2, 6, 0, 6, 4, 8, 2, 0, 6, 2, 4, 1, 2, 7, 1, 0, 2, 2, 6, 0, 3, 4, 2, 2, 3, 0, 6, 1, 1, 1, 6, 1, 1, 6, 0, 9, 8, 10, 0, 6, 2, 0, 6, 7, 4, 2, 1, 5, 6, 2, 0, 1, 8, 2, 1, 8, 4, 6, 2, 2, 2, 9, 17, 0, 5, 6, 5, 9, 1, 6, 6, 2, 0, 4, 6, 1, 6, 0, 0, 0, 3, 0, 0, 2, 15, 9, 3, 6, 6, 2, 10, 0, 2, 2, 1, 1, 1, 0, 8, 0, 0, 4, 6, 6, 6, 6]"
xerces,2,seed2_solution082,seed2_solution082,0.8559884974838246,10.246418105355662,1.028609927213765,0.8593902697965251,0.8559884974838246,-10.246418105355662,1.028609927213765,True,False,"[0, 1, 2, 3, 2, 3, 0, 1, 4, 5, 2, 3, 0, 6, 1, 0, 2, 4, 2, 2, 7, 0, 0, 0, 6, 0, 4, 3, 8, 0, 0, 9, 2, 5, 1, 0, 0, 1, 0, 1, 3, 2, 1, 1, 10, 1, 0, 6, 0, 3, 1, 0, 2, 11, 1, 0, 0, 0, 2, 10, 0, 12, 0, 0, 0, 8, 8, 0, 13, 5, 3, 3, 0, 0, 0, 0, 4, 1, 0, 0, 3, 0, 0, 0, 7, 2, 1, 7, 14, 13, 1, 0, 0, 0, 2, 1, 14, 0, 0, 1, 2, 0, 1, 0, 0, 1, 7, 3, 0, 1, 1, 8, 0, 8, 5, 11, 5, 15, 2, 1, 1, 14, 5, 13, 2, 8, 11, 5, 0, 0, 8, 4, 5, 6, 11, 8, 16, 5, 5, 13, 8, 5, 5, 3, 5, 11, 1, 1, 5, 1, 0, 5, 4, 2, 7, 1, 0, 1, 1, 1, 8, 8, 0, 1, 1, 0, 9, 1, 1, 4, 1, 3, 8, 16, 1, 2, 12, 0, 17, 6, 6, 8, 3, 8, 0, 10, 1, 7, 0, 0, 10, 8, 5, 14, 2, 11, 3, 18, 11, 2, 3, 0, 3, 5, 8, 15, 13, 10, 10, 10, 3, 10, 10, 8, 0, 10, 1, 8, 8, 1, 10, 2, 1, 2, 18, 8, 2, 15, 18, 2, 7, 13, 5, 1, 8, 2, 12, 15, 2, 3, 6, 1, 7, 7, 10, 0, 8, 8, 13, 1, 8, 2, 1, 10, 10, 8, 10, 10, 0, 14, 3, 13, 1, 18, 0, 9, 7, 8, 7, 0, 7, 2, 1, 7, 8, 16, 10, 8, 1, 5, 5, 11, 3, 10, 1, 1, 8, 13, 1, 4, 13, 1, 13, 2, 8, 1, 2, 17, 13, 13, 17, 5, 1, 8, 17, 8, 17, 17, 1, 16, 3, 1, 17, 17, 16, 8, 17, 17, 17, 3, 3, 18, 1, 2, 17, 17, 6, 16, 17, 4, 8, 9, 0, 7, 1, 1, 8, 3, 6, 15, 15, 1, 13, 10, 1, 7, 2, 0, 1, 3, 8, 1, 0, 2, 8, 0, 4, 3, 0, 1, 3, 0, 2, 2, 2, 7, 1, 7, 4, 0, 3, 14, 0, 2, 0, 0, 10, 7, 1, 10, 7, 15, 2, 1, 1, 1, 8, 2, 0, 8, 8, 1, 2, 10, 0, 6, 8, 1, 2, 6, 0, 6, 3, 18, 0, 6, 1, 9, 2, 15, 9, 1, 8, 2, 2, 18, 10, 17, 1, 3, 9, 7, 3, 14, 2, 7, 9, 3, 1, 2, 11, 1, 0, 2, 2, 13, 7, 3, 7, 3, 2, 3, 2, 10, 7, 0, 11, 8, 16, 13, 3, 1, 7, 3, 0, 1, 7, 2, 7, 14, 1, 1, 3, 7, 3, 7, 12, 7, 8, 9, 8, 16, 5, 1, 0, 1, 0, 3, 1, 1, 5, 2, 18, 8, 1, 3, 3, 12, 16, 12, 12, 1, 2, 12, 10, 8, 0, 0, 17, 3, 3, 3, 2, 3, 3, 1, 7, 0, 2, 3, 0, 17, 2, 14, 8, 1, 13, 0, 9, 4, 13, 9, 1, 13, 1, 9, 3, 3, 3, 3, 2, 9, 3, 1, 1, 2, 8, 9, 1, 1, 3, 1, 3, 13, 2, 9, 12, 0, 3, 1, 1, 0, 9, 16, 5, 9, 3, 8, 3, 3, 3, 1, 0, 6, 3, 3, 3, 1, 2, 3, 3, 0, 1, 1, 10, 14, 1, 1, 3, 12, 1, 15, 3, 3, 0, 4, 2, 0, 0, 3, 4, 8, 14, 8, 0, 2, 14, 10, 18, 14, 1, 18, 2, 14, 14, 2, 3, 14, 18, 1, 0, 1, 0, 1, 15, 8, 1, 19, 14, 1, 7, 8, 14, 3, 3, 13, 0, 2, 9, 3, 1, 1, 1, 5, 1, 2, 1, 2, 9, 1, 3, 2, 3, 17, 2, 6, 0, 9, 6, 7, 0, 3, 8, 13, 0, 7, 1, 8, 5, 5, 1, 19, 7, 3, 6, 16, 8, 6, 5, 18, 18, 8, 0, 18, 2, 3, 3, 1, 18, 2, 14, 0, 1, 1, 3, 5, 1, 5, 2, 10, 1, 4, 5, 3, 17, 3, 13, 13, 9, 13, 1, 6, 2, 3, 3, 3, 0, 1, 2, 0, 5, 14, 5, 1, 1, 18, 2, 3, 1, 1, 2, 9, 1, 2, 8, 10, 13, 1, 9, 0, 1, 1, 2, 2, 1, 1, 7, 5, 14, 11, 0, 3, 5, 3, 7, 0, 7, 1, 0, 1, 1, 2, 7, 8, 8, 3, 10, 13, 1, 7, 13, 3, 2, 7, 7, 3, 3, 3, 7, 18, 4, 16, 7, 10, 4, 10, 0, 0, 2, 2, 2, 2, 8, 3, 1, 2, 3, 2, 8, 1, 17, 5, 3, 2, 8, 20, 18, 1, 21, 3, 21, 21, 21, 21, 3, 1, 8, 0, 2, 2, 1, 8, 3, 3]"
xerces,2,seed2_solution083,seed2_solution083,0.8697627606038821,12.945954807501149,1.0748423965396972,0.8715502576062687,0.8697627606038821,-12.945954807501149,1.0748423965396972,True,False,"[0, 1, 1, 0, 2, 3, 4, 1, 1, 5, 0, 0, 3, 4, 1, 0, 4, 1, 2, 1, 6, 0, 1, 7, 1, 1, 0, 5, 3, 2, 0, 6, 0, 4, 8, 3, 3, 0, 2, 2, 3, 1, 1, 5, 1, 2, 5, 2, 0, 5, 3, 0, 1, 0, 9, 1, 0, 8, 3, 5, 0, 1, 0, 3, 6, 5, 6, 0, 2, 3, 0, 1, 8, 0, 2, 9, 6, 1, 2, 1, 9, 6, 4, 3, 7, 0, 0, 0, 3, 5, 2, 3, 1, 10, 0, 2, 10, 2, 0, 2, 9, 2, 1, 0, 10, 2, 0, 1, 0, 2, 3, 4, 0, 0, 3, 0, 0, 2, 2, 1, 1, 2, 4, 9, 9, 0, 6, 5, 8, 3, 3, 3, 1, 9, 9, 1, 8, 8, 3, 1, 8, 0, 2, 1, 1, 2, 10, 2, 6, 1, 3, 6, 6, 6, 1, 9, 3, 2, 1, 1, 1, 8, 6, 2, 10, 0, 1, 1, 4, 1, 0, 0, 8, 3, 3, 1, 6, 0, 4, 7, 0, 1, 2, 4, 3, 4, 0, 2, 8, 0, 10, 4, 5, 3, 2, 1, 0, 0, 3, 0, 3, 1, 9, 3, 4, 6, 8, 0, 4, 8, 3, 5, 0, 8, 10, 0, 1, 2, 0, 1, 6, 0, 10, 2, 8, 7, 7, 2, 11, 3, 3, 9, 0, 1, 5, 1, 10, 1, 3, 3, 11, 6, 1, 11, 10, 10, 0, 0, 1, 5, 1, 9, 0, 2, 9, 2, 5, 7, 0, 6, 3, 0, 1, 0, 0, 4, 10, 4, 1, 4, 2, 5, 0, 4, 6, 3, 0, 0, 0, 4, 1, 1, 1, 2, 4, 1, 1, 1, 1, 9, 12, 0, 6, 1, 12, 1, 5, 12, 3, 1, 0, 7, 0, 0, 0, 10, 0, 1, 2, 8, 5, 3, 6, 0, 3, 1, 8, 6, 13, 6, 3, 6, 1, 1, 0, 10, 5, 1, 0, 0, 1, 0, 0, 4, 2, 8, 2, 2, 6, 10, 2, 1, 8, 0, 1, 2, 3, 0, 9, 0, 0, 4, 0, 3, 1, 3, 7, 1, 0, 2, 10, 1, 1, 8, 1, 1, 1, 1, 0, 6, 3, 8, 0, 0, 4, 2, 3, 7, 1, 8, 8, 0, 1, 0, 1, 1, 7, 0, 9, 2, 2, 1, 0, 1, 0, 0, 8, 0, 4, 4, 3, 7, 0, 0, 14, 10, 1, 1, 0, 1, 1, 6, 1, 0, 10, 7, 4, 0, 2, 2, 5, 1, 3, 1, 7, 8, 2, 10, 3, 3, 3, 2, 2, 4, 1, 7, 1, 0, 1, 2, 0, 4, 2, 7, 4, 0, 4, 7, 3, 1, 2, 10, 10, 5, 0, 2, 0, 3, 6, 0, 1, 1, 10, 1, 8, 3, 10, 3, 1, 1, 9, 3, 5, 0, 5, 0, 2, 7, 2, 8, 5, 6, 8, 1, 1, 10, 9, 2, 3, 10, 2, 0, 2, 1, 7, 3, 7, 0, 1, 3, 0, 2, 3, 4, 5, 3, 1, 1, 2, 8, 0, 0, 7, 1, 8, 3, 4, 0, 1, 2, 3, 0, 0, 6, 1, 4, 1, 10, 9, 1, 3, 0, 0, 0, 1, 3, 0, 0, 0, 0, 1, 0, 1, 0, 3, 7, 0, 0, 2, 7, 9, 0, 3, 0, 3, 2, 3, 0, 5, 0, 6, 1, 2, 10, 3, 1, 7, 3, 8, 3, 5, 0, 10, 9, 1, 2, 1, 5, 1, 5, 0, 9, 0, 0, 0, 10, 3, 15, 1, 1, 6, 4, 0, 10, 15, 3, 2, 10, 15, 0, 10, 4, 3, 15, 8, 3, 1, 4, 2, 2, 0, 10, 5, 7, 7, 1, 1, 16, 3, 1, 3, 0, 4, 9, 8, 5, 0, 6, 4, 4, 1, 1, 3, 0, 2, 10, 1, 0, 3, 3, 1, 2, 4, 8, 0, 0, 0, 1, 2, 3, 2, 2, 3, 1, 3, 7, 0, 1, 6, 9, 7, 16, 9, 6, 9, 7, 8, 9, 5, 1, 6, 3, 3, 3, 3, 8, 10, 10, 3, 8, 3, 3, 1, 2, 1, 5, 9, 1, 2, 0, 9, 6, 1, 6, 3, 6, 1, 8, 5, 8, 1, 4, 2, 3, 2, 4, 5, 2, 2, 2, 0, 3, 3, 9, 2, 10, 2, 2, 6, 3, 6, 8, 8, 0, 2, 4, 2, 8, 0, 6, 2, 4, 2, 0, 3, 8, 3, 2, 3, 1, 1, 3, 0, 7, 9, 10, 0, 3, 0, 0, 1, 8, 6, 2, 3, 9, 3, 2, 10, 1, 10, 10, 3, 9, 6, 3, 2, 4, 8, 7, 6, 2, 8, 3, 5, 7, 3, 2, 5, 0, 2, 6, 3, 1, 3, 4, 0, 0, 4, 4, 7, 2, 17, 7, 4, 3, 3, 3, 10, 4, 2, 8, 3, 0, 1, 2, 9, 0, 4, 6, 3, 1, 2, 5]"
xerces,2,seed2_solution084,seed2_solution084,0.8765204888569375,12.66119009033132,0.9339259936700826,0.8998404182479655,0.8765204888569375,-12.66119009033132,0.9339259936700826,True,False,"[0, 1, 2, 1, 3, 2, 1, 1, 1, 0, 3, 0, 3, 4, 1, 4, 1, 0, 3, 5, 3, 0, 4, 2, 1, 3, 1, 5, 1, 2, 6, 4, 0, 4, 7, 1, 3, 0, 2, 2, 3, 1, 0, 5, 1, 3, 0, 3, 0, 5, 2, 2, 3, 0, 5, 4, 0, 8, 3, 5, 0, 9, 0, 1, 8, 2, 6, 0, 3, 2, 0, 1, 10, 0, 3, 2, 7, 1, 2, 1, 6, 0, 0, 2, 2, 0, 0, 0, 2, 5, 3, 4, 1, 9, 0, 2, 10, 3, 0, 2, 10, 5, 0, 1, 1, 4, 8, 1, 0, 0, 3, 4, 1, 0, 2, 0, 3, 3, 4, 1, 1, 8, 6, 6, 6, 0, 6, 2, 6, 2, 3, 0, 4, 6, 2, 1, 4, 8, 2, 1, 4, 7, 3, 6, 8, 5, 1, 3, 3, 4, 5, 6, 6, 6, 1, 6, 2, 3, 0, 1, 1, 2, 0, 3, 2, 0, 6, 1, 4, 0, 1, 4, 10, 2, 0, 1, 6, 0, 4, 7, 3, 1, 3, 4, 5, 1, 4, 2, 7, 0, 9, 4, 5, 2, 2, 1, 5, 5, 11, 0, 2, 5, 10, 3, 4, 8, 7, 0, 4, 10, 2, 7, 0, 4, 9, 10, 0, 3, 5, 2, 0, 0, 9, 3, 2, 8, 7, 3, 12, 3, 1, 10, 0, 1, 5, 1, 9, 8, 0, 1, 3, 8, 2, 11, 9, 9, 10, 2, 1, 5, 2, 1, 0, 0, 8, 3, 4, 8, 1, 2, 2, 8, 1, 3, 0, 2, 9, 4, 1, 4, 7, 5, 0, 4, 10, 2, 0, 4, 1, 4, 2, 1, 3, 6, 6, 3, 7, 2, 1, 5, 12, 2, 6, 1, 12, 9, 5, 12, 7, 2, 0, 8, 0, 0, 0, 9, 1, 3, 2, 7, 5, 13, 8, 0, 4, 1, 8, 9, 13, 6, 3, 1, 5, 1, 0, 9, 5, 7, 2, 1, 1, 0, 3, 4, 2, 1, 2, 4, 6, 9, 3, 1, 10, 2, 4, 8, 2, 0, 2, 5, 8, 4, 10, 5, 9, 1, 1, 0, 0, 2, 9, 5, 2, 10, 10, 10, 9, 1, 0, 0, 2, 7, 2, 0, 4, 2, 1, 8, 1, 7, 1, 0, 10, 3, 1, 14, 4, 0, 6, 3, 2, 1, 0, 1, 2, 0, 0, 0, 4, 4, 0, 7, 0, 7, 0, 5, 1, 2, 3, 4, 1, 4, 8, 11, 1, 3, 5, 1, 3, 9, 11, 1, 1, 10, 8, 9, 3, 9, 3, 3, 2, 3, 3, 4, 1, 9, 1, 2, 6, 8, 4, 4, 10, 5, 4, 10, 4, 0, 1, 1, 3, 0, 9, 3, 10, 2, 4, 4, 0, 7, 7, 10, 4, 0, 7, 2, 9, 2, 1, 0, 11, 11, 11, 6, 2, 4, 3, 2, 1, 10, 5, 8, 11, 3, 10, 2, 10, 0, 1, 9, 3, 1, 3, 3, 7, 2, 8, 0, 4, 4, 0, 2, 1, 4, 5, 3, 4, 5, 3, 7, 1, 1, 7, 2, 7, 4, 4, 0, 3, 3, 3, 5, 8, 8, 0, 3, 3, 9, 5, 1, 3, 0, 4, 0, 15, 2, 4, 0, 0, 0, 1, 5, 4, 10, 3, 11, 0, 4, 2, 8, 6, 7, 0, 9, 2, 4, 6, 9, 5, 0, 6, 2, 3, 2, 0, 1, 8, 2, 7, 1, 5, 1, 9, 7, 1, 2, 10, 5, 1, 5, 0, 5, 0, 0, 0, 5, 15, 16, 3, 0, 15, 16, 16, 9, 16, 3, 15, 9, 16, 16, 9, 4, 1, 16, 10, 2, 1, 3, 4, 3, 0, 11, 5, 0, 8, 1, 4, 17, 1, 1, 2, 0, 2, 1, 7, 11, 0, 6, 4, 4, 0, 8, 4, 2, 3, 3, 1, 0, 3, 2, 1, 1, 4, 7, 1, 0, 0, 1, 10, 0, 0, 3, 2, 2, 3, 8, 0, 7, 6, 8, 7, 17, 10, 6, 10, 7, 4, 10, 5, 8, 8, 2, 4, 0, 3, 7, 9, 9, 2, 1, 2, 1, 1, 1, 1, 5, 10, 1, 1, 0, 6, 6, 3, 8, 1, 0, 1, 3, 8, 7, 1, 4, 7, 2, 2, 4, 5, 2, 3, 2, 0, 1, 6, 10, 4, 1, 3, 3, 3, 1, 8, 10, 1, 0, 0, 3, 0, 7, 0, 1, 3, 4, 3, 0, 3, 3, 2, 2, 2, 1, 4, 3, 0, 8, 10, 9, 0, 1, 0, 0, 4, 10, 6, 3, 2, 10, 3, 10, 0, 1, 10, 9, 3, 10, 8, 4, 5, 4, 2, 8, 8, 3, 9, 6, 7, 2, 1, 2, 5, 0, 2, 8, 3, 1, 4, 2, 0, 0, 4, 1, 4, 3, 14, 8, 4, 4, 2, 2, 9, 4, 4, 8, 2, 0, 2, 8, 10, 2, 4, 8, 4, 7, 6, 5]"
xerces,2,seed2_solution085,seed2_solution085,0.876606757728253,13.316460489801736,1.1029875095898303,0.8672891611966704,0.876606757728253,-13.316460489801736,1.1029875095898303,True,False,"[0, 1, 0, 1, 2, 3, 4, 1, 2, 5, 0, 3, 2, 0, 1, 6, 4, 0, 2, 0, 7, 0, 1, 0, 1, 2, 0, 3, 3, 1, 0, 0, 0, 0, 1, 0, 0, 1, 0, 1, 2, 1, 7, 5, 1, 2, 5, 1, 0, 0, 3, 2, 2, 0, 8, 1, 0, 1, 2, 5, 1, 9, 0, 3, 0, 4, 6, 0, 2, 0, 0, 2, 0, 0, 2, 3, 6, 1, 6, 1, 6, 0, 4, 3, 1, 0, 1, 0, 3, 2, 0, 2, 2, 9, 0, 1, 9, 2, 0, 2, 3, 5, 1, 0, 3, 3, 7, 1, 2, 0, 2, 4, 2, 0, 1, 0, 0, 2, 2, 1, 1, 2, 4, 5, 8, 4, 2, 0, 0, 3, 2, 3, 1, 8, 3, 1, 10, 2, 3, 0, 8, 0, 2, 6, 7, 5, 2, 2, 6, 1, 1, 6, 6, 6, 1, 6, 1, 2, 0, 5, 1, 11, 6, 2, 9, 0, 6, 1, 0, 0, 0, 0, 8, 1, 6, 3, 6, 0, 4, 3, 2, 2, 3, 4, 5, 2, 7, 3, 0, 0, 9, 4, 5, 3, 2, 1, 0, 4, 0, 3, 2, 1, 3, 2, 1, 1, 11, 0, 4, 8, 3, 0, 0, 1, 9, 0, 1, 4, 0, 1, 6, 0, 9, 7, 6, 7, 11, 3, 12, 2, 7, 8, 0, 1, 5, 1, 9, 1, 3, 1, 1, 1, 3, 12, 6, 9, 8, 0, 1, 0, 6, 2, 0, 0, 8, 3, 1, 0, 1, 6, 2, 0, 1, 2, 0, 4, 0, 4, 1, 1, 2, 1, 1, 4, 6, 0, 0, 0, 8, 4, 4, 1, 4, 6, 2, 2, 11, 11, 1, 8, 13, 3, 0, 1, 13, 9, 5, 13, 11, 2, 0, 3, 3, 0, 9, 1, 9, 6, 3, 1, 0, 3, 1, 3, 4, 1, 8, 7, 9, 6, 3, 0, 1, 1, 9, 1, 9, 1, 9, 1, 1, 0, 1, 4, 3, 11, 3, 9, 0, 7, 2, 1, 2, 2, 4, 7, 3, 0, 1, 1, 7, 1, 0, 4, 1, 3, 7, 0, 0, 3, 3, 7, 1, 8, 1, 1, 1, 1, 4, 6, 3, 11, 0, 2, 0, 1, 3, 0, 3, 1, 8, 0, 1, 1, 1, 3, 4, 0, 6, 4, 2, 1, 3, 0, 0, 0, 11, 1, 4, 0, 2, 0, 0, 8, 0, 0, 1, 1, 2, 1, 2, 3, 7, 3, 9, 7, 4, 0, 2, 9, 0, 1, 3, 9, 7, 14, 11, 0, 2, 2, 3, 0, 0, 3, 1, 11, 1, 3, 6, 8, 0, 4, 3, 7, 0, 3, 4, 11, 3, 3, 0, 9, 7, 2, 0, 3, 0, 7, 7, 11, 8, 6, 1, 7, 11, 3, 9, 13, 1, 11, 8, 3, 5, 3, 5, 0, 3, 2, 2, 11, 5, 7, 1, 1, 1, 9, 2, 3, 3, 9, 2, 1, 1, 1, 1, 2, 7, 1, 1, 3, 0, 3, 2, 4, 5, 2, 1, 0, 2, 3, 0, 0, 3, 0, 0, 1, 4, 0, 2, 2, 4, 0, 0, 7, 1, 4, 2, 0, 8, 1, 2, 0, 2, 0, 1, 2, 1, 1, 0, 0, 2, 1, 1, 1, 2, 7, 0, 0, 2, 7, 6, 0, 3, 3, 3, 1, 2, 2, 5, 0, 3, 3, 2, 9, 0, 1, 3, 0, 2, 2, 0, 0, 3, 8, 1, 2, 1, 2, 1, 0, 1, 8, 12, 0, 0, 9, 3, 10, 2, 2, 6, 4, 0, 9, 0, 2, 3, 1, 1, 0, 9, 1, 1, 0, 8, 3, 1, 4, 3, 2, 3, 9, 0, 11, 7, 1, 1, 15, 1, 1, 3, 0, 4, 3, 11, 1, 0, 0, 1, 4, 2, 7, 3, 3, 2, 9, 1, 0, 2, 2, 1, 0, 0, 3, 0, 1, 0, 1, 3, 2, 2, 2, 2, 1, 2, 7, 0, 1, 5, 8, 3, 15, 8, 6, 8, 2, 8, 8, 5, 14, 7, 3, 4, 8, 2, 11, 9, 3, 0, 3, 2, 6, 2, 1, 3, 5, 8, 1, 3, 2, 6, 6, 2, 7, 3, 3, 1, 11, 5, 11, 1, 4, 11, 3, 3, 4, 0, 2, 2, 3, 0, 2, 5, 8, 1, 3, 2, 2, 4, 3, 3, 8, 3, 2, 0, 4, 0, 11, 0, 6, 2, 4, 3, 0, 1, 3, 0, 2, 3, 1, 1, 2, 0, 7, 6, 2, 0, 7, 0, 0, 1, 11, 7, 2, 4, 8, 2, 11, 0, 2, 9, 9, 2, 7, 3, 4, 7, 4, 11, 3, 2, 2, 3, 6, 6, 6, 3, 0, 5, 3, 3, 3, 2, 3, 2, 4, 0, 0, 4, 4, 11, 0, 16, 7, 4, 2, 3, 2, 12, 4, 1, 8, 3, 3, 2, 7, 8, 3, 2, 7, 1, 11, 3, 3]"
xerces,2,seed2_solution086,seed2_solution086,0.8791948238677211,0.36503884818132054,0.6329440532732324,0.884298326273769,0.8791948238677211,-0.36503884818132054,0.6329440532732324,True,False,"[0, 0, 1, 0, 2, 0, 0, 0, 3, 4, 0, 0, 5, 0, 5, 0, 1, 0, 0, 3, 1, 6, 6, 7, 0, 8, 1, 4, 1, 6, 7, 9, 0, 8, 0, 0, 2, 10, 0, 0, 5, 11, 0, 0, 0, 0, 0, 12, 0, 0, 0, 0, 9, 9, 5, 0, 0, 13, 14, 8, 0, 6, 15, 13, 11, 16, 17, 9, 11, 0, 15, 0, 0, 1, 0, 11, 0, 2, 5, 0, 17, 17, 14, 3, 17, 0, 6, 17, 3, 2, 0, 4, 6, 0, 0, 0, 18, 0, 16, 17, 8, 9, 6, 0, 0, 8, 15, 13, 11, 1, 16, 12, 10, 5, 11, 10, 4, 8, 12, 9, 0, 12, 12, 12, 0, 12, 6, 15, 12, 0, 3, 13, 7, 10, 11, 12, 12, 9, 12, 11, 11, 18, 13, 12, 12, 12, 5, 18, 12, 0, 1, 2, 11, 5, 5, 3, 5, 10, 11, 11, 10, 15, 11, 6, 5, 11, 7, 7, 8, 11, 1, 12, 4, 5, 12, 18, 18, 10, 13, 7, 8, 15, 8, 5, 15, 5, 8, 16, 14, 18, 17, 8, 7, 15, 17, 9, 15, 6, 15, 6, 13, 18, 14, 6, 15, 4, 15, 1, 17, 17, 16, 17, 7, 17, 6, 17, 14, 6, 15, 8, 17, 6, 5, 17, 14, 14, 14, 17, 16, 0, 10, 11, 14, 14, 7, 17, 17, 8, 17, 17, 6, 17, 3, 17, 6, 0, 17, 15, 17, 10, 17, 16, 0, 1, 8, 6, 17, 2, 0, 4, 17, 4, 17, 17, 10, 17, 6, 15, 17, 4, 16, 13, 17, 7, 3, 16, 7, 15, 17, 13, 10, 12, 15, 5, 6, 1, 10, 2, 1, 3, 16, 10, 9, 6, 18, 2, 15, 14, 2, 4, 9, 10, 5, 10, 18, 10, 14, 16, 16, 2, 9, 5, 5, 18, 8, 15, 18, 9, 6, 5, 1, 9, 19, 9, 6, 6, 10, 9, 9, 10, 9, 7, 9, 17, 11, 8, 13, 12, 4, 10, 15, 10, 11, 15, 8, 15, 15, 8, 3, 13, 4, 11, 16, 2, 2, 7, 3, 11, 14, 11, 2, 18, 10, 15, 4, 16, 15, 18, 15, 11, 15, 17, 15, 3, 8, 18, 1, 6, 15, 10, 1, 15, 12, 10, 12, 8, 7, 13, 11, 11, 16, 10, 11, 11, 11, 4, 4, 1, 4, 10, 18, 7, 11, 4, 4, 0, 7, 14, 12, 19, 16, 5, 15, 10, 16, 7, 8, 16, 14, 11, 8, 9, 8, 4, 1, 4, 16, 15, 2, 8, 12, 15, 18, 15, 1, 17, 15, 16, 4, 9, 18, 9, 14, 7, 11, 18, 9, 4, 16, 10, 6, 14, 9, 2, 1, 18, 15, 10, 15, 5, 15, 15, 1, 15, 6, 13, 15, 15, 2, 14, 7, 14, 18, 5, 1, 13, 1, 13, 1, 5, 14, 14, 11, 10, 5, 1, 5, 16, 16, 2, 14, 10, 16, 5, 8, 2, 0, 6, 2, 17, 3, 11, 1, 12, 13, 13, 17, 13, 7, 6, 1, 18, 1, 1, 2, 12, 4, 11, 7, 16, 16, 5, 18, 6, 7, 16, 6, 0, 13, 13, 1, 7, 11, 8, 14, 14, 11, 17, 1, 9, 8, 8, 17, 8, 7, 7, 2, 13, 8, 2, 1, 1, 5, 8, 13, 11, 3, 13, 11, 12, 5, 18, 2, 3, 5, 9, 8, 10, 11, 6, 8, 0, 1, 9, 1, 1, 4, 11, 1, 9, 11, 10, 8, 1, 16, 13, 20, 20, 16, 7, 21, 20, 1, 2, 0, 20, 21, 19, 21, 20, 21, 19, 5, 21, 12, 10, 3, 19, 9, 1, 17, 2, 22, 22, 18, 15, 17, 23, 14, 3, 17, 2, 7, 2, 13, 11, 11, 17, 8, 10, 14, 6, 7, 11, 2, 1, 1, 1, 1, 3, 7, 1, 1, 1, 11, 12, 9, 6, 12, 15, 1, 7, 18, 2, 12, 7, 12, 17, 11, 18, 8, 11, 8, 1, 11, 16, 0, 13, 1, 8, 14, 8, 23, 14, 23, 7, 23, 21, 9, 23, 18, 5, 5, 5, 5, 1, 3, 1, 18, 15, 1, 14, 16, 13, 1, 0, 5, 12, 14, 10, 15, 6, 1, 13, 13, 1, 3, 5, 7, 1, 1, 5, 18, 1, 1, 16, 17, 13, 5, 13, 16, 10, 2, 6, 1, 10, 4, 1, 10, 1, 1, 10, 1, 1, 7, 1, 4, 11, 11, 9, 16, 8, 11, 15, 7, 0, 1, 15, 8, 5, 2, 1, 10, 4, 8, 8, 10, 16, 15, 8, 4, 15, 15, 18, 9, 2, 15, 15, 2, 9, 13, 16, 12, 15, 8, 5, 17, 0, 1, 13, 12, 0, 3, 2, 2, 16, 2, 2, 2, 1, 24, 17, 1, 11, 1, 3, 24, 1, 0, 1, 15, 25, 17, 25, 18, 12, 25, 2, 2, 7, 1, 11, 12, 4]"
xerces,2,seed2_solution087,seed2_solution087,0.8944931703810208,8.013596800186187,0.6736803237893351,0.9073396519885686,0.8944931703810208,-8.013596800186187,0.6736803237893351,True,False,"[0, 1, 2, 0, 3, 2, 0, 4, 0, 3, 5, 0, 2, 6, 5, 0, 0, 6, 0, 4, 7, 0, 0, 0, 0, 8, 4, 0, 1, 9, 10, 9, 5, 5, 11, 12, 2, 0, 0, 0, 0, 0, 13, 0, 0, 0, 0, 4, 7, 0, 2, 4, 0, 0, 8, 0, 7, 0, 12, 8, 13, 9, 0, 5, 6, 14, 15, 0, 3, 6, 0, 0, 0, 0, 6, 11, 0, 0, 11, 0, 8, 0, 0, 11, 7, 13, 13, 0, 8, 0, 2, 0, 10, 16, 0, 0, 8, 0, 0, 17, 13, 12, 5, 0, 0, 5, 12, 5, 6, 1, 1, 6, 0, 11, 6, 10, 6, 4, 18, 1, 11, 17, 4, 14, 13, 3, 11, 4, 3, 0, 11, 11, 15, 8, 7, 5, 14, 9, 4, 7, 3, 11, 6, 11, 11, 4, 1, 1, 13, 0, 2, 6, 6, 1, 3, 18, 1, 1, 1, 3, 10, 17, 1, 16, 9, 3, 10, 3, 13, 3, 1, 18, 1, 1, 18, 10, 9, 8, 6, 15, 17, 17, 15, 14, 15, 4, 4, 16, 1, 15, 5, 11, 10, 18, 10, 12, 2, 12, 2, 13, 11, 12, 13, 14, 5, 15, 11, 1, 10, 18, 9, 8, 3, 16, 12, 16, 4, 14, 17, 16, 17, 5, 2, 11, 16, 12, 9, 2, 10, 6, 18, 8, 5, 17, 9, 1, 11, 8, 11, 15, 10, 6, 11, 8, 11, 0, 13, 8, 3, 13, 8, 18, 0, 13, 17, 13, 8, 8, 1, 10, 3, 9, 16, 16, 16, 8, 10, 4, 10, 10, 18, 6, 15, 3, 16, 14, 19, 2, 10, 5, 9, 18, 4, 2, 13, 1, 3, 14, 1, 11, 12, 10, 12, 12, 15, 9, 17, 12, 9, 17, 9, 6, 13, 5, 2, 4, 12, 12, 4, 7, 4, 12, 17, 12, 5, 2, 17, 12, 15, 14, 2, 13, 16, 17, 18, 13, 12, 10, 4, 6, 12, 16, 7, 7, 6, 17, 2, 9, 13, 10, 9, 10, 0, 2, 9, 15, 8, 3, 5, 5, 2, 6, 14, 4, 3, 15, 11, 14, 16, 1, 7, 15, 9, 5, 16, 3, 3, 10, 6, 14, 10, 8, 10, 2, 0, 0, 13, 10, 14, 9, 1, 3, 4, 9, 11, 14, 2, 6, 5, 5, 16, 14, 2, 6, 6, 3, 18, 3, 12, 3, 18, 14, 8, 12, 9, 16, 17, 5, 4, 1, 13, 14, 16, 14, 20, 17, 13, 11, 12, 16, 20, 8, 17, 15, 7, 4, 16, 3, 14, 9, 9, 11, 11, 8, 7, 7, 9, 18, 10, 8, 18, 9, 1, 14, 14, 2, 10, 10, 16, 10, 2, 2, 10, 12, 1, 2, 18, 0, 16, 1, 12, 16, 1, 10, 8, 18, 0, 0, 3, 3, 5, 10, 8, 2, 1, 4, 1, 6, 1, 6, 12, 20, 15, 13, 1, 14, 15, 16, 18, 15, 16, 10, 2, 15, 4, 1, 0, 0, 2, 15, 11, 7, 16, 18, 10, 4, 5, 16, 17, 2, 7, 14, 1, 1, 0, 2, 3, 2, 11, 6, 20, 9, 1, 10, 1, 18, 16, 4, 3, 4, 5, 12, 16, 13, 4, 10, 5, 17, 1, 4, 0, 5, 5, 3, 0, 16, 1, 1, 20, 2, 1, 1, 1, 18, 5, 12, 11, 17, 4, 5, 1, 8, 7, 6, 4, 4, 4, 5, 14, 10, 4, 0, 3, 9, 9, 1, 1, 6, 1, 5, 11, 13, 2, 5, 15, 1, 7, 20, 21, 22, 15, 21, 1, 21, 21, 18, 6, 2, 20, 1, 20, 21, 22, 21, 4, 16, 6, 16, 21, 1, 17, 3, 22, 22, 10, 5, 17, 23, 7, 11, 17, 15, 20, 2, 5, 14, 11, 15, 5, 13, 1, 15, 8, 5, 5, 5, 2, 2, 9, 2, 16, 7, 7, 7, 11, 2, 5, 12, 4, 3, 3, 10, 2, 3, 7, 11, 2, 15, 12, 11, 1, 23, 7, 5, 4, 16, 0, 6, 1, 24, 13, 13, 11, 24, 12, 25, 26, 24, 18, 15, 15, 4, 15, 1, 17, 3, 1, 6, 15, 1, 1, 1, 18, 1, 1, 0, 1, 3, 13, 8, 5, 4, 2, 6, 4, 4, 7, 6, 15, 5, 1, 1, 7, 5, 9, 16, 1, 0, 0, 0, 4, 16, 1, 7, 2, 7, 7, 7, 16, 1, 17, 3, 8, 13, 10, 4, 6, 7, 16, 2, 15, 14, 10, 13, 9, 11, 7, 9, 13, 8, 17, 10, 13, 2, 4, 4, 16, 8, 6, 6, 2, 24, 17, 9, 10, 8, 18, 3, 11, 16, 14, 18, 13, 13, 5, 9, 14, 0, 7, 7, 4, 0, 11, 2, 18, 18, 2, 5, 8, 1, 26, 19, 25, 6, 2, 27, 24, 2, 27, 19, 24, 21, 19, 26, 24, 4, 26, 7, 5, 2, 14, 2, 2, 2]"
xerces,2,seed2_solution088,seed2_solution088,0.9004169662113587,0.1139826357672774,0.08169302244985896,0.8897271895283274,0.9004169662113587,-0.1139826357672774,0.08169302244985896,True,False,"[0, 1, 2, 3, 3, 2, 4, 3, 0, 5, 6, 0, 2, 4, 7, 6, 4, 0, 3, 1, 8, 2, 2, 9, 1, 10, 9, 10, 2, 2, 6, 6, 7, 4, 9, 1, 6, 1, 2, 1, 3, 1, 8, 5, 1, 5, 10, 9, 5, 5, 6, 2, 3, 10, 7, 1, 0, 7, 3, 5, 10, 10, 5, 4, 8, 5, 6, 0, 3, 2, 5, 4, 5, 8, 3, 6, 6, 1, 6, 5, 6, 6, 4, 2, 9, 7, 0, 7, 2, 10, 3, 2, 1, 10, 6, 1, 9, 3, 3, 2, 9, 5, 5, 10, 10, 2, 7, 1, 3, 3, 3, 9, 4, 0, 2, 10, 3, 3, 3, 1, 1, 8, 4, 8, 7, 0, 6, 5, 9, 2, 1, 2, 8, 7, 7, 6, 8, 7, 2, 1, 7, 3, 7, 6, 8, 5, 9, 3, 6, 1, 2, 3, 6, 6, 5, 6, 2, 3, 1, 4, 10, 9, 6, 3, 10, 10, 5, 8, 4, 0, 0, 0, 7, 1, 6, 1, 6, 8, 4, 0, 8, 8, 2, 4, 10, 4, 7, 2, 9, 0, 10, 4, 4, 2, 6, 1, 0, 3, 3, 0, 8, 1, 3, 8, 4, 7, 8, 5, 4, 7, 2, 5, 0, 7, 9, 5, 1, 10, 10, 1, 6, 5, 9, 8, 9, 8, 9, 3, 3, 3, 2, 7, 0, 8, 5, 9, 10, 1, 2, 1, 9, 8, 2, 10, 10, 10, 7, 2, 1, 10, 1, 6, 1, 0, 0, 3, 10, 8, 5, 6, 2, 0, 10, 3, 5, 4, 10, 4, 7, 4, 3, 10, 3, 4, 6, 2, 0, 4, 5, 4, 4, 3, 4, 6, 4, 7, 8, 9, 1, 7, 8, 0, 6, 8, 2, 10, 10, 4, 8, 8, 0, 7, 0, 10, 1, 9, 8, 6, 2, 8, 5, 3, 8, 0, 4, 3, 7, 8, 4, 6, 2, 6, 1, 9, 0, 10, 5, 8, 3, 1, 5, 0, 0, 4, 10, 8, 9, 3, 6, 8, 3, 2, 9, 0, 4, 8, 10, 6, 5, 8, 7, 4, 7, 4, 10, 7, 8, 0, 0, 6, 10, 5, 7, 5, 8, 10, 10, 9, 4, 6, 2, 9, 8, 7, 4, 2, 2, 8, 1, 9, 7, 3, 4, 0, 1, 7, 9, 0, 6, 7, 2, 7, 0, 1, 8, 6, 2, 7, 4, 4, 3, 8, 0, 7, 6, 10, 7, 6, 3, 6, 5, 6, 5, 7, 9, 8, 4, 8, 3, 9, 10, 9, 0, 9, 8, 8, 7, 10, 3, 3, 5, 3, 3, 4, 1, 8, 1, 6, 6, 7, 0, 4, 5, 8, 4, 2, 7, 8, 3, 1, 9, 10, 10, 5, 4, 9, 6, 2, 8, 8, 0, 6, 10, 0, 9, 2, 10, 2, 1, 1, 5, 2, 5, 6, 5, 6, 3, 8, 3, 9, 10, 9, 9, 1, 7, 10, 7, 4, 9, 10, 3, 6, 3, 3, 9, 2, 8, 0, 1, 1, 9, 2, 1, 4, 5, 7, 1, 10, 0, 9, 0, 0, 9, 2, 9, 3, 4, 0, 3, 8, 4, 0, 0, 8, 0, 4, 4, 10, 7, 3, 3, 0, 4, 2, 1, 2, 0, 4, 1, 5, 1, 0, 8, 7, 3, 7, 0, 4, 4, 8, 6, 8, 1, 9, 2, 3, 6, 10, 5, 0, 6, 1, 10, 10, 2, 1, 7, 10, 6, 3, 10, 0, 10, 1, 1, 3, 7, 5, 4, 10, 0, 7, 5, 6, 0, 10, 2, 6, 5, 8, 6, 4, 0, 10, 1, 3, 2, 9, 8, 10, 10, 4, 1, 1, 5, 7, 10, 4, 2, 3, 0, 10, 10, 8, 8, 8, 1, 8, 2, 1, 2, 9, 4, 7, 8, 5, 1, 6, 4, 6, 0, 2, 2, 2, 3, 10, 7, 5, 3, 0, 1, 2, 8, 9, 1, 0, 1, 1, 3, 7, 3, 3, 3, 1, 3, 0, 0, 7, 6, 7, 9, 4, 5, 6, 5, 9, 7, 7, 5, 8, 8, 2, 4, 5, 3, 8, 10, 10, 2, 9, 2, 6, 3, 3, 2, 10, 5, 1, 4, 0, 6, 6, 1, 8, 2, 6, 9, 9, 5, 9, 1, 5, 8, 2, 0, 1, 10, 10, 3, 9, 9, 5, 2, 7, 2, 10, 3, 3, 8, 2, 8, 7, 8, 7, 2, 4, 2, 9, 0, 6, 4, 4, 2, 10, 5, 9, 2, 0, 2, 1, 1, 3, 2, 7, 6, 9, 5, 4, 1, 0, 1, 9, 6, 5, 2, 7, 3, 9, 9, 8, 9, 9, 5, 5, 8, 6, 3, 6, 9, 8, 7, 3, 8, 6, 5, 8, 5, 5, 5, 0, 3, 8, 3, 1, 4, 4, 1, 4, 4, 4, 9, 3, 6, 8, 4, 1, 2, 3, 9, 4, 10, 7, 2, 0, 1, 7, 7, 0, 4, 8, 3, 9, 6, 10]"
xerces,2,seed2_solution089,seed2_solution089,0.9117181883537023,10.05575114603519,0.7566690015808651,0.9246738852323454,0.9117181883537023,-10.05575114603519,0.7566690015808651,True,False,"[0, 1, 0, 0, 2, 3, 4, 1, 5, 6, 3, 0, 5, 7, 4, 7, 3, 0, 0, 2, 8, 9, 9, 4, 10, 5, 0, 6, 2, 10, 9, 8, 3, 4, 11, 6, 0, 1, 0, 7, 1, 12, 0, 13, 1, 5, 0, 1, 0, 0, 1, 5, 14, 5, 15, 0, 5, 2, 16, 4, 0, 13, 17, 2, 4, 18, 7, 0, 5, 0, 0, 0, 1, 0, 4, 7, 15, 0, 1, 2, 7, 17, 9, 0, 1, 0, 13, 8, 15, 5, 3, 5, 11, 2, 0, 4, 15, 5, 18, 17, 15, 4, 9, 0, 10, 2, 8, 4, 15, 1, 5, 17, 18, 2, 13, 4, 13, 5, 16, 1, 15, 5, 13, 13, 13, 1, 4, 2, 10, 2, 7, 2, 15, 15, 13, 13, 1, 5, 2, 13, 10, 11, 13, 1, 4, 4, 17, 11, 13, 0, 2, 7, 11, 9, 1, 10, 1, 5, 12, 10, 17, 3, 1, 12, 14, 2, 1, 1, 1, 4, 1, 10, 10, 5, 4, 7, 7, 15, 4, 11, 17, 5, 2, 1, 3, 5, 6, 1, 9, 11, 0, 4, 6, 2, 17, 16, 3, 6, 0, 4, 11, 1, 5, 5, 3, 0, 2, 4, 9, 5, 4, 0, 12, 6, 2, 9, 10, 13, 0, 1, 0, 9, 16, 7, 16, 3, 12, 2, 16, 0, 9, 10, 2, 11, 3, 1, 4, 1, 2, 17, 13, 7, 7, 13, 11, 10, 10, 3, 16, 0, 7, 16, 0, 1, 2, 1, 9, 12, 1, 12, 7, 0, 1, 17, 15, 11, 0, 13, 1, 0, 0, 1, 17, 11, 7, 0, 0, 15, 1, 7, 14, 13, 4, 9, 13, 4, 12, 12, 1, 7, 0, 4, 0, 7, 11, 8, 17, 1, 2, 9, 13, 2, 1, 9, 8, 1, 0, 0, 2, 1, 0, 1, 1, 15, 1, 1, 9, 4, 8, 9, 5, 15, 2, 9, 18, 18, 8, 15, 8, 1, 9, 11, 5, 6, 4, 11, 0, 8, 0, 0, 12, 1, 5, 9, 17, 14, 2, 12, 7, 7, 12, 18, 16, 2, 14, 11, 6, 1, 4, 1, 10, 6, 18, 10, 1, 12, 7, 9, 3, 12, 12, 12, 1, 4, 2, 10, 0, 8, 1, 1, 0, 17, 10, 14, 4, 1, 18, 1, 2, 4, 16, 17, 2, 0, 3, 0, 12, 17, 7, 0, 0, 14, 3, 0, 0, 0, 9, 15, 10, 1, 7, 2, 17, 15, 16, 17, 16, 4, 5, 18, 0, 10, 11, 0, 0, 2, 0, 7, 8, 12, 2, 17, 0, 2, 1, 6, 1, 18, 7, 14, 0, 8, 16, 18, 12, 2, 0, 6, 16, 2, 11, 8, 16, 5, 1, 5, 2, 0, 12, 15, 7, 11, 1, 1, 12, 4, 12, 0, 12, 12, 14, 16, 15, 3, 4, 2, 2, 5, 6, 7, 16, 0, 17, 17, 0, 8, 3, 9, 2, 12, 5, 18, 4, 1, 7, 2, 6, 0, 0, 17, 0, 5, 5, 13, 11, 8, 1, 8, 9, 13, 1, 14, 15, 3, 0, 2, 3, 3, 16, 5, 3, 0, 1, 11, 1, 4, 9, 0, 10, 12, 5, 7, 14, 0, 9, 9, 1, 1, 0, 13, 15, 1, 1, 1, 0, 1, 1, 2, 4, 5, 12, 1, 2, 18, 2, 1, 7, 0, 2, 0, 16, 2, 5, 7, 1, 1, 0, 15, 12, 5, 0, 0, 8, 1, 1, 5, 6, 11, 1, 0, 4, 10, 5, 2, 8, 1, 0, 2, 5, 18, 11, 7, 16, 12, 0, 16, 1, 1, 18, 19, 16, 1, 1, 0, 10, 15, 5, 16, 2, 5, 0, 19, 1, 11, 9, 1, 17, 20, 1, 7, 2, 2, 3, 5, 4, 1, 7, 6, 15, 2, 1, 11, 17, 4, 5, 5, 1, 16, 5, 7, 1, 5, 2, 14, 1, 2, 13, 16, 13, 6, 6, 2, 5, 1, 18, 9, 0, 1, 16, 11, 5, 20, 10, 14, 12, 16, 10, 4, 4, 15, 2, 14, 3, 10, 6, 2, 5, 2, 9, 15, 14, 4, 1, 1, 17, 15, 7, 1, 2, 9, 1, 9, 18, 6, 4, 14, 1, 8, 1, 2, 3, 13, 12, 4, 2, 5, 0, 1, 11, 2, 0, 15, 5, 10, 13, 2, 2, 0, 0, 0, 2, 10, 2, 2, 0, 2, 0, 5, 15, 13, 2, 1, 7, 7, 1, 7, 0, 5, 12, 1, 14, 5, 0, 13, 7, 5, 5, 18, 15, 0, 11, 12, 15, 6, 3, 10, 5, 18, 5, 5, 8, 10, 10, 11, 2, 5, 10, 5, 12, 2, 5, 16, 10, 2, 15, 15, 2, 0, 5, 5, 2, 2, 5, 5, 13, 3, 7, 2, 6, 3, 12, 0, 21, 4, 5, 5, 15, 17, 0, 5, 15, 21, 2, 2, 11, 13, 10, 2, 8, 6, 2, 12, 10, 6]"
xerces,2,seed2_solution090,seed2_solution090,0.9168943206326384,0.15311215101322517,0.6001451689471369,0.9212547974564276,0.9168943206326384,-0.15311215101322517,0.6001451689471369,True,False,"[0, 1, 2, 3, 4, 5, 6, 7, 8, 5, 0, 3, 5, 0, 3, 6, 4, 6, 0, 0, 9, 0, 1, 10, 1, 2, 0, 3, 3, 1, 11, 12, 5, 0, 1, 0, 2, 1, 4, 1, 2, 4, 13, 7, 14, 2, 9, 7, 0, 7, 3, 7, 2, 13, 8, 0, 2, 1, 2, 5, 1, 13, 15, 3, 0, 4, 15, 0, 2, 0, 15, 2, 1, 2, 6, 3, 6, 1, 1, 2, 9, 15, 16, 8, 1, 13, 1, 9, 3, 2, 5, 17, 16, 17, 0, 12, 17, 0, 18, 15, 3, 12, 1, 0, 7, 3, 9, 1, 2, 0, 2, 15, 10, 5, 6, 0, 0, 2, 2, 1, 1, 2, 4, 4, 0, 6, 16, 6, 0, 3, 2, 8, 11, 8, 11, 16, 15, 2, 6, 0, 8, 0, 2, 6, 15, 5, 2, 2, 18, 0, 1, 4, 6, 5, 1, 8, 1, 14, 0, 5, 1, 15, 4, 16, 10, 4, 10, 1, 14, 6, 0, 0, 17, 18, 6, 3, 6, 0, 6, 11, 14, 2, 3, 4, 15, 5, 7, 18, 0, 11, 10, 3, 5, 11, 15, 12, 5, 12, 0, 6, 6, 9, 3, 2, 1, 15, 9, 1, 4, 8, 3, 16, 0, 9, 9, 0, 7, 13, 15, 1, 6, 16, 17, 7, 18, 18, 9, 15, 18, 0, 16, 4, 0, 1, 10, 15, 17, 1, 8, 1, 1, 1, 8, 9, 6, 17, 8, 0, 1, 0, 6, 18, 0, 1, 8, 14, 14, 4, 0, 6, 6, 17, 1, 15, 0, 11, 0, 4, 1, 1, 2, 6, 1, 4, 8, 0, 0, 0, 8, 4, 4, 7, 0, 6, 13, 2, 9, 4, 17, 8, 10, 3, 12, 6, 11, 17, 5, 10, 4, 17, 13, 3, 1, 0, 11, 7, 17, 0, 3, 2, 17, 1, 1, 9, 4, 5, 8, 12, 17, 6, 2, 12, 1, 1, 18, 1, 17, 1, 17, 8, 5, 11, 2, 4, 3, 9, 3, 17, 0, 0, 4, 1, 2, 2, 14, 7, 4, 8, 8, 1, 7, 1, 18, 4, 10, 3, 8, 0, 0, 3, 3, 3, 10, 5, 12, 18, 1, 1, 6, 4, 10, 9, 0, 6, 0, 1, 14, 0, 3, 1, 1, 0, 7, 1, 1, 3, 10, 0, 3, 4, 2, 1, 18, 0, 5, 4, 9, 1, 10, 2, 2, 0, 5, 8, 0, 0, 1, 1, 2, 1, 2, 3, 15, 3, 17, 7, 4, 6, 11, 18, 17, 13, 3, 11, 14, 3, 9, 6, 2, 3, 3, 8, 17, 13, 2, 9, 1, 18, 6, 12, 9, 13, 3, 7, 0, 9, 13, 17, 18, 14, 16, 12, 7, 2, 1, 3, 3, 7, 7, 1, 8, 16, 1, 7, 4, 6, 0, 10, 4, 17, 15, 18, 14, 5, 0, 0, 0, 2, 9, 8, 5, 0, 1, 14, 1, 17, 5, 16, 3, 4, 10, 1, 1, 1, 1, 2, 0, 16, 16, 3, 0, 4, 2, 4, 16, 2, 9, 12, 11, 13, 1, 11, 3, 0, 0, 1, 17, 5, 2, 8, 4, 5, 0, 7, 1, 18, 16, 0, 17, 17, 2, 6, 2, 14, 7, 11, 1, 9, 0, 13, 2, 1, 1, 4, 0, 7, 0, 3, 2, 7, 4, 18, 3, 3, 0, 17, 8, 2, 5, 7, 3, 9, 2, 17, 1, 1, 0, 14, 2, 16, 0, 0, 3, 13, 1, 16, 1, 2, 3, 0, 6, 8, 16, 1, 0, 6, 2, 15, 2, 10, 6, 8, 1, 4, 0, 2, 3, 5, 1, 0, 11, 1, 1, 0, 8, 3, 8, 4, 3, 7, 15, 4, 0, 9, 11, 5, 1, 13, 1, 1, 15, 0, 11, 10, 3, 1, 0, 9, 1, 4, 2, 16, 14, 6, 2, 9, 1, 0, 2, 2, 15, 2, 11, 11, 0, 7, 13, 12, 7, 17, 17, 10, 2, 4, 18, 11, 0, 15, 5, 11, 3, 13, 8, 6, 4, 2, 8, 6, 5, 14, 16, 3, 4, 9, 2, 9, 17, 3, 0, 5, 11, 5, 2, 5, 15, 5, 8, 1, 3, 2, 13, 6, 2, 3, 3, 3, 1, 9, 5, 9, 1, 4, 9, 6, 18, 4, 2, 14, 15, 3, 3, 2, 2, 8, 13, 18, 2, 2, 4, 0, 3, 10, 11, 13, 3, 14, 17, 2, 14, 6, 2, 10, 3, 14, 10, 2, 17, 2, 16, 13, 11, 3, 10, 13, 6, 0, 2, 7, 0, 0, 1, 2, 7, 2, 3, 8, 2, 9, 15, 2, 17, 17, 7, 7, 12, 9, 3, 4, 9, 12, 6, 2, 7, 6, 6, 6, 3, 0, 2, 9, 7, 0, 2, 5, 7, 18, 11, 0, 4, 4, 16, 6, 11, 7, 4, 2, 3, 2, 0, 2, 5, 17, 3, 17, 2, 7, 12, 3, 2, 7, 1, 4, 7, 17]"
xerces,2,seed2_solution091,seed2_solution091,0.9289719626168225,10.531167094982665,0.7783212168473422,0.9208037073611084,0.9289719626168225,-10.531167094982665,0.7783212168473422,True,False,"[0, 1, 2, 3, 2, 3, 4, 1, 5, 6, 4, 3, 4, 7, 1, 0, 2, 5, 2, 2, 8, 0, 1, 0, 7, 9, 5, 3, 1, 10, 0, 11, 0, 6, 1, 0, 2, 9, 12, 1, 0, 2, 0, 6, 9, 13, 8, 7, 0, 2, 9, 0, 14, 10, 0, 0, 0, 1, 2, 9, 0, 14, 0, 3, 0, 4, 4, 0, 12, 6, 0, 0, 0, 2, 0, 3, 5, 1, 1, 2, 14, 0, 4, 2, 8, 10, 1, 8, 15, 12, 1, 0, 2, 0, 0, 1, 15, 0, 0, 3, 3, 11, 4, 0, 3, 2, 8, 3, 2, 1, 1, 6, 9, 2, 1, 10, 0, 16, 2, 1, 1, 15, 4, 12, 10, 4, 10, 2, 0, 0, 5, 5, 6, 7, 10, 10, 17, 10, 6, 12, 1, 11, 10, 6, 6, 10, 2, 1, 10, 1, 2, 10, 5, 4, 8, 5, 14, 16, 1, 1, 1, 4, 0, 15, 0, 0, 11, 1, 9, 5, 0, 0, 12, 17, 7, 3, 14, 0, 13, 3, 2, 4, 3, 4, 2, 9, 1, 12, 0, 0, 11, 4, 6, 15, 2, 1, 0, 18, 8, 1, 5, 14, 16, 6, 1, 16, 12, 6, 12, 17, 3, 9, 2, 14, 2, 0, 1, 4, 16, 1, 17, 0, 9, 8, 18, 17, 11, 16, 18, 2, 8, 12, 6, 1, 4, 1, 14, 16, 5, 18, 7, 1, 16, 8, 0, 0, 4, 0, 12, 9, 4, 2, 1, 0, 7, 4, 15, 0, 0, 15, 18, 12, 17, 18, 0, 11, 13, 4, 8, 11, 17, 2, 1, 0, 7, 17, 13, 0, 1, 6, 4, 10, 3, 9, 10, 1, 9, 12, 1, 5, 18, 0, 18, 1, 1, 1, 6, 13, 12, 12, 6, 6, 1, 4, 2, 7, 18, 1, 1, 17, 3, 1, 1, 14, 17, 4, 13, 18, 13, 3, 3, 18, 1, 2, 14, 15, 7, 17, 7, 5, 4, 11, 0, 8, 3, 12, 10, 7, 7, 16, 16, 1, 12, 9, 18, 15, 2, 1, 7, 6, 0, 1, 0, 2, 1, 0, 5, 9, 0, 1, 2, 0, 1, 4, 18, 1, 1, 1, 5, 7, 3, 15, 0, 2, 0, 0, 9, 0, 1, 9, 1, 16, 7, 1, 1, 1, 4, 0, 0, 4, 0, 12, 6, 9, 0, 12, 14, 1, 11, 2, 2, 0, 3, 18, 14, 7, 1, 1, 2, 16, 2, 3, 4, 11, 1, 18, 9, 13, 2, 18, 6, 10, 3, 15, 16, 13, 4, 0, 7, 2, 10, 12, 9, 3, 2, 12, 12, 3, 2, 3, 8, 4, 1, 9, 16, 12, 10, 12, 17, 12, 3, 18, 14, 18, 0, 3, 0, 2, 13, 15, 5, 12, 1, 18, 3, 0, 14, 8, 1, 12, 4, 17, 6, 1, 0, 0, 0, 1, 2, 1, 6, 18, 18, 1, 1, 3, 15, 3, 17, 14, 11, 9, 2, 1, 9, 4, 0, 0, 13, 3, 3, 3, 2, 7, 6, 1, 8, 11, 2, 3, 0, 13, 2, 15, 0, 1, 12, 0, 2, 5, 12, 4, 1, 12, 1, 6, 5, 0, 12, 1, 2, 0, 16, 9, 1, 2, 4, 8, 1, 0, 2, 3, 4, 12, 2, 16, 14, 0, 3, 1, 5, 0, 11, 17, 6, 8, 2, 4, 6, 3, 3, 3, 0, 7, 1, 14, 3, 1, 2, 3, 3, 0, 1, 9, 9, 15, 1, 5, 3, 14, 1, 16, 3, 0, 0, 5, 2, 0, 17, 18, 5, 4, 0, 14, 0, 2, 6, 9, 18, 18, 14, 18, 15, 6, 7, 18, 3, 17, 18, 6, 0, 1, 0, 1, 11, 4, 1, 19, 15, 1, 4, 0, 15, 3, 3, 12, 0, 14, 1, 2, 15, 1, 1, 3, 1, 14, 1, 0, 11, 2, 1, 3, 0, 13, 0, 7, 0, 1, 7, 7, 0, 2, 14, 12, 17, 8, 1, 4, 0, 0, 1, 19, 8, 15, 7, 17, 0, 7, 6, 3, 15, 15, 2, 15, 2, 2, 3, 8, 11, 15, 15, 3, 1, 1, 3, 6, 7, 6, 2, 9, 5, 5, 6, 3, 13, 0, 12, 12, 14, 12, 1, 7, 2, 3, 17, 3, 2, 2, 16, 3, 6, 15, 6, 3, 1, 18, 2, 2, 1, 0, 10, 11, 2, 10, 2, 9, 12, 1, 11, 7, 16, 4, 2, 9, 11, 2, 8, 6, 15, 10, 13, 3, 6, 8, 11, 0, 0, 1, 0, 1, 6, 2, 8, 2, 3, 3, 9, 12, 16, 6, 12, 3, 2, 11, 12, 3, 3, 3, 12, 18, 5, 17, 10, 2, 5, 5, 12, 0, 1, 3, 2, 0, 5, 3, 2, 2, 13, 0, 4, 1, 13, 6, 20, 2, 4, 5, 18, 2, 10, 3, 15, 20, 3, 8, 2, 8, 20, 0, 2, 13, 3, 1, 10, 3]"
xerces,2,seed2_solution092,seed2_solution092,0.9327102803738317,0.14519588475406806,0.5466347327020696,0.934859787870076,0.9327102803738317,-0.14519588475406806,0.5466347327020696,True,False,"[0, 1, 2, 1, 3, 4, 1, 5, 1, 0, 3, 0, 3, 6, 3, 7, 1, 8, 3, 6, 3, 0, 9, 10, 1, 3, 1, 4, 1, 2, 11, 7, 0, 7, 11, 1, 3, 0, 2, 2, 1, 7, 0, 4, 12, 3, 0, 5, 0, 4, 2, 5, 3, 13, 4, 7, 2, 3, 3, 12, 0, 13, 0, 3, 6, 14, 8, 0, 7, 6, 0, 13, 1, 0, 8, 2, 11, 7, 1, 2, 8, 0, 0, 6, 15, 0, 13, 15, 6, 7, 3, 7, 9, 9, 13, 16, 17, 3, 14, 17, 17, 16, 0, 1, 1, 3, 15, 3, 0, 0, 3, 7, 10, 0, 2, 0, 3, 3, 7, 16, 1, 11, 6, 7, 8, 0, 9, 8, 8, 0, 3, 6, 11, 8, 11, 9, 7, 6, 8, 7, 7, 11, 8, 8, 6, 4, 1, 11, 14, 0, 2, 7, 8, 4, 1, 6, 2, 12, 7, 5, 1, 17, 7, 9, 10, 0, 8, 11, 7, 0, 0, 5, 18, 14, 0, 6, 8, 12, 8, 11, 12, 17, 3, 7, 4, 4, 3, 14, 9, 11, 10, 3, 10, 2, 2, 16, 4, 4, 15, 0, 2, 4, 12, 3, 7, 17, 5, 1, 7, 14, 2, 9, 7, 7, 18, 17, 5, 13, 17, 2, 0, 0, 18, 6, 2, 14, 5, 3, 14, 0, 9, 17, 0, 11, 4, 17, 18, 12, 0, 1, 3, 6, 2, 15, 11, 0, 0, 4, 18, 4, 17, 14, 0, 1, 3, 12, 7, 7, 0, 9, 2, 18, 14, 17, 12, 11, 9, 5, 15, 10, 14, 4, 17, 11, 17, 14, 0, 7, 11, 8, 2, 1, 0, 8, 8, 8, 5, 7, 1, 6, 14, 3, 16, 1, 11, 18, 17, 16, 5, 2, 13, 6, 0, 0, 0, 5, 16, 0, 2, 2, 4, 1, 6, 0, 7, 4, 6, 18, 10, 8, 2, 16, 4, 1, 0, 10, 6, 5, 5, 1, 1, 0, 3, 15, 8, 1, 2, 5, 8, 18, 7, 3, 7, 2, 12, 11, 7, 0, 6, 3, 6, 14, 17, 7, 10, 1, 1, 12, 9, 2, 18, 3, 10, 17, 16, 17, 6, 11, 0, 0, 2, 5, 1, 0, 7, 0, 1, 6, 7, 5, 1, 17, 5, 10, 5, 12, 7, 0, 3, 3, 14, 18, 14, 1, 4, 0, 15, 1, 10, 7, 0, 5, 0, 5, 0, 0, 1, 4, 5, 7, 1, 7, 17, 15, 1, 6, 12, 1, 11, 14, 15, 1, 11, 11, 12, 3, 3, 18, 13, 3, 5, 3, 15, 7, 1, 15, 1, 2, 8, 6, 7, 13, 17, 4, 7, 15, 7, 18, 1, 1, 9, 0, 16, 16, 17, 2, 3, 7, 0, 1, 5, 9, 1, 0, 5, 2, 0, 2, 1, 0, 17, 14, 15, 8, 2, 7, 0, 2, 1, 6, 16, 6, 12, 3, 17, 2, 17, 0, 1, 18, 3, 1, 2, 1, 12, 4, 0, 9, 7, 17, 0, 17, 2, 5, 9, 3, 7, 4, 3, 5, 1, 11, 5, 4, 0, 5, 18, 4, 14, 3, 18, 4, 6, 6, 1, 14, 3, 0, 4, 1, 3, 0, 7, 0, 5, 2, 4, 15, 0, 13, 1, 4, 17, 7, 3, 11, 15, 3, 3, 2, 7, 5, 16, 14, 0, 18, 6, 18, 4, 5, 8, 2, 3, 6, 0, 1, 6, 2, 5, 9, 4, 1, 13, 13, 12, 2, 18, 1, 1, 4, 8, 4, 2, 1, 0, 8, 2, 3, 3, 0, 11, 11, 1, 18, 11, 14, 13, 18, 11, 11, 18, 7, 1, 8, 17, 12, 6, 9, 16, 5, 17, 7, 1, 0, 11, 1, 7, 16, 1, 6, 17, 0, 2, 10, 5, 7, 0, 8, 3, 7, 0, 9, 12, 2, 2, 15, 2, 0, 3, 6, 1, 2, 11, 11, 8, 0, 13, 1, 5, 0, 0, 3, 2, 7, 14, 6, 0, 17, 8, 11, 1, 8, 17, 11, 7, 5, 0, 8, 4, 6, 6, 2, 8, 0, 15, 11, 2, 18, 14, 1, 11, 4, 11, 1, 17, 4, 17, 1, 1, 0, 8, 8, 3, 3, 1, 0, 18, 15, 6, 5, 1, 7, 5, 8, 2, 7, 4, 12, 17, 2, 0, 12, 8, 17, 7, 1, 15, 0, 3, 0, 6, 10, 1, 0, 0, 3, 18, 2, 12, 1, 12, 7, 2, 12, 10, 2, 18, 2, 2, 1, 11, 3, 0, 13, 17, 18, 2, 1, 0, 1, 11, 2, 8, 18, 2, 6, 12, 17, 17, 8, 18, 18, 3, 17, 16, 9, 4, 7, 2, 16, 8, 14, 18, 8, 5, 4, 1, 12, 2, 15, 5, 6, 6, 4, 5, 2, 0, 0, 7, 1, 9, 3, 1, 6, 2, 6, 2, 12, 18, 2, 4, 18, 2, 18, 2, 6, 17, 0, 7, 11, 7, 5, 5, 18]"
xerces,2,seed2_solution093,seed2_solution093,0.9365061107117182,0.14149119562595489,0.15889987866835403,0.9509474316467514,0.9365061107117182,-0.14149119562595489,0.15889987866835403,True,False,"[0, 1, 2, 3, 4, 5, 6, 7, 8, 9, 10, 3, 5, 8, 3, 0, 2, 6, 0, 8, 11, 12, 12, 13, 7, 14, 8, 9, 1, 15, 16, 17, 5, 3, 16, 11, 2, 13, 4, 8, 1, 4, 15, 7, 14, 12, 11, 7, 2, 7, 5, 7, 17, 15, 5, 0, 2, 3, 17, 14, 14, 15, 10, 3, 6, 18, 10, 17, 4, 8, 10, 15, 1, 2, 6, 6, 16, 4, 1, 2, 11, 10, 12, 8, 11, 15, 15, 11, 8, 4, 5, 9, 12, 12, 15, 17, 16, 0, 18, 10, 14, 17, 12, 0, 7, 3, 11, 3, 14, 1, 18, 10, 13, 5, 6, 13, 9, 14, 18, 17, 0, 16, 8, 4, 0, 6, 12, 6, 7, 0, 8, 8, 16, 14, 16, 12, 18, 15, 6, 4, 1, 16, 6, 6, 10, 15, 10, 16, 18, 0, 2, 4, 6, 5, 9, 8, 11, 14, 4, 7, 14, 10, 4, 12, 13, 4, 13, 16, 14, 6, 0, 7, 9, 18, 7, 8, 11, 14, 6, 16, 14, 10, 3, 5, 10, 5, 3, 18, 12, 16, 13, 3, 13, 16, 10, 17, 5, 17, 5, 6, 6, 11, 14, 15, 5, 10, 3, 1, 4, 18, 18, 12, 4, 11, 11, 12, 7, 15, 10, 1, 18, 12, 5, 8, 18, 18, 13, 10, 18, 0, 12, 4, 3, 16, 13, 10, 6, 14, 8, 10, 15, 8, 8, 11, 16, 0, 0, 5, 9, 14, 10, 18, 0, 1, 3, 14, 14, 4, 0, 12, 6, 9, 18, 10, 14, 16, 12, 7, 11, 13, 18, 6, 10, 16, 8, 18, 16, 5, 16, 6, 13, 7, 0, 5, 15, 6, 14, 4, 9, 8, 18, 3, 17, 6, 16, 4, 10, 17, 4, 9, 15, 6, 1, 5, 16, 7, 17, 0, 3, 2, 9, 1, 1, 11, 3, 5, 16, 17, 12, 5, 2, 17, 17, 2, 18, 13, 8, 5, 7, 8, 5, 16, 2, 11, 6, 16, 3, 7, 7, 0, 4, 3, 4, 5, 14, 16, 4, 8, 8, 3, 9, 18, 18, 4, 13, 16, 8, 14, 12, 10, 2, 3, 13, 5, 17, 18, 8, 16, 6, 4, 13, 12, 1, 6, 0, 0, 14, 15, 4, 14, 1, 10, 7, 13, 7, 1, 13, 0, 3, 3, 18, 9, 18, 0, 5, 4, 11, 1, 13, 2, 2, 13, 5, 17, 15, 0, 12, 5, 7, 1, 8, 18, 10, 13, 18, 8, 14, 6, 16, 18, 9, 15, 16, 16, 14, 3, 5, 6, 15, 3, 7, 8, 11, 15, 2, 11, 14, 18, 6, 17, 11, 15, 1, 13, 4, 11, 15, 9, 18, 14, 12, 17, 17, 17, 1, 2, 3, 0, 12, 1, 8, 12, 1, 17, 4, 6, 0, 9, 4, 9, 10, 18, 14, 5, 0, 8, 0, 6, 11, 8, 17, 0, 14, 14, 1, 4, 5, 12, 18, 4, 13, 13, 2, 1, 14, 5, 0, 12, 12, 10, 8, 4, 2, 7, 12, 15, 11, 17, 16, 15, 1, 16, 1, 5, 0, 7, 9, 5, 18, 8, 9, 5, 1, 12, 1, 18, 12, 0, 9, 9, 2, 6, 6, 14, 7, 16, 5, 11, 1, 15, 5, 3, 10, 4, 0, 16, 11, 3, 3, 2, 4, 18, 17, 18, 0, 9, 8, 10, 4, 7, 18, 11, 2, 8, 1, 15, 0, 14, 4, 12, 3, 0, 15, 15, 14, 12, 9, 6, 3, 15, 6, 14, 2, 1, 11, 6, 2, 3, 18, 13, 16, 8, 1, 4, 0, 18, 6, 5, 3, 1, 16, 6, 1, 6, 7, 14, 8, 12, 17, 7, 10, 4, 1, 12, 16, 5, 11, 1, 12, 8, 10, 4, 16, 13, 3, 4, 6, 11, 3, 14, 12, 12, 14, 6, 2, 11, 2, 17, 13, 8, 10, 2, 16, 16, 6, 7, 15, 17, 7, 9, 9, 13, 11, 4, 18, 16, 1, 10, 17, 16, 1, 6, 11, 16, 4, 18, 0, 6, 6, 14, 12, 14, 6, 11, 11, 16, 2, 11, 18, 5, 16, 5, 16, 5, 10, 14, 8, 6, 16, 5, 15, 12, 18, 3, 6, 0, 9, 11, 15, 14, 5, 15, 2, 6, 18, 10, 2, 14, 10, 3, 3, 14, 2, 3, 15, 18, 11, 0, 0, 0, 7, 13, 16, 15, 3, 14, 9, 2, 14, 7, 14, 13, 2, 14, 13, 2, 9, 2, 12, 15, 16, 3, 13, 15, 13, 0, 2, 18, 14, 1, 16, 2, 14, 9, 3, 8, 14, 18, 10, 6, 9, 8, 7, 16, 17, 11, 3, 16, 4, 17, 6, 18, 7, 10, 14, 5, 4, 0, 2, 11, 7, 0, 8, 5, 7, 18, 16, 3, 9, 1, 12, 6, 1, 6, 2, 8, 14, 14, 0, 2, 5, 9, 4, 9, 16, 7, 17, 0, 11, 16, 4, 4, 7, 9]"
xerces,2,seed2_solution094,seed2_solution094,0.9368511861969806,0.14061404903383098,0.15017893651042874,0.9522004001154012,0.9368511861969806,-0.14061404903383098,0.15017893651042874,True,False,"[0, 1, 2, 3, 4, 5, 6, 7, 8, 9, 10, 3, 5, 8, 3, 0, 2, 6, 0, 8, 11, 12, 12, 13, 7, 14, 8, 9, 1, 15, 16, 17, 5, 3, 16, 11, 2, 13, 4, 8, 1, 4, 15, 7, 14, 12, 11, 7, 2, 7, 5, 7, 17, 15, 5, 0, 2, 3, 17, 14, 14, 15, 10, 3, 6, 18, 10, 17, 4, 8, 10, 15, 1, 2, 6, 6, 16, 4, 1, 2, 11, 10, 12, 8, 11, 15, 15, 11, 8, 4, 5, 9, 12, 12, 15, 17, 16, 0, 18, 10, 14, 17, 12, 0, 7, 3, 11, 3, 14, 1, 18, 10, 13, 5, 6, 13, 9, 14, 18, 17, 0, 16, 8, 4, 0, 6, 12, 6, 7, 0, 8, 8, 16, 14, 16, 12, 18, 15, 6, 4, 1, 16, 6, 6, 10, 15, 10, 16, 18, 0, 2, 4, 6, 5, 9, 8, 11, 14, 4, 7, 14, 10, 4, 12, 13, 4, 13, 16, 14, 6, 0, 7, 9, 18, 7, 8, 11, 14, 6, 16, 14, 10, 3, 5, 10, 5, 3, 18, 12, 16, 13, 3, 13, 16, 10, 17, 5, 17, 5, 6, 6, 11, 14, 15, 5, 10, 3, 1, 4, 18, 18, 12, 4, 11, 11, 12, 7, 15, 10, 1, 18, 12, 5, 8, 18, 18, 13, 10, 18, 0, 12, 4, 3, 16, 13, 10, 6, 14, 8, 10, 15, 8, 8, 11, 16, 0, 0, 5, 9, 14, 10, 18, 0, 1, 3, 14, 12, 4, 0, 12, 6, 9, 18, 10, 14, 16, 12, 7, 11, 13, 18, 6, 10, 16, 8, 18, 16, 5, 16, 6, 13, 7, 0, 5, 15, 6, 14, 4, 9, 8, 18, 3, 17, 6, 16, 4, 10, 17, 4, 9, 15, 6, 1, 5, 16, 7, 17, 0, 3, 2, 9, 1, 1, 11, 3, 5, 16, 17, 12, 5, 2, 17, 17, 2, 18, 13, 8, 5, 7, 8, 5, 16, 2, 11, 6, 16, 3, 7, 7, 0, 4, 3, 4, 5, 14, 16, 4, 8, 8, 3, 9, 18, 18, 4, 13, 16, 8, 14, 12, 10, 2, 3, 13, 5, 17, 18, 8, 16, 6, 4, 13, 12, 1, 6, 0, 0, 14, 15, 4, 14, 1, 10, 7, 13, 7, 1, 13, 0, 3, 3, 18, 9, 18, 0, 5, 4, 11, 1, 13, 2, 2, 13, 5, 17, 15, 0, 12, 5, 7, 1, 8, 18, 10, 13, 18, 8, 17, 6, 16, 18, 9, 15, 16, 16, 14, 3, 5, 6, 15, 3, 7, 8, 11, 15, 2, 11, 14, 18, 6, 17, 11, 15, 1, 13, 4, 11, 15, 9, 18, 14, 12, 17, 17, 17, 1, 2, 3, 0, 12, 1, 8, 12, 1, 17, 4, 6, 0, 9, 4, 9, 10, 18, 14, 5, 0, 8, 0, 6, 11, 8, 17, 0, 14, 14, 1, 4, 5, 12, 18, 4, 13, 13, 2, 1, 14, 5, 0, 12, 12, 10, 8, 4, 2, 7, 12, 15, 11, 17, 16, 15, 1, 16, 1, 5, 0, 7, 9, 5, 18, 8, 9, 5, 1, 12, 1, 18, 12, 0, 9, 9, 2, 6, 6, 14, 7, 16, 5, 11, 1, 15, 5, 3, 10, 4, 0, 16, 11, 3, 3, 2, 4, 1, 17, 18, 0, 9, 8, 10, 4, 7, 18, 11, 2, 8, 1, 15, 0, 14, 4, 12, 3, 0, 15, 15, 14, 12, 9, 6, 3, 15, 6, 14, 2, 1, 11, 6, 2, 3, 18, 13, 16, 8, 1, 4, 0, 18, 6, 5, 3, 1, 16, 6, 1, 6, 7, 14, 8, 12, 17, 7, 10, 4, 1, 12, 16, 5, 11, 1, 12, 8, 10, 4, 16, 13, 3, 4, 6, 11, 3, 5, 12, 12, 14, 6, 2, 11, 2, 17, 13, 8, 10, 2, 16, 16, 6, 7, 15, 17, 7, 9, 9, 13, 11, 4, 18, 16, 1, 10, 17, 16, 1, 6, 11, 16, 4, 18, 0, 6, 6, 14, 12, 14, 6, 11, 11, 16, 2, 11, 18, 5, 16, 5, 16, 5, 10, 14, 8, 6, 16, 5, 15, 12, 18, 3, 6, 0, 9, 11, 15, 14, 5, 15, 2, 6, 18, 10, 2, 14, 10, 3, 3, 14, 2, 3, 15, 18, 11, 0, 0, 0, 7, 13, 16, 15, 3, 14, 9, 2, 14, 7, 14, 13, 2, 14, 13, 2, 9, 2, 12, 15, 16, 3, 13, 15, 13, 0, 2, 18, 14, 1, 16, 2, 14, 9, 3, 8, 14, 18, 10, 6, 9, 8, 7, 16, 17, 11, 3, 16, 4, 17, 6, 18, 7, 10, 14, 5, 4, 0, 2, 11, 7, 0, 8, 5, 7, 18, 16, 3, 9, 1, 12, 6, 1, 6, 2, 8, 14, 14, 0, 2, 5, 9, 4, 9, 16, 7, 17, 0, 11, 16, 4, 4, 7, 9]"
xerces,2,seed2_solution095,seed2_solution095,0.9382602444284688,10.04880750215959,0.4806502225423825,0.937936823901032,0.9382602444284688,-10.04880750215959,0.4806502225423825,True,False,"[0, 1, 2, 3, 3, 4, 5, 1, 6, 7, 4, 3, 4, 8, 5, 0, 2, 6, 0, 2, 9, 10, 10, 5, 8, 11, 6, 7, 1, 12, 10, 13, 4, 5, 14, 7, 2, 11, 15, 6, 1, 15, 0, 12, 11, 14, 7, 8, 0, 2, 11, 0, 13, 12, 11, 0, 2, 3, 16, 11, 0, 12, 17, 3, 5, 18, 4, 0, 15, 5, 0, 0, 1, 2, 5, 6, 11, 0, 1, 2, 9, 17, 10, 2, 7, 12, 12, 9, 11, 15, 4, 0, 14, 3, 0, 5, 11, 0, 18, 17, 11, 13, 10, 0, 8, 3, 9, 3, 11, 1, 1, 17, 18, 2, 12, 12, 12, 17, 16, 1, 11, 10, 12, 15, 12, 1, 12, 2, 8, 0, 6, 6, 11, 11, 12, 12, 18, 12, 5, 15, 1, 14, 12, 5, 5, 12, 17, 14, 12, 0, 2, 12, 6, 4, 7, 8, 9, 17, 15, 8, 17, 4, 1, 10, 13, 3, 13, 1, 11, 6, 0, 8, 15, 18, 8, 6, 9, 11, 5, 14, 17, 4, 3, 4, 4, 11, 1, 15, 10, 14, 13, 5, 7, 10, 17, 16, 4, 16, 7, 5, 6, 9, 17, 5, 4, 17, 3, 5, 15, 18, 5, 11, 15, 9, 3, 10, 8, 12, 17, 1, 18, 10, 11, 6, 16, 18, 13, 17, 16, 0, 10, 15, 3, 14, 4, 1, 5, 17, 6, 17, 12, 6, 6, 7, 14, 0, 4, 4, 15, 11, 4, 16, 0, 1, 3, 4, 10, 15, 0, 10, 6, 15, 18, 17, 11, 14, 14, 12, 7, 13, 18, 2, 17, 14, 8, 18, 14, 11, 1, 6, 13, 12, 3, 11, 12, 5, 11, 15, 1, 6, 16, 5, 16, 6, 14, 1, 17, 14, 3, 15, 12, 5, 1, 4, 2, 8, 16, 0, 3, 18, 3, 1, 1, 9, 18, 4, 14, 16, 14, 3, 2, 16, 3, 2, 18, 18, 8, 18, 8, 6, 4, 14, 2, 7, 5, 14, 0, 8, 8, 0, 15, 1, 15, 11, 17, 10, 2, 15, 8, 5, 15, 18, 16, 3, 13, 14, 6, 11, 5, 1, 2, 0, 18, 4, 16, 15, 6, 10, 6, 15, 15, 10, 1, 5, 3, 0, 11, 9, 1, 11, 1, 17, 8, 13, 5, 1, 18, 0, 3, 5, 16, 15, 5, 11, 4, 15, 9, 1, 13, 2, 0, 13, 4, 16, 9, 8, 10, 11, 8, 17, 6, 3, 17, 13, 16, 17, 11, 5, 2, 16, 5, 12, 14, 10, 17, 3, 4, 6, 9, 15, 12, 15, 11, 3, 2, 7, 15, 18, 2, 13, 7, 9, 1, 18, 15, 15, 12, 7, 16, 15, 14, 16, 16, 16, 1, 2, 3, 0, 14, 11, 6, 14, 1, 16, 3, 5, 15, 7, 15, 15, 4, 16, 11, 4, 0, 3, 0, 1, 7, 6, 16, 0, 17, 17, 0, 3, 4, 10, 18, 15, 13, 18, 2, 1, 11, 4, 0, 0, 14, 17, 3, 3, 2, 8, 14, 9, 7, 13, 10, 12, 1, 14, 11, 4, 0, 3, 15, 4, 16, 6, 15, 4, 1, 14, 1, 5, 10, 0, 15, 15, 2, 6, 17, 11, 10, 10, 4, 7, 1, 12, 11, 3, 4, 15, 0, 17, 9, 3, 3, 2, 15, 1, 13, 18, 5, 7, 6, 4, 3, 3, 16, 3, 2, 8, 1, 9, 0, 11, 15, 3, 3, 0, 9, 11, 11, 10, 7, 6, 3, 9, 5, 17, 2, 3, 9, 6, 2, 3, 18, 16, 14, 6, 16, 15, 0, 16, 5, 11, 16, 16, 16, 16, 1, 5, 8, 11, 2, 16, 16, 5, 0, 19, 1, 14, 10, 4, 17, 20, 10, 6, 4, 3, 10, 2, 3, 15, 6, 9, 11, 3, 10, 14, 17, 5, 1, 2, 1, 16, 13, 6, 1, 2, 3, 14, 1, 8, 12, 16, 8, 7, 7, 2, 9, 15, 18, 10, 1, 4, 16, 14, 1, 20, 7, 10, 15, 16, 0, 5, 5, 11, 10, 10, 2, 10, 7, 2, 2, 7, 10, 11, 10, 5, 1, 1, 17, 11, 6, 5, 2, 11, 1, 10, 18, 3, 5, 0, 15, 9, 9, 3, 4, 12, 2, 5, 18, 3, 2, 1, 17, 3, 5, 11, 2, 3, 12, 16, 2, 0, 0, 0, 12, 13, 2, 12, 2, 11, 15, 2, 11, 8, 17, 1, 2, 11, 13, 2, 7, 5, 10, 12, 14, 3, 5, 12, 13, 0, 2, 18, 11, 1, 14, 2, 11, 7, 3, 3, 11, 18, 17, 5, 15, 8, 8, 14, 15, 2, 3, 3, 15, 16, 6, 16, 8, 3, 11, 11, 15, 0, 2, 2, 2, 0, 6, 2, 12, 2, 14, 3, 7, 1, 14, 5, 21, 5, 2, 6, 11, 17, 0, 2, 11, 21, 3, 7, 14, 12, 21, 0, 9, 14, 3, 15, 8, 7]"
xerces,2,seed2_solution096,seed2_solution096,0.9567505391804457,0.16284520235335617,0.24918293395356564,0.9668954295537531,0.9567505391804457,-0.16284520235335617,0.24918293395356564,True,False,"[0, 1, 2, 2, 3, 4, 5, 6, 7, 8, 9, 10, 1, 6, 11, 2, 12, 13, 14, 4, 15, 16, 14, 6, 17, 18, 19, 13, 20, 21, 22, 9, 23, 15, 16, 14, 16, 24, 25, 26, 27, 17, 2, 28, 29, 30, 31, 32, 27, 5, 5, 14, 14, 15, 12, 31, 10, 27, 28, 33, 34, 16, 35, 17, 15, 0, 36, 11, 24, 31, 27, 26, 9, 37, 16, 27, 4, 20, 0, 16, 9, 37, 38, 38, 17, 25, 25, 15, 13, 28, 18, 31, 20, 8, 39, 1, 17, 25, 9, 4, 29, 10, 32, 2, 2, 18, 23, 21, 12, 29, 33, 39, 24, 31, 32, 37, 7, 28, 22, 40, 10, 20, 17, 5, 32, 35, 22, 5, 37, 33, 41, 42, 15, 24, 1, 16, 10, 40, 14, 7, 11, 7, 33, 26, 26, 11, 19, 13, 15, 35, 21, 14, 9, 41, 36, 5, 40, 38, 39, 21, 25, 19, 5, 14, 17, 33, 17, 2, 17, 16, 25, 13, 18, 14, 14, 9, 3, 26, 41, 3, 13, 40, 31, 28, 26, 29, 2, 19, 19, 26, 19, 27, 20, 24, 8, 1, 12, 34, 21, 12, 36, 39, 10, 20, 12, 4, 23, 28, 26, 23, 5, 35, 26, 15, 3, 37, 5, 25, 3, 15, 4, 18, 35, 23, 1, 5, 16, 42, 5, 24, 42, 9, 2, 37, 5, 26, 0, 16, 11, 3, 38, 30, 8, 22, 12, 1, 26, 8, 29, 5, 20, 29, 1, 21, 23, 19, 24, 1, 12, 35, 22, 39, 39, 12, 31, 8, 1, 34, 24, 1, 0, 11, 9, 41, 5, 10, 19, 6, 1, 23, 15, 19, 28, 42, 2, 38, 31, 30, 22, 39, 15, 12, 7, 5, 38, 25, 1, 7, 33, 40, 10, 24, 15, 15, 42, 31, 10, 8, 13, 20, 32, 1, 29, 22, 0, 16, 10, 42, 31, 25, 19, 16, 1, 19, 11, 10, 42, 5, 12, 14, 30, 17, 17, 34, 16, 22, 13, 42, 38, 8, 25, 16, 2, 22, 34, 8, 13, 24, 3, 32, 22, 11, 33, 9, 13, 32, 31, 7, 23, 0, 17, 16, 4, 33, 19, 23, 11, 23, 27, 22, 31, 7, 39, 13, 29, 18, 8, 9, 42, 17, 21, 36, 16, 28, 13, 10, 34, 19, 3, 38, 29, 41, 19, 16, 15, 35, 40, 32, 5, 38, 15, 6, 23, 10, 36, 33, 5, 13, 41, 8, 24, 13, 32, 10, 8, 2, 12, 2, 22, 35, 14, 10, 29, 15, 13, 15, 29, 40, 15, 19, 41, 23, 17, 9, 21, 17, 15, 37, 30, 10, 2, 2, 1, 6, 31, 33, 29, 36, 16, 40, 27, 7, 34, 14, 1, 3, 11, 2, 41, 40, 29, 17, 13, 41, 11, 25, 42, 6, 16, 14, 3, 33, 13, 14, 25, 31, 20, 35, 21, 20, 21, 27, 11, 3, 7, 2, 18, 36, 36, 21, 1, 23, 17, 29, 1, 10, 17, 29, 19, 26, 6, 12, 28, 33, 12, 27, 12, 40, 12, 5, 7, 36, 8, 24, 13, 25, 41, 13, 17, 39, 39, 2, 15, 30, 17, 22, 18, 1, 12, 35, 13, 40, 13, 19, 27, 0, 34, 27, 34, 36, 29, 15, 26, 38, 33, 5, 9, 34, 22, 29, 29, 6, 17, 31, 42, 9, 34, 35, 27, 24, 4, 29, 16, 19, 18, 23, 28, 36, 12, 23, 27, 15, 15, 29, 38, 16, 15, 28, 39, 36, 5, 38, 4, 24, 38, 10, 18, 19, 10, 6, 4, 18, 1, 33, 23, 2, 36, 9, 7, 35, 29, 31, 9, 33, 2, 15, 5, 33, 20, 40, 10, 1, 17, 8, 28, 22, 5, 0, 20, 17, 35, 5, 18, 14, 16, 24, 22, 37, 8, 39, 16, 29, 23, 0, 6, 3, 3, 14, 26, 8, 42, 30, 0, 19, 38, 13, 11, 18, 3, 8, 37, 14, 4, 9, 29, 24, 24, 8, 16, 26, 34, 3, 34, 39, 6, 10, 11, 10, 5, 42, 35, 15, 3, 14, 38, 33, 30, 23, 16, 31, 27, 5, 37, 27, 11, 42, 6, 20, 25, 19, 8, 40, 11, 31, 8, 30, 37, 32, 8, 25, 33, 15, 26, 32, 5, 10, 20, 22, 38, 23, 32, 3, 0, 6, 11, 19, 40, 29, 22, 22, 26, 38, 15, 14, 25, 11, 19, 38, 31, 4, 35, 37, 3, 30, 33, 4, 8, 9, 17, 42, 30, 36, 3, 42, 33, 42, 12, 9, 37, 7, 3, 41, 9, 1, 4, 14, 32, 32, 3, 16, 5, 14, 24, 37, 42, 33, 27, 19, 13, 32, 28, 7, 32, 4, 1, 16, 31, 31, 15, 40, 18, 10, 16, 34, 24, 10, 13, 12, 24, 0, 9, 34, 15, 14, 21, 25, 10, 22, 28, 11, 36, 41, 17, 40, 29, 9, 33, 30, 27, 35, 20, 27, 41, 6]"
xerces,2,seed2_solution097,seed2_solution097,0.9568080517613228,0.16257320452933874,0.24813900241874,0.9668954295537531,0.9568080517613228,-0.16257320452933874,0.24813900241874,True,False,"[0, 1, 2, 2, 3, 4, 5, 6, 7, 8, 9, 10, 1, 6, 11, 2, 12, 13, 14, 4, 15, 16, 14, 6, 17, 11, 18, 13, 19, 20, 21, 9, 22, 15, 16, 14, 16, 23, 24, 25, 26, 17, 2, 27, 28, 29, 30, 31, 26, 5, 5, 14, 14, 15, 12, 30, 10, 26, 27, 32, 33, 16, 34, 17, 15, 0, 35, 36, 23, 30, 26, 25, 9, 37, 16, 26, 4, 19, 0, 16, 9, 37, 38, 38, 17, 24, 24, 15, 13, 27, 11, 30, 19, 8, 39, 1, 17, 24, 9, 4, 28, 10, 31, 2, 2, 11, 22, 20, 12, 28, 32, 39, 23, 30, 31, 37, 7, 27, 21, 40, 10, 19, 17, 5, 31, 34, 21, 5, 37, 32, 41, 42, 15, 23, 1, 16, 10, 40, 14, 7, 36, 7, 32, 25, 25, 36, 18, 13, 15, 34, 20, 14, 9, 41, 35, 5, 40, 38, 39, 20, 24, 18, 5, 14, 17, 32, 17, 2, 17, 16, 24, 13, 11, 14, 14, 9, 3, 25, 41, 3, 13, 40, 30, 27, 25, 28, 2, 18, 18, 25, 18, 26, 19, 23, 8, 1, 12, 33, 20, 12, 35, 39, 10, 19, 12, 4, 22, 27, 25, 22, 5, 34, 25, 15, 3, 37, 5, 24, 3, 15, 4, 11, 34, 22, 1, 5, 16, 42, 5, 23, 42, 9, 2, 37, 5, 25, 0, 16, 36, 3, 38, 29, 8, 21, 12, 1, 25, 8, 28, 5, 19, 28, 1, 20, 22, 18, 23, 1, 12, 34, 21, 39, 39, 12, 30, 8, 1, 33, 23, 1, 0, 36, 9, 41, 5, 10, 18, 6, 1, 22, 15, 18, 27, 42, 2, 38, 30, 29, 21, 39, 15, 12, 7, 5, 38, 24, 1, 7, 32, 40, 10, 23, 15, 15, 42, 30, 10, 8, 13, 19, 31, 1, 28, 21, 0, 16, 10, 42, 30, 24, 18, 16, 1, 18, 36, 10, 42, 5, 12, 14, 29, 17, 17, 33, 16, 21, 13, 42, 38, 8, 24, 16, 2, 21, 33, 8, 13, 23, 3, 31, 21, 36, 32, 9, 13, 31, 30, 7, 22, 0, 17, 16, 4, 32, 18, 22, 36, 22, 26, 21, 30, 7, 39, 13, 28, 11, 8, 9, 42, 17, 20, 35, 16, 27, 13, 10, 33, 18, 3, 38, 28, 41, 18, 16, 15, 34, 40, 31, 5, 38, 15, 6, 22, 10, 35, 32, 5, 13, 41, 8, 23, 13, 31, 10, 8, 2, 12, 2, 21, 34, 14, 10, 28, 15, 13, 15, 28, 40, 15, 18, 41, 22, 17, 9, 20, 17, 15, 37, 29, 10, 2, 2, 1, 6, 30, 32, 28, 35, 16, 40, 26, 7, 33, 14, 1, 3, 36, 2, 41, 40, 28, 17, 13, 41, 36, 24, 42, 6, 16, 14, 3, 32, 13, 14, 24, 30, 19, 34, 20, 19, 20, 26, 36, 3, 7, 2, 11, 35, 35, 20, 1, 22, 17, 28, 1, 10, 17, 28, 18, 25, 6, 12, 27, 32, 12, 26, 12, 40, 12, 5, 7, 35, 8, 23, 13, 24, 41, 13, 17, 39, 39, 2, 15, 29, 17, 21, 11, 1, 12, 34, 13, 40, 13, 18, 26, 0, 33, 26, 33, 35, 28, 15, 25, 38, 32, 5, 9, 33, 21, 28, 28, 6, 17, 30, 42, 9, 33, 34, 26, 23, 4, 28, 16, 18, 11, 22, 27, 35, 12, 22, 26, 15, 15, 28, 38, 16, 15, 27, 39, 35, 5, 38, 4, 23, 38, 10, 11, 18, 10, 6, 4, 11, 1, 32, 22, 2, 35, 9, 7, 34, 28, 30, 9, 32, 2, 15, 5, 32, 19, 40, 10, 1, 17, 8, 27, 21, 5, 0, 19, 17, 34, 5, 11, 14, 16, 23, 21, 37, 8, 39, 16, 28, 22, 0, 6, 3, 3, 14, 25, 8, 42, 29, 0, 18, 38, 13, 36, 11, 3, 8, 37, 14, 4, 9, 28, 23, 23, 8, 16, 25, 33, 3, 33, 39, 6, 10, 36, 10, 5, 42, 34, 15, 3, 14, 38, 32, 29, 22, 16, 30, 26, 5, 37, 26, 36, 42, 6, 19, 24, 18, 8, 40, 36, 30, 8, 29, 37, 31, 8, 24, 32, 15, 25, 31, 5, 10, 19, 21, 38, 22, 31, 3, 0, 6, 36, 18, 40, 28, 21, 21, 25, 38, 15, 14, 24, 36, 18, 38, 30, 4, 34, 37, 3, 29, 32, 4, 8, 9, 17, 42, 29, 35, 3, 42, 32, 42, 12, 9, 37, 7, 3, 41, 9, 1, 4, 14, 31, 31, 3, 16, 5, 14, 23, 37, 42, 32, 26, 18, 13, 31, 27, 7, 31, 4, 1, 16, 30, 30, 15, 40, 11, 10, 16, 33, 23, 10, 13, 12, 23, 0, 9, 33, 15, 14, 20, 24, 10, 21, 27, 36, 35, 41, 17, 40, 28, 9, 32, 29, 26, 34, 19, 26, 41, 6]"
xerces,2,seed2_solution098,seed2_solution098,0.9667002156721783,0.2662944001032497,0.40869412843606434,0.9751359373910409,0.9667002156721783,-0.2662944001032497,0.40869412843606434,True,False,"[0, 1, 2, 2, 3, 4, 5, 4, 4, 5, 6, 7, 1, 7, 8, 6, 9, 10, 11, 9, 12, 13, 12, 14, 15, 1, 13, 10, 16, 17, 18, 6, 19, 20, 17, 18, 13, 21, 21, 22, 23, 15, 21, 24, 25, 19, 6, 22, 23, 5, 5, 10, 20, 26, 27, 28, 24, 26, 18, 25, 29, 24, 8, 15, 12, 0, 30, 31, 23, 28, 26, 22, 6, 16, 13, 26, 32, 25, 33, 28, 6, 34, 8, 35, 35, 27, 6, 12, 10, 24, 36, 26, 23, 8, 37, 1, 15, 27, 14, 34, 37, 15, 0, 2, 2, 36, 38, 13, 39, 40, 19, 18, 21, 26, 31, 3, 7, 30, 12, 20, 16, 41, 12, 42, 13, 35, 23, 2, 34, 32, 38, 33, 12, 21, 1, 7, 15, 43, 23, 4, 11, 7, 22, 29, 41, 3, 44, 32, 44, 21, 13, 20, 6, 38, 34, 14, 27, 13, 9, 39, 27, 44, 31, 20, 21, 38, 15, 2, 9, 34, 27, 32, 36, 20, 9, 6, 5, 17, 11, 3, 10, 23, 28, 24, 16, 25, 28, 39, 30, 23, 45, 18, 23, 29, 8, 45, 1, 14, 38, 45, 24, 37, 44, 7, 27, 4, 19, 14, 22, 19, 5, 9, 3, 9, 36, 46, 5, 5, 3, 12, 4, 36, 47, 19, 1, 47, 39, 39, 5, 21, 39, 6, 48, 34, 8, 38, 0, 13, 25, 25, 5, 16, 8, 17, 41, 1, 43, 8, 25, 5, 23, 32, 1, 13, 0, 44, 29, 1, 14, 37, 49, 37, 22, 10, 28, 8, 1, 0, 21, 1, 0, 11, 14, 36, 5, 25, 49, 24, 42, 38, 12, 42, 24, 33, 2, 3, 28, 24, 50, 37, 12, 8, 7, 50, 37, 51, 1, 7, 32, 29, 26, 50, 40, 32, 39, 26, 16, 8, 10, 23, 31, 1, 48, 9, 0, 15, 7, 39, 28, 27, 44, 23, 5, 44, 14, 4, 39, 3, 9, 20, 31, 15, 15, 35, 30, 27, 22, 17, 35, 8, 27, 20, 0, 18, 49, 5, 10, 21, 3, 43, 18, 11, 3, 6, 10, 31, 20, 10, 19, 0, 15, 13, 4, 4, 44, 10, 13, 44, 26, 15, 31, 7, 5, 10, 36, 7, 26, 51, 39, 45, 17, 30, 31, 24, 17, 16, 21, 44, 48, 35, 11, 28, 44, 13, 12, 47, 11, 31, 5, 35, 12, 14, 44, 24, 18, 32, 5, 10, 16, 19, 10, 17, 22, 5, 45, 11, 9, 2, 13, 47, 36, 16, 3, 51, 44, 0, 18, 43, 12, 44, 51, 19, 16, 22, 17, 35, 39, 34, 29, 2, 15, 4, 46, 9, 36, 41, 15, 50, 13, 43, 23, 7, 24, 7, 45, 3, 35, 5, 38, 43, 21, 15, 20, 38, 11, 27, 33, 37, 13, 25, 2, 32, 3, 29, 27, 21, 9, 47, 4, 23, 17, 27, 11, 17, 44, 34, 36, 40, 42, 26, 1, 19, 15, 25, 1, 16, 52, 6, 44, 22, 9, 27, 24, 20, 9, 23, 9, 30, 6, 37, 30, 30, 44, 21, 51, 45, 38, 10, 12, 37, 37, 33, 12, 29, 21, 18, 36, 34, 9, 11, 10, 43, 10, 44, 16, 0, 36, 26, 33, 35, 25, 22, 40, 14, 32, 5, 13, 33, 15, 25, 30, 14, 15, 44, 39, 14, 1, 18, 23, 21, 4, 25, 13, 44, 50, 19, 24, 34, 9, 19, 26, 22, 0, 25, 35, 28, 12, 24, 38, 44, 52, 47, 47, 4, 47, 8, 36, 14, 7, 14, 4, 36, 1, 27, 19, 2, 30, 6, 7, 47, 25, 28, 30, 20, 2, 43, 20, 32, 23, 43, 42, 1, 13, 8, 24, 18, 25, 0, 23, 15, 31, 5, 36, 20, 13, 21, 18, 34, 17, 37, 13, 25, 19, 0, 14, 46, 3, 3, 12, 8, 39, 17, 0, 39, 19, 5, 9, 30, 3, 42, 50, 20, 4, 6, 4, 3, 21, 8, 3, 18, 24, 3, 21, 21, 12, 21, 11, 16, 8, 30, 47, 12, 3, 34, 8, 32, 29, 19, 13, 28, 21, 22, 20, 26, 11, 2, 14, 16, 32, 25, 16, 43, 8, 28, 5, 19, 29, 31, 8, 6, 37, 12, 34, 31, 8, 20, 23, 18, 17, 15, 4, 28, 0, 14, 11, 14, 43, 25, 18, 18, 22, 35, 12, 38, 24, 41, 44, 19, 28, 4, 31, 46, 3, 29, 24, 19, 8, 30, 15, 39, 35, 30, 3, 39, 25, 22, 9, 6, 31, 7, 3, 38, 6, 1, 4, 20, 13, 31, 50, 13, 5, 20, 21, 6, 39, 32, 14, 20, 3, 31, 24, 29, 14, 4, 1, 13, 36, 18, 17, 43, 36, 7, 13, 19, 29, 16, 10, 9, 21, 0, 36, 35, 12, 30, 27, 27, 16, 7, 24, 11, 30, 47, 12, 43, 10, 9, 40, 29, 26, 47, 9, 47, 38, 14]"
xerces,2,seed2_solution099,seed2_solution099,0.9778289000718907,0.1722661931464635,0.2878942238246286,0.9833206823318309,0.9778289000718907,-0.1722661931464635,0.2878942238246286,True,False,"[0, 1, 0, 2, 3, 0, 2, 4, 4, 5, 6, 7, 6, 7, 8, 9, 8, 10, 11, 12, 13, 14, 15, 12, 13, 1, 16, 17, 10, 18, 1, 19, 20, 14, 21, 22, 13, 23, 24, 25, 20, 15, 24, 22, 4, 23, 9, 26, 20, 17, 26, 13, 17, 27, 25, 27, 28, 9, 22, 29, 30, 28, 8, 31, 4, 0, 2, 32, 20, 27, 24, 7, 6, 10, 16, 24, 33, 29, 34, 31, 35, 36, 8, 37, 38, 15, 9, 37, 21, 31, 22, 27, 39, 7, 40, 1, 36, 10, 6, 37, 39, 17, 0, 26, 11, 41, 41, 16, 42, 43, 23, 22, 28, 27, 26, 3, 44, 36, 15, 14, 10, 44, 15, 45, 16, 38, 20, 2, 3, 21, 44, 34, 46, 39, 31, 7, 17, 33, 20, 4, 36, 12, 26, 30, 44, 3, 31, 33, 19, 24, 16, 3, 6, 35, 37, 6, 25, 16, 12, 4, 17, 40, 32, 5, 24, 41, 9, 27, 12, 37, 33, 33, 18, 0, 12, 43, 5, 21, 11, 14, 26, 20, 47, 8, 10, 16, 31, 42, 36, 20, 48, 22, 28, 30, 34, 48, 1, 6, 41, 48, 28, 31, 19, 7, 25, 30, 22, 6, 5, 8, 38, 12, 3, 12, 18, 49, 17, 5, 14, 22, 2, 37, 3, 45, 21, 35, 42, 17, 0, 35, 14, 9, 50, 37, 8, 41, 34, 4, 29, 29, 5, 10, 2, 21, 44, 48, 40, 15, 23, 3, 10, 33, 37, 16, 0, 25, 30, 39, 6, 39, 46, 40, 26, 13, 3, 4, 1, 0, 24, 17, 2, 26, 6, 18, 47, 29, 46, 28, 45, 41, 25, 45, 16, 34, 51, 3, 19, 28, 47, 34, 15, 8, 42, 47, 39, 52, 1, 15, 44, 30, 27, 47, 43, 33, 32, 27, 25, 41, 11, 46, 21, 1, 50, 12, 39, 17, 7, 14, 27, 4, 20, 20, 5, 19, 6, 4, 10, 3, 25, 31, 32, 15, 31, 2, 36, 25, 26, 21, 52, 11, 47, 14, 0, 14, 46, 5, 0, 19, 51, 40, 6, 8, 3, 9, 29, 21, 14, 13, 25, 14, 30, 52, 30, 4, 32, 13, 16, 19, 47, 17, 32, 8, 5, 24, 18, 7, 27, 52, 25, 48, 16, 44, 32, 34, 21, 7, 24, 7, 50, 12, 11, 31, 33, 48, 35, 35, 11, 3, 16, 50, 14, 18, 19, 28, 22, 1, 17, 17, 10, 23, 13, 21, 26, 5, 48, 11, 47, 13, 16, 20, 18, 28, 3, 52, 19, 0, 22, 36, 39, 0, 52, 13, 10, 34, 39, 38, 42, 24, 23, 2, 17, 4, 49, 12, 18, 44, 17, 47, 12, 26, 20, 27, 28, 7, 48, 47, 38, 5, 43, 9, 24, 15, 14, 12, 41, 40, 34, 39, 10, 29, 2, 6, 3, 30, 18, 24, 12, 30, 4, 26, 9, 25, 38, 21, 19, 37, 48, 43, 45, 27, 1, 33, 49, 24, 1, 29, 51, 9, 3, 22, 12, 25, 22, 14, 25, 20, 36, 36, 9, 39, 36, 22, 19, 38, 52, 48, 46, 17, 15, 8, 43, 34, 40, 3, 24, 1, 40, 37, 33, 11, 30, 38, 30, 40, 10, 17, 18, 20, 23, 38, 32, 26, 43, 6, 22, 20, 16, 34, 17, 15, 36, 34, 6, 19, 34, 6, 1, 22, 20, 33, 22, 50, 7, 40, 47, 11, 44, 37, 30, 6, 27, 26, 0, 46, 25, 31, 19, 7, 41, 19, 51, 35, 35, 4, 35, 8, 5, 6, 7, 6, 33, 44, 1, 25, 45, 38, 15, 37, 21, 26, 48, 27, 36, 14, 16, 40, 14, 16, 4, 52, 45, 45, 16, 0, 9, 10, 29, 13, 22, 20, 32, 33, 49, 43, 28, 18, 31, 33, 21, 31, 28, 11, 38, 0, 13, 49, 29, 3, 15, 6, 10, 21, 0, 42, 23, 5, 12, 36, 45, 45, 36, 3, 20, 51, 4, 3, 22, 39, 3, 22, 28, 18, 24, 24, 15, 24, 19, 33, 8, 36, 32, 16, 18, 37, 8, 37, 3, 31, 10, 4, 24, 26, 14, 41, 13, 2, 34, 10, 33, 29, 10, 18, 8, 37, 5, 23, 30, 32, 27, 9, 39, 21, 37, 28, 8, 14, 11, 6, 21, 17, 4, 31, 0, 40, 33, 6, 46, 41, 41, 34, 35, 40, 44, 41, 28, 44, 25, 23, 25, 9, 32, 49, 8, 23, 28, 23, 23, 36, 25, 28, 38, 15, 46, 48, 29, 26, 22, 36, 32, 4, 10, 1, 6, 0, 2, 40, 16, 33, 47, 10, 17, 4, 18, 9, 42, 38, 6, 14, 3, 22, 16, 30, 6, 51, 23, 5, 18, 22, 21, 33, 15, 7, 26, 23, 30, 40, 0, 28, 12, 0, 18, 38, 34, 36, 25, 31, 30, 7, 30, 1, 19, 35, 15, 10, 13, 12, 43, 48, 27, 7, 12, 35, 50, 47]"
