subject,seed,solution_id,original_solution_id,coupling,cohesion,imbalance,original_f_semantic,pymoo_f0_coupling,pymoo_f1_negative_cohesion,pymoo_f2_imbalance,feasible,is_injected_seed,label_vector
xerces,18,seed18_solution000,seed18_solution000,0.12563623292595255,1.8420393999070788,5.759366795729425,0.5198359333636041,0.12563623292595255,-1.8420393999070788,5.759366795729425,True,False,"[0, 1, 1, 1, 1, 2, 1, 3, 1, 2, 1, 0, 4, 1, 1, 1, 0, 0, 0, 0, 5, 1, 1, 6, 1, 7, 8, 0, 1, 1, 1, 2, 2, 0, 1, 9, 10, 1, 2, 1, 1, 1, 2, 2, 1, 2, 2, 1, 1, 11, 12, 1, 2, 1, 1, 1, 1, 1, 1, 1, 13, 14, 1, 1, 15, 1, 0, 0, 1, 1, 16, 17, 1, 1, 1, 1, 18, 19, 20, 21, 22, 23, 24, 25, 1, 26, 27, 27, 1, 27, 0, 0, 0, 0, 0, 0, 0, 0, 0, 0, 28, 0, 29, 0, 0, 0, 28, 28, 28, 30, 30, 0, 0, 31, 0, 1, 1, 1, 1, 32, 1, 1, 33, 1, 1, 1, 1, 1, 1, 1, 1, 0, 1, 1, 34, 1, 35, 35, 36, 37, 37, 37, 1, 1, 1, 38, 1, 0, 1, 1, 1, 1, 1, 1, 1, 39, 1, 40, 1, 0, 41, 1, 42, 1, 43, 1, 1, 1, 1, 0, 42, 1, 1, 44, 42, 45, 1, 1, 1, 1, 1, 42, 1, 42, 1, 1, 46, 1, 1, 47, 1, 48, 48, 1, 48, 48, 48, 48, 48, 48, 48, 48, 48, 1, 1, 0, 1, 49, 49, 49, 49, 49, 49, 49, 49, 49, 49, 49, 49, 0, 0, 0, 50, 50, 51, 52, 53, 0, 0, 1, 1, 54, 50, 50, 50, 50, 55, 55, 56, 56, 50, 57, 1, 56, 56, 1, 0, 0, 58, 59, 55, 60, 60, 50, 50, 61, 61, 62, 62, 0, 50, 63, 50, 1, 64, 65, 1, 66, 1, 1, 67, 66, 1, 1, 0, 1, 50, 50, 50, 0, 68, 0, 69, 0, 0, 0, 1, 0, 0, 1, 1, 70, 0, 1, 1, 1, 0, 1, 1, 1, 71, 1, 1, 1, 1, 72, 73, 74, 75, 76, 77, 1, 1, 1, 1, 78, 1, 79, 80, 81, 1, 1, 82, 1, 83, 1, 1, 84, 85, 1, 1, 86, 1, 1, 1, 87, 88, 1, 0, 1, 1, 0, 89, 1, 90, 1, 91, 1, 1, 92, 1, 0, 0, 93, 1, 0, 1, 1, 1, 1, 0, 1, 1, 0, 1, 1, 94, 1, 0, 1, 95, 1, 1, 0, 1, 1, 0, 1, 1, 96, 1, 1, 1, 1, 0, 0, 0, 1, 0, 1, 0, 0, 0, 0, 0, 1, 1, 97, 1, 1, 98, 1, 1, 1, 98, 99, 100, 100, 100, 100, 100, 1, 1, 101, 100, 1, 102, 1, 1, 1, 100, 1, 103, 1, 1, 104, 1, 105, 1, 1, 1, 1, 1, 0, 1, 1, 1, 1, 1, 1, 1, 0, 106, 0, 107, 1, 1, 1, 0, 1, 1, 0, 108, 0, 109, 0, 1, 1, 110, 0, 111, 112, 112, 112, 112, 112, 1, 113, 114, 115, 1, 1, 91, 1, 0, 0, 116, 0, 1, 1, 1, 1, 1, 0, 1, 1, 50, 50, 50, 50, 50, 50, 50, 50, 0, 1, 1, 1, 1, 1, 117, 0, 1, 0, 0, 0, 0, 0, 1, 1, 118, 1, 119, 1, 1, 1, 1, 120, 1, 1, 1, 121, 122, 1, 123, 1, 0, 0, 1, 0, 0, 1, 0, 1, 124, 1, 1, 1, 1, 1, 0, 0, 0, 1, 1, 1, 125, 1, 126, 1, 1, 0, 1, 0, 0, 0, 0, 1, 0, 0, 1, 0, 0, 0, 0, 0, 0, 0, 0, 0, 0, 0, 1, 1, 1, 127, 1, 1, 1, 0, 1, 0, 0, 0, 0, 1, 128, 128, 128, 128, 128, 128, 128, 128, 128, 128, 128, 128, 128, 128, 128, 128, 128, 128, 128, 128, 128, 128, 128, 1, 129, 129, 129, 129, 129, 0, 1, 130, 131, 1, 132, 50, 0, 133, 0, 0, 0, 1, 134, 135, 1, 1, 1, 0, 1, 136, 1, 137, 138, 139, 1, 0, 1, 1, 140, 140, 141, 1, 1, 142, 1, 143, 1, 1, 1, 1, 1, 129, 1, 1, 0, 130, 0, 0, 1, 1, 1, 144, 1, 145, 145, 145, 145, 145, 145, 145, 145, 145, 145, 145, 146, 1, 147, 148, 0, 149, 1, 1, 1, 1, 1, 1, 1, 1, 1, 1, 1, 1, 1, 0, 0, 0, 0, 0, 0, 0, 1, 1, 1, 0, 0, 0, 0, 0, 0, 0, 0, 0, 0, 1, 1, 1, 150, 0, 0, 0, 0, 0, 0, 1, 151, 151, 1, 0, 1, 152, 0, 0, 1, 0, 0, 0, 1, 0, 0, 0, 0, 0, 153, 0, 0, 0, 0, 0, 0, 0, 0, 0, 0, 1, 0, 0, 0, 1, 1, 0, 1, 0, 1, 1, 0, 0, 1, 50, 55, 56, 56, 62, 1, 154, 1, 155, 156, 133, 133, 133, 133, 1, 1, 1, 157, 158, 154, 154, 1, 159, 160, 1, 154, 154, 154, 154, 154, 154, 154, 154, 154, 154, 154, 154, 1, 1, 1, 1]"
xerces,18,seed18_solution001,seed18_solution001,0.12822429906542057,1.8553695041843616,5.764036123282072,0.520772360200876,0.12822429906542057,-1.8553695041843616,5.764036123282072,True,False,"[0, 1, 1, 1, 1, 2, 1, 3, 1, 2, 1, 0, 4, 1, 1, 1, 0, 0, 0, 0, 5, 1, 1, 6, 1, 7, 8, 0, 1, 1, 1, 2, 2, 0, 1, 9, 10, 1, 2, 1, 1, 1, 2, 2, 1, 2, 2, 1, 1, 11, 12, 1, 2, 1, 1, 1, 1, 1, 1, 1, 13, 14, 1, 1, 15, 1, 0, 0, 1, 1, 16, 17, 1, 1, 1, 1, 18, 19, 20, 21, 22, 23, 24, 25, 1, 26, 27, 27, 1, 27, 0, 0, 0, 0, 0, 0, 0, 0, 0, 0, 28, 0, 29, 0, 0, 0, 28, 28, 28, 30, 30, 0, 0, 31, 0, 1, 1, 1, 1, 32, 1, 1, 33, 1, 1, 1, 1, 1, 1, 1, 1, 0, 1, 1, 34, 1, 35, 35, 36, 37, 37, 37, 1, 1, 1, 38, 1, 0, 1, 1, 1, 1, 1, 1, 1, 39, 1, 40, 1, 0, 41, 1, 42, 1, 43, 1, 1, 1, 1, 0, 42, 1, 1, 44, 42, 45, 1, 1, 1, 1, 1, 42, 1, 42, 1, 1, 46, 1, 1, 47, 1, 48, 48, 1, 48, 48, 48, 48, 48, 48, 48, 48, 48, 1, 1, 0, 1, 49, 49, 49, 49, 49, 49, 49, 49, 49, 49, 49, 49, 0, 0, 0, 50, 50, 51, 52, 53, 0, 0, 1, 1, 54, 50, 50, 50, 50, 55, 55, 56, 56, 50, 57, 1, 56, 56, 1, 0, 0, 58, 59, 55, 60, 60, 50, 50, 61, 61, 62, 62, 0, 50, 63, 50, 1, 64, 65, 1, 66, 1, 1, 67, 66, 1, 1, 0, 1, 50, 50, 50, 0, 68, 0, 69, 0, 0, 0, 1, 0, 0, 1, 1, 70, 0, 1, 1, 1, 0, 1, 1, 1, 71, 1, 1, 1, 1, 72, 73, 74, 75, 76, 77, 1, 1, 1, 1, 78, 1, 79, 80, 81, 1, 1, 82, 1, 83, 1, 1, 84, 85, 1, 1, 86, 1, 1, 1, 87, 88, 1, 0, 1, 1, 0, 89, 1, 90, 91, 92, 1, 1, 93, 1, 0, 0, 94, 1, 0, 1, 1, 1, 1, 0, 1, 1, 0, 1, 1, 95, 1, 0, 1, 91, 1, 1, 0, 1, 1, 0, 1, 1, 96, 1, 1, 1, 1, 0, 0, 0, 1, 0, 1, 0, 0, 0, 0, 0, 1, 1, 97, 1, 1, 98, 1, 1, 1, 98, 99, 100, 100, 100, 100, 100, 1, 1, 101, 100, 1, 102, 1, 1, 1, 100, 1, 103, 1, 1, 104, 1, 105, 1, 1, 1, 1, 1, 0, 1, 1, 1, 1, 1, 1, 1, 0, 106, 0, 107, 1, 1, 1, 0, 1, 1, 0, 108, 0, 109, 0, 1, 1, 110, 0, 111, 112, 112, 112, 112, 112, 1, 113, 114, 115, 1, 1, 116, 1, 0, 0, 117, 0, 1, 1, 1, 1, 1, 0, 1, 1, 50, 50, 50, 50, 50, 50, 50, 50, 0, 1, 1, 1, 1, 1, 118, 0, 1, 0, 0, 0, 0, 0, 1, 1, 119, 1, 120, 1, 1, 1, 1, 121, 1, 1, 1, 122, 123, 1, 124, 1, 0, 0, 1, 0, 0, 1, 0, 1, 125, 1, 1, 1, 1, 1, 0, 0, 0, 1, 1, 1, 126, 1, 127, 1, 1, 0, 1, 0, 0, 0, 0, 1, 0, 0, 1, 0, 0, 0, 0, 0, 0, 0, 0, 0, 0, 0, 1, 1, 1, 128, 1, 1, 1, 0, 1, 0, 0, 0, 0, 1, 129, 129, 129, 129, 129, 129, 129, 129, 129, 129, 129, 129, 129, 129, 129, 129, 129, 129, 129, 129, 129, 129, 129, 1, 130, 130, 130, 130, 130, 0, 1, 131, 132, 1, 133, 50, 0, 134, 0, 0, 0, 1, 135, 136, 1, 1, 1, 0, 1, 137, 1, 138, 139, 140, 1, 0, 1, 1, 141, 141, 142, 1, 1, 143, 1, 144, 1, 1, 1, 1, 1, 130, 1, 1, 0, 131, 0, 0, 1, 1, 1, 145, 1, 146, 146, 146, 146, 146, 146, 146, 146, 146, 146, 146, 147, 1, 148, 149, 0, 150, 1, 1, 1, 1, 1, 1, 1, 1, 1, 1, 1, 1, 1, 0, 0, 0, 0, 0, 0, 0, 1, 1, 1, 0, 0, 0, 0, 0, 0, 0, 0, 0, 0, 1, 1, 1, 151, 0, 0, 0, 0, 0, 0, 1, 152, 152, 1, 0, 1, 153, 0, 0, 1, 0, 0, 0, 1, 0, 0, 0, 0, 0, 154, 0, 0, 0, 0, 0, 0, 0, 0, 0, 0, 1, 0, 0, 0, 1, 1, 0, 1, 0, 1, 1, 0, 0, 1, 50, 55, 56, 56, 62, 1, 155, 1, 156, 157, 134, 134, 134, 134, 1, 1, 1, 158, 159, 155, 155, 1, 160, 161, 1, 155, 155, 155, 155, 155, 155, 155, 155, 155, 155, 155, 155, 1, 1, 1, 1]"
xerces,18,seed18_solution002,seed18_solution002,0.1282530553558591,1.867238603934299,5.745385166027681,0.5226257649396813,0.1282530553558591,-1.867238603934299,5.745385166027681,True,False,"[0, 1, 1, 1, 1, 2, 1, 3, 1, 2, 1, 0, 4, 1, 1, 1, 0, 0, 0, 0, 5, 1, 1, 6, 1, 7, 8, 0, 1, 1, 1, 2, 2, 0, 1, 9, 10, 1, 2, 1, 1, 1, 2, 2, 1, 2, 11, 1, 1, 12, 13, 1, 2, 1, 1, 1, 1, 1, 1, 1, 14, 15, 1, 1, 16, 1, 0, 0, 1, 1, 17, 18, 1, 1, 1, 1, 19, 20, 21, 22, 23, 24, 25, 26, 1, 27, 28, 28, 1, 28, 0, 0, 0, 0, 0, 0, 0, 0, 0, 0, 29, 0, 30, 0, 0, 0, 29, 29, 29, 31, 31, 0, 0, 32, 0, 1, 1, 1, 1, 33, 1, 1, 34, 1, 1, 1, 1, 1, 1, 1, 1, 0, 1, 1, 35, 1, 36, 36, 37, 38, 38, 38, 1, 1, 1, 39, 1, 0, 1, 1, 1, 1, 1, 1, 1, 40, 1, 41, 1, 0, 42, 1, 43, 1, 44, 1, 1, 1, 1, 0, 43, 1, 1, 45, 43, 46, 1, 1, 1, 1, 1, 43, 1, 43, 1, 1, 47, 1, 1, 48, 1, 49, 49, 1, 49, 49, 49, 49, 49, 49, 49, 49, 49, 1, 1, 0, 1, 50, 50, 50, 50, 50, 50, 50, 50, 50, 50, 50, 50, 0, 0, 0, 51, 51, 52, 53, 54, 0, 0, 1, 1, 55, 51, 51, 51, 51, 56, 56, 57, 57, 51, 58, 1, 57, 57, 1, 0, 0, 59, 22, 56, 60, 60, 51, 51, 61, 61, 62, 62, 0, 51, 63, 51, 1, 64, 65, 1, 66, 1, 1, 67, 66, 1, 1, 0, 1, 51, 51, 51, 0, 68, 0, 69, 0, 0, 0, 1, 0, 0, 1, 1, 70, 0, 1, 1, 1, 0, 1, 1, 1, 71, 1, 1, 1, 1, 72, 73, 74, 75, 76, 77, 1, 1, 1, 1, 78, 1, 79, 80, 81, 1, 1, 82, 1, 83, 1, 1, 84, 85, 1, 1, 86, 1, 1, 1, 87, 88, 1, 0, 1, 1, 0, 89, 1, 90, 91, 92, 1, 1, 93, 1, 0, 0, 94, 1, 0, 1, 1, 1, 1, 0, 1, 1, 0, 1, 1, 95, 1, 0, 1, 91, 1, 1, 0, 1, 1, 0, 1, 1, 96, 1, 1, 1, 1, 0, 0, 0, 1, 0, 1, 0, 0, 0, 0, 0, 1, 1, 97, 1, 1, 98, 1, 1, 1, 98, 99, 100, 100, 100, 100, 100, 1, 1, 101, 100, 1, 102, 1, 1, 1, 100, 1, 103, 1, 1, 104, 1, 105, 1, 1, 1, 1, 1, 0, 1, 1, 1, 1, 1, 1, 1, 0, 106, 0, 107, 1, 1, 1, 0, 1, 1, 0, 108, 0, 109, 0, 1, 1, 110, 0, 111, 112, 112, 112, 112, 112, 1, 113, 114, 11, 1, 1, 115, 1, 0, 0, 116, 0, 1, 1, 1, 1, 1, 0, 1, 1, 51, 51, 51, 51, 51, 51, 51, 51, 0, 1, 1, 1, 1, 1, 117, 0, 1, 0, 0, 0, 0, 0, 1, 1, 118, 1, 119, 1, 1, 1, 1, 120, 1, 1, 1, 121, 122, 1, 123, 1, 0, 0, 1, 0, 0, 1, 0, 1, 124, 1, 1, 1, 1, 1, 0, 0, 0, 1, 1, 1, 125, 1, 126, 1, 1, 0, 1, 0, 0, 0, 0, 1, 0, 0, 1, 0, 0, 0, 0, 0, 0, 0, 0, 0, 0, 0, 1, 1, 1, 127, 1, 1, 1, 0, 1, 0, 0, 0, 0, 1, 128, 128, 128, 128, 128, 128, 128, 128, 128, 128, 128, 128, 128, 128, 128, 128, 128, 128, 128, 128, 128, 128, 128, 1, 129, 129, 129, 129, 129, 0, 1, 130, 131, 1, 132, 51, 0, 133, 0, 0, 0, 1, 134, 135, 1, 1, 1, 0, 1, 136, 1, 137, 138, 139, 1, 0, 1, 1, 140, 140, 141, 1, 1, 142, 1, 143, 1, 1, 1, 1, 1, 129, 1, 1, 0, 130, 0, 0, 1, 1, 1, 144, 1, 145, 145, 145, 145, 145, 145, 145, 145, 145, 145, 145, 146, 1, 147, 148, 0, 149, 1, 1, 1, 1, 1, 1, 1, 1, 1, 1, 1, 1, 1, 0, 0, 0, 0, 0, 0, 0, 1, 1, 1, 0, 0, 0, 0, 0, 0, 0, 0, 0, 0, 1, 1, 1, 150, 0, 0, 0, 0, 0, 0, 1, 151, 151, 1, 0, 1, 152, 0, 0, 1, 0, 0, 0, 1, 0, 0, 0, 0, 0, 153, 0, 0, 0, 0, 0, 0, 0, 0, 0, 0, 1, 0, 0, 0, 1, 1, 0, 1, 0, 1, 1, 0, 0, 1, 51, 56, 57, 57, 62, 1, 154, 1, 155, 156, 133, 133, 133, 133, 1, 1, 1, 157, 158, 154, 154, 1, 159, 160, 1, 154, 154, 154, 154, 154, 154, 154, 154, 154, 154, 154, 154, 1, 1, 1, 1]"
xerces,18,seed18_solution003,seed18_solution003,0.14113587347232207,1.9308349349517997,5.5231895980574635,0.5635565233692444,0.14113587347232207,-1.9308349349517997,5.5231895980574635,True,False,"[0, 1, 1, 1, 1, 2, 1, 3, 1, 2, 1, 0, 4, 1, 1, 1, 0, 0, 0, 0, 5, 1, 1, 6, 1, 7, 8, 0, 1, 1, 1, 2, 2, 0, 1, 9, 10, 1, 2, 1, 1, 1, 2, 2, 1, 2, 2, 1, 1, 11, 12, 1, 2, 1, 1, 1, 1, 1, 1, 1, 13, 14, 1, 1, 15, 1, 0, 0, 1, 1, 16, 17, 1, 1, 1, 1, 18, 19, 20, 21, 22, 23, 24, 25, 1, 26, 27, 27, 1, 27, 0, 0, 0, 0, 0, 0, 0, 0, 11, 0, 28, 0, 29, 0, 0, 0, 28, 28, 28, 30, 30, 0, 0, 31, 0, 1, 1, 1, 1, 32, 1, 1, 33, 1, 1, 1, 1, 1, 1, 1, 1, 0, 1, 1, 34, 1, 35, 35, 36, 37, 37, 37, 1, 1, 1, 38, 1, 0, 1, 1, 1, 1, 1, 1, 1, 39, 1, 39, 1, 0, 40, 1, 41, 1, 41, 1, 1, 1, 1, 0, 40, 1, 1, 42, 41, 43, 1, 1, 1, 1, 1, 41, 1, 41, 1, 1, 44, 1, 1, 45, 1, 45, 45, 1, 45, 46, 45, 45, 46, 46, 45, 45, 46, 1, 1, 0, 1, 47, 47, 46, 46, 46, 47, 46, 46, 47, 47, 46, 46, 0, 0, 0, 47, 47, 48, 49, 50, 0, 0, 1, 1, 51, 48, 48, 47, 47, 51, 52, 53, 53, 48, 54, 1, 52, 52, 1, 0, 0, 55, 56, 51, 57, 56, 48, 48, 57, 57, 58, 58, 0, 47, 58, 47, 1, 59, 59, 1, 60, 1, 1, 61, 62, 1, 1, 0, 1, 48, 47, 47, 0, 63, 0, 63, 0, 0, 0, 1, 0, 0, 1, 1, 64, 0, 1, 1, 1, 0, 1, 1, 1, 65, 1, 1, 1, 1, 66, 67, 67, 68, 69, 69, 1, 1, 1, 1, 70, 1, 71, 72, 72, 1, 1, 73, 1, 73, 1, 1, 74, 74, 1, 1, 75, 1, 1, 1, 76, 77, 1, 0, 1, 1, 0, 78, 1, 79, 1, 80, 1, 1, 81, 1, 0, 0, 82, 1, 0, 1, 1, 1, 1, 0, 1, 1, 0, 1, 1, 83, 1, 0, 1, 84, 1, 1, 0, 1, 1, 0, 1, 1, 85, 1, 1, 1, 1, 0, 0, 0, 1, 0, 1, 25, 0, 0, 0, 0, 1, 1, 86, 1, 1, 87, 1, 1, 1, 87, 88, 89, 89, 89, 89, 89, 1, 1, 90, 89, 1, 91, 1, 1, 1, 89, 1, 92, 1, 1, 93, 1, 94, 1, 1, 1, 1, 1, 0, 1, 1, 1, 1, 1, 1, 1, 0, 95, 0, 96, 1, 1, 1, 0, 1, 1, 0, 97, 0, 98, 0, 1, 1, 99, 0, 100, 101, 101, 101, 101, 101, 1, 102, 103, 104, 1, 1, 105, 1, 0, 0, 106, 0, 1, 1, 1, 1, 1, 0, 1, 1, 48, 47, 48, 48, 48, 48, 47, 48, 0, 1, 1, 1, 1, 1, 107, 0, 1, 0, 108, 0, 0, 0, 1, 1, 109, 1, 110, 1, 1, 1, 1, 110, 1, 1, 1, 111, 112, 1, 113, 1, 0, 0, 1, 0, 0, 1, 0, 1, 114, 1, 1, 1, 1, 1, 0, 0, 0, 1, 1, 1, 115, 1, 115, 1, 1, 0, 1, 0, 0, 0, 0, 1, 0, 0, 1, 0, 0, 0, 0, 0, 0, 0, 0, 0, 0, 0, 1, 1, 1, 116, 1, 1, 1, 0, 1, 0, 0, 0, 0, 1, 117, 118, 118, 117, 118, 117, 117, 118, 117, 117, 117, 118, 118, 118, 117, 117, 118, 118, 117, 117, 118, 117, 118, 1, 118, 119, 118, 118, 119, 0, 1, 120, 121, 1, 121, 47, 0, 122, 0, 0, 0, 1, 123, 123, 1, 1, 1, 0, 1, 124, 1, 125, 125, 126, 1, 0, 1, 1, 127, 127, 128, 1, 1, 129, 1, 130, 1, 1, 1, 1, 1, 118, 1, 1, 0, 120, 0, 0, 1, 1, 1, 131, 1, 132, 132, 132, 132, 132, 132, 132, 132, 132, 132, 132, 133, 1, 134, 135, 0, 136, 1, 1, 1, 1, 1, 1, 1, 1, 1, 1, 1, 1, 1, 0, 0, 0, 0, 0, 0, 0, 1, 1, 1, 0, 0, 0, 0, 0, 0, 0, 0, 0, 0, 1, 1, 1, 137, 0, 0, 0, 0, 0, 0, 1, 138, 138, 1, 0, 1, 139, 0, 0, 1, 0, 0, 0, 1, 0, 0, 0, 0, 0, 140, 0, 0, 0, 0, 0, 0, 0, 0, 0, 0, 1, 0, 0, 0, 1, 1, 0, 1, 0, 1, 1, 0, 0, 1, 47, 51, 52, 53, 141, 1, 142, 1, 143, 144, 145, 145, 122, 145, 1, 1, 1, 146, 147, 142, 142, 1, 148, 149, 1, 142, 142, 142, 142, 142, 142, 142, 142, 142, 142, 142, 142, 1, 1, 1, 1]"
xerces,18,seed18_solution004,seed18_solution004,0.14294751976994968,1.945470184636358,5.483676939079013,0.5660571845621485,0.14294751976994968,-1.945470184636358,5.483676939079013,True,False,"[0, 1, 1, 1, 1, 2, 1, 3, 1, 2, 1, 0, 4, 1, 1, 1, 0, 0, 0, 0, 5, 1, 1, 6, 1, 7, 8, 0, 1, 1, 1, 2, 2, 0, 1, 9, 10, 1, 2, 1, 1, 1, 2, 2, 1, 2, 2, 1, 1, 11, 12, 1, 2, 1, 1, 1, 1, 1, 1, 1, 13, 14, 1, 1, 15, 1, 0, 0, 1, 1, 16, 17, 1, 1, 1, 1, 18, 19, 20, 21, 22, 23, 24, 25, 1, 26, 27, 27, 1, 27, 0, 0, 0, 0, 0, 0, 0, 0, 11, 0, 28, 0, 29, 0, 0, 0, 28, 28, 28, 30, 30, 0, 31, 32, 0, 1, 1, 1, 1, 33, 1, 1, 34, 1, 1, 1, 1, 1, 1, 1, 1, 0, 1, 1, 35, 1, 36, 36, 37, 38, 38, 38, 1, 1, 1, 39, 1, 0, 1, 1, 1, 1, 1, 1, 1, 40, 1, 40, 1, 0, 41, 1, 42, 1, 42, 1, 1, 1, 1, 0, 41, 1, 1, 43, 42, 44, 1, 1, 1, 1, 1, 42, 1, 42, 1, 1, 45, 1, 1, 46, 1, 46, 46, 1, 46, 47, 7, 46, 47, 47, 46, 46, 47, 1, 1, 0, 1, 48, 48, 47, 47, 47, 48, 47, 47, 48, 48, 47, 47, 0, 0, 0, 48, 48, 49, 50, 51, 0, 0, 1, 1, 52, 49, 49, 48, 48, 52, 53, 54, 54, 49, 55, 1, 53, 53, 1, 0, 0, 56, 57, 52, 58, 57, 49, 49, 58, 58, 59, 59, 0, 48, 59, 48, 1, 20, 20, 1, 60, 1, 1, 61, 62, 1, 1, 0, 1, 49, 48, 48, 0, 63, 0, 63, 0, 0, 0, 1, 0, 0, 1, 1, 64, 0, 1, 1, 1, 0, 1, 1, 1, 65, 1, 1, 1, 1, 66, 67, 67, 68, 69, 69, 1, 1, 1, 1, 70, 1, 71, 72, 72, 1, 1, 73, 1, 73, 1, 1, 74, 74, 1, 1, 75, 1, 1, 1, 76, 77, 1, 0, 1, 1, 0, 78, 1, 79, 1, 80, 1, 1, 81, 1, 0, 0, 82, 1, 0, 1, 1, 77, 1, 0, 1, 1, 0, 1, 1, 83, 1, 0, 1, 84, 1, 1, 0, 1, 1, 0, 1, 1, 85, 1, 1, 1, 1, 0, 0, 0, 1, 0, 1, 25, 0, 0, 0, 0, 1, 1, 86, 1, 1, 87, 1, 1, 1, 87, 88, 89, 89, 89, 89, 89, 1, 1, 90, 89, 1, 91, 1, 1, 1, 89, 1, 92, 1, 1, 93, 1, 94, 1, 1, 1, 1, 1, 0, 1, 1, 1, 1, 1, 1, 1, 0, 95, 0, 96, 1, 1, 1, 0, 1, 1, 0, 97, 0, 98, 0, 1, 1, 99, 0, 100, 101, 101, 101, 101, 101, 1, 102, 103, 31, 1, 1, 104, 1, 0, 0, 105, 0, 1, 1, 1, 1, 1, 0, 1, 1, 106, 48, 49, 49, 49, 49, 48, 49, 0, 1, 1, 1, 1, 1, 107, 0, 1, 0, 108, 0, 0, 0, 1, 1, 109, 1, 110, 1, 1, 1, 1, 110, 1, 1, 1, 111, 112, 1, 113, 1, 0, 0, 1, 0, 0, 1, 0, 1, 114, 1, 1, 1, 1, 1, 0, 0, 0, 1, 1, 1, 115, 1, 115, 1, 1, 0, 1, 0, 0, 0, 0, 1, 0, 0, 1, 0, 0, 0, 0, 0, 0, 0, 0, 0, 0, 0, 1, 1, 1, 116, 1, 1, 1, 0, 1, 0, 0, 0, 0, 1, 117, 106, 106, 117, 106, 117, 117, 106, 117, 117, 117, 106, 106, 106, 117, 117, 106, 106, 117, 117, 106, 117, 106, 1, 106, 118, 106, 106, 118, 0, 1, 119, 120, 1, 120, 48, 0, 121, 0, 0, 0, 1, 122, 122, 1, 1, 1, 0, 1, 123, 1, 124, 124, 125, 1, 0, 1, 1, 126, 126, 127, 1, 1, 128, 1, 129, 1, 1, 1, 1, 1, 106, 1, 1, 0, 119, 0, 0, 1, 1, 1, 130, 1, 131, 131, 131, 131, 131, 131, 131, 131, 131, 131, 131, 132, 1, 133, 134, 0, 135, 1, 1, 1, 1, 1, 1, 1, 1, 1, 1, 1, 1, 1, 0, 0, 0, 0, 0, 0, 0, 1, 1, 1, 0, 0, 0, 0, 0, 0, 0, 0, 0, 0, 1, 1, 1, 136, 0, 0, 0, 0, 0, 0, 1, 137, 137, 1, 0, 1, 138, 0, 0, 1, 0, 0, 0, 1, 0, 0, 0, 0, 0, 139, 0, 0, 0, 0, 0, 0, 0, 0, 0, 0, 1, 0, 0, 0, 1, 1, 0, 1, 0, 1, 1, 0, 0, 1, 48, 52, 53, 54, 140, 1, 141, 1, 142, 143, 144, 144, 121, 144, 1, 1, 1, 145, 146, 141, 141, 1, 147, 148, 1, 141, 141, 141, 141, 141, 141, 141, 141, 141, 141, 141, 141, 1, 1, 1, 1]"
xerces,18,seed18_solution005,seed18_solution005,0.14355140186915888,2.0823663425212744,5.259582641004745,0.5671787234615175,0.14355140186915888,-2.0823663425212744,5.259582641004745,True,False,"[0, 1, 1, 1, 1, 2, 1, 3, 1, 2, 1, 0, 4, 1, 1, 1, 0, 0, 0, 0, 5, 1, 1, 6, 1, 7, 8, 0, 1, 1, 1, 2, 2, 0, 1, 9, 10, 1, 2, 1, 1, 1, 2, 2, 1, 2, 2, 1, 1, 11, 12, 1, 2, 1, 1, 1, 1, 1, 1, 1, 13, 14, 1, 1, 15, 1, 0, 0, 1, 1, 16, 17, 1, 1, 1, 1, 18, 19, 20, 21, 22, 23, 24, 25, 1, 26, 27, 27, 1, 27, 0, 0, 0, 0, 0, 0, 0, 0, 0, 0, 28, 0, 29, 0, 0, 0, 28, 28, 28, 30, 30, 0, 0, 31, 0, 1, 1, 1, 1, 32, 1, 1, 33, 1, 1, 1, 1, 1, 1, 1, 1, 0, 1, 1, 34, 1, 35, 35, 36, 37, 37, 37, 1, 1, 1, 38, 1, 0, 1, 1, 1, 1, 1, 1, 1, 39, 1, 39, 1, 0, 40, 1, 41, 1, 42, 1, 1, 1, 1, 0, 41, 1, 1, 43, 41, 44, 1, 1, 1, 1, 1, 42, 1, 42, 1, 1, 45, 1, 1, 46, 1, 47, 46, 1, 47, 47, 47, 47, 45, 47, 46, 47, 45, 1, 1, 0, 1, 48, 48, 48, 48, 48, 49, 45, 45, 49, 48, 45, 45, 0, 0, 0, 49, 50, 47, 48, 50, 0, 0, 1, 1, 51, 47, 47, 49, 50, 52, 53, 54, 55, 50, 56, 1, 55, 55, 1, 0, 0, 53, 57, 52, 58, 58, 50, 50, 59, 56, 60, 60, 0, 50, 60, 50, 1, 57, 57, 1, 58, 1, 1, 61, 62, 1, 1, 0, 1, 47, 50, 50, 0, 63, 0, 64, 0, 0, 0, 1, 0, 0, 1, 1, 65, 0, 1, 1, 1, 0, 1, 1, 1, 66, 1, 1, 1, 1, 67, 61, 61, 68, 69, 69, 1, 1, 1, 1, 70, 1, 71, 67, 72, 1, 1, 73, 1, 73, 1, 1, 74, 75, 1, 1, 68, 1, 1, 1, 76, 77, 1, 0, 1, 1, 0, 78, 1, 79, 1, 80, 1, 1, 72, 1, 0, 0, 81, 1, 0, 1, 1, 1, 1, 0, 1, 1, 0, 1, 1, 82, 1, 0, 1, 74, 1, 1, 0, 1, 1, 0, 1, 1, 83, 1, 1, 1, 1, 0, 0, 0, 1, 0, 1, 0, 0, 0, 0, 0, 1, 1, 84, 1, 1, 85, 1, 1, 1, 85, 86, 87, 87, 87, 87, 88, 1, 1, 79, 88, 1, 89, 1, 1, 1, 87, 1, 90, 1, 1, 91, 1, 82, 1, 1, 1, 1, 1, 0, 1, 1, 1, 1, 1, 1, 1, 0, 92, 0, 83, 1, 1, 1, 0, 1, 1, 0, 84, 0, 85, 0, 1, 1, 86, 0, 93, 94, 95, 94, 94, 94, 1, 96, 90, 91, 1, 1, 97, 1, 0, 0, 98, 0, 1, 1, 1, 1, 1, 0, 1, 1, 47, 49, 47, 50, 50, 50, 50, 50, 0, 1, 1, 1, 1, 1, 99, 0, 1, 0, 100, 0, 0, 0, 1, 1, 101, 1, 102, 1, 1, 1, 1, 103, 1, 1, 1, 104, 94, 1, 96, 1, 0, 0, 1, 0, 0, 1, 0, 1, 105, 1, 1, 1, 1, 1, 0, 0, 0, 1, 1, 1, 106, 1, 107, 1, 1, 0, 1, 0, 0, 0, 0, 1, 0, 0, 1, 0, 0, 0, 0, 0, 0, 0, 0, 0, 0, 0, 1, 1, 1, 108, 1, 1, 1, 0, 1, 0, 0, 0, 0, 1, 109, 101, 110, 110, 110, 110, 110, 101, 110, 110, 110, 110, 101, 101, 110, 109, 101, 101, 110, 110, 101, 110, 110, 1, 111, 102, 111, 101, 102, 0, 1, 112, 104, 1, 93, 50, 0, 113, 0, 0, 0, 1, 114, 115, 1, 1, 1, 0, 1, 116, 1, 117, 118, 119, 1, 0, 1, 1, 108, 108, 110, 1, 1, 111, 1, 120, 1, 1, 1, 1, 1, 111, 1, 1, 0, 112, 0, 0, 1, 1, 1, 121, 1, 122, 122, 93, 93, 122, 93, 122, 93, 122, 93, 122, 123, 1, 114, 115, 0, 116, 1, 1, 1, 1, 1, 1, 1, 1, 1, 1, 1, 1, 1, 0, 0, 0, 0, 0, 0, 0, 1, 1, 1, 0, 0, 0, 0, 0, 0, 0, 0, 0, 0, 1, 1, 1, 117, 0, 0, 0, 0, 0, 0, 1, 118, 124, 1, 0, 1, 125, 0, 0, 1, 0, 0, 0, 1, 0, 0, 0, 0, 0, 126, 0, 0, 0, 0, 0, 0, 0, 0, 0, 0, 1, 0, 0, 0, 1, 1, 0, 1, 0, 1, 1, 0, 0, 1, 49, 53, 55, 55, 127, 1, 128, 1, 129, 130, 113, 113, 131, 122, 1, 1, 1, 123, 132, 133, 133, 1, 134, 135, 1, 133, 133, 133, 133, 133, 133, 133, 133, 133, 128, 128, 128, 1, 1, 1, 1]"
xerces,18,seed18_solution007,seed18_solution007,0.15071171818835372,2.031665438548479,5.135922726242883,0.585701592940759,0.15071171818835372,-2.031665438548479,5.135922726242883,True,False,"[0, 1, 1, 1, 1, 2, 1, 2, 1, 3, 1, 0, 4, 1, 1, 1, 0, 0, 0, 0, 5, 1, 1, 6, 1, 6, 7, 0, 1, 1, 1, 3, 3, 0, 1, 7, 8, 1, 2, 1, 1, 9, 2, 2, 1, 2, 3, 1, 1, 10, 11, 1, 3, 1, 1, 1, 1, 1, 1, 1, 9, 10, 1, 1, 11, 1, 0, 0, 1, 1, 12, 13, 1, 1, 1, 1, 14, 15, 16, 17, 18, 19, 20, 21, 1, 22, 20, 20, 1, 20, 0, 0, 0, 0, 0, 0, 0, 0, 0, 0, 23, 0, 22, 0, 0, 0, 23, 21, 21, 24, 24, 0, 0, 25, 0, 1, 1, 1, 1, 26, 1, 1, 24, 1, 1, 1, 1, 1, 1, 1, 1, 0, 1, 1, 27, 1, 26, 26, 28, 27, 29, 29, 1, 1, 1, 30, 1, 0, 1, 1, 1, 1, 1, 1, 1, 28, 1, 31, 1, 0, 29, 1, 32, 1, 33, 1, 1, 1, 1, 0, 34, 1, 1, 31, 34, 35, 1, 1, 1, 1, 1, 34, 1, 34, 1, 1, 34, 1, 1, 36, 1, 37, 38, 1, 38, 38, 38, 38, 34, 37, 38, 37, 34, 1, 1, 0, 1, 35, 39, 35, 35, 39, 40, 34, 34, 39, 35, 34, 39, 0, 0, 0, 40, 41, 37, 42, 41, 0, 0, 1, 1, 43, 37, 37, 40, 44, 45, 45, 44, 46, 41, 42, 1, 47, 47, 1, 0, 0, 48, 49, 45, 50, 50, 41, 51, 45, 52, 47, 53, 0, 41, 47, 44, 1, 49, 54, 1, 55, 1, 1, 56, 48, 1, 1, 0, 1, 37, 44, 41, 0, 57, 0, 50, 0, 0, 0, 1, 0, 0, 1, 1, 58, 0, 1, 1, 1, 0, 1, 1, 1, 59, 1, 1, 1, 1, 53, 56, 56, 60, 61, 62, 1, 1, 1, 1, 63, 1, 64, 65, 66, 1, 1, 57, 1, 57, 1, 1, 67, 58, 1, 1, 68, 1, 1, 1, 51, 69, 1, 8, 1, 1, 0, 70, 1, 71, 1, 72, 1, 1, 73, 1, 0, 0, 74, 1, 0, 1, 1, 1, 1, 0, 1, 1, 0, 1, 1, 75, 1, 0, 1, 76, 1, 1, 0, 1, 1, 0, 1, 1, 77, 1, 1, 1, 1, 0, 0, 0, 1, 0, 1, 0, 0, 0, 0, 0, 1, 1, 78, 1, 1, 79, 1, 1, 1, 65, 80, 81, 82, 81, 81, 81, 1, 1, 83, 84, 1, 85, 1, 1, 1, 82, 1, 86, 1, 1, 68, 1, 87, 1, 1, 1, 1, 1, 0, 1, 1, 1, 1, 1, 1, 1, 0, 88, 0, 63, 1, 1, 1, 0, 1, 1, 0, 64, 0, 89, 0, 1, 1, 90, 0, 3, 91, 92, 92, 91, 91, 1, 73, 93, 94, 1, 1, 74, 1, 0, 0, 95, 0, 1, 1, 1, 1, 1, 0, 1, 1, 37, 44, 44, 44, 44, 44, 41, 44, 0, 1, 1, 1, 1, 1, 96, 0, 1, 0, 78, 0, 0, 0, 1, 1, 97, 1, 98, 1, 1, 1, 1, 81, 1, 1, 1, 99, 91, 1, 73, 1, 0, 0, 1, 0, 0, 1, 0, 1, 85, 1, 1, 1, 1, 1, 0, 0, 0, 1, 1, 1, 86, 1, 100, 1, 1, 0, 1, 0, 0, 0, 0, 1, 0, 0, 1, 0, 0, 0, 0, 0, 0, 0, 0, 0, 0, 0, 1, 1, 1, 101, 1, 1, 1, 0, 1, 0, 0, 0, 0, 1, 102, 79, 88, 88, 88, 88, 88, 102, 102, 102, 102, 88, 102, 102, 102, 103, 102, 79, 102, 102, 79, 102, 88, 1, 104, 104, 105, 79, 80, 0, 1, 106, 83, 1, 107, 41, 0, 89, 0, 0, 0, 1, 103, 108, 1, 1, 1, 0, 1, 92, 1, 109, 93, 110, 1, 0, 1, 1, 111, 111, 112, 1, 1, 105, 1, 113, 1, 1, 1, 1, 1, 105, 1, 1, 0, 106, 0, 0, 1, 1, 1, 114, 1, 96, 115, 115, 115, 115, 115, 96, 70, 96, 115, 115, 116, 1, 90, 117, 0, 118, 1, 1, 1, 1, 1, 1, 1, 1, 1, 1, 1, 1, 1, 0, 0, 0, 0, 0, 0, 0, 1, 1, 1, 0, 0, 0, 0, 0, 0, 0, 0, 0, 0, 1, 1, 1, 119, 0, 0, 0, 0, 0, 0, 1, 120, 98, 1, 0, 1, 121, 0, 0, 1, 0, 0, 0, 1, 0, 0, 0, 0, 0, 122, 0, 0, 0, 0, 0, 0, 0, 0, 0, 0, 1, 0, 0, 0, 1, 1, 0, 1, 0, 1, 1, 0, 0, 1, 44, 123, 46, 46, 53, 1, 124, 1, 125, 126, 127, 89, 100, 96, 1, 1, 1, 9, 128, 124, 124, 1, 129, 130, 1, 102, 124, 124, 124, 102, 102, 102, 102, 124, 22, 124, 124, 1, 1, 1, 1]"
xerces,18,seed18_solution009,seed18_solution009,0.1636808051761323,0.32356769528505713,4.778085558084102,0.5933216965499939,0.1636808051761323,-0.32356769528505713,4.778085558084102,True,False,"[0, 1, 1, 2, 1, 2, 1, 3, 1, 2, 1, 0, 4, 1, 1, 1, 0, 0, 0, 0, 4, 1, 1, 5, 1, 6, 6, 0, 1, 1, 1, 2, 2, 0, 1, 6, 7, 1, 2, 1, 1, 1, 2, 2, 1, 3, 2, 1, 1, 8, 9, 1, 3, 1, 1, 1, 1, 1, 1, 1, 10, 11, 1, 1, 12, 1, 0, 0, 1, 1, 13, 12, 1, 1, 1, 1, 14, 12, 15, 16, 17, 15, 18, 19, 1, 20, 18, 21, 1, 21, 0, 0, 0, 0, 0, 0, 0, 0, 22, 0, 19, 0, 20, 0, 0, 0, 12, 18, 19, 23, 16, 0, 0, 16, 0, 1, 1, 1, 1, 20, 1, 1, 20, 1, 1, 1, 1, 1, 1, 1, 1, 0, 1, 1, 24, 1, 25, 26, 25, 27, 27, 28, 1, 1, 1, 29, 1, 0, 1, 1, 1, 1, 1, 1, 1, 30, 1, 26, 1, 0, 31, 1, 27, 1, 29, 1, 1, 1, 1, 0, 30, 1, 1, 32, 33, 34, 1, 1, 1, 1, 1, 33, 1, 35, 1, 1, 36, 1, 1, 35, 1, 24, 29, 1, 22, 22, 19, 37, 36, 38, 22, 18, 38, 1, 1, 0, 1, 39, 39, 39, 39, 40, 39, 41, 40, 39, 29, 39, 39, 0, 0, 0, 39, 34, 37, 42, 43, 0, 0, 1, 1, 44, 37, 23, 45, 34, 46, 46, 45, 47, 32, 48, 1, 37, 31, 1, 0, 0, 24, 49, 46, 22, 46, 45, 39, 47, 50, 43, 48, 0, 45, 51, 34, 1, 49, 49, 1, 46, 1, 1, 40, 46, 1, 1, 0, 1, 41, 45, 45, 0, 50, 0, 52, 0, 0, 0, 1, 0, 0, 1, 1, 53, 0, 1, 1, 1, 0, 1, 1, 1, 48, 1, 1, 1, 1, 54, 55, 56, 57, 51, 54, 1, 1, 1, 1, 55, 1, 57, 58, 59, 1, 1, 60, 1, 42, 1, 1, 49, 61, 1, 1, 62, 1, 1, 1, 54, 59, 1, 0, 1, 1, 0, 63, 1, 64, 1, 62, 1, 1, 64, 1, 0, 0, 55, 1, 0, 1, 1, 1, 1, 0, 1, 1, 0, 1, 1, 7, 1, 0, 1, 65, 1, 1, 0, 1, 1, 0, 1, 1, 66, 1, 1, 1, 1, 0, 0, 0, 1, 0, 1, 0, 0, 0, 0, 0, 1, 1, 67, 1, 1, 68, 1, 1, 1, 46, 69, 66, 70, 70, 70, 70, 1, 1, 69, 67, 1, 59, 1, 1, 1, 61, 1, 71, 1, 1, 62, 1, 54, 1, 1, 1, 1, 1, 0, 1, 1, 1, 1, 1, 1, 1, 0, 72, 0, 73, 1, 1, 1, 0, 1, 1, 0, 74, 0, 75, 0, 1, 1, 76, 0, 57, 77, 75, 77, 65, 57, 1, 78, 79, 80, 1, 1, 52, 1, 0, 0, 81, 0, 1, 1, 1, 1, 1, 0, 1, 1, 32, 32, 37, 45, 41, 45, 45, 34, 0, 1, 1, 1, 1, 1, 82, 0, 63, 0, 80, 0, 0, 0, 1, 1, 81, 1, 79, 1, 1, 1, 1, 83, 1, 1, 1, 84, 85, 1, 86, 1, 0, 0, 1, 0, 0, 1, 0, 1, 69, 1, 1, 1, 1, 1, 0, 0, 0, 1, 1, 1, 49, 1, 87, 1, 1, 0, 1, 0, 0, 0, 0, 1, 0, 0, 1, 0, 0, 0, 0, 0, 0, 0, 0, 0, 0, 0, 1, 1, 1, 70, 1, 1, 1, 0, 1, 0, 0, 0, 0, 1, 53, 71, 88, 88, 78, 78, 78, 81, 69, 85, 89, 62, 81, 62, 78, 62, 89, 71, 69, 71, 62, 78, 85, 1, 90, 90, 62, 62, 62, 0, 1, 91, 73, 1, 80, 34, 0, 81, 0, 0, 0, 1, 92, 93, 1, 1, 1, 0, 1, 91, 1, 94, 95, 74, 1, 0, 1, 1, 50, 96, 87, 1, 1, 97, 1, 93, 1, 1, 1, 1, 1, 86, 1, 1, 0, 98, 0, 0, 1, 1, 1, 85, 1, 99, 88, 66, 99, 99, 100, 79, 80, 95, 99, 82, 101, 1, 97, 102, 0, 103, 1, 1, 1, 1, 1, 1, 1, 1, 1, 1, 1, 1, 1, 0, 0, 0, 0, 0, 0, 0, 1, 1, 1, 0, 0, 0, 0, 0, 0, 0, 0, 0, 0, 1, 1, 1, 94, 0, 0, 0, 0, 0, 0, 1, 104, 78, 1, 0, 1, 105, 0, 0, 1, 0, 0, 0, 1, 0, 0, 22, 0, 0, 106, 0, 0, 0, 0, 0, 0, 0, 0, 0, 0, 1, 0, 0, 0, 1, 1, 0, 1, 0, 1, 1, 0, 0, 1, 32, 46, 31, 31, 43, 1, 101, 1, 91, 107, 104, 81, 103, 104, 1, 1, 1, 108, 109, 93, 106, 1, 110, 108, 1, 111, 112, 111, 113, 114, 106, 93, 111, 113, 101, 101, 101, 1, 1, 1, 1]"
xerces,18,seed18_solution010,seed18_solution010,0.1699784327821711,0.43041099635950913,4.644678673722316,0.6052243959425855,0.1699784327821711,-0.43041099635950913,4.644678673722316,True,False,"[0, 1, 1, 1, 1, 2, 1, 3, 1, 2, 1, 0, 4, 1, 1, 1, 0, 0, 0, 0, 4, 1, 1, 5, 1, 6, 7, 0, 1, 8, 1, 2, 2, 0, 1, 7, 8, 1, 2, 9, 1, 1, 2, 2, 1, 3, 2, 1, 1, 10, 11, 1, 2, 1, 1, 1, 1, 1, 1, 1, 10, 12, 1, 1, 12, 1, 0, 0, 1, 1, 12, 13, 1, 1, 1, 1, 14, 15, 16, 14, 13, 17, 18, 17, 1, 16, 18, 18, 1, 19, 0, 0, 0, 0, 0, 0, 0, 0, 20, 0, 17, 0, 21, 0, 0, 0, 22, 23, 17, 24, 13, 0, 0, 13, 0, 1, 1, 1, 1, 25, 1, 1, 21, 1, 1, 1, 1, 1, 1, 1, 1, 0, 1, 1, 26, 1, 23, 27, 18, 26, 18, 26, 1, 1, 1, 27, 1, 0, 1, 1, 1, 1, 1, 1, 1, 28, 29, 30, 1, 0, 31, 1, 18, 1, 26, 1, 1, 1, 1, 0, 28, 1, 1, 27, 32, 27, 1, 1, 1, 1, 1, 33, 1, 32, 1, 1, 34, 1, 1, 20, 1, 35, 36, 1, 35, 20, 32, 25, 25, 31, 26, 36, 36, 1, 1, 0, 1, 37, 34, 38, 38, 9, 38, 37, 26, 37, 38, 26, 38, 0, 0, 0, 30, 39, 40, 41, 42, 0, 0, 1, 1, 31, 34, 34, 39, 39, 43, 43, 40, 44, 30, 41, 1, 31, 34, 1, 0, 0, 45, 43, 44, 20, 41, 39, 38, 30, 46, 36, 36, 0, 39, 41, 47, 1, 36, 46, 1, 48, 1, 1, 26, 43, 1, 1, 0, 1, 39, 34, 26, 0, 49, 0, 9, 0, 0, 0, 1, 0, 0, 1, 1, 50, 0, 1, 1, 1, 0, 1, 1, 1, 51, 1, 1, 1, 1, 48, 52, 41, 53, 54, 55, 1, 1, 1, 1, 56, 1, 57, 58, 59, 1, 1, 59, 1, 60, 1, 1, 61, 60, 1, 1, 61, 1, 1, 1, 51, 62, 1, 0, 1, 1, 0, 63, 1, 64, 1, 65, 1, 1, 66, 1, 0, 0, 52, 1, 0, 1, 1, 1, 1, 0, 10, 1, 0, 1, 1, 6, 1, 0, 1, 66, 1, 1, 0, 1, 1, 0, 1, 1, 67, 1, 1, 1, 1, 0, 0, 0, 1, 0, 1, 0, 0, 0, 0, 0, 1, 1, 68, 1, 1, 55, 1, 1, 1, 67, 68, 69, 45, 70, 71, 71, 1, 1, 72, 69, 1, 59, 1, 1, 1, 49, 1, 50, 1, 1, 50, 1, 73, 1, 1, 1, 1, 1, 0, 1, 1, 1, 1, 1, 1, 1, 0, 74, 0, 52, 1, 1, 1, 0, 1, 1, 0, 75, 0, 76, 0, 1, 1, 60, 0, 77, 76, 78, 78, 75, 75, 1, 79, 80, 77, 1, 1, 29, 1, 0, 0, 78, 0, 1, 1, 1, 1, 1, 0, 1, 1, 30, 39, 33, 30, 33, 39, 33, 38, 0, 1, 1, 1, 65, 1, 79, 0, 57, 0, 0, 0, 0, 0, 1, 1, 58, 1, 70, 1, 1, 1, 1, 81, 1, 1, 1, 82, 83, 1, 58, 1, 0, 0, 1, 0, 0, 1, 0, 1, 69, 1, 1, 1, 1, 1, 0, 0, 0, 1, 1, 1, 48, 1, 84, 1, 1, 0, 1, 0, 0, 0, 0, 1, 0, 0, 1, 85, 0, 0, 0, 0, 0, 0, 0, 0, 0, 0, 1, 1, 1, 71, 1, 1, 1, 0, 1, 0, 0, 0, 0, 1, 61, 81, 75, 86, 86, 87, 86, 86, 81, 87, 60, 87, 87, 61, 86, 61, 85, 81, 81, 61, 61, 87, 87, 1, 88, 89, 89, 61, 61, 0, 1, 65, 90, 1, 91, 39, 0, 92, 0, 0, 0, 1, 89, 93, 1, 1, 1, 0, 1, 63, 1, 92, 94, 82, 1, 0, 1, 1, 56, 56, 93, 1, 1, 95, 1, 76, 1, 1, 1, 1, 1, 96, 1, 1, 0, 97, 0, 0, 1, 1, 1, 98, 1, 95, 95, 77, 99, 100, 95, 80, 100, 95, 100, 99, 69, 1, 74, 74, 0, 101, 1, 1, 1, 1, 1, 1, 1, 1, 1, 1, 1, 1, 1, 0, 0, 0, 0, 0, 0, 0, 1, 1, 1, 0, 0, 0, 0, 0, 0, 0, 0, 0, 0, 1, 1, 1, 66, 0, 0, 0, 0, 0, 0, 1, 101, 102, 1, 0, 1, 103, 0, 0, 1, 0, 0, 0, 1, 0, 0, 78, 0, 0, 104, 0, 0, 0, 0, 0, 0, 0, 0, 0, 0, 1, 0, 0, 0, 1, 1, 0, 1, 0, 1, 1, 0, 0, 1, 34, 43, 42, 41, 67, 1, 98, 1, 105, 68, 92, 97, 83, 97, 1, 1, 1, 105, 106, 107, 106, 1, 107, 108, 1, 109, 78, 110, 107, 107, 78, 72, 109, 68, 106, 109, 110, 1, 1, 1, 1]"
xerces,18,seed18_solution011,seed18_solution011,0.17380301941049606,0.8244159122112691,5.076177482144551,0.5746783218935694,0.17380301941049606,-0.8244159122112691,5.076177482144551,True,False,"[0, 1, 1, 2, 1, 3, 1, 4, 1, 3, 1, 0, 4, 1, 1, 1, 0, 0, 0, 0, 5, 1, 1, 5, 1, 6, 6, 0, 1, 7, 1, 3, 2, 0, 1, 8, 9, 1, 3, 1, 1, 10, 3, 2, 1, 3, 2, 1, 1, 11, 9, 1, 3, 1, 1, 1, 1, 1, 1, 1, 10, 11, 1, 1, 12, 1, 0, 0, 1, 1, 13, 14, 1, 1, 1, 1, 12, 15, 14, 16, 15, 17, 18, 19, 1, 20, 21, 22, 1, 22, 0, 0, 0, 0, 0, 0, 0, 0, 0, 0, 23, 0, 24, 0, 0, 0, 23, 23, 23, 25, 25, 0, 0, 23, 0, 1, 1, 1, 1, 26, 1, 1, 25, 1, 1, 1, 1, 1, 1, 1, 1, 0, 1, 1, 27, 1, 28, 26, 29, 30, 31, 31, 1, 1, 1, 28, 1, 0, 1, 1, 1, 1, 1, 1, 1, 32, 1, 31, 1, 0, 33, 1, 34, 1, 35, 1, 1, 1, 1, 0, 34, 1, 1, 36, 37, 38, 1, 1, 1, 1, 1, 37, 1, 34, 1, 1, 39, 1, 1, 36, 1, 38, 38, 1, 40, 38, 40, 38, 40, 40, 38, 40, 40, 1, 1, 0, 1, 41, 41, 39, 39, 39, 39, 39, 39, 41, 41, 39, 41, 0, 0, 42, 43, 44, 45, 46, 47, 0, 0, 1, 1, 44, 43, 43, 44, 44, 48, 45, 46, 49, 43, 50, 1, 46, 49, 1, 0, 0, 51, 48, 48, 49, 52, 44, 53, 50, 54, 51, 55, 0, 43, 56, 43, 1, 57, 58, 1, 59, 1, 1, 60, 59, 1, 1, 0, 1, 44, 44, 44, 0, 61, 0, 62, 0, 0, 0, 1, 0, 0, 1, 1, 58, 0, 1, 1, 1, 0, 1, 1, 1, 59, 1, 1, 1, 1, 60, 61, 62, 63, 64, 65, 1, 1, 1, 1, 66, 1, 67, 68, 69, 1, 1, 70, 1, 71, 1, 1, 72, 73, 1, 1, 74, 1, 1, 1, 70, 71, 1, 0, 1, 1, 0, 75, 1, 76, 1, 77, 1, 1, 78, 1, 0, 0, 79, 1, 0, 1, 1, 1, 1, 0, 1, 1, 0, 1, 1, 7, 1, 0, 1, 80, 1, 1, 0, 1, 1, 0, 1, 1, 78, 1, 1, 1, 1, 0, 0, 0, 1, 0, 1, 0, 0, 0, 0, 0, 1, 1, 79, 1, 1, 80, 1, 1, 1, 80, 81, 82, 83, 83, 83, 83, 1, 1, 84, 83, 1, 85, 1, 1, 1, 82, 1, 82, 1, 1, 86, 1, 87, 1, 1, 1, 1, 1, 0, 1, 88, 1, 1, 1, 1, 1, 0, 89, 0, 90, 1, 1, 1, 0, 1, 1, 0, 91, 0, 88, 0, 1, 1, 92, 0, 90, 91, 93, 93, 91, 93, 1, 94, 92, 95, 1, 1, 74, 1, 0, 0, 93, 0, 1, 1, 1, 1, 1, 0, 1, 1, 43, 43, 44, 43, 44, 44, 43, 43, 0, 1, 1, 1, 1, 1, 94, 0, 96, 0, 0, 0, 0, 0, 1, 1, 97, 1, 98, 1, 1, 1, 1, 99, 1, 1, 1, 100, 101, 1, 102, 1, 0, 0, 1, 0, 0, 1, 0, 1, 98, 1, 1, 1, 1, 1, 0, 0, 0, 1, 1, 1, 103, 1, 104, 1, 1, 0, 1, 0, 0, 0, 0, 1, 0, 0, 1, 0, 0, 0, 0, 0, 0, 0, 0, 0, 0, 0, 1, 1, 1, 105, 1, 1, 1, 0, 1, 0, 0, 4, 0, 1, 106, 106, 106, 107, 107, 106, 107, 107, 106, 107, 106, 107, 106, 106, 106, 107, 107, 106, 106, 107, 106, 106, 106, 1, 108, 109, 109, 108, 108, 0, 1, 103, 104, 1, 110, 44, 0, 106, 0, 0, 0, 1, 88, 111, 1, 1, 1, 0, 1, 112, 1, 110, 113, 114, 1, 0, 1, 1, 115, 115, 116, 1, 1, 117, 1, 114, 1, 1, 1, 1, 1, 108, 1, 1, 0, 103, 0, 0, 1, 1, 1, 95, 1, 116, 116, 118, 116, 118, 116, 116, 118, 116, 118, 118, 119, 1, 120, 121, 0, 122, 1, 1, 1, 1, 1, 1, 1, 1, 1, 1, 1, 1, 1, 0, 0, 0, 0, 0, 0, 0, 1, 1, 1, 0, 0, 0, 0, 0, 0, 0, 0, 0, 0, 1, 1, 1, 123, 0, 0, 0, 0, 0, 0, 1, 121, 124, 1, 0, 1, 125, 0, 0, 1, 0, 0, 0, 1, 0, 0, 0, 0, 0, 126, 0, 0, 0, 0, 0, 0, 0, 0, 0, 0, 1, 0, 0, 0, 1, 1, 0, 1, 0, 1, 1, 0, 0, 1, 43, 45, 49, 49, 55, 121, 124, 1, 127, 42, 106, 106, 113, 106, 1, 1, 1, 128, 127, 124, 124, 1, 129, 130, 1, 128, 128, 128, 128, 128, 128, 128, 124, 128, 128, 124, 124, 1, 1, 1, 1]"
xerces,18,seed18_solution012,seed18_solution012,0.17877785765636234,0.8244413823600492,5.051502343780892,0.578045566803918,0.17877785765636234,-0.8244413823600492,5.051502343780892,True,False,"[0, 1, 1, 2, 1, 3, 1, 4, 1, 3, 1, 0, 4, 1, 1, 1, 0, 0, 0, 0, 5, 1, 1, 5, 1, 6, 6, 0, 1, 7, 1, 3, 2, 0, 1, 8, 9, 1, 3, 1, 1, 10, 3, 2, 1, 3, 2, 1, 1, 11, 9, 1, 3, 1, 1, 1, 1, 1, 1, 1, 10, 11, 1, 1, 12, 1, 0, 0, 1, 1, 13, 14, 1, 1, 1, 1, 12, 15, 14, 16, 15, 17, 18, 19, 1, 20, 21, 22, 1, 22, 0, 0, 0, 0, 0, 0, 0, 0, 0, 0, 23, 0, 24, 0, 0, 0, 23, 23, 23, 25, 25, 0, 0, 23, 0, 1, 1, 1, 1, 26, 1, 1, 25, 1, 1, 1, 1, 1, 27, 1, 1, 0, 1, 1, 28, 1, 29, 26, 30, 31, 32, 32, 1, 1, 1, 29, 1, 0, 1, 1, 1, 1, 1, 1, 1, 33, 1, 32, 1, 0, 34, 1, 35, 1, 36, 1, 1, 1, 1, 0, 35, 1, 1, 37, 38, 39, 1, 1, 1, 1, 1, 38, 1, 35, 1, 1, 40, 1, 1, 37, 1, 39, 39, 1, 41, 39, 41, 39, 41, 41, 39, 41, 41, 1, 1, 0, 1, 42, 42, 40, 40, 40, 40, 40, 40, 42, 42, 40, 42, 0, 0, 43, 44, 45, 46, 47, 48, 0, 0, 1, 1, 45, 44, 44, 45, 45, 49, 46, 47, 50, 44, 51, 1, 47, 50, 1, 0, 0, 52, 49, 49, 50, 53, 45, 54, 51, 55, 52, 56, 0, 44, 57, 44, 1, 58, 59, 1, 60, 1, 1, 61, 60, 1, 1, 0, 1, 45, 45, 45, 0, 62, 0, 63, 0, 0, 0, 1, 0, 0, 1, 1, 59, 0, 1, 1, 1, 0, 1, 1, 1, 60, 1, 1, 1, 1, 61, 62, 63, 64, 65, 66, 1, 1, 1, 1, 67, 1, 68, 69, 70, 1, 1, 71, 1, 72, 1, 1, 73, 74, 1, 1, 75, 1, 1, 1, 71, 72, 1, 0, 1, 1, 0, 76, 1, 77, 1, 78, 1, 1, 79, 1, 0, 0, 80, 1, 0, 1, 1, 1, 1, 0, 1, 1, 0, 1, 1, 7, 1, 0, 1, 81, 1, 1, 0, 1, 1, 0, 1, 1, 79, 1, 1, 1, 1, 0, 0, 0, 1, 0, 1, 0, 0, 0, 0, 0, 1, 1, 80, 1, 1, 81, 1, 1, 1, 81, 82, 83, 84, 84, 84, 84, 1, 1, 85, 84, 1, 27, 1, 1, 1, 83, 1, 83, 1, 1, 86, 1, 87, 1, 1, 1, 1, 1, 0, 1, 88, 1, 1, 1, 1, 1, 0, 89, 0, 90, 1, 1, 1, 0, 1, 1, 0, 91, 0, 88, 0, 1, 1, 92, 0, 90, 91, 93, 93, 91, 93, 1, 94, 92, 95, 1, 1, 75, 1, 0, 0, 93, 0, 1, 1, 1, 1, 1, 0, 1, 1, 44, 44, 45, 44, 45, 45, 44, 44, 0, 1, 1, 1, 1, 1, 94, 0, 96, 0, 0, 0, 0, 0, 1, 1, 97, 1, 98, 95, 1, 1, 1, 99, 1, 1, 1, 100, 101, 1, 102, 1, 0, 0, 1, 0, 0, 1, 0, 1, 98, 1, 1, 1, 1, 1, 0, 0, 0, 1, 1, 1, 103, 1, 104, 1, 1, 0, 1, 0, 0, 0, 0, 1, 0, 0, 1, 0, 0, 0, 0, 0, 0, 0, 0, 0, 0, 0, 1, 1, 1, 105, 1, 1, 1, 0, 1, 0, 0, 4, 0, 1, 106, 106, 106, 107, 107, 106, 107, 107, 106, 107, 106, 107, 106, 106, 106, 107, 107, 106, 106, 107, 106, 106, 106, 1, 108, 109, 109, 108, 108, 0, 1, 103, 104, 1, 110, 45, 0, 106, 0, 0, 0, 1, 88, 111, 1, 1, 1, 0, 1, 112, 1, 110, 113, 114, 1, 0, 1, 1, 115, 115, 116, 1, 1, 117, 1, 114, 1, 1, 1, 1, 1, 108, 1, 1, 0, 103, 0, 0, 1, 1, 1, 95, 1, 116, 116, 118, 116, 118, 116, 116, 118, 116, 118, 118, 119, 1, 120, 121, 0, 122, 1, 1, 1, 1, 1, 1, 1, 1, 1, 1, 1, 1, 1, 0, 0, 0, 0, 0, 0, 0, 1, 1, 1, 0, 0, 0, 0, 0, 0, 0, 0, 0, 0, 1, 1, 1, 123, 0, 0, 0, 0, 0, 0, 1, 121, 124, 1, 0, 1, 125, 0, 0, 1, 0, 0, 0, 1, 0, 0, 0, 0, 0, 126, 0, 0, 0, 0, 0, 0, 0, 0, 0, 0, 1, 0, 0, 0, 1, 1, 0, 1, 0, 1, 1, 0, 0, 1, 44, 46, 50, 50, 56, 121, 124, 1, 127, 43, 106, 106, 113, 106, 1, 1, 1, 128, 127, 124, 124, 1, 129, 130, 1, 128, 128, 128, 128, 128, 128, 128, 124, 128, 128, 124, 124, 1, 1, 1, 1]"
xerces,18,seed18_solution013,seed18_solution013,0.1922645578720345,0.4431067722790565,4.919476990092037,0.606759449042318,0.1922645578720345,-0.4431067722790565,4.919476990092037,True,False,"[0, 1, 1, 1, 1, 2, 1, 3, 1, 2, 1, 0, 4, 1, 1, 1, 0, 0, 0, 0, 5, 1, 1, 6, 1, 7, 8, 0, 1, 9, 1, 2, 2, 0, 1, 9, 10, 1, 2, 1, 1, 1, 2, 2, 1, 2, 2, 1, 1, 11, 12, 1, 2, 1, 1, 1, 1, 1, 1, 1, 13, 14, 1, 1, 14, 1, 0, 0, 1, 1, 15, 15, 1, 1, 1, 1, 16, 17, 18, 16, 15, 19, 17, 20, 1, 18, 21, 21, 1, 18, 0, 0, 0, 0, 0, 0, 0, 0, 0, 0, 22, 0, 23, 0, 0, 0, 24, 25, 22, 19, 26, 0, 0, 27, 0, 1, 1, 1, 19, 28, 1, 1, 22, 1, 1, 1, 1, 1, 1, 1, 1, 0, 1, 1, 20, 1, 29, 29, 21, 30, 21, 30, 1, 1, 1, 31, 1, 0, 1, 1, 1, 1, 1, 1, 1, 26, 32, 22, 1, 0, 33, 1, 21, 1, 26, 1, 1, 1, 1, 0, 34, 1, 1, 28, 34, 31, 1, 1, 1, 1, 1, 26, 1, 34, 1, 1, 35, 1, 1, 25, 1, 36, 37, 1, 36, 29, 38, 29, 29, 37, 30, 37, 37, 1, 1, 0, 1, 39, 40, 39, 39, 39, 27, 39, 30, 39, 40, 30, 40, 0, 0, 0, 40, 41, 41, 42, 43, 0, 0, 1, 1, 33, 40, 40, 44, 44, 33, 33, 45, 45, 44, 46, 1, 33, 47, 1, 0, 0, 48, 49, 50, 51, 46, 44, 44, 35, 52, 37, 37, 0, 44, 53, 41, 1, 37, 54, 44, 34, 1, 1, 30, 55, 1, 1, 0, 1, 44, 40, 30, 0, 56, 0, 57, 0, 0, 0, 1, 0, 0, 1, 1, 58, 0, 1, 1, 1, 0, 1, 1, 1, 59, 1, 1, 1, 1, 57, 60, 46, 61, 62, 63, 1, 1, 1, 1, 57, 1, 64, 65, 47, 1, 1, 66, 1, 67, 1, 1, 68, 49, 1, 1, 49, 1, 1, 1, 51, 69, 1, 0, 1, 1, 0, 70, 1, 69, 1, 53, 1, 1, 71, 1, 0, 0, 69, 1, 0, 1, 1, 1, 1, 0, 11, 1, 0, 1, 1, 72, 1, 0, 1, 73, 1, 1, 0, 1, 1, 0, 1, 1, 55, 1, 1, 1, 1, 0, 0, 0, 1, 0, 1, 20, 0, 0, 0, 0, 1, 1, 74, 1, 1, 75, 1, 1, 1, 55, 76, 77, 48, 74, 78, 79, 1, 1, 80, 77, 1, 81, 1, 1, 1, 56, 1, 58, 1, 1, 58, 1, 82, 1, 1, 1, 1, 1, 0, 1, 79, 1, 1, 1, 1, 1, 0, 83, 0, 60, 1, 1, 1, 0, 1, 1, 0, 84, 0, 85, 0, 1, 1, 86, 0, 87, 61, 88, 88, 83, 83, 1, 89, 90, 63, 1, 1, 32, 1, 0, 0, 91, 0, 1, 1, 1, 1, 1, 0, 1, 1, 42, 44, 40, 40, 30, 44, 30, 42, 0, 1, 1, 1, 53, 1, 91, 0, 64, 0, 92, 0, 0, 0, 1, 1, 65, 1, 65, 1, 1, 1, 1, 79, 1, 1, 1, 93, 94, 1, 65, 1, 0, 0, 1, 0, 0, 1, 0, 1, 95, 1, 1, 1, 1, 1, 0, 0, 0, 1, 1, 1, 66, 1, 96, 1, 1, 0, 1, 0, 0, 0, 0, 1, 0, 0, 1, 97, 0, 0, 0, 0, 0, 0, 0, 0, 0, 0, 1, 1, 1, 98, 1, 1, 1, 0, 1, 0, 0, 0, 0, 1, 66, 68, 83, 99, 66, 99, 66, 99, 99, 99, 67, 99, 99, 100, 101, 83, 99, 99, 99, 68, 99, 99, 99, 1, 66, 102, 102, 102, 68, 0, 1, 53, 103, 1, 104, 44, 0, 105, 0, 0, 0, 1, 106, 107, 1, 1, 1, 0, 1, 71, 1, 108, 62, 92, 1, 0, 1, 1, 109, 72, 110, 1, 1, 111, 1, 112, 1, 1, 1, 1, 1, 102, 1, 1, 0, 101, 0, 0, 1, 1, 1, 72, 1, 66, 113, 67, 75, 113, 113, 66, 113, 113, 113, 75, 77, 1, 114, 81, 0, 115, 1, 1, 1, 1, 1, 1, 1, 1, 1, 1, 1, 1, 1, 0, 0, 0, 0, 0, 0, 0, 1, 1, 1, 0, 0, 0, 0, 0, 0, 0, 0, 0, 0, 1, 1, 1, 73, 0, 0, 0, 0, 0, 0, 1, 116, 112, 1, 0, 1, 77, 0, 0, 1, 0, 0, 0, 1, 0, 0, 0, 0, 0, 117, 0, 0, 0, 0, 0, 0, 0, 0, 0, 0, 1, 0, 0, 0, 1, 1, 0, 1, 0, 1, 1, 0, 0, 1, 40, 50, 47, 46, 70, 1, 118, 1, 119, 76, 105, 105, 105, 120, 1, 1, 1, 121, 122, 123, 118, 1, 122, 124, 1, 118, 118, 82, 123, 123, 87, 80, 118, 76, 88, 118, 87, 1, 1, 1, 1]"
xerces,18,seed18_solution014,seed18_solution014,0.19522645578720346,0.13563595281059854,4.559778215158053,0.6062725664908877,0.19522645578720346,-0.13563595281059854,4.559778215158053,True,False,"[0, 1, 1, 1, 1, 2, 1, 3, 1, 2, 1, 0, 4, 1, 5, 1, 0, 0, 0, 0, 6, 1, 1, 7, 1, 8, 9, 0, 1, 10, 1, 2, 2, 0, 1, 11, 11, 1, 2, 1, 1, 1, 2, 2, 1, 2, 2, 1, 1, 12, 13, 1, 2, 1, 1, 1, 1, 1, 1, 1, 14, 14, 1, 1, 15, 1, 0, 0, 1, 1, 6, 16, 1, 1, 6, 1, 17, 17, 18, 19, 19, 19, 20, 21, 1, 22, 18, 23, 1, 23, 0, 0, 0, 0, 0, 0, 0, 0, 0, 0, 23, 0, 20, 0, 0, 0, 21, 24, 24, 22, 23, 0, 0, 23, 0, 1, 1, 1, 1, 25, 1, 1, 5, 1, 1, 1, 1, 1, 1, 1, 1, 0, 1, 1, 26, 1, 5, 5, 23, 26, 27, 28, 1, 1, 1, 29, 1, 0, 20, 1, 1, 1, 1, 1, 1, 28, 1, 29, 1, 0, 30, 1, 30, 1, 31, 1, 1, 1, 1, 0, 30, 1, 1, 31, 30, 32, 1, 1, 1, 1, 1, 30, 1, 32, 1, 1, 33, 1, 1, 34, 1, 33, 34, 1, 33, 35, 35, 32, 36, 34, 35, 36, 35, 1, 1, 0, 1, 36, 36, 36, 36, 36, 35, 37, 36, 36, 36, 34, 36, 0, 0, 0, 38, 36, 39, 40, 40, 0, 0, 1, 1, 35, 38, 36, 37, 38, 41, 41, 36, 42, 30, 43, 1, 39, 41, 1, 0, 0, 42, 44, 45, 46, 38, 38, 47, 44, 46, 48, 41, 0, 37, 48, 38, 1, 49, 50, 1, 48, 1, 1, 50, 49, 1, 1, 0, 1, 37, 30, 37, 0, 47, 0, 51, 0, 0, 0, 1, 0, 0, 1, 1, 52, 0, 1, 1, 1, 0, 1, 1, 1, 53, 1, 1, 1, 54, 53, 55, 56, 56, 57, 49, 1, 1, 1, 1, 55, 1, 58, 59, 56, 1, 1, 53, 1, 60, 1, 1, 58, 59, 1, 1, 56, 1, 1, 1, 43, 59, 1, 0, 1, 1, 0, 61, 1, 62, 1, 63, 1, 1, 64, 1, 0, 0, 65, 1, 0, 1, 1, 1, 1, 0, 1, 1, 0, 1, 1, 10, 1, 66, 1, 63, 1, 1, 0, 1, 1, 0, 1, 1, 65, 1, 1, 1, 1, 0, 16, 0, 1, 0, 1, 0, 0, 0, 0, 0, 1, 1, 64, 1, 1, 67, 1, 1, 1, 63, 67, 68, 68, 69, 62, 68, 1, 70, 63, 64, 1, 71, 1, 1, 1, 68, 1, 72, 1, 1, 71, 1, 69, 1, 1, 1, 1, 1, 0, 1, 1, 1, 1, 1, 1, 1, 0, 71, 0, 73, 1, 1, 1, 0, 1, 1, 0, 63, 0, 74, 0, 1, 1, 75, 0, 76, 73, 74, 76, 77, 77, 1, 76, 78, 78, 1, 1, 73, 1, 0, 0, 67, 0, 1, 1, 1, 1, 5, 79, 1, 1, 37, 33, 37, 37, 38, 37, 30, 37, 0, 1, 1, 1, 1, 1, 6, 0, 32, 0, 0, 0, 0, 0, 1, 1, 80, 1, 74, 1, 1, 1, 1, 81, 1, 1, 1, 71, 81, 1, 82, 1, 0, 0, 1, 0, 0, 1, 0, 1, 83, 1, 1, 1, 1, 1, 0, 0, 0, 1, 1, 1, 70, 1, 84, 1, 85, 0, 1, 0, 0, 0, 0, 1, 0, 0, 1, 0, 0, 0, 0, 0, 0, 0, 0, 0, 0, 0, 1, 1, 1, 54, 1, 1, 1, 0, 1, 0, 0, 0, 0, 1, 54, 82, 86, 54, 54, 87, 78, 84, 84, 86, 86, 82, 84, 82, 54, 86, 88, 86, 84, 86, 86, 82, 74, 1, 77, 87, 89, 90, 80, 0, 1, 86, 87, 1, 89, 37, 0, 91, 0, 0, 0, 1, 92, 90, 1, 1, 1, 0, 1, 86, 1, 93, 91, 92, 1, 0, 1, 1, 80, 83, 79, 1, 1, 94, 1, 95, 1, 1, 1, 1, 1, 87, 1, 1, 0, 87, 0, 0, 1, 1, 1, 96, 1, 97, 98, 99, 97, 70, 97, 97, 70, 84, 70, 97, 94, 1, 51, 100, 0, 96, 1, 1, 1, 1, 1, 1, 1, 1, 1, 1, 1, 82, 1, 0, 0, 0, 0, 0, 0, 0, 1, 1, 1, 0, 0, 0, 0, 0, 0, 0, 0, 0, 0, 1, 1, 1, 98, 0, 0, 0, 0, 0, 0, 1, 99, 99, 1, 0, 1, 92, 0, 0, 1, 0, 0, 0, 1, 0, 0, 0, 0, 0, 101, 0, 0, 0, 0, 0, 0, 0, 0, 0, 0, 1, 0, 0, 0, 1, 1, 0, 1, 0, 1, 1, 0, 0, 1, 36, 35, 36, 38, 43, 1, 102, 1, 84, 85, 27, 88, 91, 103, 1, 1, 1, 104, 89, 101, 105, 1, 96, 106, 1, 105, 102, 100, 96, 96, 102, 107, 96, 104, 102, 108, 104, 1, 1, 1, 1]"
xerces,18,seed18_solution015,seed18_solution015,0.20914450035945362,8.074062120043843,1.318186970320425,0.3839746407600292,0.20914450035945362,-8.074062120043843,1.318186970320425,True,False,"[0, 0, 0, 0, 0, 0, 0, 0, 0, 0, 0, 0, 0, 0, 1, 2, 0, 0, 0, 3, 2, 0, 0, 0, 0, 0, 3, 0, 0, 0, 0, 0, 0, 0, 0, 0, 0, 0, 0, 0, 0, 0, 0, 0, 0, 0, 0, 0, 0, 0, 0, 0, 0, 0, 0, 0, 0, 0, 0, 0, 0, 0, 0, 0, 0, 4, 0, 0, 4, 0, 0, 0, 0, 0, 0, 0, 0, 0, 0, 0, 0, 0, 0, 0, 0, 0, 0, 0, 0, 0, 0, 0, 0, 0, 0, 0, 0, 0, 0, 0, 5, 0, 6, 0, 0, 0, 5, 5, 5, 1, 1, 7, 0, 8, 7, 7, 7, 7, 7, 1, 7, 7, 7, 7, 7, 7, 7, 7, 7, 7, 7, 3, 7, 7, 7, 7, 7, 7, 7, 7, 7, 7, 7, 7, 7, 7, 1, 1, 7, 7, 1, 7, 7, 1, 1, 1, 1, 1, 1, 7, 1, 1, 1, 1, 1, 3, 7, 1, 1, 7, 1, 1, 1, 1, 1, 9, 9, 9, 9, 9, 9, 1, 9, 1, 1, 1, 1, 10, 1, 10, 11, 12, 12, 10, 12, 12, 12, 12, 4, 12, 12, 12, 12, 4, 11, 10, 10, 11, 11, 11, 11, 11, 11, 11, 11, 11, 11, 11, 11, 10, 11, 11, 11, 11, 11, 11, 11, 11, 11, 10, 10, 11, 11, 11, 11, 11, 11, 11, 11, 11, 11, 11, 10, 11, 11, 10, 11, 11, 11, 11, 11, 11, 10, 11, 11, 11, 11, 11, 1, 10, 11, 11, 11, 11, 11, 11, 10, 10, 10, 10, 10, 10, 11, 10, 10, 10, 11, 11, 11, 7, 7, 7, 7, 7, 7, 1, 4, 4, 1, 4, 13, 13, 13, 13, 13, 13, 13, 13, 13, 14, 14, 14, 14, 14, 14, 14, 14, 14, 14, 14, 14, 14, 14, 14, 14, 14, 14, 14, 14, 14, 14, 14, 14, 14, 14, 14, 14, 14, 14, 14, 14, 14, 14, 4, 4, 3, 4, 10, 10, 10, 10, 10, 10, 1, 15, 10, 10, 10, 3, 3, 4, 4, 4, 4, 4, 4, 4, 4, 4, 4, 10, 10, 10, 10, 10, 10, 10, 10, 10, 10, 10, 10, 10, 4, 3, 10, 1, 10, 10, 10, 10, 10, 10, 4, 4, 13, 4, 4, 4, 4, 4, 13, 4, 4, 4, 9, 9, 10, 9, 9, 9, 9, 4, 9, 9, 9, 16, 16, 16, 16, 16, 1, 16, 16, 16, 16, 16, 16, 16, 1, 16, 10, 10, 10, 2, 10, 16, 10, 10, 10, 10, 10, 10, 10, 10, 10, 10, 10, 10, 10, 10, 3, 16, 3, 10, 10, 10, 10, 10, 10, 10, 4, 10, 4, 10, 10, 10, 10, 10, 3, 10, 10, 10, 10, 10, 10, 10, 10, 10, 16, 16, 16, 16, 1, 1, 3, 1, 1, 1, 1, 16, 16, 16, 1, 1, 1, 17, 17, 17, 17, 17, 17, 17, 17, 3, 2, 1, 0, 2, 2, 3, 3, 16, 3, 3, 3, 3, 3, 4, 1, 1, 1, 1, 1, 4, 4, 4, 4, 16, 16, 16, 16, 16, 16, 16, 16, 3, 3, 3, 3, 3, 16, 16, 0, 18, 16, 1, 16, 1, 1, 3, 3, 3, 3, 16, 16, 1, 1, 19, 1, 1, 1, 1, 3, 3, 16, 3, 3, 3, 3, 1, 1, 3, 3, 3, 3, 3, 3, 3, 3, 3, 2, 1, 1, 1, 1, 1, 1, 1, 3, 3, 16, 3, 3, 16, 1, 20, 20, 20, 20, 20, 20, 20, 20, 20, 20, 20, 20, 20, 20, 20, 20, 20, 20, 20, 20, 20, 20, 20, 1, 21, 21, 21, 21, 21, 3, 16, 22, 3, 10, 10, 17, 16, 2, 3, 16, 1, 16, 16, 3, 1, 16, 16, 7, 2, 2, 1, 2, 3, 2, 16, 3, 2, 2, 2, 2, 3, 16, 10, 10, 2, 2, 2, 7, 7, 7, 7, 7, 7, 7, 3, 22, 3, 3, 16, 3, 7, 23, 1, 24, 24, 24, 24, 24, 24, 24, 24, 24, 24, 24, 1, 1, 1, 1, 1, 1, 1, 1, 1, 1, 1, 1, 1, 1, 1, 16, 1, 7, 16, 3, 3, 3, 3, 3, 3, 3, 1, 1, 1, 1, 1, 1, 7, 1, 1, 1, 1, 3, 1, 3, 16, 16, 1, 2, 2, 2, 2, 1, 16, 1, 1, 1, 1, 2, 1, 1, 4, 4, 4, 3, 16, 4, 4, 10, 10, 10, 10, 10, 25, 10, 4, 10, 10, 4, 3, 3, 10, 10, 10, 10, 10, 10, 10, 10, 10, 10, 10, 10, 10, 4, 10, 11, 10, 11, 11, 11, 11, 1, 2, 2, 2, 2, 2, 2, 2, 2, 2, 2, 2, 2, 26, 27, 28, 28, 2, 29, 30, 2, 28, 28, 28, 28, 28, 28, 28, 28, 28, 2, 2, 2, 2, 2, 2, 2]"
xerces,18,seed18_solution016,seed18_solution016,0.20969086987778576,8.336351189436654,1.2848877845927198,0.38210280617259507,0.20969086987778576,-8.336351189436654,1.2848877845927198,True,False,"[0, 0, 0, 0, 0, 0, 0, 0, 0, 0, 0, 0, 0, 0, 1, 2, 0, 0, 0, 3, 2, 0, 0, 0, 0, 0, 3, 0, 0, 0, 0, 0, 0, 0, 0, 0, 0, 0, 0, 0, 0, 0, 0, 0, 0, 0, 0, 0, 0, 0, 0, 0, 0, 0, 0, 0, 0, 0, 0, 0, 0, 0, 0, 0, 0, 4, 0, 0, 4, 0, 0, 0, 0, 0, 0, 0, 0, 0, 0, 0, 0, 0, 0, 0, 0, 0, 0, 0, 0, 0, 0, 0, 0, 0, 0, 0, 0, 0, 0, 0, 5, 0, 6, 0, 0, 0, 5, 5, 5, 1, 1, 7, 0, 0, 7, 7, 7, 7, 7, 1, 7, 7, 7, 7, 7, 7, 7, 7, 7, 7, 7, 3, 7, 7, 7, 7, 7, 7, 7, 7, 7, 7, 7, 7, 7, 7, 1, 1, 7, 7, 1, 7, 7, 1, 1, 1, 1, 1, 1, 7, 1, 1, 1, 1, 1, 3, 7, 1, 1, 7, 1, 1, 1, 1, 1, 8, 8, 8, 8, 8, 8, 1, 8, 1, 1, 1, 1, 9, 1, 9, 10, 11, 11, 9, 11, 11, 11, 11, 11, 11, 11, 11, 11, 4, 10, 9, 9, 10, 10, 10, 10, 10, 10, 10, 10, 10, 10, 10, 10, 9, 10, 10, 10, 10, 10, 10, 10, 10, 10, 9, 9, 10, 10, 10, 10, 10, 10, 10, 10, 10, 10, 10, 9, 10, 10, 9, 10, 10, 10, 10, 10, 10, 9, 10, 10, 10, 10, 10, 1, 9, 10, 10, 10, 10, 10, 10, 9, 9, 9, 9, 9, 9, 10, 9, 9, 9, 10, 10, 10, 7, 7, 7, 7, 7, 7, 1, 4, 4, 1, 4, 12, 12, 12, 12, 12, 12, 12, 12, 12, 13, 13, 13, 13, 13, 13, 13, 13, 13, 13, 13, 13, 13, 13, 13, 13, 13, 13, 13, 13, 13, 13, 13, 13, 13, 13, 13, 13, 13, 13, 13, 13, 13, 13, 4, 4, 3, 4, 9, 9, 9, 9, 9, 9, 2, 14, 9, 9, 9, 3, 3, 4, 4, 4, 4, 4, 4, 4, 4, 4, 4, 9, 9, 9, 9, 9, 9, 9, 9, 9, 9, 9, 9, 9, 4, 3, 9, 1, 9, 9, 9, 9, 9, 9, 4, 4, 12, 4, 4, 4, 4, 4, 12, 4, 4, 4, 8, 8, 9, 8, 8, 8, 8, 4, 8, 8, 8, 15, 15, 15, 15, 15, 1, 15, 15, 15, 15, 15, 15, 15, 1, 15, 9, 9, 9, 2, 9, 15, 9, 9, 9, 9, 9, 9, 9, 9, 9, 9, 9, 9, 9, 9, 3, 15, 3, 9, 9, 9, 9, 9, 9, 9, 4, 9, 4, 9, 9, 9, 9, 9, 3, 9, 9, 9, 9, 9, 9, 9, 9, 9, 15, 15, 15, 15, 1, 1, 3, 1, 1, 1, 1, 15, 15, 15, 1, 1, 1, 16, 16, 16, 16, 16, 16, 16, 16, 3, 1, 1, 0, 2, 2, 3, 3, 15, 3, 3, 3, 3, 3, 4, 1, 1, 1, 1, 1, 4, 4, 4, 4, 15, 15, 15, 15, 15, 15, 15, 15, 3, 3, 3, 3, 3, 15, 15, 0, 17, 15, 1, 15, 1, 1, 3, 3, 3, 3, 15, 15, 1, 1, 18, 1, 1, 1, 1, 3, 3, 15, 3, 3, 3, 3, 1, 1, 3, 3, 3, 3, 3, 3, 3, 3, 3, 2, 1, 1, 1, 1, 1, 1, 1, 3, 3, 15, 3, 3, 15, 1, 19, 19, 19, 19, 19, 19, 19, 19, 19, 19, 19, 19, 19, 19, 19, 19, 19, 19, 19, 19, 19, 19, 19, 1, 20, 20, 20, 20, 20, 3, 15, 21, 3, 9, 9, 16, 15, 2, 3, 15, 1, 15, 15, 3, 1, 15, 15, 7, 2, 2, 1, 2, 3, 2, 15, 3, 2, 2, 2, 2, 3, 15, 9, 9, 2, 2, 2, 7, 7, 7, 7, 7, 7, 7, 3, 21, 3, 3, 15, 3, 7, 22, 1, 23, 23, 23, 23, 23, 23, 23, 23, 23, 23, 23, 1, 1, 1, 1, 1, 1, 1, 1, 1, 1, 1, 1, 1, 1, 1, 15, 1, 7, 15, 3, 3, 3, 3, 3, 3, 3, 1, 1, 1, 1, 1, 1, 7, 1, 1, 1, 1, 3, 1, 3, 15, 15, 1, 2, 2, 2, 2, 1, 15, 1, 1, 1, 1, 2, 1, 1, 4, 4, 4, 4, 15, 4, 4, 9, 9, 9, 9, 9, 24, 9, 4, 9, 9, 4, 4, 3, 9, 9, 9, 9, 9, 9, 9, 9, 9, 9, 9, 9, 9, 4, 9, 10, 9, 10, 10, 10, 10, 1, 2, 2, 2, 2, 2, 2, 2, 2, 2, 2, 2, 2, 25, 26, 27, 27, 2, 28, 29, 2, 27, 27, 27, 27, 27, 27, 27, 27, 27, 2, 2, 2, 2, 2, 2, 2]"
xerces,18,seed18_solution017,seed18_solution017,0.2181452192667146,8.299081356901612,1.2716406050343156,0.38907173461924416,0.2181452192667146,-8.299081356901612,1.2716406050343156,True,False,"[0, 0, 0, 0, 0, 0, 0, 0, 0, 0, 0, 0, 0, 0, 1, 2, 0, 0, 0, 3, 2, 0, 0, 0, 0, 0, 3, 0, 0, 0, 0, 0, 0, 0, 0, 0, 0, 0, 0, 0, 0, 0, 0, 0, 0, 0, 0, 0, 0, 0, 0, 0, 0, 0, 0, 0, 0, 0, 0, 0, 0, 0, 0, 0, 0, 4, 0, 0, 4, 0, 0, 0, 0, 0, 0, 0, 0, 0, 0, 0, 0, 0, 0, 0, 0, 0, 0, 0, 0, 0, 0, 0, 0, 0, 0, 0, 0, 0, 0, 0, 5, 0, 6, 0, 0, 0, 5, 5, 5, 1, 1, 7, 0, 0, 7, 7, 7, 7, 7, 1, 7, 7, 7, 7, 7, 7, 7, 7, 7, 7, 7, 3, 7, 7, 7, 7, 7, 7, 7, 7, 7, 7, 7, 7, 7, 7, 1, 1, 7, 7, 1, 7, 7, 1, 1, 1, 1, 1, 1, 7, 1, 1, 1, 1, 1, 3, 7, 1, 1, 7, 1, 1, 1, 1, 1, 8, 8, 8, 8, 8, 8, 1, 8, 1, 9, 1, 1, 10, 1, 10, 11, 12, 12, 10, 12, 12, 12, 12, 12, 12, 12, 12, 12, 4, 11, 10, 10, 11, 11, 11, 11, 11, 11, 11, 11, 11, 11, 11, 11, 10, 11, 13, 11, 11, 11, 11, 11, 11, 11, 10, 10, 11, 11, 11, 11, 11, 11, 11, 11, 11, 11, 11, 10, 11, 14, 10, 11, 11, 11, 11, 11, 11, 10, 11, 11, 11, 11, 11, 1, 10, 11, 11, 11, 11, 11, 11, 10, 10, 10, 10, 10, 10, 11, 10, 10, 10, 11, 11, 11, 7, 7, 7, 7, 7, 7, 1, 4, 4, 1, 4, 15, 15, 15, 15, 15, 15, 15, 15, 15, 16, 16, 16, 16, 16, 16, 16, 16, 16, 16, 16, 16, 16, 16, 16, 16, 16, 16, 16, 16, 16, 16, 16, 16, 16, 16, 16, 16, 16, 16, 16, 16, 16, 16, 4, 4, 3, 4, 10, 10, 10, 10, 10, 10, 2, 17, 10, 10, 10, 3, 3, 4, 4, 4, 4, 4, 4, 4, 4, 4, 4, 10, 10, 10, 10, 10, 10, 10, 10, 10, 10, 10, 10, 10, 4, 3, 10, 1, 10, 10, 10, 10, 10, 10, 4, 4, 15, 4, 4, 4, 4, 4, 15, 4, 4, 4, 8, 8, 10, 8, 8, 8, 8, 4, 8, 8, 8, 18, 18, 18, 18, 18, 1, 18, 18, 18, 18, 18, 18, 18, 1, 18, 10, 10, 10, 2, 10, 18, 10, 10, 10, 10, 10, 10, 10, 10, 19, 10, 10, 10, 10, 10, 3, 18, 3, 10, 10, 10, 10, 10, 10, 10, 4, 10, 4, 10, 10, 10, 10, 10, 3, 10, 10, 10, 10, 10, 10, 10, 10, 10, 18, 18, 18, 18, 1, 1, 3, 1, 1, 1, 1, 18, 18, 18, 1, 1, 1, 20, 20, 20, 20, 20, 20, 20, 20, 3, 1, 1, 0, 2, 2, 3, 3, 18, 3, 3, 3, 3, 3, 4, 1, 1, 1, 1, 1, 4, 4, 4, 4, 21, 18, 18, 18, 18, 18, 18, 18, 3, 3, 3, 3, 3, 18, 18, 0, 22, 18, 1, 18, 1, 1, 3, 3, 3, 3, 18, 18, 1, 1, 9, 1, 1, 1, 1, 3, 3, 18, 3, 3, 3, 3, 1, 1, 3, 3, 3, 3, 3, 3, 3, 3, 3, 2, 1, 1, 1, 1, 1, 1, 1, 3, 3, 18, 3, 3, 18, 1, 14, 14, 14, 14, 14, 14, 14, 14, 14, 14, 14, 14, 14, 14, 14, 14, 14, 14, 14, 14, 14, 14, 14, 1, 19, 19, 19, 19, 19, 3, 18, 23, 3, 10, 10, 20, 18, 2, 3, 18, 1, 18, 18, 3, 1, 18, 18, 7, 2, 2, 1, 2, 3, 2, 18, 3, 2, 2, 2, 2, 3, 18, 10, 10, 2, 2, 2, 7, 7, 7, 7, 7, 7, 7, 3, 23, 3, 3, 18, 3, 7, 24, 1, 25, 25, 25, 25, 25, 25, 25, 25, 25, 25, 25, 1, 1, 1, 1, 1, 1, 1, 1, 1, 1, 1, 1, 1, 1, 1, 18, 1, 7, 18, 3, 3, 3, 3, 3, 3, 3, 1, 1, 1, 1, 1, 1, 7, 1, 1, 1, 1, 3, 1, 3, 18, 18, 1, 2, 2, 2, 2, 1, 18, 1, 1, 1, 1, 2, 1, 1, 4, 4, 4, 4, 18, 4, 4, 10, 10, 10, 10, 10, 26, 10, 4, 10, 10, 4, 4, 3, 10, 10, 10, 10, 10, 10, 10, 10, 10, 10, 10, 10, 10, 4, 10, 11, 10, 11, 11, 11, 11, 1, 2, 2, 2, 2, 2, 2, 2, 2, 2, 2, 2, 2, 27, 13, 28, 28, 2, 29, 21, 2, 28, 28, 28, 28, 28, 28, 28, 28, 28, 2, 2, 2, 2, 2, 2, 2]"
xerces,18,seed18_solution018,seed18_solution018,0.2326959022286125,8.264906873603612,1.2627438981288766,0.3985760792035338,0.2326959022286125,-8.264906873603612,1.2627438981288766,True,False,"[0, 0, 0, 0, 0, 0, 0, 0, 0, 0, 0, 0, 0, 0, 1, 2, 0, 0, 0, 3, 2, 0, 0, 0, 0, 0, 3, 0, 0, 0, 0, 0, 0, 0, 0, 0, 0, 0, 0, 0, 0, 0, 0, 0, 0, 0, 0, 0, 0, 0, 0, 0, 0, 0, 0, 0, 0, 0, 0, 0, 0, 0, 0, 0, 0, 4, 0, 0, 4, 0, 0, 0, 0, 0, 0, 0, 0, 0, 0, 0, 0, 0, 0, 0, 0, 0, 0, 0, 0, 0, 0, 0, 0, 0, 0, 0, 0, 0, 0, 0, 5, 0, 6, 0, 0, 0, 5, 5, 5, 1, 1, 7, 0, 8, 7, 7, 7, 7, 7, 1, 7, 7, 7, 7, 7, 7, 7, 7, 7, 9, 7, 3, 7, 7, 7, 7, 7, 7, 7, 7, 7, 7, 7, 7, 7, 7, 1, 1, 7, 7, 1, 7, 7, 1, 1, 1, 1, 1, 1, 7, 1, 1, 1, 1, 1, 3, 7, 1, 1, 7, 1, 1, 1, 1, 1, 9, 9, 9, 9, 9, 9, 1, 9, 1, 1, 1, 1, 10, 1, 10, 11, 12, 12, 10, 12, 12, 12, 12, 12, 12, 12, 12, 12, 4, 11, 10, 10, 11, 11, 11, 11, 11, 11, 11, 11, 11, 11, 11, 11, 10, 11, 11, 11, 11, 11, 11, 11, 11, 11, 10, 10, 11, 11, 11, 11, 11, 11, 11, 11, 11, 11, 11, 10, 11, 11, 10, 11, 11, 11, 11, 11, 11, 10, 11, 11, 11, 11, 11, 1, 10, 11, 11, 11, 11, 11, 11, 10, 10, 10, 10, 10, 10, 11, 10, 10, 10, 11, 11, 11, 7, 7, 7, 7, 7, 7, 1, 4, 4, 1, 4, 13, 13, 13, 13, 13, 13, 13, 13, 13, 14, 14, 14, 14, 14, 14, 14, 14, 14, 14, 14, 14, 14, 14, 14, 14, 14, 14, 14, 14, 14, 14, 14, 14, 14, 14, 14, 15, 14, 14, 14, 14, 14, 14, 4, 4, 3, 4, 10, 10, 10, 10, 10, 10, 1, 15, 10, 10, 10, 3, 3, 4, 4, 4, 4, 4, 4, 4, 4, 4, 4, 10, 10, 10, 10, 10, 10, 10, 10, 10, 10, 10, 10, 10, 4, 3, 10, 1, 10, 10, 10, 10, 10, 10, 4, 4, 13, 4, 4, 4, 4, 4, 13, 4, 4, 4, 9, 9, 10, 9, 9, 9, 9, 4, 9, 9, 9, 16, 16, 16, 16, 16, 1, 16, 16, 16, 16, 16, 16, 16, 1, 15, 4, 10, 10, 2, 10, 16, 10, 10, 10, 10, 10, 10, 10, 10, 10, 10, 10, 10, 10, 10, 3, 16, 3, 10, 10, 10, 10, 10, 10, 10, 4, 10, 4, 9, 10, 10, 10, 10, 3, 10, 10, 10, 10, 10, 10, 10, 10, 10, 16, 16, 16, 16, 1, 1, 3, 1, 1, 1, 1, 16, 16, 16, 1, 1, 1, 17, 17, 17, 17, 17, 17, 17, 17, 3, 2, 1, 0, 2, 2, 3, 3, 16, 3, 3, 3, 3, 3, 4, 1, 1, 1, 1, 1, 4, 4, 4, 4, 16, 16, 16, 16, 16, 16, 16, 16, 3, 3, 2, 3, 3, 16, 16, 0, 18, 16, 1, 16, 1, 1, 3, 3, 3, 3, 16, 16, 1, 1, 19, 1, 1, 1, 1, 3, 3, 16, 3, 3, 3, 3, 1, 1, 3, 3, 3, 3, 3, 3, 3, 3, 3, 2, 1, 1, 1, 1, 1, 1, 1, 3, 3, 16, 3, 3, 16, 1, 20, 20, 21, 20, 20, 20, 20, 20, 20, 20, 20, 20, 20, 21, 20, 20, 20, 20, 20, 20, 20, 20, 20, 1, 20, 21, 21, 21, 21, 3, 16, 22, 3, 10, 10, 18, 16, 2, 3, 16, 1, 16, 16, 3, 1, 16, 16, 7, 2, 2, 1, 3, 3, 21, 16, 3, 2, 2, 2, 2, 3, 16, 10, 10, 2, 2, 2, 7, 7, 7, 7, 7, 7, 7, 3, 22, 3, 3, 16, 3, 7, 23, 1, 24, 24, 24, 24, 24, 24, 24, 25, 25, 23, 24, 1, 1, 1, 1, 1, 1, 1, 1, 1, 1, 1, 1, 1, 9, 1, 16, 1, 7, 16, 3, 3, 3, 3, 3, 3, 3, 1, 1, 1, 1, 1, 1, 7, 1, 1, 1, 1, 3, 1, 3, 16, 16, 1, 2, 13, 2, 2, 1, 16, 1, 1, 1, 1, 2, 1, 1, 4, 4, 4, 3, 16, 4, 4, 10, 10, 10, 10, 10, 25, 10, 4, 10, 10, 4, 3, 3, 10, 10, 10, 10, 10, 10, 10, 10, 10, 10, 10, 10, 10, 4, 10, 11, 10, 11, 11, 11, 11, 1, 2, 2, 2, 2, 2, 2, 2, 2, 2, 2, 2, 2, 26, 26, 27, 28, 2, 29, 29, 2, 27, 19, 28, 28, 27, 12, 28, 27, 27, 2, 2, 19, 2, 2, 2, 2]"
xerces,18,seed18_solution019,seed18_solution019,0.24632638389647735,0.9834831757145965,1.2017957293257058,0.43501139422399526,0.24632638389647735,-0.9834831757145965,1.2017957293257058,True,False,"[0, 0, 0, 0, 0, 0, 0, 0, 0, 0, 0, 0, 0, 0, 1, 2, 0, 0, 0, 3, 2, 0, 0, 0, 0, 0, 3, 0, 0, 0, 0, 0, 0, 0, 0, 0, 0, 0, 0, 0, 0, 0, 0, 0, 0, 0, 0, 0, 0, 0, 0, 0, 0, 0, 0, 0, 0, 0, 0, 0, 0, 0, 0, 0, 0, 4, 5, 0, 4, 0, 0, 0, 0, 0, 0, 0, 0, 0, 0, 0, 0, 0, 0, 0, 0, 0, 0, 0, 0, 0, 0, 0, 0, 0, 0, 0, 0, 0, 0, 0, 6, 0, 7, 0, 0, 0, 6, 5, 6, 1, 1, 8, 0, 9, 8, 8, 8, 8, 8, 1, 8, 8, 8, 8, 8, 8, 8, 8, 8, 8, 8, 3, 8, 8, 8, 8, 8, 8, 8, 8, 8, 8, 8, 8, 8, 8, 1, 1, 8, 8, 1, 8, 8, 1, 1, 1, 1, 1, 1, 8, 1, 1, 1, 1, 1, 3, 8, 1, 1, 8, 1, 1, 1, 1, 1, 10, 10, 9, 10, 10, 10, 1, 10, 11, 1, 1, 10, 11, 1, 11, 12, 13, 13, 4, 13, 13, 13, 13, 13, 13, 13, 13, 13, 4, 12, 11, 11, 12, 12, 12, 12, 12, 12, 12, 12, 12, 12, 12, 12, 9, 12, 12, 12, 12, 12, 12, 12, 12, 12, 11, 11, 12, 12, 12, 12, 12, 12, 12, 12, 12, 12, 12, 11, 12, 12, 11, 12, 12, 1, 12, 12, 12, 11, 12, 12, 12, 12, 13, 1, 11, 12, 12, 12, 12, 12, 12, 11, 11, 11, 11, 9, 11, 12, 11, 4, 11, 12, 12, 12, 8, 8, 8, 8, 8, 8, 1, 4, 4, 1, 4, 14, 14, 14, 14, 14, 14, 14, 15, 14, 15, 15, 15, 16, 15, 7, 15, 15, 15, 15, 15, 15, 15, 15, 7, 15, 15, 15, 15, 15, 15, 15, 15, 15, 15, 15, 15, 16, 15, 15, 15, 15, 15, 15, 4, 4, 3, 4, 11, 11, 11, 11, 11, 11, 1, 16, 11, 11, 11, 3, 3, 4, 4, 4, 4, 4, 4, 4, 4, 4, 4, 11, 11, 11, 11, 11, 11, 11, 11, 11, 11, 11, 11, 9, 4, 3, 11, 1, 11, 11, 11, 11, 11, 11, 4, 3, 14, 4, 4, 4, 4, 4, 14, 4, 4, 4, 9, 10, 11, 10, 10, 10, 10, 4, 10, 10, 9, 17, 17, 17, 17, 17, 1, 17, 17, 17, 17, 16, 17, 18, 1, 16, 11, 11, 11, 2, 11, 17, 11, 11, 11, 11, 11, 11, 11, 11, 11, 11, 11, 11, 11, 11, 3, 17, 3, 11, 11, 11, 11, 10, 11, 11, 4, 11, 4, 10, 11, 11, 11, 11, 3, 11, 11, 11, 11, 11, 11, 11, 11, 11, 17, 17, 17, 17, 1, 1, 3, 1, 1, 1, 1, 17, 17, 17, 1, 1, 1, 19, 19, 19, 20, 19, 19, 19, 21, 3, 2, 1, 0, 2, 3, 3, 3, 17, 3, 3, 3, 3, 3, 4, 1, 1, 1, 1, 1, 4, 4, 4, 4, 17, 17, 17, 17, 17, 17, 17, 17, 3, 3, 3, 3, 3, 17, 17, 0, 19, 17, 1, 17, 1, 1, 3, 3, 3, 3, 17, 17, 1, 1, 21, 1, 1, 1, 1, 3, 3, 17, 3, 3, 3, 3, 1, 1, 3, 3, 3, 3, 3, 3, 3, 3, 3, 2, 1, 1, 1, 1, 1, 1, 1, 3, 3, 17, 3, 3, 17, 1, 22, 23, 23, 22, 23, 22, 23, 22, 23, 23, 23, 23, 23, 23, 23, 23, 22, 23, 22, 23, 23, 23, 23, 1, 22, 22, 24, 22, 22, 3, 17, 5, 3, 11, 11, 20, 17, 2, 3, 17, 1, 17, 17, 3, 1, 17, 17, 9, 2, 2, 1, 3, 3, 2, 17, 3, 2, 2, 2, 2, 3, 17, 11, 11, 2, 2, 2, 8, 8, 8, 8, 8, 8, 8, 3, 24, 3, 3, 17, 3, 8, 5, 1, 18, 25, 18, 25, 25, 25, 25, 25, 25, 5, 18, 1, 1, 1, 1, 1, 1, 1, 1, 1, 1, 1, 1, 1, 1, 1, 17, 1, 8, 17, 3, 3, 3, 3, 3, 3, 3, 1, 1, 1, 1, 1, 1, 8, 1, 1, 1, 1, 3, 1, 3, 17, 17, 1, 2, 2, 2, 2, 1, 17, 1, 1, 1, 1, 2, 1, 1, 4, 4, 4, 3, 17, 4, 4, 11, 11, 11, 11, 11, 18, 11, 4, 11, 11, 4, 2, 3, 11, 11, 11, 11, 11, 10, 11, 11, 11, 11, 11, 11, 11, 4, 11, 12, 11, 12, 12, 12, 12, 1, 2, 2, 2, 2, 2, 2, 2, 2, 2, 2, 2, 2, 3, 26, 27, 27, 2, 26, 21, 2, 27, 21, 27, 27, 28, 13, 27, 28, 28, 2, 2, 2, 2, 2, 2, 2]"
xerces,18,seed18_solution020,seed18_solution020,0.254665708123652,1.3006579017036222,1.206593356156331,0.42691846109601117,0.254665708123652,-1.3006579017036222,1.206593356156331,True,False,"[0, 0, 0, 0, 0, 0, 0, 0, 0, 0, 0, 0, 0, 0, 1, 2, 0, 0, 0, 3, 2, 0, 0, 0, 0, 0, 3, 0, 0, 0, 0, 0, 0, 0, 0, 0, 0, 0, 0, 0, 0, 0, 0, 0, 0, 0, 0, 0, 0, 0, 0, 0, 0, 0, 0, 0, 0, 0, 0, 0, 0, 0, 0, 0, 0, 4, 0, 0, 4, 0, 0, 0, 0, 0, 0, 0, 0, 0, 0, 0, 0, 0, 0, 0, 0, 0, 0, 0, 0, 0, 0, 0, 0, 0, 0, 0, 0, 0, 0, 0, 5, 0, 6, 0, 0, 0, 5, 5, 5, 1, 1, 7, 0, 8, 7, 7, 7, 7, 7, 1, 7, 7, 7, 7, 7, 7, 7, 7, 7, 7, 7, 3, 7, 7, 7, 7, 7, 7, 7, 7, 7, 7, 7, 7, 7, 3, 1, 1, 7, 7, 1, 7, 7, 1, 1, 1, 1, 1, 1, 7, 1, 1, 1, 1, 1, 3, 7, 1, 1, 7, 1, 1, 1, 1, 1, 9, 9, 9, 9, 9, 9, 1, 9, 1, 1, 1, 1, 10, 1, 10, 11, 12, 12, 4, 12, 12, 12, 12, 12, 12, 12, 12, 12, 4, 11, 10, 10, 11, 11, 11, 11, 11, 11, 11, 11, 11, 12, 11, 11, 10, 11, 11, 11, 11, 11, 11, 11, 11, 11, 10, 8, 11, 11, 11, 11, 11, 11, 11, 11, 11, 11, 11, 10, 11, 11, 10, 11, 11, 1, 11, 11, 11, 10, 12, 11, 11, 11, 11, 1, 10, 11, 11, 11, 11, 11, 11, 9, 10, 10, 10, 8, 10, 11, 10, 10, 10, 11, 11, 11, 7, 7, 7, 7, 7, 7, 1, 4, 4, 1, 4, 13, 13, 13, 13, 13, 13, 13, 13, 13, 14, 14, 14, 14, 13, 14, 14, 14, 14, 14, 14, 14, 14, 14, 14, 14, 14, 14, 14, 14, 14, 14, 14, 14, 14, 14, 14, 14, 14, 14, 14, 14, 14, 14, 4, 4, 3, 4, 10, 10, 10, 10, 10, 10, 2, 15, 10, 10, 10, 3, 3, 4, 4, 4, 4, 4, 4, 4, 4, 4, 4, 10, 10, 10, 10, 10, 10, 10, 10, 10, 10, 10, 10, 10, 4, 3, 10, 1, 10, 10, 10, 10, 10, 10, 4, 4, 13, 4, 4, 4, 4, 4, 13, 4, 4, 4, 9, 10, 10, 9, 9, 9, 9, 4, 9, 9, 9, 16, 16, 16, 16, 16, 1, 16, 16, 16, 15, 16, 16, 16, 1, 16, 10, 10, 10, 2, 8, 16, 10, 10, 10, 10, 10, 10, 10, 10, 10, 10, 10, 10, 10, 10, 3, 16, 3, 10, 10, 10, 10, 10, 10, 10, 4, 10, 4, 9, 10, 10, 10, 10, 3, 10, 10, 10, 10, 10, 10, 10, 10, 10, 16, 16, 16, 16, 1, 1, 3, 1, 1, 1, 1, 16, 16, 16, 1, 1, 1, 17, 17, 17, 17, 17, 18, 17, 17, 3, 1, 1, 0, 2, 2, 3, 3, 16, 3, 3, 3, 3, 3, 4, 1, 1, 1, 1, 1, 4, 4, 4, 4, 16, 16, 16, 16, 16, 16, 16, 16, 3, 3, 3, 3, 3, 16, 16, 0, 18, 16, 1, 16, 1, 1, 3, 3, 3, 3, 16, 16, 1, 1, 19, 1, 1, 1, 1, 3, 3, 16, 3, 3, 3, 3, 9, 1, 3, 3, 3, 3, 3, 3, 3, 3, 3, 2, 1, 1, 1, 1, 1, 1, 1, 3, 3, 16, 3, 3, 16, 1, 19, 20, 21, 20, 20, 20, 19, 19, 21, 19, 20, 19, 20, 19, 19, 19, 19, 19, 20, 19, 19, 20, 20, 1, 20, 21, 21, 20, 21, 3, 16, 21, 3, 10, 10, 15, 16, 2, 3, 16, 1, 16, 16, 3, 1, 16, 16, 7, 2, 2, 1, 3, 3, 2, 16, 3, 2, 2, 2, 2, 3, 16, 10, 10, 2, 2, 2, 7, 7, 7, 7, 6, 7, 7, 3, 21, 3, 3, 16, 3, 7, 22, 1, 23, 24, 23, 22, 25, 24, 23, 25, 22, 22, 23, 1, 1, 1, 1, 1, 1, 1, 1, 1, 1, 1, 1, 1, 1, 1, 15, 1, 7, 16, 3, 3, 3, 3, 3, 3, 3, 1, 1, 1, 1, 1, 1, 7, 1, 1, 1, 1, 3, 1, 3, 16, 16, 1, 2, 2, 2, 2, 1, 16, 1, 1, 1, 1, 2, 1, 1, 4, 4, 4, 3, 16, 4, 4, 10, 10, 10, 10, 10, 22, 8, 4, 10, 10, 4, 3, 3, 10, 10, 10, 10, 10, 10, 10, 10, 8, 10, 10, 10, 10, 4, 10, 11, 10, 11, 11, 11, 11, 1, 2, 2, 2, 2, 2, 2, 2, 2, 2, 2, 2, 2, 23, 26, 23, 27, 2, 26, 19, 2, 28, 28, 27, 27, 28, 28, 27, 28, 28, 2, 2, 2, 2, 2, 2, 2]"
xerces,18,seed18_solution021,seed18_solution021,0.26257368799424874,1.716894129642533,1.2241310475568554,0.4016408862499894,0.26257368799424874,-1.716894129642533,1.2241310475568554,True,False,"[0, 0, 0, 0, 0, 0, 0, 0, 0, 0, 0, 0, 0, 0, 1, 2, 0, 0, 0, 3, 2, 0, 0, 0, 0, 0, 3, 0, 0, 0, 0, 0, 0, 0, 0, 0, 0, 0, 0, 0, 0, 0, 0, 0, 0, 0, 0, 0, 0, 0, 0, 0, 0, 0, 0, 0, 0, 0, 0, 0, 0, 0, 0, 0, 0, 4, 0, 0, 4, 0, 0, 0, 0, 0, 0, 0, 0, 0, 0, 0, 0, 0, 0, 0, 0, 0, 0, 0, 0, 0, 0, 0, 0, 0, 0, 0, 0, 0, 0, 0, 5, 0, 6, 0, 0, 0, 5, 5, 5, 1, 1, 7, 0, 8, 7, 7, 7, 7, 7, 1, 7, 7, 7, 7, 7, 7, 7, 7, 7, 7, 7, 3, 7, 9, 7, 7, 7, 7, 7, 7, 7, 7, 7, 7, 7, 7, 1, 1, 7, 7, 1, 7, 7, 1, 1, 1, 1, 1, 1, 7, 1, 1, 1, 1, 1, 3, 7, 1, 1, 7, 1, 1, 1, 1, 1, 9, 9, 9, 9, 9, 9, 1, 9, 1, 1, 1, 9, 10, 1, 10, 11, 12, 12, 10, 12, 12, 12, 12, 12, 12, 12, 12, 12, 4, 11, 10, 10, 11, 11, 11, 11, 11, 11, 11, 11, 11, 11, 11, 11, 10, 11, 11, 11, 11, 11, 11, 11, 11, 11, 10, 10, 11, 11, 11, 11, 11, 11, 11, 11, 11, 11, 11, 10, 11, 11, 10, 11, 11, 11, 11, 11, 11, 10, 11, 11, 11, 11, 11, 1, 10, 11, 11, 11, 11, 11, 11, 10, 10, 10, 10, 10, 10, 11, 10, 10, 10, 11, 11, 11, 13, 7, 7, 7, 7, 7, 1, 4, 4, 1, 4, 14, 14, 14, 14, 14, 14, 14, 13, 14, 15, 15, 15, 15, 15, 15, 15, 15, 15, 15, 15, 15, 15, 15, 15, 15, 15, 15, 15, 15, 15, 15, 15, 15, 15, 15, 15, 15, 15, 15, 15, 15, 15, 15, 4, 4, 3, 4, 10, 10, 10, 10, 10, 10, 1, 16, 10, 10, 10, 3, 3, 4, 4, 4, 4, 4, 4, 4, 4, 4, 4, 10, 10, 10, 10, 10, 10, 10, 10, 8, 10, 10, 10, 10, 4, 3, 10, 1, 10, 10, 10, 10, 10, 10, 4, 4, 14, 4, 4, 4, 4, 4, 14, 4, 4, 4, 9, 9, 10, 9, 9, 9, 9, 4, 9, 9, 9, 17, 17, 17, 17, 17, 1, 17, 17, 17, 17, 17, 17, 17, 1, 17, 4, 10, 10, 2, 10, 17, 10, 10, 10, 10, 10, 10, 10, 10, 10, 10, 10, 10, 10, 10, 3, 17, 3, 10, 10, 10, 10, 10, 10, 10, 4, 10, 4, 10, 10, 10, 10, 10, 3, 10, 10, 10, 10, 10, 10, 10, 10, 10, 17, 17, 17, 17, 1, 1, 3, 1, 1, 1, 1, 17, 17, 16, 1, 1, 1, 18, 18, 18, 18, 18, 18, 18, 18, 3, 2, 1, 0, 2, 2, 3, 3, 17, 3, 3, 3, 3, 3, 4, 1, 1, 1, 1, 1, 4, 4, 4, 4, 17, 17, 17, 17, 17, 17, 17, 17, 3, 3, 3, 3, 3, 17, 17, 0, 19, 17, 1, 17, 1, 1, 3, 3, 3, 3, 17, 17, 1, 1, 20, 1, 1, 1, 1, 3, 3, 17, 3, 3, 3, 3, 1, 1, 3, 3, 3, 3, 3, 3, 3, 3, 3, 2, 1, 1, 1, 1, 1, 1, 1, 3, 3, 17, 3, 3, 17, 1, 21, 20, 20, 21, 20, 21, 21, 21, 21, 21, 20, 21, 21, 22, 21, 22, 21, 21, 20, 21, 21, 22, 21, 1, 21, 22, 22, 22, 22, 3, 17, 23, 3, 10, 10, 18, 17, 2, 3, 17, 1, 17, 17, 3, 1, 17, 17, 7, 2, 2, 1, 2, 3, 22, 17, 3, 2, 2, 2, 2, 3, 17, 4, 10, 2, 2, 2, 7, 7, 7, 7, 7, 7, 7, 3, 23, 3, 3, 17, 3, 7, 23, 1, 23, 24, 23, 25, 24, 24, 24, 24, 24, 24, 24, 1, 1, 1, 1, 1, 1, 1, 1, 1, 1, 1, 1, 1, 1, 1, 17, 1, 7, 17, 3, 3, 3, 3, 3, 3, 3, 1, 1, 1, 1, 1, 1, 7, 1, 1, 1, 1, 3, 1, 3, 17, 17, 1, 2, 2, 2, 2, 1, 17, 1, 1, 1, 1, 2, 1, 1, 4, 4, 4, 3, 17, 4, 4, 10, 10, 10, 10, 10, 24, 10, 4, 10, 10, 4, 3, 3, 10, 10, 10, 10, 10, 10, 10, 10, 10, 10, 10, 10, 10, 4, 10, 11, 10, 11, 11, 11, 11, 1, 2, 2, 2, 2, 2, 2, 2, 2, 2, 2, 2, 2, 26, 13, 27, 27, 2, 28, 27, 2, 25, 20, 27, 28, 27, 27, 28, 13, 13, 2, 2, 2, 2, 2, 2, 2]"
xerces,18,seed18_solution022,seed18_solution022,0.27260963335729693,8.113078776310857,1.2217035519006423,0.4601928142678665,0.27260963335729693,-8.113078776310857,1.2217035519006423,True,False,"[0, 0, 0, 0, 0, 0, 0, 0, 0, 0, 0, 0, 0, 0, 1, 2, 0, 0, 0, 3, 2, 0, 0, 0, 0, 0, 3, 0, 0, 0, 0, 0, 0, 0, 0, 0, 0, 0, 0, 0, 0, 0, 0, 0, 0, 0, 0, 0, 0, 0, 0, 0, 0, 0, 0, 0, 0, 0, 0, 0, 0, 0, 0, 0, 0, 4, 0, 0, 4, 0, 0, 0, 0, 0, 0, 0, 0, 0, 0, 0, 0, 0, 0, 0, 0, 0, 0, 0, 4, 1, 0, 0, 0, 0, 0, 0, 0, 0, 0, 0, 5, 0, 6, 0, 0, 0, 5, 5, 5, 1, 1, 7, 0, 8, 8, 7, 7, 8, 8, 1, 7, 7, 7, 8, 8, 8, 7, 7, 7, 7, 7, 3, 7, 7, 7, 7, 7, 7, 7, 7, 7, 7, 7, 7, 7, 6, 1, 1, 7, 8, 1, 7, 9, 1, 1, 1, 1, 1, 1, 8, 1, 1, 1, 1, 1, 3, 7, 1, 1, 7, 1, 1, 1, 1, 1, 9, 9, 9, 9, 9, 9, 1, 9, 1, 1, 1, 9, 10, 1, 10, 11, 12, 12, 10, 12, 12, 12, 12, 4, 12, 12, 12, 12, 4, 11, 10, 10, 11, 11, 11, 11, 11, 13, 12, 11, 11, 12, 11, 11, 10, 11, 11, 11, 11, 11, 11, 12, 11, 12, 10, 10, 11, 11, 11, 12, 11, 11, 11, 12, 11, 11, 11, 10, 11, 11, 10, 12, 11, 11, 11, 11, 11, 10, 11, 11, 11, 11, 11, 1, 10, 11, 11, 11, 11, 11, 12, 10, 10, 10, 10, 10, 10, 11, 10, 10, 10, 11, 11, 11, 7, 7, 7, 7, 7, 8, 1, 4, 4, 1, 4, 13, 13, 13, 13, 13, 13, 14, 14, 13, 14, 14, 14, 14, 14, 14, 14, 14, 14, 14, 14, 14, 14, 14, 14, 14, 14, 14, 14, 14, 14, 14, 14, 14, 14, 14, 14, 15, 14, 14, 15, 14, 14, 14, 4, 4, 3, 2, 10, 10, 10, 10, 10, 10, 1, 15, 10, 10, 10, 3, 3, 4, 4, 4, 4, 4, 4, 4, 4, 4, 4, 10, 10, 10, 10, 10, 10, 10, 10, 10, 10, 10, 10, 10, 4, 3, 10, 1, 10, 10, 10, 10, 10, 10, 4, 4, 13, 3, 4, 4, 4, 4, 13, 4, 4, 4, 9, 9, 10, 9, 9, 9, 9, 4, 9, 9, 9, 16, 16, 16, 16, 16, 1, 16, 16, 16, 16, 16, 16, 16, 1, 16, 4, 10, 10, 2, 10, 16, 10, 10, 10, 10, 10, 10, 10, 10, 10, 10, 10, 10, 10, 10, 3, 16, 3, 10, 10, 10, 10, 10, 10, 10, 4, 10, 4, 10, 10, 10, 10, 10, 3, 10, 10, 10, 10, 10, 10, 10, 10, 10, 16, 17, 16, 16, 1, 1, 3, 1, 1, 1, 1, 16, 16, 15, 1, 1, 1, 17, 17, 18, 17, 18, 18, 17, 17, 3, 2, 1, 0, 2, 2, 3, 3, 16, 3, 3, 3, 3, 3, 4, 1, 1, 1, 1, 1, 4, 4, 4, 4, 17, 16, 16, 16, 16, 16, 16, 16, 3, 3, 2, 3, 3, 17, 16, 0, 17, 16, 1, 16, 1, 1, 3, 3, 3, 3, 16, 16, 1, 1, 19, 1, 1, 1, 1, 3, 3, 16, 3, 3, 3, 3, 1, 1, 3, 3, 3, 3, 3, 3, 3, 3, 3, 2, 1, 1, 1, 1, 1, 1, 1, 3, 3, 16, 3, 3, 16, 1, 20, 20, 20, 20, 20, 20, 19, 20, 20, 20, 20, 20, 20, 21, 20, 20, 20, 20, 20, 20, 20, 11, 20, 1, 20, 21, 21, 20, 21, 3, 16, 22, 3, 10, 10, 17, 16, 2, 3, 17, 1, 16, 16, 4, 1, 17, 16, 7, 2, 2, 1, 3, 3, 2, 17, 3, 2, 2, 2, 2, 3, 16, 10, 10, 2, 2, 2, 7, 7, 7, 8, 6, 7, 7, 3, 22, 3, 3, 16, 3, 7, 23, 1, 24, 24, 24, 24, 24, 23, 24, 24, 25, 23, 24, 1, 1, 1, 1, 1, 1, 1, 1, 1, 1, 1, 1, 1, 9, 1, 16, 1, 7, 16, 3, 3, 3, 3, 3, 3, 3, 1, 1, 1, 1, 1, 1, 7, 1, 1, 1, 1, 3, 1, 3, 16, 16, 1, 2, 2, 2, 2, 1, 17, 1, 1, 1, 1, 2, 1, 1, 4, 4, 4, 3, 16, 4, 4, 10, 10, 10, 10, 10, 25, 10, 4, 10, 10, 4, 3, 3, 10, 10, 10, 10, 10, 10, 10, 10, 10, 10, 10, 10, 10, 4, 25, 11, 10, 11, 11, 11, 11, 1, 2, 2, 2, 2, 2, 2, 2, 2, 2, 2, 2, 2, 26, 27, 28, 27, 2, 28, 29, 2, 26, 28, 27, 28, 26, 12, 28, 28, 28, 2, 2, 2, 2, 2, 2, 2]"
xerces,18,seed18_solution023,seed18_solution023,0.28879942487419125,2.230471122599498,1.1718884363407382,0.4522839478150332,0.28879942487419125,-2.230471122599498,1.1718884363407382,True,False,"[0, 0, 0, 0, 0, 0, 0, 0, 0, 0, 0, 0, 0, 0, 1, 2, 0, 0, 0, 3, 2, 0, 0, 0, 0, 0, 3, 0, 0, 0, 0, 0, 0, 0, 0, 0, 0, 0, 0, 0, 0, 0, 0, 0, 0, 0, 0, 0, 0, 0, 0, 0, 0, 0, 0, 0, 0, 0, 0, 0, 0, 0, 0, 0, 0, 4, 0, 0, 4, 0, 0, 0, 0, 0, 0, 0, 0, 0, 0, 0, 0, 0, 0, 0, 0, 0, 0, 0, 0, 0, 0, 0, 0, 0, 0, 0, 0, 0, 0, 0, 5, 0, 6, 0, 0, 0, 5, 5, 5, 1, 1, 7, 0, 8, 7, 7, 7, 7, 7, 1, 7, 7, 7, 7, 7, 7, 7, 7, 7, 7, 7, 3, 7, 7, 7, 7, 7, 7, 7, 7, 7, 7, 7, 7, 7, 7, 1, 1, 8, 7, 1, 7, 7, 1, 1, 1, 1, 1, 9, 7, 1, 1, 1, 1, 1, 3, 7, 9, 1, 7, 1, 1, 1, 1, 1, 9, 9, 9, 9, 9, 8, 1, 9, 1, 1, 1, 1, 10, 1, 10, 11, 12, 12, 10, 12, 12, 12, 12, 12, 11, 11, 12, 12, 4, 11, 10, 10, 11, 11, 11, 11, 11, 11, 11, 11, 11, 11, 13, 11, 10, 11, 11, 11, 11, 11, 11, 11, 11, 11, 10, 10, 11, 11, 11, 11, 11, 11, 11, 11, 11, 11, 11, 10, 11, 11, 10, 11, 11, 11, 11, 11, 11, 10, 12, 11, 11, 11, 11, 1, 10, 11, 11, 11, 11, 11, 11, 9, 10, 10, 10, 10, 10, 11, 10, 10, 10, 11, 11, 11, 7, 7, 7, 7, 7, 7, 1, 4, 4, 1, 4, 14, 14, 14, 14, 14, 14, 14, 14, 14, 5, 15, 15, 15, 15, 15, 15, 15, 15, 15, 15, 15, 15, 15, 15, 15, 15, 15, 15, 15, 15, 15, 15, 15, 15, 15, 15, 15, 15, 15, 15, 15, 15, 15, 4, 4, 3, 4, 10, 10, 10, 16, 10, 10, 2, 17, 10, 10, 10, 3, 3, 6, 4, 4, 4, 4, 4, 4, 4, 4, 4, 10, 10, 10, 10, 8, 10, 4, 4, 10, 10, 10, 10, 10, 4, 3, 10, 1, 10, 10, 10, 10, 10, 10, 4, 3, 14, 4, 4, 4, 4, 4, 14, 4, 4, 4, 9, 9, 10, 9, 9, 9, 9, 4, 9, 9, 9, 18, 18, 18, 17, 18, 1, 18, 18, 18, 18, 17, 18, 18, 1, 17, 10, 10, 10, 2, 5, 17, 10, 10, 10, 10, 10, 10, 9, 10, 10, 10, 10, 10, 10, 10, 3, 18, 3, 10, 10, 10, 10, 10, 10, 10, 4, 10, 4, 10, 10, 10, 10, 10, 3, 10, 10, 10, 10, 10, 10, 10, 10, 10, 18, 18, 17, 18, 1, 1, 3, 9, 1, 1, 1, 17, 17, 17, 1, 1, 1, 19, 19, 19, 19, 19, 19, 19, 20, 3, 2, 1, 0, 2, 2, 3, 3, 18, 3, 3, 3, 3, 3, 4, 1, 1, 1, 1, 1, 4, 4, 4, 4, 18, 18, 18, 18, 18, 18, 18, 18, 3, 3, 3, 3, 3, 18, 18, 0, 21, 18, 1, 18, 1, 1, 3, 3, 3, 3, 18, 18, 1, 1, 22, 1, 1, 1, 1, 3, 3, 18, 3, 3, 3, 3, 1, 1, 3, 3, 3, 3, 3, 3, 3, 3, 3, 2, 1, 1, 9, 1, 1, 1, 1, 3, 3, 17, 3, 3, 18, 1, 22, 23, 22, 23, 22, 22, 22, 22, 22, 22, 22, 23, 22, 22, 22, 22, 22, 22, 23, 23, 22, 22, 23, 1, 23, 23, 24, 21, 21, 3, 17, 24, 3, 10, 10, 19, 18, 2, 3, 18, 1, 17, 17, 3, 1, 18, 19, 7, 2, 2, 1, 2, 3, 2, 18, 3, 2, 2, 2, 2, 3, 18, 10, 10, 2, 2, 2, 7, 7, 7, 7, 7, 7, 7, 3, 24, 3, 3, 18, 3, 7, 25, 1, 26, 26, 26, 27, 25, 26, 25, 24, 27, 26, 26, 1, 1, 1, 1, 1, 1, 1, 1, 1, 1, 1, 1, 1, 1, 1, 18, 1, 7, 18, 3, 3, 3, 3, 3, 3, 3, 1, 1, 1, 1, 1, 1, 7, 1, 1, 1, 1, 3, 1, 3, 18, 18, 1, 2, 2, 2, 2, 1, 18, 1, 1, 1, 1, 2, 1, 1, 4, 4, 4, 3, 18, 4, 4, 10, 10, 10, 10, 10, 27, 8, 4, 10, 10, 4, 2, 3, 10, 10, 10, 10, 10, 9, 10, 10, 10, 10, 10, 11, 10, 4, 10, 11, 10, 11, 11, 11, 11, 1, 2, 2, 2, 1, 2, 2, 2, 2, 2, 2, 2, 2, 28, 16, 28, 16, 2, 13, 20, 2, 13, 16, 13, 20, 13, 13, 13, 16, 16, 2, 2, 2, 2, 2, 2, 2]"
xerces,18,seed18_solution024,seed18_solution024,0.2925664989216391,8.489781858793632,1.1866596953151973,0.45044132167444284,0.2925664989216391,-8.489781858793632,1.1866596953151973,True,False,"[0, 0, 0, 0, 0, 0, 0, 0, 0, 0, 0, 0, 0, 0, 1, 2, 0, 0, 0, 3, 2, 0, 0, 0, 0, 0, 3, 0, 0, 0, 0, 0, 0, 0, 0, 0, 0, 0, 0, 0, 0, 0, 0, 0, 0, 0, 0, 0, 0, 0, 0, 0, 0, 0, 0, 0, 0, 0, 0, 0, 0, 0, 0, 0, 0, 4, 0, 0, 4, 0, 0, 0, 0, 0, 0, 0, 0, 0, 0, 0, 0, 0, 0, 0, 0, 0, 0, 0, 4, 0, 0, 0, 0, 0, 0, 0, 0, 0, 0, 0, 5, 0, 6, 0, 0, 0, 5, 5, 5, 1, 1, 7, 0, 8, 8, 7, 7, 8, 7, 1, 7, 7, 7, 7, 7, 7, 7, 7, 8, 7, 7, 3, 8, 7, 7, 7, 8, 7, 7, 7, 7, 7, 7, 7, 7, 6, 1, 1, 8, 7, 1, 6, 7, 1, 1, 1, 1, 1, 1, 8, 1, 1, 1, 1, 1, 3, 8, 1, 1, 7, 1, 1, 1, 1, 1, 9, 9, 9, 9, 9, 9, 1, 9, 1, 1, 1, 9, 10, 1, 10, 11, 12, 12, 10, 12, 12, 12, 12, 12, 12, 12, 12, 12, 4, 11, 10, 10, 11, 11, 11, 11, 11, 11, 12, 11, 11, 12, 11, 11, 10, 11, 12, 11, 11, 11, 11, 11, 11, 12, 10, 10, 11, 11, 11, 12, 11, 11, 11, 11, 11, 11, 11, 10, 11, 11, 10, 11, 11, 11, 11, 11, 11, 10, 11, 11, 11, 11, 11, 1, 10, 11, 11, 11, 11, 11, 12, 10, 10, 10, 10, 10, 10, 11, 10, 10, 10, 11, 12, 11, 7, 7, 7, 8, 7, 7, 1, 4, 4, 1, 4, 13, 13, 13, 14, 13, 13, 13, 13, 13, 14, 14, 14, 14, 14, 14, 14, 14, 14, 14, 14, 14, 14, 14, 14, 14, 14, 14, 14, 14, 14, 14, 14, 14, 14, 14, 14, 14, 14, 14, 15, 14, 14, 14, 4, 4, 3, 4, 10, 10, 10, 10, 10, 10, 1, 15, 10, 10, 10, 3, 3, 4, 4, 4, 4, 4, 4, 4, 4, 4, 4, 10, 10, 10, 10, 10, 10, 10, 10, 10, 10, 10, 10, 10, 4, 3, 10, 1, 10, 10, 10, 10, 10, 10, 4, 4, 13, 4, 4, 4, 4, 4, 13, 4, 4, 4, 9, 9, 10, 9, 9, 9, 9, 4, 9, 9, 9, 16, 16, 16, 16, 16, 1, 17, 16, 16, 16, 16, 16, 16, 1, 16, 10, 10, 10, 2, 10, 16, 10, 10, 10, 10, 10, 10, 10, 10, 10, 10, 10, 10, 10, 10, 3, 16, 3, 10, 10, 10, 10, 10, 10, 10, 4, 10, 4, 10, 10, 10, 10, 10, 3, 10, 10, 10, 10, 10, 10, 10, 10, 10, 16, 16, 16, 16, 1, 1, 3, 1, 1, 1, 1, 16, 16, 16, 1, 1, 1, 18, 17, 18, 18, 18, 18, 19, 17, 3, 2, 1, 0, 2, 2, 3, 3, 16, 3, 3, 3, 3, 3, 4, 1, 1, 1, 1, 1, 2, 4, 4, 4, 17, 16, 16, 16, 16, 16, 16, 16, 3, 3, 3, 3, 3, 17, 16, 0, 17, 16, 1, 16, 1, 1, 3, 3, 3, 3, 16, 16, 1, 1, 19, 1, 1, 1, 1, 3, 3, 16, 3, 3, 3, 3, 1, 1, 3, 3, 3, 3, 3, 3, 3, 3, 3, 2, 1, 1, 1, 1, 1, 1, 1, 3, 3, 16, 3, 3, 16, 1, 20, 20, 21, 20, 20, 20, 19, 20, 20, 20, 20, 20, 20, 21, 20, 20, 20, 20, 19, 20, 20, 20, 20, 1, 20, 21, 21, 20, 21, 3, 16, 22, 3, 10, 10, 17, 16, 2, 3, 16, 1, 16, 16, 4, 1, 16, 17, 7, 2, 2, 1, 2, 3, 2, 16, 3, 2, 2, 2, 2, 3, 16, 4, 10, 2, 2, 2, 7, 7, 7, 8, 7, 7, 8, 3, 22, 3, 3, 16, 3, 7, 23, 1, 24, 24, 24, 24, 24, 23, 24, 24, 25, 24, 24, 7, 1, 1, 1, 1, 1, 1, 1, 1, 1, 1, 1, 1, 9, 1, 16, 1, 7, 16, 3, 3, 3, 3, 3, 3, 3, 1, 1, 1, 1, 1, 1, 7, 1, 1, 1, 1, 3, 1, 3, 16, 16, 1, 2, 13, 7, 2, 1, 16, 1, 1, 1, 1, 2, 1, 1, 4, 4, 4, 3, 16, 4, 4, 10, 10, 10, 10, 10, 25, 10, 4, 10, 10, 4, 3, 3, 10, 10, 10, 10, 10, 10, 10, 10, 10, 10, 10, 10, 10, 4, 25, 11, 10, 11, 11, 11, 11, 1, 2, 2, 2, 2, 2, 2, 2, 2, 2, 2, 2, 2, 26, 27, 28, 27, 2, 28, 18, 2, 26, 28, 27, 28, 28, 28, 28, 28, 26, 2, 2, 2, 2, 2, 2, 2]"
xerces,18,seed18_solution025,seed18_solution025,0.30542056074766355,1.4057907297620584,1.1667981047258231,0.46603665531675076,0.30542056074766355,-1.4057907297620584,1.1667981047258231,True,False,"[0, 0, 0, 0, 0, 0, 0, 0, 0, 0, 0, 0, 0, 0, 1, 2, 0, 0, 0, 3, 2, 0, 0, 0, 0, 0, 3, 0, 0, 0, 0, 0, 0, 0, 0, 0, 0, 0, 0, 0, 0, 0, 0, 0, 0, 0, 0, 0, 0, 0, 0, 0, 0, 0, 0, 0, 0, 0, 0, 0, 0, 0, 0, 0, 0, 4, 0, 0, 4, 0, 0, 0, 0, 0, 0, 0, 0, 0, 0, 0, 0, 0, 0, 0, 0, 0, 0, 0, 0, 0, 0, 0, 0, 0, 0, 0, 0, 0, 0, 0, 5, 0, 6, 0, 0, 0, 5, 5, 5, 1, 1, 7, 0, 8, 7, 7, 7, 8, 7, 1, 7, 7, 8, 8, 7, 8, 7, 7, 7, 6, 7, 3, 7, 7, 7, 7, 7, 7, 7, 7, 7, 7, 7, 7, 7, 6, 1, 1, 8, 8, 1, 6, 7, 1, 1, 1, 1, 1, 1, 8, 1, 1, 1, 1, 1, 3, 7, 1, 1, 7, 1, 1, 1, 1, 1, 9, 9, 9, 9, 9, 9, 1, 9, 1, 1, 1, 1, 10, 1, 10, 11, 12, 12, 10, 12, 12, 12, 12, 12, 12, 12, 12, 12, 4, 11, 10, 10, 11, 11, 11, 11, 11, 11, 11, 11, 11, 12, 11, 11, 10, 11, 12, 11, 11, 11, 11, 11, 11, 12, 10, 10, 11, 11, 11, 12, 11, 11, 11, 12, 11, 11, 11, 10, 11, 11, 10, 12, 11, 1, 11, 11, 11, 10, 12, 11, 11, 12, 11, 1, 10, 13, 11, 11, 11, 11, 11, 9, 10, 10, 10, 10, 10, 11, 10, 10, 10, 11, 12, 11, 7, 7, 7, 7, 7, 7, 1, 4, 4, 1, 4, 13, 13, 13, 13, 13, 13, 13, 13, 13, 14, 15, 15, 15, 13, 15, 15, 15, 15, 15, 15, 15, 15, 15, 15, 15, 15, 15, 15, 15, 15, 15, 15, 15, 15, 15, 15, 15, 15, 15, 14, 15, 15, 15, 4, 4, 4, 4, 10, 10, 10, 10, 10, 10, 1, 14, 10, 10, 10, 3, 3, 4, 4, 4, 4, 4, 4, 4, 4, 4, 4, 10, 10, 10, 10, 10, 10, 10, 10, 10, 10, 10, 10, 10, 4, 3, 10, 1, 10, 10, 10, 10, 10, 10, 4, 4, 13, 3, 4, 4, 4, 4, 13, 4, 4, 4, 9, 9, 10, 9, 9, 9, 9, 4, 9, 9, 9, 16, 16, 16, 16, 16, 1, 17, 16, 16, 14, 16, 16, 16, 1, 16, 10, 10, 10, 2, 8, 16, 10, 10, 10, 10, 10, 10, 10, 10, 10, 10, 10, 10, 10, 10, 3, 16, 3, 10, 10, 10, 10, 10, 10, 10, 4, 10, 4, 9, 10, 10, 10, 10, 3, 10, 10, 10, 10, 10, 10, 10, 10, 10, 17, 17, 16, 16, 1, 1, 3, 1, 1, 1, 1, 16, 16, 14, 1, 1, 1, 17, 17, 18, 18, 18, 18, 17, 17, 3, 2, 1, 0, 2, 2, 3, 3, 16, 3, 3, 3, 3, 3, 4, 1, 1, 1, 1, 1, 2, 4, 4, 4, 16, 16, 16, 16, 16, 16, 16, 16, 3, 3, 3, 3, 3, 16, 16, 0, 17, 16, 1, 16, 1, 1, 3, 3, 3, 3, 16, 16, 1, 1, 19, 1, 1, 1, 1, 3, 3, 16, 3, 3, 3, 3, 9, 1, 3, 3, 3, 3, 3, 3, 3, 3, 3, 2, 1, 1, 1, 1, 1, 1, 1, 3, 3, 16, 3, 3, 16, 1, 20, 19, 21, 20, 19, 20, 19, 20, 20, 20, 20, 20, 20, 19, 20, 20, 19, 19, 20, 20, 19, 20, 20, 1, 20, 21, 21, 20, 21, 3, 16, 22, 3, 10, 10, 17, 16, 2, 3, 17, 1, 16, 16, 3, 1, 17, 16, 7, 2, 2, 1, 3, 3, 2, 16, 3, 2, 2, 2, 2, 3, 16, 10, 10, 2, 2, 2, 7, 7, 7, 8, 6, 7, 8, 3, 21, 3, 3, 16, 3, 7, 22, 1, 23, 24, 23, 22, 25, 24, 23, 25, 25, 22, 24, 1, 1, 1, 1, 1, 1, 1, 1, 1, 1, 1, 1, 1, 9, 1, 16, 1, 6, 16, 3, 3, 3, 3, 3, 3, 3, 1, 1, 1, 1, 1, 1, 6, 1, 1, 1, 1, 3, 1, 3, 16, 16, 1, 2, 2, 7, 2, 1, 16, 1, 1, 1, 1, 2, 1, 1, 4, 4, 4, 3, 16, 4, 4, 10, 10, 10, 10, 10, 25, 8, 4, 10, 10, 4, 3, 3, 10, 10, 10, 10, 10, 10, 10, 10, 10, 10, 10, 10, 10, 4, 25, 11, 10, 11, 11, 11, 11, 1, 2, 2, 2, 2, 2, 2, 2, 2, 2, 2, 2, 2, 24, 25, 26, 27, 2, 26, 18, 2, 26, 28, 27, 27, 28, 28, 27, 28, 26, 2, 2, 2, 2, 2, 2, 2]"
xerces,18,seed18_solution028,seed18_solution028,0.31821710999281094,1.0887820991292967,1.1590451730474454,0.46094738590109163,0.31821710999281094,-1.0887820991292967,1.1590451730474454,True,False,"[0, 0, 0, 0, 0, 0, 0, 0, 0, 0, 0, 0, 0, 0, 1, 2, 0, 0, 0, 3, 2, 0, 0, 0, 0, 0, 3, 0, 0, 0, 0, 0, 0, 0, 0, 0, 0, 0, 0, 0, 0, 0, 0, 0, 0, 0, 0, 0, 0, 0, 0, 0, 0, 0, 0, 0, 0, 0, 0, 0, 0, 0, 0, 0, 0, 4, 0, 0, 4, 0, 0, 0, 0, 0, 0, 0, 0, 0, 0, 0, 0, 0, 0, 0, 0, 0, 0, 0, 0, 0, 0, 0, 0, 0, 0, 0, 0, 0, 0, 0, 5, 0, 6, 0, 0, 0, 5, 5, 5, 1, 1, 7, 0, 8, 7, 7, 7, 7, 7, 1, 7, 7, 7, 7, 7, 7, 7, 9, 7, 7, 7, 3, 7, 9, 7, 7, 7, 7, 7, 5, 5, 7, 7, 7, 7, 7, 1, 1, 7, 7, 1, 7, 7, 1, 1, 1, 1, 1, 1, 7, 1, 1, 1, 1, 1, 3, 7, 9, 1, 7, 1, 1, 1, 1, 1, 9, 9, 9, 9, 9, 9, 1, 9, 1, 1, 1, 1, 10, 1, 10, 11, 12, 12, 10, 12, 12, 12, 12, 12, 12, 11, 12, 12, 4, 11, 10, 10, 12, 11, 11, 11, 11, 11, 11, 11, 11, 11, 11, 11, 8, 11, 11, 11, 11, 11, 11, 11, 11, 11, 9, 10, 11, 11, 11, 11, 11, 11, 11, 11, 11, 11, 11, 10, 11, 11, 10, 11, 11, 11, 11, 11, 11, 10, 11, 11, 11, 11, 11, 1, 10, 11, 11, 11, 11, 11, 11, 10, 10, 10, 10, 10, 10, 11, 10, 10, 10, 11, 12, 11, 7, 7, 7, 7, 7, 7, 1, 4, 4, 1, 4, 13, 13, 13, 13, 13, 13, 13, 14, 13, 14, 14, 14, 14, 14, 14, 14, 14, 14, 14, 14, 15, 14, 14, 6, 14, 14, 14, 14, 15, 14, 14, 14, 14, 14, 14, 14, 15, 14, 14, 14, 14, 14, 14, 4, 4, 3, 4, 10, 10, 10, 10, 10, 10, 1, 15, 10, 10, 10, 3, 3, 6, 4, 4, 4, 4, 4, 4, 4, 4, 4, 10, 10, 10, 10, 10, 10, 10, 10, 11, 10, 9, 10, 10, 4, 3, 10, 1, 10, 10, 10, 10, 10, 10, 2, 4, 13, 4, 4, 4, 4, 4, 13, 4, 4, 4, 9, 9, 10, 9, 9, 9, 9, 4, 9, 9, 9, 16, 17, 16, 16, 16, 1, 16, 16, 16, 16, 16, 16, 16, 1, 15, 10, 10, 10, 2, 8, 16, 10, 10, 10, 10, 10, 10, 10, 10, 10, 10, 10, 10, 10, 10, 3, 16, 3, 10, 10, 10, 10, 10, 10, 10, 4, 10, 2, 9, 10, 10, 10, 10, 3, 10, 10, 10, 10, 10, 10, 10, 10, 10, 16, 16, 16, 15, 1, 1, 10, 1, 1, 1, 1, 16, 16, 15, 1, 1, 1, 17, 17, 18, 17, 19, 17, 17, 17, 3, 2, 1, 0, 2, 2, 20, 3, 16, 3, 3, 3, 3, 3, 4, 1, 1, 1, 1, 1, 4, 4, 4, 4, 16, 16, 16, 17, 16, 16, 16, 16, 3, 3, 2, 3, 3, 16, 16, 0, 18, 19, 1, 7, 1, 1, 3, 3, 3, 3, 16, 16, 1, 1, 19, 1, 1, 1, 1, 3, 3, 16, 3, 3, 3, 3, 6, 1, 8, 3, 3, 3, 3, 3, 3, 3, 3, 2, 1, 1, 1, 6, 1, 1, 1, 3, 3, 16, 3, 3, 16, 1, 19, 21, 19, 19, 19, 22, 22, 22, 22, 22, 19, 21, 21, 22, 21, 22, 22, 19, 19, 19, 21, 22, 19, 1, 21, 22, 21, 21, 22, 3, 16, 20, 3, 10, 10, 17, 16, 2, 3, 16, 1, 16, 16, 3, 1, 16, 16, 8, 2, 1, 1, 2, 3, 2, 16, 3, 2, 2, 2, 2, 3, 16, 10, 10, 2, 2, 2, 7, 7, 7, 7, 7, 7, 23, 3, 20, 3, 3, 16, 3, 7, 20, 1, 20, 23, 24, 25, 20, 24, 24, 24, 25, 20, 26, 1, 6, 1, 1, 1, 6, 1, 1, 1, 1, 1, 1, 1, 1, 1, 16, 1, 7, 16, 3, 3, 3, 3, 3, 8, 3, 1, 1, 1, 1, 9, 1, 7, 1, 1, 1, 1, 3, 1, 3, 17, 16, 1, 2, 2, 2, 2, 1, 17, 1, 1, 1, 1, 2, 1, 1, 4, 6, 4, 3, 17, 8, 4, 9, 10, 10, 10, 10, 25, 10, 4, 10, 10, 4, 3, 3, 10, 10, 10, 10, 10, 10, 10, 10, 10, 10, 10, 4, 10, 4, 10, 11, 10, 11, 11, 11, 11, 1, 2, 2, 2, 1, 2, 2, 2, 2, 2, 2, 2, 2, 26, 25, 23, 25, 2, 27, 28, 2, 25, 23, 27, 28, 27, 12, 25, 27, 27, 2, 2, 2, 2, 2, 2, 2]"
xerces,18,seed18_solution029,seed18_solution029,0.32917325664989217,3.506774103595514,1.1476226875625755,0.4910103797709995,0.32917325664989217,-3.506774103595514,1.1476226875625755,True,False,"[0, 0, 0, 0, 0, 0, 0, 0, 0, 0, 0, 0, 0, 0, 1, 2, 0, 0, 0, 3, 2, 0, 0, 0, 0, 0, 3, 0, 0, 0, 0, 0, 0, 0, 0, 0, 0, 0, 0, 0, 0, 0, 0, 0, 0, 0, 0, 0, 0, 0, 0, 0, 0, 0, 0, 0, 0, 0, 0, 0, 0, 0, 0, 0, 0, 4, 0, 0, 4, 0, 0, 0, 0, 0, 0, 0, 0, 0, 0, 0, 0, 0, 0, 0, 0, 0, 0, 0, 0, 0, 0, 0, 0, 0, 0, 0, 0, 0, 0, 0, 5, 0, 6, 0, 0, 0, 5, 6, 5, 1, 1, 7, 0, 8, 7, 7, 7, 7, 7, 1, 7, 7, 7, 7, 7, 7, 7, 7, 7, 7, 7, 3, 7, 7, 7, 7, 7, 7, 7, 7, 7, 7, 7, 7, 7, 3, 1, 1, 7, 7, 1, 7, 7, 1, 1, 1, 1, 1, 1, 7, 1, 1, 1, 1, 1, 3, 7, 9, 1, 7, 1, 1, 1, 1, 1, 9, 8, 9, 9, 9, 9, 1, 10, 1, 1, 1, 9, 10, 1, 10, 11, 12, 12, 4, 12, 12, 12, 12, 12, 11, 12, 11, 12, 4, 11, 10, 10, 11, 11, 9, 9, 11, 11, 11, 11, 11, 11, 11, 11, 8, 11, 11, 11, 11, 11, 11, 11, 11, 11, 10, 13, 9, 11, 11, 11, 11, 11, 11, 11, 11, 11, 11, 10, 12, 11, 10, 11, 11, 11, 11, 11, 11, 10, 9, 9, 11, 11, 11, 1, 10, 11, 11, 11, 11, 11, 11, 9, 10, 10, 10, 10, 10, 11, 10, 4, 10, 11, 11, 11, 7, 7, 7, 7, 7, 7, 1, 4, 4, 1, 4, 14, 13, 13, 13, 14, 13, 13, 14, 14, 14, 15, 14, 14, 15, 14, 16, 15, 14, 14, 14, 15, 14, 14, 6, 14, 15, 15, 14, 14, 15, 14, 14, 14, 14, 15, 14, 15, 15, 14, 15, 14, 14, 14, 4, 4, 3, 4, 10, 10, 10, 10, 10, 10, 1, 15, 10, 10, 10, 3, 3, 4, 4, 4, 4, 4, 4, 4, 4, 4, 4, 9, 10, 10, 10, 8, 10, 4, 10, 8, 10, 10, 10, 10, 4, 3, 10, 1, 10, 10, 9, 10, 9, 10, 4, 4, 13, 4, 4, 4, 4, 4, 13, 4, 4, 4, 9, 9, 9, 9, 9, 9, 9, 4, 9, 9, 9, 17, 16, 16, 16, 16, 1, 16, 16, 17, 17, 16, 17, 16, 1, 15, 10, 10, 10, 2, 10, 16, 10, 10, 10, 10, 10, 10, 9, 10, 10, 10, 10, 10, 10, 10, 3, 17, 3, 10, 10, 10, 10, 10, 10, 10, 4, 10, 4, 10, 10, 10, 10, 10, 3, 10, 10, 10, 10, 10, 10, 10, 10, 10, 16, 16, 16, 16, 1, 1, 3, 9, 1, 1, 1, 16, 16, 17, 1, 1, 1, 17, 17, 17, 18, 18, 18, 17, 19, 3, 2, 1, 0, 2, 2, 15, 3, 16, 3, 3, 3, 3, 3, 4, 1, 1, 1, 1, 1, 4, 4, 4, 4, 16, 16, 16, 16, 17, 16, 16, 16, 3, 3, 3, 3, 3, 17, 16, 0, 20, 16, 1, 16, 1, 1, 3, 3, 3, 2, 17, 17, 1, 1, 18, 1, 1, 1, 1, 3, 3, 16, 3, 3, 3, 3, 1, 1, 3, 3, 3, 3, 3, 3, 3, 3, 3, 2, 1, 1, 9, 1, 1, 1, 1, 3, 3, 16, 3, 3, 16, 1, 19, 19, 21, 13, 19, 21, 13, 13, 21, 19, 13, 19, 19, 21, 19, 21, 13, 13, 13, 13, 19, 21, 19, 1, 13, 21, 21, 19, 21, 3, 17, 22, 3, 10, 10, 20, 16, 2, 3, 16, 1, 16, 16, 3, 1, 17, 16, 8, 2, 2, 1, 2, 3, 2, 16, 3, 2, 2, 2, 2, 3, 16, 10, 10, 2, 2, 2, 7, 7, 7, 7, 7, 7, 7, 3, 22, 3, 3, 16, 3, 7, 23, 1, 24, 24, 24, 23, 24, 25, 24, 22, 23, 24, 25, 1, 1, 1, 1, 1, 1, 1, 1, 1, 1, 1, 1, 1, 1, 1, 16, 1, 7, 16, 3, 3, 3, 3, 3, 3, 3, 1, 1, 1, 1, 1, 1, 7, 1, 1, 1, 1, 3, 1, 3, 16, 16, 1, 2, 2, 2, 2, 1, 17, 1, 1, 1, 1, 2, 1, 1, 4, 4, 4, 3, 17, 4, 4, 10, 10, 10, 10, 10, 25, 10, 4, 10, 10, 4, 3, 3, 10, 10, 10, 10, 9, 10, 10, 10, 10, 17, 8, 11, 10, 4, 10, 11, 10, 11, 11, 11, 11, 1, 2, 2, 2, 1, 2, 2, 2, 2, 2, 2, 2, 10, 26, 26, 27, 23, 2, 26, 18, 2, 27, 18, 28, 19, 26, 12, 26, 26, 27, 2, 2, 2, 2, 2, 2, 2]"
xerces,18,seed18_solution030,seed18_solution030,0.33929547088425593,0.8749849863948194,1.144185181387676,0.507343943638412,0.33929547088425593,-0.8749849863948194,1.144185181387676,True,False,"[0, 0, 0, 0, 0, 0, 0, 0, 0, 0, 0, 0, 0, 0, 1, 2, 0, 0, 0, 3, 2, 0, 0, 0, 0, 0, 3, 0, 0, 0, 0, 0, 0, 0, 0, 0, 0, 0, 0, 0, 0, 0, 0, 0, 0, 0, 0, 0, 0, 0, 0, 0, 0, 0, 0, 0, 0, 0, 0, 0, 0, 0, 0, 0, 0, 4, 0, 0, 4, 0, 0, 0, 0, 0, 0, 0, 0, 0, 0, 0, 0, 0, 0, 0, 0, 0, 0, 0, 0, 0, 0, 0, 0, 0, 0, 0, 0, 0, 0, 0, 5, 0, 6, 0, 0, 0, 5, 5, 4, 1, 1, 7, 0, 8, 7, 7, 7, 7, 7, 1, 7, 7, 7, 7, 7, 7, 7, 9, 7, 7, 7, 2, 7, 9, 7, 7, 7, 7, 7, 7, 5, 7, 5, 7, 7, 7, 1, 1, 8, 9, 1, 7, 7, 1, 1, 1, 1, 1, 1, 7, 1, 1, 1, 1, 1, 3, 7, 9, 1, 7, 1, 1, 1, 1, 1, 9, 9, 9, 9, 9, 9, 1, 9, 1, 1, 1, 1, 10, 1, 10, 11, 12, 12, 10, 12, 12, 12, 12, 12, 12, 12, 12, 12, 4, 11, 10, 10, 11, 11, 11, 11, 11, 11, 13, 11, 11, 11, 11, 12, 8, 11, 11, 11, 11, 11, 11, 11, 11, 11, 9, 10, 11, 11, 11, 12, 11, 11, 11, 11, 11, 11, 12, 10, 11, 11, 10, 11, 11, 11, 11, 11, 4, 10, 11, 11, 11, 11, 11, 1, 10, 11, 11, 11, 11, 11, 11, 10, 10, 10, 10, 10, 10, 12, 10, 10, 10, 11, 11, 11, 7, 7, 7, 7, 7, 7, 1, 4, 4, 1, 4, 13, 14, 14, 14, 13, 13, 14, 13, 13, 14, 14, 13, 14, 13, 14, 13, 14, 13, 14, 13, 15, 15, 14, 6, 13, 14, 14, 14, 15, 14, 14, 13, 13, 14, 14, 13, 15, 14, 14, 16, 14, 13, 14, 4, 4, 3, 4, 10, 10, 10, 10, 10, 10, 1, 15, 10, 10, 10, 3, 3, 4, 4, 4, 4, 4, 4, 4, 4, 4, 4, 10, 10, 10, 10, 10, 10, 10, 10, 10, 10, 10, 10, 10, 4, 3, 10, 1, 10, 10, 10, 10, 10, 10, 2, 4, 13, 4, 4, 4, 4, 4, 13, 4, 4, 4, 9, 9, 10, 9, 9, 9, 9, 4, 9, 9, 9, 16, 15, 17, 16, 17, 1, 17, 15, 17, 17, 17, 17, 16, 1, 16, 10, 10, 10, 2, 8, 16, 10, 10, 10, 10, 10, 10, 10, 10, 10, 10, 10, 10, 10, 10, 3, 17, 3, 10, 10, 10, 10, 10, 10, 10, 4, 10, 4, 9, 10, 10, 10, 10, 3, 10, 10, 10, 10, 10, 10, 10, 10, 10, 16, 17, 15, 16, 1, 1, 3, 1, 1, 1, 6, 17, 15, 15, 1, 1, 1, 18, 18, 15, 15, 19, 20, 18, 18, 3, 2, 1, 0, 2, 2, 3, 3, 16, 3, 3, 3, 3, 3, 4, 1, 1, 1, 1, 1, 4, 4, 4, 4, 17, 17, 17, 16, 17, 16, 15, 17, 3, 3, 3, 3, 3, 17, 15, 0, 16, 19, 1, 16, 1, 1, 3, 3, 3, 3, 15, 16, 1, 1, 19, 1, 1, 1, 1, 6, 3, 17, 3, 3, 3, 3, 1, 1, 8, 3, 3, 3, 3, 3, 2, 3, 3, 3, 1, 1, 1, 6, 1, 1, 1, 3, 3, 17, 3, 3, 17, 1, 19, 21, 19, 17, 19, 20, 19, 20, 11, 20, 20, 21, 11, 22, 17, 22, 22, 19, 11, 20, 20, 20, 19, 1, 21, 22, 22, 21, 22, 3, 17, 22, 3, 10, 10, 19, 15, 3, 2, 15, 1, 17, 16, 3, 1, 17, 16, 1, 2, 2, 1, 2, 3, 2, 15, 3, 3, 2, 2, 2, 3, 15, 10, 10, 2, 2, 2, 7, 7, 7, 7, 7, 7, 23, 3, 22, 3, 3, 16, 3, 7, 22, 1, 23, 23, 23, 23, 20, 24, 23, 23, 25, 20, 23, 1, 1, 9, 6, 1, 1, 1, 1, 1, 1, 7, 1, 1, 1, 1, 18, 1, 7, 17, 3, 3, 3, 3, 3, 2, 3, 1, 1, 1, 1, 1, 1, 7, 1, 1, 1, 9, 3, 1, 3, 18, 17, 1, 2, 2, 2, 2, 1, 16, 1, 1, 1, 1, 2, 1, 1, 4, 4, 4, 2, 18, 4, 4, 10, 10, 10, 10, 10, 25, 10, 4, 10, 10, 4, 3, 3, 10, 10, 10, 10, 10, 10, 10, 10, 10, 10, 10, 10, 4, 4, 10, 11, 10, 11, 12, 11, 12, 1, 2, 2, 2, 1, 3, 2, 2, 2, 2, 2, 2, 2, 26, 25, 23, 27, 2, 27, 28, 2, 27, 23, 27, 24, 27, 12, 22, 27, 27, 2, 2, 2, 2, 3, 2, 2]"
xerces,18,seed18_solution031,seed18_solution031,0.3503666427030913,8.707677268105416,1.1546186289650033,0.48291944804882236,0.3503666427030913,-8.707677268105416,1.1546186289650033,True,False,"[0, 0, 0, 0, 0, 0, 0, 0, 0, 0, 0, 0, 0, 0, 1, 2, 0, 0, 0, 3, 2, 0, 0, 0, 0, 0, 3, 0, 0, 0, 0, 0, 0, 0, 0, 0, 0, 0, 0, 0, 0, 0, 0, 0, 0, 0, 0, 0, 0, 0, 0, 0, 0, 0, 0, 0, 0, 0, 0, 0, 0, 0, 0, 0, 0, 4, 0, 0, 4, 0, 0, 0, 0, 0, 0, 0, 0, 0, 0, 0, 0, 0, 0, 0, 0, 0, 0, 0, 4, 0, 0, 0, 0, 0, 0, 0, 0, 0, 0, 0, 5, 0, 6, 0, 0, 0, 5, 5, 5, 1, 1, 7, 0, 8, 8, 8, 7, 8, 8, 1, 7, 7, 8, 8, 8, 8, 8, 7, 8, 6, 7, 3, 8, 7, 7, 7, 8, 7, 7, 7, 7, 7, 7, 7, 7, 6, 1, 1, 8, 8, 1, 6, 9, 1, 1, 1, 1, 1, 1, 8, 1, 1, 1, 1, 1, 3, 8, 1, 1, 7, 1, 1, 1, 1, 1, 9, 9, 9, 9, 9, 9, 1, 9, 1, 1, 1, 9, 10, 1, 10, 11, 12, 12, 10, 12, 12, 12, 12, 12, 12, 12, 12, 12, 4, 11, 10, 10, 11, 11, 11, 11, 11, 13, 12, 11, 11, 12, 11, 11, 10, 11, 12, 11, 11, 11, 11, 12, 11, 12, 10, 10, 11, 11, 11, 12, 11, 11, 11, 12, 11, 11, 11, 10, 11, 11, 10, 12, 12, 11, 11, 11, 11, 10, 11, 11, 11, 12, 11, 1, 10, 13, 11, 11, 11, 11, 12, 10, 10, 10, 10, 10, 10, 11, 10, 10, 10, 11, 12, 11, 7, 7, 7, 8, 7, 8, 1, 4, 4, 1, 4, 13, 13, 13, 14, 13, 13, 14, 14, 13, 15, 14, 14, 14, 14, 14, 14, 14, 14, 14, 14, 14, 14, 14, 14, 14, 14, 14, 14, 14, 14, 14, 14, 14, 15, 14, 14, 15, 14, 14, 15, 14, 14, 14, 4, 4, 4, 2, 10, 10, 10, 10, 10, 10, 1, 15, 10, 10, 10, 3, 3, 4, 4, 4, 4, 4, 4, 4, 4, 4, 4, 10, 10, 10, 10, 10, 10, 10, 10, 10, 10, 10, 10, 10, 4, 3, 10, 1, 10, 10, 10, 10, 10, 10, 4, 4, 13, 3, 4, 4, 4, 4, 13, 4, 4, 4, 9, 9, 10, 9, 9, 9, 9, 4, 9, 9, 9, 16, 16, 16, 16, 16, 1, 17, 16, 16, 16, 16, 16, 16, 1, 16, 4, 10, 10, 2, 10, 16, 10, 10, 10, 10, 10, 10, 10, 10, 10, 10, 10, 10, 10, 10, 3, 16, 3, 10, 10, 10, 10, 10, 10, 10, 4, 10, 4, 10, 10, 10, 10, 10, 3, 10, 10, 10, 10, 10, 10, 10, 10, 10, 17, 17, 16, 16, 1, 1, 3, 1, 1, 1, 1, 16, 16, 15, 1, 1, 1, 18, 17, 18, 18, 18, 18, 19, 18, 3, 2, 1, 0, 2, 2, 3, 3, 16, 3, 3, 3, 3, 3, 4, 1, 1, 1, 1, 1, 2, 4, 4, 4, 17, 16, 16, 16, 16, 16, 16, 16, 3, 3, 2, 3, 3, 17, 16, 0, 17, 16, 1, 16, 1, 1, 3, 3, 3, 3, 16, 16, 1, 1, 19, 1, 1, 1, 1, 3, 3, 16, 3, 3, 3, 3, 1, 1, 3, 3, 3, 3, 3, 3, 3, 3, 3, 2, 1, 1, 1, 1, 1, 1, 1, 3, 3, 16, 3, 3, 16, 1, 20, 19, 21, 19, 19, 11, 19, 20, 20, 20, 20, 20, 20, 21, 20, 20, 20, 20, 19, 20, 20, 11, 20, 1, 20, 21, 21, 20, 21, 3, 16, 22, 3, 10, 10, 17, 16, 2, 3, 17, 1, 16, 16, 4, 1, 17, 17, 7, 2, 2, 1, 3, 3, 2, 17, 3, 2, 2, 2, 2, 3, 16, 4, 10, 2, 2, 2, 7, 7, 7, 8, 6, 7, 8, 3, 22, 3, 3, 16, 3, 7, 23, 1, 24, 24, 24, 24, 24, 23, 24, 25, 25, 23, 24, 7, 1, 1, 1, 1, 1, 1, 1, 1, 1, 1, 1, 1, 9, 1, 16, 1, 6, 16, 3, 3, 3, 3, 3, 3, 3, 1, 1, 1, 1, 1, 1, 6, 1, 1, 1, 1, 3, 1, 3, 16, 16, 1, 2, 13, 7, 2, 1, 17, 1, 1, 1, 1, 2, 1, 1, 4, 4, 4, 3, 16, 4, 4, 10, 10, 10, 10, 10, 25, 10, 4, 10, 10, 4, 3, 3, 10, 10, 10, 10, 10, 10, 10, 10, 10, 10, 10, 10, 10, 4, 25, 11, 10, 11, 11, 11, 11, 1, 2, 2, 2, 2, 2, 2, 2, 2, 2, 2, 2, 1, 24, 25, 26, 27, 2, 28, 18, 2, 26, 19, 27, 27, 26, 12, 27, 26, 26, 2, 2, 2, 2, 2, 2, 2]"
xerces,18,seed18_solution032,seed18_solution032,0.3516606757728253,1.202499733336228,1.1275125112080373,0.5241911361915907,0.3516606757728253,-1.202499733336228,1.1275125112080373,True,False,"[0, 0, 0, 0, 0, 0, 0, 0, 0, 0, 0, 0, 0, 0, 1, 2, 0, 0, 0, 3, 2, 0, 0, 0, 0, 0, 3, 0, 0, 0, 0, 0, 0, 0, 0, 0, 0, 0, 0, 0, 0, 0, 0, 0, 0, 0, 0, 0, 0, 0, 0, 0, 0, 0, 0, 0, 0, 0, 0, 0, 0, 0, 0, 0, 0, 4, 0, 0, 4, 0, 0, 0, 0, 0, 0, 0, 0, 0, 0, 0, 0, 0, 0, 0, 0, 0, 0, 0, 0, 0, 0, 0, 0, 0, 0, 0, 0, 0, 0, 0, 5, 0, 6, 0, 0, 0, 5, 5, 4, 6, 1, 7, 0, 8, 7, 7, 7, 7, 7, 1, 7, 7, 7, 7, 7, 7, 7, 7, 7, 7, 7, 2, 7, 7, 7, 7, 7, 7, 7, 7, 7, 7, 5, 7, 7, 7, 1, 1, 8, 9, 1, 7, 7, 1, 1, 1, 1, 1, 1, 7, 1, 1, 1, 1, 1, 3, 7, 1, 1, 7, 1, 1, 1, 1, 1, 9, 9, 9, 9, 9, 9, 1, 9, 1, 6, 1, 1, 10, 1, 10, 11, 12, 12, 10, 12, 12, 11, 12, 4, 12, 12, 12, 13, 4, 11, 10, 10, 11, 12, 11, 12, 11, 11, 13, 11, 11, 13, 11, 12, 10, 11, 11, 11, 11, 11, 11, 11, 11, 12, 10, 10, 11, 11, 11, 12, 11, 11, 11, 11, 11, 11, 12, 10, 11, 11, 10, 11, 11, 11, 11, 12, 4, 10, 12, 11, 12, 11, 11, 1, 10, 11, 12, 11, 11, 11, 11, 10, 10, 10, 10, 10, 10, 12, 10, 4, 10, 11, 11, 11, 7, 7, 7, 7, 7, 7, 1, 4, 4, 1, 4, 14, 14, 14, 14, 13, 13, 14, 13, 14, 13, 14, 13, 15, 13, 14, 13, 13, 13, 16, 13, 14, 15, 14, 6, 13, 13, 14, 14, 17, 17, 13, 13, 13, 14, 13, 13, 14, 13, 13, 18, 18, 13, 15, 2, 4, 3, 4, 10, 10, 10, 10, 10, 10, 1, 17, 10, 10, 10, 3, 3, 4, 4, 4, 4, 4, 4, 4, 4, 4, 4, 10, 10, 10, 10, 10, 10, 10, 10, 10, 10, 10, 10, 10, 4, 3, 10, 1, 10, 10, 10, 10, 10, 10, 4, 4, 14, 4, 4, 4, 4, 4, 13, 4, 4, 4, 9, 9, 10, 9, 9, 9, 9, 4, 9, 6, 9, 18, 15, 18, 18, 18, 1, 18, 15, 18, 18, 18, 18, 18, 1, 18, 10, 10, 10, 2, 10, 18, 10, 10, 10, 10, 10, 10, 10, 10, 10, 10, 10, 10, 10, 10, 3, 18, 3, 10, 10, 10, 10, 10, 10, 10, 4, 10, 4, 10, 10, 10, 10, 10, 3, 10, 10, 10, 10, 10, 10, 10, 10, 10, 18, 18, 15, 18, 1, 1, 3, 1, 1, 1, 6, 18, 15, 18, 1, 1, 1, 17, 19, 15, 15, 19, 20, 17, 15, 3, 2, 1, 0, 2, 2, 3, 3, 18, 3, 3, 2, 3, 3, 4, 1, 1, 1, 1, 1, 4, 4, 4, 4, 16, 16, 16, 18, 18, 18, 15, 18, 3, 3, 3, 3, 3, 16, 15, 0, 19, 19, 1, 18, 1, 1, 3, 3, 3, 3, 15, 18, 1, 1, 19, 1, 1, 1, 1, 6, 2, 15, 2, 3, 3, 3, 1, 1, 3, 2, 3, 3, 3, 3, 2, 3, 3, 3, 1, 1, 1, 1, 1, 1, 1, 3, 3, 18, 3, 3, 16, 1, 19, 20, 11, 16, 19, 20, 19, 20, 11, 20, 20, 20, 11, 11, 16, 20, 20, 16, 11, 20, 20, 20, 20, 1, 21, 11, 22, 21, 19, 3, 18, 22, 3, 10, 10, 19, 15, 3, 2, 15, 1, 18, 18, 3, 1, 15, 18, 1, 2, 2, 1, 2, 3, 2, 15, 3, 3, 2, 3, 2, 3, 15, 4, 10, 2, 2, 2, 7, 7, 7, 7, 7, 7, 7, 3, 22, 3, 2, 18, 3, 7, 22, 1, 23, 23, 23, 23, 23, 22, 23, 23, 24, 22, 23, 1, 1, 9, 6, 1, 1, 1, 1, 1, 1, 7, 1, 1, 1, 1, 17, 1, 7, 15, 3, 3, 3, 3, 3, 2, 2, 1, 1, 1, 1, 1, 1, 7, 1, 1, 1, 9, 3, 1, 3, 18, 13, 1, 2, 3, 2, 2, 1, 18, 1, 1, 1, 1, 2, 1, 1, 4, 4, 4, 2, 16, 4, 4, 10, 10, 10, 10, 10, 25, 10, 4, 10, 10, 4, 3, 3, 10, 10, 10, 10, 10, 10, 10, 10, 10, 10, 10, 10, 4, 4, 10, 11, 10, 14, 12, 11, 12, 1, 2, 1, 2, 2, 3, 2, 2, 2, 2, 2, 2, 2, 23, 26, 9, 27, 3, 24, 26, 2, 27, 27, 24, 24, 27, 27, 22, 24, 23, 2, 7, 2, 2, 3, 3, 2]"
xerces,18,seed18_solution033,seed18_solution033,0.37794392523364484,3.219785119410751,1.1042415257150382,0.5559542863417597,0.37794392523364484,-3.219785119410751,1.1042415257150382,True,False,"[0, 0, 0, 0, 0, 0, 0, 0, 0, 0, 0, 0, 0, 0, 1, 2, 0, 0, 0, 3, 2, 0, 0, 0, 0, 0, 3, 0, 0, 0, 0, 0, 0, 0, 0, 0, 0, 0, 0, 0, 0, 0, 0, 0, 0, 0, 0, 0, 0, 0, 0, 0, 0, 0, 0, 0, 0, 0, 0, 0, 0, 0, 0, 0, 0, 4, 0, 0, 4, 0, 0, 0, 0, 0, 0, 0, 0, 0, 0, 0, 0, 0, 0, 0, 0, 0, 0, 0, 0, 0, 0, 0, 0, 0, 0, 0, 0, 0, 0, 0, 5, 0, 6, 0, 0, 0, 5, 6, 5, 1, 1, 7, 0, 8, 7, 7, 7, 7, 7, 1, 7, 7, 7, 7, 7, 7, 7, 7, 7, 7, 7, 3, 7, 7, 7, 7, 7, 7, 7, 7, 5, 7, 7, 7, 7, 7, 1, 1, 7, 9, 1, 7, 1, 1, 1, 1, 1, 1, 1, 7, 1, 1, 1, 1, 1, 3, 7, 1, 1, 7, 1, 1, 1, 1, 1, 10, 10, 10, 10, 10, 10, 1, 10, 1, 1, 1, 1, 11, 1, 9, 11, 12, 12, 4, 12, 12, 12, 12, 12, 12, 12, 9, 12, 4, 11, 9, 9, 13, 11, 11, 11, 11, 11, 11, 11, 11, 12, 11, 13, 8, 11, 9, 11, 11, 11, 11, 11, 11, 9, 9, 8, 10, 11, 14, 9, 11, 9, 13, 11, 11, 11, 11, 9, 12, 11, 9, 11, 11, 1, 13, 11, 11, 9, 13, 10, 11, 9, 9, 1, 9, 11, 11, 11, 11, 11, 11, 10, 11, 9, 11, 8, 9, 11, 9, 9, 9, 11, 9, 11, 7, 7, 7, 7, 7, 7, 1, 4, 4, 1, 4, 15, 13, 13, 13, 13, 13, 13, 13, 15, 16, 16, 16, 16, 15, 16, 16, 16, 15, 16, 15, 16, 16, 15, 6, 16, 16, 16, 16, 16, 16, 15, 16, 15, 15, 16, 16, 16, 15, 16, 16, 16, 16, 16, 4, 4, 3, 4, 9, 11, 11, 11, 11, 9, 2, 16, 11, 9, 9, 4, 3, 4, 4, 4, 4, 4, 4, 4, 4, 4, 5, 10, 9, 9, 9, 8, 11, 8, 9, 9, 11, 9, 9, 9, 4, 3, 9, 1, 9, 9, 9, 9, 10, 9, 4, 4, 13, 4, 4, 4, 3, 4, 13, 4, 4, 4, 10, 10, 9, 10, 10, 10, 10, 6, 10, 6, 10, 17, 17, 17, 18, 18, 1, 18, 17, 17, 17, 18, 18, 12, 4, 17, 9, 9, 9, 2, 11, 17, 9, 9, 9, 11, 9, 9, 10, 11, 11, 9, 9, 9, 9, 9, 3, 17, 3, 9, 9, 11, 9, 9, 9, 11, 4, 9, 4, 10, 9, 9, 9, 9, 3, 9, 9, 9, 9, 9, 11, 11, 9, 9, 17, 19, 18, 17, 1, 1, 3, 1, 1, 1, 1, 17, 18, 17, 1, 1, 1, 17, 18, 18, 19, 18, 19, 17, 18, 3, 2, 1, 0, 2, 2, 3, 3, 18, 3, 3, 3, 3, 3, 4, 1, 1, 1, 1, 1, 4, 4, 4, 4, 18, 18, 18, 18, 17, 17, 18, 18, 3, 3, 3, 3, 3, 17, 18, 0, 20, 18, 1, 18, 1, 6, 3, 3, 3, 2, 17, 17, 1, 1, 19, 1, 1, 1, 1, 7, 3, 18, 3, 3, 3, 3, 1, 1, 3, 3, 3, 3, 3, 3, 3, 3, 3, 2, 1, 1, 10, 1, 1, 1, 1, 3, 3, 18, 7, 3, 18, 1, 20, 21, 21, 21, 21, 21, 20, 20, 21, 20, 21, 20, 21, 20, 20, 22, 20, 13, 21, 13, 20, 21, 20, 1, 21, 21, 21, 20, 21, 3, 17, 22, 3, 9, 9, 15, 19, 2, 3, 17, 1, 17, 18, 3, 1, 17, 17, 7, 2, 2, 1, 3, 3, 2, 18, 3, 3, 2, 2, 2, 3, 17, 9, 9, 2, 2, 2, 7, 7, 7, 7, 6, 7, 7, 3, 22, 3, 3, 18, 3, 7, 23, 1, 24, 24, 24, 23, 24, 24, 25, 23, 25, 24, 25, 1, 1, 1, 6, 1, 1, 1, 1, 1, 1, 1, 1, 1, 1, 1, 15, 1, 7, 18, 3, 3, 3, 3, 3, 3, 3, 1, 1, 1, 1, 1, 1, 7, 1, 6, 1, 1, 3, 1, 3, 18, 17, 1, 2, 2, 2, 2, 1, 17, 1, 1, 1, 1, 2, 1, 1, 4, 4, 4, 3, 17, 4, 4, 9, 9, 9, 11, 9, 26, 4, 4, 11, 9, 4, 3, 3, 9, 9, 9, 9, 9, 16, 9, 9, 11, 9, 9, 9, 9, 4, 6, 11, 9, 12, 11, 11, 11, 1, 2, 2, 2, 2, 2, 2, 2, 2, 2, 2, 2, 9, 14, 14, 25, 25, 2, 14, 19, 2, 27, 19, 27, 27, 14, 14, 27, 28, 27, 2, 2, 2, 2, 2, 2, 2]"
xerces,18,seed18_solution034,seed18_solution034,0.38102084831056793,1.5810757271965536,1.0822280045224928,0.5004148740101699,0.38102084831056793,-1.5810757271965536,1.0822280045224928,True,False,"[0, 0, 0, 0, 0, 0, 0, 0, 0, 0, 0, 0, 0, 0, 1, 2, 0, 0, 0, 3, 2, 0, 0, 0, 0, 0, 3, 0, 0, 0, 0, 0, 0, 0, 0, 0, 0, 0, 0, 0, 0, 0, 0, 0, 0, 0, 0, 0, 0, 0, 0, 0, 0, 0, 0, 0, 0, 0, 0, 0, 0, 0, 0, 0, 0, 4, 0, 0, 4, 0, 0, 0, 0, 0, 0, 0, 0, 0, 0, 0, 0, 0, 0, 0, 0, 0, 0, 0, 0, 0, 0, 0, 0, 0, 0, 0, 0, 0, 0, 0, 5, 0, 6, 0, 0, 0, 5, 5, 5, 1, 1, 7, 0, 8, 8, 8, 7, 8, 7, 1, 7, 7, 7, 7, 7, 7, 8, 9, 8, 6, 7, 3, 7, 7, 7, 7, 7, 7, 7, 5, 5, 5, 7, 7, 7, 7, 1, 1, 7, 8, 1, 7, 9, 1, 1, 1, 1, 1, 1, 8, 1, 1, 1, 1, 1, 3, 7, 9, 6, 7, 1, 1, 1, 1, 1, 9, 9, 9, 9, 9, 9, 1, 9, 1, 6, 1, 1, 10, 1, 10, 11, 12, 12, 10, 12, 12, 12, 12, 12, 11, 11, 12, 12, 4, 11, 10, 10, 12, 11, 11, 11, 11, 11, 11, 11, 11, 11, 11, 11, 8, 11, 12, 11, 11, 11, 11, 11, 11, 11, 9, 10, 11, 11, 11, 11, 11, 11, 11, 12, 11, 11, 9, 11, 11, 11, 10, 11, 12, 11, 11, 11, 11, 10, 11, 11, 11, 11, 11, 1, 10, 13, 11, 11, 11, 11, 11, 10, 10, 10, 10, 10, 10, 11, 10, 10, 10, 11, 12, 11, 7, 7, 7, 8, 7, 7, 1, 4, 4, 1, 4, 13, 13, 13, 13, 13, 13, 13, 14, 14, 14, 14, 14, 14, 14, 9, 14, 14, 14, 14, 14, 15, 14, 14, 6, 14, 14, 14, 14, 15, 14, 14, 14, 14, 14, 14, 14, 14, 14, 14, 14, 14, 14, 14, 4, 4, 3, 4, 10, 10, 10, 10, 11, 10, 1, 15, 10, 10, 10, 3, 3, 4, 4, 4, 4, 4, 4, 4, 4, 4, 4, 10, 10, 10, 10, 10, 10, 10, 10, 11, 10, 9, 10, 10, 4, 3, 10, 1, 10, 10, 10, 10, 10, 10, 2, 4, 13, 4, 4, 4, 4, 4, 13, 4, 4, 4, 9, 9, 10, 9, 9, 9, 9, 4, 9, 9, 9, 16, 17, 16, 16, 16, 1, 16, 16, 16, 16, 16, 16, 16, 1, 16, 10, 10, 10, 2, 10, 16, 10, 10, 10, 10, 10, 10, 10, 10, 10, 10, 10, 10, 10, 10, 3, 17, 3, 10, 10, 10, 10, 10, 10, 10, 9, 10, 2, 10, 10, 10, 10, 10, 3, 10, 10, 10, 10, 10, 10, 10, 10, 10, 16, 16, 16, 15, 1, 1, 10, 1, 9, 1, 1, 16, 16, 15, 1, 1, 1, 17, 17, 18, 17, 19, 18, 17, 18, 3, 2, 1, 0, 2, 2, 3, 3, 9, 3, 2, 3, 3, 3, 4, 1, 1, 1, 1, 6, 2, 4, 4, 4, 17, 16, 16, 17, 16, 16, 16, 16, 3, 3, 2, 3, 3, 17, 16, 0, 18, 19, 1, 16, 1, 1, 3, 3, 3, 3, 16, 17, 1, 1, 19, 1, 1, 1, 1, 3, 3, 16, 3, 3, 3, 3, 6, 1, 8, 3, 3, 3, 3, 3, 3, 3, 3, 2, 1, 1, 1, 6, 1, 1, 1, 3, 3, 16, 3, 3, 16, 1, 19, 19, 19, 19, 19, 20, 19, 21, 20, 20, 20, 13, 13, 20, 20, 20, 21, 19, 19, 19, 19, 11, 20, 1, 22, 20, 22, 22, 20, 3, 16, 21, 3, 10, 10, 18, 16, 2, 3, 17, 1, 16, 16, 3, 1, 16, 16, 7, 2, 2, 1, 3, 3, 2, 17, 3, 2, 2, 2, 2, 3, 16, 4, 10, 1, 2, 2, 7, 7, 7, 7, 7, 7, 23, 3, 21, 3, 3, 16, 3, 7, 24, 1, 25, 23, 25, 24, 26, 23, 23, 23, 24, 21, 23, 7, 6, 9, 1, 1, 6, 1, 1, 1, 1, 1, 1, 1, 1, 1, 16, 1, 7, 16, 3, 3, 3, 3, 3, 3, 3, 1, 1, 1, 1, 1, 1, 7, 8, 1, 1, 1, 3, 1, 3, 17, 16, 1, 2, 2, 2, 2, 1, 17, 1, 1, 1, 1, 2, 1, 1, 4, 6, 4, 3, 17, 8, 4, 9, 10, 10, 10, 10, 24, 10, 4, 10, 10, 4, 3, 3, 10, 1, 10, 10, 10, 9, 10, 10, 10, 10, 9, 10, 10, 4, 10, 11, 10, 11, 11, 11, 11, 1, 2, 2, 2, 2, 2, 2, 2, 2, 2, 2, 2, 2, 25, 25, 25, 23, 2, 26, 27, 2, 23, 19, 27, 17, 23, 12, 26, 27, 26, 2, 2, 2, 2, 2, 2, 2]"
xerces,18,seed18_solution035,seed18_solution035,0.3899352983465133,9.07781146364502,1.2241470749830774,0.5511126603373695,0.3899352983465133,-9.07781146364502,1.2241470749830774,True,False,"[0, 0, 0, 0, 0, 0, 0, 0, 0, 0, 0, 0, 0, 0, 1, 2, 0, 0, 0, 3, 2, 0, 0, 0, 0, 0, 3, 0, 0, 0, 0, 0, 0, 0, 0, 0, 0, 0, 0, 0, 0, 0, 0, 3, 0, 0, 0, 0, 0, 0, 3, 0, 0, 0, 0, 0, 0, 0, 0, 0, 0, 0, 0, 0, 0, 4, 0, 0, 2, 0, 0, 0, 0, 0, 0, 0, 0, 0, 0, 0, 0, 0, 0, 0, 0, 0, 0, 0, 0, 5, 0, 0, 0, 0, 0, 0, 0, 0, 0, 0, 5, 0, 6, 0, 0, 0, 5, 5, 0, 1, 1, 7, 0, 8, 7, 7, 7, 7, 7, 1, 7, 7, 7, 7, 7, 7, 7, 7, 7, 1, 7, 3, 7, 7, 7, 7, 7, 7, 7, 7, 7, 4, 7, 7, 7, 7, 1, 1, 7, 7, 1, 7, 7, 1, 1, 1, 1, 1, 1, 7, 1, 1, 0, 1, 1, 7, 7, 1, 1, 7, 1, 1, 1, 1, 1, 8, 9, 9, 9, 9, 9, 1, 8, 1, 1, 1, 1, 10, 1, 10, 11, 12, 12, 10, 12, 13, 12, 12, 12, 4, 12, 12, 12, 4, 11, 10, 11, 11, 11, 11, 11, 11, 11, 11, 11, 10, 11, 11, 11, 10, 11, 11, 13, 13, 11, 11, 11, 11, 11, 10, 10, 11, 11, 11, 11, 11, 11, 11, 11, 11, 11, 11, 10, 11, 11, 10, 11, 11, 13, 11, 10, 11, 8, 2, 11, 11, 11, 10, 1, 10, 13, 11, 10, 11, 11, 10, 10, 10, 10, 10, 10, 10, 11, 10, 10, 10, 10, 10, 7, 7, 1, 7, 7, 7, 7, 1, 4, 4, 1, 4, 13, 14, 13, 13, 13, 14, 13, 13, 13, 14, 15, 15, 14, 14, 14, 1, 14, 14, 14, 14, 15, 14, 14, 14, 14, 15, 9, 15, 14, 14, 14, 14, 14, 15, 14, 14, 15, 14, 14, 14, 14, 14, 0, 4, 4, 3, 4, 10, 10, 10, 11, 10, 11, 1, 16, 10, 10, 10, 3, 3, 4, 4, 4, 4, 4, 4, 4, 4, 4, 2, 1, 10, 10, 10, 7, 10, 0, 11, 10, 11, 11, 10, 10, 4, 3, 10, 1, 10, 10, 10, 10, 10, 10, 4, 4, 13, 4, 4, 4, 7, 4, 14, 4, 4, 4, 9, 8, 10, 8, 8, 8, 11, 4, 9, 9, 9, 16, 17, 16, 17, 16, 1, 16, 16, 16, 16, 17, 16, 16, 1, 16, 10, 18, 10, 2, 13, 16, 10, 11, 10, 10, 10, 10, 10, 10, 10, 10, 10, 11, 10, 10, 3, 16, 5, 10, 11, 10, 10, 10, 10, 10, 4, 10, 4, 10, 10, 10, 10, 10, 3, 10, 10, 10, 10, 10, 10, 4, 0, 1, 16, 16, 4, 16, 1, 1, 3, 5, 1, 1, 1, 16, 16, 1, 1, 1, 1, 18, 18, 17, 18, 17, 19, 17, 17, 2, 2, 1, 0, 2, 2, 0, 5, 16, 3, 3, 7, 3, 3, 4, 1, 1, 1, 0, 1, 4, 4, 4, 4, 17, 16, 16, 16, 16, 17, 17, 17, 3, 5, 3, 3, 3, 16, 17, 0, 18, 16, 1, 2, 1, 1, 3, 5, 3, 3, 16, 16, 1, 1, 19, 1, 1, 1, 1, 3, 3, 17, 5, 3, 3, 5, 1, 1, 5, 1, 3, 0, 3, 3, 3, 3, 3, 2, 1, 1, 1, 1, 1, 1, 1, 3, 3, 17, 3, 3, 16, 1, 20, 20, 20, 20, 0, 20, 20, 20, 20, 20, 20, 20, 20, 20, 20, 20, 20, 20, 20, 20, 20, 20, 20, 1, 21, 21, 21, 21, 21, 5, 16, 22, 3, 10, 10, 17, 16, 2, 3, 16, 1, 16, 16, 3, 1, 16, 16, 7, 2, 2, 1, 2, 3, 2, 17, 3, 2, 2, 2, 2, 3, 16, 10, 10, 2, 2, 2, 4, 7, 7, 7, 7, 7, 0, 3, 22, 3, 3, 16, 3, 7, 23, 1, 24, 24, 24, 24, 24, 0, 24, 23, 24, 23, 24, 1, 1, 1, 1, 3, 1, 1, 1, 1, 1, 1, 1, 1, 1, 1, 16, 1, 7, 17, 3, 3, 5, 5, 3, 3, 3, 1, 1, 1, 1, 1, 1, 7, 1, 1, 1, 1, 3, 1, 3, 16, 16, 1, 2, 2, 2, 2, 1, 16, 1, 1, 1, 1, 2, 1, 1, 2, 4, 4, 3, 16, 4, 2, 10, 10, 11, 10, 10, 24, 10, 4, 15, 10, 4, 3, 3, 11, 10, 11, 10, 10, 10, 10, 10, 10, 10, 10, 4, 10, 4, 10, 11, 11, 7, 11, 11, 2, 1, 2, 2, 2, 2, 2, 2, 2, 2, 2, 2, 2, 1, 25, 6, 26, 27, 3, 28, 25, 3, 26, 0, 27, 29, 27, 27, 6, 27, 27, 3, 2, 2, 2, 2, 2, 3]"
xerces,18,seed18_solution037,seed18_solution037,0.402588066139468,3.55295135076543,1.1395473033416885,0.5241915743688806,0.402588066139468,-3.55295135076543,1.1395473033416885,True,False,"[0, 0, 0, 0, 0, 0, 0, 0, 0, 0, 0, 0, 0, 0, 1, 2, 0, 0, 0, 3, 2, 0, 0, 0, 0, 0, 3, 0, 0, 0, 0, 0, 0, 0, 0, 0, 0, 0, 0, 0, 0, 0, 0, 0, 0, 0, 0, 0, 0, 0, 0, 0, 0, 0, 0, 0, 0, 0, 0, 0, 0, 0, 0, 0, 0, 4, 0, 0, 4, 0, 0, 0, 0, 0, 0, 0, 0, 0, 0, 0, 0, 0, 0, 0, 0, 0, 0, 0, 0, 0, 0, 0, 0, 0, 0, 0, 0, 0, 0, 0, 5, 0, 6, 0, 0, 0, 5, 6, 4, 1, 1, 7, 0, 0, 7, 7, 7, 7, 7, 1, 7, 7, 7, 7, 7, 7, 7, 7, 7, 7, 7, 3, 7, 7, 7, 7, 7, 7, 7, 7, 7, 7, 7, 7, 7, 3, 1, 1, 7, 7, 1, 7, 7, 1, 1, 1, 1, 1, 1, 7, 1, 1, 1, 1, 1, 3, 7, 8, 1, 7, 1, 1, 1, 1, 1, 8, 9, 9, 9, 8, 8, 1, 10, 1, 1, 1, 8, 10, 1, 8, 11, 12, 12, 4, 12, 12, 12, 12, 11, 12, 11, 12, 12, 4, 11, 10, 10, 11, 11, 11, 8, 11, 11, 10, 11, 11, 10, 11, 11, 9, 11, 11, 11, 11, 11, 11, 11, 11, 11, 10, 10, 8, 11, 10, 11, 11, 11, 11, 11, 11, 11, 11, 10, 11, 11, 10, 11, 10, 11, 11, 11, 11, 10, 12, 8, 11, 11, 11, 1, 10, 11, 10, 11, 10, 11, 11, 10, 10, 10, 10, 10, 10, 11, 10, 4, 10, 11, 10, 11, 7, 7, 7, 7, 7, 7, 1, 4, 4, 1, 4, 13, 13, 13, 13, 14, 13, 13, 12, 13, 14, 13, 14, 14, 15, 14, 14, 15, 14, 14, 14, 15, 14, 14, 6, 14, 15, 13, 14, 13, 15, 14, 14, 14, 13, 15, 14, 15, 15, 14, 13, 14, 14, 14, 4, 4, 3, 4, 10, 10, 10, 10, 10, 10, 1, 15, 10, 10, 10, 3, 3, 4, 4, 4, 4, 4, 4, 4, 4, 4, 4, 8, 10, 10, 8, 9, 10, 4, 10, 8, 10, 8, 10, 0, 4, 3, 10, 1, 10, 10, 8, 10, 8, 10, 4, 4, 13, 4, 4, 4, 4, 4, 12, 4, 4, 4, 8, 9, 8, 8, 8, 8, 9, 4, 8, 8, 8, 16, 15, 16, 16, 16, 1, 16, 16, 17, 18, 16, 18, 18, 1, 16, 10, 10, 10, 2, 10, 16, 10, 10, 10, 10, 10, 10, 8, 10, 10, 10, 10, 10, 10, 8, 3, 18, 3, 10, 10, 10, 10, 10, 10, 10, 4, 10, 4, 8, 10, 10, 10, 10, 3, 10, 10, 10, 10, 10, 10, 8, 10, 10, 16, 16, 16, 15, 1, 1, 3, 8, 1, 1, 1, 18, 16, 18, 1, 1, 1, 18, 17, 18, 15, 17, 17, 17, 15, 3, 2, 1, 0, 2, 2, 15, 3, 16, 3, 3, 3, 3, 3, 4, 1, 1, 1, 1, 1, 4, 4, 4, 4, 15, 16, 16, 16, 16, 16, 15, 16, 3, 3, 3, 3, 3, 15, 16, 0, 19, 15, 1, 16, 1, 1, 3, 3, 3, 2, 15, 18, 1, 1, 19, 1, 1, 1, 1, 6, 3, 15, 3, 3, 3, 3, 1, 1, 3, 2, 3, 3, 3, 3, 3, 3, 3, 3, 1, 1, 8, 1, 1, 1, 1, 3, 3, 16, 3, 3, 17, 1, 19, 16, 16, 13, 19, 20, 13, 13, 11, 16, 21, 16, 16, 11, 16, 20, 13, 16, 13, 16, 19, 21, 21, 1, 13, 20, 20, 19, 20, 3, 16, 22, 3, 10, 8, 19, 16, 2, 3, 15, 1, 15, 16, 3, 1, 15, 18, 9, 2, 2, 1, 2, 3, 2, 15, 3, 2, 2, 2, 2, 3, 16, 4, 10, 2, 2, 2, 7, 7, 7, 7, 7, 7, 7, 3, 22, 3, 3, 16, 3, 7, 22, 1, 23, 23, 23, 24, 23, 23, 23, 24, 25, 24, 25, 1, 1, 1, 6, 1, 1, 1, 1, 1, 1, 1, 1, 1, 1, 1, 16, 1, 7, 18, 3, 3, 3, 3, 3, 3, 3, 1, 1, 1, 1, 1, 1, 7, 1, 1, 1, 1, 3, 1, 3, 16, 14, 1, 2, 3, 2, 2, 1, 18, 1, 1, 1, 1, 2, 1, 1, 4, 4, 4, 2, 18, 4, 4, 10, 10, 10, 10, 10, 23, 10, 4, 10, 10, 4, 3, 3, 10, 10, 10, 10, 8, 10, 10, 10, 8, 8, 9, 10, 10, 4, 10, 11, 10, 11, 11, 11, 11, 1, 2, 2, 2, 2, 2, 2, 2, 2, 2, 2, 2, 2, 26, 26, 27, 24, 2, 26, 26, 2, 27, 17, 28, 19, 26, 12, 26, 26, 27, 2, 2, 2, 2, 2, 3, 2]"
xerces,18,seed18_solution038,seed18_solution038,0.41371675053918044,3.4997144960630355,1.077963451965903,0.5532480218423921,0.41371675053918044,-3.4997144960630355,1.077963451965903,True,False,"[0, 0, 0, 0, 0, 0, 0, 0, 0, 0, 0, 0, 0, 0, 1, 2, 0, 0, 0, 3, 2, 0, 0, 0, 0, 0, 3, 0, 0, 0, 0, 0, 0, 0, 0, 0, 0, 0, 0, 0, 0, 0, 0, 0, 0, 0, 0, 0, 0, 0, 0, 0, 0, 0, 0, 0, 0, 0, 0, 0, 0, 0, 0, 0, 0, 4, 0, 0, 4, 0, 0, 0, 0, 0, 0, 0, 0, 0, 0, 0, 0, 0, 0, 0, 0, 0, 0, 0, 0, 0, 0, 0, 0, 0, 0, 0, 0, 0, 0, 0, 5, 0, 6, 0, 0, 0, 5, 5, 4, 1, 1, 7, 0, 0, 7, 7, 7, 7, 7, 1, 7, 7, 7, 7, 7, 7, 7, 7, 7, 7, 7, 2, 7, 7, 7, 7, 7, 7, 7, 7, 7, 7, 7, 7, 7, 7, 1, 1, 7, 8, 1, 7, 7, 1, 1, 1, 1, 1, 1, 7, 1, 1, 1, 1, 1, 3, 7, 1, 1, 7, 1, 1, 1, 1, 1, 9, 8, 8, 8, 9, 8, 1, 10, 1, 1, 1, 1, 10, 1, 9, 11, 12, 12, 10, 12, 12, 12, 12, 11, 12, 11, 12, 11, 4, 11, 10, 10, 11, 11, 11, 9, 11, 11, 10, 11, 11, 10, 11, 12, 9, 11, 11, 11, 11, 11, 11, 10, 10, 11, 10, 10, 9, 11, 10, 11, 11, 11, 10, 11, 11, 10, 12, 10, 11, 11, 10, 11, 10, 11, 11, 11, 4, 10, 12, 9, 11, 11, 11, 1, 9, 11, 10, 11, 10, 11, 11, 10, 10, 10, 10, 10, 10, 12, 10, 4, 10, 11, 10, 11, 7, 7, 7, 7, 7, 7, 1, 4, 4, 1, 4, 13, 13, 13, 12, 14, 13, 13, 12, 13, 14, 13, 14, 13, 13, 14, 14, 15, 14, 14, 13, 13, 13, 13, 6, 14, 14, 13, 14, 13, 15, 14, 14, 13, 13, 14, 14, 15, 14, 13, 13, 16, 14, 14, 2, 4, 3, 4, 10, 10, 10, 10, 10, 10, 1, 17, 10, 10, 10, 3, 3, 4, 4, 4, 4, 4, 4, 4, 4, 4, 4, 9, 9, 10, 9, 9, 10, 9, 10, 9, 10, 9, 10, 0, 4, 3, 10, 1, 10, 10, 10, 10, 10, 10, 4, 4, 13, 4, 4, 4, 4, 4, 12, 4, 4, 4, 8, 8, 9, 8, 8, 9, 8, 4, 8, 8, 8, 16, 15, 16, 16, 16, 1, 16, 15, 18, 16, 17, 15, 17, 1, 16, 10, 10, 10, 2, 10, 16, 10, 10, 10, 10, 10, 10, 9, 10, 10, 10, 10, 10, 10, 9, 3, 16, 3, 9, 10, 9, 9, 9, 10, 9, 4, 10, 4, 9, 9, 9, 10, 9, 3, 10, 10, 9, 10, 10, 10, 9, 10, 10, 16, 16, 17, 15, 1, 1, 3, 1, 1, 1, 1, 17, 15, 16, 1, 1, 1, 17, 18, 17, 15, 19, 17, 18, 15, 3, 1, 1, 0, 2, 2, 3, 3, 17, 3, 3, 3, 3, 3, 4, 1, 1, 1, 1, 1, 4, 4, 4, 4, 15, 17, 18, 17, 16, 16, 15, 15, 3, 3, 3, 3, 3, 15, 17, 0, 19, 15, 1, 16, 1, 1, 3, 3, 3, 3, 15, 15, 1, 1, 19, 1, 1, 1, 1, 6, 2, 15, 3, 3, 3, 3, 1, 1, 3, 2, 3, 3, 3, 3, 3, 3, 3, 3, 1, 1, 1, 1, 1, 1, 1, 3, 3, 16, 3, 3, 18, 1, 19, 16, 16, 18, 19, 20, 19, 20, 11, 16, 20, 16, 16, 11, 16, 20, 16, 16, 11, 16, 20, 20, 20, 1, 21, 21, 21, 21, 21, 3, 16, 22, 3, 10, 9, 19, 15, 2, 2, 15, 1, 15, 16, 3, 1, 15, 17, 1, 2, 2, 1, 2, 3, 2, 15, 3, 3, 2, 2, 2, 3, 15, 4, 9, 2, 2, 2, 7, 7, 7, 7, 7, 7, 7, 3, 22, 3, 3, 16, 3, 7, 22, 1, 23, 23, 23, 23, 23, 24, 25, 23, 25, 23, 23, 1, 1, 1, 6, 1, 1, 1, 1, 1, 1, 7, 1, 1, 1, 1, 15, 1, 7, 17, 3, 3, 3, 3, 3, 2, 2, 1, 1, 1, 1, 1, 1, 7, 1, 1, 1, 1, 3, 1, 3, 16, 14, 1, 2, 3, 2, 2, 1, 16, 1, 1, 1, 1, 2, 1, 1, 4, 4, 4, 2, 18, 4, 4, 10, 10, 10, 9, 10, 24, 10, 4, 10, 10, 4, 3, 3, 10, 10, 10, 10, 9, 9, 9, 9, 9, 9, 10, 10, 4, 4, 10, 11, 10, 13, 11, 11, 11, 1, 2, 2, 2, 2, 20, 2, 2, 2, 2, 2, 2, 2, 26, 26, 27, 27, 2, 25, 26, 2, 27, 27, 25, 25, 27, 12, 27, 27, 27, 2, 2, 2, 2, 3, 3, 2]"
xerces,18,seed18_solution039,seed18_solution039,0.4283824586628325,1.0578533662572025,1.0598171231465103,0.5904040544001,0.4283824586628325,-1.0578533662572025,1.0598171231465103,True,False,"[0, 0, 0, 0, 0, 0, 0, 0, 0, 0, 0, 0, 0, 0, 1, 2, 0, 0, 0, 3, 2, 0, 0, 0, 0, 0, 3, 0, 0, 0, 0, 0, 0, 0, 0, 0, 0, 0, 0, 0, 0, 0, 0, 0, 0, 0, 0, 0, 0, 0, 0, 0, 0, 0, 0, 0, 0, 0, 0, 0, 0, 0, 0, 0, 0, 4, 0, 0, 4, 0, 0, 0, 0, 0, 0, 0, 0, 0, 0, 0, 0, 0, 0, 0, 0, 0, 0, 0, 0, 0, 0, 0, 0, 0, 0, 0, 0, 0, 0, 0, 5, 0, 6, 0, 0, 0, 5, 5, 5, 6, 1, 7, 0, 8, 7, 7, 7, 7, 7, 1, 7, 7, 7, 7, 7, 7, 7, 7, 7, 7, 7, 3, 7, 7, 7, 7, 7, 7, 7, 7, 7, 7, 5, 7, 7, 7, 1, 1, 8, 7, 1, 7, 7, 1, 1, 1, 1, 1, 1, 7, 1, 1, 1, 1, 1, 3, 7, 8, 1, 7, 1, 1, 1, 1, 1, 9, 9, 9, 9, 9, 9, 1, 9, 1, 6, 1, 8, 10, 1, 10, 11, 12, 12, 4, 12, 11, 11, 11, 4, 11, 12, 11, 13, 4, 10, 10, 10, 10, 12, 8, 12, 10, 11, 13, 11, 11, 13, 10, 10, 10, 11, 11, 10, 10, 10, 11, 11, 11, 12, 8, 8, 11, 10, 11, 12, 10, 11, 11, 10, 11, 11, 10, 8, 12, 10, 10, 11, 11, 11, 11, 12, 10, 10, 8, 11, 12, 11, 10, 1, 10, 10, 12, 11, 11, 11, 11, 8, 8, 8, 8, 10, 8, 11, 10, 4, 10, 11, 11, 11, 7, 7, 7, 7, 7, 7, 1, 4, 4, 1, 4, 13, 14, 14, 14, 13, 13, 14, 13, 13, 13, 14, 13, 15, 13, 14, 14, 13, 14, 16, 13, 14, 15, 14, 6, 13, 15, 15, 14, 17, 17, 14, 13, 13, 14, 14, 14, 14, 15, 13, 18, 14, 13, 15, 4, 4, 3, 4, 10, 10, 10, 10, 10, 10, 2, 13, 10, 8, 8, 3, 3, 4, 4, 4, 4, 4, 4, 4, 4, 4, 4, 10, 10, 10, 10, 10, 8, 10, 10, 10, 8, 10, 8, 10, 4, 3, 10, 1, 10, 10, 8, 8, 8, 8, 4, 4, 14, 4, 4, 4, 4, 4, 13, 4, 4, 4, 8, 8, 10, 9, 8, 9, 9, 4, 9, 6, 8, 16, 17, 17, 17, 15, 1, 15, 17, 18, 15, 18, 18, 18, 1, 15, 10, 10, 8, 2, 8, 17, 10, 8, 8, 10, 10, 8, 10, 10, 10, 10, 8, 10, 10, 10, 3, 15, 3, 10, 8, 10, 10, 10, 10, 10, 4, 10, 4, 10, 10, 10, 10, 10, 3, 10, 8, 10, 10, 10, 10, 10, 10, 10, 15, 15, 15, 18, 1, 1, 3, 1, 1, 1, 6, 18, 17, 15, 1, 1, 1, 17, 19, 15, 17, 17, 20, 17, 18, 3, 2, 1, 0, 2, 2, 3, 3, 18, 3, 3, 2, 3, 3, 4, 1, 1, 1, 1, 1, 4, 4, 4, 4, 16, 16, 15, 18, 16, 17, 15, 18, 3, 3, 3, 3, 3, 16, 15, 0, 16, 19, 1, 15, 1, 1, 3, 3, 3, 3, 15, 18, 1, 1, 19, 1, 1, 1, 1, 3, 3, 15, 2, 3, 3, 3, 1, 1, 3, 3, 3, 3, 3, 3, 2, 3, 3, 2, 1, 1, 1, 1, 1, 1, 1, 3, 3, 17, 3, 3, 17, 1, 18, 20, 11, 18, 18, 20, 14, 14, 20, 20, 14, 20, 11, 20, 16, 20, 20, 16, 14, 20, 18, 20, 18, 1, 14, 11, 21, 18, 19, 3, 15, 21, 3, 10, 10, 22, 15, 3, 3, 15, 1, 18, 15, 3, 1, 15, 18, 7, 2, 2, 1, 2, 3, 2, 15, 3, 2, 2, 3, 2, 3, 15, 8, 10, 2, 2, 2, 7, 7, 7, 7, 7, 7, 7, 3, 21, 3, 2, 17, 3, 7, 23, 1, 23, 24, 23, 23, 24, 21, 23, 21, 23, 21, 23, 1, 1, 9, 1, 1, 1, 1, 1, 1, 1, 1, 1, 1, 1, 1, 17, 1, 7, 15, 3, 3, 3, 3, 3, 3, 3, 1, 1, 1, 1, 1, 1, 7, 1, 1, 1, 9, 3, 1, 3, 17, 17, 1, 2, 2, 2, 2, 1, 16, 1, 1, 1, 1, 2, 1, 1, 4, 4, 4, 4, 16, 4, 4, 10, 8, 8, 10, 10, 24, 8, 4, 10, 8, 4, 3, 3, 8, 10, 10, 8, 10, 10, 10, 10, 10, 10, 9, 11, 8, 4, 10, 10, 10, 11, 12, 11, 12, 1, 2, 1, 2, 1, 2, 2, 2, 2, 2, 2, 2, 10, 23, 25, 9, 26, 3, 27, 19, 2, 26, 26, 27, 26, 25, 26, 21, 24, 23, 2, 7, 2, 2, 2, 2, 2]"
xerces,18,seed18_solution040,seed18_solution040,0.43177570093457945,1.0517146383581888,1.0491975886033378,0.5061174428577774,0.43177570093457945,-1.0517146383581888,1.0491975886033378,True,False,"[0, 0, 0, 0, 0, 0, 0, 0, 0, 0, 0, 0, 0, 0, 1, 2, 0, 0, 0, 3, 2, 0, 0, 0, 0, 0, 3, 0, 0, 0, 0, 0, 0, 0, 0, 0, 0, 0, 0, 0, 0, 0, 0, 0, 0, 0, 0, 0, 0, 0, 0, 0, 0, 0, 0, 0, 0, 0, 0, 0, 0, 0, 0, 0, 0, 4, 0, 0, 4, 0, 0, 0, 0, 0, 0, 0, 0, 0, 0, 0, 0, 0, 0, 0, 0, 0, 0, 0, 0, 0, 0, 0, 0, 0, 0, 0, 0, 0, 0, 0, 5, 0, 6, 0, 0, 0, 6, 6, 4, 6, 1, 7, 0, 8, 7, 7, 7, 7, 7, 1, 7, 7, 7, 7, 7, 7, 7, 9, 8, 7, 7, 3, 7, 9, 7, 7, 7, 7, 7, 7, 7, 5, 7, 7, 7, 7, 1, 1, 8, 7, 1, 7, 9, 1, 1, 1, 1, 1, 6, 7, 1, 1, 1, 1, 9, 3, 7, 9, 6, 7, 1, 8, 1, 1, 1, 9, 9, 9, 9, 9, 9, 1, 9, 10, 6, 1, 1, 10, 1, 10, 11, 12, 12, 10, 12, 12, 12, 12, 12, 12, 11, 11, 12, 4, 13, 10, 11, 11, 11, 11, 11, 11, 11, 11, 11, 11, 11, 11, 11, 8, 11, 12, 11, 11, 11, 11, 11, 11, 11, 10, 8, 11, 11, 11, 11, 11, 11, 11, 11, 11, 11, 11, 11, 11, 11, 10, 11, 11, 11, 11, 11, 11, 9, 11, 11, 11, 11, 11, 1, 10, 11, 11, 11, 11, 14, 11, 9, 10, 10, 10, 10, 10, 11, 10, 4, 10, 11, 11, 11, 7, 7, 7, 7, 7, 7, 1, 4, 4, 1, 4, 14, 14, 14, 14, 14, 14, 14, 13, 14, 13, 13, 13, 15, 13, 13, 13, 13, 13, 14, 13, 13, 13, 13, 6, 13, 13, 13, 13, 15, 13, 13, 13, 13, 13, 13, 13, 15, 13, 15, 13, 13, 13, 13, 4, 4, 3, 4, 10, 10, 10, 10, 10, 10, 1, 15, 10, 10, 10, 3, 3, 6, 4, 4, 4, 4, 4, 4, 2, 4, 4, 10, 10, 10, 10, 8, 10, 6, 4, 11, 10, 10, 10, 10, 4, 3, 10, 1, 10, 10, 10, 10, 10, 10, 4, 4, 14, 4, 4, 4, 4, 6, 14, 4, 4, 4, 9, 9, 10, 9, 9, 9, 9, 4, 9, 9, 9, 16, 17, 16, 16, 16, 1, 16, 17, 16, 15, 16, 16, 16, 1, 15, 10, 10, 10, 2, 10, 16, 10, 11, 10, 10, 10, 10, 10, 11, 10, 10, 10, 10, 10, 10, 3, 16, 3, 10, 10, 10, 10, 10, 10, 10, 5, 10, 2, 9, 10, 10, 10, 10, 3, 10, 8, 10, 10, 10, 10, 10, 10, 10, 16, 16, 16, 15, 1, 1, 3, 1, 1, 1, 6, 16, 16, 15, 1, 1, 1, 17, 17, 18, 17, 17, 17, 17, 17, 3, 2, 1, 0, 2, 2, 3, 3, 16, 3, 3, 3, 3, 3, 4, 1, 1, 1, 1, 1, 4, 4, 4, 4, 15, 16, 16, 16, 17, 16, 17, 16, 3, 3, 3, 3, 3, 16, 16, 0, 18, 19, 1, 7, 1, 6, 3, 3, 3, 2, 17, 16, 1, 1, 20, 1, 1, 1, 1, 3, 3, 16, 3, 3, 3, 3, 6, 1, 3, 3, 3, 3, 3, 3, 3, 21, 3, 2, 1, 1, 1, 6, 1, 1, 1, 3, 3, 16, 2, 3, 17, 1, 20, 22, 19, 19, 19, 20, 19, 19, 19, 20, 19, 20, 14, 20, 20, 20, 20, 19, 20, 22, 19, 22, 19, 1, 20, 20, 20, 20, 20, 3, 16, 21, 3, 10, 10, 18, 16, 2, 3, 16, 1, 16, 16, 3, 1, 16, 16, 7, 2, 1, 1, 2, 3, 2, 17, 3, 2, 2, 2, 23, 3, 16, 4, 10, 1, 2, 2, 7, 7, 7, 6, 7, 7, 7, 3, 21, 3, 3, 16, 3, 7, 21, 1, 21, 24, 21, 24, 21, 23, 25, 23, 23, 21, 25, 1, 6, 9, 1, 1, 1, 1, 1, 1, 1, 1, 1, 6, 1, 1, 16, 1, 7, 16, 3, 3, 3, 3, 3, 3, 3, 1, 9, 6, 1, 1, 1, 7, 8, 1, 1, 1, 3, 1, 3, 16, 16, 1, 2, 2, 2, 2, 6, 17, 1, 1, 1, 1, 2, 1, 1, 4, 6, 4, 3, 17, 8, 4, 9, 10, 10, 10, 10, 23, 10, 4, 10, 11, 4, 3, 3, 10, 10, 10, 10, 10, 9, 10, 10, 10, 10, 10, 4, 10, 4, 10, 11, 10, 11, 11, 11, 11, 9, 2, 2, 2, 1, 2, 2, 2, 2, 2, 2, 2, 2, 24, 24, 26, 27, 1, 23, 27, 2, 26, 19, 26, 17, 26, 12, 26, 27, 27, 2, 2, 2, 2, 2, 2, 2]"
xerces,18,seed18_solution041,seed18_solution041,0.45173256649892163,0.8667041788047967,1.0383430174517791,0.6120885273243883,0.45173256649892163,-0.8667041788047967,1.0383430174517791,True,False,"[0, 0, 0, 0, 0, 0, 0, 0, 0, 0, 0, 0, 0, 0, 1, 2, 0, 0, 0, 3, 2, 0, 0, 0, 0, 0, 3, 0, 0, 0, 0, 0, 0, 0, 0, 0, 0, 0, 0, 0, 0, 0, 0, 0, 0, 0, 0, 0, 0, 0, 0, 0, 0, 0, 0, 0, 0, 0, 0, 0, 0, 0, 0, 0, 0, 4, 5, 0, 5, 0, 0, 0, 0, 0, 0, 0, 0, 0, 0, 0, 0, 0, 0, 0, 0, 0, 0, 0, 0, 0, 0, 0, 0, 0, 0, 0, 0, 0, 0, 0, 6, 0, 6, 0, 0, 0, 6, 5, 5, 1, 1, 7, 0, 8, 7, 7, 8, 8, 8, 1, 7, 8, 8, 8, 8, 8, 8, 7, 8, 7, 7, 5, 8, 8, 7, 8, 8, 8, 8, 4, 7, 7, 7, 7, 8, 8, 1, 1, 8, 8, 1, 8, 8, 1, 1, 1, 1, 1, 8, 8, 1, 1, 1, 1, 1, 3, 7, 1, 1, 8, 1, 1, 1, 1, 1, 9, 10, 10, 10, 10, 10, 1, 10, 11, 1, 1, 1, 9, 1, 11, 12, 12, 12, 4, 13, 13, 13, 13, 13, 14, 13, 12, 13, 4, 12, 9, 11, 12, 13, 12, 11, 11, 12, 12, 12, 11, 12, 12, 12, 9, 9, 12, 12, 12, 13, 12, 11, 13, 13, 9, 11, 11, 11, 12, 12, 11, 11, 12, 11, 12, 12, 12, 9, 12, 9, 11, 12, 12, 11, 12, 12, 12, 11, 11, 12, 11, 12, 11, 1, 11, 11, 11, 11, 12, 11, 11, 11, 11, 11, 9, 9, 11, 12, 11, 9, 9, 12, 11, 11, 7, 8, 8, 8, 8, 8, 1, 4, 4, 1, 3, 14, 13, 14, 14, 12, 14, 14, 15, 14, 15, 14, 15, 16, 14, 7, 14, 15, 14, 14, 15, 15, 15, 14, 14, 15, 15, 14, 15, 15, 14, 15, 14, 15, 14, 14, 13, 16, 15, 15, 15, 14, 15, 15, 4, 4, 3, 4, 11, 9, 11, 11, 11, 11, 2, 16, 10, 9, 11, 3, 3, 4, 4, 4, 4, 4, 4, 4, 4, 4, 5, 11, 3, 11, 9, 11, 9, 8, 11, 9, 9, 3, 11, 9, 4, 3, 11, 1, 9, 11, 11, 9, 11, 11, 4, 3, 14, 4, 4, 4, 4, 4, 13, 4, 5, 3, 10, 10, 11, 9, 10, 10, 10, 4, 10, 10, 9, 17, 17, 17, 16, 17, 1, 16, 16, 16, 16, 16, 17, 17, 1, 16, 11, 11, 9, 2, 11, 17, 11, 11, 9, 3, 11, 11, 11, 11, 9, 11, 9, 11, 8, 11, 3, 16, 5, 9, 11, 11, 9, 10, 9, 11, 4, 11, 4, 9, 11, 13, 9, 11, 3, 11, 11, 11, 18, 11, 11, 11, 11, 9, 18, 17, 16, 16, 1, 1, 3, 1, 1, 1, 1, 17, 16, 16, 1, 1, 1, 19, 19, 17, 17, 17, 1, 19, 19, 3, 2, 1, 0, 3, 2, 3, 3, 16, 3, 3, 3, 3, 3, 4, 1, 2, 1, 1, 1, 4, 4, 4, 4, 19, 17, 17, 17, 17, 17, 16, 17, 5, 3, 3, 3, 3, 17, 15, 0, 18, 16, 1, 17, 1, 1, 3, 3, 5, 3, 16, 16, 1, 1, 20, 1, 1, 1, 1, 3, 3, 17, 3, 3, 5, 3, 1, 2, 3, 5, 3, 3, 5, 3, 3, 3, 3, 2, 1, 1, 1, 1, 1, 1, 1, 5, 3, 16, 3, 5, 17, 1, 21, 22, 22, 21, 22, 23, 22, 20, 22, 22, 22, 20, 22, 22, 23, 21, 20, 23, 23, 21, 21, 23, 23, 1, 21, 21, 24, 21, 21, 3, 17, 22, 3, 9, 11, 17, 16, 2, 3, 19, 1, 17, 17, 2, 1, 17, 17, 7, 2, 2, 1, 3, 3, 2, 16, 3, 2, 2, 2, 2, 3, 17, 11, 11, 2, 2, 2, 6, 8, 8, 8, 7, 8, 8, 3, 24, 3, 3, 16, 3, 8, 22, 1, 24, 17, 18, 24, 25, 25, 25, 25, 25, 24, 24, 1, 1, 1, 1, 1, 1, 1, 1, 1, 1, 1, 1, 6, 1, 1, 16, 2, 8, 17, 3, 5, 3, 3, 3, 3, 3, 1, 1, 1, 1, 1, 1, 7, 2, 1, 1, 1, 3, 1, 5, 17, 17, 1, 2, 2, 2, 2, 2, 17, 2, 1, 1, 1, 2, 1, 1, 4, 4, 4, 3, 16, 4, 4, 9, 9, 11, 11, 11, 18, 3, 4, 11, 11, 4, 5, 3, 11, 11, 11, 11, 11, 10, 11, 11, 3, 1, 11, 11, 11, 4, 9, 12, 12, 12, 12, 12, 11, 1, 2, 2, 2, 2, 2, 2, 2, 2, 2, 2, 2, 2, 3, 25, 26, 27, 2, 28, 20, 2, 26, 20, 26, 28, 27, 12, 27, 27, 26, 2, 2, 2, 2, 2, 2, 2]"
xerces,18,seed18_solution042,seed18_solution042,0.47039539899352983,3.5631437704295066,1.0357802690317375,0.5976403103215547,0.47039539899352983,-3.5631437704295066,1.0357802690317375,True,False,"[0, 0, 0, 0, 0, 0, 0, 0, 0, 0, 0, 0, 0, 0, 1, 2, 0, 0, 0, 3, 2, 0, 0, 0, 0, 0, 3, 0, 0, 0, 0, 0, 0, 0, 0, 0, 0, 0, 0, 0, 0, 0, 0, 0, 0, 0, 0, 0, 0, 0, 0, 0, 0, 0, 0, 0, 0, 0, 0, 0, 0, 0, 0, 0, 0, 4, 0, 0, 4, 0, 0, 0, 0, 0, 0, 0, 0, 0, 0, 0, 0, 0, 0, 0, 0, 0, 0, 0, 0, 0, 0, 0, 0, 0, 0, 0, 0, 0, 0, 0, 5, 0, 6, 0, 0, 0, 5, 6, 5, 1, 1, 7, 0, 8, 7, 7, 7, 7, 7, 1, 7, 7, 7, 7, 7, 7, 7, 7, 7, 7, 7, 3, 7, 7, 9, 7, 7, 7, 7, 7, 5, 7, 7, 7, 7, 7, 1, 1, 7, 10, 1, 7, 1, 1, 1, 1, 1, 1, 1, 7, 1, 1, 1, 1, 1, 3, 7, 9, 1, 7, 1, 1, 1, 1, 1, 9, 8, 9, 9, 9, 9, 1, 10, 1, 6, 1, 9, 11, 1, 10, 11, 12, 12, 4, 12, 12, 12, 12, 13, 11, 12, 10, 12, 4, 11, 11, 10, 13, 11, 9, 11, 11, 10, 11, 11, 10, 10, 11, 13, 8, 11, 10, 11, 11, 11, 10, 11, 11, 10, 11, 13, 9, 14, 11, 10, 13, 10, 13, 10, 11, 11, 11, 10, 12, 11, 10, 11, 11, 11, 13, 11, 11, 10, 13, 9, 11, 10, 10, 1, 10, 11, 11, 11, 11, 11, 10, 9, 11, 11, 11, 10, 10, 11, 10, 4, 10, 10, 10, 11, 7, 7, 7, 7, 7, 7, 1, 4, 4, 1, 4, 15, 13, 13, 15, 14, 13, 13, 14, 15, 14, 14, 14, 14, 15, 14, 14, 15, 15, 14, 15, 14, 14, 15, 6, 14, 15, 14, 14, 15, 14, 15, 14, 15, 15, 15, 15, 15, 15, 15, 15, 15, 14, 14, 4, 4, 2, 4, 11, 11, 11, 11, 11, 11, 1, 14, 11, 10, 10, 4, 3, 4, 4, 4, 4, 4, 4, 4, 4, 4, 5, 9, 10, 10, 10, 8, 11, 8, 11, 8, 11, 10, 10, 10, 4, 3, 14, 1, 10, 4, 9, 10, 9, 10, 4, 4, 13, 4, 4, 4, 3, 4, 13, 4, 4, 4, 9, 9, 9, 9, 9, 9, 9, 6, 9, 6, 9, 16, 16, 16, 17, 17, 1, 17, 17, 16, 16, 17, 17, 12, 4, 14, 10, 11, 10, 2, 11, 17, 8, 4, 10, 11, 10, 11, 9, 11, 11, 10, 11, 10, 10, 10, 3, 16, 3, 10, 10, 11, 10, 10, 10, 11, 4, 11, 4, 1, 11, 10, 10, 10, 3, 13, 10, 10, 10, 10, 11, 11, 10, 10, 18, 18, 17, 17, 1, 1, 3, 9, 1, 1, 1, 18, 17, 16, 1, 1, 1, 16, 16, 16, 18, 16, 18, 16, 19, 3, 2, 1, 0, 2, 2, 14, 2, 17, 3, 3, 3, 3, 3, 4, 1, 1, 1, 1, 1, 1, 4, 4, 4, 17, 17, 17, 17, 16, 17, 17, 17, 3, 3, 3, 3, 3, 16, 17, 0, 19, 17, 1, 17, 1, 1, 3, 3, 3, 2, 16, 16, 1, 1, 18, 1, 1, 1, 1, 7, 3, 17, 3, 3, 3, 3, 1, 1, 3, 3, 3, 3, 3, 3, 3, 3, 3, 2, 1, 1, 9, 1, 1, 1, 1, 3, 3, 17, 7, 3, 17, 1, 19, 19, 20, 13, 19, 11, 13, 20, 20, 19, 21, 19, 20, 20, 19, 21, 13, 13, 13, 13, 19, 20, 19, 1, 13, 20, 20, 19, 20, 3, 16, 22, 3, 10, 10, 20, 18, 2, 3, 17, 1, 17, 17, 3, 1, 16, 18, 8, 2, 2, 1, 2, 3, 2, 17, 3, 3, 2, 2, 2, 3, 17, 14, 10, 2, 2, 3, 7, 7, 7, 7, 7, 7, 7, 3, 22, 3, 3, 17, 3, 7, 23, 1, 24, 24, 24, 23, 24, 25, 24, 22, 23, 24, 23, 1, 1, 1, 6, 1, 1, 1, 1, 1, 1, 1, 1, 1, 1, 1, 17, 1, 7, 17, 3, 3, 3, 3, 3, 3, 3, 1, 1, 1, 1, 1, 1, 7, 1, 6, 1, 1, 3, 1, 3, 17, 17, 1, 2, 2, 2, 2, 1, 16, 1, 1, 1, 1, 2, 1, 1, 4, 4, 4, 3, 16, 4, 4, 10, 10, 10, 11, 4, 25, 4, 4, 11, 10, 4, 3, 3, 10, 10, 11, 11, 9, 14, 10, 10, 11, 1, 8, 11, 10, 4, 6, 11, 12, 12, 11, 11, 11, 1, 2, 2, 2, 1, 2, 2, 2, 2, 2, 2, 2, 10, 26, 25, 27, 23, 2, 26, 18, 2, 27, 18, 26, 19, 26, 26, 26, 26, 27, 2, 2, 2, 2, 2, 2, 2]"
xerces,18,seed18_solution043,seed18_solution043,0.4774406901509705,0.7785649033243556,1.0024419471818355,0.6235358734315077,0.4774406901509705,-0.7785649033243556,1.0024419471818355,True,False,"[0, 0, 0, 0, 0, 0, 0, 0, 0, 0, 0, 0, 0, 0, 1, 2, 0, 0, 0, 3, 2, 0, 0, 0, 4, 0, 3, 0, 0, 0, 0, 0, 0, 0, 0, 0, 0, 0, 0, 0, 0, 0, 0, 0, 0, 0, 0, 0, 0, 0, 0, 0, 0, 0, 0, 0, 0, 0, 0, 0, 0, 0, 0, 0, 0, 5, 6, 0, 6, 0, 0, 0, 0, 0, 0, 0, 0, 0, 0, 0, 0, 0, 0, 0, 0, 0, 0, 0, 0, 0, 0, 0, 0, 0, 0, 0, 0, 0, 0, 0, 7, 0, 8, 0, 0, 0, 9, 6, 7, 1, 1, 9, 0, 0, 9, 10, 9, 9, 9, 1, 9, 9, 9, 9, 8, 10, 9, 8, 9, 9, 9, 6, 9, 10, 9, 9, 9, 9, 8, 5, 8, 9, 9, 9, 9, 8, 1, 1, 11, 9, 1, 9, 9, 1, 1, 1, 1, 1, 1, 9, 1, 1, 1, 1, 1, 7, 11, 1, 1, 9, 1, 1, 1, 1, 1, 12, 13, 10, 12, 13, 12, 1, 12, 1, 10, 1, 12, 14, 1, 11, 13, 12, 12, 5, 4, 4, 4, 11, 4, 15, 16, 12, 17, 5, 13, 18, 11, 13, 13, 13, 12, 13, 13, 13, 9, 13, 13, 13, 12, 10, 13, 13, 13, 13, 13, 13, 11, 13, 13, 18, 18, 12, 13, 13, 13, 13, 13, 13, 13, 13, 12, 12, 10, 13, 13, 11, 13, 13, 11, 13, 13, 13, 18, 13, 13, 12, 13, 4, 1, 11, 13, 13, 13, 13, 11, 13, 11, 11, 18, 11, 10, 18, 13, 11, 14, 18, 13, 13, 13, 8, 19, 9, 9, 9, 9, 1, 2, 5, 1, 5, 11, 14, 14, 15, 12, 14, 14, 17, 14, 4, 15, 12, 15, 15, 12, 12, 17, 17, 17, 4, 17, 12, 4, 10, 4, 14, 17, 17, 12, 15, 4, 17, 17, 15, 13, 4, 12, 12, 17, 17, 12, 17, 17, 5, 5, 3, 5, 11, 18, 11, 18, 11, 11, 2, 4, 20, 11, 11, 3, 5, 5, 8, 5, 5, 5, 5, 5, 5, 18, 6, 11, 14, 14, 10, 11, 11, 9, 11, 18, 11, 11, 20, 18, 5, 3, 11, 1, 11, 11, 11, 11, 11, 11, 5, 3, 17, 5, 5, 5, 5, 5, 17, 5, 5, 5, 10, 12, 11, 10, 12, 13, 8, 5, 13, 10, 10, 16, 16, 16, 15, 16, 1, 16, 16, 15, 15, 15, 16, 18, 1, 17, 11, 11, 20, 2, 11, 16, 11, 14, 11, 11, 14, 11, 11, 11, 11, 11, 11, 11, 11, 11, 3, 16, 3, 10, 11, 11, 10, 12, 11, 11, 5, 11, 2, 12, 11, 14, 11, 18, 3, 11, 11, 11, 9, 11, 11, 18, 14, 10, 16, 16, 15, 14, 1, 1, 3, 1, 1, 1, 1, 16, 14, 14, 1, 1, 1, 19, 19, 16, 14, 16, 1, 19, 19, 3, 2, 1, 0, 2, 3, 3, 3, 15, 3, 3, 3, 3, 3, 5, 1, 1, 1, 1, 1, 5, 5, 5, 2, 16, 16, 16, 16, 16, 16, 16, 10, 3, 3, 3, 3, 3, 16, 16, 0, 19, 16, 1, 16, 1, 1, 3, 3, 6, 3, 16, 20, 1, 1, 21, 1, 1, 1, 1, 3, 7, 16, 3, 3, 6, 3, 1, 2, 3, 3, 3, 3, 3, 3, 3, 3, 3, 2, 1, 1, 1, 1, 1, 1, 1, 3, 3, 15, 7, 3, 16, 1, 22, 23, 24, 22, 24, 23, 24, 25, 23, 23, 24, 24, 26, 26, 24, 24, 22, 23, 22, 24, 24, 23, 24, 1, 22, 22, 22, 24, 22, 3, 16, 19, 3, 10, 11, 20, 15, 2, 3, 16, 1, 16, 16, 3, 1, 16, 22, 8, 2, 2, 1, 3, 3, 2, 16, 3, 2, 7, 7, 2, 5, 16, 11, 9, 2, 2, 2, 9, 9, 9, 9, 9, 8, 8, 3, 19, 3, 3, 15, 3, 8, 6, 5, 22, 27, 18, 22, 21, 27, 25, 22, 27, 6, 22, 1, 1, 1, 1, 1, 1, 1, 1, 1, 1, 1, 1, 1, 1, 1, 14, 1, 9, 16, 3, 3, 3, 7, 3, 3, 3, 1, 1, 1, 1, 1, 1, 9, 11, 1, 1, 1, 3, 1, 6, 16, 16, 1, 2, 2, 2, 2, 1, 15, 2, 1, 1, 1, 2, 1, 1, 5, 5, 5, 5, 16, 2, 5, 11, 18, 14, 11, 27, 18, 9, 5, 11, 18, 5, 2, 3, 11, 14, 11, 18, 11, 18, 11, 11, 14, 18, 11, 11, 11, 5, 11, 13, 11, 13, 13, 13, 13, 1, 2, 7, 2, 2, 2, 2, 2, 7, 2, 2, 2, 2, 3, 26, 25, 25, 2, 26, 23, 2, 25, 23, 27, 25, 28, 12, 25, 28, 28, 2, 2, 2, 2, 2, 2, 2]"
xerces,18,seed18_solution044,seed18_solution044,0.4941193386053199,3.1767625181981747,1.0133846988350814,0.6251287343477614,0.4941193386053199,-3.1767625181981747,1.0133846988350814,True,False,"[0, 0, 0, 0, 0, 0, 0, 0, 0, 0, 0, 0, 0, 0, 1, 2, 0, 0, 0, 1, 2, 0, 0, 0, 0, 0, 3, 0, 0, 0, 0, 0, 0, 0, 0, 0, 0, 0, 0, 0, 0, 0, 0, 0, 0, 0, 0, 0, 0, 0, 0, 0, 0, 0, 0, 0, 0, 0, 0, 0, 0, 0, 0, 0, 0, 4, 0, 0, 5, 0, 0, 0, 0, 0, 0, 0, 0, 0, 0, 0, 0, 0, 0, 0, 0, 0, 0, 0, 0, 0, 0, 0, 0, 0, 0, 0, 0, 0, 0, 0, 5, 0, 6, 0, 0, 0, 5, 5, 5, 1, 1, 7, 0, 8, 7, 7, 7, 7, 8, 1, 7, 8, 8, 7, 8, 7, 8, 7, 8, 7, 7, 5, 7, 7, 7, 8, 7, 8, 7, 4, 7, 7, 7, 7, 7, 7, 2, 1, 8, 8, 1, 7, 7, 1, 1, 2, 1, 1, 8, 8, 1, 1, 1, 1, 1, 5, 7, 1, 1, 7, 1, 3, 1, 1, 1, 9, 9, 10, 10, 10, 10, 1, 10, 1, 1, 1, 1, 9, 1, 11, 11, 12, 12, 11, 12, 13, 13, 12, 4, 14, 12, 12, 12, 4, 11, 9, 9, 11, 13, 11, 11, 11, 11, 12, 11, 11, 12, 12, 11, 9, 9, 12, 11, 11, 13, 9, 11, 13, 13, 9, 11, 11, 11, 11, 13, 11, 11, 11, 11, 9, 11, 11, 9, 11, 9, 9, 13, 12, 11, 9, 11, 9, 11, 11, 11, 11, 12, 11, 1, 11, 11, 11, 11, 13, 11, 11, 11, 9, 11, 9, 9, 11, 13, 9, 9, 9, 11, 11, 11, 7, 7, 7, 7, 8, 8, 1, 4, 4, 1, 3, 14, 13, 13, 14, 12, 12, 14, 13, 14, 14, 14, 14, 14, 14, 14, 14, 14, 14, 14, 14, 14, 14, 14, 14, 15, 14, 14, 14, 14, 14, 15, 14, 14, 14, 14, 13, 16, 15, 14, 15, 14, 14, 14, 4, 4, 3, 4, 11, 9, 9, 11, 11, 11, 2, 16, 10, 9, 11, 3, 3, 4, 17, 3, 4, 4, 4, 4, 4, 4, 5, 11, 3, 9, 9, 11, 9, 8, 5, 9, 9, 3, 9, 9, 4, 3, 2, 1, 9, 9, 9, 9, 11, 11, 4, 5, 13, 5, 6, 4, 4, 4, 13, 4, 5, 3, 10, 10, 11, 9, 10, 10, 10, 5, 10, 10, 10, 16, 16, 16, 16, 17, 1, 16, 16, 16, 16, 16, 16, 17, 6, 16, 9, 11, 9, 2, 11, 16, 9, 11, 9, 3, 11, 9, 9, 11, 9, 9, 9, 9, 8, 9, 3, 16, 5, 9, 9, 11, 9, 9, 9, 11, 4, 9, 4, 9, 9, 13, 9, 9, 3, 11, 9, 11, 18, 9, 3, 9, 11, 9, 18, 16, 16, 16, 1, 1, 3, 1, 1, 7, 1, 19, 16, 16, 1, 1, 1, 19, 17, 17, 17, 17, 1, 17, 19, 3, 2, 1, 0, 3, 2, 3, 3, 16, 5, 3, 3, 3, 5, 4, 1, 2, 1, 1, 1, 4, 5, 4, 4, 19, 17, 17, 17, 16, 16, 16, 17, 5, 3, 3, 3, 3, 17, 15, 0, 18, 16, 1, 19, 1, 1, 3, 5, 5, 3, 16, 16, 1, 1, 20, 1, 1, 1, 1, 3, 3, 16, 5, 3, 5, 3, 1, 2, 3, 5, 5, 3, 5, 3, 5, 3, 3, 2, 1, 1, 1, 1, 1, 1, 1, 5, 3, 16, 3, 5, 16, 1, 20, 20, 20, 21, 20, 20, 22, 21, 22, 20, 21, 21, 21, 21, 20, 22, 21, 20, 20, 22, 22, 20, 20, 10, 22, 22, 22, 22, 22, 5, 16, 23, 2, 9, 11, 17, 16, 2, 3, 19, 1, 16, 18, 2, 1, 16, 16, 7, 2, 3, 1, 2, 3, 2, 16, 3, 2, 2, 2, 2, 3, 16, 9, 9, 2, 2, 2, 6, 7, 8, 8, 7, 8, 8, 3, 23, 3, 5, 16, 5, 7, 23, 1, 24, 17, 17, 24, 25, 26, 24, 25, 25, 24, 24, 1, 1, 1, 1, 1, 1, 2, 1, 1, 1, 1, 1, 6, 10, 1, 16, 2, 8, 16, 3, 5, 3, 3, 3, 2, 5, 2, 1, 1, 1, 1, 2, 7, 2, 1, 8, 1, 3, 1, 5, 17, 16, 1, 2, 2, 2, 2, 2, 18, 2, 1, 1, 1, 2, 1, 1, 4, 4, 3, 3, 16, 4, 3, 9, 9, 11, 9, 11, 25, 3, 5, 9, 9, 4, 5, 3, 9, 11, 11, 15, 9, 10, 11, 9, 3, 1, 11, 9, 11, 4, 9, 9, 12, 11, 13, 11, 11, 1, 2, 3, 2, 2, 2, 2, 2, 2, 2, 2, 2, 2, 26, 25, 27, 28, 2, 18, 20, 2, 18, 20, 26, 26, 28, 12, 28, 27, 27, 2, 2, 2, 2, 3, 2, 3]"
xerces,18,seed18_solution045,seed18_solution045,0.5010208483105679,3.3071269036885282,0.93468520048462,0.6345524088354781,0.5010208483105679,-3.3071269036885282,0.93468520048462,True,False,"[0, 0, 0, 0, 0, 0, 0, 0, 0, 0, 0, 0, 0, 0, 1, 2, 0, 0, 0, 3, 2, 0, 0, 0, 0, 0, 3, 0, 0, 0, 0, 0, 0, 0, 0, 0, 0, 0, 0, 0, 0, 0, 0, 0, 0, 0, 0, 0, 0, 0, 0, 0, 0, 0, 0, 0, 0, 0, 0, 0, 0, 0, 0, 0, 0, 4, 0, 0, 4, 0, 0, 0, 0, 0, 0, 0, 0, 0, 0, 0, 0, 0, 0, 0, 0, 0, 0, 0, 0, 0, 0, 0, 0, 0, 0, 0, 0, 0, 0, 0, 5, 0, 6, 0, 0, 0, 5, 5, 5, 1, 1, 7, 0, 8, 6, 7, 7, 7, 7, 1, 7, 7, 9, 7, 7, 7, 7, 7, 7, 9, 9, 2, 7, 7, 7, 7, 7, 8, 5, 7, 5, 7, 7, 7, 7, 7, 1, 1, 7, 10, 1, 7, 1, 1, 1, 1, 1, 1, 8, 7, 1, 1, 1, 1, 3, 3, 7, 8, 1, 7, 1, 4, 1, 2, 1, 10, 9, 9, 9, 9, 9, 1, 7, 1, 1, 1, 1, 11, 1, 11, 10, 12, 12, 11, 12, 12, 12, 12, 12, 13, 13, 12, 12, 4, 14, 11, 1, 14, 14, 10, 10, 11, 12, 12, 10, 11, 12, 12, 14, 15, 10, 12, 10, 10, 14, 14, 10, 10, 10, 4, 11, 10, 10, 10, 14, 10, 10, 10, 11, 10, 10, 10, 15, 14, 10, 10, 11, 14, 10, 14, 10, 11, 10, 14, 10, 10, 10, 14, 1, 10, 10, 10, 10, 10, 11, 10, 9, 10, 4, 14, 11, 10, 10, 11, 11, 10, 10, 10, 11, 6, 7, 7, 7, 7, 7, 1, 4, 4, 1, 5, 13, 14, 13, 13, 14, 13, 14, 14, 8, 13, 13, 13, 16, 15, 13, 15, 13, 13, 13, 13, 15, 15, 15, 13, 13, 13, 15, 15, 13, 12, 13, 13, 13, 13, 13, 13, 15, 13, 15, 13, 13, 13, 13, 4, 4, 3, 4, 11, 11, 11, 11, 11, 10, 1, 15, 9, 8, 11, 3, 3, 4, 4, 4, 4, 4, 4, 4, 4, 4, 5, 11, 11, 11, 11, 11, 10, 8, 11, 11, 11, 11, 11, 4, 4, 7, 15, 1, 10, 4, 10, 11, 14, 10, 4, 4, 14, 4, 6, 4, 4, 6, 14, 4, 4, 4, 9, 9, 11, 9, 9, 9, 6, 6, 9, 9, 9, 16, 17, 16, 18, 16, 1, 16, 18, 16, 18, 18, 16, 12, 4, 15, 4, 15, 11, 2, 10, 18, 8, 11, 11, 11, 12, 11, 11, 11, 11, 15, 11, 11, 11, 15, 3, 18, 1, 10, 11, 10, 11, 10, 10, 10, 4, 11, 4, 1, 8, 14, 11, 14, 3, 14, 11, 11, 9, 11, 11, 11, 10, 11, 18, 16, 16, 18, 1, 1, 3, 1, 14, 1, 9, 16, 18, 16, 1, 1, 1, 17, 17, 17, 17, 17, 18, 17, 17, 3, 2, 1, 0, 2, 2, 1, 2, 16, 3, 3, 3, 3, 3, 6, 9, 1, 1, 1, 8, 1, 4, 4, 4, 18, 16, 16, 18, 16, 16, 16, 18, 7, 3, 4, 3, 3, 16, 16, 0, 19, 16, 1, 16, 1, 6, 3, 20, 3, 5, 18, 16, 1, 1, 19, 1, 1, 9, 1, 3, 3, 18, 3, 3, 3, 3, 1, 1, 7, 3, 3, 3, 3, 7, 12, 3, 3, 2, 8, 1, 1, 1, 1, 1, 1, 3, 3, 18, 3, 3, 16, 1, 20, 21, 21, 21, 20, 20, 11, 20, 19, 20, 21, 20, 20, 21, 20, 20, 19, 20, 20, 20, 20, 20, 19, 9, 20, 11, 21, 19, 20, 3, 16, 22, 2, 10, 10, 22, 18, 2, 3, 16, 1, 16, 16, 2, 1, 18, 16, 7, 2, 1, 9, 3, 3, 21, 16, 3, 2, 2, 2, 2, 3, 16, 11, 15, 2, 2, 2, 6, 7, 7, 7, 7, 7, 7, 3, 22, 3, 3, 18, 3, 7, 23, 1, 24, 24, 24, 25, 24, 24, 24, 25, 25, 23, 23, 1, 1, 1, 1, 1, 1, 18, 1, 2, 1, 1, 1, 6, 1, 1, 16, 1, 7, 16, 3, 3, 3, 3, 3, 2, 3, 1, 1, 6, 1, 1, 1, 7, 1, 1, 1, 9, 4, 1, 3, 18, 16, 1, 2, 2, 2, 2, 1, 16, 1, 1, 1, 1, 2, 1, 1, 1, 5, 4, 3, 18, 6, 8, 4, 10, 11, 4, 4, 25, 11, 4, 10, 10, 4, 3, 3, 11, 7, 1, 15, 9, 15, 11, 8, 11, 11, 11, 9, 5, 4, 6, 10, 12, 10, 10, 12, 10, 1, 2, 2, 2, 2, 2, 2, 2, 2, 2, 2, 2, 2, 26, 25, 26, 27, 2, 27, 19, 2, 27, 26, 26, 26, 27, 12, 27, 27, 27, 2, 2, 19, 2, 2, 2, 2]"
xerces,18,seed18_solution046,seed18_solution046,0.5087562904385334,8.637119301996476,0.9852641124271052,0.6354534164343733,0.5087562904385334,-8.637119301996476,0.9852641124271052,True,False,"[0, 0, 0, 0, 0, 0, 0, 0, 0, 0, 0, 0, 0, 0, 1, 2, 0, 0, 0, 3, 2, 0, 0, 0, 0, 0, 3, 0, 0, 0, 0, 0, 0, 0, 0, 0, 0, 0, 0, 0, 0, 0, 0, 0, 0, 0, 0, 0, 0, 0, 0, 0, 0, 0, 0, 0, 0, 0, 0, 0, 0, 0, 0, 0, 0, 4, 0, 0, 4, 0, 0, 0, 0, 0, 0, 0, 0, 0, 0, 0, 0, 0, 0, 0, 0, 0, 0, 0, 0, 0, 0, 0, 0, 0, 0, 0, 0, 0, 0, 0, 5, 0, 6, 0, 0, 0, 5, 6, 5, 1, 1, 7, 0, 8, 7, 7, 7, 7, 7, 1, 7, 7, 7, 7, 7, 9, 7, 7, 7, 7, 7, 2, 7, 7, 9, 7, 7, 8, 7, 7, 5, 7, 7, 7, 7, 7, 1, 1, 7, 10, 1, 7, 1, 1, 1, 1, 1, 1, 8, 7, 1, 1, 1, 1, 1, 3, 7, 8, 1, 7, 1, 1, 1, 2, 1, 10, 8, 4, 9, 9, 9, 1, 7, 1, 6, 1, 9, 11, 1, 8, 10, 12, 12, 1, 12, 12, 13, 12, 13, 10, 12, 10, 12, 9, 10, 11, 1, 13, 10, 12, 11, 11, 10, 10, 12, 10, 10, 12, 13, 8, 11, 10, 10, 11, 13, 10, 11, 11, 10, 11, 13, 9, 14, 10, 10, 13, 10, 13, 10, 11, 10, 10, 14, 12, 11, 11, 11, 10, 11, 13, 10, 10, 10, 13, 9, 10, 10, 10, 1, 10, 10, 13, 10, 10, 10, 10, 9, 11, 11, 11, 4, 10, 10, 11, 4, 10, 10, 10, 10, 7, 7, 7, 7, 7, 7, 1, 4, 4, 1, 4, 15, 15, 13, 15, 12, 13, 15, 12, 15, 14, 14, 14, 16, 14, 15, 14, 14, 15, 15, 15, 14, 14, 15, 6, 15, 15, 14, 14, 15, 14, 15, 14, 15, 15, 15, 15, 14, 14, 15, 14, 15, 15, 15, 4, 4, 2, 2, 11, 11, 11, 11, 11, 11, 1, 14, 11, 11, 11, 4, 3, 4, 4, 4, 4, 4, 4, 4, 4, 4, 5, 9, 4, 11, 11, 10, 11, 8, 11, 8, 11, 11, 10, 11, 4, 3, 14, 1, 10, 4, 9, 11, 9, 10, 4, 4, 13, 4, 4, 4, 3, 6, 13, 6, 4, 4, 10, 9, 9, 9, 9, 9, 6, 6, 9, 6, 9, 17, 17, 17, 16, 16, 1, 16, 16, 16, 18, 16, 16, 12, 4, 14, 10, 11, 10, 2, 11, 16, 8, 4, 10, 11, 11, 11, 9, 11, 11, 11, 11, 10, 11, 14, 3, 17, 3, 11, 10, 11, 8, 10, 11, 11, 4, 11, 4, 1, 11, 13, 10, 11, 3, 13, 10, 10, 9, 11, 11, 11, 10, 12, 18, 18, 16, 16, 1, 1, 3, 1, 13, 7, 1, 18, 16, 17, 1, 1, 1, 17, 17, 17, 18, 17, 18, 17, 18, 3, 1, 1, 0, 2, 2, 14, 2, 17, 3, 3, 3, 3, 3, 4, 1, 1, 10, 1, 1, 1, 4, 4, 4, 18, 16, 16, 18, 16, 16, 16, 16, 3, 3, 3, 3, 3, 17, 16, 0, 19, 16, 1, 16, 1, 1, 3, 3, 3, 5, 17, 17, 1, 1, 18, 1, 1, 1, 1, 7, 3, 18, 3, 3, 3, 3, 1, 1, 3, 3, 3, 3, 3, 7, 3, 3, 4, 2, 8, 1, 14, 7, 1, 1, 1, 3, 3, 18, 7, 3, 18, 1, 19, 20, 11, 20, 19, 11, 11, 21, 19, 21, 20, 21, 21, 20, 19, 20, 13, 13, 11, 13, 21, 21, 19, 1, 13, 20, 11, 19, 20, 3, 18, 22, 3, 11, 11, 21, 18, 2, 3, 18, 1, 16, 16, 3, 1, 18, 18, 8, 2, 2, 1, 3, 3, 2, 18, 3, 3, 2, 2, 2, 3, 16, 14, 11, 2, 1, 3, 7, 7, 7, 7, 7, 7, 6, 3, 22, 3, 3, 16, 3, 7, 23, 1, 24, 24, 24, 23, 24, 25, 24, 23, 23, 23, 23, 1, 1, 1, 6, 1, 1, 1, 1, 1, 1, 1, 1, 1, 1, 1, 16, 1, 7, 16, 3, 3, 3, 3, 3, 3, 3, 1, 1, 6, 1, 1, 1, 7, 8, 6, 1, 9, 3, 1, 3, 18, 16, 1, 2, 2, 2, 2, 1, 17, 1, 1, 1, 1, 2, 1, 1, 4, 4, 4, 3, 17, 4, 8, 4, 11, 11, 11, 4, 25, 4, 4, 11, 11, 4, 3, 3, 10, 7, 11, 11, 9, 14, 1, 11, 11, 1, 8, 10, 5, 4, 6, 10, 12, 12, 11, 10, 11, 1, 2, 2, 2, 1, 2, 2, 2, 2, 2, 2, 2, 11, 26, 25, 27, 23, 2, 26, 18, 2, 27, 18, 26, 19, 26, 26, 27, 26, 27, 2, 2, 2, 2, 2, 2, 2]"
xerces,18,seed18_solution047,seed18_solution047,0.5258662832494608,9.275638481657767,1.17412715510854,0.6428840724799079,0.5258662832494608,-9.275638481657767,1.17412715510854,True,False,"[0, 0, 0, 0, 0, 0, 0, 0, 0, 0, 0, 0, 0, 0, 1, 2, 0, 0, 0, 2, 2, 0, 0, 0, 0, 0, 3, 0, 0, 0, 0, 0, 0, 0, 0, 0, 0, 0, 0, 0, 0, 0, 0, 3, 0, 0, 0, 0, 0, 0, 3, 0, 0, 0, 0, 0, 0, 0, 0, 0, 0, 0, 0, 0, 0, 4, 0, 0, 2, 0, 0, 0, 0, 0, 0, 0, 0, 3, 0, 0, 0, 0, 0, 0, 0, 0, 0, 0, 0, 5, 0, 0, 0, 0, 0, 0, 0, 0, 0, 0, 5, 0, 6, 0, 0, 0, 5, 5, 0, 1, 1, 7, 0, 0, 7, 7, 7, 0, 7, 1, 7, 7, 7, 7, 1, 7, 7, 7, 7, 1, 7, 3, 7, 7, 7, 7, 4, 7, 7, 7, 7, 4, 7, 3, 7, 7, 1, 1, 7, 7, 1, 7, 7, 1, 1, 1, 1, 1, 1, 7, 1, 1, 0, 1, 1, 7, 1, 1, 1, 7, 1, 1, 1, 1, 1, 8, 9, 8, 8, 8, 8, 1, 8, 1, 2, 1, 1, 10, 1, 10, 11, 12, 12, 10, 12, 13, 3, 12, 12, 4, 13, 13, 12, 4, 13, 11, 11, 11, 11, 11, 11, 13, 3, 11, 11, 10, 11, 11, 11, 10, 11, 11, 13, 13, 10, 10, 13, 10, 11, 10, 13, 11, 13, 13, 11, 11, 11, 13, 13, 11, 10, 0, 10, 11, 10, 3, 11, 3, 13, 5, 10, 11, 8, 2, 10, 11, 11, 10, 1, 10, 13, 11, 10, 11, 11, 10, 8, 10, 11, 11, 10, 10, 11, 10, 10, 11, 10, 10, 7, 4, 1, 7, 7, 7, 7, 1, 4, 4, 1, 4, 14, 14, 12, 14, 14, 14, 14, 12, 3, 15, 15, 15, 15, 14, 14, 1, 14, 14, 14, 15, 15, 14, 14, 15, 15, 15, 9, 15, 15, 14, 15, 15, 15, 15, 15, 14, 15, 14, 14, 14, 15, 14, 0, 4, 4, 3, 4, 0, 10, 10, 11, 10, 11, 2, 16, 10, 10, 10, 3, 3, 4, 4, 4, 4, 4, 1, 4, 4, 4, 2, 1, 10, 11, 3, 7, 10, 0, 11, 13, 11, 11, 11, 10, 4, 3, 10, 1, 10, 10, 0, 10, 10, 10, 4, 4, 5, 4, 4, 6, 7, 4, 14, 4, 4, 0, 8, 8, 11, 8, 8, 8, 11, 4, 8, 8, 8, 17, 17, 2, 17, 16, 1, 16, 17, 16, 16, 17, 16, 16, 2, 16, 11, 18, 11, 2, 13, 17, 10, 11, 10, 11, 10, 4, 10, 10, 10, 10, 11, 11, 10, 11, 5, 16, 5, 10, 11, 10, 10, 10, 11, 10, 1, 9, 2, 10, 0, 11, 10, 11, 3, 10, 11, 11, 11, 10, 10, 4, 0, 1, 1, 16, 4, 16, 1, 1, 3, 5, 1, 1, 1, 3, 16, 1, 1, 1, 1, 18, 18, 17, 18, 1, 19, 17, 17, 2, 1, 1, 0, 2, 2, 0, 5, 17, 3, 3, 7, 3, 3, 4, 1, 1, 1, 0, 1, 4, 1, 4, 4, 17, 16, 17, 16, 16, 17, 17, 17, 3, 5, 5, 3, 3, 16, 17, 0, 18, 0, 1, 2, 1, 1, 3, 5, 3, 3, 16, 16, 1, 1, 19, 1, 1, 1, 1, 3, 3, 17, 5, 3, 3, 5, 8, 1, 5, 1, 5, 0, 3, 3, 3, 3, 3, 2, 1, 1, 1, 1, 1, 1, 1, 3, 3, 17, 1, 3, 16, 1, 20, 20, 20, 2, 0, 20, 20, 20, 20, 20, 20, 20, 20, 20, 20, 20, 20, 20, 20, 20, 20, 21, 20, 1, 21, 21, 21, 21, 21, 5, 16, 22, 3, 10, 10, 17, 17, 1, 3, 17, 1, 16, 16, 3, 1, 16, 16, 3, 2, 2, 1, 2, 3, 2, 17, 3, 2, 2, 2, 2, 5, 1, 4, 10, 19, 2, 1, 4, 7, 7, 9, 9, 7, 0, 3, 22, 3, 9, 4, 3, 4, 23, 1, 24, 24, 23, 24, 23, 0, 24, 23, 24, 23, 24, 1, 1, 1, 1, 3, 1, 1, 1, 1, 1, 1, 1, 1, 1, 1, 16, 1, 0, 17, 3, 3, 5, 5, 3, 3, 3, 1, 1, 1, 1, 1, 1, 7, 1, 1, 1, 1, 3, 1, 3, 16, 16, 1, 3, 2, 2, 2, 1, 17, 1, 1, 1, 1, 2, 5, 1, 2, 4, 4, 3, 1, 4, 2, 10, 10, 11, 10, 10, 24, 13, 2, 10, 10, 4, 3, 3, 11, 10, 11, 10, 10, 10, 11, 10, 13, 10, 10, 4, 11, 4, 2, 25, 11, 7, 11, 11, 2, 1, 2, 2, 2, 2, 2, 2, 2, 2, 3, 2, 2, 1, 6, 6, 26, 6, 3, 1, 25, 3, 26, 0, 0, 27, 28, 25, 6, 28, 28, 3, 2, 2, 2, 2, 2, 3]"
xerces,18,seed18_solution048,seed18_solution048,0.5354996405463696,1.6631865040586278,0.9338257969018451,0.6591230062025693,0.5354996405463696,-1.6631865040586278,0.9338257969018451,True,False,"[0, 0, 0, 0, 0, 0, 0, 0, 0, 0, 0, 0, 0, 0, 1, 2, 0, 0, 0, 3, 2, 0, 0, 0, 0, 0, 3, 0, 0, 0, 0, 0, 0, 0, 0, 0, 0, 0, 0, 0, 0, 0, 0, 0, 0, 0, 0, 0, 0, 0, 0, 0, 0, 0, 0, 0, 0, 0, 0, 0, 0, 0, 0, 0, 0, 4, 0, 0, 5, 0, 0, 0, 0, 0, 0, 0, 0, 0, 0, 0, 0, 0, 0, 0, 0, 0, 0, 0, 0, 0, 0, 0, 6, 0, 0, 0, 0, 0, 0, 0, 5, 0, 6, 0, 0, 0, 6, 6, 4, 6, 1, 7, 0, 8, 6, 7, 7, 7, 7, 1, 9, 7, 10, 9, 9, 7, 7, 9, 8, 10, 7, 3, 7, 9, 7, 8, 7, 9, 7, 7, 5, 5, 7, 7, 7, 9, 1, 1, 9, 7, 1, 7, 9, 1, 1, 1, 1, 1, 1, 7, 1, 1, 1, 1, 3, 3, 7, 9, 1, 7, 1, 1, 1, 1, 1, 10, 10, 8, 9, 9, 8, 1, 9, 1, 10, 1, 1, 10, 1, 11, 12, 11, 11, 10, 13, 11, 14, 11, 12, 12, 15, 12, 11, 4, 12, 4, 1, 12, 8, 12, 12, 16, 13, 16, 10, 12, 10, 12, 12, 8, 12, 8, 12, 12, 12, 12, 12, 12, 10, 8, 8, 12, 16, 11, 10, 12, 12, 12, 10, 12, 12, 9, 8, 12, 12, 12, 12, 12, 12, 12, 12, 12, 12, 12, 10, 12, 12, 12, 2, 10, 12, 12, 10, 12, 13, 11, 10, 10, 2, 10, 8, 8, 12, 10, 4, 10, 12, 10, 12, 7, 5, 7, 9, 7, 7, 1, 4, 4, 1, 4, 13, 11, 15, 11, 13, 13, 13, 14, 14, 16, 14, 16, 15, 15, 14, 14, 11, 14, 13, 15, 15, 16, 14, 6, 15, 15, 16, 15, 16, 16, 14, 14, 14, 15, 14, 15, 16, 14, 13, 15, 15, 15, 15, 3, 4, 3, 4, 10, 4, 10, 10, 12, 11, 2, 16, 10, 10, 10, 3, 3, 4, 4, 4, 4, 4, 4, 4, 4, 4, 4, 8, 4, 11, 10, 8, 10, 4, 8, 9, 10, 8, 10, 4, 4, 3, 10, 1, 10, 11, 10, 10, 10, 4, 2, 4, 13, 4, 4, 7, 4, 4, 13, 4, 4, 4, 10, 9, 11, 8, 9, 9, 8, 4, 9, 9, 9, 17, 17, 16, 16, 16, 1, 17, 17, 16, 18, 16, 16, 16, 4, 16, 11, 10, 4, 2, 8, 16, 10, 11, 10, 10, 11, 11, 10, 11, 11, 10, 4, 10, 10, 8, 3, 17, 3, 10, 11, 16, 8, 10, 10, 11, 5, 10, 2, 9, 10, 12, 10, 10, 3, 10, 9, 8, 10, 16, 4, 8, 8, 10, 17, 16, 18, 15, 1, 1, 3, 8, 1, 1, 10, 16, 16, 17, 1, 1, 1, 18, 17, 18, 17, 19, 16, 19, 18, 3, 2, 1, 0, 2, 2, 3, 3, 17, 3, 2, 3, 3, 3, 4, 10, 1, 1, 1, 1, 4, 4, 4, 4, 16, 16, 16, 13, 18, 16, 18, 16, 9, 3, 2, 3, 3, 17, 15, 0, 18, 19, 1, 17, 1, 1, 3, 3, 3, 2, 17, 17, 1, 1, 20, 1, 1, 1, 1, 3, 3, 16, 3, 3, 3, 3, 1, 1, 8, 3, 3, 3, 3, 3, 3, 3, 3, 2, 1, 1, 8, 6, 1, 1, 1, 3, 3, 16, 3, 3, 18, 1, 6, 13, 19, 19, 21, 20, 19, 19, 19, 20, 19, 13, 20, 15, 8, 20, 20, 19, 20, 19, 21, 13, 19, 1, 15, 20, 22, 20, 21, 3, 16, 22, 3, 8, 10, 18, 18, 2, 3, 16, 1, 16, 16, 3, 8, 17, 16, 8, 2, 2, 1, 2, 3, 2, 17, 3, 3, 2, 2, 2, 3, 16, 4, 10, 2, 2, 2, 7, 7, 7, 6, 7, 9, 7, 3, 22, 3, 3, 13, 3, 7, 23, 1, 23, 24, 22, 23, 23, 23, 25, 23, 23, 22, 25, 1, 1, 1, 1, 1, 6, 9, 1, 1, 1, 1, 1, 1, 1, 1, 13, 1, 7, 17, 5, 6, 3, 3, 3, 8, 3, 1, 2, 6, 1, 1, 1, 7, 1, 1, 1, 1, 3, 1, 3, 17, 16, 7, 2, 2, 2, 2, 1, 17, 1, 1, 1, 1, 2, 1, 1, 4, 7, 5, 4, 18, 8, 4, 4, 10, 4, 10, 10, 23, 8, 4, 10, 12, 4, 3, 3, 11, 10, 8, 10, 10, 9, 10, 8, 10, 10, 9, 4, 10, 4, 8, 12, 11, 11, 12, 13, 11, 9, 2, 2, 1, 1, 2, 2, 2, 2, 2, 2, 2, 2, 25, 25, 24, 26, 2, 27, 25, 2, 24, 25, 26, 27, 26, 26, 27, 26, 26, 2, 2, 2, 2, 2, 2, 2]"
xerces,18,seed18_solution049,seed18_solution049,0.5387203450754853,8.998980152733537,1.1397075443499856,0.6505955531686737,0.5387203450754853,-8.998980152733537,1.1397075443499856,True,False,"[0, 0, 0, 0, 0, 0, 0, 0, 0, 0, 0, 0, 0, 0, 1, 2, 0, 0, 0, 3, 2, 0, 0, 0, 0, 0, 3, 0, 0, 0, 0, 0, 0, 0, 0, 0, 0, 0, 0, 0, 0, 0, 0, 0, 0, 0, 0, 0, 0, 0, 0, 0, 0, 0, 0, 0, 0, 0, 0, 0, 0, 0, 0, 0, 2, 4, 0, 0, 4, 0, 0, 0, 0, 0, 0, 0, 0, 0, 0, 0, 0, 0, 0, 0, 0, 0, 0, 0, 0, 0, 0, 0, 0, 0, 0, 0, 0, 0, 0, 0, 5, 0, 6, 0, 0, 0, 7, 3, 5, 1, 1, 8, 0, 0, 8, 9, 8, 8, 7, 1, 7, 8, 8, 8, 8, 9, 8, 8, 8, 8, 8, 3, 8, 9, 8, 7, 7, 7, 8, 8, 8, 8, 8, 8, 8, 8, 1, 1, 10, 8, 1, 8, 8, 1, 1, 1, 1, 1, 9, 7, 1, 1, 1, 1, 1, 3, 8, 9, 1, 9, 1, 1, 1, 1, 1, 11, 9, 9, 8, 9, 12, 1, 9, 1, 9, 1, 1, 13, 1, 14, 10, 15, 15, 13, 10, 10, 13, 10, 11, 11, 10, 15, 10, 16, 13, 16, 12, 10, 13, 10, 10, 13, 10, 13, 10, 15, 15, 13, 10, 13, 13, 10, 10, 13, 13, 7, 10, 10, 13, 16, 13, 10, 10, 10, 10, 10, 13, 10, 10, 10, 10, 8, 13, 13, 10, 16, 3, 10, 10, 13, 13, 13, 16, 13, 15, 15, 10, 13, 1, 16, 13, 13, 13, 13, 10, 13, 9, 14, 13, 13, 13, 16, 10, 13, 13, 13, 10, 10, 13, 8, 8, 8, 8, 8, 8, 1, 2, 4, 1, 4, 10, 17, 11, 11, 10, 18, 10, 19, 19, 15, 15, 12, 15, 15, 12, 12, 12, 12, 14, 12, 12, 12, 12, 9, 15, 14, 12, 15, 15, 15, 12, 15, 12, 12, 13, 12, 15, 12, 12, 12, 15, 12, 15, 4, 4, 3, 16, 13, 13, 7, 16, 16, 13, 1, 20, 21, 13, 16, 3, 3, 4, 4, 4, 4, 4, 4, 4, 4, 4, 4, 16, 13, 14, 14, 7, 9, 4, 16, 13, 16, 13, 13, 16, 4, 3, 7, 1, 13, 13, 16, 13, 16, 13, 16, 3, 11, 4, 4, 2, 4, 4, 10, 4, 4, 4, 9, 9, 13, 9, 9, 9, 8, 4, 9, 9, 9, 16, 6, 19, 19, 16, 1, 19, 19, 16, 16, 19, 19, 16, 1, 11, 14, 5, 13, 2, 5, 19, 16, 13, 13, 16, 13, 13, 9, 16, 16, 16, 16, 16, 13, 16, 3, 11, 3, 16, 13, 16, 13, 13, 13, 7, 4, 13, 4, 13, 16, 13, 16, 13, 3, 14, 16, 13, 13, 13, 13, 16, 14, 13, 19, 16, 20, 16, 1, 1, 4, 1, 1, 1, 1, 19, 20, 20, 1, 1, 1, 14, 14, 22, 22, 14, 22, 21, 7, 3, 1, 1, 0, 2, 2, 4, 3, 16, 3, 3, 3, 3, 3, 4, 1, 1, 1, 1, 1, 4, 4, 4, 4, 19, 16, 19, 19, 16, 16, 16, 9, 3, 6, 3, 3, 3, 23, 16, 0, 18, 16, 1, 16, 1, 8, 3, 3, 3, 4, 16, 16, 1, 1, 24, 1, 1, 1, 1, 3, 6, 19, 3, 3, 3, 3, 1, 1, 3, 6, 3, 3, 3, 3, 3, 3, 3, 2, 1, 1, 1, 1, 1, 1, 1, 6, 6, 19, 3, 3, 19, 1, 24, 17, 24, 21, 24, 24, 24, 24, 17, 17, 24, 17, 24, 17, 17, 24, 25, 17, 21, 26, 27, 24, 26, 1, 21, 18, 23, 18, 17, 4, 15, 22, 4, 13, 7, 22, 19, 6, 3, 16, 1, 20, 20, 4, 1, 19, 22, 8, 2, 2, 1, 2, 3, 2, 19, 3, 2, 2, 2, 2, 3, 19, 13, 13, 1, 2, 2, 8, 8, 7, 8, 9, 8, 8, 3, 22, 6, 3, 16, 3, 8, 27, 4, 28, 23, 28, 25, 27, 28, 25, 23, 25, 28, 23, 1, 1, 1, 1, 1, 1, 1, 1, 1, 1, 1, 1, 1, 1, 1, 16, 1, 8, 19, 3, 3, 3, 6, 3, 16, 3, 1, 1, 1, 1, 1, 1, 8, 10, 1, 1, 1, 3, 1, 3, 16, 16, 1, 3, 2, 2, 2, 1, 19, 1, 1, 1, 1, 2, 1, 1, 4, 4, 4, 3, 16, 2, 4, 16, 13, 14, 13, 13, 5, 7, 4, 13, 13, 4, 2, 3, 13, 14, 14, 13, 13, 16, 14, 13, 13, 16, 13, 10, 16, 4, 9, 13, 16, 13, 10, 10, 10, 1, 29, 2, 2, 1, 2, 2, 2, 2, 26, 2, 2, 2, 30, 14, 17, 20, 2, 11, 31, 29, 23, 25, 11, 11, 11, 25, 25, 14, 14, 2, 2, 6, 3, 2, 2, 2]"
xerces,18,seed18_solution050,seed18_solution050,0.5480948957584472,10.741085196193573,1.080988939562291,0.6483702682091297,0.5480948957584472,-10.741085196193573,1.080988939562291,True,False,"[0, 0, 0, 0, 0, 0, 0, 0, 0, 0, 0, 0, 0, 0, 1, 2, 0, 0, 0, 3, 2, 0, 0, 0, 0, 0, 3, 0, 0, 0, 0, 0, 0, 0, 0, 0, 0, 0, 0, 0, 0, 0, 0, 0, 0, 0, 0, 0, 0, 0, 0, 0, 0, 0, 0, 0, 0, 0, 0, 0, 0, 0, 0, 0, 2, 4, 0, 0, 5, 0, 0, 0, 0, 0, 0, 0, 0, 0, 0, 0, 0, 0, 0, 0, 0, 0, 0, 0, 0, 0, 0, 0, 0, 0, 0, 0, 0, 0, 0, 0, 6, 0, 7, 0, 0, 0, 8, 3, 3, 1, 1, 9, 0, 0, 7, 9, 10, 7, 8, 1, 8, 9, 7, 7, 7, 9, 7, 7, 6, 8, 11, 6, 12, 9, 8, 8, 8, 8, 7, 8, 7, 3, 7, 8, 7, 7, 1, 1, 11, 8, 1, 7, 9, 1, 1, 1, 1, 1, 1, 8, 1, 1, 1, 1, 1, 6, 11, 1, 1, 9, 1, 1, 1, 1, 1, 13, 9, 14, 7, 9, 15, 1, 9, 1, 9, 1, 1, 16, 1, 16, 8, 11, 13, 8, 11, 11, 10, 11, 13, 13, 17, 12, 11, 18, 10, 18, 15, 18, 10, 10, 12, 10, 10, 10, 8, 12, 12, 10, 10, 18, 10, 10, 10, 10, 10, 8, 10, 10, 10, 18, 18, 12, 12, 10, 10, 10, 10, 10, 10, 10, 10, 7, 9, 10, 10, 18, 3, 10, 10, 10, 10, 10, 18, 10, 12, 12, 10, 10, 1, 18, 10, 10, 10, 10, 10, 10, 18, 16, 18, 18, 18, 18, 10, 9, 16, 18, 12, 12, 10, 9, 19, 7, 9, 7, 7, 1, 2, 18, 1, 4, 11, 20, 13, 13, 11, 21, 11, 13, 11, 12, 12, 12, 12, 12, 12, 12, 12, 16, 16, 15, 12, 12, 15, 9, 12, 16, 15, 12, 12, 12, 22, 12, 12, 12, 10, 15, 12, 12, 12, 12, 12, 15, 12, 2, 4, 3, 18, 16, 18, 8, 18, 18, 18, 1, 15, 23, 16, 18, 3, 4, 4, 7, 4, 4, 2, 2, 4, 4, 18, 4, 18, 16, 16, 16, 21, 9, 8, 18, 18, 18, 16, 23, 18, 4, 3, 8, 1, 18, 18, 18, 16, 18, 16, 18, 4, 13, 4, 2, 2, 4, 4, 11, 2, 4, 4, 9, 7, 15, 7, 9, 9, 7, 4, 9, 9, 9, 14, 6, 14, 14, 14, 1, 14, 14, 14, 14, 14, 14, 14, 1, 13, 16, 5, 23, 6, 18, 14, 18, 16, 16, 18, 16, 8, 18, 18, 18, 18, 18, 18, 16, 18, 3, 13, 2, 18, 18, 18, 18, 8, 18, 8, 4, 16, 2, 16, 18, 16, 18, 18, 3, 16, 18, 18, 8, 8, 16, 18, 16, 18, 14, 14, 14, 10, 1, 1, 4, 1, 1, 1, 1, 14, 14, 14, 1, 1, 1, 16, 16, 16, 16, 16, 23, 23, 8, 3, 1, 1, 0, 2, 2, 4, 3, 14, 3, 3, 4, 3, 3, 4, 1, 1, 1, 1, 1, 4, 4, 4, 2, 14, 14, 14, 14, 14, 13, 14, 9, 3, 6, 3, 3, 3, 24, 14, 0, 1, 25, 1, 24, 1, 7, 4, 3, 3, 4, 14, 23, 1, 1, 24, 1, 1, 1, 1, 3, 6, 14, 4, 3, 3, 3, 1, 1, 3, 6, 3, 3, 3, 4, 4, 3, 4, 2, 1, 1, 1, 1, 1, 1, 1, 6, 6, 14, 6, 3, 14, 1, 25, 20, 26, 20, 20, 20, 26, 27, 20, 20, 20, 20, 20, 20, 20, 28, 27, 20, 24, 29, 25, 20, 29, 1, 21, 21, 21, 21, 20, 4, 12, 19, 4, 18, 8, 10, 14, 6, 4, 14, 1, 14, 14, 4, 1, 14, 24, 7, 2, 2, 1, 2, 13, 2, 14, 3, 2, 6, 6, 2, 4, 14, 16, 8, 1, 2, 6, 7, 7, 8, 7, 9, 7, 7, 3, 19, 6, 3, 14, 3, 7, 26, 4, 24, 24, 24, 24, 27, 24, 27, 24, 26, 24, 24, 1, 1, 7, 1, 1, 1, 1, 1, 1, 1, 16, 1, 1, 1, 1, 14, 1, 7, 14, 3, 3, 3, 6, 3, 18, 4, 1, 1, 1, 1, 1, 1, 7, 11, 1, 1, 1, 3, 1, 6, 14, 24, 1, 3, 2, 2, 2, 1, 14, 1, 15, 1, 1, 2, 1, 1, 4, 7, 4, 4, 14, 2, 4, 18, 18, 16, 16, 18, 5, 8, 4, 16, 18, 4, 4, 3, 18, 16, 16, 18, 16, 18, 16, 18, 16, 18, 18, 18, 18, 4, 9, 10, 18, 10, 10, 10, 10, 1, 30, 6, 2, 2, 2, 2, 2, 6, 29, 2, 1, 2, 31, 25, 20, 17, 2, 31, 28, 30, 24, 27, 27, 13, 24, 27, 27, 25, 27, 2, 2, 6, 3, 2, 2, 2]"
xerces,18,seed18_solution051,seed18_solution051,0.5517181883537023,8.389929542406659,0.941262858100568,0.691305467728377,0.5517181883537023,-8.389929542406659,0.941262858100568,True,False,"[0, 0, 0, 0, 0, 0, 0, 0, 0, 0, 0, 0, 0, 0, 1, 2, 0, 0, 0, 1, 2, 0, 0, 0, 0, 0, 3, 0, 0, 0, 0, 0, 0, 0, 0, 0, 0, 0, 0, 0, 0, 0, 0, 0, 0, 4, 0, 0, 0, 0, 0, 0, 0, 0, 0, 0, 0, 0, 0, 0, 0, 0, 0, 0, 0, 4, 0, 0, 4, 0, 0, 0, 0, 0, 0, 0, 0, 0, 0, 0, 0, 0, 0, 0, 0, 0, 0, 0, 0, 0, 0, 0, 0, 0, 0, 0, 0, 0, 0, 0, 5, 0, 6, 0, 0, 0, 5, 6, 5, 1, 1, 7, 0, 7, 6, 7, 7, 7, 8, 1, 7, 7, 9, 7, 7, 9, 7, 7, 7, 9, 7, 2, 7, 7, 9, 10, 7, 8, 5, 7, 5, 7, 7, 7, 7, 7, 1, 1, 7, 10, 1, 7, 1, 1, 1, 1, 1, 1, 8, 7, 1, 1, 1, 9, 3, 3, 7, 8, 1, 7, 1, 1, 1, 2, 1, 10, 4, 4, 8, 9, 9, 1, 7, 1, 6, 1, 1, 11, 1, 8, 10, 12, 12, 1, 12, 12, 13, 12, 13, 10, 14, 12, 12, 9, 10, 4, 1, 13, 10, 12, 10, 11, 10, 10, 12, 10, 10, 12, 13, 15, 11, 12, 11, 10, 13, 10, 11, 10, 10, 11, 15, 9, 15, 10, 10, 13, 10, 13, 10, 11, 11, 10, 15, 13, 11, 11, 10, 13, 10, 13, 10, 10, 11, 13, 10, 11, 10, 13, 1, 11, 10, 13, 10, 11, 10, 13, 9, 11, 11, 11, 4, 11, 10, 11, 4, 10, 13, 10, 10, 7, 7, 7, 7, 7, 7, 1, 4, 6, 1, 5, 15, 15, 14, 15, 12, 13, 14, 12, 8, 15, 15, 15, 16, 14, 15, 15, 14, 15, 14, 15, 14, 15, 15, 6, 15, 14, 15, 15, 14, 14, 14, 15, 15, 15, 15, 13, 14, 15, 15, 15, 14, 14, 15, 3, 4, 2, 2, 11, 11, 11, 11, 11, 11, 1, 14, 9, 8, 11, 4, 3, 4, 4, 4, 4, 4, 3, 4, 5, 4, 5, 10, 4, 11, 9, 11, 11, 8, 11, 8, 11, 4, 11, 11, 4, 3, 15, 9, 11, 4, 11, 11, 9, 10, 4, 4, 13, 6, 6, 4, 3, 6, 13, 6, 4, 4, 10, 9, 8, 4, 9, 9, 6, 6, 9, 6, 9, 16, 17, 17, 16, 18, 1, 16, 18, 16, 18, 18, 16, 12, 4, 14, 11, 11, 11, 2, 11, 18, 8, 4, 11, 4, 11, 11, 9, 11, 11, 15, 11, 10, 11, 14, 3, 17, 1, 11, 10, 11, 8, 11, 11, 11, 5, 11, 4, 1, 11, 13, 10, 11, 3, 13, 11, 11, 9, 11, 4, 18, 10, 12, 18, 18, 16, 18, 1, 1, 3, 1, 13, 7, 9, 18, 18, 16, 1, 1, 1, 17, 17, 17, 18, 17, 18, 17, 18, 3, 1, 1, 0, 2, 3, 1, 2, 17, 3, 3, 5, 3, 3, 6, 1, 1, 10, 1, 1, 1, 4, 4, 4, 18, 16, 16, 18, 16, 16, 16, 16, 7, 3, 3, 3, 3, 17, 18, 0, 19, 18, 1, 16, 1, 1, 3, 20, 3, 5, 18, 17, 1, 1, 18, 1, 1, 9, 1, 7, 3, 18, 3, 3, 3, 3, 1, 1, 3, 3, 3, 3, 3, 7, 3, 3, 4, 2, 8, 1, 15, 7, 1, 1, 1, 3, 3, 18, 7, 3, 18, 1, 19, 20, 11, 20, 19, 10, 11, 20, 19, 20, 21, 20, 21, 10, 19, 21, 13, 13, 11, 20, 21, 20, 19, 9, 13, 20, 11, 19, 20, 3, 18, 22, 3, 11, 11, 21, 18, 2, 3, 18, 1, 16, 17, 2, 1, 18, 18, 7, 2, 2, 9, 3, 3, 2, 18, 3, 3, 2, 2, 2, 3, 16, 15, 11, 2, 1, 3, 7, 7, 7, 8, 7, 7, 6, 3, 22, 3, 3, 16, 3, 7, 23, 1, 23, 24, 24, 23, 25, 25, 24, 23, 23, 23, 23, 1, 1, 11, 6, 1, 1, 1, 1, 1, 1, 1, 1, 1, 1, 1, 16, 1, 7, 16, 3, 3, 3, 3, 3, 3, 3, 1, 1, 6, 1, 1, 1, 7, 8, 6, 1, 9, 3, 1, 3, 18, 16, 1, 2, 2, 2, 2, 1, 16, 1, 1, 1, 1, 2, 1, 1, 4, 5, 4, 3, 18, 4, 8, 4, 11, 11, 11, 4, 25, 4, 4, 11, 11, 4, 3, 3, 10, 7, 1, 11, 9, 15, 1, 8, 4, 1, 9, 9, 5, 4, 6, 11, 12, 12, 10, 12, 11, 1, 2, 2, 2, 1, 2, 2, 2, 2, 2, 2, 2, 11, 25, 25, 26, 23, 2, 26, 18, 2, 26, 27, 27, 19, 27, 27, 26, 26, 26, 2, 2, 2, 2, 2, 2, 2]"
xerces,18,seed18_solution053,seed18_solution053,0.5705248023005033,0.49275311488277856,0.857289669655141,0.6985381409055693,0.5705248023005033,-0.49275311488277856,0.857289669655141,True,False,"[0, 0, 0, 0, 0, 0, 0, 0, 0, 0, 0, 0, 0, 0, 1, 2, 0, 0, 3, 4, 2, 0, 0, 0, 0, 0, 3, 0, 0, 0, 4, 5, 0, 0, 0, 0, 0, 0, 0, 0, 0, 0, 0, 0, 0, 6, 0, 0, 0, 0, 7, 0, 0, 0, 0, 0, 0, 0, 1, 0, 0, 0, 0, 0, 0, 7, 8, 0, 7, 0, 4, 0, 0, 0, 0, 0, 0, 0, 0, 9, 0, 8, 0, 0, 0, 0, 10, 0, 0, 0, 0, 0, 0, 0, 0, 0, 0, 0, 0, 0, 3, 0, 4, 11, 0, 0, 3, 3, 3, 1, 1, 5, 0, 12, 12, 12, 12, 13, 12, 1, 5, 12, 5, 13, 5, 5, 12, 6, 12, 4, 5, 14, 5, 5, 12, 5, 14, 5, 12, 3, 12, 7, 13, 5, 5, 6, 15, 1, 5, 12, 1, 5, 6, 1, 1, 15, 1, 1, 1, 12, 2, 1, 1, 1, 1, 6, 13, 6, 2, 16, 1, 1, 1, 17, 1, 6, 5, 6, 6, 5, 5, 2, 5, 2, 1, 1, 1, 8, 1, 8, 4, 10, 18, 3, 10, 18, 10, 10, 10, 9, 9, 10, 10, 6, 9, 3, 3, 19, 9, 20, 12, 9, 9, 9, 9, 20, 4, 9, 21, 12, 4, 10, 9, 9, 19, 19, 20, 9, 9, 6, 2, 1, 9, 20, 20, 20, 9, 4, 10, 20, 20, 6, 9, 4, 4, 8, 20, 17, 9, 20, 20, 9, 8, 20, 20, 9, 20, 9, 1, 8, 11, 11, 9, 4, 17, 9, 8, 8, 8, 22, 23, 3, 4, 8, 8, 10, 20, 4, 9, 12, 5, 5, 12, 5, 13, 1, 7, 7, 1, 7, 11, 12, 16, 11, 16, 12, 16, 13, 12, 13, 13, 13, 9, 18, 9, 23, 23, 13, 9, 13, 19, 13, 13, 4, 13, 13, 13, 13, 19, 23, 13, 23, 13, 13, 13, 13, 23, 23, 13, 11, 21, 13, 13, 7, 7, 14, 7, 8, 8, 8, 8, 3, 8, 7, 19, 8, 8, 8, 5, 6, 7, 7, 7, 7, 7, 7, 7, 7, 7, 7, 8, 8, 8, 8, 8, 17, 2, 8, 22, 8, 6, 8, 0, 7, 14, 8, 1, 9, 8, 8, 8, 8, 24, 7, 7, 11, 7, 7, 7, 7, 6, 12, 7, 7, 6, 5, 6, 8, 21, 21, 6, 9, 7, 21, 6, 5, 13, 22, 2, 25, 13, 1, 15, 13, 13, 13, 13, 11, 15, 1, 15, 8, 8, 8, 14, 22, 13, 25, 8, 8, 8, 8, 8, 8, 8, 8, 8, 8, 8, 8, 8, 14, 13, 14, 8, 8, 8, 25, 8, 3, 8, 6, 8, 7, 8, 8, 8, 8, 8, 6, 8, 8, 3, 8, 13, 4, 21, 8, 8, 11, 17, 15, 11, 1, 1, 8, 1, 0, 1, 1, 1, 15, 25, 1, 1, 19, 22, 2, 23, 2, 17, 20, 2, 23, 14, 7, 1, 0, 2, 11, 14, 5, 13, 14, 9, 14, 14, 1, 7, 1, 1, 1, 1, 4, 17, 6, 6, 6, 11, 6, 15, 22, 15, 24, 11, 15, 14, 14, 2, 14, 14, 22, 5, 0, 23, 17, 1, 15, 1, 1, 5, 14, 14, 14, 15, 13, 1, 1, 17, 1, 24, 6, 1, 4, 14, 15, 14, 6, 14, 6, 4, 1, 12, 6, 4, 14, 22, 6, 25, 6, 14, 2, 1, 1, 1, 11, 1, 1, 1, 17, 14, 15, 14, 14, 22, 1, 19, 19, 17, 9, 22, 19, 25, 17, 18, 18, 19, 11, 11, 18, 18, 25, 25, 17, 17, 17, 17, 1, 18, 1, 9, 3, 24, 19, 18, 14, 15, 25, 14, 8, 8, 23, 13, 2, 6, 22, 1, 25, 15, 14, 1, 13, 13, 5, 7, 2, 1, 7, 14, 7, 11, 14, 14, 2, 2, 2, 14, 13, 8, 8, 1, 2, 2, 13, 5, 12, 5, 5, 5, 20, 5, 25, 14, 5, 15, 5, 5, 10, 1, 16, 10, 18, 24, 21, 21, 17, 20, 21, 25, 17, 1, 4, 6, 2, 1, 4, 1, 2, 1, 2, 1, 1, 1, 1, 1, 15, 2, 13, 13, 14, 5, 25, 5, 14, 5, 6, 1, 1, 2, 1, 1, 1, 13, 21, 10, 1, 20, 6, 1, 14, 17, 15, 1, 2, 7, 11, 2, 1, 22, 1, 2, 1, 1, 2, 1, 1, 7, 4, 7, 13, 13, 7, 7, 22, 8, 8, 8, 8, 21, 8, 7, 8, 8, 7, 14, 14, 8, 3, 8, 3, 8, 8, 8, 21, 8, 8, 8, 8, 8, 23, 6, 3, 8, 14, 22, 9, 9, 1, 2, 2, 2, 2, 2, 17, 14, 14, 2, 24, 2, 7, 16, 16, 8, 20, 7, 5, 10, 2, 20, 17, 26, 26, 20, 26, 26, 27, 25, 2, 2, 14, 2, 2, 7, 14]"
xerces,18,seed18_solution054,seed18_solution054,0.5920057512580877,8.864808701801284,0.9768029500795197,0.703382331262958,0.5920057512580877,-8.864808701801284,0.9768029500795197,True,False,"[0, 0, 0, 0, 0, 0, 0, 0, 0, 0, 0, 0, 0, 0, 1, 2, 0, 0, 0, 3, 2, 0, 0, 0, 0, 0, 3, 0, 0, 0, 0, 0, 0, 0, 0, 0, 0, 0, 0, 0, 0, 0, 0, 0, 0, 0, 0, 0, 0, 0, 0, 0, 0, 0, 0, 0, 0, 0, 0, 0, 0, 0, 0, 0, 0, 4, 5, 0, 5, 0, 0, 0, 0, 0, 0, 0, 0, 0, 0, 0, 0, 0, 0, 0, 0, 0, 0, 0, 0, 0, 0, 0, 0, 0, 0, 0, 0, 0, 0, 0, 6, 0, 7, 0, 0, 0, 8, 5, 5, 1, 1, 9, 0, 0, 7, 9, 8, 8, 8, 1, 8, 9, 8, 7, 7, 9, 8, 7, 6, 8, 7, 5, 10, 9, 8, 8, 8, 8, 7, 4, 7, 3, 7, 7, 7, 7, 1, 1, 11, 8, 1, 8, 9, 1, 1, 1, 1, 1, 1, 8, 1, 1, 1, 1, 1, 6, 11, 1, 1, 8, 1, 1, 1, 1, 1, 9, 12, 12, 7, 12, 13, 1, 12, 1, 9, 1, 1, 14, 1, 11, 8, 10, 10, 4, 15, 15, 12, 11, 15, 16, 17, 10, 15, 18, 10, 18, 13, 18, 12, 10, 10, 12, 10, 12, 8, 11, 10, 12, 10, 9, 9, 12, 12, 12, 15, 8, 11, 12, 12, 18, 18, 10, 10, 12, 12, 12, 12, 10, 12, 10, 10, 10, 9, 12, 12, 11, 3, 12, 11, 12, 12, 12, 18, 11, 10, 10, 12, 11, 1, 18, 12, 12, 12, 12, 11, 12, 18, 11, 18, 9, 9, 18, 12, 9, 14, 18, 10, 11, 12, 7, 19, 7, 8, 7, 8, 1, 2, 18, 1, 3, 11, 15, 16, 16, 10, 16, 11, 15, 11, 13, 16, 10, 10, 16, 10, 10, 10, 14, 14, 13, 10, 10, 13, 9, 13, 14, 16, 10, 10, 16, 13, 16, 13, 16, 12, 13, 10, 10, 10, 13, 10, 13, 13, 4, 4, 3, 18, 11, 18, 11, 18, 11, 11, 2, 13, 20, 9, 18, 3, 4, 4, 7, 4, 4, 2, 4, 4, 4, 18, 5, 18, 14, 14, 9, 11, 9, 8, 18, 18, 9, 14, 20, 18, 4, 3, 11, 1, 18, 11, 11, 9, 11, 11, 4, 4, 15, 4, 4, 2, 4, 4, 15, 4, 4, 4, 9, 12, 11, 9, 9, 12, 7, 4, 12, 9, 9, 17, 17, 16, 16, 17, 1, 14, 16, 16, 16, 16, 17, 17, 1, 15, 11, 5, 20, 2, 11, 16, 11, 14, 14, 3, 14, 11, 11, 18, 9, 11, 9, 11, 8, 11, 3, 14, 5, 9, 18, 11, 9, 8, 9, 11, 4, 11, 2, 14, 11, 14, 18, 18, 3, 11, 11, 11, 8, 8, 11, 18, 14, 9, 16, 17, 16, 14, 1, 1, 4, 1, 1, 1, 1, 16, 14, 14, 1, 1, 1, 19, 19, 17, 14, 17, 1, 19, 19, 3, 1, 1, 0, 2, 2, 3, 3, 16, 3, 3, 4, 3, 3, 4, 1, 2, 1, 1, 1, 4, 4, 4, 2, 16, 17, 17, 17, 16, 15, 16, 9, 3, 6, 3, 3, 3, 17, 16, 0, 18, 21, 1, 17, 1, 1, 4, 3, 5, 3, 16, 20, 1, 1, 22, 1, 1, 1, 1, 3, 6, 17, 4, 3, 5, 3, 1, 2, 3, 6, 3, 3, 3, 4, 3, 3, 3, 2, 1, 1, 1, 1, 1, 1, 1, 6, 3, 16, 6, 3, 16, 1, 23, 24, 25, 23, 26, 24, 26, 27, 24, 24, 24, 24, 26, 26, 24, 28, 27, 24, 22, 23, 23, 24, 29, 1, 23, 23, 22, 23, 24, 3, 10, 19, 4, 9, 11, 17, 16, 6, 4, 19, 1, 17, 17, 2, 1, 16, 22, 7, 2, 2, 1, 3, 15, 2, 16, 3, 2, 6, 6, 2, 4, 17, 11, 8, 2, 2, 2, 6, 8, 8, 8, 7, 7, 7, 3, 19, 3, 3, 16, 3, 7, 25, 4, 22, 17, 22, 22, 21, 22, 27, 22, 25, 22, 22, 1, 1, 7, 1, 1, 1, 1, 1, 1, 1, 14, 1, 1, 1, 1, 14, 1, 8, 17, 3, 5, 3, 6, 3, 3, 4, 1, 1, 1, 1, 1, 1, 7, 11, 1, 1, 1, 3, 1, 5, 17, 22, 1, 2, 2, 2, 2, 1, 16, 2, 13, 1, 1, 2, 1, 1, 4, 7, 4, 4, 14, 2, 4, 18, 18, 14, 11, 11, 5, 8, 4, 14, 18, 4, 5, 3, 11, 14, 11, 18, 11, 18, 11, 11, 14, 18, 11, 11, 11, 4, 9, 12, 10, 12, 12, 12, 12, 1, 30, 6, 2, 2, 2, 2, 2, 6, 2, 2, 1, 2, 3, 21, 24, 27, 2, 28, 24, 30, 22, 24, 25, 15, 22, 10, 27, 21, 25, 2, 2, 2, 3, 2, 2, 2]"
xerces,18,seed18_solution055,seed18_solution055,0.5945650611071172,8.609727030604525,0.8716058215154695,0.7463485721605291,0.5945650611071172,-8.609727030604525,0.8716058215154695,True,False,"[0, 0, 0, 0, 0, 0, 0, 0, 0, 0, 0, 0, 0, 0, 1, 2, 0, 0, 0, 2, 2, 0, 0, 0, 0, 0, 2, 0, 0, 0, 0, 0, 0, 0, 0, 0, 0, 0, 0, 0, 0, 0, 0, 0, 0, 0, 0, 0, 0, 0, 0, 0, 0, 0, 0, 0, 0, 0, 0, 0, 0, 0, 0, 0, 0, 3, 0, 0, 3, 0, 0, 0, 0, 0, 0, 0, 0, 0, 0, 0, 0, 0, 0, 0, 0, 0, 0, 0, 0, 0, 0, 0, 0, 0, 0, 0, 0, 0, 0, 0, 4, 0, 4, 0, 0, 0, 4, 4, 4, 1, 1, 5, 0, 5, 6, 5, 6, 7, 6, 1, 6, 6, 8, 6, 7, 9, 8, 6, 6, 6, 6, 2, 9, 6, 9, 10, 7, 8, 6, 6, 5, 6, 4, 5, 6, 6, 1, 1, 6, 10, 1, 6, 6, 1, 1, 1, 8, 1, 8, 6, 1, 1, 3, 3, 1, 5, 6, 1, 1, 6, 1, 1, 1, 2, 1, 10, 8, 6, 5, 6, 11, 1, 6, 1, 2, 1, 9, 9, 1, 8, 10, 12, 10, 9, 11, 10, 13, 9, 13, 10, 3, 8, 12, 7, 10, 14, 1, 10, 10, 10, 14, 14, 10, 10, 11, 10, 10, 11, 13, 15, 10, 10, 10, 14, 10, 10, 14, 9, 10, 9, 13, 9, 5, 10, 10, 11, 10, 10, 10, 10, 12, 0, 12, 11, 9, 3, 14, 10, 2, 4, 11, 11, 10, 10, 9, 10, 12, 10, 3, 9, 13, 9, 11, 10, 10, 10, 9, 9, 9, 9, 9, 10, 10, 14, 10, 12, 10, 9, 10, 6, 1, 5, 6, 6, 5, 1, 3, 3, 1, 1, 13, 12, 13, 15, 13, 13, 15, 12, 3, 15, 12, 12, 16, 12, 15, 13, 13, 15, 15, 15, 12, 13, 13, 5, 10, 15, 12, 12, 13, 10, 15, 12, 15, 13, 15, 13, 12, 13, 12, 12, 15, 13, 12, 2, 7, 3, 2, 9, 9, 14, 9, 9, 14, 1, 16, 9, 9, 11, 3, 7, 3, 7, 3, 2, 4, 1, 3, 3, 3, 14, 5, 3, 9, 14, 6, 9, 14, 10, 10, 14, 14, 10, 10, 7, 3, 11, 3, 9, 3, 9, 14, 9, 10, 7, 7, 12, 2, 3, 7, 7, 7, 17, 7, 3, 0, 6, 9, 9, 8, 8, 8, 7, 7, 5, 5, 8, 17, 17, 2, 17, 16, 1, 16, 16, 16, 18, 16, 16, 11, 3, 16, 10, 14, 10, 2, 14, 16, 9, 10, 10, 14, 14, 7, 9, 9, 14, 14, 14, 10, 9, 12, 3, 16, 7, 9, 11, 9, 9, 10, 14, 9, 4, 2, 3, 1, 0, 10, 10, 14, 1, 13, 10, 11, 9, 9, 14, 14, 0, 11, 18, 18, 7, 16, 3, 1, 3, 4, 2, 6, 1, 18, 16, 17, 1, 1, 8, 17, 17, 18, 16, 17, 18, 17, 16, 2, 1, 1, 0, 2, 2, 12, 2, 17, 2, 1, 7, 7, 7, 3, 3, 1, 6, 4, 3, 2, 1, 7, 5, 18, 16, 16, 16, 16, 17, 16, 18, 4, 2, 2, 1, 3, 17, 16, 0, 19, 16, 1, 2, 1, 1, 7, 4, 7, 4, 16, 16, 1, 1, 19, 1, 1, 1, 1, 6, 7, 16, 3, 7, 4, 2, 8, 8, 7, 7, 7, 7, 7, 6, 7, 3, 14, 1, 8, 8, 12, 1, 1, 3, 3, 7, 3, 18, 3, 2, 16, 1, 20, 20, 20, 20, 19, 14, 19, 21, 20, 21, 19, 20, 21, 20, 19, 20, 20, 20, 14, 13, 21, 21, 21, 1, 13, 20, 20, 21, 20, 6, 18, 22, 7, 9, 14, 21, 18, 2, 3, 18, 1, 17, 16, 3, 1, 18, 18, 8, 2, 2, 1, 7, 7, 2, 16, 7, 7, 2, 2, 2, 7, 17, 7, 14, 19, 1, 7, 6, 6, 5, 6, 6, 6, 5, 7, 22, 1, 6, 16, 7, 6, 19, 1, 23, 24, 23, 23, 24, 23, 24, 24, 25, 23, 23, 1, 1, 1, 5, 1, 3, 1, 1, 1, 1, 3, 1, 1, 1, 1, 16, 1, 7, 16, 3, 1, 14, 7, 2, 7, 7, 1, 1, 5, 1, 1, 14, 6, 8, 1, 3, 8, 2, 1, 2, 16, 16, 4, 2, 3, 5, 1, 1, 17, 1, 1, 1, 5, 2, 4, 1, 3, 7, 3, 4, 17, 7, 7, 11, 9, 14, 9, 3, 25, 3, 2, 9, 14, 7, 7, 7, 10, 9, 24, 9, 9, 9, 10, 9, 14, 1, 8, 10, 4, 3, 5, 9, 11, 11, 14, 10, 14, 1, 2, 2, 2, 1, 2, 2, 2, 2, 2, 2, 2, 14, 26, 25, 26, 14, 2, 25, 18, 2, 12, 18, 26, 19, 26, 26, 14, 26, 25, 3, 3, 2, 2, 1, 2, 2]"
xerces,18,seed18_solution059,seed18_solution059,0.6297915168943207,14.304620871828229,1.08995409424327,0.7187993590035721,0.6297915168943207,-14.304620871828229,1.08995409424327,True,False,"[0, 0, 0, 0, 0, 0, 0, 0, 0, 0, 0, 0, 0, 0, 1, 2, 0, 0, 0, 3, 3, 0, 0, 0, 0, 0, 4, 0, 0, 0, 0, 0, 0, 0, 0, 0, 0, 0, 0, 0, 0, 0, 0, 0, 0, 0, 0, 0, 0, 0, 0, 0, 0, 0, 0, 3, 0, 0, 0, 0, 0, 0, 0, 0, 2, 2, 0, 0, 2, 0, 0, 0, 0, 0, 5, 0, 0, 0, 0, 0, 0, 0, 0, 0, 0, 0, 0, 0, 0, 0, 0, 0, 0, 0, 0, 0, 0, 0, 0, 0, 6, 0, 7, 0, 0, 0, 2, 3, 3, 1, 1, 8, 0, 9, 7, 8, 10, 4, 5, 1, 5, 8, 11, 5, 8, 8, 12, 5, 6, 5, 12, 6, 13, 8, 5, 5, 5, 5, 4, 5, 5, 3, 5, 5, 5, 5, 1, 1, 12, 5, 1, 5, 8, 1, 1, 1, 1, 1, 1, 5, 1, 1, 1, 1, 1, 6, 12, 1, 8, 8, 1, 1, 1, 1, 1, 11, 14, 15, 7, 7, 14, 1, 7, 1, 8, 1, 1, 16, 1, 16, 5, 12, 12, 5, 12, 12, 10, 12, 9, 10, 17, 13, 12, 9, 13, 16, 14, 9, 10, 10, 13, 18, 10, 10, 5, 13, 13, 10, 10, 16, 10, 10, 10, 13, 10, 5, 10, 10, 10, 7, 14, 13, 13, 19, 10, 20, 13, 10, 10, 5, 9, 7, 8, 10, 10, 16, 3, 13, 10, 10, 13, 5, 16, 10, 13, 13, 10, 13, 1, 5, 17, 10, 10, 10, 10, 10, 14, 16, 16, 5, 16, 8, 10, 8, 16, 5, 13, 13, 10, 8, 21, 8, 8, 8, 5, 1, 2, 9, 1, 2, 11, 19, 11, 11, 11, 20, 19, 11, 1, 16, 16, 14, 14, 16, 14, 14, 13, 16, 16, 14, 10, 13, 14, 8, 13, 16, 14, 16, 13, 13, 22, 14, 14, 10, 10, 14, 13, 14, 14, 14, 16, 14, 13, 2, 2, 6, 9, 16, 16, 5, 16, 10, 16, 1, 13, 18, 16, 8, 4, 4, 8, 7, 2, 4, 2, 2, 2, 9, 9, 2, 16, 16, 16, 16, 20, 8, 5, 5, 8, 16, 16, 18, 16, 4, 4, 5, 1, 16, 8, 16, 16, 16, 16, 9, 4, 11, 2, 2, 2, 2, 2, 19, 2, 9, 2, 15, 7, 14, 7, 7, 7, 7, 3, 7, 14, 7, 15, 6, 23, 15, 15, 1, 15, 23, 23, 15, 11, 15, 15, 1, 11, 16, 24, 18, 6, 12, 23, 5, 16, 16, 16, 16, 5, 5, 8, 16, 8, 16, 5, 16, 5, 6, 11, 2, 5, 5, 16, 10, 5, 16, 5, 3, 16, 2, 16, 16, 16, 16, 10, 3, 16, 16, 16, 5, 5, 16, 16, 16, 16, 5, 15, 15, 10, 1, 1, 4, 1, 7, 1, 1, 23, 15, 15, 1, 1, 1, 18, 2, 17, 5, 25, 18, 18, 5, 6, 3, 1, 0, 3, 3, 4, 4, 23, 4, 3, 4, 6, 4, 2, 1, 1, 1, 1, 7, 4, 2, 4, 2, 15, 15, 15, 11, 15, 11, 15, 8, 5, 6, 3, 6, 3, 23, 15, 0, 1, 26, 1, 23, 1, 7, 4, 2, 4, 4, 15, 18, 1, 1, 23, 1, 1, 1, 1, 4, 6, 15, 4, 4, 4, 4, 1, 1, 7, 6, 6, 4, 3, 4, 4, 4, 4, 2, 1, 1, 1, 1, 8, 1, 1, 6, 6, 15, 6, 4, 15, 1, 26, 15, 25, 17, 25, 27, 25, 27, 28, 19, 27, 19, 28, 19, 17, 29, 27, 26, 23, 30, 26, 30, 30, 1, 19, 19, 19, 28, 19, 4, 13, 31, 4, 16, 5, 10, 15, 6, 4, 15, 4, 15, 15, 4, 1, 15, 23, 5, 6, 6, 1, 6, 11, 6, 15, 3, 2, 6, 6, 3, 4, 15, 16, 5, 1, 3, 6, 12, 8, 5, 24, 8, 8, 17, 3, 31, 6, 4, 15, 4, 8, 25, 4, 28, 20, 16, 28, 27, 30, 27, 23, 25, 23, 32, 1, 7, 7, 1, 1, 1, 1, 1, 1, 1, 16, 1, 1, 1, 1, 15, 8, 5, 15, 4, 6, 4, 6, 6, 9, 4, 1, 1, 1, 1, 14, 1, 5, 12, 1, 1, 1, 6, 1, 6, 15, 23, 1, 3, 2, 6, 6, 1, 15, 1, 14, 1, 1, 2, 1, 21, 2, 7, 2, 4, 11, 2, 9, 14, 5, 16, 16, 8, 25, 5, 4, 16, 20, 2, 4, 3, 5, 16, 16, 16, 16, 7, 16, 16, 16, 16, 16, 2, 16, 2, 8, 13, 5, 5, 10, 10, 10, 1, 33, 6, 6, 6, 6, 6, 6, 6, 30, 6, 1, 6, 28, 21, 19, 17, 6, 20, 22, 33, 23, 26, 26, 11, 23, 26, 17, 26, 24, 2, 3, 6, 3, 6, 2, 2]"
xerces,18,seed18_solution060,seed18_solution060,0.6328684399712438,0.5690758447870999,0.8189193243647686,0.7166469674568663,0.6328684399712438,-0.5690758447870999,0.8189193243647686,True,False,"[0, 0, 0, 0, 0, 0, 0, 0, 0, 0, 0, 0, 0, 0, 1, 2, 0, 3, 0, 4, 2, 0, 0, 0, 0, 0, 3, 0, 0, 0, 0, 0, 0, 0, 0, 0, 0, 0, 0, 0, 0, 0, 0, 0, 0, 0, 0, 0, 0, 0, 0, 0, 0, 0, 0, 0, 0, 0, 0, 0, 0, 0, 0, 0, 0, 4, 0, 0, 4, 0, 0, 0, 0, 0, 0, 0, 0, 0, 5, 0, 0, 0, 0, 0, 0, 0, 0, 0, 0, 0, 0, 0, 0, 0, 0, 0, 0, 0, 0, 0, 6, 0, 4, 0, 0, 0, 7, 6, 4, 7, 1, 4, 0, 8, 9, 2, 7, 2, 2, 1, 9, 10, 11, 7, 9, 7, 9, 5, 8, 10, 9, 3, 9, 11, 7, 9, 6, 9, 9, 9, 9, 6, 11, 7, 9, 7, 1, 1, 8, 9, 12, 9, 5, 1, 1, 13, 1, 1, 1, 9, 1, 1, 13, 1, 5, 4, 7, 5, 1, 11, 13, 8, 5, 1, 1, 8, 7, 14, 7, 5, 8, 1, 15, 1, 1, 1, 4, 13, 1, 13, 16, 14, 5, 13, 11, 5, 10, 5, 5, 11, 10, 10, 11, 4, 17, 13, 10, 18, 19, 10, 19, 8, 19, 19, 10, 10, 10, 19, 8, 8, 20, 19, 19, 8, 8, 20, 10, 10, 19, 13, 17, 10, 16, 8, 10, 10, 19, 19, 19, 10, 10, 19, 10, 10, 1, 17, 10, 10, 10, 19, 10, 19, 21, 19, 19, 10, 8, 10, 1, 17, 10, 3, 8, 19, 12, 19, 17, 13, 17, 13, 17, 13, 10, 17, 17, 17, 10, 8, 10, 9, 9, 11, 9, 9, 9, 1, 4, 4, 1, 22, 12, 12, 12, 12, 14, 12, 12, 17, 12, 23, 17, 24, 14, 24, 17, 20, 17, 5, 23, 17, 17, 24, 24, 7, 17, 17, 24, 17, 14, 17, 17, 24, 17, 24, 24, 17, 14, 17, 24, 17, 24, 17, 15, 4, 4, 22, 4, 21, 13, 13, 23, 13, 15, 1, 10, 13, 13, 13, 10, 3, 11, 4, 22, 4, 4, 4, 4, 2, 4, 22, 17, 13, 21, 17, 7, 13, 7, 4, 10, 17, 17, 13, 17, 4, 3, 17, 1, 13, 17, 4, 21, 13, 13, 4, 4, 13, 4, 4, 4, 4, 7, 11, 4, 3, 4, 5, 5, 13, 5, 2, 8, 5, 4, 2, 5, 8, 11, 21, 14, 15, 3, 1, 3, 21, 15, 14, 15, 14, 15, 1, 14, 21, 13, 13, 2, 13, 24, 17, 10, 13, 13, 13, 17, 17, 10, 17, 21, 13, 13, 13, 13, 3, 3, 3, 17, 13, 20, 21, 17, 13, 13, 6, 13, 2, 25, 13, 17, 13, 21, 3, 17, 7, 17, 13, 13, 23, 13, 17, 13, 15, 14, 15, 14, 1, 1, 3, 1, 1, 1, 1, 14, 15, 14, 1, 1, 1, 21, 18, 16, 21, 21, 21, 18, 18, 4, 22, 1, 0, 2, 2, 3, 8, 15, 6, 3, 2, 4, 4, 22, 1, 1, 1, 1, 1, 4, 4, 4, 4, 14, 15, 15, 11, 14, 15, 3, 15, 4, 3, 3, 12, 3, 23, 15, 0, 16, 14, 13, 24, 1, 1, 6, 4, 3, 2, 21, 11, 1, 1, 9, 1, 13, 1, 1, 3, 3, 15, 3, 3, 26, 4, 7, 1, 3, 3, 3, 10, 3, 3, 3, 18, 3, 2, 1, 1, 1, 7, 1, 1, 1, 7, 6, 15, 2, 6, 14, 6, 21, 19, 12, 24, 22, 26, 22, 22, 27, 21, 12, 21, 20, 5, 21, 15, 27, 21, 5, 19, 21, 15, 22, 1, 26, 21, 12, 16, 26, 3, 14, 22, 3, 15, 13, 16, 14, 12, 3, 14, 1, 24, 15, 4, 1, 14, 14, 9, 2, 20, 1, 6, 6, 2, 14, 3, 2, 2, 2, 20, 4, 11, 4, 13, 1, 2, 1, 9, 11, 9, 11, 11, 7, 9, 4, 12, 3, 3, 15, 3, 9, 18, 1, 18, 27, 22, 18, 18, 20, 18, 20, 20, 24, 25, 1, 7, 1, 1, 1, 1, 1, 1, 1, 1, 1, 13, 7, 1, 13, 15, 1, 7, 14, 8, 4, 14, 3, 3, 17, 3, 1, 5, 7, 1, 13, 1, 7, 1, 1, 1, 1, 3, 1, 3, 14, 15, 1, 2, 2, 2, 2, 7, 14, 1, 1, 1, 13, 2, 1, 1, 4, 7, 24, 3, 21, 8, 4, 5, 13, 13, 21, 21, 20, 17, 22, 21, 10, 4, 3, 2, 23, 13, 10, 21, 17, 17, 13, 17, 17, 17, 4, 4, 15, 4, 13, 10, 21, 10, 19, 10, 10, 5, 2, 2, 2, 1, 2, 2, 2, 2, 2, 2, 2, 2, 27, 27, 19, 20, 2, 20, 27, 2, 23, 22, 25, 21, 23, 11, 20, 25, 25, 2, 2, 2, 2, 2, 2, 2]"
xerces,18,seed18_solution062,seed18_solution062,0.6516175413371675,0.4968803331148522,0.8028685539166328,0.7408118555898755,0.6516175413371675,-0.4968803331148522,0.8028685539166328,True,False,"[0, 0, 0, 0, 0, 0, 0, 0, 0, 0, 0, 0, 0, 0, 1, 2, 0, 3, 0, 3, 1, 0, 0, 0, 0, 0, 3, 0, 0, 0, 0, 0, 0, 0, 0, 0, 0, 0, 0, 0, 0, 0, 0, 0, 4, 0, 0, 0, 0, 0, 0, 0, 0, 0, 0, 5, 0, 0, 0, 0, 0, 0, 0, 0, 0, 6, 0, 0, 6, 0, 0, 0, 0, 0, 0, 0, 0, 0, 7, 0, 0, 0, 0, 0, 8, 0, 0, 0, 0, 0, 0, 0, 4, 0, 0, 0, 0, 0, 0, 0, 9, 0, 4, 0, 0, 0, 10, 4, 9, 1, 1, 6, 0, 11, 4, 11, 4, 2, 11, 1, 11, 11, 11, 4, 11, 4, 10, 7, 5, 10, 11, 3, 4, 7, 11, 11, 11, 7, 4, 4, 4, 10, 11, 4, 2, 4, 1, 8, 5, 11, 12, 11, 10, 1, 1, 1, 1, 1, 1, 10, 1, 1, 8, 1, 1, 3, 4, 11, 1, 13, 1, 1, 7, 8, 1, 8, 7, 5, 4, 5, 5, 1, 14, 1, 1, 1, 6, 8, 1, 8, 15, 13, 13, 8, 16, 7, 13, 7, 13, 13, 11, 10, 7, 6, 13, 16, 1, 17, 18, 18, 10, 10, 18, 18, 5, 18, 10, 13, 13, 11, 19, 18, 18, 5, 10, 19, 13, 10, 10, 8, 16, 18, 15, 10, 8, 15, 13, 18, 18, 18, 5, 7, 5, 13, 10, 8, 18, 20, 18, 18, 13, 10, 13, 13, 8, 10, 13, 10, 1, 8, 13, 10, 5, 18, 10, 18, 16, 8, 16, 14, 16, 5, 15, 8, 16, 8, 18, 5, 13, 4, 11, 11, 11, 4, 6, 1, 6, 6, 1, 21, 16, 10, 14, 22, 20, 8, 16, 23, 16, 24, 19, 23, 14, 14, 23, 23, 23, 23, 23, 25, 14, 25, 23, 19, 24, 14, 25, 23, 25, 25, 7, 25, 23, 23, 25, 14, 11, 23, 25, 23, 23, 14, 14, 6, 6, 3, 6, 8, 16, 8, 8, 23, 8, 1, 14, 8, 8, 23, 10, 3, 6, 6, 6, 21, 6, 6, 6, 21, 6, 21, 16, 16, 23, 8, 4, 16, 21, 5, 11, 16, 16, 23, 8, 6, 3, 16, 1, 8, 16, 6, 8, 16, 23, 2, 6, 16, 6, 21, 11, 6, 4, 13, 6, 3, 6, 6, 7, 10, 5, 2, 5, 5, 6, 2, 7, 7, 13, 20, 20, 20, 3, 1, 3, 20, 12, 20, 4, 20, 12, 6, 3, 10, 23, 14, 2, 16, 25, 16, 8, 8, 11, 23, 10, 16, 8, 10, 23, 8, 16, 8, 16, 3, 3, 3, 16, 10, 19, 5, 8, 8, 23, 21, 16, 2, 7, 8, 13, 16, 8, 3, 8, 7, 16, 8, 16, 8, 5, 8, 8, 20, 12, 21, 14, 8, 1, 8, 7, 0, 1, 8, 20, 13, 3, 1, 1, 1, 17, 17, 21, 17, 26, 17, 17, 21, 6, 21, 1, 0, 2, 2, 3, 5, 12, 3, 3, 2, 3, 3, 21, 1, 8, 1, 1, 1, 6, 6, 21, 6, 12, 20, 20, 13, 12, 12, 3, 13, 6, 3, 2, 3, 6, 12, 14, 0, 21, 20, 1, 15, 1, 1, 9, 3, 3, 1, 20, 13, 1, 1, 11, 8, 8, 1, 4, 3, 6, 20, 3, 3, 26, 6, 1, 1, 5, 5, 3, 3, 3, 3, 3, 3, 3, 2, 1, 1, 1, 1, 1, 1, 1, 4, 3, 25, 3, 3, 20, 9, 4, 12, 26, 25, 18, 12, 7, 26, 26, 17, 12, 23, 19, 7, 23, 26, 17, 26, 17, 26, 18, 14, 26, 1, 22, 23, 18, 17, 23, 3, 20, 19, 3, 8, 8, 10, 12, 12, 3, 20, 1, 12, 20, 6, 1, 20, 20, 11, 1, 19, 1, 9, 9, 2, 15, 3, 2, 2, 2, 2, 6, 13, 8, 8, 2, 2, 2, 11, 11, 11, 13, 13, 7, 13, 6, 19, 3, 3, 20, 3, 13, 21, 1, 27, 24, 21, 22, 17, 26, 24, 21, 22, 19, 24, 1, 1, 1, 1, 1, 1, 1, 1, 1, 1, 1, 8, 1, 1, 1, 16, 1, 4, 15, 9, 6, 3, 3, 3, 16, 3, 1, 1, 8, 1, 1, 1, 11, 5, 1, 1, 8, 3, 1, 6, 20, 12, 1, 2, 2, 2, 2, 1, 15, 1, 1, 1, 8, 2, 1, 1, 6, 16, 25, 6, 21, 21, 6, 23, 16, 8, 23, 23, 12, 16, 6, 8, 7, 6, 3, 6, 10, 16, 10, 23, 16, 16, 23, 16, 16, 16, 7, 6, 8, 21, 5, 13, 10, 10, 13, 16, 18, 11, 2, 2, 1, 2, 2, 2, 2, 2, 2, 2, 2, 2, 24, 27, 22, 19, 2, 20, 22, 2, 18, 24, 27, 23, 20, 27, 19, 27, 20, 2, 22, 2, 2, 2, 2, 2]"
xerces,18,seed18_solution063,seed18_solution063,0.6741337167505392,0.756323130338528,0.7354383383187595,0.7713572339983057,0.6741337167505392,-0.756323130338528,0.7354383383187595,True,False,"[0, 0, 0, 0, 0, 0, 1, 2, 0, 0, 0, 0, 3, 0, 1, 4, 0, 0, 5, 6, 4, 0, 0, 0, 0, 0, 5, 0, 0, 0, 6, 7, 0, 0, 0, 0, 0, 0, 0, 8, 0, 0, 0, 0, 0, 9, 0, 0, 0, 0, 4, 0, 0, 0, 0, 0, 0, 0, 1, 0, 0, 0, 0, 0, 0, 4, 10, 0, 4, 0, 6, 0, 0, 0, 0, 0, 0, 0, 0, 11, 0, 10, 0, 0, 2, 0, 12, 0, 0, 2, 0, 11, 0, 0, 8, 0, 0, 1, 0, 0, 5, 0, 6, 13, 0, 0, 5, 5, 5, 1, 2, 8, 0, 14, 15, 8, 8, 14, 8, 5, 2, 8, 8, 14, 8, 8, 14, 14, 8, 3, 8, 13, 14, 8, 8, 8, 3, 14, 8, 8, 8, 4, 14, 8, 8, 9, 16, 1, 8, 8, 1, 7, 8, 17, 2, 16, 1, 4, 1, 8, 2, 1, 1, 2, 17, 9, 14, 2, 2, 8, 1, 1, 18, 19, 14, 7, 7, 7, 7, 7, 7, 2, 7, 2, 1, 1, 7, 10, 14, 10, 6, 14, 20, 5, 21, 20, 20, 16, 15, 20, 20, 22, 20, 9, 9, 5, 5, 15, 23, 23, 8, 23, 23, 23, 23, 23, 6, 6, 24, 5, 6, 23, 20, 17, 15, 15, 23, 23, 23, 12, 2, 1, 23, 23, 23, 23, 18, 6, 5, 23, 23, 23, 23, 6, 6, 5, 23, 19, 6, 23, 23, 6, 10, 23, 23, 6, 23, 15, 1, 10, 6, 13, 23, 6, 19, 23, 10, 10, 5, 17, 18, 5, 6, 10, 10, 12, 23, 6, 7, 8, 9, 2, 8, 14, 14, 1, 4, 4, 1, 4, 22, 8, 25, 25, 25, 8, 25, 8, 8, 11, 18, 11, 11, 20, 11, 18, 18, 11, 11, 11, 11, 18, 10, 6, 11, 11, 11, 11, 18, 18, 11, 18, 11, 13, 11, 11, 18, 18, 18, 13, 24, 14, 18, 26, 4, 9, 4, 10, 10, 10, 22, 5, 10, 4, 22, 10, 10, 10, 7, 9, 4, 9, 4, 9, 4, 4, 4, 9, 9, 9, 5, 10, 10, 10, 14, 19, 2, 9, 17, 10, 10, 10, 0, 4, 14, 10, 1, 11, 5, 10, 5, 9, 22, 4, 9, 8, 4, 4, 9, 4, 9, 8, 4, 4, 9, 7, 18, 10, 24, 24, 7, 11, 4, 24, 24, 7, 14, 14, 2, 21, 14, 2, 5, 14, 14, 14, 14, 13, 14, 2, 22, 5, 20, 10, 3, 17, 14, 21, 10, 10, 5, 10, 5, 10, 10, 11, 5, 10, 10, 10, 10, 7, 14, 7, 11, 10, 21, 21, 10, 5, 10, 4, 10, 4, 5, 24, 10, 10, 10, 9, 10, 10, 5, 10, 14, 6, 24, 10, 10, 13, 19, 21, 13, 1, 1, 9, 24, 0, 1, 2, 1, 14, 21, 1, 19, 15, 10, 2, 25, 2, 2, 23, 2, 23, 7, 4, 23, 0, 3, 13, 7, 7, 14, 9, 11, 9, 9, 1, 5, 1, 1, 18, 1, 2, 19, 9, 9, 9, 13, 9, 14, 14, 13, 22, 13, 14, 9, 7, 15, 12, 7, 14, 7, 0, 20, 13, 1, 16, 26, 1, 7, 9, 13, 7, 14, 14, 6, 1, 12, 1, 22, 9, 19, 6, 9, 14, 6, 9, 9, 9, 19, 24, 7, 9, 6, 9, 17, 9, 21, 9, 7, 4, 1, 2, 1, 13, 1, 1, 1, 19, 7, 21, 9, 9, 17, 1, 15, 15, 19, 11, 17, 15, 21, 19, 21, 24, 15, 11, 19, 19, 15, 21, 15, 7, 15, 25, 15, 1, 11, 1, 11, 5, 21, 15, 1, 9, 14, 16, 9, 10, 10, 13, 14, 3, 9, 14, 1, 21, 14, 9, 1, 14, 14, 18, 4, 3, 1, 4, 9, 4, 13, 13, 3, 4, 4, 3, 7, 14, 10, 10, 3, 3, 0, 14, 14, 8, 14, 8, 8, 8, 7, 16, 9, 7, 7, 7, 8, 12, 1, 19, 12, 20, 22, 24, 24, 19, 0, 24, 12, 19, 1, 2, 1, 2, 13, 2, 1, 2, 1, 2, 1, 2, 1, 1, 1, 6, 2, 14, 14, 9, 7, 21, 7, 7, 7, 9, 1, 1, 2, 2, 1, 2, 14, 24, 12, 1, 23, 9, 15, 9, 19, 13, 1, 4, 4, 13, 3, 2, 13, 10, 2, 1, 8, 4, 2, 1, 7, 9, 4, 14, 14, 4, 9, 17, 16, 10, 5, 10, 24, 11, 4, 5, 10, 22, 4, 9, 10, 5, 10, 5, 10, 10, 18, 24, 5, 0, 10, 10, 5, 18, 9, 5, 8, 3, 17, 23, 23, 1, 3, 7, 3, 3, 5, 19, 3, 3, 4, 22, 2, 4, 27, 26, 10, 28, 4, 7, 12, 4, 27, 19, 28, 28, 28, 28, 28, 26, 21, 13, 3, 3, 2, 3, 4, 3]"
xerces,18,seed18_solution064,seed18_solution064,0.6744212796549245,0.7567188341259786,0.7324567053352805,0.7726374193725586,0.6744212796549245,-0.7567188341259786,0.7324567053352805,True,False,"[0, 0, 0, 0, 0, 0, 1, 2, 0, 0, 0, 0, 3, 0, 1, 4, 0, 0, 5, 6, 4, 0, 0, 0, 0, 0, 5, 0, 0, 0, 6, 7, 0, 0, 0, 0, 0, 0, 0, 8, 0, 0, 0, 0, 0, 9, 0, 0, 0, 0, 4, 0, 0, 0, 0, 0, 0, 0, 1, 0, 0, 0, 0, 0, 0, 4, 10, 0, 4, 0, 6, 0, 0, 0, 0, 0, 0, 0, 0, 11, 0, 10, 0, 0, 2, 0, 12, 0, 0, 2, 0, 11, 0, 0, 8, 0, 0, 1, 0, 0, 5, 0, 6, 13, 0, 0, 5, 5, 5, 1, 2, 8, 0, 14, 15, 8, 8, 14, 8, 5, 2, 8, 8, 14, 8, 8, 14, 14, 8, 3, 8, 13, 14, 8, 8, 8, 3, 14, 8, 8, 8, 4, 14, 8, 8, 9, 16, 1, 8, 8, 1, 7, 8, 17, 2, 16, 1, 4, 1, 8, 2, 1, 1, 2, 17, 9, 14, 2, 2, 8, 1, 1, 18, 19, 14, 7, 7, 7, 7, 7, 7, 2, 7, 2, 1, 1, 7, 10, 14, 10, 6, 14, 20, 5, 21, 20, 20, 16, 15, 20, 20, 22, 20, 9, 9, 5, 5, 15, 23, 23, 8, 23, 23, 23, 23, 23, 6, 6, 24, 5, 6, 23, 20, 17, 15, 15, 23, 23, 23, 12, 2, 1, 23, 23, 23, 23, 18, 6, 5, 23, 23, 23, 23, 6, 6, 5, 23, 19, 6, 23, 23, 6, 10, 23, 23, 6, 23, 15, 1, 10, 6, 13, 23, 6, 19, 23, 10, 10, 5, 17, 18, 5, 6, 10, 10, 12, 23, 6, 7, 8, 9, 2, 8, 14, 14, 1, 4, 4, 1, 4, 22, 8, 25, 25, 25, 8, 25, 8, 8, 11, 18, 11, 11, 20, 11, 18, 18, 11, 11, 11, 11, 18, 10, 6, 11, 11, 11, 11, 18, 18, 11, 18, 11, 13, 11, 11, 18, 18, 18, 13, 24, 14, 18, 26, 4, 9, 4, 10, 10, 10, 22, 5, 10, 4, 22, 10, 10, 10, 7, 9, 4, 9, 4, 9, 4, 4, 4, 9, 9, 9, 5, 10, 10, 10, 14, 19, 2, 9, 17, 10, 10, 10, 0, 4, 14, 10, 1, 11, 5, 10, 5, 9, 22, 4, 9, 8, 4, 4, 9, 4, 9, 8, 4, 4, 9, 7, 18, 10, 24, 24, 7, 11, 4, 24, 24, 7, 14, 14, 2, 21, 14, 2, 5, 14, 14, 14, 14, 13, 14, 2, 22, 5, 20, 10, 3, 17, 14, 21, 10, 10, 5, 10, 5, 10, 10, 11, 5, 10, 10, 10, 10, 7, 14, 7, 11, 10, 21, 21, 10, 5, 10, 4, 10, 4, 5, 24, 10, 10, 10, 9, 10, 10, 5, 10, 14, 6, 24, 10, 10, 13, 19, 21, 13, 1, 17, 9, 24, 0, 1, 2, 1, 14, 21, 1, 19, 15, 10, 2, 25, 2, 2, 23, 2, 23, 7, 4, 23, 0, 3, 13, 7, 7, 14, 9, 11, 9, 9, 1, 5, 1, 1, 18, 1, 2, 19, 9, 9, 9, 13, 9, 14, 14, 13, 22, 13, 14, 9, 7, 15, 12, 7, 14, 7, 0, 20, 13, 1, 16, 26, 1, 7, 9, 13, 7, 14, 14, 6, 1, 12, 1, 22, 9, 19, 6, 9, 14, 6, 9, 9, 9, 19, 24, 7, 9, 6, 9, 17, 9, 21, 9, 7, 4, 1, 2, 1, 13, 1, 1, 1, 19, 7, 21, 9, 9, 17, 1, 15, 15, 19, 11, 17, 15, 21, 19, 21, 24, 15, 11, 19, 19, 15, 21, 15, 7, 15, 25, 15, 1, 11, 1, 11, 5, 21, 15, 1, 9, 14, 16, 9, 10, 10, 13, 14, 3, 9, 14, 1, 21, 14, 9, 1, 14, 14, 18, 4, 3, 1, 4, 9, 4, 13, 13, 3, 4, 4, 3, 7, 14, 10, 10, 3, 3, 0, 14, 14, 8, 14, 8, 8, 8, 7, 16, 9, 7, 7, 7, 8, 12, 1, 19, 12, 20, 22, 24, 24, 19, 0, 24, 12, 19, 1, 2, 1, 2, 13, 2, 1, 2, 1, 2, 1, 2, 1, 1, 1, 6, 2, 14, 14, 9, 7, 21, 7, 7, 7, 9, 1, 1, 2, 2, 1, 2, 14, 24, 12, 1, 23, 9, 15, 9, 19, 13, 1, 4, 4, 13, 3, 2, 13, 10, 2, 1, 8, 4, 2, 1, 7, 9, 4, 14, 14, 4, 9, 17, 16, 10, 5, 10, 24, 11, 4, 5, 10, 22, 4, 9, 10, 5, 10, 5, 10, 10, 18, 24, 5, 0, 10, 10, 5, 18, 9, 5, 8, 3, 17, 23, 23, 1, 3, 7, 3, 3, 5, 19, 3, 3, 4, 22, 2, 4, 27, 26, 10, 28, 4, 7, 12, 4, 27, 19, 28, 28, 28, 28, 28, 26, 21, 13, 3, 3, 2, 3, 4, 3]"
xerces,18,seed18_solution065,seed18_solution065,0.6966786484543493,13.447194734004746,1.0676149253102065,0.7567361875555674,0.6966786484543493,-13.447194734004746,1.0676149253102065,True,False,"[0, 0, 0, 1, 0, 0, 0, 0, 0, 0, 0, 0, 0, 2, 3, 4, 0, 0, 0, 5, 5, 0, 0, 0, 0, 0, 2, 0, 0, 0, 0, 0, 0, 6, 0, 0, 0, 0, 0, 0, 0, 0, 0, 0, 0, 0, 0, 0, 7, 0, 0, 0, 0, 0, 0, 5, 0, 0, 0, 0, 0, 0, 0, 0, 0, 3, 0, 0, 8, 0, 0, 0, 0, 0, 7, 0, 0, 0, 0, 0, 0, 0, 0, 0, 0, 0, 0, 0, 0, 0, 0, 0, 0, 0, 0, 0, 0, 0, 0, 0, 2, 0, 9, 0, 0, 0, 4, 10, 5, 1, 1, 6, 0, 9, 9, 6, 11, 3, 6, 2, 12, 6, 13, 6, 6, 6, 12, 6, 2, 14, 12, 2, 15, 6, 6, 13, 12, 6, 3, 3, 12, 3, 6, 6, 6, 12, 1, 1, 12, 3, 1, 6, 6, 1, 1, 1, 1, 1, 1, 6, 1, 1, 1, 1, 1, 2, 12, 14, 9, 6, 1, 1, 1, 1, 1, 13, 14, 16, 14, 14, 14, 2, 16, 1, 3, 1, 1, 17, 1, 17, 7, 8, 14, 7, 5, 18, 19, 8, 8, 15, 18, 15, 8, 8, 15, 7, 14, 8, 7, 15, 15, 17, 7, 7, 7, 15, 15, 20, 7, 12, 15, 17, 17, 15, 7, 7, 15, 7, 15, 14, 14, 15, 15, 21, 15, 22, 15, 4, 15, 7, 8, 14, 6, 15, 7, 23, 5, 15, 15, 15, 15, 7, 22, 15, 15, 15, 7, 15, 16, 7, 18, 16, 15, 15, 15, 7, 14, 10, 7, 7, 6, 6, 15, 6, 3, 7, 15, 15, 17, 6, 24, 6, 6, 6, 22, 1, 3, 8, 1, 3, 22, 21, 9, 21, 21, 22, 21, 22, 1, 10, 10, 10, 11, 10, 25, 15, 15, 10, 10, 13, 11, 15, 10, 9, 26, 10, 22, 10, 11, 15, 27, 15, 10, 11, 11, 15, 15, 13, 10, 15, 10, 4, 15, 3, 3, 2, 8, 7, 6, 7, 7, 17, 7, 1, 11, 17, 16, 6, 9, 9, 9, 9, 8, 3, 8, 11, 9, 8, 8, 3, 7, 6, 7, 7, 22, 6, 7, 7, 6, 7, 14, 17, 7, 3, 9, 7, 1, 7, 6, 7, 2, 28, 22, 8, 3, 13, 8, 3, 4, 3, 8, 21, 8, 8, 20, 16, 14, 14, 14, 16, 14, 14, 5, 16, 14, 16, 23, 2, 23, 7, 13, 1, 27, 23, 23, 11, 13, 16, 13, 1, 13, 14, 29, 17, 4, 12, 23, 7, 7, 7, 7, 7, 7, 7, 6, 17, 6, 7, 7, 7, 7, 2, 13, 4, 7, 7, 7, 11, 7, 7, 7, 4, 12, 9, 14, 6, 6, 6, 11, 5, 6, 6, 6, 7, 7, 14, 7, 7, 6, 7, 16, 16, 11, 1, 3, 7, 1, 1, 2, 1, 23, 23, 11, 1, 1, 1, 15, 4, 15, 7, 10, 13, 13, 7, 2, 5, 1, 0, 5, 5, 4, 2, 23, 15, 5, 5, 2, 5, 30, 1, 1, 1, 1, 9, 3, 18, 3, 3, 23, 23, 16, 13, 11, 13, 16, 6, 7, 2, 5, 2, 5, 23, 23, 0, 1, 26, 1, 23, 1, 9, 5, 4, 2, 2, 16, 13, 17, 1, 23, 1, 24, 1, 1, 5, 2, 23, 5, 2, 31, 5, 1, 17, 9, 2, 2, 2, 5, 5, 2, 2, 26, 4, 1, 1, 1, 9, 9, 1, 1, 2, 2, 16, 2, 4, 23, 1, 26, 16, 26, 28, 26, 25, 28, 25, 25, 30, 25, 21, 21, 32, 25, 32, 25, 26, 23, 28, 26, 28, 28, 1, 30, 25, 21, 16, 21, 2, 13, 33, 2, 6, 7, 11, 13, 5, 5, 23, 3, 13, 23, 5, 1, 7, 23, 6, 5, 4, 1, 4, 13, 31, 13, 5, 4, 1, 5, 5, 5, 13, 7, 7, 34, 5, 4, 12, 6, 13, 29, 6, 6, 18, 5, 33, 2, 2, 16, 2, 6, 19, 3, 20, 10, 10, 20, 34, 28, 28, 28, 19, 10, 34, 1, 9, 12, 1, 1, 1, 29, 1, 1, 1, 10, 1, 1, 1, 2, 23, 6, 11, 23, 2, 2, 3, 2, 2, 5, 2, 1, 3, 1, 1, 14, 1, 6, 12, 1, 1, 1, 2, 1, 2, 16, 23, 1, 5, 4, 5, 4, 1, 13, 1, 14, 1, 1, 4, 1, 24, 0, 9, 3, 4, 13, 12, 8, 14, 7, 9, 22, 6, 19, 7, 3, 7, 22, 8, 8, 5, 7, 1, 7, 7, 10, 14, 7, 12, 7, 7, 17, 3, 7, 14, 6, 15, 7, 7, 15, 22, 15, 1, 35, 4, 5, 5, 5, 1, 5, 5, 28, 5, 1, 4, 20, 32, 21, 18, 4, 22, 31, 35, 18, 4, 26, 13, 18, 10, 18, 26, 29, 4, 5, 4, 5, 5, 4, 4]"
xerces,18,seed18_solution066,seed18_solution066,0.7001006470165348,9.986708728953364,0.995313469313469,0.7595879988057075,0.7001006470165348,-9.986708728953364,0.995313469313469,True,False,"[0, 0, 0, 0, 0, 0, 0, 0, 0, 0, 0, 1, 0, 0, 2, 3, 0, 0, 0, 3, 4, 0, 0, 0, 0, 0, 5, 0, 0, 0, 0, 0, 0, 0, 0, 0, 0, 0, 0, 0, 0, 0, 0, 0, 0, 0, 0, 0, 6, 0, 0, 0, 0, 0, 0, 7, 0, 0, 0, 0, 0, 0, 0, 0, 0, 5, 0, 0, 8, 0, 0, 0, 0, 0, 6, 0, 0, 0, 0, 0, 0, 0, 0, 0, 0, 0, 0, 0, 0, 0, 0, 0, 0, 0, 0, 0, 0, 0, 0, 0, 7, 0, 6, 0, 0, 0, 7, 3, 9, 4, 2, 8, 0, 9, 9, 9, 10, 5, 8, 2, 11, 8, 10, 8, 8, 9, 9, 10, 2, 6, 11, 3, 8, 6, 8, 12, 8, 8, 3, 3, 3, 5, 8, 8, 2, 3, 4, 13, 8, 9, 2, 6, 8, 2, 4, 4, 4, 2, 4, 8, 4, 4, 2, 2, 4, 3, 11, 10, 2, 8, 4, 2, 2, 2, 4, 10, 14, 7, 10, 10, 10, 4, 10, 2, 5, 2, 4, 11, 2, 11, 15, 16, 14, 6, 16, 16, 17, 6, 16, 16, 15, 16, 16, 5, 12, 18, 11, 16, 15, 15, 16, 19, 12, 16, 15, 15, 15, 15, 15, 9, 16, 16, 15, 16, 15, 17, 12, 15, 16, 14, 18, 20, 16, 15, 13, 15, 15, 15, 20, 20, 15, 15, 7, 15, 15, 11, 7, 16, 15, 15, 16, 15, 21, 16, 15, 15, 15, 15, 2, 13, 20, 15, 16, 15, 15, 15, 11, 11, 11, 14, 8, 7, 15, 8, 11, 11, 16, 16, 15, 8, 10, 8, 9, 8, 8, 2, 5, 5, 2, 5, 12, 15, 12, 21, 22, 21, 12, 13, 4, 14, 13, 23, 13, 13, 13, 23, 13, 13, 15, 13, 14, 16, 15, 9, 13, 13, 13, 13, 10, 24, 25, 13, 13, 13, 10, 13, 14, 12, 24, 23, 23, 3, 14, 5, 5, 3, 13, 11, 11, 11, 11, 11, 11, 4, 10, 11, 18, 11, 3, 5, 9, 9, 5, 22, 8, 5, 5, 22, 13, 22, 11, 8, 23, 11, 11, 11, 6, 7, 11, 6, 10, 11, 11, 5, 3, 11, 2, 6, 8, 6, 11, 26, 23, 5, 5, 12, 5, 5, 10, 5, 5, 12, 8, 14, 27, 18, 10, 14, 10, 18, 14, 10, 5, 2, 10, 10, 18, 19, 18, 27, 18, 2, 25, 27, 18, 18, 3, 18, 12, 8, 14, 14, 11, 11, 4, 11, 23, 18, 6, 11, 11, 6, 11, 6, 11, 15, 11, 6, 11, 6, 6, 5, 18, 3, 18, 15, 17, 11, 11, 11, 11, 22, 11, 4, 11, 8, 11, 18, 11, 5, 8, 6, 18, 6, 11, 14, 7, 6, 11, 18, 18, 22, 10, 13, 2, 6, 6, 4, 2, 2, 23, 18, 14, 2, 4, 4, 16, 19, 22, 19, 20, 17, 20, 6, 3, 22, 4, 0, 4, 7, 3, 3, 23, 5, 3, 3, 5, 3, 28, 4, 13, 4, 4, 2, 4, 8, 22, 8, 19, 23, 18, 18, 10, 18, 18, 12, 6, 2, 7, 5, 3, 11, 18, 0, 22, 18, 2, 18, 4, 2, 9, 5, 5, 3, 18, 12, 4, 4, 10, 2, 13, 2, 2, 7, 2, 18, 3, 2, 3, 7, 6, 2, 9, 3, 5, 5, 3, 5, 2, 5, 5, 3, 2, 4, 2, 6, 4, 4, 2, 3, 3, 18, 3, 3, 23, 4, 29, 11, 27, 24, 20, 21, 21, 22, 24, 21, 22, 22, 22, 21, 27, 21, 22, 20, 20, 29, 20, 14, 26, 2, 21, 21, 27, 19, 22, 2, 27, 1, 2, 11, 6, 19, 11, 4, 3, 27, 2, 12, 23, 3, 4, 6, 18, 8, 4, 3, 4, 3, 3, 30, 16, 7, 3, 2, 4, 2, 8, 12, 13, 6, 4, 4, 4, 8, 8, 12, 9, 12, 8, 12, 8, 1, 5, 5, 18, 2, 8, 22, 4, 25, 31, 31, 27, 32, 31, 31, 31, 23, 17, 32, 4, 9, 2, 2, 2, 4, 2, 4, 2, 2, 4, 4, 4, 2, 2, 18, 8, 8, 23, 2, 2, 5, 2, 3, 18, 5, 2, 5, 4, 2, 4, 2, 8, 2, 2, 4, 13, 5, 4, 2, 27, 18, 2, 7, 2, 7, 2, 2, 12, 2, 4, 4, 13, 2, 2, 2, 8, 5, 5, 3, 19, 9, 8, 11, 18, 11, 11, 8, 23, 18, 5, 11, 11, 5, 5, 3, 11, 4, 6, 11, 11, 11, 23, 11, 6, 11, 11, 8, 13, 5, 23, 15, 11, 15, 16, 21, 15, 2, 33, 4, 7, 4, 4, 4, 2, 4, 4, 4, 2, 3, 24, 25, 24, 25, 2, 25, 26, 33, 20, 20, 25, 26, 25, 15, 25, 24, 25, 2, 7, 2, 2, 2, 2, 2]"
xerces,18,seed18_solution067,seed18_solution067,0.7262688713156003,0.36037747913895846,0.7205973947050401,0.8050550694375471,0.7262688713156003,-0.36037747913895846,0.7205973947050401,True,False,"[0, 0, 0, 0, 0, 0, 0, 0, 0, 0, 0, 0, 0, 0, 1, 2, 0, 0, 0, 3, 2, 0, 0, 4, 5, 0, 6, 0, 0, 0, 0, 4, 0, 7, 0, 8, 0, 0, 0, 0, 0, 0, 0, 0, 0, 1, 0, 9, 10, 0, 0, 0, 2, 0, 0, 0, 0, 0, 0, 0, 0, 0, 0, 0, 0, 6, 0, 11, 12, 0, 0, 0, 0, 0, 0, 5, 0, 12, 0, 0, 13, 0, 0, 0, 0, 0, 0, 0, 0, 0, 0, 0, 0, 0, 0, 0, 0, 0, 0, 0, 13, 0, 14, 0, 0, 0, 13, 4, 3, 1, 4, 7, 0, 0, 15, 7, 5, 7, 5, 1, 16, 4, 5, 5, 7, 16, 7, 3, 17, 10, 7, 3, 16, 7, 7, 5, 5, 5, 3, 5, 4, 9, 7, 7, 7, 5, 18, 11, 7, 5, 1, 3, 10, 4, 1, 19, 1, 18, 1, 19, 10, 1, 13, 18, 18, 6, 7, 1, 18, 5, 1, 20, 1, 1, 18, 8, 8, 8, 8, 0, 8, 4, 2, 20, 1, 4, 4, 8, 14, 21, 9, 20, 12, 19, 20, 3, 12, 21, 20, 11, 22, 8, 9, 6, 14, 13, 8, 9, 9, 8, 8, 8, 8, 23, 8, 19, 8, 22, 10, 17, 9, 21, 8, 10, 8, 9, 8, 8, 19, 13, 1, 8, 14, 8, 8, 13, 9, 4, 9, 9, 9, 9, 13, 8, 22, 19, 13, 8, 8, 8, 18, 22, 13, 8, 20, 8, 8, 9, 4, 19, 22, 8, 8, 10, 22, 8, 15, 8, 13, 19, 8, 13, 9, 8, 13, 13, 9, 9, 10, 5, 7, 7, 5, 4, 16, 4, 6, 3, 4, 12, 10, 19, 10, 10, 13, 10, 0, 9, 10, 15, 5, 9, 20, 16, 21, 24, 24, 9, 11, 9, 9, 9, 9, 24, 9, 21, 24, 9, 9, 11, 12, 22, 24, 15, 3, 24, 22, 2, 21, 24, 9, 9, 9, 20, 3, 1, 3, 13, 19, 13, 13, 13, 13, 2, 20, 11, 13, 13, 3, 1, 19, 12, 3, 14, 12, 3, 20, 12, 16, 16, 8, 13, 13, 11, 1, 13, 18, 3, 8, 13, 13, 5, 13, 19, 1, 8, 4, 10, 13, 7, 11, 13, 8, 6, 3, 13, 12, 17, 6, 3, 14, 13, 17, 12, 6, 8, 3, 16, 4, 2, 8, 10, 6, 10, 3, 3, 17, 12, 18, 12, 22, 4, 6, 16, 12, 5, 21, 22, 22, 1, 6, 11, 13, 21, 23, 20, 12, 19, 21, 5, 20, 13, 11, 3, 18, 10, 8, 21, 13, 13, 13, 2, 12, 6, 13, 13, 13, 8, 13, 13, 13, 12, 24, 2, 8, 13, 13, 13, 13, 6, 13, 20, 19, 13, 14, 13, 25, 13, 8, 23, 7, 12, 20, 1, 3, 3, 4, 4, 1, 19, 12, 12, 9, 1, 21, 1, 6, 21, 11, 16, 11, 16, 11, 24, 3, 2, 1, 0, 2, 2, 1, 1, 7, 26, 10, 12, 3, 3, 3, 4, 4, 4, 1, 14, 3, 15, 17, 6, 7, 12, 22, 12, 5, 23, 12, 12, 1, 2, 1, 2, 6, 12, 12, 0, 9, 12, 25, 22, 18, 14, 4, 3, 2, 2, 12, 12, 1, 23, 22, 1, 18, 17, 18, 6, 2, 12, 3, 3, 6, 12, 19, 1, 0, 9, 17, 6, 1, 6, 11, 4, 3, 4, 1, 1, 11, 13, 5, 4, 1, 3, 3, 12, 2, 6, 24, 2, 5, 17, 14, 18, 19, 11, 14, 25, 18, 18, 18, 24, 18, 18, 18, 23, 21, 25, 15, 23, 25, 13, 18, 1, 21, 26, 26, 24, 26, 4, 12, 17, 6, 13, 8, 9, 12, 2, 4, 12, 1, 12, 22, 3, 4, 17, 12, 25, 2, 4, 1, 10, 6, 0, 0, 2, 2, 2, 2, 4, 1, 12, 13, 13, 2, 1, 2, 5, 5, 5, 19, 7, 7, 7, 11, 19, 6, 3, 17, 2, 5, 24, 4, 15, 15, 15, 23, 23, 23, 22, 0, 15, 15, 22, 4, 19, 1, 4, 1, 1, 18, 1, 1, 4, 1, 18, 5, 4, 1, 12, 1, 15, 25, 10, 2, 11, 8, 3, 2, 2, 16, 7, 13, 18, 1, 1, 9, 17, 18, 1, 13, 3, 1, 3, 12, 17, 4, 4, 2, 2, 2, 1, 16, 1, 18, 4, 1, 21, 19, 24, 3, 5, 3, 17, 9, 20, 3, 13, 8, 13, 13, 13, 5, 11, 16, 13, 12, 3, 6, 17, 13, 13, 9, 8, 13, 3, 19, 13, 7, 13, 13, 13, 13, 12, 11, 8, 11, 16, 22, 8, 19, 10, 2, 2, 2, 4, 2, 2, 2, 2, 2, 2, 13, 2, 3, 0, 23, 27, 1, 25, 27, 4, 27, 14, 26, 16, 23, 21, 27, 27, 27, 4, 23, 2, 1, 2, 2, 4]"
xerces,18,seed18_solution068,seed18_solution068,0.7344356578001437,13.140262007046637,1.0033448638388622,0.7854274200841246,0.7344356578001437,-13.140262007046637,1.0033448638388622,True,False,"[0, 0, 0, 1, 0, 0, 0, 0, 2, 0, 0, 0, 0, 3, 4, 5, 0, 0, 0, 6, 2, 0, 0, 0, 0, 0, 5, 0, 0, 0, 0, 0, 0, 7, 0, 0, 8, 0, 0, 0, 0, 0, 0, 0, 9, 0, 0, 0, 10, 0, 0, 11, 0, 0, 0, 2, 0, 0, 0, 0, 0, 0, 0, 0, 0, 12, 0, 0, 12, 0, 0, 0, 0, 0, 10, 0, 0, 0, 9, 0, 0, 0, 0, 0, 0, 0, 0, 0, 0, 0, 0, 0, 13, 0, 0, 0, 0, 0, 0, 0, 3, 0, 12, 0, 0, 0, 12, 14, 2, 1, 1, 15, 0, 6, 16, 4, 15, 4, 3, 3, 8, 8, 17, 8, 8, 8, 8, 18, 3, 9, 8, 2, 11, 8, 8, 17, 8, 8, 4, 4, 8, 4, 8, 8, 7, 8, 1, 1, 2, 4, 1, 4, 19, 1, 1, 1, 1, 1, 1, 15, 1, 1, 1, 1, 1, 6, 8, 3, 3, 8, 1, 1, 3, 1, 1, 17, 8, 20, 17, 8, 21, 3, 20, 1, 4, 1, 1, 22, 1, 22, 10, 14, 9, 22, 2, 23, 24, 23, 22, 22, 23, 24, 10, 12, 23, 7, 9, 10, 10, 23, 23, 22, 10, 10, 10, 10, 10, 25, 10, 7, 10, 22, 22, 26, 10, 10, 12, 10, 12, 7, 9, 10, 27, 13, 25, 27, 11, 5, 27, 10, 12, 10, 7, 12, 10, 16, 2, 6, 8, 10, 10, 10, 27, 10, 12, 27, 10, 10, 1, 9, 23, 20, 10, 22, 10, 10, 9, 14, 7, 9, 7, 7, 27, 7, 7, 9, 10, 11, 22, 8, 28, 4, 15, 7, 27, 29, 12, 12, 1, 9, 27, 27, 6, 27, 27, 27, 3, 27, 1, 11, 11, 11, 15, 11, 21, 11, 11, 17, 11, 17, 11, 11, 17, 2, 19, 15, 27, 11, 17, 11, 30, 11, 11, 15, 15, 11, 11, 17, 11, 11, 30, 23, 11, 12, 12, 0, 12, 20, 7, 7, 27, 22, 4, 1, 15, 22, 20, 7, 6, 6, 3, 6, 12, 12, 12, 15, 6, 12, 12, 12, 25, 7, 7, 22, 27, 7, 7, 7, 7, 10, 7, 22, 7, 12, 6, 7, 4, 31, 7, 4, 3, 18, 27, 12, 5, 17, 12, 12, 5, 12, 12, 23, 12, 12, 25, 20, 9, 9, 9, 20, 20, 20, 2, 20, 20, 20, 17, 3, 20, 10, 17, 1, 30, 17, 20, 9, 17, 17, 17, 1, 28, 9, 29, 22, 5, 29, 10, 9, 20, 9, 7, 7, 9, 7, 7, 22, 7, 2, 7, 9, 20, 6, 17, 5, 7, 9, 7, 15, 7, 9, 7, 12, 8, 6, 25, 7, 7, 7, 15, 2, 7, 7, 7, 8, 26, 9, 9, 22, 7, 10, 20, 20, 17, 1, 4, 10, 1, 1, 3, 1, 17, 16, 7, 1, 1, 1, 11, 5, 11, 10, 14, 15, 11, 10, 2, 5, 1, 0, 5, 5, 5, 6, 17, 11, 2, 2, 2, 2, 31, 1, 1, 8, 1, 1, 12, 23, 12, 12, 20, 17, 20, 10, 15, 17, 20, 7, 10, 20, 6, 9, 2, 10, 5, 0, 1, 10, 30, 12, 1, 1, 2, 5, 2, 5, 20, 17, 22, 1, 16, 1, 28, 1, 1, 2, 2, 17, 2, 2, 32, 2, 1, 22, 6, 28, 9, 2, 2, 2, 1, 13, 19, 5, 1, 1, 1, 1, 8, 1, 4, 33, 2, 20, 9, 5, 18, 1, 27, 18, 18, 18, 24, 31, 18, 34, 24, 31, 18, 34, 27, 34, 18, 34, 18, 25, 16, 18, 18, 18, 18, 1, 31, 31, 13, 13, 13, 2, 17, 35, 2, 7, 0, 15, 17, 5, 2, 5, 4, 17, 20, 2, 1, 10, 20, 8, 5, 5, 1, 5, 17, 32, 10, 5, 5, 1, 5, 5, 2, 17, 27, 7, 26, 1, 5, 8, 4, 17, 29, 15, 8, 4, 2, 35, 2, 15, 20, 2, 8, 29, 4, 14, 14, 14, 14, 14, 18, 18, 18, 24, 14, 14, 32, 1, 8, 1, 1, 1, 29, 1, 1, 1, 14, 1, 1, 1, 3, 17, 7, 15, 18, 2, 17, 4, 6, 8, 2, 2, 1, 4, 1, 1, 1, 1, 8, 1, 1, 1, 1, 26, 1, 5, 20, 17, 3, 5, 5, 5, 5, 1, 17, 1, 9, 1, 3, 5, 1, 28, 0, 2, 11, 5, 17, 2, 12, 9, 7, 6, 27, 7, 32, 14, 13, 10, 27, 12, 12, 2, 7, 17, 18, 27, 14, 8, 7, 8, 7, 7, 22, 9, 7, 9, 7, 22, 7, 10, 23, 27, 10, 1, 36, 5, 5, 2, 2, 1, 5, 5, 18, 13, 1, 5, 6, 34, 13, 29, 5, 21, 32, 36, 19, 5, 19, 13, 19, 14, 30, 19, 29, 5, 5, 5, 5, 5, 5, 5]"
xerces,18,seed18_solution070,seed18_solution070,0.743177570093458,13.614575435598198,0.935872848671283,0.7985663906542595,0.743177570093458,-13.614575435598198,0.935872848671283,True,False,"[0, 0, 0, 1, 0, 0, 0, 0, 0, 0, 0, 0, 0, 2, 1, 3, 0, 2, 0, 4, 3, 0, 0, 0, 0, 0, 2, 0, 0, 0, 0, 5, 0, 0, 0, 0, 6, 0, 0, 0, 0, 0, 0, 0, 7, 0, 0, 0, 8, 0, 0, 9, 0, 0, 0, 6, 0, 0, 0, 0, 0, 0, 0, 0, 0, 4, 0, 0, 10, 0, 0, 0, 0, 0, 0, 0, 0, 0, 11, 0, 0, 0, 0, 0, 8, 0, 0, 0, 0, 0, 0, 0, 0, 0, 0, 0, 0, 0, 0, 0, 5, 0, 10, 0, 0, 0, 9, 5, 5, 1, 1, 12, 0, 13, 7, 3, 12, 4, 3, 2, 7, 6, 10, 6, 7, 7, 9, 14, 6, 9, 7, 3, 7, 6, 7, 10, 6, 6, 4, 7, 7, 9, 6, 6, 3, 6, 1, 8, 7, 10, 1, 7, 9, 1, 1, 8, 1, 1, 1, 9, 1, 1, 8, 1, 1, 7, 7, 2, 1, 6, 1, 1, 2, 1, 1, 6, 6, 12, 7, 6, 6, 1, 15, 1, 1, 1, 1, 16, 1, 16, 17, 12, 11, 16, 3, 18, 19, 18, 16, 6, 18, 19, 8, 10, 18, 14, 1, 20, 8, 16, 18, 6, 8, 8, 8, 16, 8, 16, 6, 13, 8, 16, 16, 21, 6, 8, 7, 16, 10, 14, 14, 16, 22, 6, 23, 22, 16, 16, 22, 8, 6, 8, 24, 10, 8, 25, 3, 7, 6, 16, 16, 8, 24, 16, 10, 22, 8, 17, 1, 11, 6, 2, 6, 16, 7, 8, 14, 24, 13, 25, 14, 13, 22, 13, 13, 14, 8, 6, 16, 7, 26, 10, 12, 7, 22, 1, 27, 4, 1, 27, 12, 22, 7, 19, 12, 22, 2, 22, 1, 21, 9, 23, 12, 9, 23, 18, 23, 11, 21, 24, 9, 9, 23, 3, 27, 12, 23, 23, 24, 23, 11, 23, 23, 23, 23, 9, 13, 11, 23, 9, 28, 18, 25, 4, 10, 27, 4, 24, 14, 13, 21, 24, 25, 1, 12, 24, 15, 13, 7, 7, 10, 27, 27, 27, 4, 12, 7, 10, 4, 27, 23, 14, 13, 14, 7, 14, 13, 4, 13, 14, 14, 24, 14, 27, 2, 14, 4, 14, 13, 4, 24, 17, 24, 27, 4, 24, 27, 27, 4, 10, 10, 18, 10, 10, 4, 15, 4, 14, 11, 15, 6, 15, 3, 15, 13, 15, 24, 12, 15, 8, 2, 1, 28, 24, 15, 12, 24, 15, 12, 1, 24, 24, 24, 16, 5, 14, 23, 14, 25, 14, 13, 13, 11, 14, 13, 14, 13, 3, 13, 14, 15, 7, 24, 2, 13, 14, 13, 24, 14, 11, 13, 27, 6, 3, 23, 24, 13, 14, 24, 4, 13, 13, 14, 14, 21, 21, 11, 14, 24, 12, 15, 15, 9, 1, 1, 8, 1, 1, 2, 1, 12, 25, 13, 1, 1, 1, 20, 20, 20, 20, 20, 12, 20, 20, 4, 27, 1, 0, 5, 5, 5, 6, 24, 5, 3, 3, 3, 4, 27, 1, 8, 6, 1, 1, 10, 4, 27, 10, 15, 24, 12, 10, 12, 24, 2, 10, 8, 4, 2, 11, 4, 21, 5, 0, 17, 12, 8, 10, 1, 1, 3, 4, 2, 5, 12, 24, 8, 1, 13, 1, 8, 1, 1, 3, 4, 12, 2, 2, 29, 3, 1, 1, 4, 26, 2, 9, 2, 2, 2, 14, 2, 3, 1, 1, 1, 1, 1, 1, 1, 7, 5, 15, 11, 5, 17, 1, 22, 17, 17, 17, 19, 30, 11, 11, 19, 24, 17, 31, 22, 11, 24, 31, 17, 24, 25, 17, 17, 17, 32, 1, 30, 30, 14, 14, 14, 2, 24, 33, 2, 25, 21, 12, 24, 5, 2, 12, 1, 23, 15, 3, 1, 12, 15, 6, 5, 18, 1, 5, 24, 3, 12, 5, 3, 3, 5, 3, 4, 10, 22, 24, 1, 1, 1, 6, 4, 7, 34, 12, 6, 10, 4, 33, 3, 12, 12, 2, 10, 27, 1, 22, 32, 32, 20, 32, 15, 17, 27, 20, 23, 22, 29, 1, 6, 1, 1, 1, 1, 1, 1, 1, 32, 1, 1, 1, 8, 24, 13, 12, 17, 6, 4, 4, 7, 6, 3, 3, 1, 4, 1, 1, 8, 1, 7, 1, 1, 1, 1, 21, 1, 5, 15, 24, 2, 3, 5, 5, 3, 8, 24, 1, 11, 1, 2, 3, 1, 26, 4, 3, 23, 5, 12, 3, 4, 11, 13, 7, 24, 24, 29, 32, 27, 24, 22, 4, 2, 3, 13, 24, 17, 22, 14, 14, 24, 14, 13, 13, 16, 14, 25, 27, 13, 16, 13, 16, 16, 16, 8, 13, 35, 5, 3, 1, 3, 1, 5, 3, 3, 3, 8, 1, 7, 31, 16, 18, 3, 20, 29, 35, 16, 32, 27, 14, 22, 22, 18, 22, 34, 3, 5, 5, 5, 5, 5, 3]"
xerces,18,seed18_solution071,seed18_solution071,0.7567792954708843,13.787640192163238,1.0155507779991773,0.7912021779947127,0.7567792954708843,-13.787640192163238,1.0155507779991773,True,False,"[0, 0, 0, 0, 0, 0, 0, 0, 0, 0, 0, 0, 0, 1, 2, 3, 0, 4, 0, 5, 2, 0, 0, 0, 0, 0, 4, 0, 0, 0, 0, 0, 0, 0, 0, 0, 0, 0, 0, 0, 0, 0, 0, 0, 0, 0, 0, 0, 6, 0, 0, 0, 0, 0, 0, 5, 0, 0, 0, 0, 0, 0, 0, 0, 0, 4, 0, 0, 7, 0, 0, 0, 0, 0, 6, 0, 0, 0, 0, 0, 0, 0, 0, 0, 0, 0, 0, 0, 0, 0, 0, 0, 0, 0, 0, 0, 0, 0, 0, 0, 1, 0, 8, 0, 0, 0, 3, 3, 8, 2, 2, 7, 0, 8, 8, 9, 9, 4, 7, 1, 10, 7, 9, 3, 7, 7, 10, 7, 1, 11, 10, 1, 12, 6, 9, 13, 10, 6, 3, 3, 3, 4, 7, 7, 1, 3, 2, 14, 10, 4, 2, 9, 7, 2, 2, 2, 2, 2, 2, 7, 2, 2, 2, 2, 2, 4, 10, 15, 2, 7, 2, 2, 2, 2, 2, 13, 15, 5, 3, 5, 15, 2, 16, 2, 4, 2, 2, 17, 2, 14, 6, 13, 15, 6, 16, 6, 18, 6, 14, 12, 9, 12, 14, 7, 13, 16, 15, 14, 19, 12, 12, 17, 19, 6, 6, 19, 11, 20, 6, 10, 12, 19, 19, 12, 11, 18, 13, 6, 12, 15, 16, 19, 12, 11, 14, 12, 13, 19, 19, 19, 5, 6, 5, 13, 11, 14, 5, 12, 12, 19, 12, 11, 21, 12, 12, 11, 6, 11, 2, 14, 19, 11, 12, 19, 11, 6, 15, 11, 6, 15, 7, 5, 12, 7, 16, 14, 12, 12, 17, 7, 9, 7, 7, 7, 7, 2, 7, 14, 2, 4, 21, 11, 15, 21, 22, 21, 22, 21, 2, 23, 11, 24, 9, 11, 24, 24, 24, 24, 11, 25, 9, 12, 11, 8, 23, 11, 21, 11, 9, 25, 26, 25, 24, 24, 9, 12, 12, 13, 25, 24, 24, 3, 15, 7, 7, 4, 14, 14, 16, 6, 14, 24, 6, 2, 9, 17, 16, 7, 8, 4, 8, 8, 7, 22, 7, 9, 7, 22, 14, 22, 16, 7, 24, 14, 3, 7, 6, 5, 9, 6, 15, 24, 14, 4, 8, 6, 2, 6, 7, 6, 1, 27, 24, 14, 7, 13, 7, 4, 9, 4, 3, 22, 7, 15, 20, 16, 6, 15, 5, 16, 15, 15, 7, 1, 15, 6, 13, 1, 24, 20, 4, 2, 26, 20, 10, 9, 3, 16, 13, 7, 4, 15, 28, 17, 3, 16, 24, 16, 6, 14, 6, 6, 11, 6, 14, 11, 7, 6, 6, 6, 6, 4, 4, 3, 16, 11, 18, 5, 6, 6, 24, 22, 10, 8, 6, 7, 13, 16, 9, 4, 7, 6, 16, 6, 6, 15, 5, 6, 7, 20, 10, 22, 9, 14, 4, 6, 6, 2, 2, 2, 24, 13, 4, 2, 2, 2, 12, 17, 22, 6, 29, 17, 13, 6, 7, 22, 2, 0, 5, 5, 3, 5, 24, 4, 4, 1, 4, 4, 30, 2, 14, 2, 2, 8, 7, 7, 22, 7, 24, 24, 20, 13, 9, 10, 16, 13, 6, 1, 5, 4, 5, 10, 15, 0, 22, 20, 2, 12, 2, 2, 8, 4, 4, 2, 16, 13, 2, 2, 9, 2, 14, 2, 2, 5, 1, 24, 4, 1, 29, 5, 2, 2, 8, 1, 4, 4, 4, 4, 1, 4, 4, 3, 2, 2, 2, 2, 2, 2, 2, 3, 1, 16, 1, 3, 24, 2, 29, 10, 29, 25, 19, 25, 27, 29, 25, 30, 10, 22, 18, 6, 25, 29, 25, 29, 17, 29, 19, 15, 27, 2, 21, 24, 22, 17, 22, 1, 20, 31, 1, 14, 6, 11, 10, 10, 4, 20, 2, 13, 24, 7, 2, 6, 24, 9, 2, 3, 2, 8, 8, 32, 12, 5, 3, 1, 1, 1, 7, 13, 14, 6, 33, 1, 3, 9, 7, 13, 13, 13, 7, 13, 7, 31, 4, 4, 20, 1, 13, 22, 2, 26, 11, 22, 20, 33, 29, 23, 22, 21, 18, 33, 2, 8, 2, 2, 2, 2, 2, 2, 2, 2, 2, 2, 2, 2, 1, 16, 7, 3, 24, 1, 1, 4, 1, 4, 16, 4, 2, 4, 2, 2, 2, 2, 7, 5, 2, 2, 14, 4, 2, 1, 20, 24, 2, 5, 1, 5, 1, 2, 13, 2, 2, 2, 14, 1, 2, 2, 7, 8, 4, 7, 13, 10, 7, 24, 16, 14, 24, 7, 10, 16, 7, 6, 6, 14, 4, 7, 6, 2, 6, 6, 16, 15, 24, 10, 6, 16, 6, 7, 14, 15, 5, 12, 11, 11, 12, 21, 19, 2, 34, 1, 5, 1, 5, 2, 1, 1, 1, 5, 1, 3, 23, 26, 21, 19, 1, 21, 21, 34, 19, 23, 26, 24, 20, 11, 18, 29, 28, 1, 5, 1, 1, 1, 1, 1]"
xerces,18,seed18_solution072,seed18_solution072,0.763450754852624,0.09974109570429873,0.005494024514741499,0.7480772084749354,0.763450754852624,-0.09974109570429873,0.005494024514741499,True,False,"[0, 1, 2, 2, 3, 1, 0, 1, 1, 3, 2, 2, 2, 2, 3, 0, 0, 2, 0, 3, 2, 0, 2, 2, 0, 2, 2, 0, 0, 2, 3, 1, 2, 0, 1, 0, 3, 0, 2, 3, 2, 2, 2, 0, 0, 2, 1, 2, 2, 0, 1, 2, 0, 2, 3, 3, 2, 2, 0, 3, 2, 1, 3, 1, 0, 0, 3, 1, 3, 0, 1, 0, 0, 2, 3, 0, 0, 2, 1, 2, 1, 3, 1, 0, 0, 1, 0, 0, 1, 2, 1, 1, 2, 3, 0, 1, 0, 1, 0, 0, 2, 3, 3, 0, 2, 3, 0, 1, 3, 3, 2, 0, 3, 2, 3, 1, 2, 3, 1, 3, 1, 0, 1, 1, 0, 0, 0, 0, 2, 3, 0, 1, 2, 2, 1, 0, 0, 1, 3, 1, 2, 0, 1, 0, 2, 1, 1, 0, 0, 0, 1, 0, 3, 2, 0, 0, 3, 2, 1, 3, 3, 0, 3, 1, 1, 3, 0, 0, 3, 2, 3, 0, 3, 3, 3, 1, 3, 2, 1, 1, 0, 1, 2, 3, 0, 3, 3, 1, 1, 0, 2, 2, 2, 1, 0, 2, 1, 3, 0, 3, 0, 1, 3, 3, 1, 2, 3, 3, 3, 3, 1, 2, 3, 3, 2, 0, 3, 3, 1, 0, 0, 3, 3, 0, 2, 1, 2, 0, 1, 0, 1, 3, 0, 3, 1, 3, 2, 1, 0, 0, 0, 2, 0, 1, 1, 0, 1, 2, 2, 2, 0, 0, 3, 2, 3, 3, 2, 3, 0, 0, 3, 2, 1, 3, 3, 2, 1, 2, 1, 0, 2, 0, 3, 2, 1, 1, 2, 3, 3, 2, 2, 0, 2, 0, 0, 3, 2, 0, 3, 3, 0, 0, 1, 2, 3, 2, 0, 0, 3, 1, 0, 1, 1, 0, 2, 2, 3, 1, 1, 0, 2, 0, 1, 2, 1, 0, 2, 0, 3, 3, 2, 2, 1, 2, 1, 0, 2, 1, 0, 2, 2, 0, 0, 1, 2, 3, 3, 3, 3, 3, 1, 2, 3, 2, 1, 1, 1, 2, 3, 0, 3, 2, 3, 2, 0, 0, 2, 0, 3, 2, 1, 0, 1, 3, 3, 0, 3, 1, 1, 2, 1, 1, 2, 0, 3, 0, 1, 2, 0, 1, 1, 0, 3, 1, 1, 0, 1, 0, 3, 0, 3, 1, 2, 2, 1, 1, 2, 2, 0, 3, 3, 1, 0, 2, 2, 2, 0, 3, 1, 2, 1, 2, 2, 1, 3, 1, 1, 0, 2, 0, 0, 1, 3, 3, 2, 1, 2, 0, 2, 2, 1, 3, 2, 1, 0, 2, 2, 2, 3, 1, 3, 1, 2, 1, 2, 3, 3, 3, 0, 2, 3, 1, 2, 1, 3, 0, 0, 3, 2, 2, 1, 3, 1, 0, 1, 2, 0, 2, 0, 3, 0, 2, 1, 1, 3, 0, 1, 1, 0, 2, 3, 0, 0, 3, 3, 0, 3, 2, 2, 3, 1, 2, 3, 1, 3, 3, 3, 2, 1, 3, 3, 1, 2, 0, 1, 0, 0, 1, 2, 3, 3, 2, 2, 2, 3, 1, 1, 3, 1, 3, 0, 3, 3, 3, 1, 1, 1, 0, 1, 0, 1, 2, 2, 0, 2, 1, 2, 2, 1, 1, 2, 3, 3, 0, 1, 1, 0, 2, 3, 1, 2, 0, 1, 3, 3, 0, 0, 1, 0, 3, 3, 3, 3, 2, 0, 0, 0, 3, 1, 3, 3, 2, 1, 2, 3, 1, 1, 1, 1, 3, 0, 1, 3, 2, 2, 3, 0, 3, 0, 2, 1, 1, 3, 3, 1, 1, 0, 2, 3, 1, 3, 3, 1, 1, 3, 0, 3, 2, 2, 3, 1, 2, 1, 1, 0, 2, 3, 1, 1, 0, 0, 3, 0, 2, 2, 0, 1, 3, 3, 3, 3, 0, 0, 3, 3, 1, 1, 1, 1, 3, 2, 2, 3, 0, 2, 3, 0, 3, 0, 3, 0, 2, 3, 0, 3, 3, 3, 2, 2, 0, 3, 2, 1, 0, 3, 2, 0, 2, 2, 2, 0, 2, 1, 3, 2, 3, 2, 0, 1, 1, 1, 0, 3, 0, 3, 0, 3, 1, 1, 1, 3, 2, 1, 1, 3, 1, 3, 3, 0, 1, 1, 3, 0, 1, 0, 3, 3, 1, 0, 1, 0, 1, 2, 0, 1, 0, 0, 2, 0, 2, 2, 0, 3, 2, 1, 2, 1, 3, 1, 0, 2, 2, 0, 1, 0, 2, 3, 3, 3, 2, 3, 1, 0, 1, 0, 0, 2, 2, 1, 0, 2, 2, 1, 2, 0, 1, 2, 2, 0, 1, 3, 2, 1, 2, 3, 1, 2, 2, 3, 0, 1, 0, 0, 1, 2, 1, 2, 0, 0, 2, 1, 3, 0, 3, 0, 2, 1, 1, 1, 1, 2, 2, 0, 0, 0, 1, 0, 2, 0, 2, 3, 1, 1, 3, 2, 1, 0, 0, 2, 2, 3, 3, 0, 3]"
xerces,18,seed18_solution073,seed18_solution073,0.7718763479511143,8.318110034121796,0.7803797205562222,0.8229091098055854,0.7718763479511143,-8.318110034121796,0.7803797205562222,True,False,"[0, 0, 1, 1, 0, 0, 0, 0, 0, 0, 0, 0, 0, 0, 2, 3, 0, 0, 0, 4, 5, 0, 0, 0, 0, 0, 6, 0, 3, 0, 0, 0, 0, 0, 0, 0, 0, 0, 0, 0, 0, 0, 0, 0, 0, 2, 0, 7, 0, 0, 0, 0, 0, 0, 0, 0, 0, 0, 8, 0, 0, 8, 6, 0, 0, 2, 0, 0, 4, 0, 9, 0, 0, 0, 0, 0, 0, 0, 0, 0, 0, 0, 10, 0, 11, 12, 10, 0, 0, 6, 0, 0, 0, 0, 0, 0, 0, 0, 0, 13, 4, 0, 14, 0, 0, 0, 3, 4, 14, 1, 1, 5, 0, 15, 15, 15, 15, 15, 16, 6, 8, 9, 16, 15, 17, 15, 16, 14, 12, 15, 15, 4, 15, 15, 18, 5, 15, 16, 15, 2, 19, 15, 14, 15, 15, 20, 1, 11, 7, 16, 1, 15, 8, 1, 1, 5, 0, 1, 5, 10, 11, 1, 6, 1, 1, 3, 21, 11, 1, 15, 11, 5, 1, 1, 22, 12, 12, 7, 21, 23, 4, 1, 15, 1, 16, 1, 1, 12, 1, 14, 6, 8, 12, 24, 8, 9, 9, 8, 11, 19, 8, 8, 25, 2, 5, 12, 11, 16, 21, 22, 9, 24, 24, 9, 2, 24, 8, 8, 8, 17, 8, 8, 9, 24, 9, 8, 24, 22, 9, 12, 24, 24, 24, 2, 9, 24, 24, 4, 24, 12, 24, 24, 9, 24, 9, 12, 9, 21, 9, 24, 24, 8, 24, 9, 12, 24, 8, 24, 11, 4, 6, 24, 24, 9, 21, 12, 24, 22, 21, 26, 12, 24, 22, 12, 12, 14, 8, 22, 24, 8, 15, 15, 15, 7, 14, 1, 2, 2, 1, 25, 18, 9, 12, 12, 8, 8, 18, 9, 4, 8, 13, 18, 8, 22, 19, 17, 18, 18, 18, 18, 18, 24, 22, 18, 10, 18, 23, 25, 19, 18, 10, 18, 17, 18, 18, 9, 11, 7, 22, 23, 18, 22, 18, 21, 5, 22, 2, 12, 12, 12, 9, 24, 24, 3, 11, 7, 1, 2, 5, 4, 2, 6, 5, 5, 2, 15, 10, 15, 12, 4, 24, 9, 2, 12, 24, 8, 19, 19, 3, 4, 5, 19, 12, 5, 5, 3, 1, 12, 10, 13, 12, 24, 24, 1, 9, 9, 4, 6, 7, 0, 2, 9, 2, 4, 2, 14, 7, 5, 12, 7, 13, 7, 25, 7, 17, 5, 11, 11, 11, 17, 19, 15, 11, 20, 11, 11, 11, 6, 17, 6, 11, 12, 24, 22, 3, 24, 9, 12, 24, 5, 5, 24, 12, 19, 17, 12, 12, 2, 12, 2, 2, 5, 11, 4, 12, 16, 24, 12, 12, 19, 24, 2, 12, 2, 12, 12, 9, 2, 12, 5, 24, 12, 24, 13, 18, 5, 12, 24, 12, 13, 20, 11, 11, 7, 11, 4, 1, 0, 11, 1, 13, 17, 10, 1, 21, 24, 23, 14, 19, 19, 14, 4, 8, 14, 5, 5, 1, 0, 5, 20, 5, 3, 27, 4, 1, 5, 5, 4, 6, 3, 6, 17, 25, 11, 2, 4, 2, 2, 14, 16, 17, 19, 20, 9, 11, 19, 4, 21, 1, 7, 18, 22, 24, 17, 1, 11, 23, 14, 1, 9, 5, 24, 16, 5, 6, 11, 1, 3, 0, 6, 10, 16, 1, 14, 5, 17, 4, 5, 28, 7, 14, 6, 0, 4, 8, 25, 4, 14, 4, 6, 0, 1, 1, 1, 17, 1, 24, 1, 1, 6, 5, 18, 19, 5, 11, 4, 17, 17, 26, 23, 16, 14, 18, 23, 20, 17, 20, 23, 23, 23, 26, 20, 13, 17, 14, 14, 20, 17, 25, 7, 18, 25, 13, 20, 20, 4, 7, 21, 3, 6, 29, 8, 11, 3, 5, 14, 11, 10, 30, 0, 7, 9, 11, 15, 3, 1, 17, 3, 5, 3, 11, 18, 3, 3, 3, 12, 1, 16, 12, 19, 29, 3, 0, 6, 14, 16, 5, 9, 16, 17, 5, 21, 5, 7, 11, 24, 9, 26, 1, 11, 18, 11, 22, 20, 10, 25, 25, 25, 22, 22, 1, 4, 1, 1, 8, 16, 3, 1, 2, 3, 1, 1, 6, 7, 1, 17, 2, 18, 18, 5, 4, 5, 5, 19, 3, 4, 1, 3, 1, 1, 1, 3, 15, 3, 6, 16, 1, 5, 1, 23, 26, 11, 1, 3, 2, 3, 3, 3, 13, 3, 1, 1, 4, 24, 1, 8, 2, 2, 5, 25, 11, 21, 15, 16, 23, 24, 2, 4, 25, 24, 4, 12, 24, 5, 4, 5, 12, 24, 24, 10, 12, 23, 24, 20, 5, 2, 8, 17, 24, 2, 26, 8, 4, 20, 9, 24, 10, 23, 31, 3, 3, 3, 5, 3, 3, 3, 3, 3, 3, 3, 26, 25, 30, 18, 3, 13, 17, 31, 17, 17, 26, 27, 27, 27, 27, 30, 17, 3, 3, 3, 3, 1, 3, 5]"
xerces,18,seed18_solution074,seed18_solution074,0.7831488138030194,14.190426473883292,0.87664043458258,0.8270443813662273,0.7831488138030194,-14.190426473883292,0.87664043458258,True,False,"[0, 0, 0, 0, 0, 0, 0, 1, 0, 0, 0, 0, 0, 1, 2, 3, 0, 1, 0, 4, 5, 0, 0, 0, 0, 0, 1, 0, 0, 0, 4, 6, 0, 0, 0, 0, 0, 0, 0, 0, 0, 0, 0, 0, 6, 7, 0, 0, 8, 0, 5, 7, 0, 0, 0, 4, 0, 0, 0, 0, 0, 0, 0, 0, 0, 5, 0, 0, 9, 0, 4, 0, 0, 0, 0, 0, 0, 0, 0, 10, 0, 0, 0, 0, 1, 0, 0, 0, 0, 1, 0, 0, 0, 0, 8, 0, 0, 2, 0, 0, 11, 0, 9, 12, 0, 0, 11, 11, 11, 2, 2, 13, 0, 12, 6, 3, 8, 5, 3, 1, 1, 4, 9, 14, 8, 8, 7, 14, 4, 7, 8, 3, 14, 8, 6, 8, 4, 14, 5, 6, 8, 7, 4, 8, 3, 7, 15, 8, 8, 9, 2, 6, 7, 16, 2, 8, 2, 5, 2, 7, 2, 2, 2, 2, 2, 6, 6, 1, 1, 8, 2, 2, 17, 2, 2, 4, 4, 6, 6, 6, 6, 2, 6, 2, 2, 2, 6, 15, 2, 9, 4, 13, 18, 15, 3, 17, 19, 15, 15, 4, 18, 19, 8, 9, 7, 14, 2, 20, 21, 15, 17, 21, 21, 21, 8, 21, 4, 15, 4, 12, 8, 15, 15, 22, 4, 8, 6, 21, 9, 14, 14, 15, 23, 21, 21, 21, 15, 15, 23, 21, 21, 8, 21, 9, 4, 24, 3, 6, 4, 15, 15, 8, 25, 21, 9, 4, 21, 16, 2, 9, 4, 12, 4, 4, 19, 21, 9, 9, 11, 24, 17, 11, 23, 12, 12, 14, 21, 4, 15, 8, 7, 1, 8, 14, 14, 2, 5, 5, 2, 26, 13, 8, 24, 19, 13, 23, 24, 8, 8, 10, 17, 10, 10, 7, 10, 17, 21, 10, 22, 10, 10, 7, 21, 3, 10, 10, 10, 21, 25, 21, 10, 21, 10, 21, 10, 7, 12, 10, 17, 12, 25, 14, 24, 27, 9, 26, 5, 9, 14, 9, 23, 11, 9, 2, 13, 25, 20, 9, 6, 7, 9, 26, 26, 7, 5, 5, 5, 7, 5, 26, 11, 14, 12, 14, 6, 14, 12, 5, 12, 9, 9, 25, 0, 26, 1, 14, 5, 14, 12, 9, 25, 7, 25, 26, 5, 25, 5, 5, 7, 9, 7, 8, 5, 5, 5, 20, 5, 9, 10, 25, 6, 10, 3, 25, 25, 6, 25, 14, 1, 8, 14, 2, 28, 25, 14, 14, 14, 12, 14, 2, 25, 11, 25, 9, 11, 16, 21, 14, 24, 9, 12, 9, 10, 14, 12, 14, 11, 9, 12, 14, 9, 6, 25, 6, 12, 14, 12, 25, 14, 10, 9, 5, 4, 3, 21, 25, 12, 9, 25, 5, 12, 12, 14, 14, 22, 4, 10, 14, 25, 13, 20, 20, 12, 2, 16, 8, 25, 2, 1, 1, 2, 14, 12, 2, 2, 20, 9, 1, 18, 18, 1, 21, 18, 18, 5, 5, 2, 0, 3, 12, 11, 4, 14, 11, 3, 7, 7, 2, 11, 2, 8, 4, 2, 2, 9, 5, 26, 9, 20, 7, 13, 14, 13, 25, 12, 14, 7, 5, 20, 10, 6, 22, 6, 0, 16, 12, 8, 9, 2, 2, 3, 5, 1, 11, 13, 25, 8, 2, 12, 2, 23, 2, 2, 4, 7, 14, 4, 1, 7, 7, 19, 25, 6, 27, 4, 7, 1, 7, 1, 14, 1, 3, 2, 2, 2, 12, 2, 2, 2, 6, 11, 20, 7, 7, 16, 2, 23, 20, 16, 16, 16, 20, 22, 19, 22, 25, 16, 10, 19, 19, 20, 22, 20, 6, 20, 24, 20, 2, 10, 2, 29, 29, 22, 20, 2, 1, 25, 30, 7, 24, 22, 12, 25, 11, 1, 13, 2, 21, 20, 3, 2, 13, 14, 17, 5, 3, 2, 5, 7, 3, 12, 12, 3, 3, 11, 3, 6, 9, 23, 9, 2, 3, 2, 14, 5, 8, 31, 13, 4, 8, 6, 30, 3, 13, 13, 1, 8, 26, 2, 23, 13, 18, 23, 25, 20, 16, 26, 18, 21, 23, 2, 1, 4, 1, 2, 2, 2, 1, 2, 1, 2, 2, 2, 2, 2, 25, 12, 14, 16, 7, 5, 5, 6, 6, 3, 7, 2, 2, 2, 2, 8, 1, 6, 25, 2, 2, 2, 22, 20, 11, 19, 12, 2, 5, 11, 12, 3, 1, 25, 9, 10, 2, 1, 3, 1, 2, 6, 7, 5, 11, 13, 5, 5, 10, 12, 6, 25, 9, 32, 33, 5, 25, 9, 23, 1, 3, 12, 11, 9, 11, 14, 14, 17, 25, 12, 0, 9, 14, 24, 17, 7, 11, 8, 15, 16, 15, 8, 2, 34, 6, 3, 3, 11, 2, 11, 3, 5, 3, 1, 5, 6, 27, 15, 28, 3, 18, 32, 34, 26, 19, 26, 14, 23, 23, 17, 23, 22, 3, 11, 3, 1, 3, 5, 3]"
xerces,18,seed18_solution075,seed18_solution075,0.7873759884974838,14.117323600029923,0.8666708305428917,0.8527386846610661,0.7873759884974838,-14.117323600029923,0.8666708305428917,True,False,"[0, 0, 0, 0, 0, 0, 0, 0, 0, 0, 0, 0, 0, 0, 1, 2, 0, 1, 0, 3, 1, 0, 0, 0, 0, 0, 1, 0, 0, 0, 0, 0, 0, 0, 0, 0, 0, 0, 0, 0, 0, 0, 0, 0, 4, 5, 0, 0, 6, 0, 0, 5, 0, 0, 0, 7, 0, 0, 0, 0, 0, 0, 0, 0, 0, 4, 0, 0, 8, 0, 0, 0, 0, 0, 0, 0, 0, 0, 5, 0, 0, 0, 0, 0, 1, 0, 0, 0, 0, 0, 0, 0, 3, 0, 6, 0, 0, 2, 0, 0, 8, 0, 3, 9, 0, 0, 10, 11, 8, 2, 2, 12, 0, 11, 3, 13, 3, 2, 13, 1, 11, 11, 11, 14, 6, 6, 5, 5, 3, 10, 11, 13, 3, 6, 4, 6, 3, 5, 7, 3, 6, 5, 3, 6, 2, 5, 15, 6, 7, 8, 2, 4, 10, 16, 1, 6, 1, 7, 1, 5, 2, 1, 6, 2, 1, 13, 3, 11, 1, 12, 1, 1, 17, 2, 2, 3, 3, 4, 4, 4, 7, 1, 4, 1, 2, 2, 4, 15, 2, 6, 15, 12, 18, 6, 13, 5, 12, 15, 15, 3, 11, 19, 5, 4, 5, 16, 2, 17, 20, 15, 17, 10, 18, 18, 6, 20, 10, 15, 12, 11, 19, 18, 18, 7, 10, 19, 12, 20, 10, 6, 14, 15, 21, 20, 6, 20, 12, 18, 18, 20, 20, 6, 7, 8, 10, 6, 13, 4, 3, 18, 15, 6, 12, 20, 8, 3, 12, 10, 1, 6, 3, 10, 7, 18, 10, 20, 8, 8, 16, 22, 17, 11, 21, 9, 16, 14, 18, 3, 15, 3, 11, 1, 11, 3, 4, 1, 7, 7, 1, 23, 12, 10, 14, 24, 25, 21, 16, 6, 6, 10, 17, 10, 14, 5, 10, 17, 20, 21, 21, 26, 10, 5, 20, 19, 22, 14, 10, 20, 26, 20, 5, 20, 10, 20, 10, 14, 11, 21, 26, 9, 26, 14, 22, 27, 8, 13, 7, 6, 14, 6, 21, 21, 8, 1, 12, 26, 6, 21, 4, 13, 8, 4, 23, 5, 4, 7, 7, 20, 4, 20, 11, 14, 9, 6, 4, 14, 9, 7, 9, 8, 16, 21, 6, 4, 13, 14, 7, 6, 16, 4, 26, 5, 26, 2, 4, 26, 7, 7, 11, 4, 3, 12, 4, 13, 7, 25, 7, 8, 10, 26, 7, 7, 13, 2, 26, 5, 12, 14, 1, 6, 14, 1, 28, 25, 9, 25, 14, 9, 9, 4, 26, 11, 26, 8, 11, 16, 20, 14, 22, 6, 9, 8, 10, 14, 9, 14, 11, 6, 9, 14, 8, 13, 13, 13, 9, 10, 19, 26, 6, 6, 21, 20, 3, 2, 20, 6, 12, 16, 26, 7, 6, 9, 14, 14, 16, 3, 7, 6, 6, 12, 9, 20, 14, 6, 1, 6, 26, 2, 1, 1, 2, 14, 9, 1, 1, 1, 8, 1, 18, 17, 23, 17, 17, 20, 7, 7, 2, 0, 13, 2, 13, 7, 9, 11, 13, 2, 5, 2, 11, 1, 6, 1, 1, 1, 4, 4, 20, 4, 25, 5, 12, 14, 12, 9, 9, 12, 4, 7, 25, 10, 4, 9, 4, 0, 20, 9, 6, 15, 2, 1, 13, 7, 13, 11, 25, 26, 6, 1, 9, 6, 6, 2, 2, 3, 5, 25, 13, 13, 5, 4, 1, 1, 4, 7, 3, 5, 13, 5, 13, 14, 13, 13, 1, 1, 2, 9, 2, 1, 1, 4, 11, 26, 5, 13, 16, 2, 21, 25, 23, 26, 16, 9, 24, 23, 23, 17, 9, 10, 19, 19, 25, 24, 17, 4, 17, 23, 18, 2, 23, 1, 29, 21, 0, 17, 21, 1, 26, 30, 13, 6, 24, 9, 9, 11, 13, 25, 2, 20, 25, 4, 2, 25, 25, 11, 7, 13, 2, 8, 5, 2, 9, 9, 2, 2, 11, 2, 4, 12, 21, 8, 2, 2, 2, 11, 7, 6, 12, 12, 3, 6, 4, 30, 13, 13, 12, 1, 12, 20, 2, 27, 12, 20, 21, 17, 25, 22, 20, 24, 19, 21, 2, 1, 1, 1, 1, 2, 1, 1, 1, 1, 2, 6, 1, 2, 1, 16, 9, 14, 15, 8, 7, 7, 13, 13, 13, 13, 2, 1, 2, 2, 1, 1, 11, 7, 1, 1, 6, 13, 1, 4, 19, 9, 1, 7, 11, 2, 2, 1, 26, 1, 1, 1, 6, 2, 1, 1, 4, 5, 26, 4, 20, 7, 7, 10, 9, 6, 26, 21, 31, 32, 7, 6, 5, 4, 13, 13, 10, 11, 10, 11, 14, 14, 21, 16, 9, 0, 8, 4, 22, 17, 5, 12, 6, 10, 12, 15, 6, 11, 33, 4, 13, 2, 11, 2, 2, 13, 7, 13, 1, 2, 22, 27, 24, 28, 2, 25, 31, 33, 18, 22, 23, 14, 21, 27, 19, 27, 25, 2, 24, 13, 1, 2, 7, 2]"
xerces,18,seed18_solution076,seed18_solution076,0.7983608914450036,7.150068488644121,0.7316959917359894,0.863206906269454,0.7983608914450036,-7.150068488644121,0.7316959917359894,True,False,"[0, 0, 0, 1, 0, 0, 0, 2, 2, 3, 3, 0, 0, 0, 4, 5, 0, 2, 0, 6, 7, 0, 0, 0, 0, 0, 6, 0, 0, 8, 0, 9, 0, 8, 0, 0, 0, 0, 0, 0, 0, 0, 0, 0, 0, 0, 8, 9, 0, 0, 0, 1, 0, 0, 10, 4, 11, 0, 0, 0, 0, 0, 0, 12, 2, 11, 0, 0, 5, 0, 0, 0, 0, 0, 10, 0, 0, 0, 13, 0, 0, 0, 0, 14, 0, 0, 0, 4, 0, 0, 0, 0, 6, 0, 0, 0, 0, 0, 0, 0, 6, 15, 3, 16, 0, 11, 8, 11, 6, 1, 1, 17, 18, 9, 3, 9, 3, 4, 9, 19, 9, 6, 9, 3, 15, 3, 14, 7, 4, 7, 9, 2, 3, 20, 9, 9, 2, 4, 3, 3, 21, 8, 9, 3, 5, 22, 1, 23, 4, 9, 24, 9, 11, 1, 1, 24, 6, 1, 4, 3, 1, 1, 21, 1, 1, 2, 3, 9, 1, 25, 1, 1, 16, 21, 26, 21, 7, 27, 27, 4, 4, 28, 7, 7, 1, 15, 19, 8, 1, 21, 13, 25, 9, 21, 11, 7, 25, 17, 9, 15, 22, 8, 7, 17, 24, 11, 1, 22, 12, 12, 17, 4, 7, 12, 20, 12, 1, 25, 25, 9, 27, 12, 8, 4, 8, 27, 25, 29, 29, 21, 11, 24, 10, 2, 21, 10, 25, 12, 26, 12, 4, 5, 4, 25, 8, 21, 0, 18, 30, 12, 25, 19, 25, 25, 21, 8, 25, 29, 14, 21, 25, 8, 17, 21, 31, 12, 11, 19, 14, 13, 11, 23, 10, 13, 7, 16, 2, 9, 25, 10, 9, 9, 9, 20, 3, 31, 32, 30, 24, 13, 11, 8, 14, 24, 21, 21, 11, 4, 11, 22, 12, 16, 26, 24, 16, 16, 16, 16, 24, 15, 33, 19, 16, 24, 31, 13, 19, 16, 24, 19, 11, 16, 16, 16, 24, 14, 11, 28, 19, 7, 16, 13, 13, 4, 17, 16, 17, 21, 26, 20, 21, 16, 32, 3, 13, 13, 21, 6, 8, 23, 17, 3, 19, 14, 17, 5, 14, 2, 17, 5, 32, 11, 26, 21, 3, 11, 27, 4, 26, 11, 15, 17, 5, 29, 2, 11, 7, 17, 11, 17, 26, 14, 16, 5, 17, 10, 17, 14, 29, 17, 17, 25, 34, 2, 32, 17, 7, 8, 4, 5, 4, 3, 17, 5, 7, 9, 25, 14, 18, 18, 2, 1, 3, 11, 24, 18, 3, 32, 21, 17, 2, 32, 16, 13, 18, 26, 9, 11, 32, 21, 2, 16, 25, 10, 21, 17, 16, 35, 26, 4, 26, 2, 10, 21, 10, 20, 27, 4, 21, 26, 16, 14, 22, 5, 26, 6, 9, 26, 22, 2, 21, 7, 11, 2, 25, 9, 4, 5, 21, 25, 24, 14, 4, 21, 1, 21, 22, 31, 13, 21, 1, 25, 2, 17, 17, 3, 22, 22, 25, 5, 29, 27, 24, 14, 32, 14, 1, 27, 15, 5, 1, 6, 24, 2, 2, 2, 2, 2, 8, 1, 19, 31, 1, 1, 5, 17, 30, 5, 16, 0, 18, 34, 6, 28, 27, 28, 6, 19, 5, 3, 14, 24, 13, 0, 14, 28, 17, 6, 1, 1, 1, 2, 2, 13, 18, 25, 7, 1, 9, 21, 14, 29, 1, 21, 17, 1, 20, 34, 29, 17, 1, 1, 20, 35, 2, 6, 31, 35, 12, 2, 21, 21, 1, 1, 11, 1, 26, 1, 1, 3, 2, 16, 20, 27, 18, 6, 3, 36, 29, 19, 12, 15, 7, 29, 29, 22, 24, 22, 15, 17, 16, 30, 10, 29, 22, 29, 29, 30, 29, 7, 15, 13, 10, 22, 18, 2, 31, 27, 2, 32, 2, 15, 9, 34, 2, 18, 1, 4, 18, 0, 33, 12, 6, 4, 1, 32, 1, 6, 6, 28, 10, 2, 32, 5, 34, 34, 23, 25, 21, 10, 5, 5, 5, 19, 9, 19, 25, 25, 7, 25, 17, 27, 2, 2, 31, 2, 6, 14, 1, 6, 19, 29, 12, 22, 29, 28, 33, 12, 10, 21, 15, 8, 1, 30, 11, 1, 1, 1, 1, 7, 1, 21, 1, 7, 29, 11, 11, 3, 10, 6, 17, 21, 1, 2, 29, 2, 1, 1, 7, 24, 17, 1, 9, 31, 30, 17, 36, 2, 1, 13, 18, 10, 1, 5, 34, 5, 28, 1, 8, 0, 1, 1, 1, 5, 1, 35, 33, 35, 5, 6, 14, 14, 17, 16, 26, 4, 16, 4, 12, 2, 17, 21, 7, 21, 29, 17, 26, 26, 8, 16, 11, 11, 29, 11, 11, 31, 14, 17, 30, 1, 4, 25, 8, 8, 25, 11, 12, 1, 37, 5, 34, 25, 23, 5, 34, 5, 5, 5, 5, 34, 31, 6, 18, 27, 5, 26, 31, 37, 12, 31, 27, 16, 31, 20, 27, 16, 21, 1, 25, 3, 5, 0, 5, 21]"
xerces,18,seed18_solution077,seed18_solution077,0.8017541337167505,0.22079184407545843,0.7008209198261223,0.856198800536968,0.8017541337167505,-0.22079184407545843,0.7008209198261223,True,False,"[0, 0, 0, 0, 0, 0, 0, 0, 0, 0, 0, 0, 0, 0, 1, 2, 0, 0, 0, 3, 1, 0, 0, 0, 0, 0, 1, 0, 0, 0, 0, 0, 0, 0, 0, 4, 0, 0, 0, 0, 0, 0, 0, 0, 0, 5, 0, 6, 7, 0, 0, 5, 2, 0, 0, 8, 0, 0, 0, 0, 0, 0, 0, 0, 0, 9, 0, 10, 11, 0, 0, 0, 0, 0, 0, 5, 0, 0, 5, 0, 0, 0, 0, 0, 1, 0, 0, 0, 0, 0, 0, 0, 3, 0, 0, 0, 0, 0, 0, 0, 12, 0, 3, 0, 0, 0, 7, 10, 3, 2, 2, 8, 0, 10, 13, 12, 3, 2, 5, 1, 10, 9, 10, 14, 8, 15, 8, 5, 16, 7, 10, 3, 15, 8, 8, 17, 3, 5, 8, 3, 9, 5, 3, 17, 2, 5, 18, 10, 8, 5, 1, 3, 7, 9, 1, 17, 1, 8, 1, 19, 7, 1, 12, 2, 18, 12, 8, 1, 18, 11, 1, 20, 16, 1, 2, 4, 4, 9, 4, 0, 8, 1, 9, 20, 2, 9, 9, 4, 2, 21, 13, 11, 18, 19, 20, 5, 11, 13, 20, 10, 22, 4, 6, 17, 14, 15, 4, 16, 20, 4, 4, 7, 18, 23, 4, 19, 4, 22, 11, 10, 6, 21, 18, 8, 7, 6, 11, 20, 7, 17, 14, 4, 21, 20, 17, 12, 6, 18, 18, 6, 6, 17, 8, 4, 7, 19, 12, 9, 3, 18, 18, 17, 11, 20, 20, 3, 11, 7, 1, 17, 3, 4, 4, 18, 22, 20, 13, 4, 15, 22, 16, 10, 6, 6, 12, 14, 6, 6, 13, 5, 8, 1, 5, 3, 9, 9, 17, 3, 1, 23, 11, 19, 14, 24, 12, 7, 0, 6, 7, 13, 16, 6, 20, 15, 7, 24, 20, 21, 10, 25, 7, 6, 6, 24, 22, 21, 7, 20, 6, 10, 5, 20, 7, 13, 3, 24, 10, 21, 21, 24, 6, 6, 6, 26, 3, 12, 3, 12, 19, 12, 21, 12, 12, 1, 11, 10, 17, 12, 3, 1, 19, 11, 3, 5, 11, 3, 20, 20, 15, 20, 10, 14, 6, 10, 1, 14, 18, 3, 6, 12, 15, 5, 17, 19, 12, 14, 9, 17, 12, 9, 25, 5, 25, 17, 3, 25, 8, 8, 10, 3, 3, 11, 9, 11, 17, 27, 3, 4, 7, 25, 8, 8, 12, 7, 25, 3, 16, 14, 18, 17, 22, 1, 17, 27, 6, 5, 21, 6, 6, 1, 17, 10, 12, 4, 23, 20, 11, 19, 22, 5, 20, 12, 10, 14, 6, 14, 4, 17, 6, 12, 4, 12, 11, 12, 12, 12, 12, 4, 12, 12, 21, 11, 24, 2, 20, 12, 12, 15, 25, 17, 17, 20, 19, 12, 14, 12, 8, 17, 4, 23, 8, 11, 20, 17, 1, 3, 9, 2, 1, 1, 2, 14, 6, 1, 21, 1, 4, 1, 18, 15, 23, 15, 10, 24, 8, 2, 2, 0, 12, 2, 12, 1, 8, 25, 12, 2, 5, 2, 10, 9, 17, 9, 1, 1, 3, 9, 16, 9, 8, 5, 11, 14, 11, 23, 11, 11, 1, 8, 27, 7, 9, 6, 9, 0, 6, 11, 27, 22, 18, 1, 9, 8, 2, 10, 11, 11, 17, 1, 6, 17, 17, 2, 2, 17, 2, 11, 3, 12, 5, 11, 1, 1, 9, 6, 3, 5, 1, 17, 10, 9, 12, 9, 1, 1, 10, 6, 2, 9, 1, 9, 10, 11, 2, 17, 24, 2, 21, 16, 14, 25, 19, 10, 14, 27, 23, 16, 18, 7, 19, 18, 27, 23, 21, 9, 16, 23, 18, 12, 23, 1, 21, 25, 0, 24, 25, 9, 25, 16, 12, 12, 4, 6, 11, 10, 9, 27, 1, 11, 27, 3, 9, 16, 11, 10, 8, 12, 1, 7, 5, 2, 6, 2, 2, 2, 2, 2, 9, 11, 21, 12, 2, 1, 2, 10, 5, 17, 11, 8, 8, 17, 9, 28, 17, 12, 11, 2, 5, 24, 2, 13, 11, 13, 23, 16, 27, 22, 20, 24, 19, 21, 9, 1, 1, 1, 1, 2, 18, 1, 1, 9, 1, 18, 1, 2, 1, 15, 6, 13, 27, 4, 8, 8, 12, 12, 12, 12, 2, 1, 12, 2, 1, 1, 10, 8, 18, 1, 17, 12, 1, 3, 11, 16, 1, 8, 2, 2, 2, 1, 25, 1, 18, 1, 17, 21, 19, 24, 9, 5, 3, 16, 20, 20, 8, 12, 4, 17, 25, 21, 5, 10, 8, 12, 11, 9, 17, 12, 12, 12, 7, 10, 14, 3, 21, 15, 8, 0, 12, 9, 12, 16, 10, 11, 10, 7, 11, 4, 19, 7, 2, 2, 2, 2, 2, 2, 2, 2, 8, 2, 12, 2, 22, 0, 24, 26, 2, 27, 26, 9, 18, 14, 23, 15, 21, 21, 26, 26, 27, 9, 23, 2, 1, 2, 2, 2]"
xerces,18,seed18_solution079,seed18_solution079,0.8247879223580158,7.714591552234185,0.7669744804138656,0.8723247862128125,0.8247879223580158,-7.714591552234185,0.7669744804138656,True,False,"[0, 0, 1, 1, 0, 0, 0, 0, 0, 0, 0, 2, 0, 0, 3, 4, 3, 0, 0, 5, 2, 5, 0, 0, 0, 0, 6, 0, 4, 0, 0, 0, 0, 0, 0, 0, 7, 0, 0, 0, 3, 0, 8, 0, 0, 3, 9, 10, 0, 0, 7, 0, 0, 0, 0, 2, 0, 0, 0, 0, 0, 11, 6, 0, 4, 2, 0, 0, 4, 0, 12, 0, 8, 4, 5, 0, 0, 0, 0, 0, 0, 0, 13, 0, 14, 0, 0, 4, 0, 0, 0, 0, 0, 0, 15, 0, 0, 0, 0, 0, 10, 0, 16, 0, 0, 0, 4, 2, 2, 7, 1, 8, 9, 7, 1, 8, 10, 3, 5, 6, 11, 12, 17, 4, 8, 8, 11, 5, 9, 5, 11, 4, 12, 18, 5, 5, 8, 14, 3, 9, 5, 17, 5, 9, 5, 19, 1, 1, 10, 13, 4, 5, 8, 6, 1, 1, 0, 1, 2, 5, 14, 1, 6, 1, 1, 4, 11, 1, 8, 9, 14, 1, 6, 1, 20, 5, 11, 13, 21, 7, 5, 1, 7, 22, 8, 21, 1, 14, 16, 16, 5, 13, 11, 17, 11, 11, 10, 11, 14, 15, 12, 8, 22, 9, 12, 14, 23, 8, 10, 20, 12, 17, 5, 10, 3, 12, 12, 11, 10, 24, 11, 10, 10, 12, 6, 5, 24, 10, 10, 7, 23, 12, 25, 3, 11, 25, 12, 10, 10, 11, 9, 7, 12, 11, 12, 2, 2, 21, 10, 10, 12, 5, 5, 12, 9, 12, 6, 12, 14, 5, 6, 8, 23, 3, 21, 9, 10, 14, 14, 5, 14, 8, 20, 8, 25, 5, 11, 12, 10, 11, 18, 14, 8, 8, 16, 1, 5, 9, 22, 22, 6, 16, 25, 25, 25, 24, 16, 25, 5, 14, 14, 17, 23, 20, 23, 24, 12, 14, 18, 18, 15, 12, 23, 10, 12, 14, 18, 22, 15, 25, 9, 25, 24, 18, 10, 23, 9, 10, 20, 18, 18, 20, 12, 21, 4, 20, 3, 9, 14, 5, 14, 12, 8, 1, 9, 17, 1, 3, 16, 3, 8, 7, 3, 3, 3, 7, 13, 9, 9, 4, 14, 12, 3, 14, 25, 11, 5, 5, 4, 14, 14, 17, 3, 2, 23, 19, 1, 14, 8, 14, 4, 14, 0, 1, 3, 10, 4, 2, 10, 4, 4, 16, 6, 9, 4, 16, 7, 23, 12, 7, 7, 7, 22, 7, 23, 7, 19, 6, 21, 24, 18, 1, 13, 19, 21, 13, 25, 13, 13, 26, 25, 14, 3, 20, 4, 11, 21, 23, 14, 2, 25, 3, 2, 5, 8, 14, 3, 3, 19, 3, 5, 6, 27, 5, 5, 8, 14, 13, 5, 15, 5, 16, 15, 4, 14, 14, 14, 3, 19, 2, 14, 14, 25, 5, 5, 15, 14, 21, 14, 5, 13, 13, 10, 10, 14, 3, 6, 7, 14, 1, 17, 24, 13, 1, 21, 25, 18, 16, 28, 5, 22, 17, 17, 20, 22, 2, 1, 0, 11, 19, 3, 4, 21, 1, 2, 29, 10, 3, 6, 1, 6, 24, 1, 14, 3, 11, 6, 4, 21, 13, 24, 25, 19, 25, 13, 11, 5, 6, 2, 10, 23, 20, 25, 24, 1, 26, 18, 27, 1, 12, 3, 4, 8, 3, 6, 8, 1, 4, 21, 1, 1, 8, 1, 3, 15, 24, 11, 3, 29, 10, 1, 1, 0, 25, 6, 3, 4, 16, 23, 3, 3, 4, 1, 1, 24, 1, 25, 1, 4, 6, 6, 23, 6, 3, 13, 1, 17, 14, 26, 15, 22, 30, 22, 30, 4, 16, 30, 7, 17, 10, 26, 31, 17, 26, 16, 29, 26, 16, 22, 1, 23, 16, 16, 22, 17, 3, 12, 13, 3, 6, 5, 11, 13, 6, 24, 15, 14, 13, 13, 3, 1, 12, 21, 5, 3, 6, 1, 6, 21, 1, 13, 2, 1, 4, 6, 9, 3, 13, 15, 5, 32, 2, 6, 11, 16, 15, 20, 12, 8, 24, 2, 27, 22, 3, 24, 3, 8, 26, 12, 28, 24, 14, 28, 30, 29, 30, 26, 22, 18, 32, 6, 5, 20, 1, 23, 1, 1, 1, 1, 1, 30, 1, 1, 1, 1, 24, 8, 5, 23, 21, 22, 3, 6, 6, 9, 5, 1, 1, 7, 1, 23, 1, 23, 6, 6, 3, 7, 6, 14, 6, 26, 21, 6, 4, 4, 9, 1, 1, 13, 1, 23, 1, 5, 4, 22, 11, 3, 4, 4, 22, 25, 21, 7, 8, 18, 3, 14, 8, 22, 5, 3, 14, 24, 2, 3, 2, 5, 3, 2, 3, 14, 18, 18, 19, 2, 14, 14, 4, 14, 2, 26, 11, 5, 19, 10, 24, 10, 1, 33, 6, 4, 6, 2, 6, 4, 6, 4, 4, 1, 6, 28, 18, 16, 23, 4, 24, 10, 33, 21, 26, 26, 31, 31, 31, 15, 26, 24, 4, 3, 1, 4, 1, 4, 10]"
xerces,18,seed18_solution080,seed18_solution080,0.8288138030194105,0.40200748819682763,0.5860762078196822,0.904663160560436,0.8288138030194105,-0.40200748819682763,0.5860762078196822,True,False,"[0, 0, 1, 1, 0, 1, 0, 2, 0, 3, 0, 3, 4, 4, 5, 6, 0, 7, 8, 4, 6, 9, 0, 0, 0, 0, 10, 0, 9, 0, 0, 10, 4, 0, 0, 11, 0, 7, 0, 0, 0, 2, 4, 11, 4, 0, 0, 0, 0, 7, 0, 0, 9, 0, 12, 13, 0, 9, 0, 0, 13, 14, 10, 15, 0, 3, 0, 16, 17, 0, 5, 0, 0, 13, 4, 0, 0, 16, 0, 18, 0, 2, 1, 19, 0, 0, 20, 0, 0, 6, 21, 16, 17, 18, 0, 0, 16, 0, 14, 0, 1, 0, 7, 22, 0, 0, 9, 20, 10, 1, 2, 6, 22, 2, 3, 23, 7, 23, 22, 1, 22, 22, 22, 11, 24, 4, 8, 25, 22, 19, 22, 17, 13, 23, 26, 22, 21, 23, 27, 13, 28, 22, 13, 17, 22, 29, 7, 1, 30, 10, 1, 22, 23, 1, 0, 1, 0, 1, 1, 22, 5, 1, 7, 21, 12, 25, 22, 7, 7, 11, 7, 7, 21, 7, 1, 31, 22, 18, 19, 3, 30, 30, 27, 7, 3, 1, 1, 5, 32, 5, 32, 23, 19, 4, 18, 18, 8, 18, 5, 9, 18, 17, 3, 17, 1, 30, 5, 12, 31, 6, 8, 31, 4, 21, 21, 9, 8, 26, 8, 5, 8, 1, 12, 20, 8, 4, 30, 8, 8, 5, 5, 15, 9, 14, 25, 23, 9, 33, 8, 21, 11, 21, 0, 30, 3, 5, 0, 13, 19, 9, 8, 7, 27, 21, 33, 31, 4, 9, 17, 13, 9, 8, 8, 16, 8, 8, 5, 5, 5, 5, 5, 23, 32, 10, 8, 4, 9, 34, 9, 34, 22, 29, 22, 23, 32, 1, 24, 11, 1, 17, 35, 10, 8, 14, 2, 35, 21, 19, 35, 20, 20, 34, 35, 5, 30, 25, 30, 20, 20, 12, 30, 9, 11, 33, 22, 5, 24, 25, 12, 13, 30, 22, 30, 6, 18, 16, 30, 30, 34, 30, 30, 33, 9, 3, 31, 4, 17, 4, 23, 21, 5, 5, 5, 1, 6, 21, 25, 5, 20, 19, 17, 2, 17, 17, 27, 2, 19, 5, 5, 17, 5, 26, 21, 1, 2, 5, 13, 5, 33, 4, 29, 7, 4, 19, 4, 3, 16, 22, 5, 5, 10, 5, 5, 5, 10, 16, 14, 33, 24, 5, 5, 14, 22, 5, 17, 36, 19, 19, 19, 3, 6, 19, 17, 31, 24, 3, 16, 23, 28, 28, 21, 7, 28, 12, 12, 33, 35, 28, 14, 7, 21, 19, 18, 5, 6, 8, 28, 11, 4, 5, 5, 5, 4, 4, 23, 31, 23, 36, 12, 4, 21, 20, 21, 33, 5, 26, 4, 11, 19, 0, 7, 18, 5, 17, 19, 31, 5, 23, 26, 4, 5, 5, 26, 17, 14, 30, 31, 2, 23, 11, 28, 27, 20, 14, 11, 4, 29, 1, 15, 1, 6, 14, 15, 7, 7, 3, 10, 33, 9, 3, 33, 10, 16, 11, 23, 2, 37, 0, 36, 6, 33, 30, 12, 15, 2, 7, 26, 7, 4, 7, 7, 7, 7, 7, 3, 9, 28, 35, 28, 32, 27, 28, 33, 15, 28, 28, 4, 4, 4, 3, 18, 28, 28, 0, 24, 21, 30, 23, 7, 11, 2, 33, 22, 30, 29, 5, 32, 5, 14, 7, 20, 1, 7, 21, 30, 4, 14, 4, 32, 2, 7, 25, 4, 36, 27, 4, 11, 2, 30, 4, 21, 32, 7, 17, 1, 21, 7, 7, 11, 31, 31, 27, 30, 32, 2, 10, 19, 35, 36, 34, 18, 34, 10, 34, 8, 31, 1, 10, 13, 18, 15, 19, 19, 23, 34, 16, 22, 16, 16, 7, 17, 11, 5, 27, 25, 28, 21, 26, 25, 23, 5, 36, 21, 15, 4, 17, 7, 21, 12, 2, 19, 28, 17, 23, 2, 33, 1, 6, 32, 24, 7, 2, 23, 1, 2, 2, 4, 21, 2, 29, 6, 34, 33, 22, 22, 21, 31, 22, 2, 27, 4, 26, 30, 1, 28, 33, 22, 22, 7, 11, 20, 20, 22, 36, 16, 12, 24, 34, 10, 9, 18, 5, 19, 1, 7, 1, 19, 34, 7, 21, 7, 15, 32, 34, 7, 3, 3, 6, 28, 24, 21, 6, 24, 18, 14, 6, 33, 7, 15, 13, 19, 27, 1, 8, 28, 7, 7, 4, 3, 14, 28, 12, 20, 6, 33, 6, 20, 1, 28, 7, 2, 15, 9, 21, 14, 20, 0, 33, 17, 6, 28, 8, 5, 6, 4, 22, 25, 23, 26, 28, 34, 4, 29, 4, 4, 33, 13, 1, 5, 4, 5, 12, 32, 8, 31, 5, 5, 3, 4, 10, 5, 9, 13, 20, 10, 29, 30, 20, 35, 33, 6, 2, 2, 32, 6, 29, 16, 11, 1, 33, 15, 2, 2, 13, 6, 22, 19, 28, 27, 27, 11, 27, 31, 16, 13, 22, 27, 30, 6, 33, 6, 6, 10, 6]"
xerces,18,seed18_solution081,seed18_solution081,0.8315456506110712,7.658017768769706,0.7588359706665762,0.893177556045638,0.8315456506110712,-7.658017768769706,0.7588359706665762,True,False,"[0, 0, 0, 1, 0, 0, 0, 0, 0, 0, 0, 2, 0, 0, 3, 4, 3, 1, 0, 4, 5, 5, 0, 0, 0, 0, 6, 0, 4, 0, 0, 0, 0, 0, 0, 0, 0, 0, 0, 0, 3, 0, 0, 0, 6, 7, 0, 8, 9, 0, 7, 7, 0, 0, 0, 4, 0, 0, 0, 0, 0, 0, 0, 0, 4, 5, 0, 0, 10, 0, 11, 0, 9, 0, 0, 0, 0, 0, 0, 0, 0, 0, 0, 0, 12, 0, 0, 0, 0, 1, 0, 0, 0, 0, 9, 0, 0, 2, 0, 0, 13, 0, 10, 0, 0, 0, 13, 2, 13, 2, 2, 14, 0, 7, 6, 9, 8, 3, 3, 6, 1, 4, 15, 12, 9, 9, 13, 5, 10, 7, 13, 4, 12, 16, 5, 9, 9, 12, 3, 10, 5, 15, 5, 10, 3, 17, 18, 9, 9, 14, 2, 6, 7, 19, 2, 1, 2, 20, 2, 5, 2, 1, 6, 1, 2, 6, 6, 1, 9, 10, 12, 1, 15, 1, 2, 4, 13, 14, 6, 7, 5, 1, 6, 2, 2, 2, 1, 18, 19, 19, 4, 14, 13, 18, 3, 15, 8, 18, 12, 18, 16, 17, 20, 10, 11, 12, 21, 22, 8, 22, 15, 23, 23, 23, 3, 23, 11, 18, 8, 11, 13, 8, 8, 20, 4, 5, 6, 23, 10, 7, 21, 18, 21, 23, 23, 24, 11, 8, 8, 23, 10, 9, 11, 10, 11, 25, 2, 6, 4, 18, 18, 9, 24, 11, 10, 4, 6, 11, 12, 10, 6, 11, 4, 3, 23, 10, 10, 10, 13, 25, 15, 9, 22, 9, 24, 5, 13, 11, 8, 9, 7, 1, 9, 9, 12, 1, 5, 10, 2, 26, 6, 9, 25, 17, 14, 25, 19, 9, 9, 12, 15, 8, 8, 7, 8, 25, 11, 12, 16, 16, 8, 11, 21, 3, 11, 8, 8, 23, 18, 23, 10, 23, 8, 23, 8, 21, 11, 8, 22, 11, 24, 12, 25, 23, 4, 22, 3, 10, 12, 5, 12, 13, 10, 1, 10, 24, 1, 3, 19, 3, 10, 26, 26, 3, 5, 5, 14, 7, 10, 26, 12, 11, 3, 12, 24, 12, 11, 5, 4, 10, 10, 15, 0, 2, 21, 12, 5, 12, 11, 12, 4, 12, 0, 1, 3, 8, 4, 2, 8, 10, 7, 9, 5, 5, 5, 22, 5, 21, 8, 7, 7, 8, 3, 24, 21, 6, 17, 12, 23, 9, 12, 2, 14, 17, 23, 12, 12, 11, 14, 2, 24, 12, 3, 22, 4, 13, 23, 12, 12, 10, 11, 3, 2, 12, 9, 12, 3, 10, 17, 12, 10, 6, 27, 5, 11, 12, 12, 24, 12, 18, 5, 19, 18, 4, 12, 12, 12, 3, 17, 2, 11, 12, 12, 12, 20, 18, 8, 23, 12, 5, 14, 22, 8, 2, 19, 9, 24, 7, 12, 1, 2, 12, 11, 1, 2, 24, 16, 19, 16, 16, 20, 15, 16, 16, 20, 2, 1, 0, 3, 17, 13, 4, 23, 13, 3, 28, 7, 2, 6, 1, 6, 25, 1, 2, 3, 5, 26, 10, 23, 14, 25, 24, 14, 24, 11, 12, 5, 5, 22, 8, 6, 20, 6, 25, 1, 26, 9, 10, 1, 11, 3, 4, 1, 13, 6, 24, 9, 4, 23, 1, 21, 2, 1, 4, 7, 12, 4, 3, 7, 7, 1, 24, 6, 24, 6, 7, 4, 19, 1, 12, 3, 3, 1, 1, 2, 11, 2, 1, 2, 6, 6, 21, 6, 7, 19, 2, 21, 22, 19, 18, 19, 22, 20, 17, 20, 24, 19, 8, 17, 17, 26, 20, 15, 6, 22, 28, 26, 19, 20, 1, 21, 28, 19, 20, 15, 1, 24, 14, 7, 6, 5, 13, 24, 6, 1, 18, 2, 23, 14, 3, 1, 11, 12, 15, 5, 3, 2, 5, 7, 1, 14, 11, 3, 4, 6, 10, 3, 14, 18, 10, 29, 3, 6, 13, 19, 9, 30, 11, 4, 25, 2, 27, 3, 14, 25, 3, 9, 26, 2, 21, 14, 16, 21, 24, 28, 19, 26, 16, 16, 21, 6, 1, 22, 1, 2, 2, 2, 1, 1, 1, 2, 2, 2, 2, 1, 24, 9, 5, 21, 7, 20, 3, 6, 6, 10, 7, 1, 2, 2, 1, 9, 1, 21, 24, 2, 3, 2, 20, 22, 6, 26, 23, 6, 4, 4, 10, 3, 1, 14, 1, 21, 2, 1, 4, 20, 2, 6, 7, 5, 13, 24, 23, 5, 9, 11, 6, 24, 10, 29, 31, 5, 24, 10, 2, 1, 2, 5, 13, 2, 13, 12, 16, 15, 17, 11, 12, 12, 12, 12, 15, 7, 13, 9, 17, 19, 18, 9, 1, 32, 6, 4, 3, 13, 2, 4, 3, 4, 3, 1, 6, 33, 16, 18, 21, 4, 16, 29, 32, 26, 17, 26, 12, 21, 30, 18, 26, 25, 4, 13, 1, 4, 3, 5, 8]"
xerces,18,seed18_solution082,seed18_solution082,0.840862688713156,0.8947648288220581,0.696925184634219,0.8849535848262414,0.840862688713156,-0.8947648288220581,0.696925184634219,True,False,"[0, 0, 0, 1, 0, 2, 2, 0, 2, 0, 0, 0, 0, 3, 4, 3, 0, 4, 5, 6, 1, 7, 0, 0, 2, 8, 3, 0, 0, 9, 0, 0, 0, 0, 0, 0, 10, 0, 0, 0, 0, 0, 11, 0, 12, 0, 0, 0, 0, 7, 0, 13, 0, 14, 0, 6, 15, 0, 0, 0, 0, 0, 7, 0, 0, 16, 14, 0, 17, 0, 0, 0, 0, 0, 8, 0, 0, 0, 4, 0, 0, 0, 0, 2, 0, 0, 0, 0, 0, 0, 0, 0, 0, 18, 0, 0, 0, 19, 0, 18, 20, 0, 9, 0, 0, 0, 5, 20, 21, 1, 1, 9, 22, 23, 12, 22, 19, 4, 7, 1, 5, 24, 17, 6, 5, 5, 5, 15, 6, 17, 5, 2, 13, 5, 5, 14, 5, 5, 23, 25, 26, 27, 14, 5, 7, 5, 1, 4, 2, 12, 1, 5, 16, 1, 1, 1, 2, 1, 1, 24, 14, 1, 1, 6, 11, 6, 26, 27, 20, 5, 1, 1, 20, 1, 11, 14, 6, 28, 14, 6, 2, 20, 18, 1, 9, 1, 22, 22, 3, 22, 8, 4, 17, 22, 18, 29, 30, 23, 22, 31, 23, 30, 4, 17, 17, 7, 4, 8, 24, 13, 5, 22, 4, 30, 4, 9, 8, 32, 8, 18, 8, 22, 13, 18, 6, 5, 9, 15, 9, 7, 27, 23, 16, 10, 29, 26, 13, 1, 26, 23, 9, 8, 7, 9, 4, 12, 7, 6, 5, 15, 8, 4, 26, 8, 9, 22, 8, 8, 1, 13, 23, 13, 8, 22, 3, 8, 17, 30, 7, 33, 7, 7, 26, 7, 9, 18, 4, 15, 15, 5, 11, 23, 24, 11, 26, 33, 9, 9, 3, 17, 2, 16, 3, 31, 26, 26, 2, 34, 1, 13, 13, 21, 19, 13, 16, 6, 13, 35, 13, 11, 28, 13, 36, 2, 10, 9, 16, 34, 14, 36, 31, 13, 24, 24, 24, 10, 9, 14, 27, 5, 31, 29, 13, 9, 17, 10, 9, 22, 4, 20, 25, 23, 33, 30, 24, 22, 10, 9, 6, 6, 12, 6, 26, 6, 9, 7, 19, 24, 21, 9, 29, 7, 2, 22, 3, 9, 29, 2, 7, 8, 7, 5, 7, 23, 6, 7, 10, 5, 35, 2, 9, 15, 30, 9, 3, 14, 9, 9, 25, 17, 1, 23, 28, 2, 2, 18, 2, 17, 17, 18, 9, 20, 2, 18, 18, 18, 14, 32, 18, 13, 33, 1, 25, 5, 18, 25, 14, 18, 14, 1, 14, 17, 14, 15, 3, 4, 8, 17, 18, 8, 22, 7, 17, 11, 23, 22, 9, 12, 7, 17, 5, 36, 31, 3, 7, 17, 7, 26, 8, 12, 7, 26, 5, 6, 32, 25, 12, 8, 19, 2, 7, 11, 7, 5, 25, 12, 12, 22, 30, 33, 18, 18, 14, 9, 19, 8, 33, 1, 13, 1, 5, 12, 34, 1, 27, 1, 13, 23, 20, 8, 19, 24, 13, 29, 7, 30, 30, 14, 3, 15, 19, 6, 21, 13, 7, 1, 7, 2, 28, 1, 4, 5, 1, 20, 9, 23, 9, 2, 18, 31, 18, 8, 24, 14, 18, 7, 7, 18, 12, 31, 29, 8, 20, 0, 1, 21, 9, 9, 1, 1, 2, 2, 36, 2, 18, 14, 22, 1, 8, 9, 22, 1, 1, 3, 2, 14, 3, 2, 23, 2, 7, 22, 2, 18, 9, 2, 2, 12, 1, 8, 5, 7, 1, 17, 1, 25, 5, 1, 4, 32, 2, 18, 17, 20, 15, 1, 19, 15, 15, 21, 24, 23, 15, 34, 31, 28, 15, 16, 26, 34, 6, 28, 28, 29, 12, 31, 15, 15, 32, 32, 28, 24, 13, 10, 10, 2, 29, 33, 6, 34, 0, 24, 10, 21, 0, 19, 4, 14, 18, 5, 27, 20, 32, 5, 3, 29, 1, 3, 33, 11, 8, 14, 27, 1, 3, 3, 16, 14, 26, 7, 1, 1, 24, 6, 4, 14, 23, 24, 19, 17, 32, 35, 14, 24, 18, 2, 5, 33, 15, 22, 31, 32, 36, 11, 15, 15, 26, 30, 15, 19, 26, 1, 6, 1, 1, 1, 31, 1, 1, 1, 19, 27, 1, 1, 20, 14, 30, 24, 19, 2, 14, 4, 14, 28, 7, 2, 4, 2, 1, 1, 12, 1, 5, 1, 30, 1, 11, 25, 5, 8, 18, 14, 20, 36, 3, 3, 3, 4, 2, 1, 8, 1, 22, 31, 30, 27, 2, 2, 13, 3, 14, 7, 9, 21, 7, 6, 26, 3, 11, 32, 26, 8, 36, 5, 9, 2, 7, 14, 15, 26, 19, 5, 21, 5, 7, 7, 22, 17, 7, 26, 20, 8, 7, 32, 12, 26, 8, 11, 35, 3, 8, 2, 25, 1, 3, 7, 18, 1, 1, 29, 6, 28, 15, 33, 3, 21, 11, 35, 16, 17, 31, 10, 16, 19, 12, 1, 33, 31, 3, 3, 3, 0, 3, 3]"
xerces,18,seed18_solution084,seed18_solution084,0.8534867002156722,0.12316910798186465,0.10019630714547263,0.8697767045296197,0.8534867002156722,-0.12316910798186465,0.10019630714547263,True,False,"[0, 1, 2, 1, 3, 4, 5, 6, 4, 5, 1, 7, 5, 2, 3, 2, 1, 7, 5, 4, 0, 6, 3, 5, 2, 4, 5, 0, 6, 0, 7, 0, 5, 2, 7, 4, 3, 6, 0, 4, 2, 6, 0, 7, 0, 0, 0, 2, 4, 6, 1, 2, 0, 7, 5, 5, 5, 5, 6, 3, 1, 3, 7, 4, 3, 1, 7, 3, 4, 3, 4, 0, 3, 4, 5, 0, 6, 2, 4, 1, 6, 1, 2, 1, 1, 7, 5, 5, 1, 3, 6, 1, 2, 0, 5, 1, 5, 2, 5, 0, 4, 5, 1, 5, 7, 2, 5, 3, 0, 4, 3, 4, 3, 7, 1, 0, 5, 7, 7, 0, 5, 4, 5, 3, 2, 4, 6, 3, 6, 3, 7, 0, 1, 0, 5, 4, 1, 4, 7, 3, 3, 6, 6, 7, 5, 5, 5, 0, 7, 5, 5, 2, 3, 2, 0, 0, 2, 3, 1, 1, 6, 6, 4, 2, 7, 5, 3, 7, 6, 0, 1, 5, 3, 5, 7, 0, 5, 2, 2, 0, 7, 0, 7, 4, 4, 7, 4, 2, 7, 5, 6, 7, 1, 3, 5, 3, 3, 6, 0, 7, 7, 7, 0, 1, 5, 6, 2, 0, 1, 1, 5, 1, 4, 3, 5, 4, 2, 3, 2, 5, 4, 7, 6, 7, 2, 6, 7, 3, 1, 4, 5, 7, 1, 7, 4, 7, 6, 7, 1, 1, 2, 2, 0, 5, 5, 5, 0, 2, 1, 3, 7, 7, 4, 4, 5, 5, 7, 2, 3, 2, 0, 2, 3, 4, 5, 3, 4, 4, 7, 1, 2, 6, 1, 4, 1, 0, 4, 4, 5, 4, 1, 1, 4, 5, 1, 7, 5, 7, 3, 2, 2, 0, 0, 2, 5, 5, 7, 4, 5, 4, 6, 6, 7, 2, 2, 1, 5, 5, 6, 7, 1, 0, 1, 0, 2, 4, 6, 0, 5, 6, 5, 1, 0, 5, 5, 5, 6, 5, 2, 6, 4, 3, 0, 1, 6, 3, 6, 0, 4, 0, 5, 4, 0, 6, 4, 5, 7, 5, 2, 0, 2, 7, 7, 0, 4, 1, 1, 2, 0, 4, 1, 5, 6, 2, 5, 0, 3, 7, 5, 1, 6, 0, 7, 4, 7, 6, 3, 7, 1, 4, 5, 4, 1, 1, 5, 3, 5, 3, 6, 6, 2, 1, 1, 4, 0, 5, 0, 5, 3, 3, 2, 0, 4, 7, 5, 7, 4, 3, 4, 6, 5, 2, 4, 5, 7, 2, 1, 1, 7, 4, 4, 5, 7, 1, 6, 6, 0, 0, 6, 1, 4, 1, 7, 5, 5, 7, 1, 4, 1, 4, 0, 1, 6, 2, 1, 3, 6, 2, 2, 5, 1, 1, 6, 6, 2, 0, 7, 5, 7, 2, 3, 7, 4, 3, 2, 7, 7, 6, 1, 6, 1, 7, 6, 1, 4, 4, 3, 4, 0, 1, 5, 0, 2, 1, 6, 2, 4, 6, 4, 1, 1, 0, 1, 3, 4, 0, 2, 6, 2, 0, 1, 5, 2, 4, 0, 5, 5, 5, 1, 6, 2, 2, 0, 2, 7, 1, 1, 2, 6, 3, 0, 4, 4, 3, 0, 5, 3, 2, 3, 7, 2, 4, 3, 4, 0, 0, 7, 4, 0, 5, 5, 5, 3, 5, 4, 5, 2, 2, 6, 6, 1, 1, 4, 3, 0, 4, 2, 4, 7, 7, 0, 4, 0, 0, 3, 2, 2, 0, 1, 7, 5, 2, 7, 5, 3, 1, 2, 3, 6, 3, 4, 4, 1, 0, 0, 2, 0, 5, 1, 4, 1, 0, 2, 6, 3, 1, 0, 3, 6, 4, 6, 7, 2, 3, 5, 3, 5, 1, 6, 4, 5, 1, 2, 3, 4, 6, 2, 3, 7, 6, 5, 4, 2, 5, 0, 4, 5, 4, 3, 6, 7, 6, 2, 2, 1, 1, 3, 2, 2, 2, 2, 0, 0, 2, 2, 5, 3, 1, 2, 4, 0, 0, 1, 7, 7, 5, 5, 4, 1, 1, 7, 3, 0, 6, 7, 2, 3, 2, 3, 7, 2, 7, 7, 4, 6, 4, 2, 7, 2, 3, 1, 5, 0, 0, 7, 1, 1, 5, 3, 1, 3, 5, 6, 6, 2, 4, 5, 0, 1, 0, 1, 5, 0, 4, 2, 7, 7, 1, 1, 4, 6, 5, 5, 6, 7, 5, 3, 0, 2, 0, 4, 6, 3, 7, 7, 3, 3, 0, 6, 1, 0, 3, 4, 1, 3, 3, 5, 2, 3, 5, 1, 1, 4, 0, 1, 6, 0, 2, 2, 6, 5, 5, 5, 1, 0, 3, 0, 6, 0, 6, 3, 6, 6, 0, 2, 6, 0, 0, 4, 2, 6, 1, 2, 6, 3, 5, 4, 1, 1, 4, 6, 6, 5, 2, 0, 7, 6, 7, 3, 2, 0, 0, 6, 7, 4, 6, 7, 2, 3, 0, 0, 4, 4, 1, 5, 7, 6, 0, 4, 7, 2, 0, 5, 4]"
xerces,18,seed18_solution085,seed18_solution085,0.8575988497483824,7.4720643856171725,0.6853143204493585,0.9062278653195497,0.8575988497483824,-7.4720643856171725,0.6853143204493585,True,False,"[0, 0, 0, 1, 0, 2, 0, 0, 3, 0, 0, 0, 0, 3, 4, 4, 5, 0, 4, 6, 1, 7, 0, 0, 0, 0, 6, 0, 0, 0, 8, 0, 0, 5, 0, 0, 6, 6, 0, 0, 0, 0, 0, 0, 0, 0, 0, 0, 3, 0, 0, 2, 4, 0, 9, 0, 10, 0, 0, 0, 11, 0, 0, 0, 3, 12, 9, 10, 2, 0, 0, 0, 0, 0, 7, 8, 0, 0, 9, 0, 0, 0, 0, 0, 0, 0, 0, 0, 0, 0, 0, 0, 13, 0, 0, 0, 0, 0, 0, 14, 2, 15, 8, 0, 0, 12, 16, 11, 17, 1, 1, 9, 0, 14, 13, 15, 16, 15, 15, 18, 19, 6, 12, 12, 20, 13, 21, 22, 3, 6, 3, 14, 23, 19, 19, 12, 19, 20, 24, 15, 19, 12, 19, 25, 5, 19, 19, 26, 2, 15, 19, 15, 12, 1, 16, 1, 1, 27, 7, 13, 28, 1, 26, 5, 19, 25, 19, 3, 9, 19, 19, 19, 3, 1, 4, 15, 19, 6, 12, 22, 22, 3, 28, 1, 15, 1, 1, 14, 1, 8, 26, 11, 11, 20, 2, 9, 21, 17, 2, 26, 6, 25, 4, 8, 17, 15, 6, 7, 3, 17, 4, 13, 5, 7, 7, 29, 7, 18, 11, 9, 7, 20, 23, 29, 7, 7, 8, 27, 30, 23, 10, 28, 24, 27, 18, 29, 28, 26, 24, 28, 8, 7, 9, 8, 7, 10, 0, 4, 19, 3, 7, 18, 31, 7, 4, 24, 10, 1, 1, 29, 17, 28, 7, 15, 7, 7, 6, 18, 5, 6, 5, 5, 24, 5, 5, 6, 3, 23, 20, 27, 17, 15, 32, 13, 15, 25, 14, 8, 11, 9, 24, 24, 5, 4, 5, 24, 15, 24, 11, 15, 23, 23, 9, 13, 33, 34, 23, 12, 11, 12, 34, 23, 11, 2, 31, 9, 34, 7, 12, 35, 26, 27, 23, 31, 16, 23, 10, 12, 23, 4, 15, 17, 23, 8, 5, 0, 2, 28, 5, 7, 3, 28, 35, 15, 25, 20, 3, 23, 4, 4, 3, 4, 8, 11, 8, 20, 23, 8, 16, 9, 21, 5, 30, 16, 24, 5, 5, 5, 3, 0, 26, 20, 24, 28, 26, 3, 25, 15, 3, 15, 3, 24, 12, 2, 2, 22, 21, 2, 13, 2, 8, 4, 26, 8, 30, 28, 6, 6, 6, 28, 28, 28, 2, 28, 22, 7, 12, 3, 28, 20, 12, 1, 26, 2, 28, 11, 12, 28, 13, 17, 15, 35, 20, 25, 1, 25, 7, 6, 35, 6, 5, 5, 29, 7, 5, 5, 27, 2, 5, 31, 25, 4, 12, 13, 22, 6, 10, 26, 5, 27, 9, 31, 19, 3, 18, 5, 3, 11, 16, 2, 5, 5, 5, 3, 27, 6, 14, 20, 10, 7, 9, 8, 12, 1, 15, 7, 29, 1, 12, 18, 12, 28, 5, 4, 19, 1, 14, 10, 13, 7, 18, 16, 9, 7, 2, 13, 18, 0, 20, 13, 10, 15, 8, 12, 29, 7, 2, 2, 23, 1, 16, 7, 18, 15, 2, 17, 2, 2, 28, 17, 25, 29, 28, 13, 28, 17, 7, 18, 4, 6, 2, 8, 13, 1, 18, 4, 5, 7, 10, 33, 15, 32, 2, 1, 8, 12, 20, 13, 7, 8, 30, 1, 1, 2, 26, 12, 2, 15, 33, 4, 22, 11, 4, 30, 6, 15, 2, 2, 1, 24, 14, 5, 21, 1, 1, 18, 15, 8, 19, 28, 2, 21, 6, 17, 3, 5, 24, 22, 22, 12, 14, 31, 22, 10, 21, 6, 36, 9, 24, 20, 22, 32, 10, 23, 10, 22, 23, 22, 22, 17, 29, 31, 27, 12, 27, 2, 9, 35, 29, 35, 0, 9, 8, 20, 0, 13, 33, 12, 16, 0, 31, 28, 28, 4, 1, 1, 1, 1, 24, 33, 8, 11, 13, 1, 13, 35, 27, 0, 3, 5, 29, 10, 1, 12, 27, 12, 25, 18, 9, 9, 7, 3, 26, 9, 28, 22, 19, 25, 15, 31, 11, 10, 11, 24, 22, 22, 22, 21, 28, 11, 33, 1, 19, 34, 21, 1, 17, 1, 1, 19, 11, 19, 14, 19, 12, 4, 5, 15, 34, 2, 15, 15, 4, 19, 10, 29, 1, 15, 5, 4, 27, 24, 13, 1, 16, 5, 36, 17, 5, 9, 28, 12, 25, 36, 19, 1, 24, 8, 12, 0, 6, 1, 5, 13, 21, 16, 0, 2, 23, 13, 8, 4, 8, 10, 12, 9, 21, 5, 33, 3, 10, 9, 33, 8, 5, 26, 23, 3, 22, 27, 22, 19, 5, 19, 3, 7, 20, 30, 3, 1, 9, 23, 5, 20, 17, 5, 26, 24, 37, 13, 13, 10, 21, 22, 9, 5, 22, 1, 1, 27, 17, 10, 27, 25, 13, 16, 33, 37, 17, 13, 14, 27, 14, 11, 26, 12, 25, 1, 27, 15, 22, 0, 28, 13]"
xerces,18,seed18_solution086,seed18_solution086,0.8669446441409058,0.6917538113565461,0.6378536434744526,0.9211235405213372,0.8669446441409058,-0.6917538113565461,0.6378536434744526,True,False,"[0, 0, 1, 1, 0, 1, 0, 2, 0, 0, 3, 4, 0, 0, 5, 3, 2, 6, 0, 5, 6, 0, 0, 7, 0, 0, 7, 0, 7, 8, 9, 0, 0, 8, 10, 0, 0, 11, 0, 0, 0, 0, 12, 0, 0, 2, 13, 8, 0, 0, 6, 0, 7, 0, 14, 4, 0, 0, 0, 0, 0, 0, 15, 16, 2, 17, 18, 0, 3, 0, 10, 17, 0, 3, 14, 19, 0, 0, 0, 0, 0, 0, 0, 0, 20, 0, 0, 5, 0, 0, 0, 0, 0, 18, 14, 0, 0, 0, 0, 0, 8, 0, 4, 0, 16, 0, 3, 17, 4, 21, 1, 12, 13, 6, 1, 12, 8, 5, 21, 22, 9, 13, 15, 23, 12, 1, 24, 25, 4, 6, 9, 15, 10, 25, 5, 5, 12, 20, 26, 25, 12, 15, 12, 27, 5, 18, 1, 1, 13, 11, 13, 5, 12, 7, 0, 10, 13, 1, 5, 3, 16, 7, 7, 6, 1, 3, 9, 1, 1, 13, 20, 6, 7, 28, 29, 12, 3, 18, 18, 20, 20, 1, 6, 28, 12, 28, 22, 20, 17, 17, 5, 11, 9, 30, 9, 9, 2, 7, 20, 28, 10, 31, 9, 6, 10, 20, 29, 32, 8, 19, 7, 15, 6, 8, 25, 10, 10, 9, 8, 21, 7, 5, 8, 29, 6, 28, 21, 8, 23, 33, 26, 10, 15, 2, 9, 22, 10, 8, 8, 9, 13, 4, 15, 7, 10, 27, 0, 24, 33, 8, 7, 22, 5, 2, 13, 10, 7, 23, 20, 5, 7, 12, 26, 12, 21, 9, 8, 20, 24, 5, 20, 27, 33, 12, 22, 5, 9, 9, 8, 14, 16, 20, 33, 25, 17, 1, 34, 33, 10, 28, 23, 17, 22, 10, 22, 24, 4, 22, 24, 20, 16, 25, 29, 19, 26, 35, 25, 20, 10, 28, 14, 25, 8, 8, 10, 10, 36, 28, 10, 34, 13, 22, 20, 16, 8, 24, 13, 8, 19, 16, 4, 19, 15, 5, 3, 26, 30, 13, 20, 25, 29, 10, 12, 3, 32, 20, 2, 13, 36, 2, 8, 3, 22, 2, 8, 4, 11, 2, 18, 4, 20, 10, 29, 20, 22, 7, 5, 5, 29, 0, 20, 7, 2, 4, 26, 2, 1, 20, 4, 31, 29, 20, 0, 1, 2, 8, 13, 4, 23, 5, 7, 15, 30, 4, 3, 17, 25, 26, 10, 9, 14, 3, 28, 6, 26, 9, 9, 7, 24, 21, 3, 12, 11, 17, 24, 10, 21, 34, 12, 23, 22, 34, 2, 19, 3, 9, 9, 29, 34, 20, 2, 10, 4, 5, 12, 20, 11, 2, 18, 5, 29, 7, 25, 5, 5, 12, 20, 20, 5, 29, 7, 17, 15, 3, 29, 13, 9, 2, 15, 12, 12, 20, 22, 5, 11, 9, 11, 24, 20, 5, 11, 21, 5, 8, 20, 2, 7, 21, 20, 6, 1, 21, 11, 1, 24, 22, 16, 17, 27, 5, 30, 18, 15, 19, 34, 4, 1, 0, 9, 18, 2, 13, 9, 1, 30, 2, 27, 2, 7, 6, 22, 21, 22, 20, 4, 23, 33, 4, 24, 11, 21, 22, 18, 22, 11, 9, 5, 7, 4, 3, 26, 19, 22, 4, 1, 23, 16, 25, 1, 1, 1, 3, 12, 2, 7, 12, 1, 5, 24, 9, 24, 12, 1, 2, 19, 21, 9, 30, 36, 7, 1, 1, 0, 22, 14, 2, 21, 36, 16, 13, 12, 12, 1, 1, 21, 1, 22, 1, 1, 16, 8, 26, 25, 18, 11, 1, 15, 35, 36, 14, 17, 28, 28, 23, 14, 17, 29, 6, 15, 8, 23, 31, 15, 23, 6, 30, 23, 33, 19, 6, 26, 17, 14, 23, 19, 2, 10, 31, 2, 7, 2, 28, 11, 30, 21, 21, 20, 11, 11, 0, 1, 16, 24, 5, 2, 34, 1, 7, 13, 1, 9, 4, 1, 3, 7, 30, 2, 11, 2, 5, 30, 4, 11, 9, 13, 14, 19, 22, 12, 21, 13, 2, 28, 2, 21, 13, 12, 17, 1, 13, 22, 20, 27, 29, 14, 31, 32, 28, 16, 32, 7, 5, 15, 1, 26, 1, 1, 1, 23, 1, 1, 1, 28, 1, 1, 21, 12, 5, 33, 2, 1, 12, 7, 13, 23, 30, 1, 1, 6, 10, 7, 1, 26, 7, 33, 7, 6, 4, 20, 20, 23, 24, 1, 9, 3, 13, 1, 9, 8, 0, 1, 1, 1, 3, 28, 36, 0, 36, 4, 13, 21, 5, 6, 23, 29, 5, 20, 12, 16, 2, 2, 20, 36, 4, 2, 30, 29, 2, 18, 2, 14, 16, 16, 16, 11, 20, 24, 3, 20, 4, 23, 9, 25, 18, 8, 12, 8, 1, 33, 30, 3, 11, 27, 33, 30, 7, 30, 3, 15, 7, 12, 16, 17, 11, 16, 29, 21, 33, 18, 23, 23, 31, 31, 31, 18, 26, 12, 1, 2, 1, 3, 1, 3, 8]"
xerces,18,seed18_solution087,seed18_solution087,0.8818691588785047,2.549968849604543,0.5206816627840055,0.9391894694678271,0.8818691588785047,-2.549968849604543,0.5206816627840055,True,False,"[0, 0, 1, 2, 0, 1, 1, 2, 3, 4, 4, 5, 4, 4, 6, 7, 0, 6, 8, 9, 1, 6, 0, 10, 0, 11, 10, 0, 9, 0, 0, 12, 13, 0, 0, 0, 0, 6, 0, 0, 0, 2, 9, 0, 4, 0, 0, 14, 3, 9, 0, 0, 9, 0, 0, 12, 11, 8, 0, 0, 12, 0, 10, 0, 0, 1, 12, 15, 16, 0, 5, 0, 0, 0, 17, 0, 0, 18, 19, 3, 0, 4, 1, 0, 0, 0, 2, 5, 0, 0, 20, 18, 4, 21, 0, 0, 18, 0, 0, 22, 1, 0, 2, 21, 15, 0, 9, 11, 10, 1, 6, 7, 21, 2, 3, 17, 21, 22, 21, 1, 21, 13, 21, 13, 23, 4, 24, 8, 21, 8, 21, 15, 18, 0, 25, 21, 3, 22, 23, 15, 24, 21, 18, 22, 21, 26, 6, 17, 2, 10, 6, 21, 22, 1, 0, 1, 0, 1, 1, 27, 5, 1, 6, 6, 6, 26, 21, 27, 6, 11, 6, 6, 20, 5, 28, 29, 22, 8, 17, 3, 19, 20, 24, 6, 19, 29, 1, 21, 7, 19, 30, 15, 17, 4, 16, 15, 8, 29, 5, 27, 16, 29, 3, 15, 1, 31, 5, 26, 3, 7, 5, 29, 4, 32, 20, 19, 26, 32, 27, 5, 8, 6, 31, 26, 6, 4, 28, 8, 23, 5, 5, 16, 9, 8, 32, 26, 9, 1, 15, 20, 17, 5, 15, 28, 3, 30, 0, 12, 17, 9, 26, 6, 29, 20, 2, 29, 13, 1, 32, 15, 7, 8, 33, 18, 8, 8, 9, 5, 32, 5, 21, 22, 33, 31, 8, 4, 9, 14, 9, 27, 34, 23, 21, 22, 30, 25, 23, 11, 7, 19, 35, 10, 5, 13, 3, 35, 18, 17, 35, 19, 19, 21, 35, 5, 36, 30, 30, 35, 2, 25, 28, 9, 12, 2, 21, 6, 30, 34, 29, 18, 23, 11, 16, 21, 16, 18, 15, 17, 34, 28, 7, 24, 9, 6, 35, 4, 15, 4, 6, 20, 3, 5, 19, 1, 7, 20, 8, 31, 29, 27, 15, 2, 26, 15, 24, 4, 11, 3, 5, 15, 5, 2, 20, 1, 2, 11, 33, 11, 33, 0, 26, 6, 4, 17, 4, 3, 18, 4, 5, 33, 10, 22, 5, 1, 2, 15, 13, 33, 16, 2, 5, 5, 32, 5, 32, 34, 8, 17, 17, 13, 7, 4, 14, 29, 23, 3, 23, 22, 27, 13, 22, 6, 27, 3, 33, 19, 13, 27, 13, 33, 2, 24, 15, 5, 7, 8, 27, 11, 4, 31, 15, 29, 24, 4, 22, 4, 22, 36, 31, 29, 5, 16, 20, 18, 15, 29, 15, 26, 17, 0, 6, 24, 5, 15, 17, 19, 4, 17, 21, 4, 3, 34, 8, 3, 13, 28, 29, 2, 22, 20, 19, 10, 5, 15, 14, 19, 26, 1, 14, 1, 7, 22, 20, 24, 29, 9, 10, 33, 4, 8, 3, 33, 18, 11, 22, 21, 37, 0, 17, 10, 33, 18, 10, 13, 18, 1, 25, 6, 11, 6, 21, 6, 21, 4, 3, 15, 27, 2, 27, 33, 24, 10, 16, 14, 27, 27, 4, 4, 4, 3, 24, 10, 32, 0, 23, 20, 19, 22, 6, 7, 2, 33, 21, 2, 25, 5, 6, 5, 13, 31, 21, 1, 1, 5, 28, 4, 13, 5, 30, 8, 6, 31, 4, 36, 19, 18, 8, 2, 28, 4, 5, 30, 20, 15, 1, 6, 6, 14, 11, 29, 29, 32, 18, 30, 13, 10, 14, 35, 34, 34, 16, 34, 3, 33, 8, 29, 34, 10, 12, 16, 14, 17, 27, 22, 29, 18, 21, 28, 12, 33, 10, 16, 13, 24, 33, 19, 24, 25, 32, 22, 3, 35, 20, 14, 0, 15, 28, 5, 31, 0, 17, 4, 15, 22, 1, 33, 19, 35, 17, 32, 10, 2, 26, 1, 2, 2, 14, 20, 18, 15, 1, 6, 33, 4, 21, 1, 17, 21, 12, 24, 14, 25, 25, 29, 23, 31, 18, 21, 14, 30, 19, 19, 11, 29, 12, 31, 21, 34, 23, 12, 20, 5, 5, 1, 6, 1, 17, 34, 6, 6, 20, 14, 30, 34, 21, 7, 21, 7, 28, 23, 18, 7, 23, 16, 24, 26, 33, 11, 6, 27, 17, 24, 4, 13, 21, 25, 10, 23, 4, 31, 27, 31, 19, 35, 7, 1, 19, 7, 2, 0, 2, 14, 9, 20, 13, 33, 0, 33, 14, 26, 27, 5, 5, 7, 3, 19, 32, 4, 25, 19, 34, 10, 26, 7, 4, 33, 12, 1, 33, 4, 5, 8, 20, 8, 13, 5, 11, 3, 4, 10, 5, 9, 29, 16, 26, 4, 26, 22, 37, 6, 10, 12, 17, 30, 7, 26, 18, 1, 1, 33, 20, 3, 2, 14, 1, 21, 17, 37, 24, 11, 11, 16, 29, 24, 11, 13, 24, 1, 1, 4, 7, 0, 16, 5]"
xerces,18,seed18_solution088,seed18_solution088,0.885233644859813,2.6072698776254803,0.6497459261950898,0.9157959531673454,0.885233644859813,-2.6072698776254803,0.6497459261950898,True,False,"[0, 0, 0, 0, 1, 0, 2, 3, 4, 5, 0, 6, 0, 0, 7, 2, 8, 9, 7, 1, 7, 10, 0, 0, 9, 0, 11, 0, 12, 0, 9, 0, 0, 0, 10, 0, 0, 0, 0, 0, 13, 1, 3, 0, 14, 15, 16, 0, 0, 0, 17, 13, 0, 0, 0, 1, 0, 0, 0, 15, 18, 0, 0, 19, 1, 2, 0, 20, 2, 5, 14, 0, 0, 21, 4, 21, 0, 0, 1, 0, 0, 1, 0, 0, 0, 3, 21, 0, 0, 9, 22, 0, 0, 0, 0, 21, 23, 0, 17, 0, 13, 2, 2, 22, 0, 0, 2, 1, 11, 13, 4, 14, 0, 7, 5, 24, 25, 3, 4, 13, 26, 14, 8, 4, 27, 14, 5, 23, 3, 4, 1, 26, 28, 14, 4, 7, 4, 18, 17, 4, 16, 22, 6, 29, 4, 4, 27, 13, 9, 14, 1, 4, 19, 15, 13, 13, 13, 13, 30, 4, 13, 12, 24, 13, 13, 5, 9, 26, 14, 15, 13, 13, 22, 11, 13, 11, 10, 30, 6, 6, 5, 13, 6, 13, 16, 31, 3, 18, 13, 23, 4, 8, 9, 30, 20, 9, 25, 9, 7, 24, 16, 28, 9, 7, 4, 18, 10, 30, 11, 6, 5, 15, 25, 22, 4, 16, 28, 25, 26, 20, 27, 4, 28, 31, 25, 4, 25, 25, 17, 6, 26, 28, 28, 27, 21, 10, 24, 1, 26, 22, 7, 6, 14, 21, 25, 18, 1, 28, 32, 5, 18, 4, 18, 25, 13, 27, 16, 28, 33, 4, 3, 25, 25, 25, 25, 19, 10, 18, 28, 4, 18, 14, 25, 14, 18, 11, 28, 28, 28, 26, 19, 14, 14, 14, 1, 27, 2, 7, 16, 14, 8, 27, 7, 13, 4, 20, 2, 8, 3, 13, 18, 10, 34, 14, 10, 34, 32, 34, 18, 24, 25, 28, 10, 13, 28, 4, 35, 18, 26, 28, 17, 10, 10, 25, 25, 10, 26, 24, 10, 7, 18, 30, 30, 4, 34, 5, 16, 18, 18, 6, 17, 25, 16, 27, 36, 7, 10, 14, 3, 29, 28, 5, 2, 23, 2, 4, 28, 4, 20, 2, 36, 18, 18, 18, 8, 28, 4, 4, 2, 18, 24, 11, 18, 3, 9, 4, 13, 3, 34, 18, 16, 18, 18, 25, 3, 10, 2, 2, 17, 14, 2, 27, 2, 15, 2, 16, 6, 27, 8, 6, 6, 17, 1, 6, 27, 6, 29, 5, 24, 7, 19, 13, 32, 24, 17, 14, 8, 34, 16, 13, 13, 18, 29, 11, 5, 6, 24, 4, 18, 28, 12, 18, 4, 4, 14, 5, 14, 18, 4, 7, 13, 5, 8, 37, 8, 21, 17, 15, 4, 18, 25, 30, 18, 2, 36, 7, 9, 18, 25, 3, 12, 18, 18, 4, 12, 18, 18, 8, 18, 15, 16, 32, 13, 13, 13, 16, 13, 6, 15, 36, 24, 19, 19, 33, 13, 8, 13, 4, 3, 4, 2, 18, 11, 8, 36, 15, 34, 0, 1, 15, 15, 3, 24, 31, 1, 25, 21, 15, 28, 15, 13, 13, 6, 8, 3, 2, 3, 2, 23, 22, 16, 10, 1, 8, 30, 31, 13, 15, 28, 5, 25, 7, 16, 3, 15, 31, 18, 24, 13, 6, 13, 2, 3, 3, 16, 11, 13, 14, 24, 13, 13, 13, 13, 3, 5, 2, 3, 3, 32, 9, 15, 24, 6, 35, 16, 20, 1, 3, 19, 3, 6, 2, 13, 13, 18, 17, 14, 13, 18, 5, 5, 16, 5, 3, 11, 16, 18, 35, 35, 12, 15, 24, 11, 21, 12, 4, 35, 4, 21, 25, 12, 21, 30, 22, 7, 23, 17, 36, 23, 22, 0, 9, 16, 24, 17, 3, 22, 36, 3, 30, 4, 35, 6, 31, 0, 16, 33, 16, 16, 3, 13, 3, 1, 15, 28, 20, 13, 5, 8, 22, 27, 1, 2, 20, 5, 1, 2, 16, 18, 12, 13, 20, 15, 9, 14, 23, 24, 9, 14, 12, 1, 36, 24, 5, 17, 35, 1, 17, 6, 1, 20, 6, 21, 30, 23, 36, 33, 19, 18, 12, 30, 27, 6, 20, 13, 13, 22, 20, 5, 6, 31, 31, 13, 27, 13, 16, 8, 4, 29, 30, 32, 3, 14, 5, 7, 3, 11, 28, 13, 29, 28, 13, 11, 27, 13, 13, 13, 5, 1, 5, 11, 26, 21, 9, 2, 5, 31, 13, 16, 0, 10, 20, 27, 2, 13, 15, 0, 35, 6, 3, 8, 1, 20, 10, 17, 14, 21, 14, 19, 16, 3, 7, 20, 3, 17, 35, 4, 13, 10, 18, 6, 6, 18, 7, 11, 10, 28, 26, 18, 2, 14, 28, 4, 4, 25, 25, 25, 26, 37, 5, 19, 5, 29, 5, 5, 16, 31, 21, 16, 5, 31, 1, 27, 12, 19, 22, 17, 37, 14, 9, 22, 8, 24, 22, 12, 22, 3, 2, 1, 5, 1, 5, 2, 2]"
xerces,18,seed18_solution089,seed18_solution089,0.8952695902228612,7.826336545348255,0.6415835169114047,0.9096418374498638,0.8952695902228612,-7.826336545348255,0.6415835169114047,True,False,"[0, 0, 1, 1, 0, 0, 0, 0, 2, 0, 0, 3, 0, 0, 4, 2, 4, 0, 3, 5, 3, 5, 0, 0, 0, 0, 6, 0, 2, 0, 0, 0, 0, 0, 0, 0, 7, 0, 0, 0, 4, 0, 8, 0, 0, 4, 9, 10, 0, 0, 7, 11, 10, 1, 0, 0, 0, 0, 12, 0, 0, 12, 6, 0, 0, 3, 0, 0, 6, 0, 13, 2, 8, 2, 0, 0, 0, 9, 0, 14, 5, 0, 15, 0, 16, 9, 15, 2, 0, 6, 0, 0, 0, 0, 17, 0, 16, 0, 0, 18, 10, 0, 19, 0, 0, 0, 2, 12, 19, 7, 1, 3, 9, 7, 1, 5, 18, 19, 15, 6, 12, 13, 18, 2, 20, 4, 14, 19, 9, 5, 8, 2, 5, 21, 14, 3, 8, 16, 4, 9, 17, 18, 19, 9, 7, 22, 1, 16, 10, 15, 2, 5, 12, 6, 1, 3, 0, 1, 3, 15, 16, 13, 6, 16, 3, 2, 23, 16, 1, 9, 16, 3, 6, 1, 24, 5, 12, 21, 23, 21, 5, 8, 7, 25, 8, 23, 1, 5, 19, 19, 6, 15, 9, 18, 20, 8, 23, 20, 16, 17, 13, 8, 25, 17, 3, 18, 16, 8, 23, 24, 13, 12, 5, 13, 4, 9, 11, 12, 12, 20, 12, 24, 13, 2, 6, 12, 20, 24, 13, 15, 11, 13, 11, 4, 12, 11, 20, 5, 24, 12, 12, 21, 13, 12, 13, 3, 2, 23, 13, 11, 6, 12, 5, 13, 9, 11, 6, 20, 16, 5, 6, 8, 14, 4, 23, 9, 10, 24, 23, 26, 14, 0, 24, 9, 11, 19, 12, 24, 12, 12, 9, 16, 19, 10, 19, 1, 5, 26, 15, 25, 6, 13, 9, 9, 9, 17, 0, 22, 5, 12, 18, 18, 12, 24, 17, 20, 21, 16, 21, 21, 17, 11, 24, 10, 11, 6, 21, 25, 17, 11, 9, 11, 20, 21, 5, 5, 9, 10, 24, 21, 21, 24, 15, 23, 3, 24, 4, 9, 27, 12, 13, 13, 8, 2, 9, 3, 1, 4, 19, 5, 11, 6, 4, 3, 4, 7, 15, 7, 9, 1, 9, 13, 4, 10, 11, 12, 17, 17, 2, 5, 6, 17, 4, 3, 14, 22, 8, 15, 15, 18, 2, 4, 0, 1, 13, 10, 19, 3, 10, 0, 6, 25, 6, 20, 4, 19, 12, 3, 13, 10, 18, 11, 25, 21, 20, 3, 22, 15, 6, 20, 22, 7, 20, 22, 6, 27, 20, 6, 20, 26, 19, 22, 4, 24, 2, 2, 13, 14, 13, 3, 11, 4, 3, 17, 20, 26, 4, 4, 22, 4, 4, 25, 19, 5, 26, 8, 11, 15, 8, 17, 4, 19, 17, 1, 23, 22, 9, 4, 22, 3, 16, 9, 11, 4, 14, 17, 13, 23, 15, 17, 22, 11, 8, 10, 16, 5, 6, 0, 16, 2, 18, 20, 15, 2, 23, 11, 21, 19, 28, 18, 19, 5, 12, 24, 25, 3, 6, 0, 12, 22, 10, 2, 29, 1, 1, 30, 10, 10, 6, 2, 6, 20, 25, 16, 3, 12, 6, 2, 23, 8, 20, 13, 22, 13, 12, 12, 25, 23, 1, 10, 14, 24, 11, 20, 1, 24, 21, 31, 10, 13, 25, 11, 8, 4, 6, 8, 1, 2, 0, 6, 15, 8, 1, 19, 17, 20, 12, 10, 30, 10, 19, 6, 0, 11, 12, 25, 2, 19, 14, 6, 0, 1, 16, 6, 20, 7, 11, 6, 2, 6, 18, 14, 17, 3, 13, 5, 18, 16, 26, 12, 8, 19, 14, 15, 2, 22, 22, 7, 18, 10, 26, 3, 18, 25, 19, 19, 18, 19, 25, 2, 14, 25, 18, 25, 18, 17, 10, 15, 17, 6, 32, 12, 22, 2, 20, 17, 16, 15, 27, 0, 10, 13, 12, 5, 4, 1, 20, 1, 23, 1, 15, 14, 1, 2, 1, 9, 1, 8, 17, 17, 32, 1, 0, 19, 19, 17, 3, 13, 3, 20, 20, 16, 25, 10, 20, 11, 13, 26, 13, 16, 14, 16, 13, 22, 15, 25, 26, 21, 21, 19, 6, 5, 24, 1, 12, 8, 1, 15, 4, 2, 27, 13, 5, 1, 1, 20, 4, 14, 14, 23, 25, 7, 6, 17, 5, 5, 1, 2, 7, 12, 23, 6, 14, 6, 6, 4, 7, 10, 16, 21, 26, 9, 6, 2, 4, 9, 1, 5, 31, 0, 6, 16, 5, 11, 25, 12, 4, 2, 9, 25, 20, 23, 7, 8, 21, 4, 4, 5, 25, 11, 6, 9, 11, 3, 10, 7, 5, 4, 3, 4, 12, 21, 21, 22, 3, 4, 12, 20, 3, 3, 26, 12, 5, 22, 12, 20, 15, 21, 33, 2, 2, 6, 3, 6, 2, 1, 2, 2, 1, 3, 32, 15, 24, 14, 2, 26, 10, 33, 20, 26, 0, 29, 29, 29, 29, 26, 20, 2, 4, 1, 2, 1, 2, 10]"
xerces,18,seed18_solution090,seed18_solution090,0.8969662113587348,2.7225323519685287,0.5720385078828013,0.9194717524816669,0.8969662113587348,-2.7225323519685287,0.5720385078828013,True,False,"[0, 0, 0, 1, 1, 0, 2, 3, 0, 0, 0, 4, 0, 5, 6, 1, 7, 4, 8, 9, 10, 0, 0, 0, 2, 11, 12, 0, 0, 13, 14, 10, 0, 0, 15, 9, 7, 0, 0, 0, 0, 6, 5, 0, 6, 0, 0, 16, 16, 0, 17, 5, 0, 14, 0, 7, 0, 7, 0, 10, 2, 0, 8, 0, 6, 11, 0, 0, 9, 0, 0, 0, 2, 0, 0, 18, 0, 0, 10, 18, 0, 0, 0, 2, 4, 5, 0, 19, 0, 0, 0, 0, 0, 0, 0, 0, 18, 17, 0, 20, 11, 2, 9, 0, 0, 0, 5, 3, 3, 7, 19, 18, 21, 22, 4, 23, 17, 21, 8, 1, 24, 25, 9, 7, 6, 12, 5, 7, 7, 25, 3, 8, 3, 7, 25, 7, 7, 7, 2, 26, 6, 27, 3, 22, 24, 13, 9, 4, 28, 9, 1, 6, 14, 17, 1, 4, 2, 12, 1, 5, 1, 26, 23, 1, 1, 7, 29, 30, 11, 20, 1, 1, 31, 1, 32, 7, 7, 23, 6, 7, 12, 20, 16, 16, 1, 1, 14, 27, 1, 13, 26, 4, 5, 13, 8, 25, 15, 25, 6, 31, 25, 28, 4, 9, 25, 11, 15, 33, 4, 12, 25, 22, 4, 21, 4, 28, 1, 34, 7, 15, 5, 1, 13, 20, 7, 4, 6, 13, 9, 9, 30, 22, 27, 7, 35, 7, 16, 1, 22, 22, 7, 4, 0, 9, 4, 26, 8, 6, 26, 13, 13, 4, 21, 11, 28, 27, 13, 1, 1, 2, 17, 12, 7, 27, 6, 4, 9, 21, 17, 31, 30, 15, 27, 15, 15, 11, 4, 35, 13, 6, 32, 33, 21, 6, 27, 2, 27, 2, 8, 29, 2, 19, 2, 28, 17, 27, 2, 27, 1, 20, 22, 24, 17, 8, 32, 7, 33, 10, 8, 31, 23, 4, 35, 8, 16, 15, 35, 26, 17, 35, 10, 11, 35, 35, 18, 16, 15, 10, 21, 5, 30, 25, 31, 2, 9, 16, 21, 21, 4, 3, 20, 21, 31, 1, 17, 21, 16, 15, 30, 6, 9, 29, 7, 7, 29, 8, 17, 19, 2, 8, 34, 11, 2, 11, 6, 15, 25, 2, 15, 0, 11, 5, 13, 30, 15, 7, 2, 5, 26, 2, 12, 14, 21, 6, 13, 27, 34, 3, 14, 9, 1, 25, 4, 9, 2, 9, 2, 11, 19, 32, 15, 8, 12, 27, 15, 16, 21, 17, 16, 4, 12, 1, 16, 5, 25, 17, 14, 32, 17, 29, 27, 26, 14, 13, 21, 11, 35, 11, 34, 11, 27, 27, 30, 11, 16, 11, 15, 10, 35, 11, 2, 35, 21, 12, 3, 11, 15, 15, 11, 10, 15, 29, 11, 8, 35, 14, 10, 11, 25, 2, 24, 32, 11, 11, 16, 10, 10, 3, 21, 31, 13, 16, 5, 1, 18, 4, 31, 16, 12, 14, 17, 16, 26, 31, 30, 3, 22, 22, 6, 8, 22, 17, 22, 25, 34, 24, 35, 0, 32, 13, 3, 7, 16, 3, 8, 1, 8, 4, 28, 21, 4, 7, 1, 1, 15, 2, 11, 36, 16, 26, 14, 9, 28, 10, 0, 20, 8, 2, 12, 28, 2, 20, 3, 0, 12, 21, 13, 9, 1, 1, 8, 2, 35, 3, 17, 17, 31, 1, 11, 1, 14, 8, 1, 22, 2, 17, 12, 2, 16, 7, 8, 9, 2, 20, 24, 5, 12, 10, 14, 11, 12, 8, 13, 3, 1, 1, 1, 18, 1, 33, 14, 16, 10, 3, 14, 13, 27, 14, 14, 14, 28, 24, 28, 10, 28, 14, 8, 19, 29, 10, 7, 23, 30, 34, 7, 24, 14, 34, 33, 34, 15, 11, 9, 32, 11, 12, 31, 26, 7, 31, 26, 17, 3, 20, 0, 17, 1, 19, 16, 8, 30, 17, 22, 5, 3, 25, 1, 3, 31, 21, 1, 14, 27, 33, 3, 8, 19, 9, 3, 31, 1, 1, 18, 7, 2, 19, 32, 25, 7, 9, 33, 26, 14, 28, 26, 9, 17, 29, 1, 27, 33, 33, 32, 33, 16, 14, 29, 27, 35, 9, 19, 9, 7, 1, 1, 16, 1, 29, 1, 28, 32, 30, 31, 24, 4, 4, 15, 17, 17, 7, 2, 2, 14, 7, 8, 8, 1, 2, 1, 29, 4, 27, 6, 1, 1, 1, 32, 20, 8, 3, 16, 21, 22, 8, 11, 3, 8, 4, 21, 0, 10, 1, 12, 28, 1, 18, 2, 33, 18, 15, 17, 8, 30, 24, 14, 11, 33, 6, 34, 33, 29, 28, 35, 5, 12, 8, 13, 9, 14, 27, 3, 11, 26, 17, 15, 15, 17, 11, 31, 29, 3, 13, 15, 34, 10, 13, 12, 15, 36, 29, 15, 10, 26, 1, 3, 8, 8, 1, 1, 25, 6, 23, 13, 11, 8, 22, 19, 36, 13, 6, 25, 11, 16, 27, 2, 1, 12, 28, 3, 5, 18, 0, 3, 2]"
xerces,18,seed18_solution091,seed18_solution091,0.9080948957584472,7.008746392963215,0.4808260273114443,0.9316133064401507,0.9080948957584472,-7.008746392963215,0.4808260273114443,True,False,"[0, 0, 1, 1, 0, 1, 2, 3, 3, 4, 4, 0, 0, 4, 5, 6, 0, 7, 8, 9, 7, 0, 0, 6, 0, 0, 9, 0, 6, 10, 11, 11, 0, 10, 12, 0, 0, 13, 0, 0, 0, 0, 8, 0, 0, 14, 10, 11, 0, 12, 0, 1, 6, 0, 15, 0, 16, 0, 0, 0, 0, 0, 17, 18, 3, 16, 19, 15, 2, 0, 0, 16, 0, 0, 15, 20, 0, 0, 14, 0, 0, 0, 0, 21, 0, 0, 0, 5, 0, 0, 0, 0, 9, 19, 0, 20, 15, 0, 0, 16, 3, 22, 2, 23, 18, 16, 1, 16, 13, 24, 3, 15, 20, 20, 4, 21, 1, 5, 24, 25, 4, 9, 12, 26, 22, 1, 21, 27, 2, 7, 9, 17, 27, 27, 11, 5, 3, 5, 23, 27, 8, 16, 8, 28, 27, 17, 29, 28, 9, 5, 9, 2, 16, 15, 0, 12, 9, 1, 5, 4, 18, 6, 28, 7, 1, 16, 4, 5, 1, 27, 1, 7, 23, 22, 30, 8, 4, 19, 19, 14, 14, 31, 7, 7, 17, 22, 25, 10, 1, 11, 14, 11, 11, 29, 11, 11, 3, 6, 11, 22, 17, 31, 11, 7, 12, 5, 30, 32, 9, 24, 6, 5, 7, 11, 27, 29, 1, 21, 21, 30, 6, 5, 10, 30, 7, 22, 30, 26, 26, 33, 15, 12, 17, 3, 20, 12, 23, 9, 30, 23, 6, 2, 17, 6, 6, 28, 0, 5, 33, 9, 6, 25, 30, 3, 5, 9, 17, 26, 21, 21, 6, 6, 6, 8, 24, 11, 7, 25, 21, 3, 10, 28, 33, 14, 7, 23, 3, 11, 21, 15, 27, 27, 33, 27, 4, 24, 34, 33, 12, 14, 26, 16, 21, 12, 8, 21, 2, 5, 21, 17, 18, 27, 30, 12, 32, 35, 27, 12, 12, 22, 32, 27, 10, 12, 12, 12, 36, 12, 12, 34, 16, 23, 14, 8, 12, 21, 16, 31, 33, 7, 2, 22, 17, 5, 2, 23, 29, 11, 30, 27, 30, 23, 34, 4, 32, 14, 3, 9, 36, 28, 10, 4, 25, 12, 10, 2, 21, 3, 19, 2, 34, 7, 30, 25, 12, 6, 19, 15, 30, 0, 22, 6, 2, 26, 27, 3, 7, 6, 2, 31, 30, 21, 13, 2, 9, 15, 9, 2, 26, 5, 6, 17, 29, 2, 34, 6, 27, 23, 24, 11, 15, 4, 4, 16, 12, 11, 11, 21, 19, 24, 4, 8, 4, 16, 11, 12, 24, 34, 8, 20, 16, 34, 22, 31, 20, 30, 11, 30, 34, 14, 3, 12, 13, 15, 9, 6, 13, 36, 30, 5, 30, 29, 15, 8, 15, 27, 17, 14, 31, 30, 6, 32, 17, 3, 30, 9, 11, 30, 17, 8, 8, 15, 24, 3, 13, 11, 13, 2, 5, 13, 14, 24, 5, 7, 36, 8, 17, 24, 14, 7, 1, 18, 22, 6, 6, 4, 17, 13, 13, 2, 29, 19, 12, 24, 34, 16, 1, 19, 22, 14, 1, 9, 11, 29, 29, 3, 28, 7, 10, 7, 25, 24, 25, 1, 2, 26, 33, 2, 23, 19, 31, 29, 9, 31, 19, 31, 9, 25, 29, 4, 21, 13, 23, 2, 30, 31, 6, 9, 1, 1, 1, 10, 9, 14, 16, 18, 7, 5, 5, 11, 21, 26, 1, 8, 20, 1, 27, 29, 36, 6, 1, 1, 27, 36, 15, 9, 24, 36, 18, 9, 8, 8, 21, 1, 16, 26, 30, 11, 1, 18, 10, 23, 27, 19, 3, 1, 16, 35, 36, 28, 16, 22, 2, 26, 15, 9, 14, 17, 22, 6, 14, 33, 15, 23, 7, 16, 26, 33, 20, 7, 29, 14, 15, 26, 20, 8, 24, 31, 29, 34, 3, 22, 11, 29, 1, 24, 32, 5, 25, 0, 32, 18, 9, 5, 29, 34, 17, 1, 9, 31, 11, 12, 34, 12, 29, 29, 28, 24, 3, 15, 29, 26, 13, 25, 9, 25, 4, 25, 17, 5, 9, 3, 9, 9, 24, 9, 9, 16, 1, 9, 25, 26, 18, 31, 15, 31, 32, 18, 15, 8, 22, 10, 17, 33, 16, 1, 20, 19, 26, 7, 1, 7, 22, 7, 26, 2, 25, 27, 33, 3, 1, 8, 1, 9, 26, 29, 28, 1, 7, 12, 6, 1, 4, 24, 33, 6, 35, 2, 8, 14, 11, 15, 1, 11, 29, 1, 31, 11, 10, 0, 1, 1, 1, 2, 26, 36, 0, 36, 2, 9, 24, 5, 26, 26, 30, 5, 2, 5, 18, 3, 26, 7, 36, 8, 26, 29, 30, 30, 19, 17, 15, 15, 26, 18, 13, 24, 21, 7, 33, 1, 20, 9, 27, 6, 13, 8, 6, 1, 37, 29, 29, 13, 28, 33, 29, 17, 29, 1, 17, 29, 8, 9, 20, 13, 18, 30, 24, 37, 19, 22, 19, 23, 24, 23, 19, 23, 8, 1, 13, 4, 15, 0, 18, 8]"
xerces,18,seed18_solution092,seed18_solution092,0.9167505391804457,7.110894868828365,0.4533219471968792,0.9545537655173396,0.9167505391804457,-7.110894868828365,0.4533219471968792,True,False,"[0, 1, 1, 1, 1, 2, 1, 0, 3, 0, 3, 4, 0, 5, 6, 6, 7, 8, 6, 9, 1, 10, 0, 0, 0, 0, 9, 0, 6, 11, 12, 0, 12, 0, 9, 0, 9, 9, 7, 0, 0, 6, 7, 0, 0, 0, 11, 13, 3, 14, 0, 2, 6, 0, 15, 0, 16, 8, 0, 0, 14, 0, 11, 0, 3, 17, 15, 16, 2, 0, 15, 17, 0, 0, 18, 12, 0, 0, 15, 0, 0, 0, 0, 0, 0, 2, 2, 5, 0, 0, 17, 0, 5, 17, 0, 0, 0, 0, 0, 19, 2, 4, 2, 0, 20, 17, 21, 22, 23, 10, 12, 16, 24, 23, 5, 24, 21, 24, 4, 25, 4, 9, 14, 17, 22, 5, 24, 26, 9, 10, 3, 19, 9, 0, 15, 5, 8, 22, 27, 28, 7, 17, 4, 29, 18, 5, 8, 30, 2, 1, 8, 2, 17, 8, 21, 29, 0, 13, 10, 5, 20, 8, 30, 7, 8, 29, 4, 20, 15, 13, 8, 8, 22, 4, 6, 4, 14, 9, 14, 18, 18, 7, 0, 8, 7, 22, 7, 19, 6, 12, 30, 18, 14, 26, 21, 15, 3, 31, 2, 30, 9, 29, 6, 32, 6, 4, 10, 30, 3, 10, 6, 5, 7, 23, 4, 26, 30, 28, 14, 15, 30, 5, 11, 21, 8, 22, 2, 13, 28, 11, 16, 20, 33, 9, 24, 26, 20, 30, 16, 20, 24, 4, 15, 34, 10, 20, 0, 5, 20, 3, 6, 25, 31, 3, 6, 9, 16, 1, 24, 26, 22, 17, 22, 4, 10, 30, 9, 25, 10, 3, 21, 30, 33, 15, 15, 17, 3, 5, 4, 13, 23, 17, 33, 5, 4, 8, 19, 33, 14, 15, 16, 16, 7, 6, 7, 5, 4, 5, 14, 4, 31, 31, 32, 5, 32, 34, 31, 14, 14, 19, 34, 28, 14, 30, 31, 5, 34, 10, 23, 35, 17, 13, 21, 31, 21, 27, 16, 29, 33, 6, 4, 26, 20, 6, 7, 4, 2, 31, 8, 10, 3, 20, 35, 4, 29, 18, 3, 11, 32, 10, 11, 2, 35, 14, 11, 22, 11, 3, 21, 15, 24, 2, 28, 21, 14, 3, 11, 14, 3, 0, 30, 16, 27, 20, 30, 3, 29, 4, 3, 29, 18, 27, 17, 2, 2, 18, 24, 2, 22, 2, 3, 6, 30, 2, 28, 36, 9, 27, 10, 12, 18, 9, 4, 17, 18, 10, 12, 24, 34, 22, 5, 7, 4, 2, 12, 14, 17, 35, 5, 23, 4, 35, 22, 29, 1, 6, 13, 21, 35, 11, 3, 31, 26, 10, 9, 7, 13, 36, 13, 31, 29, 26, 6, 7, 18, 31, 16, 30, 31, 13, 15, 31, 3, 3, 24, 18, 3, 14, 21, 7, 3, 16, 9, 3, 13, 6, 19, 2, 16, 24, 15, 12, 5, 8, 32, 7, 26, 25, 17, 25, 1, 20, 26, 6, 8, 10, 19, 16, 5, 2, 25, 21, 15, 9, 35, 17, 25, 21, 22, 12, 16, 4, 12, 17, 26, 10, 30, 8, 11, 8, 21, 10, 25, 4, 2, 6, 2, 2, 27, 23, 29, 26, 20, 5, 26, 23, 19, 25, 26, 8, 30, 12, 14, 1, 25, 6, 7, 10, 16, 32, 4, 33, 32, 1, 12, 20, 8, 5, 10, 12, 21, 3, 1, 4, 30, 1, 30, 4, 32, 6, 18, 14, 30, 36, 18, 4, 10, 34, 4, 27, 4, 7, 24, 10, 8, 25, 4, 12, 8, 20, 11, 24, 4, 23, 3, 7, 24, 36, 16, 17, 19, 30, 2, 16, 18, 9, 36, 15, 19, 22, 9, 33, 16, 11, 28, 19, 11, 33, 19, 23, 26, 22, 18, 17, 24, 4, 15, 29, 26, 35, 3, 36, 12, 22, 0, 5, 32, 5, 21, 0, 31, 20, 21, 6, 1, 1, 6, 1, 27, 29, 12, 14, 31, 14, 33, 35, 13, 0, 3, 18, 1, 16, 1, 17, 13, 1, 5, 25, 15, 15, 10, 3, 30, 31, 17, 18, 9, 20, 4, 31, 21, 16, 14, 27, 19, 27, 21, 26, 20, 15, 22, 11, 26, 34, 24, 23, 23, 21, 16, 8, 7, 8, 19, 8, 17, 6, 25, 4, 34, 31, 4, 4, 1, 10, 16, 26, 30, 13, 7, 6, 13, 27, 5, 25, 21, 7, 36, 23, 7, 15, 12, 33, 29, 36, 8, 1, 27, 12, 11, 0, 13, 35, 7, 8, 24, 21, 0, 25, 2, 20, 12, 6, 27, 16, 17, 15, 24, 8, 5, 3, 16, 15, 32, 7, 7, 30, 11, 3, 23, 13, 18, 9, 16, 16, 3, 10, 18, 28, 3, 1, 15, 11, 28, 22, 26, 7, 30, 27, 37, 15, 30, 16, 24, 18, 15, 7, 1, 1, 1, 13, 23, 16, 24, 13, 1, 21, 20, 37, 23, 22, 25, 20, 11, 24, 14, 17, 7, 1, 13, 4, 18, 0, 20, 7]"
xerces,18,seed18_solution093,seed18_solution093,0.9240546369518332,6.984968804103291,0.4200971276133851,0.9451464214136482,0.9240546369518332,-6.984968804103291,0.4200971276133851,True,False,"[0, 1, 1, 1, 1, 2, 2, 3, 3, 0, 3, 0, 0, 4, 5, 6, 7, 7, 8, 9, 1, 10, 0, 6, 0, 0, 9, 0, 6, 11, 12, 12, 12, 0, 0, 0, 0, 13, 8, 0, 0, 0, 8, 0, 0, 0, 11, 13, 0, 14, 0, 2, 6, 10, 15, 0, 16, 7, 0, 0, 14, 0, 12, 17, 3, 18, 19, 17, 2, 0, 15, 18, 0, 0, 17, 12, 0, 20, 15, 0, 0, 0, 0, 0, 0, 0, 21, 5, 0, 0, 16, 0, 21, 21, 0, 0, 17, 0, 0, 18, 2, 22, 2, 0, 20, 18, 1, 20, 12, 10, 12, 17, 23, 23, 4, 24, 1, 23, 4, 25, 4, 9, 14, 16, 22, 1, 24, 26, 9, 10, 3, 19, 9, 0, 15, 5, 3, 20, 27, 28, 8, 18, 8, 29, 17, 4, 11, 30, 9, 3, 7, 2, 18, 17, 0, 31, 9, 13, 10, 4, 20, 6, 30, 27, 7, 18, 4, 20, 15, 13, 7, 7, 22, 22, 32, 8, 4, 3, 21, 15, 15, 7, 0, 7, 25, 22, 25, 18, 6, 12, 26, 17, 14, 26, 21, 12, 3, 6, 2, 30, 9, 29, 6, 33, 14, 8, 10, 31, 9, 10, 8, 5, 7, 23, 8, 26, 1, 24, 14, 19, 6, 5, 11, 21, 7, 22, 2, 24, 28, 11, 17, 20, 32, 3, 23, 26, 27, 26, 17, 20, 27, 2, 19, 34, 6, 6, 0, 5, 19, 9, 6, 25, 28, 3, 5, 9, 16, 1, 24, 26, 6, 18, 6, 8, 10, 27, 20, 25, 10, 3, 21, 30, 28, 15, 5, 16, 3, 5, 8, 13, 23, 18, 34, 4, 4, 6, 18, 34, 14, 15, 16, 16, 8, 5, 8, 4, 2, 5, 7, 8, 20, 28, 32, 4, 32, 35, 28, 14, 14, 18, 33, 28, 11, 30, 28, 5, 33, 10, 23, 35, 18, 13, 25, 36, 21, 27, 5, 29, 34, 5, 4, 22, 27, 5, 7, 8, 11, 28, 7, 3, 18, 27, 35, 4, 31, 15, 3, 11, 33, 20, 11, 2, 35, 14, 11, 2, 11, 3, 21, 15, 24, 7, 28, 25, 14, 3, 21, 17, 3, 0, 29, 20, 27, 18, 26, 3, 29, 4, 3, 29, 17, 21, 13, 2, 12, 17, 24, 2, 11, 2, 3, 25, 26, 2, 35, 36, 10, 27, 10, 12, 17, 9, 4, 18, 14, 9, 12, 24, 34, 22, 4, 8, 4, 2, 12, 14, 33, 35, 8, 23, 31, 35, 22, 29, 1, 6, 13, 21, 35, 15, 3, 35, 13, 10, 9, 8, 13, 36, 13, 28, 29, 26, 5, 8, 17, 28, 19, 30, 31, 13, 19, 31, 3, 3, 24, 9, 3, 14, 19, 8, 3, 17, 10, 3, 13, 6, 13, 2, 17, 24, 15, 12, 5, 7, 33, 8, 13, 25, 25, 25, 1, 20, 22, 6, 6, 4, 19, 4, 4, 2, 25, 21, 15, 16, 35, 18, 25, 21, 22, 12, 16, 3, 12, 26, 26, 10, 30, 7, 11, 6, 25, 10, 25, 4, 2, 3, 28, 2, 27, 21, 29, 26, 20, 25, 24, 23, 19, 25, 26, 2, 24, 12, 14, 1, 25, 5, 6, 9, 17, 33, 8, 34, 33, 1, 33, 20, 7, 5, 10, 12, 25, 16, 21, 8, 19, 1, 9, 2, 33, 6, 10, 14, 26, 36, 17, 17, 10, 33, 8, 29, 8, 8, 24, 30, 6, 25, 4, 12, 13, 20, 11, 31, 9, 21, 3, 7, 23, 36, 16, 18, 18, 30, 2, 16, 17, 9, 36, 19, 21, 22, 15, 34, 17, 11, 28, 18, 18, 34, 19, 35, 26, 15, 17, 16, 23, 8, 29, 29, 26, 35, 3, 36, 12, 22, 1, 7, 28, 5, 25, 0, 31, 20, 21, 5, 1, 35, 6, 1, 27, 29, 12, 14, 31, 14, 32, 35, 30, 0, 3, 17, 1, 16, 13, 18, 13, 24, 4, 25, 19, 29, 10, 3, 26, 28, 18, 15, 9, 18, 4, 31, 21, 16, 8, 29, 19, 29, 25, 22, 27, 19, 22, 11, 26, 34, 18, 13, 23, 21, 16, 7, 7, 7, 18, 16, 16, 5, 25, 21, 34, 31, 1, 8, 1, 9, 16, 26, 30, 13, 7, 6, 6, 27, 4, 25, 25, 7, 36, 23, 8, 15, 12, 23, 29, 36, 6, 1, 29, 12, 11, 0, 13, 35, 1, 2, 24, 33, 0, 32, 2, 20, 12, 5, 16, 16, 18, 15, 23, 5, 5, 3, 16, 15, 33, 8, 8, 26, 11, 3, 21, 13, 17, 10, 16, 20, 3, 10, 24, 24, 34, 1, 15, 11, 28, 33, 26, 8, 1, 29, 37, 15, 8, 16, 23, 17, 15, 7, 1, 1, 1, 13, 8, 16, 23, 13, 27, 32, 27, 37, 23, 22, 21, 20, 11, 24, 14, 16, 8, 1, 13, 4, 17, 0, 20, 8]"
xerces,18,seed18_solution095,seed18_solution095,0.9417109992810927,6.661174313861273,0.38744365714129947,0.9650050977318166,0.9417109992810927,-6.661174313861273,0.38744365714129947,True,False,"[0, 0, 1, 2, 1, 2, 1, 3, 4, 5, 3, 6, 0, 6, 7, 6, 8, 9, 5, 10, 1, 8, 0, 11, 0, 12, 13, 0, 14, 15, 16, 17, 12, 0, 9, 0, 16, 16, 6, 18, 0, 9, 8, 0, 10, 0, 15, 13, 0, 8, 0, 2, 0, 0, 0, 0, 13, 8, 0, 0, 13, 0, 15, 0, 14, 19, 14, 20, 21, 11, 8, 14, 6, 0, 22, 13, 0, 0, 4, 0, 0, 3, 1, 0, 0, 7, 2, 9, 0, 23, 24, 0, 3, 20, 0, 0, 0, 0, 0, 25, 2, 14, 2, 19, 15, 26, 27, 12, 24, 8, 7, 15, 27, 24, 5, 27, 21, 28, 24, 27, 21, 18, 17, 12, 22, 2, 25, 9, 7, 11, 3, 17, 14, 0, 16, 9, 4, 18, 22, 15, 29, 30, 14, 31, 28, 3, 10, 27, 25, 10, 10, 5, 24, 21, 21, 30, 0, 12, 10, 28, 14, 14, 27, 7, 32, 30, 3, 28, 10, 25, 7, 29, 23, 6, 19, 18, 25, 9, 20, 10, 2, 24, 15, 27, 15, 32, 27, 21, 6, 15, 18, 15, 7, 29, 20, 14, 8, 32, 5, 28, 15, 32, 15, 24, 9, 10, 4, 22, 18, 5, 5, 18, 31, 28, 5, 15, 29, 33, 28, 20, 27, 7, 12, 20, 7, 5, 2, 24, 26, 10, 15, 24, 19, 8, 31, 8, 22, 1, 15, 20, 27, 5, 15, 31, 3, 34, 0, 7, 34, 18, 29, 27, 26, 10, 2, 7, 12, 1, 23, 12, 6, 32, 31, 20, 8, 31, 8, 28, 12, 4, 21, 28, 33, 10, 17, 20, 12, 13, 10, 28, 34, 22, 28, 32, 3, 24, 24, 10, 6, 26, 6, 13, 6, 5, 5, 3, 14, 34, 10, 2, 28, 20, 35, 3, 19, 36, 19, 36, 2, 24, 19, 32, 13, 2, 26, 9, 19, 34, 14, 3, 22, 12, 18, 20, 30, 26, 15, 22, 30, 7, 6, 29, 29, 9, 36, 26, 26, 27, 7, 3, 26, 22, 26, 21, 33, 11, 8, 11, 32, 23, 10, 3, 29, 10, 23, 5, 12, 18, 28, 2, 33, 2, 17, 18, 3, 12, 31, 10, 18, 0, 31, 6, 12, 22, 11, 8, 16, 3, 36, 33, 15, 32, 0, 1, 2, 15, 33, 4, 26, 12, 16, 6, 23, 2, 33, 35, 18, 24, 18, 12, 26, 3, 13, 23, 10, 11, 26, 33, 25, 12, 31, 8, 26, 4, 31, 26, 12, 36, 3, 5, 2, 25, 32, 29, 31, 4, 8, 30, 3, 11, 14, 30, 25, 32, 22, 5, 30, 35, 18, 11, 5, 18, 28, 14, 15, 32, 15, 29, 4, 0, 1, 29, 12, 20, 33, 26, 13, 27, 17, 15, 20, 34, 9, 4, 14, 17, 25, 14, 10, 20, 26, 16, 5, 15, 17, 26, 20, 27, 12, 7, 5, 25, 34, 29, 32, 3, 1, 34, 3, 8, 4, 33, 33, 16, 8, 21, 21, 14, 27, 16, 17, 14, 24, 12, 14, 1, 21, 16, 10, 18, 21, 8, 21, 3, 2, 15, 10, 2, 26, 28, 24, 16, 18, 24, 25, 24, 2, 21, 10, 4, 25, 7, 28, 2, 21, 24, 15, 8, 31, 25, 2, 21, 25, 2, 27, 15, 7, 9, 10, 15, 27, 5, 1, 6, 17, 2, 6, 6, 22, 9, 21, 11, 12, 34, 15, 14, 9, 19, 27, 32, 5, 6, 29, 9, 17, 26, 9, 13, 6, 14, 30, 23, 6, 28, 18, 15, 17, 30, 35, 24, 18, 22, 4, 33, 21, 32, 34, 7, 23, 1, 9, 31, 23, 23, 8, 28, 26, 30, 31, 33, 11, 18, 12, 22, 31, 15, 25, 31, 30, 34, 34, 35, 16, 24, 0, 3, 30, 5, 29, 5, 26, 3, 33, 5, 17, 33, 15, 35, 27, 23, 27, 11, 30, 20, 19, 36, 13, 0, 3, 14, 1, 13, 17, 3, 3, 1, 22, 13, 17, 14, 13, 4, 24, 4, 22, 11, 3, 22, 13, 34, 28, 6, 35, 32, 17, 31, 19, 20, 13, 17, 29, 10, 5, 30, 28, 33, 28, 28, 5, 6, 20, 7, 22, 6, 21, 6, 21, 21, 14, 29, 14, 14, 11, 23, 25, 1, 4, 10, 28, 28, 10, 26, 18, 12, 21, 24, 16, 26, 5, 11, 13, 28, 31, 35, 35, 1, 36, 4, 2, 0, 11, 20, 27, 6, 21, 31, 0, 22, 13, 11, 11, 9, 32, 11, 26, 10, 31, 3, 36, 26, 32, 16, 35, 6, 29, 30, 11, 2, 24, 13, 15, 32, 24, 16, 18, 8, 10, 23, 33, 8, 14, 11, 32, 33, 13, 5, 29, 32, 37, 1, 11, 17, 34, 35, 16, 16, 20, 1, 1, 13, 20, 4, 1, 12, 24, 23, 23, 37, 15, 9, 28, 1, 26, 25, 10, 1, 38, 2, 1, 3, 15, 0, 18, 5]"
xerces,18,seed18_solution096,seed18_solution096,0.9517757009345794,6.841061456118228,0.34298733466923503,0.9661370327523505,0.9517757009345794,-6.841061456118228,0.34298733466923503,True,False,"[0, 0, 1, 2, 0, 1, 2, 2, 3, 4, 5, 6, 2, 4, 5, 7, 0, 5, 8, 9, 10, 11, 0, 7, 12, 13, 14, 0, 13, 15, 12, 14, 14, 15, 0, 0, 16, 5, 6, 0, 0, 2, 4, 0, 8, 17, 0, 11, 18, 10, 0, 1, 19, 0, 0, 0, 16, 13, 0, 17, 20, 19, 21, 0, 0, 22, 12, 21, 23, 5, 3, 0, 0, 24, 13, 24, 0, 14, 18, 18, 0, 18, 1, 9, 0, 4, 2, 3, 0, 12, 22, 14, 18, 25, 0, 24, 25, 0, 19, 26, 1, 2, 2, 17, 21, 19, 10, 20, 14, 1, 5, 6, 24, 9, 5, 13, 17, 27, 17, 26, 23, 9, 20, 9, 28, 2, 23, 25, 4, 10, 18, 21, 6, 0, 12, 10, 6, 20, 28, 23, 21, 22, 14, 19, 17, 21, 26, 28, 1, 8, 18, 17, 29, 1, 0, 1, 0, 1, 1, 23, 3, 13, 28, 5, 30, 22, 15, 23, 5, 17, 7, 5, 22, 14, 24, 30, 19, 31, 13, 8, 26, 15, 23, 5, 21, 30, 1, 17, 10, 25, 25, 16, 13, 4, 20, 21, 11, 13, 3, 31, 20, 28, 18, 21, 1, 27, 3, 22, 18, 6, 3, 17, 24, 22, 15, 21, 7, 32, 31, 3, 26, 5, 9, 22, 5, 6, 24, 8, 19, 3, 23, 20, 33, 12, 24, 22, 10, 18, 21, 22, 17, 2, 13, 24, 18, 25, 0, 12, 13, 10, 20, 5, 26, 15, 2, 30, 21, 1, 34, 9, 6, 8, 33, 14, 10, 8, 10, 3, 34, 8, 15, 19, 33, 8, 10, 4, 10, 11, 10, 23, 29, 19, 17, 19, 18, 26, 28, 8, 21, 8, 33, 20, 3, 9, 3, 33, 2, 30, 33, 1, 26, 17, 33, 8, 35, 35, 33, 35, 1, 29, 36, 14, 12, 1, 22, 3, 32, 32, 30, 18, 29, 16, 20, 17, 15, 14, 23, 13, 32, 10, 4, 23, 31, 3, 33, 22, 21, 4, 13, 15, 18, 8, 26, 26, 27, 10, 11, 18, 34, 30, 9, 2, 22, 21, 15, 3, 16, 3, 15, 14, 27, 2, 15, 1, 16, 16, 36, 28, 2, 0, 28, 5, 4, 13, 12, 18, 14, 4, 3, 27, 7, 28, 0, 7, 12, 21, 19, 2, 20, 8, 7, 3, 22, 3, 27, 32, 6, 26, 13, 9, 6, 19, 12, 36, 28, 18, 30, 19, 31, 9, 29, 18, 33, 18, 19, 8, 9, 35, 5, 36, 1, 35, 21, 3, 6, 6, 31, 15, 5, 27, 13, 11, 31, 23, 19, 4, 32, 35, 27, 10, 1, 34, 15, 14, 21, 30, 21, 22, 13, 0, 7, 23, 21, 31, 13, 10, 4, 13, 12, 4, 13, 35, 8, 18, 9, 12, 30, 2, 8, 15, 26, 7, 3, 21, 11, 26, 22, 26, 17, 1, 6, 29, 29, 23, 23, 16, 7, 36, 4, 8, 2, 20, 11, 16, 27, 17, 35, 13, 28, 17, 17, 14, 7, 34, 20, 7, 24, 5, 9, 5, 17, 16, 6, 16, 18, 21, 31, 2, 31, 36, 23, 7, 18, 11, 31, 31, 1, 17, 9, 18, 7, 7, 22, 4, 17, 15, 20, 14, 24, 6, 2, 36, 29, 2, 28, 8, 5, 3, 9, 21, 17, 3, 1, 6, 24, 2, 22, 2, 25, 12, 5, 27, 14, 32, 26, 15, 8, 36, 29, 34, 3, 33, 31, 3, 1, 19, 5, 26, 20, 36, 30, 34, 14, 25, 9, 7, 20, 32, 32, 32, 17, 32, 14, 36, 13, 3, 32, 7, 28, 7, 24, 24, 31, 22, 10, 14, 17, 27, 24, 36, 7, 20, 21, 23, 19, 21, 23, 24, 34, 19, 29, 32, 15, 34, 0, 18, 24, 3, 25, 0, 19, 4, 18, 17, 1, 15, 21, 33, 13, 22, 7, 2, 27, 1, 36, 33, 2, 0, 14, 21, 34, 15, 17, 25, 17, 25, 28, 17, 32, 13, 11, 29, 29, 5, 19, 32, 14, 17, 11, 18, 25, 26, 4, 30, 12, 27, 17, 32, 20, 12, 31, 26, 3, 1, 22, 13, 13, 32, 5, 5, 15, 11, 28, 26, 15, 4, 16, 6, 24, 31, 33, 6, 8, 23, 31, 1, 14, 16, 5, 31, 9, 23, 14, 9, 17, 7, 7, 28, 18, 8, 31, 23, 24, 33, 6, 7, 26, 2, 2, 0, 8, 11, 10, 15, 19, 36, 0, 36, 6, 19, 31, 3, 15, 10, 19, 8, 34, 4, 27, 26, 32, 10, 35, 6, 4, 32, 6, 1, 11, 4, 3, 23, 15, 8, 9, 11, 16, 18, 4, 11, 24, 10, 30, 20, 22, 3, 2, 34, 37, 5, 7, 12, 30, 33, 10, 21, 34, 1, 1, 9, 15, 18, 2, 11, 29, 22, 19, 37, 23, 12, 15, 20, 26, 23, 20, 9, 4, 1, 14, 4, 6, 0, 20, 3]"
xerces,18,seed18_solution097,seed18_solution097,0.9541912293314162,0.34516782021257536,0.2462585793754508,0.9730188577584142,0.9541912293314162,-0.34516782021257536,0.2462585793754508,True,False,"[0, 1, 1, 2, 1, 3, 4, 5, 3, 6, 7, 8, 0, 9, 7, 1, 6, 8, 3, 10, 11, 12, 0, 13, 4, 14, 11, 0, 15, 16, 17, 11, 9, 0, 13, 10, 13, 8, 8, 3, 0, 7, 9, 18, 19, 0, 9, 15, 7, 10, 12, 5, 0, 17, 0, 20, 21, 6, 0, 11, 4, 0, 3, 15, 7, 14, 12, 22, 23, 13, 8, 24, 4, 20, 25, 26, 15, 27, 19, 26, 0, 3, 1, 4, 28, 9, 20, 29, 0, 27, 20, 22, 9, 30, 0, 0, 26, 12, 0, 21, 14, 4, 2, 30, 10, 28, 17, 14, 20, 6, 29, 26, 24, 20, 8, 31, 1, 24, 32, 1, 30, 18, 9, 23, 15, 2, 25, 6, 9, 18, 5, 28, 5, 0, 18, 6, 19, 29, 22, 33, 25, 22, 5, 20, 30, 16, 10, 27, 19, 29, 10, 3, 17, 12, 23, 22, 4, 2, 14, 30, 12, 33, 31, 24, 27, 6, 27, 28, 14, 21, 1, 7, 25, 4, 34, 24, 21, 31, 21, 17, 2, 21, 16, 15, 16, 28, 17, 22, 25, 16, 33, 8, 9, 24, 20, 29, 13, 15, 7, 25, 16, 28, 9, 2, 3, 11, 13, 32, 19, 2, 22, 20, 20, 24, 4, 19, 1, 35, 30, 22, 9, 1, 27, 30, 29, 19, 2, 17, 33, 10, 28, 20, 21, 6, 28, 6, 15, 1, 20, 20, 24, 4, 0, 11, 8, 33, 0, 7, 33, 29, 30, 17, 15, 14, 19, 7, 16, 1, 25, 4, 12, 28, 18, 22, 6, 23, 10, 18, 12, 14, 28, 24, 18, 29, 6, 20, 8, 23, 12, 30, 34, 32, 24, 14, 25, 4, 22, 23, 3, 23, 4, 29, 4, 4, 28, 9, 4, 33, 3, 19, 20, 30, 36, 3, 34, 6, 32, 33, 3, 25, 31, 8, 23, 19, 15, 13, 31, 33, 12, 4, 15, 14, 1, 30, 26, 15, 25, 25, 24, 7, 9, 16, 31, 8, 17, 15, 24, 32, 8, 5, 24, 14, 10, 2, 35, 24, 6, 14, 28, 27, 10, 7, 6, 6, 27, 3, 12, 29, 27, 3, 35, 22, 4, 1, 5, 13, 18, 25, 29, 0, 28, 9, 16, 28, 13, 6, 22, 9, 33, 24, 2, 28, 0, 7, 16, 22, 35, 5, 17, 14, 1, 2, 8, 16, 35, 10, 29, 1, 29, 34, 13, 3, 2, 22, 10, 13, 15, 35, 21, 26, 18, 18, 15, 9, 18, 19, 17, 34, 7, 27, 22, 33, 17, 25, 24, 19, 8, 23, 35, 33, 22, 22, 28, 28, 15, 8, 31, 11, 23, 1, 4, 23, 20, 4, 5, 22, 27, 13, 28, 0, 1, 6, 14, 2, 35, 17, 11, 32, 18, 4, 30, 34, 18, 5, 15, 11, 17, 5, 36, 25, 16, 17, 26, 12, 26, 6, 25, 15, 21, 17, 2, 15, 33, 25, 28, 5, 1, 1, 7, 3, 15, 19, 22, 18, 35, 30, 23, 32, 34, 16, 11, 3, 15, 14, 14, 1, 23, 8, 19, 24, 23, 13, 23, 3, 13, 12, 14, 36, 15, 33, 17, 22, 19, 11, 0, 21, 3, 18, 11, 19, 25, 9, 5, 2, 2, 24, 16, 8, 20, 23, 19, 23, 23, 2, 17, 12, 25, 7, 14, 15, 17, 3, 5, 20, 26, 2, 7, 4, 15, 6, 3, 10, 7, 21, 30, 13, 23, 11, 17, 28, 3, 4, 16, 5, 26, 24, 7, 26, 23, 32, 17, 30, 4, 27, 7, 16, 26, 36, 17, 15, 26, 7, 19, 30, 30, 17, 3, 29, 27, 26, 6, 28, 28, 35, 6, 30, 3, 35, 0, 35, 13, 14, 10, 34, 18, 16, 25, 20, 6, 33, 33, 19, 5, 21, 0, 1, 34, 29, 25, 3, 28, 10, 20, 9, 26, 35, 18, 6, 25, 24, 1, 17, 22, 32, 34, 36, 29, 0, 5, 25, 21, 11, 26, 28, 4, 29, 31, 18, 5, 25, 32, 5, 17, 19, 33, 10, 12, 24, 26, 22, 24, 19, 34, 2, 22, 28, 22, 22, 29, 10, 16, 10, 14, 21, 33, 15, 28, 27, 7, 19, 34, 28, 25, 30, 22, 8, 17, 28, 12, 35, 4, 2, 17, 26, 7, 1, 19, 4, 21, 27, 11, 22, 3, 32, 36, 17, 34, 15, 3, 15, 11, 24, 20, 34, 14, 2, 35, 7, 2, 0, 5, 21, 1, 19, 17, 18, 0, 32, 26, 13, 29, 7, 28, 30, 17, 14, 32, 7, 35, 16, 30, 19, 23, 9, 25, 31, 16, 10, 20, 30, 5, 28, 33, 12, 21, 13, 12, 30, 35, 29, 5, 16, 20, 35, 11, 3, 2, 28, 36, 27, 13, 11, 33, 36, 5, 13, 33, 1, 1, 18, 21, 19, 5, 14, 20, 24, 27, 36, 16, 7, 18, 2, 15, 25, 4, 1, 2, 19, 6, 9, 26, 0, 29, 4]"
xerces,18,seed18_solution099,seed18_solution099,0.9635657800143781,2.364776697083339,0.2787912952803493,0.9750403898750568,0.9635657800143781,-2.364776697083339,0.2787912952803493,True,False,"[0, 0, 1, 2, 3, 1, 2, 4, 5, 6, 6, 7, 2, 8, 9, 10, 11, 12, 9, 13, 9, 14, 15, 16, 12, 17, 18, 19, 17, 20, 12, 18, 18, 20, 14, 21, 11, 9, 7, 18, 1, 3, 4, 0, 8, 21, 15, 12, 0, 11, 22, 1, 22, 23, 24, 0, 16, 17, 0, 21, 16, 22, 15, 25, 3, 26, 27, 20, 24, 6, 8, 0, 1, 28, 23, 28, 0, 29, 3, 0, 0, 3, 10, 13, 0, 4, 28, 5, 18, 12, 26, 0, 3, 30, 0, 28, 30, 0, 22, 19, 1, 2, 2, 26, 17, 22, 10, 16, 18, 9, 5, 24, 28, 13, 6, 23, 10, 31, 19, 19, 24, 18, 16, 32, 19, 2, 6, 30, 4, 9, 3, 24, 7, 0, 12, 9, 7, 16, 22, 24, 15, 26, 7, 29, 24, 15, 19, 23, 1, 8, 3, 5, 25, 21, 0, 14, 0, 8, 27, 24, 8, 17, 23, 26, 29, 30, 20, 24, 3, 21, 10, 27, 26, 18, 33, 18, 21, 27, 20, 8, 6, 32, 0, 19, 15, 32, 4, 20, 9, 30, 21, 11, 6, 27, 20, 17, 14, 17, 6, 23, 15, 23, 6, 19, 5, 8, 32, 27, 18, 7, 6, 21, 28, 26, 7, 15, 10, 34, 24, 20, 19, 5, 13, 32, 6, 7, 4, 22, 22, 35, 24, 14, 35, 12, 28, 14, 23, 3, 24, 26, 21, 2, 17, 28, 3, 29, 0, 7, 35, 6, 16, 10, 19, 7, 1, 19, 15, 22, 33, 13, 4, 19, 35, 20, 9, 25, 11, 21, 13, 8, 20, 26, 35, 8, 9, 26, 18, 12, 13, 24, 25, 22, 26, 29, 3, 19, 31, 8, 15, 8, 5, 16, 9, 1, 5, 32, 2, 29, 4, 1, 24, 20, 36, 8, 33, 36, 35, 36, 1, 23, 33, 18, 16, 1, 26, 5, 34, 14, 24, 3, 25, 26, 21, 17, 20, 30, 24, 23, 20, 9, 4, 27, 27, 5, 36, 26, 15, 23, 17, 7, 22, 8, 15, 19, 31, 9, 14, 3, 32, 29, 13, 6, 30, 30, 20, 5, 13, 5, 20, 18, 31, 14, 16, 21, 11, 13, 32, 23, 2, 0, 23, 8, 13, 22, 12, 11, 12, 4, 36, 31, 15, 23, 0, 10, 12, 14, 22, 2, 22, 8, 10, 7, 26, 21, 31, 34, 7, 19, 11, 18, 27, 22, 12, 33, 19, 12, 29, 31, 27, 9, 25, 3, 35, 2, 22, 8, 13, 36, 6, 6, 1, 36, 29, 14, 28, 7, 12, 20, 6, 13, 17, 14, 27, 24, 19, 6, 34, 34, 24, 9, 1, 32, 24, 37, 11, 28, 22, 21, 32, 0, 10, 27, 15, 27, 31, 9, 12, 27, 12, 4, 17, 36, 14, 2, 17, 12, 25, 11, 8, 21, 35, 35, 1, 22, 21, 15, 15, 19, 21, 31, 7, 25, 25, 33, 24, 11, 1, 5, 4, 14, 2, 16, 14, 11, 31, 21, 36, 17, 23, 21, 21, 3, 32, 32, 16, 10, 28, 21, 13, 21, 10, 11, 7, 11, 6, 22, 35, 15, 30, 26, 27, 14, 3, 32, 27, 32, 1, 21, 13, 6, 10, 9, 26, 4, 21, 32, 16, 18, 28, 25, 1, 20, 25, 21, 23, 8, 9, 8, 8, 15, 13, 5, 10, 7, 28, 2, 26, 2, 35, 12, 21, 23, 18, 34, 15, 20, 14, 33, 25, 32, 7, 35, 27, 5, 16, 22, 11, 19, 16, 33, 33, 26, 3, 26, 18, 15, 16, 34, 34, 29, 21, 23, 18, 28, 17, 5, 34, 5, 23, 10, 28, 28, 24, 26, 9, 24, 22, 31, 28, 26, 0, 12, 15, 23, 22, 15, 26, 28, 30, 27, 25, 34, 7, 32, 0, 3, 33, 6, 30, 4, 22, 4, 3, 21, 13, 20, 15, 36, 23, 26, 19, 8, 31, 20, 33, 35, 2, 0, 5, 17, 32, 20, 21, 30, 3, 30, 23, 12, 34, 17, 17, 2, 23, 6, 22, 34, 3, 22, 7, 3, 30, 7, 4, 29, 17, 31, 33, 27, 16, 17, 27, 19, 15, 20, 26, 17, 26, 20, 6, 7, 32, 32, 23, 19, 20, 4, 11, 20, 29, 27, 35, 7, 8, 24, 27, 1, 18, 13, 10, 29, 13, 22, 18, 19, 35, 10, 36, 26, 3, 8, 18, 24, 28, 12, 34, 10, 32, 2, 1, 0, 8, 20, 19, 7, 22, 32, 0, 34, 7, 22, 6, 3, 20, 9, 22, 8, 28, 6, 31, 15, 25, 9, 36, 4, 22, 34, 7, 1, 14, 16, 7, 24, 32, 9, 18, 14, 13, 24, 20, 14, 28, 3, 29, 32, 18, 5, 2, 32, 37, 10, 25, 18, 29, 35, 9, 15, 32, 28, 15, 13, 32, 3, 10, 7, 25, 26, 22, 37, 8, 12, 20, 10, 19, 29, 16, 6, 4, 1, 18, 4, 24, 0, 21, 11]"
