experiment_id,experiment_name,representation_id,subject,seed,input_hash,input_aggregate_sha256,embedding_aggregate_sha256,embedding_file_sha256,class_mapping_sha256,graph_sha256,config_hash,solution_id,coupling,cohesion,imbalance,f_semantic,pymoo_f0_coupling,pymoo_f1_negative_cohesion,pymoo_f2_imbalance,pymoo_f3_f_semantic,feasible,is_injected_seed,injected_seed_name,injected_seed_category,label_vector
stage3_declaration_method_body,stage3_declaration_method_body,declaration_method_body_v1,xerces,1,65488944220cc3a503994d6f2289e0f7bdc06c619351a2e8243bca243538c8a3,65488944220cc3a503994d6f2289e0f7bdc06c619351a2e8243bca243538c8a3,36bdeca0e1ef32f36631c30ebbf86a1875621490e92f9b4a7fd0860755676236,d81607ad9e48ef274ecf65a4e3b1b1c7c22163c3b073831ffbb506bac7601bac,7e204d1865c1ddb228cc42f6f61519e280076590a92f0965e4f1fc765b77a4ab,7d5d45f6e7cc46cdb57c57688bc89b5e90e0ecea7390833a7acb2e8887d935a5,c1af2191baefddee68a7f41c97c29f7799df4bcf5372d9e9cf44a52a3b510286,seed1_solution000,0.12563623292595255121,1.8420393999070787672,5.7593667957294245596,0.50088965797074846975,0.12563623292595255121,-1.8420393999070787672,5.7593667957294245596,0.50088965797074846975,True,False,,,"[0, 1, 1, 1, 1, 2, 1, 3, 1, 2, 1, 0, 4, 1, 1, 1, 0, 0, 0, 0, 5, 1, 1, 6, 1, 7, 8, 0, 1, 1, 1, 2, 2, 0, 1, 9, 10, 1, 2, 1, 1, 1, 2, 2, 1, 2, 2, 1, 1, 11, 12, 1, 2, 1, 1, 1, 1, 1, 1, 1, 13, 14, 1, 1, 15, 1, 0, 0, 1, 1, 16, 17, 1, 1, 1, 1, 18, 19, 20, 21, 22, 23, 24, 25, 1, 26, 27, 27, 1, 27, 0, 0, 0, 0, 0, 0, 0, 0, 0, 0, 28, 0, 29, 0, 0, 0, 28, 28, 28, 30, 30, 0, 0, 31, 0, 1, 1, 1, 1, 32, 1, 1, 33, 1, 1, 1, 1, 1, 1, 1, 1, 0, 1, 1, 34, 1, 35, 35, 36, 37, 37, 37, 1, 1, 1, 38, 1, 0, 1, 1, 1, 1, 1, 1, 1, 39, 1, 40, 1, 0, 41, 1, 42, 1, 43, 1, 1, 1, 1, 0, 42, 1, 1, 44, 42, 45, 1, 1, 1, 1, 1, 42, 1, 42, 1, 1, 46, 1, 1, 47, 1, 48, 48, 1, 48, 48, 48, 48, 48, 48, 48, 48, 48, 1, 1, 0, 1, 49, 49, 49, 49, 49, 49, 49, 49, 49, 49, 49, 49, 0, 0, 0, 50, 50, 51, 52, 53, 0, 0, 1, 1, 54, 50, 50, 50, 50, 55, 55, 56, 56, 50, 57, 1, 56, 56, 1, 0, 0, 58, 59, 55, 60, 60, 50, 50, 61, 61, 62, 62, 0, 50, 63, 50, 1, 64, 65, 1, 66, 1, 1, 67, 66, 1, 1, 0, 1, 50, 50, 50, 0, 68, 0, 69, 0, 0, 0, 1, 0, 0, 1, 1, 70, 0, 1, 1, 1, 0, 1, 1, 1, 71, 1, 1, 1, 1, 72, 73, 74, 75, 76, 77, 1, 1, 1, 1, 78, 1, 79, 80, 81, 1, 1, 82, 1, 83, 1, 1, 84, 85, 1, 1, 86, 1, 1, 1, 87, 88, 1, 0, 1, 1, 0, 89, 1, 90, 1, 91, 1, 1, 92, 1, 0, 0, 93, 1, 0, 1, 1, 1, 1, 0, 1, 1, 0, 1, 1, 94, 1, 0, 1, 95, 1, 1, 0, 1, 1, 0, 1, 1, 96, 1, 1, 1, 1, 0, 0, 0, 1, 0, 1, 0, 0, 0, 0, 0, 1, 1, 97, 1, 1, 98, 1, 1, 1, 98, 99, 100, 100, 100, 100, 100, 1, 1, 101, 100, 1, 102, 1, 1, 1, 100, 1, 103, 1, 1, 104, 1, 105, 1, 1, 1, 1, 1, 0, 1, 1, 1, 1, 1, 1, 1, 0, 106, 0, 107, 1, 1, 1, 0, 1, 1, 0, 108, 0, 109, 0, 1, 1, 110, 0, 111, 112, 112, 112, 112, 112, 1, 113, 114, 115, 1, 1, 116, 1, 0, 0, 117, 0, 1, 1, 1, 1, 1, 0, 1, 1, 50, 50, 50, 50, 50, 50, 50, 50, 0, 1, 1, 1, 1, 1, 118, 0, 1, 0, 0, 0, 0, 0, 1, 1, 119, 1, 120, 1, 1, 1, 1, 121, 1, 1, 1, 122, 123, 1, 124, 1, 0, 0, 1, 0, 0, 1, 0, 1, 125, 1, 1, 1, 1, 1, 0, 0, 0, 1, 1, 1, 126, 1, 127, 1, 1, 0, 1, 0, 0, 0, 0, 1, 0, 0, 1, 0, 0, 0, 0, 0, 0, 0, 0, 0, 0, 0, 1, 1, 1, 128, 1, 1, 1, 0, 1, 0, 0, 0, 0, 1, 129, 129, 129, 129, 129, 129, 129, 129, 129, 129, 129, 129, 129, 129, 129, 129, 129, 129, 129, 129, 129, 129, 129, 1, 130, 130, 130, 130, 130, 0, 1, 131, 132, 1, 133, 50, 0, 134, 0, 0, 0, 1, 135, 136, 1, 1, 1, 0, 1, 137, 1, 138, 139, 140, 1, 0, 1, 1, 141, 141, 142, 1, 1, 143, 1, 144, 1, 1, 1, 1, 1, 130, 1, 1, 0, 131, 0, 0, 1, 1, 1, 145, 1, 146, 146, 146, 146, 146, 146, 146, 146, 146, 146, 146, 147, 1, 148, 107, 0, 149, 1, 1, 1, 1, 1, 1, 1, 1, 1, 1, 1, 1, 1, 0, 0, 0, 0, 0, 0, 0, 1, 1, 1, 0, 0, 0, 0, 0, 0, 0, 0, 0, 0, 1, 1, 1, 150, 0, 0, 0, 0, 0, 0, 1, 151, 151, 1, 0, 1, 152, 0, 0, 1, 0, 0, 0, 1, 0, 0, 0, 0, 0, 153, 0, 0, 0, 0, 0, 0, 0, 0, 0, 0, 1, 0, 0, 0, 1, 1, 0, 1, 0, 1, 1, 0, 0, 1, 50, 55, 56, 56, 62, 1, 154, 1, 155, 156, 134, 134, 134, 134, 1, 1, 1, 157, 158, 154, 154, 1, 159, 160, 1, 154, 154, 154, 154, 154, 154, 154, 154, 154, 154, 154, 154, 1, 1, 1, 1]"
stage3_declaration_method_body,stage3_declaration_method_body,declaration_method_body_v1,xerces,1,65488944220cc3a503994d6f2289e0f7bdc06c619351a2e8243bca243538c8a3,65488944220cc3a503994d6f2289e0f7bdc06c619351a2e8243bca243538c8a3,36bdeca0e1ef32f36631c30ebbf86a1875621490e92f9b4a7fd0860755676236,d81607ad9e48ef274ecf65a4e3b1b1c7c22163c3b073831ffbb506bac7601bac,7e204d1865c1ddb228cc42f6f61519e280076590a92f0965e4f1fc765b77a4ab,7d5d45f6e7cc46cdb57c57688bc89b5e90e0ecea7390833a7acb2e8887d935a5,c1af2191baefddee68a7f41c97c29f7799df4bcf5372d9e9cf44a52a3b510286,seed1_solution001,0.14360891445003595712,1.8364275197416586316,5.7236058132407903187,0.50776883464724997808,0.14360891445003595712,-1.8364275197416586316,5.7236058132407903187,0.50776883464724997808,True,False,,,"[0, 1, 1, 1, 1, 2, 1, 3, 1, 2, 1, 0, 4, 1, 1, 1, 0, 0, 0, 0, 5, 1, 1, 6, 1, 7, 8, 0, 1, 1, 1, 2, 2, 0, 1, 9, 10, 1, 2, 1, 1, 1, 2, 2, 1, 2, 2, 1, 1, 11, 12, 1, 2, 1, 1, 1, 1, 1, 1, 1, 13, 14, 1, 1, 15, 1, 0, 0, 1, 1, 16, 17, 1, 1, 1, 1, 18, 19, 20, 21, 22, 23, 24, 25, 1, 26, 27, 27, 1, 27, 0, 0, 0, 0, 0, 0, 0, 0, 0, 0, 28, 0, 29, 0, 0, 0, 30, 28, 28, 31, 31, 0, 0, 32, 0, 1, 1, 1, 1, 33, 1, 1, 34, 1, 1, 1, 1, 1, 1, 1, 1, 0, 1, 1, 35, 1, 36, 36, 37, 38, 38, 38, 1, 1, 1, 39, 1, 0, 1, 1, 1, 1, 1, 1, 1, 40, 1, 41, 1, 0, 42, 1, 43, 1, 44, 1, 1, 1, 1, 0, 43, 1, 1, 45, 43, 46, 1, 1, 1, 1, 1, 43, 1, 43, 1, 1, 47, 1, 1, 48, 1, 49, 49, 1, 50, 49, 49, 49, 49, 49, 49, 49, 49, 1, 1, 0, 1, 6, 51, 51, 51, 51, 51, 51, 51, 51, 51, 51, 51, 0, 0, 0, 52, 52, 53, 54, 55, 0, 0, 1, 1, 56, 52, 52, 52, 52, 57, 57, 58, 58, 52, 59, 1, 58, 58, 1, 0, 0, 60, 61, 57, 62, 62, 52, 52, 63, 63, 64, 64, 0, 52, 65, 52, 1, 30, 66, 1, 67, 1, 1, 68, 67, 1, 1, 69, 1, 52, 52, 52, 0, 70, 0, 71, 0, 0, 0, 1, 0, 0, 1, 1, 72, 0, 1, 1, 1, 0, 1, 1, 1, 73, 1, 1, 1, 1, 74, 75, 76, 77, 50, 78, 1, 1, 1, 1, 79, 1, 80, 81, 82, 1, 1, 83, 1, 84, 1, 1, 85, 86, 1, 1, 87, 1, 1, 1, 88, 89, 1, 0, 1, 1, 0, 90, 1, 91, 1, 87, 1, 1, 92, 1, 0, 0, 93, 1, 0, 1, 1, 1, 1, 0, 1, 1, 0, 1, 1, 94, 1, 0, 1, 95, 1, 1, 0, 1, 1, 0, 1, 1, 96, 1, 1, 1, 1, 0, 0, 0, 56, 0, 1, 0, 0, 0, 0, 0, 1, 1, 97, 1, 1, 98, 1, 1, 1, 98, 99, 100, 100, 100, 100, 100, 1, 1, 101, 100, 1, 102, 1, 1, 1, 100, 1, 103, 1, 1, 104, 1, 105, 1, 1, 1, 1, 1, 0, 1, 1, 1, 1, 1, 1, 1, 0, 106, 0, 107, 1, 1, 1, 0, 1, 1, 0, 108, 0, 109, 0, 1, 1, 110, 0, 111, 112, 112, 112, 112, 112, 1, 113, 114, 115, 1, 1, 116, 1, 0, 0, 117, 0, 1, 1, 1, 1, 1, 0, 1, 1, 52, 52, 52, 52, 52, 52, 52, 52, 0, 1, 1, 1, 1, 1, 118, 0, 1, 0, 0, 0, 0, 0, 1, 1, 119, 1, 120, 1, 1, 1, 1, 121, 1, 1, 1, 122, 123, 1, 124, 1, 0, 0, 1, 0, 0, 1, 0, 1, 125, 1, 1, 1, 1, 1, 0, 0, 0, 1, 1, 1, 126, 1, 127, 1, 1, 0, 1, 0, 0, 0, 0, 1, 0, 0, 1, 0, 0, 0, 0, 0, 0, 0, 0, 0, 0, 0, 1, 1, 1, 128, 1, 1, 1, 0, 1, 0, 0, 0, 0, 1, 129, 129, 129, 129, 129, 129, 129, 129, 129, 129, 129, 129, 129, 129, 129, 129, 129, 129, 129, 129, 129, 129, 129, 1, 130, 130, 130, 130, 130, 0, 1, 131, 132, 1, 133, 52, 0, 134, 0, 0, 0, 1, 135, 136, 1, 1, 1, 0, 1, 137, 1, 138, 139, 140, 1, 0, 1, 1, 141, 141, 142, 1, 1, 143, 1, 144, 1, 1, 1, 1, 1, 130, 1, 1, 0, 131, 0, 0, 1, 1, 1, 145, 1, 146, 146, 146, 146, 146, 146, 146, 146, 146, 146, 146, 147, 1, 148, 149, 0, 150, 1, 1, 1, 1, 1, 1, 1, 1, 1, 1, 1, 7, 1, 0, 0, 0, 0, 0, 0, 0, 1, 1, 1, 0, 0, 0, 0, 0, 0, 0, 0, 0, 0, 1, 1, 1, 151, 0, 0, 0, 0, 0, 0, 1, 152, 152, 1, 0, 1, 153, 0, 0, 1, 0, 0, 0, 1, 0, 0, 0, 0, 0, 154, 0, 0, 0, 0, 0, 0, 0, 0, 0, 0, 1, 0, 0, 0, 1, 1, 0, 1, 0, 1, 1, 0, 0, 1, 52, 57, 58, 58, 64, 1, 155, 1, 156, 69, 134, 134, 134, 134, 1, 1, 1, 157, 158, 155, 155, 1, 159, 160, 1, 155, 155, 155, 155, 155, 155, 155, 155, 155, 155, 155, 155, 1, 1, 1, 1]"
stage3_declaration_method_body,stage3_declaration_method_body,declaration_method_body_v1,xerces,1,65488944220cc3a503994d6f2289e0f7bdc06c619351a2e8243bca243538c8a3,65488944220cc3a503994d6f2289e0f7bdc06c619351a2e8243bca243538c8a3,36bdeca0e1ef32f36631c30ebbf86a1875621490e92f9b4a7fd0860755676236,d81607ad9e48ef274ecf65a4e3b1b1c7c22163c3b073831ffbb506bac7601bac,7e204d1865c1ddb228cc42f6f61519e280076590a92f0965e4f1fc765b77a4ab,7d5d45f6e7cc46cdb57c57688bc89b5e90e0ecea7390833a7acb2e8887d935a5,c1af2191baefddee68a7f41c97c29f7799df4bcf5372d9e9cf44a52a3b510286,seed1_solution002,0.14685837526959022448,0.88353190153070293444,5.3330261362950501791,0.55148131536551581178,0.14685837526959022448,-0.88353190153070293444,5.3330261362950501791,0.55148131536551581178,True,False,,,"[0, 1, 1, 1, 1, 2, 1, 3, 1, 2, 1, 0, 4, 1, 1, 1, 0, 0, 0, 0, 5, 1, 1, 6, 1, 7, 8, 0, 1, 1, 1, 2, 2, 0, 1, 9, 10, 1, 2, 1, 1, 1, 2, 2, 1, 2, 2, 1, 1, 11, 12, 1, 2, 1, 1, 1, 1, 1, 1, 1, 13, 14, 1, 1, 15, 1, 0, 0, 1, 1, 16, 17, 1, 1, 1, 1, 18, 19, 20, 21, 22, 23, 24, 25, 1, 26, 27, 27, 1, 27, 0, 0, 0, 0, 0, 0, 0, 0, 0, 0, 28, 0, 29, 0, 0, 0, 28, 28, 28, 30, 30, 0, 0, 31, 0, 1, 1, 1, 1, 32, 1, 1, 33, 34, 1, 1, 1, 1, 1, 1, 1, 0, 1, 1, 35, 1, 36, 37, 37, 38, 39, 38, 1, 1, 1, 39, 1, 0, 1, 1, 1, 1, 1, 1, 1, 40, 1, 41, 1, 0, 42, 1, 43, 1, 44, 1, 1, 1, 1, 0, 42, 1, 1, 40, 43, 45, 1, 1, 1, 1, 1, 42, 1, 43, 1, 1, 45, 1, 1, 45, 1, 46, 47, 1, 47, 46, 47, 46, 48, 46, 46, 46, 48, 1, 1, 0, 1, 49, 49, 49, 48, 49, 49, 49, 48, 49, 49, 48, 49, 0, 0, 0, 50, 46, 51, 51, 52, 0, 0, 1, 1, 53, 50, 50, 46, 50, 54, 55, 54, 56, 49, 57, 1, 56, 54, 1, 0, 0, 57, 58, 53, 59, 60, 50, 50, 61, 61, 59, 62, 0, 49, 61, 49, 1, 63, 61, 1, 62, 1, 1, 64, 65, 1, 1, 0, 1, 46, 50, 49, 0, 63, 0, 66, 0, 0, 0, 1, 0, 0, 1, 1, 65, 0, 1, 1, 1, 0, 1, 1, 1, 67, 1, 1, 1, 1, 68, 69, 70, 71, 72, 73, 1, 1, 1, 1, 71, 1, 74, 75, 68, 1, 1, 76, 1, 67, 1, 1, 77, 78, 1, 1, 72, 1, 1, 1, 79, 80, 1, 0, 1, 1, 0, 73, 1, 54, 1, 81, 1, 1, 82, 1, 0, 0, 83, 1, 0, 1, 1, 1, 1, 0, 1, 1, 0, 1, 1, 84, 1, 0, 1, 75, 1, 1, 0, 1, 1, 0, 1, 1, 85, 1, 1, 1, 1, 0, 0, 0, 1, 0, 1, 0, 0, 0, 0, 0, 1, 1, 86, 1, 1, 87, 1, 1, 1, 87, 77, 78, 88, 78, 89, 89, 1, 1, 90, 89, 1, 91, 1, 1, 1, 89, 1, 79, 1, 1, 92, 1, 93, 1, 1, 1, 1, 1, 0, 1, 1, 1, 1, 1, 1, 1, 0, 94, 0, 95, 1, 1, 1, 0, 1, 1, 0, 94, 0, 96, 0, 1, 1, 83, 0, 97, 98, 99, 99, 98, 99, 1, 97, 98, 100, 1, 1, 101, 1, 0, 0, 102, 0, 1, 1, 1, 1, 1, 0, 1, 1, 49, 46, 50, 46, 49, 49, 50, 50, 0, 1, 1, 1, 1, 1, 103, 0, 1, 0, 0, 0, 0, 0, 1, 1, 104, 1, 105, 1, 1, 1, 1, 106, 1, 1, 1, 107, 106, 1, 108, 1, 0, 0, 1, 0, 0, 1, 0, 1, 109, 1, 1, 1, 1, 1, 0, 0, 0, 1, 1, 1, 108, 1, 95, 1, 1, 0, 1, 0, 0, 0, 0, 1, 0, 0, 1, 0, 0, 0, 0, 0, 0, 0, 0, 0, 0, 0, 1, 1, 1, 110, 1, 1, 1, 0, 1, 0, 0, 0, 0, 1, 111, 112, 111, 111, 111, 111, 96, 111, 112, 111, 96, 112, 111, 111, 96, 111, 111, 111, 96, 111, 112, 111, 111, 1, 113, 114, 110, 114, 114, 0, 1, 115, 116, 1, 117, 46, 0, 118, 0, 0, 0, 1, 119, 120, 1, 1, 1, 0, 1, 119, 1, 121, 122, 123, 1, 0, 1, 1, 124, 122, 125, 1, 1, 126, 1, 105, 1, 1, 1, 1, 1, 114, 1, 1, 0, 115, 0, 0, 1, 1, 1, 127, 1, 107, 128, 129, 107, 128, 107, 128, 128, 128, 128, 129, 101, 1, 130, 109, 0, 131, 1, 1, 1, 1, 1, 1, 1, 1, 1, 1, 1, 1, 1, 0, 0, 0, 0, 0, 0, 0, 1, 1, 1, 0, 0, 0, 0, 0, 0, 0, 0, 0, 0, 1, 1, 1, 132, 0, 0, 0, 0, 0, 0, 1, 133, 134, 1, 0, 1, 34, 0, 0, 1, 0, 0, 0, 1, 0, 0, 0, 0, 0, 135, 0, 0, 0, 0, 0, 0, 0, 0, 0, 0, 1, 0, 0, 0, 1, 1, 0, 1, 0, 1, 1, 0, 0, 1, 46, 53, 55, 54, 62, 1, 114, 1, 115, 65, 116, 118, 118, 118, 1, 1, 1, 136, 117, 114, 114, 1, 137, 138, 1, 139, 114, 114, 114, 139, 139, 114, 139, 114, 139, 114, 114, 1, 1, 1, 1]"
stage3_declaration_method_body,stage3_declaration_method_body,declaration_method_body_v1,xerces,1,65488944220cc3a503994d6f2289e0f7bdc06c619351a2e8243bca243538c8a3,65488944220cc3a503994d6f2289e0f7bdc06c619351a2e8243bca243538c8a3,36bdeca0e1ef32f36631c30ebbf86a1875621490e92f9b4a7fd0860755676236,d81607ad9e48ef274ecf65a4e3b1b1c7c22163c3b073831ffbb506bac7601bac,7e204d1865c1ddb228cc42f6f61519e280076590a92f0965e4f1fc765b77a4ab,7d5d45f6e7cc46cdb57c57688bc89b5e90e0ecea7390833a7acb2e8887d935a5,c1af2191baefddee68a7f41c97c29f7799df4bcf5372d9e9cf44a52a3b510286,seed1_solution003,0.14976276060388210576,1.8590768758396267746,5.618035380388280764,0.51881689272017439407,0.14976276060388210576,-1.8590768758396267746,5.618035380388280764,0.51881689272017439407,True,False,,,"[0, 1, 1, 1, 1, 2, 1, 3, 1, 2, 1, 4, 5, 1, 1, 1, 4, 4, 4, 4, 6, 1, 1, 7, 1, 8, 9, 4, 1, 1, 1, 2, 2, 4, 1, 10, 11, 1, 2, 1, 1, 1, 2, 2, 1, 2, 2, 1, 1, 12, 13, 1, 2, 1, 1, 1, 1, 1, 1, 1, 14, 15, 1, 1, 16, 1, 17, 4, 1, 1, 18, 19, 1, 1, 1, 1, 20, 21, 22, 23, 24, 25, 26, 27, 1, 28, 29, 29, 1, 29, 4, 4, 4, 4, 4, 4, 4, 4, 4, 4, 30, 4, 31, 4, 4, 4, 30, 30, 30, 32, 32, 4, 33, 34, 4, 1, 1, 1, 1, 35, 1, 1, 36, 1, 1, 1, 1, 1, 37, 1, 1, 4, 1, 1, 38, 1, 39, 39, 40, 41, 41, 41, 1, 1, 1, 42, 1, 4, 1, 1, 1, 1, 1, 1, 1, 43, 1, 44, 1, 4, 45, 1, 46, 1, 47, 1, 1, 1, 1, 4, 46, 1, 1, 48, 46, 49, 1, 1, 1, 1, 1, 46, 1, 46, 1, 1, 0, 1, 1, 50, 1, 51, 51, 1, 51, 51, 51, 51, 51, 51, 51, 51, 51, 1, 1, 4, 1, 7, 52, 52, 52, 52, 52, 52, 52, 52, 52, 52, 52, 4, 4, 4, 5, 5, 53, 54, 55, 4, 4, 1, 1, 56, 5, 5, 5, 5, 57, 58, 59, 59, 5, 60, 1, 59, 59, 1, 4, 4, 61, 62, 58, 63, 63, 5, 5, 64, 64, 65, 65, 4, 5, 66, 5, 1, 67, 68, 1, 69, 1, 1, 70, 69, 1, 1, 71, 1, 5, 5, 5, 4, 72, 4, 73, 4, 4, 4, 1, 4, 4, 1, 1, 74, 4, 1, 1, 1, 4, 1, 1, 1, 75, 1, 1, 1, 1, 76, 77, 78, 79, 80, 81, 1, 1, 1, 1, 82, 1, 83, 84, 85, 1, 1, 86, 1, 87, 1, 1, 88, 89, 1, 1, 90, 1, 1, 1, 91, 92, 1, 4, 1, 1, 4, 33, 85, 57, 1, 90, 1, 1, 93, 1, 4, 4, 94, 1, 4, 1, 1, 1, 1, 4, 1, 1, 4, 1, 1, 95, 1, 4, 1, 96, 1, 1, 4, 1, 1, 4, 1, 1, 97, 1, 1, 1, 1, 98, 4, 4, 56, 4, 1, 4, 4, 4, 4, 4, 1, 1, 99, 1, 1, 100, 1, 1, 1, 100, 101, 17, 17, 17, 17, 17, 1, 1, 102, 17, 1, 103, 1, 1, 1, 17, 1, 104, 1, 1, 105, 1, 106, 1, 1, 1, 1, 1, 4, 1, 1, 1, 1, 1, 1, 1, 4, 107, 4, 108, 1, 1, 1, 4, 1, 1, 4, 109, 4, 110, 4, 1, 96, 111, 4, 112, 113, 113, 113, 113, 113, 1, 114, 115, 116, 1, 1, 117, 1, 4, 4, 118, 4, 1, 1, 1, 1, 1, 4, 1, 1, 5, 5, 5, 5, 5, 5, 5, 5, 4, 1, 1, 1, 1, 1, 119, 4, 1, 4, 4, 4, 4, 4, 1, 1, 120, 1, 121, 1, 1, 1, 1, 122, 1, 1, 1, 123, 124, 1, 125, 1, 4, 4, 1, 4, 4, 1, 4, 1, 126, 1, 1, 1, 1, 1, 4, 4, 4, 1, 1, 1, 127, 1, 128, 1, 1, 4, 1, 4, 4, 4, 4, 1, 4, 4, 1, 4, 4, 4, 4, 4, 4, 4, 4, 4, 4, 4, 1, 1, 1, 129, 1, 1, 1, 4, 1, 4, 4, 4, 4, 1, 130, 130, 130, 130, 130, 130, 130, 130, 130, 130, 130, 130, 130, 130, 130, 130, 130, 130, 130, 130, 130, 130, 130, 1, 131, 131, 131, 131, 131, 4, 1, 132, 108, 1, 133, 5, 4, 134, 4, 4, 4, 1, 135, 136, 1, 1, 1, 4, 1, 137, 1, 138, 139, 140, 1, 4, 1, 1, 141, 141, 142, 1, 1, 143, 1, 144, 1, 1, 1, 1, 1, 131, 1, 1, 4, 132, 4, 4, 1, 1, 1, 145, 1, 146, 146, 146, 146, 146, 146, 146, 146, 146, 146, 146, 147, 1, 98, 148, 4, 37, 1, 1, 1, 1, 1, 1, 1, 1, 1, 1, 1, 8, 1, 4, 4, 4, 4, 4, 4, 4, 1, 1, 1, 4, 4, 4, 4, 4, 4, 4, 4, 4, 4, 1, 1, 1, 149, 4, 4, 4, 4, 4, 4, 1, 150, 150, 1, 4, 1, 151, 4, 4, 1, 4, 4, 4, 1, 4, 4, 4, 4, 4, 152, 4, 4, 4, 4, 4, 4, 4, 4, 4, 4, 1, 4, 4, 4, 1, 1, 4, 1, 4, 1, 1, 4, 4, 1, 5, 58, 59, 2, 65, 1, 153, 1, 154, 71, 134, 134, 134, 134, 1, 1, 1, 155, 156, 153, 153, 1, 157, 158, 1, 153, 153, 153, 153, 153, 153, 153, 153, 153, 153, 153, 153, 1, 1, 1, 1]"
stage3_declaration_method_body,stage3_declaration_method_body,declaration_method_body_v1,xerces,1,65488944220cc3a503994d6f2289e0f7bdc06c619351a2e8243bca243538c8a3,65488944220cc3a503994d6f2289e0f7bdc06c619351a2e8243bca243538c8a3,36bdeca0e1ef32f36631c30ebbf86a1875621490e92f9b4a7fd0860755676236,d81607ad9e48ef274ecf65a4e3b1b1c7c22163c3b073831ffbb506bac7601bac,7e204d1865c1ddb228cc42f6f61519e280076590a92f0965e4f1fc765b77a4ab,7d5d45f6e7cc46cdb57c57688bc89b5e90e0ecea7390833a7acb2e8887d935a5,c1af2191baefddee68a7f41c97c29f7799df4bcf5372d9e9cf44a52a3b510286,seed1_solution004,0.15097052480230049865,1.8704183466851185269,5.5708330353188086903,0.52487015933651148814,0.15097052480230049865,-1.8704183466851185269,5.5708330353188086903,0.52487015933651148814,True,False,,,"[0, 1, 1, 1, 1, 2, 1, 3, 1, 2, 1, 4, 5, 1, 1, 1, 4, 4, 4, 4, 6, 1, 1, 7, 1, 8, 9, 4, 1, 1, 1, 2, 10, 4, 1, 11, 12, 1, 2, 1, 1, 1, 2, 2, 1, 2, 2, 1, 1, 13, 14, 1, 2, 1, 1, 1, 1, 1, 1, 1, 15, 16, 1, 1, 17, 1, 18, 4, 1, 1, 19, 20, 1, 1, 1, 1, 21, 22, 10, 23, 24, 25, 26, 27, 1, 28, 29, 29, 1, 29, 4, 4, 4, 4, 4, 4, 4, 4, 4, 4, 30, 4, 31, 4, 4, 4, 30, 30, 30, 32, 32, 4, 33, 34, 4, 1, 1, 1, 1, 35, 1, 1, 36, 1, 1, 1, 1, 1, 37, 1, 1, 4, 1, 1, 38, 1, 39, 39, 40, 41, 41, 41, 1, 1, 1, 42, 1, 4, 1, 1, 1, 1, 1, 1, 1, 43, 1, 44, 1, 4, 45, 1, 46, 1, 47, 1, 1, 1, 1, 4, 46, 1, 1, 48, 46, 49, 1, 1, 1, 1, 1, 46, 1, 46, 1, 1, 0, 1, 1, 50, 1, 51, 51, 1, 51, 51, 51, 51, 51, 51, 51, 51, 51, 1, 1, 4, 1, 7, 52, 52, 52, 52, 52, 52, 52, 52, 52, 52, 52, 4, 4, 53, 5, 5, 54, 55, 56, 4, 4, 1, 1, 57, 5, 5, 5, 5, 58, 59, 60, 60, 5, 61, 1, 60, 60, 1, 4, 4, 62, 63, 59, 64, 64, 5, 5, 65, 65, 66, 66, 4, 5, 67, 5, 1, 68, 69, 1, 70, 1, 1, 71, 70, 1, 1, 72, 1, 5, 5, 5, 4, 73, 4, 74, 4, 4, 4, 75, 4, 4, 1, 1, 76, 4, 1, 1, 1, 4, 1, 1, 1, 77, 1, 1, 1, 1, 78, 79, 80, 81, 82, 83, 1, 1, 1, 1, 84, 1, 85, 86, 87, 1, 1, 88, 1, 89, 1, 1, 90, 91, 1, 1, 92, 1, 1, 1, 93, 94, 1, 4, 1, 1, 4, 33, 87, 58, 1, 92, 1, 1, 95, 1, 83, 4, 96, 1, 4, 1, 1, 1, 1, 4, 1, 1, 4, 1, 1, 97, 1, 4, 1, 30, 1, 1, 4, 1, 1, 4, 1, 1, 98, 1, 1, 1, 1, 53, 4, 4, 57, 4, 1, 4, 4, 4, 4, 4, 1, 1, 99, 1, 1, 100, 1, 1, 1, 100, 101, 18, 18, 18, 18, 18, 1, 1, 102, 18, 1, 103, 1, 1, 1, 18, 1, 104, 1, 1, 105, 1, 106, 1, 1, 1, 1, 1, 4, 1, 1, 1, 1, 1, 1, 1, 4, 75, 4, 107, 1, 1, 1, 4, 1, 1, 4, 108, 4, 109, 4, 1, 110, 111, 4, 112, 113, 113, 113, 113, 113, 1, 114, 115, 116, 1, 1, 117, 1, 4, 4, 118, 4, 1, 1, 1, 1, 1, 4, 1, 1, 5, 5, 5, 5, 5, 5, 5, 5, 4, 1, 1, 1, 1, 1, 119, 4, 1, 4, 4, 4, 4, 4, 1, 1, 120, 1, 121, 1, 1, 1, 1, 122, 1, 1, 1, 123, 124, 1, 125, 1, 4, 4, 1, 4, 4, 1, 4, 1, 126, 1, 1, 1, 1, 1, 4, 4, 4, 1, 1, 1, 127, 1, 128, 1, 1, 4, 1, 4, 4, 4, 4, 1, 4, 4, 1, 4, 4, 4, 4, 4, 4, 4, 4, 4, 4, 4, 1, 1, 1, 31, 1, 1, 1, 4, 1, 4, 4, 4, 4, 1, 129, 129, 129, 129, 129, 129, 129, 129, 129, 129, 129, 129, 129, 129, 129, 129, 129, 129, 129, 129, 129, 129, 129, 1, 130, 130, 130, 130, 130, 4, 1, 131, 107, 1, 132, 5, 4, 133, 4, 4, 4, 1, 134, 135, 1, 1, 1, 4, 1, 136, 1, 137, 138, 139, 1, 4, 1, 1, 140, 140, 141, 1, 1, 142, 1, 143, 1, 1, 1, 1, 1, 130, 1, 1, 4, 131, 4, 4, 1, 1, 1, 144, 1, 145, 145, 145, 145, 145, 145, 145, 145, 93, 145, 145, 146, 1, 53, 147, 4, 37, 1, 1, 1, 1, 1, 1, 1, 1, 1, 1, 1, 8, 1, 4, 4, 4, 4, 4, 4, 4, 1, 1, 1, 4, 4, 4, 4, 4, 4, 4, 4, 4, 4, 1, 1, 1, 148, 4, 4, 4, 4, 4, 4, 1, 149, 149, 1, 4, 1, 150, 4, 4, 1, 4, 4, 4, 1, 4, 4, 4, 4, 4, 151, 4, 4, 4, 4, 4, 4, 4, 4, 4, 4, 1, 4, 4, 4, 1, 1, 4, 1, 4, 1, 1, 4, 4, 1, 5, 59, 60, 2, 66, 1, 152, 1, 153, 72, 133, 133, 133, 133, 1, 1, 1, 154, 155, 152, 152, 1, 156, 157, 1, 152, 152, 152, 152, 152, 152, 152, 152, 152, 152, 152, 152, 1, 1, 1, 1]"
stage3_declaration_method_body,stage3_declaration_method_body,declaration_method_body_v1,xerces,1,65488944220cc3a503994d6f2289e0f7bdc06c619351a2e8243bca243538c8a3,65488944220cc3a503994d6f2289e0f7bdc06c619351a2e8243bca243538c8a3,36bdeca0e1ef32f36631c30ebbf86a1875621490e92f9b4a7fd0860755676236,d81607ad9e48ef274ecf65a4e3b1b1c7c22163c3b073831ffbb506bac7601bac,7e204d1865c1ddb228cc42f6f61519e280076590a92f0965e4f1fc765b77a4ab,7d5d45f6e7cc46cdb57c57688bc89b5e90e0ecea7390833a7acb2e8887d935a5,c1af2191baefddee68a7f41c97c29f7799df4bcf5372d9e9cf44a52a3b510286,seed1_solution005,0.15235082674335009845,0.37360908372168633029,5.3161942488405475871,0.55527663312452557598,0.15235082674335009845,-0.37360908372168633029,5.3161942488405475871,0.55527663312452557598,True,False,,,"[0, 1, 1, 1, 1, 2, 1, 3, 1, 2, 1, 0, 4, 1, 1, 1, 0, 0, 0, 0, 5, 1, 1, 6, 1, 7, 8, 0, 1, 1, 1, 2, 2, 0, 1, 9, 10, 1, 2, 1, 1, 1, 2, 2, 1, 2, 2, 1, 1, 11, 12, 1, 2, 1, 1, 1, 1, 1, 1, 1, 13, 14, 1, 1, 15, 1, 0, 0, 1, 1, 16, 17, 1, 1, 1, 1, 18, 19, 20, 21, 22, 23, 24, 25, 1, 26, 27, 27, 1, 27, 0, 0, 0, 0, 0, 0, 0, 0, 0, 0, 28, 0, 29, 0, 0, 0, 28, 28, 28, 30, 31, 0, 0, 31, 0, 1, 1, 1, 1, 32, 1, 1, 33, 1, 1, 1, 1, 1, 1, 1, 1, 0, 1, 1, 34, 1, 35, 35, 36, 37, 37, 37, 1, 1, 1, 38, 1, 0, 1, 1, 1, 1, 1, 1, 1, 39, 1, 40, 1, 0, 41, 1, 42, 1, 43, 1, 1, 1, 1, 0, 42, 1, 1, 39, 42, 44, 1, 1, 1, 1, 1, 42, 1, 42, 1, 1, 45, 1, 1, 46, 1, 47, 45, 1, 48, 49, 49, 47, 49, 49, 49, 49, 46, 1, 1, 0, 1, 49, 49, 50, 46, 49, 50, 50, 50, 49, 49, 46, 49, 0, 0, 0, 48, 47, 50, 51, 52, 0, 0, 1, 1, 53, 48, 48, 54, 48, 55, 52, 56, 57, 54, 55, 1, 57, 56, 1, 0, 0, 55, 58, 55, 59, 60, 48, 48, 58, 61, 59, 60, 0, 49, 62, 49, 1, 61, 58, 1, 60, 1, 1, 63, 62, 1, 1, 64, 1, 47, 54, 54, 0, 65, 0, 66, 0, 0, 0, 1, 0, 0, 1, 1, 62, 0, 1, 1, 1, 0, 1, 1, 1, 67, 1, 1, 1, 1, 68, 69, 70, 71, 48, 72, 1, 1, 1, 1, 71, 1, 73, 69, 74, 1, 1, 75, 1, 76, 1, 1, 77, 78, 1, 1, 79, 1, 1, 1, 80, 73, 1, 0, 1, 1, 0, 81, 1, 51, 1, 82, 1, 1, 83, 1, 0, 0, 84, 1, 0, 1, 1, 1, 1, 0, 1, 1, 0, 1, 1, 85, 1, 0, 1, 69, 1, 1, 0, 1, 1, 0, 1, 1, 86, 1, 1, 1, 1, 0, 0, 0, 1, 0, 1, 0, 0, 0, 0, 0, 1, 1, 78, 1, 1, 79, 1, 1, 1, 79, 77, 87, 87, 72, 88, 88, 1, 1, 89, 88, 1, 90, 1, 1, 1, 88, 1, 91, 1, 1, 83, 1, 92, 1, 1, 1, 1, 1, 0, 1, 1, 1, 1, 1, 1, 1, 0, 85, 0, 93, 1, 1, 1, 0, 1, 1, 0, 85, 0, 94, 0, 1, 1, 75, 0, 95, 96, 97, 97, 98, 96, 1, 99, 100, 101, 1, 1, 102, 1, 0, 0, 103, 0, 1, 1, 1, 1, 1, 0, 1, 1, 49, 47, 48, 47, 54, 49, 48, 48, 0, 1, 1, 1, 1, 1, 104, 0, 1, 0, 0, 0, 0, 0, 1, 1, 105, 1, 92, 1, 1, 1, 1, 106, 1, 1, 1, 107, 108, 1, 109, 1, 0, 0, 1, 0, 0, 1, 0, 1, 110, 1, 1, 1, 1, 1, 0, 0, 0, 1, 1, 1, 111, 1, 93, 1, 1, 0, 1, 0, 0, 0, 0, 1, 0, 0, 1, 0, 0, 0, 0, 0, 0, 0, 0, 0, 0, 0, 1, 1, 1, 112, 1, 1, 1, 0, 1, 0, 0, 0, 0, 1, 95, 113, 95, 113, 95, 113, 113, 95, 113, 95, 113, 113, 113, 113, 94, 113, 113, 113, 94, 113, 96, 95, 113, 1, 114, 115, 115, 115, 100, 0, 1, 101, 102, 1, 103, 47, 0, 116, 0, 0, 0, 1, 117, 96, 1, 1, 1, 0, 1, 117, 1, 106, 107, 118, 1, 0, 1, 1, 119, 119, 120, 1, 1, 111, 1, 121, 1, 1, 1, 1, 1, 100, 1, 1, 0, 122, 0, 0, 1, 1, 1, 123, 1, 124, 112, 124, 125, 112, 124, 112, 124, 124, 124, 124, 126, 1, 115, 127, 0, 122, 1, 1, 1, 1, 1, 1, 1, 1, 1, 1, 1, 1, 1, 0, 0, 0, 0, 0, 0, 0, 1, 1, 1, 0, 0, 0, 0, 0, 0, 0, 0, 0, 0, 1, 1, 1, 128, 0, 0, 0, 0, 0, 0, 1, 129, 130, 1, 0, 1, 131, 0, 0, 1, 0, 0, 0, 1, 0, 0, 0, 0, 0, 132, 0, 0, 0, 0, 0, 0, 0, 0, 0, 0, 1, 0, 0, 0, 1, 1, 0, 1, 0, 1, 1, 0, 0, 1, 47, 53, 56, 51, 63, 1, 100, 1, 101, 64, 116, 133, 133, 133, 1, 1, 1, 134, 103, 135, 135, 1, 136, 137, 1, 138, 135, 135, 100, 138, 135, 135, 135, 135, 138, 100, 100, 1, 1, 1, 1]"
stage3_declaration_method_body,stage3_declaration_method_body,declaration_method_body_v1,xerces,1,65488944220cc3a503994d6f2289e0f7bdc06c619351a2e8243bca243538c8a3,65488944220cc3a503994d6f2289e0f7bdc06c619351a2e8243bca243538c8a3,36bdeca0e1ef32f36631c30ebbf86a1875621490e92f9b4a7fd0860755676236,d81607ad9e48ef274ecf65a4e3b1b1c7c22163c3b073831ffbb506bac7601bac,7e204d1865c1ddb228cc42f6f61519e280076590a92f0965e4f1fc765b77a4ab,7d5d45f6e7cc46cdb57c57688bc89b5e90e0ecea7390833a7acb2e8887d935a5,c1af2191baefddee68a7f41c97c29f7799df4bcf5372d9e9cf44a52a3b510286,seed1_solution006,0.15554277498202731533,0.51916359902426711947,4.7666347929186656529,0.58898141526345937358,0.15554277498202731533,-0.51916359902426711947,4.7666347929186656529,0.58898141526345937358,True,False,,,"[0, 1, 1, 1, 1, 2, 1, 3, 1, 2, 1, 0, 4, 1, 1, 1, 0, 0, 0, 0, 5, 1, 1, 6, 1, 7, 8, 0, 1, 1, 1, 2, 2, 0, 1, 9, 10, 1, 2, 1, 1, 1, 2, 2, 1, 2, 2, 1, 1, 11, 10, 1, 2, 1, 1, 1, 1, 1, 1, 1, 11, 12, 1, 1, 13, 1, 0, 0, 1, 1, 14, 15, 1, 1, 1, 1, 14, 15, 16, 17, 13, 18, 16, 17, 1, 19, 20, 20, 21, 22, 0, 0, 0, 0, 0, 0, 0, 0, 0, 0, 23, 0, 18, 0, 0, 0, 23, 19, 17, 24, 22, 5, 0, 23, 0, 1, 1, 1, 1, 25, 1, 1, 24, 1, 1, 1, 1, 1, 1, 1, 1, 0, 1, 1, 26, 1, 27, 28, 20, 29, 30, 29, 1, 1, 1, 30, 1, 0, 1, 1, 1, 1, 1, 1, 1, 31, 1, 26, 1, 0, 32, 1, 28, 1, 33, 1, 1, 1, 1, 0, 28, 1, 1, 34, 28, 35, 1, 1, 1, 1, 1, 29, 1, 36, 1, 1, 37, 1, 1, 30, 1, 34, 38, 1, 29, 26, 38, 34, 34, 25, 3, 3, 25, 1, 1, 0, 1, 39, 39, 40, 41, 41, 41, 32, 32, 39, 39, 32, 39, 0, 0, 5, 42, 3, 43, 37, 44, 0, 0, 1, 1, 45, 42, 41, 36, 42, 46, 47, 39, 48, 27, 42, 1, 48, 46, 1, 0, 0, 30, 49, 27, 44, 45, 42, 42, 38, 36, 50, 46, 5, 39, 51, 39, 1, 52, 53, 1, 54, 1, 1, 36, 49, 1, 1, 0, 1, 3, 36, 50, 0, 47, 0, 3, 0, 0, 0, 1, 0, 0, 1, 1, 55, 0, 1, 1, 1, 0, 1, 1, 1, 56, 1, 1, 1, 1, 57, 58, 59, 60, 61, 45, 1, 1, 1, 1, 60, 1, 62, 45, 57, 1, 1, 56, 1, 30, 1, 1, 63, 64, 1, 1, 45, 1, 1, 1, 65, 53, 1, 0, 1, 1, 0, 66, 1, 61, 1, 67, 1, 1, 62, 1, 0, 0, 68, 1, 0, 1, 1, 1, 1, 0, 1, 1, 0, 1, 1, 69, 1, 0, 1, 63, 1, 1, 0, 1, 1, 0, 1, 1, 70, 1, 1, 1, 1, 0, 0, 0, 1, 0, 1, 0, 0, 0, 0, 0, 1, 1, 71, 1, 1, 72, 1, 1, 1, 73, 74, 64, 75, 64, 76, 69, 1, 1, 21, 76, 1, 70, 1, 1, 1, 76, 1, 65, 1, 1, 77, 1, 78, 1, 1, 1, 1, 1, 0, 1, 1, 1, 1, 1, 1, 1, 5, 79, 0, 72, 1, 1, 1, 0, 1, 1, 0, 75, 0, 76, 0, 1, 1, 80, 5, 81, 77, 82, 83, 83, 82, 1, 78, 79, 84, 1, 1, 85, 1, 0, 0, 86, 0, 1, 1, 1, 1, 1, 0, 1, 1, 36, 3, 41, 3, 50, 27, 42, 42, 0, 1, 1, 1, 1, 1, 87, 0, 1, 0, 0, 0, 0, 5, 1, 1, 88, 1, 52, 1, 1, 1, 1, 60, 1, 1, 1, 89, 90, 1, 91, 1, 0, 0, 1, 0, 0, 1, 0, 1, 92, 1, 1, 1, 1, 1, 5, 0, 0, 1, 1, 1, 93, 1, 94, 1, 1, 0, 1, 0, 0, 0, 0, 1, 5, 0, 1, 0, 0, 0, 0, 0, 0, 0, 0, 0, 0, 5, 1, 1, 1, 68, 1, 1, 1, 0, 1, 0, 0, 0, 0, 1, 69, 95, 96, 96, 86, 86, 85, 97, 86, 86, 85, 95, 96, 96, 86, 86, 86, 86, 85, 69, 95, 96, 96, 1, 87, 87, 60, 87, 98, 0, 1, 99, 80, 1, 100, 36, 0, 101, 0, 0, 0, 1, 102, 103, 1, 1, 1, 0, 1, 102, 1, 104, 89, 91, 1, 0, 1, 1, 92, 105, 73, 1, 1, 106, 1, 107, 1, 1, 1, 1, 1, 98, 1, 1, 0, 99, 0, 0, 1, 1, 1, 96, 1, 89, 108, 109, 76, 108, 89, 108, 75, 108, 95, 95, 98, 1, 110, 99, 0, 111, 1, 1, 1, 1, 1, 1, 1, 1, 1, 1, 1, 1, 1, 0, 0, 0, 0, 0, 5, 0, 1, 1, 1, 5, 0, 0, 0, 5, 0, 0, 0, 0, 0, 1, 1, 1, 112, 0, 0, 0, 5, 0, 0, 1, 101, 73, 1, 0, 1, 31, 0, 0, 1, 0, 0, 0, 1, 0, 0, 0, 0, 0, 75, 15, 0, 0, 0, 0, 0, 0, 0, 0, 0, 1, 0, 0, 0, 1, 1, 0, 1, 0, 1, 1, 0, 0, 1, 36, 45, 51, 46, 46, 1, 98, 1, 99, 55, 107, 85, 85, 80, 1, 1, 1, 113, 104, 105, 98, 1, 114, 66, 1, 105, 54, 98, 98, 115, 115, 116, 105, 102, 115, 98, 102, 1, 1, 1, 1]"
stage3_declaration_method_body,stage3_declaration_method_body,declaration_method_body_v1,xerces,1,65488944220cc3a503994d6f2289e0f7bdc06c619351a2e8243bca243538c8a3,65488944220cc3a503994d6f2289e0f7bdc06c619351a2e8243bca243538c8a3,36bdeca0e1ef32f36631c30ebbf86a1875621490e92f9b4a7fd0860755676236,d81607ad9e48ef274ecf65a4e3b1b1c7c22163c3b073831ffbb506bac7601bac,7e204d1865c1ddb228cc42f6f61519e280076590a92f0965e4f1fc765b77a4ab,7d5d45f6e7cc46cdb57c57688bc89b5e90e0ecea7390833a7acb2e8887d935a5,c1af2191baefddee68a7f41c97c29f7799df4bcf5372d9e9cf44a52a3b510286,seed1_solution007,0.15853342918763480007,0.78670369591204269977,5.2117090893897364268,0.55515018904494817242,0.15853342918763480007,-0.78670369591204269977,5.2117090893897364268,0.55515018904494817242,True,False,,,"[0, 1, 1, 1, 1, 2, 1, 3, 1, 2, 1, 0, 4, 1, 1, 1, 0, 0, 0, 0, 5, 1, 1, 6, 1, 7, 8, 0, 1, 1, 1, 2, 2, 0, 1, 9, 10, 1, 2, 1, 1, 1, 2, 2, 1, 2, 2, 1, 1, 11, 12, 1, 2, 1, 1, 1, 1, 1, 1, 1, 13, 14, 1, 1, 15, 1, 0, 0, 1, 1, 16, 17, 1, 1, 1, 1, 18, 19, 20, 21, 22, 23, 24, 25, 1, 26, 27, 27, 1, 27, 0, 0, 0, 0, 0, 0, 0, 0, 0, 0, 28, 0, 29, 0, 0, 0, 30, 28, 28, 30, 31, 0, 0, 31, 0, 1, 1, 1, 1, 32, 1, 1, 32, 1, 1, 1, 1, 1, 1, 1, 1, 0, 1, 1, 33, 1, 33, 34, 35, 36, 36, 34, 1, 1, 1, 37, 1, 0, 1, 1, 1, 1, 1, 1, 1, 36, 1, 38, 1, 0, 39, 1, 40, 1, 39, 1, 1, 1, 1, 0, 40, 1, 1, 41, 40, 42, 1, 1, 1, 1, 1, 40, 1, 38, 1, 1, 41, 1, 1, 42, 1, 43, 44, 1, 43, 43, 42, 44, 44, 44, 43, 41, 44, 1, 1, 0, 1, 45, 46, 45, 46, 45, 46, 46, 43, 45, 45, 46, 46, 0, 0, 0, 44, 41, 47, 48, 49, 0, 0, 1, 1, 50, 44, 44, 44, 44, 48, 51, 52, 52, 53, 54, 1, 49, 47, 1, 0, 0, 55, 56, 51, 52, 54, 44, 44, 55, 57, 58, 56, 0, 53, 59, 53, 1, 60, 61, 1, 62, 1, 1, 63, 62, 1, 1, 0, 1, 53, 44, 53, 0, 64, 0, 65, 0, 0, 0, 1, 0, 0, 1, 1, 57, 0, 1, 1, 1, 0, 1, 1, 1, 61, 1, 1, 1, 1, 66, 67, 68, 64, 62, 65, 1, 1, 1, 1, 69, 1, 70, 71, 72, 1, 1, 73, 1, 74, 1, 1, 75, 68, 1, 1, 76, 1, 1, 1, 77, 78, 1, 0, 1, 1, 0, 63, 1, 69, 1, 70, 1, 1, 79, 1, 0, 0, 80, 1, 0, 1, 1, 53, 1, 0, 1, 1, 0, 1, 1, 73, 1, 0, 1, 81, 1, 1, 0, 1, 1, 0, 1, 1, 82, 1, 1, 1, 1, 0, 0, 0, 1, 0, 1, 0, 0, 0, 0, 0, 1, 1, 83, 1, 1, 76, 1, 1, 1, 76, 65, 84, 84, 85, 78, 84, 1, 1, 69, 78, 1, 86, 1, 1, 1, 84, 1, 87, 1, 1, 88, 1, 80, 1, 1, 1, 1, 1, 0, 1, 1, 1, 1, 1, 1, 1, 0, 89, 0, 90, 1, 1, 1, 0, 1, 1, 0, 91, 0, 92, 0, 1, 1, 93, 0, 94, 95, 95, 84, 96, 95, 1, 83, 97, 85, 1, 1, 86, 1, 0, 0, 98, 0, 1, 1, 1, 1, 1, 0, 1, 1, 45, 53, 53, 44, 45, 44, 44, 44, 0, 1, 1, 1, 1, 1, 99, 0, 1, 0, 0, 0, 0, 33, 1, 1, 100, 1, 101, 1, 1, 1, 1, 102, 1, 1, 1, 103, 104, 1, 90, 1, 0, 0, 1, 0, 0, 1, 0, 1, 105, 1, 1, 1, 1, 1, 0, 0, 0, 1, 1, 1, 92, 1, 106, 1, 1, 0, 1, 0, 0, 0, 0, 1, 0, 0, 1, 0, 0, 0, 0, 0, 0, 0, 0, 0, 0, 0, 1, 1, 1, 107, 1, 1, 1, 0, 1, 0, 0, 0, 0, 1, 95, 108, 95, 108, 108, 95, 108, 108, 95, 108, 75, 96, 108, 108, 75, 108, 108, 108, 3, 108, 108, 108, 109, 1, 110, 110, 110, 110, 111, 0, 1, 112, 113, 1, 114, 53, 0, 98, 0, 0, 0, 1, 99, 101, 1, 1, 1, 0, 1, 115, 1, 116, 117, 103, 1, 0, 1, 1, 104, 104, 118, 1, 1, 105, 1, 119, 1, 1, 1, 1, 1, 110, 1, 1, 0, 112, 0, 0, 1, 1, 1, 120, 1, 121, 94, 121, 107, 107, 121, 121, 121, 121, 121, 107, 122, 1, 123, 91, 0, 97, 1, 1, 1, 1, 1, 1, 1, 1, 1, 1, 1, 7, 1, 0, 0, 0, 0, 0, 0, 0, 1, 1, 1, 0, 0, 0, 0, 0, 0, 0, 0, 0, 0, 1, 1, 1, 124, 0, 0, 0, 0, 0, 0, 1, 125, 110, 1, 0, 1, 112, 0, 0, 1, 0, 0, 0, 1, 0, 0, 0, 0, 0, 99, 0, 0, 0, 0, 0, 0, 0, 0, 0, 0, 1, 0, 0, 0, 1, 1, 0, 1, 0, 1, 1, 0, 0, 1, 44, 51, 52, 52, 56, 1, 126, 1, 127, 128, 86, 98, 129, 130, 1, 1, 1, 131, 132, 126, 111, 1, 133, 116, 1, 102, 126, 111, 126, 102, 126, 111, 126, 134, 126, 126, 134, 1, 1, 1, 1]"
stage3_declaration_method_body,stage3_declaration_method_body,declaration_method_body_v1,xerces,1,65488944220cc3a503994d6f2289e0f7bdc06c619351a2e8243bca243538c8a3,65488944220cc3a503994d6f2289e0f7bdc06c619351a2e8243bca243538c8a3,36bdeca0e1ef32f36631c30ebbf86a1875621490e92f9b4a7fd0860755676236,d81607ad9e48ef274ecf65a4e3b1b1c7c22163c3b073831ffbb506bac7601bac,7e204d1865c1ddb228cc42f6f61519e280076590a92f0965e4f1fc765b77a4ab,7d5d45f6e7cc46cdb57c57688bc89b5e90e0ecea7390833a7acb2e8887d935a5,c1af2191baefddee68a7f41c97c29f7799df4bcf5372d9e9cf44a52a3b510286,seed1_solution008,0.15962616822429906427,0.20574252196925296721,5.1476409210687092965,0.5636984263153268504,0.15962616822429906427,-0.20574252196925296721,5.1476409210687092965,0.5636984263153268504,True,False,,,"[0, 1, 1, 1, 1, 2, 1, 3, 1, 2, 1, 0, 4, 1, 1, 1, 0, 0, 0, 0, 5, 1, 1, 6, 1, 7, 8, 0, 1, 1, 1, 2, 2, 0, 1, 9, 10, 1, 2, 1, 1, 1, 2, 2, 1, 2, 2, 1, 1, 11, 10, 1, 2, 1, 1, 1, 1, 1, 1, 1, 11, 12, 1, 1, 13, 1, 0, 0, 1, 1, 14, 15, 1, 1, 1, 1, 16, 17, 18, 19, 16, 20, 21, 22, 1, 23, 24, 16, 1, 24, 0, 0, 0, 0, 5, 0, 0, 0, 0, 0, 25, 0, 26, 0, 0, 0, 25, 25, 25, 27, 28, 5, 0, 25, 0, 1, 1, 1, 1, 29, 1, 1, 24, 1, 1, 1, 1, 1, 1, 1, 1, 0, 1, 1, 26, 1, 26, 30, 31, 32, 32, 32, 1, 1, 1, 33, 1, 0, 1, 1, 1, 1, 1, 1, 1, 34, 1, 35, 1, 0, 36, 1, 37, 1, 30, 1, 1, 1, 1, 0, 37, 1, 1, 28, 23, 38, 1, 1, 1, 1, 1, 31, 1, 37, 1, 1, 39, 1, 1, 40, 1, 41, 41, 1, 31, 34, 33, 33, 33, 41, 42, 41, 42, 1, 1, 0, 1, 31, 43, 36, 44, 44, 44, 44, 44, 28, 44, 44, 44, 0, 0, 0, 32, 37, 45, 25, 46, 0, 0, 1, 1, 47, 48, 49, 48, 48, 50, 30, 39, 51, 48, 41, 1, 52, 34, 1, 0, 0, 40, 53, 50, 38, 54, 48, 48, 55, 55, 45, 56, 0, 49, 36, 48, 1, 57, 58, 1, 30, 1, 1, 59, 50, 1, 1, 0, 1, 48, 48, 48, 0, 60, 0, 61, 0, 0, 0, 1, 0, 0, 1, 1, 38, 0, 1, 1, 1, 0, 1, 1, 1, 62, 1, 1, 1, 1, 63, 64, 65, 66, 67, 52, 1, 1, 1, 1, 68, 1, 69, 70, 71, 1, 1, 55, 1, 46, 1, 1, 72, 50, 1, 1, 73, 1, 1, 1, 74, 75, 1, 0, 1, 1, 0, 47, 1, 76, 1, 54, 1, 1, 57, 1, 0, 0, 77, 1, 0, 1, 1, 67, 1, 0, 1, 1, 0, 1, 1, 78, 1, 0, 1, 79, 1, 1, 0, 1, 1, 0, 1, 1, 60, 1, 1, 1, 1, 0, 0, 0, 1, 0, 1, 0, 0, 0, 0, 0, 1, 1, 61, 1, 1, 73, 1, 1, 1, 73, 54, 80, 80, 62, 80, 63, 1, 1, 81, 80, 1, 82, 1, 1, 1, 80, 1, 83, 1, 1, 56, 1, 84, 1, 1, 1, 1, 1, 0, 1, 1, 1, 1, 1, 1, 1, 0, 85, 0, 68, 1, 1, 1, 0, 1, 1, 0, 69, 0, 86, 0, 1, 1, 58, 5, 87, 88, 89, 88, 88, 89, 1, 61, 72, 62, 1, 1, 90, 1, 0, 0, 64, 0, 1, 1, 1, 1, 1, 0, 1, 1, 48, 48, 49, 48, 36, 35, 48, 48, 0, 1, 1, 1, 1, 1, 91, 0, 1, 0, 0, 0, 0, 0, 1, 1, 92, 1, 93, 1, 1, 1, 1, 94, 1, 1, 1, 95, 74, 1, 96, 1, 0, 0, 1, 0, 0, 1, 0, 1, 75, 1, 1, 1, 1, 1, 5, 0, 0, 1, 1, 1, 97, 1, 58, 1, 1, 0, 1, 0, 0, 0, 0, 1, 0, 0, 1, 0, 0, 0, 0, 0, 0, 0, 0, 0, 0, 0, 1, 1, 1, 98, 1, 1, 1, 0, 1, 0, 0, 0, 0, 1, 99, 100, 89, 99, 99, 89, 99, 101, 99, 99, 102, 77, 103, 99, 102, 99, 100, 78, 3, 100, 100, 100, 99, 1, 79, 104, 79, 105, 105, 0, 1, 62, 106, 1, 107, 48, 0, 108, 0, 0, 0, 1, 109, 110, 1, 1, 1, 0, 1, 72, 1, 57, 80, 108, 1, 0, 1, 1, 73, 74, 111, 1, 1, 75, 1, 81, 1, 1, 1, 1, 1, 104, 1, 1, 0, 112, 0, 0, 1, 1, 1, 113, 1, 114, 114, 101, 114, 85, 114, 62, 115, 114, 114, 114, 116, 1, 117, 118, 0, 74, 1, 1, 1, 1, 1, 1, 1, 1, 1, 1, 1, 1, 1, 0, 0, 0, 0, 0, 0, 0, 1, 1, 1, 5, 0, 0, 0, 0, 0, 0, 0, 0, 0, 1, 1, 1, 119, 0, 0, 0, 0, 5, 0, 1, 120, 46, 1, 0, 1, 121, 0, 0, 1, 0, 0, 0, 1, 0, 0, 0, 0, 0, 91, 0, 0, 0, 0, 0, 0, 0, 0, 0, 0, 1, 0, 0, 0, 1, 1, 0, 1, 0, 1, 1, 0, 0, 1, 48, 50, 51, 51, 56, 1, 89, 1, 122, 86, 123, 91, 123, 123, 1, 1, 1, 124, 125, 126, 127, 1, 128, 129, 1, 127, 127, 127, 127, 89, 127, 130, 131, 132, 127, 127, 132, 1, 1, 1, 1]"
stage3_declaration_method_body,stage3_declaration_method_body,declaration_method_body_v1,xerces,1,65488944220cc3a503994d6f2289e0f7bdc06c619351a2e8243bca243538c8a3,65488944220cc3a503994d6f2289e0f7bdc06c619351a2e8243bca243538c8a3,36bdeca0e1ef32f36631c30ebbf86a1875621490e92f9b4a7fd0860755676236,d81607ad9e48ef274ecf65a4e3b1b1c7c22163c3b073831ffbb506bac7601bac,7e204d1865c1ddb228cc42f6f61519e280076590a92f0965e4f1fc765b77a4ab,7d5d45f6e7cc46cdb57c57688bc89b5e90e0ecea7390833a7acb2e8887d935a5,c1af2191baefddee68a7f41c97c29f7799df4bcf5372d9e9cf44a52a3b510286,seed1_solution009,0.1600575125808770538,0.19236412633247568227,5.0204773585681676806,0.57730959223923372647,0.1600575125808770538,-0.19236412633247568227,5.0204773585681676806,0.57730959223923372647,True,False,,,"[0, 1, 1, 1, 1, 2, 1, 3, 1, 2, 1, 0, 4, 1, 1, 1, 0, 0, 0, 0, 5, 1, 1, 6, 1, 7, 8, 0, 1, 1, 1, 2, 2, 0, 1, 9, 10, 1, 2, 1, 1, 1, 2, 2, 1, 2, 2, 1, 1, 11, 12, 1, 2, 1, 1, 1, 1, 1, 1, 1, 13, 14, 1, 1, 15, 1, 0, 0, 1, 1, 12, 16, 1, 1, 1, 1, 11, 17, 18, 19, 20, 21, 22, 19, 1, 20, 23, 23, 1, 23, 0, 0, 0, 0, 0, 0, 0, 0, 0, 0, 24, 0, 17, 0, 0, 0, 25, 26, 19, 25, 27, 0, 0, 28, 5, 1, 1, 1, 1, 20, 1, 1, 29, 1, 1, 1, 1, 1, 1, 1, 1, 0, 1, 1, 30, 1, 31, 27, 32, 33, 26, 23, 1, 1, 1, 34, 1, 0, 1, 1, 1, 1, 1, 1, 1, 20, 1, 35, 1, 5, 27, 1, 27, 1, 36, 1, 1, 1, 1, 0, 32, 1, 1, 37, 38, 39, 1, 1, 1, 1, 1, 38, 1, 30, 1, 1, 33, 1, 1, 40, 1, 41, 30, 1, 42, 42, 42, 42, 42, 20, 42, 28, 42, 1, 1, 0, 1, 43, 43, 43, 32, 32, 35, 35, 38, 43, 44, 35, 38, 0, 0, 0, 45, 45, 41, 46, 36, 5, 0, 1, 1, 37, 37, 45, 37, 39, 47, 48, 49, 21, 40, 50, 1, 49, 49, 1, 0, 0, 51, 32, 30, 52, 42, 43, 43, 45, 43, 53, 46, 5, 45, 54, 44, 1, 55, 35, 1, 56, 1, 1, 57, 56, 1, 1, 0, 1, 40, 37, 40, 0, 44, 0, 49, 0, 0, 0, 1, 0, 0, 1, 1, 58, 0, 1, 1, 1, 0, 1, 1, 1, 50, 1, 1, 1, 1, 59, 42, 60, 61, 62, 63, 1, 1, 1, 1, 46, 1, 52, 49, 64, 1, 1, 65, 1, 66, 1, 1, 53, 67, 1, 1, 68, 1, 1, 1, 50, 57, 1, 0, 1, 1, 0, 69, 1, 45, 1, 70, 1, 1, 71, 1, 0, 0, 72, 1, 5, 1, 1, 1, 1, 0, 1, 1, 0, 1, 1, 56, 1, 0, 1, 73, 1, 1, 0, 1, 1, 0, 1, 1, 74, 1, 1, 1, 1, 0, 0, 5, 1, 0, 1, 0, 0, 0, 0, 0, 1, 1, 75, 1, 1, 76, 1, 1, 1, 76, 77, 58, 58, 78, 58, 78, 1, 1, 79, 61, 1, 80, 1, 1, 1, 81, 1, 62, 1, 1, 82, 1, 54, 1, 1, 1, 1, 1, 0, 1, 1, 1, 1, 1, 1, 1, 0, 63, 0, 83, 1, 1, 1, 0, 1, 1, 5, 84, 0, 85, 0, 1, 1, 86, 0, 87, 65, 88, 64, 66, 88, 1, 89, 90, 91, 1, 1, 92, 1, 0, 0, 93, 0, 1, 1, 1, 1, 1, 0, 1, 1, 44, 40, 45, 37, 45, 45, 43, 37, 5, 1, 1, 1, 1, 1, 94, 0, 1, 0, 0, 0, 0, 95, 1, 1, 58, 1, 96, 1, 1, 1, 1, 97, 1, 1, 1, 98, 99, 1, 100, 1, 0, 0, 1, 0, 0, 1, 0, 1, 101, 1, 1, 1, 1, 1, 0, 0, 0, 1, 1, 1, 102, 1, 103, 1, 1, 0, 1, 0, 0, 0, 0, 1, 0, 0, 1, 0, 0, 0, 0, 0, 0, 0, 0, 0, 0, 0, 1, 1, 1, 104, 1, 1, 1, 0, 1, 73, 0, 0, 0, 1, 96, 105, 105, 70, 70, 105, 70, 105, 65, 71, 105, 105, 105, 63, 105, 51, 105, 105, 105, 105, 105, 105, 55, 1, 106, 107, 106, 106, 106, 0, 1, 108, 75, 1, 87, 65, 0, 109, 0, 0, 0, 1, 67, 77, 1, 1, 1, 0, 1, 110, 1, 111, 112, 113, 1, 0, 1, 1, 114, 114, 55, 1, 1, 115, 1, 116, 1, 1, 1, 1, 1, 107, 1, 1, 0, 80, 0, 0, 1, 1, 1, 117, 1, 82, 68, 118, 119, 118, 82, 118, 118, 82, 68, 71, 69, 1, 63, 74, 0, 120, 1, 1, 1, 1, 1, 1, 1, 1, 1, 1, 1, 1, 1, 0, 0, 0, 0, 0, 0, 0, 1, 1, 1, 0, 0, 0, 0, 0, 0, 5, 0, 0, 0, 1, 1, 1, 83, 0, 0, 0, 0, 0, 0, 1, 121, 121, 1, 0, 1, 80, 0, 0, 1, 0, 0, 0, 1, 0, 0, 0, 0, 0, 122, 0, 0, 5, 0, 0, 0, 0, 0, 0, 0, 1, 0, 0, 0, 1, 1, 0, 1, 0, 1, 1, 0, 0, 1, 43, 49, 59, 59, 46, 1, 123, 1, 87, 124, 86, 109, 125, 126, 1, 1, 1, 88, 48, 123, 65, 1, 87, 55, 1, 68, 45, 77, 79, 123, 89, 123, 123, 123, 77, 127, 123, 1, 1, 1, 1]"
stage3_declaration_method_body,stage3_declaration_method_body,declaration_method_body_v1,xerces,1,65488944220cc3a503994d6f2289e0f7bdc06c619351a2e8243bca243538c8a3,65488944220cc3a503994d6f2289e0f7bdc06c619351a2e8243bca243538c8a3,36bdeca0e1ef32f36631c30ebbf86a1875621490e92f9b4a7fd0860755676236,d81607ad9e48ef274ecf65a4e3b1b1c7c22163c3b073831ffbb506bac7601bac,7e204d1865c1ddb228cc42f6f61519e280076590a92f0965e4f1fc765b77a4ab,7d5d45f6e7cc46cdb57c57688bc89b5e90e0ecea7390833a7acb2e8887d935a5,c1af2191baefddee68a7f41c97c29f7799df4bcf5372d9e9cf44a52a3b510286,seed1_solution010,0.16186915887850467088,0.24735146416611689113,4.5096682114816291076,0.63529539178205962635,0.16186915887850467088,-0.24735146416611689113,4.5096682114816291076,0.63529539178205962635,True,False,,,"[0, 1, 1, 1, 1, 2, 1, 3, 1, 2, 1, 0, 4, 1, 1, 1, 0, 0, 0, 5, 5, 1, 1, 6, 1, 7, 8, 0, 1, 1, 1, 2, 2, 0, 1, 9, 10, 1, 2, 1, 1, 1, 2, 2, 1, 2, 2, 1, 1, 11, 10, 1, 2, 1, 1, 1, 1, 1, 1, 1, 11, 12, 1, 1, 12, 1, 13, 0, 1, 1, 14, 12, 1, 1, 1, 1, 14, 14, 15, 16, 13, 17, 15, 18, 1, 19, 20, 21, 1, 14, 0, 5, 0, 0, 4, 0, 0, 5, 4, 0, 20, 4, 21, 0, 5, 0, 14, 22, 22, 23, 24, 5, 0, 25, 5, 1, 1, 1, 1, 24, 1, 1, 26, 1, 1, 1, 1, 1, 1, 1, 1, 0, 1, 1, 25, 1, 27, 23, 28, 19, 24, 29, 30, 1, 1, 26, 1, 0, 1, 1, 1, 1, 1, 1, 1, 28, 1, 29, 1, 0, 31, 1, 19, 1, 32, 1, 1, 1, 1, 0, 28, 1, 1, 33, 19, 34, 1, 1, 1, 1, 1, 35, 1, 31, 1, 1, 27, 1, 1, 36, 1, 25, 32, 1, 33, 37, 32, 37, 38, 26, 39, 37, 37, 1, 1, 0, 1, 40, 36, 40, 36, 40, 41, 27, 42, 37, 40, 42, 42, 0, 0, 5, 43, 43, 39, 44, 32, 0, 0, 1, 1, 38, 43, 34, 39, 43, 45, 45, 46, 41, 43, 47, 1, 44, 36, 1, 4, 0, 48, 47, 35, 49, 45, 42, 32, 32, 45, 50, 50, 5, 32, 46, 44, 1, 51, 47, 1, 50, 1, 1, 49, 52, 1, 1, 0, 1, 43, 39, 53, 0, 54, 0, 55, 5, 0, 5, 1, 0, 4, 1, 1, 56, 0, 1, 1, 1, 0, 1, 1, 1, 57, 1, 1, 1, 1, 58, 59, 60, 61, 46, 40, 1, 1, 1, 1, 62, 1, 53, 54, 51, 1, 1, 63, 1, 48, 1, 1, 56, 57, 1, 1, 51, 1, 1, 1, 64, 65, 1, 5, 1, 1, 0, 63, 1, 55, 1, 62, 1, 1, 66, 1, 0, 4, 67, 1, 0, 1, 1, 1, 1, 4, 1, 1, 0, 1, 1, 67, 1, 6, 1, 68, 1, 1, 0, 1, 1, 5, 1, 1, 57, 1, 1, 1, 1, 0, 0, 5, 1, 0, 1, 0, 0, 0, 6, 0, 1, 1, 51, 1, 1, 54, 1, 1, 1, 56, 54, 67, 59, 61, 69, 70, 1, 1, 62, 54, 1, 30, 1, 1, 1, 69, 1, 71, 1, 1, 72, 1, 73, 1, 1, 1, 1, 1, 0, 1, 1, 1, 1, 1, 1, 1, 0, 74, 0, 75, 1, 1, 1, 5, 1, 1, 0, 76, 0, 52, 0, 1, 1, 77, 0, 78, 64, 79, 80, 57, 81, 1, 82, 30, 83, 1, 1, 84, 1, 0, 0, 85, 0, 1, 1, 1, 1, 1, 0, 1, 1, 43, 29, 86, 37, 62, 38, 43, 43, 0, 1, 1, 1, 1, 1, 71, 0, 1, 0, 0, 0, 0, 0, 1, 1, 72, 1, 87, 1, 1, 1, 1, 72, 1, 1, 1, 88, 89, 1, 52, 1, 0, 0, 1, 0, 0, 1, 4, 1, 54, 1, 1, 1, 1, 1, 75, 5, 0, 1, 1, 1, 65, 1, 90, 1, 1, 0, 1, 0, 0, 0, 6, 1, 0, 0, 1, 4, 0, 0, 5, 0, 5, 4, 0, 0, 0, 0, 1, 1, 1, 91, 1, 1, 1, 0, 1, 0, 4, 4, 0, 1, 92, 92, 93, 94, 69, 77, 95, 93, 94, 81, 94, 96, 94, 92, 92, 90, 92, 92, 59, 60, 83, 61, 92, 1, 84, 66, 84, 66, 97, 0, 1, 96, 59, 1, 56, 34, 0, 98, 0, 0, 0, 1, 72, 86, 1, 1, 1, 0, 1, 99, 1, 54, 96, 86, 1, 0, 1, 1, 78, 70, 96, 1, 1, 79, 1, 100, 1, 1, 1, 1, 1, 83, 1, 1, 0, 96, 4, 0, 1, 1, 1, 101, 1, 64, 102, 100, 102, 103, 89, 102, 85, 102, 70, 104, 84, 1, 90, 96, 0, 105, 1, 1, 1, 1, 1, 1, 1, 1, 1, 1, 1, 1, 1, 0, 99, 0, 0, 0, 4, 0, 1, 1, 1, 5, 0, 0, 5, 5, 5, 0, 0, 0, 0, 1, 1, 1, 94, 0, 5, 0, 5, 5, 6, 1, 86, 106, 1, 0, 1, 107, 5, 0, 1, 0, 0, 0, 1, 0, 0, 0, 0, 0, 108, 0, 0, 0, 0, 0, 0, 0, 0, 0, 0, 1, 0, 0, 0, 1, 1, 6, 1, 0, 1, 1, 0, 0, 1, 39, 42, 36, 36, 55, 1, 109, 1, 68, 89, 86, 69, 110, 110, 1, 1, 1, 111, 73, 70, 70, 1, 70, 97, 1, 75, 109, 100, 94, 112, 109, 109, 109, 59, 109, 109, 90, 1, 1, 1, 1]"
stage3_declaration_method_body,stage3_declaration_method_body,declaration_method_body_v1,xerces,1,65488944220cc3a503994d6f2289e0f7bdc06c619351a2e8243bca243538c8a3,65488944220cc3a503994d6f2289e0f7bdc06c619351a2e8243bca243538c8a3,36bdeca0e1ef32f36631c30ebbf86a1875621490e92f9b4a7fd0860755676236,d81607ad9e48ef274ecf65a4e3b1b1c7c22163c3b073831ffbb506bac7601bac,7e204d1865c1ddb228cc42f6f61519e280076590a92f0965e4f1fc765b77a4ab,7d5d45f6e7cc46cdb57c57688bc89b5e90e0ecea7390833a7acb2e8887d935a5,c1af2191baefddee68a7f41c97c29f7799df4bcf5372d9e9cf44a52a3b510286,seed1_solution011,0.16388209920920202012,0.07460435470440401895,4.7091290087557435839,0.59367716963766081761,0.16388209920920202012,-0.07460435470440401895,4.7091290087557435839,0.59367716963766081761,True,False,,,"[0, 1, 1, 1, 1, 2, 1, 3, 1, 2, 1, 0, 4, 1, 1, 1, 0, 0, 0, 0, 5, 1, 1, 6, 1, 7, 8, 0, 1, 1, 1, 2, 2, 0, 1, 9, 10, 1, 2, 1, 1, 1, 2, 2, 1, 2, 2, 1, 1, 11, 10, 1, 2, 1, 1, 1, 1, 1, 1, 1, 12, 13, 1, 1, 14, 1, 0, 0, 1, 1, 15, 14, 1, 1, 1, 1, 15, 14, 16, 17, 18, 19, 20, 21, 1, 18, 18, 18, 1, 20, 0, 0, 0, 0, 0, 0, 0, 0, 0, 0, 22, 0, 21, 0, 0, 0, 23, 24, 17, 25, 26, 0, 0, 22, 5, 1, 1, 1, 1, 18, 1, 1, 27, 1, 1, 1, 1, 1, 1, 1, 1, 0, 1, 1, 24, 1, 28, 29, 30, 27, 31, 22, 1, 1, 1, 32, 1, 0, 1, 1, 1, 1, 1, 1, 1, 18, 1, 33, 1, 5, 30, 1, 26, 1, 34, 1, 1, 1, 1, 0, 29, 1, 1, 32, 29, 35, 1, 1, 1, 1, 1, 36, 1, 37, 1, 1, 38, 1, 1, 39, 1, 32, 31, 1, 40, 24, 36, 40, 32, 18, 40, 29, 40, 1, 1, 0, 1, 35, 35, 41, 30, 42, 42, 33, 36, 35, 43, 33, 36, 0, 0, 5, 40, 44, 42, 45, 37, 0, 0, 1, 1, 38, 40, 44, 38, 35, 46, 47, 48, 47, 26, 40, 1, 47, 48, 1, 0, 0, 49, 48, 31, 43, 44, 41, 40, 36, 37, 50, 45, 5, 44, 51, 35, 1, 52, 53, 1, 54, 1, 1, 55, 54, 1, 1, 0, 1, 3, 37, 50, 0, 43, 0, 3, 0, 0, 0, 1, 0, 0, 1, 1, 56, 0, 1, 1, 1, 0, 1, 1, 1, 50, 1, 1, 1, 1, 55, 56, 57, 57, 58, 44, 1, 1, 1, 1, 45, 1, 59, 48, 60, 1, 1, 61, 1, 31, 1, 1, 62, 60, 1, 1, 44, 1, 1, 1, 61, 55, 1, 0, 1, 1, 0, 63, 1, 44, 1, 64, 1, 1, 65, 1, 0, 0, 66, 1, 0, 1, 1, 1, 1, 0, 1, 1, 0, 1, 1, 54, 1, 0, 1, 62, 1, 1, 0, 1, 1, 0, 1, 1, 64, 1, 1, 1, 1, 0, 0, 5, 1, 0, 1, 0, 0, 0, 0, 0, 1, 1, 67, 1, 1, 68, 1, 1, 1, 69, 70, 56, 56, 60, 56, 71, 1, 1, 72, 68, 1, 64, 1, 1, 1, 68, 1, 61, 1, 1, 73, 1, 74, 1, 1, 1, 1, 1, 0, 1, 1, 1, 1, 1, 1, 1, 5, 62, 0, 75, 1, 1, 1, 0, 1, 1, 5, 67, 0, 68, 0, 1, 1, 76, 5, 77, 73, 78, 79, 63, 78, 1, 74, 80, 81, 1, 1, 82, 1, 0, 0, 83, 0, 1, 1, 1, 1, 1, 0, 1, 1, 37, 3, 42, 3, 50, 26, 41, 38, 5, 1, 1, 1, 1, 1, 77, 0, 1, 0, 0, 0, 0, 5, 1, 1, 84, 1, 85, 1, 1, 1, 1, 86, 1, 1, 1, 87, 80, 1, 88, 1, 0, 0, 1, 0, 0, 1, 0, 1, 89, 1, 1, 1, 1, 1, 5, 0, 0, 1, 1, 1, 90, 1, 91, 1, 1, 0, 1, 0, 0, 0, 0, 1, 5, 0, 1, 0, 0, 0, 0, 0, 0, 0, 0, 0, 0, 0, 1, 1, 1, 92, 1, 1, 1, 0, 1, 0, 0, 0, 0, 1, 71, 93, 94, 64, 83, 83, 64, 94, 61, 83, 94, 93, 94, 85, 94, 83, 94, 83, 82, 94, 93, 85, 85, 1, 95, 77, 57, 77, 96, 0, 1, 97, 67, 1, 88, 61, 0, 98, 0, 0, 0, 1, 90, 91, 1, 1, 1, 0, 1, 90, 1, 92, 99, 100, 1, 0, 1, 1, 89, 94, 69, 1, 1, 95, 1, 101, 1, 1, 1, 1, 1, 102, 1, 1, 0, 76, 0, 0, 1, 1, 1, 103, 1, 78, 66, 104, 68, 104, 78, 97, 67, 97, 66, 93, 71, 1, 62, 70, 0, 105, 1, 1, 1, 1, 1, 1, 1, 1, 1, 1, 1, 1, 1, 0, 0, 0, 0, 0, 0, 0, 1, 1, 1, 0, 0, 0, 0, 0, 0, 5, 0, 0, 0, 1, 1, 1, 99, 0, 0, 0, 5, 0, 0, 1, 106, 69, 1, 0, 1, 76, 0, 0, 1, 0, 0, 0, 1, 0, 0, 0, 0, 0, 107, 0, 0, 5, 0, 0, 0, 0, 0, 0, 0, 1, 0, 0, 0, 1, 1, 0, 1, 0, 1, 1, 0, 0, 1, 41, 48, 49, 45, 45, 1, 96, 1, 108, 52, 83, 109, 82, 76, 1, 1, 1, 84, 47, 110, 61, 1, 111, 63, 1, 94, 44, 73, 112, 110, 113, 101, 94, 110, 73, 96, 90, 1, 1, 1, 1]"
stage3_declaration_method_body,stage3_declaration_method_body,declaration_method_body_v1,xerces,1,65488944220cc3a503994d6f2289e0f7bdc06c619351a2e8243bca243538c8a3,65488944220cc3a503994d6f2289e0f7bdc06c619351a2e8243bca243538c8a3,36bdeca0e1ef32f36631c30ebbf86a1875621490e92f9b4a7fd0860755676236,d81607ad9e48ef274ecf65a4e3b1b1c7c22163c3b073831ffbb506bac7601bac,7e204d1865c1ddb228cc42f6f61519e280076590a92f0965e4f1fc765b77a4ab,7d5d45f6e7cc46cdb57c57688bc89b5e90e0ecea7390833a7acb2e8887d935a5,c1af2191baefddee68a7f41c97c29f7799df4bcf5372d9e9cf44a52a3b510286,seed1_solution012,0.16471603163191947394,0.084244929275927721291,4.7430903542626836611,0.59923704828292123636,0.16471603163191947394,-0.084244929275927721291,4.7430903542626836611,0.59923704828292123636,True,False,,,"[0, 1, 1, 1, 1, 2, 1, 3, 1, 2, 1, 0, 4, 1, 1, 1, 0, 0, 0, 0, 5, 1, 1, 6, 1, 7, 8, 0, 1, 1, 1, 2, 2, 0, 1, 9, 10, 1, 2, 1, 1, 1, 2, 2, 1, 2, 2, 1, 1, 11, 10, 1, 2, 1, 1, 1, 1, 1, 1, 1, 11, 12, 1, 1, 13, 1, 0, 0, 1, 1, 12, 14, 1, 1, 1, 1, 11, 15, 16, 17, 18, 19, 20, 21, 1, 22, 23, 18, 1, 23, 0, 0, 0, 0, 5, 0, 0, 0, 0, 0, 24, 0, 19, 0, 0, 0, 25, 26, 21, 25, 27, 5, 0, 28, 5, 1, 1, 1, 1, 22, 1, 1, 23, 1, 1, 1, 1, 1, 1, 1, 1, 0, 1, 1, 29, 1, 29, 30, 31, 32, 26, 27, 1, 1, 1, 33, 1, 0, 1, 1, 1, 1, 1, 1, 1, 22, 1, 34, 1, 5, 30, 1, 30, 1, 35, 1, 1, 1, 1, 0, 36, 1, 1, 27, 26, 37, 1, 1, 1, 1, 1, 31, 1, 34, 1, 1, 32, 1, 1, 38, 1, 39, 34, 1, 31, 39, 33, 33, 33, 22, 22, 31, 22, 1, 1, 0, 1, 31, 40, 41, 36, 36, 40, 40, 42, 27, 41, 40, 42, 0, 0, 0, 37, 42, 39, 28, 43, 5, 0, 1, 1, 44, 44, 36, 44, 37, 45, 35, 46, 23, 47, 48, 1, 43, 39, 1, 0, 0, 38, 36, 34, 45, 48, 49, 49, 50, 49, 51, 52, 5, 36, 41, 41, 1, 53, 40, 1, 35, 1, 1, 54, 55, 1, 1, 0, 1, 47, 44, 47, 0, 41, 0, 56, 0, 0, 0, 1, 0, 0, 1, 1, 45, 0, 1, 1, 1, 0, 1, 1, 1, 57, 1, 1, 1, 1, 46, 48, 58, 59, 47, 43, 1, 1, 1, 1, 52, 1, 60, 56, 51, 1, 1, 61, 1, 53, 1, 1, 62, 55, 1, 1, 63, 1, 1, 1, 57, 54, 1, 0, 1, 1, 0, 54, 1, 50, 1, 60, 1, 1, 64, 1, 0, 0, 65, 1, 5, 1, 1, 47, 1, 0, 1, 1, 0, 1, 1, 66, 1, 0, 1, 67, 1, 1, 0, 1, 1, 0, 1, 1, 68, 1, 1, 1, 1, 0, 0, 5, 1, 0, 1, 0, 0, 0, 0, 0, 1, 1, 69, 1, 1, 63, 1, 1, 1, 63, 60, 70, 70, 71, 70, 72, 1, 1, 73, 59, 1, 74, 1, 1, 1, 75, 1, 76, 1, 1, 62, 1, 63, 1, 1, 1, 1, 1, 0, 1, 1, 1, 1, 1, 1, 1, 0, 77, 0, 78, 1, 1, 1, 0, 1, 1, 5, 79, 0, 80, 0, 1, 1, 65, 5, 81, 82, 82, 51, 83, 82, 1, 69, 84, 71, 1, 1, 61, 1, 0, 0, 73, 0, 1, 1, 1, 1, 1, 0, 1, 1, 41, 47, 36, 44, 41, 34, 49, 44, 5, 1, 1, 1, 1, 1, 85, 0, 1, 0, 0, 0, 0, 29, 1, 1, 70, 1, 72, 1, 1, 1, 1, 86, 1, 1, 1, 57, 87, 1, 78, 1, 0, 0, 1, 0, 0, 1, 0, 1, 88, 1, 1, 1, 1, 1, 5, 0, 0, 1, 1, 1, 89, 1, 65, 1, 1, 0, 1, 0, 0, 0, 0, 1, 0, 0, 1, 0, 0, 0, 0, 0, 0, 0, 0, 0, 0, 0, 1, 1, 1, 90, 1, 1, 1, 0, 1, 67, 0, 0, 0, 1, 72, 91, 82, 91, 91, 82, 91, 92, 82, 92, 77, 93, 70, 77, 77, 58, 91, 94, 3, 91, 91, 91, 53, 1, 95, 95, 95, 96, 96, 0, 1, 71, 97, 1, 81, 82, 0, 98, 0, 0, 0, 1, 85, 99, 1, 1, 1, 0, 1, 84, 1, 64, 100, 98, 1, 0, 1, 1, 63, 87, 53, 1, 1, 88, 1, 101, 1, 1, 1, 1, 1, 95, 1, 1, 0, 102, 0, 0, 1, 1, 1, 103, 1, 104, 86, 92, 105, 106, 104, 71, 104, 104, 86, 92, 89, 1, 77, 96, 0, 87, 1, 1, 1, 1, 1, 1, 1, 1, 1, 1, 1, 1, 1, 0, 0, 0, 0, 0, 0, 0, 1, 1, 1, 5, 0, 0, 0, 0, 0, 5, 0, 0, 0, 1, 1, 1, 107, 0, 0, 0, 0, 5, 0, 1, 108, 53, 1, 0, 1, 102, 0, 0, 1, 0, 0, 0, 1, 0, 0, 0, 0, 0, 85, 0, 0, 5, 0, 0, 0, 0, 0, 0, 0, 1, 0, 0, 0, 1, 1, 0, 1, 0, 1, 1, 0, 0, 1, 49, 56, 46, 46, 52, 1, 82, 1, 81, 109, 110, 85, 93, 111, 1, 1, 1, 112, 55, 102, 82, 1, 81, 53, 1, 86, 50, 99, 73, 82, 113, 114, 113, 115, 99, 116, 115, 1, 1, 1, 1]"
stage3_declaration_method_body,stage3_declaration_method_body,declaration_method_body_v1,xerces,1,65488944220cc3a503994d6f2289e0f7bdc06c619351a2e8243bca243538c8a3,65488944220cc3a503994d6f2289e0f7bdc06c619351a2e8243bca243538c8a3,36bdeca0e1ef32f36631c30ebbf86a1875621490e92f9b4a7fd0860755676236,d81607ad9e48ef274ecf65a4e3b1b1c7c22163c3b073831ffbb506bac7601bac,7e204d1865c1ddb228cc42f6f61519e280076590a92f0965e4f1fc765b77a4ab,7d5d45f6e7cc46cdb57c57688bc89b5e90e0ecea7390833a7acb2e8887d935a5,c1af2191baefddee68a7f41c97c29f7799df4bcf5372d9e9cf44a52a3b510286,seed1_solution013,0.16948957584471602278,0.14152648125789113465,4.6596913945115590039,0.6120713034796694263,0.16948957584471602278,-0.14152648125789113465,4.6596913945115590039,0.6120713034796694263,True,False,,,"[0, 1, 1, 1, 1, 2, 1, 3, 1, 2, 1, 0, 4, 1, 1, 1, 0, 0, 0, 0, 5, 1, 1, 6, 1, 7, 8, 0, 1, 1, 1, 2, 2, 0, 1, 9, 10, 1, 2, 1, 1, 1, 2, 2, 1, 2, 2, 1, 1, 11, 10, 1, 2, 1, 1, 1, 1, 1, 1, 1, 11, 12, 1, 1, 13, 1, 0, 0, 1, 1, 14, 15, 1, 1, 1, 1, 11, 16, 13, 14, 12, 17, 18, 19, 1, 20, 18, 21, 1, 17, 0, 0, 0, 0, 5, 0, 0, 5, 0, 0, 22, 0, 16, 0, 5, 0, 23, 20, 20, 19, 24, 0, 22, 25, 5, 1, 1, 1, 1, 23, 1, 1, 26, 1, 1, 1, 1, 1, 1, 1, 1, 0, 1, 1, 27, 1, 28, 25, 17, 27, 29, 29, 1, 1, 1, 29, 1, 0, 1, 1, 1, 1, 1, 1, 1, 23, 1, 30, 1, 5, 31, 1, 30, 1, 28, 1, 1, 1, 1, 0, 25, 1, 1, 28, 25, 32, 1, 1, 1, 1, 1, 33, 1, 28, 1, 1, 21, 1, 1, 34, 1, 35, 36, 1, 33, 33, 35, 35, 36, 23, 23, 36, 36, 1, 1, 0, 1, 33, 37, 34, 37, 29, 36, 21, 37, 28, 37, 21, 37, 0, 0, 5, 35, 4, 38, 32, 35, 0, 0, 1, 1, 39, 40, 36, 26, 41, 39, 34, 40, 42, 40, 40, 1, 34, 38, 1, 0, 0, 29, 43, 32, 44, 45, 40, 46, 41, 35, 31, 39, 5, 29, 46, 39, 1, 45, 40, 1, 47, 1, 1, 48, 47, 1, 1, 0, 1, 40, 40, 49, 0, 36, 0, 50, 0, 0, 5, 1, 0, 0, 1, 1, 42, 0, 1, 1, 1, 0, 1, 1, 1, 37, 1, 1, 1, 1, 40, 51, 52, 53, 54, 55, 1, 1, 1, 1, 51, 1, 48, 56, 49, 1, 1, 48, 1, 41, 1, 1, 57, 54, 1, 1, 55, 1, 1, 1, 52, 53, 1, 0, 1, 1, 0, 58, 1, 59, 1, 56, 1, 1, 60, 1, 0, 0, 61, 1, 5, 1, 1, 1, 1, 0, 1, 1, 0, 1, 1, 62, 1, 0, 1, 63, 1, 1, 0, 1, 1, 0, 1, 1, 64, 1, 1, 1, 1, 0, 0, 0, 1, 0, 1, 0, 0, 0, 0, 0, 1, 1, 49, 1, 1, 65, 1, 1, 1, 66, 67, 68, 60, 69, 69, 61, 1, 1, 70, 69, 1, 54, 1, 1, 1, 61, 1, 71, 1, 1, 72, 1, 73, 1, 1, 1, 1, 1, 0, 1, 1, 1, 1, 1, 1, 1, 5, 74, 0, 56, 1, 1, 1, 5, 1, 1, 5, 75, 0, 76, 0, 1, 1, 77, 5, 78, 68, 79, 49, 47, 80, 1, 61, 47, 81, 1, 1, 82, 1, 0, 0, 59, 0, 1, 1, 1, 1, 1, 0, 1, 1, 41, 73, 36, 40, 54, 32, 46, 41, 5, 1, 1, 1, 1, 1, 67, 0, 1, 0, 0, 0, 0, 5, 1, 1, 68, 1, 83, 1, 1, 1, 1, 75, 1, 42, 1, 52, 76, 1, 69, 1, 0, 0, 1, 0, 0, 1, 0, 1, 84, 1, 1, 1, 1, 1, 5, 5, 0, 46, 1, 1, 85, 1, 54, 1, 1, 0, 1, 0, 0, 0, 0, 1, 0, 0, 1, 0, 0, 0, 0, 0, 0, 0, 0, 0, 0, 0, 1, 1, 1, 86, 1, 1, 1, 0, 1, 0, 0, 5, 0, 1, 61, 80, 80, 68, 87, 88, 68, 89, 85, 85, 80, 87, 68, 80, 87, 64, 87, 82, 54, 90, 85, 87, 87, 1, 61, 91, 71, 92, 93, 0, 1, 75, 60, 1, 74, 94, 0, 81, 0, 0, 0, 1, 95, 96, 1, 1, 1, 0, 1, 84, 1, 60, 84, 97, 1, 0, 1, 1, 98, 99, 100, 1, 1, 101, 1, 82, 1, 1, 1, 1, 1, 87, 1, 1, 0, 74, 5, 0, 1, 1, 1, 102, 1, 91, 103, 104, 65, 87, 105, 63, 104, 93, 91, 85, 88, 1, 80, 92, 0, 106, 1, 1, 1, 1, 1, 1, 1, 1, 1, 1, 1, 1, 1, 0, 0, 0, 0, 0, 0, 0, 1, 1, 1, 5, 0, 0, 0, 5, 0, 0, 0, 0, 0, 1, 1, 1, 107, 0, 5, 0, 5, 0, 0, 1, 108, 108, 1, 0, 1, 96, 0, 0, 1, 0, 0, 0, 1, 0, 0, 0, 0, 0, 67, 0, 0, 0, 0, 0, 0, 0, 0, 0, 0, 1, 0, 0, 0, 1, 1, 0, 1, 0, 1, 1, 0, 0, 1, 40, 39, 42, 38, 44, 1, 94, 1, 62, 94, 109, 86, 110, 60, 1, 1, 1, 111, 98, 97, 94, 1, 83, 112, 1, 97, 113, 89, 114, 94, 97, 101, 97, 94, 97, 97, 94, 1, 1, 1, 1]"
stage3_declaration_method_body,stage3_declaration_method_body,declaration_method_body_v1,xerces,1,65488944220cc3a503994d6f2289e0f7bdc06c619351a2e8243bca243538c8a3,65488944220cc3a503994d6f2289e0f7bdc06c619351a2e8243bca243538c8a3,36bdeca0e1ef32f36631c30ebbf86a1875621490e92f9b4a7fd0860755676236,d81607ad9e48ef274ecf65a4e3b1b1c7c22163c3b073831ffbb506bac7601bac,7e204d1865c1ddb228cc42f6f61519e280076590a92f0965e4f1fc765b77a4ab,7d5d45f6e7cc46cdb57c57688bc89b5e90e0ecea7390833a7acb2e8887d935a5,c1af2191baefddee68a7f41c97c29f7799df4bcf5372d9e9cf44a52a3b510286,seed1_solution014,0.18228612508986341556,0.26696051188502190055,4.2605662423262780081,0.64658008267380140399,0.18228612508986341556,-0.26696051188502190055,4.2605662423262780081,0.64658008267380140399,True,False,,,"[0, 1, 1, 1, 1, 2, 1, 3, 1, 2, 1, 4, 4, 1, 1, 1, 4, 0, 0, 5, 5, 1, 1, 6, 1, 7, 8, 0, 1, 1, 1, 2, 2, 0, 1, 9, 10, 1, 2, 1, 1, 1, 2, 2, 1, 2, 2, 1, 1, 11, 10, 1, 2, 1, 1, 1, 1, 1, 1, 1, 11, 12, 1, 1, 13, 1, 4, 0, 1, 1, 11, 13, 1, 1, 1, 1, 14, 15, 13, 14, 12, 16, 17, 18, 1, 19, 20, 19, 1, 15, 0, 0, 5, 0, 4, 0, 6, 5, 4, 0, 21, 4, 17, 0, 4, 0, 15, 21, 21, 22, 23, 5, 0, 21, 4, 1, 1, 1, 1, 24, 1, 1, 22, 1, 1, 1, 1, 1, 21, 1, 1, 0, 1, 1, 25, 1, 26, 25, 15, 22, 24, 27, 28, 1, 1, 24, 1, 0, 1, 1, 1, 1, 1, 1, 1, 29, 1, 30, 1, 5, 31, 1, 22, 1, 31, 1, 1, 1, 1, 0, 29, 1, 1, 30, 22, 32, 1, 1, 1, 1, 1, 33, 1, 31, 1, 1, 27, 1, 1, 29, 1, 26, 34, 1, 35, 36, 34, 35, 30, 24, 36, 37, 35, 1, 1, 0, 1, 38, 38, 39, 38, 39, 34, 27, 38, 40, 38, 38, 39, 4, 0, 4, 40, 31, 31, 36, 36, 5, 0, 1, 1, 41, 41, 32, 36, 27, 34, 42, 39, 43, 20, 41, 1, 44, 45, 1, 4, 0, 37, 35, 42, 41, 45, 39, 34, 34, 45, 46, 47, 4, 34, 46, 48, 1, 49, 47, 1, 50, 1, 1, 48, 51, 1, 1, 0, 1, 36, 42, 44, 0, 34, 0, 36, 5, 0, 4, 1, 4, 4, 1, 1, 52, 4, 1, 1, 1, 4, 1, 1, 1, 48, 1, 1, 1, 1, 53, 47, 50, 54, 46, 54, 1, 1, 1, 1, 53, 1, 55, 56, 51, 1, 1, 52, 1, 57, 1, 1, 58, 59, 1, 1, 49, 1, 1, 1, 60, 60, 1, 5, 1, 1, 0, 61, 1, 57, 1, 62, 1, 1, 62, 1, 0, 4, 63, 1, 0, 1, 1, 1, 1, 4, 1, 1, 0, 1, 1, 63, 1, 6, 1, 64, 1, 1, 0, 1, 1, 4, 1, 1, 59, 1, 1, 1, 1, 0, 0, 5, 1, 0, 1, 0, 0, 0, 6, 0, 1, 1, 65, 1, 1, 56, 1, 1, 1, 58, 56, 63, 61, 63, 66, 67, 1, 1, 68, 67, 1, 28, 1, 1, 1, 66, 1, 69, 1, 1, 69, 1, 70, 1, 1, 1, 1, 1, 0, 1, 1, 1, 1, 1, 1, 1, 0, 71, 0, 63, 1, 1, 1, 5, 1, 1, 0, 72, 0, 51, 0, 1, 1, 64, 5, 73, 68, 74, 75, 59, 68, 1, 75, 28, 66, 1, 1, 76, 1, 0, 0, 67, 0, 1, 1, 1, 1, 1, 0, 1, 1, 41, 36, 41, 40, 53, 41, 40, 38, 0, 1, 1, 1, 1, 1, 77, 0, 1, 0, 0, 4, 0, 0, 1, 1, 78, 1, 71, 1, 1, 1, 1, 78, 1, 1, 1, 79, 74, 1, 51, 80, 0, 0, 1, 0, 0, 1, 4, 1, 56, 1, 1, 1, 1, 1, 81, 5, 0, 1, 1, 1, 79, 1, 80, 1, 1, 0, 1, 4, 0, 0, 6, 1, 0, 0, 1, 4, 0, 0, 0, 0, 5, 4, 0, 0, 0, 5, 1, 1, 1, 81, 1, 1, 1, 0, 1, 0, 4, 4, 4, 1, 58, 82, 83, 76, 66, 84, 85, 83, 83, 86, 85, 86, 83, 87, 79, 88, 86, 86, 61, 58, 89, 65, 86, 7, 90, 71, 90, 71, 71, 0, 1, 91, 66, 1, 89, 32, 0, 82, 0, 4, 0, 1, 78, 92, 1, 1, 1, 0, 1, 93, 1, 94, 91, 92, 1, 0, 1, 1, 73, 76, 83, 1, 1, 89, 1, 95, 1, 1, 1, 1, 1, 89, 1, 1, 0, 91, 4, 0, 1, 1, 1, 86, 1, 68, 90, 95, 95, 96, 97, 89, 98, 51, 89, 98, 90, 1, 99, 91, 0, 100, 1, 1, 1, 1, 1, 1, 1, 1, 1, 1, 1, 1, 1, 0, 0, 0, 0, 0, 4, 0, 1, 1, 1, 5, 4, 0, 5, 0, 0, 0, 0, 0, 4, 1, 1, 1, 101, 0, 5, 0, 5, 5, 6, 1, 92, 102, 1, 0, 1, 96, 5, 0, 1, 4, 0, 0, 1, 0, 0, 0, 0, 0, 65, 0, 0, 0, 0, 0, 0, 0, 0, 0, 0, 1, 0, 0, 0, 1, 0, 6, 1, 4, 1, 1, 0, 4, 1, 41, 40, 38, 38, 57, 1, 99, 1, 64, 97, 92, 90, 103, 104, 1, 1, 1, 78, 91, 95, 99, 1, 76, 102, 1, 81, 59, 95, 101, 105, 98, 103, 100, 61, 81, 101, 99, 1, 1, 1, 1]"
stage3_declaration_method_body,stage3_declaration_method_body,declaration_method_body_v1,xerces,1,65488944220cc3a503994d6f2289e0f7bdc06c619351a2e8243bca243538c8a3,65488944220cc3a503994d6f2289e0f7bdc06c619351a2e8243bca243538c8a3,36bdeca0e1ef32f36631c30ebbf86a1875621490e92f9b4a7fd0860755676236,d81607ad9e48ef274ecf65a4e3b1b1c7c22163c3b073831ffbb506bac7601bac,7e204d1865c1ddb228cc42f6f61519e280076590a92f0965e4f1fc765b77a4ab,7d5d45f6e7cc46cdb57c57688bc89b5e90e0ecea7390833a7acb2e8887d935a5,c1af2191baefddee68a7f41c97c29f7799df4bcf5372d9e9cf44a52a3b510286,seed1_solution015,0.18559309849029476114,0.1740524219102952963,4.3736445039237441534,0.64155329150295647977,0.18559309849029476114,-0.1740524219102952963,4.3736445039237441534,0.64155329150295647977,True,False,,,"[0, 1, 1, 1, 1, 2, 1, 3, 1, 2, 1, 4, 4, 1, 1, 1, 4, 0, 0, 0, 5, 1, 1, 6, 1, 7, 8, 0, 1, 1, 1, 2, 2, 0, 1, 9, 10, 1, 2, 1, 1, 1, 2, 2, 1, 2, 2, 1, 1, 9, 10, 1, 2, 1, 1, 1, 1, 1, 1, 1, 11, 12, 1, 1, 11, 1, 0, 0, 1, 13, 11, 14, 1, 1, 1, 1, 11, 15, 14, 16, 12, 17, 14, 17, 1, 15, 18, 18, 1, 19, 0, 0, 5, 0, 4, 0, 6, 5, 0, 0, 13, 4, 20, 0, 4, 0, 15, 21, 18, 19, 20, 0, 0, 21, 0, 1, 1, 1, 1, 22, 1, 1, 15, 1, 1, 1, 1, 1, 1, 1, 1, 0, 1, 1, 23, 1, 23, 24, 18, 20, 25, 24, 1, 1, 1, 25, 1, 0, 1, 1, 1, 1, 1, 1, 1, 26, 1, 27, 1, 5, 28, 1, 28, 1, 25, 1, 1, 1, 1, 0, 26, 1, 1, 29, 28, 30, 1, 1, 1, 1, 1, 27, 1, 31, 1, 1, 32, 1, 1, 31, 1, 27, 33, 1, 34, 35, 33, 34, 29, 25, 35, 36, 34, 1, 1, 0, 1, 31, 20, 37, 31, 25, 38, 32, 30, 32, 36, 31, 36, 4, 0, 4, 34, 39, 31, 35, 35, 5, 0, 1, 1, 39, 39, 27, 35, 33, 40, 40, 41, 41, 42, 43, 1, 31, 38, 1, 4, 0, 26, 44, 42, 45, 45, 39, 42, 38, 45, 44, 45, 4, 25, 46, 47, 1, 41, 48, 1, 40, 1, 1, 49, 50, 1, 1, 0, 1, 35, 44, 51, 0, 52, 0, 50, 0, 0, 0, 1, 0, 0, 1, 1, 35, 4, 1, 1, 1, 4, 1, 20, 36, 53, 1, 1, 1, 1, 54, 51, 55, 53, 54, 48, 1, 1, 1, 1, 54, 1, 56, 53, 57, 1, 1, 58, 1, 57, 1, 1, 59, 60, 1, 1, 56, 1, 1, 1, 60, 61, 1, 5, 1, 1, 0, 61, 1, 57, 1, 62, 1, 1, 63, 1, 0, 0, 63, 1, 0, 1, 17, 1, 1, 4, 1, 1, 0, 1, 1, 64, 1, 0, 1, 65, 1, 1, 0, 1, 1, 4, 1, 1, 66, 1, 1, 1, 1, 65, 0, 0, 1, 0, 1, 0, 0, 0, 0, 0, 1, 1, 66, 1, 1, 59, 1, 1, 1, 56, 67, 68, 67, 69, 65, 68, 1, 1, 70, 61, 1, 71, 1, 1, 1, 72, 1, 60, 1, 1, 73, 1, 74, 1, 1, 1, 1, 1, 0, 1, 1, 1, 1, 1, 1, 1, 0, 75, 0, 58, 1, 1, 1, 5, 1, 1, 0, 64, 0, 50, 0, 1, 1, 67, 5, 76, 63, 77, 49, 49, 63, 1, 54, 76, 78, 1, 1, 79, 1, 0, 0, 66, 0, 1, 1, 1, 1, 1, 0, 1, 1, 37, 68, 27, 33, 37, 31, 36, 38, 0, 1, 1, 1, 1, 1, 75, 0, 1, 0, 0, 4, 0, 4, 1, 1, 80, 1, 81, 1, 1, 1, 1, 82, 1, 1, 1, 81, 82, 1, 50, 1, 4, 0, 1, 0, 0, 1, 4, 1, 74, 1, 1, 1, 1, 1, 4, 5, 0, 1, 1, 1, 71, 1, 54, 1, 1, 0, 1, 4, 0, 0, 6, 1, 5, 4, 1, 0, 4, 4, 0, 0, 0, 4, 0, 0, 0, 0, 1, 1, 1, 83, 1, 1, 1, 0, 1, 0, 4, 4, 4, 1, 60, 84, 68, 83, 65, 85, 86, 87, 88, 85, 87, 87, 83, 80, 85, 85, 81, 81, 59, 86, 89, 85, 90, 1, 91, 67, 82, 91, 92, 0, 1, 89, 72, 1, 75, 34, 0, 90, 0, 0, 0, 1, 86, 93, 1, 1, 1, 0, 1, 94, 1, 95, 96, 85, 1, 0, 1, 1, 97, 83, 96, 1, 1, 95, 1, 86, 1, 1, 1, 1, 1, 98, 1, 1, 0, 83, 4, 0, 1, 1, 1, 81, 1, 99, 97, 100, 69, 93, 90, 89, 101, 50, 102, 102, 98, 1, 48, 103, 4, 90, 1, 1, 1, 1, 1, 1, 1, 1, 1, 1, 1, 1, 1, 0, 4, 0, 0, 0, 4, 0, 1, 1, 1, 5, 0, 0, 0, 0, 0, 5, 0, 0, 4, 1, 1, 1, 104, 0, 5, 0, 5, 5, 6, 1, 85, 63, 1, 0, 1, 93, 0, 0, 1, 4, 0, 0, 1, 0, 0, 0, 0, 0, 71, 0, 0, 5, 0, 0, 0, 0, 0, 0, 0, 1, 0, 0, 0, 1, 1, 6, 1, 0, 1, 1, 0, 4, 1, 0, 36, 38, 38, 53, 1, 103, 1, 104, 35, 105, 97, 59, 95, 1, 1, 1, 80, 106, 98, 98, 1, 107, 108, 1, 94, 100, 100, 100, 102, 105, 97, 98, 61, 102, 100, 98, 1, 1, 1, 1]"
stage3_declaration_method_body,stage3_declaration_method_body,declaration_method_body_v1,xerces,1,65488944220cc3a503994d6f2289e0f7bdc06c619351a2e8243bca243538c8a3,65488944220cc3a503994d6f2289e0f7bdc06c619351a2e8243bca243538c8a3,36bdeca0e1ef32f36631c30ebbf86a1875621490e92f9b4a7fd0860755676236,d81607ad9e48ef274ecf65a4e3b1b1c7c22163c3b073831ffbb506bac7601bac,7e204d1865c1ddb228cc42f6f61519e280076590a92f0965e4f1fc765b77a4ab,7d5d45f6e7cc46cdb57c57688bc89b5e90e0ecea7390833a7acb2e8887d935a5,c1af2191baefddee68a7f41c97c29f7799df4bcf5372d9e9cf44a52a3b510286,seed1_solution016,0.19344356578001437041,0.72518794914601514279,4.7653808099811714172,0.63345914923607327118,0.19344356578001437041,-0.72518794914601514279,4.7653808099811714172,0.63345914923607327118,True,False,,,"[0, 1, 1, 1, 1, 2, 1, 3, 1, 2, 1, 0, 4, 1, 1, 1, 4, 0, 0, 4, 5, 1, 1, 6, 1, 7, 8, 0, 1, 1, 1, 2, 2, 0, 1, 9, 10, 1, 2, 1, 1, 1, 2, 2, 1, 2, 2, 1, 1, 11, 10, 1, 2, 1, 1, 1, 1, 1, 1, 1, 11, 12, 1, 1, 13, 1, 4, 0, 1, 1, 14, 12, 1, 1, 1, 1, 15, 16, 14, 17, 16, 18, 19, 20, 1, 21, 22, 23, 1, 24, 0, 0, 0, 0, 0, 0, 6, 0, 4, 0, 25, 4, 26, 0, 4, 0, 27, 27, 25, 19, 28, 0, 0, 29, 0, 1, 1, 1, 1, 30, 1, 1, 30, 25, 1, 1, 1, 1, 1, 1, 1, 0, 1, 1, 22, 1, 26, 31, 27, 28, 30, 18, 1, 1, 1, 32, 1, 0, 1, 1, 1, 1, 1, 1, 1, 33, 1, 34, 1, 0, 23, 1, 25, 1, 35, 1, 1, 1, 1, 0, 33, 1, 1, 36, 28, 32, 1, 1, 1, 1, 1, 33, 1, 28, 1, 1, 30, 1, 1, 37, 1, 38, 35, 1, 35, 38, 35, 39, 39, 40, 38, 41, 41, 1, 1, 4, 1, 7, 19, 42, 43, 44, 32, 42, 38, 44, 42, 43, 42, 4, 0, 0, 39, 45, 46, 47, 35, 0, 0, 1, 1, 48, 45, 42, 40, 39, 43, 49, 50, 38, 51, 47, 1, 52, 46, 1, 4, 0, 53, 48, 49, 50, 54, 39, 39, 50, 55, 56, 51, 0, 51, 57, 51, 1, 58, 47, 1, 48, 1, 1, 59, 55, 1, 1, 0, 1, 51, 42, 42, 0, 60, 0, 56, 0, 0, 0, 1, 4, 0, 1, 1, 55, 4, 1, 1, 1, 0, 1, 1, 1, 61, 1, 1, 1, 1, 58, 61, 62, 59, 63, 64, 1, 1, 1, 1, 65, 1, 60, 66, 58, 1, 1, 67, 1, 63, 1, 1, 68, 69, 1, 1, 62, 1, 1, 1, 65, 70, 1, 0, 1, 1, 0, 64, 1, 65, 1, 70, 1, 71, 72, 1, 0, 0, 73, 1, 0, 1, 1, 51, 1, 4, 1, 1, 0, 1, 1, 74, 1, 0, 1, 75, 1, 1, 0, 1, 1, 4, 1, 1, 76, 1, 1, 1, 1, 60, 4, 0, 1, 0, 1, 4, 0, 0, 6, 0, 1, 1, 77, 1, 1, 76, 1, 1, 1, 76, 78, 79, 76, 74, 80, 79, 1, 1, 75, 81, 1, 82, 1, 1, 1, 74, 1, 65, 1, 1, 56, 1, 81, 1, 1, 1, 1, 1, 0, 1, 1, 1, 1, 1, 1, 1, 4, 83, 0, 84, 1, 1, 1, 0, 1, 1, 0, 83, 0, 82, 0, 1, 1, 85, 4, 86, 87, 87, 83, 61, 87, 1, 77, 88, 84, 1, 1, 89, 1, 0, 0, 90, 0, 1, 1, 1, 1, 1, 0, 1, 1, 44, 51, 51, 40, 44, 42, 39, 39, 0, 1, 1, 1, 1, 1, 91, 0, 1, 0, 0, 4, 0, 36, 1, 1, 92, 1, 87, 1, 1, 1, 1, 93, 1, 1, 1, 94, 95, 1, 58, 1, 4, 0, 1, 0, 0, 1, 4, 1, 67, 1, 1, 1, 1, 1, 0, 0, 0, 1, 1, 1, 90, 1, 96, 1, 1, 4, 1, 4, 0, 0, 6, 1, 0, 0, 1, 0, 0, 0, 0, 4, 0, 4, 0, 0, 0, 0, 1, 1, 1, 97, 1, 1, 1, 0, 1, 0, 4, 0, 4, 1, 87, 98, 91, 98, 99, 87, 87, 100, 87, 91, 68, 100, 65, 100, 68, 98, 98, 91, 3, 98, 98, 98, 101, 1, 102, 103, 97, 93, 104, 4, 1, 105, 74, 1, 106, 51, 0, 97, 0, 0, 4, 1, 91, 102, 1, 1, 1, 0, 1, 107, 1, 108, 109, 96, 1, 0, 1, 1, 100, 77, 110, 1, 1, 111, 1, 87, 1, 1, 1, 1, 1, 103, 1, 1, 0, 105, 0, 0, 1, 1, 1, 112, 1, 99, 103, 104, 104, 113, 114, 103, 104, 103, 114, 113, 115, 1, 116, 106, 0, 107, 1, 1, 1, 1, 1, 1, 1, 1, 1, 1, 1, 26, 1, 0, 4, 0, 0, 0, 0, 4, 1, 1, 1, 4, 4, 4, 0, 0, 0, 0, 0, 0, 4, 1, 1, 1, 117, 4, 0, 0, 4, 4, 0, 1, 118, 103, 1, 0, 1, 105, 0, 4, 1, 0, 0, 0, 1, 0, 0, 0, 4, 77, 91, 0, 4, 0, 0, 0, 0, 0, 0, 0, 0, 1, 4, 0, 0, 1, 1, 6, 1, 4, 1, 1, 0, 4, 1, 0, 39, 50, 50, 51, 1, 119, 1, 120, 121, 82, 97, 122, 123, 1, 1, 1, 71, 124, 109, 104, 1, 125, 117, 1, 93, 93, 93, 119, 93, 35, 104, 119, 126, 119, 119, 93, 1, 1, 1, 1]"
stage3_declaration_method_body,stage3_declaration_method_body,declaration_method_body_v1,xerces,1,65488944220cc3a503994d6f2289e0f7bdc06c619351a2e8243bca243538c8a3,65488944220cc3a503994d6f2289e0f7bdc06c619351a2e8243bca243538c8a3,36bdeca0e1ef32f36631c30ebbf86a1875621490e92f9b4a7fd0860755676236,d81607ad9e48ef274ecf65a4e3b1b1c7c22163c3b073831ffbb506bac7601bac,7e204d1865c1ddb228cc42f6f61519e280076590a92f0965e4f1fc765b77a4ab,7d5d45f6e7cc46cdb57c57688bc89b5e90e0ecea7390833a7acb2e8887d935a5,c1af2191baefddee68a7f41c97c29f7799df4bcf5372d9e9cf44a52a3b510286,seed1_solution017,0.20879942487419123065,8.3371805937386049834,1.2847820672188998703,0.38751061880264836557,0.20879942487419123065,-8.3371805937386049834,1.2847820672188998703,0.38751061880264836557,True,True,raw_leiden_perturb_0.005_1,raw_leiden_perturbation,"[0, 0, 0, 0, 0, 0, 0, 0, 0, 0, 0, 0, 0, 0, 1, 2, 0, 0, 0, 3, 2, 0, 0, 0, 0, 0, 3, 0, 0, 0, 0, 0, 0, 0, 0, 0, 0, 0, 0, 0, 0, 0, 0, 0, 0, 0, 0, 0, 0, 0, 0, 0, 0, 0, 0, 0, 0, 0, 0, 0, 0, 0, 0, 0, 0, 4, 0, 0, 4, 0, 0, 0, 0, 0, 0, 0, 0, 0, 0, 0, 0, 0, 0, 0, 0, 0, 0, 0, 0, 0, 0, 0, 0, 0, 0, 0, 0, 0, 0, 0, 5, 0, 6, 0, 0, 0, 5, 5, 5, 1, 1, 7, 0, 8, 7, 7, 7, 7, 7, 1, 7, 7, 7, 7, 7, 7, 7, 7, 7, 7, 7, 3, 7, 7, 7, 7, 7, 7, 7, 7, 7, 7, 7, 7, 7, 7, 1, 1, 7, 7, 1, 7, 7, 1, 1, 1, 1, 1, 1, 7, 1, 1, 1, 1, 1, 3, 7, 1, 1, 7, 1, 1, 1, 1, 1, 9, 9, 9, 9, 9, 9, 1, 9, 1, 1, 1, 1, 10, 1, 10, 11, 12, 12, 10, 12, 12, 12, 12, 12, 12, 12, 12, 12, 4, 11, 10, 10, 11, 11, 11, 11, 11, 11, 11, 11, 11, 11, 11, 11, 10, 11, 11, 11, 11, 11, 11, 11, 11, 11, 10, 10, 11, 11, 11, 11, 11, 11, 11, 11, 11, 11, 11, 10, 11, 11, 10, 11, 11, 11, 11, 11, 11, 10, 11, 11, 11, 11, 11, 1, 10, 11, 11, 11, 11, 11, 11, 10, 10, 10, 10, 10, 10, 11, 10, 10, 10, 11, 11, 11, 7, 7, 7, 7, 7, 7, 1, 4, 4, 1, 4, 13, 13, 13, 13, 13, 13, 13, 13, 13, 14, 14, 14, 14, 14, 14, 14, 14, 14, 14, 14, 14, 14, 14, 14, 14, 14, 14, 14, 14, 14, 14, 14, 14, 14, 14, 14, 14, 14, 14, 14, 14, 14, 14, 4, 4, 3, 4, 10, 10, 10, 10, 10, 10, 2, 15, 10, 10, 10, 3, 3, 4, 4, 4, 4, 4, 4, 4, 4, 4, 4, 10, 10, 10, 10, 10, 10, 10, 10, 10, 10, 10, 10, 10, 4, 3, 10, 1, 10, 10, 10, 10, 10, 10, 4, 4, 13, 4, 4, 4, 4, 4, 13, 4, 4, 4, 9, 9, 10, 9, 9, 9, 9, 4, 9, 9, 9, 16, 16, 16, 16, 16, 1, 16, 16, 16, 16, 16, 16, 16, 1, 16, 10, 10, 10, 2, 10, 16, 10, 10, 10, 10, 10, 10, 10, 10, 10, 10, 10, 10, 10, 10, 3, 16, 3, 10, 10, 10, 10, 10, 10, 10, 4, 10, 4, 10, 10, 10, 10, 10, 3, 10, 10, 10, 10, 10, 10, 10, 10, 10, 16, 16, 16, 16, 1, 1, 3, 1, 1, 1, 1, 16, 16, 16, 1, 1, 1, 17, 17, 17, 17, 17, 17, 17, 17, 3, 2, 1, 0, 2, 2, 3, 3, 16, 3, 3, 3, 3, 3, 4, 1, 1, 1, 1, 1, 4, 4, 4, 4, 16, 16, 16, 16, 16, 16, 16, 16, 3, 3, 3, 3, 3, 16, 16, 0, 18, 16, 1, 16, 1, 1, 3, 3, 3, 3, 16, 16, 1, 1, 19, 1, 1, 1, 1, 3, 3, 16, 3, 3, 3, 3, 1, 1, 3, 3, 3, 3, 3, 3, 3, 3, 3, 2, 1, 1, 1, 1, 1, 1, 1, 3, 3, 16, 3, 3, 16, 1, 20, 20, 20, 20, 20, 20, 20, 20, 20, 20, 20, 20, 20, 20, 20, 20, 20, 20, 20, 20, 20, 20, 20, 1, 21, 21, 21, 21, 21, 3, 16, 22, 3, 10, 10, 17, 16, 2, 3, 16, 1, 16, 16, 3, 1, 16, 16, 7, 2, 2, 1, 2, 3, 2, 16, 3, 2, 2, 2, 2, 3, 16, 10, 10, 2, 2, 2, 7, 7, 7, 7, 7, 7, 7, 3, 22, 3, 3, 16, 3, 7, 23, 1, 24, 24, 24, 24, 24, 24, 24, 24, 24, 24, 24, 1, 1, 1, 1, 1, 1, 1, 1, 1, 1, 1, 1, 1, 1, 1, 16, 1, 7, 16, 3, 3, 3, 3, 3, 3, 3, 1, 1, 1, 1, 1, 1, 7, 1, 1, 1, 1, 3, 1, 3, 16, 16, 1, 2, 2, 2, 2, 1, 16, 1, 1, 1, 1, 2, 1, 1, 4, 4, 4, 3, 16, 4, 4, 10, 10, 10, 10, 10, 10, 10, 4, 10, 10, 4, 3, 3, 10, 10, 10, 10, 10, 10, 10, 10, 10, 10, 10, 10, 10, 4, 10, 11, 10, 11, 11, 11, 11, 1, 2, 2, 2, 2, 2, 2, 2, 2, 2, 2, 2, 2, 25, 26, 27, 27, 2, 28, 29, 2, 27, 27, 27, 27, 27, 27, 27, 27, 27, 2, 2, 2, 2, 2, 2, 2]"
stage3_declaration_method_body,stage3_declaration_method_body,declaration_method_body_v1,xerces,1,65488944220cc3a503994d6f2289e0f7bdc06c619351a2e8243bca243538c8a3,65488944220cc3a503994d6f2289e0f7bdc06c619351a2e8243bca243538c8a3,36bdeca0e1ef32f36631c30ebbf86a1875621490e92f9b4a7fd0860755676236,d81607ad9e48ef274ecf65a4e3b1b1c7c22163c3b073831ffbb506bac7601bac,7e204d1865c1ddb228cc42f6f61519e280076590a92f0965e4f1fc765b77a4ab,7d5d45f6e7cc46cdb57c57688bc89b5e90e0ecea7390833a7acb2e8887d935a5,c1af2191baefddee68a7f41c97c29f7799df4bcf5372d9e9cf44a52a3b510286,seed1_solution018,0.21017972681524083045,3.6507190476007971291,1.2509038440936575132,0.39215247102470784935,0.21017972681524083045,-3.6507190476007971291,1.2509038440936575132,0.39215247102470784935,True,False,,,"[0, 0, 0, 0, 0, 0, 0, 0, 0, 0, 0, 0, 0, 0, 1, 2, 0, 0, 0, 3, 2, 0, 0, 0, 0, 0, 3, 0, 0, 0, 0, 0, 0, 0, 0, 0, 0, 0, 0, 0, 0, 0, 0, 0, 0, 0, 0, 0, 0, 0, 0, 0, 0, 0, 0, 0, 0, 0, 0, 0, 0, 0, 0, 0, 0, 4, 0, 0, 4, 0, 0, 0, 0, 0, 0, 0, 0, 0, 0, 0, 0, 0, 0, 0, 0, 0, 0, 0, 0, 0, 0, 0, 0, 0, 0, 0, 0, 0, 0, 0, 5, 0, 6, 0, 0, 0, 5, 5, 5, 1, 1, 7, 0, 8, 7, 7, 7, 7, 7, 1, 7, 7, 7, 7, 7, 7, 7, 7, 7, 7, 7, 3, 7, 7, 7, 7, 7, 7, 7, 7, 7, 7, 7, 7, 7, 7, 1, 1, 7, 7, 1, 7, 7, 1, 1, 1, 1, 1, 1, 7, 1, 1, 1, 1, 1, 3, 7, 1, 1, 7, 1, 1, 1, 1, 1, 1, 9, 9, 9, 9, 9, 1, 9, 1, 1, 1, 1, 10, 1, 10, 11, 12, 12, 10, 12, 12, 12, 12, 12, 12, 12, 12, 12, 4, 11, 10, 10, 11, 11, 11, 11, 11, 11, 11, 11, 11, 11, 11, 11, 10, 13, 11, 11, 11, 11, 11, 11, 11, 11, 10, 10, 11, 11, 11, 11, 11, 11, 11, 11, 11, 11, 11, 10, 11, 11, 10, 11, 11, 11, 11, 11, 11, 10, 11, 11, 11, 11, 11, 1, 10, 11, 11, 11, 11, 11, 11, 10, 10, 10, 10, 10, 10, 11, 10, 10, 10, 11, 11, 11, 7, 7, 7, 7, 7, 7, 1, 4, 4, 1, 4, 14, 14, 14, 14, 14, 14, 14, 14, 14, 15, 15, 15, 15, 15, 15, 15, 15, 15, 15, 15, 15, 15, 15, 15, 15, 15, 15, 15, 15, 15, 15, 15, 15, 15, 15, 15, 15, 15, 15, 15, 15, 15, 15, 4, 4, 3, 4, 10, 10, 10, 10, 10, 10, 2, 16, 10, 10, 10, 3, 3, 4, 4, 4, 4, 4, 4, 4, 4, 4, 4, 10, 10, 10, 10, 10, 10, 10, 10, 10, 10, 10, 10, 10, 4, 3, 10, 3, 10, 10, 10, 10, 10, 10, 4, 4, 14, 4, 4, 4, 4, 4, 14, 4, 4, 4, 9, 9, 10, 9, 9, 9, 9, 4, 9, 9, 9, 17, 17, 17, 17, 17, 1, 17, 17, 17, 17, 17, 17, 17, 1, 17, 10, 10, 10, 2, 10, 17, 10, 10, 10, 10, 10, 10, 10, 10, 10, 10, 10, 10, 10, 10, 3, 17, 3, 10, 10, 10, 10, 10, 10, 10, 4, 10, 4, 10, 10, 10, 10, 10, 3, 10, 10, 10, 10, 10, 10, 10, 10, 10, 17, 17, 17, 17, 1, 1, 3, 1, 1, 1, 1, 17, 17, 17, 1, 1, 1, 18, 18, 18, 18, 18, 18, 18, 18, 3, 2, 1, 0, 2, 2, 3, 3, 17, 3, 3, 3, 3, 3, 4, 1, 1, 1, 1, 1, 4, 4, 4, 4, 17, 17, 17, 17, 17, 17, 17, 17, 3, 3, 3, 3, 3, 17, 17, 0, 19, 17, 1, 17, 1, 1, 3, 3, 3, 3, 17, 17, 1, 1, 20, 1, 1, 1, 1, 3, 3, 17, 3, 3, 3, 3, 1, 1, 3, 3, 3, 3, 3, 3, 3, 3, 3, 2, 1, 1, 1, 1, 1, 1, 1, 3, 3, 17, 3, 3, 17, 1, 21, 21, 21, 21, 21, 21, 21, 21, 21, 21, 21, 21, 21, 21, 21, 21, 21, 21, 21, 21, 21, 21, 21, 1, 22, 22, 22, 22, 22, 3, 17, 13, 3, 10, 10, 18, 17, 2, 3, 17, 1, 17, 17, 3, 1, 17, 1, 7, 2, 2, 1, 2, 3, 2, 17, 3, 2, 2, 2, 2, 3, 17, 10, 10, 2, 2, 2, 7, 7, 7, 7, 7, 7, 7, 3, 13, 3, 3, 17, 3, 7, 23, 1, 24, 24, 24, 24, 24, 24, 24, 24, 24, 24, 24, 1, 1, 1, 1, 1, 1, 1, 1, 1, 1, 1, 1, 1, 1, 1, 17, 1, 7, 17, 3, 3, 3, 3, 3, 3, 3, 1, 1, 1, 1, 1, 1, 7, 1, 1, 1, 1, 3, 1, 3, 17, 17, 1, 2, 2, 2, 2, 1, 17, 1, 1, 1, 1, 2, 1, 1, 4, 4, 4, 3, 17, 4, 4, 10, 10, 10, 10, 10, 10, 10, 4, 10, 10, 4, 3, 3, 10, 10, 10, 10, 10, 10, 10, 10, 10, 10, 10, 10, 10, 4, 10, 11, 10, 11, 11, 11, 11, 1, 2, 2, 2, 2, 2, 2, 2, 2, 2, 2, 2, 2, 25, 25, 26, 26, 2, 27, 27, 2, 26, 28, 26, 26, 26, 28, 26, 28, 28, 2, 2, 2, 2, 2, 2, 2]"
stage3_declaration_method_body,stage3_declaration_method_body,declaration_method_body_v1,xerces,1,65488944220cc3a503994d6f2289e0f7bdc06c619351a2e8243bca243538c8a3,65488944220cc3a503994d6f2289e0f7bdc06c619351a2e8243bca243538c8a3,36bdeca0e1ef32f36631c30ebbf86a1875621490e92f9b4a7fd0860755676236,d81607ad9e48ef274ecf65a4e3b1b1c7c22163c3b073831ffbb506bac7601bac,7e204d1865c1ddb228cc42f6f61519e280076590a92f0965e4f1fc765b77a4ab,7d5d45f6e7cc46cdb57c57688bc89b5e90e0ecea7390833a7acb2e8887d935a5,c1af2191baefddee68a7f41c97c29f7799df4bcf5372d9e9cf44a52a3b510286,seed1_solution019,0.21705248023005033198,8.5803177777001433668,1.2360505144443816317,0.40119675270316967897,0.21705248023005033198,-8.5803177777001433668,1.2360505144443816317,0.40119675270316967897,True,False,,,"[0, 0, 0, 0, 0, 0, 0, 0, 0, 0, 0, 0, 0, 0, 1, 2, 0, 0, 0, 3, 2, 0, 0, 0, 0, 0, 3, 0, 0, 0, 0, 0, 0, 0, 0, 0, 0, 0, 0, 0, 0, 0, 0, 0, 0, 0, 0, 0, 0, 0, 0, 0, 0, 0, 0, 0, 0, 0, 0, 0, 4, 0, 0, 0, 0, 4, 0, 0, 4, 0, 5, 0, 0, 0, 0, 0, 0, 0, 0, 0, 0, 0, 0, 0, 0, 0, 0, 0, 0, 0, 0, 0, 0, 0, 0, 0, 0, 0, 0, 0, 6, 0, 7, 0, 0, 0, 6, 6, 6, 1, 1, 8, 0, 9, 8, 8, 8, 8, 8, 1, 8, 8, 8, 8, 8, 10, 8, 8, 8, 8, 8, 3, 8, 8, 8, 8, 8, 8, 8, 8, 8, 8, 8, 8, 8, 8, 1, 1, 8, 8, 1, 8, 8, 1, 1, 1, 1, 9, 1, 8, 1, 1, 1, 1, 1, 3, 8, 1, 1, 8, 1, 1, 1, 1, 1, 11, 11, 11, 11, 11, 11, 1, 11, 1, 1, 1, 1, 12, 1, 12, 13, 14, 14, 12, 14, 14, 14, 14, 14, 14, 14, 14, 14, 4, 13, 15, 12, 13, 13, 13, 13, 13, 13, 13, 13, 13, 13, 13, 13, 12, 13, 13, 13, 13, 13, 13, 13, 13, 13, 12, 12, 13, 13, 13, 13, 13, 13, 13, 13, 13, 13, 13, 12, 13, 13, 12, 13, 13, 13, 13, 13, 13, 12, 13, 13, 13, 13, 13, 1, 12, 13, 13, 13, 13, 13, 13, 12, 12, 12, 12, 12, 12, 13, 12, 12, 12, 13, 13, 13, 8, 8, 8, 8, 8, 8, 1, 4, 4, 1, 4, 16, 16, 16, 16, 16, 16, 16, 16, 16, 5, 5, 5, 5, 5, 5, 5, 5, 5, 5, 5, 5, 5, 5, 5, 5, 5, 5, 5, 5, 5, 5, 5, 5, 5, 5, 5, 5, 5, 5, 5, 5, 5, 5, 4, 4, 3, 4, 12, 12, 12, 12, 12, 12, 2, 17, 12, 12, 12, 3, 3, 4, 4, 4, 4, 4, 4, 4, 4, 4, 4, 12, 12, 12, 12, 12, 12, 12, 12, 12, 12, 12, 12, 12, 4, 3, 12, 1, 12, 12, 12, 12, 12, 12, 4, 4, 16, 4, 4, 4, 4, 4, 16, 4, 4, 4, 11, 11, 12, 11, 11, 11, 11, 4, 11, 11, 11, 18, 18, 18, 18, 18, 1, 18, 18, 18, 18, 18, 18, 18, 1, 18, 12, 12, 12, 2, 12, 18, 12, 12, 12, 12, 12, 12, 12, 12, 12, 12, 12, 12, 12, 12, 3, 18, 3, 12, 12, 12, 12, 12, 12, 12, 4, 12, 4, 12, 12, 12, 12, 12, 3, 12, 12, 12, 12, 12, 12, 12, 12, 12, 18, 18, 18, 18, 1, 1, 3, 1, 1, 1, 1, 18, 18, 18, 1, 1, 1, 19, 19, 19, 19, 19, 19, 19, 19, 3, 2, 1, 0, 2, 2, 3, 3, 18, 15, 3, 3, 3, 3, 4, 1, 1, 1, 1, 1, 4, 4, 4, 12, 18, 18, 18, 18, 18, 18, 18, 18, 3, 3, 3, 3, 3, 18, 18, 0, 20, 18, 1, 18, 1, 1, 3, 3, 3, 3, 18, 18, 1, 1, 15, 1, 1, 1, 1, 3, 3, 18, 3, 3, 3, 3, 1, 1, 3, 3, 3, 3, 3, 3, 3, 3, 3, 2, 1, 1, 1, 1, 1, 1, 1, 3, 3, 18, 3, 3, 18, 1, 21, 21, 21, 21, 21, 21, 21, 21, 21, 21, 21, 21, 21, 21, 21, 21, 21, 21, 21, 21, 21, 21, 21, 1, 10, 10, 10, 10, 10, 3, 18, 22, 3, 12, 12, 19, 18, 2, 3, 18, 1, 18, 18, 3, 1, 18, 18, 8, 2, 2, 1, 2, 3, 2, 18, 3, 2, 2, 2, 2, 3, 18, 12, 12, 2, 2, 2, 8, 8, 8, 8, 5, 8, 8, 3, 22, 3, 3, 18, 3, 8, 23, 1, 24, 2, 24, 24, 24, 24, 24, 24, 24, 24, 24, 1, 1, 1, 1, 1, 1, 1, 1, 1, 1, 1, 1, 1, 1, 1, 18, 1, 8, 18, 3, 3, 3, 3, 3, 3, 3, 1, 1, 1, 1, 1, 1, 8, 1, 1, 1, 1, 3, 1, 3, 18, 18, 1, 2, 2, 2, 2, 1, 18, 1, 1, 1, 1, 2, 1, 1, 4, 4, 4, 3, 18, 4, 4, 12, 12, 12, 12, 12, 25, 12, 4, 12, 12, 4, 3, 3, 12, 12, 12, 12, 12, 12, 12, 12, 12, 12, 12, 12, 12, 4, 12, 13, 12, 13, 13, 13, 13, 1, 2, 2, 2, 2, 2, 2, 2, 2, 2, 2, 2, 2, 25, 12, 26, 26, 2, 27, 28, 2, 28, 26, 28, 26, 28, 26, 28, 26, 26, 2, 2, 2, 2, 2, 2, 2]"
stage3_declaration_method_body,stage3_declaration_method_body,declaration_method_body_v1,xerces,1,65488944220cc3a503994d6f2289e0f7bdc06c619351a2e8243bca243538c8a3,65488944220cc3a503994d6f2289e0f7bdc06c619351a2e8243bca243538c8a3,36bdeca0e1ef32f36631c30ebbf86a1875621490e92f9b4a7fd0860755676236,d81607ad9e48ef274ecf65a4e3b1b1c7c22163c3b073831ffbb506bac7601bac,7e204d1865c1ddb228cc42f6f61519e280076590a92f0965e4f1fc765b77a4ab,7d5d45f6e7cc46cdb57c57688bc89b5e90e0ecea7390833a7acb2e8887d935a5,c1af2191baefddee68a7f41c97c29f7799df4bcf5372d9e9cf44a52a3b510286,seed1_solution020,0.22927390366642702579,3.5037337214157622256,1.2282358435712035227,0.40644162109145631767,0.22927390366642702579,-3.5037337214157622256,1.2282358435712035227,0.40644162109145631767,True,False,,,"[0, 0, 0, 0, 0, 0, 0, 0, 0, 0, 0, 0, 0, 0, 1, 2, 0, 0, 0, 3, 2, 0, 0, 0, 0, 0, 3, 0, 0, 0, 0, 0, 0, 0, 0, 0, 0, 0, 0, 0, 0, 0, 0, 0, 0, 0, 0, 0, 0, 0, 0, 0, 0, 0, 0, 0, 0, 0, 0, 0, 4, 0, 0, 0, 0, 4, 0, 0, 4, 0, 5, 0, 0, 0, 0, 0, 0, 0, 0, 0, 0, 0, 0, 0, 0, 0, 0, 0, 0, 0, 0, 0, 0, 0, 0, 0, 0, 0, 0, 0, 6, 0, 7, 0, 0, 0, 6, 6, 6, 1, 1, 8, 0, 9, 8, 8, 8, 8, 8, 1, 8, 8, 8, 8, 8, 8, 8, 8, 8, 8, 8, 3, 8, 8, 8, 8, 8, 8, 8, 8, 8, 8, 8, 8, 8, 8, 1, 1, 8, 8, 1, 8, 8, 1, 1, 1, 1, 9, 1, 8, 1, 1, 1, 1, 1, 3, 8, 1, 1, 8, 1, 1, 1, 1, 1, 10, 10, 10, 9, 10, 10, 1, 10, 1, 1, 1, 1, 11, 1, 11, 12, 13, 13, 11, 13, 13, 13, 13, 13, 13, 13, 13, 13, 4, 12, 14, 11, 12, 12, 12, 12, 12, 12, 12, 12, 12, 12, 12, 12, 11, 12, 12, 12, 12, 12, 12, 12, 12, 12, 11, 11, 12, 12, 12, 12, 12, 12, 12, 12, 12, 12, 12, 11, 12, 12, 11, 12, 12, 12, 12, 12, 12, 11, 12, 12, 12, 12, 12, 1, 11, 12, 12, 12, 12, 12, 12, 11, 11, 11, 11, 11, 11, 12, 11, 11, 11, 12, 12, 12, 8, 8, 8, 8, 8, 8, 1, 4, 4, 1, 4, 15, 15, 15, 15, 15, 15, 15, 15, 15, 5, 5, 5, 5, 5, 5, 5, 5, 5, 5, 5, 5, 5, 5, 5, 5, 5, 5, 5, 5, 16, 5, 5, 5, 5, 5, 5, 5, 5, 5, 5, 5, 5, 5, 4, 4, 14, 4, 11, 11, 11, 17, 11, 11, 2, 18, 11, 11, 11, 3, 3, 4, 4, 4, 4, 4, 4, 4, 4, 4, 4, 11, 11, 11, 11, 11, 11, 11, 11, 11, 11, 11, 11, 11, 4, 3, 11, 1, 11, 11, 11, 11, 11, 11, 4, 4, 15, 4, 4, 4, 4, 4, 15, 4, 4, 4, 10, 10, 11, 10, 10, 10, 10, 4, 10, 10, 10, 19, 19, 19, 19, 19, 1, 19, 19, 19, 19, 19, 19, 19, 1, 19, 11, 11, 11, 2, 11, 19, 11, 11, 11, 11, 11, 11, 11, 11, 11, 11, 11, 11, 11, 11, 3, 19, 3, 11, 11, 11, 11, 11, 11, 11, 4, 11, 4, 11, 11, 11, 11, 11, 3, 11, 11, 11, 11, 11, 11, 11, 11, 11, 19, 19, 19, 19, 1, 1, 3, 1, 1, 1, 1, 19, 19, 19, 1, 1, 1, 20, 20, 20, 20, 20, 20, 20, 20, 3, 2, 1, 0, 2, 2, 3, 3, 19, 14, 3, 3, 3, 3, 4, 1, 1, 1, 1, 1, 4, 4, 4, 11, 19, 19, 19, 19, 19, 19, 19, 19, 3, 3, 3, 3, 3, 19, 19, 0, 16, 19, 1, 19, 1, 1, 3, 3, 3, 3, 19, 19, 1, 1, 14, 1, 1, 1, 1, 3, 3, 19, 3, 3, 3, 3, 1, 1, 3, 3, 3, 3, 3, 3, 3, 3, 3, 2, 1, 1, 1, 1, 1, 1, 1, 3, 3, 19, 3, 3, 19, 1, 21, 21, 21, 21, 21, 21, 21, 21, 21, 21, 21, 21, 21, 21, 21, 21, 21, 21, 21, 21, 21, 21, 21, 1, 22, 22, 22, 22, 22, 3, 19, 23, 3, 11, 11, 20, 19, 2, 3, 19, 1, 19, 19, 3, 1, 19, 19, 8, 2, 2, 1, 2, 3, 2, 19, 3, 2, 2, 2, 2, 3, 19, 11, 11, 2, 2, 2, 8, 8, 8, 8, 5, 8, 8, 3, 23, 3, 3, 19, 3, 8, 24, 1, 25, 2, 25, 25, 25, 25, 25, 25, 25, 25, 25, 1, 1, 1, 1, 1, 1, 1, 1, 1, 1, 1, 1, 1, 1, 1, 19, 1, 8, 19, 3, 3, 3, 3, 3, 3, 3, 1, 1, 1, 1, 1, 1, 8, 1, 1, 1, 1, 3, 1, 3, 19, 19, 1, 2, 2, 2, 2, 1, 19, 1, 1, 1, 1, 2, 1, 1, 4, 4, 4, 3, 19, 4, 4, 11, 11, 11, 11, 11, 26, 11, 4, 11, 11, 4, 3, 3, 11, 11, 11, 11, 11, 11, 11, 11, 11, 11, 11, 11, 11, 4, 11, 12, 11, 12, 12, 12, 12, 1, 2, 2, 2, 2, 2, 23, 2, 2, 2, 2, 2, 2, 26, 11, 17, 17, 2, 27, 28, 2, 28, 17, 28, 17, 28, 17, 28, 17, 17, 2, 2, 2, 2, 2, 2, 2]"
stage3_declaration_method_body,stage3_declaration_method_body,declaration_method_body_v1,xerces,1,65488944220cc3a503994d6f2289e0f7bdc06c619351a2e8243bca243538c8a3,65488944220cc3a503994d6f2289e0f7bdc06c619351a2e8243bca243538c8a3,36bdeca0e1ef32f36631c30ebbf86a1875621490e92f9b4a7fd0860755676236,d81607ad9e48ef274ecf65a4e3b1b1c7c22163c3b073831ffbb506bac7601bac,7e204d1865c1ddb228cc42f6f61519e280076590a92f0965e4f1fc765b77a4ab,7d5d45f6e7cc46cdb57c57688bc89b5e90e0ecea7390833a7acb2e8887d935a5,c1af2191baefddee68a7f41c97c29f7799df4bcf5372d9e9cf44a52a3b510286,seed1_solution021,0.24339324227174694015,3.7578734763969232624,1.2072461007851043036,0.42496217898568089399,0.24339324227174694015,-3.7578734763969232624,1.2072461007851043036,0.42496217898568089399,True,False,,,"[0, 0, 0, 0, 0, 0, 0, 0, 0, 0, 0, 0, 0, 0, 1, 2, 0, 0, 0, 3, 2, 0, 0, 0, 0, 0, 3, 0, 0, 0, 0, 0, 0, 0, 0, 0, 0, 0, 0, 0, 0, 0, 0, 0, 0, 0, 0, 0, 0, 0, 0, 0, 0, 0, 0, 0, 0, 0, 0, 0, 4, 0, 0, 0, 0, 4, 0, 0, 4, 0, 5, 0, 0, 0, 0, 0, 0, 0, 0, 0, 0, 0, 0, 0, 0, 0, 0, 0, 0, 0, 0, 0, 0, 0, 0, 0, 0, 0, 0, 0, 6, 0, 7, 0, 0, 0, 6, 6, 6, 1, 1, 8, 0, 9, 8, 8, 8, 8, 8, 1, 8, 8, 8, 8, 8, 8, 8, 8, 8, 8, 8, 3, 8, 8, 8, 8, 8, 8, 8, 8, 8, 8, 8, 8, 8, 8, 1, 1, 8, 8, 1, 8, 8, 1, 1, 1, 1, 9, 1, 8, 1, 1, 1, 1, 1, 3, 8, 1, 1, 8, 1, 1, 1, 1, 1, 10, 10, 10, 10, 10, 10, 1, 10, 1, 1, 1, 1, 11, 1, 11, 12, 13, 13, 11, 13, 13, 13, 13, 13, 13, 13, 13, 13, 4, 12, 14, 11, 12, 12, 12, 12, 12, 12, 12, 12, 12, 12, 12, 12, 11, 12, 12, 12, 12, 12, 12, 12, 12, 12, 11, 11, 12, 12, 12, 12, 12, 12, 12, 12, 12, 12, 12, 11, 12, 12, 11, 12, 12, 12, 12, 12, 12, 11, 12, 12, 12, 12, 12, 1, 11, 12, 12, 12, 12, 12, 12, 11, 11, 11, 11, 11, 11, 12, 11, 11, 11, 12, 12, 12, 8, 8, 8, 8, 8, 8, 1, 4, 4, 1, 4, 15, 15, 15, 15, 15, 15, 15, 15, 15, 5, 5, 5, 5, 5, 5, 5, 5, 5, 5, 5, 5, 5, 5, 5, 5, 5, 5, 5, 5, 5, 5, 5, 5, 5, 5, 5, 5, 5, 5, 5, 5, 5, 5, 4, 4, 3, 4, 11, 11, 11, 11, 11, 11, 2, 16, 11, 11, 11, 3, 3, 4, 4, 4, 4, 4, 4, 4, 4, 4, 4, 11, 11, 11, 11, 11, 11, 11, 11, 11, 11, 11, 11, 11, 4, 3, 11, 1, 11, 11, 11, 11, 11, 11, 4, 4, 15, 4, 4, 4, 4, 4, 15, 4, 4, 4, 10, 10, 11, 10, 10, 10, 10, 4, 10, 10, 10, 17, 18, 18, 18, 18, 1, 17, 18, 17, 18, 18, 18, 17, 1, 17, 11, 11, 11, 2, 11, 17, 11, 11, 11, 11, 11, 11, 11, 11, 11, 11, 11, 11, 11, 11, 3, 17, 3, 11, 11, 11, 11, 11, 11, 11, 4, 11, 4, 11, 11, 11, 11, 11, 3, 11, 11, 11, 11, 11, 11, 11, 11, 11, 17, 18, 18, 17, 1, 1, 3, 1, 1, 1, 1, 18, 18, 17, 1, 1, 1, 19, 20, 20, 19, 19, 19, 20, 19, 3, 2, 1, 0, 2, 2, 3, 3, 17, 14, 3, 3, 3, 3, 4, 1, 1, 21, 1, 1, 4, 4, 4, 11, 17, 17, 18, 18, 18, 17, 18, 18, 3, 3, 3, 3, 3, 18, 17, 0, 18, 18, 1, 18, 1, 1, 3, 3, 3, 3, 17, 17, 1, 1, 14, 1, 1, 1, 1, 3, 3, 17, 3, 3, 3, 3, 1, 1, 3, 3, 3, 3, 3, 3, 3, 3, 3, 2, 1, 1, 1, 1, 1, 1, 1, 3, 3, 18, 3, 3, 18, 1, 22, 22, 22, 22, 22, 19, 19, 19, 19, 22, 19, 22, 22, 22, 19, 19, 19, 22, 19, 22, 22, 22, 22, 1, 23, 23, 22, 22, 23, 3, 17, 21, 3, 11, 11, 20, 17, 2, 3, 17, 1, 17, 18, 3, 1, 18, 18, 8, 2, 2, 1, 2, 3, 2, 18, 3, 2, 2, 2, 2, 3, 17, 11, 11, 2, 2, 2, 8, 8, 8, 8, 5, 8, 8, 3, 21, 3, 3, 18, 3, 8, 24, 1, 24, 2, 25, 25, 24, 25, 24, 24, 24, 25, 25, 1, 1, 1, 1, 1, 1, 1, 1, 1, 1, 1, 1, 1, 1, 1, 18, 1, 8, 18, 3, 3, 3, 3, 3, 3, 3, 1, 1, 1, 1, 1, 1, 8, 1, 1, 1, 1, 3, 1, 3, 17, 18, 1, 2, 2, 2, 2, 1, 18, 1, 1, 1, 1, 2, 1, 1, 4, 4, 4, 3, 18, 4, 4, 11, 11, 11, 11, 11, 25, 11, 4, 11, 11, 4, 3, 3, 11, 11, 11, 11, 11, 11, 11, 11, 11, 11, 11, 11, 11, 4, 11, 12, 11, 12, 12, 12, 12, 1, 2, 2, 2, 2, 2, 2, 2, 2, 2, 2, 2, 2, 26, 11, 17, 17, 2, 27, 28, 2, 28, 26, 28, 26, 28, 17, 28, 17, 26, 2, 2, 2, 2, 2, 2, 2]"
stage3_declaration_method_body,stage3_declaration_method_body,declaration_method_body_v1,xerces,1,65488944220cc3a503994d6f2289e0f7bdc06c619351a2e8243bca243538c8a3,65488944220cc3a503994d6f2289e0f7bdc06c619351a2e8243bca243538c8a3,36bdeca0e1ef32f36631c30ebbf86a1875621490e92f9b4a7fd0860755676236,d81607ad9e48ef274ecf65a4e3b1b1c7c22163c3b073831ffbb506bac7601bac,7e204d1865c1ddb228cc42f6f61519e280076590a92f0965e4f1fc765b77a4ab,7d5d45f6e7cc46cdb57c57688bc89b5e90e0ecea7390833a7acb2e8887d935a5,c1af2191baefddee68a7f41c97c29f7799df4bcf5372d9e9cf44a52a3b510286,seed1_solution022,0.25598849748382457303,3.6036147160315734617,1.1936101751652736791,0.43425309468360795417,0.25598849748382457303,-3.6036147160315734617,1.1936101751652736791,0.43425309468360795417,True,False,,,"[0, 0, 0, 0, 0, 0, 0, 0, 0, 0, 0, 0, 0, 0, 1, 2, 0, 0, 0, 3, 2, 0, 0, 0, 0, 0, 3, 0, 0, 0, 0, 0, 0, 0, 0, 0, 0, 0, 0, 0, 0, 0, 0, 0, 0, 0, 0, 0, 0, 0, 0, 0, 0, 0, 0, 0, 0, 0, 0, 0, 4, 0, 0, 0, 0, 4, 0, 0, 4, 0, 5, 0, 0, 0, 0, 0, 6, 0, 0, 0, 0, 0, 0, 0, 0, 0, 0, 0, 0, 0, 0, 0, 0, 0, 7, 0, 0, 0, 0, 0, 8, 0, 9, 0, 0, 0, 8, 8, 8, 1, 1, 10, 0, 11, 10, 10, 10, 10, 10, 1, 10, 10, 10, 10, 10, 10, 10, 10, 10, 10, 10, 3, 10, 10, 10, 10, 10, 10, 10, 10, 10, 10, 10, 10, 10, 10, 1, 1, 10, 10, 1, 10, 10, 1, 1, 1, 1, 11, 1, 10, 1, 1, 1, 1, 1, 3, 10, 1, 1, 10, 1, 1, 1, 1, 1, 12, 12, 12, 12, 12, 12, 1, 12, 1, 1, 1, 1, 13, 1, 13, 14, 15, 15, 13, 15, 15, 15, 15, 15, 15, 15, 15, 15, 4, 14, 16, 13, 14, 14, 14, 14, 14, 14, 14, 14, 14, 14, 14, 14, 13, 14, 14, 14, 14, 14, 14, 14, 14, 14, 13, 13, 14, 14, 14, 14, 14, 14, 14, 14, 14, 14, 14, 13, 14, 14, 13, 14, 14, 14, 14, 14, 14, 13, 14, 17, 14, 14, 14, 1, 13, 14, 14, 14, 14, 14, 14, 13, 13, 13, 13, 13, 13, 14, 13, 13, 13, 14, 14, 14, 10, 10, 10, 10, 10, 10, 1, 4, 4, 1, 4, 18, 18, 18, 18, 18, 18, 18, 18, 18, 5, 5, 5, 5, 5, 5, 5, 5, 5, 5, 5, 5, 5, 5, 5, 5, 5, 5, 5, 5, 5, 5, 5, 5, 5, 5, 5, 5, 5, 5, 5, 5, 5, 5, 4, 4, 3, 4, 13, 13, 13, 13, 13, 13, 2, 19, 13, 13, 13, 3, 3, 4, 4, 4, 4, 4, 4, 4, 4, 4, 4, 13, 13, 13, 13, 13, 13, 13, 13, 13, 13, 13, 13, 13, 4, 3, 13, 1, 13, 13, 13, 13, 13, 13, 4, 4, 18, 4, 4, 4, 4, 4, 18, 4, 4, 4, 12, 12, 13, 12, 12, 12, 12, 4, 12, 12, 12, 7, 20, 20, 20, 20, 1, 7, 20, 7, 20, 20, 20, 7, 1, 7, 13, 13, 13, 2, 13, 7, 13, 13, 13, 13, 13, 13, 13, 13, 13, 13, 13, 13, 13, 13, 3, 7, 3, 13, 13, 13, 13, 13, 13, 13, 4, 13, 4, 13, 13, 13, 13, 13, 3, 13, 13, 13, 13, 13, 13, 13, 13, 13, 7, 20, 20, 7, 1, 1, 3, 1, 1, 1, 1, 20, 20, 7, 1, 1, 1, 21, 17, 17, 21, 21, 21, 17, 21, 3, 2, 1, 0, 2, 2, 3, 3, 7, 16, 3, 3, 3, 3, 4, 1, 1, 22, 1, 1, 4, 4, 4, 13, 7, 7, 20, 20, 20, 7, 20, 20, 3, 3, 3, 3, 3, 20, 7, 0, 20, 20, 1, 20, 1, 1, 3, 3, 3, 3, 7, 7, 1, 1, 16, 1, 1, 1, 1, 3, 3, 7, 3, 3, 3, 3, 1, 1, 3, 3, 3, 3, 3, 3, 3, 3, 3, 2, 1, 1, 1, 1, 1, 1, 1, 3, 3, 20, 17, 3, 20, 1, 23, 23, 23, 23, 23, 21, 21, 21, 21, 23, 21, 23, 23, 23, 21, 21, 21, 23, 21, 23, 23, 23, 23, 1, 24, 24, 23, 23, 24, 3, 7, 22, 3, 13, 13, 17, 7, 2, 3, 7, 1, 7, 20, 3, 1, 20, 20, 10, 2, 2, 1, 2, 3, 2, 20, 3, 2, 2, 2, 2, 3, 7, 13, 13, 2, 2, 2, 10, 10, 10, 10, 5, 10, 10, 3, 22, 3, 3, 20, 3, 10, 25, 1, 25, 2, 26, 26, 25, 26, 25, 25, 25, 26, 26, 1, 1, 1, 1, 1, 1, 1, 1, 20, 1, 1, 1, 1, 1, 1, 20, 1, 10, 20, 3, 3, 3, 3, 3, 3, 3, 1, 1, 1, 1, 1, 1, 10, 1, 1, 1, 1, 3, 1, 3, 7, 20, 1, 2, 2, 2, 2, 1, 20, 1, 1, 1, 1, 2, 1, 1, 4, 4, 4, 3, 20, 4, 4, 13, 13, 13, 13, 13, 26, 13, 4, 13, 13, 4, 3, 3, 13, 13, 13, 13, 13, 13, 13, 13, 13, 13, 13, 13, 13, 4, 13, 14, 13, 14, 14, 14, 14, 1, 2, 2, 2, 2, 2, 2, 2, 2, 2, 7, 2, 2, 27, 13, 7, 7, 2, 28, 6, 2, 6, 27, 6, 27, 6, 7, 6, 7, 27, 2, 2, 2, 2, 2, 2, 2]"
stage3_declaration_method_body,stage3_declaration_method_body,declaration_method_body_v1,xerces,1,65488944220cc3a503994d6f2289e0f7bdc06c619351a2e8243bca243538c8a3,65488944220cc3a503994d6f2289e0f7bdc06c619351a2e8243bca243538c8a3,36bdeca0e1ef32f36631c30ebbf86a1875621490e92f9b4a7fd0860755676236,d81607ad9e48ef274ecf65a4e3b1b1c7c22163c3b073831ffbb506bac7601bac,7e204d1865c1ddb228cc42f6f61519e280076590a92f0965e4f1fc765b77a4ab,7d5d45f6e7cc46cdb57c57688bc89b5e90e0ecea7390833a7acb2e8887d935a5,c1af2191baefddee68a7f41c97c29f7799df4bcf5372d9e9cf44a52a3b510286,seed1_solution023,0.2799712437095614459,8.1560170423544686713,1.2233331095966042401,0.4461879574491695033,0.2799712437095614459,-8.1560170423544686713,1.2233331095966042401,0.4461879574491695033,True,False,,,"[0, 0, 0, 0, 0, 0, 0, 0, 0, 0, 0, 0, 0, 0, 1, 2, 0, 0, 0, 3, 2, 0, 0, 0, 0, 0, 3, 0, 0, 0, 0, 0, 0, 0, 0, 0, 0, 0, 0, 0, 0, 0, 0, 0, 0, 0, 0, 0, 0, 0, 0, 0, 0, 0, 0, 0, 0, 0, 0, 0, 0, 0, 0, 0, 0, 4, 0, 0, 4, 0, 0, 0, 0, 0, 0, 0, 0, 0, 0, 0, 0, 0, 0, 0, 0, 0, 0, 0, 0, 3, 0, 0, 1, 0, 0, 0, 0, 0, 0, 0, 5, 0, 5, 0, 0, 0, 5, 5, 4, 1, 1, 6, 0, 7, 6, 8, 8, 6, 6, 1, 6, 7, 6, 6, 6, 6, 6, 6, 6, 6, 6, 3, 6, 6, 1, 6, 6, 6, 6, 6, 6, 6, 6, 6, 6, 6, 1, 1, 6, 6, 1, 6, 6, 1, 1, 1, 1, 1, 1, 7, 1, 1, 1, 1, 1, 3, 6, 1, 1, 6, 1, 1, 1, 1, 1, 9, 9, 9, 9, 9, 9, 1, 9, 1, 1, 1, 1, 10, 3, 10, 11, 12, 12, 10, 12, 12, 12, 12, 12, 12, 12, 12, 12, 4, 11, 10, 10, 11, 11, 11, 11, 11, 11, 11, 11, 11, 11, 11, 11, 10, 11, 11, 11, 11, 11, 11, 11, 11, 11, 10, 10, 11, 11, 11, 11, 11, 11, 11, 11, 11, 12, 11, 10, 11, 11, 10, 11, 11, 11, 11, 11, 11, 10, 11, 11, 11, 11, 11, 1, 10, 11, 11, 11, 11, 11, 11, 10, 10, 10, 10, 10, 10, 11, 10, 10, 10, 11, 11, 11, 6, 6, 8, 6, 6, 6, 1, 4, 4, 1, 4, 13, 13, 13, 13, 13, 13, 13, 13, 13, 14, 14, 14, 14, 14, 14, 14, 14, 15, 14, 14, 14, 14, 14, 14, 14, 14, 14, 14, 14, 14, 14, 14, 14, 14, 14, 14, 14, 14, 14, 14, 14, 14, 14, 4, 4, 3, 4, 10, 10, 10, 10, 10, 10, 2, 15, 10, 10, 10, 3, 3, 4, 4, 16, 4, 4, 4, 4, 4, 4, 4, 10, 10, 10, 10, 10, 10, 10, 10, 10, 10, 10, 10, 5, 4, 3, 10, 1, 10, 10, 10, 10, 5, 10, 4, 4, 13, 4, 4, 4, 4, 4, 13, 4, 4, 4, 9, 5, 10, 9, 9, 9, 9, 4, 9, 9, 9, 17, 18, 18, 17, 17, 1, 17, 18, 18, 17, 17, 17, 17, 1, 17, 10, 10, 10, 2, 10, 18, 10, 10, 10, 10, 10, 10, 10, 10, 10, 10, 10, 10, 10, 10, 3, 17, 3, 10, 10, 10, 10, 10, 10, 10, 4, 10, 4, 10, 10, 8, 10, 10, 3, 10, 10, 10, 10, 10, 10, 10, 10, 10, 17, 17, 17, 17, 1, 1, 3, 1, 1, 1, 1, 17, 17, 17, 1, 1, 1, 19, 17, 19, 19, 18, 8, 18, 19, 3, 2, 1, 0, 2, 2, 3, 3, 17, 3, 3, 3, 3, 3, 4, 1, 1, 1, 1, 1, 4, 4, 4, 4, 18, 18, 17, 17, 17, 17, 18, 17, 3, 3, 3, 3, 3, 17, 17, 0, 19, 17, 1, 17, 1, 1, 3, 3, 3, 3, 17, 17, 1, 1, 20, 1, 1, 1, 1, 3, 3, 17, 3, 3, 3, 3, 1, 1, 3, 3, 3, 3, 3, 3, 3, 3, 3, 2, 3, 21, 1, 1, 1, 1, 1, 3, 3, 17, 3, 3, 17, 1, 22, 21, 22, 21, 22, 22, 22, 22, 22, 21, 22, 22, 22, 21, 22, 22, 22, 22, 22, 22, 22, 22, 21, 1, 21, 21, 21, 21, 21, 3, 18, 23, 6, 10, 10, 19, 17, 2, 3, 17, 1, 18, 18, 3, 1, 18, 17, 7, 2, 2, 1, 2, 3, 2, 17, 3, 2, 2, 2, 2, 3, 17, 10, 10, 2, 2, 2, 6, 6, 7, 6, 8, 6, 6, 3, 23, 3, 3, 17, 3, 6, 24, 1, 25, 16, 25, 25, 25, 16, 25, 25, 16, 25, 25, 1, 1, 1, 1, 1, 1, 1, 1, 1, 9, 1, 1, 1, 1, 1, 17, 1, 6, 17, 3, 3, 3, 3, 3, 3, 3, 1, 1, 1, 1, 1, 1, 6, 1, 3, 1, 1, 3, 1, 3, 17, 17, 1, 2, 2, 2, 2, 1, 17, 1, 1, 1, 1, 2, 1, 1, 4, 4, 4, 3, 17, 4, 4, 10, 10, 10, 10, 10, 10, 10, 1, 10, 10, 4, 3, 3, 10, 10, 10, 10, 10, 10, 10, 10, 10, 10, 10, 10, 10, 4, 10, 12, 10, 26, 11, 11, 11, 1, 2, 2, 2, 2, 2, 2, 2, 2, 2, 2, 2, 2, 16, 27, 26, 26, 2, 28, 29, 2, 26, 26, 26, 26, 26, 26, 27, 26, 26, 2, 2, 2, 2, 2, 2, 2]"
stage3_declaration_method_body,stage3_declaration_method_body,declaration_method_body_v1,xerces,1,65488944220cc3a503994d6f2289e0f7bdc06c619351a2e8243bca243538c8a3,65488944220cc3a503994d6f2289e0f7bdc06c619351a2e8243bca243538c8a3,36bdeca0e1ef32f36631c30ebbf86a1875621490e92f9b4a7fd0860755676236,d81607ad9e48ef274ecf65a4e3b1b1c7c22163c3b073831ffbb506bac7601bac,7e204d1865c1ddb228cc42f6f61519e280076590a92f0965e4f1fc765b77a4ab,7d5d45f6e7cc46cdb57c57688bc89b5e90e0ecea7390833a7acb2e8887d935a5,c1af2191baefddee68a7f41c97c29f7799df4bcf5372d9e9cf44a52a3b510286,seed1_solution024,0.28048885693745506664,8.1731916078725586061,1.2234441367645743082,0.44843079100851068741,0.28048885693745506664,-8.1731916078725586061,1.2234441367645743082,0.44843079100851068741,True,False,,,"[0, 0, 0, 0, 0, 0, 0, 0, 0, 0, 0, 0, 0, 0, 1, 2, 0, 0, 0, 3, 2, 0, 0, 0, 0, 0, 3, 0, 0, 0, 0, 0, 0, 0, 0, 0, 0, 0, 0, 0, 0, 0, 0, 0, 0, 0, 0, 0, 0, 0, 0, 0, 0, 0, 0, 0, 0, 0, 0, 0, 0, 0, 0, 0, 0, 4, 0, 0, 4, 0, 0, 0, 0, 0, 0, 0, 0, 0, 0, 0, 0, 0, 0, 0, 0, 0, 0, 0, 0, 3, 0, 0, 1, 0, 0, 0, 0, 0, 0, 0, 5, 0, 5, 0, 0, 0, 5, 5, 4, 1, 1, 6, 0, 7, 6, 8, 8, 6, 6, 1, 6, 7, 6, 6, 6, 6, 6, 6, 6, 6, 6, 3, 6, 6, 1, 6, 6, 6, 6, 6, 6, 6, 6, 6, 6, 6, 1, 1, 6, 6, 1, 6, 6, 1, 1, 1, 1, 1, 1, 7, 1, 1, 1, 1, 1, 3, 6, 1, 1, 6, 1, 1, 1, 1, 1, 4, 9, 9, 9, 9, 9, 1, 9, 1, 1, 1, 1, 10, 3, 10, 11, 12, 12, 10, 12, 12, 12, 12, 12, 12, 12, 12, 12, 4, 11, 10, 10, 11, 11, 11, 11, 11, 11, 11, 11, 11, 11, 11, 11, 10, 11, 11, 11, 11, 11, 11, 11, 11, 11, 10, 10, 11, 11, 11, 11, 11, 11, 11, 11, 11, 12, 11, 10, 11, 11, 10, 11, 11, 11, 11, 11, 11, 10, 11, 11, 11, 11, 11, 1, 10, 11, 11, 11, 11, 11, 11, 10, 10, 10, 10, 10, 10, 11, 10, 10, 10, 11, 11, 11, 6, 6, 8, 6, 6, 6, 1, 4, 4, 1, 4, 13, 13, 13, 13, 13, 13, 13, 13, 13, 14, 14, 14, 14, 14, 14, 14, 14, 15, 14, 14, 14, 14, 14, 14, 14, 14, 14, 14, 14, 14, 14, 14, 14, 14, 14, 14, 14, 14, 14, 14, 14, 14, 14, 4, 4, 3, 4, 10, 10, 10, 10, 10, 10, 2, 15, 10, 10, 10, 3, 3, 4, 4, 16, 4, 4, 4, 4, 4, 4, 4, 10, 10, 10, 10, 10, 10, 10, 10, 10, 10, 10, 10, 5, 4, 3, 10, 1, 10, 10, 10, 10, 5, 10, 4, 4, 13, 4, 4, 4, 4, 4, 13, 4, 4, 4, 9, 5, 10, 9, 9, 9, 9, 4, 9, 9, 9, 17, 18, 18, 17, 17, 1, 17, 18, 18, 17, 17, 17, 17, 1, 17, 10, 10, 10, 2, 10, 18, 10, 10, 10, 10, 10, 10, 10, 10, 10, 10, 10, 10, 10, 10, 4, 17, 3, 10, 10, 10, 10, 10, 10, 10, 4, 10, 4, 10, 10, 8, 10, 10, 3, 10, 10, 10, 10, 10, 10, 10, 10, 10, 17, 17, 17, 17, 1, 1, 3, 1, 1, 1, 1, 17, 17, 17, 1, 1, 1, 19, 17, 19, 19, 18, 8, 18, 19, 3, 2, 1, 0, 2, 2, 3, 3, 17, 3, 3, 3, 3, 3, 4, 1, 1, 1, 1, 1, 4, 4, 4, 4, 18, 18, 17, 17, 17, 17, 18, 17, 3, 3, 3, 3, 3, 17, 17, 0, 19, 17, 1, 17, 1, 1, 3, 3, 3, 3, 17, 17, 1, 1, 20, 1, 1, 1, 1, 3, 3, 17, 3, 3, 3, 3, 1, 1, 3, 3, 3, 3, 3, 3, 3, 3, 3, 2, 3, 21, 1, 1, 1, 1, 1, 3, 3, 17, 3, 3, 17, 1, 22, 21, 22, 21, 22, 22, 22, 22, 22, 21, 22, 22, 22, 21, 22, 22, 22, 22, 22, 22, 22, 22, 21, 1, 21, 21, 21, 21, 21, 3, 18, 23, 6, 10, 10, 19, 17, 2, 3, 17, 1, 18, 18, 3, 1, 18, 17, 7, 2, 2, 1, 2, 3, 2, 17, 3, 2, 2, 2, 2, 3, 17, 10, 10, 2, 2, 2, 6, 6, 7, 6, 8, 6, 6, 3, 23, 3, 3, 17, 3, 6, 24, 1, 25, 16, 25, 25, 25, 16, 25, 25, 16, 25, 25, 1, 1, 1, 1, 1, 1, 1, 1, 1, 9, 1, 1, 1, 1, 1, 17, 1, 6, 17, 3, 3, 3, 3, 3, 3, 3, 1, 1, 1, 1, 1, 1, 6, 1, 3, 1, 1, 3, 1, 3, 17, 17, 1, 2, 2, 2, 2, 1, 17, 1, 1, 1, 1, 2, 1, 1, 4, 4, 4, 3, 17, 4, 4, 10, 10, 10, 10, 10, 10, 10, 1, 10, 10, 4, 3, 3, 10, 10, 10, 10, 10, 10, 10, 10, 10, 10, 10, 10, 10, 4, 10, 12, 10, 26, 11, 11, 11, 1, 2, 2, 2, 2, 2, 2, 2, 2, 2, 2, 2, 2, 16, 27, 26, 26, 2, 28, 29, 2, 26, 26, 26, 26, 26, 26, 27, 26, 26, 2, 2, 2, 2, 2, 2, 2]"
stage3_declaration_method_body,stage3_declaration_method_body,declaration_method_body_v1,xerces,1,65488944220cc3a503994d6f2289e0f7bdc06c619351a2e8243bca243538c8a3,65488944220cc3a503994d6f2289e0f7bdc06c619351a2e8243bca243538c8a3,36bdeca0e1ef32f36631c30ebbf86a1875621490e92f9b4a7fd0860755676236,d81607ad9e48ef274ecf65a4e3b1b1c7c22163c3b073831ffbb506bac7601bac,7e204d1865c1ddb228cc42f6f61519e280076590a92f0965e4f1fc765b77a4ab,7d5d45f6e7cc46cdb57c57688bc89b5e90e0ecea7390833a7acb2e8887d935a5,c1af2191baefddee68a7f41c97c29f7799df4bcf5372d9e9cf44a52a3b510286,seed1_solution025,0.28759166067577279779,2.1516121156325733743,1.178591835467877269,0.44306502758253640817,0.28759166067577279779,-2.1516121156325733743,1.178591835467877269,0.44306502758253640817,True,False,,,"[0, 0, 0, 0, 0, 0, 0, 0, 0, 0, 0, 0, 0, 0, 1, 2, 0, 0, 0, 3, 4, 0, 0, 0, 0, 0, 3, 0, 0, 0, 0, 0, 0, 0, 0, 0, 0, 0, 0, 0, 0, 0, 0, 0, 0, 5, 0, 0, 0, 0, 0, 0, 0, 0, 0, 0, 0, 0, 0, 0, 6, 0, 0, 0, 0, 6, 0, 0, 6, 0, 7, 0, 0, 0, 0, 0, 0, 0, 0, 0, 0, 0, 0, 0, 8, 0, 0, 0, 0, 0, 0, 0, 0, 0, 0, 0, 0, 0, 0, 0, 5, 0, 9, 0, 0, 0, 5, 5, 5, 1, 1, 10, 0, 11, 10, 10, 10, 10, 10, 12, 10, 10, 10, 10, 10, 10, 10, 10, 10, 10, 10, 3, 10, 10, 10, 10, 10, 10, 10, 10, 10, 10, 10, 10, 10, 10, 1, 1, 10, 10, 1, 10, 10, 1, 1, 1, 1, 11, 1, 10, 1, 1, 1, 1, 1, 3, 10, 1, 1, 10, 1, 1, 1, 1, 1, 13, 13, 13, 11, 13, 13, 1, 13, 1, 1, 1, 1, 14, 1, 14, 15, 16, 16, 14, 16, 16, 16, 16, 16, 16, 16, 16, 16, 6, 15, 17, 14, 15, 15, 15, 15, 15, 15, 15, 15, 15, 15, 15, 15, 14, 15, 15, 15, 15, 15, 15, 15, 15, 15, 14, 14, 15, 15, 15, 15, 15, 15, 15, 15, 15, 15, 15, 14, 15, 15, 14, 15, 15, 15, 15, 15, 15, 14, 15, 15, 15, 15, 15, 1, 14, 15, 15, 15, 15, 15, 15, 13, 14, 14, 14, 14, 14, 15, 14, 14, 17, 15, 15, 15, 10, 10, 10, 10, 10, 10, 1, 6, 6, 1, 6, 18, 18, 18, 18, 18, 18, 18, 18, 18, 7, 7, 7, 7, 7, 7, 7, 7, 7, 7, 7, 7, 7, 7, 7, 7, 7, 7, 7, 7, 19, 7, 7, 7, 7, 7, 7, 7, 7, 7, 7, 7, 7, 7, 6, 6, 3, 6, 14, 14, 14, 20, 14, 14, 4, 21, 14, 14, 14, 3, 3, 6, 6, 6, 6, 6, 6, 6, 6, 6, 6, 14, 14, 5, 14, 14, 14, 14, 14, 14, 14, 14, 14, 14, 6, 3, 14, 1, 14, 14, 14, 14, 14, 14, 6, 6, 18, 6, 6, 6, 6, 6, 18, 6, 6, 6, 13, 13, 14, 13, 13, 13, 13, 6, 13, 13, 13, 22, 20, 20, 20, 20, 1, 22, 20, 22, 20, 20, 20, 22, 1, 22, 14, 14, 14, 4, 14, 22, 14, 14, 16, 14, 14, 14, 14, 14, 14, 14, 14, 14, 14, 14, 3, 22, 3, 14, 14, 14, 14, 14, 14, 14, 6, 14, 6, 14, 14, 14, 14, 14, 3, 14, 14, 14, 14, 14, 14, 14, 14, 14, 22, 20, 20, 22, 1, 1, 3, 1, 1, 1, 1, 20, 20, 22, 1, 1, 1, 21, 23, 23, 21, 21, 21, 23, 21, 3, 4, 1, 0, 4, 4, 3, 3, 22, 17, 3, 3, 3, 3, 6, 1, 1, 1, 1, 1, 6, 6, 6, 14, 22, 22, 20, 20, 20, 22, 20, 20, 3, 3, 3, 3, 3, 20, 22, 0, 19, 20, 1, 20, 1, 1, 3, 3, 3, 3, 22, 22, 1, 1, 17, 1, 1, 1, 1, 3, 3, 22, 3, 3, 3, 3, 1, 1, 3, 3, 3, 3, 3, 3, 3, 3, 3, 4, 1, 1, 1, 1, 1, 1, 1, 3, 3, 20, 3, 3, 20, 1, 23, 23, 23, 23, 23, 2, 2, 2, 2, 23, 2, 23, 23, 23, 2, 2, 2, 23, 2, 23, 23, 23, 23, 1, 2, 2, 24, 24, 2, 3, 22, 24, 3, 14, 14, 23, 22, 4, 3, 20, 1, 22, 20, 3, 1, 20, 20, 10, 4, 4, 1, 4, 3, 4, 20, 3, 4, 4, 4, 4, 3, 22, 14, 14, 4, 4, 4, 10, 10, 10, 10, 7, 10, 10, 3, 24, 3, 3, 20, 3, 10, 25, 1, 26, 4, 12, 12, 26, 12, 26, 26, 26, 12, 12, 1, 1, 1, 1, 1, 1, 1, 1, 1, 1, 1, 1, 1, 1, 1, 20, 1, 10, 20, 3, 3, 3, 3, 3, 3, 3, 1, 1, 1, 1, 1, 1, 10, 1, 1, 1, 1, 3, 1, 3, 22, 20, 1, 4, 4, 4, 4, 1, 20, 1, 1, 1, 1, 4, 1, 1, 6, 6, 6, 3, 20, 6, 6, 14, 14, 14, 14, 14, 27, 14, 6, 14, 14, 6, 3, 3, 14, 14, 14, 14, 14, 14, 14, 14, 14, 14, 14, 14, 14, 6, 14, 15, 14, 15, 15, 15, 15, 1, 4, 4, 4, 4, 4, 4, 4, 4, 4, 4, 4, 4, 26, 14, 27, 27, 4, 8, 28, 4, 28, 20, 28, 20, 28, 27, 28, 27, 20, 4, 4, 4, 4, 4, 4, 4]"
stage3_declaration_method_body,stage3_declaration_method_body,declaration_method_body_v1,xerces,1,65488944220cc3a503994d6f2289e0f7bdc06c619351a2e8243bca243538c8a3,65488944220cc3a503994d6f2289e0f7bdc06c619351a2e8243bca243538c8a3,36bdeca0e1ef32f36631c30ebbf86a1875621490e92f9b4a7fd0860755676236,d81607ad9e48ef274ecf65a4e3b1b1c7c22163c3b073831ffbb506bac7601bac,7e204d1865c1ddb228cc42f6f61519e280076590a92f0965e4f1fc765b77a4ab,7d5d45f6e7cc46cdb57c57688bc89b5e90e0ecea7390833a7acb2e8887d935a5,c1af2191baefddee68a7f41c97c29f7799df4bcf5372d9e9cf44a52a3b510286,seed1_solution026,0.29791516894320629882,1.0807174522736744393,1.1416656970597058862,0.4703370185255340008,0.29791516894320629882,-1.0807174522736744393,1.1416656970597058862,0.4703370185255340008,True,False,,,"[0, 0, 0, 0, 0, 0, 0, 0, 0, 0, 0, 0, 0, 0, 1, 2, 0, 0, 0, 3, 2, 0, 0, 0, 0, 0, 3, 0, 0, 0, 0, 0, 0, 0, 0, 0, 0, 0, 0, 0, 0, 0, 0, 0, 0, 0, 0, 0, 0, 0, 4, 0, 0, 0, 0, 0, 0, 0, 0, 0, 0, 0, 0, 0, 0, 5, 0, 0, 5, 0, 0, 0, 0, 0, 0, 0, 0, 0, 0, 0, 0, 0, 0, 0, 0, 0, 0, 0, 0, 0, 0, 6, 0, 0, 0, 0, 0, 0, 0, 0, 6, 0, 7, 0, 0, 0, 7, 6, 6, 3, 1, 8, 0, 9, 8, 8, 8, 8, 8, 1, 8, 8, 8, 8, 8, 8, 8, 8, 8, 8, 8, 3, 8, 8, 8, 8, 8, 8, 8, 8, 8, 8, 8, 8, 8, 8, 1, 1, 8, 8, 1, 8, 8, 1, 1, 1, 1, 10, 1, 8, 1, 1, 1, 1, 1, 3, 8, 1, 1, 8, 1, 1, 1, 1, 1, 10, 11, 10, 10, 10, 10, 1, 10, 1, 1, 1, 1, 11, 1, 11, 12, 13, 13, 11, 13, 13, 13, 13, 13, 13, 14, 13, 13, 5, 12, 11, 11, 12, 12, 14, 14, 12, 12, 12, 14, 12, 12, 12, 12, 11, 14, 12, 12, 12, 12, 12, 12, 14, 12, 12, 11, 14, 12, 12, 14, 12, 12, 12, 12, 12, 12, 12, 11, 12, 12, 11, 14, 14, 12, 12, 12, 12, 12, 12, 12, 12, 12, 12, 1, 11, 12, 12, 12, 12, 12, 14, 11, 12, 11, 11, 11, 11, 12, 11, 11, 11, 12, 12, 12, 8, 8, 8, 8, 8, 8, 1, 5, 5, 1, 5, 14, 14, 14, 14, 14, 13, 14, 15, 14, 16, 15, 15, 6, 6, 15, 15, 15, 15, 15, 15, 15, 15, 16, 15, 15, 15, 6, 15, 15, 15, 6, 15, 15, 15, 15, 15, 15, 15, 6, 16, 15, 16, 15, 5, 5, 3, 5, 11, 12, 11, 11, 11, 11, 2, 17, 11, 12, 12, 3, 3, 5, 5, 5, 5, 5, 5, 5, 5, 5, 5, 12, 11, 11, 11, 11, 11, 11, 11, 11, 11, 11, 11, 11, 5, 3, 12, 1, 11, 11, 11, 11, 11, 11, 5, 5, 13, 5, 5, 5, 5, 5, 14, 5, 5, 5, 10, 10, 11, 10, 10, 10, 10, 5, 10, 10, 10, 17, 18, 18, 17, 17, 1, 17, 18, 17, 17, 17, 17, 17, 1, 17, 12, 11, 11, 2, 11, 17, 11, 11, 11, 11, 11, 12, 11, 11, 11, 11, 11, 11, 12, 11, 3, 17, 3, 11, 11, 11, 11, 11, 11, 11, 5, 11, 5, 11, 11, 11, 11, 11, 3, 11, 12, 11, 11, 11, 12, 11, 11, 11, 17, 17, 17, 17, 1, 1, 3, 1, 1, 1, 1, 17, 17, 17, 1, 1, 1, 18, 18, 18, 18, 18, 18, 19, 18, 3, 2, 1, 0, 2, 2, 3, 3, 17, 3, 3, 3, 3, 3, 5, 1, 1, 1, 1, 1, 5, 5, 5, 5, 17, 17, 17, 17, 17, 17, 17, 17, 3, 3, 3, 3, 3, 17, 17, 0, 19, 17, 1, 17, 1, 1, 3, 3, 3, 3, 17, 18, 1, 1, 20, 1, 1, 1, 1, 3, 3, 17, 3, 3, 3, 3, 1, 1, 3, 3, 3, 3, 3, 3, 3, 3, 3, 2, 1, 1, 1, 1, 1, 1, 1, 3, 3, 17, 3, 3, 17, 1, 21, 21, 20, 20, 20, 21, 20, 21, 20, 20, 20, 21, 20, 21, 21, 21, 21, 20, 21, 20, 20, 20, 21, 1, 21, 21, 21, 21, 22, 3, 17, 22, 3, 11, 11, 18, 18, 2, 3, 17, 1, 17, 17, 3, 1, 17, 17, 8, 2, 2, 1, 2, 3, 2, 17, 3, 2, 2, 2, 2, 3, 17, 11, 11, 2, 2, 2, 8, 8, 8, 8, 8, 8, 8, 3, 4, 3, 3, 17, 3, 8, 23, 1, 24, 23, 24, 23, 23, 23, 24, 23, 23, 23, 23, 1, 1, 1, 1, 1, 1, 1, 1, 1, 1, 1, 1, 1, 1, 1, 17, 1, 8, 17, 3, 3, 3, 3, 3, 3, 3, 1, 1, 1, 1, 1, 1, 8, 1, 1, 1, 1, 3, 1, 3, 17, 17, 1, 2, 2, 2, 2, 1, 17, 1, 1, 1, 1, 2, 1, 1, 5, 5, 5, 3, 17, 5, 5, 12, 11, 11, 11, 11, 11, 11, 5, 11, 11, 5, 3, 3, 11, 11, 11, 11, 11, 11, 11, 11, 11, 12, 11, 11, 12, 5, 11, 12, 12, 12, 12, 12, 12, 1, 2, 2, 2, 2, 2, 2, 2, 2, 2, 2, 2, 2, 24, 25, 25, 26, 2, 26, 27, 2, 26, 26, 26, 26, 27, 26, 27, 27, 27, 2, 2, 2, 2, 2, 2, 2]"
stage3_declaration_method_body,stage3_declaration_method_body,declaration_method_body_v1,xerces,1,65488944220cc3a503994d6f2289e0f7bdc06c619351a2e8243bca243538c8a3,65488944220cc3a503994d6f2289e0f7bdc06c619351a2e8243bca243538c8a3,36bdeca0e1ef32f36631c30ebbf86a1875621490e92f9b4a7fd0860755676236,d81607ad9e48ef274ecf65a4e3b1b1c7c22163c3b073831ffbb506bac7601bac,7e204d1865c1ddb228cc42f6f61519e280076590a92f0965e4f1fc765b77a4ab,7d5d45f6e7cc46cdb57c57688bc89b5e90e0ecea7390833a7acb2e8887d935a5,c1af2191baefddee68a7f41c97c29f7799df4bcf5372d9e9cf44a52a3b510286,seed1_solution027,0.30585190510424153931,9.0374494940848641988,1.1688593644652300885,0.47816642342805038002,0.30585190510424153931,-9.0374494940848641988,1.1688593644652300885,0.47816642342805038002,True,False,,,"[0, 0, 0, 0, 0, 0, 0, 0, 0, 0, 0, 0, 0, 0, 1, 2, 0, 0, 0, 3, 2, 0, 0, 0, 0, 0, 3, 0, 0, 0, 0, 0, 0, 0, 0, 0, 0, 0, 0, 0, 3, 0, 0, 0, 0, 0, 0, 0, 0, 0, 0, 0, 0, 0, 0, 0, 0, 0, 0, 0, 0, 0, 0, 0, 0, 4, 0, 0, 4, 0, 0, 0, 0, 0, 0, 0, 0, 0, 0, 0, 0, 0, 0, 0, 0, 0, 0, 0, 0, 0, 0, 0, 0, 0, 0, 0, 0, 0, 0, 0, 5, 0, 6, 0, 0, 0, 5, 5, 5, 3, 1, 7, 0, 8, 8, 7, 8, 7, 6, 1, 8, 7, 8, 8, 8, 6, 7, 7, 7, 7, 7, 3, 8, 8, 7, 7, 7, 7, 8, 7, 7, 7, 7, 7, 8, 8, 1, 9, 7, 8, 1, 7, 8, 1, 1, 1, 3, 9, 1, 8, 3, 1, 1, 1, 1, 3, 7, 1, 1, 7, 1, 1, 1, 1, 1, 1, 10, 10, 10, 10, 10, 1, 10, 1, 1, 1, 1, 11, 1, 11, 12, 13, 13, 11, 13, 13, 13, 13, 13, 13, 13, 13, 13, 4, 12, 14, 11, 12, 12, 12, 12, 12, 12, 12, 12, 12, 12, 12, 12, 11, 12, 12, 12, 12, 12, 12, 12, 12, 13, 11, 11, 12, 12, 12, 12, 12, 12, 12, 12, 12, 12, 12, 11, 12, 12, 11, 12, 12, 12, 12, 12, 12, 11, 12, 12, 12, 13, 12, 1, 11, 12, 12, 12, 12, 12, 12, 11, 11, 11, 11, 11, 11, 12, 11, 11, 11, 12, 2, 12, 8, 7, 7, 10, 7, 7, 1, 4, 4, 1, 4, 14, 14, 14, 15, 14, 14, 14, 14, 14, 15, 15, 6, 6, 6, 15, 6, 6, 6, 15, 15, 6, 15, 15, 6, 15, 6, 6, 6, 6, 6, 6, 6, 15, 6, 6, 6, 6, 15, 6, 15, 15, 15, 6, 4, 4, 3, 4, 11, 11, 11, 11, 11, 11, 2, 16, 9, 11, 11, 3, 3, 4, 4, 4, 4, 1, 4, 4, 4, 4, 4, 11, 11, 11, 11, 11, 11, 11, 7, 11, 11, 11, 11, 11, 4, 3, 11, 1, 11, 11, 11, 11, 11, 11, 4, 4, 15, 4, 4, 4, 4, 4, 14, 4, 4, 4, 10, 10, 11, 10, 10, 10, 10, 4, 10, 10, 10, 16, 17, 17, 17, 17, 1, 16, 17, 17, 17, 17, 17, 17, 1, 17, 11, 11, 11, 2, 11, 17, 11, 11, 11, 11, 11, 11, 11, 11, 11, 11, 11, 11, 11, 11, 3, 17, 8, 11, 11, 11, 11, 11, 11, 11, 4, 11, 4, 11, 11, 11, 11, 11, 3, 11, 11, 11, 11, 11, 11, 11, 11, 11, 16, 17, 16, 17, 1, 1, 1, 1, 1, 1, 1, 17, 17, 17, 1, 1, 1, 18, 19, 17, 18, 18, 17, 19, 17, 3, 2, 1, 0, 2, 2, 3, 3, 17, 14, 3, 3, 3, 3, 4, 1, 1, 1, 1, 1, 4, 4, 4, 4, 17, 17, 17, 17, 17, 16, 17, 17, 3, 3, 3, 3, 3, 17, 17, 0, 19, 17, 1, 16, 1, 1, 3, 3, 3, 3, 17, 17, 1, 1, 5, 1, 1, 1, 1, 3, 3, 17, 3, 3, 3, 3, 1, 1, 3, 3, 3, 3, 3, 3, 16, 3, 3, 2, 1, 1, 1, 1, 1, 1, 1, 3, 3, 17, 3, 3, 17, 1, 20, 5, 20, 5, 20, 20, 5, 20, 5, 5, 20, 20, 20, 5, 20, 20, 5, 20, 20, 20, 5, 20, 5, 1, 21, 21, 21, 21, 21, 3, 17, 22, 3, 11, 11, 18, 17, 2, 3, 16, 1, 17, 17, 3, 1, 17, 16, 7, 2, 2, 1, 2, 3, 2, 17, 3, 2, 2, 2, 2, 3, 17, 11, 11, 2, 2, 2, 6, 7, 8, 7, 6, 8, 7, 3, 22, 3, 3, 16, 3, 7, 23, 1, 23, 2, 23, 24, 24, 24, 24, 24, 24, 24, 24, 3, 1, 1, 1, 1, 1, 1, 1, 1, 1, 1, 1, 1, 1, 1, 17, 1, 7, 17, 3, 3, 3, 3, 3, 3, 3, 1, 1, 1, 1, 1, 1, 8, 1, 1, 1, 1, 3, 1, 3, 17, 17, 3, 2, 2, 2, 2, 1, 16, 1, 1, 1, 1, 2, 1, 1, 4, 4, 4, 3, 16, 4, 4, 11, 11, 11, 11, 11, 11, 11, 4, 11, 11, 4, 3, 3, 11, 11, 11, 11, 11, 11, 11, 11, 11, 11, 11, 11, 11, 4, 11, 12, 11, 12, 12, 12, 12, 1, 2, 2, 2, 2, 2, 2, 2, 2, 2, 2, 2, 2, 25, 18, 26, 26, 2, 27, 27, 2, 28, 25, 28, 26, 26, 25, 25, 25, 26, 2, 2, 2, 2, 2, 2, 2]"
stage3_declaration_method_body,stage3_declaration_method_body,declaration_method_body_v1,xerces,1,65488944220cc3a503994d6f2289e0f7bdc06c619351a2e8243bca243538c8a3,65488944220cc3a503994d6f2289e0f7bdc06c619351a2e8243bca243538c8a3,36bdeca0e1ef32f36631c30ebbf86a1875621490e92f9b4a7fd0860755676236,d81607ad9e48ef274ecf65a4e3b1b1c7c22163c3b073831ffbb506bac7601bac,7e204d1865c1ddb228cc42f6f61519e280076590a92f0965e4f1fc765b77a4ab,7d5d45f6e7cc46cdb57c57688bc89b5e90e0ecea7390833a7acb2e8887d935a5,c1af2191baefddee68a7f41c97c29f7799df4bcf5372d9e9cf44a52a3b510286,seed1_solution028,0.31712437095614665061,9.0454195545895554886,1.1644701280352802719,0.47853091719508611401,0.31712437095614665061,-9.0454195545895554886,1.1644701280352802719,0.47853091719508611401,True,False,,,"[0, 0, 0, 0, 0, 0, 0, 0, 0, 0, 0, 0, 0, 0, 1, 2, 0, 0, 0, 3, 2, 0, 0, 0, 0, 0, 3, 0, 0, 0, 0, 0, 0, 0, 0, 0, 0, 0, 0, 0, 0, 0, 0, 0, 0, 0, 0, 0, 0, 0, 0, 0, 0, 0, 0, 0, 0, 0, 0, 0, 0, 4, 0, 0, 0, 5, 0, 0, 5, 0, 0, 0, 0, 0, 0, 0, 0, 0, 0, 0, 0, 0, 0, 0, 0, 0, 0, 0, 0, 0, 0, 0, 0, 0, 0, 0, 0, 0, 0, 0, 6, 0, 7, 0, 0, 0, 6, 6, 6, 3, 1, 8, 0, 9, 9, 8, 9, 8, 7, 1, 9, 8, 9, 9, 9, 7, 8, 8, 8, 8, 8, 3, 9, 9, 8, 8, 8, 8, 9, 8, 8, 8, 8, 8, 9, 9, 1, 10, 8, 9, 1, 8, 9, 1, 1, 1, 3, 10, 1, 9, 3, 1, 1, 1, 1, 3, 8, 1, 2, 8, 1, 1, 1, 1, 1, 1, 11, 11, 11, 11, 11, 1, 11, 1, 1, 1, 1, 12, 1, 12, 13, 14, 14, 12, 14, 14, 14, 14, 14, 14, 14, 14, 14, 5, 13, 15, 12, 13, 13, 13, 13, 13, 13, 13, 13, 13, 13, 13, 13, 12, 13, 13, 13, 13, 13, 13, 13, 13, 14, 12, 12, 13, 13, 13, 13, 13, 13, 13, 13, 13, 13, 13, 12, 13, 13, 12, 13, 13, 13, 13, 13, 13, 12, 13, 13, 13, 14, 13, 1, 12, 13, 13, 13, 13, 13, 13, 12, 12, 12, 12, 12, 12, 13, 12, 12, 12, 13, 2, 13, 9, 8, 8, 9, 8, 8, 1, 5, 5, 1, 5, 15, 15, 15, 16, 15, 15, 15, 15, 15, 16, 16, 7, 7, 7, 16, 7, 7, 7, 16, 16, 7, 16, 16, 7, 16, 7, 7, 7, 7, 7, 7, 7, 16, 7, 7, 7, 7, 16, 7, 16, 16, 16, 7, 5, 5, 3, 5, 12, 12, 12, 12, 12, 12, 2, 17, 10, 12, 12, 3, 3, 5, 5, 5, 5, 1, 5, 5, 5, 5, 5, 12, 12, 12, 12, 12, 12, 12, 8, 12, 12, 12, 12, 12, 5, 3, 12, 1, 12, 12, 12, 12, 12, 12, 5, 5, 16, 5, 5, 5, 5, 5, 15, 5, 5, 5, 11, 11, 12, 11, 11, 11, 11, 5, 11, 11, 11, 17, 18, 18, 18, 18, 1, 17, 18, 18, 18, 18, 18, 18, 1, 18, 12, 12, 12, 2, 12, 18, 12, 12, 12, 12, 12, 12, 12, 12, 12, 12, 12, 12, 12, 12, 3, 18, 9, 12, 12, 12, 12, 12, 12, 12, 5, 12, 5, 12, 12, 12, 12, 12, 3, 12, 12, 12, 12, 12, 12, 12, 12, 12, 17, 18, 17, 18, 1, 1, 1, 1, 1, 1, 1, 18, 18, 18, 1, 1, 1, 19, 20, 18, 19, 19, 18, 20, 18, 3, 2, 1, 0, 2, 2, 3, 3, 18, 15, 3, 3, 3, 3, 5, 1, 1, 1, 1, 1, 5, 5, 5, 7, 18, 18, 18, 18, 18, 17, 18, 18, 3, 3, 3, 3, 3, 18, 18, 0, 20, 18, 1, 17, 1, 1, 3, 3, 3, 3, 18, 18, 1, 1, 6, 1, 1, 1, 1, 3, 3, 18, 3, 3, 3, 3, 1, 1, 3, 3, 3, 3, 3, 3, 17, 3, 3, 2, 1, 1, 1, 1, 1, 1, 1, 3, 3, 18, 3, 3, 18, 1, 21, 6, 21, 6, 21, 21, 6, 21, 6, 6, 21, 21, 21, 6, 21, 21, 6, 21, 21, 21, 6, 21, 6, 1, 22, 22, 22, 22, 22, 3, 18, 23, 3, 12, 12, 19, 18, 2, 3, 17, 1, 18, 18, 3, 1, 18, 17, 8, 2, 2, 1, 2, 3, 2, 18, 3, 2, 2, 2, 2, 3, 18, 12, 12, 2, 2, 2, 7, 8, 9, 8, 7, 9, 8, 3, 23, 3, 3, 17, 3, 8, 7, 1, 4, 2, 4, 24, 24, 24, 24, 24, 24, 24, 24, 3, 1, 1, 1, 1, 1, 1, 1, 1, 1, 1, 1, 1, 1, 1, 18, 1, 8, 18, 3, 3, 3, 3, 3, 3, 3, 1, 1, 1, 1, 1, 1, 9, 1, 1, 1, 1, 3, 1, 3, 18, 18, 3, 2, 2, 2, 2, 1, 17, 1, 1, 1, 1, 2, 1, 1, 5, 5, 5, 3, 17, 5, 5, 12, 12, 12, 12, 12, 12, 12, 5, 12, 12, 5, 3, 3, 12, 12, 12, 12, 12, 12, 12, 12, 12, 12, 12, 12, 12, 5, 12, 13, 12, 13, 13, 13, 13, 1, 2, 2, 2, 2, 2, 2, 2, 2, 2, 2, 2, 2, 25, 19, 26, 26, 2, 27, 27, 2, 28, 25, 28, 26, 26, 25, 25, 25, 26, 2, 2, 2, 2, 2, 2, 2]"
stage3_declaration_method_body,stage3_declaration_method_body,declaration_method_body_v1,xerces,1,65488944220cc3a503994d6f2289e0f7bdc06c619351a2e8243bca243538c8a3,65488944220cc3a503994d6f2289e0f7bdc06c619351a2e8243bca243538c8a3,36bdeca0e1ef32f36631c30ebbf86a1875621490e92f9b4a7fd0860755676236,d81607ad9e48ef274ecf65a4e3b1b1c7c22163c3b073831ffbb506bac7601bac,7e204d1865c1ddb228cc42f6f61519e280076590a92f0965e4f1fc765b77a4ab,7d5d45f6e7cc46cdb57c57688bc89b5e90e0ecea7390833a7acb2e8887d935a5,c1af2191baefddee68a7f41c97c29f7799df4bcf5372d9e9cf44a52a3b510286,seed1_solution029,0.31861969805895040686,2.0051978107969485876,1.1636805639390714884,0.48649481840841424241,0.31861969805895040686,-2.0051978107969485876,1.1636805639390714884,0.48649481840841424241,True,False,,,"[0, 0, 0, 0, 0, 0, 0, 0, 0, 0, 0, 0, 0, 0, 1, 2, 0, 0, 0, 3, 2, 0, 0, 0, 0, 0, 3, 0, 0, 0, 0, 0, 0, 0, 0, 0, 0, 0, 0, 0, 0, 0, 0, 0, 0, 0, 0, 0, 0, 0, 4, 0, 0, 0, 0, 0, 0, 0, 0, 0, 4, 0, 0, 0, 0, 4, 0, 0, 5, 0, 5, 0, 0, 0, 0, 0, 0, 0, 0, 0, 0, 0, 0, 0, 0, 0, 0, 0, 0, 0, 0, 0, 0, 0, 0, 0, 0, 0, 0, 0, 6, 0, 7, 0, 0, 0, 6, 6, 6, 1, 1, 8, 0, 9, 8, 8, 8, 8, 8, 1, 8, 8, 8, 8, 8, 8, 8, 8, 8, 8, 8, 3, 8, 8, 8, 8, 8, 8, 8, 8, 8, 8, 8, 8, 8, 8, 1, 1, 8, 8, 1, 8, 8, 1, 1, 1, 1, 10, 1, 8, 1, 1, 1, 1, 1, 3, 8, 1, 1, 8, 1, 1, 1, 1, 1, 10, 11, 10, 10, 10, 10, 1, 10, 1, 1, 1, 1, 11, 1, 11, 12, 13, 13, 11, 13, 13, 13, 13, 13, 13, 13, 13, 13, 4, 12, 14, 11, 12, 12, 12, 12, 12, 12, 12, 14, 12, 12, 12, 12, 11, 14, 12, 12, 12, 12, 12, 12, 14, 12, 11, 11, 14, 12, 12, 12, 12, 12, 12, 12, 12, 12, 12, 11, 12, 12, 11, 12, 14, 12, 12, 12, 12, 11, 12, 12, 12, 12, 12, 1, 11, 12, 12, 12, 12, 12, 14, 11, 12, 11, 11, 11, 11, 12, 11, 11, 11, 12, 12, 12, 8, 8, 8, 8, 8, 8, 1, 4, 4, 1, 4, 15, 14, 15, 15, 15, 15, 15, 15, 15, 5, 5, 15, 6, 6, 15, 15, 5, 15, 15, 5, 5, 15, 5, 15, 5, 5, 5, 15, 15, 16, 6, 5, 5, 15, 15, 15, 5, 15, 5, 5, 5, 5, 15, 5, 5, 3, 4, 11, 11, 11, 17, 11, 11, 2, 17, 11, 11, 12, 3, 3, 5, 4, 5, 4, 5, 4, 4, 4, 4, 4, 11, 11, 11, 11, 11, 11, 11, 11, 11, 11, 11, 11, 11, 4, 3, 11, 1, 11, 11, 11, 11, 11, 11, 4, 5, 13, 5, 4, 5, 5, 5, 15, 5, 4, 4, 10, 10, 11, 10, 10, 10, 10, 4, 10, 10, 10, 17, 18, 18, 17, 19, 1, 19, 19, 19, 19, 19, 19, 17, 1, 17, 11, 11, 11, 2, 11, 19, 11, 11, 11, 11, 11, 11, 11, 11, 11, 11, 11, 11, 12, 11, 3, 19, 3, 11, 11, 11, 11, 11, 11, 11, 4, 11, 4, 11, 11, 11, 11, 11, 3, 11, 11, 11, 11, 11, 11, 11, 11, 11, 17, 17, 19, 19, 1, 1, 3, 1, 1, 1, 1, 19, 17, 17, 1, 1, 1, 20, 20, 18, 20, 18, 18, 19, 20, 3, 2, 1, 0, 2, 2, 3, 3, 19, 3, 3, 3, 3, 3, 5, 1, 1, 1, 1, 1, 5, 4, 4, 5, 19, 19, 19, 17, 17, 17, 19, 19, 3, 3, 3, 3, 3, 17, 17, 0, 19, 19, 1, 19, 1, 1, 3, 3, 3, 3, 17, 19, 1, 1, 14, 1, 1, 1, 1, 3, 3, 19, 3, 3, 3, 3, 1, 1, 3, 3, 3, 3, 3, 3, 3, 3, 3, 2, 1, 1, 1, 1, 1, 1, 1, 3, 3, 17, 3, 3, 17, 1, 21, 21, 20, 21, 21, 21, 20, 21, 21, 21, 20, 21, 21, 21, 21, 21, 21, 21, 21, 20, 21, 20, 21, 1, 21, 22, 21, 21, 22, 3, 17, 23, 3, 11, 11, 20, 18, 2, 3, 17, 1, 19, 17, 3, 1, 19, 19, 8, 2, 2, 1, 2, 3, 2, 17, 3, 2, 2, 2, 2, 3, 17, 11, 11, 2, 2, 2, 8, 24, 8, 8, 5, 8, 8, 3, 23, 3, 3, 17, 3, 8, 25, 1, 26, 2, 26, 23, 26, 26, 26, 26, 26, 23, 26, 1, 1, 1, 1, 1, 1, 1, 1, 1, 1, 1, 1, 1, 1, 1, 17, 1, 8, 17, 3, 3, 3, 3, 3, 3, 3, 1, 1, 1, 1, 1, 1, 8, 1, 1, 1, 1, 3, 1, 3, 19, 17, 1, 2, 2, 2, 2, 1, 17, 1, 1, 1, 1, 2, 1, 1, 5, 5, 5, 3, 19, 5, 4, 12, 11, 11, 11, 11, 24, 11, 4, 11, 11, 5, 3, 3, 11, 11, 11, 11, 11, 11, 11, 11, 11, 11, 11, 11, 12, 4, 11, 12, 11, 12, 12, 12, 12, 1, 2, 2, 2, 2, 2, 2, 2, 2, 2, 2, 2, 2, 25, 26, 26, 24, 2, 27, 27, 2, 28, 24, 28, 24, 27, 24, 28, 27, 17, 2, 2, 2, 2, 2, 2, 2]"
stage3_declaration_method_body,stage3_declaration_method_body,declaration_method_body_v1,xerces,1,65488944220cc3a503994d6f2289e0f7bdc06c619351a2e8243bca243538c8a3,65488944220cc3a503994d6f2289e0f7bdc06c619351a2e8243bca243538c8a3,36bdeca0e1ef32f36631c30ebbf86a1875621490e92f9b4a7fd0860755676236,d81607ad9e48ef274ecf65a4e3b1b1c7c22163c3b073831ffbb506bac7601bac,7e204d1865c1ddb228cc42f6f61519e280076590a92f0965e4f1fc765b77a4ab,7d5d45f6e7cc46cdb57c57688bc89b5e90e0ecea7390833a7acb2e8887d935a5,c1af2191baefddee68a7f41c97c29f7799df4bcf5372d9e9cf44a52a3b510286,seed1_solution030,0.3327677929547088187,1.1379378283472119104,1.1106711045068071719,0.49245534256070133683,0.3327677929547088187,-1.1379378283472119104,1.1106711045068071719,0.49245534256070133683,True,False,,,"[0, 0, 0, 0, 0, 0, 0, 0, 0, 0, 0, 0, 0, 0, 1, 2, 0, 0, 0, 3, 2, 0, 0, 0, 0, 0, 3, 0, 0, 0, 0, 0, 0, 0, 0, 0, 0, 0, 0, 0, 0, 0, 0, 0, 0, 0, 0, 0, 0, 0, 0, 0, 0, 0, 0, 0, 0, 0, 0, 0, 4, 0, 0, 0, 0, 5, 0, 0, 4, 0, 0, 0, 0, 0, 0, 0, 0, 0, 0, 0, 0, 0, 0, 0, 0, 0, 0, 0, 0, 0, 0, 0, 0, 0, 0, 0, 0, 0, 0, 0, 5, 0, 6, 0, 0, 0, 6, 7, 6, 3, 1, 8, 0, 8, 8, 7, 8, 7, 6, 1, 8, 7, 8, 8, 8, 6, 7, 7, 7, 7, 7, 3, 8, 8, 8, 7, 8, 7, 8, 8, 8, 8, 8, 8, 8, 8, 1, 1, 7, 8, 1, 7, 8, 1, 1, 1, 1, 1, 1, 8, 3, 1, 1, 1, 1, 3, 8, 1, 1, 7, 1, 1, 1, 1, 1, 9, 9, 9, 9, 9, 9, 1, 9, 1, 1, 1, 1, 10, 1, 10, 11, 12, 12, 10, 12, 12, 12, 12, 12, 12, 12, 12, 12, 5, 11, 13, 10, 11, 11, 11, 11, 11, 11, 11, 11, 11, 11, 11, 11, 10, 13, 11, 11, 11, 11, 11, 11, 11, 11, 10, 10, 11, 11, 11, 11, 11, 11, 11, 11, 11, 11, 11, 10, 11, 11, 10, 11, 11, 11, 11, 11, 11, 10, 11, 11, 11, 12, 11, 1, 10, 11, 11, 11, 11, 11, 11, 10, 10, 10, 10, 10, 10, 11, 10, 10, 10, 11, 11, 11, 8, 8, 7, 8, 7, 7, 1, 4, 4, 1, 4, 13, 13, 13, 14, 13, 13, 13, 13, 13, 14, 14, 6, 14, 6, 14, 14, 15, 6, 14, 14, 6, 14, 14, 15, 14, 6, 14, 15, 15, 6, 15, 15, 15, 14, 14, 14, 14, 14, 6, 15, 14, 14, 14, 5, 4, 3, 4, 10, 10, 10, 10, 10, 10, 2, 16, 10, 10, 10, 3, 3, 17, 4, 4, 5, 5, 4, 5, 5, 5, 4, 10, 10, 10, 10, 10, 10, 10, 10, 10, 10, 10, 10, 10, 4, 3, 10, 1, 10, 10, 10, 10, 6, 10, 4, 4, 13, 5, 5, 5, 5, 4, 13, 4, 4, 5, 9, 9, 10, 9, 9, 9, 9, 5, 9, 9, 9, 18, 18, 16, 18, 18, 1, 15, 19, 16, 16, 16, 16, 18, 1, 16, 10, 10, 10, 2, 10, 16, 10, 10, 10, 10, 10, 10, 10, 10, 10, 10, 10, 10, 10, 10, 3, 16, 3, 10, 10, 10, 10, 10, 10, 10, 4, 10, 5, 10, 10, 10, 10, 10, 3, 10, 10, 10, 10, 10, 10, 10, 10, 10, 18, 16, 15, 16, 1, 1, 3, 1, 1, 1, 1, 16, 16, 16, 1, 1, 1, 19, 18, 19, 17, 17, 16, 19, 16, 3, 2, 1, 0, 2, 2, 3, 3, 16, 13, 3, 3, 3, 3, 4, 1, 1, 1, 1, 1, 5, 4, 5, 5, 18, 16, 16, 16, 16, 15, 16, 18, 3, 3, 3, 3, 3, 18, 18, 0, 17, 18, 1, 18, 1, 1, 3, 3, 3, 3, 18, 16, 1, 1, 5, 1, 1, 1, 1, 3, 3, 18, 3, 3, 3, 3, 1, 1, 3, 3, 3, 3, 3, 3, 15, 3, 3, 2, 1, 1, 1, 1, 1, 1, 1, 3, 3, 16, 3, 3, 18, 1, 20, 5, 20, 5, 20, 19, 5, 20, 5, 20, 19, 20, 19, 5, 19, 20, 5, 20, 20, 19, 20, 19, 21, 1, 21, 22, 22, 21, 21, 3, 16, 20, 3, 10, 10, 19, 16, 2, 3, 18, 1, 16, 16, 3, 1, 18, 1, 7, 2, 2, 1, 2, 3, 2, 16, 3, 2, 2, 2, 2, 3, 16, 10, 10, 2, 2, 2, 8, 8, 8, 7, 6, 8, 8, 3, 22, 3, 3, 16, 3, 7, 23, 1, 22, 2, 22, 23, 23, 24, 23, 24, 23, 24, 23, 3, 1, 1, 1, 1, 1, 1, 1, 1, 1, 1, 1, 1, 1, 1, 18, 1, 7, 16, 3, 3, 3, 3, 3, 3, 3, 1, 1, 1, 1, 1, 1, 8, 1, 1, 1, 1, 3, 1, 3, 16, 16, 3, 2, 2, 2, 2, 1, 15, 1, 1, 1, 1, 2, 1, 1, 5, 5, 4, 3, 15, 4, 5, 10, 10, 10, 10, 10, 10, 10, 5, 10, 10, 4, 3, 3, 10, 10, 10, 10, 10, 10, 10, 10, 10, 10, 10, 10, 10, 4, 10, 11, 10, 11, 11, 11, 11, 1, 2, 2, 2, 2, 2, 2, 2, 2, 2, 2, 2, 2, 25, 17, 26, 25, 2, 26, 26, 2, 4, 24, 27, 25, 25, 27, 26, 24, 25, 2, 2, 2, 2, 2, 2, 2]"
stage3_declaration_method_body,stage3_declaration_method_body,declaration_method_body_v1,xerces,1,65488944220cc3a503994d6f2289e0f7bdc06c619351a2e8243bca243538c8a3,65488944220cc3a503994d6f2289e0f7bdc06c619351a2e8243bca243538c8a3,36bdeca0e1ef32f36631c30ebbf86a1875621490e92f9b4a7fd0860755676236,d81607ad9e48ef274ecf65a4e3b1b1c7c22163c3b073831ffbb506bac7601bac,7e204d1865c1ddb228cc42f6f61519e280076590a92f0965e4f1fc765b77a4ab,7d5d45f6e7cc46cdb57c57688bc89b5e90e0ecea7390833a7acb2e8887d935a5,c1af2191baefddee68a7f41c97c29f7799df4bcf5372d9e9cf44a52a3b510286,seed1_solution031,0.33598849748382458857,8.6670607156253964831,1.0928870109605763883,0.53751320669160418397,0.33598849748382458857,-8.6670607156253964831,1.0928870109605763883,0.53751320669160418397,True,False,,,"[0, 0, 0, 0, 0, 0, 0, 0, 0, 0, 0, 0, 0, 0, 1, 2, 0, 0, 0, 3, 2, 0, 0, 0, 0, 0, 3, 0, 0, 0, 0, 0, 0, 0, 0, 0, 0, 0, 0, 0, 0, 0, 4, 0, 0, 0, 0, 0, 0, 0, 0, 0, 0, 0, 0, 0, 0, 0, 0, 0, 0, 0, 0, 0, 0, 5, 0, 0, 5, 0, 0, 0, 0, 0, 0, 0, 0, 0, 0, 0, 0, 0, 0, 0, 0, 0, 0, 0, 0, 0, 0, 6, 0, 0, 0, 0, 0, 0, 0, 0, 6, 0, 7, 0, 0, 0, 5, 6, 5, 3, 1, 7, 0, 4, 7, 7, 7, 7, 7, 1, 7, 7, 7, 4, 4, 7, 7, 7, 4, 7, 7, 3, 7, 7, 7, 7, 7, 4, 4, 7, 4, 7, 7, 7, 7, 4, 1, 1, 7, 4, 1, 7, 4, 1, 1, 1, 1, 8, 1, 4, 3, 1, 1, 1, 1, 3, 7, 1, 1, 7, 1, 1, 1, 1, 1, 9, 8, 9, 9, 9, 8, 1, 9, 1, 1, 1, 1, 8, 1, 10, 11, 11, 12, 10, 12, 12, 12, 12, 12, 12, 13, 12, 12, 14, 11, 13, 10, 11, 10, 11, 12, 11, 11, 12, 11, 11, 11, 10, 12, 10, 11, 11, 11, 11, 11, 11, 12, 13, 11, 10, 10, 13, 11, 11, 11, 11, 11, 11, 11, 11, 11, 10, 8, 12, 11, 10, 12, 11, 11, 10, 11, 11, 10, 11, 11, 11, 11, 11, 1, 10, 12, 11, 11, 11, 11, 12, 10, 10, 10, 10, 10, 10, 11, 10, 10, 10, 11, 11, 11, 4, 4, 4, 7, 7, 4, 1, 4, 4, 1, 4, 13, 13, 13, 13, 13, 13, 13, 15, 13, 14, 14, 15, 14, 14, 15, 14, 15, 15, 14, 15, 15, 15, 15, 14, 14, 14, 14, 14, 14, 14, 14, 14, 13, 14, 14, 15, 13, 15, 14, 16, 14, 16, 15, 4, 4, 3, 5, 10, 10, 10, 10, 10, 10, 2, 16, 8, 11, 10, 3, 3, 14, 14, 4, 5, 4, 4, 5, 4, 5, 5, 11, 10, 10, 10, 10, 10, 10, 10, 8, 8, 10, 10, 10, 4, 3, 10, 1, 10, 10, 8, 10, 10, 10, 5, 4, 12, 5, 4, 5, 4, 4, 13, 4, 14, 14, 9, 9, 10, 9, 9, 9, 8, 4, 9, 9, 8, 16, 17, 16, 18, 18, 1, 18, 16, 16, 18, 18, 16, 18, 1, 18, 10, 10, 8, 2, 10, 18, 10, 10, 10, 10, 10, 10, 10, 10, 10, 10, 10, 10, 10, 10, 3, 16, 3, 8, 10, 10, 10, 8, 10, 10, 4, 10, 4, 8, 10, 10, 10, 10, 3, 10, 11, 10, 10, 10, 11, 10, 10, 10, 16, 16, 16, 16, 1, 1, 3, 1, 1, 1, 1, 18, 18, 18, 1, 1, 1, 18, 17, 17, 17, 17, 17, 17, 18, 3, 2, 1, 0, 2, 2, 3, 3, 16, 3, 3, 3, 3, 3, 5, 1, 1, 1, 1, 1, 5, 14, 5, 4, 18, 16, 16, 18, 18, 18, 16, 16, 3, 3, 3, 3, 3, 16, 16, 0, 19, 16, 1, 16, 1, 1, 3, 3, 3, 3, 18, 18, 1, 1, 19, 1, 1, 1, 1, 3, 3, 16, 3, 3, 3, 3, 1, 1, 3, 3, 3, 3, 3, 3, 3, 3, 3, 2, 1, 1, 1, 1, 1, 1, 1, 3, 3, 16, 3, 3, 18, 1, 20, 20, 20, 20, 20, 20, 20, 20, 20, 20, 20, 20, 20, 20, 20, 20, 20, 20, 21, 20, 20, 20, 20, 1, 21, 21, 21, 21, 21, 3, 16, 22, 3, 10, 10, 17, 17, 2, 3, 16, 1, 18, 16, 3, 1, 16, 16, 4, 2, 2, 1, 2, 3, 2, 16, 3, 2, 2, 2, 2, 3, 16, 10, 10, 2, 2, 2, 4, 7, 7, 4, 7, 7, 7, 3, 22, 3, 3, 16, 3, 7, 23, 1, 24, 24, 24, 24, 23, 24, 24, 23, 23, 23, 23, 1, 1, 1, 1, 1, 1, 1, 1, 1, 1, 1, 1, 1, 1, 1, 16, 1, 7, 18, 3, 3, 3, 3, 3, 3, 3, 1, 1, 1, 1, 1, 1, 7, 1, 1, 1, 1, 3, 1, 3, 18, 16, 1, 2, 2, 2, 2, 1, 16, 1, 1, 1, 1, 2, 1, 1, 5, 5, 5, 3, 16, 4, 14, 10, 10, 10, 7, 8, 8, 10, 4, 8, 10, 4, 3, 3, 8, 10, 8, 10, 10, 10, 8, 10, 10, 10, 10, 10, 10, 14, 10, 11, 10, 11, 11, 11, 11, 1, 2, 2, 2, 2, 2, 2, 2, 2, 2, 2, 2, 2, 25, 26, 27, 26, 2, 27, 28, 2, 27, 26, 27, 26, 28, 26, 27, 27, 28, 2, 2, 2, 2, 2, 2, 2]"
stage3_declaration_method_body,stage3_declaration_method_body,declaration_method_body_v1,xerces,1,65488944220cc3a503994d6f2289e0f7bdc06c619351a2e8243bca243538c8a3,65488944220cc3a503994d6f2289e0f7bdc06c619351a2e8243bca243538c8a3,36bdeca0e1ef32f36631c30ebbf86a1875621490e92f9b4a7fd0860755676236,d81607ad9e48ef274ecf65a4e3b1b1c7c22163c3b073831ffbb506bac7601bac,7e204d1865c1ddb228cc42f6f61519e280076590a92f0965e4f1fc765b77a4ab,7d5d45f6e7cc46cdb57c57688bc89b5e90e0ecea7390833a7acb2e8887d935a5,c1af2191baefddee68a7f41c97c29f7799df4bcf5372d9e9cf44a52a3b510286,seed1_solution032,0.34208483105679365899,2.508974545827513225,1.1514301027701325797,0.5052451570933027547,0.34208483105679365899,-2.508974545827513225,1.1514301027701325797,0.5052451570933027547,True,False,,,"[0, 0, 0, 0, 0, 0, 0, 0, 0, 0, 0, 0, 0, 0, 1, 2, 0, 0, 0, 3, 2, 0, 0, 0, 0, 0, 3, 0, 0, 0, 0, 0, 0, 0, 0, 0, 0, 0, 0, 0, 0, 0, 0, 0, 0, 0, 0, 0, 0, 0, 0, 0, 0, 0, 0, 0, 0, 0, 0, 0, 4, 0, 0, 0, 0, 4, 0, 0, 4, 0, 5, 0, 0, 0, 0, 0, 0, 0, 0, 0, 0, 0, 0, 0, 0, 0, 0, 0, 0, 0, 0, 0, 0, 0, 0, 0, 0, 0, 0, 0, 6, 0, 7, 0, 0, 0, 0, 6, 6, 1, 1, 8, 0, 9, 8, 8, 8, 8, 8, 1, 8, 8, 8, 8, 8, 8, 8, 8, 8, 8, 8, 3, 8, 8, 8, 8, 8, 8, 8, 8, 8, 8, 8, 8, 8, 8, 1, 1, 8, 8, 1, 8, 8, 1, 1, 1, 1, 9, 1, 8, 1, 1, 1, 1, 1, 3, 8, 1, 1, 8, 1, 1, 1, 1, 1, 10, 10, 11, 10, 10, 10, 1, 10, 1, 1, 1, 1, 12, 1, 11, 12, 13, 13, 11, 13, 14, 13, 13, 13, 13, 13, 15, 15, 4, 12, 15, 11, 15, 12, 12, 12, 15, 12, 12, 12, 12, 12, 12, 12, 11, 12, 15, 15, 12, 12, 12, 12, 12, 12, 11, 11, 12, 12, 12, 12, 12, 15, 12, 15, 15, 15, 12, 11, 15, 12, 11, 12, 12, 12, 12, 12, 15, 11, 12, 12, 12, 12, 12, 1, 11, 15, 15, 12, 12, 15, 12, 11, 12, 11, 11, 11, 11, 12, 11, 11, 11, 15, 12, 12, 8, 8, 8, 8, 8, 8, 1, 4, 4, 1, 4, 16, 14, 16, 16, 17, 17, 14, 17, 14, 5, 5, 5, 5, 5, 5, 5, 5, 5, 5, 5, 5, 5, 5, 5, 5, 5, 5, 5, 5, 5, 5, 5, 5, 5, 5, 5, 5, 5, 5, 5, 5, 5, 5, 4, 4, 3, 4, 12, 11, 11, 11, 11, 11, 2, 16, 11, 11, 12, 3, 3, 4, 4, 4, 4, 4, 4, 4, 4, 4, 4, 11, 11, 11, 11, 12, 11, 11, 11, 11, 11, 11, 11, 11, 4, 3, 11, 1, 11, 12, 12, 12, 11, 11, 4, 4, 17, 4, 4, 4, 4, 4, 17, 4, 4, 4, 10, 10, 12, 11, 11, 10, 11, 4, 10, 11, 10, 18, 19, 19, 18, 19, 1, 17, 19, 18, 18, 19, 19, 18, 1, 17, 11, 11, 11, 2, 11, 19, 12, 11, 11, 11, 11, 11, 11, 11, 12, 11, 11, 12, 12, 11, 3, 17, 3, 11, 12, 11, 12, 11, 11, 11, 4, 11, 4, 11, 12, 11, 12, 11, 3, 12, 12, 11, 11, 11, 11, 11, 11, 12, 18, 19, 18, 17, 1, 1, 3, 1, 1, 1, 1, 18, 18, 19, 1, 1, 1, 14, 20, 14, 19, 14, 14, 14, 19, 3, 2, 1, 0, 2, 2, 3, 3, 18, 13, 3, 3, 3, 3, 4, 1, 1, 21, 1, 1, 4, 4, 4, 12, 18, 19, 18, 19, 19, 18, 19, 18, 3, 3, 3, 3, 3, 18, 19, 0, 18, 18, 1, 19, 1, 1, 3, 3, 3, 3, 18, 17, 1, 1, 15, 1, 1, 1, 1, 3, 3, 17, 3, 3, 3, 3, 1, 1, 3, 3, 3, 3, 3, 3, 3, 3, 3, 2, 1, 1, 1, 1, 1, 1, 1, 3, 3, 18, 3, 3, 19, 1, 22, 22, 21, 22, 22, 19, 19, 19, 19, 21, 21, 22, 22, 22, 21, 21, 14, 22, 19, 22, 22, 21, 21, 1, 23, 23, 22, 22, 23, 3, 18, 21, 3, 11, 11, 20, 17, 2, 3, 19, 1, 19, 19, 3, 1, 18, 18, 8, 2, 2, 1, 2, 3, 2, 19, 3, 2, 2, 2, 2, 3, 17, 11, 11, 2, 2, 2, 8, 8, 8, 8, 5, 8, 8, 3, 22, 3, 3, 19, 3, 8, 24, 1, 24, 2, 25, 24, 24, 24, 24, 24, 24, 25, 25, 1, 1, 1, 1, 1, 1, 1, 1, 1, 1, 1, 1, 1, 1, 1, 19, 1, 8, 18, 3, 3, 3, 3, 3, 3, 3, 1, 1, 1, 1, 1, 1, 8, 1, 1, 1, 1, 3, 1, 3, 19, 19, 1, 2, 2, 2, 2, 1, 19, 1, 1, 1, 1, 2, 1, 1, 4, 4, 4, 3, 18, 4, 4, 11, 11, 12, 11, 12, 25, 11, 4, 11, 11, 4, 3, 3, 11, 11, 11, 12, 11, 11, 11, 12, 12, 11, 11, 12, 11, 4, 11, 12, 11, 12, 15, 12, 12, 1, 2, 2, 2, 2, 2, 2, 2, 2, 2, 2, 2, 2, 26, 12, 26, 18, 2, 27, 28, 2, 28, 26, 28, 26, 28, 17, 28, 17, 26, 2, 2, 2, 2, 2, 2, 2]"
stage3_declaration_method_body,stage3_declaration_method_body,declaration_method_body_v1,xerces,1,65488944220cc3a503994d6f2289e0f7bdc06c619351a2e8243bca243538c8a3,65488944220cc3a503994d6f2289e0f7bdc06c619351a2e8243bca243538c8a3,36bdeca0e1ef32f36631c30ebbf86a1875621490e92f9b4a7fd0860755676236,d81607ad9e48ef274ecf65a4e3b1b1c7c22163c3b073831ffbb506bac7601bac,7e204d1865c1ddb228cc42f6f61519e280076590a92f0965e4f1fc765b77a4ab,7d5d45f6e7cc46cdb57c57688bc89b5e90e0ecea7390833a7acb2e8887d935a5,c1af2191baefddee68a7f41c97c29f7799df4bcf5372d9e9cf44a52a3b510286,seed1_solution033,0.3706398274622573763,8.6174556752701576556,1.1193972146014545821,0.5007815961775522462,0.3706398274622573763,-8.6174556752701576556,1.1193972146014545821,0.5007815961775522462,True,False,,,"[0, 0, 0, 0, 0, 0, 0, 0, 0, 0, 0, 0, 0, 0, 1, 2, 0, 0, 0, 3, 2, 0, 0, 0, 0, 0, 3, 0, 0, 0, 0, 0, 0, 0, 0, 0, 0, 0, 0, 0, 0, 0, 0, 0, 0, 0, 0, 0, 0, 0, 0, 0, 0, 0, 0, 0, 0, 0, 0, 0, 4, 0, 0, 0, 0, 4, 0, 0, 4, 0, 5, 0, 0, 0, 0, 0, 0, 0, 0, 0, 0, 0, 0, 0, 0, 0, 0, 0, 0, 0, 0, 0, 0, 0, 0, 0, 0, 0, 0, 0, 6, 0, 7, 0, 0, 0, 6, 6, 6, 1, 1, 8, 0, 9, 8, 8, 8, 7, 7, 1, 8, 8, 7, 8, 8, 7, 8, 8, 8, 8, 8, 3, 8, 7, 7, 8, 8, 8, 8, 7, 8, 7, 8, 8, 8, 8, 1, 1, 8, 8, 1, 8, 8, 1, 1, 1, 1, 9, 1, 7, 1, 1, 1, 1, 1, 3, 7, 1, 1, 8, 1, 1, 1, 1, 1, 10, 10, 10, 9, 10, 10, 1, 9, 1, 1, 1, 1, 10, 1, 10, 11, 12, 13, 10, 12, 12, 13, 13, 12, 12, 12, 13, 14, 4, 13, 15, 11, 13, 13, 13, 13, 13, 13, 13, 13, 13, 13, 13, 13, 10, 13, 13, 13, 13, 13, 13, 11, 11, 13, 11, 10, 13, 13, 13, 13, 13, 13, 13, 13, 13, 13, 13, 11, 13, 13, 11, 13, 11, 13, 11, 11, 11, 11, 13, 13, 13, 11, 13, 1, 10, 13, 13, 13, 13, 11, 13, 11, 10, 11, 11, 11, 11, 11, 11, 11, 11, 13, 13, 13, 8, 8, 7, 8, 8, 7, 1, 4, 4, 1, 4, 15, 15, 15, 16, 15, 16, 15, 15, 16, 5, 5, 5, 5, 5, 5, 5, 5, 5, 5, 5, 5, 5, 5, 5, 5, 5, 5, 5, 5, 17, 5, 5, 5, 5, 5, 5, 5, 5, 5, 5, 5, 5, 5, 4, 4, 3, 4, 11, 10, 11, 18, 10, 11, 2, 18, 10, 11, 10, 3, 3, 4, 4, 4, 4, 4, 4, 4, 4, 4, 4, 10, 11, 11, 10, 11, 11, 11, 11, 11, 11, 11, 11, 11, 4, 3, 11, 1, 11, 10, 11, 11, 11, 10, 13, 4, 15, 4, 3, 4, 4, 4, 15, 4, 4, 4, 9, 9, 11, 9, 10, 10, 9, 4, 9, 10, 9, 19, 18, 20, 20, 18, 1, 20, 20, 20, 20, 18, 20, 20, 1, 20, 11, 11, 10, 2, 11, 20, 10, 11, 11, 11, 11, 11, 11, 11, 11, 10, 11, 11, 11, 10, 3, 19, 3, 11, 10, 11, 10, 11, 11, 11, 4, 10, 4, 11, 11, 10, 11, 11, 3, 11, 11, 11, 11, 11, 11, 11, 11, 11, 20, 18, 20, 20, 1, 1, 3, 1, 1, 1, 1, 20, 20, 20, 1, 1, 1, 19, 21, 19, 19, 19, 19, 21, 20, 3, 2, 1, 0, 2, 2, 3, 3, 19, 14, 3, 3, 3, 3, 4, 1, 1, 1, 1, 1, 4, 4, 4, 11, 19, 20, 20, 20, 20, 20, 20, 20, 3, 3, 3, 3, 3, 18, 20, 0, 16, 20, 1, 20, 1, 1, 3, 3, 3, 3, 20, 20, 1, 1, 12, 1, 1, 1, 1, 3, 3, 20, 3, 3, 3, 3, 1, 1, 3, 3, 3, 3, 3, 3, 3, 3, 3, 2, 1, 1, 1, 1, 1, 1, 1, 3, 3, 20, 3, 3, 20, 1, 21, 21, 21, 21, 21, 22, 21, 21, 21, 21, 21, 21, 21, 21, 21, 21, 6, 21, 21, 21, 21, 21, 21, 1, 22, 22, 22, 22, 22, 3, 20, 23, 3, 10, 10, 21, 20, 2, 3, 19, 1, 20, 20, 3, 1, 20, 20, 8, 2, 2, 1, 2, 3, 2, 18, 3, 2, 2, 2, 2, 3, 20, 11, 11, 2, 2, 2, 8, 8, 8, 8, 5, 8, 8, 3, 23, 3, 3, 20, 3, 8, 24, 1, 25, 2, 14, 14, 25, 25, 25, 25, 25, 14, 14, 1, 1, 1, 1, 1, 1, 1, 1, 1, 1, 1, 1, 1, 1, 1, 18, 1, 7, 20, 3, 3, 3, 3, 3, 3, 3, 1, 1, 1, 1, 1, 1, 7, 17, 1, 1, 1, 3, 1, 3, 20, 20, 1, 2, 2, 2, 2, 1, 20, 1, 1, 1, 1, 2, 1, 1, 4, 4, 4, 3, 20, 4, 4, 11, 11, 10, 11, 10, 26, 11, 4, 11, 10, 4, 3, 3, 11, 11, 11, 11, 11, 11, 11, 11, 10, 11, 11, 11, 10, 4, 11, 13, 11, 13, 11, 13, 13, 1, 2, 2, 2, 2, 2, 2, 2, 2, 2, 2, 2, 2, 14, 10, 26, 17, 2, 26, 27, 2, 27, 18, 28, 18, 28, 17, 27, 17, 17, 2, 2, 2, 2, 2, 2, 2]"
stage3_declaration_method_body,stage3_declaration_method_body,declaration_method_body_v1,xerces,1,65488944220cc3a503994d6f2289e0f7bdc06c619351a2e8243bca243538c8a3,65488944220cc3a503994d6f2289e0f7bdc06c619351a2e8243bca243538c8a3,36bdeca0e1ef32f36631c30ebbf86a1875621490e92f9b4a7fd0860755676236,d81607ad9e48ef274ecf65a4e3b1b1c7c22163c3b073831ffbb506bac7601bac,7e204d1865c1ddb228cc42f6f61519e280076590a92f0965e4f1fc765b77a4ab,7d5d45f6e7cc46cdb57c57688bc89b5e90e0ecea7390833a7acb2e8887d935a5,c1af2191baefddee68a7f41c97c29f7799df4bcf5372d9e9cf44a52a3b510286,seed1_solution034,0.38728971962616820512,0.78374455469537018804,1.1045585647660451922,0.53104102813144082873,0.38728971962616820512,-0.78374455469537018804,1.1045585647660451922,0.53104102813144082873,True,False,,,"[0, 0, 0, 0, 0, 0, 0, 0, 0, 0, 0, 0, 0, 0, 1, 2, 0, 0, 0, 3, 2, 0, 0, 0, 0, 0, 3, 0, 0, 0, 0, 0, 0, 0, 0, 0, 0, 0, 0, 0, 0, 0, 0, 0, 0, 0, 0, 0, 0, 0, 0, 0, 0, 0, 0, 0, 0, 0, 0, 0, 4, 0, 0, 0, 0, 4, 0, 0, 4, 0, 5, 0, 0, 0, 0, 0, 0, 0, 0, 0, 0, 0, 0, 0, 0, 0, 0, 0, 0, 0, 0, 0, 0, 0, 0, 0, 0, 0, 0, 0, 6, 0, 7, 0, 0, 0, 0, 6, 6, 1, 1, 8, 0, 9, 8, 8, 8, 8, 8, 1, 8, 8, 8, 8, 8, 10, 8, 8, 8, 8, 8, 3, 8, 8, 8, 8, 8, 8, 8, 8, 8, 8, 8, 8, 8, 8, 1, 1, 8, 8, 1, 8, 8, 1, 1, 1, 1, 9, 1, 8, 1, 1, 1, 1, 1, 3, 8, 1, 1, 8, 1, 1, 1, 1, 1, 10, 11, 10, 11, 10, 10, 1, 10, 1, 1, 1, 1, 11, 1, 12, 12, 13, 14, 12, 14, 14, 14, 13, 13, 13, 14, 14, 15, 4, 13, 15, 12, 12, 13, 12, 13, 13, 13, 13, 13, 13, 15, 13, 12, 12, 13, 12, 12, 13, 13, 13, 12, 13, 13, 11, 11, 15, 13, 13, 13, 13, 15, 12, 13, 12, 13, 13, 11, 13, 12, 12, 13, 13, 13, 13, 13, 12, 12, 12, 13, 12, 12, 12, 1, 11, 13, 13, 13, 12, 15, 13, 11, 12, 12, 12, 12, 12, 12, 12, 11, 11, 13, 13, 13, 8, 8, 8, 8, 8, 8, 1, 4, 4, 1, 4, 16, 14, 16, 16, 17, 17, 16, 17, 16, 5, 5, 5, 5, 5, 5, 5, 5, 5, 5, 5, 5, 5, 5, 5, 5, 5, 5, 5, 5, 5, 5, 5, 5, 5, 5, 5, 5, 5, 5, 5, 5, 5, 5, 4, 4, 3, 4, 12, 12, 12, 12, 11, 12, 2, 17, 12, 12, 12, 3, 3, 4, 4, 4, 4, 4, 4, 4, 4, 4, 4, 12, 11, 12, 11, 12, 12, 12, 11, 12, 11, 11, 12, 12, 4, 3, 11, 1, 11, 12, 12, 12, 11, 12, 4, 4, 16, 4, 4, 4, 4, 4, 17, 4, 4, 4, 10, 10, 12, 11, 11, 11, 11, 4, 11, 11, 10, 18, 18, 18, 18, 18, 1, 18, 18, 19, 19, 19, 18, 18, 1, 18, 11, 11, 11, 2, 11, 18, 12, 12, 11, 11, 11, 12, 11, 11, 12, 11, 12, 11, 12, 12, 3, 17, 3, 11, 12, 11, 12, 11, 12, 11, 4, 12, 4, 12, 11, 11, 12, 12, 3, 11, 12, 12, 11, 12, 12, 11, 11, 11, 18, 19, 18, 17, 1, 1, 3, 1, 1, 1, 1, 18, 19, 18, 1, 1, 1, 19, 19, 19, 19, 18, 14, 14, 14, 3, 2, 1, 0, 2, 2, 3, 3, 18, 15, 3, 3, 3, 3, 4, 1, 1, 20, 1, 1, 4, 4, 4, 12, 18, 17, 18, 18, 19, 19, 18, 19, 3, 3, 3, 3, 3, 18, 18, 0, 19, 19, 1, 19, 1, 1, 3, 3, 3, 3, 17, 18, 1, 1, 15, 1, 1, 1, 1, 3, 3, 17, 3, 3, 3, 3, 1, 1, 3, 3, 3, 3, 3, 3, 3, 3, 3, 2, 1, 1, 1, 1, 1, 1, 1, 3, 3, 18, 3, 3, 18, 1, 20, 21, 21, 20, 21, 20, 20, 20, 20, 20, 20, 20, 21, 21, 20, 20, 18, 20, 20, 20, 21, 20, 20, 1, 10, 10, 21, 21, 10, 3, 18, 20, 3, 11, 11, 22, 17, 2, 3, 18, 1, 18, 18, 3, 1, 19, 19, 8, 2, 2, 1, 2, 3, 2, 19, 3, 2, 2, 2, 2, 3, 18, 11, 12, 2, 2, 2, 8, 8, 8, 8, 5, 8, 8, 3, 21, 3, 3, 18, 3, 8, 23, 1, 24, 2, 24, 24, 24, 24, 24, 24, 24, 24, 24, 1, 1, 1, 1, 1, 1, 1, 1, 1, 1, 1, 1, 1, 1, 1, 18, 1, 8, 19, 3, 3, 3, 3, 3, 3, 3, 1, 1, 1, 1, 1, 1, 8, 1, 1, 1, 1, 3, 1, 3, 18, 19, 1, 2, 2, 2, 2, 1, 18, 1, 1, 1, 1, 2, 1, 1, 4, 4, 4, 3, 19, 4, 4, 11, 11, 11, 12, 11, 25, 12, 4, 12, 11, 4, 3, 3, 11, 11, 12, 12, 12, 11, 12, 11, 12, 11, 11, 11, 12, 4, 12, 13, 12, 13, 15, 12, 12, 1, 2, 2, 2, 2, 2, 2, 2, 2, 2, 2, 2, 2, 25, 12, 26, 17, 2, 27, 28, 2, 28, 26, 28, 26, 28, 26, 28, 26, 26, 2, 2, 2, 2, 2, 2, 2]"
stage3_declaration_method_body,stage3_declaration_method_body,declaration_method_body_v1,xerces,1,65488944220cc3a503994d6f2289e0f7bdc06c619351a2e8243bca243538c8a3,65488944220cc3a503994d6f2289e0f7bdc06c619351a2e8243bca243538c8a3,36bdeca0e1ef32f36631c30ebbf86a1875621490e92f9b4a7fd0860755676236,d81607ad9e48ef274ecf65a4e3b1b1c7c22163c3b073831ffbb506bac7601bac,7e204d1865c1ddb228cc42f6f61519e280076590a92f0965e4f1fc765b77a4ab,7d5d45f6e7cc46cdb57c57688bc89b5e90e0ecea7390833a7acb2e8887d935a5,c1af2191baefddee68a7f41c97c29f7799df4bcf5372d9e9cf44a52a3b510286,seed1_solution035,0.39606038820992089944,1.0153464593234362567,1.0685884742898046351,0.57036268816211799226,0.39606038820992089944,-1.0153464593234362567,1.0685884742898046351,0.57036268816211799226,True,False,,,"[0, 0, 0, 0, 0, 0, 0, 0, 0, 0, 0, 0, 0, 0, 1, 2, 0, 0, 0, 3, 2, 0, 0, 0, 0, 0, 3, 0, 0, 0, 0, 0, 0, 0, 0, 0, 0, 0, 0, 0, 0, 0, 4, 0, 0, 0, 0, 0, 0, 0, 0, 0, 0, 0, 0, 0, 0, 0, 0, 0, 0, 0, 0, 0, 0, 5, 0, 0, 5, 0, 0, 0, 0, 0, 0, 0, 0, 0, 0, 0, 0, 0, 0, 0, 0, 0, 0, 0, 0, 0, 0, 6, 0, 0, 0, 0, 0, 0, 0, 0, 6, 0, 7, 0, 0, 0, 6, 6, 6, 3, 1, 7, 0, 4, 4, 7, 4, 7, 7, 1, 7, 7, 4, 4, 4, 4, 7, 7, 4, 4, 7, 3, 4, 7, 4, 7, 4, 4, 4, 4, 4, 7, 7, 4, 7, 4, 1, 1, 7, 4, 1, 7, 4, 1, 1, 1, 1, 8, 1, 4, 3, 1, 1, 1, 1, 3, 4, 1, 1, 4, 1, 1, 1, 1, 1, 9, 8, 8, 8, 9, 8, 1, 8, 1, 1, 1, 1, 8, 1, 10, 10, 11, 11, 10, 12, 11, 12, 12, 11, 12, 13, 12, 12, 14, 11, 13, 10, 11, 10, 12, 12, 10, 12, 12, 13, 11, 11, 10, 12, 10, 13, 10, 11, 12, 11, 11, 12, 13, 10, 10, 10, 13, 11, 11, 13, 11, 11, 11, 11, 11, 11, 10, 8, 12, 11, 10, 12, 13, 11, 10, 10, 10, 10, 11, 11, 10, 11, 10, 1, 10, 12, 10, 10, 11, 12, 12, 8, 10, 10, 8, 10, 10, 11, 10, 10, 10, 11, 11, 10, 4, 4, 4, 7, 7, 4, 1, 5, 5, 1, 14, 13, 13, 13, 11, 13, 11, 11, 15, 13, 15, 15, 15, 14, 14, 15, 14, 15, 15, 13, 15, 15, 15, 15, 15, 15, 14, 14, 13, 15, 14, 6, 14, 13, 14, 13, 15, 13, 15, 14, 16, 15, 16, 15, 5, 5, 3, 5, 10, 11, 10, 10, 10, 10, 2, 16, 8, 11, 10, 3, 3, 14, 14, 14, 5, 5, 14, 5, 14, 5, 5, 11, 8, 10, 10, 8, 10, 10, 7, 8, 8, 10, 10, 10, 14, 3, 10, 1, 10, 10, 8, 10, 10, 10, 5, 5, 12, 5, 5, 5, 14, 5, 13, 5, 14, 14, 8, 9, 10, 8, 8, 8, 8, 14, 8, 9, 8, 16, 17, 18, 18, 18, 1, 18, 17, 16, 18, 18, 18, 18, 1, 18, 10, 10, 8, 2, 10, 18, 10, 10, 10, 10, 13, 10, 10, 10, 10, 10, 8, 10, 10, 10, 3, 16, 4, 8, 10, 10, 8, 8, 10, 10, 14, 10, 5, 8, 10, 10, 10, 10, 3, 10, 11, 10, 10, 10, 11, 10, 10, 8, 16, 18, 18, 18, 1, 1, 3, 1, 1, 1, 1, 18, 18, 18, 1, 1, 1, 18, 17, 17, 19, 17, 17, 17, 18, 3, 2, 1, 0, 2, 2, 3, 3, 18, 3, 3, 3, 3, 3, 5, 1, 1, 1, 1, 1, 5, 14, 5, 14, 18, 16, 18, 18, 18, 18, 18, 18, 3, 3, 3, 3, 3, 16, 18, 0, 19, 18, 1, 18, 1, 1, 3, 3, 3, 3, 18, 18, 1, 1, 17, 1, 1, 1, 1, 3, 3, 18, 3, 3, 3, 3, 1, 1, 3, 3, 3, 3, 3, 3, 3, 3, 3, 2, 1, 1, 1, 1, 1, 1, 1, 3, 3, 16, 3, 3, 18, 1, 20, 20, 20, 20, 20, 20, 20, 21, 20, 20, 20, 20, 20, 20, 20, 21, 20, 20, 21, 20, 20, 20, 6, 1, 21, 21, 21, 21, 21, 3, 18, 22, 3, 10, 10, 17, 17, 2, 3, 18, 1, 18, 18, 3, 1, 16, 18, 4, 2, 2, 1, 2, 3, 2, 18, 3, 2, 2, 2, 2, 3, 18, 10, 8, 2, 2, 2, 4, 4, 4, 4, 4, 4, 4, 3, 5, 3, 3, 18, 3, 7, 23, 1, 24, 24, 24, 23, 23, 24, 24, 23, 23, 23, 23, 1, 1, 1, 1, 1, 1, 1, 1, 1, 16, 1, 1, 1, 1, 1, 16, 1, 7, 18, 3, 3, 3, 3, 3, 3, 3, 1, 1, 1, 1, 1, 1, 4, 1, 1, 1, 1, 3, 1, 3, 18, 18, 1, 2, 2, 2, 2, 1, 18, 1, 1, 1, 1, 2, 1, 1, 5, 5, 5, 3, 16, 5, 14, 10, 10, 10, 7, 8, 8, 10, 5, 8, 10, 14, 3, 3, 8, 10, 8, 10, 10, 8, 8, 10, 10, 11, 8, 10, 10, 14, 10, 11, 11, 11, 11, 11, 11, 1, 2, 2, 2, 2, 2, 2, 2, 2, 2, 2, 2, 2, 25, 26, 26, 26, 2, 27, 28, 2, 26, 26, 27, 26, 28, 26, 28, 25, 28, 2, 2, 2, 2, 2, 2, 2]"
stage3_declaration_method_body,stage3_declaration_method_body,declaration_method_body_v1,xerces,1,65488944220cc3a503994d6f2289e0f7bdc06c619351a2e8243bca243538c8a3,65488944220cc3a503994d6f2289e0f7bdc06c619351a2e8243bca243538c8a3,36bdeca0e1ef32f36631c30ebbf86a1875621490e92f9b4a7fd0860755676236,d81607ad9e48ef274ecf65a4e3b1b1c7c22163c3b073831ffbb506bac7601bac,7e204d1865c1ddb228cc42f6f61519e280076590a92f0965e4f1fc765b77a4ab,7d5d45f6e7cc46cdb57c57688bc89b5e90e0ecea7390833a7acb2e8887d935a5,c1af2191baefddee68a7f41c97c29f7799df4bcf5372d9e9cf44a52a3b510286,seed1_solution036,0.41317038102084829854,8.7681607294138110831,1.0119241502736002758,0.54544708479978054605,0.41317038102084829854,-8.7681607294138110831,1.0119241502736002758,0.54544708479978054605,True,False,,,"[0, 0, 0, 0, 0, 0, 0, 0, 0, 0, 0, 0, 0, 0, 1, 2, 0, 0, 0, 3, 2, 0, 0, 0, 0, 0, 3, 0, 0, 0, 0, 0, 0, 0, 0, 0, 0, 0, 0, 0, 0, 0, 0, 0, 0, 0, 0, 0, 0, 0, 0, 0, 0, 0, 0, 0, 0, 0, 0, 0, 0, 0, 0, 0, 0, 4, 0, 0, 4, 0, 0, 0, 0, 0, 0, 0, 0, 0, 0, 0, 0, 0, 0, 0, 0, 0, 0, 0, 0, 0, 0, 0, 0, 0, 0, 0, 0, 0, 0, 0, 5, 0, 5, 0, 0, 0, 5, 6, 6, 1, 1, 7, 0, 8, 7, 7, 9, 9, 7, 1, 9, 9, 7, 7, 9, 9, 9, 7, 9, 7, 9, 3, 7, 7, 7, 9, 9, 9, 7, 9, 9, 9, 9, 9, 9, 7, 1, 1, 9, 7, 1, 9, 7, 1, 1, 1, 1, 1, 1, 7, 1, 1, 1, 1, 1, 3, 9, 1, 1, 7, 1, 1, 1, 1, 1, 10, 8, 10, 10, 10, 8, 1, 10, 1, 1, 1, 1, 11, 1, 12, 10, 13, 13, 11, 12, 12, 12, 13, 13, 13, 12, 13, 12, 4, 14, 11, 11, 10, 14, 10, 14, 10, 14, 10, 10, 10, 14, 14, 10, 12, 14, 14, 14, 14, 10, 10, 10, 14, 14, 11, 12, 10, 10, 14, 10, 14, 14, 10, 14, 10, 14, 14, 11, 14, 14, 12, 14, 10, 14, 10, 10, 14, 11, 14, 10, 14, 14, 14, 1, 11, 14, 14, 14, 14, 10, 10, 11, 12, 11, 11, 12, 11, 14, 12, 11, 12, 10, 10, 14, 7, 9, 9, 9, 9, 9, 1, 4, 4, 1, 4, 14, 15, 15, 14, 14, 15, 15, 14, 14, 6, 13, 6, 13, 13, 13, 6, 6, 6, 6, 13, 6, 6, 6, 13, 6, 6, 13, 13, 6, 13, 6, 13, 13, 6, 13, 13, 6, 13, 13, 6, 13, 13, 13, 4, 4, 3, 4, 11, 11, 11, 11, 12, 11, 2, 16, 11, 11, 11, 3, 3, 4, 4, 4, 4, 4, 4, 4, 4, 4, 4, 12, 12, 12, 11, 11, 12, 11, 12, 12, 12, 12, 12, 11, 4, 3, 12, 1, 12, 12, 12, 11, 11, 12, 4, 4, 15, 4, 4, 4, 4, 4, 14, 4, 4, 4, 8, 8, 11, 8, 8, 10, 10, 4, 8, 8, 8, 17, 15, 17, 17, 15, 1, 17, 15, 15, 15, 15, 17, 15, 1, 17, 11, 11, 12, 2, 11, 17, 11, 12, 11, 12, 11, 12, 12, 11, 11, 11, 12, 11, 11, 12, 3, 17, 3, 12, 12, 12, 11, 12, 11, 12, 4, 11, 4, 12, 11, 12, 12, 12, 3, 11, 11, 12, 11, 11, 12, 12, 11, 11, 15, 17, 15, 15, 1, 1, 3, 1, 1, 1, 1, 15, 15, 15, 1, 1, 1, 18, 16, 16, 16, 16, 16, 16, 16, 3, 2, 1, 0, 2, 2, 3, 3, 17, 3, 3, 3, 3, 3, 4, 1, 1, 1, 1, 1, 4, 4, 4, 12, 17, 15, 15, 17, 15, 15, 17, 17, 3, 3, 3, 3, 3, 17, 15, 0, 19, 15, 1, 15, 1, 1, 3, 3, 3, 3, 15, 15, 1, 1, 18, 1, 1, 1, 1, 3, 3, 15, 3, 3, 3, 3, 1, 1, 3, 3, 3, 3, 3, 3, 3, 3, 3, 2, 1, 1, 1, 1, 1, 1, 1, 3, 3, 15, 3, 3, 15, 1, 20, 20, 20, 20, 19, 20, 20, 19, 20, 20, 19, 20, 20, 19, 20, 19, 20, 20, 20, 19, 19, 20, 20, 1, 11, 11, 20, 20, 11, 3, 15, 21, 3, 11, 12, 16, 17, 2, 3, 15, 1, 15, 15, 3, 1, 17, 17, 7, 2, 2, 1, 2, 3, 2, 17, 3, 2, 2, 2, 2, 3, 17, 11, 11, 2, 2, 2, 7, 7, 7, 7, 9, 9, 7, 3, 21, 3, 3, 15, 3, 9, 22, 1, 23, 2, 23, 23, 23, 23, 23, 23, 23, 23, 23, 1, 1, 1, 1, 1, 1, 1, 1, 1, 1, 1, 1, 1, 1, 1, 15, 1, 9, 17, 3, 3, 3, 3, 3, 3, 3, 1, 1, 1, 1, 1, 1, 9, 1, 1, 1, 1, 3, 1, 3, 17, 15, 1, 2, 2, 2, 2, 1, 15, 1, 1, 1, 1, 2, 1, 1, 4, 4, 4, 3, 17, 4, 4, 12, 12, 12, 12, 11, 24, 12, 4, 12, 12, 4, 3, 3, 11, 11, 11, 12, 11, 11, 12, 12, 11, 12, 11, 11, 12, 4, 12, 10, 12, 10, 14, 14, 10, 1, 2, 2, 2, 2, 2, 2, 2, 2, 2, 2, 2, 2, 24, 25, 25, 26, 2, 27, 27, 2, 27, 26, 26, 26, 26, 26, 27, 25, 26, 2, 2, 2, 2, 2, 2, 2]"
stage3_declaration_method_body,stage3_declaration_method_body,declaration_method_body_v1,xerces,1,65488944220cc3a503994d6f2289e0f7bdc06c619351a2e8243bca243538c8a3,65488944220cc3a503994d6f2289e0f7bdc06c619351a2e8243bca243538c8a3,36bdeca0e1ef32f36631c30ebbf86a1875621490e92f9b4a7fd0860755676236,d81607ad9e48ef274ecf65a4e3b1b1c7c22163c3b073831ffbb506bac7601bac,7e204d1865c1ddb228cc42f6f61519e280076590a92f0965e4f1fc765b77a4ab,7d5d45f6e7cc46cdb57c57688bc89b5e90e0ecea7390833a7acb2e8887d935a5,c1af2191baefddee68a7f41c97c29f7799df4bcf5372d9e9cf44a52a3b510286,seed1_solution037,0.42774982027318475541,3.5472795531109073686,1.0437460958019124657,0.54300451215307221631,0.42774982027318475541,-3.5472795531109073686,1.0437460958019124657,0.54300451215307221631,True,False,,,"[0, 0, 0, 0, 0, 0, 0, 0, 0, 0, 0, 0, 0, 0, 1, 2, 0, 0, 0, 3, 2, 0, 0, 0, 0, 0, 3, 0, 0, 0, 0, 0, 0, 0, 0, 0, 0, 0, 0, 0, 0, 0, 0, 0, 0, 0, 0, 0, 0, 0, 0, 0, 0, 0, 0, 0, 0, 0, 0, 0, 4, 0, 0, 0, 0, 4, 0, 0, 4, 0, 5, 0, 0, 0, 0, 0, 0, 0, 0, 0, 0, 0, 0, 0, 0, 0, 0, 0, 0, 0, 0, 0, 0, 0, 0, 0, 0, 0, 0, 0, 6, 0, 7, 0, 0, 0, 6, 6, 6, 1, 1, 7, 0, 8, 8, 8, 8, 7, 7, 1, 8, 8, 7, 8, 8, 7, 8, 8, 7, 7, 8, 9, 8, 7, 7, 8, 7, 7, 8, 7, 7, 7, 7, 8, 8, 8, 1, 1, 7, 7, 1, 8, 8, 1, 1, 1, 1, 8, 1, 7, 1, 1, 1, 1, 1, 3, 7, 1, 1, 8, 1, 1, 1, 1, 1, 10, 11, 11, 8, 10, 11, 1, 10, 1, 1, 1, 1, 11, 1, 11, 12, 13, 13, 11, 13, 13, 13, 13, 14, 13, 13, 13, 15, 4, 12, 9, 11, 13, 13, 13, 13, 12, 12, 13, 13, 13, 13, 13, 13, 11, 13, 13, 13, 13, 13, 13, 12, 12, 13, 11, 11, 12, 13, 12, 13, 13, 13, 13, 13, 13, 13, 12, 11, 12, 12, 11, 12, 12, 12, 12, 12, 12, 11, 13, 13, 12, 12, 13, 1, 11, 13, 13, 12, 12, 12, 13, 12, 11, 5, 11, 12, 11, 12, 11, 12, 9, 13, 13, 13, 7, 7, 7, 8, 8, 7, 1, 4, 4, 1, 4, 9, 9, 16, 16, 9, 16, 9, 16, 16, 5, 5, 5, 5, 5, 5, 5, 5, 5, 5, 5, 5, 5, 5, 5, 5, 5, 5, 5, 5, 17, 5, 5, 5, 5, 5, 5, 5, 5, 5, 5, 5, 5, 5, 4, 4, 3, 4, 12, 11, 12, 18, 11, 12, 2, 19, 11, 11, 11, 3, 3, 4, 4, 4, 4, 4, 4, 4, 4, 4, 4, 11, 12, 12, 11, 12, 12, 11, 12, 12, 11, 12, 12, 12, 4, 3, 12, 1, 12, 11, 11, 12, 12, 11, 13, 4, 9, 4, 3, 4, 4, 4, 16, 4, 4, 4, 10, 10, 12, 10, 11, 11, 10, 4, 10, 11, 10, 20, 18, 19, 19, 18, 1, 19, 19, 20, 19, 18, 19, 19, 1, 19, 11, 11, 11, 2, 12, 19, 11, 12, 12, 11, 12, 11, 11, 11, 12, 11, 12, 12, 11, 11, 3, 20, 3, 12, 11, 12, 11, 12, 12, 12, 4, 11, 4, 11, 12, 11, 12, 11, 3, 11, 11, 11, 12, 12, 12, 11, 12, 12, 19, 18, 19, 19, 1, 1, 3, 1, 1, 1, 1, 18, 19, 19, 1, 1, 1, 20, 21, 20, 20, 19, 19, 21, 19, 3, 2, 1, 0, 2, 2, 3, 3, 20, 14, 3, 3, 3, 3, 4, 1, 1, 1, 1, 1, 4, 4, 4, 11, 20, 19, 19, 18, 18, 20, 19, 19, 3, 3, 3, 3, 3, 18, 20, 0, 17, 19, 1, 19, 1, 1, 3, 3, 3, 3, 19, 20, 1, 1, 14, 1, 1, 1, 1, 3, 3, 19, 3, 3, 3, 3, 1, 1, 3, 3, 3, 3, 3, 3, 3, 3, 3, 2, 1, 1, 1, 1, 1, 1, 1, 3, 3, 19, 3, 3, 19, 1, 21, 21, 21, 21, 21, 22, 22, 21, 21, 21, 22, 21, 21, 21, 21, 21, 6, 21, 22, 21, 21, 21, 21, 1, 22, 22, 23, 22, 22, 3, 19, 23, 3, 11, 11, 21, 19, 2, 3, 20, 1, 20, 19, 3, 1, 19, 18, 8, 2, 2, 1, 2, 3, 2, 18, 3, 2, 2, 2, 2, 3, 20, 11, 12, 2, 2, 2, 8, 8, 7, 8, 5, 7, 8, 3, 23, 3, 3, 19, 3, 7, 24, 1, 25, 2, 15, 15, 25, 25, 25, 25, 25, 15, 15, 1, 1, 1, 1, 1, 1, 1, 1, 1, 1, 1, 1, 1, 1, 1, 18, 1, 7, 19, 3, 3, 3, 3, 3, 3, 3, 1, 1, 1, 1, 1, 1, 7, 17, 1, 1, 1, 3, 1, 3, 20, 19, 1, 2, 2, 2, 2, 1, 19, 1, 1, 1, 1, 2, 1, 1, 4, 4, 4, 3, 19, 4, 4, 12, 11, 11, 11, 11, 15, 11, 4, 11, 11, 4, 3, 3, 12, 11, 12, 12, 12, 12, 11, 11, 11, 12, 12, 12, 11, 4, 12, 13, 11, 13, 12, 13, 12, 1, 2, 2, 2, 2, 2, 2, 2, 2, 2, 2, 2, 2, 15, 11, 26, 17, 2, 26, 27, 2, 27, 18, 27, 18, 27, 17, 27, 17, 18, 2, 2, 2, 2, 2, 2, 2]"
stage3_declaration_method_body,stage3_declaration_method_body,declaration_method_body_v1,xerces,1,65488944220cc3a503994d6f2289e0f7bdc06c619351a2e8243bca243538c8a3,65488944220cc3a503994d6f2289e0f7bdc06c619351a2e8243bca243538c8a3,36bdeca0e1ef32f36631c30ebbf86a1875621490e92f9b4a7fd0860755676236,d81607ad9e48ef274ecf65a4e3b1b1c7c22163c3b073831ffbb506bac7601bac,7e204d1865c1ddb228cc42f6f61519e280076590a92f0965e4f1fc765b77a4ab,7d5d45f6e7cc46cdb57c57688bc89b5e90e0ecea7390833a7acb2e8887d935a5,c1af2191baefddee68a7f41c97c29f7799df4bcf5372d9e9cf44a52a3b510286,seed1_solution038,0.44422717469446443284,3.5355973257246682273,1.0428144816965283503,0.54528958171052133164,0.44422717469446443284,-3.5355973257246682273,1.0428144816965283503,0.54528958171052133164,True,False,,,"[0, 0, 0, 0, 0, 0, 0, 0, 0, 0, 0, 0, 0, 0, 1, 2, 0, 0, 0, 3, 2, 0, 0, 0, 0, 0, 3, 0, 0, 0, 0, 0, 0, 0, 0, 0, 0, 0, 0, 0, 0, 0, 0, 0, 0, 0, 0, 0, 0, 0, 0, 0, 0, 0, 0, 0, 0, 0, 0, 0, 4, 0, 0, 0, 0, 4, 0, 0, 4, 0, 5, 0, 0, 0, 0, 0, 0, 0, 0, 0, 0, 0, 0, 0, 0, 0, 0, 0, 0, 0, 0, 0, 0, 0, 0, 0, 0, 0, 0, 0, 6, 0, 7, 0, 0, 0, 6, 6, 6, 1, 1, 7, 0, 8, 8, 8, 8, 7, 7, 1, 8, 8, 7, 8, 8, 7, 8, 8, 7, 7, 8, 9, 8, 7, 7, 8, 7, 7, 8, 7, 7, 7, 7, 8, 8, 10, 1, 1, 7, 7, 1, 8, 8, 1, 1, 1, 1, 8, 1, 7, 1, 1, 1, 1, 1, 3, 7, 1, 1, 8, 1, 1, 1, 1, 1, 11, 12, 12, 8, 11, 12, 1, 11, 1, 1, 1, 1, 12, 1, 12, 13, 14, 14, 12, 14, 14, 14, 14, 15, 14, 14, 14, 10, 4, 13, 9, 12, 14, 14, 14, 14, 13, 13, 14, 14, 14, 14, 14, 14, 12, 14, 14, 14, 14, 14, 14, 13, 13, 14, 12, 12, 13, 14, 13, 14, 14, 14, 14, 14, 14, 14, 13, 12, 13, 13, 12, 13, 13, 13, 13, 13, 13, 12, 14, 14, 13, 13, 14, 1, 12, 14, 14, 13, 13, 13, 14, 13, 12, 5, 12, 13, 12, 13, 12, 13, 9, 14, 14, 14, 7, 7, 7, 8, 8, 7, 1, 4, 4, 1, 4, 9, 9, 16, 16, 9, 16, 9, 16, 16, 5, 5, 5, 5, 5, 5, 5, 5, 5, 5, 5, 5, 5, 5, 5, 5, 5, 5, 5, 5, 17, 5, 5, 5, 5, 5, 5, 5, 5, 5, 5, 5, 5, 5, 4, 4, 3, 4, 13, 12, 13, 18, 12, 13, 2, 19, 12, 12, 12, 3, 3, 4, 4, 4, 4, 4, 4, 4, 4, 4, 4, 12, 13, 13, 12, 13, 13, 12, 13, 13, 12, 13, 13, 13, 4, 3, 13, 1, 13, 12, 12, 13, 13, 12, 14, 4, 9, 4, 3, 4, 4, 4, 16, 4, 4, 4, 11, 11, 13, 11, 12, 12, 11, 4, 11, 12, 11, 20, 18, 19, 19, 18, 1, 19, 19, 20, 19, 18, 19, 19, 1, 19, 12, 12, 12, 2, 13, 19, 12, 13, 13, 12, 13, 12, 12, 12, 13, 12, 13, 13, 12, 12, 3, 20, 3, 13, 12, 13, 12, 13, 13, 13, 4, 12, 4, 12, 13, 12, 13, 12, 3, 12, 12, 12, 13, 13, 13, 12, 13, 13, 19, 18, 19, 19, 1, 1, 3, 1, 1, 1, 1, 18, 19, 19, 1, 1, 1, 20, 21, 20, 20, 19, 19, 21, 19, 3, 2, 1, 0, 2, 2, 3, 3, 20, 15, 3, 3, 3, 3, 4, 1, 1, 1, 1, 1, 4, 4, 4, 12, 20, 19, 19, 18, 18, 20, 19, 19, 3, 3, 3, 3, 3, 18, 20, 0, 17, 19, 1, 19, 1, 1, 3, 3, 3, 3, 19, 20, 1, 1, 15, 1, 1, 1, 1, 3, 3, 19, 3, 3, 3, 3, 1, 1, 3, 3, 3, 3, 3, 3, 3, 3, 3, 2, 1, 1, 1, 1, 1, 1, 1, 3, 3, 19, 3, 3, 19, 1, 21, 21, 21, 21, 21, 22, 22, 21, 21, 21, 22, 21, 21, 21, 21, 21, 6, 21, 22, 21, 21, 21, 21, 1, 22, 22, 23, 22, 22, 3, 19, 23, 3, 12, 12, 21, 19, 2, 3, 20, 1, 20, 19, 3, 1, 19, 18, 8, 2, 2, 1, 2, 3, 2, 18, 3, 2, 2, 2, 2, 3, 20, 12, 13, 2, 2, 2, 8, 8, 7, 8, 5, 7, 8, 3, 23, 3, 3, 19, 3, 7, 24, 1, 25, 2, 10, 10, 25, 25, 25, 25, 25, 10, 10, 1, 1, 1, 1, 1, 1, 1, 1, 1, 1, 1, 1, 1, 1, 1, 18, 1, 7, 19, 3, 3, 3, 3, 3, 3, 3, 1, 1, 1, 1, 1, 1, 7, 17, 1, 1, 1, 3, 1, 3, 20, 19, 1, 2, 2, 2, 2, 1, 19, 1, 1, 1, 1, 2, 1, 1, 4, 4, 4, 3, 19, 4, 4, 13, 12, 12, 12, 12, 10, 12, 4, 12, 12, 4, 3, 3, 13, 12, 13, 13, 13, 13, 12, 12, 12, 13, 13, 13, 12, 4, 13, 14, 12, 14, 13, 14, 13, 1, 4, 2, 2, 2, 2, 2, 2, 2, 2, 2, 2, 2, 10, 12, 26, 17, 2, 26, 27, 2, 27, 18, 27, 18, 27, 17, 27, 17, 18, 2, 2, 2, 2, 2, 2, 2]"
stage3_declaration_method_body,stage3_declaration_method_body,declaration_method_body_v1,xerces,1,65488944220cc3a503994d6f2289e0f7bdc06c619351a2e8243bca243538c8a3,65488944220cc3a503994d6f2289e0f7bdc06c619351a2e8243bca243538c8a3,36bdeca0e1ef32f36631c30ebbf86a1875621490e92f9b4a7fd0860755676236,d81607ad9e48ef274ecf65a4e3b1b1c7c22163c3b073831ffbb506bac7601bac,7e204d1865c1ddb228cc42f6f61519e280076590a92f0965e4f1fc765b77a4ab,7d5d45f6e7cc46cdb57c57688bc89b5e90e0ecea7390833a7acb2e8887d935a5,c1af2191baefddee68a7f41c97c29f7799df4bcf5372d9e9cf44a52a3b510286,seed1_solution039,0.46648454349388929208,2.142277364799868522,1.005406486197694127,0.60539627367189441376,0.46648454349388929208,-2.142277364799868522,1.005406486197694127,0.60539627367189441376,True,False,,,"[0, 0, 0, 0, 0, 0, 0, 0, 0, 0, 0, 0, 0, 0, 1, 2, 0, 0, 0, 3, 2, 0, 0, 0, 0, 0, 3, 0, 0, 0, 0, 0, 0, 0, 0, 0, 0, 0, 0, 0, 0, 0, 0, 0, 0, 0, 0, 0, 0, 0, 0, 0, 0, 0, 0, 0, 0, 0, 0, 0, 4, 0, 0, 0, 0, 4, 0, 0, 4, 0, 0, 0, 0, 0, 0, 0, 0, 0, 0, 0, 0, 0, 0, 0, 0, 0, 0, 0, 0, 0, 0, 0, 0, 0, 0, 0, 0, 0, 0, 0, 5, 0, 6, 0, 0, 0, 5, 6, 6, 1, 1, 7, 0, 8, 7, 7, 7, 9, 7, 1, 9, 9, 7, 7, 7, 9, 9, 7, 9, 7, 7, 3, 9, 9, 7, 9, 7, 7, 7, 7, 7, 7, 9, 7, 9, 7, 1, 1, 7, 7, 1, 7, 7, 1, 1, 1, 1, 9, 2, 7, 3, 1, 2, 1, 1, 3, 7, 1, 1, 9, 1, 3, 1, 1, 1, 10, 10, 10, 10, 10, 10, 1, 10, 1, 1, 1, 1, 11, 1, 11, 12, 11, 13, 11, 11, 11, 12, 13, 13, 13, 11, 11, 13, 4, 12, 14, 8, 12, 11, 12, 11, 12, 12, 12, 12, 12, 12, 13, 12, 13, 12, 11, 12, 13, 12, 11, 12, 12, 12, 11, 11, 12, 11, 12, 12, 12, 12, 12, 13, 11, 13, 13, 11, 12, 13, 11, 12, 12, 12, 12, 12, 12, 11, 12, 11, 13, 12, 12, 1, 13, 12, 12, 13, 12, 12, 12, 10, 11, 11, 11, 11, 8, 12, 11, 13, 13, 13, 13, 12, 9, 9, 6, 7, 7, 7, 1, 4, 4, 1, 4, 15, 15, 15, 11, 14, 15, 15, 15, 15, 5, 5, 5, 16, 6, 5, 5, 14, 15, 14, 5, 5, 14, 15, 14, 15, 5, 5, 6, 5, 6, 6, 5, 14, 6, 5, 6, 6, 16, 6, 5, 5, 5, 5, 4, 4, 3, 4, 11, 13, 11, 11, 13, 11, 2, 17, 8, 8, 13, 3, 3, 4, 9, 4, 4, 4, 4, 4, 4, 4, 4, 11, 13, 13, 13, 11, 11, 11, 11, 10, 10, 13, 11, 11, 4, 3, 11, 1, 13, 8, 11, 11, 11, 13, 4, 4, 15, 9, 4, 4, 4, 4, 14, 4, 4, 4, 10, 10, 13, 10, 10, 10, 8, 4, 10, 8, 10, 5, 5, 17, 17, 18, 1, 17, 18, 17, 17, 18, 18, 17, 1, 17, 11, 11, 10, 2, 13, 17, 13, 10, 10, 11, 10, 11, 11, 19, 11, 11, 11, 11, 13, 11, 3, 0, 7, 10, 13, 13, 11, 10, 11, 11, 4, 11, 4, 11, 11, 13, 13, 8, 3, 11, 11, 10, 11, 13, 13, 8, 11, 11, 16, 17, 18, 17, 1, 1, 3, 1, 1, 1, 1, 18, 18, 17, 2, 1, 1, 19, 20, 17, 19, 17, 17, 20, 8, 7, 1, 1, 0, 2, 2, 3, 3, 17, 12, 3, 3, 3, 3, 4, 1, 1, 1, 1, 1, 4, 4, 4, 4, 17, 16, 16, 17, 17, 17, 18, 18, 3, 3, 3, 3, 3, 16, 17, 0, 18, 18, 1, 16, 1, 1, 3, 3, 3, 3, 19, 19, 1, 1, 14, 1, 1, 1, 2, 3, 3, 17, 3, 3, 3, 3, 1, 1, 3, 3, 3, 3, 3, 3, 3, 3, 3, 2, 1, 1, 1, 1, 1, 1, 1, 3, 3, 16, 3, 3, 18, 1, 21, 21, 21, 20, 20, 22, 20, 19, 19, 21, 20, 20, 20, 21, 20, 20, 20, 21, 20, 21, 21, 21, 21, 1, 23, 23, 22, 21, 21, 3, 17, 22, 3, 10, 11, 20, 17, 2, 3, 16, 1, 16, 17, 7, 1, 18, 16, 7, 2, 2, 1, 2, 3, 2, 17, 3, 2, 2, 2, 2, 10, 19, 11, 11, 2, 2, 2, 9, 9, 7, 9, 9, 7, 9, 3, 22, 3, 3, 16, 3, 7, 23, 1, 24, 2, 25, 25, 24, 25, 23, 23, 24, 25, 24, 1, 1, 1, 1, 1, 1, 1, 1, 1, 1, 1, 1, 1, 1, 1, 16, 1, 9, 17, 3, 3, 3, 3, 3, 3, 3, 1, 1, 1, 3, 1, 1, 9, 1, 1, 1, 1, 3, 1, 3, 17, 18, 1, 2, 2, 2, 2, 1, 18, 1, 1, 1, 1, 2, 2, 1, 4, 4, 4, 3, 18, 4, 4, 13, 11, 11, 11, 8, 25, 10, 4, 11, 8, 4, 3, 3, 10, 11, 11, 11, 11, 13, 8, 11, 11, 11, 10, 11, 13, 4, 13, 12, 11, 11, 12, 12, 12, 1, 2, 2, 2, 2, 2, 2, 2, 2, 2, 2, 2, 2, 26, 11, 25, 16, 2, 27, 27, 2, 28, 27, 28, 26, 27, 17, 28, 27, 26, 2, 2, 2, 2, 2, 2, 2]"
stage3_declaration_method_body,stage3_declaration_method_body,declaration_method_body_v1,xerces,1,65488944220cc3a503994d6f2289e0f7bdc06c619351a2e8243bca243538c8a3,65488944220cc3a503994d6f2289e0f7bdc06c619351a2e8243bca243538c8a3,36bdeca0e1ef32f36631c30ebbf86a1875621490e92f9b4a7fd0860755676236,d81607ad9e48ef274ecf65a4e3b1b1c7c22163c3b073831ffbb506bac7601bac,7e204d1865c1ddb228cc42f6f61519e280076590a92f0965e4f1fc765b77a4ab,7d5d45f6e7cc46cdb57c57688bc89b5e90e0ecea7390833a7acb2e8887d935a5,c1af2191baefddee68a7f41c97c29f7799df4bcf5372d9e9cf44a52a3b510286,seed1_solution040,0.48468727534148092762,2.0452346161322840778,0.96550818232792201545,0.6388403686153416583,0.48468727534148092762,-2.0452346161322840778,0.96550818232792201545,0.6388403686153416583,True,False,,,"[0, 0, 0, 0, 0, 0, 0, 0, 0, 0, 0, 0, 0, 0, 1, 2, 0, 0, 0, 3, 2, 0, 0, 0, 0, 0, 3, 0, 0, 0, 0, 0, 0, 0, 0, 0, 0, 0, 0, 0, 0, 0, 0, 0, 0, 0, 0, 0, 0, 0, 0, 0, 0, 0, 0, 0, 0, 0, 0, 0, 0, 0, 0, 0, 0, 4, 0, 0, 4, 0, 0, 0, 0, 0, 0, 0, 0, 0, 0, 0, 0, 0, 0, 0, 0, 0, 0, 0, 0, 0, 0, 0, 0, 0, 0, 0, 0, 0, 0, 0, 5, 0, 6, 0, 0, 0, 5, 5, 5, 1, 1, 7, 0, 8, 7, 7, 8, 7, 7, 1, 7, 7, 8, 8, 7, 7, 7, 7, 7, 7, 8, 3, 7, 7, 8, 7, 7, 5, 8, 7, 7, 8, 7, 7, 7, 8, 1, 1, 5, 8, 1, 7, 8, 1, 1, 1, 1, 7, 2, 7, 3, 1, 2, 1, 1, 3, 5, 2, 1, 7, 1, 3, 1, 1, 1, 9, 10, 9, 10, 10, 10, 1, 10, 1, 1, 1, 1, 11, 1, 9, 12, 11, 11, 9, 11, 11, 12, 11, 11, 11, 11, 11, 11, 4, 13, 14, 9, 12, 11, 12, 11, 13, 12, 12, 12, 11, 13, 13, 12, 13, 11, 11, 13, 13, 14, 11, 12, 12, 14, 13, 10, 12, 11, 12, 12, 13, 12, 13, 13, 11, 13, 13, 11, 12, 13, 9, 12, 13, 12, 13, 12, 13, 11, 12, 11, 13, 13, 13, 1, 13, 11, 13, 13, 13, 12, 12, 10, 13, 9, 10, 13, 9, 12, 11, 13, 13, 13, 13, 13, 7, 7, 6, 7, 8, 6, 1, 4, 4, 1, 4, 15, 14, 15, 11, 14, 15, 11, 15, 15, 15, 6, 14, 16, 6, 6, 6, 14, 15, 14, 15, 6, 14, 15, 14, 15, 16, 16, 6, 14, 6, 6, 6, 14, 6, 6, 6, 6, 16, 6, 15, 6, 14, 16, 4, 4, 3, 4, 13, 13, 13, 11, 13, 10, 2, 17, 9, 9, 13, 3, 3, 4, 7, 4, 4, 4, 7, 4, 4, 4, 4, 11, 13, 13, 13, 10, 13, 10, 7, 10, 10, 13, 13, 6, 1, 3, 13, 1, 13, 9, 11, 10, 10, 13, 4, 4, 15, 7, 4, 4, 4, 4, 14, 7, 4, 4, 10, 9, 13, 10, 13, 10, 9, 4, 13, 9, 10, 5, 5, 17, 17, 5, 1, 16, 18, 16, 17, 18, 18, 16, 1, 17, 13, 11, 10, 2, 13, 16, 13, 10, 10, 10, 10, 11, 10, 19, 11, 9, 11, 11, 13, 13, 3, 16, 8, 10, 13, 13, 10, 10, 13, 11, 4, 11, 4, 10, 13, 13, 13, 9, 3, 13, 13, 10, 13, 13, 13, 9, 13, 10, 16, 17, 18, 16, 1, 1, 1, 1, 1, 1, 1, 16, 18, 16, 2, 1, 1, 17, 18, 17, 19, 17, 17, 20, 9, 8, 1, 1, 0, 2, 2, 3, 3, 16, 12, 3, 3, 3, 3, 4, 1, 1, 1, 1, 1, 4, 4, 4, 4, 17, 16, 16, 17, 17, 19, 18, 17, 3, 3, 3, 3, 3, 16, 16, 0, 19, 18, 1, 16, 1, 1, 3, 3, 3, 3, 19, 19, 1, 1, 20, 1, 1, 1, 2, 3, 3, 17, 3, 3, 3, 3, 1, 1, 3, 3, 3, 3, 3, 3, 3, 3, 3, 2, 1, 1, 1, 1, 1, 1, 1, 3, 3, 16, 3, 3, 17, 1, 20, 18, 20, 20, 20, 21, 20, 20, 5, 20, 20, 20, 20, 22, 20, 20, 20, 20, 20, 20, 22, 20, 20, 1, 22, 22, 21, 22, 22, 3, 16, 21, 3, 10, 9, 17, 1, 2, 3, 16, 1, 16, 17, 8, 1, 18, 16, 7, 1, 2, 1, 2, 3, 2, 17, 3, 2, 2, 2, 2, 10, 19, 13, 13, 2, 2, 2, 7, 7, 8, 7, 7, 8, 7, 3, 21, 3, 3, 16, 3, 7, 23, 1, 24, 2, 24, 23, 23, 23, 23, 23, 23, 24, 24, 1, 1, 1, 1, 2, 1, 1, 1, 1, 16, 1, 1, 1, 1, 1, 16, 1, 7, 17, 3, 3, 3, 3, 3, 3, 3, 1, 1, 1, 3, 1, 1, 7, 1, 1, 1, 1, 3, 1, 3, 19, 17, 1, 2, 2, 2, 2, 1, 18, 1, 1, 1, 1, 2, 2, 1, 4, 4, 4, 3, 16, 4, 4, 13, 13, 13, 10, 9, 24, 10, 4, 11, 9, 4, 3, 3, 10, 9, 10, 13, 13, 13, 9, 13, 13, 13, 10, 13, 13, 4, 13, 13, 10, 11, 12, 13, 12, 14, 2, 2, 2, 2, 2, 2, 2, 2, 2, 2, 2, 2, 25, 25, 25, 16, 2, 26, 27, 2, 27, 27, 27, 17, 27, 16, 27, 27, 27, 2, 2, 2, 2, 2, 2, 2]"
stage3_declaration_method_body,stage3_declaration_method_body,declaration_method_body_v1,xerces,1,65488944220cc3a503994d6f2289e0f7bdc06c619351a2e8243bca243538c8a3,65488944220cc3a503994d6f2289e0f7bdc06c619351a2e8243bca243538c8a3,36bdeca0e1ef32f36631c30ebbf86a1875621490e92f9b4a7fd0860755676236,d81607ad9e48ef274ecf65a4e3b1b1c7c22163c3b073831ffbb506bac7601bac,7e204d1865c1ddb228cc42f6f61519e280076590a92f0965e4f1fc765b77a4ab,7d5d45f6e7cc46cdb57c57688bc89b5e90e0ecea7390833a7acb2e8887d935a5,c1af2191baefddee68a7f41c97c29f7799df4bcf5372d9e9cf44a52a3b510286,seed1_solution041,0.49541337167505389294,3.8502913561651679331,1.0059287332188202591,0.60998482369292295058,0.49541337167505389294,-3.8502913561651679331,1.0059287332188202591,0.60998482369292295058,True,False,,,"[0, 0, 0, 0, 0, 0, 0, 0, 0, 0, 0, 0, 0, 0, 1, 2, 0, 0, 0, 3, 2, 0, 0, 0, 0, 0, 3, 0, 0, 0, 0, 0, 0, 0, 0, 0, 0, 0, 0, 0, 0, 0, 0, 0, 0, 0, 0, 0, 0, 0, 0, 0, 0, 0, 0, 0, 0, 0, 0, 0, 4, 0, 0, 0, 0, 4, 0, 0, 4, 0, 5, 0, 0, 0, 0, 0, 0, 0, 0, 0, 0, 0, 0, 0, 0, 0, 0, 0, 0, 0, 0, 0, 0, 0, 0, 0, 0, 0, 0, 0, 6, 0, 7, 0, 0, 0, 6, 6, 4, 3, 1, 8, 0, 8, 6, 6, 8, 7, 8, 1, 8, 6, 8, 8, 8, 6, 8, 6, 8, 8, 6, 3, 8, 6, 8, 6, 7, 8, 8, 8, 8, 8, 6, 8, 7, 6, 1, 1, 6, 9, 1, 7, 8, 1, 1, 1, 1, 9, 1, 8, 1, 1, 1, 1, 1, 3, 6, 1, 1, 6, 1, 1, 1, 1, 1, 8, 10, 10, 9, 4, 8, 1, 10, 1, 1, 1, 1, 11, 1, 10, 12, 13, 13, 13, 13, 13, 13, 13, 13, 14, 14, 14, 12, 14, 10, 15, 13, 12, 12, 12, 13, 12, 10, 10, 10, 12, 9, 10, 10, 13, 10, 10, 12, 12, 12, 10, 12, 12, 10, 9, 13, 13, 9, 12, 12, 12, 12, 12, 12, 10, 12, 12, 10, 12, 12, 9, 13, 12, 10, 12, 10, 9, 9, 10, 12, 10, 10, 12, 1, 9, 13, 13, 12, 12, 12, 12, 12, 9, 9, 13, 13, 13, 12, 9, 9, 13, 12, 12, 13, 8, 6, 8, 8, 7, 8, 1, 4, 14, 1, 14, 16, 15, 16, 16, 16, 16, 15, 16, 16, 5, 16, 16, 5, 5, 5, 5, 5, 5, 5, 15, 5, 5, 15, 5, 5, 5, 5, 5, 5, 5, 5, 5, 16, 5, 16, 5, 5, 15, 16, 16, 5, 5, 5, 4, 4, 3, 4, 13, 9, 13, 9, 13, 13, 2, 11, 13, 12, 9, 3, 3, 4, 14, 9, 14, 14, 4, 14, 4, 4, 4, 13, 13, 9, 9, 9, 9, 10, 13, 13, 13, 13, 13, 9, 4, 3, 13, 1, 13, 9, 13, 9, 9, 9, 4, 4, 12, 4, 14, 4, 4, 14, 15, 4, 4, 4, 8, 10, 9, 10, 8, 10, 8, 14, 10, 10, 8, 17, 18, 17, 19, 17, 1, 17, 18, 18, 18, 18, 18, 18, 1, 18, 13, 9, 12, 2, 13, 19, 9, 13, 13, 9, 13, 13, 12, 13, 13, 10, 13, 9, 9, 4, 3, 19, 3, 13, 13, 9, 9, 12, 10, 13, 14, 13, 4, 13, 9, 9, 10, 9, 3, 9, 9, 9, 12, 10, 9, 13, 13, 9, 18, 18, 18, 17, 1, 1, 3, 1, 1, 1, 1, 17, 18, 18, 1, 1, 1, 20, 20, 20, 11, 20, 11, 18, 11, 3, 2, 1, 0, 2, 2, 3, 3, 18, 3, 3, 3, 3, 3, 4, 1, 1, 1, 1, 1, 4, 14, 4, 14, 11, 18, 17, 18, 17, 17, 17, 17, 3, 3, 3, 3, 3, 18, 17, 0, 11, 18, 1, 17, 1, 1, 3, 3, 21, 3, 11, 17, 1, 1, 15, 1, 1, 1, 1, 3, 3, 17, 3, 3, 3, 3, 1, 1, 3, 3, 3, 3, 3, 3, 3, 3, 3, 2, 1, 1, 1, 1, 1, 1, 1, 3, 3, 18, 3, 3, 18, 1, 22, 22, 22, 22, 22, 22, 20, 22, 22, 20, 22, 22, 22, 22, 20, 20, 22, 22, 22, 22, 20, 22, 20, 1, 22, 23, 23, 22, 22, 3, 18, 24, 3, 13, 13, 11, 17, 2, 3, 18, 1, 18, 17, 3, 1, 19, 18, 8, 2, 2, 1, 2, 3, 2, 17, 3, 2, 2, 2, 2, 3, 17, 9, 10, 2, 2, 2, 8, 8, 8, 6, 10, 8, 8, 3, 24, 3, 3, 19, 3, 8, 25, 1, 26, 2, 24, 25, 25, 26, 25, 25, 26, 25, 26, 1, 1, 1, 1, 1, 1, 1, 1, 1, 1, 1, 1, 1, 1, 1, 18, 1, 8, 18, 3, 3, 3, 3, 3, 3, 3, 1, 1, 1, 1, 1, 1, 8, 1, 1, 1, 1, 3, 1, 3, 17, 18, 1, 2, 2, 2, 2, 1, 17, 1, 1, 1, 1, 2, 1, 1, 4, 4, 14, 3, 18, 14, 4, 9, 13, 9, 13, 13, 9, 10, 4, 12, 12, 4, 3, 3, 9, 9, 13, 9, 13, 10, 13, 9, 12, 13, 13, 9, 9, 4, 9, 9, 12, 12, 10, 12, 12, 1, 2, 2, 2, 2, 2, 2, 2, 2, 2, 2, 2, 2, 26, 13, 27, 17, 2, 21, 21, 2, 21, 21, 28, 17, 28, 21, 21, 17, 21, 2, 2, 2, 2, 2, 2, 2]"
stage3_declaration_method_body,stage3_declaration_method_body,declaration_method_body_v1,xerces,1,65488944220cc3a503994d6f2289e0f7bdc06c619351a2e8243bca243538c8a3,65488944220cc3a503994d6f2289e0f7bdc06c619351a2e8243bca243538c8a3,36bdeca0e1ef32f36631c30ebbf86a1875621490e92f9b4a7fd0860755676236,d81607ad9e48ef274ecf65a4e3b1b1c7c22163c3b073831ffbb506bac7601bac,7e204d1865c1ddb228cc42f6f61519e280076590a92f0965e4f1fc765b77a4ab,7d5d45f6e7cc46cdb57c57688bc89b5e90e0ecea7390833a7acb2e8887d935a5,c1af2191baefddee68a7f41c97c29f7799df4bcf5372d9e9cf44a52a3b510286,seed1_solution042,0.50084831056793677195,2.3904962200237216408,0.99353930818021818361,0.62666571337806153963,0.50084831056793677195,-2.3904962200237216408,0.99353930818021818361,0.62666571337806153963,True,False,,,"[0, 0, 0, 0, 0, 0, 0, 0, 0, 0, 0, 0, 0, 0, 1, 2, 0, 0, 0, 3, 2, 0, 0, 0, 4, 0, 3, 0, 0, 0, 0, 0, 0, 0, 0, 0, 0, 0, 0, 0, 0, 0, 0, 0, 0, 0, 0, 0, 0, 0, 0, 0, 0, 0, 0, 0, 0, 0, 0, 0, 0, 0, 0, 0, 0, 5, 0, 0, 5, 0, 0, 0, 0, 0, 0, 0, 0, 0, 0, 0, 0, 0, 0, 0, 0, 0, 0, 0, 0, 0, 0, 0, 0, 0, 0, 0, 0, 0, 0, 0, 6, 0, 7, 0, 0, 0, 7, 7, 5, 3, 1, 8, 0, 9, 7, 7, 8, 8, 7, 1, 7, 8, 8, 8, 8, 7, 9, 9, 9, 7, 7, 3, 8, 7, 8, 7, 8, 7, 8, 9, 7, 9, 8, 7, 8, 8, 1, 1, 7, 8, 1, 8, 7, 1, 1, 1, 1, 9, 1, 9, 3, 1, 1, 1, 1, 3, 7, 1, 1, 7, 1, 1, 1, 1, 1, 9, 10, 10, 11, 9, 11, 1, 11, 1, 1, 1, 1, 11, 1, 11, 10, 4, 12, 11, 12, 4, 12, 12, 4, 12, 12, 13, 13, 4, 12, 14, 11, 12, 12, 12, 12, 13, 13, 13, 12, 12, 10, 12, 12, 11, 12, 10, 12, 13, 12, 12, 12, 12, 10, 10, 11, 12, 10, 12, 13, 10, 12, 10, 1, 13, 13, 12, 11, 12, 13, 13, 12, 12, 12, 12, 13, 10, 10, 13, 12, 12, 13, 12, 1, 13, 12, 12, 13, 13, 12, 13, 13, 10, 13, 11, 13, 13, 12, 10, 13, 11, 12, 10, 12, 9, 7, 8, 7, 8, 8, 1, 5, 4, 1, 5, 15, 15, 14, 13, 15, 13, 15, 14, 13, 14, 6, 14, 14, 6, 14, 6, 6, 6, 14, 15, 6, 6, 15, 14, 6, 6, 14, 14, 6, 6, 6, 6, 14, 6, 14, 6, 6, 15, 6, 15, 14, 6, 6, 4, 4, 3, 4, 13, 13, 10, 16, 13, 11, 2, 17, 11, 13, 13, 3, 3, 4, 4, 4, 5, 5, 4, 4, 5, 4, 5, 10, 11, 10, 10, 11, 11, 11, 13, 11, 11, 10, 11, 10, 5, 3, 13, 1, 11, 11, 11, 11, 13, 10, 4, 4, 4, 5, 4, 5, 4, 5, 15, 5, 4, 5, 9, 11, 10, 11, 9, 11, 10, 5, 11, 9, 11, 16, 16, 18, 18, 16, 1, 18, 16, 16, 16, 18, 17, 16, 1, 17, 13, 11, 13, 2, 13, 18, 10, 11, 11, 11, 13, 11, 13, 10, 13, 11, 11, 10, 10, 11, 3, 18, 3, 11, 10, 10, 13, 13, 11, 10, 5, 11, 4, 11, 11, 10, 11, 10, 3, 13, 11, 13, 13, 11, 10, 13, 13, 11, 16, 18, 16, 18, 1, 1, 3, 1, 1, 1, 1, 16, 17, 16, 1, 1, 1, 19, 18, 17, 19, 17, 17, 19, 17, 3, 2, 1, 0, 2, 2, 3, 3, 16, 3, 3, 3, 3, 3, 4, 1, 1, 1, 1, 1, 5, 4, 4, 4, 17, 16, 16, 16, 18, 16, 16, 16, 3, 3, 3, 3, 3, 16, 16, 0, 20, 18, 1, 18, 1, 1, 3, 3, 3, 3, 17, 17, 1, 1, 19, 1, 1, 1, 1, 3, 3, 16, 3, 3, 3, 3, 1, 1, 3, 3, 3, 3, 3, 3, 3, 3, 3, 2, 1, 1, 1, 1, 1, 1, 1, 3, 3, 16, 3, 3, 18, 1, 20, 21, 20, 20, 20, 20, 20, 20, 20, 20, 20, 20, 21, 21, 21, 20, 20, 20, 20, 20, 20, 20, 20, 1, 21, 22, 22, 21, 21, 3, 18, 22, 3, 13, 11, 17, 18, 2, 3, 16, 1, 16, 17, 3, 1, 18, 16, 8, 2, 2, 1, 2, 3, 2, 16, 3, 2, 2, 2, 2, 3, 16, 10, 11, 2, 2, 2, 8, 8, 9, 7, 6, 9, 7, 3, 22, 3, 3, 18, 3, 8, 23, 1, 23, 24, 23, 24, 24, 24, 24, 23, 24, 24, 24, 3, 1, 1, 1, 1, 1, 1, 1, 1, 1, 1, 1, 1, 1, 1, 16, 1, 7, 16, 3, 3, 3, 3, 3, 3, 3, 1, 1, 1, 1, 1, 1, 9, 1, 1, 1, 1, 3, 1, 3, 16, 17, 1, 2, 2, 2, 2, 1, 16, 1, 1, 1, 1, 2, 1, 1, 4, 5, 5, 3, 16, 4, 5, 10, 10, 11, 11, 11, 11, 11, 5, 13, 13, 4, 3, 3, 13, 13, 11, 10, 13, 11, 11, 10, 13, 10, 11, 10, 10, 5, 13, 10, 13, 12, 13, 13, 10, 1, 2, 2, 2, 2, 2, 2, 2, 2, 2, 2, 2, 2, 25, 13, 26, 27, 2, 27, 27, 2, 28, 27, 28, 26, 26, 27, 27, 16, 27, 2, 2, 2, 2, 2, 2, 2]"
stage3_declaration_method_body,stage3_declaration_method_body,declaration_method_body_v1,xerces,1,65488944220cc3a503994d6f2289e0f7bdc06c619351a2e8243bca243538c8a3,65488944220cc3a503994d6f2289e0f7bdc06c619351a2e8243bca243538c8a3,36bdeca0e1ef32f36631c30ebbf86a1875621490e92f9b4a7fd0860755676236,d81607ad9e48ef274ecf65a4e3b1b1c7c22163c3b073831ffbb506bac7601bac,7e204d1865c1ddb228cc42f6f61519e280076590a92f0965e4f1fc765b77a4ab,7d5d45f6e7cc46cdb57c57688bc89b5e90e0ecea7390833a7acb2e8887d935a5,c1af2191baefddee68a7f41c97c29f7799df4bcf5372d9e9cf44a52a3b510286,seed1_solution043,0.51042415528396833935,2.197230828748507836,0.97161633263683433448,0.61949374843009896718,0.51042415528396833935,-2.197230828748507836,0.97161633263683433448,0.61949374843009896718,True,False,,,"[0, 0, 0, 0, 1, 0, 0, 0, 0, 0, 0, 0, 0, 0, 1, 2, 0, 0, 0, 3, 2, 0, 0, 0, 0, 0, 3, 0, 0, 0, 0, 0, 0, 0, 0, 0, 0, 0, 0, 0, 0, 0, 0, 0, 0, 0, 0, 0, 0, 0, 0, 0, 0, 0, 0, 0, 0, 0, 0, 0, 0, 0, 0, 0, 0, 4, 0, 0, 3, 0, 0, 0, 0, 0, 0, 0, 0, 0, 0, 0, 0, 0, 0, 0, 0, 0, 0, 0, 0, 3, 0, 0, 1, 0, 0, 0, 0, 0, 0, 0, 5, 0, 5, 0, 0, 0, 0, 5, 5, 1, 1, 6, 0, 7, 7, 8, 8, 6, 7, 1, 6, 7, 6, 6, 7, 6, 6, 8, 7, 7, 6, 3, 7, 7, 7, 5, 6, 6, 7, 7, 7, 7, 7, 6, 6, 7, 1, 1, 5, 7, 1, 7, 8, 1, 1, 1, 1, 1, 1, 5, 1, 8, 1, 1, 1, 3, 5, 2, 1, 6, 1, 3, 1, 1, 1, 9, 10, 9, 11, 11, 11, 1, 11, 1, 1, 1, 12, 9, 3, 9, 10, 12, 13, 9, 9, 13, 13, 13, 12, 12, 14, 14, 14, 7, 14, 9, 12, 15, 10, 10, 10, 10, 10, 10, 10, 10, 14, 10, 14, 10, 12, 14, 10, 10, 10, 9, 13, 12, 13, 9, 9, 13, 10, 10, 12, 10, 16, 10, 10, 10, 15, 10, 10, 10, 10, 10, 13, 9, 10, 10, 13, 14, 10, 10, 10, 12, 10, 13, 1, 9, 10, 10, 10, 10, 10, 10, 12, 13, 9, 9, 9, 10, 12, 9, 10, 9, 14, 10, 10, 7, 6, 7, 8, 8, 6, 1, 4, 4, 1, 3, 13, 17, 16, 18, 13, 18, 16, 18, 13, 14, 14, 5, 14, 14, 14, 6, 5, 15, 5, 5, 14, 14, 5, 14, 14, 14, 14, 14, 14, 14, 14, 5, 14, 14, 12, 5, 14, 5, 14, 14, 14, 14, 5, 4, 4, 3, 4, 12, 9, 9, 9, 6, 13, 2, 16, 9, 12, 13, 3, 3, 4, 4, 4, 4, 4, 7, 4, 4, 4, 4, 9, 9, 9, 9, 13, 11, 9, 9, 10, 9, 9, 9, 5, 4, 3, 12, 1, 9, 12, 12, 9, 10, 9, 4, 7, 18, 4, 4, 4, 4, 4, 16, 4, 4, 4, 9, 5, 9, 11, 9, 10, 11, 4, 11, 11, 10, 18, 17, 16, 18, 5, 1, 18, 19, 17, 18, 18, 19, 19, 1, 15, 9, 13, 10, 2, 13, 19, 10, 9, 9, 9, 11, 9, 9, 9, 9, 9, 10, 9, 9, 10, 4, 18, 3, 12, 13, 12, 10, 10, 12, 9, 4, 9, 4, 9, 9, 8, 9, 9, 3, 6, 9, 9, 9, 9, 9, 9, 12, 13, 18, 18, 19, 19, 1, 1, 3, 1, 1, 1, 1, 18, 17, 18, 1, 1, 1, 15, 18, 19, 19, 17, 15, 17, 19, 8, 0, 1, 0, 2, 2, 3, 3, 18, 13, 3, 3, 3, 3, 4, 1, 1, 1, 1, 1, 4, 4, 4, 4, 16, 17, 20, 19, 16, 9, 17, 18, 3, 3, 3, 3, 3, 18, 19, 0, 19, 19, 1, 18, 1, 11, 14, 3, 3, 3, 19, 18, 1, 1, 15, 1, 8, 2, 1, 3, 3, 18, 3, 3, 8, 3, 1, 8, 3, 3, 3, 3, 3, 3, 3, 3, 3, 2, 3, 1, 1, 1, 1, 1, 1, 3, 3, 18, 3, 3, 19, 1, 21, 20, 20, 20, 20, 16, 21, 21, 21, 19, 20, 21, 21, 3, 21, 20, 21, 21, 20, 21, 20, 21, 21, 1, 20, 20, 20, 20, 20, 3, 17, 22, 18, 9, 9, 19, 18, 2, 3, 18, 1, 17, 17, 3, 1, 17, 18, 7, 2, 2, 1, 2, 3, 2, 18, 3, 2, 2, 2, 2, 3, 18, 10, 10, 2, 2, 2, 6, 6, 7, 6, 8, 7, 5, 3, 22, 3, 3, 18, 1, 7, 23, 1, 23, 2, 24, 22, 24, 16, 22, 23, 23, 24, 24, 1, 1, 1, 1, 1, 1, 1, 1, 1, 1, 1, 1, 1, 1, 1, 18, 1, 6, 18, 3, 3, 3, 3, 3, 3, 3, 1, 1, 1, 1, 1, 1, 7, 1, 1, 1, 1, 3, 9, 3, 18, 19, 1, 2, 2, 2, 2, 1, 19, 1, 1, 1, 1, 2, 1, 1, 4, 4, 4, 3, 19, 4, 7, 9, 9, 9, 9, 9, 23, 12, 3, 9, 9, 4, 3, 3, 9, 9, 9, 12, 21, 9, 9, 12, 12, 9, 9, 9, 9, 4, 12, 12, 10, 9, 10, 10, 14, 1, 2, 2, 2, 2, 2, 2, 2, 2, 2, 2, 2, 2, 24, 21, 25, 21, 2, 26, 27, 2, 25, 25, 25, 25, 21, 26, 27, 25, 25, 2, 2, 2, 2, 2, 2, 2]"
stage3_declaration_method_body,stage3_declaration_method_body,declaration_method_body_v1,xerces,1,65488944220cc3a503994d6f2289e0f7bdc06c619351a2e8243bca243538c8a3,65488944220cc3a503994d6f2289e0f7bdc06c619351a2e8243bca243538c8a3,36bdeca0e1ef32f36631c30ebbf86a1875621490e92f9b4a7fd0860755676236,d81607ad9e48ef274ecf65a4e3b1b1c7c22163c3b073831ffbb506bac7601bac,7e204d1865c1ddb228cc42f6f61519e280076590a92f0965e4f1fc765b77a4ab,7d5d45f6e7cc46cdb57c57688bc89b5e90e0ecea7390833a7acb2e8887d935a5,c1af2191baefddee68a7f41c97c29f7799df4bcf5372d9e9cf44a52a3b510286,seed1_solution044,0.5168655643421998791,1.3385407828867372793,0.95943035879698235213,0.66589855700365552238,0.5168655643421998791,-1.3385407828867372793,0.95943035879698235213,0.66589855700365552238,True,False,,,"[0, 0, 0, 0, 1, 0, 0, 0, 0, 0, 0, 0, 0, 0, 1, 2, 0, 0, 0, 1, 2, 0, 0, 0, 0, 0, 3, 0, 0, 0, 0, 0, 0, 0, 0, 0, 0, 0, 0, 0, 0, 0, 0, 0, 0, 0, 0, 0, 0, 0, 0, 0, 0, 0, 0, 0, 0, 0, 0, 0, 0, 0, 0, 0, 0, 4, 0, 0, 3, 0, 0, 0, 0, 0, 0, 0, 0, 0, 0, 0, 0, 0, 0, 0, 0, 0, 0, 0, 0, 3, 0, 0, 0, 0, 0, 0, 0, 0, 0, 0, 5, 0, 6, 0, 0, 0, 0, 6, 5, 1, 1, 7, 0, 8, 7, 7, 7, 7, 7, 1, 7, 7, 8, 7, 7, 7, 7, 7, 7, 7, 6, 8, 7, 7, 7, 5, 7, 5, 8, 7, 7, 7, 7, 7, 7, 7, 1, 1, 5, 7, 1, 7, 8, 1, 1, 1, 1, 7, 2, 4, 1, 1, 2, 1, 1, 3, 5, 2, 1, 8, 1, 3, 1, 1, 1, 9, 10, 10, 11, 11, 11, 1, 11, 2, 1, 1, 1, 10, 3, 11, 11, 12, 12, 1, 10, 10, 13, 10, 13, 12, 10, 10, 10, 7, 14, 12, 13, 13, 10, 13, 13, 14, 13, 13, 14, 14, 14, 12, 13, 10, 13, 14, 14, 12, 14, 10, 13, 13, 13, 10, 10, 13, 10, 13, 13, 12, 13, 12, 14, 14, 15, 12, 10, 9, 13, 10, 13, 12, 13, 13, 13, 14, 10, 13, 10, 12, 13, 12, 1, 12, 10, 14, 12, 11, 11, 13, 13, 13, 10, 16, 12, 10, 13, 12, 10, 10, 14, 17, 12, 7, 7, 7, 8, 8, 6, 1, 4, 4, 1, 4, 15, 18, 17, 17, 16, 15, 10, 15, 15, 5, 7, 14, 17, 6, 6, 6, 5, 5, 5, 5, 5, 10, 5, 5, 15, 17, 17, 6, 14, 6, 5, 6, 5, 5, 12, 5, 6, 5, 16, 5, 6, 14, 5, 4, 4, 3, 4, 12, 10, 12, 10, 12, 12, 2, 16, 9, 13, 13, 3, 3, 4, 7, 4, 4, 4, 7, 4, 4, 4, 4, 10, 10, 12, 10, 13, 12, 10, 10, 11, 9, 10, 10, 13, 4, 3, 12, 1, 12, 13, 10, 11, 11, 13, 4, 4, 15, 7, 4, 4, 4, 4, 16, 7, 7, 4, 11, 7, 12, 11, 11, 11, 9, 4, 12, 13, 11, 5, 5, 16, 19, 5, 1, 17, 19, 18, 16, 18, 19, 19, 1, 15, 12, 13, 10, 2, 12, 19, 12, 10, 13, 5, 9, 10, 11, 10, 10, 9, 11, 12, 12, 12, 3, 17, 3, 11, 13, 12, 11, 11, 12, 10, 4, 10, 4, 11, 3, 10, 13, 9, 3, 6, 12, 11, 10, 10, 10, 10, 12, 13, 18, 16, 18, 19, 1, 1, 1, 1, 1, 1, 1, 15, 18, 19, 2, 1, 1, 15, 18, 16, 19, 18, 16, 20, 16, 8, 0, 1, 0, 2, 2, 3, 3, 17, 13, 3, 3, 3, 3, 4, 1, 8, 1, 1, 1, 4, 4, 4, 4, 16, 18, 20, 19, 16, 19, 18, 19, 3, 3, 3, 3, 3, 19, 19, 0, 19, 19, 1, 19, 1, 9, 3, 3, 3, 3, 19, 19, 1, 1, 15, 1, 1, 2, 2, 3, 3, 19, 3, 13, 8, 3, 1, 1, 3, 3, 3, 3, 3, 3, 6, 3, 3, 2, 1, 1, 1, 1, 1, 1, 1, 3, 3, 20, 3, 3, 19, 1, 8, 21, 22, 22, 20, 16, 22, 22, 5, 22, 22, 22, 21, 3, 21, 20, 22, 22, 20, 22, 21, 22, 22, 1, 21, 21, 21, 21, 11, 3, 18, 23, 6, 10, 10, 16, 16, 2, 3, 15, 1, 17, 22, 8, 1, 18, 19, 6, 1, 2, 1, 2, 3, 2, 19, 3, 2, 2, 2, 2, 3, 4, 10, 10, 2, 2, 2, 6, 7, 8, 7, 5, 7, 5, 3, 23, 3, 3, 17, 1, 7, 24, 1, 24, 2, 24, 23, 24, 23, 23, 24, 24, 25, 24, 1, 1, 1, 1, 1, 1, 1, 1, 1, 1, 1, 1, 1, 1, 1, 17, 1, 7, 19, 3, 3, 3, 3, 3, 3, 3, 1, 1, 1, 3, 1, 1, 7, 1, 1, 1, 1, 3, 11, 3, 19, 19, 1, 2, 2, 11, 2, 1, 19, 1, 1, 1, 1, 2, 1, 1, 3, 4, 4, 3, 17, 4, 4, 10, 11, 12, 11, 9, 24, 11, 4, 10, 10, 4, 3, 3, 11, 9, 11, 12, 12, 12, 13, 12, 12, 12, 10, 10, 10, 4, 12, 11, 11, 10, 13, 13, 14, 14, 2, 2, 2, 2, 2, 2, 2, 2, 2, 2, 2, 2, 25, 25, 16, 21, 2, 26, 27, 2, 25, 28, 27, 15, 21, 17, 27, 26, 27, 2, 2, 2, 2, 2, 2, 2]"
stage3_declaration_method_body,stage3_declaration_method_body,declaration_method_body_v1,xerces,1,65488944220cc3a503994d6f2289e0f7bdc06c619351a2e8243bca243538c8a3,65488944220cc3a503994d6f2289e0f7bdc06c619351a2e8243bca243538c8a3,36bdeca0e1ef32f36631c30ebbf86a1875621490e92f9b4a7fd0860755676236,d81607ad9e48ef274ecf65a4e3b1b1c7c22163c3b073831ffbb506bac7601bac,7e204d1865c1ddb228cc42f6f61519e280076590a92f0965e4f1fc765b77a4ab,7d5d45f6e7cc46cdb57c57688bc89b5e90e0ecea7390833a7acb2e8887d935a5,c1af2191baefddee68a7f41c97c29f7799df4bcf5372d9e9cf44a52a3b510286,seed1_solution045,0.53089863407620419,1.4766581738489481523,0.93283132675698554603,0.67845993458342557236,0.53089863407620419,-1.4766581738489481523,0.93283132675698554603,0.67845993458342557236,True,False,,,"[0, 0, 0, 0, 1, 0, 0, 0, 0, 0, 0, 0, 0, 0, 1, 2, 0, 0, 0, 1, 2, 0, 0, 0, 0, 0, 3, 0, 0, 0, 0, 0, 0, 0, 0, 0, 0, 0, 0, 0, 0, 0, 0, 0, 0, 0, 0, 0, 0, 0, 0, 0, 0, 0, 0, 0, 0, 0, 0, 0, 0, 0, 0, 0, 0, 4, 0, 0, 3, 0, 0, 0, 0, 0, 0, 0, 0, 0, 0, 0, 0, 0, 0, 0, 0, 0, 0, 0, 0, 3, 0, 0, 0, 0, 0, 0, 0, 0, 0, 0, 5, 0, 6, 0, 0, 0, 0, 6, 5, 1, 1, 7, 0, 8, 7, 7, 7, 7, 7, 1, 7, 7, 8, 7, 7, 7, 7, 8, 7, 7, 6, 8, 7, 7, 7, 5, 7, 7, 7, 7, 7, 7, 7, 8, 7, 7, 1, 1, 5, 7, 1, 7, 8, 1, 1, 1, 1, 9, 1, 5, 1, 8, 2, 1, 1, 3, 5, 2, 1, 8, 1, 3, 1, 1, 1, 10, 11, 10, 11, 11, 11, 1, 10, 2, 1, 1, 12, 13, 3, 10, 11, 13, 13, 1, 10, 13, 13, 13, 12, 13, 14, 14, 14, 7, 14, 13, 12, 15, 10, 13, 12, 14, 13, 14, 14, 14, 14, 12, 14, 11, 12, 14, 14, 14, 14, 10, 13, 12, 13, 10, 10, 13, 10, 12, 12, 10, 16, 13, 14, 14, 15, 12, 11, 9, 13, 11, 13, 10, 13, 13, 13, 14, 11, 13, 6, 12, 13, 13, 1, 12, 10, 14, 12, 10, 11, 12, 12, 13, 11, 16, 12, 11, 12, 13, 11, 10, 14, 17, 12, 7, 7, 7, 8, 8, 6, 1, 4, 4, 1, 3, 17, 18, 16, 17, 16, 17, 16, 17, 15, 5, 7, 5, 5, 7, 13, 6, 5, 5, 5, 5, 5, 11, 5, 5, 5, 7, 17, 6, 5, 6, 5, 5, 5, 5, 12, 5, 6, 5, 17, 5, 6, 5, 5, 4, 4, 3, 4, 12, 11, 12, 10, 6, 13, 2, 16, 7, 12, 13, 3, 3, 4, 4, 4, 4, 4, 7, 4, 4, 4, 4, 10, 10, 12, 10, 13, 9, 10, 10, 11, 9, 10, 10, 13, 4, 3, 12, 1, 12, 12, 12, 10, 11, 12, 4, 7, 17, 4, 4, 4, 4, 4, 16, 4, 7, 4, 10, 7, 13, 9, 10, 11, 9, 4, 10, 12, 11, 17, 5, 16, 19, 5, 1, 19, 19, 18, 20, 18, 19, 19, 1, 15, 12, 13, 11, 2, 13, 19, 11, 10, 12, 5, 9, 11, 11, 10, 11, 9, 11, 13, 10, 11, 3, 17, 3, 12, 13, 12, 11, 11, 12, 11, 4, 12, 4, 12, 3, 10, 12, 9, 3, 6, 10, 11, 11, 10, 11, 10, 12, 13, 18, 15, 19, 19, 1, 1, 3, 1, 1, 1, 1, 15, 18, 19, 2, 1, 1, 15, 20, 16, 15, 18, 15, 21, 17, 8, 0, 1, 0, 2, 2, 3, 3, 19, 13, 3, 3, 3, 3, 4, 1, 8, 1, 1, 1, 4, 4, 4, 4, 16, 18, 21, 19, 16, 10, 18, 19, 3, 3, 3, 3, 3, 19, 19, 0, 19, 19, 1, 19, 1, 9, 3, 3, 3, 3, 19, 19, 1, 1, 15, 1, 8, 2, 2, 3, 3, 19, 3, 13, 8, 3, 1, 8, 3, 3, 3, 3, 3, 3, 6, 3, 3, 2, 1, 1, 1, 1, 1, 1, 1, 3, 3, 21, 2, 3, 19, 1, 8, 22, 21, 11, 21, 16, 22, 22, 22, 19, 21, 22, 22, 3, 22, 21, 11, 22, 21, 22, 21, 18, 22, 1, 14, 23, 21, 21, 11, 3, 18, 23, 6, 11, 10, 20, 17, 2, 3, 15, 1, 17, 20, 8, 1, 18, 19, 6, 1, 2, 1, 2, 3, 2, 19, 3, 2, 2, 2, 2, 3, 19, 11, 11, 2, 2, 2, 6, 7, 7, 7, 5, 7, 5, 3, 23, 3, 3, 17, 1, 7, 24, 1, 24, 2, 24, 23, 24, 16, 23, 24, 24, 25, 24, 1, 1, 1, 1, 1, 1, 1, 1, 1, 1, 1, 1, 1, 1, 1, 19, 1, 7, 19, 3, 3, 3, 3, 3, 3, 3, 1, 1, 1, 3, 1, 1, 7, 2, 1, 1, 1, 3, 10, 3, 19, 19, 1, 2, 2, 11, 2, 1, 19, 1, 1, 1, 1, 2, 1, 15, 3, 4, 4, 3, 19, 4, 7, 10, 10, 12, 10, 9, 24, 12, 3, 10, 11, 4, 3, 3, 11, 10, 12, 12, 22, 10, 13, 12, 12, 11, 10, 11, 10, 4, 12, 10, 11, 10, 13, 13, 14, 14, 2, 2, 2, 2, 2, 2, 2, 2, 2, 2, 2, 2, 25, 22, 17, 22, 2, 26, 27, 2, 25, 28, 27, 15, 22, 28, 27, 26, 27, 2, 2, 2, 2, 2, 2, 2]"
stage3_declaration_method_body,stage3_declaration_method_body,declaration_method_body_v1,xerces,1,65488944220cc3a503994d6f2289e0f7bdc06c619351a2e8243bca243538c8a3,65488944220cc3a503994d6f2289e0f7bdc06c619351a2e8243bca243538c8a3,36bdeca0e1ef32f36631c30ebbf86a1875621490e92f9b4a7fd0860755676236,d81607ad9e48ef274ecf65a4e3b1b1c7c22163c3b073831ffbb506bac7601bac,7e204d1865c1ddb228cc42f6f61519e280076590a92f0965e4f1fc765b77a4ab,7d5d45f6e7cc46cdb57c57688bc89b5e90e0ecea7390833a7acb2e8887d935a5,c1af2191baefddee68a7f41c97c29f7799df4bcf5372d9e9cf44a52a3b510286,seed1_solution046,0.53308411214953266288,3.0703270751690192597,0.97211947277101373732,0.6306994238356689042,0.53308411214953266288,-3.0703270751690192597,0.97211947277101373732,0.6306994238356689042,True,False,,,"[0, 0, 0, 0, 1, 0, 0, 0, 0, 0, 0, 0, 0, 0, 1, 2, 0, 0, 0, 3, 2, 0, 0, 0, 0, 0, 3, 0, 0, 0, 0, 0, 0, 0, 0, 0, 0, 0, 0, 0, 0, 0, 0, 0, 0, 0, 0, 0, 0, 0, 0, 0, 0, 0, 0, 0, 0, 0, 0, 0, 0, 0, 0, 0, 0, 4, 0, 0, 4, 0, 0, 0, 0, 0, 0, 0, 0, 0, 0, 0, 0, 0, 0, 0, 4, 0, 0, 0, 0, 0, 0, 0, 0, 0, 0, 0, 0, 0, 0, 0, 5, 0, 6, 0, 0, 0, 7, 6, 7, 1, 1, 8, 0, 6, 8, 8, 8, 8, 8, 1, 8, 8, 9, 8, 9, 10, 8, 6, 8, 9, 8, 3, 8, 5, 8, 10, 5, 9, 8, 10, 4, 8, 6, 8, 7, 8, 1, 1, 8, 8, 1, 7, 8, 1, 1, 1, 6, 9, 1, 7, 1, 1, 1, 1, 1, 3, 8, 1, 1, 8, 1, 1, 1, 1, 1, 11, 11, 11, 10, 11, 11, 1, 11, 2, 1, 1, 1, 12, 3, 13, 12, 14, 15, 1, 14, 12, 14, 7, 14, 14, 14, 13, 11, 9, 15, 16, 13, 16, 13, 12, 12, 12, 14, 12, 11, 15, 12, 10, 12, 11, 14, 12, 12, 10, 13, 10, 15, 10, 12, 13, 10, 12, 12, 12, 12, 10, 12, 12, 12, 12, 16, 10, 13, 12, 12, 5, 12, 13, 14, 15, 14, 15, 13, 12, 5, 12, 12, 12, 1, 13, 12, 12, 10, 12, 10, 13, 13, 13, 13, 17, 13, 9, 15, 13, 11, 11, 12, 10, 12, 8, 8, 8, 6, 9, 8, 1, 4, 4, 1, 4, 11, 18, 16, 16, 16, 16, 16, 16, 14, 7, 7, 7, 7, 19, 7, 7, 7, 14, 7, 7, 7, 7, 20, 14, 15, 9, 7, 17, 7, 15, 17, 20, 7, 14, 7, 7, 17, 7, 7, 17, 5, 21, 7, 4, 1, 3, 4, 13, 13, 13, 9, 13, 13, 2, 17, 13, 13, 10, 3, 3, 4, 4, 4, 4, 4, 9, 4, 4, 4, 4, 10, 9, 11, 13, 13, 13, 13, 13, 9, 13, 11, 9, 10, 8, 3, 13, 1, 13, 12, 16, 13, 10, 13, 4, 4, 13, 4, 4, 4, 4, 4, 16, 4, 4, 7, 11, 9, 13, 11, 13, 4, 11, 4, 13, 11, 13, 20, 18, 20, 20, 20, 1, 16, 22, 20, 16, 20, 20, 20, 1, 20, 13, 12, 11, 2, 9, 20, 13, 9, 13, 13, 9, 13, 17, 11, 13, 0, 13, 13, 13, 13, 3, 21, 3, 10, 5, 13, 12, 13, 13, 13, 4, 9, 4, 12, 13, 10, 13, 13, 3, 12, 17, 14, 13, 13, 13, 12, 10, 12, 22, 16, 20, 22, 1, 1, 3, 1, 1, 1, 1, 20, 20, 20, 1, 1, 1, 18, 18, 18, 15, 18, 18, 18, 20, 3, 2, 1, 0, 2, 2, 3, 3, 20, 15, 3, 3, 3, 3, 4, 1, 1, 1, 1, 1, 9, 4, 4, 13, 21, 20, 20, 20, 20, 13, 20, 21, 3, 16, 3, 3, 3, 16, 20, 0, 19, 20, 1, 16, 1, 9, 3, 3, 3, 22, 20, 20, 1, 2, 16, 1, 6, 1, 1, 3, 3, 20, 9, 12, 6, 6, 1, 1, 3, 3, 3, 3, 10, 3, 5, 3, 3, 2, 1, 23, 1, 1, 1, 1, 1, 3, 3, 21, 3, 3, 20, 1, 21, 21, 24, 21, 21, 13, 19, 24, 21, 21, 19, 24, 21, 21, 24, 21, 11, 21, 21, 23, 21, 21, 21, 1, 10, 21, 10, 10, 19, 3, 20, 25, 5, 13, 13, 18, 20, 22, 3, 20, 1, 20, 20, 3, 17, 20, 16, 8, 2, 2, 1, 9, 3, 2, 16, 3, 2, 2, 3, 2, 3, 20, 13, 10, 2, 2, 2, 8, 18, 8, 5, 7, 8, 8, 9, 25, 3, 3, 20, 1, 8, 23, 1, 24, 15, 24, 24, 24, 15, 24, 24, 24, 24, 26, 1, 1, 1, 1, 1, 1, 1, 1, 1, 1, 1, 1, 1, 1, 1, 7, 1, 8, 20, 2, 3, 3, 3, 3, 3, 3, 1, 1, 1, 1, 1, 1, 8, 1, 1, 3, 1, 3, 1, 3, 20, 21, 1, 2, 2, 9, 2, 1, 20, 1, 2, 1, 1, 2, 1, 7, 4, 4, 4, 3, 21, 4, 9, 13, 13, 13, 13, 11, 26, 10, 4, 12, 13, 4, 3, 3, 13, 13, 7, 13, 13, 13, 9, 10, 13, 13, 13, 11, 12, 4, 12, 12, 12, 14, 12, 12, 12, 1, 2, 2, 2, 2, 2, 2, 2, 2, 2, 2, 2, 2, 25, 24, 26, 26, 2, 19, 26, 2, 27, 19, 28, 26, 27, 19, 26, 26, 0, 2, 2, 2, 2, 2, 2, 2]"
stage3_declaration_method_body,stage3_declaration_method_body,declaration_method_body_v1,xerces,1,65488944220cc3a503994d6f2289e0f7bdc06c619351a2e8243bca243538c8a3,65488944220cc3a503994d6f2289e0f7bdc06c619351a2e8243bca243538c8a3,36bdeca0e1ef32f36631c30ebbf86a1875621490e92f9b4a7fd0860755676236,d81607ad9e48ef274ecf65a4e3b1b1c7c22163c3b073831ffbb506bac7601bac,7e204d1865c1ddb228cc42f6f61519e280076590a92f0965e4f1fc765b77a4ab,7d5d45f6e7cc46cdb57c57688bc89b5e90e0ecea7390833a7acb2e8887d935a5,c1af2191baefddee68a7f41c97c29f7799df4bcf5372d9e9cf44a52a3b510286,seed1_solution047,0.54795111430625453863,0.66950504560340939886,0.94536821439967377856,0.66787045940729494742,0.54795111430625453863,-0.66950504560340939886,0.94536821439967377856,0.66787045940729494742,True,False,,,"[0, 0, 0, 0, 1, 0, 0, 0, 0, 0, 0, 0, 0, 0, 1, 2, 0, 0, 0, 1, 2, 0, 0, 0, 0, 0, 3, 0, 0, 0, 0, 0, 0, 0, 0, 0, 0, 0, 0, 0, 0, 0, 0, 0, 0, 0, 0, 0, 0, 0, 0, 0, 0, 0, 0, 0, 0, 0, 0, 0, 0, 0, 0, 0, 0, 4, 0, 0, 4, 0, 0, 0, 0, 0, 0, 0, 0, 0, 0, 0, 0, 0, 0, 0, 0, 0, 0, 0, 0, 3, 0, 0, 0, 0, 0, 0, 0, 0, 0, 0, 5, 0, 6, 0, 0, 0, 0, 6, 6, 1, 1, 7, 0, 8, 7, 7, 7, 9, 7, 1, 7, 9, 7, 7, 7, 7, 7, 8, 7, 7, 6, 8, 9, 7, 7, 9, 7, 7, 7, 7, 7, 7, 7, 8, 9, 7, 1, 1, 7, 7, 1, 7, 7, 1, 1, 1, 1, 9, 2, 5, 1, 8, 2, 1, 1, 3, 5, 2, 1, 9, 1, 3, 1, 1, 1, 10, 11, 10, 10, 11, 10, 1, 10, 2, 1, 1, 12, 13, 1, 10, 12, 13, 13, 1, 10, 13, 12, 13, 13, 13, 11, 14, 13, 4, 14, 14, 12, 12, 10, 13, 11, 12, 13, 14, 12, 12, 14, 12, 12, 13, 12, 14, 14, 13, 14, 10, 13, 12, 12, 10, 11, 13, 10, 12, 12, 10, 12, 13, 14, 14, 15, 13, 11, 12, 13, 11, 12, 10, 12, 13, 13, 14, 11, 13, 11, 13, 12, 13, 1, 12, 12, 12, 13, 10, 12, 12, 10, 11, 11, 16, 12, 8, 12, 13, 11, 13, 13, 17, 12, 9, 9, 7, 8, 8, 7, 1, 4, 4, 1, 4, 17, 18, 15, 17, 16, 17, 15, 15, 15, 5, 5, 5, 5, 16, 13, 6, 5, 15, 14, 5, 5, 11, 5, 5, 15, 5, 17, 6, 5, 6, 5, 5, 5, 6, 12, 6, 6, 5, 6, 5, 6, 5, 5, 4, 4, 3, 4, 11, 13, 11, 11, 13, 11, 2, 17, 8, 8, 13, 3, 3, 4, 4, 4, 4, 4, 4, 4, 4, 4, 4, 10, 13, 13, 13, 11, 11, 10, 11, 11, 10, 10, 10, 13, 4, 3, 11, 1, 12, 8, 12, 10, 11, 12, 4, 7, 15, 4, 4, 4, 4, 4, 14, 4, 4, 4, 10, 7, 13, 9, 10, 10, 9, 4, 10, 8, 10, 17, 5, 16, 19, 5, 1, 19, 18, 17, 17, 18, 19, 17, 1, 17, 11, 11, 11, 2, 13, 19, 11, 10, 12, 5, 9, 11, 11, 19, 11, 9, 11, 13, 13, 11, 3, 17, 3, 10, 13, 13, 11, 10, 11, 11, 4, 12, 4, 12, 3, 10, 13, 8, 3, 11, 10, 11, 11, 13, 13, 10, 12, 11, 16, 17, 19, 17, 1, 1, 3, 1, 1, 1, 1, 18, 18, 19, 2, 1, 1, 19, 20, 17, 15, 17, 17, 20, 17, 8, 0, 1, 0, 2, 2, 3, 3, 19, 13, 3, 3, 3, 3, 4, 1, 1, 1, 1, 1, 4, 4, 4, 4, 17, 16, 21, 17, 17, 10, 18, 18, 3, 3, 3, 3, 3, 19, 17, 0, 19, 18, 1, 19, 1, 1, 3, 3, 3, 3, 19, 19, 1, 1, 15, 1, 8, 2, 2, 3, 3, 19, 3, 13, 3, 3, 1, 8, 3, 3, 3, 3, 3, 3, 3, 3, 3, 2, 1, 1, 1, 1, 1, 1, 1, 3, 3, 16, 2, 3, 19, 1, 21, 21, 21, 20, 20, 16, 20, 19, 22, 19, 21, 22, 20, 3, 22, 21, 11, 21, 20, 22, 21, 21, 22, 1, 14, 23, 22, 21, 21, 3, 18, 23, 3, 11, 11, 20, 17, 2, 3, 16, 1, 16, 20, 7, 1, 18, 16, 6, 2, 2, 1, 2, 3, 2, 17, 3, 2, 2, 2, 2, 3, 19, 11, 11, 2, 2, 2, 9, 7, 7, 7, 5, 7, 5, 3, 22, 3, 3, 16, 1, 7, 23, 1, 24, 2, 25, 23, 24, 16, 23, 24, 24, 25, 24, 1, 1, 1, 1, 1, 1, 1, 1, 1, 1, 1, 1, 1, 1, 1, 16, 1, 7, 17, 3, 3, 3, 3, 3, 3, 3, 1, 1, 1, 3, 1, 1, 7, 1, 1, 1, 1, 3, 1, 3, 17, 18, 1, 2, 2, 2, 2, 1, 19, 1, 1, 1, 1, 2, 1, 15, 4, 4, 4, 3, 18, 4, 4, 13, 11, 11, 11, 8, 24, 10, 4, 11, 8, 4, 3, 3, 10, 11, 12, 11, 11, 10, 8, 12, 12, 11, 10, 11, 10, 4, 13, 12, 11, 11, 13, 12, 12, 14, 2, 2, 2, 2, 2, 2, 2, 2, 2, 2, 2, 2, 25, 22, 25, 16, 2, 26, 26, 2, 25, 27, 26, 15, 26, 17, 27, 28, 28, 2, 2, 2, 2, 2, 2, 2]"
stage3_declaration_method_body,stage3_declaration_method_body,declaration_method_body_v1,xerces,1,65488944220cc3a503994d6f2289e0f7bdc06c619351a2e8243bca243538c8a3,65488944220cc3a503994d6f2289e0f7bdc06c619351a2e8243bca243538c8a3,36bdeca0e1ef32f36631c30ebbf86a1875621490e92f9b4a7fd0860755676236,d81607ad9e48ef274ecf65a4e3b1b1c7c22163c3b073831ffbb506bac7601bac,7e204d1865c1ddb228cc42f6f61519e280076590a92f0965e4f1fc765b77a4ab,7d5d45f6e7cc46cdb57c57688bc89b5e90e0ecea7390833a7acb2e8887d935a5,c1af2191baefddee68a7f41c97c29f7799df4bcf5372d9e9cf44a52a3b510286,seed1_solution048,0.55252336448598127205,0.84731126142220436481,0.91637627966743684382,0.66259909011344975127,0.55252336448598127205,-0.84731126142220436481,0.91637627966743684382,0.66259909011344975127,True,False,,,"[0, 0, 0, 0, 1, 0, 0, 0, 0, 0, 0, 0, 0, 0, 1, 2, 0, 0, 0, 3, 2, 0, 0, 0, 0, 0, 3, 0, 0, 0, 0, 0, 0, 0, 0, 0, 0, 0, 0, 0, 0, 0, 0, 0, 0, 0, 0, 0, 0, 0, 0, 0, 0, 0, 0, 0, 0, 0, 0, 0, 0, 0, 0, 0, 0, 4, 0, 0, 4, 0, 0, 0, 0, 0, 0, 0, 0, 0, 0, 0, 0, 0, 0, 0, 0, 0, 0, 0, 0, 0, 0, 0, 0, 0, 0, 0, 0, 0, 0, 0, 5, 0, 5, 0, 0, 0, 5, 6, 7, 1, 1, 8, 0, 8, 8, 7, 9, 9, 7, 1, 9, 9, 7, 8, 9, 9, 8, 6, 9, 7, 9, 3, 8, 5, 7, 9, 5, 9, 8, 9, 4, 8, 6, 8, 7, 7, 1, 1, 8, 8, 1, 9, 7, 1, 1, 1, 1, 9, 1, 7, 1, 1, 1, 1, 1, 3, 8, 1, 1, 7, 1, 1, 1, 1, 1, 10, 8, 11, 11, 10, 8, 1, 11, 2, 1, 1, 1, 12, 3, 13, 12, 13, 14, 1, 15, 12, 12, 13, 15, 13, 15, 13, 10, 9, 15, 10, 10, 11, 13, 11, 15, 12, 15, 11, 10, 14, 12, 15, 12, 10, 15, 12, 12, 11, 11, 11, 14, 15, 15, 13, 12, 12, 11, 15, 11, 15, 15, 11, 15, 11, 15, 11, 10, 15, 12, 12, 12, 11, 15, 14, 15, 14, 13, 15, 11, 12, 12, 15, 1, 13, 12, 15, 15, 12, 11, 11, 10, 13, 13, 10, 13, 9, 14, 12, 10, 10, 12, 11, 12, 8, 8, 9, 9, 9, 8, 1, 4, 4, 1, 4, 15, 16, 14, 15, 17, 14, 14, 15, 15, 7, 7, 6, 7, 18, 7, 6, 6, 15, 6, 13, 7, 6, 19, 15, 6, 9, 7, 20, 7, 14, 20, 19, 7, 6, 13, 13, 20, 13, 7, 6, 13, 21, 7, 4, 4, 3, 4, 10, 13, 13, 9, 13, 13, 2, 20, 10, 13, 11, 3, 3, 4, 4, 4, 4, 4, 9, 4, 4, 4, 4, 11, 12, 12, 10, 10, 13, 13, 13, 9, 13, 12, 12, 11, 8, 3, 13, 1, 12, 12, 17, 10, 10, 13, 4, 4, 14, 4, 4, 4, 4, 4, 15, 4, 4, 4, 8, 9, 13, 10, 8, 11, 10, 4, 8, 8, 13, 19, 16, 20, 20, 14, 1, 17, 14, 14, 14, 19, 20, 14, 1, 19, 10, 10, 10, 2, 10, 20, 13, 12, 13, 13, 9, 13, 20, 10, 10, 10, 12, 10, 10, 13, 3, 20, 3, 11, 5, 13, 10, 13, 10, 12, 4, 10, 4, 12, 13, 11, 12, 13, 3, 12, 20, 12, 13, 13, 12, 12, 11, 10, 22, 20, 19, 14, 1, 1, 3, 1, 1, 1, 1, 14, 19, 19, 1, 1, 1, 16, 16, 16, 17, 16, 16, 16, 19, 3, 2, 1, 0, 2, 2, 3, 3, 20, 14, 3, 3, 3, 3, 4, 1, 1, 1, 1, 1, 9, 4, 4, 13, 21, 14, 19, 19, 19, 14, 20, 20, 3, 17, 3, 3, 3, 20, 14, 0, 18, 19, 1, 14, 1, 1, 3, 3, 3, 3, 14, 14, 1, 1, 16, 1, 1, 1, 1, 3, 3, 14, 3, 3, 3, 3, 1, 1, 3, 3, 3, 3, 3, 3, 3, 3, 3, 2, 1, 23, 1, 1, 1, 1, 1, 3, 3, 21, 3, 3, 14, 1, 21, 21, 19, 21, 18, 19, 19, 24, 21, 21, 18, 24, 19, 18, 24, 18, 10, 21, 21, 23, 21, 19, 21, 1, 10, 10, 19, 19, 10, 3, 19, 21, 5, 13, 12, 16, 19, 22, 3, 19, 1, 19, 14, 3, 20, 20, 17, 8, 2, 2, 1, 2, 3, 2, 20, 3, 2, 2, 3, 2, 3, 19, 10, 11, 2, 2, 2, 8, 16, 8, 7, 9, 9, 8, 3, 21, 3, 3, 19, 1, 9, 22, 1, 24, 14, 24, 23, 24, 14, 24, 24, 24, 24, 23, 1, 1, 1, 1, 1, 1, 1, 1, 1, 1, 1, 1, 1, 1, 1, 7, 1, 8, 19, 2, 3, 3, 3, 3, 3, 3, 1, 1, 1, 1, 1, 1, 8, 1, 1, 3, 1, 3, 1, 3, 19, 21, 1, 2, 2, 9, 2, 1, 14, 1, 2, 1, 1, 2, 1, 7, 4, 4, 4, 3, 21, 4, 4, 13, 12, 13, 13, 10, 25, 11, 4, 12, 13, 4, 3, 3, 10, 13, 7, 13, 13, 10, 9, 11, 13, 12, 13, 10, 12, 4, 12, 12, 12, 11, 15, 12, 12, 1, 2, 2, 2, 2, 2, 2, 2, 2, 2, 2, 2, 2, 26, 26, 26, 25, 2, 27, 27, 2, 27, 18, 25, 25, 25, 25, 25, 26, 25, 2, 2, 2, 2, 2, 2, 2]"
stage3_declaration_method_body,stage3_declaration_method_body,declaration_method_body_v1,xerces,1,65488944220cc3a503994d6f2289e0f7bdc06c619351a2e8243bca243538c8a3,65488944220cc3a503994d6f2289e0f7bdc06c619351a2e8243bca243538c8a3,36bdeca0e1ef32f36631c30ebbf86a1875621490e92f9b4a7fd0860755676236,d81607ad9e48ef274ecf65a4e3b1b1c7c22163c3b073831ffbb506bac7601bac,7e204d1865c1ddb228cc42f6f61519e280076590a92f0965e4f1fc765b77a4ab,7d5d45f6e7cc46cdb57c57688bc89b5e90e0ecea7390833a7acb2e8887d935a5,c1af2191baefddee68a7f41c97c29f7799df4bcf5372d9e9cf44a52a3b510286,seed1_solution049,0.56313443565780019195,8.0806050954126256158,0.96597700764729654832,0.68955098023164096421,0.56313443565780019195,-8.0806050954126256158,0.96597700764729654832,0.68955098023164096421,True,False,,,"[0, 0, 0, 0, 1, 0, 0, 0, 2, 0, 0, 0, 0, 0, 1, 2, 0, 0, 0, 3, 3, 0, 0, 0, 0, 0, 3, 0, 0, 0, 0, 0, 0, 0, 0, 0, 0, 4, 0, 0, 0, 0, 0, 0, 0, 0, 0, 0, 0, 0, 5, 0, 0, 0, 0, 0, 0, 0, 0, 0, 0, 0, 0, 0, 0, 5, 0, 0, 6, 0, 0, 0, 0, 0, 0, 0, 0, 0, 0, 0, 0, 0, 0, 0, 0, 0, 0, 0, 0, 2, 0, 0, 0, 0, 0, 0, 0, 0, 0, 0, 4, 0, 7, 0, 0, 0, 5, 5, 6, 1, 1, 8, 0, 9, 8, 7, 8, 7, 8, 1, 5, 7, 8, 7, 8, 8, 8, 3, 7, 8, 8, 9, 7, 2, 8, 7, 8, 7, 7, 7, 8, 8, 8, 8, 8, 8, 1, 1, 4, 8, 9, 8, 7, 1, 1, 1, 1, 9, 1, 8, 1, 1, 1, 1, 1, 3, 2, 1, 1, 8, 1, 3, 1, 1, 7, 8, 10, 10, 9, 10, 10, 1, 10, 1, 3, 1, 1, 2, 1, 8, 11, 2, 12, 12, 4, 12, 12, 12, 12, 12, 12, 10, 12, 5, 7, 11, 13, 14, 11, 11, 11, 11, 11, 7, 10, 11, 11, 11, 11, 13, 11, 10, 10, 10, 11, 11, 10, 11, 15, 8, 13, 11, 11, 3, 11, 12, 11, 11, 11, 11, 11, 10, 13, 16, 10, 13, 10, 11, 11, 11, 10, 11, 13, 11, 11, 11, 11, 11, 1, 9, 11, 11, 11, 11, 0, 11, 11, 11, 13, 13, 2, 13, 11, 2, 13, 2, 11, 11, 10, 8, 8, 7, 8, 8, 8, 3, 5, 6, 1, 6, 17, 14, 14, 12, 14, 14, 12, 12, 14, 10, 4, 17, 4, 4, 17, 14, 4, 4, 17, 14, 4, 10, 14, 17, 4, 14, 14, 4, 17, 16, 13, 4, 4, 4, 4, 4, 10, 4, 17, 4, 2, 4, 4, 5, 6, 6, 6, 13, 11, 13, 8, 12, 2, 2, 18, 2, 13, 13, 3, 3, 5, 6, 6, 4, 5, 6, 6, 6, 5, 6, 12, 13, 13, 8, 11, 13, 8, 11, 11, 13, 11, 13, 13, 6, 3, 5, 1, 2, 13, 13, 10, 12, 13, 6, 5, 14, 5, 6, 6, 5, 6, 14, 5, 6, 4, 13, 2, 9, 8, 8, 10, 13, 5, 10, 8, 10, 19, 19, 16, 16, 15, 1, 19, 19, 19, 19, 16, 16, 16, 6, 19, 13, 10, 13, 3, 13, 19, 2, 13, 8, 13, 13, 13, 13, 13, 13, 13, 13, 11, 8, 13, 3, 15, 9, 13, 8, 13, 13, 13, 13, 13, 5, 13, 6, 13, 13, 13, 13, 13, 6, 13, 13, 13, 13, 2, 11, 11, 8, 13, 19, 19, 19, 15, 4, 1, 3, 1, 6, 1, 1, 15, 16, 15, 1, 1, 1, 15, 15, 20, 16, 19, 15, 16, 15, 3, 0, 3, 0, 2, 2, 6, 3, 15, 17, 3, 6, 3, 3, 4, 1, 1, 1, 2, 1, 6, 4, 4, 5, 16, 16, 19, 19, 19, 19, 19, 19, 2, 6, 9, 3, 3, 19, 15, 0, 16, 19, 1, 16, 1, 1, 6, 3, 6, 3, 16, 16, 1, 1, 17, 1, 1, 1, 1, 3, 3, 19, 3, 6, 3, 6, 1, 1, 3, 6, 3, 6, 6, 3, 6, 6, 6, 3, 1, 1, 1, 6, 1, 1, 1, 3, 6, 15, 6, 6, 19, 3, 20, 21, 18, 21, 21, 16, 21, 21, 20, 21, 20, 20, 21, 18, 21, 21, 21, 21, 21, 9, 21, 21, 18, 1, 21, 20, 22, 22, 22, 3, 18, 23, 6, 9, 18, 20, 19, 18, 6, 15, 1, 19, 19, 6, 1, 19, 16, 8, 2, 2, 1, 2, 9, 3, 19, 6, 3, 2, 3, 3, 3, 15, 13, 8, 2, 2, 2, 7, 19, 8, 7, 4, 7, 8, 6, 23, 3, 6, 16, 6, 8, 24, 1, 25, 24, 25, 25, 25, 24, 25, 24, 25, 24, 25, 1, 1, 1, 1, 1, 9, 1, 1, 1, 3, 1, 1, 1, 1, 1, 19, 1, 8, 16, 6, 3, 3, 3, 3, 7, 3, 1, 1, 1, 9, 1, 1, 8, 1, 1, 1, 1, 3, 1, 6, 19, 15, 1, 2, 2, 4, 2, 1, 19, 1, 1, 6, 1, 2, 1, 1, 6, 5, 6, 3, 16, 5, 6, 13, 13, 8, 2, 12, 11, 13, 6, 11, 2, 6, 6, 6, 13, 2, 13, 13, 11, 13, 13, 13, 8, 13, 13, 13, 13, 5, 2, 11, 2, 13, 11, 11, 10, 1, 3, 3, 3, 2, 3, 0, 4, 3, 3, 2, 3, 2, 26, 25, 26, 15, 3, 21, 27, 3, 27, 26, 26, 26, 26, 26, 27, 28, 24, 1, 1, 2, 3, 3, 2, 2]"
stage3_declaration_method_body,stage3_declaration_method_body,declaration_method_body_v1,xerces,1,65488944220cc3a503994d6f2289e0f7bdc06c619351a2e8243bca243538c8a3,65488944220cc3a503994d6f2289e0f7bdc06c619351a2e8243bca243538c8a3,36bdeca0e1ef32f36631c30ebbf86a1875621490e92f9b4a7fd0860755676236,d81607ad9e48ef274ecf65a4e3b1b1c7c22163c3b073831ffbb506bac7601bac,7e204d1865c1ddb228cc42f6f61519e280076590a92f0965e4f1fc765b77a4ab,7d5d45f6e7cc46cdb57c57688bc89b5e90e0ecea7390833a7acb2e8887d935a5,c1af2191baefddee68a7f41c97c29f7799df4bcf5372d9e9cf44a52a3b510286,seed1_solution050,0.57276779295470880982,3.2056847623906423728,0.96543314914933320292,0.65765672256719909239,0.57276779295470880982,-3.2056847623906423728,0.96543314914933320292,0.65765672256719909239,True,False,,,"[0, 0, 0, 0, 0, 0, 0, 0, 0, 0, 0, 0, 0, 0, 1, 2, 0, 0, 0, 3, 2, 0, 0, 0, 0, 0, 3, 0, 0, 0, 0, 0, 0, 0, 0, 0, 0, 0, 0, 0, 0, 0, 0, 0, 0, 4, 0, 0, 0, 0, 0, 0, 0, 0, 0, 0, 0, 0, 0, 0, 5, 0, 0, 0, 0, 5, 0, 0, 5, 0, 4, 0, 0, 0, 0, 0, 0, 0, 0, 0, 0, 0, 0, 0, 0, 0, 0, 0, 0, 0, 0, 0, 0, 0, 0, 0, 0, 0, 0, 0, 6, 0, 7, 0, 0, 0, 6, 6, 5, 1, 1, 8, 0, 8, 9, 6, 8, 7, 8, 10, 8, 9, 8, 9, 8, 6, 8, 9, 8, 9, 9, 3, 8, 9, 9, 6, 9, 8, 8, 9, 8, 8, 6, 9, 7, 9, 1, 1, 9, 11, 1, 7, 9, 1, 1, 1, 1, 12, 1, 9, 1, 1, 1, 1, 1, 3, 9, 1, 1, 6, 1, 1, 1, 1, 1, 8, 13, 13, 12, 13, 8, 1, 13, 1, 1, 1, 1, 12, 1, 9, 14, 13, 13, 15, 13, 13, 13, 13, 13, 15, 16, 16, 10, 15, 9, 14, 13, 10, 10, 14, 14, 10, 14, 14, 14, 10, 14, 14, 9, 13, 14, 14, 10, 10, 10, 14, 14, 10, 9, 11, 13, 13, 14, 10, 14, 14, 14, 10, 14, 14, 10, 14, 9, 10, 10, 15, 13, 10, 14, 14, 14, 14, 15, 9, 10, 9, 14, 10, 1, 11, 13, 14, 10, 14, 10, 14, 10, 15, 11, 13, 13, 13, 14, 15, 15, 17, 10, 10, 14, 9, 6, 9, 8, 7, 9, 1, 5, 15, 1, 15, 18, 14, 16, 18, 16, 18, 14, 16, 16, 7, 7, 16, 7, 7, 4, 7, 7, 7, 7, 14, 4, 7, 14, 4, 7, 4, 4, 4, 4, 19, 4, 4, 16, 7, 7, 7, 4, 14, 16, 7, 4, 4, 4, 5, 5, 3, 6, 15, 15, 15, 11, 13, 13, 2, 20, 13, 10, 15, 3, 3, 6, 6, 11, 6, 15, 5, 15, 5, 5, 5, 15, 15, 11, 11, 11, 15, 9, 13, 15, 15, 15, 13, 15, 6, 3, 13, 1, 15, 11, 15, 11, 11, 11, 6, 5, 10, 6, 6, 6, 5, 6, 14, 5, 5, 6, 8, 9, 11, 13, 13, 9, 13, 6, 13, 13, 8, 17, 21, 21, 19, 21, 1, 22, 18, 18, 18, 21, 21, 18, 1, 22, 13, 15, 10, 5, 13, 22, 11, 13, 16, 15, 15, 13, 10, 13, 15, 15, 15, 15, 15, 5, 3, 22, 3, 15, 15, 11, 15, 10, 9, 15, 15, 15, 6, 15, 11, 11, 9, 11, 3, 15, 15, 11, 10, 9, 11, 15, 15, 15, 18, 18, 21, 17, 1, 1, 3, 1, 1, 1, 1, 21, 21, 18, 1, 1, 1, 20, 21, 21, 20, 20, 12, 23, 20, 3, 2, 1, 0, 2, 2, 3, 3, 22, 3, 3, 3, 3, 3, 6, 1, 1, 1, 1, 1, 5, 15, 6, 15, 12, 18, 17, 18, 17, 22, 17, 17, 3, 3, 3, 3, 3, 18, 22, 0, 12, 21, 1, 21, 1, 1, 3, 3, 3, 3, 22, 17, 1, 1, 14, 1, 1, 1, 1, 3, 3, 22, 3, 3, 3, 3, 1, 1, 3, 3, 3, 3, 3, 3, 3, 3, 3, 5, 1, 1, 1, 1, 1, 1, 1, 3, 3, 18, 3, 3, 18, 1, 22, 22, 23, 23, 23, 2, 2, 22, 2, 21, 22, 22, 22, 23, 2, 2, 22, 23, 22, 22, 21, 23, 21, 1, 22, 23, 23, 24, 22, 3, 22, 24, 3, 13, 15, 12, 22, 2, 3, 18, 1, 18, 21, 3, 1, 21, 18, 8, 2, 5, 1, 5, 3, 5, 21, 3, 5, 5, 2, 5, 3, 22, 11, 15, 2, 2, 2, 8, 9, 9, 6, 9, 9, 9, 3, 24, 3, 3, 19, 3, 8, 25, 1, 26, 2, 10, 10, 26, 26, 26, 25, 26, 10, 10, 1, 1, 1, 1, 1, 1, 1, 1, 1, 1, 1, 1, 1, 1, 1, 18, 1, 8, 18, 3, 3, 3, 3, 3, 3, 3, 1, 1, 1, 1, 1, 1, 9, 1, 1, 1, 1, 3, 1, 3, 22, 21, 1, 2, 5, 2, 5, 1, 21, 1, 1, 1, 1, 2, 1, 1, 5, 6, 15, 3, 18, 6, 6, 15, 15, 11, 15, 13, 11, 15, 5, 15, 15, 6, 3, 3, 15, 11, 15, 15, 15, 9, 13, 11, 10, 13, 15, 15, 15, 5, 15, 14, 10, 10, 9, 14, 10, 1, 2, 2, 2, 2, 2, 5, 2, 2, 5, 2, 2, 2, 26, 15, 27, 17, 5, 8, 28, 5, 28, 21, 28, 21, 28, 27, 20, 27, 21, 5, 5, 5, 2, 5, 5, 5]"
stage3_declaration_method_body,stage3_declaration_method_body,declaration_method_body_v1,xerces,1,65488944220cc3a503994d6f2289e0f7bdc06c619351a2e8243bca243538c8a3,65488944220cc3a503994d6f2289e0f7bdc06c619351a2e8243bca243538c8a3,36bdeca0e1ef32f36631c30ebbf86a1875621490e92f9b4a7fd0860755676236,d81607ad9e48ef274ecf65a4e3b1b1c7c22163c3b073831ffbb506bac7601bac,7e204d1865c1ddb228cc42f6f61519e280076590a92f0965e4f1fc765b77a4ab,7d5d45f6e7cc46cdb57c57688bc89b5e90e0ecea7390833a7acb2e8887d935a5,c1af2191baefddee68a7f41c97c29f7799df4bcf5372d9e9cf44a52a3b510286,seed1_solution051,0.5880661394680086751,1.7343867267729462522,0.89318713862982335172,0.71549348993780137462,0.5880661394680086751,-1.7343867267729462522,0.89318713862982335172,0.71549348993780137462,True,False,,,"[0, 1, 0, 0, 0, 0, 0, 0, 0, 0, 0, 0, 0, 0, 1, 2, 0, 0, 0, 2, 2, 0, 0, 0, 0, 0, 3, 0, 0, 0, 0, 0, 0, 0, 0, 4, 0, 0, 0, 0, 0, 0, 0, 0, 0, 0, 0, 0, 0, 0, 0, 0, 0, 0, 0, 0, 0, 0, 0, 0, 0, 0, 0, 0, 0, 3, 0, 0, 5, 0, 3, 6, 0, 0, 0, 0, 4, 0, 0, 0, 0, 0, 7, 0, 0, 0, 0, 0, 0, 0, 0, 0, 0, 0, 5, 0, 0, 0, 0, 0, 6, 0, 8, 0, 0, 0, 3, 2, 6, 1, 1, 9, 0, 8, 4, 9, 5, 9, 5, 1, 10, 10, 9, 11, 9, 9, 10, 11, 5, 10, 12, 11, 9, 10, 9, 7, 9, 9, 11, 9, 4, 8, 4, 9, 9, 9, 1, 1, 3, 9, 1, 10, 10, 1, 1, 1, 1, 13, 10, 9, 1, 1, 1, 1, 1, 3, 9, 1, 1, 9, 1, 1, 1, 1, 1, 10, 10, 6, 12, 12, 10, 1, 10, 14, 14, 1, 13, 8, 1, 15, 9, 14, 6, 6, 14, 14, 16, 14, 13, 16, 8, 14, 16, 3, 17, 16, 15, 12, 9, 16, 4, 12, 13, 12, 12, 12, 12, 16, 13, 15, 16, 12, 12, 17, 12, 12, 12, 18, 15, 8, 8, 12, 12, 19, 12, 13, 12, 16, 16, 12, 12, 12, 15, 12, 19, 9, 12, 12, 12, 12, 12, 12, 13, 12, 17, 12, 16, 12, 1, 15, 16, 20, 13, 12, 12, 12, 15, 15, 16, 15, 15, 15, 12, 16, 14, 8, 12, 17, 13, 17, 9, 9, 9, 9, 1, 1, 3, 3, 1, 2, 19, 19, 13, 19, 9, 19, 19, 19, 19, 3, 16, 7, 4, 7, 4, 7, 7, 19, 7, 7, 7, 7, 7, 6, 7, 7, 7, 3, 7, 21, 9, 12, 7, 7, 7, 21, 7, 16, 7, 18, 7, 7, 21, 3, 5, 16, 3, 15, 13, 8, 16, 6, 15, 2, 18, 15, 15, 15, 3, 11, 2, 3, 19, 3, 3, 5, 13, 3, 3, 13, 15, 15, 15, 16, 15, 15, 15, 13, 15, 15, 8, 21, 15, 3, 2, 9, 1, 16, 7, 15, 15, 3, 15, 3, 3, 9, 3, 3, 3, 3, 3, 19, 5, 3, 3, 15, 10, 16, 10, 10, 5, 10, 3, 2, 14, 10, 5, 14, 14, 20, 12, 1, 22, 12, 5, 22, 18, 18, 5, 1, 22, 15, 15, 15, 2, 22, 5, 15, 15, 15, 15, 7, 15, 15, 8, 15, 0, 15, 7, 15, 15, 11, 18, 11, 15, 6, 15, 7, 13, 8, 15, 3, 6, 3, 16, 15, 15, 7, 15, 11, 15, 15, 15, 15, 7, 16, 15, 15, 15, 5, 20, 22, 5, 1, 1, 2, 1, 10, 1, 1, 22, 20, 5, 1, 1, 1, 22, 5, 17, 22, 20, 22, 9, 12, 11, 2, 1, 17, 11, 2, 10, 5, 5, 16, 11, 11, 11, 2, 13, 1, 1, 11, 1, 1, 3, 3, 5, 15, 18, 5, 12, 20, 20, 20, 20, 14, 3, 11, 3, 2, 3, 20, 5, 0, 20, 12, 1, 9, 1, 1, 11, 11, 5, 11, 5, 5, 1, 1, 16, 2, 1, 1, 1, 3, 4, 14, 11, 19, 10, 6, 1, 1, 2, 2, 11, 11, 2, 6, 2, 5, 3, 11, 1, 4, 1, 1, 1, 1, 1, 10, 11, 7, 11, 5, 20, 1, 23, 23, 9, 19, 23, 12, 19, 22, 14, 23, 9, 19, 23, 21, 8, 22, 22, 23, 22, 21, 23, 12, 6, 1, 24, 24, 21, 23, 23, 4, 5, 24, 11, 16, 15, 18, 9, 11, 11, 5, 1, 14, 20, 2, 1, 20, 12, 10, 2, 2, 1, 11, 2, 2, 19, 15, 11, 2, 2, 4, 2, 19, 15, 15, 11, 4, 2, 4, 10, 9, 4, 7, 10, 5, 11, 24, 2, 11, 20, 11, 4, 21, 10, 25, 2, 26, 26, 25, 26, 25, 21, 26, 25, 25, 1, 1, 1, 1, 1, 1, 1, 1, 1, 1, 1, 1, 1, 1, 1, 20, 1, 9, 20, 11, 5, 11, 11, 11, 2, 11, 8, 1, 11, 1, 3, 1, 9, 11, 1, 1, 1, 11, 1, 4, 5, 20, 1, 2, 22, 2, 11, 6, 8, 10, 11, 1, 1, 11, 11, 1, 3, 3, 3, 3, 9, 13, 13, 15, 15, 16, 15, 8, 21, 15, 3, 13, 15, 5, 11, 11, 15, 6, 15, 15, 12, 6, 15, 15, 6, 15, 15, 8, 15, 5, 15, 12, 14, 16, 10, 12, 12, 1, 2, 2, 11, 2, 11, 11, 11, 14, 8, 1, 11, 11, 26, 13, 17, 25, 11, 27, 4, 2, 26, 28, 4, 26, 26, 5, 28, 5, 28, 11, 2, 2, 2, 11, 2, 2]"
stage3_declaration_method_body,stage3_declaration_method_body,declaration_method_body_v1,xerces,1,65488944220cc3a503994d6f2289e0f7bdc06c619351a2e8243bca243538c8a3,65488944220cc3a503994d6f2289e0f7bdc06c619351a2e8243bca243538c8a3,36bdeca0e1ef32f36631c30ebbf86a1875621490e92f9b4a7fd0860755676236,d81607ad9e48ef274ecf65a4e3b1b1c7c22163c3b073831ffbb506bac7601bac,7e204d1865c1ddb228cc42f6f61519e280076590a92f0965e4f1fc765b77a4ab,7d5d45f6e7cc46cdb57c57688bc89b5e90e0ecea7390833a7acb2e8887d935a5,c1af2191baefddee68a7f41c97c29f7799df4bcf5372d9e9cf44a52a3b510286,seed1_solution052,0.59470884255930989148,0.85610570184387202453,0.87526897627974642457,0.7159626150998332772,0.59470884255930989148,-0.85610570184387202453,0.87526897627974642457,0.7159626150998332772,True,False,,,"[0, 0, 0, 0, 1, 0, 0, 0, 0, 0, 0, 0, 0, 0, 1, 2, 0, 0, 0, 3, 2, 0, 0, 0, 0, 0, 3, 0, 0, 0, 0, 0, 0, 0, 0, 0, 0, 0, 0, 0, 0, 0, 0, 0, 0, 0, 0, 0, 0, 0, 4, 0, 0, 0, 0, 0, 0, 0, 0, 0, 0, 0, 0, 0, 0, 4, 0, 0, 3, 0, 0, 0, 0, 0, 0, 0, 0, 0, 0, 0, 0, 0, 0, 0, 0, 0, 0, 0, 0, 3, 0, 0, 0, 0, 0, 0, 0, 0, 0, 0, 5, 0, 6, 0, 0, 0, 5, 7, 5, 1, 6, 8, 0, 8, 7, 7, 7, 7, 7, 1, 8, 7, 9, 7, 7, 7, 7, 7, 6, 9, 7, 8, 7, 6, 7, 5, 6, 9, 5, 7, 7, 7, 7, 7, 7, 7, 1, 1, 5, 7, 1, 5, 8, 1, 1, 1, 1, 8, 2, 4, 1, 1, 2, 1, 1, 3, 5, 2, 1, 8, 1, 3, 1, 1, 1, 10, 10, 11, 11, 11, 10, 1, 11, 2, 1, 1, 12, 10, 3, 11, 11, 13, 14, 1, 15, 10, 12, 10, 12, 11, 10, 11, 10, 7, 14, 11, 11, 12, 10, 12, 10, 14, 12, 16, 10, 15, 15, 13, 14, 10, 15, 15, 15, 13, 15, 10, 12, 9, 12, 10, 13, 13, 14, 12, 12, 13, 16, 15, 15, 15, 13, 15, 13, 9, 12, 10, 12, 11, 12, 12, 15, 15, 12, 10, 10, 10, 12, 15, 1, 13, 10, 14, 13, 10, 11, 10, 12, 10, 10, 16, 13, 9, 14, 12, 10, 10, 15, 13, 12, 7, 5, 7, 8, 8, 6, 1, 4, 4, 1, 4, 14, 17, 17, 14, 16, 15, 10, 14, 14, 5, 7, 15, 17, 6, 6, 15, 5, 5, 5, 5, 5, 10, 14, 5, 14, 7, 17, 6, 15, 9, 5, 6, 15, 5, 11, 5, 16, 5, 16, 16, 6, 18, 19, 4, 4, 3, 4, 13, 10, 13, 10, 13, 13, 2, 20, 9, 12, 10, 3, 3, 4, 7, 4, 4, 4, 7, 4, 4, 4, 4, 10, 20, 10, 10, 9, 13, 13, 10, 11, 9, 13, 9, 13, 4, 3, 13, 1, 13, 12, 10, 9, 13, 12, 4, 5, 16, 7, 4, 4, 4, 4, 16, 7, 7, 4, 11, 7, 12, 11, 11, 13, 9, 4, 11, 10, 11, 19, 5, 16, 18, 17, 1, 17, 17, 20, 16, 19, 17, 17, 1, 14, 13, 12, 13, 2, 13, 18, 13, 9, 13, 5, 20, 10, 15, 10, 13, 0, 11, 15, 13, 13, 3, 17, 3, 11, 12, 13, 12, 12, 13, 11, 4, 10, 4, 12, 3, 13, 12, 9, 3, 12, 13, 9, 10, 10, 10, 10, 9, 20, 19, 16, 20, 18, 1, 1, 3, 5, 1, 1, 1, 14, 19, 17, 2, 1, 6, 20, 19, 14, 18, 19, 16, 20, 19, 8, 0, 1, 0, 2, 2, 3, 3, 20, 12, 3, 3, 3, 3, 4, 1, 8, 1, 1, 1, 9, 4, 4, 4, 16, 19, 20, 18, 21, 11, 19, 18, 10, 3, 3, 3, 3, 20, 17, 0, 17, 22, 1, 17, 1, 9, 3, 3, 3, 21, 20, 17, 1, 1, 14, 1, 7, 2, 2, 3, 3, 18, 3, 10, 8, 3, 1, 8, 3, 3, 3, 3, 3, 3, 6, 3, 3, 2, 3, 1, 1, 1, 1, 1, 1, 3, 9, 20, 3, 3, 17, 1, 8, 21, 23, 21, 20, 21, 21, 21, 21, 18, 22, 21, 23, 21, 23, 20, 21, 21, 20, 24, 22, 21, 18, 1, 22, 22, 21, 10, 11, 3, 18, 24, 6, 13, 10, 22, 16, 2, 3, 14, 1, 22, 21, 3, 1, 19, 17, 6, 1, 2, 1, 2, 3, 2, 18, 3, 2, 2, 3, 2, 3, 4, 12, 13, 2, 2, 2, 6, 7, 9, 6, 5, 7, 7, 20, 24, 3, 3, 22, 1, 7, 25, 1, 26, 2, 23, 24, 23, 24, 24, 23, 24, 27, 23, 2, 1, 1, 1, 1, 1, 1, 1, 1, 1, 1, 1, 1, 7, 1, 17, 1, 7, 18, 3, 3, 3, 3, 3, 3, 3, 1, 1, 1, 1, 1, 1, 7, 1, 1, 3, 1, 3, 11, 3, 18, 18, 1, 2, 2, 11, 2, 1, 18, 1, 2, 1, 1, 2, 1, 1, 3, 4, 4, 3, 16, 4, 4, 9, 16, 13, 11, 13, 25, 10, 4, 10, 10, 4, 3, 3, 11, 11, 10, 9, 13, 9, 12, 10, 13, 13, 10, 13, 12, 4, 13, 10, 11, 10, 15, 12, 15, 15, 2, 2, 2, 2, 2, 2, 2, 2, 7, 2, 2, 2, 27, 27, 16, 22, 2, 25, 25, 2, 27, 28, 26, 20, 23, 17, 27, 25, 26, 2, 2, 2, 2, 2, 2, 2]"
stage3_declaration_method_body,stage3_declaration_method_body,declaration_method_body_v1,xerces,1,65488944220cc3a503994d6f2289e0f7bdc06c619351a2e8243bca243538c8a3,65488944220cc3a503994d6f2289e0f7bdc06c619351a2e8243bca243538c8a3,36bdeca0e1ef32f36631c30ebbf86a1875621490e92f9b4a7fd0860755676236,d81607ad9e48ef274ecf65a4e3b1b1c7c22163c3b073831ffbb506bac7601bac,7e204d1865c1ddb228cc42f6f61519e280076590a92f0965e4f1fc765b77a4ab,7d5d45f6e7cc46cdb57c57688bc89b5e90e0ecea7390833a7acb2e8887d935a5,c1af2191baefddee68a7f41c97c29f7799df4bcf5372d9e9cf44a52a3b510286,seed1_solution053,0.59749820273184761632,1.785462513225560377,0.86058593608341416026,0.6927723561771901295,0.59749820273184761632,-1.785462513225560377,0.86058593608341416026,0.6927723561771901295,True,False,,,"[0, 0, 0, 0, 0, 0, 0, 0, 0, 0, 0, 0, 0, 0, 1, 2, 0, 0, 0, 3, 2, 0, 0, 0, 0, 0, 3, 0, 0, 0, 0, 0, 0, 0, 0, 0, 0, 0, 0, 0, 0, 0, 0, 0, 0, 0, 0, 0, 0, 0, 0, 0, 0, 0, 0, 0, 0, 0, 0, 0, 0, 0, 0, 0, 0, 4, 0, 0, 3, 0, 0, 0, 0, 0, 0, 0, 0, 0, 0, 0, 0, 0, 0, 0, 0, 0, 0, 0, 0, 3, 0, 0, 0, 0, 0, 0, 0, 0, 0, 0, 5, 0, 6, 0, 0, 0, 7, 6, 6, 8, 8, 9, 0, 6, 9, 9, 7, 6, 9, 8, 9, 6, 10, 9, 10, 7, 9, 6, 9, 10, 9, 3, 7, 9, 9, 5, 9, 10, 5, 7, 4, 9, 6, 9, 7, 9, 8, 8, 9, 9, 8, 7, 9, 8, 8, 8, 6, 10, 8, 5, 8, 8, 8, 8, 8, 3, 5, 2, 8, 9, 8, 8, 8, 8, 8, 11, 11, 11, 12, 11, 11, 8, 12, 2, 8, 8, 8, 13, 3, 13, 13, 1, 14, 8, 1, 15, 12, 5, 1, 14, 15, 11, 11, 10, 14, 16, 15, 15, 12, 15, 12, 13, 1, 17, 11, 14, 13, 12, 13, 15, 1, 13, 13, 11, 10, 11, 14, 12, 13, 15, 12, 12, 13, 13, 13, 12, 13, 13, 14, 13, 16, 11, 12, 13, 1, 6, 12, 15, 15, 14, 1, 13, 15, 14, 6, 13, 14, 15, 8, 10, 12, 13, 12, 12, 12, 12, 15, 12, 11, 17, 15, 10, 14, 18, 11, 11, 15, 12, 15, 9, 9, 9, 6, 10, 7, 8, 4, 4, 8, 4, 12, 19, 16, 16, 13, 16, 12, 13, 1, 6, 5, 10, 5, 20, 7, 7, 7, 1, 7, 7, 5, 7, 21, 1, 14, 10, 20, 17, 7, 14, 5, 21, 5, 1, 7, 10, 17, 7, 17, 17, 5, 1, 19, 4, 8, 3, 21, 11, 11, 15, 10, 10, 15, 2, 16, 10, 15, 12, 3, 3, 7, 4, 4, 4, 4, 10, 4, 4, 4, 4, 12, 10, 11, 15, 15, 15, 15, 12, 10, 15, 12, 10, 12, 4, 3, 15, 8, 10, 13, 16, 15, 12, 15, 4, 4, 15, 4, 4, 4, 4, 4, 17, 4, 10, 5, 11, 10, 15, 11, 15, 4, 15, 4, 10, 12, 10, 21, 20, 17, 21, 20, 8, 16, 22, 21, 16, 21, 22, 21, 8, 21, 16, 12, 12, 2, 10, 21, 16, 10, 15, 15, 10, 15, 17, 12, 11, 0, 15, 15, 15, 15, 3, 23, 3, 12, 6, 12, 13, 15, 11, 15, 4, 10, 4, 16, 15, 12, 15, 1, 3, 13, 17, 10, 15, 15, 15, 13, 12, 15, 22, 16, 17, 24, 8, 8, 3, 8, 8, 8, 8, 16, 21, 20, 8, 8, 8, 19, 23, 19, 14, 19, 17, 19, 21, 3, 2, 8, 0, 2, 2, 9, 3, 21, 14, 3, 3, 3, 3, 4, 8, 8, 8, 8, 8, 4, 4, 4, 11, 23, 21, 21, 21, 24, 13, 21, 21, 12, 16, 3, 3, 3, 16, 20, 0, 20, 21, 8, 20, 8, 10, 3, 3, 3, 24, 21, 21, 8, 2, 19, 8, 6, 8, 8, 3, 3, 17, 10, 13, 6, 6, 8, 8, 3, 3, 3, 3, 12, 3, 5, 3, 3, 2, 8, 24, 8, 8, 8, 8, 8, 3, 3, 23, 2, 3, 21, 8, 18, 23, 18, 23, 23, 15, 20, 18, 23, 21, 23, 18, 23, 23, 18, 23, 11, 23, 24, 21, 24, 23, 23, 8, 12, 23, 12, 23, 20, 3, 21, 25, 5, 15, 11, 17, 21, 22, 3, 16, 8, 21, 19, 3, 17, 21, 16, 6, 2, 2, 8, 10, 3, 2, 16, 3, 2, 2, 2, 2, 3, 20, 15, 11, 2, 2, 2, 9, 7, 7, 7, 6, 16, 7, 10, 25, 3, 3, 21, 8, 7, 24, 8, 18, 14, 18, 26, 18, 14, 18, 18, 18, 27, 26, 2, 8, 8, 8, 8, 8, 8, 8, 8, 8, 8, 8, 8, 7, 8, 7, 8, 7, 21, 2, 3, 3, 3, 3, 3, 3, 8, 8, 8, 8, 8, 8, 7, 8, 8, 3, 8, 3, 8, 3, 21, 20, 8, 2, 2, 10, 2, 8, 21, 8, 2, 8, 8, 2, 8, 5, 4, 4, 4, 3, 23, 4, 10, 10, 15, 12, 11, 11, 26, 12, 3, 15, 15, 4, 3, 3, 15, 13, 5, 10, 15, 15, 10, 12, 15, 15, 15, 11, 13, 4, 11, 13, 13, 1, 13, 13, 13, 8, 2, 2, 2, 2, 2, 2, 2, 2, 2, 2, 2, 2, 17, 18, 26, 26, 2, 23, 26, 2, 27, 23, 25, 15, 27, 23, 25, 26, 0, 2, 2, 2, 2, 2, 2, 2]"
stage3_declaration_method_body,stage3_declaration_method_body,declaration_method_body_v1,xerces,1,65488944220cc3a503994d6f2289e0f7bdc06c619351a2e8243bca243538c8a3,65488944220cc3a503994d6f2289e0f7bdc06c619351a2e8243bca243538c8a3,36bdeca0e1ef32f36631c30ebbf86a1875621490e92f9b4a7fd0860755676236,d81607ad9e48ef274ecf65a4e3b1b1c7c22163c3b073831ffbb506bac7601bac,7e204d1865c1ddb228cc42f6f61519e280076590a92f0965e4f1fc765b77a4ab,7d5d45f6e7cc46cdb57c57688bc89b5e90e0ecea7390833a7acb2e8887d935a5,c1af2191baefddee68a7f41c97c29f7799df4bcf5372d9e9cf44a52a3b510286,seed1_solution054,0.61035226455787205957,8.4093098336984937191,0.85100648570287251715,0.70993990586882527172,0.61035226455787205957,-8.4093098336984937191,0.85100648570287251715,0.70993990586882527172,True,False,,,"[0, 0, 0, 0, 1, 0, 0, 0, 0, 0, 0, 0, 0, 0, 1, 2, 0, 0, 0, 3, 2, 0, 0, 0, 0, 0, 3, 0, 0, 0, 0, 0, 0, 0, 0, 0, 0, 0, 0, 0, 0, 0, 0, 0, 0, 0, 0, 0, 0, 0, 0, 0, 0, 0, 2, 0, 0, 0, 0, 0, 0, 0, 0, 0, 0, 4, 0, 0, 4, 0, 0, 0, 0, 0, 0, 0, 0, 0, 0, 0, 0, 0, 0, 0, 4, 0, 0, 0, 0, 0, 0, 0, 1, 0, 0, 0, 0, 0, 0, 0, 5, 0, 6, 0, 0, 0, 0, 6, 5, 1, 1, 7, 0, 6, 8, 9, 4, 6, 5, 1, 9, 7, 9, 5, 9, 9, 9, 7, 9, 9, 7, 7, 9, 9, 9, 6, 9, 9, 5, 10, 7, 5, 9, 6, 6, 9, 1, 1, 9, 9, 1, 9, 7, 1, 7, 1, 1, 8, 1, 8, 1, 7, 1, 1, 1, 3, 8, 2, 1, 7, 1, 1, 1, 1, 1, 11, 11, 11, 3, 10, 10, 1, 10, 2, 1, 1, 12, 13, 1, 11, 13, 14, 13, 8, 13, 13, 11, 6, 13, 13, 11, 14, 14, 9, 14, 8, 11, 14, 12, 12, 14, 14, 14, 13, 12, 14, 14, 10, 12, 11, 12, 14, 12, 14, 12, 10, 12, 12, 12, 11, 10, 13, 12, 12, 12, 10, 15, 12, 14, 16, 14, 14, 14, 14, 12, 11, 12, 10, 11, 12, 12, 14, 11, 14, 12, 12, 13, 13, 1, 8, 10, 14, 10, 10, 10, 17, 15, 11, 11, 14, 13, 11, 12, 14, 11, 11, 14, 15, 12, 9, 9, 9, 9, 9, 6, 1, 4, 4, 1, 3, 17, 18, 15, 4, 17, 17, 16, 17, 15, 5, 9, 5, 15, 9, 13, 9, 5, 5, 5, 6, 6, 16, 5, 5, 15, 14, 5, 5, 5, 16, 15, 5, 6, 5, 12, 5, 15, 5, 17, 12, 6, 5, 5, 4, 1, 3, 4, 12, 11, 13, 13, 6, 13, 2, 17, 15, 8, 10, 3, 3, 4, 4, 13, 4, 4, 5, 4, 4, 4, 4, 11, 11, 11, 15, 12, 8, 11, 10, 8, 8, 11, 11, 12, 4, 3, 11, 1, 10, 8, 8, 10, 11, 11, 4, 9, 17, 4, 4, 4, 4, 4, 17, 4, 4, 5, 10, 10, 14, 10, 10, 4, 12, 4, 10, 11, 8, 17, 19, 20, 19, 15, 7, 17, 20, 18, 21, 15, 15, 15, 1, 16, 8, 14, 11, 2, 13, 20, 11, 8, 12, 5, 8, 11, 11, 8, 10, 0, 10, 13, 10, 11, 3, 18, 7, 12, 8, 8, 12, 11, 11, 11, 4, 8, 4, 12, 3, 8, 12, 13, 3, 6, 10, 13, 8, 14, 4, 8, 13, 12, 18, 19, 19, 19, 1, 1, 3, 6, 1, 1, 1, 17, 20, 18, 2, 1, 1, 15, 19, 20, 16, 15, 16, 21, 17, 3, 0, 1, 0, 2, 2, 7, 3, 19, 3, 3, 3, 3, 3, 4, 1, 1, 1, 1, 1, 4, 4, 4, 4, 21, 18, 20, 19, 19, 21, 17, 15, 12, 3, 3, 3, 3, 19, 18, 0, 21, 19, 1, 17, 1, 8, 3, 3, 3, 3, 18, 20, 13, 1, 16, 1, 7, 2, 1, 3, 7, 19, 3, 12, 3, 3, 1, 1, 3, 3, 3, 3, 3, 3, 3, 3, 3, 2, 1, 1, 1, 1, 1, 1, 1, 3, 3, 21, 3, 3, 18, 1, 22, 22, 21, 11, 21, 17, 22, 22, 22, 21, 21, 11, 22, 3, 22, 22, 22, 22, 21, 22, 22, 18, 8, 1, 14, 21, 21, 22, 20, 3, 19, 23, 3, 11, 11, 15, 17, 2, 3, 16, 1, 5, 20, 3, 1, 17, 17, 7, 1, 2, 1, 2, 3, 2, 17, 3, 2, 2, 3, 2, 3, 17, 10, 11, 2, 2, 2, 7, 9, 9, 6, 5, 9, 5, 3, 23, 3, 3, 19, 1, 7, 16, 1, 24, 2, 24, 24, 24, 25, 26, 26, 24, 26, 26, 2, 1, 1, 1, 1, 1, 4, 1, 1, 1, 1, 7, 1, 1, 1, 19, 1, 6, 19, 3, 3, 7, 3, 3, 3, 3, 1, 1, 1, 7, 1, 1, 9, 2, 1, 1, 1, 3, 1, 7, 19, 19, 1, 2, 2, 8, 2, 1, 19, 1, 1, 2, 1, 2, 2, 16, 3, 4, 4, 3, 19, 4, 4, 11, 15, 12, 10, 11, 24, 10, 3, 13, 11, 4, 3, 3, 11, 10, 8, 12, 12, 10, 12, 11, 11, 15, 11, 12, 14, 4, 11, 10, 17, 12, 18, 14, 14, 1, 2, 2, 2, 2, 2, 2, 2, 2, 2, 2, 2, 2, 25, 22, 25, 22, 2, 26, 25, 2, 25, 26, 25, 17, 22, 27, 25, 26, 27, 2, 2, 2, 2, 2, 2, 2]"
stage3_declaration_method_body,stage3_declaration_method_body,declaration_method_body_v1,xerces,1,65488944220cc3a503994d6f2289e0f7bdc06c619351a2e8243bca243538c8a3,65488944220cc3a503994d6f2289e0f7bdc06c619351a2e8243bca243538c8a3,36bdeca0e1ef32f36631c30ebbf86a1875621490e92f9b4a7fd0860755676236,d81607ad9e48ef274ecf65a4e3b1b1c7c22163c3b073831ffbb506bac7601bac,7e204d1865c1ddb228cc42f6f61519e280076590a92f0965e4f1fc765b77a4ab,7d5d45f6e7cc46cdb57c57688bc89b5e90e0ecea7390833a7acb2e8887d935a5,c1af2191baefddee68a7f41c97c29f7799df4bcf5372d9e9cf44a52a3b510286,seed1_solution055,0.62188353702372389797,3.2802767306734463837,0.8405139303733327738,0.73334542300660432446,0.62188353702372389797,-3.2802767306734463837,0.8405139303733327738,0.73334542300660432446,True,False,,,"[0, 0, 0, 0, 0, 0, 0, 0, 0, 0, 0, 0, 0, 0, 1, 2, 0, 0, 0, 3, 2, 0, 0, 0, 0, 0, 3, 0, 0, 0, 0, 0, 0, 0, 0, 0, 0, 0, 0, 0, 0, 0, 0, 0, 0, 0, 0, 0, 0, 0, 0, 0, 0, 0, 2, 0, 0, 0, 0, 0, 0, 0, 0, 0, 0, 4, 0, 0, 4, 0, 0, 0, 0, 0, 0, 0, 0, 0, 0, 0, 0, 0, 0, 0, 0, 0, 0, 0, 0, 0, 0, 0, 1, 0, 0, 0, 0, 0, 0, 0, 5, 0, 6, 0, 0, 0, 5, 7, 6, 1, 1, 8, 0, 6, 9, 7, 4, 6, 5, 1, 7, 6, 8, 5, 7, 7, 7, 2, 6, 7, 8, 3, 7, 8, 8, 6, 8, 5, 5, 10, 8, 5, 8, 6, 6, 7, 1, 1, 7, 8, 1, 7, 7, 1, 1, 1, 1, 7, 1, 9, 1, 1, 1, 1, 1, 3, 9, 2, 10, 7, 1, 1, 1, 1, 1, 11, 11, 11, 3, 10, 12, 1, 11, 1, 1, 1, 1, 11, 1, 11, 13, 14, 15, 9, 14, 14, 11, 6, 13, 13, 11, 11, 14, 4, 13, 9, 11, 14, 12, 12, 14, 14, 12, 13, 12, 15, 12, 10, 12, 15, 14, 15, 12, 10, 10, 10, 14, 10, 12, 11, 10, 12, 10, 12, 12, 10, 16, 12, 13, 15, 11, 14, 14, 14, 12, 11, 12, 13, 15, 15, 12, 13, 14, 14, 12, 12, 13, 14, 1, 10, 12, 12, 10, 12, 10, 17, 16, 11, 11, 14, 10, 9, 13, 14, 10, 10, 14, 10, 12, 7, 5, 8, 7, 5, 6, 1, 4, 4, 1, 3, 12, 15, 16, 4, 12, 11, 15, 13, 16, 6, 5, 5, 16, 14, 16, 14, 16, 13, 12, 6, 6, 15, 16, 13, 16, 14, 18, 12, 5, 15, 16, 14, 6, 13, 12, 14, 16, 14, 17, 12, 6, 14, 5, 4, 1, 3, 1, 14, 11, 18, 10, 9, 15, 2, 17, 16, 9, 10, 8, 3, 4, 4, 13, 4, 4, 5, 4, 4, 4, 4, 11, 9, 14, 16, 10, 9, 11, 10, 9, 9, 11, 10, 5, 4, 3, 11, 1, 10, 9, 9, 10, 16, 11, 4, 5, 17, 4, 4, 4, 4, 4, 10, 4, 4, 5, 10, 10, 14, 10, 10, 4, 9, 4, 10, 11, 9, 17, 19, 19, 17, 16, 8, 17, 20, 20, 21, 16, 16, 16, 1, 18, 9, 14, 11, 2, 9, 20, 9, 9, 11, 6, 9, 9, 11, 9, 10, 10, 10, 14, 11, 9, 3, 18, 8, 10, 9, 9, 14, 11, 11, 7, 4, 9, 4, 9, 3, 9, 16, 9, 3, 14, 10, 10, 9, 14, 4, 9, 10, 9, 17, 19, 17, 21, 1, 1, 3, 6, 1, 1, 1, 17, 20, 18, 1, 1, 1, 16, 19, 16, 15, 16, 21, 19, 16, 3, 2, 1, 0, 2, 2, 8, 3, 17, 12, 8, 3, 3, 3, 4, 1, 1, 1, 1, 1, 4, 4, 4, 11, 21, 19, 20, 20, 20, 21, 17, 16, 12, 3, 3, 3, 3, 17, 18, 0, 21, 20, 1, 17, 1, 9, 3, 3, 3, 2, 19, 20, 13, 1, 18, 1, 3, 1, 8, 3, 8, 17, 3, 12, 3, 3, 8, 1, 3, 3, 3, 3, 3, 3, 3, 3, 3, 2, 3, 21, 1, 1, 1, 1, 1, 3, 3, 21, 3, 3, 18, 1, 22, 22, 22, 11, 22, 22, 21, 22, 22, 21, 21, 11, 22, 22, 22, 22, 22, 21, 22, 22, 22, 22, 9, 1, 9, 21, 21, 20, 20, 3, 19, 23, 3, 11, 9, 16, 18, 2, 3, 16, 1, 5, 18, 3, 1, 21, 17, 8, 3, 2, 1, 2, 3, 2, 17, 3, 2, 2, 3, 2, 3, 17, 10, 10, 2, 2, 2, 8, 7, 7, 6, 5, 9, 7, 9, 23, 3, 3, 19, 3, 7, 15, 1, 24, 17, 24, 24, 24, 25, 26, 26, 23, 26, 26, 2, 1, 1, 1, 1, 1, 4, 1, 1, 9, 1, 8, 1, 7, 1, 5, 1, 6, 17, 3, 3, 8, 8, 3, 3, 3, 1, 1, 1, 1, 1, 1, 7, 2, 1, 3, 1, 3, 1, 8, 16, 19, 1, 2, 2, 9, 2, 1, 20, 1, 1, 2, 1, 2, 2, 1, 3, 4, 4, 3, 17, 4, 4, 9, 16, 5, 11, 11, 25, 10, 3, 14, 16, 4, 3, 3, 11, 10, 9, 10, 14, 10, 9, 11, 11, 16, 11, 12, 14, 4, 11, 12, 17, 12, 18, 14, 13, 1, 2, 2, 2, 2, 2, 2, 2, 2, 7, 2, 2, 2, 17, 24, 25, 25, 2, 27, 25, 2, 25, 26, 25, 17, 26, 27, 25, 27, 0, 2, 2, 2, 2, 2, 2, 2]"
stage3_declaration_method_body,stage3_declaration_method_body,declaration_method_body_v1,xerces,1,65488944220cc3a503994d6f2289e0f7bdc06c619351a2e8243bca243538c8a3,65488944220cc3a503994d6f2289e0f7bdc06c619351a2e8243bca243538c8a3,36bdeca0e1ef32f36631c30ebbf86a1875621490e92f9b4a7fd0860755676236,d81607ad9e48ef274ecf65a4e3b1b1c7c22163c3b073831ffbb506bac7601bac,7e204d1865c1ddb228cc42f6f61519e280076590a92f0965e4f1fc765b77a4ab,7d5d45f6e7cc46cdb57c57688bc89b5e90e0ecea7390833a7acb2e8887d935a5,c1af2191baefddee68a7f41c97c29f7799df4bcf5372d9e9cf44a52a3b510286,seed1_solution056,0.62823867721063986203,9.6769160672920797595,1.4041419726051160843,0.70558094493251610757,0.62823867721063986203,-9.6769160672920797595,1.4041419726051160843,0.70558094493251610757,True,False,,,"[0, 0, 0, 0, 1, 0, 0, 0, 0, 2, 1, 2, 0, 2, 1, 1, 0, 0, 1, 3, 1, 4, 0, 0, 2, 0, 3, 0, 2, 0, 0, 0, 0, 0, 1, 0, 0, 0, 0, 0, 0, 0, 0, 0, 0, 1, 5, 0, 2, 0, 1, 3, 2, 0, 0, 0, 0, 0, 0, 0, 0, 0, 0, 0, 0, 3, 6, 0, 4, 0, 2, 0, 0, 0, 0, 0, 0, 0, 2, 0, 0, 0, 0, 0, 0, 0, 0, 0, 0, 0, 1, 0, 3, 0, 0, 0, 0, 0, 0, 0, 5, 0, 3, 0, 0, 0, 5, 5, 5, 1, 2, 7, 0, 1, 7, 3, 7, 2, 7, 3, 7, 7, 2, 0, 7, 0, 2, 7, 7, 7, 8, 2, 7, 7, 7, 2, 7, 0, 1, 2, 0, 7, 3, 1, 7, 7, 2, 0, 7, 7, 2, 7, 2, 2, 1, 1, 2, 2, 2, 7, 2, 1, 2, 1, 1, 1, 1, 1, 2, 7, 2, 2, 1, 0, 0, 1, 9, 3, 0, 1, 9, 2, 9, 2, 2, 2, 2, 1, 2, 3, 3, 3, 3, 10, 11, 0, 9, 9, 0, 0, 9, 2, 2, 0, 12, 10, 10, 12, 3, 2, 12, 2, 12, 12, 12, 12, 12, 2, 0, 10, 12, 12, 5, 11, 12, 12, 3, 1, 0, 10, 10, 12, 12, 12, 12, 12, 12, 12, 0, 12, 12, 0, 10, 12, 12, 10, 12, 3, 0, 12, 3, 13, 3, 12, 12, 12, 12, 12, 2, 1, 12, 12, 1, 1, 12, 2, 0, 10, 10, 10, 10, 10, 12, 3, 3, 10, 12, 12, 5, 7, 3, 7, 7, 2, 3, 2, 4, 4, 3, 4, 14, 15, 15, 15, 14, 15, 15, 15, 14, 13, 1, 13, 16, 0, 13, 0, 3, 1, 13, 13, 1, 2, 13, 2, 3, 5, 1, 17, 15, 13, 13, 1, 0, 3, 0, 13, 13, 1, 13, 1, 2, 9, 2, 4, 1, 2, 4, 10, 10, 10, 10, 10, 0, 3, 11, 3, 10, 10, 3, 0, 4, 4, 4, 0, 4, 4, 2, 4, 4, 4, 2, 10, 1, 1, 10, 10, 10, 10, 10, 0, 0, 5, 10, 4, 3, 0, 2, 10, 1, 10, 10, 10, 10, 4, 4, 15, 4, 4, 4, 3, 1, 15, 2, 4, 0, 9, 13, 10, 3, 1, 2, 1, 4, 1, 0, 9, 17, 16, 1, 17, 0, 1, 17, 1, 17, 17, 17, 17, 0, 1, 17, 10, 2, 10, 1, 3, 16, 10, 10, 2, 1, 1, 3, 10, 10, 2, 3, 10, 10, 10, 10, 3, 0, 3, 0, 10, 10, 3, 10, 10, 10, 4, 10, 2, 10, 10, 10, 2, 10, 3, 10, 10, 10, 10, 10, 10, 10, 1, 3, 1, 3, 17, 17, 2, 2, 3, 2, 2, 3, 2, 17, 17, 16, 2, 2, 2, 16, 16, 16, 0, 0, 2, 16, 0, 2, 3, 2, 0, 3, 4, 1, 1, 17, 3, 2, 0, 2, 3, 4, 1, 2, 3, 1, 2, 4, 3, 4, 4, 17, 3, 0, 17, 16, 3, 17, 1, 3, 3, 2, 3, 0, 17, 16, 0, 0, 17, 2, 17, 0, 2, 3, 1, 3, 2, 17, 1, 2, 2, 11, 3, 2, 2, 2, 3, 3, 2, 3, 3, 0, 3, 1, 3, 3, 1, 1, 3, 3, 3, 0, 3, 3, 0, 2, 2, 3, 2, 2, 2, 2, 3, 2, 0, 3, 3, 3, 2, 18, 0, 2, 18, 3, 1, 1, 19, 19, 19, 0, 19, 19, 18, 19, 18, 2, 19, 19, 19, 18, 19, 19, 2, 0, 20, 20, 20, 2, 3, 16, 21, 0, 3, 10, 16, 0, 2, 3, 17, 2, 16, 16, 3, 0, 16, 17, 7, 3, 3, 3, 3, 0, 1, 3, 1, 1, 1, 1, 1, 0, 1, 1, 1, 1, 3, 1, 0, 7, 2, 7, 2, 0, 1, 3, 21, 3, 3, 17, 3, 7, 3, 2, 22, 6, 22, 1, 3, 22, 3, 6, 1, 0, 22, 2, 2, 2, 2, 1, 1, 0, 2, 2, 3, 2, 2, 1, 2, 0, 1, 2, 7, 3, 1, 3, 3, 3, 1, 1, 2, 2, 1, 1, 1, 2, 1, 2, 1, 5, 2, 2, 0, 0, 1, 2, 17, 2, 3, 2, 3, 1, 3, 17, 2, 2, 1, 1, 3, 0, 2, 3, 4, 3, 3, 16, 2, 4, 3, 10, 2, 2, 10, 1, 2, 4, 0, 10, 4, 1, 2, 1, 10, 10, 10, 10, 10, 2, 10, 10, 10, 10, 10, 10, 4, 10, 12, 10, 12, 13, 0, 12, 2, 1, 2, 1, 1, 3, 3, 1, 1, 2, 1, 1, 1, 23, 0, 24, 2, 1, 0, 25, 1, 24, 24, 24, 24, 0, 2, 2, 24, 24, 3, 1, 1, 2, 1, 1, 1]"
stage3_declaration_method_body,stage3_declaration_method_body,declaration_method_body_v1,xerces,1,65488944220cc3a503994d6f2289e0f7bdc06c619351a2e8243bca243538c8a3,65488944220cc3a503994d6f2289e0f7bdc06c619351a2e8243bca243538c8a3,36bdeca0e1ef32f36631c30ebbf86a1875621490e92f9b4a7fd0860755676236,d81607ad9e48ef274ecf65a4e3b1b1c7c22163c3b073831ffbb506bac7601bac,7e204d1865c1ddb228cc42f6f61519e280076590a92f0965e4f1fc765b77a4ab,7d5d45f6e7cc46cdb57c57688bc89b5e90e0ecea7390833a7acb2e8887d935a5,c1af2191baefddee68a7f41c97c29f7799df4bcf5372d9e9cf44a52a3b510286,seed1_solution057,0.64773544212796552166,0.81194509709183804169,0.81690436017431078408,0.72840147074937655614,0.64773544212796552166,-0.81194509709183804169,0.81690436017431078408,0.72840147074937655614,True,False,,,"[0, 0, 0, 0, 0, 0, 0, 0, 0, 0, 0, 0, 0, 0, 1, 2, 0, 0, 0, 3, 2, 0, 0, 0, 0, 0, 3, 0, 0, 0, 0, 0, 0, 0, 0, 0, 0, 0, 0, 0, 0, 0, 0, 0, 0, 0, 0, 0, 0, 0, 0, 0, 0, 0, 2, 0, 0, 0, 0, 0, 0, 0, 0, 0, 0, 4, 0, 0, 3, 0, 0, 0, 0, 0, 0, 0, 0, 0, 0, 0, 0, 0, 0, 0, 0, 0, 0, 0, 0, 3, 0, 0, 0, 0, 0, 0, 0, 0, 0, 0, 5, 0, 6, 0, 0, 0, 5, 7, 6, 1, 1, 7, 0, 8, 7, 6, 7, 6, 8, 1, 8, 6, 9, 7, 7, 7, 8, 7, 6, 9, 6, 3, 7, 8, 8, 5, 8, 5, 5, 7, 7, 7, 8, 7, 5, 8, 1, 1, 7, 8, 1, 7, 5, 2, 1, 1, 7, 8, 1, 5, 1, 1, 1, 1, 1, 3, 5, 2, 1, 8, 1, 1, 1, 1, 1, 10, 11, 12, 9, 11, 10, 1, 10, 1, 1, 1, 1, 13, 3, 12, 9, 14, 15, 1, 14, 13, 10, 5, 14, 15, 13, 11, 14, 9, 12, 16, 10, 13, 10, 13, 10, 15, 14, 17, 14, 15, 13, 1, 15, 13, 14, 14, 13, 11, 9, 11, 14, 9, 13, 11, 11, 10, 9, 13, 13, 9, 15, 14, 15, 14, 16, 11, 10, 16, 14, 6, 10, 12, 13, 15, 14, 12, 13, 15, 6, 10, 15, 13, 1, 9, 10, 15, 11, 10, 9, 10, 10, 10, 11, 17, 11, 9, 15, 13, 9, 10, 13, 9, 13, 7, 5, 8, 7, 9, 7, 1, 4, 4, 1, 4, 10, 13, 18, 16, 12, 14, 10, 12, 17, 6, 5, 9, 5, 14, 17, 14, 15, 14, 13, 5, 5, 10, 18, 14, 15, 7, 19, 10, 18, 9, 5, 14, 5, 14, 17, 9, 17, 9, 17, 17, 5, 14, 18, 4, 1, 3, 20, 11, 11, 14, 9, 9, 13, 2, 16, 9, 9, 10, 8, 3, 7, 4, 4, 4, 4, 7, 4, 4, 4, 4, 11, 9, 10, 11, 13, 11, 11, 10, 9, 9, 10, 9, 5, 4, 3, 11, 1, 9, 13, 16, 9, 11, 10, 4, 5, 12, 4, 4, 4, 4, 4, 17, 4, 9, 5, 12, 7, 12, 11, 12, 4, 13, 4, 9, 10, 9, 17, 19, 19, 17, 19, 7, 16, 19, 21, 21, 18, 22, 19, 1, 16, 16, 10, 10, 2, 16, 19, 16, 11, 11, 5, 9, 13, 17, 10, 11, 0, 9, 13, 11, 11, 3, 19, 3, 11, 6, 10, 14, 13, 11, 7, 4, 10, 4, 16, 3, 11, 5, 14, 3, 14, 9, 9, 10, 10, 9, 11, 9, 13, 17, 16, 17, 23, 1, 1, 3, 1, 1, 1, 1, 16, 19, 19, 1, 1, 6, 16, 21, 15, 15, 19, 17, 20, 18, 8, 2, 1, 0, 2, 2, 8, 3, 16, 3, 8, 3, 3, 3, 4, 1, 1, 1, 1, 1, 4, 4, 4, 11, 20, 19, 20, 21, 23, 12, 22, 20, 10, 3, 3, 3, 3, 16, 19, 0, 19, 21, 1, 19, 1, 9, 3, 3, 3, 23, 19, 19, 1, 2, 18, 1, 3, 2, 2, 3, 3, 17, 9, 10, 8, 7, 8, 1, 3, 3, 3, 3, 3, 3, 6, 3, 3, 9, 3, 22, 1, 1, 1, 1, 1, 3, 3, 20, 2, 3, 5, 1, 24, 24, 23, 12, 23, 23, 21, 24, 23, 20, 21, 24, 23, 23, 23, 22, 11, 23, 23, 20, 23, 23, 20, 1, 16, 22, 21, 21, 9, 3, 18, 25, 6, 11, 11, 17, 18, 2, 3, 16, 1, 21, 18, 3, 17, 18, 16, 6, 1, 2, 1, 12, 3, 2, 16, 3, 2, 2, 2, 2, 3, 19, 13, 11, 2, 2, 2, 6, 7, 7, 7, 6, 16, 7, 16, 25, 3, 3, 21, 3, 7, 24, 1, 26, 17, 24, 26, 24, 15, 24, 24, 22, 27, 27, 2, 8, 1, 1, 1, 1, 1, 1, 1, 16, 1, 1, 1, 7, 1, 5, 1, 7, 20, 2, 3, 3, 3, 3, 3, 3, 1, 1, 1, 1, 1, 1, 7, 2, 1, 3, 1, 3, 9, 3, 20, 19, 1, 2, 2, 9, 2, 1, 21, 1, 2, 1, 1, 2, 1, 5, 4, 4, 4, 3, 17, 4, 7, 9, 17, 10, 11, 10, 25, 10, 3, 13, 15, 4, 3, 3, 12, 12, 5, 9, 13, 9, 16, 11, 10, 17, 9, 11, 11, 4, 11, 13, 11, 12, 14, 10, 14, 1, 2, 2, 2, 2, 2, 2, 2, 2, 2, 2, 2, 2, 17, 24, 17, 25, 2, 21, 27, 2, 25, 21, 25, 13, 24, 21, 25, 27, 0, 2, 2, 2, 2, 2, 2, 2]"
stage3_declaration_method_body,stage3_declaration_method_body,declaration_method_body_v1,xerces,1,65488944220cc3a503994d6f2289e0f7bdc06c619351a2e8243bca243538c8a3,65488944220cc3a503994d6f2289e0f7bdc06c619351a2e8243bca243538c8a3,36bdeca0e1ef32f36631c30ebbf86a1875621490e92f9b4a7fd0860755676236,d81607ad9e48ef274ecf65a4e3b1b1c7c22163c3b073831ffbb506bac7601bac,7e204d1865c1ddb228cc42f6f61519e280076590a92f0965e4f1fc765b77a4ab,7d5d45f6e7cc46cdb57c57688bc89b5e90e0ecea7390833a7acb2e8887d935a5,c1af2191baefddee68a7f41c97c29f7799df4bcf5372d9e9cf44a52a3b510286,seed1_solution058,0.64969086987778579267,3.0738190081492651196,0.79774673771196247252,0.74119947188802859372,0.64969086987778579267,-3.0738190081492651196,0.79774673771196247252,0.74119947188802859372,True,False,,,"[0, 0, 0, 0, 1, 0, 0, 0, 0, 0, 0, 0, 0, 0, 1, 2, 0, 0, 0, 3, 2, 0, 0, 0, 0, 0, 3, 0, 0, 0, 0, 0, 0, 0, 0, 0, 0, 0, 0, 0, 0, 0, 0, 0, 0, 0, 0, 0, 0, 0, 4, 0, 0, 0, 0, 0, 0, 0, 0, 0, 0, 0, 0, 0, 0, 4, 0, 0, 3, 0, 0, 0, 0, 0, 0, 0, 0, 0, 0, 0, 0, 0, 0, 0, 4, 0, 0, 0, 0, 3, 0, 0, 0, 0, 0, 0, 0, 0, 0, 0, 5, 0, 6, 0, 0, 0, 5, 7, 5, 1, 1, 8, 0, 7, 7, 6, 7, 6, 8, 1, 8, 8, 9, 5, 9, 9, 8, 7, 6, 9, 7, 3, 8, 6, 7, 10, 6, 9, 5, 10, 4, 5, 7, 7, 5, 8, 1, 1, 9, 10, 1, 5, 5, 2, 1, 1, 7, 8, 1, 5, 1, 7, 1, 1, 1, 3, 9, 2, 1, 8, 1, 1, 1, 1, 1, 11, 11, 12, 10, 10, 11, 1, 11, 2, 1, 1, 13, 13, 3, 12, 14, 14, 15, 1, 14, 13, 11, 5, 14, 15, 13, 12, 11, 9, 15, 16, 12, 16, 12, 13, 14, 15, 14, 17, 11, 15, 13, 10, 15, 11, 14, 14, 13, 10, 12, 10, 15, 10, 13, 12, 10, 10, 15, 13, 13, 10, 17, 14, 15, 9, 16, 10, 11, 13, 14, 6, 10, 12, 14, 15, 14, 15, 13, 15, 6, 11, 15, 13, 1, 10, 12, 15, 10, 14, 10, 12, 18, 11, 12, 17, 10, 9, 15, 13, 11, 11, 13, 10, 13, 7, 5, 9, 7, 9, 6, 1, 4, 4, 1, 4, 11, 19, 18, 16, 12, 14, 11, 11, 14, 5, 9, 9, 14, 20, 17, 5, 17, 14, 13, 5, 5, 11, 18, 14, 15, 9, 19, 17, 18, 15, 17, 18, 14, 14, 17, 9, 17, 9, 16, 17, 6, 21, 18, 4, 1, 3, 4, 10, 12, 14, 9, 9, 13, 2, 16, 9, 9, 10, 3, 3, 7, 4, 4, 4, 4, 9, 4, 4, 4, 4, 10, 9, 11, 11, 13, 10, 12, 11, 9, 9, 11, 9, 10, 8, 3, 10, 1, 12, 13, 16, 12, 10, 11, 4, 4, 12, 4, 4, 4, 4, 4, 17, 4, 9, 5, 12, 9, 13, 10, 12, 4, 13, 4, 12, 12, 12, 18, 19, 18, 16, 15, 7, 16, 22, 16, 16, 18, 23, 16, 1, 16, 9, 13, 11, 2, 9, 21, 11, 9, 10, 5, 9, 13, 17, 11, 11, 0, 12, 13, 12, 10, 7, 21, 3, 10, 6, 11, 13, 13, 9, 12, 4, 9, 4, 13, 9, 10, 5, 14, 3, 13, 17, 14, 11, 11, 9, 13, 10, 13, 22, 16, 16, 22, 1, 1, 3, 5, 1, 1, 1, 16, 22, 19, 2, 1, 6, 16, 19, 19, 15, 19, 17, 21, 18, 3, 2, 1, 0, 2, 2, 7, 3, 16, 3, 7, 3, 3, 3, 4, 1, 1, 1, 1, 1, 9, 4, 4, 4, 21, 19, 21, 20, 22, 12, 23, 21, 11, 16, 3, 3, 2, 16, 19, 0, 21, 21, 1, 16, 1, 9, 3, 3, 3, 22, 16, 18, 1, 2, 16, 1, 7, 2, 2, 3, 3, 21, 9, 13, 7, 7, 1, 1, 3, 3, 3, 3, 10, 3, 6, 3, 3, 9, 3, 23, 1, 1, 1, 1, 1, 3, 9, 21, 2, 3, 5, 2, 24, 24, 24, 12, 23, 12, 20, 24, 22, 21, 20, 24, 24, 22, 24, 23, 11, 22, 22, 23, 22, 22, 20, 1, 15, 21, 20, 11, 20, 3, 21, 25, 6, 14, 10, 17, 18, 22, 3, 16, 1, 22, 18, 3, 17, 18, 16, 6, 1, 2, 1, 12, 3, 2, 16, 3, 2, 2, 3, 2, 3, 19, 13, 10, 2, 2, 2, 8, 19, 9, 6, 6, 7, 7, 9, 25, 3, 9, 22, 1, 8, 26, 1, 27, 15, 24, 27, 24, 15, 24, 24, 23, 26, 26, 2, 1, 1, 1, 1, 1, 1, 1, 1, 1, 1, 1, 1, 8, 1, 5, 1, 9, 21, 2, 3, 3, 3, 3, 3, 3, 1, 1, 1, 1, 1, 1, 7, 1, 1, 3, 1, 3, 12, 3, 21, 21, 1, 2, 2, 9, 2, 1, 21, 1, 2, 1, 1, 2, 1, 5, 4, 4, 4, 3, 21, 4, 9, 9, 17, 11, 12, 11, 26, 10, 3, 13, 17, 4, 3, 3, 12, 12, 5, 11, 13, 10, 9, 10, 9, 17, 9, 11, 13, 4, 13, 13, 13, 14, 19, 13, 14, 1, 2, 2, 2, 2, 2, 1, 2, 2, 2, 2, 2, 2, 25, 24, 26, 26, 2, 20, 26, 2, 27, 20, 27, 16, 24, 20, 26, 8, 0, 2, 2, 2, 2, 2, 2, 2]"
stage3_declaration_method_body,stage3_declaration_method_body,declaration_method_body_v1,xerces,1,65488944220cc3a503994d6f2289e0f7bdc06c619351a2e8243bca243538c8a3,65488944220cc3a503994d6f2289e0f7bdc06c619351a2e8243bca243538c8a3,36bdeca0e1ef32f36631c30ebbf86a1875621490e92f9b4a7fd0860755676236,d81607ad9e48ef274ecf65a4e3b1b1c7c22163c3b073831ffbb506bac7601bac,7e204d1865c1ddb228cc42f6f61519e280076590a92f0965e4f1fc765b77a4ab,7d5d45f6e7cc46cdb57c57688bc89b5e90e0ecea7390833a7acb2e8887d935a5,c1af2191baefddee68a7f41c97c29f7799df4bcf5372d9e9cf44a52a3b510286,seed1_solution059,0.66300503235082675069,0.30838186438553794044,0.796315216509275281,0.78061072511465545709,0.66300503235082675069,-0.30838186438553794044,0.796315216509275281,0.78061072511465545709,True,False,,,"[0, 1, 0, 1, 0, 0, 0, 0, 0, 0, 0, 2, 3, 0, 1, 4, 0, 5, 0, 2, 4, 0, 0, 0, 0, 6, 2, 0, 0, 2, 0, 0, 7, 0, 0, 8, 9, 10, 0, 0, 0, 0, 0, 0, 0, 0, 0, 0, 0, 0, 3, 7, 0, 0, 0, 0, 0, 0, 0, 0, 0, 0, 0, 0, 0, 3, 10, 11, 3, 0, 0, 0, 0, 0, 0, 8, 0, 0, 0, 0, 0, 0, 0, 0, 3, 0, 0, 0, 0, 2, 0, 0, 0, 0, 0, 0, 0, 0, 0, 0, 12, 0, 3, 0, 0, 0, 5, 8, 8, 1, 2, 6, 0, 13, 14, 7, 10, 10, 6, 1, 10, 5, 14, 8, 10, 10, 12, 10, 12, 6, 12, 12, 10, 5, 10, 10, 12, 14, 10, 12, 12, 7, 10, 3, 10, 9, 1, 1, 12, 6, 1, 12, 14, 1, 1, 1, 1, 6, 12, 8, 1, 1, 1, 1, 1, 2, 10, 1, 1, 10, 1, 1, 1, 1, 1, 9, 9, 15, 16, 12, 5, 1, 9, 17, 1, 1, 17, 12, 2, 9, 16, 18, 18, 7, 19, 16, 9, 18, 20, 20, 20, 18, 20, 12, 13, 7, 18, 16, 13, 16, 12, 16, 12, 11, 16, 12, 20, 12, 16, 9, 13, 18, 12, 5, 16, 16, 19, 13, 20, 17, 18, 5, 17, 12, 20, 13, 5, 5, 12, 16, 12, 13, 18, 13, 13, 18, 5, 12, 12, 16, 19, 18, 18, 21, 11, 5, 6, 19, 1, 8, 12, 12, 12, 15, 12, 5, 18, 9, 7, 11, 18, 18, 17, 9, 7, 9, 8, 12, 12, 14, 12, 12, 7, 12, 12, 1, 2, 3, 1, 2, 20, 22, 15, 20, 13, 20, 17, 16, 13, 5, 8, 8, 18, 8, 17, 8, 8, 19, 9, 19, 8, 8, 19, 8, 17, 15, 18, 19, 8, 19, 19, 14, 18, 8, 18, 6, 8, 18, 11, 19, 8, 8, 19, 3, 3, 19, 16, 18, 18, 19, 22, 9, 18, 4, 15, 18, 18, 7, 2, 2, 2, 3, 2, 3, 2, 2, 23, 6, 3, 23, 9, 9, 9, 18, 18, 9, 7, 9, 6, 6, 12, 6, 18, 3, 3, 4, 1, 9, 9, 9, 6, 2, 9, 3, 15, 11, 22, 2, 2, 3, 3, 17, 2, 2, 3, 9, 5, 18, 1, 5, 16, 16, 3, 5, 9, 18, 15, 20, 0, 16, 13, 1, 22, 10, 16, 20, 16, 22, 22, 1, 14, 14, 18, 12, 4, 18, 16, 2, 6, 18, 18, 10, 18, 19, 7, 18, 7, 6, 7, 18, 18, 2, 23, 2, 9, 9, 18, 18, 20, 7, 18, 2, 9, 3, 18, 7, 18, 8, 9, 12, 20, 18, 9, 9, 7, 18, 18, 14, 14, 11, 23, 14, 16, 1, 1, 2, 1, 1, 18, 12, 16, 22, 23, 1, 1, 12, 14, 10, 3, 24, 14, 16, 16, 0, 10, 10, 1, 9, 4, 4, 10, 2, 17, 10, 2, 10, 2, 10, 10, 1, 1, 1, 1, 2, 2, 3, 2, 9, 16, 16, 16, 13, 23, 18, 23, 16, 2, 10, 2, 2, 2, 18, 22, 0, 21, 20, 1, 20, 1, 1, 10, 10, 10, 10, 20, 20, 1, 1, 19, 1, 7, 1, 10, 2, 2, 11, 2, 9, 23, 3, 1, 10, 10, 22, 10, 10, 2, 2, 10, 2, 2, 4, 1, 1, 1, 22, 1, 1, 1, 10, 5, 7, 4, 17, 23, 1, 21, 10, 13, 18, 11, 8, 13, 11, 17, 16, 13, 24, 14, 13, 14, 1, 12, 13, 24, 13, 11, 14, 16, 1, 24, 16, 24, 9, 7, 2, 16, 15, 10, 7, 12, 13, 15, 4, 2, 17, 1, 5, 16, 10, 1, 15, 16, 10, 3, 4, 21, 4, 10, 4, 14, 2, 4, 13, 2, 4, 3, 23, 7, 18, 4, 4, 4, 6, 5, 6, 6, 8, 10, 7, 10, 11, 2, 2, 9, 3, 10, 25, 1, 24, 11, 1, 12, 26, 17, 24, 26, 26, 7, 26, 1, 10, 1, 17, 1, 1, 18, 1, 1, 18, 1, 20, 1, 7, 1, 16, 1, 21, 23, 4, 2, 10, 8, 10, 10, 2, 1, 1, 1, 1, 1, 1, 7, 2, 1, 1, 1, 10, 1, 2, 17, 16, 1, 4, 11, 4, 4, 3, 16, 1, 1, 12, 1, 4, 1, 1, 3, 3, 3, 2, 16, 6, 6, 6, 9, 8, 18, 7, 25, 18, 3, 18, 11, 3, 2, 2, 12, 2, 7, 21, 7, 6, 14, 9, 23, 11, 18, 18, 18, 3, 9, 12, 2, 18, 12, 1, 16, 1, 4, 2, 4, 4, 4, 23, 4, 4, 12, 4, 4, 4, 25, 18, 11, 26, 4, 13, 6, 4, 26, 22, 25, 25, 1, 25, 27, 25, 1, 24, 4, 4, 4, 4, 4, 4]"
stage3_declaration_method_body,stage3_declaration_method_body,declaration_method_body_v1,xerces,1,65488944220cc3a503994d6f2289e0f7bdc06c619351a2e8243bca243538c8a3,65488944220cc3a503994d6f2289e0f7bdc06c619351a2e8243bca243538c8a3,36bdeca0e1ef32f36631c30ebbf86a1875621490e92f9b4a7fd0860755676236,d81607ad9e48ef274ecf65a4e3b1b1c7c22163c3b073831ffbb506bac7601bac,7e204d1865c1ddb228cc42f6f61519e280076590a92f0965e4f1fc765b77a4ab,7d5d45f6e7cc46cdb57c57688bc89b5e90e0ecea7390833a7acb2e8887d935a5,c1af2191baefddee68a7f41c97c29f7799df4bcf5372d9e9cf44a52a3b510286,seed1_solution060,0.67401869158878502386,1.7145647856123871211,0.82973049367743256788,0.70621069474033193458,0.67401869158878502386,-1.7145647856123871211,0.82973049367743256788,0.70621069474033193458,True,False,,,"[0, 0, 0, 0, 0, 0, 0, 0, 0, 0, 0, 0, 0, 0, 1, 2, 0, 0, 0, 3, 2, 0, 0, 0, 0, 0, 3, 0, 0, 0, 0, 0, 0, 0, 0, 0, 0, 0, 0, 0, 0, 0, 0, 0, 0, 0, 0, 0, 0, 0, 0, 0, 0, 0, 0, 0, 0, 0, 0, 0, 4, 0, 0, 0, 0, 4, 0, 0, 4, 0, 0, 0, 0, 0, 0, 0, 0, 0, 0, 0, 0, 0, 0, 0, 0, 0, 0, 0, 0, 3, 0, 0, 0, 0, 0, 0, 0, 0, 0, 0, 5, 0, 6, 0, 0, 0, 7, 4, 5, 1, 1, 8, 0, 9, 6, 6, 7, 8, 8, 10, 6, 4, 8, 6, 8, 8, 6, 8, 6, 8, 8, 3, 7, 6, 6, 5, 6, 8, 8, 7, 11, 6, 4, 8, 8, 8, 1, 10, 6, 8, 10, 8, 8, 10, 10, 10, 4, 8, 1, 5, 10, 10, 1, 1, 1, 3, 8, 1, 1, 6, 10, 10, 1, 10, 10, 12, 12, 9, 9, 12, 9, 10, 13, 2, 1, 10, 1, 14, 3, 14, 12, 15, 15, 10, 15, 16, 15, 5, 1, 15, 16, 15, 15, 8, 14, 17, 14, 16, 13, 16, 13, 16, 16, 16, 9, 14, 16, 13, 12, 16, 16, 12, 12, 16, 8, 9, 16, 16, 16, 14, 13, 16, 12, 12, 12, 13, 12, 16, 14, 16, 16, 16, 13, 16, 16, 14, 16, 16, 16, 16, 16, 16, 14, 16, 4, 16, 16, 16, 10, 14, 13, 12, 16, 13, 13, 13, 12, 14, 14, 17, 14, 14, 14, 18, 14, 17, 16, 13, 16, 6, 6, 8, 8, 8, 8, 10, 11, 11, 1, 4, 18, 19, 15, 15, 12, 18, 13, 12, 18, 7, 7, 7, 7, 20, 7, 7, 7, 7, 7, 7, 5, 7, 21, 1, 14, 8, 7, 17, 7, 19, 7, 7, 7, 7, 7, 7, 7, 7, 7, 7, 7, 7, 19, 4, 10, 3, 4, 9, 9, 16, 8, 14, 16, 2, 15, 8, 16, 14, 3, 3, 7, 4, 11, 11, 11, 8, 11, 4, 4, 4, 13, 14, 5, 14, 14, 14, 16, 13, 14, 16, 14, 8, 13, 11, 3, 16, 10, 14, 14, 15, 14, 13, 16, 4, 11, 16, 4, 4, 4, 11, 4, 17, 4, 8, 4, 9, 12, 16, 12, 16, 12, 12, 11, 8, 12, 8, 22, 20, 20, 20, 20, 1, 15, 20, 21, 20, 20, 22, 22, 1, 21, 15, 14, 14, 2, 8, 21, 15, 8, 15, 16, 8, 16, 17, 14, 14, 0, 16, 14, 16, 16, 3, 22, 3, 13, 4, 13, 12, 14, 14, 14, 11, 14, 11, 15, 14, 14, 16, 14, 3, 12, 17, 14, 16, 16, 16, 12, 13, 14, 22, 20, 20, 23, 10, 1, 3, 1, 10, 10, 1, 20, 21, 22, 10, 1, 1, 21, 24, 19, 21, 21, 21, 24, 21, 3, 2, 10, 0, 2, 11, 3, 3, 21, 17, 3, 16, 3, 3, 11, 10, 10, 1, 10, 1, 11, 4, 4, 14, 24, 21, 21, 20, 23, 22, 20, 21, 13, 3, 3, 3, 3, 15, 20, 0, 20, 20, 10, 20, 1, 8, 3, 3, 3, 3, 21, 22, 10, 1, 19, 10, 1, 1, 1, 3, 3, 22, 8, 12, 3, 3, 1, 1, 3, 3, 3, 3, 13, 3, 3, 3, 3, 11, 1, 23, 1, 1, 10, 1, 1, 3, 3, 20, 3, 3, 21, 10, 18, 24, 24, 24, 24, 16, 2, 2, 24, 24, 24, 18, 24, 24, 2, 24, 9, 24, 23, 24, 24, 24, 24, 1, 2, 2, 23, 23, 20, 3, 21, 25, 5, 14, 9, 24, 22, 11, 3, 20, 10, 21, 19, 3, 17, 21, 15, 8, 2, 2, 10, 11, 3, 11, 20, 3, 2, 2, 2, 11, 3, 20, 14, 14, 11, 11, 2, 6, 7, 8, 7, 7, 15, 7, 8, 25, 3, 3, 20, 10, 7, 23, 10, 18, 11, 18, 26, 26, 14, 18, 26, 18, 27, 13, 1, 1, 1, 10, 10, 1, 1, 1, 1, 1, 1, 1, 1, 7, 10, 7, 10, 7, 20, 2, 3, 3, 3, 3, 3, 3, 10, 10, 1, 1, 10, 10, 8, 1, 10, 1, 1, 3, 10, 3, 22, 20, 1, 2, 2, 11, 2, 1, 20, 1, 1, 1, 1, 11, 10, 5, 4, 11, 4, 3, 20, 4, 8, 8, 16, 13, 14, 14, 26, 14, 3, 16, 16, 11, 3, 3, 16, 14, 5, 14, 14, 16, 8, 13, 16, 14, 14, 9, 14, 4, 9, 12, 12, 16, 16, 16, 12, 10, 2, 2, 2, 11, 2, 11, 2, 11, 2, 2, 11, 2, 17, 14, 26, 26, 11, 24, 28, 11, 27, 20, 25, 20, 28, 24, 25, 26, 0, 11, 11, 2, 11, 11, 11, 11]"
stage3_declaration_method_body,stage3_declaration_method_body,declaration_method_body_v1,xerces,1,65488944220cc3a503994d6f2289e0f7bdc06c619351a2e8243bca243538c8a3,65488944220cc3a503994d6f2289e0f7bdc06c619351a2e8243bca243538c8a3,36bdeca0e1ef32f36631c30ebbf86a1875621490e92f9b4a7fd0860755676236,d81607ad9e48ef274ecf65a4e3b1b1c7c22163c3b073831ffbb506bac7601bac,7e204d1865c1ddb228cc42f6f61519e280076590a92f0965e4f1fc765b77a4ab,7d5d45f6e7cc46cdb57c57688bc89b5e90e0ecea7390833a7acb2e8887d935a5,c1af2191baefddee68a7f41c97c29f7799df4bcf5372d9e9cf44a52a3b510286,seed1_solution061,0.70409777138749096714,7.9252716138916845523,0.77586636761502858484,0.7966912664545978684,0.70409777138749096714,-7.9252716138916845523,0.77586636761502858484,0.7966912664545978684,True,False,,,"[0, 1, 0, 0, 0, 0, 0, 0, 0, 0, 0, 0, 0, 0, 2, 3, 0, 0, 0, 2, 3, 0, 0, 0, 0, 0, 4, 0, 0, 0, 0, 0, 5, 5, 0, 6, 0, 0, 0, 0, 0, 0, 0, 0, 0, 0, 0, 0, 0, 0, 7, 0, 0, 0, 0, 0, 0, 0, 0, 0, 0, 0, 0, 0, 0, 6, 0, 0, 7, 0, 4, 8, 0, 0, 0, 0, 0, 0, 0, 0, 0, 0, 5, 0, 0, 0, 0, 0, 0, 0, 0, 0, 0, 0, 0, 0, 0, 0, 2, 0, 9, 0, 4, 0, 0, 0, 4, 2, 4, 1, 1, 10, 0, 9, 6, 11, 7, 6, 7, 1, 12, 12, 4, 3, 12, 4, 12, 3, 7, 12, 12, 2, 2, 12, 4, 5, 6, 6, 3, 12, 6, 9, 6, 12, 12, 6, 1, 1, 4, 12, 1, 12, 12, 1, 1, 1, 1, 8, 12, 7, 1, 1, 1, 1, 1, 4, 2, 12, 8, 4, 1, 1, 1, 1, 13, 9, 12, 8, 14, 14, 5, 1, 9, 15, 15, 1, 11, 9, 1, 9, 10, 16, 8, 8, 16, 15, 16, 5, 11, 16, 9, 16, 16, 4, 17, 4, 13, 16, 10, 16, 6, 18, 11, 13, 16, 18, 11, 16, 11, 17, 16, 17, 18, 17, 11, 17, 2, 19, 13, 9, 9, 13, 14, 18, 16, 11, 18, 16, 16, 13, 16, 16, 5, 12, 18, 10, 18, 8, 13, 18, 11, 11, 11, 17, 11, 18, 16, 9, 1, 6, 16, 20, 11, 17, 12, 21, 5, 9, 16, 8, 9, 20, 18, 16, 15, 9, 17, 17, 11, 17, 12, 9, 12, 6, 1, 1, 9, 7, 1, 2, 20, 13, 11, 20, 10, 10, 8, 18, 19, 4, 16, 5, 6, 4, 6, 16, 7, 18, 16, 16, 8, 9, 14, 8, 6, 8, 8, 4, 14, 22, 10, 14, 6, 16, 8, 22, 6, 16, 11, 19, 6, 6, 22, 4, 7, 16, 14, 13, 11, 9, 16, 8, 16, 17, 17, 16, 9, 16, 4, 15, 2, 6, 18, 7, 6, 7, 11, 7, 7, 11, 9, 13, 9, 16, 5, 8, 16, 11, 9, 8, 9, 22, 16, 11, 2, 9, 1, 16, 5, 8, 9, 4, 9, 7, 4, 10, 11, 7, 4, 4, 4, 8, 7, 4, 7, 13, 4, 16, 10, 4, 7, 4, 7, 2, 15, 10, 17, 15, 15, 14, 14, 1, 21, 14, 18, 21, 19, 19, 14, 1, 21, 13, 8, 9, 3, 21, 19, 4, 9, 9, 9, 5, 13, 16, 9, 13, 0, 13, 5, 13, 11, 4, 19, 2, 11, 8, 13, 5, 11, 9, 13, 7, 8, 4, 16, 16, 8, 5, 13, 2, 2, 13, 10, 11, 5, 16, 13, 13, 8, 0, 18, 21, 14, 1, 1, 2, 1, 12, 12, 1, 21, 15, 15, 3, 1, 1, 17, 7, 21, 21, 20, 12, 10, 14, 12, 3, 1, 17, 3, 3, 12, 7, 14, 4, 8, 4, 2, 2, 11, 1, 1, 3, 1, 1, 4, 7, 7, 7, 19, 17, 14, 14, 15, 20, 21, 15, 4, 4, 4, 2, 4, 20, 15, 0, 10, 14, 17, 10, 1, 17, 4, 7, 7, 8, 21, 21, 1, 1, 17, 2, 12, 7, 6, 4, 6, 15, 2, 18, 12, 8, 6, 1, 2, 2, 4, 7, 2, 8, 2, 7, 4, 3, 1, 6, 1, 1, 1, 1, 1, 12, 7, 5, 3, 7, 21, 16, 18, 7, 10, 18, 22, 14, 18, 18, 15, 22, 10, 18, 23, 22, 9, 21, 18, 18, 22, 22, 14, 14, 8, 1, 8, 22, 22, 23, 23, 6, 19, 24, 6, 16, 11, 19, 10, 3, 3, 17, 1, 15, 21, 2, 1, 21, 14, 12, 8, 3, 13, 3, 2, 3, 18, 13, 3, 3, 3, 6, 2, 18, 8, 16, 3, 6, 9, 6, 12, 6, 6, 4, 12, 7, 1, 24, 2, 12, 15, 2, 6, 22, 12, 25, 3, 23, 25, 25, 26, 25, 22, 26, 25, 25, 1, 1, 1, 1, 1, 1, 1, 1, 1, 8, 1, 1, 1, 1, 1, 20, 1, 13, 22, 6, 7, 2, 6, 2, 2, 4, 9, 7, 3, 1, 4, 1, 12, 3, 1, 1, 1, 20, 1, 6, 15, 13, 1, 3, 21, 7, 3, 8, 9, 12, 3, 3, 1, 3, 3, 1, 4, 7, 4, 4, 10, 11, 11, 17, 17, 16, 16, 9, 22, 5, 11, 11, 13, 7, 13, 2, 5, 8, 13, 9, 14, 8, 13, 9, 8, 13, 13, 9, 11, 7, 13, 11, 15, 16, 12, 17, 16, 1, 3, 3, 3, 1, 3, 3, 3, 15, 9, 1, 3, 3, 26, 11, 17, 25, 3, 27, 2, 3, 26, 15, 28, 26, 26, 26, 27, 14, 1, 3, 1, 3, 3, 3, 3, 3]"
stage3_declaration_method_body,stage3_declaration_method_body,declaration_method_body_v1,xerces,1,65488944220cc3a503994d6f2289e0f7bdc06c619351a2e8243bca243538c8a3,65488944220cc3a503994d6f2289e0f7bdc06c619351a2e8243bca243538c8a3,36bdeca0e1ef32f36631c30ebbf86a1875621490e92f9b4a7fd0860755676236,d81607ad9e48ef274ecf65a4e3b1b1c7c22163c3b073831ffbb506bac7601bac,7e204d1865c1ddb228cc42f6f61519e280076590a92f0965e4f1fc765b77a4ab,7d5d45f6e7cc46cdb57c57688bc89b5e90e0ecea7390833a7acb2e8887d935a5,c1af2191baefddee68a7f41c97c29f7799df4bcf5372d9e9cf44a52a3b510286,seed1_solution062,0.7250611071171818578,9.2577542103184118361,1.3009172560650126282,0.75172757586609750824,0.7250611071171818578,-9.2577542103184118361,1.3009172560650126282,0.75172757586609750824,True,False,,,"[0, 1, 1, 0, 0, 2, 1, 1, 0, 0, 0, 0, 0, 0, 1, 3, 1, 0, 4, 5, 5, 0, 1, 1, 0, 5, 5, 0, 1, 0, 0, 0, 1, 0, 2, 0, 4, 1, 0, 0, 5, 0, 1, 2, 1, 0, 0, 0, 1, 0, 6, 5, 0, 1, 6, 0, 0, 0, 0, 0, 3, 0, 0, 0, 6, 3, 0, 2, 3, 4, 7, 0, 0, 0, 4, 0, 2, 0, 2, 0, 0, 0, 0, 0, 0, 0, 0, 2, 5, 0, 2, 8, 2, 3, 0, 0, 0, 1, 6, 2, 5, 0, 6, 0, 0, 0, 0, 0, 0, 1, 2, 7, 0, 9, 7, 7, 0, 1, 7, 1, 7, 10, 7, 7, 7, 0, 1, 7, 7, 7, 0, 1, 7, 7, 7, 1, 5, 7, 2, 1, 7, 7, 2, 7, 7, 7, 10, 1, 0, 7, 1, 2, 7, 7, 1, 1, 1, 0, 1, 7, 1, 1, 1, 5, 5, 1, 4, 1, 1, 1, 1, 1, 1, 0, 0, 8, 1, 11, 11, 11, 11, 1, 11, 7, 0, 2, 9, 1, 1, 2, 12, 13, 13, 1, 13, 0, 1, 1, 2, 13, 2, 1, 1, 2, 2, 0, 14, 4, 1, 12, 12, 1, 0, 1, 12, 12, 12, 1, 0, 5, 12, 0, 12, 7, 12, 12, 12, 0, 1, 2, 14, 12, 7, 12, 12, 12, 2, 2, 0, 10, 12, 8, 14, 4, 5, 4, 12, 4, 12, 2, 12, 0, 14, 12, 1, 6, 12, 2, 1, 14, 5, 12, 12, 1, 1, 12, 14, 14, 5, 8, 14, 7, 2, 14, 14, 14, 12, 0, 12, 7, 7, 8, 2, 1, 1, 1, 3, 3, 1, 5, 15, 0, 15, 8, 0, 15, 15, 15, 15, 8, 8, 8, 8, 0, 8, 8, 3, 8, 8, 11, 7, 5, 8, 2, 8, 8, 5, 0, 0, 8, 0, 1, 8, 2, 8, 10, 5, 7, 8, 1, 1, 8, 1, 1, 4, 0, 3, 14, 14, 14, 10, 14, 6, 2, 16, 5, 14, 14, 1, 0, 4, 2, 3, 3, 5, 2, 3, 2, 0, 6, 14, 0, 14, 14, 2, 14, 4, 9, 14, 14, 14, 14, 14, 3, 5, 14, 2, 3, 1, 14, 14, 5, 0, 3, 3, 15, 2, 0, 5, 5, 0, 1, 3, 1, 3, 4, 11, 14, 2, 2, 11, 10, 0, 2, 0, 11, 7, 2, 1, 17, 17, 1, 17, 17, 17, 17, 1, 17, 17, 2, 17, 0, 14, 2, 1, 14, 17, 14, 1, 1, 14, 14, 4, 14, 5, 14, 0, 2, 14, 14, 14, 5, 10, 5, 4, 14, 0, 5, 2, 14, 14, 2, 14, 3, 1, 14, 14, 14, 7, 2, 4, 14, 14, 14, 4, 14, 7, 14, 10, 7, 17, 17, 17, 1, 1, 5, 1, 4, 1, 1, 17, 1, 5, 1, 1, 2, 8, 7, 18, 18, 0, 18, 18, 18, 5, 1, 0, 0, 7, 2, 5, 4, 17, 5, 5, 5, 5, 5, 3, 1, 1, 1, 7, 1, 3, 3, 6, 0, 2, 5, 17, 17, 1, 6, 0, 14, 5, 5, 5, 4, 5, 17, 7, 0, 0, 5, 1, 17, 0, 1, 5, 5, 0, 1, 1, 17, 1, 1, 12, 1, 1, 1, 1, 10, 0, 17, 5, 2, 5, 4, 1, 1, 5, 5, 2, 5, 5, 5, 0, 0, 5, 0, 1, 1, 1, 1, 2, 1, 1, 2, 5, 17, 5, 5, 10, 4, 2, 19, 1, 19, 7, 19, 19, 19, 7, 0, 12, 5, 0, 1, 13, 4, 19, 19, 2, 20, 0, 19, 19, 1, 10, 10, 10, 10, 2, 5, 2, 21, 0, 14, 2, 5, 17, 1, 2, 17, 2, 0, 17, 0, 0, 5, 17, 5, 5, 2, 1, 2, 5, 2, 8, 1, 2, 0, 2, 2, 0, 1, 0, 14, 2, 2, 3, 0, 0, 2, 0, 1, 7, 1, 5, 21, 5, 0, 17, 7, 2, 2, 5, 22, 2, 11, 7, 10, 22, 22, 5, 22, 0, 0, 1, 1, 1, 1, 1, 1, 0, 1, 5, 5, 5, 1, 10, 1, 0, 17, 1, 7, 17, 5, 5, 5, 5, 5, 5, 5, 0, 2, 7, 1, 1, 0, 1, 1, 1, 1, 1, 0, 6, 1, 17, 17, 1, 2, 2, 2, 0, 4, 17, 1, 1, 5, 7, 2, 0, 0, 1, 10, 10, 2, 5, 3, 1, 14, 7, 5, 14, 8, 23, 1, 9, 14, 14, 3, 5, 5, 14, 14, 14, 14, 14, 14, 14, 14, 14, 2, 14, 1, 1, 3, 2, 3, 14, 12, 5, 12, 10, 2, 0, 2, 2, 2, 0, 2, 2, 5, 5, 5, 2, 2, 23, 0, 24, 24, 8, 0, 2, 8, 25, 24, 25, 1, 0, 24, 1, 8, 24, 4, 5, 6, 2, 9, 2, 5]"
stage3_declaration_method_body,stage3_declaration_method_body,declaration_method_body_v1,xerces,1,65488944220cc3a503994d6f2289e0f7bdc06c619351a2e8243bca243538c8a3,65488944220cc3a503994d6f2289e0f7bdc06c619351a2e8243bca243538c8a3,36bdeca0e1ef32f36631c30ebbf86a1875621490e92f9b4a7fd0860755676236,d81607ad9e48ef274ecf65a4e3b1b1c7c22163c3b073831ffbb506bac7601bac,7e204d1865c1ddb228cc42f6f61519e280076590a92f0965e4f1fc765b77a4ab,7d5d45f6e7cc46cdb57c57688bc89b5e90e0ecea7390833a7acb2e8887d935a5,c1af2191baefddee68a7f41c97c29f7799df4bcf5372d9e9cf44a52a3b510286,seed1_solution063,0.73866283249460817917,0.5184102876249340186,0.69120418273833283962,0.80223369324024340621,0.73866283249460817917,-0.5184102876249340186,0.69120418273833283962,0.80223369324024340621,True,False,,,"[0, 1, 0, 1, 0, 0, 2, 0, 0, 0, 0, 3, 4, 5, 1, 2, 0, 6, 4, 7, 2, 0, 1, 0, 6, 8, 7, 0, 0, 3, 0, 0, 9, 9, 0, 5, 10, 7, 0, 0, 0, 0, 0, 0, 0, 5, 0, 0, 0, 0, 0, 9, 0, 0, 11, 12, 0, 0, 0, 13, 14, 15, 0, 0, 0, 3, 7, 16, 7, 0, 0, 4, 0, 5, 0, 5, 0, 1, 0, 0, 0, 0, 0, 15, 17, 18, 0, 0, 0, 3, 0, 0, 19, 20, 0, 21, 8, 0, 0, 0, 11, 0, 4, 0, 0, 0, 4, 5, 5, 1, 3, 8, 0, 21, 20, 20, 22, 7, 8, 8, 23, 16, 20, 10, 9, 11, 11, 8, 11, 23, 11, 11, 8, 20, 8, 24, 11, 20, 2, 11, 11, 11, 21, 4, 13, 10, 1, 1, 11, 8, 1, 11, 20, 1, 1, 4, 1, 1, 11, 20, 1, 1, 1, 1, 13, 7, 11, 1, 1, 22, 1, 1, 1, 1, 1, 3, 6, 18, 19, 19, 6, 12, 19, 15, 1, 1, 15, 4, 1, 10, 19, 12, 12, 9, 16, 19, 10, 12, 12, 19, 19, 12, 10, 11, 21, 9, 12, 19, 21, 19, 21, 19, 6, 19, 19, 1, 6, 16, 19, 10, 21, 12, 19, 6, 19, 19, 20, 21, 21, 15, 10, 6, 19, 21, 6, 21, 6, 6, 21, 19, 21, 21, 9, 21, 21, 10, 6, 0, 21, 19, 19, 19, 9, 24, 16, 6, 8, 6, 1, 5, 6, 21, 19, 18, 19, 6, 12, 10, 9, 23, 10, 12, 21, 10, 9, 12, 5, 12, 21, 20, 11, 11, 20, 11, 11, 1, 3, 4, 1, 3, 13, 10, 13, 13, 21, 13, 13, 19, 21, 20, 12, 5, 12, 12, 5, 14, 5, 22, 15, 14, 17, 5, 14, 14, 5, 18, 12, 14, 24, 14, 14, 12, 12, 5, 12, 12, 5, 12, 1, 14, 13, 5, 14, 3, 3, 12, 19, 9, 12, 9, 9, 10, 12, 2, 10, 9, 22, 9, 19, 0, 3, 3, 3, 3, 3, 3, 23, 8, 8, 23, 10, 10, 10, 9, 12, 10, 9, 10, 12, 10, 3, 14, 15, 3, 4, 2, 1, 10, 10, 10, 12, 3, 10, 3, 18, 4, 17, 3, 3, 7, 3, 13, 3, 3, 24, 2, 6, 12, 1, 6, 19, 19, 3, 6, 6, 21, 18, 13, 0, 1, 21, 1, 23, 7, 23, 13, 13, 0, 13, 1, 15, 15, 17, 10, 2, 16, 15, 3, 11, 24, 10, 7, 12, 18, 9, 12, 9, 10, 9, 12, 10, 7, 23, 7, 10, 10, 1, 12, 10, 9, 12, 3, 21, 3, 12, 9, 3, 23, 10, 11, 15, 19, 10, 12, 9, 12, 10, 20, 9, 13, 23, 23, 23, 1, 1, 4, 2, 1, 12, 11, 23, 23, 23, 1, 1, 11, 22, 7, 4, 22, 14, 14, 19, 0, 7, 7, 22, 10, 11, 2, 7, 4, 15, 7, 4, 7, 12, 7, 7, 23, 14, 1, 1, 3, 3, 3, 3, 10, 15, 13, 23, 23, 23, 22, 15, 15, 4, 7, 11, 4, 7, 12, 23, 0, 24, 13, 10, 13, 1, 1, 7, 7, 7, 7, 13, 13, 11, 7, 21, 1, 1, 1, 7, 7, 7, 13, 4, 4, 23, 4, 1, 1, 7, 17, 7, 7, 7, 7, 7, 4, 7, 2, 22, 1, 1, 17, 1, 1, 1, 7, 6, 9, 7, 15, 23, 1, 2, 7, 20, 15, 16, 5, 20, 16, 15, 20, 16, 20, 20, 16, 20, 1, 20, 15, 20, 15, 16, 20, 20, 1, 5, 18, 20, 20, 9, 7, 14, 18, 7, 9, 19, 10, 23, 2, 7, 15, 1, 6, 5, 7, 10, 15, 15, 8, 4, 17, 24, 2, 7, 21, 23, 7, 7, 21, 3, 2, 4, 23, 9, 12, 2, 2, 2, 8, 6, 20, 8, 20, 0, 8, 7, 16, 24, 7, 10, 4, 11, 18, 1, 22, 2, 1, 11, 22, 22, 22, 22, 22, 9, 12, 1, 2, 1, 15, 1, 1, 12, 1, 1, 12, 1, 13, 1, 22, 1, 13, 3, 24, 23, 7, 7, 7, 5, 7, 7, 7, 1, 1, 1, 1, 1, 1, 11, 3, 1, 1, 1, 7, 1, 7, 15, 13, 1, 5, 16, 2, 2, 4, 11, 9, 1, 11, 1, 2, 1, 1, 8, 3, 3, 7, 10, 8, 8, 10, 10, 12, 10, 9, 23, 12, 8, 10, 12, 6, 7, 7, 9, 3, 9, 24, 9, 12, 23, 10, 23, 10, 9, 9, 10, 20, 10, 19, 3, 19, 6, 1, 19, 1, 2, 3, 2, 5, 2, 4, 7, 2, 11, 2, 2, 11, 23, 20, 25, 25, 2, 26, 8, 2, 27, 20, 26, 26, 27, 26, 27, 25, 1, 22, 2, 2, 2, 2, 12, 2]"
stage3_declaration_method_body,stage3_declaration_method_body,declaration_method_body_v1,xerces,1,65488944220cc3a503994d6f2289e0f7bdc06c619351a2e8243bca243538c8a3,65488944220cc3a503994d6f2289e0f7bdc06c619351a2e8243bca243538c8a3,36bdeca0e1ef32f36631c30ebbf86a1875621490e92f9b4a7fd0860755676236,d81607ad9e48ef274ecf65a4e3b1b1c7c22163c3b073831ffbb506bac7601bac,7e204d1865c1ddb228cc42f6f61519e280076590a92f0965e4f1fc765b77a4ab,7d5d45f6e7cc46cdb57c57688bc89b5e90e0ecea7390833a7acb2e8887d935a5,c1af2191baefddee68a7f41c97c29f7799df4bcf5372d9e9cf44a52a3b510286,seed1_solution064,0.75053918044572254242,9.3626099347966711406,0.9096750895461023223,0.77505275094896153298,0.75053918044572254242,-9.3626099347966711406,0.9096750895461023223,0.77505275094896153298,True,False,,,"[0, 1, 0, 0, 0, 0, 0, 0, 0, 0, 0, 0, 0, 2, 3, 4, 0, 3, 0, 1, 3, 3, 0, 3, 0, 5, 3, 0, 0, 6, 7, 0, 0, 0, 0, 8, 0, 0, 0, 0, 0, 0, 4, 0, 0, 0, 9, 3, 0, 0, 6, 10, 0, 0, 0, 0, 3, 3, 5, 0, 2, 0, 0, 0, 11, 2, 0, 3, 2, 3, 0, 0, 0, 10, 12, 0, 2, 0, 0, 0, 0, 0, 13, 0, 0, 6, 0, 0, 0, 6, 0, 0, 8, 0, 0, 0, 0, 0, 0, 0, 14, 0, 3, 0, 6, 1, 14, 1, 2, 1, 1, 4, 0, 3, 4, 10, 0, 4, 15, 0, 3, 4, 2, 15, 1, 4, 4, 14, 1, 15, 15, 12, 4, 4, 1, 1, 4, 15, 15, 13, 4, 4, 3, 4, 4, 15, 3, 1, 4, 15, 1, 2, 15, 1, 1, 1, 1, 1, 6, 15, 1, 8, 1, 1, 8, 3, 14, 1, 2, 15, 3, 5, 1, 2, 0, 14, 7, 11, 10, 5, 1, 15, 7, 1, 8, 14, 1, 0, 1, 5, 6, 11, 4, 1, 4, 10, 3, 5, 11, 3, 11, 11, 1, 5, 9, 4, 5, 6, 9, 10, 2, 2, 10, 2, 9, 12, 10, 9, 10, 3, 10, 11, 9, 10, 11, 10, 2, 10, 3, 13, 3, 9, 5, 3, 3, 9, 9, 11, 9, 10, 9, 9, 15, 7, 10, 15, 10, 10, 11, 9, 9, 10, 13, 2, 6, 10, 9, 9, 1, 0, 10, 10, 9, 9, 9, 11, 4, 8, 4, 4, 5, 15, 10, 4, 15, 4, 11, 9, 3, 4, 1, 3, 14, 13, 15, 3, 5, 2, 0, 2, 12, 5, 5, 5, 5, 12, 2, 8, 12, 13, 13, 13, 13, 13, 9, 0, 0, 13, 13, 13, 13, 14, 13, 9, 13, 13, 9, 13, 9, 13, 9, 13, 1, 13, 9, 0, 13, 13, 9, 9, 13, 13, 5, 2, 4, 3, 5, 4, 4, 1, 4, 5, 2, 7, 7, 4, 0, 4, 7, 3, 5, 2, 5, 2, 5, 6, 5, 11, 2, 5, 15, 1, 4, 4, 4, 5, 4, 5, 4, 2, 15, 1, 1, 5, 3, 5, 3, 15, 9, 5, 9, 5, 4, 5, 5, 12, 2, 2, 6, 2, 5, 12, 4, 2, 5, 11, 10, 11, 14, 11, 6, 14, 2, 11, 5, 10, 8, 16, 8, 12, 8, 1, 16, 12, 0, 12, 16, 9, 8, 1, 8, 0, 4, 5, 7, 5, 6, 7, 3, 2, 5, 4, 4, 1, 6, 4, 10, 15, 4, 5, 4, 12, 1, 3, 4, 4, 4, 7, 5, 4, 4, 0, 15, 5, 1, 4, 1, 3, 5, 3, 3, 15, 4, 15, 5, 4, 5, 11, 5, 8, 8, 16, 12, 1, 0, 3, 1, 11, 1, 5, 12, 2, 8, 11, 0, 2, 17, 9, 17, 17, 9, 1, 6, 9, 3, 2, 1, 9, 6, 6, 0, 3, 16, 9, 3, 2, 3, 10, 1, 1, 7, 1, 3, 1, 0, 0, 11, 2, 6, 1, 8, 16, 10, 10, 7, 12, 3, 3, 3, 3, 3, 12, 16, 0, 18, 8, 1, 12, 3, 3, 12, 3, 1, 1, 6, 8, 1, 1, 18, 1, 1, 3, 1, 3, 1, 8, 3, 3, 5, 3, 8, 0, 3, 7, 3, 3, 13, 1, 0, 8, 1, 6, 1, 1, 0, 1, 1, 0, 1, 3, 3, 6, 3, 3, 8, 3, 8, 7, 19, 19, 19, 8, 2, 19, 3, 19, 8, 8, 0, 19, 19, 19, 13, 19, 6, 8, 6, 19, 19, 0, 20, 20, 20, 17, 20, 0, 16, 21, 0, 6, 2, 13, 8, 3, 8, 8, 3, 16, 16, 0, 3, 0, 16, 14, 6, 6, 3, 2, 3, 1, 16, 3, 6, 6, 6, 6, 3, 8, 5, 2, 7, 7, 6, 4, 4, 14, 15, 7, 15, 6, 3, 21, 3, 3, 14, 8, 11, 22, 5, 23, 14, 23, 3, 3, 22, 18, 22, 7, 2, 23, 3, 1, 1, 1, 1, 1, 1, 1, 6, 1, 0, 14, 3, 5, 3, 2, 1, 0, 5, 3, 3, 3, 3, 14, 4, 3, 12, 1, 3, 1, 3, 3, 4, 3, 1, 1, 1, 5, 3, 13, 16, 3, 1, 7, 7, 13, 6, 8, 16, 1, 1, 0, 1, 6, 8, 1, 2, 2, 14, 1, 8, 3, 5, 3, 4, 4, 5, 4, 6, 4, 5, 4, 2, 2, 3, 1, 5, 4, 6, 6, 15, 4, 5, 5, 4, 4, 0, 5, 5, 5, 5, 10, 5, 1, 11, 2, 11, 3, 6, 6, 6, 6, 10, 7, 10, 6, 6, 6, 6, 6, 11, 5, 24, 4, 7, 6, 23, 6, 0, 24, 24, 17, 24, 2, 22, 2, 17, 6, 7, 6, 6, 5, 15, 7]"
stage3_declaration_method_body,stage3_declaration_method_body,declaration_method_body_v1,xerces,1,65488944220cc3a503994d6f2289e0f7bdc06c619351a2e8243bca243538c8a3,65488944220cc3a503994d6f2289e0f7bdc06c619351a2e8243bca243538c8a3,36bdeca0e1ef32f36631c30ebbf86a1875621490e92f9b4a7fd0860755676236,d81607ad9e48ef274ecf65a4e3b1b1c7c22163c3b073831ffbb506bac7601bac,7e204d1865c1ddb228cc42f6f61519e280076590a92f0965e4f1fc765b77a4ab,7d5d45f6e7cc46cdb57c57688bc89b5e90e0ecea7390833a7acb2e8887d935a5,c1af2191baefddee68a7f41c97c29f7799df4bcf5372d9e9cf44a52a3b510286,seed1_solution065,0.75111430625449315812,9.3628074209706273479,0.90826378469274005045,0.77505275094896153298,0.75111430625449315812,-9.3628074209706273479,0.90826378469274005045,0.77505275094896153298,True,False,,,"[0, 1, 0, 0, 0, 0, 0, 0, 0, 0, 0, 0, 0, 2, 3, 4, 0, 3, 0, 1, 3, 3, 0, 3, 0, 5, 3, 0, 0, 6, 7, 0, 0, 0, 0, 8, 0, 0, 0, 0, 0, 0, 4, 0, 0, 0, 9, 3, 0, 0, 6, 10, 0, 0, 0, 0, 3, 3, 5, 0, 2, 0, 0, 0, 11, 2, 0, 3, 2, 3, 0, 0, 0, 10, 12, 0, 2, 0, 0, 0, 0, 0, 13, 0, 0, 6, 0, 0, 0, 6, 0, 0, 8, 0, 0, 0, 0, 0, 0, 0, 14, 0, 3, 0, 6, 1, 14, 1, 2, 1, 1, 4, 0, 3, 4, 10, 0, 4, 15, 0, 3, 4, 2, 15, 1, 4, 4, 14, 1, 15, 15, 12, 4, 4, 1, 1, 4, 15, 15, 13, 4, 4, 3, 4, 4, 15, 3, 1, 4, 15, 1, 2, 15, 1, 1, 1, 1, 1, 6, 15, 1, 8, 1, 1, 8, 3, 14, 1, 2, 15, 3, 5, 1, 2, 0, 14, 7, 11, 10, 5, 1, 15, 7, 1, 8, 14, 1, 0, 1, 5, 6, 11, 4, 1, 4, 10, 3, 5, 11, 3, 11, 11, 1, 5, 9, 4, 5, 6, 9, 10, 2, 2, 10, 2, 9, 12, 10, 9, 10, 3, 10, 11, 9, 10, 11, 10, 2, 10, 3, 13, 3, 9, 5, 3, 3, 9, 9, 11, 9, 10, 9, 9, 15, 7, 10, 15, 10, 10, 11, 9, 9, 10, 13, 2, 6, 10, 9, 9, 1, 0, 10, 10, 9, 9, 9, 11, 4, 8, 4, 4, 5, 15, 10, 4, 15, 4, 11, 9, 3, 4, 1, 3, 14, 13, 15, 3, 5, 2, 0, 2, 12, 5, 5, 5, 5, 12, 2, 8, 12, 13, 13, 13, 13, 13, 9, 0, 0, 13, 13, 13, 13, 14, 13, 9, 13, 13, 9, 13, 9, 13, 9, 13, 1, 13, 9, 0, 13, 13, 9, 9, 13, 13, 5, 2, 4, 3, 5, 4, 4, 1, 4, 5, 2, 7, 7, 4, 0, 4, 7, 3, 5, 2, 5, 2, 5, 6, 5, 11, 2, 5, 15, 1, 4, 4, 4, 5, 4, 5, 4, 2, 15, 1, 1, 5, 3, 5, 3, 15, 9, 5, 9, 5, 4, 5, 5, 12, 2, 2, 6, 2, 5, 12, 4, 2, 5, 11, 10, 11, 14, 11, 6, 14, 2, 11, 5, 10, 8, 16, 8, 12, 8, 1, 16, 12, 0, 12, 16, 9, 8, 1, 8, 0, 4, 5, 7, 5, 6, 7, 3, 2, 5, 4, 4, 1, 14, 4, 10, 15, 4, 5, 4, 12, 1, 3, 4, 4, 4, 7, 5, 4, 4, 0, 15, 5, 1, 4, 1, 3, 5, 3, 3, 15, 4, 15, 5, 4, 5, 11, 5, 8, 8, 16, 12, 1, 0, 3, 1, 11, 1, 5, 12, 2, 8, 11, 0, 2, 17, 9, 17, 17, 9, 1, 6, 9, 3, 2, 1, 9, 6, 6, 0, 3, 16, 9, 3, 2, 3, 10, 1, 1, 7, 1, 3, 1, 0, 0, 11, 2, 6, 1, 8, 16, 10, 10, 7, 12, 3, 3, 3, 3, 3, 12, 16, 0, 18, 8, 1, 12, 3, 3, 12, 3, 1, 1, 6, 8, 1, 1, 18, 1, 1, 3, 1, 3, 1, 8, 3, 3, 5, 3, 8, 0, 3, 7, 3, 3, 13, 1, 0, 8, 1, 6, 1, 1, 0, 1, 1, 0, 1, 3, 3, 6, 3, 3, 8, 3, 8, 7, 19, 19, 19, 8, 2, 19, 3, 19, 8, 8, 0, 19, 19, 19, 13, 19, 6, 8, 6, 19, 19, 0, 20, 20, 20, 17, 20, 0, 16, 21, 0, 6, 2, 13, 8, 3, 8, 8, 3, 16, 16, 0, 3, 0, 16, 14, 6, 6, 3, 2, 3, 1, 16, 3, 6, 6, 6, 6, 3, 8, 5, 2, 7, 7, 6, 4, 4, 14, 15, 7, 15, 6, 3, 21, 3, 3, 14, 8, 11, 22, 5, 23, 14, 23, 3, 3, 22, 18, 22, 7, 2, 23, 3, 1, 1, 1, 1, 1, 1, 1, 6, 1, 0, 14, 3, 5, 3, 2, 1, 0, 5, 3, 3, 3, 3, 14, 4, 3, 12, 1, 3, 1, 3, 3, 4, 3, 1, 1, 1, 5, 3, 13, 16, 3, 1, 7, 7, 13, 6, 8, 16, 1, 1, 0, 1, 6, 8, 1, 2, 2, 14, 1, 8, 3, 5, 3, 4, 4, 5, 4, 6, 4, 5, 4, 2, 2, 3, 1, 5, 4, 6, 6, 15, 4, 5, 5, 4, 4, 0, 5, 5, 5, 5, 10, 5, 1, 11, 2, 11, 3, 6, 6, 6, 6, 10, 7, 10, 6, 6, 6, 6, 6, 11, 5, 24, 4, 7, 6, 23, 6, 0, 24, 24, 17, 24, 2, 22, 2, 17, 6, 7, 6, 6, 5, 15, 7]"
stage3_declaration_method_body,stage3_declaration_method_body,declaration_method_body_v1,xerces,1,65488944220cc3a503994d6f2289e0f7bdc06c619351a2e8243bca243538c8a3,65488944220cc3a503994d6f2289e0f7bdc06c619351a2e8243bca243538c8a3,36bdeca0e1ef32f36631c30ebbf86a1875621490e92f9b4a7fd0860755676236,d81607ad9e48ef274ecf65a4e3b1b1c7c22163c3b073831ffbb506bac7601bac,7e204d1865c1ddb228cc42f6f61519e280076590a92f0965e4f1fc765b77a4ab,7d5d45f6e7cc46cdb57c57688bc89b5e90e0ecea7390833a7acb2e8887d935a5,c1af2191baefddee68a7f41c97c29f7799df4bcf5372d9e9cf44a52a3b510286,seed1_solution066,0.76879942487419128394,1.545474185166513692,0.74301679901727335498,0.84158690664897906064,0.76879942487419128394,-1.545474185166513692,0.74301679901727335498,0.84158690664897906064,True,False,,,"[0, 1, 0, 0, 0, 0, 0, 0, 0, 1, 0, 0, 0, 0, 2, 1, 0, 0, 0, 2, 3, 0, 4, 0, 0, 5, 6, 0, 0, 7, 0, 0, 0, 0, 0, 7, 0, 0, 0, 0, 0, 8, 0, 0, 0, 0, 0, 0, 0, 0, 4, 0, 0, 0, 0, 0, 0, 9, 0, 0, 0, 0, 0, 0, 9, 6, 0, 0, 4, 0, 6, 0, 0, 0, 0, 0, 0, 0, 0, 0, 0, 0, 0, 0, 0, 10, 0, 0, 0, 0, 0, 0, 0, 0, 0, 0, 0, 0, 2, 0, 3, 0, 6, 0, 0, 0, 8, 2, 6, 1, 2, 11, 0, 12, 7, 13, 14, 7, 4, 1, 3, 13, 6, 14, 14, 15, 3, 5, 3, 13, 16, 2, 16, 16, 6, 3, 7, 13, 5, 16, 12, 12, 3, 6, 16, 12, 17, 1, 12, 14, 4, 9, 13, 17, 17, 1, 1, 10, 3, 4, 17, 17, 1, 17, 17, 1, 12, 17, 8, 16, 1, 1, 17, 17, 18, 12, 13, 8, 16, 14, 3, 1, 12, 19, 17, 1, 17, 12, 1, 14, 9, 7, 7, 8, 7, 14, 11, 9, 17, 11, 15, 11, 7, 2, 14, 6, 18, 11, 4, 14, 7, 14, 16, 18, 9, 9, 17, 9, 9, 7, 11, 14, 4, 14, 17, 14, 2, 9, 18, 18, 12, 18, 4, 14, 9, 17, 9, 11, 9, 18, 4, 11, 16, 16, 4, 20, 16, 8, 9, 16, 9, 17, 17, 14, 19, 16, 5, 4, 1, 4, 9, 4, 17, 14, 16, 9, 3, 7, 7, 7, 12, 7, 8, 11, 7, 12, 9, 15, 17, 14, 13, 3, 13, 21, 16, 15, 12, 4, 1, 6, 20, 4, 17, 20, 9, 9, 13, 16, 15, 11, 11, 5, 20, 5, 20, 6, 4, 16, 5, 20, 8, 12, 10, 20, 13, 5, 8, 6, 10, 22, 6, 20, 7, 6, 8, 20, 7, 13, 17, 6, 7, 7, 6, 6, 8, 11, 6, 7, 17, 7, 11, 15, 7, 14, 18, 11, 7, 11, 1, 19, 6, 5, 2, 6, 6, 6, 17, 2, 6, 23, 12, 16, 7, 11, 3, 8, 11, 17, 15, 16, 2, 16, 11, 11, 2, 4, 17, 11, 16, 8, 15, 7, 12, 16, 6, 13, 17, 6, 6, 6, 6, 9, 4, 6, 4, 14, 6, 4, 9, 6, 4, 14, 2, 2, 14, 9, 18, 19, 10, 24, 18, 1, 18, 10, 16, 21, 11, 24, 10, 17, 19, 18, 11, 11, 12, 4, 15, 4, 12, 12, 12, 4, 7, 11, 12, 7, 7, 16, 15, 18, 7, 6, 15, 2, 17, 4, 18, 7, 7, 12, 18, 2, 8, 3, 7, 6, 2, 4, 18, 2, 18, 18, 7, 4, 3, 11, 18, 18, 8, 0, 23, 24, 10, 1, 17, 1, 17, 13, 13, 1, 21, 23, 19, 2, 1, 1, 14, 19, 6, 21, 20, 13, 9, 10, 2, 1, 17, 14, 3, 5, 2, 2, 18, 6, 2, 2, 2, 2, 17, 1, 20, 5, 1, 17, 2, 5, 6, 6, 15, 23, 10, 10, 24, 18, 21, 11, 6, 1, 2, 2, 6, 20, 18, 0, 9, 10, 17, 9, 1, 14, 1, 6, 4, 8, 21, 21, 1, 17, 14, 2, 13, 17, 7, 6, 6, 10, 2, 16, 13, 1, 17, 1, 2, 2, 6, 19, 2, 8, 2, 4, 6, 1, 1, 7, 1, 17, 1, 17, 17, 2, 4, 3, 2, 2, 11, 11, 23, 1, 9, 10, 7, 10, 16, 19, 19, 22, 23, 10, 23, 18, 12, 21, 16, 16, 23, 18, 10, 10, 18, 17, 8, 22, 10, 10, 15, 1, 20, 25, 7, 7, 16, 15, 9, 1, 5, 14, 17, 19, 21, 2, 1, 18, 19, 1, 1, 5, 18, 1, 2, 5, 10, 2, 1, 5, 12, 1, 6, 18, 6, 7, 5, 7, 12, 7, 13, 7, 13, 8, 13, 20, 2, 25, 2, 13, 4, 2, 3, 22, 17, 26, 5, 26, 24, 27, 26, 28, 22, 26, 27, 28, 17, 17, 17, 17, 1, 1, 17, 17, 17, 15, 17, 17, 1, 21, 1, 20, 17, 24, 23, 8, 1, 2, 7, 1, 8, 2, 3, 11, 17, 1, 6, 1, 0, 17, 1, 1, 17, 20, 17, 7, 19, 18, 1, 5, 21, 21, 12, 8, 11, 17, 17, 5, 1, 1, 5, 1, 6, 6, 2, 6, 18, 6, 6, 14, 4, 11, 7, 7, 16, 16, 17, 7, 7, 6, 2, 2, 16, 4, 18, 4, 14, 7, 18, 4, 7, 18, 18, 12, 4, 4, 18, 17, 7, 11, 13, 4, 14, 1, 5, 5, 5, 12, 5, 5, 5, 19, 1, 1, 3, 5, 26, 17, 27, 25, 1, 18, 22, 12, 26, 19, 27, 26, 25, 18, 28, 10, 26, 1, 12, 1, 5, 5, 12, 14]"
stage3_declaration_method_body,stage3_declaration_method_body,declaration_method_body_v1,xerces,1,65488944220cc3a503994d6f2289e0f7bdc06c619351a2e8243bca243538c8a3,65488944220cc3a503994d6f2289e0f7bdc06c619351a2e8243bca243538c8a3,36bdeca0e1ef32f36631c30ebbf86a1875621490e92f9b4a7fd0860755676236,d81607ad9e48ef274ecf65a4e3b1b1c7c22163c3b073831ffbb506bac7601bac,7e204d1865c1ddb228cc42f6f61519e280076590a92f0965e4f1fc765b77a4ab,7d5d45f6e7cc46cdb57c57688bc89b5e90e0ecea7390833a7acb2e8887d935a5,c1af2191baefddee68a7f41c97c29f7799df4bcf5372d9e9cf44a52a3b510286,seed1_solution067,0.77017972681524082823,14.743119081413617266,1.5760785028571422384,0.74061612760668338318,0.77017972681524082823,-14.743119081413617266,1.5760785028571422384,0.74061612760668338318,True,False,,,"[0, 1, 1, 2, 2, 1, 1, 1, 0, 1, 2, 1, 0, 1, 2, 3, 1, 0, 1, 0, 3, 2, 1, 1, 1, 3, 3, 0, 1, 3, 0, 3, 0, 3, 2, 0, 3, 1, 0, 0, 0, 0, 1, 2, 1, 1, 3, 0, 1, 3, 2, 3, 1, 0, 2, 0, 0, 0, 2, 3, 1, 1, 2, 0, 0, 3, 0, 2, 0, 2, 1, 2, 0, 2, 0, 2, 1, 0, 1, 2, 0, 0, 0, 0, 0, 0, 3, 2, 3, 0, 2, 2, 3, 3, 0, 0, 0, 1, 0, 3, 0, 0, 3, 0, 0, 1, 0, 0, 0, 2, 3, 2, 1, 2, 3, 3, 0, 1, 0, 3, 2, 3, 3, 0, 3, 0, 1, 0, 2, 1, 0, 1, 3, 1, 0, 1, 3, 0, 2, 1, 0, 0, 3, 2, 3, 0, 2, 0, 0, 3, 1, 1, 3, 2, 2, 2, 3, 0, 1, 1, 2, 1, 1, 3, 3, 1, 2, 2, 1, 4, 3, 1, 2, 0, 0, 1, 1, 2, 0, 2, 3, 2, 3, 2, 0, 2, 3, 1, 1, 3, 3, 3, 2, 2, 1, 0, 1, 1, 0, 0, 3, 1, 1, 0, 2, 0, 0, 0, 3, 3, 2, 1, 1, 1, 2, 3, 0, 1, 0, 3, 0, 0, 2, 1, 2, 2, 0, 2, 0, 2, 2, 1, 2, 3, 0, 1, 3, 5, 0, 2, 3, 0, 3, 6, 3, 2, 0, 3, 0, 3, 3, 0, 3, 1, 1, 3, 2, 3, 3, 2, 3, 1, 2, 2, 1, 3, 0, 2, 3, 1, 3, 1, 3, 2, 2, 1, 3, 0, 1, 1, 3, 2, 3, 1, 2, 0, 3, 1, 3, 3, 2, 0, 2, 1, 3, 2, 0, 1, 0, 3, 2, 2, 7, 0, 1, 0, 3, 2, 8, 1, 2, 3, 3, 1, 3, 2, 2, 0, 9, 3, 0, 2, 0, 3, 0, 1, 2, 2, 0, 1, 1, 1, 1, 1, 2, 0, 0, 1, 3, 1, 10, 2, 0, 3, 3, 3, 10, 2, 3, 0, 2, 2, 1, 0, 11, 0, 1, 2, 0, 2, 1, 0, 2, 0, 2, 3, 3, 0, 10, 0, 0, 0, 1, 3, 3, 0, 2, 2, 1, 0, 1, 3, 0, 2, 2, 0, 3, 0, 3, 3, 2, 2, 3, 1, 0, 2, 12, 2, 3, 2, 3, 2, 0, 2, 0, 2, 2, 3, 1, 1, 0, 2, 0, 2, 2, 3, 1, 2, 0, 2, 1, 0, 1, 3, 1, 3, 2, 10, 1, 1, 2, 2, 2, 2, 3, 3, 3, 3, 2, 1, 3, 0, 0, 2, 0, 2, 0, 3, 2, 0, 2, 3, 1, 1, 1, 0, 10, 3, 2, 2, 2, 0, 2, 0, 2, 0, 2, 2, 3, 2, 3, 2, 2, 1, 2, 3, 1, 2, 3, 1, 0, 1, 3, 1, 1, 2, 2, 2, 2, 0, 0, 1, 1, 0, 1, 3, 0, 0, 2, 3, 2, 2, 3, 3, 0, 0, 1, 3, 11, 1, 1, 3, 2, 2, 11, 3, 1, 0, 7, 3, 0, 3, 1, 3, 0, 2, 1, 1, 1, 3, 0, 1, 2, 0, 0, 3, 1, 3, 0, 1, 3, 1, 0, 1, 1, 1, 1, 2, 0, 3, 1, 2, 0, 2, 0, 1, 3, 2, 0, 2, 2, 3, 1, 2, 2, 0, 3, 1, 0, 0, 1, 0, 1, 3, 3, 2, 2, 2, 2, 3, 1, 0, 2, 0, 3, 3, 13, 0, 1, 13, 3, 1, 2, 13, 1, 0, 0, 1, 0, 1, 7, 2, 1, 3, 3, 13, 0, 1, 2, 2, 0, 3, 0, 2, 1, 2, 7, 14, 0, 3, 2, 3, 0, 1, 1, 1, 3, 0, 2, 0, 0, 3, 2, 0, 3, 3, 3, 3, 0, 3, 3, 1, 6, 0, 1, 2, 0, 1, 2, 2, 2, 3, 3, 0, 4, 1, 4, 1, 0, 1, 3, 14, 3, 0, 1, 2, 2, 2, 1, 2, 2, 0, 1, 3, 2, 3, 3, 2, 0, 0, 3, 1, 0, 1, 1, 3, 0, 1, 3, 3, 1, 3, 2, 1, 0, 2, 2, 0, 2, 2, 1, 1, 3, 2, 3, 3, 0, 2, 2, 3, 1, 0, 1, 2, 1, 1, 1, 0, 0, 1, 0, 7, 3, 3, 1, 3, 0, 3, 3, 3, 2, 3, 2, 0, 0, 0, 3, 0, 2, 2, 7, 1, 1, 3, 2, 1, 1, 0, 2, 1, 3, 0, 1, 2, 2, 1, 2, 0, 0, 3, 1, 0, 3, 1, 0, 3, 3, 1, 1, 2, 1, 0, 2, 1, 3, 0, 2, 3, 11, 1, 3, 3, 1, 3, 3, 0, 3, 3, 1, 2, 0, 0, 0, 1, 3, 0, 2, 2, 1, 2, 0, 1, 2, 1, 1, 2, 0, 2, 0, 3, 1, 3, 3, 3]"
stage3_declaration_method_body,stage3_declaration_method_body,declaration_method_body_v1,xerces,1,65488944220cc3a503994d6f2289e0f7bdc06c619351a2e8243bca243538c8a3,65488944220cc3a503994d6f2289e0f7bdc06c619351a2e8243bca243538c8a3,36bdeca0e1ef32f36631c30ebbf86a1875621490e92f9b4a7fd0860755676236,d81607ad9e48ef274ecf65a4e3b1b1c7c22163c3b073831ffbb506bac7601bac,7e204d1865c1ddb228cc42f6f61519e280076590a92f0965e4f1fc765b77a4ab,7d5d45f6e7cc46cdb57c57688bc89b5e90e0ecea7390833a7acb2e8887d935a5,c1af2191baefddee68a7f41c97c29f7799df4bcf5372d9e9cf44a52a3b510286,seed1_solution068,0.77434938892882820838,0.096794519334023498836,0.027906183517446062764,0.73366742622903524662,0.77434938892882820838,-0.096794519334023498836,0.027906183517446062764,0.73366742622903524662,True,False,,,"[0, 1, 1, 2, 2, 3, 1, 1, 0, 0, 2, 1, 0, 3, 1, 3, 1, 0, 1, 0, 3, 2, 1, 1, 1, 3, 3, 0, 1, 3, 0, 3, 1, 3, 2, 0, 3, 1, 0, 0, 0, 0, 1, 2, 1, 1, 3, 0, 1, 3, 0, 3, 1, 0, 2, 0, 0, 0, 2, 3, 1, 1, 2, 0, 0, 3, 0, 2, 0, 2, 1, 2, 0, 2, 0, 2, 1, 0, 1, 2, 0, 0, 0, 0, 1, 1, 3, 2, 3, 2, 2, 2, 3, 3, 0, 2, 0, 1, 0, 3, 0, 0, 3, 0, 0, 1, 0, 0, 0, 2, 3, 2, 1, 2, 3, 3, 0, 1, 0, 3, 2, 3, 3, 0, 3, 0, 1, 0, 2, 1, 0, 1, 2, 1, 0, 1, 3, 0, 2, 1, 0, 0, 3, 2, 3, 0, 0, 0, 0, 3, 1, 1, 3, 2, 2, 1, 3, 0, 3, 1, 2, 1, 1, 3, 3, 1, 2, 2, 1, 1, 3, 1, 2, 0, 0, 1, 1, 2, 0, 2, 3, 2, 3, 2, 0, 2, 3, 1, 1, 3, 3, 3, 2, 1, 1, 0, 1, 1, 0, 0, 3, 1, 1, 0, 2, 0, 0, 0, 3, 3, 2, 1, 1, 1, 2, 3, 0, 1, 0, 3, 0, 0, 2, 1, 2, 2, 0, 2, 0, 2, 2, 1, 2, 3, 0, 1, 3, 2, 0, 2, 3, 0, 3, 3, 3, 2, 0, 2, 0, 3, 3, 0, 3, 1, 1, 3, 2, 3, 3, 1, 3, 1, 2, 1, 1, 3, 3, 2, 3, 1, 3, 1, 3, 2, 2, 1, 3, 0, 1, 1, 3, 2, 3, 1, 2, 0, 3, 1, 3, 3, 2, 0, 2, 1, 3, 2, 0, 1, 0, 3, 1, 2, 1, 0, 1, 0, 3, 2, 0, 1, 2, 3, 3, 1, 3, 2, 2, 0, 0, 3, 0, 2, 0, 3, 0, 1, 2, 2, 0, 1, 1, 1, 1, 1, 2, 0, 0, 1, 3, 1, 0, 2, 0, 3, 3, 3, 3, 2, 3, 0, 2, 2, 1, 0, 3, 0, 1, 2, 0, 2, 1, 0, 2, 0, 2, 3, 3, 0, 3, 0, 0, 0, 1, 3, 3, 0, 2, 2, 1, 0, 1, 3, 0, 2, 2, 0, 3, 0, 3, 3, 2, 1, 3, 1, 0, 2, 1, 2, 3, 2, 3, 2, 0, 2, 0, 2, 2, 3, 1, 1, 0, 2, 0, 1, 2, 3, 1, 2, 0, 2, 1, 0, 3, 2, 1, 3, 2, 2, 1, 1, 2, 2, 2, 2, 3, 3, 3, 2, 2, 1, 3, 0, 0, 2, 0, 2, 0, 3, 2, 0, 2, 3, 1, 1, 1, 0, 2, 3, 2, 2, 2, 0, 2, 0, 2, 0, 2, 2, 2, 2, 3, 2, 2, 3, 2, 3, 1, 2, 3, 1, 0, 1, 3, 1, 1, 2, 2, 2, 2, 0, 0, 3, 1, 0, 1, 3, 0, 0, 2, 3, 2, 2, 3, 3, 0, 0, 0, 3, 3, 1, 1, 3, 2, 1, 0, 3, 1, 0, 3, 3, 0, 3, 1, 3, 0, 2, 1, 1, 1, 3, 0, 1, 2, 0, 0, 3, 1, 3, 0, 1, 3, 1, 0, 1, 1, 1, 1, 3, 0, 3, 1, 2, 0, 2, 0, 1, 3, 2, 0, 2, 1, 3, 3, 2, 2, 0, 3, 3, 0, 0, 3, 0, 1, 3, 3, 1, 2, 2, 2, 2, 1, 0, 2, 0, 3, 2, 3, 0, 1, 2, 2, 1, 2, 0, 3, 0, 0, 1, 0, 1, 1, 2, 1, 3, 3, 0, 0, 1, 2, 2, 0, 3, 0, 2, 3, 2, 2, 1, 0, 2, 2, 3, 0, 1, 2, 1, 3, 0, 2, 2, 0, 3, 2, 3, 3, 3, 3, 2, 0, 3, 3, 1, 2, 0, 1, 2, 0, 1, 2, 2, 2, 3, 1, 0, 1, 3, 0, 1, 0, 1, 3, 2, 3, 0, 1, 2, 2, 2, 3, 2, 2, 0, 1, 3, 2, 3, 3, 2, 0, 0, 3, 1, 0, 1, 1, 3, 0, 1, 3, 3, 3, 3, 2, 1, 0, 2, 2, 0, 2, 1, 1, 1, 3, 2, 3, 3, 0, 0, 2, 3, 1, 0, 1, 2, 1, 1, 1, 0, 0, 1, 0, 1, 3, 3, 1, 3, 0, 2, 3, 2, 2, 3, 2, 0, 0, 0, 3, 0, 2, 2, 3, 1, 1, 2, 2, 3, 1, 0, 2, 1, 3, 0, 1, 2, 2, 0, 2, 0, 0, 3, 1, 0, 3, 1, 0, 3, 3, 1, 1, 2, 3, 0, 2, 1, 3, 0, 2, 3, 0, 1, 3, 3, 1, 0, 1, 0, 3, 3, 1, 2, 0, 0, 0, 1, 3, 0, 2, 1, 1, 2, 0, 1, 0, 1, 1, 2, 0, 2, 0, 3, 1, 3, 3, 1]"
stage3_declaration_method_body,stage3_declaration_method_body,declaration_method_body_v1,xerces,1,65488944220cc3a503994d6f2289e0f7bdc06c619351a2e8243bca243538c8a3,65488944220cc3a503994d6f2289e0f7bdc06c619351a2e8243bca243538c8a3,36bdeca0e1ef32f36631c30ebbf86a1875621490e92f9b4a7fd0860755676236,d81607ad9e48ef274ecf65a4e3b1b1c7c22163c3b073831ffbb506bac7601bac,7e204d1865c1ddb228cc42f6f61519e280076590a92f0965e4f1fc765b77a4ab,7d5d45f6e7cc46cdb57c57688bc89b5e90e0ecea7390833a7acb2e8887d935a5,c1af2191baefddee68a7f41c97c29f7799df4bcf5372d9e9cf44a52a3b510286,seed1_solution069,0.79933860531991374199,0.83080896522536307192,0.75996480110753839021,0.80620900589853894402,0.79933860531991374199,-0.83080896522536307192,0.75996480110753839021,0.80620900589853894402,True,False,,,"[0, 0, 0, 0, 0, 0, 1, 0, 0, 0, 0, 0, 0, 0, 2, 1, 1, 0, 0, 0, 1, 3, 2, 1, 0, 4, 5, 0, 0, 0, 0, 0, 0, 0, 0, 6, 7, 5, 0, 0, 3, 0, 0, 0, 0, 0, 0, 0, 0, 0, 8, 0, 0, 0, 0, 0, 0, 9, 0, 9, 10, 0, 0, 0, 0, 11, 5, 12, 5, 0, 0, 0, 0, 6, 0, 6, 13, 0, 14, 0, 0, 0, 0, 0, 0, 0, 15, 0, 0, 16, 0, 6, 3, 14, 0, 0, 4, 0, 0, 0, 6, 0, 4, 11, 0, 0, 11, 6, 11, 0, 16, 4, 0, 16, 4, 4, 4, 5, 4, 2, 17, 4, 4, 16, 16, 18, 14, 3, 19, 4, 4, 5, 20, 14, 14, 15, 4, 14, 16, 4, 16, 13, 19, 4, 9, 16, 2, 2, 4, 16, 7, 9, 14, 2, 2, 11, 8, 8, 13, 14, 2, 7, 2, 2, 2, 11, 4, 2, 2, 4, 2, 2, 2, 2, 15, 16, 8, 13, 3, 13, 8, 18, 1, 2, 2, 2, 2, 11, 2, 18, 21, 21, 8, 19, 7, 3, 6, 9, 7, 7, 3, 7, 2, 19, 21, 18, 3, 21, 3, 22, 7, 21, 21, 7, 21, 2, 8, 12, 7, 13, 3, 18, 3, 8, 7, 1, 14, 11, 19, 3, 3, 18, 21, 3, 21, 21, 8, 8, 21, 21, 23, 20, 18, 8, 21, 3, 8, 21, 8, 12, 19, 3, 3, 21, 12, 8, 21, 8, 13, 6, 7, 3, 3, 21, 8, 7, 18, 16, 3, 17, 22, 3, 6, 3, 5, 18, 6, 18, 3, 16, 14, 16, 14, 4, 14, 2, 16, 16, 2, 2, 9, 18, 18, 9, 18, 9, 18, 9, 18, 19, 19, 15, 10, 10, 6, 10, 1, 9, 23, 10, 9, 11, 9, 19, 21, 19, 19, 10, 19, 10, 10, 10, 4, 10, 10, 9, 0, 9, 2, 10, 9, 10, 10, 16, 16, 18, 3, 1, 3, 13, 3, 3, 3, 1, 10, 8, 21, 3, 3, 0, 4, 4, 4, 11, 16, 0, 17, 16, 11, 17, 21, 22, 3, 1, 3, 0, 18, 3, 18, 18, 3, 10, 23, 20, 11, 3, 2, 3, 3, 8, 18, 3, 3, 11, 16, 11, 11, 16, 11, 5, 16, 18, 16, 19, 15, 13, 13, 3, 13, 9, 13, 16, 16, 13, 12, 19, 10, 23, 10, 2, 19, 2, 15, 5, 17, 15, 23, 10, 15, 2, 15, 23, 20, 20, 1, 3, 15, 3, 3, 15, 3, 3, 3, 3, 12, 18, 4, 16, 18, 18, 8, 15, 10, 0, 7, 3, 2, 3, 8, 23, 3, 4, 3, 13, 8, 11, 3, 3, 3, 5, 3, 21, 18, 18, 3, 21, 16, 14, 3, 0, 10, 10, 17, 2, 2, 11, 1, 2, 18, 2, 17, 15, 15, 2, 2, 2, 15, 5, 11, 23, 22, 23, 3, 15, 17, 5, 2, 7, 1, 1, 11, 11, 17, 5, 11, 6, 18, 5, 11, 2, 2, 2, 17, 16, 11, 19, 11, 16, 15, 10, 10, 17, 15, 15, 10, 10, 11, 21, 13, 11, 11, 18, 17, 13, 15, 10, 2, 6, 2, 24, 5, 11, 5, 5, 15, 8, 13, 2, 19, 2, 2, 2, 5, 11, 11, 10, 5, 11, 5, 5, 2, 2, 11, 20, 5, 12, 9, 5, 4, 5, 5, 1, 2, 10, 8, 2, 2, 2, 2, 5, 8, 21, 6, 5, 5, 2, 14, 14, 20, 14, 21, 6, 14, 23, 14, 14, 14, 23, 23, 23, 13, 14, 14, 23, 20, 14, 2, 5, 23, 2, 20, 24, 24, 20, 20, 5, 10, 24, 5, 3, 3, 23, 17, 1, 5, 23, 2, 8, 6, 5, 7, 5, 6, 16, 11, 1, 2, 1, 1, 19, 17, 15, 1, 19, 1, 6, 5, 10, 11, 3, 1, 6, 13, 16, 4, 14, 16, 14, 4, 4, 5, 24, 5, 6, 10, 5, 14, 15, 2, 12, 17, 2, 17, 22, 20, 21, 6, 22, 21, 22, 2, 1, 2, 2, 2, 2, 2, 2, 2, 18, 2, 9, 2, 22, 2, 17, 16, 15, 15, 5, 5, 5, 6, 5, 5, 5, 13, 20, 2, 2, 2, 2, 4, 16, 2, 2, 0, 5, 2, 6, 10, 18, 2, 1, 12, 22, 1, 11, 13, 21, 2, 13, 24, 15, 11, 2, 4, 11, 11, 6, 10, 4, 4, 7, 3, 18, 18, 8, 5, 3, 16, 8, 3, 8, 5, 5, 8, 16, 8, 15, 3, 3, 17, 16, 17, 3, 3, 3, 4, 14, 18, 2, 16, 23, 21, 2, 21, 2, 6, 1, 23, 1, 1, 11, 1, 1, 13, 1, 16, 13, 25, 26, 27, 25, 13, 26, 28, 1, 27, 26, 27, 26, 27, 6, 27, 27, 28, 1, 13, 1, 1, 1, 18, 1]"
stage3_declaration_method_body,stage3_declaration_method_body,declaration_method_body_v1,xerces,1,65488944220cc3a503994d6f2289e0f7bdc06c619351a2e8243bca243538c8a3,65488944220cc3a503994d6f2289e0f7bdc06c619351a2e8243bca243538c8a3,36bdeca0e1ef32f36631c30ebbf86a1875621490e92f9b4a7fd0860755676236,d81607ad9e48ef274ecf65a4e3b1b1c7c22163c3b073831ffbb506bac7601bac,7e204d1865c1ddb228cc42f6f61519e280076590a92f0965e4f1fc765b77a4ab,7d5d45f6e7cc46cdb57c57688bc89b5e90e0ecea7390833a7acb2e8887d935a5,c1af2191baefddee68a7f41c97c29f7799df4bcf5372d9e9cf44a52a3b510286,seed1_solution070,0.80241552839683683018,9.7761470962618766123,1.5613066530010983879,0.82039473814101915305,0.80241552839683683018,-9.7761470962618766123,1.5613066530010983879,0.82039473814101915305,True,False,,,"[0, 1, 2, 2, 2, 3, 1, 0, 0, 0, 0, 0, 2, 3, 2, 4, 0, 0, 0, 3, 2, 0, 1, 1, 1, 0, 3, 2, 1, 3, 0, 0, 0, 3, 0, 0, 0, 0, 0, 0, 5, 0, 1, 2, 1, 2, 3, 0, 1, 3, 1, 3, 4, 2, 0, 0, 0, 2, 0, 3, 1, 1, 0, 0, 0, 3, 5, 2, 3, 2, 1, 2, 0, 5, 0, 0, 3, 0, 5, 0, 0, 0, 0, 0, 1, 0, 3, 2, 3, 2, 2, 4, 3, 3, 0, 0, 0, 0, 0, 3, 5, 0, 5, 0, 0, 1, 0, 0, 0, 1, 1, 2, 0, 4, 6, 3, 7, 1, 8, 1, 8, 0, 3, 3, 8, 0, 1, 0, 8, 4, 0, 3, 2, 6, 1, 1, 8, 0, 2, 1, 0, 6, 3, 8, 3, 0, 1, 9, 0, 8, 2, 7, 1, 1, 2, 1, 8, 0, 3, 6, 2, 1, 2, 5, 3, 1, 2, 2, 1, 8, 0, 2, 1, 0, 0, 4, 1, 2, 0, 2, 10, 1, 1, 2, 1, 2, 3, 11, 1, 3, 3, 3, 12, 11, 1, 0, 1, 1, 0, 12, 3, 1, 11, 0, 12, 0, 11, 4, 1, 2, 2, 3, 13, 3, 2, 3, 13, 13, 0, 2, 0, 0, 13, 1, 10, 13, 13, 2, 13, 2, 11, 1, 12, 13, 0, 1, 4, 13, 13, 2, 3, 0, 3, 4, 3, 8, 0, 12, 13, 12, 13, 0, 11, 1, 13, 3, 2, 3, 3, 0, 10, 1, 2, 3, 12, 5, 3, 11, 3, 11, 11, 11, 3, 2, 0, 1, 3, 0, 1, 6, 3, 7, 3, 8, 5, 1, 3, 3, 1, 3, 14, 0, 13, 14, 14, 14, 0, 14, 14, 2, 1, 14, 1, 15, 1, 0, 15, 2, 15, 1, 2, 3, 3, 3, 5, 15, 5, 0, 0, 15, 0, 2, 15, 3, 12, 2, 2, 15, 15, 1, 1, 15, 1, 1, 2, 0, 0, 11, 3, 1, 13, 11, 0, 3, 16, 2, 2, 2, 3, 0, 3, 4, 1, 4, 3, 0, 1, 2, 0, 2, 1, 0, 4, 0, 11, 3, 8, 0, 3, 3, 0, 0, 0, 2, 3, 13, 2, 2, 1, 5, 1, 5, 0, 2, 4, 5, 3, 3, 4, 3, 2, 15, 3, 1, 0, 10, 1, 13, 0, 10, 3, 2, 4, 10, 0, 2, 2, 1, 9, 17, 0, 3, 0, 1, 2, 3, 17, 17, 17, 2, 1, 11, 4, 11, 2, 13, 9, 2, 1, 1, 2, 2, 2, 2, 5, 3, 11, 8, 13, 1, 3, 0, 5, 2, 11, 13, 11, 3, 2, 0, 11, 0, 1, 1, 1, 11, 2, 11, 11, 5, 11, 0, 8, 0, 2, 11, 2, 2, 2, 2, 17, 3, 2, 1, 2, 3, 3, 2, 3, 1, 0, 17, 3, 1, 1, 2, 18, 2, 2, 0, 0, 3, 1, 0, 1, 3, 1, 0, 2, 2, 3, 2, 2, 3, 0, 0, 3, 3, 3, 1, 1, 3, 2, 1, 0, 3, 1, 0, 3, 2, 1, 17, 17, 3, 7, 2, 3, 1, 1, 3, 0, 0, 2, 0, 0, 5, 1, 17, 0, 1, 3, 1, 0, 1, 1, 1, 1, 3, 0, 1, 1, 2, 0, 2, 0, 4, 3, 2, 3, 3, 1, 3, 3, 2, 2, 2, 3, 3, 5, 2, 3, 0, 1, 3, 0, 1, 1, 2, 2, 3, 1, 17, 2, 0, 5, 2, 3, 0, 1, 19, 2, 1, 20, 0, 3, 17, 0, 3, 0, 1, 20, 2, 1, 3, 3, 0, 0, 17, 2, 0, 0, 19, 5, 19, 19, 0, 2, 21, 0, 2, 11, 0, 0, 1, 2, 17, 3, 0, 2, 0, 0, 9, 17, 0, 3, 3, 1, 2, 5, 5, 4, 2, 2, 0, 1, 2, 3, 17, 1, 11, 2, 3, 1, 0, 1, 3, 0, 6, 0, 1, 3, 21, 3, 2, 7, 3, 2, 18, 1, 2, 3, 0, 1, 22, 2, 3, 22, 4, 0, 0, 3, 1, 0, 1, 1, 4, 2, 1, 3, 3, 1, 3, 2, 1, 1, 17, 1, 0, 17, 1, 1, 1, 3, 2, 3, 3, 0, 0, 1, 1, 1, 0, 1, 1, 3, 1, 1, 0, 1, 2, 0, 17, 1, 3, 1, 2, 5, 2, 17, 1, 2, 0, 1, 1, 0, 0, 4, 0, 2, 2, 17, 1, 1, 11, 11, 3, 13, 11, 11, 13, 3, 11, 1, 3, 2, 0, 2, 0, 0, 3, 8, 11, 11, 11, 0, 4, 3, 4, 11, 2, 3, 12, 4, 1, 3, 13, 13, 1, 0, 5, 2, 2, 1, 2, 2, 0, 5, 3, 5, 2, 4, 5, 0, 23, 3, 0, 2, 1, 23, 23, 23, 1, 0, 1, 0, 2, 23, 5, 0, 3, 5, 5, 2, 2]"
stage3_declaration_method_body,stage3_declaration_method_body,declaration_method_body_v1,xerces,1,65488944220cc3a503994d6f2289e0f7bdc06c619351a2e8243bca243538c8a3,65488944220cc3a503994d6f2289e0f7bdc06c619351a2e8243bca243538c8a3,36bdeca0e1ef32f36631c30ebbf86a1875621490e92f9b4a7fd0860755676236,d81607ad9e48ef274ecf65a4e3b1b1c7c22163c3b073831ffbb506bac7601bac,7e204d1865c1ddb228cc42f6f61519e280076590a92f0965e4f1fc765b77a4ab,7d5d45f6e7cc46cdb57c57688bc89b5e90e0ecea7390833a7acb2e8887d935a5,c1af2191baefddee68a7f41c97c29f7799df4bcf5372d9e9cf44a52a3b510286,seed1_solution071,0.80304816678648449635,9.7539027643899416375,1.5574042997182462322,0.82209608556468172225,0.80304816678648449635,-9.7539027643899416375,1.5574042997182462322,0.82209608556468172225,True,False,,,"[0, 1, 2, 2, 2, 3, 1, 0, 0, 0, 0, 0, 2, 3, 2, 4, 0, 0, 0, 3, 2, 0, 1, 1, 1, 0, 3, 2, 1, 3, 0, 0, 0, 3, 0, 0, 0, 0, 0, 0, 5, 0, 1, 2, 1, 2, 3, 0, 1, 3, 1, 3, 4, 2, 6, 0, 0, 2, 0, 3, 1, 1, 0, 0, 0, 3, 5, 2, 3, 2, 1, 2, 0, 5, 0, 0, 3, 0, 5, 0, 0, 0, 0, 0, 1, 0, 3, 2, 3, 2, 2, 4, 3, 3, 0, 0, 0, 0, 0, 3, 5, 0, 5, 0, 0, 1, 0, 0, 0, 1, 1, 2, 0, 4, 7, 3, 8, 1, 9, 1, 9, 0, 3, 3, 9, 0, 1, 0, 9, 4, 0, 3, 2, 7, 1, 1, 9, 0, 2, 1, 0, 7, 3, 9, 3, 0, 1, 10, 0, 9, 2, 8, 1, 1, 2, 1, 9, 0, 3, 7, 2, 1, 2, 5, 3, 1, 2, 2, 1, 9, 0, 2, 1, 0, 0, 4, 1, 2, 0, 2, 11, 1, 1, 2, 1, 2, 3, 12, 1, 3, 3, 3, 13, 12, 1, 0, 1, 1, 0, 13, 3, 1, 12, 0, 13, 0, 12, 4, 1, 2, 2, 3, 14, 3, 2, 3, 14, 14, 0, 2, 0, 0, 14, 1, 11, 14, 14, 2, 14, 2, 12, 1, 13, 14, 0, 1, 4, 14, 14, 2, 3, 0, 3, 4, 3, 9, 0, 13, 14, 13, 14, 0, 12, 1, 14, 3, 2, 3, 3, 0, 11, 1, 2, 3, 13, 5, 3, 12, 3, 12, 12, 12, 3, 2, 0, 1, 3, 0, 1, 7, 3, 8, 3, 9, 5, 1, 3, 3, 1, 3, 15, 0, 14, 15, 15, 15, 0, 15, 15, 2, 1, 15, 1, 16, 1, 0, 16, 2, 16, 1, 2, 3, 3, 3, 5, 16, 5, 0, 0, 16, 0, 2, 16, 3, 13, 2, 2, 16, 16, 1, 1, 16, 1, 1, 2, 0, 0, 12, 3, 1, 14, 12, 0, 3, 17, 2, 2, 2, 3, 0, 3, 4, 1, 4, 3, 0, 1, 2, 0, 2, 1, 0, 4, 0, 12, 3, 9, 0, 3, 3, 0, 0, 0, 2, 3, 14, 2, 2, 1, 5, 1, 5, 0, 2, 4, 5, 3, 3, 4, 3, 2, 16, 3, 1, 0, 11, 1, 14, 0, 11, 3, 2, 4, 11, 0, 2, 2, 1, 10, 18, 0, 3, 0, 1, 2, 3, 18, 18, 18, 2, 1, 12, 4, 12, 2, 14, 10, 2, 1, 1, 2, 2, 2, 2, 5, 3, 12, 9, 14, 1, 3, 0, 5, 2, 12, 14, 12, 3, 2, 0, 12, 0, 1, 1, 1, 12, 2, 12, 12, 5, 12, 0, 9, 0, 2, 12, 2, 2, 2, 2, 18, 3, 2, 1, 2, 3, 3, 2, 3, 1, 0, 18, 3, 1, 1, 2, 19, 2, 2, 0, 0, 3, 1, 0, 1, 3, 1, 0, 2, 2, 3, 2, 2, 3, 0, 0, 3, 3, 3, 1, 1, 3, 2, 1, 0, 3, 1, 0, 3, 2, 1, 18, 18, 3, 8, 2, 3, 1, 1, 3, 0, 0, 2, 0, 0, 5, 1, 18, 0, 1, 3, 1, 0, 1, 1, 1, 1, 3, 0, 1, 1, 2, 0, 2, 0, 4, 3, 2, 3, 3, 1, 3, 3, 2, 2, 2, 3, 3, 5, 2, 3, 0, 1, 3, 0, 1, 1, 2, 2, 3, 1, 18, 2, 0, 5, 2, 3, 0, 1, 6, 2, 1, 20, 0, 3, 18, 0, 3, 0, 1, 20, 2, 1, 3, 3, 0, 0, 18, 2, 0, 0, 6, 5, 6, 6, 0, 2, 21, 0, 2, 12, 0, 0, 1, 2, 18, 3, 0, 2, 0, 0, 10, 18, 0, 3, 3, 1, 2, 5, 5, 4, 2, 2, 0, 1, 2, 3, 18, 1, 12, 2, 3, 1, 0, 1, 3, 0, 7, 0, 1, 3, 21, 3, 2, 8, 3, 2, 19, 1, 2, 3, 0, 1, 22, 2, 3, 22, 4, 0, 0, 3, 1, 0, 1, 1, 4, 2, 1, 3, 3, 1, 3, 2, 1, 1, 18, 1, 0, 18, 1, 1, 1, 3, 2, 3, 3, 0, 0, 1, 1, 1, 0, 1, 1, 3, 1, 1, 0, 1, 2, 0, 18, 1, 3, 1, 2, 5, 2, 18, 1, 2, 0, 1, 1, 0, 0, 4, 0, 2, 2, 18, 1, 1, 12, 12, 3, 14, 12, 12, 14, 3, 12, 1, 3, 2, 0, 2, 0, 0, 3, 9, 12, 12, 12, 0, 4, 3, 4, 12, 2, 3, 13, 4, 1, 3, 14, 14, 1, 0, 5, 2, 2, 1, 2, 2, 0, 5, 3, 5, 2, 4, 5, 0, 23, 3, 0, 2, 1, 23, 23, 23, 1, 0, 1, 0, 2, 23, 5, 0, 3, 5, 5, 2, 2]"
stage3_declaration_method_body,stage3_declaration_method_body,declaration_method_body_v1,xerces,1,65488944220cc3a503994d6f2289e0f7bdc06c619351a2e8243bca243538c8a3,65488944220cc3a503994d6f2289e0f7bdc06c619351a2e8243bca243538c8a3,36bdeca0e1ef32f36631c30ebbf86a1875621490e92f9b4a7fd0860755676236,d81607ad9e48ef274ecf65a4e3b1b1c7c22163c3b073831ffbb506bac7601bac,7e204d1865c1ddb228cc42f6f61519e280076590a92f0965e4f1fc765b77a4ab,7d5d45f6e7cc46cdb57c57688bc89b5e90e0ecea7390833a7acb2e8887d935a5,c1af2191baefddee68a7f41c97c29f7799df4bcf5372d9e9cf44a52a3b510286,seed1_solution072,0.80336448598130838494,10.845007792206768471,1.364964932628736749,0.84862409684521766806,0.80336448598130838494,-10.845007792206768471,1.364964932628736749,0.84862409684521766806,True,False,,,"[0, 1, 2, 0, 2, 3, 0, 0, 0, 3, 2, 0, 2, 1, 2, 4, 3, 1, 0, 1, 4, 2, 1, 1, 3, 0, 2, 2, 2, 0, 0, 0, 0, 3, 0, 4, 0, 0, 0, 2, 5, 0, 3, 2, 1, 2, 3, 0, 1, 3, 1, 5, 4, 2, 2, 0, 0, 2, 0, 5, 2, 4, 0, 0, 3, 3, 5, 1, 3, 2, 2, 4, 0, 5, 0, 0, 3, 0, 5, 3, 4, 0, 0, 0, 0, 0, 3, 0, 0, 0, 2, 4, 3, 3, 0, 0, 0, 5, 0, 3, 0, 1, 2, 0, 0, 1, 0, 1, 1, 1, 1, 6, 0, 4, 6, 3, 0, 1, 3, 5, 2, 0, 3, 3, 1, 0, 1, 0, 0, 4, 0, 2, 6, 6, 1, 3, 5, 0, 6, 5, 6, 6, 3, 0, 6, 0, 2, 1, 0, 6, 2, 7, 1, 2, 2, 1, 1, 1, 3, 1, 5, 0, 2, 5, 3, 1, 2, 1, 3, 3, 0, 2, 4, 5, 0, 7, 5, 8, 0, 2, 0, 1, 1, 1, 5, 2, 3, 1, 1, 4, 0, 0, 2, 1, 2, 0, 1, 0, 0, 3, 2, 3, 8, 3, 9, 4, 1, 4, 1, 2, 2, 3, 0, 3, 2, 1, 9, 1, 3, 2, 3, 0, 4, 1, 8, 2, 2, 0, 2, 10, 2, 9, 9, 2, 4, 4, 4, 2, 0, 2, 3, 0, 3, 4, 3, 11, 1, 10, 5, 10, 0, 0, 10, 1, 5, 3, 9, 3, 3, 0, 8, 1, 0, 3, 9, 5, 0, 4, 3, 1, 2, 0, 5, 2, 0, 1, 3, 0, 4, 6, 3, 2, 4, 0, 5, 2, 3, 3, 4, 3, 2, 0, 12, 10, 3, 1, 13, 14, 0, 2, 1, 15, 13, 3, 1, 4, 4, 2, 13, 15, 9, 3, 1, 3, 5, 4, 5, 0, 0, 15, 9, 1, 3, 3, 10, 2, 2, 3, 0, 1, 3, 13, 15, 1, 4, 0, 3, 12, 3, 1, 12, 10, 3, 3, 2, 2, 2, 3, 3, 0, 3, 4, 3, 4, 3, 0, 1, 2, 3, 1, 1, 1, 4, 1, 12, 3, 12, 12, 2, 3, 12, 0, 0, 2, 0, 12, 2, 12, 1, 5, 3, 3, 0, 0, 3, 5, 3, 3, 5, 3, 3, 14, 3, 3, 2, 8, 0, 10, 0, 11, 2, 3, 5, 1, 0, 7, 2, 1, 4, 13, 4, 3, 3, 1, 0, 1, 5, 2, 16, 0, 1, 0, 4, 2, 2, 12, 5, 2, 5, 1, 10, 12, 1, 2, 5, 0, 4, 11, 12, 1, 1, 2, 5, 1, 2, 12, 1, 3, 10, 0, 12, 0, 12, 5, 1, 10, 2, 2, 3, 5, 2, 0, 11, 12, 2, 10, 2, 2, 5, 2, 7, 3, 16, 0, 2, 5, 3, 5, 1, 1, 4, 16, 7, 1, 1, 2, 2, 2, 2, 0, 0, 15, 1, 2, 1, 1, 0, 2, 1, 3, 2, 2, 2, 3, 2, 3, 3, 3, 4, 1, 1, 1, 2, 5, 4, 0, 1, 3, 13, 2, 1, 3, 13, 5, 7, 13, 2, 1, 1, 3, 2, 0, 16, 4, 1, 5, 1, 2, 0, 1, 2, 1, 0, 1, 1, 16, 1, 1, 15, 1, 4, 2, 1, 2, 2, 4, 1, 2, 3, 2, 1, 0, 1, 2, 2, 2, 3, 1, 5, 2, 1, 0, 1, 3, 0, 1, 0, 2, 2, 3, 5, 1, 2, 5, 5, 2, 3, 16, 1, 17, 0, 1, 3, 17, 3, 17, 0, 3, 0, 1, 17, 2, 1, 3, 4, 16, 0, 16, 2, 0, 3, 2, 5, 2, 4, 0, 0, 18, 0, 3, 2, 0, 0, 2, 2, 1, 3, 5, 13, 0, 2, 0, 2, 0, 5, 2, 5, 2, 5, 5, 4, 2, 2, 0, 1, 19, 5, 16, 1, 10, 2, 3, 5, 6, 1, 3, 0, 6, 0, 1, 5, 18, 3, 2, 7, 2, 5, 20, 1, 14, 3, 14, 3, 3, 20, 3, 15, 4, 3, 3, 4, 1, 1, 1, 1, 4, 2, 1, 3, 1, 1, 1, 2, 1, 0, 2, 1, 0, 16, 1, 1, 1, 5, 2, 1, 3, 0, 3, 0, 1, 2, 0, 6, 1, 4, 1, 2, 0, 0, 2, 3, 1, 3, 5, 1, 3, 5, 2, 16, 1, 1, 0, 4, 1, 3, 1, 3, 3, 2, 1, 4, 2, 5, 1, 2, 12, 10, 0, 2, 10, 3, 0, 1, 3, 2, 0, 5, 3, 10, 10, 11, 0, 12, 12, 2, 4, 3, 4, 1, 2, 3, 9, 4, 1, 8, 0, 2, 4, 5, 5, 2, 3, 2, 5, 3, 5, 5, 0, 5, 5, 4, 5, 19, 1, 5, 1, 2, 5, 1, 5, 19, 2, 0, 1, 0, 4, 3, 5, 5, 3, 5, 5, 2, 5]"
stage3_declaration_method_body,stage3_declaration_method_body,declaration_method_body_v1,xerces,1,65488944220cc3a503994d6f2289e0f7bdc06c619351a2e8243bca243538c8a3,65488944220cc3a503994d6f2289e0f7bdc06c619351a2e8243bca243538c8a3,36bdeca0e1ef32f36631c30ebbf86a1875621490e92f9b4a7fd0860755676236,d81607ad9e48ef274ecf65a4e3b1b1c7c22163c3b073831ffbb506bac7601bac,7e204d1865c1ddb228cc42f6f61519e280076590a92f0965e4f1fc765b77a4ab,7d5d45f6e7cc46cdb57c57688bc89b5e90e0ecea7390833a7acb2e8887d935a5,c1af2191baefddee68a7f41c97c29f7799df4bcf5372d9e9cf44a52a3b510286,seed1_solution073,0.80434219985621857596,11.909766507153332071,1.4684624161632735539,0.80715685120323132917,0.80434219985621857596,-11.909766507153332071,1.4684624161632735539,0.80715685120323132917,True,False,,,"[0, 1, 2, 0, 2, 3, 1, 0, 0, 3, 2, 0, 2, 3, 2, 4, 3, 1, 0, 1, 4, 2, 1, 1, 1, 0, 3, 2, 2, 0, 0, 3, 0, 3, 2, 0, 0, 0, 0, 2, 5, 1, 1, 2, 1, 2, 3, 0, 1, 3, 1, 5, 4, 2, 2, 0, 0, 2, 0, 3, 1, 4, 0, 0, 0, 3, 5, 2, 3, 2, 2, 2, 0, 5, 0, 0, 3, 0, 5, 3, 4, 0, 0, 0, 1, 0, 3, 2, 0, 0, 2, 4, 3, 3, 0, 0, 0, 5, 0, 3, 0, 0, 3, 0, 0, 1, 0, 1, 1, 1, 1, 2, 1, 4, 6, 3, 0, 1, 3, 5, 2, 0, 3, 3, 1, 0, 1, 0, 2, 4, 0, 2, 2, 6, 1, 1, 5, 0, 2, 1, 0, 6, 3, 0, 6, 0, 2, 1, 0, 6, 2, 7, 1, 2, 2, 1, 8, 0, 3, 1, 5, 1, 2, 5, 3, 1, 2, 2, 3, 3, 0, 2, 4, 5, 0, 1, 1, 9, 0, 2, 0, 1, 1, 2, 0, 2, 3, 1, 1, 3, 0, 3, 2, 1, 2, 0, 1, 0, 0, 3, 3, 3, 10, 3, 11, 4, 1, 4, 1, 2, 2, 3, 0, 3, 2, 1, 0, 1, 3, 2, 0, 0, 2, 1, 9, 2, 2, 0, 2, 2, 2, 11, 11, 3, 4, 1, 4, 2, 0, 2, 3, 0, 3, 4, 3, 8, 0, 11, 0, 11, 0, 0, 12, 1, 1, 3, 2, 3, 3, 0, 9, 1, 0, 3, 11, 5, 0, 4, 3, 1, 3, 1, 3, 2, 0, 1, 3, 0, 4, 6, 3, 2, 3, 0, 5, 2, 3, 3, 4, 3, 2, 0, 12, 12, 3, 2, 0, 1, 0, 2, 1, 13, 13, 0, 1, 0, 4, 2, 13, 1, 11, 3, 3, 3, 5, 2, 5, 0, 0, 3, 0, 2, 0, 3, 11, 2, 2, 2, 0, 1, 1, 13, 1, 1, 2, 0, 3, 12, 3, 1, 12, 2, 0, 3, 3, 2, 2, 2, 3, 0, 3, 4, 1, 0, 3, 0, 1, 2, 3, 2, 1, 0, 4, 0, 2, 3, 8, 12, 3, 3, 0, 0, 0, 2, 3, 12, 2, 2, 1, 5, 1, 3, 0, 2, 3, 5, 3, 3, 5, 3, 2, 14, 3, 1, 0, 9, 1, 12, 0, 2, 3, 2, 5, 2, 0, 2, 2, 1, 1, 14, 0, 3, 3, 1, 0, 3, 5, 2, 0, 2, 1, 0, 4, 2, 2, 12, 5, 2, 5, 1, 12, 8, 2, 2, 5, 3, 4, 8, 12, 1, 1, 2, 5, 2, 0, 12, 1, 3, 2, 0, 8, 0, 1, 1, 1, 0, 2, 2, 2, 5, 2, 0, 8, 0, 2, 0, 2, 2, 5, 2, 7, 3, 2, 0, 2, 5, 3, 2, 3, 1, 4, 7, 7, 1, 1, 2, 2, 2, 2, 0, 0, 3, 1, 0, 1, 1, 0, 2, 2, 3, 2, 2, 2, 3, 0, 0, 3, 3, 3, 1, 1, 1, 2, 1, 4, 3, 1, 0, 3, 2, 1, 3, 1, 5, 7, 14, 1, 1, 1, 3, 2, 0, 7, 4, 0, 5, 1, 2, 0, 1, 2, 1, 0, 1, 1, 1, 1, 3, 15, 3, 1, 2, 0, 2, 0, 4, 3, 2, 0, 2, 1, 0, 3, 2, 2, 2, 3, 1, 5, 2, 3, 0, 1, 3, 0, 1, 0, 2, 2, 3, 1, 1, 2, 0, 5, 2, 3, 16, 1, 2, 2, 1, 3, 0, 3, 16, 0, 3, 0, 1, 16, 2, 1, 3, 3, 0, 0, 16, 2, 0, 0, 2, 5, 2, 4, 0, 2, 17, 0, 2, 2, 0, 0, 1, 2, 1, 3, 5, 2, 0, 0, 3, 2, 0, 3, 3, 3, 2, 5, 5, 4, 2, 2, 0, 1, 5, 0, 7, 1, 12, 2, 3, 5, 6, 1, 3, 0, 6, 0, 1, 5, 17, 3, 2, 7, 2, 2, 18, 3, 2, 3, 0, 1, 3, 2, 3, 15, 4, 0, 0, 3, 1, 1, 1, 1, 4, 2, 1, 3, 3, 1, 2, 2, 1, 0, 2, 1, 0, 7, 1, 1, 1, 5, 2, 1, 3, 0, 0, 0, 3, 1, 0, 6, 1, 4, 1, 1, 0, 0, 2, 3, 1, 3, 3, 1, 3, 5, 2, 3, 1, 1, 0, 4, 1, 3, 0, 3, 0, 2, 2, 4, 1, 5, 2, 2, 12, 12, 0, 2, 12, 3, 0, 1, 3, 2, 0, 2, 3, 0, 3, 8, 0, 12, 12, 0, 4, 3, 4, 1, 2, 3, 11, 4, 1, 9, 0, 2, 4, 5, 5, 2, 3, 1, 5, 3, 0, 5, 3, 5, 5, 4, 5, 0, 1, 5, 1, 2, 1, 1, 2, 0, 1, 0, 1, 0, 4, 3, 5, 5, 3, 5, 5, 2, 5]"
stage3_declaration_method_body,stage3_declaration_method_body,declaration_method_body_v1,xerces,1,65488944220cc3a503994d6f2289e0f7bdc06c619351a2e8243bca243538c8a3,65488944220cc3a503994d6f2289e0f7bdc06c619351a2e8243bca243538c8a3,36bdeca0e1ef32f36631c30ebbf86a1875621490e92f9b4a7fd0860755676236,d81607ad9e48ef274ecf65a4e3b1b1c7c22163c3b073831ffbb506bac7601bac,7e204d1865c1ddb228cc42f6f61519e280076590a92f0965e4f1fc765b77a4ab,7d5d45f6e7cc46cdb57c57688bc89b5e90e0ecea7390833a7acb2e8887d935a5,c1af2191baefddee68a7f41c97c29f7799df4bcf5372d9e9cf44a52a3b510286,seed1_solution074,0.80759166067577281556,11.308912098403817836,1.4457972030150056941,0.81722676993951370861,0.80759166067577281556,-11.308912098403817836,1.4457972030150056941,0.81722676993951370861,True,False,,,"[0, 1, 2, 0, 2, 3, 1, 0, 0, 3, 2, 0, 2, 1, 2, 4, 1, 1, 0, 0, 3, 4, 1, 1, 3, 0, 3, 2, 1, 0, 0, 3, 1, 0, 0, 0, 0, 0, 0, 0, 5, 0, 1, 0, 1, 2, 3, 0, 1, 0, 1, 5, 4, 2, 2, 0, 0, 2, 2, 3, 1, 4, 0, 0, 3, 3, 5, 2, 3, 2, 2, 2, 0, 5, 0, 0, 6, 0, 5, 3, 4, 0, 0, 0, 0, 0, 3, 2, 0, 0, 2, 4, 3, 3, 0, 0, 1, 5, 3, 3, 0, 0, 3, 0, 0, 1, 0, 1, 1, 1, 1, 2, 1, 4, 7, 3, 0, 1, 3, 5, 2, 3, 3, 0, 1, 0, 1, 0, 2, 1, 2, 2, 2, 7, 1, 1, 5, 0, 2, 1, 0, 0, 3, 0, 7, 0, 2, 1, 0, 3, 2, 3, 1, 2, 2, 1, 3, 8, 3, 1, 5, 1, 2, 4, 3, 1, 2, 2, 3, 3, 0, 2, 4, 5, 0, 9, 1, 9, 1, 2, 3, 1, 1, 1, 0, 2, 3, 1, 1, 3, 0, 3, 2, 1, 2, 0, 1, 0, 7, 0, 3, 3, 10, 3, 10, 4, 1, 4, 1, 2, 0, 3, 0, 3, 2, 1, 10, 1, 0, 2, 3, 0, 2, 2, 11, 2, 2, 0, 2, 2, 2, 11, 11, 2, 4, 4, 4, 2, 0, 3, 3, 0, 5, 4, 3, 12, 0, 2, 0, 11, 0, 11, 13, 1, 4, 14, 2, 4, 1, 1, 9, 1, 0, 3, 11, 5, 0, 4, 3, 1, 3, 0, 3, 0, 0, 1, 3, 0, 4, 7, 3, 2, 3, 0, 5, 2, 3, 1, 4, 3, 2, 13, 13, 13, 3, 2, 15, 1, 0, 3, 1, 2, 6, 3, 1, 0, 4, 2, 6, 1, 11, 3, 3, 3, 4, 2, 2, 0, 0, 6, 0, 1, 3, 3, 0, 2, 2, 3, 0, 2, 3, 1, 1, 1, 2, 0, 3, 13, 3, 1, 13, 13, 0, 3, 2, 2, 2, 3, 1, 0, 2, 4, 1, 4, 3, 3, 3, 2, 3, 2, 1, 1, 2, 1, 6, 3, 12, 13, 3, 3, 0, 0, 0, 2, 3, 13, 2, 2, 1, 5, 3, 3, 0, 2, 3, 5, 3, 3, 5, 3, 3, 15, 3, 1, 0, 11, 0, 13, 0, 2, 3, 2, 5, 2, 0, 2, 2, 3, 1, 6, 0, 2, 3, 1, 8, 1, 5, 2, 0, 2, 1, 0, 5, 2, 2, 13, 2, 2, 5, 1, 2, 12, 2, 2, 5, 3, 4, 2, 13, 1, 1, 2, 5, 1, 0, 13, 1, 3, 13, 0, 12, 3, 1, 1, 1, 13, 2, 3, 2, 5, 2, 0, 12, 12, 2, 13, 2, 1, 4, 2, 8, 3, 12, 0, 2, 5, 3, 2, 3, 1, 0, 8, 3, 1, 1, 1, 16, 2, 2, 0, 2, 6, 1, 0, 1, 1, 1, 2, 1, 5, 2, 2, 2, 3, 0, 0, 3, 1, 3, 1, 1, 1, 2, 1, 5, 0, 1, 0, 12, 2, 1, 3, 15, 5, 8, 6, 1, 0, 1, 3, 2, 1, 16, 4, 0, 5, 1, 2, 0, 2, 2, 1, 3, 1, 5, 1, 1, 1, 16, 3, 1, 4, 0, 2, 0, 4, 1, 2, 3, 2, 1, 0, 3, 5, 2, 2, 3, 1, 5, 2, 3, 3, 1, 1, 0, 1, 2, 2, 2, 3, 5, 1, 2, 0, 5, 2, 8, 17, 5, 18, 0, 3, 3, 0, 3, 18, 0, 3, 0, 1, 17, 2, 1, 18, 3, 0, 0, 17, 2, 0, 0, 2, 5, 0, 4, 0, 2, 19, 0, 2, 2, 0, 0, 1, 2, 1, 3, 0, 15, 0, 2, 3, 0, 0, 5, 3, 3, 2, 5, 5, 4, 2, 2, 0, 1, 5, 5, 1, 1, 13, 2, 3, 5, 7, 1, 3, 0, 7, 0, 1, 5, 19, 3, 2, 8, 2, 5, 8, 3, 2, 3, 0, 3, 3, 2, 17, 3, 4, 3, 0, 3, 1, 0, 1, 1, 4, 2, 4, 3, 3, 1, 1, 2, 1, 0, 2, 1, 4, 8, 1, 1, 1, 5, 2, 1, 3, 0, 0, 0, 1, 2, 2, 7, 1, 1, 2, 2, 0, 0, 2, 3, 1, 3, 3, 4, 3, 5, 1, 3, 1, 1, 0, 4, 1, 0, 1, 3, 3, 2, 1, 4, 1, 4, 1, 2, 13, 13, 0, 2, 13, 3, 0, 13, 2, 2, 0, 2, 0, 13, 3, 12, 0, 3, 13, 0, 3, 3, 4, 1, 2, 3, 11, 4, 1, 9, 0, 2, 4, 5, 5, 5, 3, 1, 4, 3, 5, 5, 3, 5, 5, 0, 5, 0, 1, 5, 1, 2, 1, 1, 4, 0, 1, 14, 1, 1, 4, 3, 5, 5, 3, 5, 5, 2, 5]"
stage3_declaration_method_body,stage3_declaration_method_body,declaration_method_body_v1,xerces,1,65488944220cc3a503994d6f2289e0f7bdc06c619351a2e8243bca243538c8a3,65488944220cc3a503994d6f2289e0f7bdc06c619351a2e8243bca243538c8a3,36bdeca0e1ef32f36631c30ebbf86a1875621490e92f9b4a7fd0860755676236,d81607ad9e48ef274ecf65a4e3b1b1c7c22163c3b073831ffbb506bac7601bac,7e204d1865c1ddb228cc42f6f61519e280076590a92f0965e4f1fc765b77a4ab,7d5d45f6e7cc46cdb57c57688bc89b5e90e0ecea7390833a7acb2e8887d935a5,c1af2191baefddee68a7f41c97c29f7799df4bcf5372d9e9cf44a52a3b510286,seed1_solution075,0.81296908698777858859,10.197745205182489059,1.2971541969322069043,0.84553547206968771022,0.81296908698777858859,-10.197745205182489059,1.2971541969322069043,0.84553547206968771022,True,False,,,"[0, 1, 2, 0, 0, 3, 0, 0, 0, 3, 0, 0, 2, 1, 2, 4, 3, 1, 0, 1, 4, 5, 1, 1, 3, 0, 2, 2, 2, 0, 4, 0, 0, 0, 0, 4, 0, 0, 0, 2, 5, 0, 3, 0, 5, 2, 4, 4, 0, 0, 1, 5, 4, 2, 2, 0, 2, 2, 0, 5, 2, 4, 0, 0, 3, 3, 5, 1, 3, 2, 2, 4, 0, 5, 0, 0, 3, 0, 5, 3, 4, 0, 0, 5, 0, 0, 0, 0, 0, 0, 1, 4, 3, 0, 0, 0, 0, 5, 3, 3, 5, 1, 2, 0, 0, 1, 5, 1, 1, 1, 1, 6, 0, 4, 6, 3, 3, 1, 3, 5, 2, 0, 3, 3, 1, 0, 1, 4, 0, 4, 2, 2, 6, 6, 1, 3, 5, 0, 6, 5, 6, 6, 3, 0, 6, 6, 2, 1, 4, 6, 2, 3, 1, 1, 2, 1, 1, 1, 3, 6, 5, 0, 2, 5, 1, 2, 2, 1, 3, 3, 0, 2, 4, 5, 1, 7, 5, 8, 1, 2, 0, 1, 1, 1, 5, 4, 3, 0, 1, 4, 0, 0, 6, 1, 2, 5, 1, 0, 6, 3, 2, 3, 9, 3, 10, 4, 1, 4, 1, 2, 0, 3, 0, 3, 10, 10, 10, 1, 3, 2, 3, 0, 4, 1, 8, 2, 2, 0, 2, 11, 2, 10, 10, 2, 4, 4, 4, 3, 10, 3, 4, 10, 5, 4, 1, 12, 1, 10, 5, 10, 0, 8, 11, 1, 5, 3, 10, 4, 1, 0, 8, 1, 0, 3, 10, 5, 0, 4, 11, 11, 2, 0, 5, 0, 0, 1, 3, 2, 4, 6, 5, 2, 4, 0, 5, 2, 3, 3, 4, 3, 13, 11, 11, 11, 0, 1, 13, 14, 0, 2, 15, 15, 15, 3, 1, 4, 4, 15, 15, 15, 10, 15, 1, 3, 5, 4, 5, 15, 10, 15, 10, 1, 3, 15, 10, 2, 5, 3, 10, 2, 3, 15, 15, 1, 4, 0, 3, 11, 11, 1, 11, 11, 3, 2, 2, 2, 2, 3, 1, 5, 3, 4, 3, 4, 3, 3, 3, 3, 3, 1, 12, 1, 4, 1, 12, 3, 12, 11, 2, 3, 12, 4, 0, 2, 0, 11, 2, 12, 0, 5, 3, 1, 0, 0, 3, 5, 3, 3, 5, 3, 3, 13, 3, 3, 2, 8, 0, 11, 0, 8, 2, 3, 5, 1, 0, 7, 2, 1, 4, 13, 4, 3, 3, 1, 0, 1, 5, 4, 16, 0, 5, 0, 4, 2, 2, 11, 5, 3, 5, 0, 11, 12, 1, 0, 5, 0, 4, 12, 11, 0, 1, 2, 5, 1, 2, 11, 1, 1, 11, 12, 12, 0, 12, 5, 1, 11, 1, 2, 3, 5, 2, 4, 12, 12, 11, 11, 4, 1, 5, 2, 16, 3, 16, 0, 2, 5, 3, 5, 1, 2, 4, 16, 16, 1, 5, 1, 17, 3, 2, 0, 2, 15, 1, 2, 2, 1, 1, 2, 1, 5, 2, 3, 2, 4, 2, 3, 3, 1, 4, 1, 1, 1, 2, 5, 4, 0, 3, 3, 13, 2, 1, 3, 13, 5, 16, 13, 2, 1, 1, 4, 2, 0, 16, 4, 1, 5, 1, 2, 0, 2, 2, 2, 3, 1, 5, 16, 1, 1, 18, 1, 4, 5, 1, 2, 2, 4, 1, 2, 3, 2, 1, 0, 1, 5, 2, 2, 3, 1, 5, 2, 1, 3, 1, 1, 0, 1, 0, 5, 2, 3, 5, 1, 2, 5, 5, 2, 16, 19, 5, 19, 0, 3, 3, 19, 2, 19, 16, 16, 0, 1, 19, 19, 1, 19, 4, 16, 5, 19, 16, 0, 3, 2, 5, 0, 4, 0, 0, 20, 0, 3, 4, 0, 16, 2, 2, 4, 3, 5, 13, 0, 2, 0, 0, 0, 5, 2, 5, 2, 5, 5, 4, 2, 5, 0, 5, 5, 5, 16, 1, 11, 0, 3, 5, 6, 1, 4, 0, 6, 5, 5, 5, 20, 5, 2, 16, 2, 5, 21, 1, 14, 3, 14, 3, 2, 18, 18, 18, 4, 3, 3, 4, 1, 1, 1, 4, 4, 2, 4, 3, 1, 1, 1, 2, 1, 2, 2, 1, 4, 16, 1, 2, 2, 5, 2, 1, 4, 1, 3, 0, 1, 2, 2, 6, 1, 4, 2, 2, 1, 2, 2, 3, 2, 1, 5, 5, 1, 5, 1, 16, 1, 1, 0, 4, 1, 3, 1, 0, 3, 3, 1, 4, 2, 5, 1, 2, 11, 11, 0, 1, 11, 3, 0, 11, 3, 2, 3, 5, 3, 11, 11, 12, 0, 11, 11, 2, 4, 3, 4, 11, 2, 5, 10, 4, 4, 8, 0, 3, 4, 5, 5, 5, 5, 2, 5, 3, 5, 5, 0, 5, 5, 4, 5, 22, 2, 5, 1, 2, 5, 5, 5, 22, 2, 22, 1, 0, 4, 3, 5, 5, 4, 5, 5, 2, 5]"
stage3_declaration_method_body,stage3_declaration_method_body,declaration_method_body_v1,xerces,1,65488944220cc3a503994d6f2289e0f7bdc06c619351a2e8243bca243538c8a3,65488944220cc3a503994d6f2289e0f7bdc06c619351a2e8243bca243538c8a3,36bdeca0e1ef32f36631c30ebbf86a1875621490e92f9b4a7fd0860755676236,d81607ad9e48ef274ecf65a4e3b1b1c7c22163c3b073831ffbb506bac7601bac,7e204d1865c1ddb228cc42f6f61519e280076590a92f0965e4f1fc765b77a4ab,7d5d45f6e7cc46cdb57c57688bc89b5e90e0ecea7390833a7acb2e8887d935a5,c1af2191baefddee68a7f41c97c29f7799df4bcf5372d9e9cf44a52a3b510286,seed1_solution076,0.81354421279654920429,10.197757703981091382,1.2958155021072450541,0.8468380932113628301,0.81354421279654920429,-10.197757703981091382,1.2958155021072450541,0.8468380932113628301,True,False,,,"[0, 1, 2, 0, 0, 3, 0, 0, 0, 3, 0, 0, 2, 1, 2, 4, 3, 1, 0, 1, 4, 5, 1, 1, 3, 0, 2, 2, 2, 0, 4, 0, 0, 0, 0, 4, 0, 0, 0, 2, 5, 0, 3, 0, 5, 2, 4, 4, 0, 0, 1, 5, 4, 2, 2, 0, 2, 2, 0, 5, 2, 4, 0, 0, 3, 3, 5, 1, 3, 2, 2, 4, 0, 5, 0, 0, 3, 0, 5, 3, 4, 0, 0, 5, 0, 0, 0, 0, 0, 0, 1, 4, 3, 0, 0, 0, 0, 5, 3, 3, 5, 1, 2, 0, 0, 1, 5, 1, 1, 1, 1, 6, 0, 4, 6, 3, 3, 1, 3, 5, 2, 0, 3, 3, 1, 0, 1, 4, 0, 4, 2, 2, 6, 6, 1, 3, 5, 0, 6, 5, 6, 6, 3, 0, 6, 6, 2, 1, 4, 6, 2, 3, 1, 1, 2, 1, 1, 1, 3, 6, 5, 0, 2, 5, 1, 2, 2, 1, 3, 3, 0, 2, 4, 5, 1, 7, 5, 8, 1, 2, 0, 1, 1, 1, 5, 4, 3, 0, 1, 4, 0, 0, 6, 1, 2, 5, 1, 0, 6, 3, 2, 3, 9, 3, 10, 4, 1, 4, 1, 2, 0, 3, 0, 3, 10, 10, 10, 1, 3, 2, 3, 0, 4, 1, 8, 2, 2, 0, 2, 11, 2, 10, 10, 2, 4, 4, 4, 3, 10, 3, 4, 10, 5, 4, 1, 12, 1, 10, 5, 10, 0, 8, 11, 1, 5, 3, 10, 4, 1, 0, 8, 1, 0, 3, 10, 5, 0, 4, 11, 11, 2, 0, 5, 0, 0, 1, 3, 2, 4, 6, 5, 2, 4, 0, 5, 2, 3, 3, 4, 3, 13, 11, 11, 11, 0, 1, 13, 14, 0, 2, 15, 15, 15, 3, 1, 4, 4, 15, 15, 15, 10, 15, 1, 3, 5, 4, 5, 15, 10, 15, 10, 1, 3, 15, 10, 2, 5, 3, 10, 2, 3, 15, 15, 1, 4, 0, 3, 11, 11, 1, 11, 11, 3, 2, 2, 2, 2, 3, 1, 5, 3, 4, 3, 4, 3, 3, 3, 3, 3, 1, 12, 1, 4, 1, 12, 3, 12, 11, 2, 3, 12, 4, 0, 2, 0, 11, 2, 12, 0, 5, 3, 1, 0, 0, 3, 5, 3, 3, 5, 3, 3, 13, 3, 3, 2, 8, 0, 11, 0, 8, 2, 3, 5, 1, 0, 7, 2, 1, 4, 13, 4, 3, 3, 1, 0, 1, 5, 4, 16, 0, 5, 0, 4, 2, 2, 11, 5, 3, 5, 0, 11, 12, 1, 0, 5, 0, 4, 12, 11, 0, 1, 2, 5, 1, 2, 11, 1, 1, 11, 12, 12, 0, 12, 5, 1, 11, 1, 2, 3, 5, 2, 4, 12, 12, 11, 11, 4, 1, 5, 2, 16, 3, 16, 0, 2, 5, 3, 5, 1, 2, 4, 16, 16, 1, 5, 1, 17, 3, 2, 0, 2, 15, 1, 2, 2, 1, 1, 2, 1, 5, 2, 3, 2, 4, 2, 3, 3, 1, 4, 1, 1, 1, 2, 5, 4, 0, 3, 3, 13, 2, 1, 3, 13, 5, 16, 13, 2, 1, 1, 4, 2, 0, 16, 4, 1, 5, 1, 2, 0, 2, 2, 2, 3, 1, 5, 16, 1, 1, 18, 4, 4, 5, 1, 2, 2, 4, 1, 2, 3, 2, 1, 0, 1, 5, 2, 2, 3, 1, 5, 2, 1, 3, 1, 1, 0, 1, 0, 5, 2, 3, 5, 1, 2, 5, 5, 2, 16, 19, 5, 19, 0, 3, 3, 19, 2, 19, 16, 16, 0, 1, 19, 19, 1, 19, 4, 16, 5, 19, 16, 0, 3, 2, 5, 0, 4, 0, 0, 20, 0, 3, 4, 0, 16, 2, 2, 4, 3, 5, 13, 0, 2, 0, 0, 0, 5, 2, 5, 2, 5, 5, 4, 2, 5, 0, 5, 5, 5, 16, 1, 11, 0, 3, 5, 6, 1, 4, 0, 6, 5, 5, 5, 20, 5, 2, 16, 2, 5, 21, 1, 14, 3, 14, 3, 2, 18, 18, 18, 4, 3, 3, 4, 1, 1, 1, 4, 4, 2, 4, 3, 1, 1, 1, 2, 1, 2, 2, 1, 4, 16, 1, 2, 2, 5, 2, 1, 4, 1, 3, 0, 1, 2, 2, 6, 1, 4, 2, 2, 1, 2, 2, 3, 2, 1, 5, 5, 1, 5, 1, 16, 1, 1, 0, 4, 1, 3, 1, 0, 3, 3, 1, 4, 2, 5, 1, 2, 11, 11, 0, 1, 11, 3, 0, 11, 3, 2, 3, 5, 3, 11, 11, 12, 0, 11, 11, 2, 4, 3, 4, 11, 2, 5, 10, 4, 4, 8, 0, 3, 4, 5, 5, 5, 5, 2, 5, 3, 5, 5, 0, 5, 5, 4, 5, 22, 2, 5, 1, 2, 5, 5, 5, 22, 2, 22, 1, 0, 4, 3, 5, 5, 4, 5, 5, 2, 5]"
stage3_declaration_method_body,stage3_declaration_method_body,declaration_method_body_v1,xerces,1,65488944220cc3a503994d6f2289e0f7bdc06c619351a2e8243bca243538c8a3,65488944220cc3a503994d6f2289e0f7bdc06c619351a2e8243bca243538c8a3,36bdeca0e1ef32f36631c30ebbf86a1875621490e92f9b4a7fd0860755676236,d81607ad9e48ef274ecf65a4e3b1b1c7c22163c3b073831ffbb506bac7601bac,7e204d1865c1ddb228cc42f6f61519e280076590a92f0965e4f1fc765b77a4ab,7d5d45f6e7cc46cdb57c57688bc89b5e90e0ecea7390833a7acb2e8887d935a5,c1af2191baefddee68a7f41c97c29f7799df4bcf5372d9e9cf44a52a3b510286,seed1_solution077,0.82613946800862692044,0.35439875055732811271,0.60793311457262633191,0.86058002006773026693,0.82613946800862692044,-0.35439875055732811271,0.60793311457262633191,0.86058002006773026693,True,False,,,"[0, 1, 0, 0, 2, 3, 0, 4, 3, 0, 0, 5, 4, 0, 6, 7, 8, 0, 0, 0, 9, 10, 0, 0, 11, 6, 2, 0, 9, 5, 0, 12, 0, 0, 0, 4, 13, 0, 0, 7, 10, 0, 0, 7, 7, 0, 14, 0, 0, 0, 0, 0, 7, 0, 7, 9, 0, 0, 0, 0, 3, 15, 16, 0, 0, 3, 12, 0, 3, 13, 5, 0, 0, 3, 0, 13, 7, 17, 8, 15, 0, 5, 0, 0, 18, 19, 16, 17, 20, 0, 0, 0, 0, 0, 7, 0, 0, 12, 13, 0, 4, 0, 5, 0, 2, 0, 4, 4, 3, 1, 1, 5, 7, 21, 17, 22, 6, 5, 6, 1, 17, 22, 8, 6, 20, 5, 15, 6, 21, 5, 6, 7, 18, 5, 5, 16, 5, 5, 23, 5, 5, 12, 21, 3, 24, 13, 1, 13, 5, 5, 1, 24, 6, 19, 1, 1, 11, 6, 1, 23, 10, 13, 1, 1, 24, 0, 10, 13, 1, 14, 11, 10, 5, 8, 1, 8, 11, 19, 10, 4, 6, 9, 8, 15, 1, 12, 1, 11, 9, 6, 24, 14, 22, 11, 10, 10, 10, 10, 24, 10, 8, 10, 1, 16, 9, 21, 11, 10, 5, 10, 10, 9, 9, 10, 2, 1, 12, 10, 0, 11, 10, 10, 20, 5, 13, 23, 9, 2, 21, 15, 11, 21, 10, 9, 10, 10, 15, 5, 10, 6, 15, 9, 9, 9, 21, 11, 1, 0, 9, 9, 21, 13, 12, 16, 22, 22, 9, 7, 1, 11, 10, 10, 9, 19, 9, 11, 9, 5, 23, 17, 9, 15, 9, 11, 9, 20, 10, 9, 10, 3, 14, 5, 6, 6, 6, 1, 1, 2, 1, 1, 5, 20, 13, 10, 20, 13, 0, 13, 7, 8, 23, 16, 23, 23, 24, 23, 23, 14, 23, 23, 23, 2, 23, 17, 20, 23, 2, 13, 16, 17, 23, 23, 23, 18, 4, 23, 0, 16, 1, 5, 23, 23, 4, 3, 3, 9, 3, 23, 14, 9, 14, 16, 24, 7, 4, 11, 11, 7, 2, 2, 3, 1, 3, 24, 3, 0, 3, 3, 3, 3, 11, 9, 24, 11, 9, 0, 11, 9, 9, 4, 5, 12, 9, 3, 2, 9, 1, 23, 11, 14, 14, 9, 11, 10, 3, 20, 18, 20, 12, 3, 3, 8, 3, 18, 3, 8, 8, 9, 21, 8, 15, 12, 3, 8, 11, 8, 19, 13, 16, 16, 21, 14, 7, 16, 1, 0, 14, 16, 0, 15, 16, 15, 11, 11, 18, 22, 16, 11, 9, 9, 14, 9, 11, 11, 22, 3, 6, 9, 9, 7, 11, 2, 21, 0, 9, 11, 9, 24, 17, 9, 9, 3, 21, 3, 11, 9, 14, 9, 11, 2, 11, 11, 5, 12, 9, 9, 11, 17, 9, 16, 14, 16, 3, 12, 11, 24, 23, 1, 1, 7, 17, 9, 20, 1, 14, 7, 12, 15, 21, 21, 15, 19, 10, 0, 17, 14, 1, 13, 7, 7, 2, 14, 21, 8, 13, 2, 9, 2, 13, 1, 1, 23, 1, 1, 3, 3, 6, 7, 21, 16, 16, 14, 2, 14, 9, 18, 17, 1, 2, 23, 2, 14, 9, 7, 9, 17, 1, 16, 13, 1, 6, 22, 4, 2, 16, 11, 7, 4, 24, 1, 24, 4, 4, 2, 12, 16, 2, 2, 2, 2, 21, 19, 6, 18, 2, 2, 24, 2, 6, 2, 2, 7, 14, 1, 1, 1, 5, 17, 17, 19, 2, 20, 3, 15, 16, 0, 23, 15, 15, 19, 15, 19, 15, 16, 15, 3, 1, 15, 15, 15, 15, 15, 4, 15, 19, 15, 1, 15, 15, 23, 3, 19, 22, 19, 19, 2, 12, 15, 9, 11, 11, 15, 1, 7, 14, 21, 1, 11, 16, 18, 13, 4, 3, 16, 6, 18, 16, 21, 2, 7, 22, 16, 7, 21, 7, 7, 24, 20, 2, 9, 7, 19, 7, 6, 11, 2, 6, 23, 0, 12, 9, 22, 2, 3, 16, 2, 22, 18, 14, 25, 5, 1, 12, 5, 25, 22, 25, 15, 0, 6, 1, 21, 10, 1, 1, 19, 9, 1, 20, 9, 1, 24, 6, 1, 1, 14, 1, 5, 16, 3, 16, 2, 2, 2, 2, 2, 1, 18, 18, 1, 1, 6, 5, 17, 6, 19, 1, 1, 13, 2, 21, 9, 5, 14, 10, 7, 6, 1, 7, 20, 15, 1, 19, 16, 5, 6, 24, 3, 21, 19, 16, 19, 8, 13, 11, 9, 11, 20, 4, 24, 3, 11, 2, 3, 2, 2, 4, 19, 9, 9, 10, 11, 11, 11, 11, 0, 18, 6, 11, 8, 9, 10, 1, 10, 20, 10, 9, 1, 7, 7, 7, 7, 22, 2, 7, 7, 7, 7, 7, 7, 3, 8, 26, 21, 13, 3, 6, 10, 27, 14, 7, 14, 19, 17, 27, 17, 1, 14, 21, 7, 3, 7, 7, 10]"
stage3_declaration_method_body,stage3_declaration_method_body,declaration_method_body_v1,xerces,1,65488944220cc3a503994d6f2289e0f7bdc06c619351a2e8243bca243538c8a3,65488944220cc3a503994d6f2289e0f7bdc06c619351a2e8243bca243538c8a3,36bdeca0e1ef32f36631c30ebbf86a1875621490e92f9b4a7fd0860755676236,d81607ad9e48ef274ecf65a4e3b1b1c7c22163c3b073831ffbb506bac7601bac,7e204d1865c1ddb228cc42f6f61519e280076590a92f0965e4f1fc765b77a4ab,7d5d45f6e7cc46cdb57c57688bc89b5e90e0ecea7390833a7acb2e8887d935a5,c1af2191baefddee68a7f41c97c29f7799df4bcf5372d9e9cf44a52a3b510286,seed1_solution078,0.83324227174694465159,12.940536081338928298,1.2547057798315164323,0.83055192006868150401,0.83324227174694465159,-12.940536081338928298,1.2547057798315164323,0.83055192006868150401,True,False,,,"[0, 1, 1, 2, 0, 2, 1, 1, 0, 0, 0, 0, 0, 3, 1, 4, 1, 5, 6, 0, 3, 7, 1, 1, 8, 3, 2, 0, 1, 2, 0, 3, 1, 3, 2, 0, 6, 1, 0, 0, 3, 0, 1, 2, 1, 1, 3, 0, 1, 0, 7, 3, 1, 1, 7, 0, 0, 0, 2, 0, 8, 2, 0, 0, 7, 2, 0, 2, 0, 6, 8, 2, 0, 2, 6, 0, 2, 0, 2, 2, 0, 0, 8, 0, 0, 0, 4, 2, 3, 0, 2, 5, 2, 4, 0, 0, 0, 1, 7, 2, 3, 0, 3, 0, 0, 1, 0, 0, 0, 1, 2, 2, 1, 2, 7, 3, 0, 1, 9, 2, 2, 10, 2, 2, 3, 0, 1, 0, 0, 1, 0, 1, 10, 1, 0, 1, 3, 0, 2, 1, 0, 0, 2, 2, 1, 9, 10, 1, 0, 10, 1, 2, 2, 8, 6, 1, 2, 0, 3, 2, 2, 1, 1, 3, 3, 1, 6, 1, 1, 1, 0, 1, 1, 0, 0, 5, 1, 8, 9, 6, 2, 6, 3, 8, 0, 2, 9, 1, 1, 2, 0, 0, 6, 1, 1, 0, 1, 1, 2, 0, 2, 1, 1, 2, 2, 0, 5, 6, 1, 4, 6, 1, 0, 1, 2, 7, 0, 1, 0, 3, 10, 0, 7, 8, 4, 2, 6, 0, 1, 2, 2, 10, 8, 0, 0, 2, 2, 2, 0, 10, 3, 5, 3, 6, 3, 6, 0, 6, 0, 2, 3, 0, 9, 1, 1, 7, 8, 2, 2, 1, 3, 1, 8, 1, 1, 2, 0, 2, 3, 5, 8, 8, 2, 2, 0, 1, 7, 0, 1, 0, 3, 5, 2, 1, 1, 9, 3, 1, 3, 3, 11, 0, 2, 5, 0, 2, 0, 1, 0, 8, 1, 11, 4, 0, 1, 6, 4, 11, 0, 11, 8, 3, 1, 2, 3, 5, 3, 0, 0, 3, 0, 1, 6, 2, 0, 10, 3, 8, 3, 1, 1, 1, 1, 1, 6, 0, 0, 3, 2, 1, 10, 3, 7, 8, 3, 3, 3, 2, 1, 0, 6, 2, 9, 2, 3, 2, 2, 2, 0, 7, 1, 0, 3, 0, 2, 10, 6, 9, 3, 7, 0, 6, 1, 2, 3, 8, 2, 4, 1, 0, 7, 3, 0, 8, 7, 7, 2, 0, 3, 3, 0, 1, 3, 1, 0, 6, 1, 2, 2, 2, 2, 10, 0, 2, 0, 4, 8, 2, 1, 1, 0, 2, 4, 1, 2, 0, 1, 2, 0, 2, 3, 0, 6, 2, 1, 12, 4, 2, 1, 1, 8, 2, 6, 2, 3, 3, 0, 2, 9, 4, 1, 8, 10, 0, 6, 2, 0, 3, 2, 0, 4, 2, 1, 1, 1, 9, 6, 2, 8, 2, 6, 0, 2, 0, 6, 0, 8, 2, 10, 8, 3, 2, 8, 1, 2, 7, 1, 6, 2, 0, 0, 1, 3, 1, 1, 2, 5, 8, 10, 0, 0, 3, 1, 0, 8, 1, 0, 0, 8, 3, 2, 6, 10, 3, 8, 0, 2, 2, 7, 1, 1, 3, 8, 1, 0, 3, 7, 0, 2, 3, 0, 7, 1, 7, 0, 12, 6, 1, 1, 6, 0, 0, 8, 0, 0, 3, 1, 2, 0, 6, 2, 3, 0, 1, 1, 1, 1, 1, 13, 1, 1, 3, 0, 10, 0, 1, 3, 2, 10, 6, 1, 2, 3, 3, 2, 3, 2, 3, 0, 0, 0, 0, 10, 1, 2, 1, 2, 2, 8, 2, 3, 0, 2, 0, 10, 6, 2, 0, 1, 14, 8, 1, 2, 0, 8, 0, 13, 3, 0, 1, 14, 6, 1, 14, 2, 15, 0, 1, 2, 5, 10, 2, 0, 2, 2, 2, 2, 16, 0, 2, 2, 3, 15, 1, 2, 1, 2, 0, 12, 0, 0, 3, 6, 3, 3, 3, 1, 6, 0, 3, 5, 1, 2, 0, 9, 2, 0, 1, 0, 12, 6, 2, 4, 0, 0, 2, 0, 1, 0, 1, 3, 16, 3, 0, 7, 8, 2, 2, 3, 8, 2, 11, 8, 10, 2, 3, 3, 5, 0, 0, 3, 1, 7, 1, 1, 6, 0, 1, 3, 3, 3, 1, 10, 1, 0, 5, 1, 0, 2, 1, 1, 1, 3, 6, 3, 3, 0, 2, 8, 1, 8, 0, 1, 2, 1, 1, 1, 0, 7, 1, 7, 1, 1, 3, 3, 2, 0, 6, 3, 1, 8, 3, 8, 0, 0, 0, 1, 10, 10, 2, 3, 1, 1, 2, 8, 3, 1, 5, 2, 1, 9, 0, 12, 6, 6, 0, 8, 0, 0, 12, 1, 0, 3, 1, 0, 2, 2, 1, 1, 4, 2, 4, 8, 2, 3, 0, 10, 2, 0, 3, 4, 3, 0, 0, 2, 3, 3, 3, 3, 8, 0, 0, 0, 1, 5, 0, 2, 5, 1, 6, 6, 1, 0, 2, 1, 5, 0, 6, 3, 7, 4, 9, 2, 3]"
stage3_declaration_method_body,stage3_declaration_method_body,declaration_method_body_v1,xerces,1,65488944220cc3a503994d6f2289e0f7bdc06c619351a2e8243bca243538c8a3,65488944220cc3a503994d6f2289e0f7bdc06c619351a2e8243bca243538c8a3,36bdeca0e1ef32f36631c30ebbf86a1875621490e92f9b4a7fd0860755676236,d81607ad9e48ef274ecf65a4e3b1b1c7c22163c3b073831ffbb506bac7601bac,7e204d1865c1ddb228cc42f6f61519e280076590a92f0965e4f1fc765b77a4ab,7d5d45f6e7cc46cdb57c57688bc89b5e90e0ecea7390833a7acb2e8887d935a5,c1af2191baefddee68a7f41c97c29f7799df4bcf5372d9e9cf44a52a3b510286,seed1_solution079,0.83999999999999996891,11.67539240305240078,1.458154886457100563,0.81330622524470952417,0.83999999999999996891,-11.67539240305240078,1.458154886457100563,0.81330622524470952417,True,False,,,"[0, 1, 1, 0, 2, 2, 1, 1, 0, 0, 2, 0, 0, 3, 1, 4, 1, 5, 2, 0, 3, 5, 1, 1, 1, 3, 3, 0, 1, 2, 0, 0, 0, 3, 2, 0, 6, 1, 0, 0, 2, 0, 1, 0, 1, 1, 3, 0, 1, 0, 2, 3, 1, 0, 5, 0, 0, 0, 2, 3, 1, 1, 2, 0, 7, 3, 0, 2, 0, 3, 1, 5, 0, 2, 6, 2, 0, 0, 1, 2, 0, 0, 0, 0, 0, 0, 4, 2, 2, 0, 3, 2, 3, 4, 0, 0, 0, 1, 0, 3, 0, 0, 3, 0, 0, 1, 0, 0, 0, 2, 1, 3, 1, 3, 4, 3, 0, 1, 0, 2, 2, 3, 2, 3, 2, 0, 1, 0, 0, 4, 5, 1, 8, 9, 0, 1, 1, 0, 2, 1, 0, 0, 2, 9, 4, 10, 2, 1, 0, 2, 1, 1, 3, 7, 6, 2, 3, 0, 9, 3, 3, 2, 6, 3, 3, 1, 6, 2, 7, 1, 2, 1, 2, 0, 0, 1, 1, 2, 0, 8, 3, 6, 1, 6, 0, 3, 3, 2, 6, 2, 0, 3, 3, 2, 1, 0, 1, 1, 2, 0, 3, 1, 1, 3, 2, 3, 7, 6, 2, 3, 3, 1, 1, 1, 2, 9, 0, 1, 0, 2, 8, 0, 5, 8, 2, 2, 0, 0, 0, 2, 2, 1, 3, 3, 0, 9, 2, 2, 0, 2, 5, 0, 3, 6, 5, 5, 0, 3, 0, 3, 2, 0, 3, 1, 1, 9, 2, 2, 1, 10, 3, 2, 7, 1, 1, 3, 0, 2, 3, 6, 3, 1, 2, 3, 0, 1, 1, 0, 1, 1, 2, 2, 4, 1, 7, 10, 3, 1, 3, 1, 10, 0, 3, 5, 3, 2, 0, 2, 10, 6, 2, 11, 4, 9, 1, 5, 3, 2, 8, 0, 2, 3, 1, 1, 3, 3, 2, 0, 12, 3, 0, 2, 0, 3, 0, 1, 2, 2, 0, 2, 1, 1, 1, 1, 8, 0, 0, 0, 2, 1, 8, 2, 0, 6, 6, 8, 6, 6, 3, 0, 8, 2, 10, 0, 13, 2, 3, 2, 0, 9, 1, 0, 2, 0, 2, 9, 6, 0, 6, 9, 5, 7, 1, 3, 3, 9, 2, 4, 2, 0, 1, 6, 0, 2, 2, 0, 3, 0, 3, 9, 0, 1, 3, 1, 0, 2, 14, 6, 3, 2, 1, 8, 13, 2, 0, 2, 2, 2, 1, 1, 0, 3, 0, 1, 2, 0, 1, 2, 0, 2, 3, 6, 6, 3, 7, 12, 2, 6, 1, 1, 6, 2, 2, 6, 3, 3, 3, 2, 3, 1, 1, 7, 0, 1, 0, 6, 0, 1, 2, 0, 15, 13, 1, 1, 1, 10, 6, 2, 6, 2, 2, 0, 2, 0, 3, 0, 7, 1, 8, 2, 3, 2, 6, 1, 3, 8, 1, 2, 3, 1, 0, 1, 3, 1, 1, 2, 2, 2, 2, 0, 0, 5, 1, 0, 7, 1, 0, 0, 6, 3, 2, 2, 3, 3, 0, 0, 3, 3, 9, 1, 1, 3, 7, 1, 13, 3, 9, 0, 3, 3, 0, 3, 8, 3, 13, 12, 1, 1, 1, 6, 0, 0, 2, 0, 0, 3, 2, 3, 0, 6, 3, 1, 0, 1, 1, 1, 1, 2, 14, 3, 1, 2, 0, 7, 1, 1, 3, 3, 0, 5, 2, 3, 1, 2, 1, 0, 3, 1, 0, 0, 2, 0, 1, 3, 2, 2, 2, 6, 7, 2, 3, 0, 2, 0, 3, 3, 2, 0, 1, 14, 6, 1, 2, 16, 6, 0, 14, 3, 0, 1, 15, 3, 1, 3, 3, 13, 16, 1, 2, 2, 7, 3, 0, 6, 3, 2, 11, 17, 0, 3, 2, 3, 14, 1, 7, 2, 3, 0, 12, 0, 0, 11, 6, 0, 2, 2, 3, 3, 0, 3, 3, 1, 2, 0, 10, 2, 0, 1, 2, 12, 2, 3, 3, 0, 0, 1, 4, 1, 0, 1, 3, 17, 3, 0, 1, 2, 2, 3, 1, 2, 2, 11, 6, 8, 18, 3, 3, 2, 0, 0, 3, 1, 0, 1, 1, 2, 0, 1, 3, 2, 1, 3, 7, 1, 0, 3, 2, 0, 3, 1, 1, 1, 3, 6, 2, 3, 0, 0, 2, 1, 1, 0, 1, 2, 7, 0, 1, 0, 0, 1, 7, 11, 1, 3, 1, 3, 7, 3, 13, 1, 6, 2, 7, 3, 0, 0, 1, 7, 8, 9, 11, 10, 1, 3, 6, 0, 1, 0, 2, 1, 3, 0, 1, 2, 2, 1, 2, 0, 0, 3, 1, 0, 2, 8, 0, 2, 2, 1, 1, 4, 1, 0, 6, 1, 4, 0, 2, 3, 13, 3, 2, 3, 0, 0, 3, 3, 2, 3, 1, 6, 0, 0, 0, 6, 3, 8, 6, 5, 1, 2, 0, 1, 2, 1, 1, 5, 0, 2, 0, 3, 4, 2, 3, 3]"
stage3_declaration_method_body,stage3_declaration_method_body,declaration_method_body_v1,xerces,1,65488944220cc3a503994d6f2289e0f7bdc06c619351a2e8243bca243538c8a3,65488944220cc3a503994d6f2289e0f7bdc06c619351a2e8243bca243538c8a3,36bdeca0e1ef32f36631c30ebbf86a1875621490e92f9b4a7fd0860755676236,d81607ad9e48ef274ecf65a4e3b1b1c7c22163c3b073831ffbb506bac7601bac,7e204d1865c1ddb228cc42f6f61519e280076590a92f0965e4f1fc765b77a4ab,7d5d45f6e7cc46cdb57c57688bc89b5e90e0ecea7390833a7acb2e8887d935a5,c1af2191baefddee68a7f41c97c29f7799df4bcf5372d9e9cf44a52a3b510286,seed1_solution080,0.84511861969805890382,12.222478623862356173,1.2277221116639789322,0.84741990990624826985,0.84511861969805890382,-12.222478623862356173,1.2277221116639789322,0.84741990990624826985,True,False,,,"[0, 1, 1, 0, 0, 2, 1, 1, 0, 2, 3, 1, 0, 3, 1, 4, 1, 5, 6, 0, 3, 6, 1, 1, 1, 3, 3, 0, 1, 2, 0, 7, 1, 3, 0, 0, 6, 3, 0, 0, 2, 3, 1, 3, 1, 1, 6, 6, 1, 0, 7, 2, 1, 1, 6, 5, 0, 0, 3, 2, 5, 3, 0, 0, 8, 3, 0, 5, 0, 3, 5, 6, 0, 9, 0, 0, 3, 0, 3, 3, 0, 0, 5, 0, 0, 1, 4, 5, 2, 0, 3, 8, 3, 4, 0, 0, 0, 1, 8, 3, 0, 0, 1, 0, 0, 1, 0, 0, 0, 1, 2, 3, 1, 3, 8, 7, 0, 1, 0, 2, 3, 8, 2, 3, 2, 0, 1, 0, 0, 9, 0, 1, 9, 7, 0, 1, 3, 0, 5, 1, 0, 0, 3, 7, 1, 10, 9, 1, 3, 2, 1, 3, 2, 5, 9, 1, 3, 0, 7, 3, 3, 1, 1, 2, 1, 8, 9, 1, 1, 7, 2, 1, 1, 0, 0, 6, 1, 5, 10, 9, 3, 9, 1, 5, 0, 3, 10, 1, 5, 2, 0, 0, 9, 1, 1, 0, 1, 0, 3, 0, 3, 1, 1, 3, 5, 3, 8, 5, 2, 4, 3, 7, 1, 1, 3, 6, 9, 1, 0, 2, 8, 0, 6, 9, 4, 5, 0, 0, 1, 9, 3, 9, 3, 0, 0, 3, 3, 5, 0, 8, 2, 6, 2, 5, 6, 6, 0, 9, 0, 3, 2, 6, 10, 1, 3, 7, 5, 3, 3, 10, 9, 1, 5, 1, 1, 3, 0, 5, 3, 5, 9, 7, 2, 3, 0, 1, 8, 0, 6, 1, 2, 8, 2, 1, 5, 10, 2, 1, 3, 2, 3, 0, 5, 8, 0, 5, 0, 1, 0, 5, 1, 11, 4, 7, 1, 6, 4, 12, 0, 11, 7, 8, 1, 3, 3, 3, 2, 0, 8, 2, 4, 1, 9, 3, 5, 9, 2, 5, 2, 5, 1, 1, 1, 1, 9, 0, 0, 0, 2, 1, 9, 2, 7, 9, 2, 9, 2, 5, 1, 0, 9, 3, 10, 3, 2, 3, 3, 6, 0, 7, 1, 0, 2, 0, 4, 7, 9, 10, 2, 7, 6, 6, 1, 3, 3, 7, 3, 4, 1, 0, 8, 1, 0, 5, 7, 8, 3, 0, 2, 7, 0, 1, 3, 1, 4, 3, 0, 12, 3, 9, 2, 8, 0, 5, 0, 3, 5, 3, 1, 1, 0, 3, 4, 1, 13, 0, 1, 3, 0, 5, 1, 0, 5, 3, 8, 12, 4, 3, 1, 1, 5, 3, 3, 5, 2, 3, 0, 3, 3, 1, 1, 5, 0, 0, 0, 3, 0, 1, 3, 0, 4, 3, 7, 1, 1, 10, 9, 3, 5, 3, 3, 0, 3, 0, 3, 0, 5, 1, 9, 5, 2, 5, 5, 1, 3, 8, 1, 3, 3, 0, 0, 8, 2, 1, 1, 1, 8, 5, 8, 0, 0, 6, 1, 0, 5, 1, 0, 0, 9, 2, 3, 9, 7, 3, 9, 0, 3, 3, 7, 1, 1, 1, 5, 1, 0, 0, 7, 0, 3, 5, 0, 8, 9, 7, 13, 12, 1, 1, 1, 9, 0, 0, 5, 0, 0, 2, 1, 3, 0, 0, 3, 2, 0, 1, 1, 14, 1, 1, 14, 1, 1, 2, 0, 8, 0, 1, 3, 5, 0, 6, 3, 3, 2, 3, 3, 0, 3, 2, 0, 0, 2, 0, 1, 1, 2, 1, 3, 3, 5, 7, 2, 1, 5, 0, 9, 9, 2, 0, 1, 14, 9, 1, 3, 0, 5, 0, 14, 3, 0, 1, 15, 3, 8, 2, 3, 13, 0, 1, 5, 8, 8, 2, 2, 3, 3, 8, 5, 16, 0, 3, 5, 2, 13, 1, 3, 1, 3, 0, 12, 0, 0, 3, 3, 0, 2, 2, 1, 9, 0, 2, 5, 1, 3, 0, 10, 2, 0, 1, 3, 12, 6, 2, 4, 6, 0, 3, 0, 1, 0, 1, 2, 16, 2, 0, 1, 9, 2, 3, 3, 5, 5, 0, 5, 8, 3, 14, 2, 3, 0, 0, 3, 1, 7, 1, 1, 6, 0, 1, 17, 2, 2, 1, 7, 1, 0, 3, 1, 0, 3, 1, 5, 1, 3, 3, 1, 2, 1, 0, 7, 2, 5, 0, 1, 3, 1, 1, 1, 0, 7, 1, 8, 1, 1, 2, 2, 3, 0, 9, 13, 1, 5, 2, 5, 0, 0, 7, 2, 8, 9, 7, 3, 1, 1, 3, 5, 0, 1, 6, 1, 1, 10, 0, 12, 3, 3, 0, 9, 0, 0, 12, 1, 0, 2, 9, 0, 3, 2, 1, 1, 4, 3, 0, 9, 3, 4, 0, 8, 3, 2, 2, 4, 3, 1, 0, 1, 2, 2, 2, 2, 5, 0, 0, 0, 5, 8, 9, 5, 6, 1, 3, 5, 1, 0, 2, 1, 5, 1, 9, 2, 8, 1, 2, 3, 2]"
stage3_declaration_method_body,stage3_declaration_method_body,declaration_method_body_v1,xerces,1,65488944220cc3a503994d6f2289e0f7bdc06c619351a2e8243bca243538c8a3,65488944220cc3a503994d6f2289e0f7bdc06c619351a2e8243bca243538c8a3,36bdeca0e1ef32f36631c30ebbf86a1875621490e92f9b4a7fd0860755676236,d81607ad9e48ef274ecf65a4e3b1b1c7c22163c3b073831ffbb506bac7601bac,7e204d1865c1ddb228cc42f6f61519e280076590a92f0965e4f1fc765b77a4ab,7d5d45f6e7cc46cdb57c57688bc89b5e90e0ecea7390833a7acb2e8887d935a5,c1af2191baefddee68a7f41c97c29f7799df4bcf5372d9e9cf44a52a3b510286,seed1_solution081,0.84937455068296185967,12.983677023782387749,1.1549832554945578256,0.84258299733718589053,0.84937455068296185967,-12.983677023782387749,1.1549832554945578256,0.84258299733718589053,True,False,,,"[0, 1, 1, 0, 0, 2, 1, 1, 0, 0, 3, 0, 0, 3, 1, 4, 1, 5, 5, 0, 3, 5, 1, 1, 6, 3, 3, 0, 1, 2, 0, 3, 1, 3, 2, 2, 7, 1, 0, 0, 2, 0, 1, 0, 1, 1, 5, 0, 1, 0, 8, 3, 1, 1, 5, 0, 0, 0, 7, 2, 7, 3, 0, 0, 6, 2, 0, 7, 0, 3, 7, 5, 0, 2, 7, 0, 2, 0, 3, 7, 0, 0, 6, 0, 0, 0, 4, 7, 2, 0, 3, 6, 3, 4, 0, 0, 0, 1, 6, 3, 0, 0, 3, 0, 0, 1, 0, 0, 0, 1, 2, 3, 1, 3, 6, 8, 0, 1, 9, 2, 3, 10, 2, 3, 2, 0, 1, 0, 0, 1, 0, 1, 10, 8, 0, 1, 3, 0, 2, 1, 0, 0, 2, 8, 1, 9, 10, 1, 0, 2, 1, 3, 2, 6, 7, 1, 3, 0, 8, 3, 3, 1, 7, 3, 3, 6, 7, 1, 1, 1, 2, 1, 1, 0, 0, 8, 1, 6, 9, 10, 3, 7, 1, 7, 0, 3, 9, 1, 7, 2, 0, 0, 7, 1, 1, 0, 1, 1, 2, 0, 3, 1, 1, 3, 2, 3, 6, 7, 2, 4, 3, 1, 1, 1, 7, 8, 10, 1, 0, 2, 10, 0, 5, 10, 4, 2, 0, 0, 1, 2, 2, 10, 3, 0, 0, 2, 2, 2, 0, 10, 5, 8, 8, 7, 5, 5, 0, 10, 0, 3, 2, 0, 9, 1, 3, 8, 6, 2, 2, 9, 3, 1, 6, 1, 1, 2, 0, 7, 3, 7, 7, 8, 2, 7, 0, 1, 10, 0, 1, 0, 2, 6, 2, 1, 6, 9, 10, 1, 3, 3, 3, 0, 7, 5, 0, 2, 0, 1, 0, 7, 1, 11, 4, 8, 1, 5, 4, 12, 0, 0, 8, 3, 1, 3, 3, 3, 3, 0, 0, 2, 4, 1, 10, 3, 7, 10, 2, 7, 3, 7, 1, 1, 1, 1, 10, 0, 0, 0, 2, 1, 10, 2, 8, 7, 7, 10, 7, 7, 1, 0, 10, 2, 9, 2, 2, 2, 3, 2, 0, 8, 1, 0, 2, 0, 4, 8, 7, 9, 2, 8, 5, 7, 1, 3, 3, 8, 3, 4, 1, 0, 6, 1, 0, 7, 8, 6, 2, 0, 3, 8, 0, 1, 3, 1, 0, 7, 1, 12, 2, 10, 2, 10, 0, 2, 0, 3, 7, 2, 1, 1, 0, 3, 4, 1, 2, 0, 1, 3, 0, 2, 3, 0, 7, 9, 6, 12, 4, 3, 1, 1, 7, 7, 3, 7, 3, 3, 0, 2, 3, 1, 1, 6, 0, 0, 7, 3, 0, 1, 4, 0, 4, 2, 1, 1, 1, 9, 7, 2, 7, 3, 7, 0, 2, 0, 3, 0, 6, 1, 10, 6, 2, 7, 7, 1, 3, 10, 1, 7, 3, 0, 0, 1, 7, 1, 1, 2, 6, 7, 10, 0, 0, 5, 1, 0, 6, 1, 0, 7, 7, 3, 8, 10, 8, 3, 7, 0, 3, 3, 8, 1, 1, 3, 6, 1, 8, 3, 8, 0, 3, 7, 0, 6, 10, 8, 13, 12, 1, 1, 1, 7, 0, 0, 7, 0, 0, 3, 1, 2, 0, 7, 2, 3, 10, 1, 1, 14, 1, 1, 14, 1, 1, 3, 0, 6, 0, 1, 3, 7, 10, 5, 3, 2, 2, 3, 1, 0, 2, 2, 0, 0, 2, 0, 1, 1, 2, 1, 3, 7, 6, 2, 3, 0, 7, 0, 10, 7, 2, 0, 1, 14, 7, 1, 2, 0, 7, 14, 14, 3, 0, 1, 15, 3, 1, 2, 2, 13, 0, 1, 2, 6, 6, 2, 2, 7, 3, 2, 7, 16, 0, 3, 7, 2, 14, 1, 6, 1, 3, 0, 12, 0, 0, 3, 7, 3, 2, 2, 1, 7, 0, 2, 7, 1, 3, 0, 9, 2, 0, 1, 3, 12, 7, 2, 4, 0, 0, 2, 10, 1, 0, 1, 3, 16, 3, 0, 1, 7, 2, 7, 3, 6, 2, 11, 7, 10, 3, 3, 2, 3, 0, 0, 3, 1, 8, 1, 1, 7, 0, 0, 3, 2, 9, 1, 6, 1, 0, 3, 1, 0, 2, 1, 1, 1, 3, 7, 3, 3, 1, 0, 8, 1, 7, 0, 1, 3, 1, 0, 1, 0, 6, 1, 6, 1, 1, 2, 3, 3, 6, 10, 13, 1, 7, 2, 6, 0, 0, 0, 1, 6, 10, 8, 3, 9, 3, 3, 7, 0, 1, 8, 1, 1, 9, 0, 12, 3, 7, 0, 7, 0, 0, 12, 1, 0, 2, 10, 0, 2, 2, 1, 1, 4, 2, 4, 7, 2, 4, 0, 10, 3, 0, 3, 4, 3, 0, 0, 1, 3, 2, 2, 2, 7, 0, 0, 0, 7, 6, 10, 7, 5, 1, 3, 5, 1, 0, 2, 1, 5, 1, 10, 2, 6, 4, 2, 3, 2]"
stage3_declaration_method_body,stage3_declaration_method_body,declaration_method_body_v1,xerces,1,65488944220cc3a503994d6f2289e0f7bdc06c619351a2e8243bca243538c8a3,65488944220cc3a503994d6f2289e0f7bdc06c619351a2e8243bca243538c8a3,36bdeca0e1ef32f36631c30ebbf86a1875621490e92f9b4a7fd0860755676236,d81607ad9e48ef274ecf65a4e3b1b1c7c22163c3b073831ffbb506bac7601bac,7e204d1865c1ddb228cc42f6f61519e280076590a92f0965e4f1fc765b77a4ab,7d5d45f6e7cc46cdb57c57688bc89b5e90e0ecea7390833a7acb2e8887d935a5,c1af2191baefddee68a7f41c97c29f7799df4bcf5372d9e9cf44a52a3b510286,seed1_solution082,0.86352264557872038253,3.1162876645796648845,0.68814055212824465357,0.88345071537581698617,0.86352264557872038253,-3.1162876645796648845,0.68814055212824465357,0.88345071537581698617,True,False,,,"[0, 0, 1, 2, 0, 3, 0, 0, 1, 2, 3, 0, 0, 0, 3, 3, 0, 0, 4, 1, 2, 0, 0, 0, 5, 0, 1, 0, 2, 0, 0, 0, 0, 6, 0, 0, 7, 0, 0, 0, 0, 0, 4, 0, 4, 0, 0, 0, 2, 6, 0, 0, 0, 0, 6, 0, 0, 0, 4, 0, 8, 9, 10, 0, 8, 2, 11, 0, 12, 0, 0, 0, 5, 6, 0, 0, 2, 0, 7, 11, 0, 0, 3, 0, 0, 0, 0, 0, 0, 0, 0, 13, 0, 0, 11, 0, 0, 0, 0, 0, 9, 8, 8, 0, 0, 0, 14, 6, 6, 12, 1, 3, 0, 4, 6, 4, 12, 4, 8, 10, 15, 10, 10, 11, 14, 2, 9, 4, 4, 14, 2, 13, 14, 4, 16, 2, 11, 4, 5, 14, 14, 2, 14, 4, 0, 17, 10, 10, 2, 4, 1, 10, 4, 3, 10, 3, 12, 12, 13, 4, 1, 1, 2, 1, 1, 9, 5, 4, 8, 4, 10, 13, 6, 2, 0, 17, 15, 15, 9, 15, 15, 11, 15, 10, 10, 12, 3, 11, 3, 9, 8, 5, 10, 11, 11, 15, 3, 4, 16, 8, 11, 12, 5, 14, 5, 15, 5, 11, 15, 11, 5, 18, 12, 8, 8, 8, 19, 13, 7, 5, 14, 14, 5, 13, 14, 8, 13, 7, 5, 15, 15, 6, 13, 12, 11, 13, 8, 15, 20, 6, 5, 10, 6, 5, 13, 10, 7, 14, 5, 5, 5, 0, 15, 15, 11, 14, 6, 5, 10, 11, 13, 6, 8, 17, 0, 13, 6, 9, 9, 4, 15, 11, 8, 11, 17, 16, 10, 9, 2, 8, 14, 8, 4, 4, 8, 1, 3, 15, 3, 14, 17, 15, 16, 15, 6, 11, 12, 13, 4, 10, 11, 11, 2, 8, 5, 5, 10, 4, 10, 5, 4, 20, 5, 6, 5, 5, 3, 4, 5, 18, 10, 14, 2, 4, 10, 4, 5, 2, 17, 20, 10, 19, 10, 12, 7, 4, 15, 11, 19, 18, 15, 8, 8, 3, 15, 8, 14, 9, 2, 1, 12, 12, 12, 4, 3, 13, 12, 12, 9, 3, 15, 17, 11, 3, 7, 19, 10, 15, 0, 6, 12, 19, 17, 4, 19, 13, 12, 7, 7, 11, 11, 14, 15, 9, 0, 12, 3, 8, 1, 6, 2, 6, 13, 3, 9, 15, 5, 15, 5, 15, 8, 15, 12, 9, 9, 19, 6, 14, 14, 13, 14, 3, 11, 14, 20, 18, 0, 7, 7, 1, 10, 19, 6, 2, 2, 15, 18, 5, 9, 5, 19, 11, 11, 11, 5, 7, 7, 2, 9, 7, 7, 12, 17, 2, 9, 11, 9, 7, 16, 2, 11, 9, 11, 13, 19, 11, 16, 15, 14, 11, 15, 15, 9, 17, 5, 9, 15, 7, 6, 12, 20, 20, 20, 1, 13, 3, 10, 15, 10, 2, 6, 16, 10, 1, 2, 1, 17, 19, 17, 17, 9, 17, 7, 17, 9, 2, 12, 0, 19, 3, 1, 1, 18, 7, 1, 13, 1, 5, 13, 3, 1, 1, 12, 13, 12, 17, 2, 17, 11, 18, 20, 21, 20, 17, 14, 7, 1, 4, 2, 13, 1, 6, 5, 8, 18, 14, 16, 0, 7, 9, 2, 1, 16, 12, 8, 14, 13, 2, 16, 4, 3, 1, 3, 13, 1, 10, 3, 9, 13, 5, 14, 10, 12, 9, 9, 2, 17, 1, 9, 2, 1, 13, 1, 1, 10, 2, 2, 10, 3, 1, 2, 18, 1, 17, 18, 3, 12, 20, 9, 20, 22, 21, 20, 20, 22, 14, 6, 20, 21, 21, 20, 0, 17, 20, 8, 5, 3, 2, 23, 13, 21, 22, 23, 6, 17, 12, 9, 24, 2, 15, 15, 17, 7, 2, 1, 18, 12, 16, 10, 13, 1, 2, 20, 4, 11, 8, 18, 2, 1, 2, 21, 16, 2, 9, 2, 2, 1, 12, 2, 5, 2, 1, 11, 4, 18, 14, 12, 14, 10, 1, 12, 24, 12, 3, 14, 1, 4, 2, 3, 25, 9, 25, 23, 3, 11, 23, 22, 3, 25, 11, 12, 12, 10, 3, 3, 17, 1, 6, 7, 10, 1, 5, 10, 4, 13, 10, 3, 8, 4, 9, 1, 9, 1, 1, 1, 11, 12, 10, 12, 3, 12, 3, 4, 1, 10, 10, 1, 9, 7, 6, 18, 21, 15, 2, 15, 11, 3, 10, 18, 10, 12, 9, 1, 2, 1, 13, 8, 21, 9, 9, 18, 10, 14, 9, 15, 0, 1, 14, 8, 10, 12, 16, 11, 12, 1, 19, 0, 11, 6, 8, 15, 15, 10, 11, 15, 11, 14, 11, 15, 17, 15, 15, 11, 5, 19, 17, 13, 1, 2, 14, 11, 13, 13, 6, 2, 10, 1, 9, 13, 6, 23, 16, 26, 0, 17, 16, 27, 4, 0, 4, 26, 26, 7, 5, 7, 5, 24, 1, 3, 1, 2, 11, 11, 0]"
stage3_declaration_method_body,stage3_declaration_method_body,declaration_method_body_v1,xerces,1,65488944220cc3a503994d6f2289e0f7bdc06c619351a2e8243bca243538c8a3,65488944220cc3a503994d6f2289e0f7bdc06c619351a2e8243bca243538c8a3,36bdeca0e1ef32f36631c30ebbf86a1875621490e92f9b4a7fd0860755676236,d81607ad9e48ef274ecf65a4e3b1b1c7c22163c3b073831ffbb506bac7601bac,7e204d1865c1ddb228cc42f6f61519e280076590a92f0965e4f1fc765b77a4ab,7d5d45f6e7cc46cdb57c57688bc89b5e90e0ecea7390833a7acb2e8887d935a5,c1af2191baefddee68a7f41c97c29f7799df4bcf5372d9e9cf44a52a3b510286,seed1_solution083,0.86783608914450038885,11.007842377879505591,1.015669659455121554,0.87930017366826263014,0.86783608914450038885,-11.007842377879505591,1.015669659455121554,0.87930017366826263014,True,False,,,"[0, 0, 1, 0, 2, 1, 1, 3, 0, 4, 0, 0, 0, 1, 1, 5, 2, 6, 6, 0, 7, 8, 4, 1, 9, 10, 7, 0, 1, 6, 6, 7, 1, 0, 4, 3, 6, 3, 7, 4, 4, 0, 1, 6, 1, 8, 3, 0, 1, 0, 7, 4, 3, 1, 8, 2, 0, 1, 2, 0, 2, 3, 0, 6, 7, 1, 3, 8, 5, 2, 2, 2, 4, 9, 2, 0, 6, 1, 3, 7, 9, 0, 2, 0, 0, 0, 5, 0, 0, 0, 3, 8, 3, 5, 0, 0, 0, 1, 7, 0, 4, 7, 1, 0, 0, 1, 0, 1, 4, 1, 6, 11, 0, 3, 7, 7, 0, 1, 11, 4, 1, 7, 7, 3, 1, 0, 0, 3, 0, 9, 2, 2, 9, 11, 11, 7, 7, 0, 2, 4, 0, 0, 7, 7, 1, 11, 9, 11, 3, 7, 2, 3, 5, 2, 1, 1, 1, 1, 7, 3, 3, 1, 2, 3, 7, 8, 2, 1, 6, 7, 0, 2, 1, 0, 0, 8, 1, 2, 11, 8, 7, 1, 1, 1, 4, 11, 11, 1, 2, 3, 0, 0, 11, 1, 2, 0, 2, 0, 3, 0, 7, 3, 8, 7, 9, 3, 8, 9, 0, 5, 0, 7, 0, 1, 11, 7, 9, 6, 0, 4, 7, 0, 8, 2, 5, 4, 11, 0, 1, 9, 3, 9, 9, 0, 3, 3, 3, 2, 0, 7, 7, 5, 8, 3, 6, 6, 8, 2, 0, 3, 6, 6, 12, 1, 3, 7, 2, 9, 11, 11, 5, 9, 2, 1, 1, 7, 0, 8, 7, 6, 5, 9, 11, 0, 0, 11, 7, 0, 4, 0, 7, 8, 7, 0, 4, 11, 7, 1, 3, 4, 6, 12, 12, 8, 0, 1, 13, 7, 4, 7, 1, 1, 5, 7, 1, 8, 5, 13, 14, 4, 9, 8, 9, 3, 9, 3, 2, 0, 5, 4, 5, 1, 2, 6, 2, 9, 2, 0, 4, 2, 4, 1, 1, 1, 6, 0, 7, 7, 12, 1, 9, 4, 7, 2, 2, 9, 2, 5, 1, 4, 9, 10, 11, 3, 3, 1, 3, 6, 7, 7, 0, 1, 4, 1, 14, 9, 2, 12, 4, 7, 6, 7, 0, 7, 0, 9, 4, 11, 1, 4, 7, 1, 0, 2, 7, 7, 7, 7, 5, 7, 0, 13, 7, 1, 5, 5, 0, 12, 1, 8, 7, 7, 4, 3, 0, 5, 2, 7, 4, 2, 6, 2, 5, 1, 15, 0, 0, 9, 0, 2, 8, 4, 6, 5, 8, 12, 5, 8, 4, 1, 6, 1, 1, 5, 4, 11, 0, 3, 12, 5, 1, 4, 4, 0, 2, 12, 7, 1, 5, 0, 6, 7, 7, 6, 1, 12, 3, 11, 1, 4, 2, 0, 3, 3, 6, 2, 2, 5, 9, 2, 11, 2, 2, 1, 2, 7, 2, 4, 8, 0, 4, 8, 2, 2, 1, 4, 8, 2, 7, 1, 9, 6, 1, 0, 1, 1, 1, 7, 1, 4, 8, 2, 9, 3, 2, 0, 0, 11, 7, 6, 1, 2, 2, 4, 4, 0, 7, 5, 0, 2, 1, 7, 9, 7, 11, 3, 2, 1, 1, 2, 2, 1, 11, 0, 1, 2, 1, 7, 0, 2, 3, 4, 7, 1, 4, 16, 1, 1, 4, 8, 1, 3, 1, 7, 8, 1, 1, 2, 7, 6, 3, 3, 1, 4, 1, 4, 7, 4, 0, 0, 0, 4, 7, 1, 0, 6, 2, 2, 2, 7, 4, 1, 2, 9, 9, 8, 15, 11, 1, 10, 8, 7, 3, 0, 2, 10, 16, 15, 0, 1, 10, 2, 8, 10, 7, 0, 0, 9, 2, 8, 7, 2, 4, 0, 7, 8, 8, 17, 6, 2, 2, 0, 11, 1, 9, 3, 7, 0, 13, 0, 5, 7, 3, 0, 8, 7, 1, 11, 0, 2, 4, 4, 7, 0, 11, 2, 4, 1, 0, 12, 6, 8, 5, 6, 0, 4, 7, 11, 0, 1, 4, 17, 0, 0, 8, 2, 4, 11, 4, 11, 6, 12, 2, 7, 0, 18, 4, 3, 7, 7, 3, 1, 7, 1, 11, 3, 0, 0, 19, 1, 11, 1, 9, 1, 0, 6, 1, 3, 3, 2, 2, 1, 1, 2, 1, 4, 1, 0, 9, 1, 3, 2, 1, 5, 1, 0, 2, 1, 9, 2, 7, 1, 0, 2, 3, 1, 9, 2, 7, 1, 1, 0, 3, 1, 0, 7, 1, 7, 9, 7, 3, 11, 3, 3, 2, 0, 4, 8, 1, 1, 11, 11, 12, 3, 2, 0, 0, 0, 2, 12, 3, 3, 6, 9, 0, 7, 6, 6, 3, 5, 4, 5, 2, 3, 5, 1, 7, 3, 4, 4, 5, 7, 0, 3, 3, 4, 4, 4, 8, 6, 0, 0, 19, 2, 8, 9, 2, 8, 6, 3, 6, 1, 9, 7, 1, 6, 1, 2, 4, 7, 5, 11, 5, 4]"
stage3_declaration_method_body,stage3_declaration_method_body,declaration_method_body_v1,xerces,1,65488944220cc3a503994d6f2289e0f7bdc06c619351a2e8243bca243538c8a3,65488944220cc3a503994d6f2289e0f7bdc06c619351a2e8243bca243538c8a3,36bdeca0e1ef32f36631c30ebbf86a1875621490e92f9b4a7fd0860755676236,d81607ad9e48ef274ecf65a4e3b1b1c7c22163c3b073831ffbb506bac7601bac,7e204d1865c1ddb228cc42f6f61519e280076590a92f0965e4f1fc765b77a4ab,7d5d45f6e7cc46cdb57c57688bc89b5e90e0ecea7390833a7acb2e8887d935a5,c1af2191baefddee68a7f41c97c29f7799df4bcf5372d9e9cf44a52a3b510286,seed1_solution084,0.87318475916606752563,11.579188207549377054,1.0593599097153971744,0.87716233776942975631,0.87318475916606752563,-11.579188207549377054,1.0593599097153971744,0.87716233776942975631,True,False,,,"[0, 0, 1, 0, 2, 2, 1, 3, 0, 0, 0, 0, 0, 3, 1, 4, 2, 5, 5, 0, 3, 6, 1, 1, 7, 3, 2, 0, 1, 5, 5, 6, 1, 3, 2, 2, 5, 3, 0, 0, 3, 0, 1, 5, 1, 7, 3, 0, 1, 0, 6, 8, 1, 1, 6, 0, 0, 1, 4, 0, 2, 3, 0, 0, 9, 2, 0, 7, 0, 2, 2, 2, 0, 9, 2, 0, 5, 0, 2, 4, 9, 0, 2, 0, 0, 0, 4, 2, 0, 0, 3, 5, 2, 4, 0, 0, 0, 1, 6, 0, 3, 0, 1, 0, 0, 1, 0, 0, 0, 1, 5, 10, 0, 2, 9, 6, 0, 1, 11, 2, 1, 9, 2, 2, 2, 0, 1, 3, 0, 1, 2, 2, 9, 10, 10, 1, 3, 0, 2, 8, 0, 0, 6, 2, 1, 11, 9, 1, 3, 9, 2, 2, 4, 7, 4, 1, 2, 1, 6, 2, 3, 1, 4, 3, 6, 7, 4, 1, 5, 6, 0, 2, 1, 0, 0, 7, 1, 2, 10, 7, 2, 4, 3, 1, 8, 10, 10, 1, 1, 3, 0, 0, 7, 1, 1, 0, 2, 0, 2, 0, 2, 1, 7, 6, 9, 0, 7, 5, 1, 4, 4, 6, 0, 1, 10, 6, 0, 1, 0, 3, 6, 0, 7, 2, 4, 8, 4, 0, 1, 9, 3, 9, 9, 0, 0, 2, 3, 2, 0, 9, 5, 4, 6, 3, 3, 4, 7, 2, 0, 2, 5, 5, 12, 1, 3, 6, 7, 9, 10, 10, 4, 1, 7, 1, 1, 2, 0, 7, 3, 5, 4, 7, 2, 4, 0, 10, 9, 0, 8, 0, 2, 5, 6, 0, 7, 10, 6, 1, 3, 3, 10, 12, 2, 5, 0, 2, 13, 6, 8, 6, 1, 1, 8, 6, 1, 7, 4, 13, 0, 8, 9, 3, 1, 3, 3, 5, 3, 0, 0, 8, 0, 1, 4, 5, 2, 9, 3, 0, 8, 2, 8, 1, 1, 1, 5, 0, 9, 9, 12, 1, 9, 8, 6, 2, 2, 9, 2, 4, 1, 0, 4, 2, 11, 3, 3, 1, 2, 2, 0, 6, 1, 0, 8, 1, 14, 7, 2, 12, 2, 6, 5, 6, 1, 2, 3, 7, 8, 8, 1, 8, 6, 1, 0, 2, 6, 6, 2, 0, 3, 6, 0, 1, 6, 1, 0, 4, 0, 2, 1, 2, 6, 6, 8, 3, 0, 4, 2, 2, 8, 1, 0, 2, 4, 1, 15, 0, 0, 9, 0, 2, 7, 0, 5, 11, 1, 12, 4, 7, 8, 1, 7, 1, 4, 4, 8, 10, 0, 3, 12, 4, 1, 8, 8, 0, 4, 12, 6, 3, 4, 0, 5, 6, 6, 5, 1, 12, 4, 10, 7, 4, 2, 0, 2, 3, 5, 0, 7, 2, 9, 2, 10, 2, 2, 1, 2, 9, 2, 8, 7, 0, 8, 7, 2, 2, 1, 2, 7, 7, 9, 1, 0, 3, 1, 0, 7, 1, 1, 6, 4, 3, 7, 2, 9, 3, 4, 0, 0, 10, 6, 5, 1, 3, 7, 3, 6, 3, 6, 0, 2, 3, 1, 9, 9, 6, 0, 12, 2, 1, 1, 2, 0, 0, 7, 0, 0, 3, 1, 6, 0, 4, 5, 8, 9, 1, 8, 1, 1, 1, 8, 1, 1, 3, 1, 9, 0, 1, 3, 2, 9, 4, 3, 2, 1, 8, 1, 3, 2, 8, 0, 0, 0, 8, 6, 1, 2, 5, 2, 2, 2, 2, 8, 0, 2, 9, 9, 7, 15, 10, 1, 14, 4, 6, 2, 0, 2, 11, 16, 15, 0, 1, 15, 2, 1, 11, 2, 0, 0, 1, 2, 5, 6, 2, 8, 13, 2, 2, 7, 17, 5, 2, 2, 0, 10, 1, 9, 3, 2, 0, 13, 0, 4, 3, 4, 0, 3, 6, 1, 10, 0, 3, 8, 8, 9, 0, 11, 2, 0, 1, 0, 12, 4, 7, 4, 5, 0, 8, 9, 1, 0, 1, 8, 17, 3, 0, 6, 2, 2, 10, 8, 7, 5, 12, 7, 9, 0, 18, 8, 3, 0, 6, 3, 1, 6, 1, 1, 4, 0, 0, 3, 1, 10, 1, 9, 1, 0, 5, 1, 3, 3, 1, 2, 1, 3, 4, 3, 3, 0, 2, 9, 1, 7, 2, 1, 4, 1, 0, 4, 1, 7, 4, 6, 1, 1, 2, 3, 1, 7, 2, 3, 1, 7, 2, 7, 0, 0, 0, 1, 6, 9, 2, 3, 10, 3, 2, 7, 3, 8, 6, 2, 1, 10, 0, 12, 3, 2, 0, 4, 0, 0, 12, 1, 0, 2, 1, 0, 6, 2, 5, 1, 8, 2, 8, 2, 3, 3, 1, 6, 3, 0, 3, 4, 6, 0, 3, 2, 8, 3, 3, 3, 5, 0, 0, 0, 1, 7, 0, 2, 6, 5, 16, 5, 1, 9, 2, 1, 5, 0, 2, 3, 6, 4, 11, 4, 3]"
stage3_declaration_method_body,stage3_declaration_method_body,declaration_method_body_v1,xerces,1,65488944220cc3a503994d6f2289e0f7bdc06c619351a2e8243bca243538c8a3,65488944220cc3a503994d6f2289e0f7bdc06c619351a2e8243bca243538c8a3,36bdeca0e1ef32f36631c30ebbf86a1875621490e92f9b4a7fd0860755676236,d81607ad9e48ef274ecf65a4e3b1b1c7c22163c3b073831ffbb506bac7601bac,7e204d1865c1ddb228cc42f6f61519e280076590a92f0965e4f1fc765b77a4ab,7d5d45f6e7cc46cdb57c57688bc89b5e90e0ecea7390833a7acb2e8887d935a5,c1af2191baefddee68a7f41c97c29f7799df4bcf5372d9e9cf44a52a3b510286,seed1_solution085,0.87583033788641262429,0.30170129246292759495,0.5473603732710807801,0.86851940096356039511,0.87583033788641262429,-0.30170129246292759495,0.5473603732710807801,0.86851940096356039511,True,False,,,"[0, 1, 0, 1, 0, 0, 2, 3, 0, 3, 0, 4, 5, 6, 7, 6, 2, 8, 5, 0, 9, 10, 1, 2, 8, 7, 3, 0, 0, 4, 0, 0, 11, 11, 0, 6, 12, 3, 0, 0, 10, 6, 0, 0, 0, 6, 0, 0, 2, 0, 8, 11, 9, 0, 9, 13, 14, 15, 0, 15, 16, 17, 18, 0, 15, 7, 3, 19, 3, 0, 0, 5, 0, 6, 0, 6, 9, 1, 20, 17, 0, 0, 11, 17, 21, 22, 18, 0, 0, 4, 0, 19, 10, 20, 0, 14, 7, 0, 0, 0, 9, 0, 19, 5, 0, 19, 5, 3, 6, 0, 4, 21, 0, 14, 20, 20, 23, 3, 7, 7, 24, 19, 20, 12, 11, 13, 20, 10, 14, 24, 23, 9, 21, 20, 20, 18, 20, 20, 2, 6, 2, 9, 14, 5, 15, 12, 1, 1, 17, 16, 12, 15, 20, 22, 1, 5, 8, 22, 9, 20, 1, 12, 1, 1, 15, 5, 20, 12, 18, 23, 1, 1, 4, 1, 18, 4, 8, 22, 10, 20, 4, 13, 2, 17, 17, 1, 17, 5, 1, 13, 15, 23, 8, 14, 19, 10, 6, 15, 8, 10, 10, 10, 1, 9, 1, 4, 13, 10, 10, 23, 6, 10, 8, 17, 5, 1, 8, 19, 10, 9, 10, 13, 10, 8, 12, 2, 20, 5, 14, 17, 23, 8, 10, 10, 8, 14, 8, 8, 8, 10, 17, 21, 13, 8, 8, 16, 8, 0, 8, 19, 14, 10, 13, 18, 19, 8, 7, 8, 9, 6, 8, 10, 10, 22, 8, 8, 13, 4, 9, 24, 23, 13, 6, 13, 3, 13, 6, 13, 10, 20, 20, 20, 20, 23, 20, 13, 9, 5, 1, 1, 15, 12, 15, 15, 16, 15, 0, 10, 9, 20, 14, 18, 16, 16, 6, 16, 2, 23, 17, 16, 21, 5, 16, 16, 11, 22, 16, 16, 18, 16, 16, 16, 7, 16, 16, 16, 0, 18, 1, 16, 15, 6, 16, 24, 6, 13, 10, 2, 13, 9, 11, 13, 13, 12, 12, 13, 23, 13, 10, 0, 7, 7, 7, 7, 2, 0, 24, 7, 7, 24, 13, 23, 15, 2, 13, 0, 13, 15, 13, 13, 4, 16, 17, 21, 5, 2, 1, 13, 4, 23, 13, 4, 13, 8, 22, 5, 21, 11, 7, 3, 3, 15, 9, 7, 18, 2, 21, 13, 1, 15, 17, 4, 7, 8, 19, 14, 22, 24, 0, 1, 14, 23, 24, 3, 24, 0, 17, 0, 13, 1, 0, 17, 21, 21, 21, 19, 24, 4, 9, 18, 23, 3, 13, 22, 19, 13, 7, 4, 13, 13, 8, 18, 24, 0, 12, 13, 1, 13, 24, 17, 13, 7, 14, 9, 13, 5, 4, 24, 1, 9, 17, 10, 13, 13, 13, 13, 4, 20, 10, 0, 24, 24, 24, 1, 1, 5, 2, 1, 13, 9, 24, 24, 24, 4, 23, 9, 23, 3, 5, 23, 23, 22, 10, 0, 24, 3, 23, 12, 9, 2, 5, 5, 24, 5, 5, 6, 13, 3, 3, 24, 16, 2, 24, 4, 3, 7, 7, 20, 24, 24, 24, 24, 24, 23, 24, 21, 5, 11, 9, 5, 5, 13, 24, 9, 18, 24, 12, 6, 1, 22, 7, 5, 3, 5, 18, 8, 9, 3, 14, 1, 15, 3, 3, 5, 5, 5, 5, 5, 24, 5, 1, 1, 5, 21, 5, 19, 15, 5, 7, 5, 20, 11, 23, 16, 8, 21, 1, 1, 1, 22, 8, 11, 6, 17, 24, 1, 2, 3, 21, 17, 11, 6, 17, 17, 17, 6, 1, 17, 17, 17, 9, 1, 17, 17, 21, 17, 1, 3, 17, 1, 6, 22, 22, 22, 22, 6, 16, 22, 5, 13, 10, 12, 24, 2, 23, 17, 1, 8, 6, 21, 12, 3, 6, 3, 5, 21, 18, 2, 2, 14, 24, 18, 3, 14, 4, 6, 5, 24, 5, 13, 24, 6, 9, 7, 8, 20, 20, 20, 0, 16, 3, 19, 18, 6, 12, 5, 20, 18, 1, 19, 4, 1, 9, 4, 21, 11, 6, 19, 11, 13, 1, 2, 1, 17, 1, 22, 13, 1, 1, 13, 1, 15, 1, 23, 10, 24, 4, 18, 24, 6, 5, 24, 6, 3, 6, 3, 9, 21, 1, 1, 1, 1, 0, 4, 1, 1, 0, 5, 1, 6, 16, 13, 1, 6, 19, 23, 2, 5, 9, 11, 1, 9, 22, 18, 5, 6, 7, 3, 14, 6, 12, 7, 7, 12, 7, 13, 13, 11, 3, 13, 7, 17, 13, 8, 5, 13, 3, 4, 13, 18, 10, 13, 24, 4, 24, 0, 13, 7, 7, 20, 13, 1, 4, 17, 8, 1, 10, 1, 6, 4, 17, 6, 9, 5, 3, 17, 9, 6, 9, 9, 25, 20, 25, 25, 9, 26, 7, 2, 17, 20, 9, 27, 27, 6, 27, 27, 1, 23, 9, 9, 9, 9, 13, 10]"
stage3_declaration_method_body,stage3_declaration_method_body,declaration_method_body_v1,xerces,1,65488944220cc3a503994d6f2289e0f7bdc06c619351a2e8243bca243538c8a3,65488944220cc3a503994d6f2289e0f7bdc06c619351a2e8243bca243538c8a3,36bdeca0e1ef32f36631c30ebbf86a1875621490e92f9b4a7fd0860755676236,d81607ad9e48ef274ecf65a4e3b1b1c7c22163c3b073831ffbb506bac7601bac,7e204d1865c1ddb228cc42f6f61519e280076590a92f0965e4f1fc765b77a4ab,7d5d45f6e7cc46cdb57c57688bc89b5e90e0ecea7390833a7acb2e8887d935a5,c1af2191baefddee68a7f41c97c29f7799df4bcf5372d9e9cf44a52a3b510286,seed1_solution086,0.89046728971962618715,0.19190533339329221563,0.52376815269055942981,0.89136589794425291622,0.89046728971962618715,-0.19190533339329221563,0.52376815269055942981,0.89136589794425291622,True,False,,,"[0, 0, 0, 0, 1, 2, 0, 3, 0, 3, 0, 4, 0, 0, 5, 6, 6, 0, 1, 1, 7, 8, 0, 9, 0, 0, 10, 0, 0, 4, 2, 0, 11, 11, 0, 3, 0, 3, 0, 12, 0, 0, 13, 0, 0, 0, 0, 0, 0, 10, 2, 11, 0, 14, 0, 7, 15, 10, 0, 10, 14, 16, 17, 0, 0, 2, 0, 0, 1, 0, 4, 1, 0, 0, 8, 18, 0, 13, 6, 0, 0, 0, 0, 0, 2, 19, 0, 0, 0, 1, 0, 0, 8, 0, 12, 0, 7, 0, 18, 18, 9, 2, 3, 0, 0, 20, 5, 3, 2, 21, 9, 22, 0, 15, 13, 20, 4, 3, 5, 13, 5, 5, 6, 9, 11, 7, 5, 4, 15, 6, 4, 12, 5, 2, 4, 17, 3, 0, 9, 2, 2, 14, 4, 2, 10, 18, 19, 21, 16, 23, 18, 10, 12, 19, 7, 7, 23, 5, 21, 9, 8, 18, 0, 13, 21, 0, 6, 12, 21, 24, 23, 21, 21, 6, 21, 15, 23, 8, 8, 23, 7, 21, 9, 16, 16, 14, 16, 1, 1, 5, 10, 14, 11, 20, 20, 10, 7, 9, 10, 8, 6, 8, 21, 17, 21, 15, 8, 18, 4, 24, 14, 11, 14, 13, 1, 11, 10, 20, 0, 7, 15, 14, 11, 4, 8, 23, 6, 23, 10, 16, 23, 15, 11, 10, 10, 23, 16, 14, 14, 6, 16, 22, 7, 10, 14, 3, 23, 8, 14, 11, 15, 11, 10, 11, 3, 7, 11, 10, 21, 2, 0, 11, 22, 14, 23, 8, 24, 4, 8, 13, 23, 6, 2, 1, 3, 9, 10, 7, 10, 2, 24, 6, 7, 6, 5, 21, 21, 1, 21, 2, 4, 17, 24, 8, 8, 20, 0, 7, 14, 6, 6, 6, 14, 15, 10, 23, 13, 24, 10, 19, 22, 1, 13, 13, 11, 19, 1, 13, 24, 11, 13, 15, 5, 14, 13, 6, 13, 17, 21, 13, 3, 16, 3, 2, 2, 1, 2, 9, 8, 14, 1, 17, 10, 18, 18, 6, 6, 12, 8, 18, 4, 21, 2, 2, 2, 6, 13, 2, 1, 13, 19, 6, 7, 9, 10, 0, 9, 10, 6, 3, 7, 14, 23, 5, 8, 9, 21, 8, 10, 24, 24, 23, 7, 23, 2, 8, 2, 11, 2, 24, 5, 13, 20, 6, 9, 8, 22, 4, 15, 8, 2, 10, 1, 8, 8, 8, 24, 17, 24, 18, 15, 24, 12, 3, 21, 18, 24, 0, 0, 16, 0, 6, 22, 22, 12, 20, 0, 7, 6, 23, 9, 6, 2, 19, 7, 7, 0, 8, 10, 8, 23, 4, 19, 1, 23, 3, 21, 10, 13, 16, 8, 2, 15, 2, 19, 1, 24, 9, 14, 1, 16, 8, 4, 14, 11, 0, 24, 13, 8, 19, 18, 18, 2, 21, 23, 1, 9, 21, 21, 21, 18, 19, 17, 12, 24, 12, 18, 17, 1, 11, 17, 19, 16, 24, 13, 12, 24, 0, 0, 12, 4, 24, 12, 6, 4, 1, 1, 1, 18, 13, 21, 21, 21, 21, 6, 2, 2, 12, 19, 17, 16, 6, 19, 24, 20, 16, 7, 18, 12, 9, 1, 7, 17, 12, 16, 13, 21, 2, 21, 19, 1, 1, 3, 19, 17, 24, 12, 12, 18, 21, 4, 12, 12, 1, 1, 16, 16, 10, 13, 5, 15, 19, 1, 22, 1, 1, 23, 1, 5, 13, 6, 11, 1, 20, 21, 22, 4, 13, 13, 1, 23, 16, 12, 1, 8, 0, 22, 22, 22, 8, 11, 24, 15, 17, 18, 16, 21, 22, 16, 19, 12, 20, 7, 19, 19, 20, 21, 19, 15, 9, 11, 16, 18, 2, 21, 1, 14, 16, 7, 11, 23, 13, 21, 19, 24, 16, 18, 23, 24, 1, 18, 3, 2, 3, 5, 22, 17, 8, 9, 15, 20, 1, 3, 15, 1, 12, 1, 11, 10, 3, 13, 12, 15, 5, 17, 1, 3, 17, 4, 14, 7, 25, 17, 2, 19, 19, 20, 26, 24, 3, 4, 22, 12, 4, 11, 20, 2, 20, 0, 5, 10, 15, 21, 21, 5, 21, 21, 21, 21, 21, 5, 21, 5, 5, 21, 19, 11, 17, 4, 2, 1, 1, 2, 1, 2, 1, 12, 21, 21, 21, 21, 5, 4, 4, 21, 1, 0, 1, 18, 1, 16, 7, 4, 12, 12, 24, 5, 21, 16, 21, 12, 12, 19, 12, 4, 5, 2, 2, 15, 19, 16, 2, 6, 6, 13, 7, 8, 11, 26, 10, 1, 10, 13, 23, 8, 7, 3, 8, 6, 17, 8, 23, 13, 23, 6, 0, 6, 5, 5, 6, 7, 10, 10, 14, 17, 19, 13, 22, 18, 12, 16, 2, 20, 21, 12, 16, 12, 12, 19, 6, 2, 6, 26, 15, 12, 2, 26, 12, 27, 15, 12, 18, 22, 15, 26, 19, 0, 12, 12, 12, 12, 12, 12, 8]"
stage3_declaration_method_body,stage3_declaration_method_body,declaration_method_body_v1,xerces,1,65488944220cc3a503994d6f2289e0f7bdc06c619351a2e8243bca243538c8a3,65488944220cc3a503994d6f2289e0f7bdc06c619351a2e8243bca243538c8a3,36bdeca0e1ef32f36631c30ebbf86a1875621490e92f9b4a7fd0860755676236,d81607ad9e48ef274ecf65a4e3b1b1c7c22163c3b073831ffbb506bac7601bac,7e204d1865c1ddb228cc42f6f61519e280076590a92f0965e4f1fc765b77a4ab,7d5d45f6e7cc46cdb57c57688bc89b5e90e0ecea7390833a7acb2e8887d935a5,c1af2191baefddee68a7f41c97c29f7799df4bcf5372d9e9cf44a52a3b510286,seed1_solution087,0.90041696621135869361,8.8278368906035815655,0.64431112473418905573,0.9236964000132273922,0.90041696621135869361,-8.8278368906035815655,0.64431112473418905573,0.9236964000132273922,True,False,,,"[0, 1, 1, 2, 3, 3, 0, 0, 1, 4, 1, 0, 2, 0, 2, 3, 4, 4, 5, 6, 2, 0, 0, 7, 7, 0, 8, 6, 2, 0, 0, 5, 2, 9, 9, 0, 10, 0, 0, 0, 0, 11, 12, 0, 4, 0, 9, 13, 12, 14, 4, 0, 0, 0, 9, 0, 0, 2, 4, 0, 0, 6, 12, 0, 10, 11, 5, 0, 6, 5, 7, 0, 7, 9, 4, 0, 1, 0, 0, 5, 0, 0, 15, 0, 5, 0, 2, 0, 3, 7, 12, 13, 0, 0, 13, 0, 0, 3, 0, 0, 4, 8, 3, 9, 0, 16, 14, 14, 13, 1, 2, 15, 5, 4, 5, 14, 10, 16, 15, 12, 16, 1, 5, 1, 1, 2, 7, 11, 12, 4, 2, 11, 10, 12, 17, 2, 4, 5, 5, 4, 6, 12, 1, 9, 0, 4, 12, 12, 1, 5, 1, 12, 11, 3, 12, 2, 1, 11, 2, 2, 2, 2, 2, 1, 1, 1, 5, 4, 8, 2, 5, 11, 1, 2, 0, 15, 2, 10, 6, 11, 16, 8, 16, 12, 12, 6, 3, 17, 3, 13, 10, 5, 8, 5, 14, 14, 3, 11, 14, 5, 14, 13, 5, 4, 9, 16, 7, 9, 13, 8, 5, 17, 10, 7, 8, 7, 18, 2, 13, 16, 4, 4, 8, 9, 7, 10, 0, 10, 11, 16, 16, 14, 4, 10, 3, 1, 8, 7, 8, 14, 12, 1, 8, 1, 9, 16, 13, 4, 9, 16, 14, 0, 16, 7, 8, 7, 5, 10, 18, 5, 13, 2, 7, 8, 4, 13, 16, 16, 7, 16, 2, 8, 6, 6, 15, 15, 13, 6, 2, 15, 4, 0, 4, 1, 5, 2, 3, 16, 12, 11, 7, 13, 4, 16, 3, 9, 11, 2, 4, 12, 8, 5, 1, 8, 12, 7, 7, 4, 7, 12, 7, 6, 12, 6, 5, 12, 3, 12, 7, 17, 8, 14, 2, 4, 12, 5, 7, 2, 15, 0, 12, 18, 12, 5, 10, 3, 16, 15, 16, 18, 12, 3, 9, 1, 16, 14, 2, 5, 2, 8, 6, 4, 10, 11, 3, 6, 9, 9, 1, 6, 0, 15, 16, 16, 10, 7, 16, 16, 0, 1, 9, 1, 15, 4, 18, 13, 2, 10, 10, 0, 12, 8, 16, 6, 0, 9, 3, 6, 2, 9, 1, 3, 11, 6, 11, 16, 17, 1, 7, 9, 8, 16, 14, 16, 9, 4, 7, 9, 12, 13, 4, 2, 10, 14, 10, 19, 0, 13, 7, 9, 12, 9, 5, 5, 8, 10, 8, 2, 3, 12, 6, 18, 16, 5, 9, 10, 9, 2, 3, 10, 10, 7, 10, 4, 6, 5, 8, 16, 8, 11, 5, 19, 5, 8, 9, 2, 10, 3, 5, 1, 5, 16, 5, 15, 5, 8, 8, 10, 4, 13, 11, 10, 10, 1, 2, 18, 0, 16, 12, 2, 13, 19, 16, 2, 1, 8, 19, 18, 13, 15, 9, 15, 13, 15, 6, 7, 5, 18, 19, 3, 1, 1, 17, 10, 1, 8, 1, 9, 11, 10, 1, 1, 9, 2, 3, 9, 6, 15, 7, 3, 2, 18, 13, 6, 10, 10, 1, 11, 3, 1, 1, 8, 5, 8, 17, 4, 16, 3, 16, 6, 11, 3, 19, 1, 6, 3, 8, 2, 19, 11, 12, 11, 15, 15, 1, 12, 3, 16, 13, 6, 4, 12, 13, 18, 3, 3, 15, 3, 9, 12, 3, 11, 2, 2, 17, 4, 2, 12, 18, 12, 8, 17, 1, 15, 17, 10, 3, 2, 11, 20, 14, 21, 21, 5, 5, 1, 9, 20, 0, 20, 20, 0, 15, 20, 7, 5, 21, 2, 20, 13, 21, 21, 16, 14, 19, 3, 6, 22, 12, 8, 16, 15, 10, 2, 3, 11, 2, 7, 16, 14, 11, 2, 1, 6, 5, 8, 17, 5, 3, 1, 13, 19, 12, 6, 15, 4, 15, 10, 2, 7, 5, 2, 8, 7, 4, 4, 15, 4, 12, 1, 3, 22, 9, 3, 6, 3, 10, 2, 4, 23, 6, 23, 10, 3, 5, 23, 23, 2, 5, 8, 9, 12, 12, 3, 7, 15, 1, 14, 13, 2, 1, 7, 2, 4, 2, 3, 2, 8, 11, 9, 10, 6, 15, 6, 1, 13, 2, 12, 0, 6, 14, 2, 14, 1, 12, 1, 2, 4, 13, 15, 17, 17, 16, 12, 16, 8, 9, 12, 13, 12, 12, 6, 1, 11, 3, 14, 6, 19, 6, 6, 17, 12, 7, 3, 16, 0, 1, 9, 7, 12, 0, 19, 5, 11, 19, 18, 0, 5, 6, 7, 16, 16, 7, 5, 12, 5, 8, 9, 5, 15, 4, 8, 4, 3, 18, 4, 13, 1, 9, 9, 8, 8, 13, 14, 9, 1, 8, 6, 14, 2, 24, 8, 13, 0, 10, 14, 13, 11, 0, 7, 25, 25, 10, 7, 25, 12, 15, 2, 2, 2, 6, 5, 5, 0]"
stage3_declaration_method_body,stage3_declaration_method_body,declaration_method_body_v1,xerces,1,65488944220cc3a503994d6f2289e0f7bdc06c619351a2e8243bca243538c8a3,65488944220cc3a503994d6f2289e0f7bdc06c619351a2e8243bca243538c8a3,36bdeca0e1ef32f36631c30ebbf86a1875621490e92f9b4a7fd0860755676236,d81607ad9e48ef274ecf65a4e3b1b1c7c22163c3b073831ffbb506bac7601bac,7e204d1865c1ddb228cc42f6f61519e280076590a92f0965e4f1fc765b77a4ab,7d5d45f6e7cc46cdb57c57688bc89b5e90e0ecea7390833a7acb2e8887d935a5,c1af2191baefddee68a7f41c97c29f7799df4bcf5372d9e9cf44a52a3b510286,seed1_solution088,0.91404744787922354021,3.4463526043787306996,0.62071293481504774547,0.92935629698606836424,0.91404744787922354021,-3.4463526043787306996,0.62071293481504774547,0.92935629698606836424,True,False,,,"[0, 1, 0, 0, 2, 1, 3, 0, 4, 5, 2, 6, 1, 0, 7, 5, 1, 1, 0, 5, 8, 6, 8, 9, 3, 9, 3, 5, 1, 7, 7, 0, 0, 8, 9, 10, 11, 6, 0, 0, 4, 1, 1, 0, 5, 12, 4, 0, 13, 0, 8, 4, 8, 8, 1, 2, 8, 2, 0, 8, 14, 0, 2, 9, 10, 3, 15, 9, 4, 16, 7, 12, 0, 6, 0, 0, 2, 0, 15, 3, 17, 6, 8, 17, 0, 0, 0, 2, 0, 0, 0, 8, 14, 16, 2, 0, 0, 3, 1, 14, 6, 11, 14, 8, 0, 9, 13, 2, 5, 0, 8, 4, 4, 6, 9, 2, 0, 1, 15, 17, 2, 0, 9, 0, 7, 14, 2, 11, 9, 2, 2, 2, 1, 9, 1, 17, 7, 0, 10, 1, 3, 15, 13, 13, 11, 0, 16, 4, 0, 17, 9, 9, 5, 11, 2, 1, 13, 5, 11, 1, 14, 1, 0, 10, 12, 10, 9, 2, 10, 15, 0, 10, 5, 4, 0, 15, 18, 16, 3, 16, 3, 5, 1, 5, 13, 5, 2, 0, 2, 8, 2, 3, 15, 17, 2, 8, 10, 0, 15, 7, 3, 13, 15, 3, 10, 7, 1, 6, 2, 12, 10, 17, 0, 3, 12, 1, 10, 1, 15, 5, 10, 8, 18, 11, 1, 6, 16, 0, 0, 7, 17, 11, 10, 0, 6, 6, 9, 1, 12, 11, 11, 9, 7, 6, 10, 7, 11, 7, 6, 1, 15, 15, 5, 6, 14, 1, 1, 4, 3, 8, 13, 1, 0, 10, 5, 8, 5, 2, 1, 1, 5, 0, 17, 0, 16, 9, 3, 0, 17, 1, 5, 4, 13, 6, 4, 2, 3, 0, 6, 3, 10, 15, 8, 4, 17, 4, 3, 1, 6, 4, 13, 18, 11, 14, 1, 12, 14, 15, 5, 16, 11, 12, 1, 2, 18, 1, 18, 0, 5, 3, 1, 11, 9, 17, 0, 14, 6, 13, 16, 2, 1, 10, 1, 1, 2, 14, 9, 8, 11, 8, 11, 8, 0, 11, 9, 13, 2, 7, 0, 0, 6, 17, 1, 17, 13, 3, 3, 16, 8, 18, 7, 13, 2, 7, 5, 9, 7, 7, 13, 15, 15, 0, 7, 2, 5, 0, 10, 2, 10, 13, 12, 4, 7, 2, 3, 5, 3, 5, 16, 14, 7, 16, 2, 11, 8, 4, 1, 6, 9, 7, 18, 8, 4, 7, 8, 12, 10, 4, 6, 5, 0, 14, 3, 1, 17, 3, 8, 13, 13, 10, 18, 13, 10, 6, 2, 8, 2, 2, 4, 8, 17, 9, 2, 2, 4, 7, 9, 4, 8, 1, 7, 15, 4, 1, 0, 8, 11, 1, 11, 18, 7, 3, 7, 1, 7, 16, 7, 18, 13, 6, 8, 5, 16, 15, 0, 18, 4, 14, 15, 2, 1, 17, 11, 13, 14, 0, 8, 7, 18, 4, 0, 2, 14, 18, 11, 14, 0, 2, 17, 13, 1, 5, 0, 15, 8, 0, 9, 4, 3, 2, 17, 2, 2, 15, 2, 12, 3, 5, 2, 14, 6, 3, 2, 1, 4, 0, 17, 13, 13, 10, 12, 3, 16, 11, 3, 17, 1, 16, 1, 3, 11, 1, 11, 6, 7, 4, 5, 14, 11, 2, 4, 4, 7, 4, 2, 18, 13, 16, 13, 15, 1, 13, 0, 4, 13, 11, 4, 2, 4, 2, 1, 6, 1, 4, 14, 4, 3, 2, 6, 14, 3, 4, 1, 1, 0, 17, 10, 5, 6, 6, 0, 9, 17, 0, 7, 3, 1, 14, 4, 18, 12, 3, 9, 18, 18, 0, 18, 12, 0, 11, 14, 1, 2, 5, 8, 1, 9, 2, 0, 9, 19, 11, 4, 11, 1, 1, 1, 19, 14, 2, 4, 13, 0, 1, 5, 16, 10, 9, 13, 0, 2, 14, 7, 0, 1, 1, 16, 15, 0, 4, 12, 2, 16, 0, 0, 8, 18, 16, 7, 18, 3, 16, 4, 6, 1, 13, 15, 9, 9, 7, 15, 19, 4, 10, 6, 4, 4, 0, 4, 20, 3, 0, 6, 9, 13, 14, 3, 12, 12, 11, 5, 13, 6, 1, 14, 5, 1, 3, 3, 4, 17, 12, 2, 1, 2, 9, 4, 4, 10, 9, 1, 2, 3, 14, 12, 6, 8, 2, 17, 17, 2, 2, 9, 1, 3, 7, 2, 9, 0, 8, 10, 7, 8, 2, 6, 11, 2, 18, 6, 2, 4, 7, 5, 2, 12, 2, 2, 1, 16, 11, 6, 2, 2, 7, 1, 7, 13, 0, 2, 3, 3, 1, 1, 2, 5, 0, 2, 0, 13, 15, 7, 0, 13, 13, 5, 10, 3, 6, 14, 0, 4, 11, 6, 7, 0, 0, 2, 9, 10, 2, 14, 8, 3, 2, 17, 4, 4, 4, 4, 4, 0, 3, 18, 11, 10, 1, 13, 4, 1, 8, 17, 1, 0, 21, 21, 10, 13, 0, 18, 12, 3, 7, 2, 4]"
stage3_declaration_method_body,stage3_declaration_method_body,declaration_method_body_v1,xerces,1,65488944220cc3a503994d6f2289e0f7bdc06c619351a2e8243bca243538c8a3,65488944220cc3a503994d6f2289e0f7bdc06c619351a2e8243bca243538c8a3,36bdeca0e1ef32f36631c30ebbf86a1875621490e92f9b4a7fd0860755676236,d81607ad9e48ef274ecf65a4e3b1b1c7c22163c3b073831ffbb506bac7601bac,7e204d1865c1ddb228cc42f6f61519e280076590a92f0965e4f1fc765b77a4ab,7d5d45f6e7cc46cdb57c57688bc89b5e90e0ecea7390833a7acb2e8887d935a5,c1af2191baefddee68a7f41c97c29f7799df4bcf5372d9e9cf44a52a3b510286,seed1_solution089,0.91493889288281815553,10.523047640818699477,0.85374560072006977496,0.89702260098248909337,0.91493889288281815553,-10.523047640818699477,0.85374560072006977496,0.89702260098248909337,True,False,,,"[0, 1, 0, 0, 2, 1, 3, 0, 4, 5, 2, 6, 1, 0, 2, 7, 1, 1, 0, 5, 3, 7, 1, 1, 3, 5, 3, 4, 1, 0, 8, 0, 0, 9, 0, 10, 10, 0, 0, 0, 4, 0, 1, 0, 5, 11, 4, 0, 12, 0, 1, 4, 9, 9, 2, 0, 13, 2, 2, 3, 1, 0, 2, 5, 10, 3, 4, 2, 4, 14, 2, 11, 0, 4, 0, 0, 2, 0, 4, 3, 11, 0, 0, 0, 0, 0, 3, 2, 0, 0, 0, 13, 3, 3, 0, 0, 0, 3, 3, 15, 7, 0, 16, 0, 0, 6, 0, 2, 1, 0, 13, 2, 4, 7, 6, 2, 0, 1, 3, 11, 2, 0, 6, 0, 12, 16, 2, 10, 5, 2, 2, 2, 2, 6, 1, 8, 12, 0, 13, 1, 3, 0, 9, 9, 10, 0, 14, 4, 0, 3, 2, 5, 5, 17, 2, 1, 3, 1, 10, 1, 4, 1, 0, 13, 3, 13, 2, 2, 3, 16, 0, 13, 7, 4, 0, 17, 18, 14, 3, 14, 3, 4, 1, 1, 9, 2, 2, 0, 2, 9, 0, 3, 17, 8, 2, 13, 1, 0, 17, 8, 3, 9, 17, 3, 13, 7, 1, 7, 2, 11, 0, 8, 0, 3, 11, 1, 13, 1, 16, 4, 10, 9, 18, 10, 17, 2, 2, 0, 0, 12, 2, 10, 13, 2, 7, 7, 7, 2, 15, 10, 17, 5, 4, 7, 10, 8, 17, 12, 7, 17, 16, 17, 9, 7, 7, 10, 2, 7, 3, 9, 12, 1, 0, 10, 17, 4, 4, 7, 3, 1, 3, 0, 3, 0, 0, 6, 3, 0, 8, 6, 3, 2, 9, 7, 4, 2, 3, 1, 7, 3, 13, 16, 9, 7, 3, 2, 14, 1, 6, 7, 12, 2, 5, 15, 1, 11, 15, 17, 5, 14, 10, 15, 3, 2, 18, 1, 18, 0, 4, 5, 1, 10, 3, 3, 0, 2, 7, 9, 14, 2, 3, 1, 1, 1, 2, 15, 5, 9, 3, 1, 10, 9, 0, 3, 5, 9, 2, 8, 0, 0, 7, 8, 1, 8, 9, 3, 3, 14, 9, 18, 12, 1, 2, 12, 5, 3, 8, 9, 9, 16, 16, 0, 8, 2, 4, 0, 13, 2, 13, 12, 3, 7, 0, 2, 3, 4, 3, 3, 14, 15, 8, 14, 7, 10, 0, 7, 1, 6, 6, 8, 3, 2, 4, 8, 9, 15, 10, 7, 1, 5, 0, 2, 3, 1, 11, 3, 13, 12, 0, 10, 18, 9, 13, 2, 2, 9, 2, 2, 4, 9, 2, 8, 2, 2, 4, 12, 5, 7, 9, 1, 12, 2, 4, 1, 0, 9, 10, 3, 9, 0, 8, 3, 1, 1, 1, 14, 12, 18, 9, 4, 9, 4, 14, 16, 0, 18, 7, 16, 7, 2, 1, 11, 17, 0, 16, 4, 9, 2, 18, 1, 0, 11, 16, 1, 10, 15, 0, 2, 8, 12, 12, 5, 0, 0, 13, 0, 6, 2, 3, 4, 11, 2, 2, 3, 2, 11, 3, 4, 3, 15, 6, 3, 2, 1, 4, 0, 11, 9, 9, 2, 1, 3, 14, 10, 11, 11, 1, 14, 1, 3, 2, 1, 10, 7, 12, 4, 1, 15, 17, 2, 2, 7, 3, 1, 4, 1, 1, 8, 15, 3, 1, 7, 0, 2, 0, 10, 7, 2, 7, 2, 1, 0, 1, 4, 2, 4, 3, 2, 7, 2, 3, 3, 1, 1, 0, 1, 10, 2, 2, 7, 0, 6, 7, 0, 8, 3, 11, 16, 4, 18, 11, 3, 5, 18, 18, 0, 18, 3, 0, 17, 16, 1, 1, 18, 9, 1, 0, 2, 0, 6, 0, 2, 4, 0, 1, 0, 1, 19, 15, 2, 2, 12, 0, 1, 4, 14, 13, 5, 14, 0, 2, 16, 0, 0, 1, 1, 14, 17, 0, 4, 11, 2, 14, 0, 1, 4, 18, 14, 1, 9, 3, 14, 17, 7, 1, 3, 17, 6, 5, 1, 17, 19, 3, 10, 7, 2, 4, 11, 3, 2, 3, 0, 7, 5, 9, 16, 3, 11, 11, 17, 3, 9, 0, 1, 15, 7, 2, 3, 3, 7, 1, 15, 2, 1, 0, 2, 7, 7, 13, 6, 1, 1, 4, 15, 1, 6, 13, 2, 8, 8, 2, 2, 6, 1, 1, 12, 2, 5, 0, 13, 13, 12, 9, 2, 7, 17, 4, 18, 7, 2, 1, 8, 4, 2, 15, 1, 3, 1, 2, 1, 7, 1, 2, 12, 1, 12, 12, 0, 2, 3, 3, 0, 1, 2, 4, 0, 2, 0, 12, 16, 8, 0, 9, 12, 4, 3, 3, 7, 1, 0, 4, 17, 7, 8, 0, 0, 2, 7, 10, 2, 15, 3, 3, 2, 12, 4, 4, 3, 4, 4, 0, 3, 18, 10, 13, 1, 2, 1, 1, 7, 0, 1, 0, 1, 20, 7, 12, 4, 4, 3, 3, 8, 2, 4]"
stage3_declaration_method_body,stage3_declaration_method_body,declaration_method_body_v1,xerces,1,65488944220cc3a503994d6f2289e0f7bdc06c619351a2e8243bca243538c8a3,65488944220cc3a503994d6f2289e0f7bdc06c619351a2e8243bca243538c8a3,36bdeca0e1ef32f36631c30ebbf86a1875621490e92f9b4a7fd0860755676236,d81607ad9e48ef274ecf65a4e3b1b1c7c22163c3b073831ffbb506bac7601bac,7e204d1865c1ddb228cc42f6f61519e280076590a92f0965e4f1fc765b77a4ab,7d5d45f6e7cc46cdb57c57688bc89b5e90e0ecea7390833a7acb2e8887d935a5,c1af2191baefddee68a7f41c97c29f7799df4bcf5372d9e9cf44a52a3b510286,seed1_solution090,0.92342199856218543097,0.31901714940290010203,0.4660118258535146385,0.91151783612734293971,0.92342199856218543097,-0.31901714940290010203,0.4660118258535146385,0.91151783612734293971,True,False,,,"[0, 0, 0, 1, 0, 0, 0, 0, 0, 2, 1, 3, 4, 3, 5, 1, 0, 6, 0, 0, 7, 0, 8, 2, 9, 0, 8, 0, 10, 0, 0, 0, 0, 11, 10, 4, 12, 8, 0, 0, 0, 12, 0, 2, 2, 0, 0, 0, 2, 13, 3, 11, 2, 0, 1, 0, 11, 4, 0, 13, 9, 14, 15, 0, 0, 13, 16, 17, 8, 0, 0, 5, 14, 4, 12, 4, 2, 16, 18, 14, 0, 10, 0, 1, 19, 20, 19, 0, 0, 3, 9, 2, 6, 10, 1, 0, 10, 16, 6, 21, 7, 0, 22, 15, 0, 22, 9, 4, 3, 18, 8, 5, 0, 16, 5, 18, 23, 2, 5, 16, 16, 17, 14, 6, 5, 10, 18, 5, 18, 16, 19, 2, 14, 5, 5, 15, 18, 0, 18, 4, 5, 9, 18, 12, 24, 12, 20, 6, 23, 16, 21, 13, 18, 8, 11, 5, 9, 20, 2, 18, 1, 8, 1, 23, 13, 5, 18, 8, 15, 5, 3, 8, 8, 14, 8, 11, 10, 3, 12, 2, 3, 13, 5, 8, 8, 9, 23, 21, 11, 9, 20, 23, 13, 17, 17, 4, 4, 4, 9, 12, 14, 4, 1, 15, 1, 3, 10, 6, 10, 17, 3, 6, 9, 20, 8, 20, 9, 15, 6, 1, 11, 13, 7, 24, 20, 0, 20, 8, 18, 14, 17, 18, 12, 6, 9, 16, 14, 20, 16, 20, 17, 22, 13, 20, 18, 16, 1, 0, 9, 20, 11, 20, 9, 15, 17, 20, 10, 1, 7, 3, 0, 20, 6, 13, 9, 6, 4, 24, 2, 22, 10, 14, 12, 10, 4, 18, 20, 20, 20, 5, 18, 5, 11, 23, 9, 8, 7, 21, 17, 1, 9, 9, 15, 12, 9, 24, 0, 20, 9, 18, 11, 15, 12, 2, 13, 6, 5, 7, 23, 21, 19, 5, 6, 16, 7, 20, 21, 6, 19, 21, 16, 11, 7, 21, 4, 21, 0, 7, 2, 24, 13, 12, 7, 22, 4, 11, 20, 10, 19, 7, 8, 15, 13, 1, 12, 13, 17, 2, 20, 0, 20, 18, 18, 4, 18, 0, 16, 18, 21, 23, 13, 17, 24, 18, 13, 0, 5, 13, 22, 4, 3, 16, 17, 14, 5, 2, 16, 13, 23, 10, 13, 10, 13, 9, 20, 21, 22, 18, 10, 23, 9, 14, 7, 22, 15, 2, 3, 13, 11, 3, 23, 9, 8, 3, 3, 11, 13, 23, 0, 16, 18, 17, 2, 4, 16, 0, 17, 0, 0, 17, 0, 14, 19, 14, 1, 22, 22, 3, 7, 19, 23, 10, 12, 20, 22, 10, 5, 21, 16, 1, 3, 15, 16, 0, 6, 10, 1, 10, 16, 23, 13, 5, 18, 7, 10, 8, 3, 16, 3, 21, 17, 20, 24, 10, 10, 13, 3, 23, 20, 20, 22, 21, 16, 13, 1, 21, 18, 13, 10, 8, 22, 10, 22, 24, 19, 7, 17, 23, 23, 6, 17, 23, 12, 0, 16, 19, 23, 0, 1, 2, 21, 21, 22, 7, 6, 21, 10, 8, 21, 22, 21, 8, 8, 8, 8, 11, 5, 18, 22, 22, 9, 16, 21, 19, 16, 16, 19, 8, 7, 5, 8, 13, 10, 1, 19, 23, 6, 3, 8, 8, 10, 21, 21, 21, 19, 6, 8, 2, 16, 8, 4, 8, 8, 21, 21, 5, 21, 19, 22, 5, 8, 8, 5, 21, 8, 21, 13, 4, 9, 5, 21, 7, 8, 9, 6, 14, 10, 23, 23, 13, 21, 16, 21, 17, 22, 0, 5, 17, 19, 11, 11, 23, 11, 15, 23, 12, 8, 4, 14, 10, 1, 1, 7, 11, 19, 9, 1, 2, 17, 18, 17, 20, 6, 12, 13, 21, 9, 14, 5, 10, 6, 21, 1, 18, 21, 16, 21, 3, 12, 14, 12, 16, 4, 8, 9, 22, 8, 11, 21, 16, 17, 19, 4, 18, 3, 4, 4, 16, 5, 4, 1, 13, 11, 5, 6, 5, 5, 5, 0, 5, 10, 10, 21, 12, 16, 20, 17, 22, 1, 15, 24, 1, 7, 22, 8, 11, 4, 14, 0, 5, 4, 8, 1, 23, 9, 13, 10, 8, 8, 11, 9, 8, 5, 8, 8, 13, 8, 5, 10, 3, 15, 23, 3, 22, 3, 8, 2, 22, 8, 9, 8, 5, 0, 3, 5, 8, 0, 21, 6, 21, 16, 10, 8, 19, 17, 19, 1, 21, 7, 24, 17, 1, 20, 1, 8, 9, 4, 13, 16, 21, 16, 20, 7, 21, 10, 10, 20, 11, 8, 10, 18, 23, 21, 3, 21, 11, 8, 3, 13, 15, 12, 3, 23, 10, 16, 0, 10, 9, 20, 18, 10, 20, 8, 17, 20, 1, 6, 8, 21, 3, 17, 1, 17, 21, 1, 14, 1, 3, 7, 7, 12, 18, 25, 25, 21, 12, 26, 2, 23, 18, 1, 18, 13, 3, 17, 26, 1, 1, 11, 3, 12, 1, 13, 20]"
stage3_declaration_method_body,stage3_declaration_method_body,declaration_method_body_v1,xerces,1,65488944220cc3a503994d6f2289e0f7bdc06c619351a2e8243bca243538c8a3,65488944220cc3a503994d6f2289e0f7bdc06c619351a2e8243bca243538c8a3,36bdeca0e1ef32f36631c30ebbf86a1875621490e92f9b4a7fd0860755676236,d81607ad9e48ef274ecf65a4e3b1b1c7c22163c3b073831ffbb506bac7601bac,7e204d1865c1ddb228cc42f6f61519e280076590a92f0965e4f1fc765b77a4ab,7d5d45f6e7cc46cdb57c57688bc89b5e90e0ecea7390833a7acb2e8887d935a5,c1af2191baefddee68a7f41c97c29f7799df4bcf5372d9e9cf44a52a3b510286,seed1_solution091,0.9290294751976995169,0.17829379446269350007,0.43234517212062018032,0.93613523304711654394,0.9290294751976995169,-0.17829379446269350007,0.43234517212062018032,0.93613523304711654394,True,False,,,"[0, 1, 0, 2, 3, 1, 3, 4, 5, 6, 2, 4, 4, 0, 7, 8, 8, 1, 3, 0, 9, 4, 9, 8, 3, 8, 3, 6, 1, 7, 7, 0, 10, 10, 7, 4, 11, 4, 0, 2, 5, 1, 12, 2, 2, 5, 13, 0, 14, 0, 15, 5, 9, 9, 1, 11, 16, 14, 12, 14, 17, 18, 2, 8, 15, 19, 10, 20, 5, 21, 7, 3, 0, 5, 0, 0, 2, 12, 10, 3, 12, 7, 10, 12, 0, 0, 0, 2, 0, 0, 17, 9, 17, 11, 2, 0, 0, 3, 1, 17, 17, 5, 17, 22, 0, 20, 9, 4, 5, 6, 9, 5, 5, 16, 12, 20, 13, 1, 9, 12, 2, 20, 8, 21, 10, 11, 2, 23, 16, 2, 13, 2, 1, 5, 7, 22, 16, 0, 6, 5, 6, 10, 14, 5, 14, 21, 19, 21, 18, 12, 8, 14, 6, 11, 2, 1, 14, 19, 11, 1, 23, 21, 0, 15, 14, 15, 23, 2, 15, 10, 15, 15, 6, 5, 0, 16, 13, 21, 23, 4, 3, 6, 6, 6, 18, 17, 18, 0, 11, 9, 2, 13, 14, 20, 2, 9, 15, 14, 14, 7, 3, 5, 1, 3, 1, 7, 5, 21, 7, 13, 15, 12, 0, 18, 23, 1, 15, 1, 0, 6, 15, 11, 13, 11, 1, 6, 8, 3, 0, 7, 12, 11, 15, 0, 21, 4, 18, 1, 23, 11, 11, 8, 7, 4, 16, 7, 11, 7, 4, 1, 16, 21, 17, 22, 17, 1, 1, 2, 2, 9, 14, 15, 0, 19, 10, 15, 6, 7, 1, 12, 13, 0, 5, 0, 4, 8, 3, 0, 23, 5, 6, 5, 11, 13, 5, 2, 3, 3, 20, 1, 7, 21, 22, 23, 12, 5, 3, 1, 2, 8, 16, 22, 5, 14, 14, 15, 6, 10, 6, 21, 24, 23, 12, 12, 13, 19, 13, 0, 6, 14, 1, 16, 9, 12, 4, 17, 4, 14, 1, 7, 14, 5, 4, 12, 2, 11, 23, 6, 11, 2, 11, 22, 0, 11, 4, 14, 13, 7, 23, 21, 4, 1, 20, 12, 14, 0, 3, 4, 3, 12, 7, 14, 2, 6, 6, 8, 7, 7, 14, 10, 10, 17, 7, 24, 23, 6, 12, 2, 12, 14, 13, 5, 7, 15, 3, 3, 24, 10, 21, 17, 7, 21, 20, 11, 9, 6, 1, 7, 16, 14, 18, 9, 5, 15, 9, 23, 15, 5, 0, 6, 0, 13, 3, 4, 12, 3, 9, 0, 14, 18, 0, 14, 24, 4, 2, 9, 2, 2, 5, 22, 13, 4, 2, 19, 20, 5, 9, 21, 9, 2, 15, 10, 19, 1, 0, 9, 11, 14, 11, 13, 10, 9, 7, 1, 19, 21, 7, 13, 14, 4, 18, 6, 7, 17, 0, 0, 5, 12, 10, 19, 1, 3, 5, 17, 17, 14, 9, 19, 13, 5, 12, 11, 17, 13, 13, 2, 17, 2, 12, 14, 1, 19, 0, 0, 12, 0, 13, 21, 3, 7, 12, 13, 2, 8, 21, 23, 11, 6, 21, 12, 4, 6, 2, 1, 5, 11, 12, 2, 19, 15, 17, 8, 3, 11, 3, 24, 12, 1, 2, 3, 11, 1, 11, 4, 7, 5, 6, 17, 11, 2, 9, 20, 7, 3, 2, 15, 2, 4, 1, 1, 1, 14, 0, 8, 14, 3, 5, 2, 5, 2, 1, 19, 9, 5, 17, 20, 3, 2, 4, 17, 3, 5, 1, 1, 0, 12, 15, 12, 4, 19, 15, 10, 5, 18, 7, 0, 1, 17, 24, 13, 23, 3, 8, 22, 13, 0, 1, 4, 18, 11, 17, 1, 8, 18, 9, 17, 8, 2, 7, 8, 22, 11, 5, 5, 1, 1, 17, 18, 11, 2, 5, 14, 1, 1, 13, 18, 21, 8, 14, 24, 21, 4, 5, 22, 1, 1, 21, 16, 6, 5, 23, 22, 21, 0, 7, 9, 14, 10, 7, 4, 3, 19, 16, 4, 15, 3, 6, 8, 8, 7, 10, 11, 5, 5, 21, 19, 20, 22, 13, 4, 3, 1, 4, 8, 14, 17, 5, 23, 0, 9, 6, 16, 23, 18, 17, 6, 11, 23, 3, 5, 9, 14, 2, 13, 23, 19, 5, 22, 7, 8, 1, 2, 3, 17, 5, 4, 2, 24, 24, 12, 1, 9, 0, 7, 9, 19, 0, 1, 21, 9, 17, 11, 9, 2, 20, 11, 2, 13, 4, 10, 5, 7, 19, 22, 23, 2, 14, 1, 16, 19, 12, 19, 8, 7, 1, 7, 14, 10, 2, 3, 3, 18, 3, 15, 23, 11, 2, 19, 14, 10, 23, 15, 12, 7, 6, 0, 3, 9, 9, 8, 11, 1, 4, 7, 0, 19, 2, 24, 15, 7, 18, 5, 3, 2, 12, 5, 2, 5, 5, 8, 0, 8, 19, 11, 21, 1, 14, 5, 1, 9, 12, 6, 0, 18, 18, 15, 14, 0, 13, 5, 5, 2, 11, 5]"
stage3_declaration_method_body,stage3_declaration_method_body,declaration_method_body_v1,xerces,1,65488944220cc3a503994d6f2289e0f7bdc06c619351a2e8243bca243538c8a3,65488944220cc3a503994d6f2289e0f7bdc06c619351a2e8243bca243538c8a3,36bdeca0e1ef32f36631c30ebbf86a1875621490e92f9b4a7fd0860755676236,d81607ad9e48ef274ecf65a4e3b1b1c7c22163c3b073831ffbb506bac7601bac,7e204d1865c1ddb228cc42f6f61519e280076590a92f0965e4f1fc765b77a4ab,7d5d45f6e7cc46cdb57c57688bc89b5e90e0ecea7390833a7acb2e8887d935a5,c1af2191baefddee68a7f41c97c29f7799df4bcf5372d9e9cf44a52a3b510286,seed1_solution092,0.93621854780733282375,0.14198144151137531699,0.34608865997544813187,0.93593755652826027269,0.93621854780733282375,-0.14198144151137531699,0.34608865997544813187,0.93593755652826027269,True,False,,,"[0, 1, 0, 2, 0, 0, 3, 4, 5, 6, 0, 5, 6, 6, 7, 8, 8, 7, 3, 0, 9, 10, 1, 2, 11, 7, 12, 0, 9, 5, 5, 0, 9, 9, 0, 6, 13, 6, 0, 2, 10, 5, 14, 0, 0, 6, 0, 15, 2, 0, 11, 16, 8, 17, 8, 9, 17, 12, 14, 16, 17, 18, 19, 0, 12, 20, 17, 21, 4, 0, 0, 3, 8, 5, 10, 13, 8, 1, 8, 18, 0, 0, 9, 18, 18, 20, 19, 14, 0, 22, 0, 15, 10, 9, 2, 23, 22, 0, 13, 0, 8, 0, 15, 15, 0, 21, 7, 4, 6, 0, 5, 24, 2, 23, 23, 23, 19, 6, 22, 14, 24, 21, 8, 13, 9, 12, 18, 11, 23, 24, 21, 2, 18, 5, 23, 19, 23, 0, 2, 5, 3, 8, 17, 3, 12, 13, 1, 13, 18, 17, 13, 12, 23, 20, 9, 3, 11, 20, 2, 23, 10, 13, 1, 1, 12, 3, 10, 13, 19, 21, 11, 1, 22, 1, 19, 5, 7, 20, 10, 6, 5, 9, 2, 14, 18, 17, 14, 4, 9, 7, 16, 21, 7, 21, 21, 11, 6, 12, 12, 10, 11, 11, 1, 15, 1, 5, 5, 11, 11, 19, 5, 16, 7, 18, 4, 1, 7, 21, 0, 8, 11, 9, 11, 7, 13, 2, 8, 4, 23, 14, 21, 7, 11, 10, 7, 17, 18, 22, 17, 7, 14, 24, 9, 7, 7, 13, 7, 0, 1, 21, 23, 11, 12, 15, 15, 21, 22, 2, 8, 6, 7, 11, 11, 20, 16, 11, 12, 22, 8, 24, 21, 12, 6, 12, 4, 12, 5, 9, 10, 23, 23, 5, 9, 21, 7, 1, 8, 4, 1, 1, 16, 13, 16, 10, 13, 21, 0, 10, 8, 23, 17, 19, 5, 13, 12, 13, 2, 19, 14, 13, 24, 3, 14, 14, 16, 20, 13, 13, 19, 13, 17, 23, 22, 24, 6, 13, 0, 15, 1, 22, 16, 6, 6, 24, 6, 9, 10, 3, 12, 8, 9, 12, 12, 13, 6, 12, 19, 2, 11, 0, 10, 1, 22, 22, 3, 0, 14, 6, 4, 24, 20, 19, 12, 3, 3, 0, 12, 12, 12, 12, 5, 13, 14, 18, 10, 2, 1, 3, 14, 21, 19, 22, 12, 11, 20, 3, 18, 16, 22, 19, 7, 16, 21, 6, 15, 2, 18, 22, 23, 16, 14, 5, 22, 7, 21, 17, 20, 13, 0, 1, 23, 21, 24, 6, 1, 0, 14, 0, 12, 1, 0, 18, 18, 18, 18, 15, 24, 5, 8, 15, 19, 6, 12, 20, 15, 12, 7, 5, 17, 2, 11, 15, 24, 0, 10, 18, 1, 12, 14, 14, 16, 7, 17, 20, 20, 3, 19, 24, 1, 8, 18, 10, 12, 17, 16, 0, 19, 23, 10, 20, 24, 4, 24, 1, 11, 3, 3, 20, 9, 8, 14, 9, 16, 5, 21, 8, 21, 4, 3, 11, 21, 20, 11, 0, 24, 19, 21, 10, 8, 2, 11, 19, 24, 3, 13, 6, 9, 12, 13, 24, 17, 2, 24, 5, 4, 22, 22, 23, 20, 11, 17, 8, 4, 19, 9, 18, 14, 9, 2, 3, 4, 12, 9, 8, 19, 24, 13, 6, 13, 20, 22, 21, 6, 3, 15, 11, 8, 6, 1, 1, 12, 4, 6, 3, 3, 3, 18, 19, 14, 7, 23, 1, 3, 18, 3, 21, 16, 3, 7, 14, 8, 16, 21, 13, 11, 24, 1, 1, 1, 20, 7, 9, 5, 14, 24, 1, 2, 6, 18, 20, 9, 19, 18, 15, 13, 6, 1, 14, 18, 14, 2, 1, 8, 14, 24, 14, 1, 6, 22, 1, 5, 20, 20, 20, 1, 6, 13, 18, 9, 12, 11, 13, 24, 2, 19, 14, 13, 7, 5, 24, 13, 4, 5, 15, 3, 18, 19, 2, 2, 17, 21, 15, 4, 17, 5, 18, 12, 16, 3, 6, 14, 20, 8, 7, 7, 4, 23, 15, 0, 17, 9, 15, 15, 5, 13, 3, 23, 15, 1, 15, 22, 1, 2, 22, 18, 9, 5, 15, 9, 7, 1, 23, 10, 14, 1, 20, 12, 1, 1, 9, 7, 16, 7, 21, 10, 20, 16, 19, 22, 5, 3, 24, 6, 4, 6, 11, 2, 18, 1, 17, 1, 1, 0, 22, 7, 1, 0, 3, 13, 13, 17, 12, 22, 19, 15, 21, 7, 4, 2, 16, 18, 8, 20, 15, 22, 6, 12, 4, 17, 20, 14, 20, 8, 13, 7, 9, 10, 9, 4, 12, 8, 14, 4, 11, 10, 9, 6, 5, 12, 15, 10, 12, 14, 22, 14, 0, 24, 7, 7, 23, 9, 1, 1, 14, 7, 20, 11, 24, 6, 22, 14, 5, 21, 3, 10, 18, 8, 6, 8, 8, 5, 8, 20, 25, 13, 5, 7, 2, 14, 23, 2, 3, 26, 6, 26, 20, 1, 19, 23, 8, 5, 2, 9, 10]"
stage3_declaration_method_body,stage3_declaration_method_body,declaration_method_body_v1,xerces,1,65488944220cc3a503994d6f2289e0f7bdc06c619351a2e8243bca243538c8a3,65488944220cc3a503994d6f2289e0f7bdc06c619351a2e8243bca243538c8a3,36bdeca0e1ef32f36631c30ebbf86a1875621490e92f9b4a7fd0860755676236,d81607ad9e48ef274ecf65a4e3b1b1c7c22163c3b073831ffbb506bac7601bac,7e204d1865c1ddb228cc42f6f61519e280076590a92f0965e4f1fc765b77a4ab,7d5d45f6e7cc46cdb57c57688bc89b5e90e0ecea7390833a7acb2e8887d935a5,c1af2191baefddee68a7f41c97c29f7799df4bcf5372d9e9cf44a52a3b510286,seed1_solution093,0.95171818835370236567,0.12624529022691302615,0.16483904783999514532,0.95622454458887296003,0.95171818835370236567,-0.12624529022691302615,0.16483904783999514532,0.95622454458887296003,True,False,,,"[0, 1, 0, 2, 3, 4, 5, 6, 4, 6, 2, 7, 6, 4, 8, 9, 9, 10, 3, 0, 11, 12, 1, 5, 10, 8, 13, 0, 11, 7, 4, 14, 15, 15, 7, 6, 16, 6, 0, 2, 12, 4, 17, 2, 2, 4, 18, 19, 5, 13, 10, 15, 2, 14, 2, 11, 20, 13, 17, 13, 14, 21, 19, 0, 13, 22, 14, 23, 6, 16, 7, 3, 9, 4, 12, 16, 2, 17, 9, 21, 0, 7, 15, 21, 24, 22, 19, 17, 15, 7, 14, 23, 12, 11, 2, 20, 11, 14, 16, 16, 14, 4, 23, 19, 3, 13, 8, 6, 4, 5, 5, 24, 2, 20, 17, 23, 18, 6, 8, 17, 17, 23, 9, 16, 15, 11, 21, 12, 20, 17, 18, 2, 24, 4, 7, 19, 20, 0, 5, 4, 5, 14, 20, 4, 13, 16, 22, 16, 21, 14, 16, 13, 2, 22, 11, 11, 10, 22, 2, 5, 12, 16, 0, 17, 13, 0, 12, 16, 19, 18, 10, 12, 7, 9, 19, 20, 10, 22, 12, 6, 8, 11, 5, 21, 21, 14, 21, 3, 11, 8, 13, 18, 13, 23, 23, 9, 4, 13, 13, 12, 9, 4, 1, 19, 1, 20, 4, 16, 7, 18, 4, 15, 15, 21, 3, 1, 14, 23, 0, 2, 20, 11, 15, 7, 16, 5, 9, 3, 20, 21, 18, 20, 12, 12, 16, 20, 21, 7, 14, 8, 21, 24, 11, 13, 20, 14, 1, 0, 1, 23, 20, 16, 14, 19, 23, 23, 20, 2, 2, 4, 0, 10, 24, 22, 15, 10, 6, 7, 2, 17, 18, 21, 4, 3, 6, 5, 4, 11, 12, 4, 18, 4, 11, 18, 8, 1, 1, 3, 23, 1, 7, 16, 19, 12, 14, 23, 0, 12, 2, 9, 20, 19, 4, 13, 13, 10, 5, 18, 21, 22, 24, 3, 17, 17, 15, 22, 3, 16, 19, 13, 14, 20, 8, 24, 6, 14, 0, 19, 1, 7, 13, 4, 6, 17, 4, 11, 12, 5, 18, 2, 3, 19, 13, 16, 6, 13, 18, 2, 12, 16, 12, 1, 23, 13, 5, 0, 17, 6, 3, 17, 22, 18, 13, 5, 5, 0, 5, 13, 24, 6, 7, 14, 21, 24, 12, 5, 17, 5, 17, 18, 18, 7, 22, 10, 22, 3, 24, 15, 3, 18, 8, 9, 23, 6, 19, 5, 24, 7, 20, 13, 21, 14, 3, 10, 23, 20, 22, 16, 0, 1, 20, 18, 2, 6, 1, 0, 21, 0, 0, 21, 0, 21, 24, 24, 24, 23, 0, 9, 2, 19, 18, 6, 4, 22, 23, 4, 8, 16, 14, 2, 10, 19, 22, 0, 16, 21, 1, 13, 17, 21, 15, 8, 20, 22, 22, 3, 18, 17, 10, 20, 21, 12, 7, 14, 15, 0, 18, 17, 12, 22, 22, 3, 4, 14, 10, 13, 5, 22, 11, 2, 17, 11, 15, 7, 18, 2, 14, 6, 3, 10, 21, 22, 12, 0, 17, 18, 18, 16, 0, 7, 10, 18, 2, 9, 16, 12, 11, 13, 16, 17, 14, 5, 24, 18, 18, 11, 8, 2, 22, 10, 14, 9, 3, 18, 11, 24, 17, 1, 2, 5, 3, 11, 11, 2, 8, 17, 16, 4, 16, 22, 8, 23, 6, 3, 19, 10, 2, 6, 1, 1, 13, 6, 6, 9, 14, 3, 21, 18, 17, 8, 20, 22, 8, 24, 3, 23, 13, 6, 8, 17, 9, 15, 18, 14, 10, 24, 7, 17, 17, 22, 10, 15, 4, 21, 12, 0, 5, 6, 24, 22, 15, 18, 21, 19, 16, 4, 1, 6, 21, 11, 2, 1, 9, 21, 24, 14, 1, 6, 7, 5, 4, 20, 16, 4, 1, 10, 14, 21, 11, 15, 12, 16, 1, 5, 18, 21, 16, 10, 4, 24, 16, 6, 4, 19, 8, 24, 19, 20, 5, 20, 23, 19, 6, 20, 7, 21, 13, 15, 3, 6, 17, 22, 20, 8, 10, 3, 5, 19, 0, 14, 11, 11, 19, 4, 16, 22, 23, 19, 18, 6, 7, 1, 2, 7, 1, 23, 4, 21, 0, 8, 13, 20, 12, 21, 8, 22, 11, 12, 15, 11, 8, 13, 8, 18, 12, 22, 15, 14, 7, 4, 19, 17, 4, 23, 4, 10, 2, 24, 24, 14, 1, 8, 0, 7, 8, 22, 0, 1, 16, 16, 14, 11, 7, 18, 23, 18, 8, 3, 2, 15, 21, 2, 22, 19, 7, 8, 13, 13, 20, 22, 17, 22, 9, 16, 8, 11, 12, 15, 6, 13, 9, 21, 3, 10, 12, 11, 6, 22, 9, 19, 12, 10, 17, 7, 17, 0, 24, 8, 8, 9, 11, 1, 1, 21, 15, 22, 17, 24, 16, 7, 21, 4, 23, 3, 12, 21, 2, 4, 22, 9, 4, 9, 22, 20, 16, 4, 8, 12, 21, 20, 2, 5, 22, 4, 21, 22, 1, 18, 20, 4, 4, 2, 11, 12]"
stage3_declaration_method_body,stage3_declaration_method_body,declaration_method_body_v1,xerces,1,65488944220cc3a503994d6f2289e0f7bdc06c619351a2e8243bca243538c8a3,65488944220cc3a503994d6f2289e0f7bdc06c619351a2e8243bca243538c8a3,36bdeca0e1ef32f36631c30ebbf86a1875621490e92f9b4a7fd0860755676236,d81607ad9e48ef274ecf65a4e3b1b1c7c22163c3b073831ffbb506bac7601bac,7e204d1865c1ddb228cc42f6f61519e280076590a92f0965e4f1fc765b77a4ab,7d5d45f6e7cc46cdb57c57688bc89b5e90e0ecea7390833a7acb2e8887d935a5,c1af2191baefddee68a7f41c97c29f7799df4bcf5372d9e9cf44a52a3b510286,seed1_solution094,0.95197699496764920379,0.12536095688169501816,0.16206906716501701116,0.95616916668371743082,0.95197699496764920379,-0.12536095688169501816,0.16206906716501701116,0.95616916668371743082,True,False,,,"[0, 1, 0, 2, 3, 4, 5, 6, 4, 6, 2, 7, 6, 4, 8, 9, 9, 10, 3, 0, 11, 12, 1, 5, 10, 8, 13, 0, 11, 7, 4, 14, 15, 15, 7, 6, 16, 6, 0, 2, 12, 4, 17, 2, 2, 4, 18, 19, 5, 13, 10, 15, 2, 14, 2, 11, 20, 13, 17, 13, 14, 21, 19, 0, 13, 22, 14, 23, 6, 16, 7, 3, 9, 4, 12, 16, 2, 17, 9, 21, 0, 7, 15, 21, 24, 22, 19, 17, 15, 7, 14, 23, 12, 11, 2, 20, 11, 14, 16, 16, 14, 4, 23, 19, 3, 23, 8, 6, 4, 5, 5, 24, 2, 20, 17, 23, 18, 6, 8, 17, 17, 23, 9, 16, 15, 11, 21, 12, 20, 17, 18, 2, 24, 4, 7, 19, 20, 0, 5, 4, 5, 14, 20, 4, 13, 16, 22, 16, 21, 14, 16, 13, 2, 22, 11, 11, 10, 22, 2, 5, 12, 16, 0, 17, 13, 0, 12, 16, 19, 18, 10, 12, 7, 9, 19, 20, 10, 22, 12, 6, 8, 11, 5, 21, 21, 14, 21, 3, 11, 8, 13, 18, 13, 23, 23, 9, 4, 13, 13, 12, 9, 4, 1, 19, 1, 20, 4, 16, 7, 18, 4, 15, 15, 21, 3, 1, 14, 23, 0, 2, 20, 11, 15, 7, 16, 5, 9, 3, 20, 21, 18, 20, 12, 12, 16, 20, 21, 7, 14, 8, 21, 24, 11, 13, 20, 14, 1, 0, 1, 23, 20, 16, 14, 19, 23, 23, 20, 2, 2, 4, 0, 10, 24, 22, 15, 10, 6, 7, 2, 17, 18, 21, 4, 3, 6, 5, 4, 11, 12, 4, 18, 4, 11, 18, 8, 1, 1, 3, 23, 1, 7, 16, 19, 12, 14, 23, 0, 12, 2, 9, 20, 19, 4, 13, 13, 10, 5, 18, 21, 22, 24, 3, 17, 17, 15, 22, 3, 16, 19, 13, 14, 20, 8, 24, 6, 14, 0, 19, 1, 7, 13, 4, 6, 17, 4, 11, 12, 5, 18, 2, 3, 19, 13, 16, 6, 13, 18, 2, 12, 16, 12, 1, 23, 13, 5, 0, 17, 6, 3, 17, 22, 18, 13, 5, 5, 0, 5, 13, 24, 6, 7, 14, 21, 24, 12, 5, 17, 5, 17, 18, 18, 7, 22, 10, 22, 3, 24, 15, 3, 18, 8, 9, 23, 6, 19, 5, 24, 7, 20, 13, 21, 14, 3, 10, 23, 20, 22, 16, 0, 1, 20, 18, 2, 6, 1, 0, 21, 0, 0, 21, 0, 21, 24, 24, 24, 23, 0, 9, 2, 19, 18, 6, 4, 22, 23, 4, 8, 16, 14, 2, 10, 19, 22, 0, 16, 21, 1, 13, 17, 21, 15, 8, 20, 22, 22, 3, 18, 17, 10, 20, 21, 12, 7, 14, 15, 0, 18, 17, 12, 22, 22, 3, 4, 14, 10, 13, 5, 22, 11, 2, 17, 11, 15, 7, 18, 2, 14, 6, 3, 10, 21, 22, 12, 0, 17, 18, 18, 16, 0, 7, 10, 18, 2, 9, 16, 12, 11, 13, 16, 17, 14, 5, 24, 18, 18, 11, 8, 2, 22, 10, 14, 9, 3, 18, 11, 24, 17, 1, 2, 5, 3, 11, 11, 2, 8, 17, 16, 4, 16, 22, 8, 23, 6, 3, 19, 10, 2, 6, 1, 1, 13, 6, 6, 9, 14, 3, 21, 18, 17, 8, 20, 22, 8, 24, 3, 23, 13, 6, 8, 17, 9, 15, 18, 14, 10, 24, 7, 17, 17, 22, 10, 15, 4, 21, 12, 0, 5, 6, 24, 22, 15, 18, 21, 19, 16, 4, 1, 6, 21, 11, 2, 1, 9, 21, 24, 14, 1, 6, 7, 5, 4, 20, 16, 4, 1, 10, 14, 21, 11, 15, 12, 16, 1, 5, 18, 21, 16, 10, 4, 24, 16, 6, 4, 19, 8, 24, 19, 20, 5, 20, 23, 19, 6, 20, 7, 21, 13, 15, 3, 6, 17, 22, 20, 8, 10, 3, 5, 19, 0, 14, 11, 11, 19, 4, 16, 22, 23, 19, 18, 6, 7, 1, 2, 7, 1, 23, 4, 21, 0, 8, 13, 20, 12, 21, 8, 22, 11, 12, 15, 11, 8, 13, 8, 18, 12, 22, 15, 19, 7, 4, 19, 17, 4, 23, 4, 10, 2, 24, 24, 14, 1, 8, 0, 7, 8, 22, 0, 1, 16, 16, 14, 11, 7, 18, 23, 18, 8, 3, 2, 15, 21, 2, 22, 19, 7, 8, 13, 13, 20, 22, 17, 22, 9, 16, 8, 11, 12, 15, 6, 13, 9, 21, 3, 10, 12, 11, 6, 22, 9, 19, 12, 10, 17, 7, 17, 0, 24, 8, 8, 9, 11, 1, 1, 21, 15, 22, 17, 24, 16, 7, 21, 4, 23, 3, 12, 21, 2, 4, 22, 9, 4, 9, 22, 20, 16, 4, 8, 12, 21, 20, 2, 5, 22, 4, 21, 22, 1, 18, 20, 4, 4, 2, 11, 12]"
stage3_declaration_method_body,stage3_declaration_method_body,declaration_method_body_v1,xerces,1,65488944220cc3a503994d6f2289e0f7bdc06c619351a2e8243bca243538c8a3,65488944220cc3a503994d6f2289e0f7bdc06c619351a2e8243bca243538c8a3,36bdeca0e1ef32f36631c30ebbf86a1875621490e92f9b4a7fd0860755676236,d81607ad9e48ef274ecf65a4e3b1b1c7c22163c3b073831ffbb506bac7601bac,7e204d1865c1ddb228cc42f6f61519e280076590a92f0965e4f1fc765b77a4ab,7d5d45f6e7cc46cdb57c57688bc89b5e90e0ecea7390833a7acb2e8887d935a5,c1af2191baefddee68a7f41c97c29f7799df4bcf5372d9e9cf44a52a3b510286,seed1_solution095,0.96428468727534144556,0.22502280683250000526,0.3830363600300361604,0.96598768788245670258,0.96428468727534144556,-0.22502280683250000526,0.3830363600300361604,0.96598768788245670258,True,False,,,"[0, 1, 2, 3, 4, 5, 6, 7, 7, 8, 0, 9, 10, 11, 7, 8, 12, 13, 11, 14, 15, 16, 1, 8, 17, 17, 0, 18, 19, 4, 20, 21, 1, 7, 22, 18, 9, 15, 23, 7, 24, 2, 19, 4, 20, 4, 0, 0, 25, 16, 22, 0, 26, 23, 16, 25, 1, 10, 27, 25, 14, 28, 29, 2, 19, 4, 6, 16, 30, 31, 26, 17, 12, 32, 33, 24, 9, 31, 33, 17, 28, 0, 10, 28, 6, 5, 3, 0, 15, 0, 8, 21, 24, 23, 16, 24, 23, 20, 10, 4, 24, 18, 4, 34, 27, 28, 35, 36, 7, 3, 6, 0, 3, 27, 22, 24, 12, 37, 30, 3, 9, 14, 13, 4, 8, 19, 35, 38, 4, 14, 2, 8, 20, 7, 14, 8, 12, 39, 24, 0, 20, 37, 13, 14, 13, 8, 18, 24, 11, 26, 32, 19, 10, 36, 31, 32, 12, 16, 31, 3, 0, 37, 21, 14, 15, 24, 19, 9, 26, 17, 12, 31, 14, 23, 22, 11, 10, 19, 31, 4, 10, 17, 25, 34, 21, 8, 6, 20, 19, 30, 6, 6, 18, 9, 4, 4, 27, 6, 3, 20, 35, 32, 9, 29, 24, 34, 4, 27, 11, 2, 37, 36, 27, 3, 10, 30, 1, 34, 22, 1, 23, 40, 18, 32, 28, 30, 12, 16, 39, 24, 39, 25, 17, 10, 19, 5, 12, 4, 11, 35, 32, 18, 27, 0, 2, 32, 22, 4, 10, 22, 18, 23, 21, 0, 14, 15, 32, 15, 30, 0, 17, 23, 15, 34, 1, 28, 24, 37, 25, 7, 15, 14, 6, 30, 21, 7, 24, 34, 17, 7, 7, 17, 27, 29, 27, 5, 15, 11, 19, 14, 17, 22, 21, 28, 35, 9, 31, 32, 30, 10, 10, 41, 18, 35, 34, 25, 21, 12, 23, 21, 37, 10, 38, 17, 5, 36, 14, 14, 12, 4, 22, 3, 22, 0, 6, 24, 23, 12, 22, 25, 2, 5, 22, 5, 42, 22, 42, 20, 9, 6, 2, 21, 30, 5, 15, 30, 21, 2, 32, 37, 6, 6, 35, 32, 2, 9, 32, 29, 21, 20, 30, 16, 15, 21, 8, 6, 11, 18, 27, 41, 33, 17, 24, 17, 26, 16, 16, 1, 22, 18, 2, 39, 16, 23, 32, 9, 20, 11, 25, 16, 18, 11, 17, 4, 15, 11, 39, 23, 25, 35, 23, 13, 19, 30, 2, 5, 14, 24, 10, 24, 32, 8, 3, 28, 40, 41, 4, 19, 32, 17, 30, 30, 32, 23, 22, 0, 12, 1, 16, 12, 38, 22, 32, 7, 11, 21, 22, 32, 14, 7, 29, 11, 21, 16, 13, 14, 22, 29, 26, 38, 10, 16, 17, 17, 39, 35, 0, 4, 17, 23, 34, 6, 25, 41, 4, 40, 22, 6, 26, 18, 0, 8, 5, 25, 18, 15, 19, 23, 12, 4, 32, 21, 23, 26, 8, 4, 10, 7, 14, 23, 20, 11, 17, 36, 32, 16, 5, 31, 6, 3, 38, 19, 34, 7, 7, 40, 32, 34, 4, 0, 41, 3, 11, 16, 2, 9, 36, 32, 6, 40, 17, 9, 17, 41, 5, 32, 35, 33, 10, 1, 6, 10, 8, 9, 14, 21, 19, 12, 1, 2, 7, 16, 7, 6, 11, 25, 7, 10, 25, 11, 17, 0, 17, 5, 29, 14, 12, 17, 19, 2, 38, 11, 4, 16, 1, 27, 5, 18, 34, 10, 2, 18, 26, 1, 15, 28, 8, 14, 11, 23, 1, 15, 3, 33, 40, 9, 18, 5, 3, 36, 9, 34, 4, 32, 9, 39, 39, 6, 9, 36, 31, 28, 21, 17, 26, 11, 7, 11, 17, 2, 3, 17, 1, 12, 32, 14, 32, 21, 9, 29, 6, 23, 21, 14, 11, 7, 25, 10, 7, 40, 25, 6, 16, 4, 4, 6, 23, 23, 32, 25, 15, 10, 2, 22, 20, 12, 36, 6, 1, 9, 15, 7, 29, 4, 25, 3, 12, 10, 12, 16, 34, 8, 5, 15, 41, 19, 9, 30, 17, 4, 11, 3, 15, 30, 13, 7, 11, 20, 20, 20, 38, 9, 22, 13, 5, 20, 16, 14, 36, 21, 27, 8, 21, 8, 35, 22, 20, 36, 31, 11, 21, 29, 1, 8, 15, 38, 8, 3, 32, 19, 22, 10, 31, 22, 9, 1, 7, 29, 5, 9, 28, 24, 4, 12, 37, 21, 22, 26, 32, 22, 23, 34, 18, 5, 33, 0, 12, 15, 41, 14, 20, 39, 5, 0, 1, 19, 14, 7, 10, 23, 34, 28, 27, 37, 30, 12, 30, 0, 28, 30, 17, 30, 13, 3, 26, 19, 32, 16, 32, 31, 16, 13, 11, 23, 12, 12, 12, 31, 41, 41, 35, 13, 19, 19, 34, 42, 23, 19, 15, 35, 18, 7, 41, 0, 8, 42, 36, 34, 4, 14, 10, 37, 3, 10, 30, 23, 28, 41, 15, 24, 8, 12, 28, 19]"
stage3_declaration_method_body,stage3_declaration_method_body,declaration_method_body_v1,xerces,1,65488944220cc3a503994d6f2289e0f7bdc06c619351a2e8243bca243538c8a3,65488944220cc3a503994d6f2289e0f7bdc06c619351a2e8243bca243538c8a3,36bdeca0e1ef32f36631c30ebbf86a1875621490e92f9b4a7fd0860755676236,d81607ad9e48ef274ecf65a4e3b1b1c7c22163c3b073831ffbb506bac7601bac,7e204d1865c1ddb228cc42f6f61519e280076590a92f0965e4f1fc765b77a4ab,7d5d45f6e7cc46cdb57c57688bc89b5e90e0ecea7390833a7acb2e8887d935a5,c1af2191baefddee68a7f41c97c29f7799df4bcf5372d9e9cf44a52a3b510286,seed1_solution096,0.97164629762760601484,0.22519692032342825128,0.29257937388902593989,0.98288393077806113229,0.97164629762760601484,-0.22519692032342825128,0.29257937388902593989,0.98288393077806113229,True,False,,,"[0, 1, 2, 3, 4, 5, 6, 7, 8, 9, 10, 11, 12, 12, 13, 14, 13, 6, 15, 11, 16, 17, 18, 1, 16, 19, 12, 20, 21, 22, 23, 24, 25, 26, 19, 9, 27, 28, 24, 14, 25, 7, 26, 29, 17, 22, 30, 1, 30, 31, 30, 32, 33, 3, 34, 35, 7, 20, 32, 4, 32, 36, 9, 11, 33, 35, 5, 14, 37, 36, 37, 38, 21, 28, 4, 39, 34, 12, 38, 1, 40, 40, 21, 41, 29, 33, 26, 42, 43, 19, 27, 3, 44, 45, 30, 37, 35, 35, 31, 27, 12, 30, 42, 41, 14, 16, 16, 12, 12, 31, 46, 9, 44, 16, 42, 39, 12, 13, 47, 35, 5, 29, 46, 12, 48, 34, 32, 32, 41, 29, 18, 21, 12, 44, 49, 41, 21, 40, 18, 16, 43, 8, 18, 34, 13, 40, 45, 48, 19, 25, 28, 46, 16, 3, 50, 39, 15, 15, 47, 25, 29, 27, 7, 49, 48, 34, 28, 13, 22, 51, 11, 31, 29, 42, 31, 52, 38, 23, 4, 13, 21, 9, 47, 3, 6, 27, 40, 24, 5, 20, 25, 22, 13, 25, 46, 10, 26, 53, 38, 19, 52, 30, 16, 12, 45, 45, 36, 40, 17, 1, 52, 52, 36, 18, 33, 54, 5, 14, 32, 26, 52, 7, 41, 30, 46, 52, 14, 34, 52, 33, 27, 32, 9, 20, 21, 17, 19, 43, 45, 22, 1, 14, 19, 41, 46, 41, 37, 1, 41, 3, 35, 35, 0, 20, 9, 46, 32, 18, 44, 31, 40, 34, 48, 10, 52, 53, 19, 5, 8, 18, 17, 29, 3, 11, 39, 44, 37, 15, 15, 31, 28, 41, 3, 25, 49, 41, 22, 29, 0, 20, 23, 30, 45, 33, 28, 43, 11, 49, 5, 7, 13, 1, 3, 6, 13, 24, 20, 33, 40, 10, 17, 55, 4, 10, 48, 18, 9, 34, 0, 17, 28, 23, 20, 22, 34, 43, 30, 52, 47, 37, 5, 45, 52, 31, 36, 2, 17, 49, 36, 17, 42, 7, 45, 20, 21, 54, 41, 34, 51, 23, 28, 43, 36, 2, 35, 15, 18, 53, 38, 12, 19, 44, 36, 9, 17, 49, 48, 0, 26, 33, 38, 40, 4, 24, 51, 32, 49, 5, 14, 38, 48, 37, 17, 48, 28, 46, 44, 23, 38, 22, 49, 1, 52, 22, 11, 16, 26, 16, 19, 51, 21, 22, 17, 13, 44, 26, 29, 52, 48, 29, 2, 46, 36, 34, 24, 15, 36, 2, 17, 0, 18, 10, 10, 25, 52, 46, 44, 16, 33, 56, 12, 33, 21, 40, 16, 1, 31, 37, 50, 21, 33, 38, 20, 53, 40, 2, 31, 22, 28, 19, 51, 13, 15, 53, 27, 43, 54, 42, 16, 21, 45, 0, 3, 19, 50, 41, 1, 5, 18, 47, 11, 2, 24, 10, 48, 48, 4, 45, 26, 46, 47, 25, 37, 42, 1, 30, 48, 45, 13, 56, 33, 15, 33, 32, 44, 1, 52, 37, 53, 38, 35, 0, 45, 47, 38, 51, 32, 42, 56, 14, 11, 36, 12, 6, 29, 1, 48, 38, 12, 46, 46, 48, 40, 34, 43, 31, 36, 43, 47, 38, 52, 48, 52, 19, 5, 37, 46, 18, 45, 37, 55, 13, 23, 20, 2, 21, 57, 8, 52, 5, 35, 37, 37, 15, 17, 11, 37, 0, 29, 24, 43, 42, 29, 3, 55, 53, 7, 45, 53, 18, 47, 47, 3, 26, 15, 3, 47, 29, 28, 40, 17, 33, 3, 53, 30, 14, 9, 24, 36, 16, 44, 19, 51, 41, 36, 35, 36, 41, 24, 40, 20, 15, 54, 34, 13, 21, 34, 6, 25, 48, 9, 27, 40, 56, 11, 56, 11, 53, 44, 18, 38, 12, 24, 1, 23, 48, 30, 30, 32, 17, 24, 6, 10, 49, 17, 3, 50, 16, 41, 47, 39, 13, 27, 17, 32, 12, 14, 36, 45, 33, 1, 0, 42, 40, 17, 49, 1, 43, 26, 31, 18, 36, 34, 49, 34, 20, 15, 53, 19, 1, 32, 9, 39, 37, 42, 35, 24, 23, 8, 11, 22, 0, 28, 28, 5, 31, 44, 50, 41, 44, 34, 26, 57, 36, 6, 43, 17, 31, 55, 20, 35, 45, 53, 26, 11, 57, 18, 35, 31, 14, 43, 27, 31, 34, 37, 46, 53, 30, 31, 54, 22, 49, 39, 2, 53, 56, 48, 36, 51, 40, 44, 11, 10, 11, 41, 27, 56, 9, 36, 42, 35, 28, 13, 31, 16, 28, 50, 53, 51, 31, 27, 6, 3, 6, 11, 41, 12, 42, 42, 50, 7, 44, 46, 6, 5, 54, 37, 37, 21, 43, 22, 2, 32, 44, 1, 57, 15, 3, 30, 52, 48, 12, 53, 54, 56, 33, 5, 32, 18, 4, 39, 34, 24, 8, 3, 18, 17, 39, 6, 36, 46, 28, 54, 25, 10, 9, 35, 4, 33, 48, 47, 46, 21, 27]"
stage3_declaration_method_body,stage3_declaration_method_body,declaration_method_body_v1,xerces,1,65488944220cc3a503994d6f2289e0f7bdc06c619351a2e8243bca243538c8a3,65488944220cc3a503994d6f2289e0f7bdc06c619351a2e8243bca243538c8a3,36bdeca0e1ef32f36631c30ebbf86a1875621490e92f9b4a7fd0860755676236,d81607ad9e48ef274ecf65a4e3b1b1c7c22163c3b073831ffbb506bac7601bac,7e204d1865c1ddb228cc42f6f61519e280076590a92f0965e4f1fc765b77a4ab,7d5d45f6e7cc46cdb57c57688bc89b5e90e0ecea7390833a7acb2e8887d935a5,c1af2191baefddee68a7f41c97c29f7799df4bcf5372d9e9cf44a52a3b510286,seed1_solution097,0.97164629762760601484,0.22411919480351205625,0.29198039674440290359,0.98288393077806113229,0.97164629762760601484,-0.22411919480351205625,0.29198039674440290359,0.98288393077806113229,True,False,,,"[0, 1, 2, 3, 4, 5, 6, 7, 8, 9, 10, 11, 12, 12, 13, 14, 13, 6, 15, 11, 16, 17, 18, 1, 16, 19, 12, 20, 21, 22, 23, 24, 25, 26, 19, 9, 27, 28, 24, 14, 25, 7, 26, 29, 17, 22, 30, 1, 30, 31, 30, 32, 33, 3, 34, 35, 7, 20, 32, 4, 32, 36, 9, 11, 33, 35, 5, 14, 37, 36, 37, 38, 21, 28, 4, 39, 34, 12, 38, 1, 40, 40, 21, 41, 29, 33, 26, 42, 43, 19, 27, 3, 44, 45, 30, 37, 35, 35, 31, 27, 12, 30, 42, 41, 14, 16, 16, 12, 12, 31, 46, 9, 44, 16, 42, 39, 12, 13, 47, 35, 5, 29, 46, 12, 48, 34, 32, 32, 41, 29, 18, 21, 12, 44, 49, 41, 21, 40, 18, 16, 43, 8, 18, 34, 13, 40, 45, 48, 19, 25, 28, 46, 16, 3, 50, 39, 15, 15, 47, 25, 29, 27, 7, 49, 48, 34, 28, 13, 22, 51, 11, 31, 29, 42, 31, 52, 38, 23, 4, 13, 21, 9, 47, 3, 6, 27, 40, 24, 5, 20, 25, 22, 13, 25, 46, 10, 26, 53, 38, 19, 52, 30, 16, 12, 45, 45, 36, 40, 17, 1, 52, 52, 36, 18, 33, 54, 5, 14, 32, 26, 52, 7, 41, 30, 46, 52, 14, 34, 52, 33, 27, 32, 9, 20, 21, 17, 19, 43, 45, 22, 1, 14, 19, 41, 46, 41, 37, 1, 41, 3, 35, 35, 0, 20, 9, 46, 32, 18, 44, 31, 40, 34, 48, 10, 52, 53, 19, 5, 8, 18, 17, 29, 3, 11, 39, 44, 37, 15, 15, 31, 28, 41, 3, 25, 49, 41, 22, 29, 0, 20, 23, 30, 45, 33, 28, 43, 11, 49, 5, 7, 13, 1, 3, 6, 13, 24, 20, 33, 40, 10, 17, 55, 4, 10, 48, 18, 9, 34, 0, 17, 28, 23, 20, 22, 34, 43, 30, 52, 47, 37, 5, 45, 52, 31, 36, 2, 17, 49, 36, 17, 42, 7, 45, 20, 21, 54, 41, 34, 51, 23, 28, 43, 36, 2, 35, 15, 18, 53, 38, 12, 19, 44, 36, 9, 17, 49, 48, 0, 26, 33, 38, 40, 4, 24, 51, 32, 49, 5, 14, 38, 48, 37, 17, 48, 28, 46, 44, 23, 38, 22, 49, 1, 52, 22, 11, 16, 26, 16, 19, 51, 21, 22, 17, 13, 44, 26, 29, 52, 48, 29, 2, 46, 36, 34, 24, 15, 36, 2, 17, 0, 18, 10, 10, 25, 52, 46, 44, 16, 33, 56, 12, 33, 21, 40, 16, 1, 31, 37, 50, 21, 33, 38, 20, 53, 40, 2, 31, 22, 28, 19, 51, 13, 15, 53, 27, 43, 54, 42, 16, 21, 45, 0, 3, 19, 50, 41, 1, 5, 18, 47, 29, 2, 24, 10, 48, 48, 4, 45, 26, 46, 47, 25, 37, 42, 1, 30, 48, 45, 13, 56, 33, 15, 33, 32, 44, 1, 52, 37, 53, 38, 35, 0, 45, 47, 38, 51, 32, 42, 56, 14, 11, 36, 12, 6, 29, 1, 48, 38, 12, 46, 46, 48, 40, 34, 43, 31, 36, 43, 47, 38, 52, 48, 52, 19, 5, 37, 46, 18, 45, 37, 55, 13, 23, 20, 2, 21, 57, 8, 52, 5, 35, 37, 37, 15, 17, 11, 37, 0, 29, 24, 43, 42, 29, 3, 55, 53, 7, 45, 53, 18, 47, 47, 3, 26, 15, 3, 47, 29, 28, 40, 17, 33, 3, 53, 30, 14, 9, 24, 36, 16, 44, 19, 51, 41, 36, 35, 36, 41, 24, 40, 20, 15, 54, 34, 13, 21, 34, 6, 25, 48, 9, 27, 40, 56, 11, 56, 11, 53, 44, 18, 38, 12, 24, 1, 23, 48, 30, 30, 32, 17, 24, 6, 10, 49, 17, 3, 50, 16, 41, 47, 39, 13, 27, 17, 32, 12, 14, 36, 45, 33, 1, 0, 42, 40, 17, 49, 1, 43, 26, 31, 18, 36, 34, 49, 34, 20, 15, 53, 19, 1, 32, 9, 39, 37, 42, 35, 24, 23, 8, 11, 22, 0, 28, 28, 5, 31, 44, 50, 41, 44, 34, 26, 57, 36, 6, 43, 17, 31, 55, 20, 35, 45, 53, 26, 11, 57, 18, 35, 31, 14, 43, 27, 31, 34, 37, 46, 53, 30, 31, 54, 22, 49, 39, 2, 53, 56, 48, 36, 51, 40, 44, 11, 10, 11, 41, 27, 56, 9, 36, 42, 35, 28, 13, 31, 16, 28, 50, 53, 51, 31, 27, 6, 3, 6, 11, 41, 12, 42, 42, 50, 7, 44, 46, 6, 5, 54, 37, 37, 21, 43, 22, 2, 32, 44, 1, 57, 15, 3, 30, 52, 48, 12, 53, 54, 56, 33, 5, 32, 18, 4, 39, 34, 24, 8, 3, 18, 17, 39, 6, 36, 46, 28, 54, 25, 10, 9, 35, 4, 33, 48, 47, 46, 21, 27]"
stage3_declaration_method_body,stage3_declaration_method_body,declaration_method_body_v1,xerces,1,65488944220cc3a503994d6f2289e0f7bdc06c619351a2e8243bca243538c8a3,65488944220cc3a503994d6f2289e0f7bdc06c619351a2e8243bca243538c8a3,36bdeca0e1ef32f36631c30ebbf86a1875621490e92f9b4a7fd0860755676236,d81607ad9e48ef274ecf65a4e3b1b1c7c22163c3b073831ffbb506bac7601bac,7e204d1865c1ddb228cc42f6f61519e280076590a92f0965e4f1fc765b77a4ab,7d5d45f6e7cc46cdb57c57688bc89b5e90e0ecea7390833a7acb2e8887d935a5,c1af2191baefddee68a7f41c97c29f7799df4bcf5372d9e9cf44a52a3b510286,seed1_solution098,0.9832925952552120652,0.18041527072270985288,0.3532961074794828682,0.97844166292271594898,0.9832925952552120652,-0.18041527072270985288,0.3532961074794828682,0.97844166292271594898,True,False,,,"[0, 1, 2, 3, 4, 5, 6, 7, 8, 9, 10, 11, 12, 11, 12, 13, 13, 6, 14, 12, 15, 16, 17, 1, 15, 18, 13, 17, 18, 19, 20, 21, 1, 22, 18, 9, 9, 23, 21, 7, 24, 7, 22, 25, 16, 26, 27, 1, 28, 29, 30, 31, 32, 26, 33, 34, 7, 27, 29, 4, 12, 24, 9, 11, 18, 34, 6, 23, 35, 36, 33, 15, 24, 28, 4, 37, 38, 12, 35, 1, 39, 39, 30, 29, 40, 32, 22, 41, 37, 18, 8, 3, 42, 39, 28, 24, 34, 34, 10, 40, 13, 17, 4, 41, 23, 29, 38, 13, 13, 3, 43, 9, 42, 20, 44, 34, 12, 23, 45, 34, 5, 25, 46, 12, 8, 38, 29, 29, 40, 12, 18, 8, 12, 7, 12, 8, 24, 47, 18, 15, 43, 25, 17, 33, 36, 39, 17, 48, 16, 48, 32, 46, 10, 3, 49, 28, 14, 14, 45, 28, 25, 30, 7, 50, 48, 33, 32, 23, 19, 51, 11, 29, 12, 26, 30, 11, 47, 24, 21, 4, 24, 35, 45, 3, 6, 8, 39, 16, 5, 31, 28, 19, 23, 28, 43, 10, 20, 6, 3, 16, 52, 27, 9, 40, 39, 32, 38, 47, 11, 1, 52, 52, 38, 17, 36, 53, 5, 13, 30, 20, 26, 47, 40, 28, 46, 52, 13, 33, 52, 36, 30, 19, 15, 27, 24, 5, 18, 43, 44, 19, 1, 17, 18, 41, 46, 40, 30, 1, 41, 3, 34, 34, 0, 0, 12, 23, 31, 17, 42, 0, 15, 33, 23, 10, 52, 29, 24, 5, 8, 17, 23, 25, 3, 31, 37, 42, 24, 32, 14, 29, 32, 15, 3, 40, 49, 41, 23, 21, 0, 26, 24, 28, 44, 29, 32, 37, 11, 50, 5, 7, 10, 1, 3, 6, 32, 19, 19, 32, 26, 10, 25, 53, 4, 10, 48, 34, 12, 38, 0, 16, 32, 24, 26, 19, 33, 43, 28, 52, 30, 19, 5, 44, 30, 29, 38, 2, 16, 49, 36, 16, 2, 27, 44, 26, 24, 54, 41, 33, 51, 24, 32, 6, 38, 28, 2, 14, 17, 54, 27, 12, 16, 42, 38, 27, 17, 49, 48, 0, 22, 41, 22, 15, 24, 19, 51, 31, 14, 5, 23, 17, 45, 35, 14, 48, 32, 46, 16, 20, 47, 19, 44, 11, 15, 26, 11, 15, 20, 26, 18, 51, 24, 19, 16, 31, 42, 22, 25, 24, 45, 25, 2, 8, 36, 38, 19, 14, 36, 18, 17, 15, 17, 10, 10, 28, 52, 0, 42, 1, 36, 55, 12, 32, 24, 7, 15, 1, 30, 33, 50, 30, 36, 35, 27, 54, 36, 2, 22, 26, 32, 18, 10, 14, 15, 54, 30, 43, 53, 41, 15, 24, 32, 6, 3, 18, 4, 41, 1, 5, 17, 45, 21, 2, 5, 10, 45, 48, 18, 39, 22, 46, 46, 27, 35, 48, 8, 28, 45, 39, 23, 55, 36, 14, 15, 31, 28, 1, 52, 35, 6, 47, 34, 18, 44, 45, 35, 51, 31, 41, 55, 13, 11, 38, 12, 6, 2, 1, 48, 28, 12, 46, 46, 17, 39, 38, 43, 29, 38, 43, 10, 35, 52, 45, 52, 9, 5, 33, 46, 17, 44, 35, 56, 23, 20, 27, 2, 19, 57, 8, 52, 5, 25, 33, 15, 14, 16, 11, 35, 0, 25, 2, 33, 11, 25, 3, 1, 56, 7, 39, 56, 17, 2, 17, 3, 1, 14, 29, 45, 25, 31, 47, 39, 36, 3, 54, 27, 9, 17, 21, 36, 15, 42, 18, 4, 41, 38, 35, 35, 6, 21, 39, 26, 29, 27, 38, 23, 11, 7, 11, 28, 2, 9, 15, 39, 13, 11, 55, 28, 56, 42, 18, 35, 12, 21, 1, 11, 48, 27, 10, 31, 47, 19, 6, 10, 49, 16, 3, 50, 26, 40, 19, 37, 23, 30, 17, 31, 12, 23, 6, 1, 36, 1, 0, 41, 39, 16, 49, 1, 43, 22, 14, 18, 36, 38, 49, 33, 26, 14, 56, 18, 1, 29, 9, 34, 35, 44, 25, 19, 24, 16, 11, 19, 0, 32, 36, 5, 29, 42, 49, 34, 42, 20, 8, 57, 38, 6, 30, 16, 34, 56, 26, 27, 44, 56, 20, 23, 33, 8, 34, 29, 23, 43, 10, 21, 33, 35, 1, 7, 27, 5, 53, 29, 49, 37, 13, 54, 55, 30, 48, 28, 39, 42, 11, 10, 11, 41, 30, 13, 9, 38, 41, 25, 35, 23, 0, 15, 18, 50, 54, 51, 22, 30, 29, 3, 6, 11, 40, 31, 41, 44, 31, 7, 31, 46, 6, 5, 54, 33, 35, 30, 21, 14, 36, 11, 42, 1, 13, 14, 3, 41, 52, 45, 12, 18, 54, 55, 32, 26, 29, 18, 4, 34, 36, 19, 8, 3, 44, 16, 37, 6, 36, 43, 31, 3, 28, 31, 9, 25, 41, 36, 48, 45, 43, 24, 40]"
stage3_declaration_method_body,stage3_declaration_method_body,declaration_method_body_v1,xerces,1,65488944220cc3a503994d6f2289e0f7bdc06c619351a2e8243bca243538c8a3,65488944220cc3a503994d6f2289e0f7bdc06c619351a2e8243bca243538c8a3,36bdeca0e1ef32f36631c30ebbf86a1875621490e92f9b4a7fd0860755676236,d81607ad9e48ef274ecf65a4e3b1b1c7c22163c3b073831ffbb506bac7601bac,7e204d1865c1ddb228cc42f6f61519e280076590a92f0965e4f1fc765b77a4ab,7d5d45f6e7cc46cdb57c57688bc89b5e90e0ecea7390833a7acb2e8887d935a5,c1af2191baefddee68a7f41c97c29f7799df4bcf5372d9e9cf44a52a3b510286,seed1_solution099,0.98335010783608911566,0.16938338065270730493,0.34981019705581134493,0.97897535751121100844,0.98335010783608911566,-0.16938338065270730493,0.34981019705581134493,0.97897535751121100844,True,False,,,"[0, 1, 2, 3, 4, 5, 6, 7, 8, 9, 10, 11, 12, 11, 12, 13, 13, 6, 14, 12, 15, 16, 17, 1, 15, 18, 13, 17, 18, 19, 20, 21, 1, 22, 18, 9, 9, 23, 21, 7, 24, 7, 22, 25, 16, 26, 27, 1, 28, 29, 30, 31, 32, 26, 33, 34, 7, 27, 29, 4, 12, 24, 9, 11, 18, 34, 6, 23, 35, 36, 33, 15, 24, 28, 4, 37, 38, 12, 35, 1, 39, 39, 30, 29, 40, 32, 22, 41, 37, 18, 8, 3, 42, 39, 28, 24, 34, 34, 10, 40, 13, 17, 4, 41, 23, 29, 38, 13, 13, 3, 43, 9, 42, 20, 44, 34, 12, 23, 45, 34, 5, 25, 46, 12, 8, 38, 29, 29, 40, 12, 18, 8, 12, 7, 12, 8, 24, 47, 18, 15, 43, 25, 17, 33, 36, 39, 17, 48, 16, 48, 32, 46, 10, 3, 49, 28, 14, 14, 45, 28, 25, 30, 7, 50, 48, 33, 32, 23, 19, 51, 11, 29, 12, 26, 30, 11, 47, 24, 21, 4, 24, 35, 45, 3, 6, 8, 39, 16, 5, 31, 28, 19, 23, 28, 43, 10, 20, 6, 3, 16, 52, 27, 9, 40, 39, 32, 38, 47, 11, 1, 52, 52, 38, 17, 36, 53, 5, 13, 30, 20, 26, 47, 40, 28, 46, 52, 13, 33, 52, 36, 30, 19, 15, 27, 24, 5, 18, 43, 44, 19, 1, 17, 18, 41, 46, 40, 30, 1, 41, 3, 34, 34, 0, 0, 12, 23, 31, 17, 42, 0, 15, 33, 23, 10, 52, 29, 24, 5, 8, 17, 23, 25, 3, 31, 37, 42, 24, 32, 14, 29, 32, 15, 3, 40, 49, 41, 23, 21, 0, 26, 24, 28, 44, 29, 32, 37, 11, 50, 5, 7, 10, 1, 3, 6, 32, 19, 19, 32, 26, 10, 25, 53, 4, 10, 48, 34, 12, 38, 0, 16, 32, 24, 26, 19, 33, 43, 28, 52, 30, 19, 5, 44, 30, 29, 38, 2, 16, 49, 36, 16, 2, 27, 44, 26, 24, 54, 41, 33, 51, 24, 32, 6, 38, 28, 2, 14, 17, 54, 27, 12, 16, 42, 38, 27, 17, 49, 48, 0, 22, 41, 22, 15, 24, 19, 51, 31, 14, 5, 23, 17, 45, 35, 14, 48, 32, 46, 16, 20, 47, 19, 44, 11, 15, 26, 11, 15, 20, 26, 18, 51, 24, 19, 16, 31, 42, 22, 25, 24, 45, 25, 2, 8, 36, 38, 19, 14, 36, 18, 17, 15, 17, 10, 10, 28, 52, 0, 42, 1, 36, 55, 12, 32, 24, 7, 15, 1, 30, 33, 50, 30, 36, 35, 27, 54, 36, 2, 22, 26, 32, 18, 10, 14, 15, 54, 30, 43, 53, 41, 15, 24, 32, 6, 3, 18, 4, 41, 1, 5, 17, 45, 21, 2, 5, 10, 45, 48, 18, 39, 22, 46, 46, 27, 35, 48, 8, 28, 45, 39, 23, 55, 36, 14, 15, 31, 28, 1, 52, 35, 6, 47, 34, 18, 44, 45, 35, 51, 31, 41, 55, 13, 11, 38, 12, 6, 2, 1, 48, 28, 12, 46, 46, 17, 39, 38, 43, 29, 38, 43, 10, 35, 52, 51, 52, 9, 5, 33, 46, 17, 44, 35, 56, 23, 20, 27, 2, 19, 57, 8, 52, 5, 25, 33, 15, 14, 16, 11, 35, 0, 25, 2, 33, 11, 25, 3, 1, 56, 7, 39, 56, 17, 2, 17, 3, 1, 14, 29, 45, 25, 31, 47, 39, 36, 3, 54, 27, 9, 17, 21, 36, 15, 42, 18, 4, 41, 38, 35, 35, 6, 21, 39, 26, 29, 27, 38, 23, 11, 7, 11, 28, 2, 9, 15, 39, 13, 11, 55, 28, 56, 42, 18, 35, 12, 21, 1, 11, 48, 27, 10, 31, 47, 19, 6, 10, 49, 16, 3, 50, 26, 40, 19, 37, 23, 30, 23, 31, 12, 23, 6, 1, 36, 1, 0, 41, 39, 16, 49, 1, 43, 22, 14, 18, 36, 38, 49, 33, 26, 14, 56, 18, 1, 29, 9, 34, 35, 44, 25, 19, 24, 16, 11, 19, 0, 32, 36, 5, 29, 42, 49, 34, 42, 20, 8, 57, 38, 6, 30, 16, 34, 56, 26, 27, 44, 56, 20, 23, 33, 8, 34, 29, 23, 43, 10, 21, 33, 35, 1, 7, 27, 5, 53, 29, 49, 37, 13, 54, 55, 30, 48, 28, 39, 42, 11, 10, 11, 41, 30, 13, 9, 38, 41, 25, 35, 23, 0, 15, 18, 50, 54, 51, 22, 30, 29, 3, 6, 11, 40, 31, 41, 44, 31, 7, 31, 46, 6, 5, 54, 33, 35, 30, 21, 14, 36, 11, 42, 1, 13, 14, 3, 41, 52, 45, 0, 18, 54, 55, 32, 26, 29, 18, 4, 34, 36, 19, 8, 3, 44, 16, 37, 6, 36, 43, 31, 3, 28, 31, 9, 25, 41, 36, 48, 45, 43, 24, 40]"
