subject,seed,solution_id,coupling,cohesion,imbalance,pymoo_f0_coupling,pymoo_f1_negative_cohesion,pymoo_f2_imbalance,feasible,is_injected_seed,injected_seed_name,injected_seed_category,label_vector,weighted_modularity,cluster_count,max_cluster_ratio,singleton_ratio,cluster_size_cv
jfreechart,8,seed8_solution000,0.17930516688280662,0.9097583959223946,5.456982414972049,0.17930516688280662,-0.9097583959223946,5.456982414972049,True,False,,,"[0, 1, 2, 3, 3, 0, 0, 1, 1, 1, 4, 1, 5, 6, 1, 1, 1, 7, 0, 1, 0, 0, 8, 1, 1, 1, 1, 9, 1, 1, 0, 0, 0, 1, 1, 1, 1, 0, 0, 0, 0, 0, 0, 1, 1, 0, 0, 1, 0, 1, 10, 1, 1, 1, 1, 11, 1, 1, 1, 1, 12, 13, 1, 14, 1, 1, 1, 15, 15, 16, 17, 1, 1, 18, 1, 16, 1, 19, 1, 20, 1, 21, 16, 1, 22, 1, 1, 23, 24, 24, 24, 24, 25, 1, 1, 1, 16, 1, 1, 1, 1, 1, 1, 1, 0, 1, 26, 1, 1, 0, 0, 1, 1, 1, 1, 1, 0, 0, 1, 1, 1, 27, 28, 1, 29, 29, 29, 1, 1, 29, 1, 1, 1, 1, 1, 1, 1, 30, 1, 1, 1, 1, 31, 32, 33, 34, 0, 0, 0, 0, 0, 0, 0, 0, 0, 0, 0, 0, 0, 0, 0, 0, 0, 18, 18, 1, 35, 36, 37, 37, 1, 38, 39, 39, 40, 40, 0, 0, 1, 41, 0, 0, 0, 0, 0, 0, 0, 0, 0, 0, 0, 0, 0, 0, 1, 0, 0, 42, 0, 0, 0, 0, 0, 43, 1, 44, 1, 0, 0, 45, 1, 0, 42, 0, 1, 0, 44, 1, 0, 0, 0, 44, 0, 0, 46, 46, 46, 46, 46, 46, 46, 46, 46, 46, 1, 1, 39, 1, 1, 47, 1, 48, 1, 1, 1, 1, 1, 1, 1, 0, 49, 1, 1, 50, 0, 51, 0, 1, 52, 19, 1, 1, 1, 1, 1, 53, 1, 1, 1, 1, 1, 1, 1, 1, 1, 0, 54, 55, 1, 30, 1, 56, 1, 1, 57, 58, 0, 59, 1, 1, 1, 1, 60, 11, 61, 1, 1, 62, 1, 63, 63, 63, 63, 1, 1, 61, 1, 1, 1, 64, 1, 65, 0, 0, 66, 67, 67, 67, 1, 1, 0, 1, 0, 1, 1, 68, 1, 1, 1, 1, 1, 1, 69, 70, 1, 68, 1, 1, 1, 1, 1, 1, 1, 71, 72, 1, 1, 1, 1, 68, 1, 1, 1, 1, 1, 1, 1, 0, 73, 0, 0, 74, 1, 0, 0, 1, 1, 1, 1, 74, 1, 1, 1, 1, 1, 0, 1, 74, 1, 0, 0, 1, 1, 1, 1, 1, 1, 0, 75, 1, 0, 1, 1, 76, 0, 1, 0, 1, 77, 78, 78, 78, 79, 80, 1, 1, 0, 1, 1, 1, 1, 1, 81, 81, 0, 0, 0, 1, 0, 1, 0, 0, 82, 0, 0, 83, 84, 85, 86, 87, 88, 89, 90, 91, 92, 1, 1, 0, 85, 93, 0, 1, 1, 1, 0, 1, 1, 94, 0, 1, 1, 1, 1, 0, 0, 0, 1, 1, 1, 0, 95, 0, 0, 0, 1, 1, 96, 0, 1, 0, 0, 0, 1, 0, 0, 97, 97, 97, 97, 97, 0, 0, 0, 0, 0, 0, 1, 0, 0, 0, 0, 0, 0, 0, 0, 1, 98, 0, 99, 0, 1, 0, 98, 98, 0, 99, 0, 0, 1, 0, 0, 1, 100, 0, 0, 1, 25, 1, 101, 0, 102, 103, 104, 105, 106, 107, 1, 1, 1, 1, 1, 1, 1, 1, 0, 0, 0, 108, 109, 1, 0, 0, 110, 1, 1, 111, 1, 1, 112, 111, 111, 111, 113, 1, 113, 1, 111, 0, 1, 0, 113, 1, 1, 1, 1, 1, 1, 1, 1, 113, 113, 0, 0, 0, 0, 0, 0, 0, 0, 0, 0, 0, 0, 0, 0, 0, 0, 1, 0, 0, 0, 1, 0, 0, 0, 1, 1, 0, 0, 0, 0, 0, 0, 0, 0, 0, 0, 0, 0, 0, 0, 0, 0, 0, 1, 0, 1, 1, 0, 114, 0, 0, 0, 0, 115, 1, 1, 0, 0, 0, 0, 0, 0, 0, 0]",0.11460806180237651,116,0.4,0.13385826771653545,5.456982414972049
jfreechart,8,seed8_solution001,0.18718858780970582,0.9176796234957553,5.3663274587878815,0.18718858780970582,-0.9176796234957553,5.3663274587878815,True,False,,,"[0, 1, 2, 3, 3, 0, 0, 1, 1, 1, 4, 1, 5, 6, 1, 1, 1, 7, 0, 1, 0, 0, 8, 1, 1, 1, 1, 9, 1, 1, 0, 0, 0, 1, 1, 1, 1, 0, 0, 0, 0, 10, 0, 1, 1, 0, 0, 1, 0, 1, 11, 1, 1, 1, 1, 12, 1, 1, 1, 1, 13, 14, 1, 15, 1, 1, 1, 16, 16, 17, 18, 1, 1, 19, 1, 17, 1, 20, 1, 21, 1, 22, 17, 1, 23, 1, 1, 24, 25, 25, 25, 25, 26, 1, 1, 1, 17, 1, 1, 1, 1, 1, 1, 1, 0, 1, 27, 1, 1, 0, 0, 1, 1, 1, 1, 1, 0, 0, 1, 1, 1, 28, 29, 1, 30, 30, 30, 1, 1, 30, 1, 1, 1, 1, 1, 1, 1, 31, 1, 1, 1, 1, 32, 33, 34, 35, 0, 0, 0, 0, 0, 0, 0, 0, 0, 0, 0, 0, 0, 0, 0, 0, 0, 19, 19, 1, 36, 37, 38, 38, 1, 39, 40, 40, 41, 41, 0, 0, 1, 42, 0, 0, 0, 0, 0, 0, 0, 0, 0, 0, 0, 0, 0, 0, 1, 0, 0, 43, 0, 0, 0, 0, 0, 44, 1, 45, 1, 0, 0, 46, 1, 0, 43, 0, 1, 0, 45, 1, 0, 0, 0, 45, 0, 0, 47, 47, 47, 47, 47, 47, 47, 47, 47, 47, 1, 1, 40, 1, 1, 48, 1, 49, 1, 1, 1, 1, 1, 1, 1, 0, 50, 1, 1, 51, 52, 53, 54, 1, 55, 20, 1, 1, 1, 1, 1, 56, 1, 1, 1, 1, 1, 1, 1, 1, 1, 0, 57, 58, 1, 31, 1, 59, 1, 6, 60, 61, 0, 62, 1, 1, 1, 1, 63, 64, 65, 1, 1, 66, 1, 67, 67, 67, 67, 1, 1, 65, 1, 1, 1, 68, 1, 69, 0, 0, 70, 71, 71, 71, 1, 1, 0, 1, 0, 1, 1, 72, 1, 1, 1, 1, 1, 1, 73, 10, 1, 72, 1, 1, 1, 1, 1, 1, 1, 74, 75, 1, 1, 1, 1, 72, 1, 1, 1, 1, 1, 1, 1, 0, 76, 0, 0, 77, 1, 0, 0, 1, 1, 1, 1, 77, 1, 1, 1, 1, 1, 0, 1, 77, 1, 0, 0, 1, 1, 1, 1, 1, 1, 0, 78, 1, 0, 1, 1, 79, 0, 1, 0, 1, 80, 81, 81, 81, 82, 83, 1, 1, 84, 1, 1, 1, 1, 1, 85, 85, 0, 0, 0, 1, 0, 1, 0, 0, 84, 0, 0, 86, 87, 88, 89, 90, 91, 92, 93, 94, 95, 1, 1, 0, 88, 96, 0, 1, 1, 1, 0, 1, 1, 97, 0, 1, 1, 1, 1, 0, 0, 0, 1, 1, 1, 0, 84, 0, 0, 0, 1, 1, 98, 0, 1, 0, 0, 0, 1, 0, 0, 99, 99, 99, 99, 99, 0, 0, 0, 0, 0, 0, 1, 0, 0, 0, 0, 0, 0, 0, 0, 1, 100, 0, 101, 0, 1, 0, 100, 100, 0, 101, 0, 0, 1, 0, 0, 1, 18, 0, 0, 1, 102, 1, 103, 0, 104, 105, 106, 107, 108, 109, 1, 1, 1, 1, 1, 1, 1, 1, 0, 0, 0, 110, 111, 1, 0, 0, 8, 1, 1, 112, 1, 1, 52, 112, 112, 112, 113, 1, 113, 1, 112, 90, 1, 0, 113, 1, 1, 1, 1, 1, 1, 1, 1, 113, 113, 0, 0, 0, 0, 0, 0, 0, 0, 0, 0, 0, 0, 0, 0, 0, 0, 1, 0, 0, 0, 1, 0, 0, 0, 1, 1, 0, 0, 0, 0, 0, 0, 0, 0, 0, 0, 0, 0, 0, 0, 0, 0, 0, 1, 0, 1, 1, 0, 114, 0, 0, 0, 0, 54, 1, 1, 0, 0, 0, 0, 0, 0, 0, 0]",0.11340379284774559,115,0.3984251968503937,0.12283464566929134,5.3663274587878815
jfreechart,8,seed8_solution002,0.19101085250153574,1.0963995092794216,4.888222968466923,0.19101085250153574,-1.0963995092794216,4.888222968466923,True,False,,,"[0, 1, 2, 3, 3, 0, 0, 1, 1, 1, 4, 1, 5, 5, 1, 1, 1, 6, 0, 1, 0, 0, 7, 1, 1, 1, 1, 8, 1, 1, 0, 0, 0, 1, 1, 1, 1, 0, 0, 0, 0, 9, 0, 1, 1, 0, 0, 1, 0, 1, 10, 1, 1, 1, 1, 11, 1, 1, 1, 1, 12, 13, 1, 10, 1, 1, 1, 14, 10, 12, 13, 1, 1, 13, 1, 12, 1, 15, 1, 16, 1, 17, 18, 1, 19, 1, 1, 18, 20, 21, 20, 20, 22, 1, 1, 1, 18, 1, 1, 1, 1, 1, 1, 1, 0, 1, 23, 1, 1, 0, 0, 1, 1, 1, 1, 1, 0, 0, 1, 1, 1, 24, 25, 1, 17, 26, 19, 1, 1, 19, 1, 1, 1, 1, 1, 1, 1, 17, 1, 1, 1, 1, 27, 28, 29, 30, 0, 0, 0, 0, 0, 0, 0, 0, 0, 0, 0, 0, 0, 0, 0, 0, 0, 22, 13, 1, 31, 32, 33, 25, 1, 26, 34, 34, 35, 35, 0, 0, 1, 27, 0, 0, 0, 0, 0, 0, 0, 0, 0, 0, 0, 0, 0, 0, 1, 0, 0, 36, 0, 0, 0, 0, 0, 29, 1, 29, 1, 0, 0, 30, 1, 0, 36, 0, 1, 0, 37, 1, 0, 0, 0, 37, 0, 0, 38, 30, 38, 38, 38, 32, 32, 38, 30, 30, 1, 1, 34, 1, 1, 39, 1, 40, 1, 1, 1, 1, 1, 1, 1, 0, 41, 1, 1, 42, 0, 43, 0, 1, 44, 24, 1, 1, 1, 1, 1, 45, 1, 1, 1, 1, 1, 1, 1, 1, 1, 0, 46, 47, 1, 17, 1, 48, 1, 1, 49, 50, 0, 42, 1, 1, 1, 1, 51, 52, 53, 1, 1, 36, 1, 46, 54, 54, 46, 1, 1, 53, 1, 1, 1, 47, 1, 48, 0, 0, 55, 56, 56, 50, 1, 1, 0, 1, 0, 1, 1, 57, 1, 1, 1, 1, 1, 1, 58, 9, 1, 59, 1, 1, 1, 1, 1, 1, 1, 60, 61, 1, 1, 1, 1, 57, 1, 1, 1, 1, 1, 1, 1, 0, 54, 0, 0, 62, 1, 0, 0, 1, 1, 1, 1, 63, 1, 1, 1, 1, 1, 0, 1, 62, 1, 0, 0, 1, 1, 1, 1, 1, 1, 0, 64, 1, 0, 1, 1, 65, 0, 1, 0, 1, 56, 66, 57, 66, 58, 60, 1, 1, 61, 1, 1, 1, 1, 1, 67, 68, 0, 0, 0, 1, 0, 1, 0, 0, 69, 0, 0, 70, 71, 65, 72, 73, 66, 74, 75, 76, 77, 1, 1, 0, 78, 68, 0, 1, 1, 1, 0, 1, 1, 79, 0, 1, 1, 1, 1, 0, 0, 0, 1, 1, 1, 0, 77, 0, 0, 0, 1, 1, 80, 0, 1, 0, 0, 0, 1, 0, 0, 34, 81, 81, 81, 34, 0, 0, 0, 0, 0, 0, 1, 0, 0, 0, 0, 0, 0, 0, 0, 1, 82, 0, 83, 0, 1, 0, 70, 82, 0, 83, 0, 0, 1, 0, 0, 1, 78, 0, 0, 1, 84, 1, 73, 0, 85, 74, 86, 87, 88, 89, 1, 1, 1, 1, 1, 84, 1, 1, 0, 0, 0, 90, 79, 1, 0, 0, 91, 1, 1, 92, 1, 1, 93, 80, 92, 92, 94, 1, 81, 1, 92, 0, 1, 0, 94, 1, 1, 1, 1, 1, 1, 1, 1, 81, 94, 0, 0, 0, 0, 0, 0, 0, 0, 0, 0, 0, 0, 0, 0, 0, 0, 1, 0, 0, 0, 1, 0, 0, 0, 1, 1, 0, 0, 0, 0, 0, 0, 0, 0, 0, 0, 0, 0, 0, 0, 0, 0, 0, 1, 0, 1, 1, 0, 83, 0, 0, 0, 0, 52, 1, 1, 0, 0, 0, 0, 0, 0, 0, 0]",0.10448867896989765,95,0.3984251968503937,0.06299212598425197,4.888222968466923
jfreechart,8,seed8_solution003,0.19118148931813528,1.094650505113355,4.87862222373383,0.19118148931813528,-1.094650505113355,4.87862222373383,True,False,,,"[0, 1, 2, 3, 3, 0, 0, 1, 1, 1, 4, 1, 5, 5, 1, 1, 1, 6, 0, 1, 0, 0, 7, 1, 1, 1, 1, 8, 1, 1, 0, 0, 0, 1, 1, 1, 1, 0, 0, 0, 0, 9, 0, 1, 1, 0, 0, 1, 0, 1, 10, 1, 1, 1, 1, 11, 1, 1, 1, 1, 12, 13, 1, 10, 1, 1, 1, 14, 10, 12, 13, 1, 1, 13, 1, 12, 1, 15, 1, 16, 1, 17, 18, 1, 19, 1, 1, 18, 20, 21, 20, 20, 22, 1, 1, 1, 18, 1, 1, 1, 1, 1, 1, 1, 0, 1, 23, 1, 1, 0, 0, 1, 1, 1, 1, 1, 0, 0, 1, 1, 1, 24, 25, 1, 17, 26, 19, 1, 1, 19, 1, 1, 1, 1, 1, 1, 1, 17, 1, 1, 1, 1, 27, 28, 29, 30, 0, 0, 0, 0, 0, 0, 0, 0, 0, 0, 0, 0, 0, 0, 31, 0, 0, 22, 13, 1, 32, 33, 34, 25, 1, 26, 35, 35, 36, 36, 0, 0, 1, 27, 0, 0, 0, 0, 0, 0, 0, 0, 0, 0, 0, 0, 0, 0, 1, 0, 0, 37, 0, 0, 0, 0, 0, 29, 1, 29, 1, 0, 0, 30, 1, 0, 37, 0, 1, 0, 38, 1, 0, 0, 0, 38, 0, 0, 39, 30, 39, 39, 39, 33, 33, 39, 30, 30, 1, 1, 35, 1, 1, 40, 1, 41, 1, 1, 1, 1, 1, 1, 1, 0, 42, 1, 1, 43, 0, 44, 0, 1, 45, 24, 1, 1, 1, 1, 1, 46, 1, 1, 1, 1, 1, 1, 1, 1, 1, 0, 47, 48, 1, 17, 1, 49, 1, 1, 50, 51, 0, 43, 1, 1, 1, 1, 52, 53, 54, 1, 1, 37, 1, 47, 55, 55, 47, 1, 1, 54, 1, 1, 1, 48, 1, 49, 0, 0, 56, 57, 57, 51, 1, 1, 0, 1, 0, 1, 1, 31, 1, 1, 1, 1, 1, 1, 58, 9, 1, 59, 1, 1, 1, 1, 1, 1, 1, 60, 61, 1, 1, 1, 1, 31, 1, 1, 1, 1, 1, 1, 1, 0, 55, 0, 0, 62, 1, 0, 0, 1, 1, 1, 1, 63, 1, 1, 1, 1, 1, 0, 1, 62, 1, 0, 0, 1, 1, 1, 1, 1, 1, 0, 64, 1, 0, 1, 1, 65, 0, 1, 0, 1, 57, 66, 31, 66, 58, 60, 1, 1, 61, 1, 1, 1, 1, 1, 67, 68, 0, 0, 0, 1, 0, 1, 0, 0, 69, 0, 0, 70, 71, 65, 72, 73, 66, 74, 75, 76, 77, 1, 1, 0, 78, 68, 0, 1, 1, 1, 0, 1, 1, 79, 0, 1, 1, 1, 1, 0, 0, 0, 1, 1, 1, 0, 77, 0, 0, 0, 1, 1, 80, 0, 1, 0, 0, 0, 1, 0, 0, 35, 81, 81, 81, 35, 0, 0, 0, 0, 0, 0, 1, 0, 0, 0, 0, 0, 0, 0, 0, 1, 82, 0, 83, 0, 1, 0, 70, 82, 0, 83, 0, 0, 1, 0, 0, 1, 78, 0, 0, 1, 84, 1, 73, 0, 85, 74, 86, 87, 88, 89, 1, 1, 1, 1, 1, 84, 1, 1, 0, 0, 0, 90, 79, 1, 0, 0, 91, 1, 1, 92, 1, 1, 93, 80, 92, 92, 94, 1, 81, 1, 92, 0, 1, 0, 94, 1, 1, 1, 1, 1, 1, 1, 1, 81, 94, 0, 0, 0, 0, 0, 0, 0, 0, 0, 0, 0, 0, 0, 0, 0, 0, 1, 0, 0, 0, 1, 0, 0, 0, 1, 1, 0, 0, 0, 0, 0, 0, 0, 0, 0, 0, 0, 0, 0, 0, 0, 0, 0, 1, 0, 1, 1, 0, 83, 0, 0, 0, 0, 53, 1, 1, 0, 0, 0, 0, 0, 0, 0, 0]",0.10438837873994497,95,0.3984251968503937,0.06299212598425197,4.87862222373383
jfreechart,8,seed8_solution004,0.19688075899256025,1.2554382056750104,5.070038813518801,0.19688075899256025,-1.2554382056750104,5.070038813518801,True,False,,,"[0, 1, 2, 3, 3, 0, 0, 1, 4, 1, 4, 1, 5, 5, 1, 1, 1, 6, 0, 1, 0, 0, 7, 1, 1, 1, 1, 7, 1, 1, 0, 0, 0, 1, 1, 1, 1, 0, 0, 0, 0, 0, 0, 1, 1, 0, 0, 1, 0, 1, 8, 1, 1, 1, 1, 9, 1, 1, 1, 1, 9, 10, 1, 11, 1, 1, 1, 12, 11, 13, 14, 1, 1, 14, 1, 13, 1, 15, 1, 16, 1, 16, 12, 1, 17, 1, 1, 17, 18, 18, 18, 18, 19, 1, 1, 1, 13, 1, 1, 1, 1, 1, 1, 1, 0, 1, 19, 1, 1, 0, 0, 1, 1, 1, 1, 1, 0, 0, 1, 1, 1, 20, 21, 1, 22, 22, 23, 1, 1, 23, 1, 1, 1, 1, 1, 1, 1, 22, 1, 1, 1, 1, 24, 25, 25, 26, 0, 0, 0, 0, 0, 0, 0, 0, 0, 0, 0, 0, 0, 0, 0, 0, 0, 14, 14, 1, 26, 27, 28, 29, 1, 30, 30, 30, 31, 31, 0, 0, 1, 32, 0, 0, 0, 0, 0, 0, 0, 0, 0, 0, 0, 0, 0, 0, 1, 0, 0, 33, 0, 0, 0, 0, 0, 34, 1, 34, 1, 0, 0, 35, 1, 0, 36, 0, 1, 0, 34, 1, 0, 0, 0, 34, 0, 0, 35, 35, 37, 37, 35, 37, 37, 37, 35, 35, 1, 1, 30, 1, 1, 38, 1, 39, 1, 40, 1, 1, 1, 1, 1, 0, 39, 1, 1, 41, 0, 42, 0, 1, 43, 44, 1, 1, 1, 1, 1, 45, 1, 1, 1, 1, 1, 1, 1, 1, 1, 0, 46, 47, 1, 22, 1, 48, 1, 1, 49, 50, 0, 51, 1, 1, 1, 1, 52, 53, 54, 1, 1, 55, 1, 56, 56, 56, 56, 1, 1, 54, 1, 1, 1, 57, 1, 58, 0, 0, 59, 60, 60, 60, 1, 1, 0, 1, 0, 1, 1, 61, 1, 1, 1, 1, 1, 1, 62, 63, 1, 61, 1, 1, 1, 1, 1, 1, 1, 64, 65, 1, 1, 1, 1, 61, 1, 1, 1, 1, 1, 1, 1, 0, 66, 0, 0, 67, 1, 0, 0, 1, 1, 1, 1, 67, 1, 1, 1, 1, 1, 0, 1, 67, 1, 0, 0, 1, 1, 1, 1, 1, 1, 0, 68, 1, 0, 1, 1, 69, 0, 1, 0, 1, 70, 71, 71, 71, 72, 73, 1, 1, 74, 1, 1, 1, 1, 1, 75, 74, 0, 0, 0, 1, 0, 1, 0, 0, 76, 0, 0, 77, 78, 78, 79, 80, 80, 81, 81, 82, 83, 1, 1, 0, 78, 84, 0, 1, 1, 1, 0, 1, 1, 84, 0, 1, 1, 1, 1, 0, 0, 0, 1, 1, 1, 0, 74, 0, 0, 0, 1, 1, 85, 0, 1, 0, 0, 0, 1, 0, 0, 40, 40, 40, 40, 40, 0, 0, 0, 0, 0, 0, 1, 0, 0, 0, 0, 0, 0, 0, 0, 1, 86, 0, 87, 0, 1, 0, 86, 86, 0, 87, 0, 0, 1, 0, 0, 1, 88, 0, 0, 1, 89, 1, 90, 0, 91, 89, 92, 93, 94, 95, 1, 1, 1, 1, 1, 1, 1, 1, 0, 0, 0, 95, 96, 1, 0, 0, 96, 1, 1, 97, 1, 1, 98, 97, 99, 97, 100, 1, 98, 1, 99, 0, 1, 0, 100, 1, 1, 1, 1, 1, 1, 1, 1, 98, 98, 0, 0, 0, 0, 0, 0, 0, 0, 0, 0, 0, 0, 0, 0, 0, 0, 1, 0, 0, 0, 1, 0, 0, 0, 1, 1, 0, 0, 0, 0, 0, 0, 0, 0, 0, 0, 0, 0, 0, 0, 0, 0, 0, 1, 0, 1, 1, 0, 100, 0, 0, 0, 0, 101, 1, 1, 0, 0, 0, 0, 0, 0, 0, 0]",0.10708378531144623,102,0.3968503937007874,0.08818897637795275,5.070038813518801
jfreechart,8,seed8_solution005,0.19804108934543718,1.2554808189133118,5.057550130016175,0.19804108934543718,-1.2554808189133118,5.057550130016175,True,False,,,"[0, 1, 2, 3, 3, 0, 0, 1, 4, 1, 4, 1, 5, 5, 1, 1, 1, 6, 0, 1, 0, 0, 7, 1, 8, 1, 1, 7, 1, 1, 0, 0, 0, 1, 1, 1, 1, 0, 0, 0, 0, 0, 0, 1, 1, 0, 0, 1, 0, 1, 9, 1, 1, 1, 1, 10, 1, 1, 1, 1, 10, 11, 1, 12, 1, 1, 1, 13, 12, 14, 15, 1, 1, 15, 1, 14, 1, 16, 1, 17, 1, 17, 13, 1, 18, 1, 1, 18, 19, 19, 19, 19, 20, 1, 1, 1, 14, 1, 1, 1, 1, 1, 1, 1, 0, 1, 20, 1, 1, 0, 0, 1, 1, 1, 1, 1, 0, 0, 1, 1, 1, 21, 22, 1, 23, 23, 24, 1, 1, 24, 1, 1, 1, 1, 1, 1, 1, 23, 1, 1, 1, 1, 25, 26, 26, 27, 0, 0, 0, 0, 0, 0, 0, 0, 0, 0, 0, 0, 0, 0, 0, 0, 0, 15, 15, 1, 27, 28, 29, 30, 1, 31, 31, 31, 32, 32, 0, 0, 1, 33, 0, 0, 0, 0, 0, 0, 0, 0, 0, 0, 0, 0, 0, 0, 1, 0, 0, 34, 0, 0, 0, 0, 0, 35, 1, 35, 1, 0, 0, 36, 1, 0, 37, 0, 1, 0, 35, 1, 0, 0, 0, 35, 0, 0, 36, 36, 38, 38, 36, 38, 38, 38, 36, 36, 1, 1, 31, 1, 1, 39, 1, 40, 1, 41, 1, 1, 1, 1, 1, 0, 40, 1, 1, 42, 0, 43, 0, 1, 44, 45, 1, 1, 1, 1, 1, 46, 1, 1, 1, 1, 1, 1, 1, 1, 1, 0, 47, 48, 1, 23, 1, 49, 1, 1, 50, 51, 0, 52, 1, 1, 1, 1, 53, 54, 55, 1, 1, 56, 1, 57, 57, 57, 57, 1, 1, 55, 1, 1, 1, 58, 1, 59, 0, 0, 60, 61, 61, 61, 1, 1, 0, 1, 0, 1, 1, 62, 1, 1, 1, 1, 1, 1, 63, 64, 1, 62, 1, 1, 1, 1, 1, 1, 1, 65, 66, 1, 1, 1, 1, 62, 1, 1, 1, 1, 1, 1, 1, 0, 67, 0, 0, 68, 1, 0, 0, 1, 1, 1, 1, 68, 1, 1, 1, 1, 1, 0, 1, 68, 1, 0, 0, 1, 1, 1, 1, 1, 1, 0, 69, 1, 0, 1, 1, 70, 0, 1, 0, 1, 71, 72, 72, 72, 73, 74, 1, 1, 75, 1, 1, 1, 1, 1, 76, 75, 0, 0, 0, 1, 0, 1, 0, 0, 77, 0, 0, 78, 79, 79, 80, 81, 81, 82, 82, 83, 84, 1, 1, 0, 79, 85, 0, 1, 1, 1, 0, 1, 1, 85, 0, 1, 1, 1, 1, 0, 0, 0, 1, 1, 1, 0, 75, 0, 0, 0, 1, 1, 86, 0, 1, 0, 0, 0, 1, 0, 0, 41, 41, 41, 41, 41, 0, 0, 0, 0, 0, 0, 1, 0, 0, 0, 0, 0, 0, 0, 0, 1, 87, 0, 88, 0, 1, 0, 87, 87, 0, 88, 0, 0, 1, 0, 0, 1, 89, 0, 0, 1, 90, 1, 8, 0, 91, 90, 92, 93, 94, 95, 1, 1, 1, 1, 1, 1, 1, 1, 0, 0, 0, 95, 96, 1, 0, 0, 96, 1, 1, 97, 1, 1, 98, 97, 99, 97, 100, 1, 98, 1, 99, 0, 1, 0, 100, 1, 1, 1, 1, 1, 1, 1, 1, 98, 98, 0, 0, 0, 0, 0, 0, 0, 0, 0, 0, 0, 0, 0, 0, 0, 0, 1, 0, 0, 0, 1, 0, 0, 0, 1, 1, 0, 0, 0, 0, 0, 0, 0, 0, 0, 0, 0, 0, 0, 0, 0, 0, 0, 1, 0, 1, 1, 0, 100, 0, 0, 0, 0, 101, 1, 1, 0, 0, 0, 0, 0, 0, 0, 0]",0.10688198872833729,102,0.3952755905511811,0.08661417322834646,5.057550130016175
jfreechart,8,seed8_solution006,0.20101016995426935,0.593033548923097,4.511824490504973,0.20101016995426935,-0.593033548923097,4.511824490504973,True,False,,,"[0, 1, 2, 3, 3, 0, 0, 1, 1, 1, 4, 1, 5, 5, 1, 1, 1, 6, 0, 1, 0, 0, 7, 1, 1, 1, 1, 8, 1, 1, 0, 0, 0, 1, 1, 1, 1, 0, 0, 0, 0, 9, 0, 1, 1, 0, 0, 1, 0, 1, 8, 1, 1, 1, 1, 9, 1, 1, 1, 1, 9, 9, 1, 10, 1, 1, 1, 10, 10, 11, 10, 1, 1, 12, 1, 12, 1, 13, 1, 14, 1, 11, 15, 1, 16, 1, 1, 15, 17, 14, 17, 18, 19, 1, 1, 1, 11, 1, 1, 1, 1, 1, 1, 1, 0, 1, 20, 1, 1, 0, 0, 1, 1, 1, 1, 1, 0, 0, 1, 1, 1, 21, 16, 1, 22, 17, 16, 1, 1, 23, 1, 1, 1, 1, 1, 1, 1, 17, 1, 1, 1, 1, 24, 25, 26, 27, 0, 0, 0, 0, 0, 2, 0, 0, 0, 0, 0, 0, 0, 0, 0, 0, 0, 19, 20, 1, 28, 29, 24, 30, 1, 26, 24, 31, 30, 32, 0, 0, 1, 19, 0, 0, 0, 0, 2, 0, 0, 0, 0, 0, 0, 0, 0, 0, 1, 0, 0, 25, 0, 0, 0, 0, 0, 28, 1, 26, 1, 0, 0, 32, 1, 0, 25, 0, 1, 0, 33, 1, 0, 0, 0, 33, 0, 0, 31, 25, 34, 35, 31, 36, 37, 34, 31, 31, 1, 1, 31, 1, 1, 33, 1, 26, 1, 1, 1, 1, 1, 1, 1, 0, 31, 1, 1, 38, 0, 39, 0, 1, 40, 41, 1, 1, 1, 1, 1, 42, 1, 1, 1, 1, 1, 1, 1, 1, 1, 0, 33, 43, 1, 22, 1, 38, 1, 1, 34, 28, 0, 38, 1, 1, 1, 1, 34, 40, 5, 1, 1, 0, 1, 44, 45, 45, 44, 1, 1, 46, 1, 1, 1, 43, 1, 47, 0, 0, 48, 49, 42, 50, 1, 1, 0, 1, 0, 1, 1, 51, 1, 1, 1, 1, 1, 1, 52, 45, 1, 53, 1, 1, 1, 1, 1, 1, 1, 54, 55, 1, 1, 1, 1, 51, 1, 1, 1, 1, 1, 1, 1, 0, 45, 0, 0, 49, 1, 0, 0, 1, 1, 1, 1, 56, 1, 1, 1, 1, 1, 0, 1, 57, 1, 0, 0, 1, 1, 1, 1, 1, 1, 0, 46, 1, 0, 1, 1, 58, 0, 1, 0, 1, 49, 59, 55, 59, 57, 56, 1, 1, 60, 1, 1, 1, 1, 1, 58, 61, 0, 0, 0, 1, 0, 1, 0, 0, 62, 0, 0, 59, 63, 58, 62, 64, 59, 65, 66, 67, 68, 1, 1, 0, 69, 56, 0, 1, 1, 1, 0, 1, 1, 70, 0, 1, 1, 1, 1, 0, 0, 0, 1, 1, 1, 0, 60, 13, 22, 0, 1, 1, 71, 0, 1, 28, 0, 0, 1, 0, 0, 31, 47, 47, 72, 24, 0, 0, 0, 0, 0, 0, 1, 0, 5, 0, 0, 0, 0, 0, 0, 1, 46, 0, 73, 0, 1, 0, 67, 74, 0, 73, 0, 0, 1, 0, 0, 1, 68, 0, 0, 1, 75, 1, 70, 0, 76, 65, 77, 78, 71, 53, 1, 1, 1, 1, 1, 79, 1, 1, 0, 0, 0, 65, 21, 1, 0, 0, 80, 1, 1, 72, 1, 1, 73, 71, 81, 81, 82, 1, 73, 1, 81, 0, 1, 0, 82, 1, 1, 1, 1, 1, 1, 1, 1, 72, 76, 0, 0, 0, 0, 0, 0, 0, 0, 0, 0, 0, 0, 0, 0, 0, 0, 1, 0, 0, 0, 1, 0, 0, 0, 1, 1, 0, 0, 0, 0, 0, 0, 0, 0, 0, 0, 0, 0, 0, 0, 0, 0, 0, 1, 0, 1, 1, 0, 77, 0, 0, 0, 0, 61, 1, 1, 0, 0, 0, 0, 0, 0, 0, 0]",0.09533971892926041,83,0.3984251968503937,0.03937007874015748,4.511824490504973
jfreechart,8,seed8_solution007,0.20275066548358472,1.4537206689806377,4.787446642970626,0.20275066548358472,-1.4537206689806377,4.787446642970626,True,False,,,"[0, 1, 2, 3, 3, 0, 0, 1, 4, 1, 4, 1, 5, 5, 1, 1, 1, 6, 0, 1, 0, 0, 7, 1, 1, 1, 1, 7, 1, 1, 0, 0, 0, 1, 1, 1, 1, 0, 0, 0, 0, 0, 0, 1, 1, 0, 0, 1, 0, 1, 8, 1, 1, 1, 1, 9, 1, 1, 1, 1, 9, 10, 1, 9, 1, 1, 1, 11, 9, 12, 13, 1, 1, 13, 1, 12, 1, 14, 1, 15, 1, 14, 11, 1, 15, 1, 1, 15, 16, 16, 16, 13, 14, 1, 1, 1, 12, 1, 1, 1, 1, 1, 1, 1, 0, 1, 14, 1, 1, 0, 0, 1, 1, 1, 1, 1, 0, 0, 1, 1, 1, 17, 18, 1, 19, 20, 21, 1, 1, 21, 1, 1, 1, 1, 1, 1, 1, 19, 1, 1, 1, 1, 21, 22, 22, 23, 0, 0, 0, 0, 0, 0, 0, 0, 0, 0, 0, 0, 0, 0, 0, 0, 0, 13, 13, 1, 23, 24, 25, 25, 1, 19, 26, 27, 28, 28, 0, 0, 1, 29, 0, 0, 0, 0, 0, 0, 0, 0, 0, 0, 0, 0, 0, 0, 1, 0, 0, 30, 0, 0, 0, 0, 0, 31, 1, 30, 1, 0, 0, 32, 1, 0, 33, 0, 1, 0, 32, 1, 0, 0, 0, 34, 0, 0, 32, 33, 25, 35, 34, 35, 35, 35, 34, 34, 1, 1, 27, 1, 1, 35, 1, 36, 1, 26, 1, 1, 1, 1, 1, 0, 36, 1, 1, 37, 0, 38, 0, 1, 39, 30, 1, 1, 1, 1, 1, 40, 1, 1, 1, 1, 1, 1, 1, 1, 1, 0, 41, 35, 1, 19, 1, 42, 1, 1, 39, 43, 0, 40, 1, 1, 1, 1, 44, 9, 45, 1, 1, 46, 1, 47, 48, 47, 48, 1, 1, 49, 1, 1, 1, 39, 1, 50, 0, 0, 51, 52, 44, 52, 1, 1, 0, 1, 0, 1, 1, 53, 1, 1, 1, 1, 1, 1, 54, 55, 1, 53, 1, 1, 1, 1, 1, 1, 1, 56, 47, 1, 1, 1, 1, 49, 1, 1, 1, 1, 1, 1, 1, 0, 57, 0, 0, 58, 1, 0, 0, 1, 1, 1, 1, 59, 1, 1, 1, 1, 1, 0, 1, 58, 1, 0, 0, 1, 1, 1, 1, 1, 1, 0, 50, 1, 0, 1, 1, 60, 0, 1, 0, 1, 61, 62, 52, 62, 63, 64, 1, 1, 0, 1, 1, 1, 1, 1, 65, 66, 0, 0, 0, 1, 0, 1, 0, 0, 56, 0, 0, 67, 68, 68, 58, 69, 60, 61, 70, 71, 72, 1, 1, 0, 68, 57, 0, 1, 1, 1, 0, 1, 1, 57, 0, 1, 1, 1, 1, 0, 0, 0, 1, 1, 1, 0, 59, 0, 0, 0, 1, 1, 73, 0, 1, 0, 0, 0, 1, 0, 0, 66, 66, 74, 74, 74, 0, 0, 0, 0, 0, 0, 1, 0, 0, 0, 0, 0, 0, 0, 0, 1, 75, 0, 76, 0, 1, 0, 77, 75, 0, 78, 0, 0, 1, 0, 0, 1, 79, 0, 0, 1, 80, 1, 81, 0, 82, 80, 63, 72, 83, 73, 1, 1, 1, 1, 1, 1, 1, 1, 0, 0, 0, 84, 76, 1, 0, 0, 85, 1, 1, 86, 1, 1, 87, 86, 88, 81, 68, 1, 82, 1, 88, 0, 1, 0, 68, 1, 1, 1, 1, 1, 1, 1, 1, 87, 87, 0, 0, 0, 0, 0, 0, 0, 0, 0, 0, 0, 0, 0, 0, 0, 0, 1, 0, 0, 0, 1, 0, 0, 0, 1, 1, 0, 0, 0, 0, 0, 0, 0, 0, 0, 0, 0, 0, 0, 0, 0, 0, 0, 1, 0, 1, 1, 0, 89, 0, 0, 0, 0, 90, 1, 1, 0, 0, 0, 0, 0, 0, 0, 0]",0.10108043829084579,91,0.3968503937007874,0.05354330708661417,4.787446642970626
jfreechart,8,seed8_solution008,0.2050371988260187,0.7265921667552651,4.641730346683359,0.2050371988260187,-0.7265921667552651,4.641730346683359,True,False,,,"[0, 1, 2, 3, 3, 0, 0, 1, 1, 1, 4, 1, 5, 5, 1, 1, 1, 6, 0, 1, 0, 0, 7, 1, 1, 1, 1, 7, 1, 1, 0, 0, 0, 1, 1, 1, 1, 0, 0, 0, 0, 8, 0, 1, 1, 0, 0, 1, 0, 1, 9, 1, 1, 1, 1, 10, 1, 1, 1, 1, 8, 11, 1, 9, 1, 1, 1, 10, 9, 12, 11, 1, 1, 11, 1, 12, 1, 13, 1, 14, 1, 13, 15, 1, 16, 1, 1, 16, 14, 14, 17, 17, 18, 1, 1, 1, 12, 1, 1, 1, 1, 1, 1, 1, 0, 1, 19, 1, 1, 0, 0, 1, 1, 1, 1, 1, 0, 0, 1, 1, 1, 20, 21, 1, 20, 17, 22, 1, 1, 22, 1, 1, 1, 1, 1, 1, 1, 23, 1, 1, 1, 1, 22, 24, 25, 19, 0, 0, 0, 0, 0, 0, 0, 0, 0, 0, 0, 0, 0, 0, 0, 0, 0, 11, 11, 1, 19, 26, 21, 21, 1, 27, 28, 28, 29, 29, 0, 0, 1, 30, 0, 0, 0, 0, 0, 0, 0, 0, 0, 0, 0, 0, 0, 0, 1, 0, 0, 31, 0, 0, 0, 0, 0, 25, 1, 25, 1, 0, 0, 32, 1, 0, 31, 0, 1, 0, 33, 1, 0, 0, 0, 33, 0, 0, 34, 35, 21, 29, 28, 32, 32, 29, 28, 36, 1, 1, 30, 1, 1, 29, 1, 31, 1, 27, 1, 1, 1, 1, 1, 0, 31, 1, 1, 37, 0, 38, 0, 1, 39, 26, 1, 1, 1, 1, 1, 40, 1, 1, 1, 1, 1, 1, 1, 1, 1, 0, 41, 29, 1, 23, 1, 42, 1, 1, 43, 38, 0, 37, 1, 1, 1, 1, 39, 44, 45, 1, 1, 46, 1, 47, 48, 47, 42, 1, 1, 49, 1, 1, 1, 43, 1, 42, 0, 0, 50, 51, 39, 52, 1, 1, 0, 1, 0, 1, 1, 53, 1, 1, 1, 1, 1, 1, 48, 8, 1, 54, 1, 1, 1, 1, 1, 1, 1, 51, 55, 1, 1, 1, 1, 49, 1, 1, 1, 1, 1, 1, 1, 0, 53, 0, 0, 56, 1, 0, 0, 1, 1, 1, 1, 54, 1, 1, 1, 1, 1, 0, 1, 56, 1, 0, 0, 1, 1, 1, 1, 1, 1, 0, 52, 1, 0, 1, 1, 57, 0, 1, 0, 1, 55, 56, 44, 56, 58, 59, 1, 1, 30, 1, 1, 1, 1, 1, 57, 60, 0, 0, 0, 1, 0, 1, 0, 0, 61, 0, 0, 62, 60, 57, 58, 63, 64, 65, 66, 67, 68, 1, 1, 0, 69, 60, 0, 1, 1, 1, 0, 1, 1, 70, 0, 1, 1, 1, 1, 0, 0, 0, 1, 1, 1, 0, 71, 0, 0, 0, 1, 1, 72, 0, 1, 0, 0, 0, 1, 0, 0, 28, 64, 73, 65, 28, 0, 0, 0, 0, 0, 0, 1, 0, 0, 0, 0, 0, 0, 0, 0, 1, 74, 0, 75, 0, 1, 0, 62, 66, 0, 75, 0, 0, 1, 0, 0, 1, 70, 0, 0, 1, 72, 1, 73, 0, 76, 72, 77, 78, 79, 80, 1, 1, 1, 1, 1, 1, 1, 1, 0, 0, 0, 81, 70, 1, 0, 0, 82, 1, 1, 83, 1, 1, 78, 84, 79, 83, 60, 1, 73, 1, 79, 0, 1, 0, 60, 1, 1, 1, 1, 1, 1, 1, 1, 73, 85, 0, 0, 0, 0, 0, 0, 0, 0, 0, 0, 0, 0, 0, 0, 0, 0, 1, 0, 0, 0, 1, 0, 0, 0, 1, 1, 0, 0, 0, 0, 0, 0, 0, 0, 0, 0, 0, 0, 0, 0, 0, 0, 0, 1, 0, 1, 1, 0, 80, 0, 0, 0, 0, 44, 1, 1, 0, 0, 0, 0, 0, 0, 0, 0]",0.09467654024016126,86,0.3984251968503937,0.04409448818897638,4.641730346683359
jfreechart,8,seed8_solution009,0.2070848406252133,2.164952784636463,4.40343093285315,0.2070848406252133,-2.164952784636463,4.40343093285315,True,False,,,"[0, 1, 2, 3, 3, 0, 0, 1, 1, 1, 4, 1, 5, 5, 1, 1, 1, 6, 0, 1, 0, 0, 7, 1, 1, 1, 1, 7, 1, 1, 0, 0, 0, 1, 1, 1, 1, 0, 0, 0, 0, 8, 0, 1, 1, 0, 0, 1, 0, 1, 6, 1, 1, 1, 1, 9, 1, 1, 1, 1, 8, 10, 1, 9, 1, 1, 1, 9, 10, 11, 11, 1, 1, 12, 1, 11, 1, 13, 1, 14, 1, 13, 10, 1, 15, 1, 1, 13, 16, 14, 16, 15, 15, 1, 1, 1, 11, 1, 1, 1, 1, 1, 1, 1, 0, 1, 17, 1, 1, 0, 0, 1, 1, 1, 1, 1, 0, 0, 1, 1, 1, 18, 11, 1, 15, 17, 19, 1, 1, 19, 1, 1, 1, 1, 1, 1, 1, 20, 1, 1, 1, 1, 19, 20, 21, 22, 0, 0, 0, 0, 0, 0, 0, 0, 0, 0, 0, 0, 0, 0, 0, 0, 0, 12, 18, 1, 22, 23, 20, 24, 1, 25, 26, 26, 26, 27, 0, 27, 1, 28, 0, 0, 0, 0, 0, 0, 0, 0, 0, 0, 0, 0, 0, 0, 1, 0, 0, 29, 0, 0, 0, 0, 0, 21, 1, 21, 1, 0, 0, 30, 1, 0, 29, 0, 1, 0, 28, 1, 0, 0, 0, 28, 0, 0, 31, 29, 32, 32, 26, 32, 30, 29, 26, 33, 1, 1, 25, 1, 1, 27, 1, 30, 1, 25, 1, 1, 1, 1, 1, 0, 34, 1, 1, 32, 0, 34, 35, 1, 36, 22, 1, 1, 1, 1, 1, 30, 1, 1, 1, 1, 1, 1, 1, 1, 1, 0, 35, 37, 1, 14, 1, 38, 1, 1, 39, 40, 0, 37, 1, 1, 1, 1, 36, 41, 42, 1, 1, 35, 1, 43, 36, 39, 38, 1, 1, 44, 1, 1, 1, 38, 1, 38, 0, 0, 45, 46, 36, 41, 1, 1, 0, 1, 0, 1, 1, 47, 1, 1, 1, 1, 1, 1, 48, 49, 1, 41, 1, 1, 1, 1, 1, 1, 1, 50, 51, 1, 1, 1, 1, 41, 1, 1, 1, 1, 1, 1, 1, 0, 47, 0, 0, 44, 1, 0, 0, 1, 1, 1, 1, 41, 1, 1, 1, 1, 1, 0, 1, 40, 1, 0, 0, 1, 1, 1, 1, 1, 1, 0, 52, 1, 0, 1, 1, 48, 0, 1, 0, 1, 51, 53, 41, 38, 52, 47, 1, 1, 41, 1, 1, 1, 1, 1, 54, 36, 0, 0, 0, 1, 0, 1, 0, 0, 55, 0, 0, 42, 56, 56, 48, 57, 58, 43, 59, 60, 61, 1, 0, 0, 62, 57, 0, 1, 1, 1, 0, 1, 1, 58, 0, 1, 1, 1, 1, 0, 0, 0, 1, 1, 1, 0, 44, 0, 0, 0, 1, 1, 63, 0, 1, 0, 0, 0, 1, 0, 54, 53, 64, 65, 64, 26, 0, 0, 0, 0, 0, 0, 1, 0, 0, 0, 0, 0, 0, 0, 0, 1, 66, 0, 62, 0, 1, 0, 62, 65, 0, 67, 0, 0, 1, 0, 0, 1, 68, 0, 0, 1, 34, 1, 53, 0, 69, 63, 61, 70, 71, 72, 1, 1, 13, 1, 1, 1, 1, 1, 0, 0, 0, 57, 57, 1, 0, 0, 73, 1, 1, 74, 1, 1, 75, 68, 71, 74, 76, 1, 75, 1, 71, 0, 1, 0, 77, 1, 1, 1, 1, 1, 1, 1, 1, 60, 78, 0, 0, 0, 0, 0, 0, 0, 0, 0, 0, 0, 0, 0, 0, 0, 0, 1, 0, 0, 0, 1, 0, 0, 0, 1, 1, 0, 0, 0, 0, 0, 0, 0, 0, 0, 0, 0, 9, 0, 7, 0, 0, 0, 1, 0, 1, 1, 0, 79, 0, 0, 0, 0, 72, 1, 1, 0, 0, 0, 0, 0, 18, 0, 0]",0.09602370224230988,80,0.3952755905511811,0.03307086614173228,4.40343093285315
jfreechart,8,seed8_solution010,0.2084499351580097,0.847605182827444,4.342343140734955,0.2084499351580097,-0.847605182827444,4.342343140734955,True,False,,,"[0, 1, 2, 3, 3, 0, 0, 1, 1, 1, 4, 1, 5, 5, 1, 1, 1, 6, 0, 1, 0, 0, 7, 1, 1, 1, 1, 7, 1, 1, 0, 0, 0, 1, 1, 1, 1, 0, 0, 0, 0, 8, 0, 1, 1, 0, 0, 1, 0, 1, 8, 1, 1, 1, 1, 9, 1, 1, 1, 1, 9, 9, 1, 10, 1, 1, 1, 11, 10, 11, 10, 1, 1, 12, 1, 13, 1, 14, 1, 14, 1, 11, 11, 1, 15, 1, 1, 10, 13, 16, 13, 15, 17, 1, 1, 1, 11, 1, 1, 1, 1, 1, 1, 1, 0, 1, 15, 1, 1, 0, 0, 1, 1, 1, 1, 1, 0, 0, 1, 1, 1, 15, 18, 1, 15, 18, 19, 1, 1, 20, 1, 1, 1, 1, 1, 1, 1, 19, 1, 1, 1, 1, 19, 21, 21, 22, 0, 0, 0, 0, 0, 2, 0, 0, 0, 0, 0, 0, 0, 0, 0, 0, 0, 12, 18, 1, 23, 23, 24, 22, 1, 24, 24, 19, 23, 24, 0, 0, 1, 5, 2, 0, 0, 0, 2, 0, 0, 0, 0, 0, 0, 0, 0, 25, 1, 0, 0, 26, 0, 0, 0, 0, 0, 25, 1, 24, 1, 0, 0, 27, 1, 0, 26, 0, 1, 0, 28, 1, 0, 0, 0, 29, 0, 0, 27, 30, 29, 29, 28, 26, 31, 27, 25, 32, 1, 1, 28, 1, 1, 33, 1, 28, 1, 1, 1, 1, 1, 1, 1, 0, 33, 1, 1, 34, 0, 32, 0, 1, 35, 8, 1, 1, 1, 1, 1, 31, 1, 1, 1, 1, 1, 1, 1, 1, 1, 0, 36, 37, 1, 20, 1, 36, 1, 36, 34, 27, 0, 34, 1, 1, 1, 1, 34, 38, 5, 1, 1, 37, 1, 39, 40, 37, 40, 1, 1, 39, 1, 1, 1, 38, 1, 41, 0, 0, 42, 43, 36, 44, 1, 1, 0, 1, 0, 1, 1, 45, 1, 1, 1, 1, 1, 1, 46, 47, 1, 48, 1, 1, 1, 1, 1, 1, 1, 35, 49, 1, 1, 1, 1, 45, 1, 1, 1, 1, 1, 1, 1, 0, 49, 0, 0, 44, 1, 50, 0, 1, 1, 1, 1, 51, 1, 1, 1, 1, 1, 0, 1, 50, 1, 0, 0, 1, 1, 1, 1, 1, 1, 0, 46, 1, 0, 1, 1, 47, 33, 1, 0, 1, 52, 47, 53, 34, 49, 43, 1, 1, 42, 1, 1, 1, 1, 1, 54, 51, 0, 0, 0, 1, 41, 1, 0, 0, 46, 0, 0, 55, 56, 57, 58, 59, 59, 60, 61, 26, 62, 1, 1, 0, 56, 63, 0, 1, 1, 1, 0, 1, 1, 64, 0, 1, 1, 1, 1, 0, 0, 0, 1, 1, 1, 0, 65, 14, 0, 0, 1, 1, 66, 0, 1, 0, 0, 0, 1, 0, 0, 46, 51, 51, 67, 56, 0, 0, 0, 0, 0, 0, 1, 0, 5, 0, 0, 0, 0, 0, 0, 1, 46, 0, 43, 0, 1, 0, 68, 46, 0, 69, 0, 0, 1, 0, 0, 1, 58, 0, 0, 1, 45, 1, 45, 0, 42, 53, 70, 50, 71, 72, 1, 1, 1, 1, 1, 1, 1, 1, 0, 0, 0, 55, 63, 1, 0, 0, 54, 1, 1, 62, 1, 73, 74, 53, 69, 75, 55, 1, 59, 1, 76, 0, 1, 0, 77, 1, 1, 1, 1, 1, 1, 1, 1, 74, 77, 0, 0, 0, 0, 0, 0, 0, 0, 0, 0, 0, 0, 0, 0, 0, 0, 1, 0, 0, 0, 1, 58, 0, 0, 1, 1, 0, 0, 0, 0, 0, 0, 0, 0, 0, 0, 0, 0, 0, 0, 0, 0, 0, 1, 0, 1, 1, 0, 78, 0, 0, 0, 0, 58, 1, 1, 0, 0, 0, 0, 0, 0, 0, 0]",0.09386944125849465,79,0.3968503937007874,0.03464566929133858,4.342343140734955
jfreechart,8,seed8_solution011,0.20858644461128933,0.9643739233907588,4.2719655171102175,0.20858644461128933,-0.9643739233907588,4.2719655171102175,True,False,,,"[0, 1, 2, 3, 3, 0, 0, 1, 1, 1, 4, 1, 5, 6, 1, 1, 1, 7, 0, 1, 0, 0, 8, 1, 1, 1, 1, 8, 1, 1, 0, 0, 0, 1, 1, 1, 1, 0, 0, 0, 0, 0, 0, 1, 1, 0, 0, 1, 0, 1, 9, 1, 1, 1, 1, 10, 1, 1, 1, 1, 10, 10, 1, 11, 1, 1, 1, 12, 11, 12, 12, 1, 1, 13, 1, 12, 1, 14, 1, 15, 1, 15, 12, 1, 16, 1, 1, 15, 14, 16, 14, 16, 17, 1, 1, 1, 12, 1, 1, 1, 1, 1, 1, 1, 0, 1, 17, 1, 1, 0, 0, 1, 1, 1, 1, 1, 0, 0, 1, 1, 1, 18, 19, 1, 19, 20, 20, 1, 1, 21, 1, 1, 1, 1, 1, 1, 1, 20, 1, 1, 1, 1, 20, 22, 23, 23, 0, 0, 0, 0, 0, 2, 0, 0, 0, 0, 0, 0, 0, 0, 0, 0, 0, 13, 19, 1, 22, 24, 25, 23, 1, 25, 25, 26, 27, 6, 0, 0, 1, 5, 2, 0, 0, 0, 2, 0, 0, 0, 0, 0, 0, 0, 0, 24, 1, 0, 0, 28, 0, 0, 0, 0, 0, 24, 1, 25, 1, 0, 0, 6, 1, 0, 28, 0, 1, 0, 29, 1, 0, 0, 0, 27, 0, 0, 30, 31, 27, 32, 27, 31, 27, 6, 33, 32, 1, 1, 29, 1, 1, 34, 1, 29, 1, 1, 1, 1, 1, 1, 1, 0, 31, 1, 1, 32, 0, 31, 0, 1, 28, 9, 1, 1, 1, 1, 1, 35, 1, 1, 1, 1, 1, 1, 1, 1, 1, 0, 36, 29, 1, 26, 1, 36, 1, 37, 34, 6, 0, 34, 1, 1, 1, 1, 34, 38, 5, 1, 1, 37, 1, 38, 39, 37, 38, 1, 1, 40, 1, 1, 1, 41, 1, 42, 0, 0, 39, 43, 37, 44, 1, 1, 0, 1, 0, 1, 1, 45, 1, 1, 1, 1, 1, 1, 46, 44, 1, 40, 1, 1, 1, 1, 1, 1, 1, 36, 47, 1, 1, 1, 1, 45, 1, 1, 1, 1, 1, 1, 1, 0, 48, 0, 0, 41, 1, 0, 0, 1, 1, 1, 1, 48, 1, 1, 1, 1, 1, 0, 1, 49, 1, 0, 0, 1, 1, 1, 1, 1, 1, 0, 43, 1, 0, 1, 1, 50, 31, 1, 0, 1, 49, 44, 47, 34, 48, 51, 1, 1, 47, 1, 1, 1, 1, 1, 50, 48, 0, 0, 0, 1, 42, 1, 0, 0, 43, 0, 0, 52, 53, 54, 55, 56, 56, 51, 57, 28, 58, 1, 1, 0, 57, 58, 0, 1, 1, 1, 0, 1, 1, 59, 0, 1, 1, 1, 1, 0, 0, 0, 1, 1, 1, 0, 60, 15, 0, 0, 1, 1, 61, 0, 1, 0, 0, 0, 1, 0, 0, 43, 48, 48, 62, 52, 0, 0, 0, 0, 0, 0, 1, 0, 0, 0, 0, 0, 0, 0, 0, 1, 43, 0, 63, 0, 1, 0, 64, 65, 0, 51, 0, 0, 1, 0, 0, 1, 66, 0, 0, 1, 49, 1, 45, 0, 39, 57, 61, 55, 67, 67, 1, 1, 1, 1, 1, 1, 1, 1, 0, 0, 0, 53, 68, 1, 0, 0, 50, 1, 1, 69, 1, 70, 71, 71, 66, 72, 53, 1, 73, 1, 72, 0, 1, 0, 74, 1, 1, 1, 1, 1, 1, 1, 1, 62, 75, 0, 0, 0, 0, 0, 0, 0, 0, 0, 0, 0, 0, 0, 0, 0, 0, 1, 0, 0, 0, 1, 55, 0, 0, 1, 1, 0, 0, 0, 0, 0, 0, 0, 0, 0, 7, 0, 0, 0, 0, 0, 0, 0, 1, 0, 1, 1, 0, 75, 0, 0, 0, 0, 55, 1, 1, 0, 0, 0, 0, 0, 0, 0, 0]",0.09354211812552903,76,0.3968503937007874,0.028346456692913385,4.2719655171102175
jfreechart,8,seed8_solution012,0.21599208245170978,2.523666842405736,4.179849449715007,0.21599208245170978,-2.523666842405736,4.179849449715007,True,False,,,"[0, 1, 2, 3, 3, 0, 0, 1, 4, 1, 4, 1, 5, 5, 1, 1, 1, 6, 0, 1, 0, 0, 7, 1, 1, 1, 1, 7, 1, 1, 0, 0, 0, 1, 1, 1, 1, 0, 0, 0, 0, 0, 0, 1, 1, 0, 0, 1, 0, 1, 6, 1, 1, 1, 1, 8, 1, 1, 1, 1, 8, 9, 1, 10, 1, 1, 1, 7, 7, 11, 12, 1, 1, 11, 1, 7, 1, 13, 1, 13, 1, 12, 9, 1, 14, 1, 1, 13, 15, 14, 15, 16, 16, 1, 1, 1, 16, 1, 1, 1, 1, 1, 1, 1, 0, 1, 17, 1, 1, 0, 0, 1, 1, 1, 1, 1, 0, 0, 1, 1, 1, 18, 12, 1, 16, 19, 20, 1, 1, 21, 1, 1, 1, 1, 1, 1, 1, 14, 1, 1, 1, 1, 22, 23, 24, 25, 0, 0, 0, 0, 0, 0, 0, 0, 0, 0, 0, 0, 0, 0, 0, 0, 0, 11, 20, 1, 21, 25, 23, 24, 1, 26, 24, 27, 28, 25, 0, 29, 1, 30, 0, 0, 0, 0, 0, 0, 0, 0, 0, 0, 0, 0, 0, 0, 1, 0, 0, 27, 0, 0, 0, 0, 0, 31, 1, 31, 1, 0, 0, 32, 1, 0, 30, 0, 1, 0, 30, 1, 0, 0, 0, 30, 0, 0, 18, 31, 33, 33, 30, 33, 28, 31, 28, 32, 1, 1, 27, 31, 1, 28, 1, 32, 1, 1, 1, 1, 1, 1, 1, 0, 34, 1, 1, 33, 0, 34, 35, 1, 36, 19, 1, 1, 1, 1, 1, 32, 1, 1, 1, 1, 1, 1, 1, 1, 1, 0, 35, 37, 1, 14, 1, 38, 1, 1, 39, 38, 0, 40, 1, 1, 1, 25, 41, 39, 42, 1, 1, 35, 1, 41, 39, 43, 40, 1, 1, 39, 1, 1, 1, 42, 1, 40, 0, 0, 43, 43, 34, 44, 1, 1, 0, 1, 0, 1, 1, 45, 1, 1, 1, 1, 1, 33, 36, 24, 1, 44, 1, 1, 1, 1, 1, 1, 1, 46, 47, 1, 1, 1, 1, 44, 1, 1, 1, 1, 1, 1, 1, 0, 48, 0, 0, 49, 1, 0, 0, 1, 1, 1, 10, 44, 1, 1, 1, 1, 1, 0, 1, 38, 1, 0, 0, 1, 1, 1, 1, 1, 1, 0, 50, 1, 0, 1, 1, 48, 0, 1, 0, 1, 39, 51, 47, 42, 52, 53, 1, 1, 44, 1, 1, 1, 1, 1, 54, 55, 0, 0, 0, 0, 0, 1, 0, 0, 56, 0, 0, 45, 57, 47, 48, 58, 46, 47, 59, 60, 61, 1, 0, 0, 62, 63, 0, 1, 1, 1, 0, 1, 1, 64, 0, 1, 1, 1, 1, 0, 0, 0, 1, 1, 1, 0, 49, 0, 0, 0, 1, 1, 53, 0, 1, 0, 0, 0, 1, 0, 54, 56, 65, 66, 65, 59, 0, 0, 0, 0, 0, 0, 1, 0, 0, 0, 0, 0, 0, 0, 0, 1, 56, 0, 62, 0, 1, 0, 58, 25, 0, 67, 0, 0, 1, 0, 0, 1, 61, 0, 0, 1, 34, 1, 56, 0, 59, 58, 68, 45, 35, 58, 1, 69, 13, 1, 1, 1, 1, 1, 0, 0, 0, 63, 63, 1, 0, 0, 61, 1, 1, 70, 1, 1, 71, 70, 72, 70, 73, 1, 71, 1, 72, 0, 1, 0, 62, 1, 1, 1, 1, 1, 1, 1, 1, 67, 71, 0, 0, 0, 0, 0, 0, 0, 0, 0, 0, 0, 0, 0, 0, 0, 0, 1, 0, 0, 0, 1, 0, 0, 0, 1, 1, 0, 0, 0, 0, 0, 0, 0, 0, 0, 0, 0, 10, 0, 7, 0, 0, 0, 1, 0, 1, 1, 0, 57, 0, 0, 0, 0, 58, 1, 1, 0, 0, 0, 0, 0, 20, 0, 0]",0.09750573499730132,74,0.3858267716535433,0.025196850393700787,4.179849449715007
jfreechart,8,seed8_solution013,0.21766432325438537,2.524624130313323,4.169122627504133,0.21766432325438537,-2.524624130313323,4.169122627504133,True,False,,,"[0, 1, 2, 3, 3, 0, 0, 1, 4, 1, 4, 1, 5, 5, 1, 1, 1, 6, 0, 1, 0, 0, 7, 1, 1, 1, 1, 7, 1, 1, 0, 0, 0, 1, 1, 1, 1, 0, 0, 0, 0, 0, 0, 1, 1, 0, 0, 1, 0, 1, 6, 1, 1, 1, 1, 8, 1, 1, 1, 1, 8, 9, 1, 10, 1, 1, 1, 7, 7, 11, 12, 1, 1, 11, 1, 7, 1, 13, 1, 13, 1, 12, 9, 1, 14, 1, 1, 13, 15, 14, 15, 16, 16, 1, 1, 1, 16, 1, 1, 1, 1, 1, 1, 1, 0, 1, 17, 1, 1, 0, 0, 1, 1, 1, 1, 1, 0, 0, 1, 1, 1, 18, 12, 1, 16, 19, 20, 1, 1, 21, 1, 1, 1, 1, 1, 1, 1, 14, 1, 1, 1, 1, 22, 23, 24, 25, 0, 0, 0, 0, 0, 0, 0, 0, 0, 0, 0, 0, 0, 0, 0, 0, 0, 11, 20, 1, 21, 25, 23, 24, 1, 26, 24, 27, 28, 25, 0, 29, 1, 30, 0, 0, 0, 0, 0, 0, 0, 0, 0, 0, 0, 0, 0, 0, 1, 0, 0, 27, 0, 0, 0, 0, 0, 31, 1, 31, 1, 0, 0, 32, 1, 0, 33, 0, 1, 0, 33, 1, 0, 0, 0, 33, 0, 0, 18, 31, 34, 34, 33, 34, 28, 31, 28, 32, 1, 1, 27, 31, 1, 28, 1, 32, 1, 1, 1, 1, 1, 1, 1, 0, 35, 1, 1, 34, 0, 35, 36, 1, 37, 19, 1, 1, 1, 1, 1, 32, 1, 1, 1, 1, 1, 1, 1, 1, 1, 0, 36, 38, 1, 14, 1, 39, 1, 1, 40, 39, 0, 41, 1, 1, 1, 25, 42, 40, 43, 1, 1, 36, 1, 42, 40, 44, 41, 1, 1, 40, 10, 1, 1, 43, 1, 41, 0, 0, 44, 44, 35, 45, 1, 1, 0, 1, 0, 1, 1, 46, 1, 1, 1, 1, 1, 34, 37, 24, 1, 45, 1, 1, 1, 1, 1, 1, 1, 47, 48, 1, 1, 1, 1, 45, 1, 1, 1, 1, 1, 1, 1, 0, 49, 0, 0, 50, 1, 0, 0, 1, 1, 1, 10, 45, 1, 1, 1, 1, 1, 0, 1, 39, 1, 0, 0, 1, 1, 1, 1, 1, 1, 0, 51, 1, 0, 1, 1, 49, 0, 1, 0, 1, 40, 52, 48, 43, 53, 54, 1, 1, 45, 1, 1, 1, 1, 1, 55, 56, 0, 0, 0, 0, 0, 1, 0, 0, 57, 0, 0, 46, 58, 48, 49, 59, 47, 48, 60, 61, 62, 1, 0, 0, 63, 64, 0, 1, 1, 1, 0, 1, 1, 65, 0, 1, 1, 1, 1, 0, 0, 0, 1, 1, 1, 0, 50, 0, 0, 0, 1, 1, 54, 0, 1, 0, 0, 0, 1, 0, 55, 57, 66, 67, 66, 60, 0, 0, 0, 0, 0, 0, 1, 0, 0, 0, 0, 0, 0, 0, 0, 1, 57, 0, 63, 0, 1, 0, 59, 25, 0, 68, 0, 0, 1, 0, 0, 1, 62, 0, 0, 1, 35, 1, 57, 0, 60, 59, 30, 46, 36, 59, 1, 69, 13, 1, 1, 1, 1, 1, 0, 0, 0, 64, 64, 1, 0, 0, 62, 1, 1, 70, 1, 1, 71, 70, 72, 70, 73, 1, 71, 1, 72, 0, 1, 0, 63, 1, 1, 1, 1, 1, 1, 1, 1, 68, 71, 0, 0, 0, 0, 0, 0, 0, 0, 0, 0, 0, 0, 0, 0, 0, 0, 1, 0, 0, 0, 1, 0, 0, 0, 1, 1, 0, 0, 0, 0, 0, 0, 0, 0, 0, 0, 0, 10, 0, 7, 0, 0, 0, 1, 0, 1, 1, 0, 58, 0, 0, 0, 0, 59, 1, 1, 0, 0, 0, 0, 0, 20, 0, 0]",0.09731433606745951,74,0.384251968503937,0.023622047244094488,4.169122627504133
jfreechart,8,seed8_solution014,0.2273564944372398,1.007354440777928,4.0373478077018135,0.2273564944372398,-1.007354440777928,4.0373478077018135,True,False,,,"[0, 1, 2, 3, 3, 0, 0, 1, 4, 1, 4, 1, 5, 5, 1, 1, 1, 5, 0, 1, 0, 0, 6, 1, 1, 1, 1, 5, 1, 1, 0, 0, 0, 1, 1, 1, 1, 0, 0, 0, 0, 0, 0, 1, 1, 0, 0, 1, 0, 1, 6, 1, 1, 1, 1, 7, 1, 1, 1, 1, 8, 9, 1, 10, 1, 1, 1, 7, 7, 9, 11, 1, 1, 9, 1, 7, 1, 12, 1, 12, 1, 12, 9, 1, 9, 1, 1, 13, 14, 15, 14, 14, 13, 1, 1, 1, 16, 1, 1, 1, 1, 1, 1, 1, 0, 1, 16, 1, 2, 0, 0, 1, 1, 1, 1, 1, 0, 0, 1, 1, 1, 17, 12, 1, 16, 17, 18, 1, 1, 18, 1, 1, 1, 1, 1, 1, 18, 13, 1, 1, 1, 1, 18, 19, 20, 21, 0, 0, 0, 0, 0, 0, 0, 0, 0, 0, 0, 0, 0, 0, 0, 0, 0, 11, 22, 1, 20, 22, 23, 24, 1, 25, 26, 25, 21, 25, 0, 27, 1, 26, 0, 0, 0, 0, 2, 0, 2, 0, 0, 0, 0, 0, 0, 0, 1, 0, 0, 28, 0, 0, 0, 0, 0, 27, 1, 29, 1, 0, 0, 30, 1, 0, 31, 0, 1, 0, 32, 29, 0, 0, 0, 8, 0, 0, 20, 32, 30, 30, 31, 33, 29, 28, 29, 5, 1, 1, 31, 32, 1, 29, 1, 30, 1, 1, 1, 1, 1, 1, 1, 0, 30, 5, 1, 34, 0, 31, 35, 1, 36, 17, 1, 1, 1, 1, 1, 33, 1, 1, 1, 1, 1, 1, 1, 1, 1, 0, 37, 38, 1, 15, 1, 39, 1, 1, 40, 40, 0, 38, 1, 1, 1, 25, 22, 41, 42, 1, 1, 35, 1, 43, 41, 44, 42, 1, 1, 41, 1, 1, 1, 45, 1, 42, 0, 0, 46, 47, 35, 41, 1, 1, 0, 1, 0, 1, 1, 44, 1, 1, 1, 1, 1, 34, 30, 24, 1, 45, 1, 1, 1, 1, 1, 1, 1, 35, 48, 1, 1, 1, 1, 46, 1, 1, 1, 1, 1, 1, 1, 0, 49, 0, 0, 46, 1, 0, 0, 1, 1, 1, 10, 50, 1, 1, 13, 1, 1, 0, 1, 36, 1, 0, 0, 1, 1, 1, 1, 1, 1, 0, 51, 1, 0, 1, 1, 52, 0, 1, 0, 1, 51, 44, 48, 45, 49, 53, 1, 1, 50, 1, 1, 1, 1, 1, 51, 51, 0, 0, 0, 0, 0, 1, 0, 0, 52, 0, 0, 44, 54, 48, 47, 55, 53, 44, 56, 52, 57, 1, 0, 0, 58, 59, 0, 1, 1, 1, 0, 1, 1, 56, 0, 1, 1, 1, 1, 0, 0, 0, 1, 1, 1, 0, 46, 0, 0, 0, 1, 1, 60, 0, 1, 0, 0, 0, 1, 0, 61, 62, 63, 58, 58, 56, 0, 0, 0, 0, 0, 0, 1, 0, 0, 0, 0, 0, 0, 0, 0, 1, 62, 0, 64, 0, 1, 0, 65, 62, 0, 63, 0, 0, 1, 0, 0, 1, 66, 0, 0, 1, 35, 1, 52, 0, 59, 57, 64, 44, 37, 65, 1, 1, 1, 1, 1, 1, 1, 1, 0, 0, 0, 67, 66, 1, 0, 0, 66, 1, 1, 68, 1, 1, 69, 70, 67, 68, 71, 1, 69, 1, 65, 0, 1, 0, 64, 1, 1, 1, 1, 1, 1, 1, 1, 68, 69, 0, 0, 0, 0, 7, 0, 0, 0, 0, 0, 0, 0, 0, 0, 0, 0, 1, 0, 0, 0, 1, 0, 0, 0, 1, 1, 0, 0, 0, 0, 23, 13, 0, 0, 0, 0, 0, 10, 0, 7, 0, 0, 0, 1, 0, 1, 1, 0, 63, 0, 0, 0, 0, 65, 1, 1, 0, 0, 11, 0, 0, 22, 0, 0]",0.09294701771451462,72,0.38110236220472443,0.014173228346456693,4.0373478077018135
jfreechart,8,seed8_solution015,0.2364002457170159,2.5232930246685896,4.158721182037063,0.2364002457170159,-2.5232930246685896,4.158721182037063,True,False,,,"[0, 1, 2, 3, 3, 0, 0, 1, 4, 1, 4, 1, 5, 5, 1, 1, 1, 6, 0, 1, 0, 0, 7, 1, 1, 1, 1, 7, 1, 1, 0, 0, 0, 1, 1, 1, 1, 0, 0, 0, 0, 0, 0, 1, 1, 0, 0, 1, 0, 1, 6, 1, 1, 1, 1, 8, 1, 1, 1, 1, 8, 9, 1, 10, 1, 1, 11, 7, 7, 12, 13, 1, 1, 12, 1, 7, 1, 14, 1, 14, 1, 13, 9, 1, 15, 1, 1, 14, 16, 15, 16, 17, 17, 1, 1, 1, 17, 1, 1, 1, 1, 1, 1, 1, 0, 1, 18, 1, 1, 0, 0, 1, 1, 1, 1, 1, 0, 0, 1, 1, 1, 19, 13, 1, 17, 20, 21, 1, 1, 22, 1, 1, 1, 1, 1, 1, 1, 15, 1, 1, 1, 1, 23, 24, 25, 26, 0, 0, 0, 0, 0, 0, 0, 0, 0, 0, 0, 0, 0, 0, 0, 0, 0, 12, 21, 1, 22, 26, 24, 25, 1, 27, 25, 28, 29, 26, 0, 30, 1, 31, 0, 0, 0, 0, 0, 0, 0, 0, 0, 0, 0, 0, 0, 0, 1, 0, 0, 28, 0, 0, 0, 0, 0, 32, 1, 32, 1, 0, 0, 33, 1, 0, 31, 0, 1, 0, 31, 1, 0, 0, 0, 31, 0, 0, 19, 32, 34, 34, 31, 34, 29, 32, 29, 33, 1, 1, 28, 32, 1, 29, 1, 33, 1, 1, 1, 1, 1, 1, 1, 0, 35, 1, 1, 34, 0, 35, 36, 1, 37, 20, 1, 1, 1, 1, 1, 33, 1, 1, 1, 1, 1, 1, 1, 1, 1, 0, 36, 38, 1, 15, 1, 39, 1, 1, 40, 39, 0, 41, 1, 1, 1, 26, 42, 40, 43, 1, 1, 36, 1, 42, 40, 44, 41, 1, 1, 40, 1, 1, 1, 43, 1, 41, 0, 0, 44, 44, 35, 45, 1, 1, 0, 1, 0, 1, 1, 46, 1, 1, 1, 1, 1, 34, 37, 25, 1, 45, 1, 1, 1, 1, 1, 1, 1, 47, 48, 1, 1, 1, 1, 45, 1, 1, 1, 1, 1, 1, 1, 0, 49, 0, 0, 50, 1, 0, 0, 1, 1, 1, 10, 45, 1, 1, 1, 1, 1, 0, 1, 39, 1, 0, 0, 1, 1, 1, 1, 1, 1, 0, 51, 1, 0, 1, 1, 49, 0, 1, 0, 1, 40, 52, 48, 43, 53, 54, 1, 1, 45, 1, 1, 1, 1, 1, 55, 56, 0, 0, 0, 0, 0, 1, 0, 0, 57, 0, 0, 46, 58, 48, 49, 59, 47, 48, 60, 61, 62, 1, 0, 0, 63, 64, 0, 1, 1, 1, 0, 1, 1, 65, 0, 1, 1, 1, 1, 0, 0, 0, 1, 1, 1, 0, 50, 0, 0, 0, 1, 1, 54, 0, 1, 0, 0, 0, 1, 0, 55, 57, 66, 11, 66, 60, 0, 0, 0, 0, 0, 0, 1, 0, 0, 0, 0, 0, 0, 0, 0, 1, 57, 0, 63, 0, 1, 0, 59, 26, 0, 67, 0, 0, 1, 0, 0, 1, 62, 0, 0, 1, 35, 1, 57, 0, 60, 59, 68, 46, 36, 59, 1, 69, 14, 1, 1, 1, 1, 1, 0, 0, 0, 64, 64, 1, 0, 0, 62, 1, 1, 70, 1, 1, 71, 70, 72, 70, 73, 1, 71, 1, 72, 0, 1, 0, 63, 1, 1, 1, 1, 1, 1, 1, 1, 67, 71, 0, 0, 0, 0, 0, 0, 0, 0, 0, 0, 0, 0, 0, 0, 0, 0, 1, 0, 0, 0, 1, 0, 0, 0, 7, 1, 0, 0, 0, 0, 0, 0, 0, 0, 0, 0, 0, 10, 0, 7, 0, 0, 0, 1, 0, 1, 1, 0, 58, 0, 0, 0, 0, 59, 1, 1, 0, 0, 0, 0, 0, 21, 0, 0]",0.09614167353293893,74,0.3826771653543307,0.023622047244094488,4.158721182037063
jfreechart,8,seed8_solution016,0.23790184970309194,0.5794509826640154,3.8728850536101995,0.23790184970309194,-0.5794509826640154,3.8728850536101995,True,False,,,"[0, 1, 2, 3, 3, 0, 0, 1, 1, 1, 4, 1, 4, 5, 1, 1, 1, 6, 0, 1, 0, 0, 7, 1, 1, 1, 1, 5, 1, 1, 0, 0, 0, 1, 1, 8, 1, 0, 9, 0, 0, 7, 0, 1, 1, 0, 0, 1, 0, 1, 6, 10, 1, 1, 5, 11, 1, 1, 1, 1, 8, 12, 1, 10, 1, 1, 1, 13, 10, 11, 6, 1, 1, 11, 1, 14, 1, 14, 1, 14, 1, 13, 12, 1, 15, 1, 1, 16, 17, 15, 17, 12, 18, 1, 1, 1, 16, 1, 1, 9, 1, 1, 1, 1, 0, 1, 14, 1, 2, 0, 0, 1, 1, 1, 1, 1, 0, 0, 1, 1, 1, 18, 13, 1, 9, 19, 20, 1, 1, 19, 1, 1, 1, 1, 1, 1, 1, 20, 21, 1, 1, 1, 20, 21, 19, 22, 0, 0, 0, 0, 0, 0, 0, 0, 0, 0, 0, 0, 0, 0, 0, 0, 0, 17, 17, 1, 19, 22, 22, 23, 1, 24, 23, 25, 26, 24, 0, 26, 1, 27, 0, 0, 2, 0, 2, 0, 0, 0, 0, 0, 0, 0, 0, 0, 1, 0, 0, 25, 0, 0, 0, 0, 0, 27, 1, 28, 1, 0, 0, 29, 1, 0, 27, 0, 1, 0, 28, 30, 0, 0, 0, 28, 0, 8, 18, 28, 31, 30, 31, 30, 32, 31, 10, 29, 1, 1, 26, 21, 1, 26, 1, 29, 1, 1, 1, 1, 1, 1, 1, 0, 31, 1, 1, 33, 0, 31, 33, 1, 33, 8, 1, 1, 1, 1, 1, 34, 1, 1, 1, 1, 1, 1, 1, 1, 1, 0, 35, 34, 1, 15, 1, 36, 1, 1, 36, 37, 0, 38, 1, 1, 1, 22, 39, 36, 39, 1, 1, 40, 1, 41, 36, 37, 41, 1, 1, 36, 1, 1, 1, 39, 1, 38, 0, 0, 42, 42, 31, 43, 1, 1, 0, 1, 0, 1, 1, 24, 1, 1, 1, 1, 1, 30, 44, 23, 1, 43, 1, 1, 1, 1, 1, 1, 1, 41, 45, 1, 1, 1, 1, 46, 1, 1, 1, 1, 1, 1, 1, 0, 44, 0, 0, 42, 1, 0, 0, 1, 1, 1, 10, 43, 1, 1, 1, 1, 1, 0, 1, 35, 1, 0, 0, 1, 1, 1, 1, 1, 1, 0, 46, 1, 20, 1, 1, 44, 0, 1, 0, 1, 36, 47, 42, 39, 48, 49, 1, 1, 43, 1, 1, 1, 1, 1, 46, 50, 0, 0, 0, 0, 0, 1, 0, 0, 51, 0, 0, 40, 51, 50, 51, 52, 41, 48, 53, 52, 52, 1, 0, 0, 54, 53, 0, 1, 1, 1, 0, 1, 1, 55, 0, 1, 1, 1, 1, 0, 0, 0, 1, 1, 1, 0, 45, 0, 18, 0, 1, 1, 56, 0, 1, 0, 0, 0, 50, 0, 9, 57, 58, 54, 32, 50, 0, 0, 0, 0, 0, 0, 1, 0, 6, 0, 0, 0, 0, 0, 0, 1, 51, 0, 54, 0, 1, 0, 59, 60, 0, 61, 0, 0, 1, 0, 29, 1, 62, 0, 0, 1, 31, 1, 51, 0, 58, 53, 63, 40, 58, 52, 1, 64, 14, 1, 1, 1, 1, 1, 0, 0, 0, 59, 59, 1, 0, 0, 46, 1, 1, 63, 1, 1, 47, 65, 66, 65, 64, 1, 61, 1, 62, 0, 1, 0, 54, 1, 1, 1, 1, 1, 1, 1, 1, 67, 68, 0, 0, 0, 0, 0, 0, 0, 0, 0, 0, 0, 0, 0, 0, 0, 0, 1, 0, 0, 0, 1, 0, 0, 0, 1, 1, 0, 0, 0, 0, 0, 0, 0, 0, 0, 0, 0, 10, 0, 11, 0, 0, 0, 1, 0, 1, 1, 0, 68, 0, 0, 0, 0, 47, 1, 1, 0, 0, 15, 0, 0, 17, 0, 0]",0.0892921299085658,69,0.37480314960629924,0.011023622047244094,3.8728850536101995
jfreechart,8,seed8_solution017,0.25312265374377174,1.1237542137533716,3.9518808831650056,0.25312265374377174,-1.1237542137533716,3.9518808831650056,True,False,,,"[0, 1, 2, 3, 3, 0, 0, 1, 4, 1, 4, 1, 5, 5, 1, 1, 1, 5, 0, 1, 0, 0, 6, 1, 1, 1, 1, 7, 1, 1, 0, 0, 0, 1, 1, 1, 1, 0, 0, 0, 0, 0, 0, 1, 1, 0, 0, 1, 0, 1, 8, 1, 1, 1, 1, 9, 1, 1, 4, 1, 7, 10, 1, 9, 1, 1, 1, 8, 8, 10, 11, 1, 1, 12, 1, 8, 1, 13, 1, 11, 1, 11, 10, 1, 12, 1, 1, 13, 14, 15, 14, 14, 13, 1, 1, 1, 16, 1, 1, 1, 1, 1, 1, 1, 0, 1, 13, 1, 2, 0, 0, 1, 1, 1, 1, 1, 0, 0, 1, 1, 1, 17, 18, 1, 19, 20, 18, 1, 1, 18, 1, 1, 1, 1, 1, 1, 19, 14, 1, 1, 1, 1, 19, 19, 20, 21, 0, 0, 0, 0, 0, 0, 0, 0, 0, 0, 0, 0, 0, 0, 0, 0, 0, 11, 22, 1, 23, 21, 21, 24, 1, 25, 26, 25, 23, 27, 0, 28, 1, 29, 0, 0, 0, 0, 2, 0, 2, 0, 0, 0, 0, 0, 0, 0, 1, 0, 0, 26, 0, 0, 0, 0, 0, 30, 1, 30, 1, 0, 0, 31, 1, 0, 29, 0, 1, 0, 29, 32, 0, 0, 0, 29, 0, 0, 32, 30, 33, 34, 29, 32, 27, 26, 27, 5, 1, 1, 29, 29, 1, 27, 1, 34, 1, 1, 1, 1, 1, 1, 1, 35, 36, 5, 1, 33, 0, 29, 37, 1, 38, 11, 1, 1, 1, 1, 1, 34, 1, 1, 1, 1, 1, 1, 1, 1, 1, 0, 35, 39, 1, 16, 1, 38, 1, 1, 40, 40, 0, 41, 1, 1, 1, 40, 22, 42, 43, 1, 1, 37, 1, 44, 44, 41, 44, 1, 1, 39, 1, 1, 1, 45, 1, 45, 0, 0, 46, 47, 32, 46, 1, 1, 0, 1, 0, 1, 1, 41, 1, 1, 1, 1, 1, 36, 48, 24, 1, 42, 1, 1, 1, 1, 44, 1, 1, 32, 49, 1, 1, 1, 1, 46, 1, 1, 1, 1, 1, 1, 1, 0, 50, 0, 0, 51, 1, 0, 0, 1, 1, 1, 9, 47, 1, 1, 14, 1, 1, 0, 1, 33, 1, 0, 0, 1, 1, 1, 1, 1, 1, 0, 52, 1, 0, 1, 1, 53, 0, 13, 0, 1, 48, 49, 45, 54, 2, 55, 1, 1, 46, 1, 1, 1, 1, 1, 48, 48, 0, 0, 0, 0, 0, 1, 0, 0, 53, 0, 0, 41, 56, 57, 44, 58, 47, 47, 57, 47, 58, 1, 0, 0, 59, 55, 0, 1, 1, 1, 0, 1, 1, 60, 0, 1, 1, 1, 1, 0, 0, 0, 1, 1, 1, 0, 51, 0, 0, 0, 1, 1, 61, 0, 1, 0, 0, 0, 1, 0, 56, 57, 62, 62, 62, 52, 0, 0, 0, 0, 0, 0, 1, 0, 0, 0, 0, 0, 0, 0, 63, 1, 57, 0, 64, 0, 1, 0, 65, 66, 0, 62, 0, 0, 1, 0, 0, 1, 67, 0, 0, 1, 26, 1, 53, 0, 55, 68, 59, 41, 35, 67, 1, 1, 1, 1, 1, 1, 1, 1, 0, 0, 0, 66, 32, 1, 0, 0, 65, 1, 1, 69, 1, 1, 70, 69, 71, 62, 67, 1, 70, 29, 71, 0, 1, 0, 64, 1, 1, 1, 1, 1, 1, 1, 1, 50, 70, 0, 0, 0, 0, 8, 0, 0, 0, 0, 0, 0, 0, 0, 0, 0, 0, 1, 0, 0, 0, 8, 0, 0, 0, 1, 1, 0, 0, 0, 0, 21, 14, 37, 0, 16, 0, 0, 12, 0, 8, 0, 0, 0, 1, 0, 1, 1, 0, 58, 0, 0, 0, 0, 67, 1, 1, 0, 0, 10, 0, 0, 22, 0, 0]",0.09085404785399213,72,0.3732283464566929,0.01732283464566929,3.9518808831650056
jfreechart,8,seed8_solution018,0.26377039109958367,1.2679196848575487,3.8995579458580103,0.26377039109958367,-1.2679196848575487,3.8995579458580103,True,False,,,"[0, 1, 2, 3, 3, 0, 0, 1, 4, 1, 4, 1, 5, 6, 1, 1, 1, 6, 0, 1, 0, 0, 7, 1, 1, 1, 1, 8, 1, 1, 0, 0, 0, 1, 1, 8, 1, 0, 0, 0, 0, 0, 0, 1, 1, 0, 0, 1, 0, 1, 7, 9, 1, 1, 5, 10, 1, 1, 4, 1, 8, 11, 1, 10, 1, 1, 1, 12, 9, 11, 6, 1, 1, 10, 1, 13, 1, 13, 1, 13, 1, 12, 11, 1, 11, 1, 1, 14, 15, 14, 15, 15, 16, 1, 1, 1, 16, 1, 1, 17, 1, 1, 1, 1, 0, 1, 13, 1, 2, 0, 0, 1, 1, 1, 1, 1, 0, 0, 1, 1, 1, 16, 18, 1, 17, 19, 20, 1, 1, 18, 1, 1, 1, 1, 1, 1, 1, 14, 19, 1, 1, 1, 20, 19, 18, 21, 0, 0, 0, 0, 0, 0, 0, 0, 0, 0, 0, 0, 0, 0, 4, 0, 0, 12, 22, 1, 23, 21, 24, 25, 1, 26, 27, 22, 24, 28, 0, 24, 1, 25, 0, 0, 2, 0, 2, 0, 0, 0, 0, 0, 0, 0, 0, 0, 1, 11, 0, 29, 0, 0, 0, 0, 0, 29, 1, 26, 1, 0, 0, 30, 1, 0, 25, 0, 1, 0, 31, 28, 0, 0, 0, 26, 0, 0, 16, 26, 32, 28, 32, 28, 29, 32, 9, 5, 1, 1, 24, 19, 1, 33, 1, 34, 1, 1, 1, 1, 1, 1, 1, 0, 32, 5, 1, 35, 0, 32, 29, 1, 36, 12, 1, 1, 1, 1, 1, 30, 1, 1, 1, 1, 1, 1, 1, 1, 1, 0, 37, 30, 1, 14, 1, 38, 1, 1, 39, 39, 0, 40, 1, 1, 1, 37, 40, 41, 42, 1, 1, 43, 1, 44, 44, 35, 44, 1, 1, 45, 1, 1, 1, 46, 1, 46, 0, 0, 47, 48, 47, 47, 1, 1, 0, 1, 0, 1, 1, 21, 1, 1, 1, 1, 1, 1, 49, 27, 1, 46, 1, 1, 1, 1, 1, 1, 1, 50, 51, 1, 1, 1, 1, 47, 1, 1, 1, 1, 1, 1, 1, 0, 39, 0, 0, 52, 1, 0, 0, 1, 1, 1, 9, 38, 1, 1, 14, 1, 1, 0, 1, 33, 1, 0, 0, 1, 1, 1, 1, 1, 1, 0, 53, 1, 20, 1, 1, 54, 0, 13, 0, 1, 53, 51, 52, 43, 2, 55, 2, 1, 38, 1, 1, 1, 1, 1, 53, 53, 0, 0, 0, 0, 0, 1, 0, 0, 56, 0, 0, 36, 48, 57, 46, 49, 37, 48, 57, 49, 49, 1, 0, 0, 51, 58, 0, 1, 1, 1, 0, 1, 1, 59, 0, 1, 1, 1, 1, 0, 0, 0, 1, 1, 1, 0, 57, 0, 16, 0, 1, 1, 60, 0, 1, 0, 0, 0, 47, 0, 17, 53, 61, 51, 31, 47, 0, 0, 0, 0, 0, 0, 1, 0, 0, 0, 0, 0, 0, 0, 22, 1, 48, 0, 62, 0, 1, 0, 63, 55, 0, 56, 0, 0, 1, 0, 0, 1, 64, 0, 0, 1, 32, 1, 48, 0, 54, 65, 57, 36, 54, 49, 1, 65, 13, 1, 1, 1, 1, 1, 0, 0, 0, 63, 41, 1, 0, 0, 8, 1, 1, 66, 1, 1, 67, 68, 58, 66, 69, 1, 67, 31, 70, 0, 1, 0, 62, 1, 1, 1, 1, 1, 1, 1, 1, 59, 67, 0, 0, 0, 0, 14, 0, 0, 0, 0, 0, 0, 0, 0, 0, 0, 0, 1, 0, 0, 0, 7, 0, 0, 0, 1, 1, 0, 0, 8, 0, 0, 14, 0, 0, 71, 0, 0, 9, 0, 10, 0, 0, 0, 1, 0, 1, 1, 0, 72, 0, 0, 0, 0, 42, 1, 1, 0, 0, 12, 0, 0, 71, 0, 0]",0.08869131326319221,73,0.3637795275590551,0.01732283464566929,3.8995579458580103
jfreechart,8,seed8_solution019,0.28062930857961915,0.6715953909237485,3.8442331922319264,0.28062930857961915,-0.6715953909237485,3.8442331922319264,True,False,,,"[0, 1, 2, 3, 3, 0, 0, 1, 1, 1, 4, 1, 5, 5, 1, 1, 1, 6, 0, 1, 0, 0, 6, 1, 1, 1, 1, 7, 1, 1, 0, 0, 0, 1, 1, 1, 1, 0, 0, 0, 0, 0, 0, 1, 1, 0, 0, 1, 0, 1, 8, 1, 1, 1, 1, 7, 1, 1, 1, 1, 9, 8, 1, 10, 2, 1, 1, 7, 7, 8, 10, 1, 1, 11, 1, 7, 1, 12, 1, 13, 1, 8, 14, 1, 15, 1, 1, 14, 16, 17, 16, 12, 11, 1, 1, 1, 15, 18, 12, 1, 1, 1, 12, 1, 0, 1, 15, 1, 1, 0, 0, 1, 4, 1, 0, 1, 0, 0, 1, 1, 1, 19, 18, 1, 15, 20, 18, 12, 1, 18, 1, 1, 1, 18, 1, 1, 18, 11, 1, 1, 1, 1, 21, 22, 23, 24, 2, 0, 0, 0, 0, 0, 0, 0, 0, 0, 0, 0, 0, 0, 0, 0, 0, 11, 21, 1, 21, 21, 25, 23, 1, 24, 25, 24, 20, 24, 0, 0, 1, 26, 0, 0, 0, 0, 2, 0, 2, 4, 0, 0, 0, 0, 0, 0, 1, 27, 0, 28, 0, 0, 0, 0, 0, 29, 1, 28, 1, 0, 0, 21, 1, 7, 30, 0, 1, 0, 31, 7, 0, 0, 0, 12, 0, 0, 12, 31, 32, 32, 30, 33, 26, 28, 7, 5, 1, 1, 30, 31, 1, 34, 1, 22, 1, 1, 1, 1, 1, 1, 1, 0, 32, 5, 1, 35, 0, 0, 36, 1, 37, 16, 1, 1, 1, 1, 1, 33, 1, 1, 1, 1, 1, 1, 1, 1, 1, 0, 38, 39, 1, 14, 40, 41, 1, 1, 39, 39, 0, 42, 1, 1, 1, 1, 30, 43, 44, 1, 1, 36, 1, 45, 40, 23, 44, 1, 1, 40, 1, 1, 1, 43, 1, 44, 0, 0, 46, 45, 13, 40, 1, 1, 0, 1, 0, 1, 1, 27, 1, 1, 1, 1, 1, 1, 32, 23, 1, 43, 1, 13, 1, 1, 1, 1, 1, 44, 47, 1, 1, 1, 1, 46, 1, 1, 25, 1, 1, 1, 15, 0, 48, 0, 0, 49, 1, 0, 13, 1, 1, 1, 1, 50, 1, 1, 11, 1, 1, 0, 1, 37, 1, 0, 0, 13, 1, 1, 1, 1, 1, 0, 49, 1, 0, 1, 1, 51, 0, 17, 0, 1, 52, 42, 39, 43, 48, 46, 1, 1, 50, 1, 1, 1, 1, 1, 49, 49, 0, 0, 0, 0, 0, 1, 0, 0, 46, 0, 0, 53, 54, 47, 9, 55, 52, 42, 40, 56, 55, 1, 0, 9, 57, 32, 0, 1, 1, 1, 0, 1, 1, 58, 0, 1, 1, 1, 1, 0, 0, 0, 1, 13, 1, 0, 59, 14, 0, 0, 1, 1, 60, 0, 1, 14, 0, 0, 1, 0, 0, 49, 61, 57, 51, 54, 0, 0, 0, 0, 0, 62, 1, 0, 0, 0, 0, 0, 0, 4, 0, 1, 61, 0, 3, 0, 1, 0, 62, 61, 0, 63, 0, 0, 1, 0, 0, 1, 64, 0, 5, 9, 36, 14, 52, 0, 65, 9, 66, 65, 67, 62, 1, 1, 1, 1, 1, 1, 1, 1, 0, 0, 0, 68, 69, 1, 0, 0, 51, 1, 1, 11, 1, 1, 54, 66, 70, 71, 68, 1, 63, 26, 49, 0, 1, 11, 56, 1, 1, 1, 1, 1, 1, 1, 1, 11, 65, 0, 0, 0, 0, 7, 0, 0, 0, 0, 0, 0, 0, 0, 0, 0, 0, 1, 0, 0, 0, 1, 0, 0, 0, 1, 1, 7, 0, 0, 0, 0, 11, 0, 0, 0, 0, 0, 10, 0, 7, 0, 0, 0, 1, 0, 1, 1, 0, 63, 0, 0, 0, 0, 55, 1, 1, 0, 0, 9, 0, 0, 0, 0, 0]",0.0878512964351959,72,0.3606299212598425,0.023622047244094488,3.8442331922319264
jfreechart,8,seed8_solution020,0.28728414442700156,0.6604667210031648,3.8250483790391727,0.28728414442700156,-0.6604667210031648,3.8250483790391727,True,False,,,"[0, 1, 2, 3, 3, 0, 0, 1, 1, 1, 4, 1, 5, 5, 1, 1, 1, 6, 0, 1, 0, 0, 6, 1, 1, 1, 1, 7, 1, 1, 0, 0, 0, 1, 1, 1, 1, 0, 0, 0, 0, 0, 0, 1, 1, 0, 0, 1, 0, 1, 8, 1, 1, 1, 1, 7, 1, 1, 1, 1, 9, 8, 1, 10, 2, 1, 1, 7, 7, 8, 10, 1, 1, 11, 1, 7, 1, 12, 1, 13, 1, 8, 14, 1, 15, 1, 1, 14, 16, 17, 16, 12, 11, 1, 1, 1, 15, 18, 12, 1, 1, 1, 12, 1, 0, 1, 15, 19, 1, 0, 0, 1, 4, 1, 0, 1, 0, 0, 1, 1, 1, 20, 18, 1, 15, 21, 18, 12, 1, 18, 1, 1, 1, 18, 1, 1, 18, 11, 1, 1, 1, 1, 22, 23, 19, 24, 2, 0, 0, 0, 0, 0, 0, 0, 0, 0, 0, 0, 0, 0, 0, 0, 0, 11, 22, 1, 22, 22, 25, 19, 1, 24, 25, 24, 21, 24, 0, 0, 1, 26, 0, 0, 0, 0, 2, 0, 2, 4, 0, 27, 0, 0, 0, 0, 1, 28, 0, 29, 0, 0, 0, 0, 0, 30, 1, 29, 1, 0, 0, 22, 1, 7, 31, 0, 1, 0, 32, 7, 0, 0, 0, 12, 0, 0, 12, 32, 33, 33, 31, 34, 26, 29, 7, 5, 1, 1, 31, 32, 1, 35, 1, 23, 1, 1, 1, 1, 1, 1, 1, 0, 33, 5, 1, 36, 0, 0, 37, 1, 38, 16, 1, 1, 1, 1, 1, 34, 1, 1, 1, 1, 1, 1, 1, 1, 1, 0, 39, 40, 1, 14, 41, 42, 1, 1, 40, 40, 0, 43, 1, 1, 1, 1, 31, 44, 45, 1, 1, 37, 1, 27, 41, 19, 45, 1, 1, 41, 1, 1, 1, 44, 1, 45, 0, 0, 46, 27, 13, 41, 1, 1, 0, 1, 0, 1, 1, 28, 1, 1, 1, 1, 1, 1, 33, 19, 1, 44, 1, 13, 1, 1, 1, 1, 1, 45, 47, 1, 1, 1, 1, 46, 1, 1, 25, 1, 1, 1, 15, 0, 48, 0, 0, 49, 1, 0, 13, 1, 1, 1, 1, 50, 1, 1, 11, 1, 1, 0, 1, 38, 1, 0, 0, 13, 1, 1, 1, 1, 1, 0, 49, 1, 0, 1, 1, 51, 0, 17, 0, 1, 52, 43, 40, 44, 48, 46, 1, 1, 50, 1, 1, 1, 1, 1, 49, 49, 0, 0, 0, 0, 0, 1, 0, 0, 46, 0, 0, 53, 54, 47, 9, 55, 52, 43, 41, 56, 55, 1, 0, 9, 57, 33, 0, 1, 1, 1, 0, 1, 1, 58, 0, 1, 1, 1, 1, 0, 0, 0, 1, 13, 1, 0, 59, 58, 0, 0, 1, 1, 60, 0, 1, 14, 0, 0, 1, 0, 0, 49, 61, 57, 51, 54, 0, 0, 0, 0, 0, 62, 1, 0, 0, 0, 0, 0, 0, 4, 0, 1, 61, 0, 3, 0, 1, 0, 62, 61, 0, 63, 0, 0, 1, 0, 0, 1, 64, 0, 5, 9, 37, 14, 52, 0, 65, 9, 66, 65, 67, 62, 1, 1, 1, 1, 1, 1, 1, 1, 0, 0, 0, 68, 69, 1, 0, 0, 51, 1, 1, 11, 1, 1, 54, 66, 70, 71, 68, 1, 63, 26, 49, 0, 1, 11, 56, 1, 1, 1, 1, 1, 1, 1, 1, 11, 65, 0, 0, 0, 0, 7, 0, 0, 0, 0, 0, 0, 0, 0, 0, 0, 0, 1, 0, 0, 0, 1, 0, 0, 0, 1, 1, 7, 0, 0, 0, 0, 11, 0, 0, 0, 0, 0, 10, 0, 7, 0, 0, 0, 1, 0, 1, 1, 0, 63, 0, 0, 0, 0, 55, 1, 1, 0, 0, 9, 0, 0, 0, 0, 0]",0.0860321694901576,72,0.3590551181102362,0.02204724409448819,3.8250483790391727
jfreechart,8,seed8_solution021,0.297351716606375,0.5873802288255401,3.767325447247962,0.297351716606375,-0.5873802288255401,3.767325447247962,True,False,,,"[0, 1, 2, 3, 3, 0, 0, 4, 4, 1, 2, 1, 5, 5, 1, 1, 1, 5, 2, 1, 0, 0, 6, 1, 1, 1, 1, 5, 1, 1, 0, 0, 0, 1, 1, 1, 1, 7, 0, 0, 0, 0, 0, 1, 1, 0, 0, 1, 0, 1, 6, 1, 1, 1, 8, 9, 1, 1, 1, 1, 7, 10, 1, 11, 1, 1, 1, 8, 8, 10, 12, 1, 7, 10, 2, 13, 1, 11, 1, 13, 1, 11, 10, 1, 10, 1, 1, 14, 13, 15, 13, 13, 14, 1, 1, 1, 16, 1, 1, 1, 1, 1, 1, 1, 0, 1, 10, 1, 2, 14, 0, 1, 1, 1, 1, 1, 0, 0, 1, 1, 1, 17, 11, 1, 18, 17, 19, 1, 1, 20, 1, 1, 1, 1, 1, 2, 1, 14, 15, 1, 1, 1, 20, 21, 18, 19, 0, 0, 0, 0, 0, 2, 0, 0, 0, 6, 0, 0, 0, 0, 7, 0, 0, 12, 14, 1, 18, 20, 22, 21, 1, 23, 22, 24, 25, 19, 0, 24, 1, 26, 0, 0, 2, 0, 2, 0, 27, 0, 0, 0, 0, 0, 0, 0, 1, 0, 0, 28, 0, 0, 0, 0, 0, 11, 1, 29, 26, 0, 0, 27, 1, 0, 30, 0, 1, 31, 25, 29, 0, 0, 0, 32, 0, 0, 18, 19, 33, 34, 24, 34, 5, 35, 29, 5, 1, 1, 24, 29, 1, 32, 1, 27, 1, 1, 1, 1, 1, 1, 1, 0, 15, 5, 1, 28, 0, 28, 36, 1, 35, 15, 1, 1, 1, 1, 1, 29, 1, 1, 1, 1, 1, 1, 1, 1, 1, 0, 0, 37, 1, 37, 1, 11, 1, 1, 38, 39, 0, 37, 1, 1, 1, 23, 40, 41, 42, 1, 1, 34, 1, 36, 30, 43, 39, 1, 1, 36, 16, 1, 1, 44, 1, 30, 0, 0, 37, 45, 33, 45, 1, 1, 0, 1, 0, 1, 1, 43, 1, 1, 1, 1, 1, 32, 46, 25, 1, 47, 1, 1, 1, 1, 1, 1, 1, 33, 48, 1, 1, 1, 11, 11, 1, 1, 1, 1, 1, 1, 1, 0, 41, 0, 0, 44, 1, 0, 0, 1, 1, 1, 9, 38, 1, 1, 1, 1, 1, 0, 1, 31, 1, 0, 0, 1, 1, 1, 1, 1, 1, 0, 26, 1, 0, 1, 1, 49, 0, 1, 0, 1, 50, 41, 46, 41, 2, 51, 1, 1, 44, 1, 1, 1, 1, 1, 52, 52, 0, 0, 0, 1, 0, 1, 1, 0, 49, 0, 0, 43, 52, 53, 45, 53, 54, 54, 55, 49, 56, 1, 1, 0, 56, 57, 0, 1, 1, 1, 0, 1, 1, 55, 0, 15, 1, 0, 1, 0, 0, 0, 1, 1, 1, 0, 44, 0, 12, 0, 1, 1, 58, 0, 1, 0, 0, 0, 10, 0, 59, 60, 61, 61, 54, 62, 0, 0, 0, 0, 0, 0, 1, 0, 0, 0, 0, 0, 0, 0, 11, 26, 63, 0, 62, 0, 1, 0, 64, 53, 0, 47, 0, 0, 1, 0, 0, 1, 63, 0, 0, 1, 65, 1, 49, 0, 57, 56, 62, 43, 35, 15, 1, 1, 1, 11, 1, 1, 1, 1, 0, 0, 0, 64, 8, 1, 0, 0, 63, 1, 1, 65, 1, 1, 66, 67, 64, 68, 69, 1, 66, 1, 70, 0, 1, 0, 62, 14, 15, 1, 1, 1, 1, 1, 1, 65, 49, 0, 0, 9, 0, 20, 0, 0, 0, 0, 0, 0, 0, 0, 0, 0, 0, 4, 0, 0, 0, 1, 0, 0, 0, 1, 1, 0, 0, 70, 0, 22, 15, 0, 0, 0, 0, 0, 16, 0, 9, 0, 0, 0, 1, 0, 1, 1, 0, 54, 0, 0, 0, 0, 70, 1, 1, 8, 0, 14, 0, 0, 40, 0, 0]",0.08386427479823255,71,0.36220472440944884,0.015748031496062992,3.767325447247962
jfreechart,8,seed8_solution022,0.30472322708347555,0.3208120818901546,3.640370973486308,0.30472322708347555,-0.3208120818901546,3.640370973486308,True,False,,,"[0, 1, 2, 3, 3, 0, 0, 1, 1, 1, 2, 1, 4, 4, 1, 1, 1, 5, 0, 1, 0, 0, 5, 1, 1, 1, 1, 6, 1, 1, 0, 0, 0, 1, 1, 1, 1, 0, 0, 0, 0, 0, 0, 1, 1, 0, 0, 1, 0, 1, 7, 1, 1, 1, 1, 6, 1, 1, 1, 1, 8, 8, 1, 9, 2, 1, 1, 10, 6, 7, 9, 1, 1, 10, 2, 6, 1, 11, 1, 11, 1, 7, 12, 13, 14, 1, 1, 12, 15, 16, 14, 13, 11, 1, 1, 1, 14, 17, 11, 1, 1, 1, 11, 1, 0, 1, 14, 1, 1, 0, 0, 1, 13, 1, 0, 1, 0, 0, 1, 1, 1, 18, 14, 1, 19, 18, 18, 7, 1, 17, 1, 1, 1, 1, 1, 1, 17, 10, 15, 1, 1, 1, 20, 21, 19, 22, 2, 0, 0, 0, 0, 0, 0, 0, 0, 0, 0, 0, 0, 0, 13, 0, 0, 10, 20, 1, 22, 21, 23, 19, 1, 24, 22, 25, 22, 18, 0, 0, 1, 26, 0, 0, 2, 0, 2, 0, 2, 13, 0, 26, 0, 0, 0, 0, 1, 27, 0, 28, 0, 0, 0, 0, 0, 10, 1, 28, 1, 0, 0, 20, 1, 0, 29, 0, 1, 0, 5, 6, 0, 0, 0, 29, 0, 0, 11, 4, 27, 30, 31, 32, 25, 28, 6, 4, 1, 1, 31, 26, 1, 33, 1, 21, 1, 1, 1, 1, 1, 1, 1, 0, 30, 4, 1, 34, 0, 0, 35, 1, 30, 15, 1, 1, 1, 1, 1, 35, 1, 1, 1, 1, 1, 1, 1, 1, 1, 32, 36, 37, 1, 16, 38, 39, 1, 1, 36, 37, 0, 37, 1, 1, 1, 1, 31, 36, 4, 1, 1, 31, 1, 34, 38, 19, 40, 1, 1, 39, 8, 1, 1, 39, 1, 29, 0, 0, 41, 37, 16, 38, 1, 1, 0, 1, 0, 1, 1, 27, 1, 1, 1, 1, 1, 1, 40, 19, 1, 42, 1, 9, 1, 1, 1, 1, 1, 40, 43, 1, 1, 1, 1, 41, 1, 1, 23, 1, 1, 1, 14, 0, 44, 0, 0, 37, 1, 0, 16, 1, 1, 1, 1, 45, 1, 1, 10, 1, 1, 0, 1, 46, 1, 0, 0, 16, 1, 1, 1, 1, 1, 0, 47, 1, 18, 1, 1, 48, 0, 49, 0, 11, 47, 44, 37, 43, 50, 41, 1, 1, 45, 1, 1, 1, 1, 1, 47, 48, 0, 0, 0, 0, 0, 1, 1, 0, 41, 0, 0, 34, 51, 43, 52, 10, 53, 54, 55, 55, 54, 1, 1, 8, 56, 30, 0, 1, 1, 1, 0, 1, 1, 57, 0, 1, 1, 1, 1, 0, 0, 0, 1, 16, 1, 0, 58, 15, 49, 0, 1, 1, 59, 0, 1, 0, 0, 0, 1, 0, 0, 47, 60, 59, 24, 54, 0, 0, 0, 0, 0, 61, 1, 0, 0, 0, 0, 0, 0, 0, 0, 1, 56, 0, 3, 0, 1, 0, 61, 60, 0, 58, 0, 0, 1, 0, 0, 1, 62, 0, 4, 9, 35, 1, 48, 0, 62, 9, 63, 62, 40, 61, 1, 1, 1, 1, 1, 1, 1, 1, 0, 0, 0, 64, 65, 1, 0, 0, 45, 1, 1, 63, 1, 40, 54, 66, 59, 66, 64, 1, 59, 26, 47, 0, 1, 10, 67, 1, 15, 1, 1, 1, 1, 1, 1, 10, 63, 17, 0, 0, 0, 6, 0, 0, 0, 0, 0, 0, 0, 0, 0, 0, 0, 1, 0, 0, 0, 1, 0, 0, 0, 1, 1, 6, 0, 0, 0, 0, 15, 0, 0, 0, 0, 0, 14, 0, 64, 0, 0, 0, 1, 0, 1, 1, 0, 51, 0, 0, 0, 0, 55, 1, 1, 6, 0, 8, 0, 0, 0, 0, 0]",0.07901741178495715,68,0.35590551181102364,0.014173228346456693,3.640370973486308
jfreechart,8,seed8_solution023,0.3107978977544195,1.675639757514661,4.056058296328815,0.3107978977544195,-1.675639757514661,4.056058296328815,True,False,,,"[0, 1, 2, 3, 3, 0, 0, 4, 1, 1, 2, 1, 5, 5, 1, 1, 1, 6, 2, 1, 0, 0, 4, 1, 1, 1, 6, 7, 1, 1, 0, 0, 0, 1, 1, 1, 1, 8, 0, 0, 0, 0, 0, 1, 1, 0, 0, 1, 0, 1, 9, 1, 1, 1, 1, 8, 1, 1, 1, 1, 9, 10, 1, 11, 2, 1, 1, 10, 7, 12, 10, 1, 13, 12, 2, 14, 1, 14, 1, 14, 1, 15, 15, 1, 16, 17, 1, 17, 18, 7, 18, 6, 13, 1, 1, 1, 11, 1, 1, 1, 1, 1, 1, 1, 0, 2, 19, 1, 1, 0, 0, 1, 1, 1, 0, 1, 0, 0, 1, 1, 1, 19, 16, 1, 20, 20, 16, 13, 1, 21, 1, 1, 1, 1, 1, 2, 1, 10, 12, 1, 1, 1, 19, 22, 23, 21, 2, 0, 0, 0, 0, 2, 0, 0, 0, 6, 2, 0, 0, 0, 6, 0, 0, 19, 13, 1, 24, 25, 26, 19, 1, 23, 23, 27, 28, 29, 0, 0, 1, 11, 0, 0, 2, 0, 2, 0, 0, 14, 0, 0, 0, 0, 0, 0, 1, 0, 0, 22, 0, 0, 0, 0, 0, 24, 1, 3, 1, 0, 0, 29, 1, 0, 29, 0, 1, 0, 30, 6, 0, 0, 0, 11, 0, 0, 27, 20, 31, 32, 33, 34, 21, 31, 27, 27, 1, 1, 23, 11, 1, 34, 1, 3, 1, 1, 1, 1, 1, 1, 1, 0, 16, 21, 1, 35, 0, 36, 0, 1, 37, 38, 1, 1, 1, 1, 1, 30, 1, 1, 1, 1, 1, 1, 1, 1, 1, 0, 30, 34, 1, 39, 1, 35, 1, 1, 37, 38, 0, 40, 1, 1, 26, 1, 31, 37, 26, 1, 1, 0, 1, 41, 42, 39, 38, 1, 1, 43, 15, 1, 1, 44, 1, 45, 42, 0, 46, 38, 43, 47, 1, 1, 0, 1, 0, 1, 1, 48, 1, 1, 1, 1, 1, 1, 46, 42, 1, 49, 1, 1, 1, 1, 1, 1, 1, 37, 50, 10, 1, 1, 1, 14, 1, 1, 15, 1, 1, 1, 7, 0, 38, 0, 0, 51, 1, 0, 0, 1, 1, 1, 1, 52, 1, 1, 1, 1, 1, 0, 1, 27, 1, 0, 0, 10, 1, 1, 1, 1, 1, 0, 20, 1, 0, 1, 1, 53, 0, 17, 0, 1, 41, 54, 50, 38, 2, 52, 1, 1, 48, 1, 1, 1, 1, 1, 53, 55, 0, 0, 0, 1, 0, 1, 1, 0, 35, 0, 0, 56, 57, 49, 58, 59, 50, 52, 60, 53, 61, 1, 1, 0, 62, 55, 0, 1, 1, 1, 0, 1, 1, 49, 0, 1, 1, 1, 1, 0, 0, 12, 1, 1, 1, 0, 63, 13, 39, 0, 1, 1, 64, 0, 1, 0, 0, 0, 9, 0, 0, 30, 45, 57, 65, 26, 0, 0, 0, 0, 0, 0, 1, 0, 0, 0, 0, 0, 0, 0, 0, 1, 58, 0, 3, 0, 1, 0, 66, 67, 0, 61, 0, 0, 1, 0, 0, 1, 53, 0, 0, 43, 68, 1, 48, 0, 62, 69, 70, 62, 66, 49, 1, 1, 1, 1, 1, 1, 1, 1, 0, 0, 0, 69, 71, 1, 0, 0, 72, 1, 1, 73, 1, 1, 74, 54, 57, 75, 76, 14, 57, 1, 73, 0, 1, 0, 37, 10, 1, 1, 1, 1, 1, 1, 1, 73, 77, 0, 0, 0, 0, 0, 0, 0, 0, 0, 0, 0, 0, 0, 0, 0, 0, 14, 0, 0, 0, 1, 0, 0, 0, 1, 1, 0, 0, 69, 0, 0, 16, 0, 0, 0, 0, 0, 0, 0, 0, 0, 0, 0, 1, 0, 1, 1, 0, 78, 0, 0, 0, 0, 35, 1, 1, 0, 0, 0, 0, 0, 0, 0, 0]",0.07942310661068963,79,0.3606299212598425,0.03937007874015748,4.056058296328815
jfreechart,8,seed8_solution024,0.3224012012831889,0.022944555976512935,3.6339919443767217,0.3224012012831889,-0.022944555976512935,3.6339919443767217,True,False,,,"[0, 1, 2, 3, 4, 0, 0, 1, 1, 1, 2, 1, 5, 5, 1, 1, 1, 6, 2, 1, 0, 0, 6, 1, 1, 1, 1, 7, 1, 1, 0, 0, 0, 1, 1, 1, 1, 4, 0, 0, 0, 0, 0, 1, 1, 0, 0, 1, 0, 1, 8, 1, 1, 1, 8, 9, 1, 1, 1, 1, 10, 9, 1, 10, 1, 1, 1, 11, 12, 9, 10, 1, 8, 12, 2, 13, 1, 14, 1, 12, 1, 9, 10, 4, 15, 1, 1, 16, 17, 13, 15, 4, 12, 1, 1, 1, 15, 18, 8, 1, 1, 1, 4, 1, 0, 1, 12, 1, 1, 0, 0, 1, 4, 1, 0, 1, 0, 0, 1, 1, 1, 18, 15, 1, 19, 20, 20, 8, 1, 18, 1, 1, 1, 1, 1, 2, 16, 20, 16, 1, 1, 1, 21, 19, 22, 21, 2, 0, 0, 0, 0, 0, 0, 0, 0, 0, 0, 0, 0, 0, 4, 0, 0, 18, 18, 1, 21, 23, 24, 2, 1, 25, 21, 26, 24, 20, 0, 0, 1, 27, 0, 0, 2, 0, 2, 0, 2, 4, 0, 0, 0, 0, 0, 0, 1, 19, 0, 28, 0, 0, 0, 0, 0, 11, 1, 29, 24, 0, 0, 21, 1, 0, 30, 0, 1, 0, 6, 7, 0, 0, 0, 30, 0, 0, 8, 5, 28, 31, 26, 26, 32, 28, 7, 33, 1, 1, 26, 27, 1, 27, 1, 34, 1, 1, 1, 1, 1, 1, 1, 0, 16, 5, 1, 35, 0, 0, 36, 1, 33, 16, 1, 1, 1, 1, 1, 37, 1, 1, 1, 1, 1, 1, 1, 1, 1, 0, 0, 37, 1, 13, 1, 38, 1, 36, 39, 29, 0, 40, 1, 1, 1, 1, 35, 39, 5, 1, 1, 31, 1, 36, 30, 27, 41, 1, 1, 42, 9, 1, 1, 42, 1, 30, 0, 0, 43, 40, 14, 44, 1, 1, 0, 1, 0, 1, 1, 19, 1, 1, 1, 1, 1, 1, 45, 24, 1, 46, 1, 10, 1, 1, 1, 7, 1, 41, 47, 1, 1, 1, 11, 46, 1, 1, 24, 1, 1, 1, 15, 0, 43, 0, 0, 40, 1, 0, 0, 1, 1, 1, 9, 44, 1, 1, 41, 1, 1, 0, 1, 32, 1, 0, 0, 11, 1, 1, 1, 1, 1, 0, 44, 1, 20, 1, 1, 48, 0, 13, 0, 12, 49, 43, 40, 47, 47, 45, 1, 1, 40, 1, 1, 1, 1, 1, 50, 51, 0, 0, 0, 1, 0, 1, 1, 0, 45, 0, 0, 36, 49, 52, 53, 11, 54, 55, 56, 54, 54, 1, 1, 0, 56, 29, 0, 1, 1, 1, 0, 1, 1, 57, 0, 16, 1, 1, 1, 0, 0, 0, 1, 1, 1, 0, 58, 16, 17, 0, 1, 1, 59, 0, 1, 0, 0, 0, 1, 0, 0, 49, 54, 60, 24, 55, 0, 0, 0, 0, 0, 61, 1, 0, 5, 0, 0, 0, 0, 0, 0, 1, 57, 0, 3, 0, 1, 0, 61, 50, 0, 59, 0, 0, 1, 0, 0, 1, 62, 0, 0, 10, 63, 1, 51, 0, 64, 10, 65, 64, 45, 16, 1, 1, 1, 1, 1, 1, 1, 1, 0, 0, 0, 47, 7, 1, 0, 0, 50, 1, 1, 65, 1, 45, 55, 20, 60, 66, 64, 1, 60, 27, 49, 0, 1, 0, 67, 1, 16, 1, 1, 1, 1, 1, 1, 12, 50, 18, 0, 68, 0, 13, 0, 0, 0, 0, 0, 0, 0, 0, 0, 0, 0, 6, 0, 0, 0, 1, 0, 0, 0, 1, 1, 0, 0, 0, 0, 0, 16, 0, 0, 0, 0, 0, 15, 0, 68, 0, 0, 0, 1, 0, 1, 1, 0, 54, 0, 0, 0, 0, 56, 1, 1, 7, 0, 18, 0, 0, 0, 0, 0]",0.0731042887918734,69,0.3464566929133858,0.02047244094488189,3.6339919443767217
jfreechart,8,seed8_solution025,0.3232202580028667,0.8540728853274235,3.704439477943146,0.3232202580028667,-0.8540728853274235,3.704439477943146,True,False,,,"[0, 1, 2, 3, 3, 0, 0, 4, 4, 1, 2, 1, 5, 5, 1, 1, 2, 5, 2, 1, 0, 0, 6, 1, 1, 1, 1, 5, 1, 1, 5, 0, 0, 1, 1, 1, 1, 7, 0, 0, 0, 7, 0, 1, 1, 0, 0, 1, 0, 1, 7, 1, 1, 1, 5, 8, 1, 1, 1, 1, 7, 9, 1, 8, 1, 1, 1, 10, 10, 11, 6, 1, 7, 9, 2, 12, 1, 13, 1, 12, 14, 8, 15, 1, 9, 1, 1, 16, 17, 9, 12, 14, 13, 1, 1, 1, 11, 1, 1, 1, 1, 1, 1, 1, 0, 1, 9, 1, 2, 0, 0, 1, 1, 1, 0, 1, 0, 0, 1, 1, 1, 17, 8, 1, 18, 17, 19, 1, 1, 20, 1, 1, 1, 1, 1, 1, 1, 13, 21, 1, 1, 1, 20, 22, 23, 22, 0, 0, 0, 0, 0, 2, 0, 0, 0, 0, 0, 0, 0, 0, 14, 0, 0, 15, 15, 1, 18, 20, 19, 2, 24, 21, 19, 25, 26, 22, 0, 27, 1, 28, 0, 0, 2, 0, 2, 0, 2, 0, 0, 0, 0, 0, 0, 0, 1, 11, 0, 25, 0, 0, 0, 0, 0, 29, 1, 25, 1, 0, 0, 30, 1, 0, 29, 0, 1, 0, 31, 32, 0, 0, 0, 31, 0, 0, 14, 22, 32, 33, 27, 33, 5, 33, 9, 5, 1, 1, 34, 34, 1, 35, 1, 28, 1, 36, 1, 1, 1, 1, 1, 0, 33, 6, 1, 37, 0, 25, 37, 1, 36, 10, 1, 1, 1, 1, 1, 38, 1, 1, 1, 1, 1, 1, 1, 1, 1, 0, 0, 35, 1, 16, 1, 39, 1, 40, 38, 39, 0, 41, 1, 1, 1, 21, 41, 42, 43, 1, 1, 44, 1, 37, 29, 42, 39, 1, 1, 35, 8, 1, 1, 41, 1, 29, 0, 0, 38, 42, 41, 45, 1, 1, 0, 1, 0, 1, 1, 42, 1, 1, 1, 1, 1, 1, 46, 44, 1, 45, 1, 1, 1, 1, 1, 1, 1, 46, 24, 1, 1, 1, 8, 8, 1, 1, 1, 1, 1, 1, 5, 0, 47, 0, 0, 42, 1, 0, 0, 1, 1, 1, 9, 48, 1, 1, 1, 1, 1, 0, 1, 49, 1, 0, 0, 1, 1, 1, 1, 1, 1, 0, 44, 1, 19, 1, 1, 50, 0, 1, 0, 1, 51, 52, 42, 47, 2, 53, 1, 1, 43, 1, 1, 1, 1, 1, 51, 54, 0, 0, 0, 0, 0, 1, 0, 0, 51, 0, 50, 42, 54, 52, 55, 49, 24, 53, 56, 57, 55, 1, 0, 0, 49, 58, 0, 1, 1, 1, 0, 1, 1, 59, 0, 16, 1, 1, 1, 0, 0, 0, 1, 1, 1, 0, 56, 0, 11, 0, 1, 1, 60, 0, 1, 0, 0, 0, 56, 0, 22, 58, 36, 60, 53, 56, 0, 0, 0, 0, 0, 0, 1, 0, 0, 7, 0, 0, 0, 0, 8, 1, 61, 0, 62, 0, 1, 0, 61, 52, 0, 62, 0, 0, 1, 0, 0, 1, 61, 0, 0, 18, 51, 1, 63, 0, 64, 65, 66, 42, 36, 15, 1, 1, 1, 8, 1, 1, 1, 1, 0, 0, 0, 24, 10, 1, 0, 0, 61, 1, 1, 64, 1, 43, 49, 63, 62, 63, 67, 1, 68, 1, 68, 0, 1, 0, 69, 1, 1, 1, 1, 1, 1, 1, 1, 57, 24, 0, 0, 14, 0, 20, 0, 0, 0, 0, 0, 0, 0, 0, 0, 0, 0, 5, 0, 0, 0, 1, 0, 0, 0, 1, 1, 0, 0, 67, 0, 0, 15, 0, 0, 0, 0, 0, 16, 0, 14, 0, 0, 0, 1, 0, 1, 1, 0, 53, 0, 0, 0, 0, 67, 1, 1, 0, 0, 13, 0, 0, 40, 0, 0]",0.07684710621179272,70,0.3543307086614173,0.012598425196850394,3.704439477943146
jfreechart,8,seed8_solution026,0.33229813664596275,0.20405540947400333,3.5821718082623732,0.33229813664596275,-0.20405540947400333,3.5821718082623732,True,False,,,"[0, 1, 2, 3, 3, 0, 0, 1, 1, 1, 2, 1, 4, 4, 1, 1, 2, 5, 0, 1, 0, 0, 5, 1, 1, 1, 1, 6, 1, 1, 0, 0, 0, 1, 1, 1, 1, 0, 0, 0, 0, 7, 0, 1, 1, 0, 0, 1, 0, 1, 7, 8, 1, 1, 5, 9, 1, 1, 1, 1, 7, 9, 1, 10, 2, 1, 1, 11, 6, 12, 6, 1, 10, 12, 2, 13, 1, 7, 1, 13, 1, 10, 14, 1, 9, 1, 1, 15, 16, 9, 13, 17, 18, 1, 1, 1, 12, 16, 1, 1, 1, 1, 1, 1, 0, 1, 7, 1, 1, 14, 0, 1, 1, 1, 0, 1, 0, 0, 1, 1, 1, 16, 16, 1, 19, 16, 19, 1, 1, 20, 1, 1, 1, 1, 1, 2, 1, 12, 15, 1, 1, 1, 20, 21, 20, 22, 0, 23, 0, 0, 0, 2, 0, 0, 0, 5, 0, 0, 0, 0, 0, 0, 0, 14, 14, 1, 24, 25, 21, 24, 25, 21, 26, 26, 27, 22, 0, 22, 28, 29, 0, 0, 2, 0, 2, 0, 2, 0, 0, 0, 0, 0, 0, 0, 1, 12, 0, 26, 0, 0, 24, 0, 0, 30, 1, 27, 1, 0, 0, 31, 1, 0, 30, 0, 1, 32, 32, 30, 0, 0, 0, 32, 0, 0, 7, 22, 33, 34, 26, 30, 5, 32, 9, 23, 1, 1, 35, 35, 1, 36, 1, 28, 1, 1, 1, 1, 1, 1, 1, 0, 11, 6, 1, 30, 0, 0, 37, 1, 36, 15, 1, 1, 1, 1, 1, 38, 1, 1, 1, 1, 1, 1, 1, 1, 1, 0, 0, 39, 1, 33, 1, 8, 1, 1, 36, 8, 0, 40, 1, 1, 1, 21, 30, 41, 40, 1, 1, 41, 1, 37, 31, 41, 42, 1, 1, 39, 10, 1, 1, 43, 1, 44, 0, 0, 45, 41, 40, 44, 1, 1, 0, 1, 0, 1, 1, 46, 1, 1, 1, 1, 1, 1, 45, 43, 1, 44, 1, 11, 1, 1, 1, 1, 1, 45, 46, 1, 1, 1, 11, 45, 1, 1, 1, 1, 1, 1, 5, 0, 8, 0, 0, 46, 1, 0, 0, 1, 1, 1, 10, 46, 1, 1, 1, 1, 1, 0, 18, 47, 1, 0, 0, 11, 1, 1, 1, 1, 1, 0, 43, 1, 19, 1, 1, 47, 0, 13, 0, 1, 40, 8, 41, 48, 2, 49, 1, 1, 42, 1, 1, 1, 1, 1, 50, 43, 0, 0, 0, 1, 0, 1, 0, 0, 50, 0, 47, 50, 51, 50, 52, 52, 25, 44, 53, 54, 52, 1, 0, 9, 55, 56, 0, 1, 1, 1, 0, 1, 1, 52, 0, 18, 1, 1, 1, 0, 0, 0, 1, 1, 1, 0, 53, 0, 12, 0, 1, 1, 57, 0, 1, 0, 0, 0, 7, 0, 22, 44, 36, 57, 58, 53, 0, 0, 0, 0, 0, 0, 1, 11, 0, 7, 0, 0, 0, 0, 10, 1, 59, 0, 60, 0, 1, 0, 59, 57, 0, 45, 0, 0, 1, 0, 0, 1, 61, 0, 23, 24, 50, 15, 62, 0, 63, 18, 58, 41, 64, 15, 1, 1, 1, 10, 1, 1, 1, 1, 0, 0, 0, 25, 11, 1, 0, 0, 59, 1, 1, 62, 1, 42, 51, 61, 60, 61, 56, 7, 65, 1, 65, 0, 1, 14, 66, 12, 11, 1, 1, 1, 1, 1, 1, 54, 25, 0, 21, 17, 0, 20, 0, 0, 0, 0, 0, 0, 0, 0, 0, 0, 0, 4, 0, 0, 0, 12, 0, 0, 0, 1, 1, 0, 0, 59, 0, 0, 11, 0, 0, 0, 0, 0, 18, 0, 17, 0, 0, 0, 1, 0, 1, 1, 0, 67, 0, 0, 0, 0, 68, 1, 1, 0, 0, 12, 0, 0, 69, 0, 0]",0.06977158381727143,70,0.34330708661417325,0.01889763779527559,3.5821718082623732
jfreechart,8,seed8_solution027,0.33397037744863833,2.3550405115318034,3.7407512168599677,0.33397037744863833,-2.3550405115318034,3.7407512168599677,True,False,,,"[0, 1, 2, 3, 3, 0, 0, 1, 1, 1, 2, 1, 4, 5, 1, 1, 2, 6, 0, 1, 0, 0, 7, 1, 1, 1, 1, 5, 1, 1, 5, 0, 0, 1, 1, 8, 1, 9, 0, 0, 0, 7, 0, 1, 1, 0, 0, 1, 0, 1, 7, 10, 1, 1, 5, 11, 1, 1, 1, 1, 10, 12, 1, 10, 1, 1, 1, 12, 10, 12, 6, 1, 9, 12, 2, 13, 1, 14, 1, 13, 9, 15, 15, 1, 16, 1, 1, 16, 17, 10, 17, 9, 18, 1, 1, 1, 12, 1, 1, 19, 1, 1, 1, 1, 0, 1, 13, 1, 2, 0, 18, 1, 1, 1, 0, 1, 0, 0, 1, 1, 1, 15, 20, 1, 19, 21, 22, 1, 1, 20, 1, 1, 1, 1, 1, 1, 22, 22, 23, 1, 1, 1, 22, 19, 21, 23, 2, 0, 0, 0, 0, 0, 0, 0, 0, 0, 0, 0, 0, 0, 9, 0, 0, 15, 15, 1, 24, 20, 25, 2, 1, 26, 27, 28, 29, 26, 0, 0, 1, 26, 2, 0, 2, 0, 2, 0, 2, 0, 0, 0, 0, 0, 0, 0, 1, 12, 0, 30, 0, 0, 0, 0, 0, 30, 1, 28, 1, 0, 0, 31, 1, 32, 30, 0, 1, 0, 31, 33, 0, 0, 0, 31, 0, 8, 9, 31, 34, 33, 34, 26, 35, 34, 10, 32, 1, 1, 29, 23, 1, 29, 1, 26, 1, 35, 1, 2, 1, 1, 1, 0, 34, 6, 1, 36, 0, 0, 36, 1, 33, 8, 1, 1, 1, 1, 1, 37, 1, 1, 1, 1, 1, 1, 1, 1, 1, 0, 38, 32, 1, 16, 1, 39, 1, 40, 37, 41, 0, 42, 1, 1, 1, 38, 42, 43, 44, 1, 1, 45, 1, 46, 44, 41, 46, 1, 1, 32, 11, 1, 1, 42, 1, 45, 0, 0, 41, 43, 42, 47, 1, 1, 0, 1, 0, 1, 1, 26, 1, 1, 1, 1, 1, 1, 48, 45, 1, 47, 1, 1, 1, 1, 46, 1, 1, 46, 49, 1, 1, 1, 1, 50, 1, 1, 1, 1, 1, 1, 5, 0, 49, 0, 0, 43, 1, 0, 0, 1, 1, 1, 10, 43, 1, 1, 41, 1, 1, 0, 1, 51, 1, 0, 0, 1, 1, 1, 1, 1, 1, 0, 45, 1, 22, 1, 1, 48, 0, 1, 0, 1, 52, 53, 43, 37, 49, 54, 1, 1, 43, 1, 1, 1, 1, 1, 50, 55, 0, 0, 0, 0, 0, 1, 0, 0, 50, 0, 48, 46, 56, 55, 56, 51, 49, 52, 57, 58, 58, 1, 0, 0, 51, 59, 0, 1, 1, 1, 0, 1, 1, 60, 0, 16, 1, 1, 1, 0, 0, 0, 1, 1, 1, 0, 55, 0, 18, 0, 1, 1, 61, 0, 1, 0, 0, 0, 55, 0, 19, 57, 35, 62, 35, 55, 0, 0, 0, 0, 0, 0, 1, 23, 6, 7, 0, 0, 0, 0, 0, 1, 63, 0, 64, 0, 1, 0, 63, 65, 0, 64, 0, 0, 1, 0, 32, 1, 66, 0, 0, 18, 50, 1, 67, 0, 65, 59, 57, 68, 65, 15, 1, 1, 1, 1, 1, 1, 1, 1, 0, 0, 0, 49, 8, 1, 0, 0, 50, 1, 1, 69, 1, 44, 51, 69, 61, 67, 70, 1, 64, 31, 66, 0, 1, 0, 71, 1, 1, 1, 1, 1, 1, 1, 1, 58, 72, 15, 0, 0, 0, 16, 0, 0, 0, 0, 0, 0, 0, 0, 0, 0, 0, 5, 0, 0, 0, 1, 0, 0, 0, 1, 1, 0, 0, 0, 0, 0, 16, 0, 0, 0, 0, 1, 0, 0, 11, 0, 0, 0, 1, 0, 1, 1, 0, 72, 0, 0, 0, 0, 51, 1, 1, 0, 0, 14, 0, 0, 15, 0, 0]",0.072211460270951,73,0.35118110236220473,0.02047244094488189,3.7407512168599677
jfreechart,8,seed8_solution028,0.3414442700156986,2.3550092324329417,3.7301372612610355,0.3414442700156986,-2.3550092324329417,3.7301372612610355,True,False,,,"[0, 1, 2, 3, 3, 0, 0, 1, 1, 1, 2, 1, 4, 5, 1, 1, 2, 6, 0, 1, 0, 0, 7, 1, 1, 1, 1, 5, 1, 1, 5, 0, 0, 1, 1, 8, 1, 9, 0, 0, 0, 7, 0, 1, 1, 0, 0, 1, 0, 1, 7, 10, 1, 1, 5, 11, 1, 1, 1, 1, 10, 12, 1, 10, 1, 1, 1, 12, 10, 12, 6, 1, 9, 12, 2, 13, 1, 14, 1, 13, 9, 15, 15, 1, 16, 1, 1, 16, 17, 10, 17, 9, 18, 1, 1, 1, 12, 1, 1, 19, 1, 1, 1, 1, 0, 1, 13, 1, 2, 0, 18, 1, 1, 1, 0, 1, 0, 0, 1, 1, 1, 15, 20, 1, 19, 21, 22, 1, 1, 20, 1, 1, 1, 1, 1, 1, 22, 22, 23, 1, 1, 1, 22, 19, 21, 23, 2, 0, 0, 0, 0, 0, 0, 0, 0, 0, 0, 0, 0, 0, 9, 0, 0, 15, 15, 1, 24, 20, 25, 2, 1, 26, 27, 28, 29, 26, 0, 0, 1, 26, 2, 0, 2, 0, 2, 0, 2, 0, 0, 0, 0, 0, 0, 0, 1, 12, 0, 30, 0, 0, 0, 0, 0, 30, 1, 28, 1, 0, 0, 31, 1, 32, 30, 0, 1, 0, 31, 33, 0, 0, 0, 31, 0, 8, 9, 31, 34, 33, 34, 26, 35, 34, 10, 32, 1, 1, 29, 23, 1, 29, 1, 26, 1, 35, 1, 2, 1, 1, 1, 0, 34, 6, 1, 36, 0, 0, 36, 1, 33, 8, 1, 1, 1, 1, 1, 37, 1, 1, 1, 1, 1, 1, 1, 1, 1, 0, 38, 32, 1, 16, 1, 39, 1, 40, 37, 41, 0, 42, 1, 1, 1, 38, 42, 43, 44, 1, 1, 45, 1, 46, 44, 41, 46, 1, 1, 32, 11, 1, 1, 42, 1, 45, 0, 0, 41, 43, 42, 47, 1, 1, 0, 1, 0, 1, 1, 26, 1, 1, 1, 1, 1, 1, 48, 45, 1, 47, 1, 1, 1, 1, 46, 1, 1, 46, 49, 1, 1, 1, 1, 50, 1, 1, 1, 1, 1, 1, 5, 0, 49, 0, 0, 43, 1, 0, 0, 1, 1, 1, 10, 43, 1, 1, 41, 1, 1, 0, 1, 51, 1, 0, 0, 1, 1, 11, 1, 1, 1, 0, 45, 1, 22, 1, 1, 48, 0, 1, 0, 1, 52, 53, 43, 37, 49, 54, 1, 1, 43, 1, 1, 1, 1, 1, 50, 55, 0, 0, 0, 0, 0, 1, 0, 0, 50, 0, 48, 46, 56, 55, 56, 51, 49, 52, 57, 58, 58, 1, 0, 0, 51, 59, 0, 1, 1, 1, 0, 1, 1, 60, 0, 16, 1, 1, 1, 0, 0, 0, 1, 1, 1, 0, 55, 0, 18, 0, 1, 1, 61, 0, 1, 0, 0, 0, 55, 0, 19, 57, 35, 62, 35, 55, 0, 0, 0, 0, 0, 0, 1, 23, 6, 7, 0, 0, 0, 0, 0, 1, 63, 0, 64, 0, 1, 0, 63, 65, 0, 64, 0, 0, 1, 0, 32, 1, 66, 0, 0, 18, 50, 1, 67, 0, 65, 59, 57, 68, 65, 15, 1, 1, 1, 1, 1, 1, 1, 1, 0, 0, 0, 49, 8, 1, 0, 0, 50, 1, 1, 69, 1, 44, 51, 69, 61, 67, 70, 1, 64, 31, 66, 0, 1, 0, 71, 1, 1, 1, 1, 1, 1, 1, 1, 58, 72, 15, 0, 0, 0, 16, 0, 0, 0, 0, 0, 0, 0, 0, 0, 0, 0, 5, 0, 0, 0, 1, 0, 0, 0, 1, 1, 0, 0, 0, 0, 0, 16, 0, 0, 0, 0, 1, 0, 0, 11, 0, 0, 0, 1, 0, 1, 1, 0, 72, 0, 0, 0, 0, 51, 1, 1, 0, 0, 14, 0, 0, 15, 0, 0]",0.07092406948870518,73,0.34960629921259845,0.02047244094488189,3.7301372612610355
jfreechart,8,seed8_solution029,0.3436625486314927,0.8906877803745283,3.651550501861112,0.3436625486314927,-0.8906877803745283,3.651550501861112,True,False,,,"[0, 1, 2, 3, 3, 0, 0, 1, 1, 1, 2, 1, 4, 4, 1, 1, 1, 5, 2, 1, 0, 0, 5, 6, 1, 1, 1, 4, 1, 1, 4, 0, 0, 1, 1, 1, 1, 7, 0, 0, 0, 0, 0, 1, 1, 0, 0, 1, 0, 1, 8, 1, 1, 1, 8, 9, 1, 1, 1, 1, 10, 11, 1, 10, 1, 1, 1, 9, 11, 11, 5, 1, 7, 11, 2, 12, 1, 6, 1, 12, 7, 13, 13, 14, 13, 1, 1, 15, 16, 12, 13, 7, 17, 1, 1, 1, 11, 17, 8, 18, 1, 1, 1, 1, 0, 1, 11, 1, 2, 0, 17, 1, 1, 1, 0, 1, 0, 0, 1, 1, 1, 17, 13, 1, 18, 19, 19, 1, 1, 17, 1, 1, 1, 1, 1, 1, 20, 20, 15, 1, 1, 1, 21, 18, 20, 21, 2, 0, 0, 0, 0, 0, 0, 0, 0, 0, 0, 0, 0, 0, 14, 0, 0, 17, 17, 1, 22, 23, 22, 2, 1, 24, 25, 26, 27, 19, 0, 0, 1, 25, 2, 0, 2, 0, 2, 0, 2, 14, 0, 0, 0, 0, 0, 0, 1, 18, 0, 28, 0, 0, 0, 0, 0, 28, 1, 27, 1, 0, 0, 21, 1, 29, 28, 0, 1, 0, 5, 30, 0, 0, 0, 31, 0, 0, 8, 31, 32, 33, 34, 26, 29, 34, 10, 29, 1, 1, 26, 25, 1, 25, 1, 34, 1, 1, 1, 2, 1, 1, 1, 0, 34, 5, 1, 35, 0, 0, 36, 1, 33, 15, 1, 1, 1, 1, 1, 37, 1, 1, 1, 1, 1, 1, 1, 1, 1, 0, 0, 37, 1, 12, 1, 38, 1, 36, 38, 39, 0, 40, 1, 1, 1, 41, 42, 43, 44, 1, 1, 31, 1, 45, 28, 25, 45, 1, 1, 29, 9, 1, 1, 42, 1, 46, 0, 0, 39, 43, 6, 47, 1, 1, 0, 1, 0, 1, 1, 26, 1, 1, 1, 1, 1, 1, 48, 46, 1, 47, 1, 1, 1, 1, 45, 30, 1, 45, 47, 1, 1, 1, 9, 45, 1, 1, 22, 1, 1, 1, 4, 0, 43, 0, 0, 43, 1, 0, 0, 1, 1, 1, 7, 44, 1, 1, 39, 1, 1, 0, 1, 49, 1, 0, 0, 9, 1, 1, 1, 1, 1, 0, 46, 1, 20, 1, 1, 48, 0, 12, 0, 11, 50, 51, 43, 47, 47, 52, 1, 1, 43, 1, 1, 1, 1, 1, 53, 54, 0, 0, 0, 1, 0, 1, 0, 0, 46, 0, 0, 45, 55, 54, 55, 49, 56, 50, 57, 58, 52, 1, 0, 0, 55, 27, 0, 1, 1, 1, 0, 1, 1, 59, 0, 15, 1, 1, 1, 0, 0, 0, 1, 1, 1, 0, 54, 15, 17, 0, 1, 1, 60, 0, 1, 0, 0, 0, 1, 0, 0, 56, 52, 59, 35, 54, 0, 0, 0, 0, 0, 61, 1, 23, 5, 0, 0, 0, 0, 0, 0, 1, 62, 0, 3, 0, 1, 0, 62, 53, 0, 60, 0, 0, 1, 0, 0, 1, 63, 0, 0, 17, 53, 1, 64, 0, 65, 60, 50, 66, 46, 13, 1, 1, 1, 1, 1, 1, 1, 1, 0, 0, 0, 56, 30, 1, 0, 0, 53, 1, 1, 67, 1, 46, 49, 67, 61, 68, 66, 1, 59, 31, 68, 0, 1, 0, 64, 1, 15, 1, 1, 1, 1, 1, 1, 58, 69, 17, 0, 0, 0, 15, 0, 0, 0, 0, 0, 0, 0, 0, 0, 0, 0, 4, 0, 0, 0, 1, 0, 0, 0, 1, 1, 0, 0, 0, 0, 0, 15, 0, 0, 0, 0, 1, 13, 0, 70, 0, 0, 0, 1, 0, 1, 1, 0, 52, 0, 0, 0, 0, 49, 1, 1, 0, 0, 6, 0, 0, 0, 0, 0]",0.0712735040131322,71,0.34330708661417325,0.01732283464566929,3.651550501861112
jfreechart,8,seed8_solution030,0.3517507337383114,0.8048650328338987,3.530686184226781,0.3517507337383114,-0.8048650328338987,3.530686184226781,True,False,,,"[0, 1, 2, 3, 3, 0, 0, 1, 1, 1, 2, 1, 4, 4, 1, 1, 1, 5, 0, 1, 0, 0, 5, 1, 1, 1, 1, 6, 1, 1, 0, 0, 0, 1, 1, 1, 1, 0, 0, 0, 0, 0, 0, 1, 1, 0, 0, 1, 0, 1, 7, 8, 1, 1, 6, 9, 1, 1, 1, 1, 9, 7, 1, 10, 2, 1, 1, 10, 6, 6, 9, 1, 8, 11, 2, 12, 1, 7, 1, 12, 1, 6, 10, 1, 9, 1, 1, 13, 14, 15, 14, 7, 16, 1, 1, 14, 12, 17, 8, 1, 1, 1, 8, 1, 0, 1, 7, 1, 1, 15, 0, 1, 4, 1, 0, 1, 0, 0, 1, 1, 1, 18, 17, 1, 19, 20, 13, 1, 1, 17, 1, 1, 1, 21, 1, 2, 1, 11, 13, 1, 1, 1, 17, 21, 20, 22, 2, 23, 0, 0, 0, 2, 0, 0, 0, 5, 0, 0, 0, 0, 0, 0, 0, 11, 15, 1, 20, 24, 21, 18, 1, 22, 25, 26, 26, 27, 0, 22, 28, 27, 0, 0, 2, 0, 2, 0, 2, 4, 0, 0, 0, 0, 0, 0, 1, 0, 0, 29, 0, 0, 18, 0, 10, 10, 1, 26, 1, 0, 0, 28, 1, 0, 30, 0, 1, 31, 26, 29, 0, 0, 0, 32, 0, 0, 7, 33, 31, 34, 25, 29, 23, 31, 35, 23, 1, 23, 25, 27, 1, 36, 1, 32, 1, 1, 1, 1, 1, 1, 1, 0, 10, 23, 1, 29, 0, 0, 37, 1, 38, 13, 1, 1, 1, 1, 1, 27, 1, 1, 1, 1, 1, 1, 1, 1, 1, 0, 0, 36, 37, 32, 39, 10, 1, 1, 36, 36, 0, 40, 1, 1, 1, 39, 29, 41, 41, 1, 1, 42, 1, 37, 30, 22, 43, 1, 1, 44, 1, 1, 1, 44, 1, 45, 0, 0, 46, 42, 16, 47, 1, 1, 0, 1, 0, 1, 1, 48, 1, 1, 1, 1, 1, 38, 44, 26, 1, 34, 1, 10, 1, 1, 1, 1, 1, 43, 48, 1, 1, 1, 10, 46, 1, 1, 49, 1, 1, 1, 8, 0, 39, 0, 0, 48, 1, 0, 10, 1, 1, 1, 8, 41, 1, 1, 1, 1, 1, 0, 16, 50, 1, 0, 0, 10, 1, 1, 1, 1, 1, 0, 51, 1, 0, 1, 1, 52, 0, 12, 0, 1, 41, 39, 53, 47, 2, 54, 1, 1, 44, 1, 1, 1, 1, 1, 44, 44, 0, 0, 0, 1, 0, 1, 0, 0, 44, 0, 0, 51, 52, 51, 16, 55, 56, 45, 39, 41, 57, 1, 1, 9, 57, 28, 0, 1, 1, 1, 0, 1, 1, 55, 0, 21, 1, 0, 1, 0, 0, 10, 1, 1, 1, 0, 55, 13, 16, 0, 1, 1, 54, 0, 1, 0, 0, 0, 7, 0, 0, 45, 58, 55, 59, 60, 0, 0, 0, 0, 0, 0, 1, 10, 0, 0, 0, 0, 0, 0, 10, 1, 61, 0, 3, 0, 1, 0, 62, 60, 0, 46, 0, 0, 1, 0, 0, 1, 63, 0, 23, 1, 25, 13, 64, 0, 65, 16, 59, 65, 66, 13, 1, 1, 1, 10, 1, 1, 1, 1, 0, 0, 0, 57, 6, 1, 0, 0, 67, 23, 1, 15, 1, 1, 52, 68, 62, 69, 58, 7, 66, 26, 62, 0, 1, 15, 70, 11, 10, 1, 1, 1, 1, 1, 1, 11, 66, 0, 21, 9, 0, 11, 0, 0, 0, 0, 0, 0, 0, 0, 0, 0, 0, 4, 0, 0, 0, 11, 0, 0, 0, 1, 1, 6, 0, 61, 0, 0, 10, 0, 0, 0, 0, 0, 9, 0, 11, 0, 0, 0, 1, 0, 1, 1, 0, 54, 0, 0, 0, 0, 43, 69, 1, 0, 0, 11, 0, 0, 0, 0, 0]",0.07774126479376545,71,0.33070866141732286,0.02204724409448819,3.530686184226781
jfreechart,8,seed8_solution031,0.36233021636748347,0.9063969749386417,3.536501250343648,0.36233021636748347,-0.9063969749386417,3.536501250343648,True,False,,,"[0, 1, 2, 3, 3, 0, 0, 1, 1, 1, 2, 1, 4, 5, 1, 1, 1, 6, 2, 1, 0, 0, 4, 1, 1, 1, 1, 7, 1, 1, 0, 0, 0, 1, 1, 1, 1, 6, 0, 0, 0, 0, 0, 1, 1, 0, 0, 1, 0, 1, 7, 1, 1, 1, 8, 8, 1, 1, 1, 1, 9, 10, 1, 10, 1, 1, 1, 11, 12, 11, 10, 1, 12, 13, 2, 13, 1, 12, 1, 14, 1, 9, 13, 4, 15, 13, 1, 16, 17, 7, 17, 4, 18, 1, 1, 9, 14, 17, 12, 1, 1, 1, 12, 1, 0, 1, 12, 1, 1, 0, 0, 1, 4, 1, 0, 1, 0, 0, 1, 1, 1, 17, 15, 1, 18, 19, 18, 8, 1, 15, 1, 1, 1, 15, 1, 2, 16, 19, 11, 1, 1, 1, 20, 21, 22, 20, 2, 23, 0, 0, 0, 0, 0, 0, 0, 5, 2, 0, 0, 0, 4, 0, 0, 17, 13, 1, 19, 15, 22, 2, 1, 24, 25, 23, 22, 26, 0, 0, 27, 28, 0, 0, 2, 0, 2, 0, 2, 4, 0, 0, 0, 0, 0, 0, 1, 18, 0, 29, 0, 0, 0, 0, 0, 11, 1, 3, 16, 0, 0, 20, 1, 6, 30, 0, 1, 0, 31, 7, 0, 0, 0, 26, 0, 6, 6, 5, 32, 33, 23, 33, 23, 32, 7, 4, 1, 23, 34, 28, 1, 25, 1, 3, 1, 1, 1, 1, 1, 1, 1, 0, 16, 23, 1, 35, 0, 0, 36, 1, 37, 16, 1, 10, 1, 1, 1, 31, 1, 1, 1, 1, 1, 1, 1, 1, 1, 0, 0, 31, 1, 37, 1, 38, 1, 30, 39, 40, 0, 41, 1, 1, 23, 1, 42, 34, 5, 1, 1, 0, 1, 29, 23, 22, 31, 1, 1, 43, 9, 1, 1, 36, 1, 44, 0, 0, 37, 41, 38, 39, 1, 1, 0, 1, 0, 1, 1, 45, 1, 1, 1, 1, 1, 1, 46, 22, 1, 25, 1, 10, 1, 1, 1, 1, 1, 39, 43, 1, 1, 1, 11, 10, 1, 1, 22, 1, 1, 1, 14, 0, 47, 0, 0, 41, 1, 0, 0, 1, 1, 1, 1, 39, 1, 1, 35, 1, 1, 0, 1, 42, 1, 0, 0, 10, 1, 1, 1, 1, 1, 0, 48, 10, 19, 1, 1, 49, 0, 11, 0, 12, 50, 51, 52, 53, 2, 46, 1, 1, 41, 1, 1, 1, 1, 1, 44, 44, 0, 0, 0, 1, 0, 1, 1, 0, 46, 0, 0, 30, 44, 45, 54, 11, 55, 52, 53, 56, 50, 1, 1, 38, 57, 58, 0, 1, 1, 11, 0, 1, 1, 59, 0, 13, 1, 1, 1, 0, 0, 11, 1, 1, 1, 0, 60, 16, 15, 0, 1, 1, 55, 0, 1, 0, 0, 0, 7, 0, 0, 44, 50, 61, 47, 52, 0, 0, 0, 0, 0, 62, 1, 0, 0, 0, 0, 0, 0, 0, 0, 1, 52, 0, 3, 0, 1, 0, 62, 57, 0, 63, 0, 0, 14, 0, 0, 1, 59, 0, 23, 38, 64, 13, 65, 0, 66, 10, 67, 66, 46, 68, 1, 1, 1, 1, 3, 1, 1, 1, 0, 0, 0, 43, 7, 1, 0, 0, 57, 23, 1, 69, 1, 1, 52, 69, 58, 58, 70, 1, 71, 25, 44, 0, 1, 0, 65, 10, 16, 1, 1, 1, 1, 1, 1, 12, 57, 17, 0, 8, 0, 15, 0, 0, 0, 0, 0, 0, 0, 0, 0, 0, 0, 6, 0, 0, 0, 1, 0, 0, 0, 1, 1, 5, 0, 0, 0, 0, 16, 0, 0, 0, 0, 0, 7, 0, 9, 0, 0, 0, 1, 0, 1, 1, 0, 50, 0, 0, 0, 0, 36, 1, 1, 7, 0, 10, 0, 0, 0, 0, 0]",0.08299265213246226,72,0.32755905511811023,0.026771653543307086,3.536501250343648
jfreechart,8,seed8_solution032,0.36980410893454374,0.3923483693261956,3.4283092023048294,0.36980410893454374,-0.3923483693261956,3.4283092023048294,True,False,,,"[0, 1, 2, 3, 4, 0, 0, 4, 1, 1, 4, 1, 5, 5, 1, 1, 1, 6, 2, 1, 0, 0, 6, 1, 1, 1, 1, 7, 1, 1, 0, 0, 0, 1, 1, 1, 1, 6, 0, 0, 0, 0, 0, 1, 1, 0, 0, 1, 0, 1, 7, 1, 1, 1, 8, 7, 1, 1, 1, 1, 8, 9, 1, 9, 2, 1, 1, 10, 7, 9, 10, 1, 11, 12, 2, 12, 1, 8, 1, 10, 1, 9, 10, 1, 13, 1, 1, 14, 15, 8, 12, 4, 12, 1, 1, 16, 13, 16, 1, 1, 1, 1, 4, 1, 0, 1, 12, 1, 2, 9, 0, 1, 4, 1, 1, 1, 0, 0, 1, 1, 1, 16, 13, 1, 17, 18, 19, 8, 1, 16, 1, 1, 1, 1, 1, 2, 14, 12, 1, 1, 1, 1, 17, 17, 18, 20, 2, 0, 0, 0, 0, 2, 0, 0, 0, 5, 0, 0, 0, 0, 0, 0, 0, 16, 16, 1, 19, 21, 22, 18, 1, 23, 24, 25, 26, 25, 0, 26, 27, 25, 0, 0, 2, 0, 2, 0, 0, 4, 0, 0, 0, 0, 0, 0, 1, 28, 0, 29, 0, 0, 0, 0, 0, 9, 1, 27, 22, 0, 0, 19, 1, 0, 30, 0, 1, 31, 6, 6, 0, 0, 0, 30, 0, 32, 8, 5, 33, 34, 24, 24, 25, 33, 7, 4, 1, 21, 24, 25, 1, 25, 1, 31, 1, 1, 1, 1, 1, 1, 1, 35, 14, 5, 1, 32, 0, 0, 34, 1, 33, 9, 1, 1, 1, 1, 1, 36, 1, 1, 1, 1, 1, 1, 1, 1, 1, 0, 0, 37, 1, 38, 2, 35, 1, 4, 39, 37, 0, 40, 1, 1, 1, 1, 41, 39, 5, 1, 1, 0, 1, 34, 30, 23, 42, 1, 1, 43, 12, 1, 1, 43, 1, 30, 0, 0, 28, 44, 45, 41, 1, 1, 0, 1, 0, 1, 1, 18, 1, 1, 1, 1, 1, 1, 44, 22, 1, 46, 1, 42, 1, 1, 1, 7, 12, 28, 47, 1, 1, 1, 1, 46, 1, 22, 22, 1, 1, 1, 13, 0, 42, 0, 0, 48, 1, 0, 0, 1, 1, 1, 16, 41, 1, 1, 12, 1, 1, 0, 9, 29, 1, 0, 0, 11, 1, 1, 1, 1, 1, 0, 41, 1, 17, 1, 1, 49, 0, 38, 0, 1, 46, 50, 50, 51, 52, 50, 1, 1, 53, 1, 1, 1, 2, 1, 48, 47, 0, 0, 0, 1, 0, 1, 0, 0, 49, 0, 0, 34, 47, 54, 42, 55, 56, 44, 51, 44, 53, 1, 1, 0, 48, 27, 0, 1, 1, 1, 0, 1, 1, 57, 0, 14, 1, 1, 1, 0, 0, 0, 1, 9, 1, 0, 58, 14, 0, 0, 1, 1, 56, 0, 1, 0, 0, 0, 1, 0, 0, 47, 56, 56, 56, 54, 0, 0, 0, 0, 0, 59, 1, 0, 0, 0, 0, 0, 0, 0, 0, 1, 50, 0, 3, 0, 1, 0, 60, 48, 0, 56, 0, 0, 12, 0, 0, 1, 61, 0, 21, 10, 53, 14, 49, 0, 62, 62, 63, 45, 44, 14, 1, 1, 1, 1, 1, 1, 1, 1, 0, 0, 0, 52, 28, 1, 0, 0, 28, 1, 1, 64, 1, 1, 47, 60, 58, 64, 65, 11, 62, 33, 47, 0, 1, 0, 66, 9, 14, 1, 1, 1, 1, 1, 1, 48, 48, 16, 0, 0, 0, 38, 0, 0, 0, 0, 0, 0, 0, 0, 0, 0, 0, 11, 0, 10, 0, 4, 0, 0, 0, 1, 1, 5, 0, 0, 0, 20, 12, 0, 0, 0, 0, 0, 11, 0, 7, 0, 0, 0, 1, 0, 1, 1, 0, 57, 0, 0, 0, 0, 61, 1, 1, 7, 0, 9, 0, 0, 0, 0, 0]",0.07436635309200097,67,0.3291338582677165,0.012598425196850394,3.4283092023048294
jfreechart,8,seed8_solution033,0.37676609105180536,0.44679870171599495,3.492260470206422,0.37676609105180536,-0.44679870171599495,3.492260470206422,True,False,,,"[0, 1, 2, 3, 3, 0, 0, 4, 4, 1, 4, 1, 5, 5, 1, 1, 1, 5, 0, 1, 0, 0, 4, 1, 1, 1, 1, 5, 1, 1, 0, 0, 0, 1, 1, 1, 1, 6, 0, 0, 0, 0, 0, 1, 1, 0, 0, 1, 0, 1, 7, 1, 1, 1, 1, 7, 1, 1, 1, 1, 8, 9, 1, 9, 2, 1, 1, 10, 7, 10, 10, 1, 11, 11, 1, 12, 1, 11, 1, 10, 1, 13, 9, 1, 14, 1, 1, 15, 16, 8, 12, 12, 15, 1, 1, 17, 14, 14, 1, 1, 1, 1, 1, 1, 0, 2, 15, 1, 2, 9, 0, 1, 1, 1, 1, 1, 0, 0, 1, 1, 1, 18, 14, 1, 19, 18, 20, 1, 1, 14, 1, 1, 1, 1, 1, 1, 1, 12, 1, 1, 1, 1, 19, 19, 18, 21, 2, 22, 0, 0, 0, 2, 0, 0, 0, 5, 0, 0, 0, 0, 0, 0, 0, 10, 23, 1, 24, 14, 13, 18, 1, 22, 25, 26, 27, 26, 0, 27, 28, 29, 0, 0, 2, 0, 2, 0, 0, 0, 0, 0, 0, 0, 0, 0, 1, 30, 0, 31, 0, 0, 0, 0, 0, 9, 1, 28, 1, 0, 0, 29, 1, 0, 32, 0, 1, 33, 32, 6, 0, 0, 0, 26, 0, 34, 6, 28, 32, 35, 32, 35, 26, 32, 8, 4, 1, 22, 32, 32, 1, 36, 1, 33, 1, 1, 1, 1, 1, 1, 1, 37, 38, 22, 1, 31, 0, 32, 39, 1, 35, 9, 1, 1, 1, 1, 1, 40, 1, 1, 1, 1, 1, 1, 1, 1, 1, 0, 0, 41, 1, 30, 2, 42, 1, 4, 36, 36, 0, 43, 1, 1, 1, 36, 44, 39, 22, 1, 1, 0, 1, 31, 42, 24, 42, 1, 1, 45, 12, 1, 1, 46, 1, 47, 0, 0, 30, 45, 42, 44, 1, 1, 0, 1, 0, 1, 1, 43, 1, 1, 1, 1, 1, 38, 48, 27, 1, 39, 1, 42, 1, 1, 1, 1, 12, 30, 49, 9, 1, 1, 1, 44, 1, 23, 1, 1, 1, 1, 8, 0, 50, 0, 0, 50, 1, 0, 0, 1, 1, 1, 17, 45, 1, 1, 12, 1, 1, 0, 9, 31, 1, 0, 0, 9, 1, 1, 1, 1, 1, 0, 21, 1, 0, 1, 1, 48, 0, 15, 0, 1, 46, 51, 51, 52, 2, 51, 1, 1, 53, 1, 1, 1, 2, 1, 46, 49, 0, 0, 0, 1, 0, 1, 0, 0, 48, 0, 0, 54, 52, 55, 42, 56, 57, 45, 52, 45, 53, 1, 1, 0, 50, 58, 0, 1, 1, 1, 0, 1, 1, 54, 0, 15, 1, 0, 1, 0, 0, 10, 1, 9, 1, 0, 53, 15, 0, 0, 1, 1, 57, 0, 1, 0, 0, 0, 8, 0, 0, 34, 57, 57, 57, 55, 0, 0, 0, 0, 0, 59, 1, 0, 0, 0, 0, 0, 0, 0, 0, 21, 51, 0, 60, 0, 1, 0, 61, 62, 0, 57, 0, 17, 12, 0, 0, 1, 63, 0, 22, 1, 53, 15, 48, 0, 51, 64, 65, 43, 37, 63, 1, 1, 1, 1, 3, 1, 1, 1, 0, 0, 0, 58, 30, 1, 0, 0, 30, 22, 1, 66, 1, 1, 49, 61, 58, 67, 68, 11, 64, 32, 67, 0, 1, 15, 69, 9, 15, 1, 1, 5, 1, 1, 1, 50, 44, 0, 0, 0, 0, 7, 0, 0, 0, 0, 0, 0, 0, 0, 15, 0, 0, 11, 0, 10, 0, 4, 0, 0, 0, 1, 1, 5, 0, 0, 0, 21, 12, 34, 0, 0, 0, 0, 11, 0, 7, 0, 0, 0, 1, 0, 1, 1, 0, 54, 0, 0, 0, 0, 63, 1, 1, 6, 0, 9, 0, 0, 0, 0, 0]",0.07947742772491181,70,0.3291338582677165,0.02204724409448819,3.492260470206422
jfreechart,8,seed8_solution034,0.3896321070234114,0.7600290782788768,3.4892765940954433,0.3896321070234114,-0.7600290782788768,3.4892765940954433,True,False,,,"[0, 1, 2, 3, 3, 0, 0, 4, 4, 1, 2, 1, 5, 5, 1, 1, 1, 5, 2, 1, 0, 0, 6, 1, 1, 1, 1, 5, 1, 1, 0, 0, 0, 1, 1, 1, 1, 6, 0, 0, 0, 0, 0, 1, 1, 0, 0, 1, 0, 1, 7, 1, 1, 1, 1, 8, 1, 1, 1, 1, 7, 9, 1, 9, 2, 1, 1, 8, 8, 9, 10, 1, 7, 9, 2, 11, 1, 10, 10, 11, 1, 12, 9, 1, 13, 1, 1, 14, 15, 12, 15, 6, 14, 1, 1, 1, 13, 1, 10, 1, 1, 1, 5, 1, 0, 2, 9, 1, 2, 14, 0, 1, 1, 1, 1, 1, 0, 0, 1, 1, 1, 15, 13, 1, 16, 17, 18, 10, 1, 19, 1, 1, 1, 1, 1, 2, 1, 14, 20, 1, 1, 1, 19, 16, 21, 18, 0, 0, 0, 0, 0, 2, 0, 0, 0, 6, 2, 0, 0, 0, 7, 0, 0, 10, 14, 1, 18, 19, 12, 16, 1, 21, 22, 23, 24, 25, 0, 23, 26, 22, 0, 0, 2, 0, 2, 0, 27, 10, 0, 0, 0, 0, 0, 0, 1, 28, 0, 29, 0, 0, 0, 0, 0, 9, 1, 3, 12, 0, 0, 30, 1, 0, 31, 0, 1, 32, 33, 25, 0, 0, 0, 27, 0, 34, 6, 18, 25, 30, 35, 36, 24, 25, 25, 4, 1, 1, 23, 25, 1, 37, 1, 3, 1, 1, 1, 1, 1, 1, 1, 0, 11, 5, 1, 29, 0, 29, 33, 1, 32, 9, 1, 9, 1, 1, 1, 38, 1, 1, 1, 1, 1, 1, 1, 1, 1, 0, 0, 34, 1, 28, 1, 20, 1, 1, 36, 35, 0, 34, 1, 1, 24, 1, 37, 39, 24, 1, 1, 0, 1, 33, 24, 38, 33, 1, 1, 40, 13, 1, 1, 41, 1, 42, 0, 0, 34, 43, 44, 45, 1, 1, 0, 1, 0, 1, 1, 38, 1, 1, 1, 1, 1, 1, 46, 24, 1, 22, 33, 1, 1, 1, 1, 1, 14, 44, 47, 1, 1, 1, 21, 20, 1, 1, 1, 1, 1, 1, 7, 0, 48, 0, 0, 49, 1, 0, 0, 1, 1, 1, 1, 43, 1, 1, 1, 1, 1, 0, 9, 32, 1, 0, 0, 1, 1, 1, 1, 1, 1, 0, 22, 1, 0, 1, 1, 42, 0, 20, 0, 1, 50, 39, 48, 39, 2, 45, 1, 1, 41, 1, 1, 1, 2, 1, 42, 51, 0, 0, 0, 1, 0, 1, 1, 0, 42, 0, 0, 52, 42, 51, 43, 53, 50, 50, 54, 42, 55, 1, 1, 0, 54, 56, 0, 1, 1, 20, 0, 1, 1, 51, 0, 11, 1, 0, 1, 0, 0, 0, 1, 9, 10, 0, 57, 11, 0, 0, 1, 1, 57, 0, 1, 0, 0, 0, 9, 0, 58, 34, 59, 60, 48, 61, 0, 0, 0, 0, 0, 0, 1, 0, 0, 0, 0, 0, 0, 10, 0, 16, 62, 0, 61, 0, 1, 0, 56, 63, 0, 40, 0, 0, 14, 0, 0, 1, 56, 0, 24, 41, 55, 1, 26, 0, 56, 64, 61, 38, 53, 12, 1, 1, 1, 20, 1, 1, 1, 1, 0, 0, 0, 58, 5, 1, 0, 0, 28, 24, 1, 55, 1, 1, 42, 59, 65, 66, 67, 10, 60, 1, 68, 0, 1, 11, 61, 14, 11, 1, 1, 1, 1, 1, 1, 9, 42, 11, 0, 64, 0, 13, 0, 0, 0, 0, 0, 0, 0, 0, 0, 0, 0, 10, 0, 0, 0, 4, 0, 0, 0, 1, 1, 5, 0, 68, 0, 69, 12, 0, 0, 0, 0, 0, 13, 0, 64, 0, 0, 0, 1, 0, 1, 1, 0, 50, 0, 0, 0, 0, 68, 1, 1, 6, 0, 14, 0, 0, 37, 0, 0]",0.08143422414144887,70,0.33228346456692914,0.01889763779527559,3.4892765940954433
jfreechart,8,seed8_solution035,0.39437581052487886,0.5349437051977396,3.4475555878446777,0.39437581052487886,-0.5349437051977396,3.4475555878446777,True,False,,,"[0, 1, 2, 3, 3, 0, 0, 4, 1, 1, 2, 1, 5, 5, 1, 1, 1, 6, 2, 1, 0, 0, 4, 1, 1, 1, 6, 7, 1, 1, 0, 0, 0, 1, 1, 1, 1, 8, 0, 0, 0, 0, 0, 1, 1, 0, 0, 1, 0, 1, 6, 1, 1, 1, 1, 9, 1, 1, 1, 1, 9, 10, 1, 11, 2, 1, 1, 8, 7, 10, 10, 1, 7, 10, 2, 12, 1, 13, 12, 13, 1, 14, 10, 1, 10, 15, 1, 15, 12, 7, 12, 6, 12, 1, 1, 1, 14, 16, 13, 1, 1, 1, 8, 1, 0, 1, 17, 1, 2, 10, 0, 1, 1, 1, 1, 1, 0, 0, 1, 1, 1, 15, 14, 1, 18, 19, 20, 1, 1, 19, 1, 1, 1, 1, 1, 2, 1, 10, 14, 1, 1, 1, 19, 20, 18, 17, 2, 0, 0, 0, 0, 2, 0, 0, 0, 6, 0, 0, 0, 0, 7, 0, 0, 21, 13, 1, 22, 20, 23, 20, 1, 24, 25, 26, 22, 27, 0, 0, 1, 26, 0, 0, 2, 0, 2, 0, 0, 13, 0, 0, 0, 0, 0, 0, 1, 28, 0, 29, 0, 0, 0, 0, 0, 10, 1, 28, 26, 0, 0, 30, 1, 7, 29, 0, 1, 31, 22, 28, 0, 0, 0, 32, 0, 0, 6, 17, 33, 34, 23, 35, 5, 34, 28, 5, 1, 23, 23, 28, 1, 36, 1, 3, 1, 1, 1, 1, 1, 1, 1, 0, 14, 24, 1, 37, 0, 27, 38, 1, 11, 10, 1, 1, 1, 1, 1, 28, 1, 1, 1, 1, 1, 1, 1, 1, 1, 0, 0, 37, 1, 29, 2, 11, 1, 1, 38, 39, 0, 37, 1, 1, 1, 1, 40, 39, 41, 1, 1, 0, 1, 27, 23, 25, 39, 0, 1, 36, 14, 1, 1, 42, 1, 29, 43, 0, 37, 43, 44, 43, 1, 1, 0, 1, 0, 1, 1, 41, 1, 1, 1, 1, 1, 1, 44, 45, 1, 46, 1, 1, 1, 1, 1, 1, 1, 40, 47, 1, 1, 1, 33, 13, 1, 1, 1, 1, 1, 1, 7, 0, 39, 0, 0, 44, 1, 0, 10, 1, 1, 1, 9, 40, 1, 1, 1, 1, 1, 0, 10, 31, 1, 0, 0, 1, 1, 1, 1, 1, 1, 0, 26, 10, 0, 1, 1, 45, 0, 15, 0, 1, 42, 39, 43, 39, 2, 38, 1, 1, 48, 1, 1, 1, 1, 1, 49, 46, 0, 0, 0, 1, 0, 1, 1, 0, 38, 0, 0, 49, 49, 50, 43, 51, 51, 52, 53, 45, 52, 1, 1, 44, 54, 55, 0, 1, 1, 1, 0, 1, 1, 53, 0, 14, 1, 0, 1, 0, 0, 0, 1, 10, 12, 0, 42, 0, 21, 0, 1, 1, 56, 0, 1, 0, 0, 0, 10, 0, 57, 54, 58, 55, 41, 59, 0, 0, 0, 0, 0, 60, 1, 0, 0, 0, 0, 0, 0, 0, 11, 19, 61, 0, 58, 5, 1, 0, 56, 62, 0, 46, 0, 9, 1, 0, 0, 1, 56, 0, 0, 44, 55, 1, 45, 0, 63, 9, 58, 63, 35, 64, 1, 1, 1, 11, 1, 1, 1, 1, 0, 0, 0, 59, 7, 1, 0, 0, 65, 1, 1, 12, 1, 1, 47, 62, 61, 66, 57, 13, 67, 45, 64, 0, 1, 12, 58, 13, 14, 1, 1, 5, 1, 1, 1, 10, 41, 0, 0, 9, 0, 19, 0, 0, 0, 0, 0, 0, 0, 0, 15, 0, 0, 13, 0, 0, 0, 4, 0, 0, 0, 1, 1, 0, 0, 64, 0, 25, 14, 0, 0, 0, 0, 0, 16, 0, 9, 0, 0, 0, 1, 0, 1, 1, 0, 51, 0, 0, 0, 0, 64, 1, 1, 6, 0, 13, 0, 0, 40, 0, 0]",0.07883438804689814,68,0.3354330708661417,0.012598425196850394,3.4475555878446777
jfreechart,8,seed8_solution036,0.4084704115760016,1.0561850003596043,1.0119038530902111,0.4084704115760016,-1.0561850003596043,1.0119038530902111,True,False,,,"[0, 1, 2, 3, 3, 2, 2, 2, 2, 1, 2, 2, 4, 5, 4, 6, 2, 2, 2, 5, 0, 2, 7, 2, 1, 2, 2, 8, 1, 0, 0, 0, 0, 0, 0, 4, 0, 0, 0, 0, 0, 0, 0, 0, 0, 0, 0, 0, 0, 4, 0, 4, 0, 0, 4, 0, 4, 4, 6, 6, 6, 4, 4, 6, 4, 4, 4, 4, 4, 4, 4, 4, 4, 4, 4, 4, 4, 4, 4, 6, 4, 4, 4, 4, 4, 7, 8, 6, 4, 4, 4, 4, 4, 4, 4, 4, 4, 4, 4, 4, 4, 5, 4, 2, 2, 2, 2, 2, 2, 2, 2, 2, 2, 2, 2, 2, 2, 2, 2, 2, 2, 2, 6, 2, 2, 2, 2, 4, 2, 2, 9, 4, 4, 0, 0, 2, 4, 4, 4, 2, 2, 2, 10, 6, 6, 6, 2, 5, 2, 2, 2, 2, 2, 2, 1, 2, 2, 2, 2, 2, 10, 0, 0, 4, 4, 2, 2, 2, 2, 2, 5, 5, 6, 6, 0, 0, 5, 0, 2, 2, 2, 2, 2, 2, 2, 2, 2, 11, 1, 11, 11, 11, 11, 0, 5, 5, 4, 6, 11, 11, 11, 10, 11, 5, 5, 6, 1, 1, 11, 6, 11, 11, 6, 1, 1, 11, 6, 11, 11, 10, 5, 5, 5, 11, 6, 6, 11, 6, 6, 6, 6, 6, 6, 6, 6, 6, 2, 1, 0, 5, 0, 1, 4, 0, 6, 0, 0, 6, 4, 4, 4, 6, 0, 0, 0, 0, 5, 4, 4, 5, 0, 5, 0, 0, 2, 2, 1, 1, 1, 1, 1, 1, 0, 0, 0, 0, 0, 0, 0, 4, 1, 0, 0, 0, 4, 5, 12, 0, 0, 2, 6, 6, 6, 6, 6, 6, 6, 6, 6, 6, 6, 6, 6, 6, 6, 6, 6, 6, 5, 5, 5, 6, 6, 6, 13, 5, 5, 5, 2, 0, 5, 11, 12, 5, 5, 5, 5, 5, 5, 0, 5, 5, 5, 5, 5, 5, 5, 5, 5, 5, 5, 0, 5, 5, 5, 5, 11, 5, 5, 5, 5, 5, 5, 5, 11, 5, 4, 11, 5, 5, 5, 5, 11, 5, 5, 5, 5, 4, 5, 5, 14, 5, 11, 4, 5, 5, 5, 5, 5, 5, 4, 5, 5, 11, 5, 5, 0, 5, 5, 5, 5, 5, 4, 4, 5, 5, 5, 5, 9, 2, 2, 2, 2, 2, 2, 2, 2, 2, 2, 2, 2, 2, 5, 11, 1, 11, 1, 1, 1, 1, 1, 6, 14, 5, 11, 4, 5, 6, 15, 6, 14, 15, 1, 6, 5, 6, 6, 0, 0, 6, 0, 10, 10, 11, 12, 12, 12, 10, 12, 5, 12, 12, 12, 12, 12, 12, 1, 5, 4, 11, 4, 12, 12, 11, 11, 11, 11, 11, 12, 12, 11, 8, 4, 4, 4, 11, 6, 6, 6, 6, 12, 12, 12, 12, 12, 12, 12, 12, 11, 11, 11, 0, 12, 12, 12, 11, 12, 12, 12, 12, 12, 11, 10, 8, 12, 12, 12, 1, 8, 10, 10, 11, 7, 11, 6, 12, 11, 12, 12, 12, 4, 10, 16, 17, 18, 2, 6, 5, 12, 14, 12, 12, 12, 12, 12, 12, 12, 12, 11, 11, 12, 12, 5, 13, 4, 8, 8, 8, 10, 10, 7, 10, 8, 10, 10, 7, 10, 12, 12, 8, 8, 12, 12, 12, 10, 10, 10, 7, 12, 8, 8, 10, 8, 10, 10, 12, 12, 12, 12, 12, 12, 12, 12, 12, 12, 12, 12, 12, 6, 12, 12, 7, 12, 12, 12, 11, 8, 11, 12, 12, 12, 12, 11, 11, 10, 10, 10, 10, 11, 12, 4, 8, 8, 8, 10, 10, 8, 11, 10, 11, 10, 10, 10, 8, 11, 7, 8, 11, 8, 8, 8, 10, 10, 10, 8]",0.45631288460514324,19,0.14645669291338584,0.004724409448818898,1.0119038530902111
jfreechart,8,seed8_solution037,0.4261825131390349,1.996497486918163,3.4577692798011825,0.4261825131390349,-1.996497486918163,3.4577692798011825,True,False,,,"[0, 1, 2, 3, 3, 0, 0, 4, 1, 1, 2, 1, 4, 5, 1, 1, 1, 6, 2, 1, 0, 0, 6, 1, 1, 1, 1, 7, 1, 1, 0, 0, 0, 1, 1, 1, 1, 8, 0, 0, 0, 0, 0, 1, 1, 0, 0, 1, 0, 1, 9, 1, 1, 1, 7, 10, 1, 1, 1, 1, 11, 10, 1, 10, 2, 1, 1, 7, 7, 11, 10, 1, 8, 12, 2, 13, 1, 14, 1, 13, 1, 9, 12, 1, 15, 12, 1, 16, 17, 7, 17, 6, 12, 1, 1, 1, 15, 18, 14, 1, 1, 1, 8, 1, 0, 1, 19, 1, 1, 10, 0, 1, 4, 1, 0, 1, 0, 0, 1, 1, 1, 19, 15, 1, 20, 21, 18, 8, 1, 15, 1, 1, 1, 15, 1, 2, 1, 10, 11, 1, 1, 1, 22, 23, 23, 24, 2, 24, 0, 0, 0, 2, 0, 0, 0, 6, 2, 0, 0, 0, 8, 0, 0, 12, 12, 1, 22, 18, 25, 19, 1, 24, 23, 26, 27, 28, 0, 0, 1, 28, 0, 0, 2, 0, 2, 0, 0, 14, 0, 0, 0, 0, 0, 0, 1, 20, 0, 29, 0, 0, 0, 0, 0, 14, 1, 3, 16, 0, 0, 22, 1, 7, 30, 0, 1, 29, 27, 6, 0, 0, 0, 31, 0, 0, 6, 21, 30, 32, 33, 32, 24, 32, 7, 5, 1, 1, 26, 34, 1, 35, 1, 23, 1, 1, 1, 1, 1, 1, 1, 0, 16, 24, 1, 34, 0, 0, 36, 1, 32, 10, 1, 10, 1, 1, 1, 37, 1, 1, 1, 1, 1, 1, 1, 1, 1, 0, 0, 38, 1, 33, 2, 39, 1, 1, 37, 40, 0, 41, 1, 1, 24, 1, 42, 24, 41, 1, 1, 0, 1, 29, 43, 23, 40, 1, 1, 35, 15, 1, 1, 42, 1, 43, 44, 0, 43, 40, 39, 45, 1, 1, 0, 1, 0, 1, 1, 46, 1, 1, 1, 1, 1, 1, 47, 27, 1, 48, 1, 39, 1, 1, 1, 1, 1, 37, 49, 10, 1, 1, 14, 14, 1, 22, 25, 1, 1, 1, 7, 0, 36, 0, 0, 44, 1, 0, 14, 1, 1, 1, 1, 37, 1, 1, 1, 1, 1, 0, 10, 31, 1, 0, 0, 10, 1, 1, 1, 1, 1, 0, 25, 10, 0, 1, 1, 46, 0, 13, 0, 1, 49, 36, 50, 36, 2, 42, 1, 1, 42, 1, 1, 1, 1, 1, 48, 51, 0, 0, 0, 1, 0, 1, 1, 0, 42, 0, 0, 52, 53, 50, 11, 54, 55, 56, 53, 57, 54, 1, 1, 11, 54, 58, 0, 1, 1, 1, 0, 1, 1, 52, 0, 16, 1, 0, 1, 0, 0, 0, 1, 10, 14, 0, 51, 12, 11, 0, 1, 1, 59, 0, 1, 0, 0, 0, 9, 0, 0, 45, 55, 56, 46, 60, 0, 0, 0, 0, 0, 61, 1, 0, 0, 0, 0, 0, 0, 4, 14, 21, 62, 0, 3, 5, 1, 0, 63, 64, 0, 65, 0, 0, 1, 0, 0, 1, 63, 0, 5, 11, 66, 12, 58, 0, 57, 9, 67, 57, 64, 16, 1, 1, 1, 14, 3, 1, 1, 1, 0, 0, 0, 65, 7, 1, 0, 0, 43, 1, 1, 12, 1, 1, 53, 67, 68, 68, 65, 14, 66, 28, 59, 0, 1, 12, 45, 10, 16, 1, 1, 5, 1, 1, 1, 10, 46, 0, 0, 8, 0, 15, 0, 0, 0, 0, 0, 0, 0, 0, 0, 0, 0, 14, 0, 0, 0, 1, 0, 0, 0, 1, 1, 7, 0, 69, 0, 0, 16, 0, 0, 0, 0, 0, 15, 0, 10, 0, 0, 0, 1, 0, 1, 1, 0, 70, 0, 0, 0, 0, 36, 1, 1, 6, 0, 12, 0, 0, 0, 0, 0]",0.07442938133092884,71,0.32440944881889766,0.011023622047244094,3.4577692798011825
jfreechart,8,seed8_solution038,0.43887789229404134,0.9529456224527829,0.8374281357655505,0.43887789229404134,-0.9529456224527829,0.8374281357655505,True,False,,,"[0, 1, 2, 3, 3, 2, 2, 2, 4, 5, 2, 2, 5, 6, 5, 7, 2, 2, 2, 6, 0, 2, 8, 2, 5, 2, 0, 0, 1, 0, 0, 0, 0, 0, 0, 0, 0, 0, 0, 0, 0, 0, 0, 0, 0, 0, 0, 0, 0, 5, 0, 5, 0, 0, 5, 0, 5, 5, 7, 7, 7, 5, 5, 7, 5, 5, 5, 5, 5, 5, 5, 5, 5, 5, 5, 5, 5, 5, 5, 7, 5, 5, 5, 5, 5, 9, 9, 7, 5, 5, 5, 5, 5, 5, 5, 5, 5, 5, 5, 5, 5, 5, 5, 2, 2, 2, 2, 2, 2, 2, 2, 2, 2, 2, 2, 2, 2, 2, 2, 2, 2, 2, 7, 2, 2, 2, 2, 5, 2, 2, 5, 5, 5, 0, 0, 2, 5, 5, 5, 2, 2, 2, 10, 7, 7, 7, 2, 6, 2, 2, 2, 2, 2, 2, 1, 2, 2, 2, 2, 2, 10, 0, 0, 5, 5, 2, 2, 2, 2, 2, 6, 0, 7, 7, 0, 0, 6, 0, 2, 2, 2, 2, 5, 2, 2, 2, 2, 11, 1, 11, 11, 11, 11, 0, 6, 6, 5, 7, 8, 11, 11, 11, 11, 6, 6, 7, 1, 1, 11, 7, 11, 11, 7, 1, 1, 11, 7, 11, 11, 9, 6, 6, 6, 11, 7, 7, 7, 7, 7, 7, 7, 7, 7, 7, 7, 2, 2, 1, 0, 6, 0, 1, 5, 0, 0, 0, 0, 7, 5, 5, 5, 7, 0, 0, 0, 0, 6, 5, 5, 6, 0, 6, 12, 0, 2, 2, 5, 1, 1, 1, 1, 1, 0, 0, 0, 0, 0, 0, 0, 5, 1, 0, 0, 0, 5, 6, 10, 0, 0, 2, 7, 7, 7, 7, 7, 7, 7, 7, 7, 7, 7, 7, 7, 5, 7, 7, 7, 7, 6, 6, 6, 7, 7, 7, 13, 6, 6, 6, 2, 0, 6, 11, 10, 6, 6, 6, 6, 6, 6, 0, 6, 6, 6, 6, 6, 6, 6, 9, 6, 6, 6, 0, 6, 6, 6, 6, 11, 6, 6, 6, 6, 6, 6, 6, 11, 6, 5, 11, 6, 6, 6, 6, 11, 6, 6, 6, 6, 5, 6, 6, 9, 6, 11, 5, 6, 6, 6, 6, 6, 6, 5, 6, 6, 11, 6, 6, 0, 6, 6, 6, 6, 6, 5, 5, 6, 6, 6, 6, 14, 2, 2, 2, 2, 2, 2, 2, 2, 2, 2, 2, 2, 2, 6, 11, 1, 11, 1, 1, 1, 1, 1, 7, 12, 6, 11, 5, 6, 7, 14, 7, 14, 14, 1, 7, 6, 7, 7, 0, 0, 7, 1, 9, 9, 10, 10, 10, 15, 11, 15, 6, 15, 12, 15, 15, 15, 15, 1, 6, 5, 11, 5, 10, 12, 11, 11, 11, 11, 11, 10, 12, 11, 11, 5, 5, 5, 11, 7, 7, 7, 7, 10, 12, 12, 15, 15, 12, 15, 11, 11, 11, 11, 0, 10, 10, 10, 8, 15, 10, 15, 15, 11, 15, 9, 9, 15, 10, 15, 1, 9, 8, 9, 12, 9, 8, 1, 10, 10, 15, 15, 10, 13, 14, 14, 4, 16, 2, 7, 6, 15, 6, 12, 11, 15, 11, 12, 15, 10, 15, 10, 11, 15, 15, 6, 7, 5, 8, 9, 9, 9, 9, 2, 9, 9, 9, 8, 9, 9, 15, 15, 9, 8, 15, 12, 15, 9, 9, 9, 9, 15, 9, 9, 9, 9, 9, 9, 15, 15, 15, 15, 15, 15, 7, 10, 15, 10, 15, 15, 10, 7, 15, 10, 9, 15, 15, 15, 10, 9, 11, 10, 15, 12, 12, 11, 4, 9, 8, 9, 9, 11, 10, 5, 8, 9, 9, 11, 8, 9, 8, 11, 12, 9, 9, 9, 9, 11, 13, 9, 11, 9, 9, 9, 9, 8, 9, 9]",0.42985667634812913,17,0.14330708661417324,0.0015748031496062992,0.8374281357655505
jfreechart,8,seed8_solution039,0.44781926148385776,2.1264449034885597,3.405166520203977,0.44781926148385776,-2.1264449034885597,3.405166520203977,True,False,,,"[0, 1, 2, 3, 3, 0, 0, 4, 1, 1, 2, 1, 4, 5, 1, 1, 1, 6, 2, 1, 0, 0, 4, 1, 1, 1, 6, 7, 1, 1, 0, 0, 0, 1, 1, 1, 1, 8, 0, 0, 0, 0, 0, 1, 1, 0, 0, 1, 0, 1, 9, 1, 1, 1, 1, 8, 1, 1, 1, 1, 9, 10, 1, 11, 2, 1, 1, 12, 7, 12, 10, 1, 13, 13, 2, 14, 1, 14, 13, 14, 1, 15, 13, 1, 16, 17, 1, 17, 18, 7, 18, 6, 13, 1, 1, 9, 15, 16, 14, 1, 1, 1, 8, 1, 0, 2, 19, 1, 1, 10, 0, 1, 1, 1, 0, 1, 0, 0, 1, 1, 1, 19, 15, 1, 20, 20, 21, 13, 1, 15, 1, 1, 1, 16, 1, 2, 1, 10, 12, 1, 1, 1, 19, 22, 22, 23, 2, 24, 0, 0, 0, 2, 0, 0, 0, 6, 2, 0, 0, 0, 6, 0, 0, 17, 13, 1, 25, 21, 24, 19, 1, 23, 26, 26, 27, 28, 0, 0, 1, 11, 0, 0, 2, 0, 2, 0, 0, 14, 0, 0, 0, 0, 0, 0, 1, 29, 0, 30, 0, 0, 0, 0, 0, 10, 1, 3, 15, 0, 0, 31, 1, 7, 32, 0, 1, 31, 27, 6, 0, 0, 0, 11, 0, 33, 6, 20, 28, 34, 30, 35, 23, 34, 7, 4, 1, 24, 26, 11, 1, 36, 1, 3, 1, 1, 1, 1, 1, 1, 1, 0, 16, 23, 1, 37, 0, 0, 38, 1, 11, 10, 1, 10, 1, 1, 1, 33, 1, 1, 1, 1, 1, 1, 1, 1, 1, 0, 0, 36, 1, 30, 2, 39, 1, 4, 40, 41, 0, 37, 1, 1, 24, 1, 42, 23, 24, 1, 1, 0, 1, 28, 24, 22, 41, 0, 1, 36, 15, 1, 1, 43, 1, 44, 45, 0, 34, 41, 46, 47, 1, 1, 0, 1, 0, 1, 1, 42, 1, 1, 1, 1, 1, 1, 48, 49, 1, 43, 1, 46, 1, 1, 1, 1, 1, 40, 50, 10, 1, 1, 33, 14, 1, 25, 15, 1, 1, 1, 7, 0, 41, 0, 0, 46, 1, 0, 10, 1, 1, 1, 1, 40, 1, 1, 1, 1, 1, 0, 10, 31, 1, 0, 0, 10, 1, 1, 1, 1, 1, 0, 20, 10, 0, 1, 1, 42, 0, 17, 0, 1, 44, 41, 45, 41, 2, 38, 1, 1, 51, 1, 1, 1, 1, 1, 43, 47, 0, 0, 0, 1, 0, 1, 1, 0, 38, 0, 0, 52, 50, 53, 12, 54, 55, 56, 57, 58, 59, 1, 1, 46, 60, 61, 0, 1, 1, 1, 0, 1, 1, 53, 0, 16, 1, 0, 1, 0, 0, 12, 1, 10, 13, 0, 47, 17, 12, 0, 1, 1, 55, 0, 1, 0, 0, 0, 9, 0, 0, 33, 62, 63, 42, 64, 0, 0, 0, 0, 0, 65, 1, 66, 0, 0, 0, 0, 0, 13, 14, 20, 62, 0, 3, 5, 1, 0, 58, 67, 0, 68, 0, 9, 1, 0, 0, 1, 58, 0, 5, 46, 61, 17, 51, 0, 69, 9, 66, 69, 67, 70, 1, 1, 1, 10, 3, 1, 1, 1, 0, 0, 0, 69, 7, 1, 0, 0, 71, 1, 1, 13, 1, 1, 50, 59, 63, 72, 59, 14, 63, 49, 72, 0, 1, 13, 40, 10, 16, 1, 1, 5, 1, 1, 1, 10, 42, 0, 0, 8, 0, 16, 0, 0, 0, 0, 0, 0, 0, 0, 17, 0, 0, 14, 0, 12, 0, 4, 0, 0, 0, 1, 1, 5, 0, 65, 0, 0, 16, 0, 0, 0, 0, 0, 7, 0, 10, 0, 0, 0, 1, 0, 1, 1, 0, 52, 0, 0, 0, 0, 38, 1, 1, 6, 0, 10, 0, 0, 0, 0, 0]",0.0726211569266065,73,0.31496062992125984,0.02047244094488189,3.405166520203977
jfreechart,8,seed8_solution040,0.4922189611630605,1.2167953379979426,3.3434261405026895,0.4922189611630605,-1.2167953379979426,3.3434261405026895,True,False,,,"[0, 1, 2, 3, 3, 0, 0, 4, 1, 1, 2, 2, 5, 4, 1, 1, 1, 6, 2, 1, 0, 0, 7, 1, 1, 1, 5, 7, 1, 1, 0, 6, 0, 1, 1, 1, 1, 6, 0, 0, 0, 0, 0, 1, 1, 0, 0, 1, 0, 1, 8, 1, 1, 1, 1, 6, 1, 1, 1, 1, 9, 10, 1, 11, 2, 1, 1, 12, 12, 13, 7, 14, 14, 15, 2, 11, 1, 11, 16, 11, 14, 12, 12, 14, 15, 17, 1, 17, 18, 10, 18, 14, 19, 1, 1, 13, 12, 15, 11, 1, 1, 1, 14, 1, 0, 2, 19, 1, 1, 10, 0, 20, 1, 1, 0, 1, 0, 0, 1, 1, 1, 21, 22, 1, 23, 19, 20, 14, 1, 19, 1, 1, 1, 15, 1, 2, 1, 10, 13, 1, 1, 1, 23, 21, 21, 24, 2, 23, 0, 0, 0, 2, 0, 0, 0, 5, 2, 0, 0, 0, 14, 0, 0, 15, 16, 1, 23, 20, 25, 18, 1, 24, 26, 25, 27, 27, 0, 0, 28, 8, 2, 0, 2, 0, 2, 0, 0, 11, 0, 0, 0, 0, 0, 0, 1, 11, 0, 29, 0, 0, 30, 0, 0, 11, 1, 3, 25, 0, 0, 27, 1, 7, 28, 0, 1, 31, 26, 9, 0, 0, 0, 8, 0, 9, 5, 27, 32, 33, 34, 35, 5, 33, 10, 5, 1, 5, 25, 8, 1, 36, 1, 3, 1, 1, 1, 1, 1, 1, 1, 0, 12, 5, 1, 37, 0, 0, 38, 1, 8, 11, 1, 10, 1, 1, 1, 34, 1, 1, 1, 1, 1, 1, 1, 1, 1, 0, 0, 36, 1, 29, 2, 35, 1, 14, 39, 40, 0, 37, 1, 1, 23, 1, 38, 22, 23, 1, 1, 0, 1, 32, 5, 41, 39, 0, 1, 42, 12, 1, 1, 43, 1, 39, 44, 0, 45, 40, 11, 46, 1, 1, 0, 1, 0, 1, 1, 47, 1, 1, 1, 1, 11, 1, 42, 43, 1, 48, 1, 11, 1, 1, 1, 1, 17, 45, 46, 10, 1, 1, 34, 11, 1, 49, 12, 1, 1, 1, 10, 0, 50, 0, 0, 47, 1, 0, 11, 1, 1, 1, 1, 47, 1, 1, 1, 1, 1, 0, 10, 4, 1, 0, 0, 11, 1, 1, 1, 1, 1, 0, 19, 11, 0, 1, 1, 51, 0, 17, 0, 1, 39, 40, 44, 43, 2, 52, 1, 1, 45, 1, 1, 1, 1, 1, 53, 54, 0, 0, 0, 1, 0, 1, 1, 0, 55, 0, 0, 46, 48, 47, 16, 53, 53, 56, 0, 57, 58, 1, 1, 16, 59, 60, 0, 1, 1, 12, 0, 1, 1, 47, 0, 15, 1, 0, 1, 0, 0, 12, 1, 11, 16, 0, 41, 12, 13, 0, 1, 1, 50, 0, 1, 0, 9, 0, 8, 0, 0, 61, 62, 57, 38, 58, 0, 0, 0, 0, 0, 60, 12, 12, 0, 0, 0, 0, 0, 7, 11, 25, 63, 0, 3, 4, 1, 0, 64, 63, 0, 62, 0, 9, 11, 0, 0, 1, 64, 0, 4, 54, 65, 12, 66, 0, 67, 9, 68, 59, 63, 69, 1, 1, 1, 10, 3, 1, 1, 1, 0, 0, 0, 67, 9, 1, 0, 0, 70, 5, 1, 16, 1, 1, 71, 52, 72, 73, 74, 11, 75, 31, 73, 0, 1, 15, 76, 10, 15, 1, 1, 4, 1, 1, 1, 10, 15, 15, 25, 13, 0, 15, 0, 0, 0, 0, 0, 0, 0, 0, 17, 0, 0, 11, 0, 12, 0, 14, 0, 0, 0, 1, 1, 9, 0, 67, 0, 0, 15, 0, 0, 0, 0, 0, 10, 0, 13, 0, 0, 0, 1, 0, 1, 1, 0, 46, 0, 0, 0, 0, 39, 1, 1, 5, 0, 10, 0, 0, 0, 0, 0]",0.08036151651017134,77,0.29606299212598425,0.025196850393700787,3.3434261405026895
jfreechart,8,seed8_solution041,0.5012627124428367,1.8005175264010518,3.387198037644255,0.5012627124428367,-1.8005175264010518,3.387198037644255,True,False,,,"[0, 1, 2, 3, 4, 0, 0, 5, 1, 1, 2, 2, 6, 7, 1, 1, 1, 8, 2, 1, 0, 0, 7, 1, 1, 1, 9, 10, 1, 1, 0, 8, 0, 1, 1, 1, 1, 4, 0, 0, 0, 0, 0, 1, 1, 0, 0, 1, 0, 1, 11, 10, 1, 1, 1, 12, 1, 1, 1, 1, 13, 14, 1, 14, 2, 1, 1, 15, 15, 15, 7, 4, 16, 17, 2, 18, 1, 4, 4, 18, 4, 11, 15, 4, 19, 17, 1, 19, 20, 10, 20, 4, 21, 1, 1, 12, 4, 19, 4, 1, 1, 1, 4, 1, 0, 2, 21, 1, 1, 17, 0, 22, 1, 1, 0, 1, 0, 0, 1, 1, 1, 23, 24, 1, 25, 25, 26, 4, 1, 21, 1, 1, 1, 27, 1, 2, 1, 24, 15, 1, 1, 1, 25, 28, 29, 30, 2, 6, 0, 0, 0, 2, 0, 0, 0, 8, 2, 0, 0, 0, 4, 0, 0, 17, 17, 1, 25, 19, 27, 2, 1, 30, 28, 31, 32, 32, 0, 0, 33, 31, 2, 0, 2, 0, 2, 0, 0, 0, 0, 0, 0, 0, 0, 0, 1, 14, 0, 34, 0, 0, 19, 0, 0, 14, 1, 3, 27, 0, 0, 32, 1, 9, 35, 0, 1, 36, 37, 9, 0, 0, 27, 38, 0, 9, 4, 32, 32, 39, 34, 40, 6, 34, 10, 6, 1, 6, 38, 36, 1, 41, 1, 3, 1, 1, 1, 1, 1, 1, 1, 0, 15, 6, 1, 42, 0, 0, 43, 1, 37, 14, 1, 14, 1, 1, 1, 39, 1, 1, 1, 1, 1, 1, 1, 1, 1, 0, 0, 41, 1, 35, 2, 44, 1, 7, 45, 42, 0, 46, 1, 1, 6, 44, 47, 6, 32, 1, 1, 0, 1, 45, 6, 48, 45, 0, 1, 49, 1, 1, 1, 50, 1, 47, 51, 0, 52, 53, 14, 53, 1, 1, 0, 1, 0, 1, 1, 54, 1, 1, 1, 1, 14, 1, 48, 55, 1, 51, 1, 14, 1, 1, 1, 1, 18, 52, 53, 14, 1, 1, 26, 14, 1, 1, 27, 1, 1, 1, 10, 0, 56, 0, 0, 54, 1, 0, 14, 1, 1, 1, 10, 54, 1, 1, 19, 1, 1, 0, 14, 5, 1, 0, 0, 14, 1, 1, 1, 1, 1, 0, 57, 14, 28, 1, 1, 58, 0, 18, 0, 12, 48, 16, 16, 50, 2, 59, 1, 1, 60, 1, 1, 1, 2, 1, 55, 47, 0, 0, 0, 1, 0, 1, 1, 0, 16, 0, 0, 52, 61, 50, 13, 60, 55, 62, 0, 63, 64, 1, 1, 13, 50, 65, 0, 1, 1, 15, 0, 1, 1, 66, 0, 27, 1, 0, 1, 0, 0, 15, 1, 14, 4, 0, 60, 15, 0, 0, 1, 1, 67, 0, 1, 0, 9, 0, 11, 0, 0, 62, 68, 68, 58, 68, 0, 0, 0, 0, 0, 69, 15, 15, 0, 0, 0, 0, 0, 7, 0, 27, 67, 0, 3, 8, 1, 15, 70, 68, 0, 71, 0, 12, 14, 0, 0, 1, 72, 0, 6, 13, 73, 15, 70, 0, 61, 13, 74, 60, 38, 75, 1, 1, 1, 14, 3, 1, 1, 1, 15, 0, 0, 16, 9, 1, 0, 0, 37, 6, 1, 17, 1, 1, 61, 76, 77, 76, 78, 4, 79, 36, 76, 0, 1, 17, 79, 17, 15, 1, 1, 8, 1, 1, 1, 17, 17, 17, 27, 12, 0, 27, 0, 0, 0, 0, 0, 0, 0, 0, 17, 0, 0, 7, 0, 15, 0, 7, 0, 0, 0, 1, 1, 9, 0, 69, 0, 0, 19, 0, 0, 0, 0, 0, 10, 0, 12, 0, 0, 31, 1, 0, 1, 1, 0, 80, 0, 0, 0, 0, 45, 81, 1, 9, 0, 17, 0, 0, 0, 0, 0]",0.08197030396683898,82,0.28818897637795277,0.03779527559055118,3.387198037644255
jfreechart,8,seed8_solution042,0.5150160398607604,1.8064723040142385,3.3481281606181614,0.5150160398607604,-1.8064723040142385,3.3481281606181614,True,False,,,"[0, 1, 2, 3, 4, 0, 0, 5, 1, 1, 2, 2, 6, 5, 1, 1, 1, 7, 2, 1, 0, 0, 5, 1, 1, 1, 8, 9, 1, 1, 0, 7, 0, 1, 1, 1, 1, 4, 0, 0, 0, 0, 0, 1, 1, 0, 0, 1, 0, 1, 10, 9, 1, 1, 1, 11, 1, 1, 1, 1, 12, 13, 1, 13, 2, 1, 1, 14, 14, 14, 5, 4, 4, 15, 2, 16, 1, 4, 4, 16, 4, 10, 14, 4, 17, 15, 1, 17, 18, 9, 18, 4, 19, 1, 1, 11, 4, 17, 4, 1, 1, 1, 4, 1, 0, 2, 19, 1, 1, 15, 0, 20, 1, 1, 0, 1, 0, 0, 1, 1, 1, 21, 22, 1, 23, 23, 24, 4, 1, 19, 1, 1, 1, 25, 1, 2, 1, 22, 14, 1, 1, 1, 23, 26, 27, 28, 2, 6, 0, 0, 0, 2, 0, 0, 0, 7, 2, 0, 0, 0, 4, 0, 0, 15, 15, 1, 23, 17, 25, 2, 1, 28, 26, 29, 30, 30, 0, 0, 31, 29, 2, 0, 2, 32, 2, 0, 0, 0, 0, 0, 0, 0, 0, 0, 1, 13, 0, 33, 0, 0, 17, 0, 14, 13, 1, 3, 25, 0, 0, 30, 1, 8, 34, 0, 1, 35, 36, 8, 0, 0, 0, 37, 0, 8, 4, 30, 30, 38, 33, 39, 6, 33, 9, 6, 1, 6, 37, 35, 1, 40, 1, 3, 1, 1, 1, 1, 1, 1, 1, 0, 14, 6, 37, 41, 0, 0, 42, 1, 36, 13, 1, 13, 1, 1, 1, 38, 1, 1, 1, 1, 1, 1, 1, 1, 1, 0, 0, 40, 39, 34, 2, 39, 1, 5, 43, 41, 0, 44, 1, 1, 6, 45, 46, 6, 6, 1, 1, 0, 1, 43, 6, 47, 43, 0, 1, 48, 1, 1, 1, 49, 1, 50, 51, 0, 52, 53, 13, 53, 1, 1, 0, 1, 0, 1, 1, 54, 1, 1, 1, 1, 13, 1, 47, 55, 1, 51, 1, 13, 1, 1, 1, 1, 16, 52, 53, 13, 1, 1, 24, 13, 1, 1, 25, 1, 1, 1, 9, 0, 56, 0, 0, 54, 1, 0, 13, 1, 1, 1, 9, 54, 1, 1, 17, 1, 1, 0, 13, 57, 1, 0, 0, 13, 1, 1, 17, 1, 1, 0, 58, 13, 26, 1, 1, 59, 0, 16, 0, 50, 47, 60, 60, 49, 2, 61, 1, 1, 62, 1, 1, 1, 2, 1, 55, 46, 0, 0, 0, 1, 0, 1, 1, 0, 38, 0, 0, 52, 63, 49, 12, 62, 55, 50, 0, 64, 65, 1, 1, 12, 49, 66, 0, 1, 1, 14, 0, 1, 1, 67, 0, 25, 1, 0, 1, 0, 0, 14, 1, 13, 4, 0, 62, 14, 0, 0, 1, 1, 68, 0, 1, 0, 8, 0, 10, 0, 0, 50, 69, 69, 59, 69, 0, 0, 0, 0, 0, 70, 14, 14, 0, 0, 0, 0, 0, 5, 0, 25, 68, 0, 3, 7, 1, 14, 71, 69, 0, 72, 0, 11, 1, 0, 0, 1, 73, 0, 6, 12, 74, 14, 71, 0, 63, 12, 75, 62, 37, 76, 1, 1, 1, 13, 3, 1, 1, 1, 14, 0, 0, 60, 8, 1, 0, 0, 36, 6, 1, 15, 1, 1, 63, 77, 32, 77, 78, 4, 79, 35, 77, 0, 1, 15, 79, 15, 14, 1, 1, 7, 1, 1, 1, 15, 15, 15, 25, 11, 0, 25, 0, 0, 0, 0, 0, 0, 0, 0, 15, 0, 0, 5, 0, 14, 0, 5, 0, 0, 0, 1, 1, 8, 0, 70, 0, 0, 17, 0, 0, 0, 0, 0, 9, 0, 11, 0, 0, 29, 1, 0, 1, 1, 0, 80, 0, 0, 0, 0, 43, 81, 1, 8, 0, 15, 0, 0, 5, 0, 0]",0.07543864726296799,82,0.28503937007874014,0.03779527559055118,3.3481281606181614
jfreechart,8,seed8_solution043,0.5187359224626306,4.048319073672867,0.9353402748320311,0.5187359224626306,-4.048319073672867,0.9353402748320311,True,False,,,"[0, 1, 2, 3, 3, 2, 2, 2, 2, 1, 2, 2, 4, 5, 4, 6, 2, 2, 2, 5, 0, 2, 7, 2, 1, 2, 0, 0, 1, 0, 0, 0, 8, 0, 0, 4, 0, 0, 0, 0, 0, 0, 0, 0, 0, 0, 0, 0, 0, 4, 0, 4, 0, 0, 4, 0, 4, 4, 6, 6, 6, 4, 4, 5, 4, 4, 4, 4, 4, 4, 4, 4, 4, 4, 4, 6, 4, 4, 4, 6, 4, 4, 4, 4, 4, 8, 8, 6, 4, 4, 4, 4, 4, 4, 4, 4, 4, 4, 4, 4, 4, 5, 4, 2, 2, 2, 2, 2, 2, 2, 2, 2, 2, 2, 2, 2, 2, 2, 2, 2, 2, 2, 9, 2, 2, 2, 2, 4, 2, 2, 4, 4, 4, 0, 0, 2, 4, 4, 4, 2, 2, 2, 2, 6, 6, 6, 2, 5, 2, 2, 2, 2, 2, 2, 1, 2, 2, 2, 2, 2, 1, 0, 0, 4, 4, 2, 2, 2, 6, 2, 5, 5, 6, 6, 0, 0, 5, 0, 2, 2, 2, 2, 2, 2, 2, 2, 2, 9, 1, 10, 9, 1, 9, 0, 5, 1, 4, 6, 9, 10, 9, 9, 9, 5, 5, 6, 1, 1, 9, 6, 10, 10, 6, 1, 1, 10, 6, 9, 9, 11, 5, 5, 5, 10, 6, 6, 6, 6, 6, 6, 6, 6, 6, 6, 6, 6, 2, 6, 4, 5, 0, 1, 4, 0, 0, 0, 0, 5, 6, 4, 4, 6, 0, 0, 0, 0, 5, 4, 4, 5, 0, 5, 0, 0, 2, 2, 1, 1, 1, 1, 1, 1, 0, 0, 0, 0, 0, 0, 0, 4, 1, 0, 0, 0, 4, 5, 12, 0, 0, 2, 6, 6, 6, 9, 6, 6, 6, 6, 6, 6, 6, 6, 6, 6, 6, 6, 6, 6, 13, 5, 13, 6, 6, 9, 14, 4, 5, 5, 2, 0, 5, 9, 14, 5, 5, 5, 5, 5, 4, 5, 5, 5, 5, 5, 5, 5, 5, 5, 5, 5, 5, 0, 5, 5, 5, 5, 10, 5, 5, 5, 5, 5, 5, 5, 8, 5, 4, 9, 5, 5, 5, 5, 9, 5, 5, 5, 5, 4, 5, 5, 5, 5, 10, 4, 5, 5, 5, 5, 5, 5, 4, 5, 5, 9, 5, 5, 0, 5, 4, 5, 5, 5, 4, 6, 5, 5, 5, 5, 9, 2, 2, 2, 2, 2, 2, 2, 2, 12, 2, 2, 2, 2, 5, 10, 1, 10, 1, 1, 1, 7, 6, 5, 12, 5, 10, 4, 5, 5, 15, 6, 15, 16, 1, 6, 5, 6, 6, 0, 0, 9, 0, 8, 11, 10, 14, 14, 10, 9, 12, 5, 10, 10, 14, 10, 10, 10, 6, 5, 4, 10, 4, 10, 10, 9, 9, 9, 9, 9, 10, 14, 10, 7, 4, 4, 4, 9, 6, 6, 6, 6, 14, 14, 14, 10, 14, 14, 15, 10, 9, 10, 9, 0, 12, 14, 14, 10, 10, 14, 10, 10, 14, 14, 11, 11, 14, 10, 10, 1, 8, 11, 11, 9, 11, 9, 6, 12, 9, 14, 14, 10, 4, 11, 17, 8, 18, 18, 6, 5, 10, 5, 14, 14, 14, 10, 14, 14, 14, 12, 9, 9, 10, 14, 5, 6, 4, 8, 8, 11, 8, 8, 15, 8, 11, 11, 11, 8, 8, 10, 14, 10, 8, 14, 12, 10, 11, 11, 7, 11, 14, 11, 11, 9, 11, 15, 11, 10, 14, 10, 10, 10, 14, 14, 10, 14, 10, 10, 10, 14, 6, 14, 10, 11, 10, 10, 10, 9, 11, 10, 10, 12, 10, 14, 10, 10, 8, 8, 11, 11, 10, 14, 4, 11, 11, 14, 14, 11, 8, 9, 9, 9, 11, 11, 8, 8, 9, 11, 8, 1, 11, 11, 9, 11, 11, 11, 8]",0.3594875171813766,19,0.14803149606299212,0.0031496062992125984,0.9353402748320311
jfreechart,8,seed8_solution044,0.535594839942666,1.0254075250796328,0.9187704437335023,0.535594839942666,-1.0254075250796328,0.9187704437335023,True,False,,,"[0, 1, 2, 3, 3, 2, 2, 2, 2, 1, 2, 2, 4, 5, 4, 6, 2, 2, 2, 5, 0, 2, 4, 2, 1, 2, 2, 0, 1, 0, 0, 0, 0, 0, 0, 0, 0, 0, 0, 0, 0, 0, 0, 0, 0, 0, 0, 0, 0, 4, 0, 4, 0, 0, 4, 0, 4, 4, 6, 6, 6, 4, 4, 5, 4, 4, 4, 4, 4, 4, 4, 4, 4, 4, 4, 5, 4, 4, 4, 6, 1, 4, 6, 4, 4, 7, 8, 8, 4, 4, 4, 4, 4, 4, 4, 4, 4, 4, 4, 4, 4, 4, 4, 2, 2, 2, 2, 2, 2, 2, 2, 2, 2, 2, 2, 2, 2, 2, 2, 2, 2, 2, 6, 2, 2, 2, 2, 4, 3, 2, 4, 4, 4, 0, 0, 2, 4, 4, 4, 2, 2, 2, 9, 6, 6, 6, 2, 5, 2, 2, 2, 2, 2, 2, 1, 2, 2, 2, 2, 2, 7, 0, 0, 4, 4, 2, 2, 2, 2, 2, 5, 5, 8, 6, 0, 0, 5, 0, 2, 2, 2, 2, 2, 2, 2, 2, 2, 7, 1, 7, 10, 7, 10, 0, 5, 5, 4, 6, 7, 10, 10, 7, 11, 5, 5, 6, 1, 1, 7, 6, 7, 7, 0, 1, 1, 7, 6, 10, 0, 9, 5, 5, 5, 10, 7, 6, 6, 6, 6, 5, 6, 6, 7, 6, 6, 6, 2, 1, 0, 8, 0, 1, 4, 0, 6, 0, 0, 6, 4, 4, 4, 6, 0, 0, 0, 0, 5, 4, 4, 5, 0, 5, 0, 0, 2, 2, 1, 1, 1, 1, 1, 1, 0, 0, 0, 0, 0, 0, 0, 4, 1, 0, 0, 0, 4, 5, 8, 0, 0, 2, 6, 6, 6, 6, 6, 6, 6, 6, 6, 6, 6, 6, 6, 0, 6, 6, 6, 6, 12, 5, 12, 6, 6, 6, 11, 8, 5, 5, 2, 0, 5, 7, 8, 5, 5, 5, 5, 5, 5, 0, 5, 5, 5, 5, 5, 5, 5, 8, 5, 5, 5, 0, 5, 5, 5, 5, 7, 5, 5, 5, 5, 5, 5, 1, 13, 5, 4, 7, 5, 5, 5, 5, 10, 5, 5, 5, 5, 4, 5, 8, 5, 5, 7, 4, 5, 5, 5, 5, 5, 5, 4, 8, 5, 7, 5, 5, 0, 5, 5, 5, 5, 5, 4, 6, 5, 5, 5, 5, 12, 2, 2, 2, 2, 2, 2, 2, 2, 2, 2, 2, 2, 2, 5, 7, 1, 7, 1, 1, 1, 1, 1, 6, 13, 5, 7, 4, 5, 6, 12, 6, 14, 14, 1, 6, 5, 15, 6, 0, 0, 6, 0, 9, 9, 7, 7, 8, 8, 7, 11, 5, 10, 15, 7, 8, 7, 8, 1, 5, 4, 7, 4, 8, 8, 9, 7, 7, 7, 7, 8, 8, 7, 8, 4, 4, 4, 11, 4, 6, 6, 6, 8, 7, 13, 13, 8, 13, 8, 8, 10, 10, 7, 0, 8, 7, 11, 10, 7, 8, 8, 3, 8, 8, 8, 9, 10, 8, 15, 13, 14, 13, 9, 13, 9, 7, 6, 8, 11, 10, 11, 7, 16, 17, 13, 18, 1, 2, 6, 5, 7, 5, 7, 10, 11, 7, 9, 7, 8, 13, 1, 1, 8, 8, 5, 6, 4, 13, 9, 9, 9, 9, 2, 9, 9, 9, 9, 9, 16, 7, 7, 8, 8, 11, 8, 8, 9, 9, 8, 16, 7, 9, 9, 13, 9, 9, 8, 7, 11, 8, 8, 9, 11, 8, 7, 15, 9, 13, 8, 7, 6, 8, 8, 9, 11, 14, 1, 10, 16, 7, 8, 10, 11, 11, 9, 7, 9, 9, 9, 9, 10, 7, 4, 9, 9, 9, 11, 7, 13, 9, 10, 7, 9, 9, 9, 9, 7, 9, 8, 10, 13, 13, 9, 7, 9, 8, 9]",0.3528549598565914,19,0.14015748031496064,0.0031496062992125984,0.9187704437335023
jfreechart,8,seed8_solution045,0.5403385434441335,1.9080607021209985,0.8369437979636637,0.5403385434441335,-1.9080607021209985,0.8369437979636637,True,False,,,"[0, 1, 2, 3, 3, 2, 2, 2, 2, 1, 2, 2, 4, 5, 4, 6, 2, 2, 2, 5, 0, 2, 7, 2, 1, 2, 0, 0, 1, 0, 0, 0, 8, 0, 0, 0, 0, 0, 0, 0, 0, 0, 0, 0, 0, 0, 0, 0, 0, 4, 0, 4, 0, 0, 4, 0, 4, 4, 6, 6, 6, 4, 4, 5, 4, 4, 4, 4, 4, 4, 4, 4, 4, 4, 4, 6, 4, 4, 4, 6, 4, 4, 4, 4, 4, 8, 8, 8, 4, 4, 4, 4, 4, 4, 4, 4, 4, 4, 4, 4, 4, 4, 4, 2, 2, 2, 2, 2, 2, 2, 2, 2, 2, 2, 2, 2, 2, 2, 2, 2, 2, 2, 9, 2, 2, 2, 2, 4, 2, 2, 4, 4, 4, 0, 0, 2, 4, 4, 4, 2, 2, 2, 2, 6, 6, 6, 2, 5, 2, 2, 2, 2, 2, 2, 1, 2, 2, 2, 2, 2, 1, 0, 0, 4, 4, 2, 2, 2, 6, 2, 5, 5, 6, 6, 0, 0, 5, 0, 2, 2, 2, 2, 2, 2, 2, 2, 2, 9, 1, 10, 9, 7, 10, 0, 5, 5, 4, 6, 9, 10, 9, 9, 11, 5, 5, 6, 1, 1, 9, 6, 10, 10, 0, 1, 1, 7, 6, 10, 9, 11, 5, 5, 5, 10, 6, 6, 6, 12, 6, 6, 6, 6, 6, 6, 6, 6, 2, 1, 0, 5, 0, 1, 4, 0, 6, 0, 0, 5, 6, 4, 4, 6, 0, 0, 0, 0, 5, 4, 4, 5, 0, 5, 0, 0, 2, 2, 1, 1, 1, 1, 1, 1, 0, 0, 0, 0, 0, 0, 0, 4, 1, 0, 0, 0, 4, 5, 12, 0, 0, 2, 6, 6, 6, 6, 6, 6, 6, 6, 6, 6, 6, 6, 6, 6, 6, 6, 6, 6, 13, 5, 13, 6, 6, 9, 14, 8, 5, 5, 2, 0, 5, 9, 14, 5, 5, 5, 5, 5, 5, 5, 5, 5, 5, 5, 5, 5, 5, 8, 5, 5, 5, 0, 5, 5, 5, 5, 10, 5, 5, 5, 5, 5, 5, 1, 8, 5, 4, 9, 5, 5, 5, 5, 10, 5, 5, 5, 5, 4, 5, 8, 5, 5, 7, 4, 5, 5, 5, 5, 5, 5, 4, 8, 5, 9, 5, 5, 0, 5, 5, 5, 5, 5, 4, 6, 5, 5, 5, 5, 9, 2, 2, 2, 2, 2, 2, 2, 2, 2, 2, 2, 2, 2, 5, 10, 1, 7, 1, 1, 1, 1, 6, 5, 13, 5, 10, 4, 5, 6, 15, 6, 16, 14, 1, 6, 5, 15, 6, 0, 0, 9, 0, 8, 9, 10, 14, 14, 10, 7, 12, 5, 10, 10, 14, 10, 7, 8, 1, 5, 4, 7, 4, 10, 8, 9, 9, 9, 9, 9, 10, 14, 7, 7, 4, 4, 14, 11, 6, 6, 6, 6, 14, 14, 14, 16, 14, 14, 8, 8, 9, 10, 7, 0, 8, 14, 11, 10, 10, 14, 10, 10, 14, 14, 11, 11, 14, 10, 10, 1, 8, 11, 11, 9, 11, 9, 6, 8, 9, 10, 14, 10, 12, 11, 16, 17, 1, 17, 6, 5, 10, 5, 14, 14, 14, 10, 14, 14, 14, 12, 1, 9, 10, 14, 5, 6, 4, 8, 8, 11, 8, 9, 2, 8, 11, 11, 11, 8, 8, 10, 14, 10, 8, 14, 8, 10, 9, 11, 7, 11, 14, 11, 11, 9, 11, 16, 8, 10, 11, 10, 10, 10, 14, 14, 7, 14, 10, 16, 10, 14, 6, 14, 8, 11, 11, 10, 10, 9, 11, 7, 10, 10, 10, 11, 10, 10, 8, 8, 11, 11, 10, 7, 4, 11, 11, 14, 14, 11, 8, 9, 9, 9, 9, 11, 8, 8, 9, 9, 8, 1, 11, 11, 9, 7, 9, 8, 8]",0.3479659862020025,18,0.14330708661417324,0.0,0.8369437979636637
jfreechart,8,seed8_solution046,0.5474370350146748,0.5368616990954523,0.7290743330407169,0.5474370350146748,-0.5368616990954523,0.7290743330407169,True,False,,,"[0, 1, 2, 3, 3, 2, 2, 3, 2, 1, 2, 2, 4, 5, 4, 6, 2, 2, 2, 5, 0, 2, 7, 2, 1, 2, 2, 2, 1, 1, 0, 0, 0, 0, 0, 0, 0, 0, 0, 0, 0, 7, 0, 0, 0, 0, 0, 0, 7, 4, 0, 4, 0, 0, 4, 0, 4, 4, 6, 6, 6, 4, 4, 8, 4, 4, 4, 4, 4, 4, 4, 4, 4, 4, 4, 9, 4, 4, 4, 10, 4, 4, 9, 4, 4, 10, 10, 6, 4, 6, 4, 4, 4, 4, 4, 4, 4, 4, 4, 4, 4, 4, 9, 2, 2, 2, 2, 2, 2, 2, 2, 2, 2, 2, 3, 2, 2, 2, 2, 2, 4, 2, 6, 2, 2, 2, 3, 4, 2, 2, 7, 4, 4, 0, 0, 2, 1, 4, 4, 2, 3, 2, 10, 6, 6, 5, 2, 5, 2, 2, 2, 2, 2, 2, 1, 2, 9, 2, 2, 2, 8, 0, 7, 4, 4, 2, 2, 2, 3, 2, 5, 5, 6, 6, 0, 0, 5, 0, 2, 10, 2, 2, 2, 5, 2, 2, 2, 11, 1, 11, 11, 1, 11, 0, 5, 1, 4, 6, 11, 11, 11, 10, 11, 5, 4, 6, 1, 1, 11, 6, 10, 10, 10, 1, 1, 4, 6, 9, 7, 10, 5, 5, 5, 11, 2, 6, 6, 5, 6, 6, 6, 6, 6, 6, 6, 6, 2, 1, 0, 5, 7, 1, 9, 7, 6, 0, 0, 6, 4, 4, 4, 6, 0, 0, 0, 0, 5, 4, 4, 5, 0, 5, 0, 0, 2, 3, 1, 1, 1, 1, 1, 1, 0, 0, 7, 0, 0, 0, 0, 4, 1, 0, 2, 0, 9, 5, 12, 0, 7, 2, 6, 6, 6, 6, 6, 6, 6, 6, 6, 6, 3, 6, 6, 6, 6, 6, 6, 6, 5, 11, 5, 6, 6, 6, 12, 5, 4, 5, 2, 0, 5, 11, 13, 5, 5, 5, 5, 5, 4, 0, 5, 5, 5, 5, 5, 7, 6, 5, 5, 5, 5, 0, 5, 5, 5, 5, 11, 5, 5, 5, 5, 5, 5, 5, 11, 5, 4, 11, 5, 5, 5, 5, 8, 5, 5, 5, 5, 4, 5, 5, 5, 5, 8, 9, 5, 5, 7, 5, 5, 5, 4, 5, 5, 11, 5, 5, 0, 5, 5, 5, 5, 5, 4, 4, 5, 4, 5, 8, 14, 2, 2, 2, 2, 2, 2, 2, 2, 2, 2, 2, 2, 2, 5, 11, 1, 10, 1, 1, 1, 1, 6, 6, 15, 5, 11, 4, 5, 6, 14, 6, 14, 7, 1, 13, 5, 6, 6, 7, 0, 6, 1, 10, 9, 11, 7, 13, 12, 10, 13, 5, 12, 11, 11, 13, 13, 14, 1, 5, 4, 11, 4, 13, 13, 11, 8, 9, 11, 8, 13, 7, 13, 10, 6, 4, 3, 11, 4, 6, 6, 6, 13, 1, 13, 2, 13, 13, 13, 14, 9, 11, 11, 7, 7, 6, 13, 11, 7, 7, 12, 13, 13, 11, 12, 0, 3, 14, 13, 1, 9, 12, 10, 13, 10, 11, 10, 14, 11, 13, 13, 14, 4, 10, 11, 16, 15, 4, 6, 5, 13, 15, 13, 14, 13, 13, 7, 5, 14, 0, 8, 9, 13, 13, 10, 12, 4, 9, 9, 5, 10, 10, 7, 10, 10, 10, 10, 10, 10, 7, 8, 9, 9, 9, 11, 13, 10, 10, 10, 0, 13, 12, 2, 10, 9, 10, 10, 11, 7, 13, 13, 13, 2, 13, 13, 13, 13, 7, 14, 8, 2, 7, 7, 9, 13, 13, 13, 11, 5, 8, 13, 13, 3, 13, 8, 11, 10, 9, 13, 10, 11, 13, 4, 9, 9, 9, 8, 3, 9, 11, 8, 11, 3, 10, 9, 9, 11, 9, 9, 11, 9, 9, 13, 2, 9, 10, 5]",0.3389592838776112,17,0.14015748031496064,0.0015748031496062992,0.7290743330407169
jfreechart,8,seed8_solution047,0.5792437376288307,0.5822546055571002,0.8071307842724162,0.5792437376288307,-0.5822546055571002,0.8071307842724162,True,False,,,"[0, 1, 2, 3, 3, 2, 2, 2, 2, 1, 2, 2, 4, 5, 4, 6, 2, 2, 2, 5, 0, 2, 4, 2, 1, 2, 0, 0, 1, 0, 0, 0, 0, 0, 0, 4, 0, 0, 0, 0, 0, 0, 0, 0, 0, 0, 0, 0, 0, 4, 0, 4, 0, 0, 4, 0, 4, 4, 6, 6, 6, 4, 4, 5, 4, 4, 4, 4, 4, 4, 4, 4, 4, 4, 4, 6, 4, 4, 4, 6, 1, 4, 7, 4, 4, 8, 6, 9, 4, 4, 4, 4, 4, 4, 4, 4, 4, 4, 4, 0, 4, 5, 4, 2, 2, 2, 2, 2, 2, 2, 2, 2, 2, 2, 2, 2, 2, 2, 2, 2, 2, 2, 6, 2, 2, 2, 2, 4, 3, 2, 4, 4, 4, 0, 0, 2, 4, 4, 4, 2, 2, 2, 9, 6, 6, 6, 2, 5, 2, 2, 2, 2, 2, 2, 1, 2, 2, 2, 2, 2, 10, 0, 0, 4, 4, 2, 2, 2, 6, 2, 5, 5, 9, 6, 0, 0, 5, 0, 2, 2, 2, 2, 2, 2, 2, 2, 2, 1, 1, 11, 10, 1, 11, 0, 5, 5, 4, 6, 10, 11, 10, 10, 10, 5, 5, 6, 1, 1, 10, 6, 11, 11, 6, 1, 1, 11, 6, 10, 0, 9, 5, 3, 5, 11, 6, 6, 6, 6, 6, 5, 6, 6, 6, 6, 6, 6, 2, 1, 4, 5, 0, 1, 4, 0, 6, 0, 0, 6, 4, 4, 4, 6, 0, 0, 0, 0, 5, 4, 4, 5, 0, 1, 0, 0, 2, 2, 1, 1, 1, 1, 1, 1, 0, 0, 0, 0, 0, 0, 0, 4, 1, 0, 0, 0, 4, 5, 7, 1, 0, 2, 6, 6, 10, 10, 6, 6, 6, 6, 6, 6, 6, 6, 6, 4, 6, 6, 6, 6, 7, 5, 7, 6, 12, 10, 10, 4, 5, 5, 2, 0, 5, 11, 13, 5, 5, 5, 5, 5, 5, 0, 5, 5, 5, 5, 5, 5, 5, 5, 5, 5, 5, 0, 5, 5, 5, 5, 11, 5, 5, 5, 5, 5, 5, 1, 10, 5, 4, 10, 5, 5, 5, 5, 10, 5, 10, 5, 5, 4, 5, 9, 5, 5, 11, 4, 5, 5, 5, 5, 3, 5, 0, 5, 5, 10, 5, 5, 0, 5, 4, 1, 5, 5, 4, 6, 5, 5, 5, 5, 7, 2, 2, 2, 2, 2, 2, 2, 2, 2, 2, 2, 2, 2, 5, 11, 1, 11, 1, 1, 1, 8, 1, 6, 7, 5, 11, 4, 5, 5, 13, 6, 14, 15, 1, 6, 5, 6, 6, 0, 0, 10, 0, 9, 8, 10, 13, 14, 16, 11, 16, 5, 13, 14, 10, 11, 11, 11, 6, 5, 4, 11, 4, 10, 11, 10, 16, 10, 11, 10, 11, 13, 11, 8, 4, 4, 0, 11, 4, 6, 6, 6, 16, 14, 13, 11, 13, 13, 16, 12, 10, 11, 10, 0, 16, 13, 13, 11, 16, 13, 11, 11, 16, 13, 16, 16, 13, 11, 14, 1, 12, 16, 16, 13, 16, 10, 1, 16, 16, 10, 13, 11, 4, 16, 13, 14, 17, 2, 6, 5, 11, 5, 13, 13, 13, 11, 13, 13, 13, 7, 16, 11, 16, 13, 5, 6, 4, 9, 9, 16, 12, 9, 14, 9, 9, 16, 16, 9, 9, 12, 10, 9, 9, 13, 7, 11, 16, 9, 8, 16, 13, 8, 16, 10, 9, 14, 16, 11, 16, 16, 16, 9, 13, 13, 11, 14, 11, 13, 11, 14, 11, 16, 11, 9, 11, 12, 1, 10, 8, 11, 11, 7, 13, 13, 11, 10, 9, 8, 16, 9, 11, 10, 4, 8, 16, 9, 14, 16, 8, 8, 10, 10, 9, 9, 8, 9, 10, 16, 9, 11, 16, 8, 9, 9, 16, 9, 8]",0.30922447454796254,18,0.13700787401574804,0.0031496062992125984,0.8071307842724162
jfreechart,8,seed8_solution048,0.5811889973380656,0.5812407441075442,0.8064114710238944,0.5811889973380656,-0.5812407441075442,0.8064114710238944,True,False,,,"[0, 1, 2, 3, 3, 2, 2, 2, 2, 1, 2, 2, 4, 5, 4, 6, 2, 2, 2, 5, 0, 2, 4, 2, 1, 2, 0, 0, 1, 0, 0, 0, 0, 0, 0, 4, 0, 0, 0, 0, 0, 0, 0, 0, 0, 0, 0, 0, 0, 4, 0, 4, 0, 0, 4, 0, 4, 4, 6, 6, 6, 4, 4, 5, 4, 4, 4, 4, 4, 4, 4, 4, 4, 4, 4, 6, 4, 4, 4, 6, 1, 4, 7, 4, 4, 8, 6, 9, 4, 4, 4, 4, 4, 4, 4, 4, 4, 4, 4, 0, 4, 5, 4, 2, 2, 2, 2, 2, 2, 2, 2, 2, 2, 2, 2, 2, 2, 2, 2, 2, 2, 2, 6, 2, 2, 2, 2, 4, 3, 2, 4, 4, 4, 0, 0, 2, 4, 4, 4, 2, 2, 2, 9, 6, 6, 6, 2, 5, 2, 2, 2, 2, 2, 2, 1, 2, 2, 2, 2, 2, 10, 0, 0, 4, 4, 2, 2, 2, 6, 2, 5, 5, 9, 6, 0, 0, 5, 0, 2, 2, 2, 2, 2, 2, 2, 2, 2, 1, 1, 11, 10, 1, 11, 0, 5, 5, 4, 6, 10, 11, 10, 10, 10, 5, 5, 6, 1, 1, 10, 6, 11, 11, 6, 1, 1, 11, 6, 10, 0, 9, 5, 3, 5, 11, 6, 6, 6, 6, 6, 5, 6, 6, 6, 6, 6, 6, 2, 1, 4, 5, 0, 1, 4, 0, 6, 0, 0, 6, 4, 4, 4, 6, 0, 0, 0, 0, 5, 4, 4, 5, 0, 1, 0, 0, 2, 2, 1, 1, 1, 1, 1, 1, 0, 0, 0, 0, 0, 0, 0, 4, 1, 0, 0, 0, 4, 5, 7, 1, 0, 2, 6, 11, 10, 10, 6, 6, 6, 6, 6, 6, 6, 6, 6, 4, 6, 6, 6, 6, 7, 5, 7, 6, 12, 10, 10, 4, 5, 5, 2, 0, 5, 11, 13, 5, 5, 5, 5, 5, 5, 0, 5, 5, 5, 5, 5, 5, 5, 5, 5, 5, 5, 0, 5, 5, 5, 5, 11, 5, 5, 5, 5, 5, 5, 1, 10, 5, 4, 10, 5, 5, 5, 5, 10, 5, 10, 5, 5, 4, 5, 9, 5, 5, 11, 4, 5, 5, 5, 5, 3, 5, 0, 5, 5, 10, 5, 5, 0, 5, 4, 1, 5, 5, 4, 6, 5, 5, 5, 5, 7, 2, 2, 2, 2, 2, 2, 2, 2, 2, 2, 2, 2, 2, 5, 11, 1, 11, 1, 1, 1, 8, 1, 6, 7, 5, 11, 4, 5, 5, 13, 6, 14, 15, 1, 6, 5, 6, 6, 0, 0, 10, 0, 9, 8, 10, 13, 14, 16, 11, 16, 5, 13, 14, 10, 11, 11, 11, 6, 5, 4, 11, 4, 10, 11, 10, 16, 10, 11, 10, 11, 13, 11, 8, 4, 4, 0, 11, 4, 6, 6, 6, 16, 14, 13, 11, 13, 13, 16, 12, 10, 11, 10, 0, 16, 13, 13, 11, 16, 13, 11, 11, 16, 13, 16, 16, 13, 11, 14, 1, 12, 16, 16, 13, 16, 10, 1, 16, 16, 10, 13, 11, 4, 16, 13, 14, 17, 2, 6, 5, 11, 5, 13, 13, 13, 11, 13, 13, 13, 7, 16, 11, 16, 13, 5, 6, 4, 9, 9, 16, 12, 9, 14, 9, 9, 16, 16, 9, 9, 12, 10, 9, 9, 13, 7, 11, 16, 9, 8, 16, 13, 8, 16, 10, 9, 14, 16, 11, 16, 16, 16, 9, 13, 13, 11, 14, 11, 13, 11, 14, 11, 16, 11, 9, 11, 12, 1, 10, 8, 11, 11, 7, 13, 13, 11, 10, 9, 8, 16, 9, 11, 10, 4, 8, 16, 9, 14, 16, 8, 8, 10, 10, 9, 9, 8, 9, 10, 16, 9, 11, 16, 8, 9, 9, 16, 9, 8]",0.3073571526893391,18,0.13700787401574804,0.0031496062992125984,0.8064114710238944
jfreechart,8,seed8_solution049,0.5971606033717834,1.6748077333489924,0.718883407505492,0.5971606033717834,-1.6748077333489924,0.718883407505492,True,False,,,"[0, 1, 2, 3, 3, 2, 2, 2, 2, 4, 2, 2, 4, 5, 4, 6, 3, 2, 2, 5, 0, 2, 4, 2, 1, 2, 0, 0, 1, 0, 0, 0, 0, 3, 0, 0, 0, 0, 0, 0, 0, 0, 0, 0, 0, 0, 0, 0, 0, 4, 0, 4, 0, 0, 4, 0, 4, 4, 6, 6, 6, 4, 4, 5, 4, 4, 4, 4, 4, 4, 4, 4, 4, 4, 4, 4, 4, 4, 4, 6, 1, 4, 4, 4, 4, 7, 6, 8, 4, 4, 4, 4, 3, 4, 4, 4, 4, 4, 4, 0, 4, 5, 4, 2, 1, 2, 2, 2, 2, 2, 2, 2, 3, 2, 2, 2, 2, 2, 2, 2, 2, 2, 6, 2, 2, 2, 2, 4, 3, 2, 4, 4, 4, 0, 0, 2, 4, 4, 4, 2, 2, 2, 8, 6, 6, 6, 2, 5, 2, 2, 2, 2, 2, 2, 1, 2, 2, 2, 2, 2, 9, 0, 0, 4, 4, 2, 2, 2, 2, 2, 5, 5, 8, 6, 0, 0, 5, 0, 2, 2, 3, 2, 2, 2, 2, 2, 2, 1, 1, 10, 10, 11, 10, 0, 5, 5, 4, 6, 7, 10, 10, 10, 11, 5, 5, 6, 1, 0, 11, 6, 10, 10, 0, 1, 1, 10, 6, 10, 0, 8, 5, 3, 5, 10, 9, 6, 6, 6, 6, 5, 6, 6, 6, 6, 10, 2, 2, 1, 0, 5, 0, 1, 4, 0, 6, 0, 0, 6, 4, 4, 4, 6, 0, 0, 0, 0, 5, 4, 4, 5, 0, 1, 0, 0, 2, 2, 4, 1, 1, 1, 1, 1, 0, 0, 0, 0, 0, 0, 0, 4, 1, 0, 0, 0, 4, 5, 9, 1, 0, 8, 6, 6, 9, 6, 9, 6, 9, 6, 6, 6, 6, 6, 6, 4, 6, 6, 6, 6, 12, 5, 12, 6, 13, 6, 9, 5, 5, 5, 2, 0, 5, 10, 9, 5, 5, 5, 5, 5, 5, 0, 5, 5, 5, 5, 5, 5, 5, 8, 5, 5, 5, 0, 5, 5, 5, 5, 10, 5, 5, 5, 5, 5, 5, 1, 9, 5, 4, 10, 5, 5, 5, 5, 7, 5, 9, 5, 5, 4, 5, 8, 8, 5, 7, 4, 5, 5, 5, 5, 3, 5, 0, 5, 5, 10, 5, 5, 0, 5, 5, 1, 5, 5, 4, 8, 5, 5, 5, 5, 12, 2, 2, 2, 2, 10, 2, 2, 2, 2, 2, 2, 2, 2, 5, 9, 1, 10, 1, 1, 1, 1, 1, 6, 8, 5, 9, 4, 5, 6, 14, 6, 13, 13, 1, 6, 5, 6, 6, 0, 0, 9, 0, 8, 7, 9, 9, 15, 11, 10, 11, 5, 14, 15, 9, 14, 9, 10, 1, 5, 4, 10, 4, 9, 10, 7, 11, 9, 10, 9, 9, 14, 10, 7, 4, 4, 0, 10, 4, 6, 1, 6, 11, 15, 14, 14, 10, 14, 11, 13, 9, 10, 10, 0, 11, 9, 11, 10, 11, 15, 8, 15, 11, 9, 8, 7, 10, 9, 15, 7, 13, 7, 7, 14, 7, 7, 1, 11, 11, 9, 11, 13, 16, 9, 14, 15, 1, 2, 6, 5, 9, 5, 8, 10, 11, 10, 14, 11, 9, 14, 11, 10, 11, 11, 5, 6, 4, 7, 7, 8, 13, 8, 2, 8, 8, 7, 7, 7, 8, 13, 9, 8, 8, 11, 14, 15, 8, 8, 8, 7, 10, 7, 7, 7, 8, 7, 8, 9, 11, 11, 11, 8, 11, 11, 9, 15, 11, 14, 11, 15, 10, 11, 9, 8, 11, 13, 1, 9, 7, 13, 11, 11, 14, 11, 10, 9, 8, 7, 8, 8, 10, 9, 4, 7, 8, 8, 15, 7, 7, 7, 10, 10, 8, 8, 7, 8, 10, 13, 3, 10, 13, 7, 8, 8, 7, 8, 7]",0.29411913599550066,17,0.13543307086614173,0.0015748031496062992,0.718883407505492
jfreechart,8,seed8_solution050,0.6072964302777968,1.6817274846289545,0.731210796787396,0.6072964302777968,-1.6817274846289545,0.731210796787396,True,False,,,"[0, 1, 2, 3, 3, 2, 2, 2, 2, 1, 2, 2, 4, 5, 4, 6, 2, 2, 2, 5, 0, 2, 4, 2, 1, 2, 0, 0, 1, 0, 0, 0, 0, 0, 0, 0, 0, 0, 0, 0, 0, 0, 0, 0, 0, 0, 0, 0, 0, 4, 0, 4, 0, 0, 7, 0, 4, 4, 6, 6, 6, 4, 4, 5, 4, 4, 4, 4, 4, 4, 4, 4, 4, 4, 4, 5, 4, 4, 4, 6, 1, 4, 6, 4, 4, 8, 9, 9, 4, 4, 4, 4, 3, 5, 4, 4, 4, 4, 4, 4, 4, 6, 4, 2, 2, 2, 2, 2, 2, 2, 2, 2, 2, 2, 2, 2, 2, 2, 2, 2, 2, 2, 6, 2, 2, 2, 2, 4, 3, 2, 4, 4, 4, 0, 0, 2, 4, 4, 4, 2, 2, 2, 9, 6, 6, 6, 2, 5, 2, 2, 2, 2, 2, 2, 1, 2, 2, 2, 2, 2, 8, 0, 0, 4, 4, 2, 2, 2, 2, 2, 5, 5, 9, 6, 0, 0, 5, 0, 2, 2, 2, 2, 2, 2, 2, 2, 2, 1, 1, 7, 10, 11, 10, 0, 5, 5, 4, 6, 10, 10, 10, 10, 11, 5, 5, 6, 1, 1, 7, 6, 11, 10, 0, 1, 1, 11, 6, 10, 0, 9, 5, 5, 5, 10, 8, 6, 6, 6, 6, 5, 6, 6, 8, 6, 6, 6, 2, 1, 0, 9, 0, 1, 4, 0, 6, 0, 0, 6, 4, 4, 4, 6, 0, 0, 0, 0, 9, 4, 4, 5, 0, 9, 0, 0, 2, 2, 1, 1, 1, 1, 1, 1, 0, 0, 0, 0, 0, 0, 0, 4, 1, 0, 0, 0, 4, 5, 8, 1, 0, 9, 6, 9, 8, 6, 6, 6, 8, 6, 6, 6, 6, 6, 6, 0, 6, 6, 6, 6, 12, 5, 12, 6, 6, 6, 8, 9, 5, 5, 2, 0, 5, 10, 8, 5, 5, 5, 5, 5, 5, 0, 5, 5, 5, 5, 5, 5, 5, 9, 5, 5, 5, 0, 5, 5, 5, 5, 11, 5, 5, 5, 5, 5, 5, 1, 13, 5, 4, 1, 5, 5, 5, 5, 10, 5, 8, 5, 5, 4, 5, 9, 5, 5, 11, 4, 5, 5, 5, 5, 5, 4, 4, 9, 5, 7, 5, 5, 0, 5, 5, 1, 5, 5, 4, 6, 5, 5, 5, 5, 12, 2, 2, 2, 2, 10, 2, 2, 2, 2, 2, 2, 2, 2, 5, 10, 1, 10, 1, 1, 1, 1, 1, 6, 10, 5, 8, 5, 5, 6, 10, 6, 14, 14, 1, 6, 5, 15, 6, 0, 0, 8, 0, 9, 13, 8, 8, 15, 8, 10, 11, 5, 10, 15, 8, 10, 8, 7, 1, 9, 4, 10, 4, 8, 10, 7, 11, 8, 10, 8, 10, 7, 7, 9, 4, 4, 4, 11, 4, 6, 6, 6, 8, 8, 13, 13, 10, 13, 14, 8, 10, 7, 10, 0, 7, 8, 11, 10, 8, 7, 9, 3, 11, 7, 9, 13, 10, 8, 15, 13, 14, 13, 13, 13, 13, 11, 6, 7, 11, 10, 11, 11, 16, 8, 13, 15, 1, 2, 6, 5, 8, 5, 8, 10, 11, 10, 7, 8, 10, 13, 1, 1, 7, 8, 5, 6, 4, 13, 7, 9, 14, 9, 2, 11, 9, 7, 13, 7, 13, 11, 8, 9, 9, 11, 13, 8, 9, 9, 9, 7, 8, 7, 7, 13, 7, 7, 9, 8, 11, 11, 7, 7, 11, 10, 8, 15, 7, 13, 7, 15, 10, 11, 11, 13, 11, 14, 1, 11, 7, 1, 11, 10, 13, 11, 7, 1, 13, 7, 9, 9, 10, 8, 4, 7, 13, 9, 11, 8, 13, 7, 10, 10, 9, 9, 13, 9, 10, 13, 9, 10, 13, 13, 9, 8, 7, 9, 13]",0.29246743834680455,17,0.13385826771653545,0.0015748031496062992,0.731210796787396
jfreechart,8,seed8_solution051,0.6144631765749778,3.8005204639455092,0.8160960556365556,0.6144631765749778,-3.8005204639455092,0.8160960556365556,True,False,,,"[0, 1, 2, 3, 3, 2, 2, 2, 2, 1, 2, 2, 4, 5, 4, 4, 2, 2, 2, 5, 0, 2, 6, 2, 1, 2, 0, 5, 1, 0, 0, 0, 7, 0, 0, 4, 6, 0, 0, 0, 0, 0, 4, 0, 0, 0, 0, 0, 0, 4, 0, 4, 0, 0, 4, 0, 4, 4, 0, 8, 5, 4, 4, 5, 4, 4, 4, 8, 4, 4, 4, 4, 4, 4, 8, 8, 4, 1, 4, 4, 4, 4, 4, 8, 4, 7, 8, 4, 4, 4, 8, 8, 4, 4, 4, 4, 8, 4, 1, 4, 4, 5, 8, 5, 2, 2, 2, 2, 2, 2, 2, 2, 2, 2, 2, 2, 2, 2, 2, 2, 2, 2, 9, 2, 2, 5, 2, 4, 2, 2, 4, 3, 8, 2, 0, 0, 1, 4, 4, 3, 2, 2, 0, 6, 6, 8, 2, 5, 0, 2, 2, 2, 2, 2, 1, 2, 2, 2, 2, 2, 1, 0, 0, 8, 8, 2, 2, 2, 2, 2, 5, 5, 6, 6, 0, 0, 5, 0, 2, 2, 2, 2, 2, 2, 2, 2, 10, 11, 1, 9, 11, 11, 10, 2, 5, 1, 4, 6, 11, 9, 7, 12, 8, 5, 5, 6, 1, 1, 11, 4, 9, 9, 6, 1, 1, 10, 8, 10, 0, 10, 5, 5, 5, 11, 6, 6, 6, 4, 6, 6, 6, 4, 8, 6, 6, 6, 2, 6, 4, 5, 0, 0, 4, 0, 0, 0, 3, 5, 1, 4, 4, 6, 0, 0, 0, 0, 5, 4, 4, 0, 0, 5, 0, 0, 2, 2, 1, 1, 1, 1, 1, 1, 0, 3, 0, 0, 6, 0, 0, 8, 1, 0, 0, 0, 4, 5, 12, 0, 0, 2, 9, 6, 6, 11, 6, 4, 6, 6, 8, 6, 6, 8, 6, 6, 4, 6, 6, 6, 13, 5, 13, 6, 6, 9, 14, 5, 5, 5, 2, 0, 5, 10, 12, 5, 5, 5, 5, 5, 5, 5, 5, 5, 5, 5, 5, 5, 5, 0, 5, 5, 5, 0, 5, 5, 5, 5, 9, 5, 5, 5, 0, 5, 5, 5, 8, 5, 4, 11, 5, 5, 5, 5, 11, 4, 5, 5, 5, 4, 5, 8, 5, 5, 10, 8, 5, 5, 0, 5, 5, 5, 4, 5, 5, 11, 5, 3, 0, 5, 5, 5, 5, 5, 4, 8, 0, 5, 5, 5, 8, 2, 2, 2, 2, 2, 2, 2, 2, 2, 2, 0, 2, 2, 5, 11, 1, 9, 1, 1, 1, 1, 6, 5, 12, 5, 10, 4, 5, 5, 15, 6, 15, 0, 1, 3, 5, 6, 6, 0, 0, 11, 1, 8, 7, 10, 0, 2, 12, 3, 12, 5, 9, 9, 9, 6, 9, 9, 8, 3, 4, 9, 4, 9, 9, 11, 11, 11, 11, 11, 9, 12, 11, 7, 4, 2, 4, 11, 4, 8, 2, 6, 14, 1, 1, 12, 4, 14, 9, 1, 7, 9, 10, 0, 12, 12, 3, 9, 6, 12, 9, 9, 12, 9, 10, 10, 14, 12, 9, 1, 2, 7, 7, 11, 7, 11, 6, 12, 10, 14, 12, 9, 4, 10, 3, 8, 16, 17, 4, 5, 9, 5, 12, 3, 12, 9, 0, 12, 12, 14, 1, 4, 10, 12, 5, 6, 8, 7, 7, 10, 7, 7, 2, 7, 7, 7, 10, 7, 7, 10, 14, 5, 7, 14, 12, 9, 10, 10, 7, 10, 14, 10, 10, 11, 10, 15, 7, 9, 14, 9, 9, 9, 4, 1, 8, 0, 9, 4, 9, 12, 8, 14, 9, 10, 9, 9, 9, 0, 5, 11, 9, 9, 3, 12, 10, 9, 8, 4, 7, 7, 9, 12, 4, 7, 4, 1, 12, 8, 8, 11, 1, 11, 10, 7, 7, 8, 10, 7, 7, 11, 10, 10, 11, 10, 10, 7, 7]",0.265119436384316,18,0.14803149606299212,0.0031496062992125984,0.8160960556365556
jfreechart,8,seed8_solution052,0.6206061019725616,3.616618996518946,0.7836445802770899,0.6206061019725616,-3.616618996518946,0.7836445802770899,True,False,,,"[0, 1, 2, 3, 3, 2, 2, 2, 2, 1, 2, 2, 4, 5, 4, 6, 3, 2, 2, 5, 0, 2, 4, 2, 1, 2, 0, 0, 1, 0, 0, 0, 7, 3, 0, 0, 0, 0, 0, 0, 0, 0, 0, 0, 0, 0, 0, 0, 0, 4, 0, 4, 0, 0, 4, 0, 4, 4, 6, 6, 6, 4, 4, 5, 4, 4, 4, 4, 4, 4, 4, 4, 4, 4, 4, 4, 4, 4, 4, 6, 1, 8, 4, 4, 4, 7, 6, 6, 4, 4, 4, 4, 3, 4, 4, 4, 4, 4, 4, 0, 4, 5, 4, 2, 1, 2, 2, 2, 2, 2, 2, 2, 3, 2, 2, 2, 2, 2, 2, 2, 2, 2, 6, 2, 2, 2, 2, 4, 3, 2, 4, 4, 4, 0, 0, 2, 4, 4, 4, 2, 2, 2, 1, 6, 6, 8, 2, 5, 2, 2, 2, 2, 2, 2, 1, 2, 2, 2, 3, 2, 9, 0, 0, 4, 4, 3, 2, 10, 2, 2, 5, 5, 8, 6, 0, 0, 5, 0, 3, 2, 3, 2, 2, 2, 2, 2, 2, 1, 1, 11, 11, 12, 9, 0, 5, 1, 8, 6, 11, 11, 9, 11, 12, 5, 5, 6, 1, 0, 12, 6, 11, 11, 0, 1, 1, 11, 6, 11, 0, 8, 5, 3, 5, 11, 9, 6, 8, 3, 6, 5, 6, 6, 9, 6, 11, 6, 2, 1, 0, 5, 0, 1, 4, 0, 6, 0, 0, 6, 8, 13, 4, 6, 0, 0, 0, 0, 5, 4, 3, 5, 0, 1, 0, 0, 2, 2, 1, 1, 8, 1, 1, 1, 0, 0, 0, 0, 0, 0, 0, 4, 1, 0, 1, 0, 4, 5, 12, 1, 0, 2, 6, 12, 9, 6, 9, 6, 9, 6, 6, 6, 3, 6, 6, 6, 6, 6, 6, 6, 14, 5, 14, 6, 6, 6, 9, 5, 5, 5, 2, 0, 3, 11, 0, 5, 5, 5, 5, 5, 5, 5, 5, 3, 5, 5, 5, 5, 5, 5, 5, 5, 5, 0, 5, 5, 1, 5, 15, 5, 5, 4, 5, 5, 5, 1, 9, 5, 4, 11, 5, 5, 5, 5, 7, 5, 5, 5, 1, 4, 5, 5, 5, 5, 11, 4, 5, 5, 5, 5, 3, 5, 0, 5, 5, 11, 5, 5, 0, 5, 5, 1, 5, 5, 4, 8, 5, 5, 5, 5, 11, 2, 2, 2, 1, 11, 2, 2, 2, 2, 2, 2, 2, 2, 5, 3, 1, 11, 1, 1, 1, 6, 1, 8, 8, 3, 11, 4, 5, 6, 13, 8, 16, 17, 1, 6, 5, 9, 6, 0, 0, 9, 0, 8, 0, 15, 16, 16, 12, 11, 12, 5, 12, 16, 12, 11, 16, 11, 1, 5, 4, 9, 4, 12, 11, 7, 12, 9, 11, 11, 11, 8, 11, 6, 4, 4, 0, 11, 1, 6, 1, 6, 12, 16, 13, 12, 11, 11, 12, 15, 9, 9, 9, 0, 12, 12, 12, 11, 12, 16, 8, 16, 12, 11, 9, 0, 11, 0, 16, 7, 15, 7, 7, 11, 7, 7, 6, 12, 12, 12, 12, 15, 17, 9, 13, 10, 1, 18, 6, 5, 8, 5, 8, 11, 12, 8, 8, 12, 16, 16, 12, 11, 12, 12, 5, 15, 4, 15, 7, 8, 15, 8, 7, 8, 7, 7, 7, 7, 7, 15, 16, 9, 8, 12, 12, 16, 8, 8, 8, 15, 11, 7, 7, 7, 8, 7, 8, 16, 12, 12, 12, 8, 12, 12, 12, 16, 12, 8, 12, 16, 11, 12, 16, 7, 12, 15, 1, 9, 7, 15, 12, 12, 12, 12, 12, 9, 7, 7, 8, 8, 11, 16, 4, 15, 15, 8, 16, 7, 7, 9, 9, 11, 6, 7, 15, 8, 11, 15, 3, 7, 15, 7, 7, 9, 8, 8, 7]",0.273853857042637,19,0.13228346456692913,0.0015748031496062992,0.7836445802770899
jfreechart,8,seed8_solution053,0.6284895228994608,5.0877487912314585,1.0881798602578603,0.6284895228994608,-5.0877487912314585,1.0881798602578603,True,False,,,"[0, 1, 2, 3, 3, 2, 0, 2, 2, 1, 2, 3, 4, 4, 5, 6, 2, 2, 2, 4, 0, 2, 7, 2, 1, 2, 2, 0, 1, 0, 0, 0, 0, 0, 1, 0, 0, 8, 0, 0, 8, 0, 0, 0, 0, 5, 0, 0, 0, 5, 0, 5, 0, 0, 5, 0, 1, 5, 6, 5, 6, 5, 5, 6, 5, 5, 5, 5, 0, 5, 5, 3, 1, 5, 5, 5, 8, 5, 5, 6, 5, 5, 5, 9, 5, 8, 2, 6, 10, 1, 10, 5, 8, 11, 5, 5, 5, 5, 5, 5, 5, 5, 5, 2, 2, 2, 2, 2, 2, 2, 2, 2, 2, 2, 2, 3, 2, 2, 2, 2, 4, 2, 6, 2, 0, 2, 11, 4, 8, 2, 5, 5, 5, 0, 0, 2, 5, 5, 5, 2, 6, 2, 12, 6, 6, 3, 2, 4, 2, 4, 2, 1, 2, 2, 1, 2, 2, 2, 2, 2, 13, 0, 0, 5, 9, 0, 2, 2, 2, 2, 4, 9, 6, 2, 0, 3, 1, 0, 2, 2, 2, 2, 2, 2, 2, 6, 2, 6, 1, 13, 12, 14, 12, 0, 9, 2, 5, 6, 14, 11, 11, 4, 7, 4, 4, 6, 3, 1, 4, 6, 2, 15, 6, 1, 1, 14, 6, 1, 14, 9, 4, 4, 4, 7, 6, 6, 6, 6, 6, 6, 6, 6, 6, 6, 6, 6, 2, 1, 0, 2, 0, 8, 1, 0, 6, 5, 0, 6, 5, 5, 0, 8, 0, 0, 5, 0, 1, 9, 5, 4, 0, 4, 0, 0, 2, 2, 2, 2, 1, 1, 16, 1, 0, 3, 0, 2, 0, 4, 0, 5, 1, 0, 0, 0, 5, 3, 11, 0, 5, 2, 5, 6, 6, 6, 6, 6, 6, 6, 0, 6, 6, 6, 6, 6, 6, 6, 6, 0, 3, 4, 4, 6, 4, 8, 17, 4, 4, 4, 2, 0, 4, 15, 17, 4, 4, 8, 4, 4, 4, 0, 1, 4, 4, 18, 4, 4, 4, 0, 4, 4, 4, 0, 9, 4, 2, 4, 7, 6, 4, 4, 19, 4, 1, 4, 15, 4, 5, 15, 4, 4, 4, 4, 14, 4, 4, 4, 4, 5, 4, 4, 4, 1, 7, 5, 4, 4, 4, 4, 5, 4, 3, 4, 4, 15, 4, 1, 0, 4, 4, 4, 4, 4, 5, 2, 4, 4, 3, 4, 14, 2, 2, 20, 2, 13, 2, 6, 2, 2, 3, 3, 2, 2, 4, 15, 1, 14, 1, 1, 1, 4, 1, 6, 12, 4, 15, 3, 4, 6, 15, 21, 4, 13, 12, 6, 4, 6, 6, 0, 5, 6, 0, 9, 9, 13, 13, 8, 11, 11, 9, 3, 11, 17, 8, 11, 22, 22, 1, 4, 5, 11, 5, 11, 21, 7, 11, 15, 15, 14, 11, 11, 14, 15, 5, 5, 5, 19, 6, 6, 3, 6, 11, 11, 11, 22, 21, 11, 17, 11, 11, 11, 5, 0, 11, 17, 11, 0, 22, 17, 13, 11, 21, 21, 9, 19, 22, 3, 17, 1, 9, 9, 8, 11, 8, 0, 6, 17, 17, 17, 22, 22, 23, 14, 12, 24, 17, 16, 6, 4, 1, 4, 11, 14, 17, 14, 13, 17, 22, 6, 3, 6, 11, 8, 4, 1, 5, 5, 9, 2, 3, 9, 2, 9, 9, 8, 9, 9, 9, 22, 22, 9, 9, 17, 0, 7, 9, 25, 9, 1, 11, 9, 9, 9, 5, 8, 9, 15, 5, 21, 17, 17, 11, 1, 11, 2, 11, 11, 17, 22, 6, 22, 7, 9, 13, 3, 11, 11, 9, 15, 17, 17, 17, 7, 15, 12, 1, 9, 14, 9, 9, 13, 5, 9, 9, 9, 13, 8, 8, 15, 13, 7, 9, 15, 9, 9, 15, 8, 9, 7, 9, 0, 9, 9, 9, 9, 9]",0.25667906462148904,26,0.13070866141732285,0.007874015748031496,1.0881798602578603
jfreechart,8,seed8_solution054,0.6320728960480513,3.607201835365543,0.7740249596939859,0.6320728960480513,-3.607201835365543,0.7740249596939859,True,False,,,"[0, 1, 2, 3, 3, 2, 2, 2, 2, 1, 2, 2, 4, 5, 4, 6, 3, 2, 2, 5, 0, 2, 4, 2, 1, 2, 0, 0, 1, 0, 0, 0, 7, 3, 0, 0, 0, 0, 0, 0, 0, 0, 0, 0, 0, 0, 0, 0, 0, 4, 0, 4, 0, 0, 4, 0, 4, 4, 6, 6, 6, 4, 4, 5, 4, 4, 4, 4, 4, 4, 4, 4, 4, 4, 4, 4, 4, 4, 4, 6, 1, 8, 4, 4, 4, 7, 6, 6, 4, 4, 4, 4, 3, 4, 4, 4, 4, 4, 4, 0, 4, 5, 4, 2, 1, 2, 2, 2, 2, 2, 2, 2, 3, 2, 2, 2, 2, 2, 2, 2, 2, 2, 6, 2, 2, 2, 2, 4, 3, 2, 4, 4, 4, 0, 0, 2, 4, 4, 4, 2, 3, 2, 1, 6, 6, 8, 2, 5, 2, 9, 2, 2, 2, 2, 1, 2, 2, 2, 3, 2, 10, 0, 0, 4, 4, 3, 2, 2, 2, 2, 5, 5, 8, 6, 0, 0, 5, 0, 3, 2, 3, 2, 2, 2, 2, 2, 2, 1, 1, 11, 11, 12, 10, 0, 5, 1, 8, 6, 11, 11, 10, 11, 12, 5, 5, 6, 1, 0, 12, 6, 11, 11, 0, 1, 1, 11, 6, 11, 0, 8, 5, 3, 5, 11, 10, 6, 8, 3, 6, 5, 6, 6, 10, 6, 11, 6, 2, 1, 0, 5, 0, 1, 4, 0, 6, 0, 0, 6, 8, 4, 4, 6, 0, 0, 0, 0, 5, 4, 3, 5, 0, 1, 0, 0, 2, 2, 1, 1, 8, 1, 1, 1, 0, 0, 13, 0, 0, 0, 0, 4, 1, 0, 1, 0, 4, 5, 12, 1, 0, 2, 6, 12, 10, 6, 10, 6, 10, 6, 6, 6, 3, 6, 6, 6, 6, 6, 6, 6, 14, 5, 14, 3, 6, 6, 10, 5, 5, 5, 2, 0, 3, 11, 0, 5, 5, 5, 5, 5, 5, 5, 5, 3, 5, 5, 5, 5, 5, 5, 5, 5, 5, 0, 5, 5, 1, 5, 13, 5, 5, 4, 5, 5, 5, 1, 10, 5, 4, 11, 5, 5, 5, 5, 7, 5, 5, 5, 1, 4, 5, 5, 5, 5, 11, 4, 5, 5, 5, 5, 3, 5, 0, 5, 5, 11, 5, 5, 0, 5, 5, 1, 15, 5, 4, 8, 5, 5, 5, 5, 11, 2, 2, 2, 1, 11, 2, 2, 2, 2, 2, 2, 2, 2, 5, 3, 1, 11, 1, 1, 1, 1, 1, 8, 8, 3, 11, 4, 5, 6, 9, 8, 16, 17, 1, 6, 5, 10, 6, 0, 0, 10, 0, 8, 0, 13, 16, 16, 12, 11, 12, 5, 12, 16, 12, 11, 16, 11, 1, 5, 4, 10, 4, 12, 11, 7, 12, 10, 11, 11, 11, 8, 11, 6, 4, 4, 0, 11, 1, 6, 1, 6, 12, 16, 9, 12, 11, 11, 12, 13, 10, 10, 10, 0, 12, 12, 12, 11, 12, 16, 8, 16, 12, 11, 10, 0, 11, 0, 16, 7, 13, 7, 7, 11, 7, 7, 6, 12, 12, 12, 12, 13, 17, 10, 9, 18, 1, 15, 6, 5, 8, 5, 8, 11, 12, 8, 8, 12, 16, 16, 12, 11, 12, 12, 5, 13, 4, 13, 7, 8, 13, 8, 7, 8, 7, 7, 7, 7, 7, 13, 16, 10, 8, 12, 12, 16, 8, 8, 8, 13, 11, 7, 7, 7, 8, 7, 8, 16, 12, 12, 12, 8, 12, 12, 12, 16, 12, 8, 12, 16, 11, 12, 16, 7, 12, 13, 1, 10, 7, 13, 12, 12, 12, 12, 12, 10, 7, 7, 8, 8, 11, 16, 4, 13, 13, 8, 16, 7, 7, 10, 10, 11, 6, 7, 13, 8, 11, 13, 3, 7, 13, 7, 7, 10, 8, 8, 7]",0.2651560608149676,19,0.13070866141732285,0.0015748031496062992,0.7740249596939859
jfreechart,8,seed8_solution055,0.6364753259163197,5.137998675389296,1.0801508105128408,0.6364753259163197,-5.137998675389296,1.0801508105128408,True,False,,,"[0, 1, 2, 3, 3, 2, 0, 2, 2, 1, 2, 3, 4, 4, 5, 6, 2, 2, 2, 4, 0, 2, 7, 2, 1, 2, 2, 0, 1, 0, 0, 0, 0, 0, 1, 0, 0, 8, 0, 0, 8, 7, 0, 0, 0, 5, 0, 0, 0, 5, 0, 5, 0, 0, 5, 0, 1, 5, 6, 5, 6, 5, 5, 6, 5, 5, 5, 5, 0, 5, 5, 3, 1, 5, 5, 5, 8, 5, 5, 6, 5, 5, 5, 9, 5, 8, 2, 6, 10, 1, 10, 5, 8, 11, 5, 5, 5, 5, 5, 5, 5, 5, 5, 2, 2, 2, 2, 2, 2, 2, 2, 2, 2, 2, 2, 3, 2, 2, 2, 2, 4, 2, 6, 2, 0, 2, 12, 4, 8, 2, 5, 5, 5, 0, 0, 2, 5, 5, 5, 2, 6, 2, 13, 6, 6, 3, 2, 4, 2, 4, 2, 1, 2, 2, 1, 2, 2, 2, 2, 2, 11, 0, 0, 5, 9, 0, 2, 2, 2, 2, 4, 9, 6, 2, 0, 3, 1, 0, 2, 2, 2, 2, 2, 2, 2, 6, 2, 6, 1, 12, 14, 14, 14, 0, 9, 2, 5, 6, 15, 11, 11, 4, 7, 4, 4, 6, 3, 1, 4, 6, 2, 15, 6, 1, 1, 15, 6, 1, 15, 9, 4, 4, 4, 7, 6, 6, 6, 6, 6, 6, 6, 6, 6, 6, 6, 6, 2, 1, 0, 2, 0, 8, 1, 0, 6, 5, 0, 6, 5, 5, 0, 8, 0, 0, 5, 0, 1, 9, 5, 4, 0, 4, 0, 0, 2, 2, 2, 2, 1, 1, 9, 1, 0, 3, 0, 2, 0, 4, 0, 5, 1, 0, 0, 0, 5, 3, 16, 0, 5, 2, 5, 6, 6, 6, 6, 6, 6, 6, 0, 6, 6, 6, 6, 6, 6, 6, 6, 0, 3, 4, 4, 6, 4, 6, 17, 4, 4, 4, 2, 0, 4, 15, 17, 4, 4, 8, 4, 4, 4, 0, 1, 4, 4, 18, 4, 4, 4, 0, 4, 4, 4, 0, 9, 4, 2, 4, 7, 6, 4, 4, 19, 4, 1, 4, 13, 4, 5, 14, 4, 4, 4, 4, 15, 4, 4, 4, 4, 5, 4, 4, 4, 1, 7, 5, 4, 4, 4, 4, 5, 4, 3, 4, 4, 15, 4, 1, 0, 4, 4, 4, 4, 4, 5, 2, 4, 4, 3, 4, 15, 2, 2, 20, 2, 12, 2, 6, 2, 2, 3, 3, 2, 2, 4, 13, 1, 15, 1, 1, 1, 4, 1, 6, 16, 4, 15, 3, 4, 6, 14, 21, 4, 12, 14, 6, 4, 6, 6, 0, 5, 6, 0, 9, 9, 11, 12, 8, 16, 16, 9, 3, 16, 17, 8, 16, 22, 22, 1, 4, 5, 11, 5, 16, 22, 7, 11, 14, 14, 15, 12, 16, 15, 14, 5, 5, 5, 19, 6, 6, 3, 6, 11, 11, 16, 21, 22, 11, 17, 11, 16, 11, 5, 0, 11, 17, 11, 0, 22, 17, 11, 11, 22, 22, 9, 9, 22, 3, 17, 1, 9, 9, 8, 11, 8, 0, 6, 17, 17, 17, 22, 22, 23, 16, 11, 24, 17, 16, 6, 4, 1, 4, 12, 14, 17, 15, 12, 17, 21, 6, 3, 6, 12, 8, 4, 1, 5, 5, 9, 2, 3, 9, 2, 9, 9, 8, 9, 9, 9, 22, 22, 9, 9, 17, 0, 7, 9, 25, 9, 1, 11, 9, 9, 9, 5, 8, 9, 14, 5, 22, 17, 17, 11, 1, 16, 2, 16, 12, 17, 22, 6, 21, 7, 9, 11, 3, 11, 16, 9, 14, 17, 17, 17, 7, 15, 14, 1, 9, 16, 9, 9, 12, 5, 9, 9, 9, 12, 8, 8, 13, 12, 7, 9, 14, 9, 9, 14, 8, 9, 7, 9, 0, 9, 9, 9, 9, 9]",0.24950369738569356,26,0.13070866141732285,0.007874015748031496,1.0801508105128408
jfreechart,8,seed8_solution056,0.6394785338884718,5.332492086906139,1.0406815872476711,0.6394785338884718,-5.332492086906139,1.0406815872476711,True,False,,,"[0, 1, 2, 3, 3, 2, 0, 2, 2, 1, 2, 3, 4, 4, 5, 6, 2, 2, 2, 4, 0, 2, 7, 2, 1, 2, 2, 0, 1, 0, 0, 0, 0, 0, 1, 0, 0, 8, 0, 0, 7, 7, 0, 0, 0, 5, 0, 0, 0, 5, 0, 5, 0, 0, 5, 0, 1, 5, 6, 5, 6, 5, 5, 6, 5, 5, 5, 5, 0, 5, 5, 3, 1, 5, 5, 5, 8, 5, 5, 6, 5, 5, 5, 9, 5, 8, 2, 6, 10, 1, 10, 5, 8, 11, 5, 5, 5, 5, 5, 5, 5, 5, 5, 2, 2, 2, 2, 2, 2, 2, 2, 2, 2, 2, 2, 3, 2, 2, 2, 2, 12, 2, 6, 2, 0, 2, 13, 4, 8, 2, 5, 5, 5, 0, 0, 2, 5, 5, 5, 2, 6, 2, 13, 6, 6, 3, 2, 4, 2, 4, 2, 1, 2, 2, 1, 2, 2, 2, 2, 2, 11, 0, 0, 5, 9, 0, 2, 2, 2, 2, 4, 9, 6, 2, 0, 3, 1, 0, 2, 2, 2, 2, 2, 2, 2, 6, 2, 6, 1, 11, 14, 14, 14, 0, 9, 2, 5, 6, 14, 13, 13, 4, 7, 4, 4, 6, 3, 1, 4, 6, 2, 15, 6, 1, 1, 14, 6, 1, 16, 9, 4, 4, 4, 7, 6, 6, 6, 16, 6, 6, 6, 6, 6, 6, 6, 6, 2, 1, 0, 2, 0, 8, 1, 0, 6, 5, 0, 6, 5, 5, 0, 8, 0, 0, 5, 0, 1, 9, 5, 4, 0, 4, 0, 0, 2, 2, 2, 2, 1, 1, 9, 1, 0, 3, 0, 2, 0, 4, 0, 5, 1, 0, 0, 0, 5, 3, 11, 0, 5, 2, 5, 6, 6, 6, 6, 6, 6, 6, 0, 6, 6, 6, 6, 6, 6, 6, 6, 0, 3, 4, 4, 6, 4, 6, 17, 4, 4, 4, 2, 0, 4, 15, 17, 4, 4, 8, 4, 4, 4, 0, 1, 4, 4, 18, 4, 4, 4, 15, 4, 4, 4, 0, 9, 4, 2, 4, 7, 6, 4, 4, 4, 4, 1, 4, 19, 4, 5, 15, 4, 4, 4, 4, 16, 4, 4, 4, 4, 5, 4, 4, 4, 1, 7, 5, 4, 4, 4, 4, 5, 4, 3, 4, 4, 15, 4, 1, 0, 4, 4, 4, 4, 4, 5, 2, 4, 4, 3, 4, 14, 2, 2, 20, 2, 11, 2, 6, 2, 2, 3, 3, 2, 2, 4, 19, 1, 14, 1, 1, 1, 4, 1, 6, 21, 4, 15, 3, 4, 6, 19, 22, 4, 21, 14, 6, 4, 6, 6, 0, 5, 6, 0, 9, 9, 11, 11, 8, 11, 11, 9, 3, 11, 17, 8, 11, 23, 22, 1, 4, 5, 11, 5, 11, 23, 7, 13, 19, 15, 14, 13, 11, 7, 15, 5, 5, 5, 23, 6, 6, 3, 6, 13, 13, 11, 23, 23, 13, 17, 13, 11, 11, 5, 0, 13, 17, 11, 0, 23, 17, 11, 13, 23, 23, 9, 9, 22, 3, 17, 1, 9, 9, 8, 13, 8, 0, 6, 17, 17, 17, 23, 22, 12, 16, 13, 16, 17, 15, 6, 4, 1, 4, 13, 14, 17, 14, 11, 17, 23, 6, 3, 6, 13, 8, 4, 1, 5, 5, 9, 2, 3, 9, 2, 9, 9, 8, 9, 9, 9, 22, 22, 9, 9, 17, 0, 7, 9, 24, 9, 1, 11, 9, 9, 9, 5, 8, 9, 15, 5, 23, 17, 17, 11, 1, 11, 2, 11, 13, 17, 23, 6, 23, 7, 9, 11, 3, 11, 11, 9, 15, 17, 17, 17, 7, 15, 14, 1, 9, 16, 9, 9, 11, 5, 9, 9, 9, 11, 8, 8, 19, 11, 7, 9, 15, 9, 9, 15, 8, 9, 7, 9, 0, 9, 9, 9, 9, 9]",0.24657178394696072,25,0.13070866141732285,0.004724409448818898,1.0406815872476711
jfreechart,8,seed8_solution057,0.6413555388710668,5.312097447305178,1.0365028454742888,0.6413555388710668,-5.312097447305178,1.0365028454742888,True,False,,,"[0, 1, 2, 3, 3, 2, 0, 2, 2, 1, 2, 3, 4, 4, 5, 6, 2, 2, 2, 4, 0, 2, 7, 2, 1, 2, 2, 0, 1, 0, 0, 0, 0, 0, 1, 0, 0, 8, 0, 0, 7, 7, 0, 0, 0, 5, 0, 0, 0, 5, 0, 5, 0, 0, 5, 0, 1, 5, 6, 5, 6, 5, 5, 6, 5, 5, 5, 5, 0, 5, 5, 3, 1, 5, 5, 5, 8, 5, 5, 6, 5, 5, 5, 9, 5, 8, 2, 6, 10, 1, 10, 5, 8, 11, 5, 5, 5, 5, 12, 5, 5, 5, 5, 2, 2, 2, 2, 2, 2, 2, 2, 2, 2, 2, 2, 3, 2, 2, 2, 2, 13, 2, 6, 2, 0, 2, 14, 4, 8, 2, 5, 5, 5, 0, 0, 2, 5, 5, 5, 2, 6, 2, 14, 6, 6, 3, 2, 4, 2, 4, 2, 1, 2, 2, 1, 2, 2, 2, 2, 2, 11, 0, 0, 5, 9, 0, 2, 2, 2, 2, 4, 9, 6, 2, 0, 3, 1, 0, 2, 2, 2, 2, 2, 2, 2, 6, 2, 6, 1, 11, 15, 15, 15, 0, 9, 2, 5, 6, 15, 14, 14, 4, 7, 4, 4, 6, 3, 1, 4, 6, 2, 16, 6, 1, 1, 15, 6, 1, 17, 9, 4, 4, 4, 7, 6, 6, 6, 17, 6, 6, 6, 6, 6, 6, 6, 6, 2, 1, 0, 2, 0, 8, 1, 0, 6, 5, 0, 6, 5, 5, 0, 8, 0, 0, 5, 0, 1, 9, 5, 4, 0, 4, 0, 0, 2, 2, 2, 2, 1, 1, 9, 1, 0, 3, 0, 2, 0, 4, 0, 5, 1, 0, 0, 0, 5, 3, 11, 0, 5, 2, 5, 6, 6, 6, 6, 6, 6, 6, 0, 6, 6, 6, 6, 6, 6, 6, 6, 0, 3, 4, 4, 6, 4, 6, 18, 4, 4, 4, 2, 0, 4, 16, 18, 4, 4, 8, 4, 4, 4, 0, 1, 4, 4, 19, 4, 4, 4, 16, 4, 4, 4, 0, 9, 4, 2, 4, 7, 6, 4, 4, 4, 4, 1, 4, 20, 4, 5, 16, 4, 4, 4, 4, 17, 4, 4, 4, 4, 5, 4, 4, 4, 1, 7, 5, 4, 4, 4, 4, 5, 4, 3, 4, 4, 16, 4, 1, 0, 4, 4, 4, 4, 4, 5, 2, 4, 4, 3, 4, 15, 2, 2, 21, 2, 11, 2, 6, 2, 2, 3, 3, 2, 2, 4, 20, 1, 15, 1, 1, 1, 4, 1, 6, 22, 4, 16, 3, 4, 6, 20, 23, 4, 22, 15, 6, 4, 6, 6, 0, 5, 6, 0, 9, 9, 11, 11, 8, 11, 11, 9, 20, 11, 18, 8, 11, 12, 23, 1, 4, 5, 11, 5, 11, 12, 7, 14, 20, 16, 15, 14, 11, 7, 16, 5, 5, 5, 12, 6, 6, 3, 6, 14, 14, 11, 12, 12, 14, 18, 14, 11, 11, 5, 0, 14, 18, 11, 0, 12, 18, 11, 14, 12, 12, 9, 9, 23, 3, 18, 1, 9, 9, 8, 14, 8, 0, 6, 18, 18, 18, 12, 23, 13, 17, 14, 17, 18, 16, 6, 4, 1, 4, 14, 15, 18, 15, 11, 18, 12, 6, 3, 6, 14, 8, 4, 1, 5, 5, 9, 2, 3, 9, 2, 9, 9, 8, 9, 9, 9, 23, 23, 9, 9, 18, 0, 7, 9, 24, 9, 1, 11, 9, 9, 9, 5, 8, 9, 16, 5, 12, 18, 18, 11, 1, 11, 2, 11, 14, 18, 12, 6, 12, 7, 9, 11, 3, 11, 11, 9, 16, 18, 18, 18, 7, 16, 15, 1, 9, 17, 9, 9, 11, 5, 9, 9, 9, 11, 8, 8, 20, 11, 7, 9, 16, 9, 9, 16, 8, 9, 7, 9, 0, 9, 9, 9, 9, 9]",0.245079239982701,25,0.13070866141732285,0.004724409448818898,1.0365028454742888
jfreechart,8,seed8_solution058,0.6588628762541806,0.1461552806249776,0.5563737404869843,0.6588628762541806,-0.1461552806249776,0.5563737404869843,True,False,,,"[0, 1, 0, 1, 0, 1, 1, 0, 2, 0, 0, 0, 0, 1, 1, 2, 1, 0, 0, 1, 1, 0, 1, 0, 1, 1, 0, 1, 0, 2, 1, 0, 0, 1, 1, 1, 1, 1, 0, 1, 2, 0, 2, 0, 0, 0, 0, 1, 0, 1, 1, 1, 1, 0, 1, 2, 1, 1, 1, 1, 0, 0, 0, 2, 0, 1, 1, 2, 2, 1, 0, 0, 1, 0, 0, 0, 0, 0, 0, 1, 2, 0, 0, 0, 0, 1, 0, 1, 0, 1, 0, 2, 0, 0, 1, 1, 1, 1, 2, 1, 1, 2, 1, 0, 1, 0, 0, 1, 2, 0, 0, 2, 0, 1, 1, 1, 1, 0, 0, 1, 0, 0, 2, 0, 0, 1, 1, 1, 1, 0, 2, 1, 0, 1, 0, 0, 1, 1, 0, 0, 1, 0, 1, 1, 0, 1, 2, 0, 1, 2, 1, 2, 1, 2, 1, 0, 0, 2, 1, 0, 1, 0, 2, 0, 0, 0, 0, 1, 0, 0, 0, 1, 0, 1, 0, 0, 0, 1, 0, 2, 1, 2, 1, 0, 0, 0, 2, 0, 0, 1, 2, 0, 0, 1, 1, 0, 0, 0, 1, 0, 1, 2, 1, 0, 1, 1, 1, 0, 0, 0, 1, 0, 2, 0, 0, 1, 1, 1, 1, 0, 0, 0, 1, 1, 1, 2, 0, 1, 1, 1, 1, 0, 0, 0, 1, 2, 0, 1, 2, 0, 1, 0, 2, 1, 0, 1, 0, 1, 1, 0, 2, 1, 1, 1, 0, 0, 0, 1, 0, 1, 1, 2, 1, 0, 2, 0, 1, 1, 0, 1, 1, 0, 0, 2, 1, 0, 0, 1, 1, 1, 0, 1, 0, 1, 1, 2, 0, 2, 2, 1, 0, 1, 0, 0, 2, 0, 1, 2, 0, 1, 1, 2, 1, 0, 0, 1, 1, 0, 2, 1, 2, 0, 1, 0, 1, 1, 0, 1, 1, 2, 0, 1, 1, 1, 1, 2, 1, 1, 0, 1, 0, 2, 0, 1, 1, 0, 1, 0, 0, 0, 0, 0, 0, 0, 0, 1, 0, 0, 1, 2, 1, 0, 0, 0, 2, 1, 1, 0, 2, 1, 1, 0, 1, 0, 1, 0, 1, 1, 0, 1, 0, 1, 0, 0, 0, 1, 0, 0, 1, 1, 1, 1, 2, 1, 1, 0, 0, 0, 0, 0, 0, 0, 1, 1, 0, 0, 0, 0, 1, 0, 1, 0, 1, 1, 1, 0, 2, 1, 1, 0, 0, 1, 1, 0, 2, 1, 2, 1, 1, 2, 0, 0, 0, 0, 1, 1, 1, 0, 2, 1, 1, 0, 1, 1, 0, 1, 0, 0, 2, 1, 1, 1, 0, 0, 1, 1, 0, 1, 1, 1, 0, 1, 0, 0, 0, 1, 2, 0, 1, 0, 1, 1, 0, 0, 2, 0, 0, 0, 2, 1, 0, 0, 1, 0, 2, 1, 0, 0, 1, 2, 1, 0, 0, 1, 0, 0, 1, 1, 0, 2, 2, 3, 0, 2, 3, 0, 1, 1, 0, 1, 1, 1, 0, 3, 1, 3, 3, 3, 0, 1, 2, 1, 3, 0, 1, 1, 3, 3, 2, 1, 0, 1, 1, 1, 3, 0, 3, 0, 1, 3, 0, 2, 3, 1, 2, 3, 1, 0, 2, 2, 3, 1, 2, 0, 1, 0, 1, 0, 1, 1, 0, 3, 3, 0, 2, 2, 1, 3, 2, 2, 2, 1, 2, 3, 2, 2, 1, 1, 1, 3, 1, 3, 2, 2, 3, 3, 3, 3, 0, 3, 2, 1, 2, 2, 2, 0, 2, 1, 1, 2, 3, 3, 1, 3, 2, 2, 3, 0, 2, 2, 3, 0, 2, 2, 2, 2, 3, 0, 2, 2, 3, 2, 2, 0, 2, 2, 2, 2, 2, 2, 2, 0, 0, 2, 2, 0, 2, 0, 3, 3, 1, 1, 2, 3, 3]",0.0011122950000304562,4,0.3826771653543307,0.0,0.5563737404869843
jfreechart,8,seed8_solution059,0.6643573817486861,0.48322603677200926,0.584077907726362,0.6643573817486861,-0.48322603677200926,0.584077907726362,True,False,,,"[0, 1, 2, 3, 3, 2, 2, 2, 2, 4, 2, 2, 5, 5, 4, 6, 2, 2, 2, 5, 0, 2, 7, 8, 4, 2, 0, 5, 1, 0, 0, 0, 0, 0, 0, 0, 0, 0, 0, 0, 0, 0, 0, 0, 0, 0, 0, 0, 0, 6, 0, 4, 0, 0, 6, 0, 3, 4, 0, 6, 5, 6, 4, 6, 6, 4, 6, 8, 4, 6, 6, 4, 4, 4, 4, 4, 4, 1, 5, 6, 6, 4, 4, 4, 6, 9, 9, 6, 4, 4, 4, 8, 6, 6, 8, 5, 4, 4, 5, 4, 6, 4, 4, 2, 2, 2, 2, 2, 2, 2, 2, 2, 2, 2, 3, 0, 2, 2, 2, 2, 2, 2, 6, 2, 2, 5, 2, 4, 2, 2, 10, 4, 8, 0, 0, 2, 1, 5, 4, 2, 2, 2, 10, 4, 4, 11, 2, 7, 2, 2, 2, 2, 2, 2, 1, 2, 2, 2, 2, 2, 10, 0, 0, 4, 1, 3, 2, 2, 2, 8, 5, 8, 6, 7, 0, 0, 5, 0, 7, 2, 2, 2, 2, 2, 2, 2, 2, 11, 1, 11, 11, 5, 4, 0, 8, 8, 4, 6, 11, 6, 11, 11, 11, 6, 7, 6, 1, 1, 11, 6, 9, 9, 4, 1, 1, 6, 8, 11, 6, 9, 5, 5, 5, 11, 6, 4, 6, 6, 7, 6, 7, 6, 8, 6, 4, 2, 2, 1, 0, 8, 0, 1, 4, 0, 4, 0, 0, 5, 4, 5, 6, 7, 0, 0, 0, 0, 7, 6, 4, 8, 0, 5, 0, 0, 2, 2, 4, 1, 1, 1, 1, 1, 0, 0, 0, 0, 0, 0, 0, 4, 1, 0, 0, 0, 6, 7, 10, 0, 0, 2, 6, 8, 6, 6, 7, 6, 7, 6, 8, 6, 3, 7, 6, 4, 4, 1, 7, 6, 8, 7, 10, 6, 6, 6, 12, 5, 8, 5, 2, 0, 7, 11, 10, 5, 8, 5, 5, 5, 8, 0, 5, 5, 9, 8, 8, 8, 7, 9, 8, 5, 8, 0, 8, 8, 8, 8, 11, 5, 5, 5, 0, 5, 5, 5, 6, 8, 4, 6, 5, 5, 8, 8, 11, 7, 8, 5, 8, 7, 1, 8, 5, 8, 13, 8, 8, 8, 0, 8, 8, 5, 4, 5, 8, 11, 5, 3, 0, 8, 8, 8, 8, 8, 5, 4, 13, 5, 8, 8, 8, 2, 2, 9, 2, 2, 2, 2, 2, 7, 2, 2, 2, 2, 5, 11, 1, 6, 1, 1, 1, 1, 1, 6, 5, 7, 10, 4, 3, 6, 13, 4, 13, 0, 1, 6, 5, 6, 11, 0, 0, 6, 1, 9, 9, 10, 0, 2, 12, 11, 12, 7, 14, 14, 15, 15, 15, 12, 1, 5, 6, 12, 4, 14, 9, 12, 11, 11, 11, 11, 8, 14, 11, 11, 1, 2, 4, 11, 6, 8, 4, 6, 10, 14, 1, 12, 13, 14, 14, 11, 11, 11, 11, 0, 10, 10, 6, 7, 15, 10, 10, 15, 11, 15, 10, 9, 15, 10, 15, 1, 2, 10, 4, 14, 9, 7, 1, 10, 10, 15, 15, 9, 12, 13, 13, 8, 9, 12, 6, 8, 15, 5, 14, 11, 15, 11, 14, 15, 6, 14, 6, 9, 10, 15, 8, 6, 5, 11, 9, 9, 9, 9, 2, 9, 9, 4, 7, 11, 9, 10, 15, 9, 11, 10, 14, 8, 9, 4, 9, 10, 10, 9, 10, 11, 9, 15, 11, 9, 2, 15, 15, 6, 15, 6, 12, 0, 12, 8, 15, 6, 7, 15, 9, 9, 15, 15, 15, 0, 5, 6, 5, 15, 14, 14, 6, 11, 9, 7, 9, 9, 9, 10, 4, 7, 10, 9, 9, 7, 9, 7, 11, 4, 9, 4, 8, 8, 11, 11, 9, 11, 10, 9, 11, 9, 10, 9, 12]",0.23196941694888315,16,0.13070866141732285,0.0,0.584077907726362
jfreechart,8,seed8_solution060,0.6818647191317999,1.6409938974341738,0.6390286509345521,0.6818647191317999,-1.6409938974341738,0.6390286509345521,True,False,,,"[0, 1, 2, 2, 3, 2, 2, 3, 2, 1, 2, 2, 4, 5, 4, 6, 2, 2, 2, 5, 0, 2, 6, 3, 1, 2, 0, 2, 1, 1, 0, 7, 0, 0, 0, 0, 0, 0, 7, 0, 7, 7, 0, 7, 0, 0, 0, 7, 7, 4, 0, 4, 0, 0, 4, 0, 4, 4, 6, 8, 6, 4, 4, 9, 4, 4, 4, 4, 4, 4, 8, 4, 4, 4, 6, 8, 6, 6, 4, 10, 4, 4, 8, 4, 4, 10, 10, 6, 6, 4, 4, 4, 4, 4, 4, 4, 4, 4, 1, 0, 4, 4, 8, 2, 2, 2, 2, 3, 2, 2, 2, 2, 2, 2, 3, 2, 1, 3, 2, 2, 4, 2, 8, 2, 2, 2, 3, 4, 3, 2, 7, 6, 4, 0, 7, 2, 1, 4, 4, 2, 3, 2, 8, 6, 6, 5, 2, 5, 2, 4, 2, 3, 2, 2, 1, 3, 8, 2, 2, 2, 9, 4, 7, 8, 6, 3, 2, 2, 3, 2, 5, 5, 6, 6, 0, 0, 5, 7, 2, 10, 4, 2, 2, 5, 3, 2, 2, 11, 1, 11, 8, 1, 9, 0, 5, 1, 4, 6, 11, 11, 10, 9, 12, 5, 4, 5, 10, 1, 12, 6, 10, 10, 10, 1, 1, 4, 6, 8, 7, 10, 5, 5, 5, 12, 2, 6, 6, 5, 6, 6, 5, 4, 5, 6, 6, 6, 2, 1, 0, 5, 7, 1, 8, 7, 7, 0, 7, 6, 4, 4, 6, 6, 0, 0, 7, 7, 5, 4, 4, 5, 4, 5, 0, 0, 2, 3, 1, 1, 1, 1, 1, 1, 7, 0, 7, 0, 0, 0, 7, 4, 1, 0, 2, 7, 8, 5, 13, 7, 7, 2, 6, 6, 6, 6, 6, 6, 6, 6, 6, 1, 3, 6, 6, 6, 4, 6, 6, 6, 14, 11, 14, 6, 6, 11, 9, 5, 4, 5, 2, 0, 5, 3, 15, 5, 5, 5, 5, 5, 4, 0, 5, 5, 5, 5, 5, 7, 1, 5, 5, 5, 5, 7, 5, 5, 5, 5, 11, 5, 4, 5, 5, 5, 5, 1, 12, 5, 4, 9, 5, 5, 5, 5, 9, 5, 6, 4, 5, 4, 4, 5, 5, 5, 9, 8, 5, 6, 7, 11, 5, 5, 4, 5, 5, 9, 5, 5, 0, 5, 5, 1, 5, 5, 4, 4, 7, 4, 5, 9, 15, 2, 2, 6, 2, 2, 2, 3, 7, 9, 2, 3, 3, 2, 5, 3, 1, 10, 1, 1, 1, 1, 6, 6, 13, 5, 0, 4, 5, 5, 11, 6, 15, 7, 3, 12, 5, 6, 6, 7, 7, 6, 1, 10, 8, 9, 7, 16, 13, 12, 8, 5, 13, 11, 11, 6, 11, 15, 8, 4, 4, 0, 4, 7, 11, 12, 9, 8, 12, 9, 7, 7, 12, 10, 6, 4, 3, 12, 4, 6, 15, 6, 13, 1, 7, 2, 12, 9, 7, 15, 8, 11, 9, 7, 7, 6, 3, 11, 7, 7, 13, 2, 12, 7, 13, 0, 3, 15, 0, 3, 8, 13, 10, 12, 10, 12, 10, 15, 12, 13, 15, 15, 4, 0, 11, 1, 14, 4, 6, 5, 13, 8, 15, 15, 9, 11, 7, 5, 15, 0, 9, 8, 7, 12, 10, 6, 4, 8, 10, 5, 8, 10, 2, 10, 10, 10, 0, 10, 10, 7, 9, 5, 10, 8, 11, 13, 10, 10, 10, 0, 8, 13, 2, 12, 8, 16, 10, 11, 7, 12, 7, 9, 2, 15, 8, 7, 12, 7, 15, 9, 2, 7, 7, 8, 7, 7, 11, 13, 5, 9, 7, 9, 3, 7, 9, 8, 8, 8, 12, 0, 9, 7, 4, 8, 8, 10, 9, 3, 8, 11, 9, 5, 3, 10, 8, 13, 12, 8, 10, 9, 9, 8, 12, 2, 8, 8, 5]",0.21543854237215757,17,0.13070866141732285,0.0,0.6390286509345521
jfreechart,8,seed8_solution061,0.6940140604736879,1.6223576774565194,0.6363179156687163,0.6940140604736879,-1.6223576774565194,0.6363179156687163,True,False,,,"[0, 1, 2, 2, 3, 2, 2, 3, 2, 1, 2, 2, 4, 5, 4, 6, 2, 2, 2, 5, 0, 2, 6, 3, 1, 2, 0, 2, 1, 1, 0, 7, 0, 0, 0, 0, 0, 0, 7, 0, 7, 7, 0, 7, 0, 0, 0, 7, 7, 4, 0, 4, 0, 0, 4, 0, 4, 4, 6, 8, 6, 4, 4, 9, 4, 4, 4, 4, 4, 4, 8, 4, 4, 4, 6, 8, 6, 6, 4, 10, 4, 4, 8, 4, 4, 10, 10, 6, 6, 4, 4, 4, 4, 4, 4, 4, 4, 4, 1, 0, 4, 4, 8, 2, 2, 2, 2, 3, 2, 2, 2, 2, 2, 2, 11, 2, 1, 3, 2, 2, 4, 2, 8, 2, 2, 2, 3, 4, 3, 2, 7, 6, 4, 0, 7, 2, 1, 4, 4, 2, 3, 2, 8, 6, 6, 5, 2, 5, 2, 4, 2, 3, 2, 2, 1, 3, 8, 2, 2, 2, 9, 4, 7, 8, 6, 3, 2, 2, 3, 2, 5, 5, 6, 6, 0, 0, 5, 7, 2, 10, 4, 2, 2, 5, 3, 2, 2, 11, 1, 11, 8, 1, 9, 0, 5, 1, 4, 6, 11, 11, 10, 9, 12, 5, 4, 5, 10, 1, 12, 6, 10, 10, 10, 1, 1, 4, 6, 8, 7, 10, 5, 5, 5, 12, 2, 6, 6, 5, 6, 6, 5, 4, 5, 6, 6, 6, 2, 1, 0, 5, 12, 1, 8, 7, 7, 0, 7, 6, 4, 4, 6, 6, 0, 0, 7, 7, 5, 4, 4, 5, 4, 5, 0, 0, 2, 3, 1, 1, 1, 1, 1, 1, 7, 0, 7, 0, 0, 0, 7, 4, 1, 0, 2, 7, 8, 5, 13, 7, 7, 2, 6, 6, 6, 6, 6, 6, 6, 6, 6, 1, 3, 6, 6, 6, 4, 6, 6, 6, 14, 11, 14, 6, 6, 11, 9, 5, 4, 5, 2, 0, 5, 3, 15, 5, 5, 5, 5, 5, 4, 0, 5, 5, 5, 5, 5, 7, 1, 5, 5, 5, 5, 7, 5, 5, 5, 5, 11, 5, 4, 5, 5, 5, 5, 1, 12, 5, 4, 9, 5, 5, 5, 5, 9, 5, 6, 4, 5, 4, 4, 5, 5, 5, 9, 8, 5, 6, 7, 11, 5, 5, 4, 5, 5, 9, 5, 5, 0, 5, 5, 1, 5, 5, 4, 4, 7, 4, 5, 9, 15, 2, 2, 6, 2, 2, 2, 3, 7, 9, 2, 3, 3, 2, 5, 3, 1, 10, 1, 1, 1, 1, 6, 6, 13, 5, 0, 4, 5, 5, 11, 6, 15, 7, 3, 12, 5, 6, 6, 7, 7, 6, 1, 10, 8, 9, 7, 16, 13, 12, 8, 5, 13, 11, 11, 6, 11, 15, 8, 4, 4, 0, 4, 7, 11, 12, 9, 8, 12, 9, 7, 7, 12, 10, 6, 4, 3, 12, 4, 6, 15, 6, 13, 1, 7, 2, 12, 9, 7, 15, 8, 11, 9, 7, 7, 6, 3, 11, 7, 7, 13, 2, 12, 7, 13, 0, 3, 15, 0, 3, 8, 13, 10, 12, 10, 12, 10, 15, 12, 13, 15, 15, 4, 0, 11, 1, 14, 4, 6, 5, 13, 8, 15, 15, 9, 11, 7, 5, 15, 0, 9, 8, 7, 12, 10, 6, 4, 8, 10, 5, 8, 10, 2, 10, 10, 10, 0, 10, 10, 7, 9, 5, 10, 8, 11, 13, 10, 10, 10, 0, 8, 13, 2, 12, 8, 16, 10, 11, 7, 12, 7, 9, 2, 15, 8, 7, 12, 7, 15, 9, 2, 7, 7, 8, 7, 7, 11, 13, 5, 9, 7, 9, 3, 7, 9, 8, 8, 8, 12, 0, 9, 7, 4, 8, 8, 10, 9, 3, 8, 11, 9, 5, 3, 10, 8, 13, 12, 8, 10, 9, 9, 8, 12, 2, 8, 8, 5]",0.20849599347176478,17,0.13070866141732285,0.0,0.6363179156687163
jfreechart,8,seed8_solution062,0.6961299569995222,5.597371100795597,1.0872826883415778,0.6961299569995222,-5.597371100795597,1.0872826883415778,True,False,,,"[0, 1, 1, 2, 2, 2, 2, 2, 2, 1, 2, 3, 3, 4, 3, 5, 2, 2, 2, 3, 4, 2, 3, 6, 1, 2, 2, 4, 1, 0, 0, 0, 0, 0, 0, 5, 0, 7, 0, 0, 0, 0, 0, 0, 0, 3, 0, 0, 0, 6, 8, 3, 0, 0, 4, 0, 1, 7, 5, 8, 5, 3, 4, 5, 4, 3, 0, 7, 3, 3, 5, 4, 1, 3, 3, 4, 3, 4, 8, 5, 4, 7, 3, 3, 3, 7, 7, 5, 9, 3, 9, 2, 3, 1, 3, 3, 3, 3, 3, 3, 3, 3, 3, 2, 2, 2, 2, 2, 2, 2, 2, 2, 2, 2, 2, 3, 2, 2, 2, 6, 2, 0, 5, 2, 2, 2, 10, 3, 2, 6, 3, 4, 8, 0, 0, 2, 4, 3, 3, 2, 7, 2, 7, 5, 5, 0, 2, 3, 6, 7, 2, 2, 2, 6, 5, 2, 2, 2, 6, 2, 7, 0, 0, 2, 8, 2, 2, 2, 2, 2, 4, 7, 5, 5, 0, 0, 4, 0, 6, 6, 11, 2, 2, 2, 2, 7, 1, 12, 3, 12, 12, 12, 6, 0, 6, 3, 0, 5, 12, 11, 5, 3, 8, 4, 3, 3, 1, 1, 10, 5, 3, 12, 5, 1, 1, 13, 5, 12, 12, 7, 4, 5, 4, 12, 5, 5, 5, 5, 5, 0, 5, 5, 7, 5, 5, 5, 2, 1, 0, 14, 0, 1, 3, 0, 0, 0, 0, 1, 3, 3, 2, 3, 0, 0, 4, 0, 4, 3, 4, 3, 0, 4, 0, 0, 2, 2, 1, 1, 1, 1, 8, 1, 0, 6, 3, 2, 0, 4, 3, 3, 1, 4, 0, 0, 4, 2, 13, 0, 3, 2, 5, 0, 0, 5, 6, 3, 5, 5, 0, 5, 6, 7, 7, 5, 5, 5, 7, 5, 3, 4, 3, 5, 5, 5, 1, 4, 4, 4, 6, 0, 3, 6, 8, 4, 3, 8, 4, 3, 3, 0, 4, 4, 4, 4, 4, 4, 4, 0, 4, 4, 3, 0, 4, 4, 4, 4, 8, 4, 4, 4, 3, 4, 8, 2, 15, 4, 3, 13, 4, 3, 4, 3, 4, 4, 4, 4, 4, 2, 3, 3, 3, 4, 12, 2, 4, 4, 4, 3, 4, 3, 4, 7, 4, 12, 3, 1, 0, 4, 4, 3, 3, 4, 3, 2, 0, 4, 4, 4, 10, 2, 2, 2, 2, 2, 2, 2, 6, 2, 2, 2, 2, 6, 4, 16, 1, 0, 1, 1, 1, 3, 1, 5, 2, 3, 5, 3, 3, 5, 16, 8, 0, 10, 1, 5, 3, 5, 5, 0, 0, 5, 2, 7, 7, 11, 11, 12, 11, 0, 8, 6, 13, 10, 8, 11, 13, 14, 1, 4, 4, 11, 3, 8, 8, 17, 12, 12, 8, 12, 8, 8, 12, 13, 3, 0, 4, 7, 5, 5, 7, 7, 6, 8, 13, 8, 14, 11, 8, 6, 5, 15, 12, 0, 8, 8, 2, 0, 8, 4, 8, 12, 8, 8, 7, 4, 8, 8, 8, 1, 7, 6, 7, 11, 7, 12, 5, 7, 5, 8, 14, 2, 18, 7, 17, 1, 19, 20, 7, 3, 10, 4, 11, 12, 8, 12, 11, 10, 13, 5, 2, 3, 8, 1, 4, 5, 3, 7, 7, 7, 7, 7, 6, 7, 7, 12, 7, 14, 7, 12, 12, 7, 7, 20, 8, 6, 4, 21, 4, 0, 8, 7, 7, 8, 4, 14, 3, 8, 8, 5, 10, 6, 11, 8, 8, 8, 8, 8, 8, 12, 5, 8, 8, 7, 4, 8, 8, 13, 14, 12, 8, 20, 1, 17, 12, 12, 1, 7, 17, 8, 8, 2, 3, 12, 2, 20, 13, 14, 12, 22, 15, 12, 7, 7, 7, 0, 12, 7, 7, 4, 7, 7, 7, 2, 4, 7, 4]",0.18268353126931644,23,0.13385826771653545,0.006299212598425197,1.0872826883415778
jfreechart,8,seed8_solution063,0.7023411371237458,1.6265646958196176,0.6351241821608224,0.7023411371237458,-1.6265646958196176,0.6351241821608224,True,False,,,"[0, 1, 2, 2, 3, 2, 2, 3, 2, 1, 2, 2, 4, 5, 4, 6, 2, 2, 2, 5, 0, 2, 6, 3, 1, 2, 0, 2, 1, 1, 0, 7, 0, 0, 0, 0, 0, 0, 7, 0, 7, 7, 0, 7, 0, 0, 0, 7, 7, 4, 0, 4, 0, 0, 4, 0, 4, 4, 6, 8, 6, 4, 4, 9, 4, 4, 4, 4, 4, 4, 8, 4, 4, 4, 6, 8, 6, 6, 4, 10, 4, 4, 8, 4, 4, 10, 10, 6, 6, 4, 4, 4, 4, 4, 4, 4, 4, 4, 1, 0, 4, 4, 8, 2, 2, 2, 2, 3, 2, 2, 2, 2, 2, 2, 3, 2, 1, 3, 2, 2, 4, 2, 8, 2, 2, 2, 3, 4, 3, 2, 7, 6, 4, 0, 7, 2, 1, 4, 4, 2, 3, 2, 8, 6, 6, 5, 2, 5, 2, 4, 2, 3, 2, 2, 1, 3, 8, 2, 2, 2, 9, 4, 7, 8, 6, 3, 2, 2, 3, 2, 5, 5, 6, 6, 0, 0, 5, 7, 2, 10, 4, 2, 2, 5, 3, 2, 2, 11, 1, 11, 8, 1, 9, 0, 5, 1, 4, 6, 11, 11, 10, 9, 12, 5, 4, 5, 10, 1, 12, 6, 10, 10, 10, 1, 1, 4, 6, 8, 7, 10, 5, 5, 5, 12, 2, 6, 6, 5, 6, 6, 5, 4, 5, 6, 6, 6, 2, 1, 0, 5, 7, 1, 8, 7, 7, 0, 7, 6, 4, 4, 6, 6, 0, 0, 7, 7, 5, 4, 4, 5, 4, 5, 0, 0, 2, 3, 1, 1, 1, 1, 1, 1, 13, 0, 7, 0, 0, 0, 7, 4, 1, 0, 2, 7, 8, 5, 13, 7, 7, 2, 6, 6, 6, 6, 6, 6, 6, 6, 6, 1, 3, 6, 6, 6, 4, 6, 6, 6, 14, 11, 14, 6, 6, 11, 9, 5, 4, 5, 2, 0, 5, 3, 15, 5, 5, 5, 5, 5, 4, 0, 5, 5, 5, 5, 5, 7, 1, 5, 5, 5, 5, 7, 5, 5, 5, 5, 11, 5, 4, 5, 5, 5, 5, 1, 12, 5, 4, 9, 5, 5, 5, 5, 9, 5, 6, 4, 5, 4, 4, 5, 5, 5, 9, 8, 5, 6, 7, 11, 5, 5, 4, 5, 5, 9, 5, 5, 0, 5, 5, 1, 5, 5, 4, 4, 7, 4, 5, 9, 15, 2, 2, 6, 2, 2, 2, 3, 7, 9, 2, 3, 3, 2, 5, 3, 1, 10, 1, 1, 1, 1, 6, 6, 13, 5, 0, 4, 5, 5, 11, 6, 15, 7, 3, 12, 5, 6, 6, 7, 7, 6, 1, 10, 8, 9, 7, 16, 13, 12, 8, 5, 13, 11, 11, 6, 11, 15, 8, 4, 4, 0, 4, 7, 11, 12, 9, 8, 12, 9, 7, 7, 12, 10, 6, 4, 3, 12, 4, 6, 15, 6, 13, 1, 7, 2, 12, 9, 7, 15, 8, 11, 9, 7, 7, 6, 3, 11, 7, 7, 13, 2, 12, 7, 13, 0, 3, 15, 0, 3, 8, 13, 10, 12, 10, 12, 10, 15, 12, 13, 15, 15, 4, 0, 11, 1, 14, 4, 6, 5, 13, 8, 15, 15, 9, 11, 7, 5, 15, 0, 9, 8, 7, 12, 10, 6, 4, 8, 10, 5, 8, 10, 2, 10, 10, 10, 0, 10, 10, 7, 9, 5, 10, 8, 11, 13, 10, 10, 10, 0, 8, 13, 2, 12, 8, 16, 10, 11, 7, 12, 7, 9, 2, 15, 8, 7, 12, 7, 15, 9, 2, 7, 7, 8, 7, 7, 11, 13, 5, 9, 7, 9, 3, 7, 9, 8, 8, 8, 12, 0, 9, 7, 4, 8, 8, 10, 9, 3, 8, 11, 9, 5, 3, 10, 8, 13, 12, 8, 10, 9, 9, 8, 12, 2, 8, 12, 5]",0.20025780554712772,17,0.13070866141732285,0.0,0.6351241821608224
jfreechart,8,seed8_solution064,0.7186198894273429,3.9695113669679443,0.6573063091916647,0.7186198894273429,-3.9695113669679443,0.6573063091916647,True,False,,,"[0, 1, 2, 2, 3, 2, 2, 3, 3, 1, 2, 2, 4, 5, 4, 6, 2, 7, 2, 5, 8, 3, 6, 3, 1, 2, 9, 2, 2, 9, 9, 9, 7, 9, 2, 4, 6, 8, 9, 9, 9, 9, 4, 9, 4, 9, 9, 9, 9, 4, 9, 4, 9, 3, 4, 9, 4, 8, 6, 8, 6, 4, 4, 10, 4, 4, 4, 4, 4, 4, 8, 4, 4, 4, 6, 8, 4, 6, 4, 4, 3, 4, 8, 4, 4, 7, 8, 4, 6, 4, 8, 8, 4, 8, 4, 6, 4, 4, 1, 0, 4, 4, 8, 5, 2, 2, 1, 3, 3, 2, 2, 2, 2, 2, 2, 2, 1, 3, 2, 3, 4, 2, 8, 2, 2, 3, 3, 8, 3, 2, 8, 6, 11, 9, 9, 12, 1, 4, 4, 3, 3, 2, 8, 6, 6, 3, 2, 5, 9, 4, 3, 3, 2, 2, 8, 3, 8, 3, 3, 2, 1, 9, 9, 8, 6, 3, 2, 2, 3, 2, 4, 5, 6, 6, 9, 9, 5, 9, 2, 7, 4, 2, 2, 5, 3, 2, 3, 13, 2, 13, 6, 1, 0, 2, 5, 1, 6, 6, 13, 13, 7, 14, 12, 5, 4, 4, 7, 1, 12, 4, 4, 13, 6, 1, 1, 4, 6, 0, 9, 0, 5, 5, 5, 12, 2, 6, 6, 4, 13, 6, 6, 4, 8, 6, 6, 6, 2, 6, 4, 5, 9, 1, 8, 9, 9, 9, 9, 6, 1, 9, 6, 6, 9, 9, 9, 9, 5, 4, 4, 9, 4, 5, 9, 9, 2, 3, 1, 1, 1, 1, 8, 1, 9, 3, 9, 9, 6, 9, 9, 4, 1, 9, 2, 9, 8, 5, 14, 9, 9, 2, 13, 6, 6, 12, 6, 4, 6, 8, 2, 1, 6, 2, 6, 6, 4, 6, 6, 1, 15, 13, 15, 6, 6, 13, 10, 5, 4, 5, 2, 9, 4, 3, 14, 5, 5, 5, 5, 5, 5, 1, 5, 5, 5, 5, 5, 9, 1, 5, 5, 5, 5, 9, 5, 4, 5, 5, 13, 5, 4, 5, 9, 5, 5, 4, 12, 5, 4, 7, 5, 5, 5, 5, 12, 4, 6, 4, 5, 4, 4, 8, 5, 5, 0, 8, 5, 4, 9, 13, 5, 5, 6, 5, 4, 12, 5, 5, 9, 5, 5, 5, 5, 5, 0, 6, 9, 4, 5, 5, 14, 3, 2, 6, 2, 2, 2, 3, 9, 10, 2, 3, 3, 2, 5, 13, 1, 7, 1, 1, 1, 4, 6, 6, 14, 5, 0, 8, 5, 5, 2, 6, 16, 9, 3, 3, 5, 6, 6, 9, 9, 12, 1, 8, 8, 13, 9, 16, 13, 12, 14, 5, 13, 13, 13, 6, 13, 14, 8, 4, 4, 0, 4, 1, 13, 2, 0, 8, 12, 3, 13, 14, 12, 7, 4, 2, 3, 12, 4, 6, 14, 6, 12, 1, 1, 2, 12, 10, 10, 14, 12, 13, 0, 9, 14, 6, 3, 13, 12, 14, 13, 2, 14, 13, 14, 0, 13, 14, 10, 3, 2, 8, 7, 12, 7, 12, 6, 14, 13, 10, 14, 14, 4, 0, 3, 6, 11, 4, 6, 5, 13, 4, 14, 14, 12, 13, 9, 13, 14, 0, 1, 8, 0, 12, 5, 6, 8, 8, 7, 5, 7, 7, 2, 7, 7, 7, 0, 7, 7, 0, 10, 5, 7, 12, 13, 0, 13, 0, 7, 0, 10, 0, 2, 12, 8, 16, 5, 13, 4, 0, 0, 10, 2, 14, 8, 9, 12, 10, 14, 14, 6, 0, 12, 3, 13, 4, 13, 9, 5, 9, 10, 10, 3, 14, 0, 13, 8, 4, 8, 7, 13, 12, 4, 7, 4, 9, 14, 8, 8, 12, 10, 5, 0, 8, 8, 8, 12, 9, 7, 12, 7, 8, 12, 2, 0, 8, 5]",0.17314457100687994,17,0.12755905511811025,0.0,0.6573063091916647
jfreechart,8,seed8_solution065,0.7340113302846222,5.925590413597629,1.006366983534839,0.7340113302846222,-5.925590413597629,1.006366983534839,True,False,,,"[0, 1, 2, 2, 3, 3, 0, 3, 2, 1, 3, 4, 5, 5, 6, 6, 2, 2, 2, 5, 0, 2, 7, 2, 1, 2, 2, 5, 7, 0, 0, 0, 0, 0, 1, 0, 0, 8, 0, 0, 7, 0, 9, 0, 0, 4, 0, 0, 0, 4, 0, 4, 0, 0, 4, 0, 1, 4, 6, 4, 6, 4, 4, 4, 4, 5, 0, 4, 4, 4, 4, 2, 4, 3, 5, 7, 8, 4, 4, 6, 4, 4, 4, 9, 4, 8, 9, 6, 6, 4, 4, 4, 0, 4, 4, 6, 4, 1, 4, 4, 3, 10, 3, 0, 2, 2, 2, 2, 2, 1, 1, 2, 2, 3, 3, 8, 2, 3, 2, 3, 11, 3, 6, 0, 0, 2, 12, 4, 3, 2, 4, 4, 4, 1, 5, 1, 4, 3, 4, 3, 3, 4, 12, 0, 6, 0, 2, 5, 2, 3, 2, 3, 2, 13, 1, 2, 4, 2, 2, 3, 6, 4, 0, 0, 7, 3, 2, 3, 2, 2, 5, 9, 6, 6, 0, 0, 1, 0, 2, 3, 11, 2, 12, 2, 2, 3, 2, 9, 4, 5, 6, 7, 3, 0, 9, 5, 4, 6, 14, 12, 13, 3, 7, 5, 5, 7, 3, 1, 5, 6, 2, 15, 6, 1, 1, 13, 3, 4, 16, 1, 5, 5, 5, 7, 6, 6, 6, 0, 6, 0, 6, 6, 6, 6, 0, 6, 2, 1, 0, 5, 1, 2, 5, 0, 6, 0, 0, 6, 4, 4, 0, 6, 5, 0, 1, 0, 1, 9, 4, 5, 0, 5, 2, 1, 2, 3, 2, 2, 1, 1, 9, 1, 4, 3, 0, 2, 0, 0, 4, 4, 1, 0, 0, 0, 4, 3, 13, 0, 10, 2, 4, 6, 6, 6, 6, 6, 6, 6, 0, 6, 6, 6, 6, 5, 6, 6, 6, 0, 5, 5, 5, 6, 5, 6, 17, 1, 5, 5, 3, 0, 5, 13, 13, 5, 5, 7, 5, 5, 5, 0, 2, 2, 5, 4, 5, 5, 5, 0, 5, 5, 5, 0, 5, 0, 2, 5, 7, 5, 5, 0, 5, 5, 5, 5, 13, 5, 4, 15, 5, 5, 5, 5, 7, 5, 5, 5, 5, 4, 5, 5, 4, 4, 7, 3, 5, 5, 5, 5, 5, 5, 4, 1, 5, 15, 4, 4, 0, 5, 5, 4, 2, 5, 4, 4, 5, 4, 3, 3, 2, 2, 2, 18, 5, 13, 2, 6, 2, 2, 2, 3, 2, 2, 5, 19, 1, 14, 5, 1, 1, 0, 1, 6, 0, 5, 15, 4, 15, 16, 15, 7, 5, 17, 14, 6, 5, 6, 6, 0, 0, 6, 0, 9, 9, 9, 0, 8, 13, 13, 9, 3, 13, 13, 8, 2, 14, 20, 1, 5, 4, 13, 4, 13, 2, 7, 2, 3, 15, 7, 4, 13, 7, 15, 4, 0, 3, 21, 6, 6, 3, 6, 2, 13, 1, 21, 21, 13, 17, 2, 13, 13, 4, 0, 12, 2, 13, 0, 21, 17, 13, 12, 21, 21, 9, 9, 20, 13, 14, 1, 9, 9, 5, 1, 8, 5, 6, 17, 17, 17, 14, 3, 8, 8, 16, 16, 17, 4, 6, 5, 1, 5, 12, 14, 13, 14, 13, 17, 14, 14, 3, 4, 13, 8, 5, 6, 4, 5, 1, 2, 3, 9, 2, 9, 9, 8, 9, 9, 9, 20, 14, 9, 4, 4, 0, 11, 9, 22, 9, 1, 13, 9, 9, 9, 5, 9, 9, 7, 4, 8, 17, 17, 13, 6, 13, 13, 13, 12, 17, 21, 6, 3, 13, 3, 13, 2, 13, 13, 5, 15, 17, 14, 4, 7, 5, 14, 1, 9, 16, 9, 22, 13, 4, 9, 9, 9, 13, 8, 8, 3, 13, 7, 9, 15, 9, 0, 15, 8, 9, 7, 9, 9, 5, 5, 9, 9, 11]",0.15622929946904923,23,0.14173228346456693,0.0031496062992125984,1.006366983534839
jfreechart,8,seed8_solution066,0.7482424407890247,3.9529657559273166,0.6176240627752175,0.7482424407890247,-3.9529657559273166,0.6176240627752175,True,False,,,"[0, 1, 2, 2, 3, 0, 2, 3, 3, 1, 2, 2, 4, 5, 4, 6, 2, 7, 2, 5, 8, 3, 6, 3, 1, 2, 9, 2, 2, 9, 9, 0, 7, 9, 2, 4, 6, 8, 0, 9, 0, 9, 4, 9, 4, 9, 9, 0, 0, 4, 9, 4, 9, 3, 4, 9, 4, 8, 6, 8, 6, 4, 4, 10, 4, 4, 4, 4, 4, 4, 8, 4, 4, 4, 4, 8, 4, 6, 4, 4, 3, 4, 4, 4, 4, 7, 8, 4, 6, 4, 8, 8, 4, 8, 4, 6, 4, 4, 4, 0, 4, 4, 8, 5, 2, 2, 1, 2, 3, 2, 2, 2, 2, 2, 2, 2, 2, 3, 2, 3, 4, 2, 8, 2, 2, 3, 3, 8, 3, 2, 8, 4, 10, 9, 0, 11, 1, 4, 4, 3, 2, 2, 8, 6, 6, 3, 2, 5, 9, 4, 3, 2, 2, 2, 8, 3, 2, 3, 3, 2, 1, 9, 9, 4, 6, 3, 2, 2, 2, 2, 4, 7, 6, 6, 9, 9, 5, 0, 2, 7, 3, 2, 2, 2, 3, 2, 3, 11, 2, 11, 6, 1, 0, 2, 5, 1, 6, 6, 12, 11, 7, 13, 11, 5, 4, 4, 7, 1, 8, 4, 4, 12, 6, 1, 1, 4, 6, 0, 11, 0, 5, 5, 5, 11, 2, 6, 6, 4, 13, 6, 6, 4, 8, 6, 6, 6, 2, 6, 4, 5, 0, 1, 4, 0, 9, 9, 9, 6, 1, 9, 6, 6, 9, 9, 9, 9, 5, 4, 4, 9, 4, 1, 9, 9, 2, 2, 1, 1, 1, 1, 8, 1, 9, 3, 0, 9, 6, 9, 9, 4, 1, 9, 0, 9, 4, 5, 12, 0, 0, 2, 12, 7, 6, 14, 6, 4, 6, 8, 2, 6, 6, 2, 6, 6, 6, 6, 6, 1, 15, 5, 15, 6, 6, 12, 14, 5, 4, 5, 2, 9, 4, 3, 9, 7, 5, 5, 5, 5, 5, 1, 5, 5, 5, 5, 5, 9, 5, 5, 5, 5, 5, 0, 5, 4, 5, 5, 14, 5, 4, 5, 9, 5, 5, 4, 11, 5, 4, 7, 5, 5, 5, 5, 11, 4, 6, 5, 1, 4, 4, 8, 5, 5, 0, 8, 5, 4, 5, 12, 5, 5, 6, 5, 4, 14, 5, 5, 9, 5, 5, 5, 5, 5, 0, 6, 5, 4, 5, 5, 13, 3, 2, 2, 2, 2, 2, 3, 9, 2, 2, 3, 3, 2, 5, 13, 1, 11, 1, 1, 1, 4, 1, 6, 12, 5, 0, 8, 5, 5, 2, 6, 16, 9, 3, 3, 5, 6, 6, 9, 0, 11, 0, 8, 8, 12, 9, 9, 12, 11, 12, 5, 13, 10, 12, 10, 11, 14, 8, 4, 4, 0, 4, 1, 12, 2, 0, 11, 11, 3, 12, 12, 11, 11, 4, 2, 3, 11, 8, 6, 6, 6, 14, 1, 1, 9, 11, 10, 11, 9, 14, 11, 0, 0, 13, 11, 3, 11, 11, 12, 12, 9, 12, 13, 13, 0, 13, 9, 10, 3, 2, 8, 10, 11, 7, 14, 6, 13, 13, 11, 8, 14, 4, 0, 3, 6, 10, 14, 6, 5, 13, 4, 9, 13, 14, 12, 10, 12, 9, 13, 1, 8, 0, 12, 5, 6, 8, 8, 7, 7, 7, 7, 8, 7, 7, 7, 7, 7, 7, 0, 9, 14, 7, 14, 10, 0, 13, 0, 7, 0, 11, 0, 10, 8, 8, 10, 5, 12, 4, 0, 0, 10, 2, 12, 9, 9, 11, 10, 10, 13, 6, 0, 11, 3, 13, 4, 12, 9, 10, 9, 10, 10, 3, 12, 0, 12, 8, 4, 8, 7, 12, 11, 4, 7, 4, 9, 13, 8, 10, 11, 11, 11, 0, 8, 10, 8, 11, 9, 7, 11, 7, 8, 11, 7, 0, 8, 5]",0.15406970018853833,17,0.13070866141732285,0.0015748031496062992,0.6176240627752175
jfreechart,8,seed8_solution067,0.7543853661866085,0.561778852659865,0.5098642563693986,0.7543853661866085,-0.561778852659865,0.5098642563693986,True,False,,,"[0, 1, 2, 3, 3, 2, 2, 2, 2, 1, 3, 2, 4, 5, 4, 2, 2, 2, 2, 4, 6, 2, 7, 2, 5, 2, 2, 0, 8, 0, 9, 6, 0, 0, 10, 4, 0, 11, 0, 0, 7, 0, 0, 0, 0, 0, 0, 7, 12, 4, 0, 7, 1, 0, 4, 0, 3, 12, 6, 3, 6, 4, 4, 10, 4, 8, 10, 4, 4, 4, 4, 4, 4, 4, 4, 6, 12, 4, 4, 6, 12, 8, 11, 11, 6, 8, 1, 6, 4, 4, 8, 8, 4, 4, 8, 4, 6, 1, 4, 10, 4, 8, 2, 2, 2, 10, 2, 2, 1, 2, 3, 0, 2, 9, 2, 8, 2, 2, 2, 2, 2, 7, 4, 2, 2, 2, 3, 8, 7, 2, 4, 9, 8, 0, 0, 9, 12, 9, 3, 2, 2, 2, 2, 12, 6, 9, 2, 5, 4, 8, 0, 2, 1, 2, 10, 1, 2, 2, 3, 3, 5, 5, 1, 4, 11, 2, 0, 2, 3, 5, 0, 12, 7, 6, 0, 9, 1, 1, 2, 12, 2, 2, 2, 2, 2, 12, 2, 11, 1, 0, 11, 6, 1, 0, 5, 1, 4, 6, 11, 9, 2, 11, 11, 7, 12, 9, 1, 1, 11, 6, 11, 6, 6, 5, 1, 9, 6, 11, 7, 10, 5, 5, 0, 9, 6, 6, 6, 6, 6, 6, 6, 6, 9, 6, 6, 6, 4, 6, 4, 8, 0, 12, 7, 0, 0, 0, 0, 1, 1, 8, 12, 6, 0, 9, 1, 5, 5, 4, 4, 4, 8, 9, 0, 0, 5, 2, 1, 10, 1, 1, 1, 1, 0, 0, 0, 7, 0, 0, 0, 4, 9, 0, 9, 7, 4, 8, 12, 0, 0, 2, 6, 8, 6, 11, 7, 6, 6, 6, 6, 5, 6, 6, 6, 6, 6, 6, 6, 6, 13, 5, 4, 6, 6, 9, 14, 8, 5, 11, 2, 0, 5, 2, 14, 5, 9, 8, 5, 5, 4, 5, 5, 5, 5, 8, 5, 5, 5, 5, 8, 5, 5, 0, 4, 5, 5, 5, 10, 12, 5, 5, 5, 4, 5, 5, 7, 3, 9, 2, 4, 9, 12, 10, 11, 5, 8, 5, 4, 0, 5, 1, 3, 9, 6, 4, 5, 5, 0, 8, 10, 7, 3, 5, 6, 6, 5, 8, 0, 11, 4, 5, 5, 6, 4, 6, 4, 5, 5, 5, 11, 1, 3, 9, 2, 2, 2, 2, 2, 3, 9, 9, 2, 2, 10, 9, 1, 3, 11, 1, 5, 8, 6, 5, 12, 5, 9, 3, 5, 5, 2, 10, 15, 5, 5, 6, 1, 4, 6, 0, 0, 11, 0, 8, 9, 4, 14, 14, 9, 3, 12, 5, 9, 6, 14, 5, 4, 9, 1, 3, 4, 9, 4, 7, 13, 11, 11, 0, 11, 11, 7, 14, 9, 0, 1, 4, 2, 6, 6, 6, 6, 6, 14, 9, 14, 13, 13, 0, 15, 1, 11, 0, 11, 0, 9, 6, 7, 10, 9, 11, 1, 11, 14, 14, 2, 0, 14, 9, 9, 1, 8, 11, 1, 2, 10, 5, 6, 7, 11, 14, 14, 9, 5, 10, 2, 8, 1, 7, 9, 5, 12, 12, 14, 2, 7, 9, 14, 14, 12, 12, 11, 11, 7, 14, 5, 2, 4, 8, 8, 10, 8, 7, 12, 8, 10, 10, 11, 3, 7, 10, 14, 8, 8, 14, 12, 9, 10, 10, 7, 0, 12, 10, 10, 6, 10, 1, 11, 9, 14, 9, 9, 6, 14, 14, 9, 14, 12, 12, 9, 7, 1, 1, 3, 10, 0, 9, 9, 0, 0, 9, 4, 11, 8, 7, 9, 7, 8, 8, 12, 0, 9, 14, 4, 5, 11, 1, 14, 10, 8, 9, 11, 7, 10, 10, 8, 8, 11, 11, 8, 12, 11, 10, 11, 10, 10, 11, 12]",0.1521855714595147,16,0.10866141732283464,0.0,0.5098642563693986
jfreechart,8,seed8_solution068,0.7609719473073511,7.225379246056658,1.8920255493838765,0.7609719473073511,-7.225379246056658,1.8920255493838765,True,False,,,"[0, 1, 1, 2, 2, 0, 2, 1, 2, 0, 2, 2, 1, 1, 1, 1, 1, 1, 1, 0, 0, 0, 1, 2, 2, 0, 1, 2, 3, 0, 0, 0, 1, 1, 2, 0, 2, 1, 2, 1, 2, 1, 2, 0, 2, 0, 2, 1, 1, 0, 0, 1, 0, 2, 1, 1, 0, 2, 2, 1, 2, 1, 2, 1, 4, 1, 2, 2, 1, 2, 5, 1, 1, 0, 0, 2, 0, 2, 0, 6, 0, 2, 1, 7, 2, 2, 0, 2, 8, 0, 8, 2, 1, 2, 1, 1, 0, 0, 0, 0, 2, 7, 4, 2, 0, 5, 0, 2, 2, 2, 0, 2, 1, 0, 2, 2, 0, 2, 0, 2, 5, 1, 1, 0, 0, 2, 2, 4, 1, 2, 2, 1, 1, 0, 2, 2, 4, 0, 5, 0, 2, 2, 2, 1, 0, 1, 2, 1, 0, 9, 2, 2, 2, 10, 2, 0, 0, 5, 2, 1, 1, 1, 0, 7, 7, 2, 0, 1, 0, 0, 1, 0, 9, 2, 2, 4, 1, 0, 2, 2, 2, 1, 1, 0, 0, 2, 2, 0, 1, 1, 1, 0, 0, 0, 9, 1, 0, 11, 1, 2, 0, 0, 12, 1, 9, 1, 11, 1, 1, 0, 0, 1, 2, 0, 2, 4, 0, 4, 0, 13, 1, 1, 1, 0, 1, 2, 0, 2, 1, 2, 2, 1, 2, 0, 1, 2, 4, 1, 1, 0, 2, 1, 0, 9, 0, 0, 2, 0, 2, 2, 0, 0, 2, 2, 1, 1, 1, 1, 9, 2, 0, 3, 0, 0, 2, 2, 0, 2, 0, 2, 0, 0, 0, 1, 2, 1, 1, 1, 1, 7, 1, 2, 0, 1, 0, 1, 10, 1, 2, 2, 0, 2, 1, 1, 1, 5, 11, 2, 0, 0, 9, 2, 2, 0, 1, 0, 1, 11, 2, 1, 1, 14, 0, 2, 0, 3, 2, 1, 1, 2, 9, 15, 1, 1, 2, 3, 1, 2, 13, 1, 1, 2, 9, 14, 2, 1, 1, 1, 2, 0, 0, 0, 1, 1, 0, 1, 2, 9, 1, 0, 0, 0, 1, 7, 2, 0, 2, 1, 2, 2, 2, 2, 2, 0, 0, 2, 0, 2, 2, 0, 1, 0, 12, 1, 0, 0, 2, 1, 5, 0, 0, 0, 2, 0, 2, 0, 1, 0, 0, 2, 0, 1, 1, 0, 1, 1, 9, 0, 1, 0, 1, 0, 2, 1, 0, 2, 1, 2, 1, 0, 1, 2, 0, 2, 2, 2, 5, 0, 2, 0, 1, 1, 1, 1, 1, 2, 1, 1, 6, 1, 2, 2, 0, 11, 0, 2, 0, 9, 0, 9, 0, 3, 1, 2, 1, 1, 1, 0, 0, 0, 0, 2, 16, 1, 1, 0, 0, 2, 1, 2, 9, 0, 1, 0, 1, 1, 0, 2, 0, 1, 5, 15, 1, 2, 2, 1, 0, 2, 0, 2, 2, 0, 2, 1, 2, 2, 17, 2, 15, 2, 0, 1, 2, 0, 2, 0, 1, 1, 10, 0, 2, 0, 2, 1, 0, 0, 2, 0, 1, 0, 1, 2, 1, 1, 2, 10, 0, 1, 1, 1, 2, 0, 1, 1, 1, 13, 2, 0, 0, 9, 2, 1, 1, 1, 4, 0, 1, 0, 2, 2, 2, 1, 5, 11, 4, 1, 3, 1, 2, 0, 2, 12, 1, 2, 2, 2, 1, 1, 3, 1, 0, 1, 1, 1, 0, 2, 2, 2, 2, 1, 1, 1, 2, 0, 2, 1, 1, 0, 1, 2, 0, 2, 1, 1, 2, 1, 0, 2, 1, 0, 1, 2, 0, 0, 1, 0, 5, 1, 1, 10, 10, 1, 2, 1, 1, 1, 0, 1, 1, 0, 2, 7, 1, 1, 12, 7, 2, 0, 2, 1, 1, 2, 0, 0, 12, 1, 1, 12, 2, 2, 0, 0, 1, 1, 2]",-0.00921184851833603,18,0.31181102362204727,0.0031496062992125984,1.8920255493838765
jfreechart,8,seed8_solution069,0.7670807453416149,6.125074038538956,1.0665475681128478,0.7670807453416149,-6.125074038538956,1.0665475681128478,True,False,,,"[0, 1, 1, 2, 2, 3, 3, 2, 4, 2, 2, 5, 5, 5, 5, 6, 0, 0, 2, 4, 5, 4, 0, 3, 1, 2, 0, 4, 1, 0, 0, 0, 3, 0, 0, 6, 0, 7, 0, 0, 0, 0, 8, 6, 0, 4, 0, 0, 0, 3, 9, 1, 0, 0, 4, 6, 1, 7, 6, 5, 6, 7, 5, 5, 5, 4, 0, 5, 0, 5, 6, 5, 5, 5, 4, 5, 3, 4, 5, 1, 5, 5, 6, 7, 5, 8, 3, 6, 10, 5, 10, 2, 0, 1, 4, 4, 5, 1, 5, 6, 2, 5, 2, 3, 3, 3, 3, 2, 2, 6, 0, 3, 2, 3, 6, 4, 2, 2, 2, 3, 2, 2, 2, 0, 0, 3, 11, 5, 6, 3, 5, 4, 5, 0, 0, 2, 6, 6, 5, 3, 6, 3, 3, 1, 6, 0, 2, 4, 3, 4, 6, 0, 3, 3, 6, 2, 3, 5, 3, 2, 6, 5, 7, 2, 9, 0, 3, 2, 2, 3, 4, 7, 3, 0, 0, 0, 1, 4, 3, 3, 12, 4, 2, 2, 2, 2, 1, 8, 4, 4, 5, 3, 3, 0, 7, 4, 0, 6, 13, 14, 11, 4, 4, 5, 6, 4, 1, 13, 11, 6, 6, 2, 1, 1, 6, 13, 2, 4, 1, 7, 4, 6, 3, 15, 6, 6, 6, 6, 6, 0, 6, 6, 6, 6, 6, 6, 2, 0, 6, 3, 0, 3, 0, 0, 6, 0, 0, 1, 5, 5, 0, 4, 5, 0, 5, 4, 3, 5, 5, 4, 0, 4, 3, 1, 14, 3, 1, 3, 1, 1, 7, 1, 5, 0, 4, 5, 0, 5, 4, 5, 1, 4, 0, 1, 5, 2, 14, 0, 5, 3, 5, 0, 0, 6, 6, 6, 6, 6, 6, 3, 4, 6, 6, 6, 6, 6, 6, 0, 4, 4, 4, 6, 3, 5, 1, 4, 1, 6, 3, 0, 4, 11, 11, 4, 4, 9, 3, 4, 4, 0, 3, 4, 4, 6, 4, 4, 4, 0, 6, 2, 4, 6, 4, 4, 4, 0, 9, 6, 4, 4, 4, 4, 4, 2, 11, 0, 5, 16, 4, 4, 4, 4, 5, 3, 4, 4, 4, 4, 4, 4, 5, 5, 15, 2, 4, 6, 4, 4, 4, 4, 5, 4, 4, 13, 0, 5, 0, 4, 0, 4, 3, 5, 5, 3, 4, 4, 2, 6, 3, 2, 4, 2, 4, 3, 3, 4, 3, 0, 5, 2, 3, 3, 6, 4, 1, 0, 4, 1, 1, 4, 1, 6, 2, 4, 6, 5, 4, 6, 17, 9, 0, 11, 3, 17, 4, 2, 6, 0, 0, 6, 2, 8, 8, 8, 14, 8, 11, 0, 1, 2, 14, 11, 11, 5, 14, 0, 1, 4, 5, 11, 5, 1, 3, 15, 14, 17, 9, 9, 3, 11, 5, 13, 5, 0, 5, 6, 6, 6, 7, 1, 3, 3, 2, 2, 4, 11, 18, 3, 6, 9, 5, 0, 11, 18, 2, 0, 3, 5, 5, 11, 14, 9, 8, 7, 14, 2, 18, 5, 8, 3, 4, 1, 2, 4, 6, 6, 6, 18, 9, 2, 19, 7, 15, 16, 6, 5, 6, 4, 11, 4, 14, 14, 0, 6, 14, 11, 14, 6, 2, 4, 11, 1, 0, 6, 5, 4, 1, 2, 8, 5, 3, 3, 3, 8, 8, 2, 7, 14, 2, 8, 7, 18, 0, 9, 7, 20, 2, 0, 14, 8, 7, 8, 5, 8, 4, 9, 5, 6, 0, 6, 6, 6, 14, 11, 14, 11, 11, 3, 3, 9, 6, 2, 5, 3, 6, 14, 5, 13, 14, 18, 5, 15, 13, 11, 8, 7, 4, 6, 3, 2, 5, 8, 2, 8, 14, 3, 0, 17, 2, 9, 7, 9, 7, 0, 13, 2, 7, 5, 7, 0, 4, 4, 4, 11, 12]",0.10697526945045004,21,0.15748031496062992,0.0031496062992125984,1.0665475681128478
jfreechart,8,seed8_solution070,0.7686847314176507,7.1308258461698175,1.867255058443518,0.7686847314176507,-7.1308258461698175,1.867255058443518,True,False,,,"[0, 1, 1, 2, 2, 0, 2, 1, 2, 0, 2, 2, 1, 1, 1, 1, 1, 1, 1, 0, 0, 0, 1, 2, 2, 0, 1, 2, 3, 0, 0, 0, 1, 1, 2, 0, 2, 1, 2, 1, 2, 1, 2, 0, 2, 0, 2, 1, 1, 0, 0, 1, 0, 2, 1, 1, 0, 2, 2, 1, 2, 1, 2, 1, 4, 1, 2, 2, 1, 2, 5, 1, 1, 0, 0, 2, 0, 2, 0, 6, 0, 2, 1, 7, 2, 2, 0, 2, 8, 0, 8, 2, 1, 2, 1, 1, 0, 0, 0, 0, 2, 7, 4, 2, 0, 5, 0, 2, 2, 2, 0, 2, 1, 0, 2, 2, 0, 2, 0, 2, 5, 1, 1, 0, 0, 2, 2, 4, 1, 2, 2, 1, 1, 0, 2, 2, 4, 0, 5, 0, 2, 2, 2, 1, 0, 1, 2, 1, 0, 9, 2, 2, 2, 10, 7, 0, 0, 5, 2, 1, 1, 1, 0, 7, 7, 2, 0, 1, 0, 0, 1, 0, 9, 2, 2, 4, 1, 0, 2, 2, 2, 1, 1, 0, 0, 2, 2, 0, 1, 1, 1, 0, 0, 10, 9, 1, 0, 11, 1, 2, 0, 0, 12, 1, 9, 1, 11, 1, 1, 0, 0, 1, 2, 0, 2, 4, 0, 4, 0, 13, 1, 1, 1, 0, 1, 2, 0, 2, 1, 2, 2, 1, 2, 0, 1, 2, 4, 1, 1, 0, 2, 1, 0, 9, 0, 0, 2, 0, 2, 2, 0, 0, 2, 2, 1, 1, 1, 1, 9, 2, 0, 3, 0, 0, 2, 2, 0, 2, 0, 2, 0, 0, 0, 1, 14, 1, 1, 1, 1, 7, 1, 2, 0, 1, 0, 1, 10, 1, 2, 2, 0, 2, 1, 1, 1, 5, 11, 2, 0, 0, 9, 2, 2, 0, 1, 0, 1, 11, 2, 1, 1, 14, 0, 2, 0, 3, 2, 1, 1, 2, 9, 15, 1, 1, 2, 3, 1, 2, 13, 1, 1, 2, 9, 14, 2, 1, 1, 1, 2, 0, 0, 0, 1, 1, 0, 1, 2, 9, 1, 0, 0, 0, 1, 7, 2, 0, 2, 1, 2, 2, 2, 2, 2, 0, 0, 2, 0, 2, 2, 0, 1, 0, 12, 1, 0, 0, 2, 1, 5, 0, 0, 0, 13, 0, 2, 0, 1, 0, 0, 2, 0, 1, 1, 0, 1, 1, 9, 0, 1, 0, 1, 0, 2, 1, 0, 2, 1, 2, 1, 0, 1, 2, 0, 2, 2, 2, 5, 0, 2, 0, 1, 1, 1, 1, 11, 2, 1, 1, 6, 1, 2, 2, 0, 11, 0, 2, 0, 9, 0, 9, 0, 3, 1, 2, 1, 1, 1, 0, 0, 0, 0, 2, 16, 1, 1, 0, 0, 2, 1, 2, 9, 0, 1, 0, 1, 1, 0, 2, 0, 1, 5, 15, 1, 2, 2, 1, 0, 2, 7, 2, 2, 0, 2, 1, 2, 2, 17, 2, 15, 2, 0, 1, 2, 0, 2, 0, 1, 1, 10, 0, 2, 0, 2, 1, 0, 0, 2, 0, 1, 0, 1, 2, 1, 1, 2, 10, 0, 1, 1, 1, 2, 0, 1, 1, 1, 13, 2, 0, 0, 9, 2, 1, 1, 1, 4, 0, 1, 0, 2, 2, 2, 1, 5, 11, 4, 1, 3, 1, 2, 0, 2, 12, 1, 2, 2, 2, 1, 1, 3, 1, 0, 1, 1, 1, 0, 2, 2, 2, 2, 1, 1, 1, 2, 0, 2, 1, 1, 0, 1, 2, 0, 2, 1, 1, 2, 1, 0, 2, 1, 0, 1, 2, 0, 0, 1, 0, 5, 1, 1, 10, 10, 1, 2, 1, 1, 1, 0, 1, 1, 0, 2, 7, 1, 1, 12, 7, 2, 0, 2, 1, 1, 2, 0, 0, 12, 1, 1, 12, 2, 2, 0, 0, 1, 1, 2]",-0.010303643457433516,18,0.3102362204724409,0.0031496062992125984,1.867255058443518
jfreechart,8,seed8_solution071,0.7724728687461607,10.997018675707714,1.4416899239918666,0.7724728687461607,-10.997018675707714,1.4416899239918666,True,False,,,"[0, 1, 1, 0, 2, 0, 1, 3, 2, 0, 2, 0, 1, 1, 1, 2, 1, 2, 1, 4, 0, 0, 1, 2, 2, 1, 1, 1, 5, 2, 6, 0, 1, 0, 2, 0, 1, 1, 2, 1, 2, 0, 2, 1, 2, 0, 6, 1, 0, 4, 1, 5, 1, 2, 4, 4, 0, 2, 1, 1, 1, 1, 2, 1, 0, 5, 2, 2, 1, 2, 2, 1, 1, 1, 2, 2, 0, 0, 0, 0, 2, 0, 5, 0, 1, 1, 0, 2, 0, 0, 0, 2, 1, 0, 4, 1, 4, 1, 0, 1, 2, 7, 0, 2, 0, 0, 6, 2, 2, 2, 0, 2, 0, 0, 0, 0, 3, 8, 2, 1, 8, 1, 1, 1, 0, 2, 0, 1, 3, 2, 4, 0, 1, 1, 2, 0, 2, 0, 1, 0, 1, 0, 1, 1, 1, 1, 0, 1, 1, 6, 2, 2, 2, 2, 2, 0, 1, 2, 1, 0, 1, 0, 0, 0, 0, 2, 0, 3, 0, 0, 1, 0, 0, 3, 0, 0, 1, 2, 2, 0, 2, 2, 1, 0, 0, 5, 6, 0, 1, 1, 0, 0, 1, 0, 1, 0, 0, 5, 1, 0, 1, 1, 4, 1, 0, 1, 5, 2, 1, 0, 1, 3, 2, 2, 2, 0, 0, 2, 1, 0, 1, 1, 0, 1, 1, 2, 0, 6, 1, 0, 2, 1, 2, 0, 1, 2, 3, 1, 0, 0, 2, 0, 0, 2, 0, 0, 2, 2, 2, 0, 2, 6, 1, 2, 1, 1, 0, 6, 0, 2, 0, 1, 2, 0, 2, 0, 4, 2, 8, 0, 0, 0, 1, 1, 6, 0, 1, 1, 1, 0, 1, 2, 1, 1, 0, 1, 1, 2, 7, 0, 4, 2, 1, 0, 5, 0, 2, 2, 2, 1, 1, 2, 2, 1, 0, 0, 1, 8, 2, 1, 1, 0, 5, 0, 1, 1, 2, 1, 2, 2, 0, 8, 2, 1, 0, 0, 4, 2, 0, 2, 1, 2, 1, 0, 1, 4, 1, 1, 2, 0, 6, 0, 1, 1, 0, 1, 2, 0, 0, 2, 1, 0, 1, 1, 2, 0, 1, 1, 0, 0, 2, 2, 5, 0, 1, 2, 0, 2, 3, 0, 1, 2, 2, 1, 0, 0, 6, 1, 2, 1, 0, 0, 2, 1, 2, 0, 1, 1, 0, 2, 2, 0, 0, 5, 8, 1, 0, 0, 1, 0, 1, 0, 1, 1, 1, 1, 2, 2, 1, 0, 1, 6, 0, 2, 2, 2, 2, 0, 2, 0, 0, 5, 1, 1, 1, 2, 1, 1, 1, 1, 2, 2, 0, 1, 0, 1, 0, 2, 0, 5, 0, 1, 1, 2, 0, 1, 4, 4, 0, 1, 0, 2, 2, 8, 0, 0, 2, 2, 4, 2, 1, 0, 1, 0, 2, 1, 4, 0, 2, 1, 1, 1, 1, 3, 3, 1, 0, 2, 1, 2, 2, 0, 0, 1, 0, 0, 1, 1, 0, 2, 0, 1, 3, 0, 2, 0, 2, 1, 2, 1, 1, 1, 2, 2, 1, 0, 1, 2, 1, 2, 1, 2, 4, 1, 2, 1, 0, 1, 0, 3, 2, 9, 1, 4, 1, 9, 2, 0, 0, 1, 0, 1, 1, 1, 2, 1, 1, 0, 2, 2, 5, 1, 0, 1, 0, 1, 0, 3, 2, 0, 2, 2, 1, 0, 2, 2, 1, 1, 2, 2, 0, 1, 10, 1, 2, 2, 2, 11, 1, 1, 1, 1, 1, 5, 3, 1, 6, 0, 8, 2, 2, 1, 2, 1, 2, 0, 0, 5, 1, 0, 3, 2, 0, 0, 1, 0, 5, 5, 1, 1, 0, 0, 8, 2, 1, 0, 0, 1, 1, 0, 2, 6, 1, 6, 0, 0, 4, 0, 2, 2, 2, 2, 0, 2, 1, 0, 1, 3, 2, 3, 0, 0, 2, 1, 2]",0.0003350437763152615,12,0.31968503937007875,0.0031496062992125984,1.4416899239918666
jfreechart,8,seed8_solution072,0.7733260528291585,10.997065416664519,1.4381350341552608,0.7733260528291585,-10.997065416664519,1.4381350341552608,True,False,,,"[0, 1, 1, 0, 2, 0, 1, 3, 2, 0, 2, 0, 1, 1, 1, 2, 1, 2, 1, 4, 0, 0, 1, 2, 2, 1, 1, 1, 5, 2, 6, 0, 1, 0, 2, 0, 1, 1, 2, 1, 2, 0, 2, 1, 2, 0, 6, 1, 0, 4, 1, 5, 1, 2, 4, 4, 0, 2, 1, 1, 1, 1, 2, 1, 0, 5, 2, 2, 1, 2, 2, 1, 1, 1, 2, 2, 0, 0, 0, 0, 2, 0, 5, 0, 1, 1, 0, 2, 0, 0, 0, 2, 1, 0, 4, 1, 4, 1, 0, 1, 2, 7, 0, 2, 0, 0, 6, 2, 2, 2, 0, 2, 0, 0, 0, 0, 3, 8, 2, 1, 8, 1, 1, 1, 0, 2, 0, 1, 3, 2, 4, 0, 1, 1, 2, 0, 2, 0, 1, 0, 1, 0, 1, 1, 1, 1, 0, 1, 1, 6, 2, 2, 2, 2, 2, 0, 1, 2, 1, 0, 1, 0, 0, 0, 0, 2, 0, 3, 0, 0, 1, 0, 0, 3, 0, 0, 1, 2, 2, 0, 2, 2, 1, 0, 0, 5, 6, 0, 1, 1, 0, 0, 1, 0, 1, 0, 0, 5, 1, 0, 1, 1, 4, 1, 0, 1, 5, 2, 1, 0, 1, 3, 2, 2, 2, 0, 0, 2, 1, 0, 1, 1, 0, 1, 1, 2, 0, 6, 1, 0, 2, 1, 2, 0, 1, 2, 3, 1, 0, 0, 2, 0, 0, 2, 0, 0, 2, 2, 2, 0, 2, 6, 1, 2, 1, 1, 0, 6, 0, 2, 0, 1, 2, 0, 2, 0, 4, 2, 8, 0, 0, 0, 1, 1, 6, 0, 1, 1, 1, 0, 1, 2, 1, 1, 0, 1, 1, 2, 7, 0, 4, 2, 1, 0, 5, 0, 2, 2, 2, 1, 1, 2, 2, 1, 0, 0, 1, 8, 2, 1, 1, 0, 5, 0, 1, 1, 2, 1, 2, 2, 0, 8, 2, 1, 0, 0, 4, 2, 0, 2, 1, 2, 1, 0, 1, 4, 1, 1, 2, 0, 6, 0, 1, 1, 0, 1, 2, 0, 0, 2, 1, 0, 1, 1, 2, 0, 1, 1, 0, 0, 2, 2, 5, 0, 1, 2, 0, 2, 3, 0, 1, 2, 2, 1, 0, 0, 6, 1, 2, 9, 0, 0, 2, 1, 2, 0, 1, 1, 0, 2, 2, 0, 0, 5, 8, 1, 0, 0, 1, 0, 1, 0, 1, 1, 1, 1, 2, 2, 1, 0, 1, 6, 0, 2, 2, 2, 2, 0, 2, 0, 0, 5, 1, 1, 1, 2, 1, 1, 1, 1, 2, 2, 0, 1, 0, 1, 0, 2, 0, 5, 0, 1, 1, 2, 0, 1, 4, 4, 0, 1, 0, 2, 2, 8, 0, 0, 2, 2, 4, 2, 1, 0, 1, 0, 2, 1, 4, 0, 2, 1, 1, 1, 1, 3, 3, 1, 0, 2, 1, 2, 2, 0, 0, 1, 0, 0, 1, 1, 0, 2, 0, 1, 3, 0, 2, 0, 2, 1, 2, 1, 1, 1, 0, 2, 1, 0, 1, 2, 1, 2, 1, 2, 4, 1, 2, 1, 0, 1, 0, 3, 2, 10, 1, 4, 1, 10, 2, 0, 0, 1, 0, 1, 1, 1, 2, 1, 1, 0, 2, 2, 5, 1, 0, 1, 0, 1, 0, 3, 2, 0, 2, 2, 1, 0, 2, 2, 1, 1, 2, 2, 0, 1, 9, 1, 2, 2, 2, 11, 1, 1, 1, 1, 1, 5, 3, 1, 6, 0, 8, 2, 2, 1, 2, 1, 2, 0, 0, 5, 1, 0, 3, 2, 0, 0, 1, 0, 5, 5, 1, 1, 0, 0, 8, 2, 1, 0, 0, 1, 1, 0, 2, 6, 1, 6, 0, 0, 4, 0, 2, 2, 2, 2, 0, 2, 1, 0, 1, 3, 2, 3, 0, 0, 2, 1, 2]",-0.00035528702598719376,12,0.31811023622047246,0.0015748031496062992,1.4381350341552608
jfreechart,8,seed8_solution073,0.773872090642277,10.994952732978824,1.434343123063791,0.773872090642277,-10.994952732978824,1.434343123063791,True,False,,,"[0, 1, 1, 0, 2, 0, 1, 3, 2, 0, 2, 0, 1, 1, 1, 2, 1, 2, 1, 4, 0, 0, 1, 2, 2, 1, 1, 1, 5, 2, 6, 0, 1, 0, 2, 0, 1, 1, 2, 1, 2, 0, 2, 1, 2, 0, 6, 1, 0, 4, 1, 5, 1, 2, 4, 4, 0, 2, 1, 1, 1, 1, 2, 1, 0, 5, 2, 2, 1, 2, 2, 1, 1, 1, 2, 2, 0, 0, 0, 0, 2, 0, 5, 0, 1, 1, 0, 2, 0, 0, 0, 2, 1, 0, 4, 1, 4, 1, 0, 1, 2, 7, 0, 2, 0, 0, 6, 2, 2, 2, 0, 2, 0, 0, 0, 0, 3, 8, 2, 1, 8, 1, 1, 1, 0, 2, 0, 1, 3, 2, 4, 0, 1, 1, 2, 0, 2, 0, 1, 0, 1, 0, 1, 1, 1, 1, 0, 1, 1, 6, 2, 2, 2, 2, 2, 0, 1, 2, 1, 0, 1, 0, 0, 0, 0, 2, 0, 3, 0, 0, 1, 0, 0, 3, 0, 0, 1, 2, 2, 0, 2, 2, 1, 0, 0, 5, 6, 0, 1, 1, 0, 0, 1, 0, 1, 0, 0, 5, 1, 0, 1, 5, 4, 1, 0, 1, 5, 2, 1, 0, 1, 3, 2, 2, 2, 0, 0, 2, 1, 0, 1, 1, 0, 1, 1, 2, 0, 6, 1, 0, 2, 1, 2, 0, 1, 2, 3, 1, 0, 0, 2, 0, 0, 2, 0, 0, 2, 2, 2, 0, 2, 6, 1, 2, 1, 1, 0, 6, 0, 2, 0, 1, 2, 0, 2, 0, 4, 2, 8, 0, 0, 0, 1, 1, 6, 0, 1, 1, 1, 0, 1, 2, 1, 1, 0, 1, 1, 2, 7, 0, 4, 2, 1, 0, 5, 0, 2, 2, 2, 1, 1, 2, 2, 1, 0, 0, 1, 8, 2, 1, 1, 0, 5, 0, 1, 1, 2, 1, 2, 2, 0, 8, 2, 1, 0, 0, 4, 2, 0, 2, 1, 2, 1, 0, 1, 4, 1, 1, 2, 0, 6, 0, 1, 1, 0, 1, 2, 0, 0, 2, 1, 0, 1, 1, 2, 0, 1, 1, 0, 0, 2, 2, 5, 0, 1, 2, 0, 2, 3, 0, 1, 2, 2, 1, 0, 0, 6, 1, 2, 9, 0, 0, 2, 1, 2, 0, 1, 1, 0, 2, 2, 0, 0, 5, 8, 1, 0, 0, 1, 0, 1, 0, 1, 1, 1, 1, 2, 2, 1, 0, 1, 6, 0, 2, 2, 2, 2, 0, 2, 0, 0, 5, 1, 1, 1, 2, 1, 1, 1, 1, 2, 2, 0, 1, 0, 1, 0, 2, 0, 5, 0, 1, 1, 2, 0, 1, 4, 4, 0, 1, 0, 2, 2, 8, 0, 0, 2, 2, 4, 2, 1, 0, 1, 0, 2, 1, 4, 0, 2, 1, 1, 1, 1, 3, 3, 1, 0, 2, 1, 2, 2, 0, 0, 1, 0, 0, 1, 1, 0, 2, 0, 1, 3, 0, 2, 0, 2, 1, 2, 1, 1, 1, 0, 2, 1, 0, 1, 2, 1, 2, 1, 2, 4, 1, 2, 1, 0, 1, 0, 3, 2, 10, 1, 4, 1, 10, 2, 0, 0, 1, 0, 1, 1, 1, 2, 1, 1, 0, 2, 2, 5, 1, 0, 1, 0, 1, 0, 3, 2, 0, 2, 2, 1, 0, 2, 2, 1, 1, 2, 2, 0, 1, 9, 1, 2, 2, 2, 11, 1, 1, 1, 1, 1, 5, 3, 1, 6, 0, 8, 2, 2, 1, 2, 1, 2, 0, 0, 5, 1, 0, 3, 2, 0, 0, 1, 0, 5, 5, 1, 1, 0, 0, 8, 2, 1, 0, 0, 1, 1, 0, 2, 6, 1, 6, 0, 0, 4, 0, 2, 2, 2, 2, 0, 2, 1, 0, 1, 3, 2, 3, 0, 0, 2, 1, 2]",-0.0004552069889228856,12,0.3165354330708661,0.0015748031496062992,1.434343123063791
jfreechart,8,seed8_solution074,0.7911064091188315,6.076841865829424,0.9853788824320744,0.7911064091188315,-6.076841865829424,0.9853788824320744,True,False,,,"[0, 1, 2, 2, 3, 3, 3, 1, 4, 2, 2, 5, 4, 4, 5, 5, 0, 0, 6, 4, 5, 4, 0, 2, 1, 2, 0, 4, 7, 0, 0, 3, 3, 0, 1, 0, 0, 0, 0, 0, 0, 0, 8, 7, 4, 4, 0, 0, 0, 5, 9, 5, 0, 0, 4, 6, 1, 5, 5, 5, 1, 7, 5, 5, 5, 5, 5, 5, 0, 5, 7, 6, 5, 6, 4, 5, 2, 4, 5, 7, 5, 5, 9, 7, 1, 8, 2, 7, 10, 5, 10, 2, 0, 4, 4, 5, 5, 1, 5, 6, 2, 5, 2, 3, 3, 2, 3, 2, 2, 6, 0, 3, 2, 2, 6, 9, 2, 2, 8, 2, 5, 2, 7, 0, 0, 3, 11, 5, 6, 3, 9, 4, 5, 0, 0, 1, 6, 6, 3, 3, 6, 3, 3, 1, 2, 3, 2, 4, 2, 4, 6, 0, 2, 2, 1, 2, 3, 2, 3, 2, 6, 5, 0, 0, 9, 5, 3, 9, 5, 3, 4, 9, 3, 7, 0, 3, 1, 4, 2, 7, 2, 4, 2, 2, 2, 2, 2, 8, 4, 4, 5, 3, 3, 0, 7, 1, 0, 1, 12, 12, 11, 6, 4, 5, 6, 4, 3, 1, 3, 6, 6, 2, 7, 1, 1, 13, 7, 4, 14, 9, 4, 7, 3, 14, 6, 1, 7, 1, 6, 7, 6, 7, 6, 7, 6, 7, 2, 0, 6, 2, 0, 8, 0, 0, 6, 0, 0, 1, 5, 5, 0, 4, 5, 0, 5, 4, 3, 5, 9, 4, 0, 4, 3, 1, 12, 3, 1, 6, 1, 1, 7, 2, 5, 0, 4, 5, 5, 4, 0, 5, 1, 4, 0, 0, 5, 3, 1, 0, 5, 3, 5, 7, 7, 3, 6, 6, 7, 9, 6, 7, 4, 6, 6, 7, 6, 6, 6, 0, 3, 4, 4, 7, 3, 5, 15, 4, 4, 4, 2, 0, 4, 11, 11, 4, 4, 3, 3, 4, 4, 0, 3, 4, 4, 16, 4, 4, 4, 0, 4, 2, 4, 6, 4, 4, 4, 0, 0, 7, 4, 4, 4, 4, 4, 2, 11, 0, 5, 3, 4, 4, 0, 4, 5, 3, 4, 4, 3, 4, 4, 4, 5, 1, 14, 2, 4, 6, 4, 6, 5, 4, 3, 4, 4, 4, 0, 5, 0, 4, 0, 4, 3, 4, 5, 3, 4, 4, 3, 6, 3, 3, 4, 2, 5, 3, 3, 4, 4, 2, 3, 0, 1, 2, 6, 4, 0, 8, 4, 1, 1, 4, 1, 6, 17, 4, 2, 3, 2, 1, 15, 18, 4, 11, 3, 7, 2, 2, 7, 0, 5, 9, 2, 9, 8, 8, 12, 0, 11, 0, 1, 2, 19, 15, 8, 5, 0, 0, 7, 4, 5, 11, 7, 1, 20, 6, 12, 15, 2, 9, 3, 11, 5, 13, 5, 5, 5, 6, 7, 6, 9, 1, 3, 3, 19, 2, 4, 11, 4, 3, 19, 9, 5, 0, 6, 7, 19, 8, 3, 5, 5, 11, 12, 20, 9, 7, 20, 2, 11, 5, 8, 3, 5, 1, 8, 4, 7, 6, 8, 3, 9, 2, 17, 14, 17, 18, 6, 5, 6, 4, 7, 4, 12, 12, 0, 12, 12, 15, 20, 7, 2, 4, 19, 6, 0, 6, 5, 18, 9, 2, 3, 5, 2, 9, 3, 8, 8, 2, 7, 5, 1, 8, 7, 15, 0, 9, 7, 20, 2, 1, 12, 8, 1, 8, 5, 5, 9, 9, 5, 9, 0, 6, 6, 6, 12, 11, 19, 19, 11, 3, 3, 9, 6, 2, 19, 3, 6, 0, 5, 13, 12, 11, 5, 6, 13, 11, 8, 7, 4, 6, 3, 0, 5, 9, 2, 9, 19, 3, 0, 13, 6, 9, 7, 1, 5, 9, 12, 2, 3, 5, 9, 9, 4, 4, 4, 4, 19]",0.08107090608571046,21,0.15275590551181104,0.0015748031496062992,0.9853788824320744
jfreechart,8,seed8_solution075,0.7928810320114668,8.297785653667981,1.3533699210564296,0.7928810320114668,-8.297785653667981,1.3533699210564296,True,False,,,"[0, 1, 1, 1, 1, 2, 1, 0, 3, 0, 0, 0, 0, 1, 1, 4, 1, 0, 2, 1, 1, 5, 0, 0, 1, 1, 0, 1, 0, 0, 0, 0, 0, 1, 1, 6, 1, 7, 0, 1, 0, 0, 7, 0, 0, 0, 0, 0, 0, 1, 0, 1, 1, 0, 1, 6, 8, 8, 1, 1, 0, 0, 0, 8, 0, 9, 0, 8, 3, 6, 6, 3, 1, 2, 5, 0, 0, 0, 0, 1, 3, 0, 0, 1, 0, 7, 7, 1, 0, 2, 0, 6, 0, 0, 1, 1, 6, 1, 3, 1, 1, 10, 1, 0, 3, 0, 0, 1, 2, 1, 1, 3, 0, 2, 1, 1, 2, 0, 2, 1, 6, 0, 3, 0, 0, 1, 1, 8, 1, 2, 6, 6, 6, 1, 5, 1, 1, 3, 0, 2, 1, 0, 1, 1, 0, 0, 3, 0, 6, 3, 1, 2, 2, 3, 1, 0, 0, 3, 1, 0, 1, 0, 0, 0, 0, 6, 1, 2, 2, 2, 5, 1, 0, 4, 0, 0, 4, 5, 2, 0, 1, 3, 2, 2, 2, 0, 0, 11, 0, 1, 1, 0, 8, 1, 1, 5, 6, 0, 1, 0, 1, 3, 11, 0, 1, 1, 1, 0, 0, 4, 12, 0, 3, 1, 4, 1, 2, 1, 1, 0, 0, 0, 1, 1, 1, 6, 4, 1, 0, 1, 1, 0, 4, 4, 0, 4, 4, 0, 3, 0, 1, 3, 3, 1, 0, 1, 0, 1, 6, 0, 3, 1, 9, 1, 0, 0, 5, 6, 6, 1, 1, 3, 3, 0, 13, 2, 1, 0, 0, 1, 1, 0, 6, 3, 0, 8, 0, 1, 1, 8, 1, 5, 0, 1, 6, 2, 12, 3, 10, 0, 6, 1, 0, 2, 2, 0, 4, 7, 0, 1, 3, 3, 1, 0, 0, 3, 1, 0, 5, 5, 1, 0, 1, 0, 1, 1, 5, 1, 1, 1, 3, 1, 12, 1, 2, 8, 2, 5, 5, 1, 0, 3, 3, 1, 5, 0, 1, 0, 0, 0, 0, 0, 0, 0, 0, 1, 11, 0, 5, 3, 4, 5, 0, 0, 3, 0, 6, 0, 3, 4, 0, 0, 1, 3, 1, 0, 5, 1, 5, 1, 6, 8, 0, 13, 5, 6, 5, 0, 5, 4, 6, 1, 3, 2, 8, 0, 0, 5, 0, 6, 3, 6, 8, 6, 0, 6, 2, 0, 2, 3, 1, 0, 5, 1, 3, 2, 6, 0, 3, 0, 4, 1, 5, 0, 1, 0, 5, 1, 1, 3, 0, 1, 0, 0, 1, 8, 1, 0, 3, 1, 1, 14, 2, 1, 0, 1, 3, 0, 0, 4, 1, 7, 0, 0, 0, 1, 12, 0, 1, 6, 0, 1, 5, 0, 0, 13, 3, 0, 0, 0, 1, 1, 0, 11, 3, 2, 4, 0, 8, 1, 0, 0, 6, 0, 3, 1, 0, 5, 1, 3, 2, 0, 1, 1, 0, 0, 1, 1, 12, 3, 2, 0, 0, 3, 2, 0, 1, 12, 12, 1, 1, 11, 0, 2, 13, 2, 2, 2, 0, 1, 3, 2, 2, 1, 6, 1, 12, 2, 13, 2, 0, 15, 1, 1, 2, 0, 2, 5, 1, 1, 12, 3, 2, 13, 3, 2, 0, 0, 3, 6, 2, 4, 5, 0, 5, 2, 1, 2, 1, 5, 6, 2, 3, 0, 1, 3, 1, 2, 3, 7, 6, 6, 3, 2, 3, 3, 7, 0, 1, 2, 1, 2, 3, 3, 2, 2, 3, 8, 0, 4, 6, 1, 3, 12, 3, 12, 3, 1, 4, 3, 12, 2, 8, 2, 12, 3, 5, 11, 3, 3, 2, 12, 3, 3, 7, 3, 2, 0, 3, 3, 2, 7, 3, 0, 12, 3, 3, 3, 3, 3, 3, 0, 0, 0, 3, 2, 3, 0, 7, 7, 1, 5, 3, 6, 2]",0.02939724053375134,16,0.28346456692913385,0.0031496062992125984,1.3533699210564296
jfreechart,8,seed8_solution076,0.7964985325233772,4.526218443812726,0.8942053451005527,0.7964985325233772,-4.526218443812726,0.8942053451005527,True,False,,,"[0, 1, 2, 2, 3, 2, 1, 4, 2, 1, 2, 4, 0, 5, 1, 2, 0, 2, 2, 0, 1, 2, 4, 6, 1, 2, 0, 1, 0, 0, 0, 3, 7, 6, 0, 6, 0, 0, 0, 1, 0, 1, 1, 0, 0, 0, 0, 0, 0, 4, 8, 1, 0, 0, 0, 6, 4, 8, 9, 1, 9, 8, 0, 1, 4, 9, 4, 0, 4, 4, 4, 4, 4, 4, 4, 1, 3, 0, 0, 1, 1, 4, 0, 1, 1, 6, 5, 9, 6, 4, 4, 4, 3, 4, 1, 4, 4, 1, 4, 0, 4, 5, 1, 0, 3, 2, 1, 9, 1, 2, 2, 5, 3, 1, 2, 0, 2, 2, 0, 2, 2, 2, 9, 2, 2, 2, 2, 6, 6, 2, 4, 0, 8, 1, 0, 2, 6, 4, 0, 2, 2, 4, 3, 0, 9, 7, 2, 5, 2, 2, 2, 1, 2, 2, 1, 0, 0, 2, 3, 1, 6, 0, 0, 0, 4, 9, 2, 4, 2, 0, 4, 5, 1, 0, 0, 0, 0, 9, 2, 0, 3, 3, 2, 0, 2, 1, 0, 7, 1, 10, 1, 11, 8, 2, 5, 5, 7, 9, 1, 10, 5, 2, 11, 5, 5, 1, 2, 4, 2, 0, 10, 0, 0, 1, 0, 4, 1, 1, 0, 7, 5, 3, 0, 10, 8, 1, 6, 3, 0, 5, 1, 9, 2, 2, 10, 4, 2, 1, 6, 5, 0, 1, 9, 0, 0, 0, 0, 9, 1, 12, 0, 9, 1, 5, 0, 5, 4, 4, 3, 0, 0, 0, 0, 1, 1, 2, 1, 0, 7, 1, 0, 0, 0, 6, 1, 0, 1, 6, 0, 1, 6, 0, 1, 0, 4, 5, 2, 1, 0, 0, 9, 11, 0, 3, 3, 9, 1, 9, 2, 9, 3, 6, 9, 9, 9, 9, 9, 9, 13, 1, 1, 0, 1, 5, 4, 1, 0, 0, 2, 0, 3, 10, 11, 6, 5, 5, 3, 4, 5, 4, 5, 1, 2, 0, 5, 0, 3, 0, 5, 0, 5, 0, 5, 0, 1, 5, 0, 5, 4, 4, 6, 5, 5, 13, 1, 1, 4, 1, 9, 5, 5, 1, 6, 5, 1, 1, 2, 4, 5, 5, 5, 1, 10, 4, 5, 5, 2, 0, 4, 6, 3, 5, 0, 10, 5, 5, 0, 5, 5, 1, 14, 0, 1, 1, 5, 4, 0, 5, 3, 1, 0, 2, 1, 10, 2, 2, 2, 2, 3, 0, 1, 2, 5, 3, 1, 0, 1, 1, 1, 0, 0, 7, 7, 8, 1, 4, 5, 9, 1, 5, 15, 1, 1, 9, 5, 8, 9, 0, 0, 8, 0, 7, 0, 14, 15, 15, 0, 10, 1, 5, 11, 3, 11, 10, 0, 11, 1, 5, 4, 8, 6, 11, 10, 0, 11, 8, 10, 10, 10, 1, 10, 9, 4, 0, 2, 10, 1, 6, 1, 0, 11, 15, 1, 1, 10, 10, 1, 3, 0, 5, 3, 2, 3, 11, 3, 1, 2, 1, 7, 1, 3, 10, 8, 4, 1, 3, 15, 6, 14, 6, 6, 10, 3, 6, 9, 4, 3, 3, 11, 14, 1, 8, 12, 16, 1, 3, 6, 5, 7, 5, 7, 10, 3, 2, 3, 11, 0, 2, 2, 2, 3, 11, 5, 14, 4, 14, 2, 7, 14, 4, 4, 9, 3, 2, 2, 3, 2, 3, 1, 3, 4, 2, 1, 3, 2, 7, 3, 14, 3, 3, 6, 3, 2, 2, 7, 15, 11, 11, 11, 7, 11, 6, 11, 9, 2, 7, 2, 15, 10, 2, 15, 6, 4, 3, 1, 8, 6, 5, 2, 2, 11, 0, 11, 2, 6, 2, 7, 4, 2, 0, 4, 14, 14, 0, 2, 6, 6, 8, 8, 10, 3, 6, 14, 0, 2, 14, 2, 3, 14, 3, 9, 9, 9, 7, 6]",0.08338535789876499,17,0.17795275590551182,0.0015748031496062992,0.8942053451005527
jfreechart,8,seed8_solution077,0.7970104429731759,7.44758986829424,0.8694353983107794,0.7970104429731759,-7.44758986829424,0.8694353983107794,True,False,,,"[0, 1, 1, 2, 2, 3, 2, 3, 4, 1, 3, 5, 5, 4, 6, 6, 0, 0, 3, 4, 4, 4, 0, 3, 1, 3, 0, 4, 7, 0, 0, 0, 0, 0, 0, 6, 0, 8, 0, 0, 0, 0, 9, 0, 3, 5, 0, 0, 0, 6, 0, 1, 0, 0, 4, 6, 5, 8, 6, 5, 6, 8, 5, 5, 8, 4, 0, 5, 5, 5, 5, 2, 5, 3, 4, 7, 2, 4, 5, 1, 5, 5, 8, 5, 5, 9, 9, 6, 6, 5, 5, 5, 0, 5, 5, 6, 5, 1, 5, 5, 3, 10, 3, 0, 2, 3, 2, 3, 3, 1, 1, 7, 3, 3, 3, 8, 3, 3, 3, 3, 3, 3, 3, 0, 0, 2, 3, 5, 3, 3, 5, 5, 5, 1, 4, 1, 6, 3, 5, 3, 3, 5, 2, 0, 6, 0, 3, 4, 5, 3, 6, 3, 3, 11, 1, 3, 5, 5, 2, 3, 6, 5, 0, 0, 7, 3, 1, 3, 3, 3, 4, 8, 6, 6, 0, 0, 6, 4, 3, 3, 12, 2, 13, 3, 3, 3, 3, 9, 5, 4, 6, 7, 3, 0, 7, 4, 5, 6, 7, 0, 11, 3, 7, 4, 4, 7, 1, 1, 11, 6, 11, 7, 6, 1, 6, 11, 3, 5, 1, 1, 3, 4, 2, 7, 6, 6, 6, 6, 6, 0, 6, 6, 6, 6, 0, 6, 3, 0, 6, 4, 1, 2, 4, 0, 1, 0, 0, 1, 5, 5, 0, 6, 4, 0, 1, 0, 4, 5, 5, 4, 0, 5, 2, 1, 14, 3, 1, 7, 1, 1, 0, 3, 5, 0, 0, 5, 0, 0, 5, 4, 1, 4, 0, 1, 5, 3, 11, 3, 10, 3, 6, 0, 0, 6, 6, 5, 6, 6, 6, 4, 2, 6, 6, 4, 6, 6, 6, 4, 4, 4, 4, 15, 2, 6, 12, 1, 4, 6, 3, 1, 2, 11, 11, 6, 4, 7, 2, 4, 4, 0, 2, 2, 4, 5, 4, 5, 2, 0, 6, 4, 4, 6, 4, 0, 4, 4, 7, 4, 4, 0, 6, 4, 4, 4, 11, 0, 5, 2, 4, 4, 4, 4, 7, 2, 4, 5, 4, 4, 4, 4, 5, 5, 7, 3, 4, 6, 4, 4, 4, 4, 5, 1, 4, 3, 5, 5, 0, 4, 0, 5, 2, 5, 5, 5, 4, 5, 3, 3, 2, 2, 5, 3, 4, 1, 2, 3, 5, 0, 2, 3, 6, 3, 4, 5, 1, 0, 4, 1, 1, 0, 1, 1, 0, 4, 6, 5, 15, 16, 15, 7, 5, 17, 2, 3, 4, 6, 6, 0, 0, 6, 0, 9, 9, 9, 0, 1, 11, 11, 9, 5, 11, 11, 11, 2, 14, 14, 1, 4, 4, 11, 6, 1, 2, 7, 2, 3, 7, 7, 5, 11, 3, 7, 5, 0, 3, 6, 6, 6, 8, 1, 2, 11, 1, 14, 6, 11, 14, 2, 6, 7, 4, 0, 11, 2, 3, 0, 14, 11, 11, 11, 14, 14, 9, 9, 14, 11, 14, 1, 9, 2, 4, 1, 9, 4, 6, 5, 11, 2, 14, 3, 8, 8, 16, 13, 6, 5, 6, 4, 11, 1, 11, 14, 11, 14, 0, 11, 14, 14, 3, 5, 11, 7, 4, 6, 5, 4, 1, 2, 9, 5, 5, 9, 2, 9, 9, 5, 9, 14, 14, 9, 5, 5, 1, 12, 9, 3, 9, 0, 8, 9, 9, 9, 4, 9, 4, 7, 2, 8, 14, 6, 6, 6, 11, 11, 11, 11, 11, 14, 6, 3, 11, 3, 12, 2, 11, 11, 4, 7, 14, 14, 5, 11, 4, 11, 9, 3, 4, 9, 2, 11, 5, 9, 3, 9, 11, 2, 9, 3, 3, 7, 2, 7, 7, 0, 7, 3, 2, 7, 9, 9, 4, 4, 4, 9, 12]",0.09220795566490407,18,0.13543307086614173,0.0015748031496062992,0.8694353983107794
jfreechart,8,seed8_solution078,0.7979660091461334,11.955438076607116,1.2163068357962301,0.7979660091461334,-11.955438076607116,1.2163068357962301,True,False,,,"[0, 1, 1, 0, 2, 0, 2, 1, 2, 0, 2, 0, 0, 1, 1, 2, 1, 2, 1, 1, 0, 0, 1, 2, 2, 1, 1, 1, 3, 2, 3, 0, 0, 3, 2, 0, 1, 1, 2, 1, 0, 0, 2, 3, 3, 0, 4, 1, 0, 5, 1, 5, 1, 2, 6, 3, 0, 2, 1, 0, 1, 1, 2, 4, 5, 3, 2, 2, 1, 2, 2, 1, 1, 1, 3, 2, 0, 4, 0, 0, 2, 0, 5, 0, 1, 1, 0, 2, 0, 6, 0, 2, 1, 0, 5, 1, 0, 1, 0, 1, 2, 7, 0, 2, 0, 0, 3, 2, 2, 3, 0, 2, 0, 0, 0, 0, 6, 8, 2, 1, 8, 1, 1, 1, 0, 2, 0, 1, 6, 2, 4, 0, 1, 1, 2, 0, 2, 0, 1, 0, 1, 0, 1, 1, 1, 1, 0, 1, 1, 5, 3, 2, 5, 2, 2, 0, 1, 2, 1, 0, 1, 2, 0, 0, 0, 2, 0, 8, 0, 0, 1, 0, 6, 0, 0, 0, 1, 2, 2, 3, 2, 2, 1, 0, 0, 3, 3, 0, 1, 3, 5, 0, 1, 0, 6, 0, 0, 5, 1, 0, 0, 1, 5, 1, 1, 1, 5, 2, 1, 0, 1, 6, 2, 2, 2, 0, 2, 4, 1, 0, 1, 1, 0, 1, 1, 2, 3, 3, 1, 0, 2, 1, 2, 0, 1, 2, 2, 1, 5, 0, 2, 0, 0, 1, 1, 0, 2, 1, 2, 1, 2, 4, 1, 2, 1, 0, 0, 4, 0, 2, 1, 1, 2, 0, 1, 0, 4, 2, 0, 0, 0, 0, 4, 1, 3, 0, 1, 1, 1, 0, 1, 5, 1, 1, 0, 1, 1, 2, 7, 0, 1, 2, 1, 0, 6, 0, 2, 2, 2, 1, 1, 2, 2, 1, 0, 0, 1, 5, 6, 1, 1, 0, 3, 0, 1, 1, 2, 1, 2, 2, 0, 8, 1, 1, 0, 0, 6, 6, 0, 2, 1, 6, 5, 0, 1, 5, 4, 1, 2, 0, 3, 0, 1, 1, 0, 1, 0, 0, 4, 6, 1, 3, 1, 1, 2, 0, 1, 1, 6, 0, 2, 0, 5, 0, 1, 2, 0, 2, 6, 0, 1, 2, 2, 1, 0, 0, 1, 1, 2, 3, 0, 0, 2, 1, 2, 0, 1, 1, 0, 2, 0, 0, 6, 5, 8, 1, 0, 0, 1, 0, 1, 0, 1, 1, 3, 1, 2, 2, 1, 0, 1, 4, 3, 4, 2, 2, 6, 0, 4, 0, 0, 2, 1, 1, 1, 2, 1, 1, 1, 1, 2, 2, 0, 1, 0, 1, 0, 2, 0, 3, 1, 1, 1, 2, 0, 1, 4, 5, 0, 1, 0, 2, 2, 8, 0, 0, 2, 2, 5, 4, 1, 0, 2, 0, 2, 0, 5, 0, 6, 1, 1, 1, 1, 6, 6, 1, 0, 2, 1, 2, 2, 6, 0, 1, 2, 0, 1, 1, 0, 2, 0, 1, 6, 0, 2, 0, 2, 1, 2, 1, 1, 1, 0, 2, 1, 0, 1, 2, 1, 2, 1, 2, 5, 1, 5, 3, 0, 6, 0, 6, 2, 9, 2, 1, 8, 9, 2, 2, 0, 1, 0, 6, 1, 1, 2, 1, 1, 0, 3, 2, 4, 1, 0, 1, 0, 1, 0, 2, 2, 0, 2, 2, 1, 0, 2, 2, 1, 1, 2, 2, 4, 1, 5, 1, 2, 6, 2, 9, 1, 1, 1, 1, 1, 3, 6, 1, 4, 0, 8, 2, 2, 1, 2, 1, 0, 0, 3, 3, 1, 0, 6, 2, 0, 6, 1, 0, 4, 5, 1, 1, 0, 0, 8, 2, 1, 0, 0, 1, 1, 0, 2, 5, 10, 3, 0, 0, 6, 2, 2, 2, 2, 0, 0, 6, 1, 0, 6, 6, 5, 6, 0, 0, 2, 1, 2]",0.006041218237903002,11,0.30393700787401573,0.0015748031496062992,1.2163068357962301
jfreechart,8,seed8_solution079,0.8002184151252474,11.959014658731236,1.2123079721676497,0.8002184151252474,-11.959014658731236,1.2123079721676497,True,False,,,"[0, 1, 1, 0, 2, 0, 2, 1, 2, 0, 2, 0, 0, 1, 1, 2, 1, 2, 1, 1, 0, 0, 1, 2, 2, 1, 1, 1, 3, 2, 3, 0, 0, 3, 2, 0, 1, 1, 2, 1, 0, 0, 2, 3, 3, 0, 4, 1, 0, 5, 1, 5, 1, 2, 6, 3, 0, 2, 1, 0, 1, 1, 2, 4, 5, 3, 2, 2, 1, 2, 2, 1, 1, 1, 3, 2, 0, 4, 0, 0, 2, 0, 5, 0, 1, 1, 0, 2, 0, 6, 0, 2, 1, 0, 5, 1, 0, 1, 0, 1, 2, 7, 0, 2, 0, 0, 3, 2, 2, 3, 0, 2, 0, 0, 0, 0, 6, 8, 2, 1, 8, 1, 1, 1, 0, 2, 0, 1, 6, 2, 4, 0, 1, 1, 2, 0, 2, 0, 1, 0, 1, 0, 1, 1, 1, 1, 0, 1, 1, 5, 3, 2, 5, 2, 2, 0, 1, 2, 1, 0, 1, 2, 0, 0, 0, 2, 0, 8, 0, 0, 1, 0, 6, 0, 0, 0, 1, 2, 2, 3, 2, 2, 1, 0, 0, 3, 3, 0, 1, 3, 5, 0, 1, 0, 6, 0, 0, 5, 1, 0, 0, 1, 5, 1, 1, 1, 5, 2, 1, 0, 1, 6, 2, 2, 2, 0, 2, 4, 1, 0, 1, 1, 0, 1, 1, 2, 3, 3, 1, 0, 2, 1, 2, 0, 1, 2, 2, 1, 5, 0, 2, 0, 0, 1, 1, 0, 2, 1, 2, 1, 2, 4, 1, 2, 1, 0, 0, 4, 0, 2, 1, 1, 2, 0, 1, 0, 4, 2, 0, 0, 0, 0, 4, 1, 3, 0, 1, 1, 1, 0, 1, 5, 1, 1, 0, 1, 1, 2, 7, 0, 4, 2, 1, 0, 6, 0, 2, 2, 2, 1, 1, 2, 2, 1, 0, 0, 1, 5, 6, 1, 1, 0, 3, 0, 1, 1, 2, 1, 2, 2, 0, 8, 1, 1, 0, 0, 6, 6, 0, 2, 1, 6, 5, 0, 1, 5, 4, 1, 2, 0, 3, 0, 1, 1, 0, 1, 0, 0, 4, 6, 1, 3, 1, 1, 2, 0, 1, 1, 6, 0, 2, 0, 5, 0, 1, 2, 0, 2, 6, 0, 1, 2, 2, 1, 0, 0, 1, 1, 2, 3, 0, 0, 2, 1, 2, 0, 1, 1, 0, 2, 0, 0, 6, 5, 8, 1, 0, 0, 1, 0, 1, 0, 1, 1, 3, 1, 2, 2, 1, 0, 1, 4, 3, 4, 2, 2, 6, 0, 4, 0, 0, 2, 1, 1, 1, 2, 1, 1, 1, 1, 2, 2, 0, 1, 0, 1, 0, 2, 0, 3, 1, 1, 1, 2, 0, 1, 4, 5, 0, 1, 0, 2, 2, 8, 0, 0, 2, 2, 5, 4, 1, 0, 2, 0, 2, 0, 3, 0, 6, 1, 1, 1, 1, 6, 6, 1, 0, 2, 1, 2, 2, 6, 0, 1, 2, 0, 1, 1, 0, 2, 0, 1, 6, 0, 2, 0, 2, 1, 2, 1, 1, 1, 0, 2, 1, 0, 1, 2, 1, 2, 1, 2, 5, 1, 5, 3, 0, 6, 0, 6, 2, 9, 2, 1, 8, 9, 2, 2, 0, 1, 0, 6, 1, 1, 2, 1, 1, 0, 3, 2, 4, 1, 0, 1, 0, 1, 0, 2, 2, 0, 2, 2, 1, 0, 2, 2, 1, 1, 2, 2, 4, 1, 5, 1, 2, 6, 2, 9, 1, 1, 1, 1, 1, 3, 6, 1, 8, 0, 8, 2, 2, 1, 2, 1, 0, 0, 3, 3, 1, 0, 6, 2, 0, 6, 1, 0, 4, 5, 1, 1, 0, 0, 8, 2, 1, 0, 0, 1, 1, 0, 2, 5, 10, 3, 0, 0, 6, 2, 2, 2, 2, 0, 0, 6, 1, 0, 6, 6, 5, 6, 0, 0, 2, 1, 2]",0.005808505888100686,11,0.30236220472440944,0.0015748031496062992,1.2123079721676497
jfreechart,8,seed8_solution080,0.812504265920415,3.863809187716362,0.5254936653159432,0.812504265920415,-3.863809187716362,0.5254936653159432,True,False,,,"[0, 1, 1, 1, 2, 2, 2, 2, 2, 1, 2, 2, 3, 4, 5, 6, 2, 2, 2, 4, 6, 7, 6, 8, 1, 2, 2, 9, 1, 1, 10, 0, 0, 0, 11, 0, 0, 0, 0, 0, 7, 0, 0, 3, 0, 0, 0, 0, 0, 5, 0, 7, 0, 2, 5, 0, 3, 12, 7, 3, 8, 5, 5, 4, 8, 5, 5, 5, 8, 3, 11, 12, 5, 8, 5, 6, 5, 5, 6, 10, 12, 8, 9, 5, 5, 12, 6, 6, 5, 4, 5, 8, 3, 5, 8, 5, 6, 5, 5, 11, 8, 4, 5, 2, 1, 11, 2, 1, 2, 8, 2, 2, 3, 10, 2, 2, 2, 10, 2, 2, 8, 7, 6, 2, 2, 2, 3, 8, 7, 2, 5, 5, 5, 0, 0, 10, 5, 10, 3, 2, 10, 2, 0, 12, 6, 8, 2, 3, 2, 9, 2, 2, 1, 2, 11, 2, 1, 8, 3, 2, 10, 4, 1, 1, 5, 3, 2, 2, 3, 4, 0, 12, 7, 0, 0, 0, 1, 1, 3, 12, 3, 3, 2, 3, 12, 2, 2, 1, 1, 11, 11, 6, 1, 3, 5, 1, 8, 6, 11, 11, 2, 11, 9, 7, 4, 10, 1, 1, 7, 6, 9, 6, 2, 1, 10, 11, 6, 5, 7, 8, 3, 3, 4, 11, 3, 6, 8, 10, 6, 10, 10, 10, 10, 9, 2, 6, 5, 1, 5, 4, 11, 12, 5, 0, 1, 11, 0, 1, 8, 5, 5, 6, 0, 10, 1, 4, 4, 0, 3, 5, 8, 1, 0, 0, 4, 2, 12, 1, 8, 1, 1, 1, 0, 0, 13, 7, 0, 0, 8, 5, 1, 11, 1, 0, 5, 4, 12, 0, 0, 2, 6, 8, 10, 6, 10, 6, 10, 11, 6, 6, 4, 11, 4, 9, 1, 4, 6, 7, 14, 3, 14, 3, 4, 10, 10, 4, 4, 9, 6, 0, 5, 2, 9, 4, 4, 4, 4, 4, 5, 6, 0, 0, 11, 4, 4, 4, 12, 8, 8, 4, 10, 0, 4, 4, 10, 10, 11, 12, 5, 5, 3, 4, 8, 1, 7, 4, 5, 11, 5, 10, 12, 4, 7, 4, 8, 4, 5, 0, 5, 1, 3, 4, 6, 5, 4, 5, 0, 4, 11, 7, 0, 4, 6, 11, 8, 8, 0, 4, 4, 0, 15, 6, 5, 5, 4, 4, 4, 4, 11, 2, 3, 10, 1, 11, 2, 11, 2, 2, 10, 10, 7, 2, 4, 3, 1, 3, 9, 1, 4, 1, 1, 3, 8, 3, 3, 3, 3, 7, 9, 11, 16, 4, 4, 1, 4, 10, 6, 9, 8, 10, 0, 12, 10, 13, 16, 16, 2, 3, 12, 4, 12, 6, 12, 11, 16, 5, 1, 4, 8, 10, 8, 12, 11, 7, 12, 10, 6, 3, 11, 8, 11, 6, 5, 8, 0, 6, 10, 2, 1, 6, 5, 10, 9, 12, 13, 0, 12, 13, 10, 0, 7, 0, 10, 6, 7, 11, 12, 16, 8, 9, 12, 7, 10, 0, 2, 0, 9, 1, 9, 9, 1, 11, 7, 7, 6, 7, 12, 4, 5, 3, 4, 0, 9, 1, 1, 15, 10, 6, 12, 12, 7, 11, 12, 8, 8, 12, 12, 16, 12, 11, 12, 12, 5, 2, 5, 0, 9, 2, 0, 8, 12, 4, 7, 7, 9, 3, 7, 11, 4, 10, 8, 9, 12, 16, 8, 8, 8, 13, 12, 1, 9, 7, 8, 7, 9, 11, 12, 2, 12, 8, 12, 12, 7, 2, 12, 12, 7, 16, 1, 12, 16, 7, 0, 13, 1, 10, 0, 13, 5, 9, 12, 7, 12, 7, 7, 7, 12, 0, 11, 4, 5, 4, 13, 1, 11, 9, 12, 10, 8, 7, 3, 7, 11, 8, 11, 9, 3, 12, 13, 7, 7, 7, 8, 9, 7]",0.10360028903274736,17,0.09606299212598425,0.0,0.5254936653159432
jfreechart,8,seed8_solution081,0.8141765067230906,11.909644625746564,1.1461689523829088,0.8141765067230906,-11.909644625746564,1.1461689523829088,True,False,,,"[0, 1, 1, 0, 2, 0, 1, 1, 2, 0, 2, 0, 1, 1, 1, 3, 1, 4, 2, 1, 0, 5, 1, 2, 4, 1, 1, 1, 5, 4, 6, 0, 0, 0, 2, 1, 1, 1, 0, 1, 0, 4, 2, 1, 4, 0, 0, 1, 0, 2, 1, 6, 3, 3, 5, 5, 0, 1, 1, 1, 1, 1, 2, 3, 0, 5, 0, 3, 1, 2, 2, 1, 1, 0, 4, 1, 0, 0, 0, 0, 2, 0, 6, 0, 1, 3, 0, 1, 0, 4, 0, 4, 1, 0, 5, 1, 5, 1, 0, 6, 3, 7, 4, 2, 4, 0, 5, 2, 2, 4, 0, 2, 0, 0, 0, 0, 4, 4, 4, 6, 3, 1, 1, 4, 0, 1, 0, 2, 2, 4, 8, 5, 1, 1, 2, 0, 2, 0, 1, 0, 3, 0, 1, 1, 1, 1, 0, 0, 1, 6, 4, 2, 4, 2, 2, 0, 1, 2, 4, 0, 1, 2, 0, 0, 4, 2, 1, 8, 0, 0, 1, 0, 0, 0, 0, 4, 1, 2, 1, 0, 2, 2, 1, 0, 0, 0, 5, 1, 5, 5, 0, 0, 0, 0, 4, 0, 0, 6, 1, 0, 1, 3, 6, 1, 0, 5, 4, 2, 1, 3, 1, 0, 1, 2, 6, 0, 0, 3, 1, 0, 1, 1, 0, 1, 5, 4, 0, 5, 1, 6, 4, 1, 4, 0, 1, 2, 2, 0, 0, 0, 2, 0, 0, 4, 0, 0, 2, 4, 4, 1, 2, 3, 1, 2, 1, 0, 0, 3, 0, 0, 0, 1, 0, 1, 4, 0, 3, 2, 8, 0, 0, 4, 3, 1, 6, 0, 1, 3, 1, 0, 1, 6, 0, 1, 0, 1, 1, 2, 7, 0, 4, 0, 1, 0, 3, 0, 2, 3, 2, 1, 1, 2, 4, 1, 1, 0, 1, 6, 4, 1, 1, 0, 3, 0, 1, 1, 4, 1, 2, 1, 0, 8, 1, 1, 0, 0, 4, 4, 1, 3, 1, 4, 6, 0, 1, 6, 1, 1, 2, 0, 2, 0, 1, 1, 6, 1, 0, 0, 0, 4, 1, 5, 1, 1, 2, 0, 1, 2, 0, 0, 2, 4, 6, 0, 1, 0, 1, 6, 4, 4, 1, 2, 2, 1, 0, 0, 1, 1, 4, 1, 0, 0, 2, 1, 9, 0, 1, 1, 0, 4, 0, 0, 0, 6, 0, 1, 0, 0, 4, 0, 1, 0, 1, 1, 5, 1, 4, 5, 1, 0, 1, 3, 0, 4, 0, 4, 4, 0, 3, 0, 0, 2, 1, 1, 1, 4, 1, 1, 1, 1, 2, 2, 0, 1, 0, 1, 0, 2, 0, 5, 1, 1, 1, 3, 0, 1, 3, 6, 0, 1, 0, 2, 2, 8, 0, 0, 2, 2, 5, 3, 1, 0, 2, 0, 2, 1, 6, 8, 4, 1, 3, 1, 1, 0, 4, 1, 0, 4, 1, 2, 2, 4, 0, 1, 0, 0, 1, 2, 0, 2, 0, 1, 2, 1, 4, 0, 10, 1, 4, 1, 1, 0, 3, 2, 1, 0, 1, 2, 1, 0, 1, 2, 1, 1, 4, 1, 0, 1, 0, 4, 2, 9, 2, 1, 1, 10, 6, 0, 0, 1, 6, 1, 1, 6, 0, 1, 1, 0, 5, 5, 3, 1, 0, 1, 1, 4, 0, 2, 2, 0, 2, 2, 0, 0, 4, 2, 1, 1, 2, 2, 0, 5, 9, 1, 4, 4, 4, 1, 1, 1, 1, 1, 3, 3, 0, 1, 3, 0, 8, 2, 4, 1, 2, 1, 0, 0, 0, 5, 1, 0, 4, 2, 0, 0, 2, 2, 3, 6, 2, 5, 0, 0, 8, 5, 1, 2, 0, 1, 1, 0, 2, 6, 1, 5, 0, 0, 4, 2, 2, 4, 2, 0, 6, 4, 1, 0, 1, 4, 4, 2, 0, 0, 2, 1, 2]",0.006579336247916588,11,0.2929133858267717,0.0,1.1461689523829088
jfreechart,8,seed8_solution082,0.8262575933383387,10.924591061545835,1.0388390435351942,0.8262575933383387,-10.924591061545835,1.0388390435351942,True,False,,,"[0, 1, 0, 2, 3, 0, 2, 1, 2, 0, 2, 0, 0, 1, 1, 2, 1, 4, 1, 1, 4, 0, 1, 3, 2, 1, 0, 4, 3, 2, 3, 0, 0, 3, 2, 1, 0, 1, 2, 0, 0, 0, 2, 5, 3, 6, 0, 1, 0, 3, 1, 4, 1, 2, 3, 3, 0, 1, 1, 0, 1, 2, 6, 6, 4, 4, 0, 4, 0, 2, 5, 1, 1, 1, 5, 2, 2, 6, 0, 0, 3, 0, 5, 0, 1, 4, 0, 1, 0, 5, 0, 4, 1, 0, 4, 6, 0, 1, 0, 1, 4, 7, 2, 2, 2, 0, 3, 2, 2, 3, 0, 2, 0, 0, 0, 0, 5, 8, 2, 1, 4, 4, 1, 2, 3, 1, 0, 3, 5, 2, 6, 6, 2, 1, 2, 6, 3, 0, 1, 0, 1, 6, 4, 1, 1, 1, 4, 0, 1, 4, 5, 0, 4, 2, 3, 6, 6, 2, 2, 0, 1, 2, 0, 0, 2, 0, 0, 8, 3, 0, 5, 5, 3, 0, 0, 0, 1, 5, 1, 3, 3, 3, 1, 0, 2, 3, 3, 0, 1, 5, 4, 0, 0, 0, 3, 0, 0, 1, 1, 0, 0, 4, 1, 1, 1, 6, 4, 2, 1, 4, 1, 5, 2, 3, 2, 6, 2, 6, 1, 0, 4, 1, 0, 1, 6, 2, 3, 3, 0, 5, 2, 3, 2, 0, 1, 2, 2, 0, 4, 8, 1, 0, 0, 1, 1, 1, 2, 1, 4, 1, 2, 6, 1, 5, 1, 0, 0, 6, 0, 0, 1, 6, 0, 0, 1, 0, 6, 2, 0, 0, 0, 2, 6, 3, 3, 0, 0, 1, 1, 1, 6, 4, 1, 4, 0, 1, 1, 2, 7, 0, 2, 0, 1, 0, 3, 1, 2, 9, 3, 5, 1, 2, 2, 1, 1, 6, 1, 4, 3, 1, 1, 0, 3, 0, 1, 1, 2, 3, 2, 2, 6, 8, 1, 1, 0, 0, 5, 3, 1, 4, 3, 3, 4, 1, 1, 8, 6, 1, 3, 2, 3, 0, 1, 1, 5, 1, 0, 0, 6, 5, 5, 3, 6, 2, 3, 0, 1, 3, 5, 5, 0, 0, 5, 0, 1, 0, 1, 2, 4, 0, 0, 3, 2, 1, 0, 1, 1, 1, 3, 3, 0, 4, 5, 1, 10, 0, 1, 1, 0, 4, 0, 0, 5, 1, 0, 1, 0, 0, 1, 0, 1, 0, 4, 1, 3, 2, 3, 2, 1, 2, 0, 6, 3, 6, 2, 2, 5, 0, 6, 0, 0, 2, 1, 1, 1, 2, 1, 0, 1, 1, 2, 2, 0, 1, 3, 1, 0, 0, 0, 3, 1, 1, 1, 4, 0, 1, 0, 0, 0, 6, 0, 2, 6, 8, 0, 0, 2, 3, 4, 6, 5, 0, 2, 0, 2, 0, 4, 8, 5, 1, 4, 1, 1, 5, 3, 1, 1, 0, 1, 4, 2, 3, 0, 2, 2, 0, 1, 3, 0, 5, 0, 1, 5, 0, 2, 0, 2, 1, 0, 1, 1, 0, 0, 2, 1, 0, 3, 2, 0, 0, 2, 2, 4, 1, 4, 5, 0, 5, 0, 1, 8, 11, 2, 1, 8, 9, 2, 2, 1, 1, 0, 3, 1, 5, 0, 1, 0, 5, 5, 2, 6, 1, 0, 2, 1, 2, 1, 2, 2, 0, 2, 2, 1, 0, 5, 2, 5, 2, 2, 2, 6, 1, 4, 1, 3, 3, 2, 11, 1, 1, 1, 1, 1, 3, 0, 1, 6, 0, 8, 2, 2, 1, 2, 3, 0, 0, 5, 3, 1, 0, 5, 3, 0, 5, 3, 3, 6, 4, 1, 6, 0, 3, 8, 6, 1, 3, 0, 1, 6, 0, 8, 4, 10, 3, 0, 3, 5, 2, 1, 2, 5, 0, 5, 3, 2, 0, 5, 4, 4, 6, 0, 0, 4, 3, 2]",0.01294573577791673,12,0.25354330708661416,0.0,1.0388390435351942
jfreechart,8,seed8_solution083,0.8362569107910722,7.809386903233402,0.845345177555854,0.8362569107910722,-7.809386903233402,0.845345177555854,True,False,,,"[0, 1, 1, 2, 1, 3, 1, 4, 4, 1, 3, 5, 5, 4, 5, 6, 0, 0, 3, 4, 4, 4, 0, 3, 1, 3, 0, 4, 7, 0, 0, 3, 0, 0, 0, 5, 8, 9, 0, 0, 0, 0, 9, 0, 3, 5, 0, 0, 0, 1, 0, 1, 1, 0, 4, 5, 8, 8, 1, 5, 0, 8, 5, 8, 9, 4, 0, 8, 1, 5, 5, 2, 5, 3, 4, 7, 2, 0, 5, 1, 5, 4, 7, 1, 1, 9, 9, 6, 5, 3, 5, 5, 0, 5, 8, 6, 5, 1, 5, 5, 3, 10, 3, 0, 2, 3, 2, 3, 3, 1, 1, 7, 3, 3, 3, 0, 3, 3, 3, 2, 5, 3, 3, 0, 0, 2, 3, 8, 3, 3, 5, 5, 5, 1, 4, 1, 6, 2, 8, 3, 3, 8, 2, 0, 0, 0, 3, 1, 5, 3, 5, 3, 3, 11, 1, 0, 4, 0, 2, 1, 6, 0, 0, 0, 6, 5, 4, 3, 3, 3, 4, 8, 6, 6, 0, 0, 6, 4, 3, 0, 12, 2, 3, 3, 3, 3, 0, 7, 4, 4, 1, 1, 8, 0, 7, 4, 5, 6, 6, 0, 11, 3, 7, 4, 4, 1, 2, 1, 11, 6, 11, 0, 0, 1, 6, 11, 3, 5, 1, 1, 3, 4, 2, 6, 1, 5, 6, 1, 0, 0, 6, 0, 6, 6, 0, 6, 6, 0, 6, 0, 1, 2, 4, 0, 1, 0, 0, 1, 5, 0, 0, 6, 13, 8, 1, 0, 4, 5, 5, 0, 0, 4, 2, 1, 14, 3, 1, 0, 0, 1, 9, 0, 5, 6, 0, 8, 0, 0, 5, 8, 1, 4, 0, 1, 5, 3, 11, 2, 10, 0, 5, 0, 0, 3, 3, 8, 6, 9, 2, 5, 2, 6, 5, 1, 6, 2, 6, 1, 4, 4, 1, 0, 1, 8, 14, 1, 4, 0, 3, 1, 2, 11, 11, 6, 3, 8, 3, 4, 4, 0, 0, 3, 2, 5, 4, 0, 3, 0, 6, 0, 4, 6, 4, 0, 6, 4, 7, 4, 4, 0, 6, 4, 12, 14, 3, 0, 5, 2, 5, 6, 0, 4, 7, 2, 4, 5, 4, 4, 4, 4, 5, 8, 1, 14, 4, 5, 4, 0, 4, 6, 5, 1, 4, 3, 8, 8, 0, 4, 0, 5, 2, 5, 8, 5, 0, 5, 3, 3, 4, 2, 5, 13, 4, 1, 2, 3, 5, 0, 2, 0, 6, 3, 4, 5, 1, 0, 4, 15, 8, 0, 1, 1, 0, 9, 1, 8, 13, 0, 1, 7, 4, 16, 3, 2, 4, 1, 2, 0, 0, 6, 0, 9, 9, 9, 0, 1, 11, 0, 9, 5, 0, 11, 4, 3, 0, 14, 1, 4, 0, 11, 6, 1, 2, 7, 0, 3, 6, 7, 8, 1, 3, 7, 5, 0, 2, 6, 3, 4, 8, 1, 3, 11, 1, 14, 5, 11, 1, 3, 0, 7, 3, 0, 11, 2, 3, 0, 14, 11, 11, 1, 9, 7, 9, 9, 14, 11, 14, 1, 9, 2, 3, 3, 9, 1, 5, 5, 11, 2, 14, 3, 7, 12, 15, 1, 6, 3, 6, 4, 11, 1, 11, 3, 3, 14, 0, 3, 0, 2, 3, 5, 11, 6, 4, 6, 4, 3, 1, 3, 1, 4, 5, 9, 2, 9, 1, 5, 9, 14, 14, 9, 5, 5, 1, 3, 9, 2, 9, 0, 3, 9, 9, 9, 4, 9, 4, 7, 2, 8, 11, 6, 5, 6, 11, 11, 11, 11, 11, 14, 6, 2, 11, 2, 8, 2, 11, 11, 4, 7, 14, 2, 5, 11, 4, 4, 9, 2, 5, 9, 2, 0, 8, 9, 3, 9, 11, 2, 9, 2, 2, 15, 2, 6, 7, 0, 6, 3, 2, 7, 9, 9, 4, 4, 4, 5, 12]",0.05214082096147884,17,0.16850393700787403,0.0015748031496062992,0.845345177555854
jfreechart,8,seed8_solution084,0.8380997884103474,13.104626158101368,0.8869721379159251,0.8380997884103474,-13.104626158101368,0.8869721379159251,True,False,,,"[0, 1, 2, 3, 2, 2, 2, 1, 2, 0, 4, 0, 1, 1, 1, 2, 5, 5, 2, 1, 6, 3, 0, 2, 2, 1, 0, 4, 4, 2, 3, 0, 0, 3, 3, 0, 0, 1, 2, 1, 0, 0, 2, 3, 3, 0, 4, 1, 0, 2, 1, 6, 1, 2, 5, 3, 1, 2, 1, 0, 1, 3, 3, 4, 6, 4, 2, 2, 0, 4, 5, 1, 1, 0, 3, 4, 0, 4, 0, 6, 4, 0, 6, 5, 1, 6, 3, 1, 0, 2, 0, 2, 4, 0, 6, 4, 0, 0, 0, 6, 3, 7, 0, 0, 5, 6, 3, 1, 2, 3, 0, 2, 0, 0, 5, 0, 5, 8, 5, 1, 8, 1, 2, 1, 0, 0, 0, 1, 5, 3, 4, 0, 1, 1, 2, 0, 2, 0, 1, 0, 1, 4, 1, 1, 3, 1, 0, 1, 1, 6, 3, 0, 6, 6, 5, 0, 1, 2, 5, 0, 1, 2, 0, 3, 5, 0, 0, 2, 0, 0, 1, 5, 0, 0, 0, 5, 0, 2, 1, 0, 2, 2, 3, 0, 0, 0, 1, 1, 4, 1, 6, 2, 2, 3, 1, 0, 0, 6, 1, 6, 0, 4, 6, 1, 0, 1, 5, 2, 1, 0, 5, 0, 1, 2, 2, 4, 2, 5, 1, 0, 1, 5, 0, 1, 1, 2, 3, 1, 0, 5, 2, 0, 2, 0, 1, 2, 2, 1, 6, 0, 2, 0, 0, 1, 1, 0, 0, 1, 3, 0, 3, 4, 6, 2, 1, 0, 0, 6, 0, 2, 1, 1, 0, 1, 1, 0, 4, 2, 0, 5, 0, 0, 4, 1, 3, 0, 1, 1, 1, 0, 2, 6, 4, 1, 0, 1, 1, 2, 7, 0, 4, 2, 1, 0, 2, 0, 5, 6, 2, 1, 3, 1, 2, 1, 1, 0, 2, 8, 5, 0, 0, 4, 3, 0, 1, 2, 1, 1, 2, 1, 0, 8, 5, 1, 0, 0, 5, 2, 1, 6, 2, 5, 6, 0, 1, 6, 1, 1, 2, 3, 3, 0, 1, 1, 0, 1, 6, 0, 4, 5, 5, 3, 2, 1, 2, 0, 6, 2, 5, 6, 2, 6, 6, 0, 1, 2, 0, 2, 6, 0, 1, 2, 5, 1, 1, 0, 1, 1, 2, 3, 0, 4, 5, 4, 0, 0, 3, 1, 0, 5, 0, 0, 0, 1, 8, 1, 0, 0, 5, 0, 1, 0, 1, 1, 3, 5, 5, 2, 1, 5, 1, 4, 3, 4, 0, 5, 5, 3, 4, 0, 2, 4, 1, 1, 1, 2, 1, 1, 1, 1, 0, 0, 5, 1, 0, 1, 0, 5, 0, 3, 1, 1, 1, 2, 0, 0, 4, 6, 0, 1, 0, 5, 2, 8, 0, 0, 6, 2, 6, 4, 1, 1, 3, 0, 6, 0, 3, 0, 2, 1, 4, 1, 6, 5, 2, 6, 0, 2, 1, 2, 2, 0, 0, 3, 6, 0, 1, 1, 3, 2, 5, 1, 5, 0, 2, 0, 2, 1, 5, 1, 6, 1, 0, 2, 1, 0, 1, 2, 0, 0, 1, 1, 1, 1, 6, 3, 0, 5, 0, 1, 4, 6, 2, 1, 8, 9, 2, 0, 0, 1, 0, 2, 1, 6, 0, 1, 4, 1, 3, 3, 4, 1, 0, 5, 0, 5, 0, 2, 2, 0, 5, 2, 1, 0, 2, 2, 1, 5, 2, 2, 0, 4, 6, 1, 5, 5, 2, 9, 4, 2, 1, 1, 4, 4, 5, 1, 6, 0, 8, 2, 2, 1, 3, 1, 0, 0, 5, 2, 2, 0, 5, 2, 0, 5, 1, 2, 4, 6, 1, 1, 0, 0, 8, 3, 1, 5, 0, 5, 1, 4, 2, 2, 1, 6, 0, 2, 3, 0, 1, 2, 2, 0, 5, 0, 5, 0, 5, 5, 5, 5, 0, 1, 2, 4, 2]",0.0016993131355090086,10,0.25984251968503935,0.0,0.8869721379159251
jfreechart,8,seed8_solution085,0.8415807794689782,4.261520201851834,0.8048076139243409,0.8415807794689782,-4.261520201851834,0.8048076139243409,True,False,,,"[0, 1, 2, 2, 3, 2, 3, 3, 2, 1, 4, 2, 0, 5, 4, 6, 2, 2, 2, 5, 0, 2, 6, 3, 1, 2, 0, 2, 1, 1, 0, 2, 2, 6, 3, 0, 0, 0, 7, 0, 0, 0, 1, 6, 6, 4, 0, 7, 7, 2, 0, 4, 0, 0, 4, 0, 4, 6, 6, 8, 6, 3, 4, 9, 5, 5, 4, 2, 4, 4, 6, 5, 4, 4, 6, 4, 6, 6, 4, 10, 4, 4, 8, 0, 4, 10, 10, 5, 6, 4, 4, 4, 4, 4, 4, 4, 0, 0, 1, 6, 3, 4, 3, 2, 3, 5, 1, 1, 1, 2, 0, 4, 1, 2, 3, 4, 1, 3, 2, 6, 5, 2, 2, 3, 2, 2, 3, 4, 3, 3, 7, 4, 4, 0, 7, 2, 1, 4, 4, 2, 3, 2, 8, 6, 6, 2, 6, 5, 4, 6, 6, 3, 2, 2, 6, 4, 4, 2, 2, 0, 9, 4, 7, 3, 3, 0, 1, 5, 5, 1, 5, 5, 6, 0, 0, 3, 0, 6, 1, 10, 3, 2, 2, 3, 3, 4, 1, 11, 1, 6, 5, 1, 9, 3, 2, 1, 4, 6, 1, 5, 10, 9, 4, 5, 4, 4, 3, 1, 12, 6, 6, 3, 1, 1, 1, 4, 6, 4, 7, 5, 5, 6, 6, 1, 4, 6, 6, 1, 0, 6, 0, 4, 1, 3, 5, 6, 3, 0, 5, 2, 0, 1, 0, 7, 7, 0, 7, 1, 3, 4, 3, 4, 5, 5, 7, 7, 5, 4, 6, 5, 4, 4, 3, 0, 3, 3, 1, 2, 1, 6, 0, 1, 5, 0, 4, 0, 0, 0, 4, 4, 1, 5, 2, 7, 8, 5, 13, 7, 7, 2, 3, 6, 6, 2, 6, 6, 6, 6, 6, 1, 4, 1, 6, 6, 1, 4, 2, 6, 14, 0, 14, 6, 2, 5, 9, 2, 4, 2, 0, 1, 4, 3, 15, 5, 5, 5, 4, 2, 4, 5, 2, 5, 5, 5, 4, 5, 4, 0, 6, 5, 5, 6, 3, 5, 6, 5, 11, 2, 4, 2, 6, 5, 2, 1, 6, 5, 4, 2, 2, 5, 0, 5, 5, 5, 6, 1, 5, 4, 5, 5, 6, 3, 4, 8, 1, 6, 7, 11, 5, 5, 2, 5, 5, 9, 0, 5, 3, 5, 5, 1, 0, 5, 4, 4, 6, 4, 5, 9, 2, 3, 2, 6, 2, 2, 2, 4, 7, 9, 5, 3, 2, 2, 6, 4, 0, 3, 4, 1, 3, 2, 2, 1, 13, 5, 0, 4, 5, 1, 2, 6, 15, 7, 6, 12, 5, 6, 6, 7, 0, 6, 3, 10, 8, 9, 0, 0, 13, 12, 1, 5, 13, 6, 11, 6, 0, 15, 8, 4, 5, 0, 6, 7, 3, 12, 5, 3, 12, 9, 2, 1, 5, 0, 5, 0, 3, 6, 4, 6, 3, 5, 2, 1, 7, 2, 12, 9, 7, 15, 8, 2, 3, 7, 7, 6, 3, 0, 7, 5, 5, 2, 5, 0, 5, 5, 3, 0, 2, 5, 0, 13, 10, 12, 3, 12, 5, 6, 12, 2, 5, 15, 4, 0, 3, 1, 2, 3, 6, 3, 13, 1, 6, 2, 9, 11, 7, 5, 4, 6, 9, 4, 4, 1, 10, 3, 4, 8, 6, 3, 4, 4, 4, 2, 10, 10, 0, 3, 10, 7, 9, 1, 4, 8, 11, 2, 1, 2, 10, 1, 4, 13, 2, 12, 8, 5, 0, 1, 4, 12, 0, 9, 6, 2, 8, 5, 12, 2, 15, 9, 2, 4, 6, 3, 0, 7, 6, 13, 5, 2, 7, 9, 3, 2, 1, 4, 5, 8, 0, 6, 4, 7, 2, 2, 8, 10, 9, 3, 8, 3, 4, 5, 6, 10, 6, 0, 12, 8, 10, 5, 9, 4, 12, 2, 8, 4, 5]",0.048895907586631385,16,0.14330708661417324,0.0,0.8048076139243409
jfreechart,8,seed8_solution086,0.8442085864446113,8.282297645346956,0.8083496934238632,0.8442085864446113,-8.282297645346956,0.8083496934238632,True,False,,,"[0, 1, 1, 2, 1, 2, 2, 3, 3, 1, 2, 4, 4, 3, 4, 5, 0, 0, 2, 3, 3, 4, 0, 5, 1, 6, 0, 3, 0, 0, 0, 6, 2, 0, 1, 5, 7, 8, 0, 0, 0, 0, 8, 5, 6, 3, 0, 0, 0, 5, 0, 1, 1, 0, 3, 4, 7, 5, 1, 6, 0, 9, 0, 4, 8, 3, 0, 7, 1, 3, 0, 0, 4, 6, 1, 9, 6, 0, 4, 1, 0, 3, 9, 1, 4, 7, 8, 5, 4, 2, 4, 1, 0, 3, 4, 5, 4, 0, 0, 7, 6, 10, 1, 0, 6, 6, 2, 6, 1, 1, 1, 7, 6, 6, 6, 0, 6, 6, 6, 2, 4, 6, 6, 0, 0, 2, 6, 7, 6, 6, 3, 0, 8, 1, 3, 1, 5, 2, 5, 0, 2, 4, 6, 0, 0, 0, 6, 1, 7, 5, 5, 6, 2, 11, 1, 6, 3, 4, 2, 1, 5, 4, 0, 0, 5, 4, 1, 6, 6, 6, 3, 7, 1, 0, 0, 0, 0, 4, 6, 6, 12, 2, 6, 0, 6, 6, 6, 9, 4, 3, 1, 1, 7, 2, 7, 5, 0, 5, 1, 0, 11, 6, 1, 4, 4, 9, 1, 1, 11, 5, 11, 9, 5, 1, 4, 11, 6, 7, 1, 4, 0, 5, 2, 5, 1, 5, 5, 5, 0, 0, 4, 5, 5, 6, 4, 7, 6, 0, 5, 0, 0, 2, 7, 0, 1, 0, 0, 1, 1, 1, 6, 5, 4, 7, 1, 0, 3, 3, 7, 0, 0, 3, 2, 1, 13, 2, 1, 9, 0, 1, 0, 0, 7, 5, 0, 7, 4, 4, 7, 7, 5, 0, 0, 1, 4, 6, 11, 2, 10, 6, 6, 0, 0, 6, 2, 7, 4, 5, 0, 3, 2, 5, 5, 3, 5, 2, 5, 3, 3, 3, 3, 3, 2, 4, 12, 1, 3, 5, 0, 1, 2, 11, 11, 5, 2, 9, 3, 3, 3, 0, 0, 2, 2, 4, 3, 4, 2, 0, 5, 3, 3, 5, 3, 0, 3, 3, 9, 3, 3, 0, 5, 3, 12, 6, 11, 0, 4, 2, 4, 5, 0, 3, 1, 0, 3, 7, 3, 3, 4, 3, 3, 7, 1, 6, 1, 5, 3, 0, 3, 3, 4, 1, 3, 0, 4, 4, 0, 3, 0, 4, 2, 0, 7, 4, 0, 3, 6, 6, 6, 2, 3, 6, 3, 1, 2, 6, 0, 0, 2, 0, 5, 2, 3, 4, 1, 0, 3, 1, 7, 0, 2, 1, 0, 1, 1, 7, 14, 14, 13, 9, 3, 0, 6, 6, 3, 1, 5, 0, 0, 5, 0, 8, 1, 7, 0, 1, 11, 0, 8, 4, 0, 11, 3, 2, 13, 0, 2, 2, 3, 0, 5, 1, 2, 0, 2, 6, 5, 5, 7, 1, 6, 9, 7, 0, 6, 0, 5, 5, 1, 0, 6, 11, 1, 13, 4, 11, 1, 2, 5, 9, 6, 0, 11, 2, 6, 0, 13, 11, 11, 11, 8, 9, 4, 4, 13, 11, 6, 1, 8, 2, 6, 6, 6, 3, 4, 5, 11, 2, 13, 6, 8, 7, 14, 1, 5, 4, 5, 0, 11, 6, 11, 15, 0, 13, 0, 6, 13, 2, 6, 7, 11, 5, 3, 4, 4, 3, 1, 2, 7, 3, 3, 8, 6, 8, 1, 4, 4, 15, 1, 8, 3, 2, 1, 12, 8, 2, 8, 1, 6, 8, 8, 4, 3, 8, 4, 1, 3, 8, 11, 6, 5, 5, 11, 4, 11, 11, 11, 13, 5, 3, 11, 2, 7, 6, 5, 2, 3, 7, 2, 2, 7, 11, 3, 3, 6, 2, 0, 3, 2, 11, 7, 6, 6, 7, 11, 2, 8, 6, 2, 9, 2, 9, 7, 0, 9, 6, 2, 9, 8, 8, 3, 1, 3, 3, 12]",0.03809196783771663,16,0.1700787401574803,0.0,0.8083496934238632
jfreechart,8,seed8_solution087,0.8487133984028394,0.28047903791550216,0.41600743517919514,0.8487133984028394,-0.28047903791550216,0.41600743517919514,True,False,,,"[0, 1, 1, 1, 2, 2, 2, 3, 3, 4, 3, 2, 4, 5, 4, 6, 2, 7, 2, 4, 6, 7, 6, 8, 5, 0, 2, 9, 8, 9, 9, 9, 7, 0, 10, 4, 6, 9, 11, 0, 9, 9, 10, 9, 4, 9, 9, 9, 12, 10, 0, 7, 1, 3, 4, 9, 3, 12, 7, 3, 6, 4, 4, 10, 4, 4, 10, 4, 3, 3, 8, 4, 4, 8, 6, 8, 4, 6, 4, 11, 12, 8, 9, 4, 4, 12, 1, 11, 6, 4, 8, 8, 0, 8, 4, 4, 6, 1, 8, 0, 4, 4, 2, 5, 5, 2, 1, 1, 3, 8, 3, 0, 2, 2, 2, 2, 1, 11, 2, 2, 8, 7, 4, 0, 2, 2, 3, 8, 7, 2, 4, 11, 10, 9, 9, 12, 12, 4, 3, 3, 3, 2, 0, 12, 5, 11, 2, 5, 9, 4, 0, 3, 1, 2, 10, 1, 1, 8, 3, 3, 5, 9, 1, 8, 9, 3, 0, 7, 3, 5, 0, 5, 7, 0, 9, 0, 1, 1, 3, 12, 3, 2, 2, 5, 12, 12, 8, 13, 2, 0, 9, 6, 0, 3, 5, 1, 8, 4, 13, 14, 7, 11, 12, 5, 12, 11, 1, 1, 12, 5, 9, 6, 6, 1, 11, 4, 5, 4, 9, 0, 3, 5, 0, 6, 2, 6, 11, 11, 13, 6, 6, 11, 8, 6, 6, 6, 2, 9, 4, 8, 10, 12, 8, 0, 9, 10, 9, 6, 1, 8, 12, 11, 9, 11, 1, 5, 5, 4, 4, 9, 4, 11, 9, 9, 5, 3, 1, 10, 1, 1, 8, 1, 9, 0, 9, 9, 6, 9, 9, 4, 11, 10, 2, 9, 8, 5, 3, 0, 9, 2, 13, 6, 6, 12, 6, 4, 6, 8, 2, 1, 5, 10, 6, 9, 1, 5, 8, 1, 2, 13, 4, 6, 6, 11, 11, 5, 5, 5, 6, 9, 4, 3, 15, 3, 11, 8, 5, 12, 4, 6, 0, 0, 10, 8, 5, 9, 1, 8, 5, 5, 11, 9, 5, 8, 11, 11, 10, 5, 4, 7, 9, 5, 8, 5, 7, 3, 11, 7, 4, 11, 12, 5, 12, 12, 8, 5, 4, 0, 4, 1, 3, 11, 6, 4, 5, 4, 9, 8, 10, 5, 3, 5, 6, 6, 5, 5, 0, 9, 5, 5, 0, 6, 0, 4, 9, 4, 5, 5, 10, 1, 2, 11, 2, 2, 2, 3, 9, 3, 11, 3, 7, 2, 5, 13, 1, 3, 1, 10, 5, 8, 1, 3, 15, 8, 3, 3, 3, 7, 2, 6, 8, 9, 3, 1, 5, 4, 7, 9, 8, 11, 1, 8, 8, 4, 9, 14, 2, 12, 0, 1, 13, 13, 13, 6, 13, 4, 8, 4, 4, 6, 8, 7, 13, 6, 0, 8, 6, 3, 13, 15, 12, 7, 1, 2, 2, 12, 4, 2, 3, 1, 4, 11, 1, 2, 12, 11, 11, 15, 12, 0, 0, 9, 11, 6, 7, 13, 12, 15, 1, 2, 15, 7, 15, 0, 13, 3, 9, 3, 9, 8, 1, 2, 4, 12, 6, 7, 2, 11, 4, 3, 5, 0, 3, 6, 10, 7, 11, 5, 13, 12, 7, 2, 12, 13, 9, 13, 15, 8, 8, 12, 7, 6, 5, 2, 4, 0, 7, 5, 7, 7, 2, 7, 7, 8, 0, 3, 7, 10, 11, 5, 7, 12, 12, 0, 13, 3, 7, 0, 12, 0, 9, 6, 9, 14, 5, 10, 4, 0, 0, 6, 11, 10, 8, 2, 12, 12, 15, 7, 1, 1, 12, 0, 13, 10, 13, 9, 5, 9, 11, 11, 8, 15, 6, 7, 5, 4, 12, 7, 13, 5, 12, 7, 9, 9, 15, 8, 8, 11, 11, 5, 0, 9, 8, 8, 12, 9, 8, 12, 7, 8, 12, 2, 0, 9, 5]",0.06262287487166186,16,0.09606299212598425,0.0,0.41600743517919514
jfreechart,8,seed8_solution088,0.8550269606170228,0.2823755784210818,0.4877188490712159,0.8550269606170228,-0.2823755784210818,0.4877188490712159,True,False,,,"[0, 1, 2, 3, 4, 2, 5, 6, 2, 4, 2, 2, 4, 7, 4, 4, 3, 2, 8, 5, 2, 2, 4, 8, 1, 2, 0, 0, 9, 0, 0, 0, 0, 8, 1, 0, 0, 10, 10, 11, 0, 0, 12, 8, 0, 0, 0, 0, 8, 11, 0, 4, 0, 0, 4, 13, 6, 14, 5, 5, 5, 11, 4, 15, 4, 4, 4, 4, 4, 10, 4, 13, 16, 0, 4, 14, 4, 3, 4, 5, 1, 6, 14, 17, 4, 6, 5, 11, 4, 14, 11, 6, 3, 15, 4, 7, 7, 4, 4, 0, 4, 16, 17, 10, 7, 15, 2, 2, 2, 2, 2, 2, 3, 2, 2, 18, 13, 4, 10, 2, 2, 15, 5, 2, 2, 2, 2, 12, 3, 2, 14, 7, 4, 0, 15, 19, 4, 10, 4, 12, 6, 11, 4, 14, 7, 7, 2, 16, 2, 2, 2, 16, 2, 5, 3, 2, 16, 8, 16, 2, 12, 0, 7, 16, 0, 2, 2, 2, 18, 6, 2, 16, 8, 16, 0, 0, 11, 17, 2, 9, 3, 0, 2, 2, 2, 7, 2, 11, 1, 15, 13, 16, 9, 15, 16, 16, 14, 11, 11, 18, 13, 12, 10, 0, 16, 4, 1, 0, 6, 5, 13, 13, 3, 1, 0, 13, 16, 13, 7, 17, 10, 2, 10, 13, 12, 14, 5, 19, 1, 16, 15, 5, 6, 6, 9, 17, 2, 2, 6, 16, 13, 3, 4, 0, 19, 0, 0, 4, 4, 4, 11, 17, 0, 8, 18, 0, 16, 4, 15, 16, 0, 1, 4, 0, 5, 2, 4, 10, 2, 1, 1, 1, 4, 5, 13, 0, 14, 0, 0, 4, 1, 0, 5, 2, 10, 16, 18, 1, 4, 6, 5, 8, 5, 5, 3, 5, 12, 5, 5, 5, 5, 5, 5, 3, 5, 5, 5, 5, 7, 16, 7, 17, 0, 19, 12, 16, 16, 16, 2, 11, 8, 13, 12, 10, 16, 16, 11, 16, 16, 7, 16, 4, 16, 16, 12, 6, 13, 17, 10, 18, 16, 0, 16, 10, 16, 16, 3, 16, 6, 11, 4, 16, 15, 1, 12, 8, 5, 13, 16, 16, 16, 10, 6, 1, 5, 16, 16, 4, 16, 17, 17, 13, 6, 15, 11, 13, 16, 5, 16, 16, 18, 16, 0, 4, 2, 16, 0, 8, 13, 1, 16, 7, 4, 17, 16, 10, 13, 16, 7, 2, 9, 10, 2, 18, 2, 12, 16, 7, 3, 2, 11, 2, 16, 12, 11, 13, 10, 1, 1, 1, 19, 11, 17, 0, 12, 4, 5, 5, 1, 10, 8, 6, 1, 8, 16, 13, 2, 0, 0, 6, 0, 17, 0, 12, 10, 11, 10, 13, 10, 13, 19, 17, 12, 10, 19, 13, 5, 16, 15, 16, 4, 12, 13, 16, 10, 4, 13, 14, 12, 19, 13, 1, 10, 10, 9, 13, 3, 18, 1, 5, 10, 8, 9, 14, 13, 19, 10, 5, 12, 12, 19, 0, 10, 17, 8, 8, 13, 8, 11, 8, 1, 10, 17, 11, 15, 12, 1, 9, 14, 6, 11, 4, 6, 15, 17, 10, 17, 2, 10, 14, 9, 12, 19, 5, 1, 2, 18, 16, 12, 1, 17, 10, 4, 13, 19, 10, 0, 19, 7, 13, 16, 2, 8, 5, 4, 13, 6, 17, 4, 17, 2, 17, 19, 11, 6, 5, 1, 12, 15, 3, 17, 13, 9, 6, 4, 5, 17, 5, 13, 6, 6, 6, 14, 6, 17, 12, 10, 10, 10, 17, 3, 10, 12, 2, 9, 19, 10, 8, 13, 16, 0, 17, 17, 6, 1, 12, 11, 3, 10, 10, 13, 10, 13, 9, 17, 14, 17, 17, 9, 12, 11, 6, 6, 1, 15, 6, 6, 9, 13, 13, 17, 17, 11, 12, 13, 10, 8, 13, 6, 6, 3, 17, 6, 3, 6]",0.07117860439009285,20,0.09291338582677165,0.0,0.4877188490712159
jfreechart,8,seed8_solution089,0.8623984710941233,0.38707758004596327,0.4063938118523222,0.8623984710941233,-0.38707758004596327,0.4063938118523222,True,False,,,"[0, 1, 2, 3, 3, 4, 2, 2, 5, 6, 7, 1, 8, 4, 9, 10, 11, 9, 2, 4, 0, 12, 8, 2, 0, 5, 13, 11, 1, 3, 1, 3, 14, 3, 0, 3, 11, 0, 0, 0, 3, 0, 0, 0, 15, 6, 3, 3, 0, 16, 14, 17, 15, 0, 7, 0, 16, 16, 18, 10, 3, 16, 6, 4, 16, 3, 6, 16, 2, 16, 13, 16, 16, 16, 7, 16, 0, 16, 13, 18, 12, 16, 16, 16, 17, 1, 18, 5, 5, 16, 16, 16, 9, 16, 1, 16, 16, 5, 12, 10, 19, 12, 16, 2, 1, 2, 4, 5, 4, 2, 19, 8, 1, 4, 15, 2, 2, 2, 2, 16, 15, 2, 3, 16, 1, 2, 17, 16, 5, 7, 16, 16, 6, 4, 0, 2, 18, 16, 18, 2, 2, 2, 5, 10, 10, 10, 2, 13, 7, 1, 15, 2, 17, 2, 1, 1, 2, 2, 2, 11, 11, 15, 0, 16, 16, 14, 7, 7, 2, 2, 4, 15, 5, 10, 8, 14, 4, 0, 9, 2, 2, 2, 5, 15, 7, 2, 19, 1, 2, 7, 2, 8, 7, 0, 8, 8, 16, 10, 19, 7, 0, 7, 14, 4, 14, 10, 19, 16, 8, 8, 17, 8, 0, 16, 1, 14, 10, 18, 0, 8, 4, 3, 4, 15, 3, 10, 7, 10, 10, 8, 10, 14, 10, 10, 7, 2, 9, 1, 0, 11, 0, 1, 19, 6, 10, 4, 19, 10, 18, 2, 16, 10, 9, 0, 0, 6, 7, 12, 16, 0, 4, 11, 0, 17, 2, 15, 11, 1, 1, 3, 6, 7, 0, 0, 0, 12, 0, 15, 6, 11, 18, 3, 0, 0, 16, 3, 6, 16, 0, 5, 18, 10, 6, 6, 6, 17, 19, 15, 1, 18, 19, 19, 14, 16, 9, 5, 7, 2, 13, 3, 4, 10, 9, 10, 18, 3, 2, 12, 16, 0, 4, 11, 17, 4, 6, 13, 4, 12, 9, 0, 10, 4, 18, 6, 4, 4, 4, 14, 4, 4, 12, 18, 18, 4, 2, 13, 7, 0, 4, 4, 4, 15, 4, 19, 16, 4, 16, 13, 7, 10, 19, 4, 6, 4, 6, 16, 16, 2, 8, 5, 11, 4, 11, 16, 4, 4, 10, 4, 3, 16, 0, 17, 4, 7, 4, 2, 14, 4, 4, 8, 5, 4, 12, 3, 4, 4, 4, 7, 12, 18, 2, 2, 3, 7, 19, 2, 2, 2, 2, 2, 2, 11, 6, 2, 1, 7, 1, 18, 18, 8, 1, 10, 10, 4, 1, 18, 4, 17, 11, 10, 9, 9, 9, 10, 1, 10, 10, 17, 10, 6, 18, 2, 19, 4, 6, 18, 18, 9, 3, 4, 5, 18, 10, 11, 6, 15, 1, 18, 16, 7, 18, 7, 7, 19, 2, 6, 8, 6, 17, 11, 18, 19, 16, 16, 0, 1, 16, 10, 5, 12, 14, 13, 11, 11, 16, 0, 6, 9, 11, 7, 7, 19, 1, 6, 8, 7, 8, 19, 5, 5, 8, 6, 17, 19, 7, 6, 18, 19, 7, 3, 19, 11, 18, 19, 1, 6, 8, 6, 10, 13, 5, 14, 8, 18, 15, 9, 10, 5, 8, 4, 4, 7, 8, 3, 8, 15, 6, 11, 8, 7, 8, 8, 4, 0, 13, 19, 11, 8, 9, 19, 13, 10, 5, 19, 5, 19, 5, 9, 6, 5, 2, 8, 11, 18, 5, 5, 3, 19, 6, 4, 15, 11, 5, 8, 5, 12, 3, 8, 8, 12, 8, 11, 7, 18, 8, 0, 16, 18, 16, 8, 6, 1, 8, 9, 1, 3, 19, 9, 8, 3, 11, 0, 3, 6, 5, 19, 3, 10, 7, 9, 16, 18, 5, 5, 18, 0, 14, 19, 16, 5, 13, 13, 19, 5, 5, 9, 3, 3, 9, 10, 5, 10, 6, 5, 1]",0.07044466691896106,20,0.08503937007874016,0.0,0.4063938118523222
jfreechart,8,seed8_solution090,0.8693945805747048,11.288290663469455,0.7809801148940221,0.8693945805747048,-11.288290663469455,0.7809801148940221,True,False,,,"[0, 1, 1, 2, 2, 0, 3, 3, 3, 2, 4, 0, 1, 5, 1, 4, 4, 0, 3, 2, 5, 5, 0, 3, 1, 2, 0, 5, 6, 7, 4, 3, 8, 6, 1, 7, 0, 3, 0, 0, 0, 0, 1, 6, 6, 4, 0, 1, 4, 3, 4, 1, 5, 5, 3, 6, 0, 6, 5, 1, 1, 2, 4, 4, 4, 5, 0, 3, 0, 7, 6, 0, 1, 2, 6, 4, 0, 6, 5, 0, 4, 0, 0, 0, 1, 0, 2, 4, 5, 3, 3, 6, 5, 4, 1, 4, 0, 0, 4, 0, 5, 9, 2, 7, 2, 5, 1, 1, 7, 0, 0, 4, 0, 1, 6, 4, 2, 7, 7, 6, 5, 3, 3, 2, 3, 1, 0, 7, 7, 3, 8, 2, 1, 6, 2, 2, 3, 0, 1, 0, 4, 4, 1, 1, 7, 3, 0, 4, 4, 6, 6, 0, 2, 5, 6, 4, 4, 7, 2, 0, 6, 3, 0, 0, 3, 0, 1, 5, 5, 1, 5, 6, 2, 0, 0, 3, 0, 4, 1, 0, 2, 4, 1, 0, 2, 4, 0, 8, 4, 6, 5, 3, 3, 0, 3, 6, 0, 1, 1, 0, 0, 4, 4, 7, 6, 4, 2, 1, 1, 0, 6, 2, 1, 3, 5, 5, 2, 4, 1, 5, 5, 6, 6, 1, 4, 1, 0, 1, 0, 6, 7, 3, 1, 2, 5, 4, 2, 0, 4, 3, 1, 3, 0, 6, 1, 0, 0, 1, 1, 1, 7, 4, 5, 5, 1, 5, 3, 5, 6, 0, 1, 1, 3, 1, 2, 3, 8, 0, 8, 6, 0, 2, 5, 1, 1, 4, 5, 5, 4, 5, 7, 0, 4, 1, 0, 3, 1, 7, 9, 2, 2, 0, 0, 2, 3, 1, 2, 10, 0, 3, 3, 7, 7, 4, 1, 0, 3, 5, 0, 1, 1, 0, 5, 5, 1, 3, 0, 3, 0, 1, 4, 5, 1, 7, 3, 0, 4, 2, 0, 5, 3, 5, 5, 0, 1, 4, 4, 0, 6, 0, 0, 6, 6, 1, 6, 0, 5, 3, 5, 3, 6, 6, 1, 1, 6, 0, 1, 3, 3, 6, 0, 5, 5, 3, 4, 1, 5, 5, 5, 1, 6, 3, 1, 2, 0, 1, 4, 1, 3, 7, 3, 5, 0, 0, 5, 4, 3, 0, 0, 5, 0, 1, 3, 2, 6, 4, 2, 6, 3, 2, 4, 0, 5, 3, 6, 4, 7, 2, 5, 0, 3, 3, 0, 7, 0, 2, 4, 0, 2, 3, 3, 5, 2, 1, 2, 3, 2, 1, 1, 2, 0, 1, 1, 2, 2, 2, 2, 6, 0, 3, 2, 1, 1, 1, 0, 0, 0, 0, 1, 2, 1, 6, 4, 5, 0, 11, 6, 5, 5, 0, 6, 1, 1, 2, 5, 1, 2, 8, 0, 1, 0, 0, 1, 0, 3, 6, 1, 0, 2, 7, 3, 0, 2, 2, 5, 0, 4, 3, 2, 3, 7, 1, 3, 1, 2, 0, 3, 4, 5, 1, 4, 0, 4, 5, 6, 0, 3, 5, 0, 3, 2, 1, 1, 1, 5, 6, 6, 3, 5, 1, 4, 5, 2, 1, 7, 2, 4, 2, 0, 1, 3, 1, 1, 6, 0, 5, 4, 2, 0, 2, 4, 1, 0, 2, 4, 4, 0, 3, 4, 4, 4, 3, 0, 0, 6, 7, 1, 5, 3, 1, 4, 2, 4, 3, 7, 7, 7, 1, 3, 3, 1, 5, 4, 2, 0, 1, 3, 6, 11, 3, 6, 1, 2, 5, 6, 2, 6, 2, 3, 4, 6, 2, 5, 0, 2, 3, 5, 2, 6, 5, 1, 0, 1, 5, 5, 6, 0, 1, 4, 5, 5, 3, 2, 0, 3, 3, 0, 0, 4, 3, 4, 6, 6, 0, 3, 2, 3, 5, 5, 4, 6, 1, 5, 5, 4]",0.0036224457301429936,12,0.19055118110236222,0.0015748031496062992,0.7809801148940221
jfreechart,8,seed8_solution091,0.8734216094464542,1.4826673144328164,0.4740340593423418,0.8734216094464542,-1.4826673144328164,0.4740340593423418,True,False,,,"[0, 1, 1, 1, 2, 2, 2, 3, 2, 4, 3, 2, 4, 4, 4, 5, 2, 6, 2, 4, 5, 7, 5, 8, 9, 2, 2, 10, 1, 1, 11, 10, 7, 0, 11, 4, 0, 10, 0, 0, 10, 10, 11, 3, 0, 0, 0, 10, 12, 11, 0, 7, 1, 2, 9, 10, 3, 12, 7, 3, 5, 9, 4, 4, 8, 9, 11, 9, 3, 3, 8, 12, 9, 8, 5, 5, 4, 9, 4, 11, 12, 8, 10, 9, 4, 12, 5, 5, 9, 4, 8, 8, 0, 9, 8, 4, 5, 1, 9, 0, 4, 4, 2, 9, 1, 13, 1, 1, 2, 8, 2, 2, 3, 2, 2, 2, 1, 11, 2, 2, 8, 7, 5, 2, 2, 2, 3, 8, 7, 2, 9, 13, 11, 10, 0, 11, 9, 11, 3, 2, 3, 2, 0, 12, 9, 13, 2, 3, 2, 10, 2, 3, 1, 2, 13, 2, 1, 8, 3, 2, 11, 10, 1, 8, 9, 3, 2, 2, 3, 9, 0, 12, 7, 0, 0, 0, 1, 1, 3, 12, 3, 3, 2, 3, 12, 12, 2, 1, 1, 0, 10, 5, 0, 3, 9, 1, 8, 5, 13, 13, 7, 13, 10, 9, 12, 13, 1, 1, 12, 9, 10, 5, 5, 1, 11, 4, 5, 9, 7, 8, 3, 9, 0, 5, 3, 5, 13, 11, 14, 11, 5, 11, 11, 10, 5, 5, 2, 1, 4, 8, 11, 12, 9, 0, 1, 11, 10, 5, 8, 9, 9, 5, 10, 11, 1, 4, 9, 4, 4, 10, 8, 1, 10, 0, 9, 2, 1, 11, 1, 1, 1, 1, 10, 0, 14, 7, 0, 0, 8, 4, 1, 11, 1, 0, 8, 9, 12, 0, 0, 2, 14, 8, 11, 12, 11, 4, 5, 8, 2, 1, 4, 11, 4, 10, 1, 9, 5, 7, 6, 3, 6, 5, 5, 11, 13, 9, 9, 10, 5, 10, 9, 2, 10, 4, 13, 8, 4, 12, 4, 5, 0, 0, 11, 4, 4, 10, 12, 8, 9, 9, 11, 10, 4, 8, 13, 13, 13, 12, 9, 7, 10, 4, 8, 9, 7, 4, 13, 13, 9, 13, 12, 9, 12, 4, 8, 9, 4, 0, 4, 1, 3, 13, 5, 9, 9, 9, 0, 8, 13, 9, 3, 9, 5, 5, 8, 9, 0, 10, 4, 0, 15, 5, 9, 4, 4, 4, 9, 4, 11, 1, 2, 11, 1, 2, 2, 13, 10, 2, 13, 11, 7, 2, 9, 3, 1, 3, 1, 11, 9, 1, 1, 3, 8, 8, 3, 3, 3, 7, 2, 5, 16, 4, 3, 1, 4, 4, 7, 10, 8, 13, 1, 12, 8, 4, 16, 16, 2, 12, 12, 4, 12, 5, 14, 13, 16, 9, 1, 4, 8, 5, 8, 12, 13, 7, 0, 8, 5, 3, 14, 8, 12, 7, 1, 8, 2, 12, 11, 2, 3, 5, 9, 11, 10, 2, 14, 0, 13, 15, 11, 0, 7, 10, 13, 5, 7, 13, 12, 15, 8, 10, 12, 7, 11, 0, 14, 0, 10, 1, 10, 10, 1, 13, 4, 12, 5, 7, 2, 13, 9, 3, 4, 0, 3, 1, 11, 15, 11, 9, 14, 12, 7, 13, 12, 8, 10, 14, 15, 8, 12, 13, 7, 5, 9, 2, 4, 0, 7, 2, 0, 8, 12, 4, 7, 7, 10, 3, 7, 11, 4, 9, 7, 10, 12, 0, 14, 3, 7, 0, 12, 1, 10, 7, 10, 7, 9, 11, 12, 0, 12, 8, 12, 11, 8, 2, 12, 12, 15, 7, 1, 12, 16, 0, 14, 11, 14, 10, 9, 14, 9, 13, 12, 7, 5, 7, 7, 7, 12, 0, 14, 9, 9, 7, 10, 10, 15, 10, 12, 13, 13, 9, 0, 10, 13, 8, 13, 10, 8, 12, 14, 8, 12, 7, 0, 10, 7]",0.047469506207403735,17,0.09606299212598425,0.0,0.4740340593423418
jfreechart,8,seed8_solution092,0.8813391577366733,0.1224199943384267,0.03895847835229286,0.8813391577366733,-0.1224199943384267,0.03895847835229286,True,False,,,"[0, 1, 2, 3, 3, 2, 3, 1, 2, 3, 4, 4, 0, 5, 4, 5, 6, 0, 2, 1, 5, 5, 0, 2, 1, 3, 0, 5, 6, 1, 6, 2, 2, 6, 1, 6, 0, 2, 0, 0, 0, 0, 1, 6, 6, 4, 0, 1, 6, 2, 5, 5, 5, 5, 2, 6, 1, 6, 5, 3, 1, 3, 4, 4, 5, 5, 0, 2, 0, 4, 6, 5, 1, 3, 1, 4, 3, 6, 4, 5, 4, 0, 6, 0, 1, 0, 3, 5, 5, 2, 2, 6, 2, 4, 4, 4, 0, 0, 4, 6, 5, 2, 3, 0, 3, 5, 1, 1, 1, 6, 0, 4, 1, 1, 6, 4, 3, 3, 1, 6, 5, 2, 2, 3, 2, 0, 3, 5, 6, 3, 1, 4, 3, 6, 2, 4, 6, 6, 6, 0, 4, 4, 5, 1, 3, 2, 6, 4, 4, 6, 6, 0, 3, 5, 6, 4, 4, 5, 3, 0, 6, 2, 3, 3, 3, 0, 1, 5, 5, 1, 6, 6, 2, 0, 0, 3, 0, 6, 1, 6, 3, 4, 3, 3, 3, 4, 1, 1, 4, 6, 5, 2, 2, 3, 2, 6, 0, 1, 1, 5, 0, 5, 4, 5, 6, 4, 3, 1, 3, 0, 6, 3, 1, 2, 5, 4, 3, 4, 1, 5, 5, 6, 6, 1, 4, 1, 6, 1, 0, 6, 0, 0, 1, 3, 5, 4, 3, 0, 5, 2, 0, 2, 0, 5, 1, 0, 0, 1, 3, 1, 3, 4, 5, 5, 0, 4, 2, 4, 6, 0, 1, 4, 3, 1, 3, 2, 1, 2, 0, 6, 0, 3, 5, 1, 4, 4, 5, 5, 4, 5, 2, 5, 4, 1, 0, 2, 1, 3, 4, 2, 3, 0, 0, 2, 2, 1, 3, 5, 0, 2, 4, 1, 6, 4, 1, 4, 2, 5, 4, 0, 0, 4, 2, 5, 1, 2, 1, 2, 0, 1, 4, 4, 1, 4, 2, 0, 4, 2, 4, 5, 2, 5, 5, 6, 4, 5, 4, 0, 6, 3, 5, 6, 3, 1, 6, 0, 5, 2, 4, 2, 6, 6, 2, 3, 6, 0, 5, 2, 2, 6, 1, 5, 5, 2, 4, 1, 5, 4, 5, 3, 6, 3, 4, 3, 1, 6, 1, 0, 2, 6, 2, 5, 0, 0, 0, 4, 3, 5, 0, 5, 0, 1, 2, 3, 6, 4, 3, 6, 2, 3, 4, 3, 5, 2, 6, 4, 2, 4, 5, 3, 2, 2, 6, 4, 0, 3, 4, 3, 3, 2, 2, 1, 3, 1, 3, 2, 3, 1, 2, 3, 0, 0, 6, 3, 3, 3, 0, 6, 0, 2, 3, 1, 1, 5, 0, 0, 6, 0, 1, 4, 1, 6, 4, 5, 0, 0, 6, 2, 5, 4, 6, 1, 3, 3, 5, 3, 3, 1, 2, 1, 5, 0, 5, 0, 3, 6, 1, 0, 3, 5, 2, 2, 3, 3, 5, 4, 4, 2, 3, 2, 3, 1, 2, 1, 3, 0, 2, 5, 5, 1, 5, 0, 5, 5, 6, 0, 2, 5, 0, 2, 3, 1, 3, 1, 5, 6, 6, 2, 5, 1, 4, 5, 3, 1, 2, 3, 6, 3, 2, 1, 6, 2, 0, 6, 0, 5, 4, 6, 0, 4, 4, 1, 0, 3, 4, 4, 6, 3, 4, 4, 4, 2, 0, 0, 6, 3, 6, 5, 2, 1, 4, 4, 5, 2, 1, 2, 3, 1, 4, 2, 1, 5, 5, 5, 0, 1, 2, 6, 0, 2, 6, 2, 3, 5, 6, 2, 6, 2, 2, 4, 6, 3, 0, 2, 6, 2, 5, 2, 6, 4, 1, 2, 1, 4, 5, 6, 0, 6, 4, 3, 2, 2, 1, 6, 2, 2, 0, 3, 4, 3, 6, 6, 6, 0, 3, 3, 2, 5, 5, 4, 5, 1, 5, 4, 5]",-0.029048901970312922,7,0.15275590551181104,0.0,0.03895847835229286
jfreechart,8,seed8_solution093,0.8850931677018633,0.4533727243352153,0.32729016825702006,0.8850931677018633,-0.4533727243352153,0.32729016825702006,True,False,,,"[0, 1, 1, 1, 2, 2, 2, 3, 1, 4, 3, 2, 3, 5, 4, 2, 2, 1, 2, 4, 6, 7, 6, 8, 5, 0, 2, 9, 8, 1, 10, 6, 0, 0, 11, 4, 0, 9, 10, 0, 7, 9, 11, 3, 0, 0, 0, 7, 12, 11, 0, 7, 1, 2, 12, 3, 3, 12, 7, 3, 8, 8, 12, 11, 8, 8, 11, 0, 3, 3, 11, 12, 4, 8, 8, 6, 12, 6, 6, 10, 12, 8, 9, 9, 6, 12, 1, 10, 0, 5, 8, 8, 0, 4, 8, 4, 6, 1, 8, 11, 8, 8, 2, 8, 5, 11, 4, 1, 1, 8, 3, 0, 2, 10, 1, 8, 6, 10, 3, 2, 8, 7, 4, 0, 2, 2, 3, 8, 7, 0, 4, 10, 8, 1, 0, 10, 12, 10, 3, 2, 10, 2, 0, 12, 5, 10, 2, 3, 4, 8, 0, 2, 1, 2, 11, 1, 1, 8, 3, 3, 5, 5, 1, 1, 9, 2, 0, 7, 3, 5, 0, 12, 7, 0, 0, 10, 1, 1, 3, 12, 3, 3, 2, 3, 12, 12, 8, 1, 12, 0, 9, 6, 1, 3, 4, 12, 8, 4, 4, 2, 2, 10, 9, 7, 12, 10, 1, 1, 7, 5, 9, 6, 2, 5, 10, 6, 5, 4, 7, 7, 3, 5, 0, 6, 3, 10, 10, 10, 10, 10, 10, 10, 10, 9, 2, 1, 4, 9, 4, 8, 11, 12, 7, 0, 1, 11, 3, 1, 1, 8, 12, 10, 0, 10, 1, 5, 9, 0, 9, 4, 8, 10, 10, 9, 5, 2, 12, 11, 1, 1, 0, 1, 0, 0, 9, 7, 0, 0, 8, 4, 10, 11, 10, 7, 8, 8, 3, 0, 0, 2, 10, 8, 10, 5, 7, 10, 9, 11, 10, 5, 5, 11, 5, 9, 1, 5, 8, 7, 2, 3, 4, 0, 5, 10, 10, 8, 5, 9, 6, 0, 4, 2, 9, 3, 10, 8, 4, 12, 4, 6, 0, 0, 11, 8, 5, 5, 12, 8, 8, 11, 10, 0, 4, 8, 10, 10, 11, 12, 4, 7, 3, 4, 8, 5, 7, 3, 10, 2, 4, 10, 12, 11, 7, 12, 8, 5, 4, 0, 4, 1, 3, 10, 6, 4, 8, 4, 0, 8, 11, 7, 3, 4, 6, 6, 8, 8, 0, 9, 6, 0, 0, 6, 9, 4, 4, 0, 10, 5, 11, 1, 3, 10, 2, 11, 2, 11, 12, 3, 10, 10, 7, 3, 11, 7, 1, 3, 9, 11, 5, 8, 1, 3, 4, 8, 3, 3, 3, 7, 2, 11, 8, 5, 5, 1, 1, 4, 7, 9, 8, 10, 4, 12, 10, 4, 2, 7, 2, 3, 0, 1, 5, 6, 0, 5, 4, 4, 1, 3, 8, 6, 8, 7, 13, 6, 11, 0, 6, 3, 7, 8, 7, 0, 1, 8, 2, 6, 10, 2, 3, 1, 4, 10, 1, 13, 13, 0, 9, 1, 2, 0, 7, 0, 10, 6, 7, 11, 0, 9, 1, 9, 3, 7, 2, 0, 2, 3, 9, 1, 9, 9, 1, 2, 4, 5, 11, 7, 2, 5, 4, 3, 5, 0, 2, 1, 1, 7, 10, 6, 12, 12, 7, 2, 7, 2, 0, 3, 12, 8, 8, 12, 7, 6, 4, 2, 4, 0, 9, 2, 0, 7, 12, 5, 12, 8, 9, 3, 7, 11, 5, 8, 9, 9, 12, 5, 9, 3, 8, 0, 12, 1, 9, 6, 9, 1, 9, 11, 2, 2, 13, 6, 10, 11, 7, 2, 12, 12, 7, 7, 1, 1, 3, 0, 0, 11, 10, 0, 0, 7, 4, 9, 8, 7, 6, 7, 5, 8, 12, 0, 10, 5, 12, 5, 9, 1, 11, 9, 12, 10, 8, 7, 3, 9, 11, 2, 0, 9, 8, 12, 9, 9, 12, 7, 8, 9, 12]",0.025802899622537748,14,0.10393700787401575,0.0,0.32729016825702006
jfreechart,8,seed8_solution094,0.8869701726844584,11.890011628390598,0.7804925229220052,0.8869701726844584,-11.890011628390598,0.7804925229220052,True,False,,,"[0, 1, 2, 2, 3, 2, 2, 1, 2, 3, 2, 4, 0, 5, 4, 2, 6, 4, 2, 1, 4, 0, 1, 3, 2, 3, 0, 4, 6, 2, 6, 2, 0, 6, 1, 6, 0, 2, 0, 0, 0, 0, 2, 6, 3, 6, 0, 1, 6, 3, 1, 5, 5, 5, 2, 6, 1, 6, 1, 3, 1, 3, 6, 6, 5, 4, 0, 4, 0, 2, 5, 1, 1, 1, 1, 4, 3, 6, 0, 0, 4, 0, 5, 0, 1, 4, 3, 5, 5, 2, 2, 4, 2, 4, 4, 4, 0, 1, 4, 6, 4, 7, 2, 2, 3, 0, 3, 1, 2, 3, 0, 2, 1, 1, 6, 0, 3, 8, 1, 1, 5, 2, 2, 3, 2, 0, 0, 3, 6, 2, 6, 4, 3, 6, 2, 4, 6, 0, 1, 0, 1, 6, 4, 1, 3, 2, 6, 0, 1, 4, 5, 0, 3, 2, 6, 4, 6, 2, 2, 0, 1, 2, 3, 3, 3, 0, 0, 5, 5, 1, 5, 5, 2, 0, 0, 0, 1, 5, 1, 6, 3, 3, 1, 0, 2, 4, 1, 0, 1, 6, 5, 0, 0, 3, 3, 6, 0, 1, 1, 0, 0, 4, 1, 1, 6, 6, 4, 1, 1, 0, 1, 3, 2, 2, 2, 6, 3, 4, 1, 0, 5, 6, 6, 1, 4, 1, 6, 3, 0, 6, 0, 0, 2, 3, 5, 4, 3, 0, 4, 2, 0, 2, 0, 5, 1, 1, 2, 1, 4, 1, 2, 4, 5, 5, 0, 4, 2, 6, 0, 0, 1, 6, 3, 1, 1, 0, 6, 2, 0, 0, 0, 2, 6, 3, 3, 4, 5, 1, 1, 5, 6, 4, 4, 4, 0, 1, 1, 2, 7, 2, 3, 0, 1, 0, 3, 1, 2, 9, 0, 2, 4, 1, 6, 4, 1, 4, 2, 4, 3, 0, 0, 4, 2, 5, 1, 2, 1, 3, 2, 2, 4, 8, 1, 1, 0, 0, 4, 3, 4, 4, 3, 5, 5, 1, 4, 8, 6, 1, 3, 3, 5, 6, 3, 1, 6, 1, 5, 0, 6, 2, 5, 6, 6, 3, 3, 0, 1, 3, 2, 6, 0, 5, 5, 0, 1, 0, 5, 2, 4, 0, 6, 3, 2, 3, 1, 1, 1, 0, 2, 3, 0, 4, 0, 1, 0, 4, 3, 1, 0, 4, 0, 0, 5, 3, 6, 4, 0, 6, 1, 3, 1, 3, 4, 1, 6, 4, 2, 2, 1, 3, 0, 2, 6, 4, 0, 2, 5, 0, 3, 0, 0, 2, 1, 1, 3, 2, 3, 1, 1, 3, 2, 0, 6, 3, 3, 3, 0, 0, 0, 2, 3, 1, 1, 5, 0, 1, 6, 0, 1, 4, 1, 6, 6, 5, 0, 0, 6, 2, 5, 6, 6, 1, 3, 3, 5, 0, 4, 8, 2, 1, 4, 0, 5, 5, 3, 6, 1, 0, 1, 5, 2, 2, 0, 3, 2, 4, 1, 2, 3, 2, 3, 1, 5, 1, 2, 0, 2, 5, 5, 1, 5, 0, 0, 2, 6, 0, 3, 2, 0, 0, 2, 1, 4, 1, 4, 5, 0, 5, 0, 1, 4, 10, 3, 1, 8, 3, 6, 2, 2, 1, 0, 2, 1, 5, 0, 5, 4, 6, 0, 2, 6, 1, 0, 3, 4, 4, 6, 3, 4, 0, 2, 2, 0, 0, 5, 3, 6, 5, 2, 2, 6, 1, 5, 1, 3, 3, 2, 1, 1, 2, 1, 5, 1, 5, 0, 1, 2, 0, 0, 2, 6, 1, 2, 3, 0, 0, 6, 3, 2, 0, 5, 3, 0, 2, 3, 2, 5, 4, 1, 6, 1, 3, 1, 6, 1, 3, 0, 6, 6, 3, 2, 4, 1, 6, 2, 3, 5, 2, 4, 2, 6, 0, 5, 3, 2, 0, 2, 5, 4, 4, 5, 0, 4, 4, 5]",-0.024077124444905583,11,0.1889763779527559,0.0031496062992125984,0.7804925229220052
jfreechart,8,seed8_solution095,0.903010033444816,0.18507296592870906,0.06662738835057065,0.903010033444816,-0.18507296592870906,0.06662738835057065,True,False,,,"[0, 1, 2, 1, 3, 2, 2, 1, 1, 4, 4, 2, 3, 5, 6, 3, 1, 1, 7, 5, 7, 7, 8, 4, 5, 0, 3, 9, 8, 10, 10, 8, 1, 0, 4, 5, 5, 9, 5, 0, 6, 8, 4, 2, 0, 8, 0, 6, 11, 4, 7, 7, 1, 2, 11, 3, 3, 11, 6, 3, 0, 6, 3, 12, 10, 11, 10, 0, 2, 3, 10, 11, 9, 4, 6, 10, 11, 7, 4, 8, 6, 6, 9, 9, 4, 11, 9, 12, 5, 10, 3, 4, 9, 12, 6, 12, 4, 10, 5, 10, 6, 6, 2, 8, 6, 10, 12, 10, 1, 8, 3, 0, 4, 8, 1, 5, 12, 1, 0, 10, 4, 3, 12, 4, 1, 11, 3, 6, 7, 0, 10, 9, 6, 1, 0, 9, 12, 9, 2, 11, 8, 10, 8, 12, 11, 3, 2, 9, 12, 6, 0, 2, 1, 5, 10, 1, 1, 5, 3, 10, 5, 10, 1, 1, 9, 5, 0, 12, 3, 5, 0, 6, 11, 0, 12, 10, 5, 1, 11, 0, 3, 5, 3, 3, 11, 11, 8, 1, 9, 0, 12, 1, 1, 10, 5, 3, 6, 6, 12, 2, 2, 5, 9, 8, 11, 9, 9, 11, 7, 5, 9, 7, 2, 3, 9, 4, 4, 5, 9, 5, 6, 5, 0, 4, 3, 9, 11, 6, 9, 10, 5, 6, 8, 6, 2, 1, 4, 12, 12, 1, 7, 9, 12, 10, 12, 4, 10, 12, 7, 0, 11, 8, 0, 10, 1, 4, 8, 0, 9, 1, 1, 5, 5, 8, 6, 2, 11, 6, 11, 10, 0, 8, 0, 7, 7, 12, 5, 0, 4, 0, 9, 5, 9, 7, 10, 6, 3, 12, 12, 2, 2, 9, 9, 5, 12, 10, 8, 8, 8, 2, 4, 4, 11, 12, 1, 5, 6, 12, 3, 3, 12, 0, 9, 10, 5, 6, 7, 9, 7, 0, 4, 9, 6, 3, 12, 5, 11, 12, 12, 2, 0, 0, 1, 4, 5, 4, 6, 6, 1, 10, 11, 5, 6, 12, 12, 9, 4, 11, 12, 11, 3, 7, 8, 7, 7, 2, 12, 4, 7, 9, 11, 4, 12, 11, 2, 4, 4, 0, 9, 1, 3, 9, 9, 1, 5, 12, 8, 5, 2, 7, 2, 8, 9, 7, 6, 8, 11, 4, 7, 0, 1, 7, 5, 12, 12, 0, 12, 5, 7, 1, 3, 7, 2, 4, 2, 5, 11, 1, 9, 10, 7, 8, 4, 7, 1, 3, 8, 7, 7, 10, 3, 3, 6, 8, 3, 5, 3, 7, 2, 10, 6, 5, 11, 1, 1, 2, 12, 3, 6, 9, 5, 11, 9, 12, 0, 4, 2, 3, 0, 1, 5, 2, 0, 1, 11, 6, 1, 11, 6, 12, 10, 1, 4, 8, 4, 0, 2, 3, 6, 6, 7, 0, 1, 6, 2, 1, 9, 2, 7, 3, 10, 10, 0, 0, 12, 0, 8, 4, 3, 0, 2, 7, 10, 11, 6, 4, 0, 7, 1, 2, 3, 12, 2, 0, 2, 3, 0, 8, 7, 10, 1, 2, 5, 5, 1, 6, 2, 5, 12, 1, 7, 0, 10, 7, 1, 2, 7, 4, 10, 7, 7, 7, 7, 3, 12, 3, 11, 8, 8, 2, 10, 7, 11, 4, 12, 0, 12, 2, 0, 6, 6, 8, 5, 8, 11, 3, 9, 10, 5, 6, 4, 9, 11, 5, 6, 3, 8, 1, 11, 6, 8, 7, 2, 1, 5, 10, 2, 2, 11, 4, 9, 4, 7, 10, 12, 11, 6, 7, 1, 1, 6, 0, 0, 4, 10, 5, 5, 11, 3, 8, 8, 9, 10, 12, 4, 4, 9, 7, 9, 11, 11, 1, 7, 1, 0, 9, 11, 9, 8, 7, 6, 8, 10, 3, 0, 9, 9, 11, 0, 7, 8, 11, 8, 9, 2]",0.016064429037797607,13,0.08661417322834646,0.0,0.06662738835057065
jfreechart,8,seed8_solution096,0.907583100129684,1.7350155605699182,0.2788291152145898,0.907583100129684,-1.7350155605699182,0.2788291152145898,True,False,,,"[0, 1, 2, 1, 3, 2, 2, 1, 1, 4, 4, 2, 3, 5, 6, 2, 1, 1, 7, 5, 7, 6, 8, 4, 5, 0, 3, 9, 8, 8, 8, 8, 1, 0, 10, 5, 5, 9, 5, 0, 6, 9, 10, 2, 0, 8, 0, 7, 10, 4, 6, 6, 1, 2, 10, 3, 3, 11, 6, 3, 0, 12, 11, 11, 8, 12, 8, 0, 2, 3, 8, 10, 9, 12, 12, 12, 10, 7, 4, 8, 11, 6, 9, 9, 4, 10, 9, 11, 5, 5, 3, 12, 9, 11, 6, 11, 4, 1, 12, 10, 6, 12, 2, 8, 6, 10, 11, 8, 1, 12, 3, 0, 4, 8, 1, 12, 11, 1, 0, 2, 12, 6, 11, 4, 2, 10, 3, 7, 6, 0, 12, 8, 7, 1, 0, 9, 11, 9, 2, 10, 8, 12, 8, 11, 10, 3, 2, 9, 11, 12, 0, 2, 1, 5, 8, 1, 1, 5, 3, 3, 5, 12, 1, 1, 9, 5, 0, 6, 3, 5, 0, 6, 10, 0, 0, 8, 5, 1, 12, 0, 3, 5, 3, 3, 10, 10, 12, 1, 9, 0, 11, 1, 1, 12, 5, 3, 12, 6, 11, 2, 2, 5, 9, 8, 10, 8, 9, 1, 6, 5, 9, 7, 2, 3, 8, 4, 4, 4, 9, 5, 3, 5, 0, 4, 3, 9, 10, 6, 9, 12, 5, 7, 8, 7, 2, 1, 4, 11, 11, 1, 7, 9, 11, 0, 11, 4, 8, 11, 1, 0, 10, 12, 0, 8, 1, 4, 9, 0, 9, 1, 12, 5, 8, 12, 5, 2, 10, 6, 10, 12, 0, 1, 0, 7, 7, 6, 5, 0, 4, 0, 9, 5, 9, 6, 8, 12, 3, 11, 11, 2, 2, 9, 9, 5, 6, 8, 8, 8, 8, 2, 4, 4, 10, 11, 1, 5, 6, 11, 3, 3, 11, 0, 5, 12, 5, 12, 7, 9, 7, 0, 4, 9, 7, 3, 11, 5, 4, 11, 11, 2, 0, 0, 1, 4, 5, 4, 11, 12, 1, 12, 10, 0, 4, 11, 8, 9, 10, 10, 4, 10, 3, 7, 8, 5, 7, 3, 8, 4, 7, 9, 10, 4, 11, 11, 12, 4, 4, 0, 4, 1, 3, 9, 9, 1, 5, 4, 12, 5, 2, 7, 2, 8, 7, 7, 6, 8, 10, 9, 6, 0, 1, 7, 5, 11, 11, 0, 11, 5, 10, 1, 3, 7, 2, 10, 2, 5, 10, 3, 8, 12, 7, 8, 4, 7, 1, 3, 8, 6, 5, 8, 3, 3, 7, 8, 3, 5, 3, 6, 2, 12, 12, 5, 10, 1, 1, 4, 11, 3, 6, 8, 5, 10, 8, 4, 0, 6, 2, 3, 0, 1, 5, 2, 0, 1, 10, 7, 1, 10, 6, 11, 12, 6, 4, 12, 4, 0, 2, 3, 7, 7, 6, 0, 1, 6, 2, 1, 9, 2, 3, 3, 12, 8, 0, 13, 13, 0, 9, 4, 3, 0, 2, 0, 8, 10, 7, 4, 0, 7, 1, 2, 3, 6, 2, 0, 2, 3, 0, 8, 7, 12, 1, 2, 5, 5, 1, 7, 2, 5, 11, 3, 6, 0, 12, 7, 1, 2, 6, 4, 12, 7, 7, 7, 6, 3, 0, 3, 10, 12, 8, 11, 6, 7, 10, 4, 11, 0, 11, 2, 0, 6, 6, 8, 11, 12, 10, 3, 9, 12, 5, 6, 9, 9, 10, 5, 6, 3, 8, 1, 11, 6, 9, 7, 9, 1, 9, 12, 2, 2, 10, 4, 9, 10, 7, 12, 11, 10, 6, 6, 1, 1, 3, 0, 0, 4, 8, 5, 5, 6, 4, 8, 12, 9, 12, 7, 4, 4, 9, 6, 9, 5, 11, 1, 7, 1, 0, 9, 11, 9, 12, 7, 3, 8, 12, 3, 0, 9, 9, 11, 0, 7, 11, 10, 8, 9, 2]",0.011193161384189671,14,0.08976377952755905,0.0,0.2788291152145898
jfreechart,8,seed8_solution097,0.939048529110641,0.18618556765399796,0.21818271060602032,0.939048529110641,-0.18618556765399796,0.21818271060602032,True,False,,,"[0, 1, 2, 3, 4, 5, 6, 7, 8, 9, 10, 1, 11, 12, 13, 4, 14, 13, 15, 6, 2, 12, 11, 15, 0, 8, 16, 14, 16, 3, 1, 3, 17, 15, 1, 3, 14, 11, 11, 18, 3, 0, 9, 15, 18, 9, 3, 3, 15, 18, 17, 19, 18, 0, 10, 10, 7, 13, 15, 6, 3, 18, 9, 17, 4, 3, 9, 4, 2, 11, 16, 10, 5, 0, 10, 13, 0, 3, 16, 15, 12, 7, 13, 8, 19, 1, 15, 18, 8, 13, 18, 7, 13, 17, 1, 12, 12, 8, 12, 6, 7, 12, 8, 11, 12, 17, 5, 8, 5, 2, 7, 11, 1, 5, 18, 19, 10, 4, 11, 4, 18, 17, 3, 4, 1, 2, 19, 9, 8, 10, 13, 12, 9, 5, 17, 14, 15, 11, 15, 9, 7, 18, 4, 13, 12, 12, 2, 16, 10, 1, 18, 5, 19, 6, 3, 1, 5, 15, 5, 14, 14, 18, 12, 5, 0, 17, 10, 10, 19, 7, 2, 18, 15, 5, 11, 17, 18, 8, 13, 16, 2, 0, 8, 18, 10, 12, 7, 18, 2, 17, 2, 5, 16, 17, 11, 11, 13, 18, 18, 19, 0, 9, 17, 0, 17, 4, 7, 4, 7, 11, 19, 11, 3, 4, 0, 17, 5, 15, 12, 11, 11, 2, 11, 18, 3, 13, 10, 14, 1, 11, 17, 17, 7, 7, 16, 8, 13, 2, 7, 14, 10, 3, 7, 9, 14, 5, 7, 4, 15, 2, 18, 8, 13, 15, 19, 9, 10, 12, 17, 0, 5, 14, 4, 19, 6, 18, 14, 11, 2, 3, 9, 10, 4, 6, 10, 12, 13, 18, 9, 14, 15, 3, 6, 2, 11, 3, 19, 4, 4, 7, 15, 15, 6, 9, 3, 19, 7, 18, 1, 15, 7, 7, 17, 3, 13, 8, 10, 2, 16, 3, 5, 8, 0, 14, 15, 3, 2, 12, 4, 18, 15, 14, 19, 11, 9, 16, 18, 12, 13, 12, 6, 4, 15, 9, 9, 7, 10, 17, 11, 19, 12, 15, 15, 11, 2, 16, 3, 0, 7, 18, 4, 18, 17, 7, 4, 15, 6, 16, 10, 6, 7, 11, 9, 1, 6, 4, 4, 2, 11, 8, 14, 10, 14, 17, 18, 10, 6, 6, 5, 4, 19, 19, 0, 4, 2, 2, 17, 15, 10, 11, 8, 12, 12, 3, 5, 11, 10, 10, 12, 15, 16, 11, 3, 19, 7, 9, 5, 12, 3, 2, 18, 14, 9, 2, 18, 10, 11, 15, 15, 11, 14, 18, 6, 0, 1, 15, 6, 19, 1, 11, 15, 7, 13, 15, 1, 10, 2, 19, 6, 7, 15, 2, 0, 5, 11, 18, 15, 13, 3, 10, 8, 8, 6, 11, 14, 18, 6, 15, 17, 5, 15, 10, 10, 5, 2, 4, 11, 13, 19, 14, 15, 1, 11, 11, 16, 1, 3, 19, 8, 12, 17, 16, 16, 13, 4, 0, 9, 6, 14, 9, 14, 7, 1, 8, 15, 15, 10, 7, 18, 8, 1, 11, 19, 18, 17, 9, 1, 16, 10, 3, 18, 4, 15, 17, 8, 9, 8, 2, 6, 16, 8, 17, 11, 6, 18, 13, 19, 8, 11, 1, 5, 11, 4, 3, 11, 18, 0, 14, 12, 10, 5, 2, 15, 0, 16, 10, 14, 11, 4, 7, 16, 6, 14, 18, 8, 6, 1, 9, 17, 3, 2, 10, 16, 7, 4, 6, 3, 6, 9, 5, 18, 14, 13, 11, 8, 12, 3, 11, 11, 12, 3, 14, 10, 2, 16, 0, 4, 15, 4, 5, 0, 1, 8, 7, 1, 3, 18, 3, 11, 3, 10, 0, 3, 16, 8, 13, 3, 6, 16, 13, 18, 15, 7, 1, 17, 0, 17, 16, 4, 8, 16, 16, 18, 9, 8, 11, 15, 3, 7, 6, 3, 6, 9, 3, 1]",0.0004398431532377309,20,0.07401574803149606,0.0,0.21818271060602032
jfreechart,8,seed8_solution098,0.9673401133028462,0.20824008720412626,0.27038961929240635,0.9673401133028462,-0.20824008720412626,0.27038961929240635,True,False,,,"[0, 1, 2, 0, 3, 4, 4, 4, 5, 6, 4, 7, 8, 9, 10, 3, 11, 9, 1, 3, 12, 13, 12, 14, 9, 13, 15, 16, 16, 17, 18, 2, 13, 3, 17, 1, 18, 18, 7, 4, 19, 20, 21, 11, 21, 22, 23, 24, 25, 13, 26, 10, 24, 8, 27, 7, 9, 12, 18, 17, 7, 28, 12, 5, 22, 7, 18, 11, 24, 1, 9, 29, 21, 30, 31, 0, 12, 3, 14, 25, 26, 1, 1, 0, 24, 5, 15, 30, 22, 18, 2, 7, 32, 22, 33, 22, 25, 32, 0, 16, 27, 26, 24, 31, 34, 23, 29, 34, 17, 16, 12, 11, 1, 10, 10, 12, 0, 23, 20, 30, 27, 8, 32, 8, 10, 22, 9, 9, 2, 31, 5, 25, 29, 25, 2, 24, 31, 14, 4, 34, 23, 5, 23, 11, 0, 35, 1, 15, 16, 5, 24, 5, 18, 5, 14, 6, 17, 2, 12, 24, 10, 28, 23, 25, 29, 6, 9, 25, 22, 26, 33, 16, 4, 4, 12, 6, 22, 27, 5, 1, 7, 17, 10, 26, 28, 14, 8, 27, 27, 14, 17, 1, 15, 29, 11, 36, 6, 25, 34, 18, 28, 20, 37, 2, 20, 15, 34, 2, 1, 16, 9, 9, 30, 11, 0, 16, 22, 19, 10, 14, 27, 12, 25, 5, 2, 23, 19, 28, 32, 13, 20, 11, 17, 23, 23, 29, 1, 33, 11, 9, 33, 22, 30, 25, 21, 11, 25, 3, 21, 12, 5, 5, 22, 9, 33, 32, 27, 11, 6, 13, 2, 2, 1, 27, 34, 10, 34, 15, 0, 8, 36, 28, 17, 21, 30, 1, 29, 30, 16, 31, 18, 16, 9, 6, 3, 30, 31, 1, 26, 34, 2, 2, 19, 4, 11, 17, 32, 3, 27, 35, 31, 24, 18, 15, 33, 33, 28, 10, 3, 13, 25, 18, 27, 11, 6, 28, 32, 36, 15, 20, 15, 35, 11, 8, 37, 0, 17, 24, 22, 15, 9, 20, 31, 4, 7, 21, 36, 18, 9, 28, 13, 13, 4, 31, 29, 34, 33, 27, 37, 8, 31, 17, 30, 10, 30, 1, 4, 19, 5, 31, 20, 19, 13, 5, 6, 6, 24, 35, 22, 34, 13, 6, 9, 18, 7, 11, 26, 33, 9, 28, 30, 9, 12, 1, 26, 27, 31, 1, 34, 8, 17, 1, 24, 32, 35, 26, 26, 15, 7, 27, 32, 29, 34, 36, 30, 36, 28, 5, 15, 23, 22, 0, 1, 34, 8, 4, 21, 10, 12, 17, 7, 3, 11, 17, 7, 13, 26, 26, 27, 27, 2, 23, 16, 3, 35, 31, 22, 21, 36, 6, 8, 6, 19, 10, 32, 11, 35, 19, 5, 8, 11, 14, 22, 11, 35, 23, 12, 28, 20, 36, 1, 19, 14, 37, 16, 34, 28, 1, 32, 3, 36, 8, 19, 19, 22, 23, 4, 20, 37, 33, 36, 15, 28, 11, 2, 30, 10, 34, 14, 4, 22, 18, 32, 1, 3, 9, 19, 11, 1, 16, 21, 29, 16, 17, 34, 24, 2, 13, 31, 0, 15, 2, 9, 24, 29, 20, 15, 33, 32, 11, 16, 25, 37, 24, 9, 29, 5, 31, 17, 23, 11, 8, 13, 35, 25, 19, 10, 4, 17, 7, 38, 10, 30, 0, 10, 23, 8, 10, 25, 15, 26, 31, 20, 15, 16, 21, 34, 20, 24, 15, 34, 20, 35, 15, 3, 32, 34, 22, 19, 18, 21, 29, 28, 14, 8, 30, 23, 5, 20, 23, 2, 10, 7, 2, 35, 33, 7, 19, 22, 36, 29, 27, 16, 5, 36, 30, 7, 28, 11, 7, 20, 18, 36, 6, 29, 12, 36, 34, 36, 28, 24, 1, 31, 27, 18, 3, 34, 1, 15, 13, 21, 7, 28, 25, 3, 11, 11, 33, 12, 7, 14, 17, 22, 29, 6]",-0.004386076639534022,39,0.04094488188976378,0.0015748031496062992,0.27038961929240635
jfreechart,8,seed8_solution099,0.9675107501194458,0.19776551553926494,0.2068034949786175,0.9675107501194458,-0.19776551553926494,0.2068034949786175,True,False,,,"[0, 1, 2, 0, 3, 4, 4, 4, 5, 6, 4, 7, 8, 9, 10, 3, 11, 9, 1, 3, 12, 13, 12, 14, 9, 13, 15, 16, 16, 17, 18, 2, 13, 3, 17, 1, 18, 18, 7, 4, 19, 20, 21, 11, 21, 22, 23, 24, 25, 13, 26, 10, 24, 8, 27, 7, 9, 12, 18, 17, 7, 28, 12, 5, 22, 7, 18, 11, 24, 1, 9, 29, 21, 30, 31, 0, 12, 3, 14, 25, 26, 1, 1, 0, 24, 5, 15, 30, 22, 18, 2, 7, 32, 22, 33, 22, 25, 32, 0, 16, 27, 26, 24, 31, 34, 23, 29, 34, 17, 16, 12, 11, 1, 10, 10, 12, 0, 23, 20, 30, 27, 8, 32, 8, 10, 22, 9, 9, 2, 31, 5, 25, 29, 25, 2, 24, 31, 14, 4, 34, 23, 5, 23, 11, 0, 35, 1, 15, 16, 5, 24, 5, 18, 5, 14, 6, 17, 2, 12, 24, 10, 28, 23, 25, 29, 6, 9, 25, 22, 26, 33, 16, 4, 4, 12, 6, 22, 27, 5, 1, 7, 17, 10, 26, 28, 14, 8, 27, 27, 14, 20, 1, 15, 29, 11, 36, 6, 25, 34, 18, 28, 20, 37, 2, 20, 15, 34, 2, 1, 16, 9, 9, 30, 11, 0, 16, 22, 19, 10, 14, 27, 12, 25, 5, 2, 23, 19, 28, 32, 13, 20, 11, 17, 23, 23, 29, 1, 33, 11, 9, 33, 22, 30, 25, 21, 11, 25, 3, 21, 12, 5, 5, 22, 33, 33, 32, 27, 11, 6, 13, 2, 2, 1, 27, 34, 10, 34, 15, 0, 8, 36, 28, 17, 21, 30, 1, 29, 30, 16, 31, 18, 16, 9, 6, 3, 30, 31, 1, 26, 34, 2, 2, 19, 4, 11, 17, 32, 3, 27, 35, 36, 24, 18, 15, 33, 33, 28, 10, 3, 13, 25, 18, 27, 11, 6, 28, 32, 36, 15, 20, 15, 35, 11, 8, 37, 0, 17, 24, 22, 21, 9, 20, 31, 4, 7, 21, 36, 18, 9, 28, 13, 13, 4, 31, 29, 34, 33, 27, 37, 8, 31, 17, 30, 10, 30, 1, 4, 19, 5, 31, 20, 19, 13, 5, 6, 6, 24, 35, 22, 34, 13, 6, 9, 18, 7, 11, 26, 33, 9, 28, 30, 9, 12, 1, 26, 27, 31, 1, 34, 8, 17, 1, 24, 32, 35, 26, 26, 15, 7, 27, 32, 29, 34, 36, 30, 36, 28, 5, 15, 23, 22, 0, 1, 34, 8, 4, 21, 10, 12, 17, 16, 3, 11, 17, 7, 13, 26, 26, 27, 27, 2, 23, 16, 3, 35, 31, 22, 21, 36, 14, 8, 6, 19, 26, 32, 11, 35, 19, 5, 8, 11, 14, 22, 11, 35, 23, 12, 28, 20, 36, 36, 19, 14, 37, 16, 34, 28, 1, 32, 3, 36, 8, 19, 19, 22, 23, 4, 20, 37, 33, 36, 15, 28, 11, 2, 30, 10, 34, 14, 4, 22, 18, 32, 1, 3, 9, 19, 11, 1, 16, 21, 29, 16, 17, 34, 24, 2, 13, 31, 0, 15, 2, 9, 24, 29, 20, 15, 33, 32, 11, 16, 25, 37, 24, 9, 29, 5, 31, 17, 23, 11, 8, 13, 35, 25, 19, 10, 4, 17, 7, 7, 10, 30, 0, 10, 23, 8, 10, 25, 15, 26, 31, 20, 15, 16, 21, 34, 20, 24, 15, 34, 20, 35, 15, 3, 32, 34, 22, 19, 18, 21, 29, 28, 14, 8, 30, 23, 5, 20, 23, 2, 10, 7, 2, 35, 33, 7, 19, 22, 4, 29, 27, 16, 5, 36, 30, 7, 28, 11, 7, 20, 18, 36, 6, 29, 12, 36, 34, 36, 28, 24, 1, 31, 27, 18, 3, 34, 1, 15, 13, 21, 7, 28, 25, 3, 11, 11, 33, 12, 7, 14, 17, 22, 29, 6]",-0.00462116900663696,38,0.04094488188976378,0.0,0.2068034949786175
