source,target,dependency_type,weight,evidence_kind,evidence_location
org.eclipse.cargotracker.application.ApplicationEvents,org.eclipse.cargotracker.domain.model.handling.HandlingEvent,type,1,method_parameter_type_reference,<org.eclipse.cargotracker.application.ApplicationEvents: void cargoWasHandled(org.eclipse.cargotracker.domain.model.handling.HandlingEvent)>
org.eclipse.cargotracker.application.ApplicationEvents,org.eclipse.cargotracker.domain.model.cargo.Cargo,type,1,method_parameter_type_reference,<org.eclipse.cargotracker.application.ApplicationEvents: void cargoWasMisdirected(org.eclipse.cargotracker.domain.model.cargo.Cargo)>
org.eclipse.cargotracker.application.ApplicationEvents,org.eclipse.cargotracker.domain.model.cargo.Cargo,type,1,method_parameter_type_reference,<org.eclipse.cargotracker.application.ApplicationEvents: void cargoHasArrived(org.eclipse.cargotracker.domain.model.cargo.Cargo)>
org.eclipse.cargotracker.application.ApplicationEvents,org.eclipse.cargotracker.interfaces.handling.HandlingEventRegistrationAttempt,type,1,method_parameter_type_reference,<org.eclipse.cargotracker.application.ApplicationEvents: void receivedHandlingEventRegistrationAttempt(org.eclipse.cargotracker.interfaces.handling.HandlingEventRegistrationAttempt)>
org.eclipse.cargotracker.application.BookingService,org.eclipse.cargotracker.domain.model.cargo.TrackingId,type,1,method_return_type_reference,"<org.eclipse.cargotracker.application.BookingService: org.eclipse.cargotracker.domain.model.cargo.TrackingId bookNewCargo(org.eclipse.cargotracker.domain.model.location.UnLocode,org.eclipse.cargotracker.domain.model.location.UnLocode,java.time.LocalDate)>"
org.eclipse.cargotracker.application.BookingService,org.eclipse.cargotracker.domain.model.location.UnLocode,type,1,method_parameter_type_reference,"<org.eclipse.cargotracker.application.BookingService: org.eclipse.cargotracker.domain.model.cargo.TrackingId bookNewCargo(org.eclipse.cargotracker.domain.model.location.UnLocode,org.eclipse.cargotracker.domain.model.location.UnLocode,java.time.LocalDate)>"
org.eclipse.cargotracker.application.BookingService,org.eclipse.cargotracker.domain.model.cargo.TrackingId,type,1,method_parameter_type_reference,<org.eclipse.cargotracker.application.BookingService: java.util.List requestPossibleRoutesForCargo(org.eclipse.cargotracker.domain.model.cargo.TrackingId)>
org.eclipse.cargotracker.application.BookingService,org.eclipse.cargotracker.domain.model.cargo.Itinerary,type,1,method_parameter_type_reference,"<org.eclipse.cargotracker.application.BookingService: void assignCargoToRoute(org.eclipse.cargotracker.domain.model.cargo.Itinerary,org.eclipse.cargotracker.domain.model.cargo.TrackingId)>"
org.eclipse.cargotracker.application.BookingService,org.eclipse.cargotracker.domain.model.cargo.TrackingId,type,1,method_parameter_type_reference,"<org.eclipse.cargotracker.application.BookingService: void assignCargoToRoute(org.eclipse.cargotracker.domain.model.cargo.Itinerary,org.eclipse.cargotracker.domain.model.cargo.TrackingId)>"
org.eclipse.cargotracker.application.BookingService,org.eclipse.cargotracker.domain.model.cargo.TrackingId,type,1,method_parameter_type_reference,"<org.eclipse.cargotracker.application.BookingService: void changeDestination(org.eclipse.cargotracker.domain.model.cargo.TrackingId,org.eclipse.cargotracker.domain.model.location.UnLocode)>"
org.eclipse.cargotracker.application.BookingService,org.eclipse.cargotracker.domain.model.location.UnLocode,type,1,method_parameter_type_reference,"<org.eclipse.cargotracker.application.BookingService: void changeDestination(org.eclipse.cargotracker.domain.model.cargo.TrackingId,org.eclipse.cargotracker.domain.model.location.UnLocode)>"
org.eclipse.cargotracker.application.BookingService,org.eclipse.cargotracker.domain.model.cargo.TrackingId,type,1,method_parameter_type_reference,"<org.eclipse.cargotracker.application.BookingService: void changeDeadline(org.eclipse.cargotracker.domain.model.cargo.TrackingId,java.time.LocalDate)>"
org.eclipse.cargotracker.application.CargoInspectionService,org.eclipse.cargotracker.domain.model.cargo.TrackingId,type,1,method_parameter_type_reference,<org.eclipse.cargotracker.application.CargoInspectionService: void inspectCargo(org.eclipse.cargotracker.domain.model.cargo.TrackingId)>
org.eclipse.cargotracker.application.HandlingEventService,org.eclipse.cargotracker.domain.model.cargo.TrackingId,type,1,method_parameter_type_reference,"<org.eclipse.cargotracker.application.HandlingEventService: void registerHandlingEvent(java.time.LocalDateTime,org.eclipse.cargotracker.domain.model.cargo.TrackingId,org.eclipse.cargotracker.domain.model.voyage.VoyageNumber,org.eclipse.cargotracker.domain.model.location.UnLocode,org.eclipse.cargotracker.domain.model.handling.HandlingEvent$Type)>"
org.eclipse.cargotracker.application.HandlingEventService,org.eclipse.cargotracker.domain.model.voyage.VoyageNumber,type,1,method_parameter_type_reference,"<org.eclipse.cargotracker.application.HandlingEventService: void registerHandlingEvent(java.time.LocalDateTime,org.eclipse.cargotracker.domain.model.cargo.TrackingId,org.eclipse.cargotracker.domain.model.voyage.VoyageNumber,org.eclipse.cargotracker.domain.model.location.UnLocode,org.eclipse.cargotracker.domain.model.handling.HandlingEvent$Type)>"
org.eclipse.cargotracker.application.HandlingEventService,org.eclipse.cargotracker.domain.model.location.UnLocode,type,1,method_parameter_type_reference,"<org.eclipse.cargotracker.application.HandlingEventService: void registerHandlingEvent(java.time.LocalDateTime,org.eclipse.cargotracker.domain.model.cargo.TrackingId,org.eclipse.cargotracker.domain.model.voyage.VoyageNumber,org.eclipse.cargotracker.domain.model.location.UnLocode,org.eclipse.cargotracker.domain.model.handling.HandlingEvent$Type)>"
org.eclipse.cargotracker.application.HandlingEventService,org.eclipse.cargotracker.domain.model.handling.HandlingEvent$Type,type,1,method_parameter_type_reference,"<org.eclipse.cargotracker.application.HandlingEventService: void registerHandlingEvent(java.time.LocalDateTime,org.eclipse.cargotracker.domain.model.cargo.TrackingId,org.eclipse.cargotracker.domain.model.voyage.VoyageNumber,org.eclipse.cargotracker.domain.model.location.UnLocode,org.eclipse.cargotracker.domain.model.handling.HandlingEvent$Type)>"
org.eclipse.cargotracker.application.internal.DefaultBookingService,org.eclipse.cargotracker.application.BookingService,type,1,implements_type_reference,org.eclipse.cargotracker.application.internal.DefaultBookingService
org.eclipse.cargotracker.application.internal.DefaultBookingService,org.eclipse.cargotracker.domain.model.cargo.CargoRepository,type,1,field_type_reference,org.eclipse.cargotracker.application.internal.DefaultBookingService.cargoRepository
org.eclipse.cargotracker.application.internal.DefaultBookingService,org.eclipse.cargotracker.domain.model.location.LocationRepository,type,1,field_type_reference,org.eclipse.cargotracker.application.internal.DefaultBookingService.locationRepository
org.eclipse.cargotracker.application.internal.DefaultBookingService,org.eclipse.cargotracker.domain.service.RoutingService,type,1,field_type_reference,org.eclipse.cargotracker.application.internal.DefaultBookingService.routingService
org.eclipse.cargotracker.application.internal.DefaultBookingService,org.eclipse.cargotracker.domain.model.cargo.TrackingId,type,1,method_return_type_reference,"<org.eclipse.cargotracker.application.internal.DefaultBookingService: org.eclipse.cargotracker.domain.model.cargo.TrackingId bookNewCargo(org.eclipse.cargotracker.domain.model.location.UnLocode,org.eclipse.cargotracker.domain.model.location.UnLocode,java.time.LocalDate)>"
org.eclipse.cargotracker.application.internal.DefaultBookingService,org.eclipse.cargotracker.domain.model.location.UnLocode,type,1,method_parameter_type_reference,"<org.eclipse.cargotracker.application.internal.DefaultBookingService: org.eclipse.cargotracker.domain.model.cargo.TrackingId bookNewCargo(org.eclipse.cargotracker.domain.model.location.UnLocode,org.eclipse.cargotracker.domain.model.location.UnLocode,java.time.LocalDate)>"
org.eclipse.cargotracker.application.internal.DefaultBookingService,org.eclipse.cargotracker.domain.model.cargo.TrackingId,type,1,method_parameter_type_reference,<org.eclipse.cargotracker.application.internal.DefaultBookingService: java.util.List requestPossibleRoutesForCargo(org.eclipse.cargotracker.domain.model.cargo.TrackingId)>
org.eclipse.cargotracker.application.internal.DefaultBookingService,org.eclipse.cargotracker.domain.model.cargo.Itinerary,type,1,method_parameter_type_reference,"<org.eclipse.cargotracker.application.internal.DefaultBookingService: void assignCargoToRoute(org.eclipse.cargotracker.domain.model.cargo.Itinerary,org.eclipse.cargotracker.domain.model.cargo.TrackingId)>"
org.eclipse.cargotracker.application.internal.DefaultBookingService,org.eclipse.cargotracker.domain.model.cargo.TrackingId,type,1,method_parameter_type_reference,"<org.eclipse.cargotracker.application.internal.DefaultBookingService: void assignCargoToRoute(org.eclipse.cargotracker.domain.model.cargo.Itinerary,org.eclipse.cargotracker.domain.model.cargo.TrackingId)>"
org.eclipse.cargotracker.application.internal.DefaultBookingService,org.eclipse.cargotracker.domain.model.cargo.TrackingId,type,1,method_parameter_type_reference,"<org.eclipse.cargotracker.application.internal.DefaultBookingService: void changeDestination(org.eclipse.cargotracker.domain.model.cargo.TrackingId,org.eclipse.cargotracker.domain.model.location.UnLocode)>"
org.eclipse.cargotracker.application.internal.DefaultBookingService,org.eclipse.cargotracker.domain.model.location.UnLocode,type,1,method_parameter_type_reference,"<org.eclipse.cargotracker.application.internal.DefaultBookingService: void changeDestination(org.eclipse.cargotracker.domain.model.cargo.TrackingId,org.eclipse.cargotracker.domain.model.location.UnLocode)>"
org.eclipse.cargotracker.application.internal.DefaultBookingService,org.eclipse.cargotracker.domain.model.cargo.TrackingId,type,1,method_parameter_type_reference,"<org.eclipse.cargotracker.application.internal.DefaultBookingService: void changeDeadline(org.eclipse.cargotracker.domain.model.cargo.TrackingId,java.time.LocalDate)>"
org.eclipse.cargotracker.application.internal.DefaultBookingService,org.eclipse.cargotracker.domain.model.cargo.CargoRepository,call,2,method_call,"<org.eclipse.cargotracker.application.internal.DefaultBookingService: org.eclipse.cargotracker.domain.model.cargo.TrackingId bookNewCargo(org.eclipse.cargotracker.domain.model.location.UnLocode,org.eclipse.cargotracker.domain.model.location.UnLocode,java.time.LocalDate)> :: r2 = interfaceinvoke $r1.<org.eclipse.cargotracker.domain.model.cargo.CargoRepository: org.eclipse.cargotracker.domain.model.cargo.TrackingId nextTrackingId()>()"
org.eclipse.cargotracker.application.internal.DefaultBookingService,org.eclipse.cargotracker.domain.model.location.LocationRepository,call,2,method_call,"<org.eclipse.cargotracker.application.internal.DefaultBookingService: org.eclipse.cargotracker.domain.model.cargo.TrackingId bookNewCargo(org.eclipse.cargotracker.domain.model.location.UnLocode,org.eclipse.cargotracker.domain.model.location.UnLocode,java.time.LocalDate)> :: r5 = interfaceinvoke $r4.<org.eclipse.cargotracker.domain.model.location.LocationRepository: org.eclipse.cargotracker.domain.model.location.Location find(org.eclipse.cargotracker.domain.model.location.UnLocode)>(r3)"
org.eclipse.cargotracker.application.internal.DefaultBookingService,org.eclipse.cargotracker.domain.model.location.LocationRepository,call,2,method_call,"<org.eclipse.cargotracker.application.internal.DefaultBookingService: org.eclipse.cargotracker.domain.model.cargo.TrackingId bookNewCargo(org.eclipse.cargotracker.domain.model.location.UnLocode,org.eclipse.cargotracker.domain.model.location.UnLocode,java.time.LocalDate)> :: r8 = interfaceinvoke $r7.<org.eclipse.cargotracker.domain.model.location.LocationRepository: org.eclipse.cargotracker.domain.model.location.Location find(org.eclipse.cargotracker.domain.model.location.UnLocode)>(r6)"
org.eclipse.cargotracker.application.internal.DefaultBookingService,org.eclipse.cargotracker.domain.model.cargo.RouteSpecification,call,2,method_call,"<org.eclipse.cargotracker.application.internal.DefaultBookingService: org.eclipse.cargotracker.domain.model.cargo.TrackingId bookNewCargo(org.eclipse.cargotracker.domain.model.location.UnLocode,org.eclipse.cargotracker.domain.model.location.UnLocode,java.time.LocalDate)> :: specialinvoke $r9.<org.eclipse.cargotracker.domain.model.cargo.RouteSpecification: void <init>(org.eclipse.cargotracker.domain.model.location.Location,org.eclipse.cargotracker.domain.model.location.Location,java.time.LocalDate)>(r5, r8, r10)"
org.eclipse.cargotracker.application.internal.DefaultBookingService,org.eclipse.cargotracker.domain.model.cargo.Cargo,call,2,method_call,"<org.eclipse.cargotracker.application.internal.DefaultBookingService: org.eclipse.cargotracker.domain.model.cargo.TrackingId bookNewCargo(org.eclipse.cargotracker.domain.model.location.UnLocode,org.eclipse.cargotracker.domain.model.location.UnLocode,java.time.LocalDate)> :: specialinvoke $r11.<org.eclipse.cargotracker.domain.model.cargo.Cargo: void <init>(org.eclipse.cargotracker.domain.model.cargo.TrackingId,org.eclipse.cargotracker.domain.model.cargo.RouteSpecification)>(r2, $r9)"
org.eclipse.cargotracker.application.internal.DefaultBookingService,org.eclipse.cargotracker.domain.model.cargo.CargoRepository,call,2,method_call,"<org.eclipse.cargotracker.application.internal.DefaultBookingService: org.eclipse.cargotracker.domain.model.cargo.TrackingId bookNewCargo(org.eclipse.cargotracker.domain.model.location.UnLocode,org.eclipse.cargotracker.domain.model.location.UnLocode,java.time.LocalDate)> :: interfaceinvoke $r12.<org.eclipse.cargotracker.domain.model.cargo.CargoRepository: void store(org.eclipse.cargotracker.domain.model.cargo.Cargo)>($r11)"
org.eclipse.cargotracker.application.internal.DefaultBookingService,org.eclipse.cargotracker.domain.model.cargo.Cargo,call,2,method_call,"<org.eclipse.cargotracker.application.internal.DefaultBookingService: org.eclipse.cargotracker.domain.model.cargo.TrackingId bookNewCargo(org.eclipse.cargotracker.domain.model.location.UnLocode,org.eclipse.cargotracker.domain.model.location.UnLocode,java.time.LocalDate)> :: $r15 = virtualinvoke $r11.<org.eclipse.cargotracker.domain.model.cargo.Cargo: org.eclipse.cargotracker.domain.model.cargo.TrackingId getTrackingId()>()"
org.eclipse.cargotracker.application.internal.DefaultBookingService,org.eclipse.cargotracker.domain.model.cargo.TrackingId,call,2,method_call,"<org.eclipse.cargotracker.application.internal.DefaultBookingService: org.eclipse.cargotracker.domain.model.cargo.TrackingId bookNewCargo(org.eclipse.cargotracker.domain.model.location.UnLocode,org.eclipse.cargotracker.domain.model.location.UnLocode,java.time.LocalDate)> :: $r16 = virtualinvoke $r15.<org.eclipse.cargotracker.domain.model.cargo.TrackingId: java.lang.String getIdString()>()"
org.eclipse.cargotracker.application.internal.DefaultBookingService,org.eclipse.cargotracker.domain.model.cargo.Cargo,call,2,method_call,"<org.eclipse.cargotracker.application.internal.DefaultBookingService: org.eclipse.cargotracker.domain.model.cargo.TrackingId bookNewCargo(org.eclipse.cargotracker.domain.model.location.UnLocode,org.eclipse.cargotracker.domain.model.location.UnLocode,java.time.LocalDate)> :: $r17 = virtualinvoke $r11.<org.eclipse.cargotracker.domain.model.cargo.Cargo: org.eclipse.cargotracker.domain.model.cargo.TrackingId getTrackingId()>()"
org.eclipse.cargotracker.application.internal.DefaultBookingService,org.eclipse.cargotracker.domain.model.cargo.CargoRepository,call,2,method_call,<org.eclipse.cargotracker.application.internal.DefaultBookingService: java.util.List requestPossibleRoutesForCargo(org.eclipse.cargotracker.domain.model.cargo.TrackingId)> :: r3 = interfaceinvoke $r2.<org.eclipse.cargotracker.domain.model.cargo.CargoRepository: org.eclipse.cargotracker.domain.model.cargo.Cargo find(org.eclipse.cargotracker.domain.model.cargo.TrackingId)>(r1)
org.eclipse.cargotracker.application.internal.DefaultBookingService,org.eclipse.cargotracker.domain.model.cargo.Cargo,call,2,method_call,<org.eclipse.cargotracker.application.internal.DefaultBookingService: java.util.List requestPossibleRoutesForCargo(org.eclipse.cargotracker.domain.model.cargo.TrackingId)> :: $r5 = virtualinvoke r3.<org.eclipse.cargotracker.domain.model.cargo.Cargo: org.eclipse.cargotracker.domain.model.cargo.RouteSpecification getRouteSpecification()>()
org.eclipse.cargotracker.application.internal.DefaultBookingService,org.eclipse.cargotracker.domain.service.RoutingService,call,2,method_call,<org.eclipse.cargotracker.application.internal.DefaultBookingService: java.util.List requestPossibleRoutesForCargo(org.eclipse.cargotracker.domain.model.cargo.TrackingId)> :: $r6 = interfaceinvoke $r4.<org.eclipse.cargotracker.domain.service.RoutingService: java.util.List fetchRoutesForSpecification(org.eclipse.cargotracker.domain.model.cargo.RouteSpecification)>($r5)
org.eclipse.cargotracker.application.internal.DefaultBookingService,org.eclipse.cargotracker.domain.model.cargo.CargoRepository,call,2,method_call,"<org.eclipse.cargotracker.application.internal.DefaultBookingService: void assignCargoToRoute(org.eclipse.cargotracker.domain.model.cargo.Itinerary,org.eclipse.cargotracker.domain.model.cargo.TrackingId)> :: r3 = interfaceinvoke $r2.<org.eclipse.cargotracker.domain.model.cargo.CargoRepository: org.eclipse.cargotracker.domain.model.cargo.Cargo find(org.eclipse.cargotracker.domain.model.cargo.TrackingId)>(r1)"
org.eclipse.cargotracker.application.internal.DefaultBookingService,org.eclipse.cargotracker.domain.model.cargo.Cargo,call,2,method_call,"<org.eclipse.cargotracker.application.internal.DefaultBookingService: void assignCargoToRoute(org.eclipse.cargotracker.domain.model.cargo.Itinerary,org.eclipse.cargotracker.domain.model.cargo.TrackingId)> :: virtualinvoke r3.<org.eclipse.cargotracker.domain.model.cargo.Cargo: void assignToRoute(org.eclipse.cargotracker.domain.model.cargo.Itinerary)>(r4)"
org.eclipse.cargotracker.application.internal.DefaultBookingService,org.eclipse.cargotracker.domain.model.cargo.CargoRepository,call,2,method_call,"<org.eclipse.cargotracker.application.internal.DefaultBookingService: void assignCargoToRoute(org.eclipse.cargotracker.domain.model.cargo.Itinerary,org.eclipse.cargotracker.domain.model.cargo.TrackingId)> :: interfaceinvoke $r5.<org.eclipse.cargotracker.domain.model.cargo.CargoRepository: void store(org.eclipse.cargotracker.domain.model.cargo.Cargo)>(r3)"
org.eclipse.cargotracker.application.internal.DefaultBookingService,org.eclipse.cargotracker.domain.model.cargo.CargoRepository,call,2,method_call,"<org.eclipse.cargotracker.application.internal.DefaultBookingService: void changeDestination(org.eclipse.cargotracker.domain.model.cargo.TrackingId,org.eclipse.cargotracker.domain.model.location.UnLocode)> :: r3 = interfaceinvoke $r2.<org.eclipse.cargotracker.domain.model.cargo.CargoRepository: org.eclipse.cargotracker.domain.model.cargo.Cargo find(org.eclipse.cargotracker.domain.model.cargo.TrackingId)>(r1)"
org.eclipse.cargotracker.application.internal.DefaultBookingService,org.eclipse.cargotracker.domain.model.location.LocationRepository,call,2,method_call,"<org.eclipse.cargotracker.application.internal.DefaultBookingService: void changeDestination(org.eclipse.cargotracker.domain.model.cargo.TrackingId,org.eclipse.cargotracker.domain.model.location.UnLocode)> :: r6 = interfaceinvoke $r5.<org.eclipse.cargotracker.domain.model.location.LocationRepository: org.eclipse.cargotracker.domain.model.location.Location find(org.eclipse.cargotracker.domain.model.location.UnLocode)>(r4)"
org.eclipse.cargotracker.application.internal.DefaultBookingService,org.eclipse.cargotracker.domain.model.cargo.Cargo,call,2,method_call,"<org.eclipse.cargotracker.application.internal.DefaultBookingService: void changeDestination(org.eclipse.cargotracker.domain.model.cargo.TrackingId,org.eclipse.cargotracker.domain.model.location.UnLocode)> :: $r10 = virtualinvoke r3.<org.eclipse.cargotracker.domain.model.cargo.Cargo: org.eclipse.cargotracker.domain.model.location.Location getOrigin()>()"
org.eclipse.cargotracker.application.internal.DefaultBookingService,org.eclipse.cargotracker.domain.model.cargo.Cargo,call,2,method_call,"<org.eclipse.cargotracker.application.internal.DefaultBookingService: void changeDestination(org.eclipse.cargotracker.domain.model.cargo.TrackingId,org.eclipse.cargotracker.domain.model.location.UnLocode)> :: $r8 = virtualinvoke r3.<org.eclipse.cargotracker.domain.model.cargo.Cargo: org.eclipse.cargotracker.domain.model.cargo.RouteSpecification getRouteSpecification()>()"
org.eclipse.cargotracker.application.internal.DefaultBookingService,org.eclipse.cargotracker.domain.model.cargo.RouteSpecification,call,2,method_call,"<org.eclipse.cargotracker.application.internal.DefaultBookingService: void changeDestination(org.eclipse.cargotracker.domain.model.cargo.TrackingId,org.eclipse.cargotracker.domain.model.location.UnLocode)> :: $r9 = virtualinvoke $r8.<org.eclipse.cargotracker.domain.model.cargo.RouteSpecification: java.time.LocalDate getArrivalDeadline()>()"
org.eclipse.cargotracker.application.internal.DefaultBookingService,org.eclipse.cargotracker.domain.model.cargo.RouteSpecification,call,2,method_call,"<org.eclipse.cargotracker.application.internal.DefaultBookingService: void changeDestination(org.eclipse.cargotracker.domain.model.cargo.TrackingId,org.eclipse.cargotracker.domain.model.location.UnLocode)> :: specialinvoke $r7.<org.eclipse.cargotracker.domain.model.cargo.RouteSpecification: void <init>(org.eclipse.cargotracker.domain.model.location.Location,org.eclipse.cargotracker.domain.model.location.Location,java.time.LocalDate)>($r10, r6, $r9)"
org.eclipse.cargotracker.application.internal.DefaultBookingService,org.eclipse.cargotracker.domain.model.cargo.Cargo,call,2,method_call,"<org.eclipse.cargotracker.application.internal.DefaultBookingService: void changeDestination(org.eclipse.cargotracker.domain.model.cargo.TrackingId,org.eclipse.cargotracker.domain.model.location.UnLocode)> :: virtualinvoke r3.<org.eclipse.cargotracker.domain.model.cargo.Cargo: void specifyNewRoute(org.eclipse.cargotracker.domain.model.cargo.RouteSpecification)>($r7)"
org.eclipse.cargotracker.application.internal.DefaultBookingService,org.eclipse.cargotracker.domain.model.cargo.CargoRepository,call,2,method_call,"<org.eclipse.cargotracker.application.internal.DefaultBookingService: void changeDestination(org.eclipse.cargotracker.domain.model.cargo.TrackingId,org.eclipse.cargotracker.domain.model.location.UnLocode)> :: interfaceinvoke $r11.<org.eclipse.cargotracker.domain.model.cargo.CargoRepository: void store(org.eclipse.cargotracker.domain.model.cargo.Cargo)>(r3)"
org.eclipse.cargotracker.application.internal.DefaultBookingService,org.eclipse.cargotracker.domain.model.cargo.RouteSpecification,call,2,method_call,"<org.eclipse.cargotracker.application.internal.DefaultBookingService: void changeDestination(org.eclipse.cargotracker.domain.model.cargo.TrackingId,org.eclipse.cargotracker.domain.model.location.UnLocode)> :: $r15 = virtualinvoke $r7.<org.eclipse.cargotracker.domain.model.cargo.RouteSpecification: org.eclipse.cargotracker.domain.model.location.Location getDestination()>()"
org.eclipse.cargotracker.application.internal.DefaultBookingService,org.eclipse.cargotracker.domain.model.cargo.CargoRepository,call,2,method_call,"<org.eclipse.cargotracker.application.internal.DefaultBookingService: void changeDeadline(org.eclipse.cargotracker.domain.model.cargo.TrackingId,java.time.LocalDate)> :: r3 = interfaceinvoke $r2.<org.eclipse.cargotracker.domain.model.cargo.CargoRepository: org.eclipse.cargotracker.domain.model.cargo.Cargo find(org.eclipse.cargotracker.domain.model.cargo.TrackingId)>(r1)"
org.eclipse.cargotracker.application.internal.DefaultBookingService,org.eclipse.cargotracker.domain.model.cargo.Cargo,call,2,method_call,"<org.eclipse.cargotracker.application.internal.DefaultBookingService: void changeDeadline(org.eclipse.cargotracker.domain.model.cargo.TrackingId,java.time.LocalDate)> :: $r8 = virtualinvoke r3.<org.eclipse.cargotracker.domain.model.cargo.Cargo: org.eclipse.cargotracker.domain.model.location.Location getOrigin()>()"
org.eclipse.cargotracker.application.internal.DefaultBookingService,org.eclipse.cargotracker.domain.model.cargo.Cargo,call,2,method_call,"<org.eclipse.cargotracker.application.internal.DefaultBookingService: void changeDeadline(org.eclipse.cargotracker.domain.model.cargo.TrackingId,java.time.LocalDate)> :: $r5 = virtualinvoke r3.<org.eclipse.cargotracker.domain.model.cargo.Cargo: org.eclipse.cargotracker.domain.model.cargo.RouteSpecification getRouteSpecification()>()"
org.eclipse.cargotracker.application.internal.DefaultBookingService,org.eclipse.cargotracker.domain.model.cargo.RouteSpecification,call,2,method_call,"<org.eclipse.cargotracker.application.internal.DefaultBookingService: void changeDeadline(org.eclipse.cargotracker.domain.model.cargo.TrackingId,java.time.LocalDate)> :: $r7 = virtualinvoke $r5.<org.eclipse.cargotracker.domain.model.cargo.RouteSpecification: org.eclipse.cargotracker.domain.model.location.Location getDestination()>()"
org.eclipse.cargotracker.application.internal.DefaultBookingService,org.eclipse.cargotracker.domain.model.cargo.RouteSpecification,call,2,method_call,"<org.eclipse.cargotracker.application.internal.DefaultBookingService: void changeDeadline(org.eclipse.cargotracker.domain.model.cargo.TrackingId,java.time.LocalDate)> :: specialinvoke $r4.<org.eclipse.cargotracker.domain.model.cargo.RouteSpecification: void <init>(org.eclipse.cargotracker.domain.model.location.Location,org.eclipse.cargotracker.domain.model.location.Location,java.time.LocalDate)>($r8, $r7, r6)"
org.eclipse.cargotracker.application.internal.DefaultBookingService,org.eclipse.cargotracker.domain.model.cargo.Cargo,call,2,method_call,"<org.eclipse.cargotracker.application.internal.DefaultBookingService: void changeDeadline(org.eclipse.cargotracker.domain.model.cargo.TrackingId,java.time.LocalDate)> :: virtualinvoke r3.<org.eclipse.cargotracker.domain.model.cargo.Cargo: void specifyNewRoute(org.eclipse.cargotracker.domain.model.cargo.RouteSpecification)>($r4)"
org.eclipse.cargotracker.application.internal.DefaultBookingService,org.eclipse.cargotracker.domain.model.cargo.CargoRepository,call,2,method_call,"<org.eclipse.cargotracker.application.internal.DefaultBookingService: void changeDeadline(org.eclipse.cargotracker.domain.model.cargo.TrackingId,java.time.LocalDate)> :: interfaceinvoke $r9.<org.eclipse.cargotracker.domain.model.cargo.CargoRepository: void store(org.eclipse.cargotracker.domain.model.cargo.Cargo)>(r3)"
org.eclipse.cargotracker.application.internal.DefaultCargoInspectionService,org.eclipse.cargotracker.application.CargoInspectionService,type,1,implements_type_reference,org.eclipse.cargotracker.application.internal.DefaultCargoInspectionService
org.eclipse.cargotracker.application.internal.DefaultCargoInspectionService,org.eclipse.cargotracker.application.ApplicationEvents,type,1,field_type_reference,org.eclipse.cargotracker.application.internal.DefaultCargoInspectionService.applicationEvents
org.eclipse.cargotracker.application.internal.DefaultCargoInspectionService,org.eclipse.cargotracker.domain.model.cargo.CargoRepository,type,1,field_type_reference,org.eclipse.cargotracker.application.internal.DefaultCargoInspectionService.cargoRepository
org.eclipse.cargotracker.application.internal.DefaultCargoInspectionService,org.eclipse.cargotracker.domain.model.handling.HandlingEventRepository,type,1,field_type_reference,org.eclipse.cargotracker.application.internal.DefaultCargoInspectionService.handlingEventRepository
org.eclipse.cargotracker.application.internal.DefaultCargoInspectionService,org.eclipse.cargotracker.domain.model.cargo.TrackingId,type,1,method_parameter_type_reference,<org.eclipse.cargotracker.application.internal.DefaultCargoInspectionService: void inspectCargo(org.eclipse.cargotracker.domain.model.cargo.TrackingId)>
org.eclipse.cargotracker.application.internal.DefaultCargoInspectionService,org.eclipse.cargotracker.domain.model.cargo.CargoRepository,call,2,method_call,<org.eclipse.cargotracker.application.internal.DefaultCargoInspectionService: void inspectCargo(org.eclipse.cargotracker.domain.model.cargo.TrackingId)> :: r3 = interfaceinvoke $r2.<org.eclipse.cargotracker.domain.model.cargo.CargoRepository: org.eclipse.cargotracker.domain.model.cargo.Cargo find(org.eclipse.cargotracker.domain.model.cargo.TrackingId)>(r1)
org.eclipse.cargotracker.application.internal.DefaultCargoInspectionService,org.eclipse.cargotracker.domain.model.handling.HandlingEventRepository,call,2,method_call,<org.eclipse.cargotracker.application.internal.DefaultCargoInspectionService: void inspectCargo(org.eclipse.cargotracker.domain.model.cargo.TrackingId)> :: r5 = interfaceinvoke $r4.<org.eclipse.cargotracker.domain.model.handling.HandlingEventRepository: org.eclipse.cargotracker.domain.model.handling.HandlingHistory lookupHandlingHistoryOfCargo(org.eclipse.cargotracker.domain.model.cargo.TrackingId)>(r1)
org.eclipse.cargotracker.application.internal.DefaultCargoInspectionService,org.eclipse.cargotracker.domain.model.cargo.Cargo,call,2,method_call,<org.eclipse.cargotracker.application.internal.DefaultCargoInspectionService: void inspectCargo(org.eclipse.cargotracker.domain.model.cargo.TrackingId)> :: virtualinvoke r3.<org.eclipse.cargotracker.domain.model.cargo.Cargo: void deriveDeliveryProgress(org.eclipse.cargotracker.domain.model.handling.HandlingHistory)>(r5)
org.eclipse.cargotracker.application.internal.DefaultCargoInspectionService,org.eclipse.cargotracker.domain.model.cargo.Cargo,call,2,method_call,<org.eclipse.cargotracker.application.internal.DefaultCargoInspectionService: void inspectCargo(org.eclipse.cargotracker.domain.model.cargo.TrackingId)> :: $r6 = virtualinvoke r3.<org.eclipse.cargotracker.domain.model.cargo.Cargo: org.eclipse.cargotracker.domain.model.cargo.Delivery getDelivery()>()
org.eclipse.cargotracker.application.internal.DefaultCargoInspectionService,org.eclipse.cargotracker.domain.model.cargo.Delivery,call,2,method_call,<org.eclipse.cargotracker.application.internal.DefaultCargoInspectionService: void inspectCargo(org.eclipse.cargotracker.domain.model.cargo.TrackingId)> :: $z0 = virtualinvoke $r6.<org.eclipse.cargotracker.domain.model.cargo.Delivery: boolean isMisdirected()>()
org.eclipse.cargotracker.application.internal.DefaultCargoInspectionService,org.eclipse.cargotracker.application.ApplicationEvents,call,2,method_call,<org.eclipse.cargotracker.application.internal.DefaultCargoInspectionService: void inspectCargo(org.eclipse.cargotracker.domain.model.cargo.TrackingId)> :: interfaceinvoke $r10.<org.eclipse.cargotracker.application.ApplicationEvents: void cargoWasMisdirected(org.eclipse.cargotracker.domain.model.cargo.Cargo)>(r3)
org.eclipse.cargotracker.application.internal.DefaultCargoInspectionService,org.eclipse.cargotracker.domain.model.cargo.Cargo,call,2,method_call,<org.eclipse.cargotracker.application.internal.DefaultCargoInspectionService: void inspectCargo(org.eclipse.cargotracker.domain.model.cargo.TrackingId)> :: $r7 = virtualinvoke r3.<org.eclipse.cargotracker.domain.model.cargo.Cargo: org.eclipse.cargotracker.domain.model.cargo.Delivery getDelivery()>()
org.eclipse.cargotracker.application.internal.DefaultCargoInspectionService,org.eclipse.cargotracker.domain.model.cargo.Delivery,call,2,method_call,<org.eclipse.cargotracker.application.internal.DefaultCargoInspectionService: void inspectCargo(org.eclipse.cargotracker.domain.model.cargo.TrackingId)> :: $z1 = virtualinvoke $r7.<org.eclipse.cargotracker.domain.model.cargo.Delivery: boolean isUnloadedAtDestination()>()
org.eclipse.cargotracker.application.internal.DefaultCargoInspectionService,org.eclipse.cargotracker.application.ApplicationEvents,call,2,method_call,<org.eclipse.cargotracker.application.internal.DefaultCargoInspectionService: void inspectCargo(org.eclipse.cargotracker.domain.model.cargo.TrackingId)> :: interfaceinvoke $r9.<org.eclipse.cargotracker.application.ApplicationEvents: void cargoHasArrived(org.eclipse.cargotracker.domain.model.cargo.Cargo)>(r3)
org.eclipse.cargotracker.application.internal.DefaultCargoInspectionService,org.eclipse.cargotracker.domain.model.cargo.CargoRepository,call,2,method_call,<org.eclipse.cargotracker.application.internal.DefaultCargoInspectionService: void inspectCargo(org.eclipse.cargotracker.domain.model.cargo.TrackingId)> :: interfaceinvoke $r8.<org.eclipse.cargotracker.domain.model.cargo.CargoRepository: void store(org.eclipse.cargotracker.domain.model.cargo.Cargo)>(r3)
org.eclipse.cargotracker.application.internal.DefaultHandlingEventService,org.eclipse.cargotracker.application.HandlingEventService,type,1,implements_type_reference,org.eclipse.cargotracker.application.internal.DefaultHandlingEventService
org.eclipse.cargotracker.application.internal.DefaultHandlingEventService,org.eclipse.cargotracker.application.ApplicationEvents,type,1,field_type_reference,org.eclipse.cargotracker.application.internal.DefaultHandlingEventService.applicationEvents
org.eclipse.cargotracker.application.internal.DefaultHandlingEventService,org.eclipse.cargotracker.domain.model.handling.HandlingEventRepository,type,1,field_type_reference,org.eclipse.cargotracker.application.internal.DefaultHandlingEventService.handlingEventRepository
org.eclipse.cargotracker.application.internal.DefaultHandlingEventService,org.eclipse.cargotracker.domain.model.handling.HandlingEventFactory,type,1,field_type_reference,org.eclipse.cargotracker.application.internal.DefaultHandlingEventService.handlingEventFactory
org.eclipse.cargotracker.application.internal.DefaultHandlingEventService,org.eclipse.cargotracker.domain.model.cargo.TrackingId,type,1,method_parameter_type_reference,"<org.eclipse.cargotracker.application.internal.DefaultHandlingEventService: void registerHandlingEvent(java.time.LocalDateTime,org.eclipse.cargotracker.domain.model.cargo.TrackingId,org.eclipse.cargotracker.domain.model.voyage.VoyageNumber,org.eclipse.cargotracker.domain.model.location.UnLocode,org.eclipse.cargotracker.domain.model.handling.HandlingEvent$Type)>"
org.eclipse.cargotracker.application.internal.DefaultHandlingEventService,org.eclipse.cargotracker.domain.model.voyage.VoyageNumber,type,1,method_parameter_type_reference,"<org.eclipse.cargotracker.application.internal.DefaultHandlingEventService: void registerHandlingEvent(java.time.LocalDateTime,org.eclipse.cargotracker.domain.model.cargo.TrackingId,org.eclipse.cargotracker.domain.model.voyage.VoyageNumber,org.eclipse.cargotracker.domain.model.location.UnLocode,org.eclipse.cargotracker.domain.model.handling.HandlingEvent$Type)>"
org.eclipse.cargotracker.application.internal.DefaultHandlingEventService,org.eclipse.cargotracker.domain.model.location.UnLocode,type,1,method_parameter_type_reference,"<org.eclipse.cargotracker.application.internal.DefaultHandlingEventService: void registerHandlingEvent(java.time.LocalDateTime,org.eclipse.cargotracker.domain.model.cargo.TrackingId,org.eclipse.cargotracker.domain.model.voyage.VoyageNumber,org.eclipse.cargotracker.domain.model.location.UnLocode,org.eclipse.cargotracker.domain.model.handling.HandlingEvent$Type)>"
org.eclipse.cargotracker.application.internal.DefaultHandlingEventService,org.eclipse.cargotracker.domain.model.handling.HandlingEvent$Type,type,1,method_parameter_type_reference,"<org.eclipse.cargotracker.application.internal.DefaultHandlingEventService: void registerHandlingEvent(java.time.LocalDateTime,org.eclipse.cargotracker.domain.model.cargo.TrackingId,org.eclipse.cargotracker.domain.model.voyage.VoyageNumber,org.eclipse.cargotracker.domain.model.location.UnLocode,org.eclipse.cargotracker.domain.model.handling.HandlingEvent$Type)>"
org.eclipse.cargotracker.application.internal.DefaultHandlingEventService,org.eclipse.cargotracker.domain.model.handling.HandlingEventFactory,call,2,method_call,"<org.eclipse.cargotracker.application.internal.DefaultHandlingEventService: void registerHandlingEvent(java.time.LocalDateTime,org.eclipse.cargotracker.domain.model.cargo.TrackingId,org.eclipse.cargotracker.domain.model.voyage.VoyageNumber,org.eclipse.cargotracker.domain.model.location.UnLocode,org.eclipse.cargotracker.domain.model.handling.HandlingEvent$Type)> :: r8 = virtualinvoke $r7.<org.eclipse.cargotracker.domain.model.handling.HandlingEventFactory: org.eclipse.cargotracker.domain.model.handling.HandlingEvent createHandlingEvent(java.time.LocalDateTime,java.time.LocalDateTime,org.eclipse.cargotracker.domain.model.cargo.TrackingId,org.eclipse.cargotracker.domain.model.voyage.VoyageNumber,org.eclipse.cargotracker.domain.model.location.UnLocode,org.eclipse.cargotracker.domain.model.handling.HandlingEvent$Type)>(r0, r2, r3, r4, r5, r6)"
org.eclipse.cargotracker.application.internal.DefaultHandlingEventService,org.eclipse.cargotracker.domain.model.handling.HandlingEventRepository,call,2,method_call,"<org.eclipse.cargotracker.application.internal.DefaultHandlingEventService: void registerHandlingEvent(java.time.LocalDateTime,org.eclipse.cargotracker.domain.model.cargo.TrackingId,org.eclipse.cargotracker.domain.model.voyage.VoyageNumber,org.eclipse.cargotracker.domain.model.location.UnLocode,org.eclipse.cargotracker.domain.model.handling.HandlingEvent$Type)> :: interfaceinvoke $r9.<org.eclipse.cargotracker.domain.model.handling.HandlingEventRepository: void store(org.eclipse.cargotracker.domain.model.handling.HandlingEvent)>(r8)"
org.eclipse.cargotracker.application.internal.DefaultHandlingEventService,org.eclipse.cargotracker.application.ApplicationEvents,call,2,method_call,"<org.eclipse.cargotracker.application.internal.DefaultHandlingEventService: void registerHandlingEvent(java.time.LocalDateTime,org.eclipse.cargotracker.domain.model.cargo.TrackingId,org.eclipse.cargotracker.domain.model.voyage.VoyageNumber,org.eclipse.cargotracker.domain.model.location.UnLocode,org.eclipse.cargotracker.domain.model.handling.HandlingEvent$Type)> :: interfaceinvoke $r10.<org.eclipse.cargotracker.application.ApplicationEvents: void cargoWasHandled(org.eclipse.cargotracker.domain.model.handling.HandlingEvent)>(r8)"
org.eclipse.cargotracker.application.util.SampleDataGenerator,org.eclipse.cargotracker.domain.model.handling.HandlingEventFactory,type,1,field_type_reference,org.eclipse.cargotracker.application.util.SampleDataGenerator.handlingEventFactory
org.eclipse.cargotracker.application.util.SampleDataGenerator,org.eclipse.cargotracker.domain.model.handling.HandlingEventRepository,type,1,field_type_reference,org.eclipse.cargotracker.application.util.SampleDataGenerator.handlingEventRepository
org.eclipse.cargotracker.application.util.SampleDataGenerator,org.eclipse.cargotracker.application.util.ApplicationSettings,call,2,method_call,<org.eclipse.cargotracker.application.util.SampleDataGenerator: boolean isSampleLoaded()> :: z0 = virtualinvoke r7.<org.eclipse.cargotracker.application.util.ApplicationSettings: boolean isSampleLoaded()>()
org.eclipse.cargotracker.application.util.SampleDataGenerator,org.eclipse.cargotracker.application.util.ApplicationSettings,call,2,method_call,<org.eclipse.cargotracker.application.util.SampleDataGenerator: boolean isSampleLoaded()> :: virtualinvoke r7.<org.eclipse.cargotracker.application.util.ApplicationSettings: void setSampleLoaded(boolean)>(1)
org.eclipse.cargotracker.application.util.SampleDataGenerator,org.eclipse.cargotracker.domain.model.cargo.TrackingId,call,2,method_call,"<org.eclipse.cargotracker.application.util.SampleDataGenerator: void loadSampleCargos()> :: specialinvoke $r2.<org.eclipse.cargotracker.domain.model.cargo.TrackingId: void <init>(java.lang.String)>(""ABC123"")"
org.eclipse.cargotracker.application.util.SampleDataGenerator,org.eclipse.cargotracker.domain.model.cargo.RouteSpecification,call,2,method_call,"<org.eclipse.cargotracker.application.util.SampleDataGenerator: void loadSampleCargos()> :: specialinvoke $r3.<org.eclipse.cargotracker.domain.model.cargo.RouteSpecification: void <init>(org.eclipse.cargotracker.domain.model.location.Location,org.eclipse.cargotracker.domain.model.location.Location,java.time.LocalDate)>($r4, $r5, $r7)"
org.eclipse.cargotracker.application.util.SampleDataGenerator,org.eclipse.cargotracker.domain.model.cargo.Cargo,call,2,method_call,"<org.eclipse.cargotracker.application.util.SampleDataGenerator: void loadSampleCargos()> :: specialinvoke $r8.<org.eclipse.cargotracker.domain.model.cargo.Cargo: void <init>(org.eclipse.cargotracker.domain.model.cargo.TrackingId,org.eclipse.cargotracker.domain.model.cargo.RouteSpecification)>($r2, $r3)"
org.eclipse.cargotracker.application.util.SampleDataGenerator,org.eclipse.cargotracker.domain.model.cargo.Leg,call,2,method_call,"<org.eclipse.cargotracker.application.util.SampleDataGenerator: void loadSampleCargos()> :: specialinvoke $r11.<org.eclipse.cargotracker.domain.model.cargo.Leg: void <init>(org.eclipse.cargotracker.domain.model.voyage.Voyage,org.eclipse.cargotracker.domain.model.location.Location,org.eclipse.cargotracker.domain.model.location.Location,java.time.LocalDateTime,java.time.LocalDateTime)>($r12, $r13, $r14, $r22, $r21)"
org.eclipse.cargotracker.application.util.SampleDataGenerator,org.eclipse.cargotracker.domain.model.cargo.Leg,call,2,method_call,"<org.eclipse.cargotracker.application.util.SampleDataGenerator: void loadSampleCargos()> :: specialinvoke $r23.<org.eclipse.cargotracker.domain.model.cargo.Leg: void <init>(org.eclipse.cargotracker.domain.model.voyage.Voyage,org.eclipse.cargotracker.domain.model.location.Location,org.eclipse.cargotracker.domain.model.location.Location,java.time.LocalDateTime,java.time.LocalDateTime)>($r24, $r25, $r26, $r34, $r33)"
org.eclipse.cargotracker.application.util.SampleDataGenerator,org.eclipse.cargotracker.domain.model.cargo.Leg,call,2,method_call,"<org.eclipse.cargotracker.application.util.SampleDataGenerator: void loadSampleCargos()> :: specialinvoke $r35.<org.eclipse.cargotracker.domain.model.cargo.Leg: void <init>(org.eclipse.cargotracker.domain.model.voyage.Voyage,org.eclipse.cargotracker.domain.model.location.Location,org.eclipse.cargotracker.domain.model.location.Location,java.time.LocalDateTime,java.time.LocalDateTime)>($r36, $r37, $r38, $r46, $r45)"
org.eclipse.cargotracker.application.util.SampleDataGenerator,org.eclipse.cargotracker.domain.model.cargo.Itinerary,call,2,method_call,<org.eclipse.cargotracker.application.util.SampleDataGenerator: void loadSampleCargos()> :: specialinvoke $r9.<org.eclipse.cargotracker.domain.model.cargo.Itinerary: void <init>(java.util.List)>($r47)
org.eclipse.cargotracker.application.util.SampleDataGenerator,org.eclipse.cargotracker.domain.model.cargo.Cargo,call,2,method_call,<org.eclipse.cargotracker.application.util.SampleDataGenerator: void loadSampleCargos()> :: virtualinvoke $r8.<org.eclipse.cargotracker.domain.model.cargo.Cargo: void assignToRoute(org.eclipse.cargotracker.domain.model.cargo.Itinerary)>($r9)
org.eclipse.cargotracker.application.util.SampleDataGenerator,org.eclipse.cargotracker.domain.model.location.Location,call,2,method_call,<org.eclipse.cargotracker.application.util.SampleDataGenerator: void loadSampleCargos()> :: $r57 = virtualinvoke $r55.<org.eclipse.cargotracker.domain.model.location.Location: org.eclipse.cargotracker.domain.model.location.UnLocode getUnLocode()>()
org.eclipse.cargotracker.application.util.SampleDataGenerator,org.eclipse.cargotracker.domain.model.handling.HandlingEventFactory,call,2,method_call,"<org.eclipse.cargotracker.application.util.SampleDataGenerator: void loadSampleCargos()> :: r302 = virtualinvoke $r49.<org.eclipse.cargotracker.domain.model.handling.HandlingEventFactory: org.eclipse.cargotracker.domain.model.handling.HandlingEvent createHandlingEvent(java.time.LocalDateTime,java.time.LocalDateTime,org.eclipse.cargotracker.domain.model.cargo.TrackingId,org.eclipse.cargotracker.domain.model.voyage.VoyageNumber,org.eclipse.cargotracker.domain.model.location.UnLocode,org.eclipse.cargotracker.domain.model.handling.HandlingEvent$Type)>($r59, $r58, $r2, null, $r57, $r56)"
org.eclipse.cargotracker.application.util.SampleDataGenerator,org.eclipse.cargotracker.domain.model.voyage.Voyage,call,2,method_call,<org.eclipse.cargotracker.application.util.SampleDataGenerator: void loadSampleCargos()> :: $r71 = virtualinvoke $r67.<org.eclipse.cargotracker.domain.model.voyage.Voyage: org.eclipse.cargotracker.domain.model.voyage.VoyageNumber getVoyageNumber()>()
org.eclipse.cargotracker.application.util.SampleDataGenerator,org.eclipse.cargotracker.domain.model.location.Location,call,2,method_call,<org.eclipse.cargotracker.application.util.SampleDataGenerator: void loadSampleCargos()> :: $r70 = virtualinvoke $r68.<org.eclipse.cargotracker.domain.model.location.Location: org.eclipse.cargotracker.domain.model.location.UnLocode getUnLocode()>()
org.eclipse.cargotracker.application.util.SampleDataGenerator,org.eclipse.cargotracker.domain.model.handling.HandlingEventFactory,call,2,method_call,"<org.eclipse.cargotracker.application.util.SampleDataGenerator: void loadSampleCargos()> :: r303 = virtualinvoke $r61.<org.eclipse.cargotracker.domain.model.handling.HandlingEventFactory: org.eclipse.cargotracker.domain.model.handling.HandlingEvent createHandlingEvent(java.time.LocalDateTime,java.time.LocalDateTime,org.eclipse.cargotracker.domain.model.cargo.TrackingId,org.eclipse.cargotracker.domain.model.voyage.VoyageNumber,org.eclipse.cargotracker.domain.model.location.UnLocode,org.eclipse.cargotracker.domain.model.handling.HandlingEvent$Type)>($r73, $r72, $r2, $r71, $r70, $r69)"
org.eclipse.cargotracker.application.util.SampleDataGenerator,org.eclipse.cargotracker.domain.model.voyage.Voyage,call,2,method_call,<org.eclipse.cargotracker.application.util.SampleDataGenerator: void loadSampleCargos()> :: $r85 = virtualinvoke $r81.<org.eclipse.cargotracker.domain.model.voyage.Voyage: org.eclipse.cargotracker.domain.model.voyage.VoyageNumber getVoyageNumber()>()
org.eclipse.cargotracker.application.util.SampleDataGenerator,org.eclipse.cargotracker.domain.model.location.Location,call,2,method_call,<org.eclipse.cargotracker.application.util.SampleDataGenerator: void loadSampleCargos()> :: $r84 = virtualinvoke $r82.<org.eclipse.cargotracker.domain.model.location.Location: org.eclipse.cargotracker.domain.model.location.UnLocode getUnLocode()>()
org.eclipse.cargotracker.application.util.SampleDataGenerator,org.eclipse.cargotracker.domain.model.handling.HandlingEventFactory,call,2,method_call,"<org.eclipse.cargotracker.application.util.SampleDataGenerator: void loadSampleCargos()> :: r304 = virtualinvoke $r75.<org.eclipse.cargotracker.domain.model.handling.HandlingEventFactory: org.eclipse.cargotracker.domain.model.handling.HandlingEvent createHandlingEvent(java.time.LocalDateTime,java.time.LocalDateTime,org.eclipse.cargotracker.domain.model.cargo.TrackingId,org.eclipse.cargotracker.domain.model.voyage.VoyageNumber,org.eclipse.cargotracker.domain.model.location.UnLocode,org.eclipse.cargotracker.domain.model.handling.HandlingEvent$Type)>($r87, $r86, $r2, $r85, $r84, $r83)"
org.eclipse.cargotracker.application.util.SampleDataGenerator,org.eclipse.cargotracker.domain.model.handling.HandlingEventRepository,call,2,method_call,<org.eclipse.cargotracker.application.util.SampleDataGenerator: void loadSampleCargos()> :: r305 = interfaceinvoke $r89.<org.eclipse.cargotracker.domain.model.handling.HandlingEventRepository: org.eclipse.cargotracker.domain.model.handling.HandlingHistory lookupHandlingHistoryOfCargo(org.eclipse.cargotracker.domain.model.cargo.TrackingId)>($r2)
org.eclipse.cargotracker.application.util.SampleDataGenerator,org.eclipse.cargotracker.domain.model.cargo.Cargo,call,2,method_call,<org.eclipse.cargotracker.application.util.SampleDataGenerator: void loadSampleCargos()> :: virtualinvoke $r8.<org.eclipse.cargotracker.domain.model.cargo.Cargo: void deriveDeliveryProgress(org.eclipse.cargotracker.domain.model.handling.HandlingHistory)>(r305)
org.eclipse.cargotracker.application.util.SampleDataGenerator,org.eclipse.cargotracker.domain.model.cargo.TrackingId,call,2,method_call,"<org.eclipse.cargotracker.application.util.SampleDataGenerator: void loadSampleCargos()> :: specialinvoke $r91.<org.eclipse.cargotracker.domain.model.cargo.TrackingId: void <init>(java.lang.String)>(""JKL567"")"
org.eclipse.cargotracker.application.util.SampleDataGenerator,org.eclipse.cargotracker.domain.model.cargo.RouteSpecification,call,2,method_call,"<org.eclipse.cargotracker.application.util.SampleDataGenerator: void loadSampleCargos()> :: specialinvoke $r92.<org.eclipse.cargotracker.domain.model.cargo.RouteSpecification: void <init>(org.eclipse.cargotracker.domain.model.location.Location,org.eclipse.cargotracker.domain.model.location.Location,java.time.LocalDate)>($r93, $r94, $r96)"
org.eclipse.cargotracker.application.util.SampleDataGenerator,org.eclipse.cargotracker.domain.model.cargo.Cargo,call,2,method_call,"<org.eclipse.cargotracker.application.util.SampleDataGenerator: void loadSampleCargos()> :: specialinvoke $r97.<org.eclipse.cargotracker.domain.model.cargo.Cargo: void <init>(org.eclipse.cargotracker.domain.model.cargo.TrackingId,org.eclipse.cargotracker.domain.model.cargo.RouteSpecification)>($r91, $r92)"
org.eclipse.cargotracker.application.util.SampleDataGenerator,org.eclipse.cargotracker.domain.model.cargo.Leg,call,2,method_call,"<org.eclipse.cargotracker.application.util.SampleDataGenerator: void loadSampleCargos()> :: specialinvoke $r100.<org.eclipse.cargotracker.domain.model.cargo.Leg: void <init>(org.eclipse.cargotracker.domain.model.voyage.Voyage,org.eclipse.cargotracker.domain.model.location.Location,org.eclipse.cargotracker.domain.model.location.Location,java.time.LocalDateTime,java.time.LocalDateTime)>($r101, $r102, $r103, $r111, $r110)"
org.eclipse.cargotracker.application.util.SampleDataGenerator,org.eclipse.cargotracker.domain.model.cargo.Leg,call,2,method_call,"<org.eclipse.cargotracker.application.util.SampleDataGenerator: void loadSampleCargos()> :: specialinvoke $r112.<org.eclipse.cargotracker.domain.model.cargo.Leg: void <init>(org.eclipse.cargotracker.domain.model.voyage.Voyage,org.eclipse.cargotracker.domain.model.location.Location,org.eclipse.cargotracker.domain.model.location.Location,java.time.LocalDateTime,java.time.LocalDateTime)>($r113, $r114, $r115, $r123, $r122)"
org.eclipse.cargotracker.application.util.SampleDataGenerator,org.eclipse.cargotracker.domain.model.cargo.Leg,call,2,method_call,"<org.eclipse.cargotracker.application.util.SampleDataGenerator: void loadSampleCargos()> :: specialinvoke $r124.<org.eclipse.cargotracker.domain.model.cargo.Leg: void <init>(org.eclipse.cargotracker.domain.model.voyage.Voyage,org.eclipse.cargotracker.domain.model.location.Location,org.eclipse.cargotracker.domain.model.location.Location,java.time.LocalDateTime,java.time.LocalDateTime)>($r125, $r126, $r127, $r135, $r134)"
org.eclipse.cargotracker.application.util.SampleDataGenerator,org.eclipse.cargotracker.domain.model.cargo.Itinerary,call,2,method_call,<org.eclipse.cargotracker.application.util.SampleDataGenerator: void loadSampleCargos()> :: specialinvoke $r98.<org.eclipse.cargotracker.domain.model.cargo.Itinerary: void <init>(java.util.List)>($r136)
org.eclipse.cargotracker.application.util.SampleDataGenerator,org.eclipse.cargotracker.domain.model.cargo.Cargo,call,2,method_call,<org.eclipse.cargotracker.application.util.SampleDataGenerator: void loadSampleCargos()> :: virtualinvoke $r97.<org.eclipse.cargotracker.domain.model.cargo.Cargo: void assignToRoute(org.eclipse.cargotracker.domain.model.cargo.Itinerary)>($r98)
org.eclipse.cargotracker.application.util.SampleDataGenerator,org.eclipse.cargotracker.domain.model.location.Location,call,2,method_call,<org.eclipse.cargotracker.application.util.SampleDataGenerator: void loadSampleCargos()> :: $r146 = virtualinvoke $r144.<org.eclipse.cargotracker.domain.model.location.Location: org.eclipse.cargotracker.domain.model.location.UnLocode getUnLocode()>()
org.eclipse.cargotracker.application.util.SampleDataGenerator,org.eclipse.cargotracker.domain.model.handling.HandlingEventFactory,call,2,method_call,"<org.eclipse.cargotracker.application.util.SampleDataGenerator: void loadSampleCargos()> :: r306 = virtualinvoke $r138.<org.eclipse.cargotracker.domain.model.handling.HandlingEventFactory: org.eclipse.cargotracker.domain.model.handling.HandlingEvent createHandlingEvent(java.time.LocalDateTime,java.time.LocalDateTime,org.eclipse.cargotracker.domain.model.cargo.TrackingId,org.eclipse.cargotracker.domain.model.voyage.VoyageNumber,org.eclipse.cargotracker.domain.model.location.UnLocode,org.eclipse.cargotracker.domain.model.handling.HandlingEvent$Type)>($r148, $r147, $r91, null, $r146, $r145)"
org.eclipse.cargotracker.application.util.SampleDataGenerator,org.eclipse.cargotracker.domain.model.voyage.Voyage,call,2,method_call,<org.eclipse.cargotracker.application.util.SampleDataGenerator: void loadSampleCargos()> :: $r160 = virtualinvoke $r156.<org.eclipse.cargotracker.domain.model.voyage.Voyage: org.eclipse.cargotracker.domain.model.voyage.VoyageNumber getVoyageNumber()>()
org.eclipse.cargotracker.application.util.SampleDataGenerator,org.eclipse.cargotracker.domain.model.location.Location,call,2,method_call,<org.eclipse.cargotracker.application.util.SampleDataGenerator: void loadSampleCargos()> :: $r159 = virtualinvoke $r157.<org.eclipse.cargotracker.domain.model.location.Location: org.eclipse.cargotracker.domain.model.location.UnLocode getUnLocode()>()
org.eclipse.cargotracker.application.util.SampleDataGenerator,org.eclipse.cargotracker.domain.model.handling.HandlingEventFactory,call,2,method_call,"<org.eclipse.cargotracker.application.util.SampleDataGenerator: void loadSampleCargos()> :: r307 = virtualinvoke $r150.<org.eclipse.cargotracker.domain.model.handling.HandlingEventFactory: org.eclipse.cargotracker.domain.model.handling.HandlingEvent createHandlingEvent(java.time.LocalDateTime,java.time.LocalDateTime,org.eclipse.cargotracker.domain.model.cargo.TrackingId,org.eclipse.cargotracker.domain.model.voyage.VoyageNumber,org.eclipse.cargotracker.domain.model.location.UnLocode,org.eclipse.cargotracker.domain.model.handling.HandlingEvent$Type)>($r162, $r161, $r91, $r160, $r159, $r158)"
org.eclipse.cargotracker.application.util.SampleDataGenerator,org.eclipse.cargotracker.domain.model.voyage.Voyage,call,2,method_call,<org.eclipse.cargotracker.application.util.SampleDataGenerator: void loadSampleCargos()> :: $r174 = virtualinvoke $r170.<org.eclipse.cargotracker.domain.model.voyage.Voyage: org.eclipse.cargotracker.domain.model.voyage.VoyageNumber getVoyageNumber()>()
org.eclipse.cargotracker.application.util.SampleDataGenerator,org.eclipse.cargotracker.domain.model.location.Location,call,2,method_call,<org.eclipse.cargotracker.application.util.SampleDataGenerator: void loadSampleCargos()> :: $r173 = virtualinvoke $r171.<org.eclipse.cargotracker.domain.model.location.Location: org.eclipse.cargotracker.domain.model.location.UnLocode getUnLocode()>()
org.eclipse.cargotracker.application.util.SampleDataGenerator,org.eclipse.cargotracker.domain.model.handling.HandlingEventFactory,call,2,method_call,"<org.eclipse.cargotracker.application.util.SampleDataGenerator: void loadSampleCargos()> :: r308 = virtualinvoke $r164.<org.eclipse.cargotracker.domain.model.handling.HandlingEventFactory: org.eclipse.cargotracker.domain.model.handling.HandlingEvent createHandlingEvent(java.time.LocalDateTime,java.time.LocalDateTime,org.eclipse.cargotracker.domain.model.cargo.TrackingId,org.eclipse.cargotracker.domain.model.voyage.VoyageNumber,org.eclipse.cargotracker.domain.model.location.UnLocode,org.eclipse.cargotracker.domain.model.handling.HandlingEvent$Type)>($r176, $r175, $r91, $r174, $r173, $r172)"
org.eclipse.cargotracker.application.util.SampleDataGenerator,org.eclipse.cargotracker.domain.model.voyage.Voyage,call,2,method_call,<org.eclipse.cargotracker.application.util.SampleDataGenerator: void loadSampleCargos()> :: $r188 = virtualinvoke $r184.<org.eclipse.cargotracker.domain.model.voyage.Voyage: org.eclipse.cargotracker.domain.model.voyage.VoyageNumber getVoyageNumber()>()
org.eclipse.cargotracker.application.util.SampleDataGenerator,org.eclipse.cargotracker.domain.model.location.Location,call,2,method_call,<org.eclipse.cargotracker.application.util.SampleDataGenerator: void loadSampleCargos()> :: $r187 = virtualinvoke $r185.<org.eclipse.cargotracker.domain.model.location.Location: org.eclipse.cargotracker.domain.model.location.UnLocode getUnLocode()>()
org.eclipse.cargotracker.application.util.SampleDataGenerator,org.eclipse.cargotracker.domain.model.handling.HandlingEventFactory,call,2,method_call,"<org.eclipse.cargotracker.application.util.SampleDataGenerator: void loadSampleCargos()> :: r309 = virtualinvoke $r178.<org.eclipse.cargotracker.domain.model.handling.HandlingEventFactory: org.eclipse.cargotracker.domain.model.handling.HandlingEvent createHandlingEvent(java.time.LocalDateTime,java.time.LocalDateTime,org.eclipse.cargotracker.domain.model.cargo.TrackingId,org.eclipse.cargotracker.domain.model.voyage.VoyageNumber,org.eclipse.cargotracker.domain.model.location.UnLocode,org.eclipse.cargotracker.domain.model.handling.HandlingEvent$Type)>($r190, $r189, $r91, $r188, $r187, $r186)"
org.eclipse.cargotracker.application.util.SampleDataGenerator,org.eclipse.cargotracker.domain.model.handling.HandlingEventRepository,call,2,method_call,<org.eclipse.cargotracker.application.util.SampleDataGenerator: void loadSampleCargos()> :: r310 = interfaceinvoke $r192.<org.eclipse.cargotracker.domain.model.handling.HandlingEventRepository: org.eclipse.cargotracker.domain.model.handling.HandlingHistory lookupHandlingHistoryOfCargo(org.eclipse.cargotracker.domain.model.cargo.TrackingId)>($r91)
org.eclipse.cargotracker.application.util.SampleDataGenerator,org.eclipse.cargotracker.domain.model.cargo.Cargo,call,2,method_call,<org.eclipse.cargotracker.application.util.SampleDataGenerator: void loadSampleCargos()> :: virtualinvoke $r97.<org.eclipse.cargotracker.domain.model.cargo.Cargo: void deriveDeliveryProgress(org.eclipse.cargotracker.domain.model.handling.HandlingHistory)>(r310)
org.eclipse.cargotracker.application.util.SampleDataGenerator,org.eclipse.cargotracker.domain.model.cargo.TrackingId,call,2,method_call,"<org.eclipse.cargotracker.application.util.SampleDataGenerator: void loadSampleCargos()> :: specialinvoke $r194.<org.eclipse.cargotracker.domain.model.cargo.TrackingId: void <init>(java.lang.String)>(""DEF789"")"
org.eclipse.cargotracker.application.util.SampleDataGenerator,org.eclipse.cargotracker.domain.model.cargo.RouteSpecification,call,2,method_call,"<org.eclipse.cargotracker.application.util.SampleDataGenerator: void loadSampleCargos()> :: specialinvoke $r195.<org.eclipse.cargotracker.domain.model.cargo.RouteSpecification: void <init>(org.eclipse.cargotracker.domain.model.location.Location,org.eclipse.cargotracker.domain.model.location.Location,java.time.LocalDate)>($r196, $r197, $r199)"
org.eclipse.cargotracker.application.util.SampleDataGenerator,org.eclipse.cargotracker.domain.model.cargo.Cargo,call,2,method_call,"<org.eclipse.cargotracker.application.util.SampleDataGenerator: void loadSampleCargos()> :: specialinvoke $r200.<org.eclipse.cargotracker.domain.model.cargo.Cargo: void <init>(org.eclipse.cargotracker.domain.model.cargo.TrackingId,org.eclipse.cargotracker.domain.model.cargo.RouteSpecification)>($r194, $r195)"
org.eclipse.cargotracker.application.util.SampleDataGenerator,org.eclipse.cargotracker.domain.model.cargo.TrackingId,call,2,method_call,"<org.eclipse.cargotracker.application.util.SampleDataGenerator: void loadSampleCargos()> :: specialinvoke $r202.<org.eclipse.cargotracker.domain.model.cargo.TrackingId: void <init>(java.lang.String)>(""MNO456"")"
org.eclipse.cargotracker.application.util.SampleDataGenerator,org.eclipse.cargotracker.domain.model.cargo.RouteSpecification,call,2,method_call,"<org.eclipse.cargotracker.application.util.SampleDataGenerator: void loadSampleCargos()> :: specialinvoke $r203.<org.eclipse.cargotracker.domain.model.cargo.RouteSpecification: void <init>(org.eclipse.cargotracker.domain.model.location.Location,org.eclipse.cargotracker.domain.model.location.Location,java.time.LocalDate)>($r204, $r205, $r207)"
org.eclipse.cargotracker.application.util.SampleDataGenerator,org.eclipse.cargotracker.domain.model.cargo.Cargo,call,2,method_call,"<org.eclipse.cargotracker.application.util.SampleDataGenerator: void loadSampleCargos()> :: specialinvoke $r208.<org.eclipse.cargotracker.domain.model.cargo.Cargo: void <init>(org.eclipse.cargotracker.domain.model.cargo.TrackingId,org.eclipse.cargotracker.domain.model.cargo.RouteSpecification)>($r202, $r203)"
org.eclipse.cargotracker.application.util.SampleDataGenerator,org.eclipse.cargotracker.domain.model.cargo.Leg,call,2,method_call,"<org.eclipse.cargotracker.application.util.SampleDataGenerator: void loadSampleCargos()> :: specialinvoke $r211.<org.eclipse.cargotracker.domain.model.cargo.Leg: void <init>(org.eclipse.cargotracker.domain.model.voyage.Voyage,org.eclipse.cargotracker.domain.model.location.Location,org.eclipse.cargotracker.domain.model.location.Location,java.time.LocalDateTime,java.time.LocalDateTime)>($r212, $r213, $r214, $r222, $r221)"
org.eclipse.cargotracker.application.util.SampleDataGenerator,org.eclipse.cargotracker.domain.model.cargo.Itinerary,call,2,method_call,<org.eclipse.cargotracker.application.util.SampleDataGenerator: void loadSampleCargos()> :: specialinvoke $r209.<org.eclipse.cargotracker.domain.model.cargo.Itinerary: void <init>(java.util.List)>($r223)
org.eclipse.cargotracker.application.util.SampleDataGenerator,org.eclipse.cargotracker.domain.model.cargo.Cargo,call,2,method_call,<org.eclipse.cargotracker.application.util.SampleDataGenerator: void loadSampleCargos()> :: virtualinvoke $r208.<org.eclipse.cargotracker.domain.model.cargo.Cargo: void assignToRoute(org.eclipse.cargotracker.domain.model.cargo.Itinerary)>($r209)
org.eclipse.cargotracker.application.util.SampleDataGenerator,org.eclipse.cargotracker.domain.model.location.Location,call,2,method_call,<org.eclipse.cargotracker.application.util.SampleDataGenerator: void loadSampleCargos()> :: $r233 = virtualinvoke $r231.<org.eclipse.cargotracker.domain.model.location.Location: org.eclipse.cargotracker.domain.model.location.UnLocode getUnLocode()>()
org.eclipse.cargotracker.application.util.SampleDataGenerator,org.eclipse.cargotracker.domain.model.handling.HandlingEventFactory,call,2,method_call,"<org.eclipse.cargotracker.application.util.SampleDataGenerator: void loadSampleCargos()> :: r311 = virtualinvoke $r225.<org.eclipse.cargotracker.domain.model.handling.HandlingEventFactory: org.eclipse.cargotracker.domain.model.handling.HandlingEvent createHandlingEvent(java.time.LocalDateTime,java.time.LocalDateTime,org.eclipse.cargotracker.domain.model.cargo.TrackingId,org.eclipse.cargotracker.domain.model.voyage.VoyageNumber,org.eclipse.cargotracker.domain.model.location.UnLocode,org.eclipse.cargotracker.domain.model.handling.HandlingEvent$Type)>($r235, $r234, $r202, null, $r233, $r232)"
org.eclipse.cargotracker.application.util.SampleDataGenerator,org.eclipse.cargotracker.domain.model.voyage.Voyage,call,2,method_call,<org.eclipse.cargotracker.application.util.SampleDataGenerator: void loadSampleCargos()> :: $r247 = virtualinvoke $r243.<org.eclipse.cargotracker.domain.model.voyage.Voyage: org.eclipse.cargotracker.domain.model.voyage.VoyageNumber getVoyageNumber()>()
org.eclipse.cargotracker.application.util.SampleDataGenerator,org.eclipse.cargotracker.domain.model.location.Location,call,2,method_call,<org.eclipse.cargotracker.application.util.SampleDataGenerator: void loadSampleCargos()> :: $r246 = virtualinvoke $r244.<org.eclipse.cargotracker.domain.model.location.Location: org.eclipse.cargotracker.domain.model.location.UnLocode getUnLocode()>()
org.eclipse.cargotracker.application.util.SampleDataGenerator,org.eclipse.cargotracker.domain.model.handling.HandlingEventFactory,call,2,method_call,"<org.eclipse.cargotracker.application.util.SampleDataGenerator: void loadSampleCargos()> :: r250 = virtualinvoke $r237.<org.eclipse.cargotracker.domain.model.handling.HandlingEventFactory: org.eclipse.cargotracker.domain.model.handling.HandlingEvent createHandlingEvent(java.time.LocalDateTime,java.time.LocalDateTime,org.eclipse.cargotracker.domain.model.cargo.TrackingId,org.eclipse.cargotracker.domain.model.voyage.VoyageNumber,org.eclipse.cargotracker.domain.model.location.UnLocode,org.eclipse.cargotracker.domain.model.handling.HandlingEvent$Type)>($r249, $r248, $r202, $r247, $r246, $r245)"
org.eclipse.cargotracker.application.util.SampleDataGenerator,org.eclipse.cargotracker.domain.model.voyage.Voyage,call,2,method_call,<org.eclipse.cargotracker.application.util.SampleDataGenerator: void loadSampleCargos()> :: $r262 = virtualinvoke $r258.<org.eclipse.cargotracker.domain.model.voyage.Voyage: org.eclipse.cargotracker.domain.model.voyage.VoyageNumber getVoyageNumber()>()
org.eclipse.cargotracker.application.util.SampleDataGenerator,org.eclipse.cargotracker.domain.model.location.Location,call,2,method_call,<org.eclipse.cargotracker.application.util.SampleDataGenerator: void loadSampleCargos()> :: $r261 = virtualinvoke $r259.<org.eclipse.cargotracker.domain.model.location.Location: org.eclipse.cargotracker.domain.model.location.UnLocode getUnLocode()>()
org.eclipse.cargotracker.application.util.SampleDataGenerator,org.eclipse.cargotracker.domain.model.handling.HandlingEventFactory,call,2,method_call,"<org.eclipse.cargotracker.application.util.SampleDataGenerator: void loadSampleCargos()> :: r265 = virtualinvoke $r252.<org.eclipse.cargotracker.domain.model.handling.HandlingEventFactory: org.eclipse.cargotracker.domain.model.handling.HandlingEvent createHandlingEvent(java.time.LocalDateTime,java.time.LocalDateTime,org.eclipse.cargotracker.domain.model.cargo.TrackingId,org.eclipse.cargotracker.domain.model.voyage.VoyageNumber,org.eclipse.cargotracker.domain.model.location.UnLocode,org.eclipse.cargotracker.domain.model.handling.HandlingEvent$Type)>($r264, $r263, $r202, $r262, $r261, $r260)"
org.eclipse.cargotracker.application.util.SampleDataGenerator,org.eclipse.cargotracker.domain.model.location.Location,call,2,method_call,<org.eclipse.cargotracker.application.util.SampleDataGenerator: void loadSampleCargos()> :: $r275 = virtualinvoke $r273.<org.eclipse.cargotracker.domain.model.location.Location: org.eclipse.cargotracker.domain.model.location.UnLocode getUnLocode()>()
org.eclipse.cargotracker.application.util.SampleDataGenerator,org.eclipse.cargotracker.domain.model.handling.HandlingEventFactory,call,2,method_call,"<org.eclipse.cargotracker.application.util.SampleDataGenerator: void loadSampleCargos()> :: r278 = virtualinvoke $r267.<org.eclipse.cargotracker.domain.model.handling.HandlingEventFactory: org.eclipse.cargotracker.domain.model.handling.HandlingEvent createHandlingEvent(java.time.LocalDateTime,java.time.LocalDateTime,org.eclipse.cargotracker.domain.model.cargo.TrackingId,org.eclipse.cargotracker.domain.model.voyage.VoyageNumber,org.eclipse.cargotracker.domain.model.location.UnLocode,org.eclipse.cargotracker.domain.model.handling.HandlingEvent$Type)>($r277, $r276, $r202, null, $r275, $r274)"
org.eclipse.cargotracker.application.util.SampleDataGenerator,org.eclipse.cargotracker.domain.model.location.Location,call,2,method_call,<org.eclipse.cargotracker.application.util.SampleDataGenerator: void loadSampleCargos()> :: $r288 = virtualinvoke $r286.<org.eclipse.cargotracker.domain.model.location.Location: org.eclipse.cargotracker.domain.model.location.UnLocode getUnLocode()>()
org.eclipse.cargotracker.application.util.SampleDataGenerator,org.eclipse.cargotracker.domain.model.handling.HandlingEventFactory,call,2,method_call,"<org.eclipse.cargotracker.application.util.SampleDataGenerator: void loadSampleCargos()> :: r291 = virtualinvoke $r280.<org.eclipse.cargotracker.domain.model.handling.HandlingEventFactory: org.eclipse.cargotracker.domain.model.handling.HandlingEvent createHandlingEvent(java.time.LocalDateTime,java.time.LocalDateTime,org.eclipse.cargotracker.domain.model.cargo.TrackingId,org.eclipse.cargotracker.domain.model.voyage.VoyageNumber,org.eclipse.cargotracker.domain.model.location.UnLocode,org.eclipse.cargotracker.domain.model.handling.HandlingEvent$Type)>($r290, $r289, $r202, null, $r288, $r287)"
org.eclipse.cargotracker.application.util.SampleDataGenerator,org.eclipse.cargotracker.domain.model.handling.HandlingEventRepository,call,2,method_call,<org.eclipse.cargotracker.application.util.SampleDataGenerator: void loadSampleCargos()> :: r294 = interfaceinvoke $r293.<org.eclipse.cargotracker.domain.model.handling.HandlingEventRepository: org.eclipse.cargotracker.domain.model.handling.HandlingHistory lookupHandlingHistoryOfCargo(org.eclipse.cargotracker.domain.model.cargo.TrackingId)>($r202)
org.eclipse.cargotracker.application.util.SampleDataGenerator,org.eclipse.cargotracker.domain.model.cargo.Cargo,call,2,method_call,<org.eclipse.cargotracker.application.util.SampleDataGenerator: void loadSampleCargos()> :: virtualinvoke $r208.<org.eclipse.cargotracker.domain.model.cargo.Cargo: void deriveDeliveryProgress(org.eclipse.cargotracker.domain.model.handling.HandlingHistory)>(r294)
org.eclipse.cargotracker.domain.model.cargo.Cargo,org.eclipse.cargotracker.domain.model.cargo.TrackingId,type,1,field_type_reference,org.eclipse.cargotracker.domain.model.cargo.Cargo.trackingId
org.eclipse.cargotracker.domain.model.cargo.Cargo,org.eclipse.cargotracker.domain.model.location.Location,type,1,field_type_reference,org.eclipse.cargotracker.domain.model.cargo.Cargo.origin
org.eclipse.cargotracker.domain.model.cargo.Cargo,org.eclipse.cargotracker.domain.model.cargo.RouteSpecification,type,1,field_type_reference,org.eclipse.cargotracker.domain.model.cargo.Cargo.routeSpecification
org.eclipse.cargotracker.domain.model.cargo.Cargo,org.eclipse.cargotracker.domain.model.cargo.Itinerary,type,1,field_type_reference,org.eclipse.cargotracker.domain.model.cargo.Cargo.itinerary
org.eclipse.cargotracker.domain.model.cargo.Cargo,org.eclipse.cargotracker.domain.model.cargo.Delivery,type,1,field_type_reference,org.eclipse.cargotracker.domain.model.cargo.Cargo.delivery
org.eclipse.cargotracker.domain.model.cargo.Cargo,org.eclipse.cargotracker.domain.model.cargo.TrackingId,type,1,method_parameter_type_reference,"<org.eclipse.cargotracker.domain.model.cargo.Cargo: void <init>(org.eclipse.cargotracker.domain.model.cargo.TrackingId,org.eclipse.cargotracker.domain.model.cargo.RouteSpecification)>"
org.eclipse.cargotracker.domain.model.cargo.Cargo,org.eclipse.cargotracker.domain.model.cargo.RouteSpecification,type,1,method_parameter_type_reference,"<org.eclipse.cargotracker.domain.model.cargo.Cargo: void <init>(org.eclipse.cargotracker.domain.model.cargo.TrackingId,org.eclipse.cargotracker.domain.model.cargo.RouteSpecification)>"
org.eclipse.cargotracker.domain.model.cargo.Cargo,org.eclipse.cargotracker.domain.model.cargo.TrackingId,type,1,method_return_type_reference,<org.eclipse.cargotracker.domain.model.cargo.Cargo: org.eclipse.cargotracker.domain.model.cargo.TrackingId getTrackingId()>
org.eclipse.cargotracker.domain.model.cargo.Cargo,org.eclipse.cargotracker.domain.model.location.Location,type,1,method_return_type_reference,<org.eclipse.cargotracker.domain.model.cargo.Cargo: org.eclipse.cargotracker.domain.model.location.Location getOrigin()>
org.eclipse.cargotracker.domain.model.cargo.Cargo,org.eclipse.cargotracker.domain.model.location.Location,type,1,method_parameter_type_reference,<org.eclipse.cargotracker.domain.model.cargo.Cargo: void setOrigin(org.eclipse.cargotracker.domain.model.location.Location)>
org.eclipse.cargotracker.domain.model.cargo.Cargo,org.eclipse.cargotracker.domain.model.cargo.RouteSpecification,type,1,method_return_type_reference,<org.eclipse.cargotracker.domain.model.cargo.Cargo: org.eclipse.cargotracker.domain.model.cargo.RouteSpecification getRouteSpecification()>
org.eclipse.cargotracker.domain.model.cargo.Cargo,org.eclipse.cargotracker.domain.model.cargo.Delivery,type,1,method_return_type_reference,<org.eclipse.cargotracker.domain.model.cargo.Cargo: org.eclipse.cargotracker.domain.model.cargo.Delivery getDelivery()>
org.eclipse.cargotracker.domain.model.cargo.Cargo,org.eclipse.cargotracker.domain.model.cargo.Itinerary,type,1,method_return_type_reference,<org.eclipse.cargotracker.domain.model.cargo.Cargo: org.eclipse.cargotracker.domain.model.cargo.Itinerary getItinerary()>
org.eclipse.cargotracker.domain.model.cargo.Cargo,org.eclipse.cargotracker.domain.model.cargo.RouteSpecification,type,1,method_parameter_type_reference,<org.eclipse.cargotracker.domain.model.cargo.Cargo: void specifyNewRoute(org.eclipse.cargotracker.domain.model.cargo.RouteSpecification)>
org.eclipse.cargotracker.domain.model.cargo.Cargo,org.eclipse.cargotracker.domain.model.cargo.Itinerary,type,1,method_parameter_type_reference,<org.eclipse.cargotracker.domain.model.cargo.Cargo: void assignToRoute(org.eclipse.cargotracker.domain.model.cargo.Itinerary)>
org.eclipse.cargotracker.domain.model.cargo.Cargo,org.eclipse.cargotracker.domain.model.handling.HandlingHistory,type,1,method_parameter_type_reference,<org.eclipse.cargotracker.domain.model.cargo.Cargo: void deriveDeliveryProgress(org.eclipse.cargotracker.domain.model.handling.HandlingHistory)>
org.eclipse.cargotracker.domain.model.cargo.Cargo,org.eclipse.cargotracker.domain.model.cargo.RouteSpecification,call,2,method_call,"<org.eclipse.cargotracker.domain.model.cargo.Cargo: void <init>(org.eclipse.cargotracker.domain.model.cargo.TrackingId,org.eclipse.cargotracker.domain.model.cargo.RouteSpecification)> :: $r5 = virtualinvoke r3.<org.eclipse.cargotracker.domain.model.cargo.RouteSpecification: org.eclipse.cargotracker.domain.model.location.Location getOrigin()>()"
org.eclipse.cargotracker.domain.model.cargo.Cargo,org.eclipse.cargotracker.domain.model.cargo.Delivery,call,2,method_call,"<org.eclipse.cargotracker.domain.model.cargo.Cargo: void <init>(org.eclipse.cargotracker.domain.model.cargo.TrackingId,org.eclipse.cargotracker.domain.model.cargo.RouteSpecification)> :: $r9 = staticinvoke <org.eclipse.cargotracker.domain.model.cargo.Delivery: org.eclipse.cargotracker.domain.model.cargo.Delivery derivedFrom(org.eclipse.cargotracker.domain.model.cargo.RouteSpecification,org.eclipse.cargotracker.domain.model.cargo.Itinerary,org.eclipse.cargotracker.domain.model.handling.HandlingHistory)>($r8, $r7, $r6)"
org.eclipse.cargotracker.domain.model.cargo.Cargo,org.eclipse.cargotracker.domain.shared.DomainObjectUtils,call,2,method_call,"<org.eclipse.cargotracker.domain.model.cargo.Cargo: org.eclipse.cargotracker.domain.model.cargo.Itinerary getItinerary()> :: $r3 = staticinvoke <org.eclipse.cargotracker.domain.shared.DomainObjectUtils: java.lang.Object nullSafe(java.lang.Object,java.lang.Object)>($r2, $r1)"
org.eclipse.cargotracker.domain.model.cargo.Cargo,org.eclipse.cargotracker.domain.model.cargo.Delivery,call,2,method_call,"<org.eclipse.cargotracker.domain.model.cargo.Cargo: void specifyNewRoute(org.eclipse.cargotracker.domain.model.cargo.RouteSpecification)> :: $r6 = virtualinvoke $r5.<org.eclipse.cargotracker.domain.model.cargo.Delivery: org.eclipse.cargotracker.domain.model.cargo.Delivery updateOnRouting(org.eclipse.cargotracker.domain.model.cargo.RouteSpecification,org.eclipse.cargotracker.domain.model.cargo.Itinerary)>($r4, $r3)"
org.eclipse.cargotracker.domain.model.cargo.Cargo,org.eclipse.cargotracker.domain.model.cargo.Delivery,call,2,method_call,"<org.eclipse.cargotracker.domain.model.cargo.Cargo: void assignToRoute(org.eclipse.cargotracker.domain.model.cargo.Itinerary)> :: $r6 = virtualinvoke $r5.<org.eclipse.cargotracker.domain.model.cargo.Delivery: org.eclipse.cargotracker.domain.model.cargo.Delivery updateOnRouting(org.eclipse.cargotracker.domain.model.cargo.RouteSpecification,org.eclipse.cargotracker.domain.model.cargo.Itinerary)>($r4, $r3)"
org.eclipse.cargotracker.domain.model.cargo.Cargo,org.eclipse.cargotracker.domain.model.cargo.Delivery,call,2,method_call,"<org.eclipse.cargotracker.domain.model.cargo.Cargo: void deriveDeliveryProgress(org.eclipse.cargotracker.domain.model.handling.HandlingHistory)> :: $r4 = staticinvoke <org.eclipse.cargotracker.domain.model.cargo.Delivery: org.eclipse.cargotracker.domain.model.cargo.Delivery derivedFrom(org.eclipse.cargotracker.domain.model.cargo.RouteSpecification,org.eclipse.cargotracker.domain.model.cargo.Itinerary,org.eclipse.cargotracker.domain.model.handling.HandlingHistory)>($r3, $r2, r1)"
org.eclipse.cargotracker.domain.model.cargo.Cargo,org.eclipse.cargotracker.domain.model.cargo.TrackingId,call,2,method_call,<org.eclipse.cargotracker.domain.model.cargo.Cargo: boolean sameIdentityAs(org.eclipse.cargotracker.domain.model.cargo.Cargo)> :: $z0 = virtualinvoke $r3.<org.eclipse.cargotracker.domain.model.cargo.TrackingId: boolean sameValueAs(org.eclipse.cargotracker.domain.model.cargo.TrackingId)>($r2)
org.eclipse.cargotracker.domain.model.cargo.Cargo,org.eclipse.cargotracker.domain.model.cargo.TrackingId,call,2,method_call,<org.eclipse.cargotracker.domain.model.cargo.Cargo: int hashCode()> :: $i0 = virtualinvoke $r1.<org.eclipse.cargotracker.domain.model.cargo.TrackingId: int hashCode()>()
org.eclipse.cargotracker.domain.model.cargo.Cargo,org.eclipse.cargotracker.domain.model.cargo.TrackingId,call,2,method_call,<org.eclipse.cargotracker.domain.model.cargo.Cargo: java.lang.String toString()> :: $r2 = virtualinvoke $r1.<org.eclipse.cargotracker.domain.model.cargo.TrackingId: java.lang.String toString()>()
org.eclipse.cargotracker.domain.model.cargo.CargoRepository,org.eclipse.cargotracker.domain.model.cargo.Cargo,type,1,method_return_type_reference,<org.eclipse.cargotracker.domain.model.cargo.CargoRepository: org.eclipse.cargotracker.domain.model.cargo.Cargo find(org.eclipse.cargotracker.domain.model.cargo.TrackingId)>
org.eclipse.cargotracker.domain.model.cargo.CargoRepository,org.eclipse.cargotracker.domain.model.cargo.TrackingId,type,1,method_parameter_type_reference,<org.eclipse.cargotracker.domain.model.cargo.CargoRepository: org.eclipse.cargotracker.domain.model.cargo.Cargo find(org.eclipse.cargotracker.domain.model.cargo.TrackingId)>
org.eclipse.cargotracker.domain.model.cargo.CargoRepository,org.eclipse.cargotracker.domain.model.cargo.Cargo,type,1,method_parameter_type_reference,<org.eclipse.cargotracker.domain.model.cargo.CargoRepository: void store(org.eclipse.cargotracker.domain.model.cargo.Cargo)>
org.eclipse.cargotracker.domain.model.cargo.CargoRepository,org.eclipse.cargotracker.domain.model.cargo.TrackingId,type,1,method_return_type_reference,<org.eclipse.cargotracker.domain.model.cargo.CargoRepository: org.eclipse.cargotracker.domain.model.cargo.TrackingId nextTrackingId()>
org.eclipse.cargotracker.domain.model.cargo.Delivery,org.eclipse.cargotracker.domain.model.cargo.HandlingActivity,type,1,field_type_reference,org.eclipse.cargotracker.domain.model.cargo.Delivery.NO_ACTIVITY
org.eclipse.cargotracker.domain.model.cargo.Delivery,org.eclipse.cargotracker.domain.model.cargo.TransportStatus,type,1,field_type_reference,org.eclipse.cargotracker.domain.model.cargo.Delivery.transportStatus
org.eclipse.cargotracker.domain.model.cargo.Delivery,org.eclipse.cargotracker.domain.model.location.Location,type,1,field_type_reference,org.eclipse.cargotracker.domain.model.cargo.Delivery.lastKnownLocation
org.eclipse.cargotracker.domain.model.cargo.Delivery,org.eclipse.cargotracker.domain.model.voyage.Voyage,type,1,field_type_reference,org.eclipse.cargotracker.domain.model.cargo.Delivery.currentVoyage
org.eclipse.cargotracker.domain.model.cargo.Delivery,org.eclipse.cargotracker.domain.model.cargo.HandlingActivity,type,1,field_type_reference,org.eclipse.cargotracker.domain.model.cargo.Delivery.nextExpectedActivity
org.eclipse.cargotracker.domain.model.cargo.Delivery,org.eclipse.cargotracker.domain.model.cargo.RoutingStatus,type,1,field_type_reference,org.eclipse.cargotracker.domain.model.cargo.Delivery.routingStatus
org.eclipse.cargotracker.domain.model.cargo.Delivery,org.eclipse.cargotracker.domain.model.handling.HandlingEvent,type,1,field_type_reference,org.eclipse.cargotracker.domain.model.cargo.Delivery.lastEvent
org.eclipse.cargotracker.domain.model.cargo.Delivery,org.eclipse.cargotracker.domain.model.handling.HandlingEvent,type,1,method_parameter_type_reference,"<org.eclipse.cargotracker.domain.model.cargo.Delivery: void <init>(org.eclipse.cargotracker.domain.model.handling.HandlingEvent,org.eclipse.cargotracker.domain.model.cargo.Itinerary,org.eclipse.cargotracker.domain.model.cargo.RouteSpecification)>"
org.eclipse.cargotracker.domain.model.cargo.Delivery,org.eclipse.cargotracker.domain.model.cargo.Itinerary,type,1,method_parameter_type_reference,"<org.eclipse.cargotracker.domain.model.cargo.Delivery: void <init>(org.eclipse.cargotracker.domain.model.handling.HandlingEvent,org.eclipse.cargotracker.domain.model.cargo.Itinerary,org.eclipse.cargotracker.domain.model.cargo.RouteSpecification)>"
org.eclipse.cargotracker.domain.model.cargo.Delivery,org.eclipse.cargotracker.domain.model.cargo.RouteSpecification,type,1,method_parameter_type_reference,"<org.eclipse.cargotracker.domain.model.cargo.Delivery: void <init>(org.eclipse.cargotracker.domain.model.handling.HandlingEvent,org.eclipse.cargotracker.domain.model.cargo.Itinerary,org.eclipse.cargotracker.domain.model.cargo.RouteSpecification)>"
org.eclipse.cargotracker.domain.model.cargo.Delivery,org.eclipse.cargotracker.domain.model.cargo.RouteSpecification,type,1,method_parameter_type_reference,"<org.eclipse.cargotracker.domain.model.cargo.Delivery: org.eclipse.cargotracker.domain.model.cargo.Delivery derivedFrom(org.eclipse.cargotracker.domain.model.cargo.RouteSpecification,org.eclipse.cargotracker.domain.model.cargo.Itinerary,org.eclipse.cargotracker.domain.model.handling.HandlingHistory)>"
org.eclipse.cargotracker.domain.model.cargo.Delivery,org.eclipse.cargotracker.domain.model.cargo.Itinerary,type,1,method_parameter_type_reference,"<org.eclipse.cargotracker.domain.model.cargo.Delivery: org.eclipse.cargotracker.domain.model.cargo.Delivery derivedFrom(org.eclipse.cargotracker.domain.model.cargo.RouteSpecification,org.eclipse.cargotracker.domain.model.cargo.Itinerary,org.eclipse.cargotracker.domain.model.handling.HandlingHistory)>"
org.eclipse.cargotracker.domain.model.cargo.Delivery,org.eclipse.cargotracker.domain.model.handling.HandlingHistory,type,1,method_parameter_type_reference,"<org.eclipse.cargotracker.domain.model.cargo.Delivery: org.eclipse.cargotracker.domain.model.cargo.Delivery derivedFrom(org.eclipse.cargotracker.domain.model.cargo.RouteSpecification,org.eclipse.cargotracker.domain.model.cargo.Itinerary,org.eclipse.cargotracker.domain.model.handling.HandlingHistory)>"
org.eclipse.cargotracker.domain.model.cargo.Delivery,org.eclipse.cargotracker.domain.model.cargo.RouteSpecification,type,1,method_parameter_type_reference,"<org.eclipse.cargotracker.domain.model.cargo.Delivery: org.eclipse.cargotracker.domain.model.cargo.Delivery updateOnRouting(org.eclipse.cargotracker.domain.model.cargo.RouteSpecification,org.eclipse.cargotracker.domain.model.cargo.Itinerary)>"
org.eclipse.cargotracker.domain.model.cargo.Delivery,org.eclipse.cargotracker.domain.model.cargo.Itinerary,type,1,method_parameter_type_reference,"<org.eclipse.cargotracker.domain.model.cargo.Delivery: org.eclipse.cargotracker.domain.model.cargo.Delivery updateOnRouting(org.eclipse.cargotracker.domain.model.cargo.RouteSpecification,org.eclipse.cargotracker.domain.model.cargo.Itinerary)>"
org.eclipse.cargotracker.domain.model.cargo.Delivery,org.eclipse.cargotracker.domain.model.cargo.TransportStatus,type,1,method_return_type_reference,<org.eclipse.cargotracker.domain.model.cargo.Delivery: org.eclipse.cargotracker.domain.model.cargo.TransportStatus getTransportStatus()>
org.eclipse.cargotracker.domain.model.cargo.Delivery,org.eclipse.cargotracker.domain.model.cargo.TransportStatus,type,1,method_parameter_type_reference,<org.eclipse.cargotracker.domain.model.cargo.Delivery: void setTransportStatus(org.eclipse.cargotracker.domain.model.cargo.TransportStatus)>
org.eclipse.cargotracker.domain.model.cargo.Delivery,org.eclipse.cargotracker.domain.model.location.Location,type,1,method_return_type_reference,<org.eclipse.cargotracker.domain.model.cargo.Delivery: org.eclipse.cargotracker.domain.model.location.Location getLastKnownLocation()>
org.eclipse.cargotracker.domain.model.cargo.Delivery,org.eclipse.cargotracker.domain.model.location.Location,type,1,method_parameter_type_reference,<org.eclipse.cargotracker.domain.model.cargo.Delivery: void setLastKnownLocation(org.eclipse.cargotracker.domain.model.location.Location)>
org.eclipse.cargotracker.domain.model.cargo.Delivery,org.eclipse.cargotracker.domain.model.handling.HandlingEvent,type,1,method_parameter_type_reference,<org.eclipse.cargotracker.domain.model.cargo.Delivery: void setLastEvent(org.eclipse.cargotracker.domain.model.handling.HandlingEvent)>
org.eclipse.cargotracker.domain.model.cargo.Delivery,org.eclipse.cargotracker.domain.model.voyage.Voyage,type,1,method_return_type_reference,<org.eclipse.cargotracker.domain.model.cargo.Delivery: org.eclipse.cargotracker.domain.model.voyage.Voyage getCurrentVoyage()>
org.eclipse.cargotracker.domain.model.cargo.Delivery,org.eclipse.cargotracker.domain.model.cargo.HandlingActivity,type,1,method_return_type_reference,<org.eclipse.cargotracker.domain.model.cargo.Delivery: org.eclipse.cargotracker.domain.model.cargo.HandlingActivity getNextExpectedActivity()>
org.eclipse.cargotracker.domain.model.cargo.Delivery,org.eclipse.cargotracker.domain.model.cargo.RoutingStatus,type,1,method_return_type_reference,<org.eclipse.cargotracker.domain.model.cargo.Delivery: org.eclipse.cargotracker.domain.model.cargo.RoutingStatus getRoutingStatus()>
org.eclipse.cargotracker.domain.model.cargo.Delivery,org.eclipse.cargotracker.domain.model.cargo.RoutingStatus,type,1,method_parameter_type_reference,<org.eclipse.cargotracker.domain.model.cargo.Delivery: void setRoutingStatus(org.eclipse.cargotracker.domain.model.cargo.RoutingStatus)>
org.eclipse.cargotracker.domain.model.cargo.Delivery,org.eclipse.cargotracker.domain.model.cargo.TransportStatus,type,1,method_return_type_reference,<org.eclipse.cargotracker.domain.model.cargo.Delivery: org.eclipse.cargotracker.domain.model.cargo.TransportStatus calculateTransportStatus()>
org.eclipse.cargotracker.domain.model.cargo.Delivery,org.eclipse.cargotracker.domain.model.location.Location,type,1,method_return_type_reference,<org.eclipse.cargotracker.domain.model.cargo.Delivery: org.eclipse.cargotracker.domain.model.location.Location calculateLastKnownLocation()>
org.eclipse.cargotracker.domain.model.cargo.Delivery,org.eclipse.cargotracker.domain.model.voyage.Voyage,type,1,method_return_type_reference,<org.eclipse.cargotracker.domain.model.cargo.Delivery: org.eclipse.cargotracker.domain.model.voyage.Voyage calculateCurrentVoyage()>
org.eclipse.cargotracker.domain.model.cargo.Delivery,org.eclipse.cargotracker.domain.model.cargo.Itinerary,type,1,method_parameter_type_reference,<org.eclipse.cargotracker.domain.model.cargo.Delivery: boolean calculateMisdirectionStatus(org.eclipse.cargotracker.domain.model.cargo.Itinerary)>
org.eclipse.cargotracker.domain.model.cargo.Delivery,org.eclipse.cargotracker.domain.model.cargo.Itinerary,type,1,method_parameter_type_reference,<org.eclipse.cargotracker.domain.model.cargo.Delivery: java.time.LocalDateTime calculateEta(org.eclipse.cargotracker.domain.model.cargo.Itinerary)>
org.eclipse.cargotracker.domain.model.cargo.Delivery,org.eclipse.cargotracker.domain.model.cargo.HandlingActivity,type,1,method_return_type_reference,"<org.eclipse.cargotracker.domain.model.cargo.Delivery: org.eclipse.cargotracker.domain.model.cargo.HandlingActivity calculateNextExpectedActivity(org.eclipse.cargotracker.domain.model.cargo.RouteSpecification,org.eclipse.cargotracker.domain.model.cargo.Itinerary)>"
org.eclipse.cargotracker.domain.model.cargo.Delivery,org.eclipse.cargotracker.domain.model.cargo.RouteSpecification,type,1,method_parameter_type_reference,"<org.eclipse.cargotracker.domain.model.cargo.Delivery: org.eclipse.cargotracker.domain.model.cargo.HandlingActivity calculateNextExpectedActivity(org.eclipse.cargotracker.domain.model.cargo.RouteSpecification,org.eclipse.cargotracker.domain.model.cargo.Itinerary)>"
org.eclipse.cargotracker.domain.model.cargo.Delivery,org.eclipse.cargotracker.domain.model.cargo.Itinerary,type,1,method_parameter_type_reference,"<org.eclipse.cargotracker.domain.model.cargo.Delivery: org.eclipse.cargotracker.domain.model.cargo.HandlingActivity calculateNextExpectedActivity(org.eclipse.cargotracker.domain.model.cargo.RouteSpecification,org.eclipse.cargotracker.domain.model.cargo.Itinerary)>"
org.eclipse.cargotracker.domain.model.cargo.Delivery,org.eclipse.cargotracker.domain.model.cargo.RoutingStatus,type,1,method_return_type_reference,"<org.eclipse.cargotracker.domain.model.cargo.Delivery: org.eclipse.cargotracker.domain.model.cargo.RoutingStatus calculateRoutingStatus(org.eclipse.cargotracker.domain.model.cargo.Itinerary,org.eclipse.cargotracker.domain.model.cargo.RouteSpecification)>"
org.eclipse.cargotracker.domain.model.cargo.Delivery,org.eclipse.cargotracker.domain.model.cargo.Itinerary,type,1,method_parameter_type_reference,"<org.eclipse.cargotracker.domain.model.cargo.Delivery: org.eclipse.cargotracker.domain.model.cargo.RoutingStatus calculateRoutingStatus(org.eclipse.cargotracker.domain.model.cargo.Itinerary,org.eclipse.cargotracker.domain.model.cargo.RouteSpecification)>"
org.eclipse.cargotracker.domain.model.cargo.Delivery,org.eclipse.cargotracker.domain.model.cargo.RouteSpecification,type,1,method_parameter_type_reference,"<org.eclipse.cargotracker.domain.model.cargo.Delivery: org.eclipse.cargotracker.domain.model.cargo.RoutingStatus calculateRoutingStatus(org.eclipse.cargotracker.domain.model.cargo.Itinerary,org.eclipse.cargotracker.domain.model.cargo.RouteSpecification)>"
org.eclipse.cargotracker.domain.model.cargo.Delivery,org.eclipse.cargotracker.domain.model.cargo.RouteSpecification,type,1,method_parameter_type_reference,<org.eclipse.cargotracker.domain.model.cargo.Delivery: boolean calculateUnloadedAtDestination(org.eclipse.cargotracker.domain.model.cargo.RouteSpecification)>
org.eclipse.cargotracker.domain.model.cargo.Delivery,org.eclipse.cargotracker.domain.model.handling.HandlingHistory,call,2,method_call,"<org.eclipse.cargotracker.domain.model.cargo.Delivery: org.eclipse.cargotracker.domain.model.cargo.Delivery derivedFrom(org.eclipse.cargotracker.domain.model.cargo.RouteSpecification,org.eclipse.cargotracker.domain.model.cargo.Itinerary,org.eclipse.cargotracker.domain.model.handling.HandlingHistory)> :: r4 = virtualinvoke r2.<org.eclipse.cargotracker.domain.model.handling.HandlingHistory: org.eclipse.cargotracker.domain.model.handling.HandlingEvent getMostRecentlyCompletedEvent()>()"
org.eclipse.cargotracker.domain.model.cargo.Delivery,org.eclipse.cargotracker.domain.shared.DomainObjectUtils,call,2,method_call,"<org.eclipse.cargotracker.domain.model.cargo.Delivery: org.eclipse.cargotracker.domain.model.location.Location getLastKnownLocation()> :: $r3 = staticinvoke <org.eclipse.cargotracker.domain.shared.DomainObjectUtils: java.lang.Object nullSafe(java.lang.Object,java.lang.Object)>($r2, $r1)"
org.eclipse.cargotracker.domain.model.cargo.Delivery,org.eclipse.cargotracker.domain.shared.DomainObjectUtils,call,2,method_call,"<org.eclipse.cargotracker.domain.model.cargo.Delivery: org.eclipse.cargotracker.domain.model.voyage.Voyage getCurrentVoyage()> :: $r3 = staticinvoke <org.eclipse.cargotracker.domain.shared.DomainObjectUtils: java.lang.Object nullSafe(java.lang.Object,java.lang.Object)>($r2, $r1)"
org.eclipse.cargotracker.domain.model.cargo.Delivery,org.eclipse.cargotracker.domain.model.handling.HandlingEvent,call,2,method_call,<org.eclipse.cargotracker.domain.model.cargo.Delivery: org.eclipse.cargotracker.domain.model.cargo.TransportStatus calculateTransportStatus()> :: $r4 = virtualinvoke $r2.<org.eclipse.cargotracker.domain.model.handling.HandlingEvent: org.eclipse.cargotracker.domain.model.handling.HandlingEvent$Type getType()>()
org.eclipse.cargotracker.domain.model.cargo.Delivery,org.eclipse.cargotracker.domain.model.handling.HandlingEvent,call,2,method_call,<org.eclipse.cargotracker.domain.model.cargo.Delivery: org.eclipse.cargotracker.domain.model.location.Location calculateLastKnownLocation()> :: $r3 = virtualinvoke $r2.<org.eclipse.cargotracker.domain.model.handling.HandlingEvent: org.eclipse.cargotracker.domain.model.location.Location getLocation()>()
org.eclipse.cargotracker.domain.model.cargo.Delivery,org.eclipse.cargotracker.domain.model.handling.HandlingEvent,call,2,method_call,<org.eclipse.cargotracker.domain.model.cargo.Delivery: org.eclipse.cargotracker.domain.model.voyage.Voyage calculateCurrentVoyage()> :: $r5 = virtualinvoke $r4.<org.eclipse.cargotracker.domain.model.handling.HandlingEvent: org.eclipse.cargotracker.domain.model.voyage.Voyage getVoyage()>()
org.eclipse.cargotracker.domain.model.cargo.Delivery,org.eclipse.cargotracker.domain.model.cargo.Itinerary,call,2,method_call,<org.eclipse.cargotracker.domain.model.cargo.Delivery: boolean calculateMisdirectionStatus(org.eclipse.cargotracker.domain.model.cargo.Itinerary)> :: $z0 = virtualinvoke r2.<org.eclipse.cargotracker.domain.model.cargo.Itinerary: boolean isExpected(org.eclipse.cargotracker.domain.model.handling.HandlingEvent)>($r3)
org.eclipse.cargotracker.domain.model.cargo.Delivery,org.eclipse.cargotracker.domain.model.cargo.Itinerary,call,2,method_call,<org.eclipse.cargotracker.domain.model.cargo.Delivery: java.time.LocalDateTime calculateEta(org.eclipse.cargotracker.domain.model.cargo.Itinerary)> :: $r4 = virtualinvoke r2.<org.eclipse.cargotracker.domain.model.cargo.Itinerary: java.time.LocalDateTime getFinalArrivalDate()>()
org.eclipse.cargotracker.domain.model.cargo.Delivery,org.eclipse.cargotracker.domain.model.cargo.RouteSpecification,call,2,method_call,"<org.eclipse.cargotracker.domain.model.cargo.Delivery: org.eclipse.cargotracker.domain.model.cargo.HandlingActivity calculateNextExpectedActivity(org.eclipse.cargotracker.domain.model.cargo.RouteSpecification,org.eclipse.cargotracker.domain.model.cargo.Itinerary)> :: $r42 = virtualinvoke r40.<org.eclipse.cargotracker.domain.model.cargo.RouteSpecification: org.eclipse.cargotracker.domain.model.location.Location getOrigin()>()"
org.eclipse.cargotracker.domain.model.cargo.Delivery,org.eclipse.cargotracker.domain.model.cargo.HandlingActivity,call,2,method_call,"<org.eclipse.cargotracker.domain.model.cargo.Delivery: org.eclipse.cargotracker.domain.model.cargo.HandlingActivity calculateNextExpectedActivity(org.eclipse.cargotracker.domain.model.cargo.RouteSpecification,org.eclipse.cargotracker.domain.model.cargo.Itinerary)> :: specialinvoke $r39.<org.eclipse.cargotracker.domain.model.cargo.HandlingActivity: void <init>(org.eclipse.cargotracker.domain.model.handling.HandlingEvent$Type,org.eclipse.cargotracker.domain.model.location.Location)>($r41, $r42)"
org.eclipse.cargotracker.domain.model.cargo.Delivery,org.eclipse.cargotracker.domain.model.handling.HandlingEvent,call,2,method_call,"<org.eclipse.cargotracker.domain.model.cargo.Delivery: org.eclipse.cargotracker.domain.model.cargo.HandlingActivity calculateNextExpectedActivity(org.eclipse.cargotracker.domain.model.cargo.RouteSpecification,org.eclipse.cargotracker.domain.model.cargo.Itinerary)> :: $r4 = virtualinvoke $r2.<org.eclipse.cargotracker.domain.model.handling.HandlingEvent: org.eclipse.cargotracker.domain.model.handling.HandlingEvent$Type getType()>()"
org.eclipse.cargotracker.domain.model.cargo.Delivery,org.eclipse.cargotracker.domain.model.cargo.Itinerary,call,2,method_call,"<org.eclipse.cargotracker.domain.model.cargo.Delivery: org.eclipse.cargotracker.domain.model.cargo.HandlingActivity calculateNextExpectedActivity(org.eclipse.cargotracker.domain.model.cargo.RouteSpecification,org.eclipse.cargotracker.domain.model.cargo.Itinerary)> :: $r28 = virtualinvoke r5.<org.eclipse.cargotracker.domain.model.cargo.Itinerary: java.util.List getLegs()>()"
org.eclipse.cargotracker.domain.model.cargo.Delivery,org.eclipse.cargotracker.domain.model.cargo.Leg,call,2,method_call,"<org.eclipse.cargotracker.domain.model.cargo.Delivery: org.eclipse.cargotracker.domain.model.cargo.HandlingActivity calculateNextExpectedActivity(org.eclipse.cargotracker.domain.model.cargo.RouteSpecification,org.eclipse.cargotracker.domain.model.cargo.Itinerary)> :: $r33 = virtualinvoke r45.<org.eclipse.cargotracker.domain.model.cargo.Leg: org.eclipse.cargotracker.domain.model.location.Location getLoadLocation()>()"
org.eclipse.cargotracker.domain.model.cargo.Delivery,org.eclipse.cargotracker.domain.model.handling.HandlingEvent,call,2,method_call,"<org.eclipse.cargotracker.domain.model.cargo.Delivery: org.eclipse.cargotracker.domain.model.cargo.HandlingActivity calculateNextExpectedActivity(org.eclipse.cargotracker.domain.model.cargo.RouteSpecification,org.eclipse.cargotracker.domain.model.cargo.Itinerary)> :: $r32 = virtualinvoke $r31.<org.eclipse.cargotracker.domain.model.handling.HandlingEvent: org.eclipse.cargotracker.domain.model.location.Location getLocation()>()"
org.eclipse.cargotracker.domain.model.cargo.Delivery,org.eclipse.cargotracker.domain.model.location.Location,call,2,method_call,"<org.eclipse.cargotracker.domain.model.cargo.Delivery: org.eclipse.cargotracker.domain.model.cargo.HandlingActivity calculateNextExpectedActivity(org.eclipse.cargotracker.domain.model.cargo.RouteSpecification,org.eclipse.cargotracker.domain.model.cargo.Itinerary)> :: $z5 = virtualinvoke $r33.<org.eclipse.cargotracker.domain.model.location.Location: boolean sameIdentityAs(org.eclipse.cargotracker.domain.model.location.Location)>($r32)"
org.eclipse.cargotracker.domain.model.cargo.Delivery,org.eclipse.cargotracker.domain.model.cargo.Leg,call,2,method_call,"<org.eclipse.cargotracker.domain.model.cargo.Delivery: org.eclipse.cargotracker.domain.model.cargo.HandlingActivity calculateNextExpectedActivity(org.eclipse.cargotracker.domain.model.cargo.RouteSpecification,org.eclipse.cargotracker.domain.model.cargo.Itinerary)> :: $r37 = virtualinvoke r45.<org.eclipse.cargotracker.domain.model.cargo.Leg: org.eclipse.cargotracker.domain.model.location.Location getUnloadLocation()>()"
org.eclipse.cargotracker.domain.model.cargo.Delivery,org.eclipse.cargotracker.domain.model.cargo.Leg,call,2,method_call,"<org.eclipse.cargotracker.domain.model.cargo.Delivery: org.eclipse.cargotracker.domain.model.cargo.HandlingActivity calculateNextExpectedActivity(org.eclipse.cargotracker.domain.model.cargo.RouteSpecification,org.eclipse.cargotracker.domain.model.cargo.Itinerary)> :: $r36 = virtualinvoke r45.<org.eclipse.cargotracker.domain.model.cargo.Leg: org.eclipse.cargotracker.domain.model.voyage.Voyage getVoyage()>()"
org.eclipse.cargotracker.domain.model.cargo.Delivery,org.eclipse.cargotracker.domain.model.cargo.HandlingActivity,call,2,method_call,"<org.eclipse.cargotracker.domain.model.cargo.Delivery: org.eclipse.cargotracker.domain.model.cargo.HandlingActivity calculateNextExpectedActivity(org.eclipse.cargotracker.domain.model.cargo.RouteSpecification,org.eclipse.cargotracker.domain.model.cargo.Itinerary)> :: specialinvoke $r34.<org.eclipse.cargotracker.domain.model.cargo.HandlingActivity: void <init>(org.eclipse.cargotracker.domain.model.handling.HandlingEvent$Type,org.eclipse.cargotracker.domain.model.location.Location,org.eclipse.cargotracker.domain.model.voyage.Voyage)>($r35, $r37, $r36)"
org.eclipse.cargotracker.domain.model.cargo.Delivery,org.eclipse.cargotracker.domain.model.cargo.Itinerary,call,2,method_call,"<org.eclipse.cargotracker.domain.model.cargo.Delivery: org.eclipse.cargotracker.domain.model.cargo.HandlingActivity calculateNextExpectedActivity(org.eclipse.cargotracker.domain.model.cargo.RouteSpecification,org.eclipse.cargotracker.domain.model.cargo.Itinerary)> :: $r13 = virtualinvoke r5.<org.eclipse.cargotracker.domain.model.cargo.Itinerary: java.util.List getLegs()>()"
org.eclipse.cargotracker.domain.model.cargo.Delivery,org.eclipse.cargotracker.domain.model.cargo.Leg,call,2,method_call,"<org.eclipse.cargotracker.domain.model.cargo.Delivery: org.eclipse.cargotracker.domain.model.cargo.HandlingActivity calculateNextExpectedActivity(org.eclipse.cargotracker.domain.model.cargo.RouteSpecification,org.eclipse.cargotracker.domain.model.cargo.Itinerary)> :: $r18 = virtualinvoke r47.<org.eclipse.cargotracker.domain.model.cargo.Leg: org.eclipse.cargotracker.domain.model.location.Location getUnloadLocation()>()"
org.eclipse.cargotracker.domain.model.cargo.Delivery,org.eclipse.cargotracker.domain.model.handling.HandlingEvent,call,2,method_call,"<org.eclipse.cargotracker.domain.model.cargo.Delivery: org.eclipse.cargotracker.domain.model.cargo.HandlingActivity calculateNextExpectedActivity(org.eclipse.cargotracker.domain.model.cargo.RouteSpecification,org.eclipse.cargotracker.domain.model.cargo.Itinerary)> :: $r17 = virtualinvoke $r16.<org.eclipse.cargotracker.domain.model.handling.HandlingEvent: org.eclipse.cargotracker.domain.model.location.Location getLocation()>()"
org.eclipse.cargotracker.domain.model.cargo.Delivery,org.eclipse.cargotracker.domain.model.location.Location,call,2,method_call,"<org.eclipse.cargotracker.domain.model.cargo.Delivery: org.eclipse.cargotracker.domain.model.cargo.HandlingActivity calculateNextExpectedActivity(org.eclipse.cargotracker.domain.model.cargo.RouteSpecification,org.eclipse.cargotracker.domain.model.cargo.Itinerary)> :: $z2 = virtualinvoke $r18.<org.eclipse.cargotracker.domain.model.location.Location: boolean sameIdentityAs(org.eclipse.cargotracker.domain.model.location.Location)>($r17)"
org.eclipse.cargotracker.domain.model.cargo.Delivery,org.eclipse.cargotracker.domain.model.cargo.Leg,call,2,method_call,"<org.eclipse.cargotracker.domain.model.cargo.Delivery: org.eclipse.cargotracker.domain.model.cargo.HandlingActivity calculateNextExpectedActivity(org.eclipse.cargotracker.domain.model.cargo.RouteSpecification,org.eclipse.cargotracker.domain.model.cargo.Itinerary)> :: $r27 = virtualinvoke r23.<org.eclipse.cargotracker.domain.model.cargo.Leg: org.eclipse.cargotracker.domain.model.location.Location getLoadLocation()>()"
org.eclipse.cargotracker.domain.model.cargo.Delivery,org.eclipse.cargotracker.domain.model.cargo.Leg,call,2,method_call,"<org.eclipse.cargotracker.domain.model.cargo.Delivery: org.eclipse.cargotracker.domain.model.cargo.HandlingActivity calculateNextExpectedActivity(org.eclipse.cargotracker.domain.model.cargo.RouteSpecification,org.eclipse.cargotracker.domain.model.cargo.Itinerary)> :: $r26 = virtualinvoke r23.<org.eclipse.cargotracker.domain.model.cargo.Leg: org.eclipse.cargotracker.domain.model.voyage.Voyage getVoyage()>()"
org.eclipse.cargotracker.domain.model.cargo.Delivery,org.eclipse.cargotracker.domain.model.cargo.HandlingActivity,call,2,method_call,"<org.eclipse.cargotracker.domain.model.cargo.Delivery: org.eclipse.cargotracker.domain.model.cargo.HandlingActivity calculateNextExpectedActivity(org.eclipse.cargotracker.domain.model.cargo.RouteSpecification,org.eclipse.cargotracker.domain.model.cargo.Itinerary)> :: specialinvoke $r24.<org.eclipse.cargotracker.domain.model.cargo.HandlingActivity: void <init>(org.eclipse.cargotracker.domain.model.handling.HandlingEvent$Type,org.eclipse.cargotracker.domain.model.location.Location,org.eclipse.cargotracker.domain.model.voyage.Voyage)>($r25, $r27, $r26)"
org.eclipse.cargotracker.domain.model.cargo.Delivery,org.eclipse.cargotracker.domain.model.cargo.Leg,call,2,method_call,"<org.eclipse.cargotracker.domain.model.cargo.Delivery: org.eclipse.cargotracker.domain.model.cargo.HandlingActivity calculateNextExpectedActivity(org.eclipse.cargotracker.domain.model.cargo.RouteSpecification,org.eclipse.cargotracker.domain.model.cargo.Itinerary)> :: $r21 = virtualinvoke r47.<org.eclipse.cargotracker.domain.model.cargo.Leg: org.eclipse.cargotracker.domain.model.location.Location getUnloadLocation()>()"
org.eclipse.cargotracker.domain.model.cargo.Delivery,org.eclipse.cargotracker.domain.model.cargo.HandlingActivity,call,2,method_call,"<org.eclipse.cargotracker.domain.model.cargo.Delivery: org.eclipse.cargotracker.domain.model.cargo.HandlingActivity calculateNextExpectedActivity(org.eclipse.cargotracker.domain.model.cargo.RouteSpecification,org.eclipse.cargotracker.domain.model.cargo.Itinerary)> :: specialinvoke $r19.<org.eclipse.cargotracker.domain.model.cargo.HandlingActivity: void <init>(org.eclipse.cargotracker.domain.model.handling.HandlingEvent$Type,org.eclipse.cargotracker.domain.model.location.Location)>($r20, $r21)"
org.eclipse.cargotracker.domain.model.cargo.Delivery,org.eclipse.cargotracker.domain.model.cargo.Itinerary,call,2,method_call,"<org.eclipse.cargotracker.domain.model.cargo.Delivery: org.eclipse.cargotracker.domain.model.cargo.HandlingActivity calculateNextExpectedActivity(org.eclipse.cargotracker.domain.model.cargo.RouteSpecification,org.eclipse.cargotracker.domain.model.cargo.Itinerary)> :: $r6 = virtualinvoke r5.<org.eclipse.cargotracker.domain.model.cargo.Itinerary: java.util.List getLegs()>()"
org.eclipse.cargotracker.domain.model.cargo.Delivery,org.eclipse.cargotracker.domain.model.cargo.Leg,call,2,method_call,"<org.eclipse.cargotracker.domain.model.cargo.Delivery: org.eclipse.cargotracker.domain.model.cargo.HandlingActivity calculateNextExpectedActivity(org.eclipse.cargotracker.domain.model.cargo.RouteSpecification,org.eclipse.cargotracker.domain.model.cargo.Itinerary)> :: $r12 = virtualinvoke r48.<org.eclipse.cargotracker.domain.model.cargo.Leg: org.eclipse.cargotracker.domain.model.location.Location getLoadLocation()>()"
org.eclipse.cargotracker.domain.model.cargo.Delivery,org.eclipse.cargotracker.domain.model.cargo.Leg,call,2,method_call,"<org.eclipse.cargotracker.domain.model.cargo.Delivery: org.eclipse.cargotracker.domain.model.cargo.HandlingActivity calculateNextExpectedActivity(org.eclipse.cargotracker.domain.model.cargo.RouteSpecification,org.eclipse.cargotracker.domain.model.cargo.Itinerary)> :: $r11 = virtualinvoke r48.<org.eclipse.cargotracker.domain.model.cargo.Leg: org.eclipse.cargotracker.domain.model.voyage.Voyage getVoyage()>()"
org.eclipse.cargotracker.domain.model.cargo.Delivery,org.eclipse.cargotracker.domain.model.cargo.HandlingActivity,call,2,method_call,"<org.eclipse.cargotracker.domain.model.cargo.Delivery: org.eclipse.cargotracker.domain.model.cargo.HandlingActivity calculateNextExpectedActivity(org.eclipse.cargotracker.domain.model.cargo.RouteSpecification,org.eclipse.cargotracker.domain.model.cargo.Itinerary)> :: specialinvoke $r9.<org.eclipse.cargotracker.domain.model.cargo.HandlingActivity: void <init>(org.eclipse.cargotracker.domain.model.handling.HandlingEvent$Type,org.eclipse.cargotracker.domain.model.location.Location,org.eclipse.cargotracker.domain.model.voyage.Voyage)>($r10, $r12, $r11)"
org.eclipse.cargotracker.domain.model.cargo.Delivery,org.eclipse.cargotracker.domain.model.cargo.RouteSpecification,call,2,method_call,"<org.eclipse.cargotracker.domain.model.cargo.Delivery: org.eclipse.cargotracker.domain.model.cargo.RoutingStatus calculateRoutingStatus(org.eclipse.cargotracker.domain.model.cargo.Itinerary,org.eclipse.cargotracker.domain.model.cargo.RouteSpecification)> :: $z0 = virtualinvoke r3.<org.eclipse.cargotracker.domain.model.cargo.RouteSpecification: boolean isSatisfiedBy(org.eclipse.cargotracker.domain.model.cargo.Itinerary)>(r0)"
org.eclipse.cargotracker.domain.model.cargo.Delivery,org.eclipse.cargotracker.domain.model.handling.HandlingEvent,call,2,method_call,<org.eclipse.cargotracker.domain.model.cargo.Delivery: boolean calculateUnloadedAtDestination(org.eclipse.cargotracker.domain.model.cargo.RouteSpecification)> :: $r4 = virtualinvoke $r2.<org.eclipse.cargotracker.domain.model.handling.HandlingEvent: org.eclipse.cargotracker.domain.model.handling.HandlingEvent$Type getType()>()
org.eclipse.cargotracker.domain.model.cargo.Delivery,org.eclipse.cargotracker.domain.model.handling.HandlingEvent$Type,call,2,method_call,<org.eclipse.cargotracker.domain.model.cargo.Delivery: boolean calculateUnloadedAtDestination(org.eclipse.cargotracker.domain.model.cargo.RouteSpecification)> :: $z0 = virtualinvoke $r3.<org.eclipse.cargotracker.domain.model.handling.HandlingEvent$Type: boolean sameValueAs(org.eclipse.cargotracker.domain.model.handling.HandlingEvent$Type)>($r4)
org.eclipse.cargotracker.domain.model.cargo.Delivery,org.eclipse.cargotracker.domain.model.cargo.RouteSpecification,call,2,method_call,<org.eclipse.cargotracker.domain.model.cargo.Delivery: boolean calculateUnloadedAtDestination(org.eclipse.cargotracker.domain.model.cargo.RouteSpecification)> :: $r8 = virtualinvoke r5.<org.eclipse.cargotracker.domain.model.cargo.RouteSpecification: org.eclipse.cargotracker.domain.model.location.Location getDestination()>()
org.eclipse.cargotracker.domain.model.cargo.Delivery,org.eclipse.cargotracker.domain.model.handling.HandlingEvent,call,2,method_call,<org.eclipse.cargotracker.domain.model.cargo.Delivery: boolean calculateUnloadedAtDestination(org.eclipse.cargotracker.domain.model.cargo.RouteSpecification)> :: $r7 = virtualinvoke $r6.<org.eclipse.cargotracker.domain.model.handling.HandlingEvent: org.eclipse.cargotracker.domain.model.location.Location getLocation()>()
org.eclipse.cargotracker.domain.model.cargo.Delivery,org.eclipse.cargotracker.domain.model.location.Location,call,2,method_call,<org.eclipse.cargotracker.domain.model.cargo.Delivery: boolean calculateUnloadedAtDestination(org.eclipse.cargotracker.domain.model.cargo.RouteSpecification)> :: $z1 = virtualinvoke $r8.<org.eclipse.cargotracker.domain.model.location.Location: boolean sameIdentityAs(org.eclipse.cargotracker.domain.model.location.Location)>($r7)
org.eclipse.cargotracker.domain.model.cargo.Delivery,org.eclipse.cargotracker.domain.model.cargo.HandlingActivity,call,2,method_call,<org.eclipse.cargotracker.domain.model.cargo.Delivery: void <clinit>()> :: specialinvoke $r0.<org.eclipse.cargotracker.domain.model.cargo.HandlingActivity: void <init>()>()
org.eclipse.cargotracker.domain.model.cargo.Delivery$1,org.eclipse.cargotracker.domain.model.handling.HandlingEvent$Type,call,2,method_call,<org.eclipse.cargotracker.domain.model.cargo.Delivery$1: void <clinit>()> :: $r0 = staticinvoke <org.eclipse.cargotracker.domain.model.handling.HandlingEvent$Type: org.eclipse.cargotracker.domain.model.handling.HandlingEvent$Type[] values()>()
org.eclipse.cargotracker.domain.model.cargo.HandlingActivity,org.eclipse.cargotracker.domain.model.handling.HandlingEvent$Type,type,1,field_type_reference,org.eclipse.cargotracker.domain.model.cargo.HandlingActivity.type
org.eclipse.cargotracker.domain.model.cargo.HandlingActivity,org.eclipse.cargotracker.domain.model.location.Location,type,1,field_type_reference,org.eclipse.cargotracker.domain.model.cargo.HandlingActivity.location
org.eclipse.cargotracker.domain.model.cargo.HandlingActivity,org.eclipse.cargotracker.domain.model.voyage.Voyage,type,1,field_type_reference,org.eclipse.cargotracker.domain.model.cargo.HandlingActivity.voyage
org.eclipse.cargotracker.domain.model.cargo.HandlingActivity,org.eclipse.cargotracker.domain.model.handling.HandlingEvent$Type,type,1,method_parameter_type_reference,"<org.eclipse.cargotracker.domain.model.cargo.HandlingActivity: void <init>(org.eclipse.cargotracker.domain.model.handling.HandlingEvent$Type,org.eclipse.cargotracker.domain.model.location.Location)>"
org.eclipse.cargotracker.domain.model.cargo.HandlingActivity,org.eclipse.cargotracker.domain.model.location.Location,type,1,method_parameter_type_reference,"<org.eclipse.cargotracker.domain.model.cargo.HandlingActivity: void <init>(org.eclipse.cargotracker.domain.model.handling.HandlingEvent$Type,org.eclipse.cargotracker.domain.model.location.Location)>"
org.eclipse.cargotracker.domain.model.cargo.HandlingActivity,org.eclipse.cargotracker.domain.model.handling.HandlingEvent$Type,type,1,method_parameter_type_reference,"<org.eclipse.cargotracker.domain.model.cargo.HandlingActivity: void <init>(org.eclipse.cargotracker.domain.model.handling.HandlingEvent$Type,org.eclipse.cargotracker.domain.model.location.Location,org.eclipse.cargotracker.domain.model.voyage.Voyage)>"
org.eclipse.cargotracker.domain.model.cargo.HandlingActivity,org.eclipse.cargotracker.domain.model.location.Location,type,1,method_parameter_type_reference,"<org.eclipse.cargotracker.domain.model.cargo.HandlingActivity: void <init>(org.eclipse.cargotracker.domain.model.handling.HandlingEvent$Type,org.eclipse.cargotracker.domain.model.location.Location,org.eclipse.cargotracker.domain.model.voyage.Voyage)>"
org.eclipse.cargotracker.domain.model.cargo.HandlingActivity,org.eclipse.cargotracker.domain.model.voyage.Voyage,type,1,method_parameter_type_reference,"<org.eclipse.cargotracker.domain.model.cargo.HandlingActivity: void <init>(org.eclipse.cargotracker.domain.model.handling.HandlingEvent$Type,org.eclipse.cargotracker.domain.model.location.Location,org.eclipse.cargotracker.domain.model.voyage.Voyage)>"
org.eclipse.cargotracker.domain.model.cargo.HandlingActivity,org.eclipse.cargotracker.domain.model.handling.HandlingEvent$Type,type,1,method_return_type_reference,<org.eclipse.cargotracker.domain.model.cargo.HandlingActivity: org.eclipse.cargotracker.domain.model.handling.HandlingEvent$Type getType()>
org.eclipse.cargotracker.domain.model.cargo.HandlingActivity,org.eclipse.cargotracker.domain.model.location.Location,type,1,method_return_type_reference,<org.eclipse.cargotracker.domain.model.cargo.HandlingActivity: org.eclipse.cargotracker.domain.model.location.Location getLocation()>
org.eclipse.cargotracker.domain.model.cargo.HandlingActivity,org.eclipse.cargotracker.domain.model.voyage.Voyage,type,1,method_return_type_reference,<org.eclipse.cargotracker.domain.model.cargo.HandlingActivity: org.eclipse.cargotracker.domain.model.voyage.Voyage getVoyage()>
org.eclipse.cargotracker.domain.model.cargo.Itinerary,org.eclipse.cargotracker.domain.model.handling.HandlingEvent,type,1,method_parameter_type_reference,<org.eclipse.cargotracker.domain.model.cargo.Itinerary: boolean isExpected(org.eclipse.cargotracker.domain.model.handling.HandlingEvent)>
org.eclipse.cargotracker.domain.model.cargo.Itinerary,org.eclipse.cargotracker.domain.model.location.Location,type,1,method_return_type_reference,<org.eclipse.cargotracker.domain.model.cargo.Itinerary: org.eclipse.cargotracker.domain.model.location.Location getInitialDepartureLocation()>
org.eclipse.cargotracker.domain.model.cargo.Itinerary,org.eclipse.cargotracker.domain.model.location.Location,type,1,method_return_type_reference,<org.eclipse.cargotracker.domain.model.cargo.Itinerary: org.eclipse.cargotracker.domain.model.location.Location getFinalArrivalLocation()>
org.eclipse.cargotracker.domain.model.cargo.Itinerary,org.eclipse.cargotracker.domain.model.cargo.Leg,type,1,method_return_type_reference,<org.eclipse.cargotracker.domain.model.cargo.Itinerary: org.eclipse.cargotracker.domain.model.cargo.Leg getLastLeg()>
org.eclipse.cargotracker.domain.model.cargo.Itinerary,org.eclipse.cargotracker.domain.model.handling.HandlingEvent,type,1,method_parameter_type_reference,"<org.eclipse.cargotracker.domain.model.cargo.Itinerary: boolean lambda$isExpected$1(org.eclipse.cargotracker.domain.model.handling.HandlingEvent,org.eclipse.cargotracker.domain.model.cargo.Leg)>"
org.eclipse.cargotracker.domain.model.cargo.Itinerary,org.eclipse.cargotracker.domain.model.cargo.Leg,type,1,method_parameter_type_reference,"<org.eclipse.cargotracker.domain.model.cargo.Itinerary: boolean lambda$isExpected$1(org.eclipse.cargotracker.domain.model.handling.HandlingEvent,org.eclipse.cargotracker.domain.model.cargo.Leg)>"
org.eclipse.cargotracker.domain.model.cargo.Itinerary,org.eclipse.cargotracker.domain.model.handling.HandlingEvent,type,1,method_parameter_type_reference,"<org.eclipse.cargotracker.domain.model.cargo.Itinerary: boolean lambda$isExpected$0(org.eclipse.cargotracker.domain.model.handling.HandlingEvent,org.eclipse.cargotracker.domain.model.cargo.Leg)>"
org.eclipse.cargotracker.domain.model.cargo.Itinerary,org.eclipse.cargotracker.domain.model.cargo.Leg,type,1,method_parameter_type_reference,"<org.eclipse.cargotracker.domain.model.cargo.Itinerary: boolean lambda$isExpected$0(org.eclipse.cargotracker.domain.model.handling.HandlingEvent,org.eclipse.cargotracker.domain.model.cargo.Leg)>"
org.eclipse.cargotracker.domain.model.cargo.Itinerary,org.eclipse.cargotracker.domain.model.handling.HandlingEvent,call,2,method_call,<org.eclipse.cargotracker.domain.model.cargo.Itinerary: boolean isExpected(org.eclipse.cargotracker.domain.model.handling.HandlingEvent)> :: $r4 = virtualinvoke r2.<org.eclipse.cargotracker.domain.model.handling.HandlingEvent: org.eclipse.cargotracker.domain.model.handling.HandlingEvent$Type getType()>()
org.eclipse.cargotracker.domain.model.cargo.Itinerary,org.eclipse.cargotracker.domain.model.cargo.Leg,call,2,method_call,<org.eclipse.cargotracker.domain.model.cargo.Itinerary: boolean isExpected(org.eclipse.cargotracker.domain.model.handling.HandlingEvent)> :: $r16 = virtualinvoke r18.<org.eclipse.cargotracker.domain.model.cargo.Leg: org.eclipse.cargotracker.domain.model.location.Location getLoadLocation()>()
org.eclipse.cargotracker.domain.model.cargo.Itinerary,org.eclipse.cargotracker.domain.model.handling.HandlingEvent,call,2,method_call,<org.eclipse.cargotracker.domain.model.cargo.Itinerary: boolean isExpected(org.eclipse.cargotracker.domain.model.handling.HandlingEvent)> :: $r15 = virtualinvoke r2.<org.eclipse.cargotracker.domain.model.handling.HandlingEvent: org.eclipse.cargotracker.domain.model.location.Location getLocation()>()
org.eclipse.cargotracker.domain.model.cargo.Itinerary,org.eclipse.cargotracker.domain.model.location.Location,call,2,method_call,<org.eclipse.cargotracker.domain.model.cargo.Itinerary: boolean isExpected(org.eclipse.cargotracker.domain.model.handling.HandlingEvent)> :: $z4 = virtualinvoke $r16.<org.eclipse.cargotracker.domain.model.location.Location: boolean equals(java.lang.Object)>($r15)
org.eclipse.cargotracker.domain.model.cargo.Itinerary,org.eclipse.cargotracker.domain.model.cargo.Leg,call,2,method_call,<org.eclipse.cargotracker.domain.model.cargo.Itinerary: boolean isExpected(org.eclipse.cargotracker.domain.model.handling.HandlingEvent)> :: $r6 = virtualinvoke r19.<org.eclipse.cargotracker.domain.model.cargo.Leg: org.eclipse.cargotracker.domain.model.location.Location getUnloadLocation()>()
org.eclipse.cargotracker.domain.model.cargo.Itinerary,org.eclipse.cargotracker.domain.model.handling.HandlingEvent,call,2,method_call,<org.eclipse.cargotracker.domain.model.cargo.Itinerary: boolean isExpected(org.eclipse.cargotracker.domain.model.handling.HandlingEvent)> :: $r5 = virtualinvoke r2.<org.eclipse.cargotracker.domain.model.handling.HandlingEvent: org.eclipse.cargotracker.domain.model.location.Location getLocation()>()
org.eclipse.cargotracker.domain.model.cargo.Itinerary,org.eclipse.cargotracker.domain.model.location.Location,call,2,method_call,<org.eclipse.cargotracker.domain.model.cargo.Itinerary: boolean isExpected(org.eclipse.cargotracker.domain.model.handling.HandlingEvent)> :: $z1 = virtualinvoke $r6.<org.eclipse.cargotracker.domain.model.location.Location: boolean equals(java.lang.Object)>($r5)
org.eclipse.cargotracker.domain.model.cargo.Itinerary,org.eclipse.cargotracker.domain.model.cargo.Leg,call,2,method_call,<org.eclipse.cargotracker.domain.model.cargo.Itinerary: org.eclipse.cargotracker.domain.model.location.Location getInitialDepartureLocation()> :: $r5 = virtualinvoke $r4.<org.eclipse.cargotracker.domain.model.cargo.Leg: org.eclipse.cargotracker.domain.model.location.Location getLoadLocation()>()
org.eclipse.cargotracker.domain.model.cargo.Itinerary,org.eclipse.cargotracker.domain.model.cargo.Leg,call,2,method_call,<org.eclipse.cargotracker.domain.model.cargo.Itinerary: org.eclipse.cargotracker.domain.model.location.Location getFinalArrivalLocation()> :: $r3 = virtualinvoke $r2.<org.eclipse.cargotracker.domain.model.cargo.Leg: org.eclipse.cargotracker.domain.model.location.Location getUnloadLocation()>()
org.eclipse.cargotracker.domain.model.cargo.Itinerary,org.eclipse.cargotracker.domain.model.cargo.Leg,call,2,method_call,<org.eclipse.cargotracker.domain.model.cargo.Itinerary: java.time.LocalDateTime getFinalArrivalDate()> :: $r2 = virtualinvoke r1.<org.eclipse.cargotracker.domain.model.cargo.Leg: java.time.LocalDateTime getUnloadTime()>()
org.eclipse.cargotracker.domain.model.cargo.Itinerary,org.eclipse.cargotracker.domain.model.cargo.Leg,call,2,method_call,"<org.eclipse.cargotracker.domain.model.cargo.Itinerary: boolean lambda$isExpected$1(org.eclipse.cargotracker.domain.model.handling.HandlingEvent,org.eclipse.cargotracker.domain.model.cargo.Leg)> :: $r3 = virtualinvoke r0.<org.eclipse.cargotracker.domain.model.cargo.Leg: org.eclipse.cargotracker.domain.model.location.Location getUnloadLocation()>()"
org.eclipse.cargotracker.domain.model.cargo.Itinerary,org.eclipse.cargotracker.domain.model.handling.HandlingEvent,call,2,method_call,"<org.eclipse.cargotracker.domain.model.cargo.Itinerary: boolean lambda$isExpected$1(org.eclipse.cargotracker.domain.model.handling.HandlingEvent,org.eclipse.cargotracker.domain.model.cargo.Leg)> :: $r2 = virtualinvoke r1.<org.eclipse.cargotracker.domain.model.handling.HandlingEvent: org.eclipse.cargotracker.domain.model.location.Location getLocation()>()"
org.eclipse.cargotracker.domain.model.cargo.Itinerary,org.eclipse.cargotracker.domain.model.location.Location,call,2,method_call,"<org.eclipse.cargotracker.domain.model.cargo.Itinerary: boolean lambda$isExpected$1(org.eclipse.cargotracker.domain.model.handling.HandlingEvent,org.eclipse.cargotracker.domain.model.cargo.Leg)> :: $z0 = virtualinvoke $r3.<org.eclipse.cargotracker.domain.model.location.Location: boolean equals(java.lang.Object)>($r2)"
org.eclipse.cargotracker.domain.model.cargo.Itinerary,org.eclipse.cargotracker.domain.model.cargo.Leg,call,2,method_call,"<org.eclipse.cargotracker.domain.model.cargo.Itinerary: boolean lambda$isExpected$1(org.eclipse.cargotracker.domain.model.handling.HandlingEvent,org.eclipse.cargotracker.domain.model.cargo.Leg)> :: $r5 = virtualinvoke r0.<org.eclipse.cargotracker.domain.model.cargo.Leg: org.eclipse.cargotracker.domain.model.voyage.Voyage getVoyage()>()"
org.eclipse.cargotracker.domain.model.cargo.Itinerary,org.eclipse.cargotracker.domain.model.handling.HandlingEvent,call,2,method_call,"<org.eclipse.cargotracker.domain.model.cargo.Itinerary: boolean lambda$isExpected$1(org.eclipse.cargotracker.domain.model.handling.HandlingEvent,org.eclipse.cargotracker.domain.model.cargo.Leg)> :: $r4 = virtualinvoke r1.<org.eclipse.cargotracker.domain.model.handling.HandlingEvent: org.eclipse.cargotracker.domain.model.voyage.Voyage getVoyage()>()"
org.eclipse.cargotracker.domain.model.cargo.Itinerary,org.eclipse.cargotracker.domain.model.voyage.Voyage,call,2,method_call,"<org.eclipse.cargotracker.domain.model.cargo.Itinerary: boolean lambda$isExpected$1(org.eclipse.cargotracker.domain.model.handling.HandlingEvent,org.eclipse.cargotracker.domain.model.cargo.Leg)> :: $z1 = virtualinvoke $r5.<org.eclipse.cargotracker.domain.model.voyage.Voyage: boolean equals(java.lang.Object)>($r4)"
org.eclipse.cargotracker.domain.model.cargo.Itinerary,org.eclipse.cargotracker.domain.model.cargo.Leg,call,2,method_call,"<org.eclipse.cargotracker.domain.model.cargo.Itinerary: boolean lambda$isExpected$0(org.eclipse.cargotracker.domain.model.handling.HandlingEvent,org.eclipse.cargotracker.domain.model.cargo.Leg)> :: $r3 = virtualinvoke r0.<org.eclipse.cargotracker.domain.model.cargo.Leg: org.eclipse.cargotracker.domain.model.location.Location getLoadLocation()>()"
org.eclipse.cargotracker.domain.model.cargo.Itinerary,org.eclipse.cargotracker.domain.model.handling.HandlingEvent,call,2,method_call,"<org.eclipse.cargotracker.domain.model.cargo.Itinerary: boolean lambda$isExpected$0(org.eclipse.cargotracker.domain.model.handling.HandlingEvent,org.eclipse.cargotracker.domain.model.cargo.Leg)> :: $r2 = virtualinvoke r1.<org.eclipse.cargotracker.domain.model.handling.HandlingEvent: org.eclipse.cargotracker.domain.model.location.Location getLocation()>()"
org.eclipse.cargotracker.domain.model.cargo.Itinerary,org.eclipse.cargotracker.domain.model.location.Location,call,2,method_call,"<org.eclipse.cargotracker.domain.model.cargo.Itinerary: boolean lambda$isExpected$0(org.eclipse.cargotracker.domain.model.handling.HandlingEvent,org.eclipse.cargotracker.domain.model.cargo.Leg)> :: $z0 = virtualinvoke $r3.<org.eclipse.cargotracker.domain.model.location.Location: boolean equals(java.lang.Object)>($r2)"
org.eclipse.cargotracker.domain.model.cargo.Itinerary,org.eclipse.cargotracker.domain.model.cargo.Leg,call,2,method_call,"<org.eclipse.cargotracker.domain.model.cargo.Itinerary: boolean lambda$isExpected$0(org.eclipse.cargotracker.domain.model.handling.HandlingEvent,org.eclipse.cargotracker.domain.model.cargo.Leg)> :: $r5 = virtualinvoke r0.<org.eclipse.cargotracker.domain.model.cargo.Leg: org.eclipse.cargotracker.domain.model.voyage.Voyage getVoyage()>()"
org.eclipse.cargotracker.domain.model.cargo.Itinerary,org.eclipse.cargotracker.domain.model.handling.HandlingEvent,call,2,method_call,"<org.eclipse.cargotracker.domain.model.cargo.Itinerary: boolean lambda$isExpected$0(org.eclipse.cargotracker.domain.model.handling.HandlingEvent,org.eclipse.cargotracker.domain.model.cargo.Leg)> :: $r4 = virtualinvoke r1.<org.eclipse.cargotracker.domain.model.handling.HandlingEvent: org.eclipse.cargotracker.domain.model.voyage.Voyage getVoyage()>()"
org.eclipse.cargotracker.domain.model.cargo.Itinerary,org.eclipse.cargotracker.domain.model.voyage.Voyage,call,2,method_call,"<org.eclipse.cargotracker.domain.model.cargo.Itinerary: boolean lambda$isExpected$0(org.eclipse.cargotracker.domain.model.handling.HandlingEvent,org.eclipse.cargotracker.domain.model.cargo.Leg)> :: $z1 = virtualinvoke $r5.<org.eclipse.cargotracker.domain.model.voyage.Voyage: boolean equals(java.lang.Object)>($r4)"
org.eclipse.cargotracker.domain.model.cargo.Itinerary$1,org.eclipse.cargotracker.domain.model.handling.HandlingEvent$Type,call,2,method_call,<org.eclipse.cargotracker.domain.model.cargo.Itinerary$1: void <clinit>()> :: $r0 = staticinvoke <org.eclipse.cargotracker.domain.model.handling.HandlingEvent$Type: org.eclipse.cargotracker.domain.model.handling.HandlingEvent$Type[] values()>()
org.eclipse.cargotracker.domain.model.cargo.Leg,org.eclipse.cargotracker.domain.model.voyage.Voyage,type,1,field_type_reference,org.eclipse.cargotracker.domain.model.cargo.Leg.voyage
org.eclipse.cargotracker.domain.model.cargo.Leg,org.eclipse.cargotracker.domain.model.location.Location,type,1,field_type_reference,org.eclipse.cargotracker.domain.model.cargo.Leg.loadLocation
org.eclipse.cargotracker.domain.model.cargo.Leg,org.eclipse.cargotracker.domain.model.location.Location,type,1,field_type_reference,org.eclipse.cargotracker.domain.model.cargo.Leg.unloadLocation
org.eclipse.cargotracker.domain.model.cargo.Leg,org.eclipse.cargotracker.domain.model.voyage.Voyage,type,1,method_parameter_type_reference,"<org.eclipse.cargotracker.domain.model.cargo.Leg: void <init>(org.eclipse.cargotracker.domain.model.voyage.Voyage,org.eclipse.cargotracker.domain.model.location.Location,org.eclipse.cargotracker.domain.model.location.Location,java.time.LocalDateTime,java.time.LocalDateTime)>"
org.eclipse.cargotracker.domain.model.cargo.Leg,org.eclipse.cargotracker.domain.model.location.Location,type,1,method_parameter_type_reference,"<org.eclipse.cargotracker.domain.model.cargo.Leg: void <init>(org.eclipse.cargotracker.domain.model.voyage.Voyage,org.eclipse.cargotracker.domain.model.location.Location,org.eclipse.cargotracker.domain.model.location.Location,java.time.LocalDateTime,java.time.LocalDateTime)>"
org.eclipse.cargotracker.domain.model.cargo.Leg,org.eclipse.cargotracker.domain.model.voyage.Voyage,type,1,method_return_type_reference,<org.eclipse.cargotracker.domain.model.cargo.Leg: org.eclipse.cargotracker.domain.model.voyage.Voyage getVoyage()>
org.eclipse.cargotracker.domain.model.cargo.Leg,org.eclipse.cargotracker.domain.model.location.Location,type,1,method_return_type_reference,<org.eclipse.cargotracker.domain.model.cargo.Leg: org.eclipse.cargotracker.domain.model.location.Location getLoadLocation()>
org.eclipse.cargotracker.domain.model.cargo.Leg,org.eclipse.cargotracker.domain.model.location.Location,type,1,method_return_type_reference,<org.eclipse.cargotracker.domain.model.cargo.Leg: org.eclipse.cargotracker.domain.model.location.Location getUnloadLocation()>
org.eclipse.cargotracker.domain.model.cargo.RouteSpecification,org.eclipse.cargotracker.domain.shared.AbstractSpecification,type,1,extends_type_reference,org.eclipse.cargotracker.domain.model.cargo.RouteSpecification
org.eclipse.cargotracker.domain.model.cargo.RouteSpecification,org.eclipse.cargotracker.domain.model.location.Location,type,1,field_type_reference,org.eclipse.cargotracker.domain.model.cargo.RouteSpecification.origin
org.eclipse.cargotracker.domain.model.cargo.RouteSpecification,org.eclipse.cargotracker.domain.model.location.Location,type,1,field_type_reference,org.eclipse.cargotracker.domain.model.cargo.RouteSpecification.destination
org.eclipse.cargotracker.domain.model.cargo.RouteSpecification,org.eclipse.cargotracker.domain.model.location.Location,type,1,method_parameter_type_reference,"<org.eclipse.cargotracker.domain.model.cargo.RouteSpecification: void <init>(org.eclipse.cargotracker.domain.model.location.Location,org.eclipse.cargotracker.domain.model.location.Location,java.time.LocalDate)>"
org.eclipse.cargotracker.domain.model.cargo.RouteSpecification,org.eclipse.cargotracker.domain.model.location.Location,type,1,method_return_type_reference,<org.eclipse.cargotracker.domain.model.cargo.RouteSpecification: org.eclipse.cargotracker.domain.model.location.Location getOrigin()>
org.eclipse.cargotracker.domain.model.cargo.RouteSpecification,org.eclipse.cargotracker.domain.model.location.Location,type,1,method_return_type_reference,<org.eclipse.cargotracker.domain.model.cargo.RouteSpecification: org.eclipse.cargotracker.domain.model.location.Location getDestination()>
org.eclipse.cargotracker.domain.model.cargo.RouteSpecification,org.eclipse.cargotracker.domain.model.cargo.Itinerary,type,1,method_parameter_type_reference,<org.eclipse.cargotracker.domain.model.cargo.RouteSpecification: boolean isSatisfiedBy(org.eclipse.cargotracker.domain.model.cargo.Itinerary)>
org.eclipse.cargotracker.domain.model.cargo.RouteSpecification,org.eclipse.cargotracker.domain.shared.AbstractSpecification,call,2,method_call,<org.eclipse.cargotracker.domain.model.cargo.RouteSpecification: void <init>()> :: specialinvoke r0.<org.eclipse.cargotracker.domain.shared.AbstractSpecification: void <init>()>()
org.eclipse.cargotracker.domain.model.cargo.RouteSpecification,org.eclipse.cargotracker.domain.shared.AbstractSpecification,call,2,method_call,"<org.eclipse.cargotracker.domain.model.cargo.RouteSpecification: void <init>(org.eclipse.cargotracker.domain.model.location.Location,org.eclipse.cargotracker.domain.model.location.Location,java.time.LocalDate)> :: specialinvoke r0.<org.eclipse.cargotracker.domain.shared.AbstractSpecification: void <init>()>()"
org.eclipse.cargotracker.domain.model.cargo.RouteSpecification,org.eclipse.cargotracker.domain.model.location.Location,call,2,method_call,"<org.eclipse.cargotracker.domain.model.cargo.RouteSpecification: void <init>(org.eclipse.cargotracker.domain.model.location.Location,org.eclipse.cargotracker.domain.model.location.Location,java.time.LocalDate)> :: $z0 = virtualinvoke r1.<org.eclipse.cargotracker.domain.model.location.Location: boolean sameIdentityAs(org.eclipse.cargotracker.domain.model.location.Location)>(r3)"
org.eclipse.cargotracker.domain.model.cargo.RouteSpecification,org.eclipse.cargotracker.domain.model.cargo.Itinerary,call,2,method_call,<org.eclipse.cargotracker.domain.model.cargo.RouteSpecification: boolean isSatisfiedBy(org.eclipse.cargotracker.domain.model.cargo.Itinerary)> :: $r2 = virtualinvoke r0.<org.eclipse.cargotracker.domain.model.cargo.Itinerary: org.eclipse.cargotracker.domain.model.location.Location getInitialDepartureLocation()>()
org.eclipse.cargotracker.domain.model.cargo.RouteSpecification,org.eclipse.cargotracker.domain.model.location.Location,call,2,method_call,<org.eclipse.cargotracker.domain.model.cargo.RouteSpecification: boolean isSatisfiedBy(org.eclipse.cargotracker.domain.model.cargo.Itinerary)> :: $z0 = virtualinvoke $r3.<org.eclipse.cargotracker.domain.model.location.Location: boolean sameIdentityAs(org.eclipse.cargotracker.domain.model.location.Location)>($r2)
org.eclipse.cargotracker.domain.model.cargo.RouteSpecification,org.eclipse.cargotracker.domain.model.cargo.Itinerary,call,2,method_call,<org.eclipse.cargotracker.domain.model.cargo.RouteSpecification: boolean isSatisfiedBy(org.eclipse.cargotracker.domain.model.cargo.Itinerary)> :: $r4 = virtualinvoke r0.<org.eclipse.cargotracker.domain.model.cargo.Itinerary: org.eclipse.cargotracker.domain.model.location.Location getFinalArrivalLocation()>()
org.eclipse.cargotracker.domain.model.cargo.RouteSpecification,org.eclipse.cargotracker.domain.model.location.Location,call,2,method_call,<org.eclipse.cargotracker.domain.model.cargo.RouteSpecification: boolean isSatisfiedBy(org.eclipse.cargotracker.domain.model.cargo.Itinerary)> :: $z1 = virtualinvoke $r5.<org.eclipse.cargotracker.domain.model.location.Location: boolean sameIdentityAs(org.eclipse.cargotracker.domain.model.location.Location)>($r4)
org.eclipse.cargotracker.domain.model.cargo.RouteSpecification,org.eclipse.cargotracker.domain.model.cargo.Itinerary,call,2,method_call,<org.eclipse.cargotracker.domain.model.cargo.RouteSpecification: boolean isSatisfiedBy(org.eclipse.cargotracker.domain.model.cargo.Itinerary)> :: $r6 = virtualinvoke r0.<org.eclipse.cargotracker.domain.model.cargo.Itinerary: java.time.LocalDateTime getFinalArrivalDate()>()
org.eclipse.cargotracker.domain.model.handling.HandlingEvent,org.eclipse.cargotracker.domain.model.handling.HandlingEvent$Type,type,1,field_type_reference,org.eclipse.cargotracker.domain.model.handling.HandlingEvent.type
org.eclipse.cargotracker.domain.model.handling.HandlingEvent,org.eclipse.cargotracker.domain.model.voyage.Voyage,type,1,field_type_reference,org.eclipse.cargotracker.domain.model.handling.HandlingEvent.voyage
org.eclipse.cargotracker.domain.model.handling.HandlingEvent,org.eclipse.cargotracker.domain.model.location.Location,type,1,field_type_reference,org.eclipse.cargotracker.domain.model.handling.HandlingEvent.location
org.eclipse.cargotracker.domain.model.handling.HandlingEvent,org.eclipse.cargotracker.domain.model.cargo.Cargo,type,1,field_type_reference,org.eclipse.cargotracker.domain.model.handling.HandlingEvent.cargo
org.eclipse.cargotracker.domain.model.handling.HandlingEvent,org.eclipse.cargotracker.domain.model.cargo.Cargo,type,1,method_parameter_type_reference,"<org.eclipse.cargotracker.domain.model.handling.HandlingEvent: void <init>(org.eclipse.cargotracker.domain.model.cargo.Cargo,java.time.LocalDateTime,java.time.LocalDateTime,org.eclipse.cargotracker.domain.model.handling.HandlingEvent$Type,org.eclipse.cargotracker.domain.model.location.Location,org.eclipse.cargotracker.domain.model.voyage.Voyage)>"
org.eclipse.cargotracker.domain.model.handling.HandlingEvent,org.eclipse.cargotracker.domain.model.handling.HandlingEvent$Type,type,1,method_parameter_type_reference,"<org.eclipse.cargotracker.domain.model.handling.HandlingEvent: void <init>(org.eclipse.cargotracker.domain.model.cargo.Cargo,java.time.LocalDateTime,java.time.LocalDateTime,org.eclipse.cargotracker.domain.model.handling.HandlingEvent$Type,org.eclipse.cargotracker.domain.model.location.Location,org.eclipse.cargotracker.domain.model.voyage.Voyage)>"
org.eclipse.cargotracker.domain.model.handling.HandlingEvent,org.eclipse.cargotracker.domain.model.location.Location,type,1,method_parameter_type_reference,"<org.eclipse.cargotracker.domain.model.handling.HandlingEvent: void <init>(org.eclipse.cargotracker.domain.model.cargo.Cargo,java.time.LocalDateTime,java.time.LocalDateTime,org.eclipse.cargotracker.domain.model.handling.HandlingEvent$Type,org.eclipse.cargotracker.domain.model.location.Location,org.eclipse.cargotracker.domain.model.voyage.Voyage)>"
org.eclipse.cargotracker.domain.model.handling.HandlingEvent,org.eclipse.cargotracker.domain.model.voyage.Voyage,type,1,method_parameter_type_reference,"<org.eclipse.cargotracker.domain.model.handling.HandlingEvent: void <init>(org.eclipse.cargotracker.domain.model.cargo.Cargo,java.time.LocalDateTime,java.time.LocalDateTime,org.eclipse.cargotracker.domain.model.handling.HandlingEvent$Type,org.eclipse.cargotracker.domain.model.location.Location,org.eclipse.cargotracker.domain.model.voyage.Voyage)>"
org.eclipse.cargotracker.domain.model.handling.HandlingEvent,org.eclipse.cargotracker.domain.model.cargo.Cargo,type,1,method_parameter_type_reference,"<org.eclipse.cargotracker.domain.model.handling.HandlingEvent: void <init>(org.eclipse.cargotracker.domain.model.cargo.Cargo,java.time.LocalDateTime,java.time.LocalDateTime,org.eclipse.cargotracker.domain.model.handling.HandlingEvent$Type,org.eclipse.cargotracker.domain.model.location.Location)>"
org.eclipse.cargotracker.domain.model.handling.HandlingEvent,org.eclipse.cargotracker.domain.model.handling.HandlingEvent$Type,type,1,method_parameter_type_reference,"<org.eclipse.cargotracker.domain.model.handling.HandlingEvent: void <init>(org.eclipse.cargotracker.domain.model.cargo.Cargo,java.time.LocalDateTime,java.time.LocalDateTime,org.eclipse.cargotracker.domain.model.handling.HandlingEvent$Type,org.eclipse.cargotracker.domain.model.location.Location)>"
org.eclipse.cargotracker.domain.model.handling.HandlingEvent,org.eclipse.cargotracker.domain.model.location.Location,type,1,method_parameter_type_reference,"<org.eclipse.cargotracker.domain.model.handling.HandlingEvent: void <init>(org.eclipse.cargotracker.domain.model.cargo.Cargo,java.time.LocalDateTime,java.time.LocalDateTime,org.eclipse.cargotracker.domain.model.handling.HandlingEvent$Type,org.eclipse.cargotracker.domain.model.location.Location)>"
org.eclipse.cargotracker.domain.model.handling.HandlingEvent,org.eclipse.cargotracker.domain.model.handling.HandlingEvent$Type,type,1,method_return_type_reference,<org.eclipse.cargotracker.domain.model.handling.HandlingEvent: org.eclipse.cargotracker.domain.model.handling.HandlingEvent$Type getType()>
org.eclipse.cargotracker.domain.model.handling.HandlingEvent,org.eclipse.cargotracker.domain.model.voyage.Voyage,type,1,method_return_type_reference,<org.eclipse.cargotracker.domain.model.handling.HandlingEvent: org.eclipse.cargotracker.domain.model.voyage.Voyage getVoyage()>
org.eclipse.cargotracker.domain.model.handling.HandlingEvent,org.eclipse.cargotracker.domain.model.location.Location,type,1,method_return_type_reference,<org.eclipse.cargotracker.domain.model.handling.HandlingEvent: org.eclipse.cargotracker.domain.model.location.Location getLocation()>
org.eclipse.cargotracker.domain.model.handling.HandlingEvent,org.eclipse.cargotracker.domain.model.cargo.Cargo,type,1,method_return_type_reference,<org.eclipse.cargotracker.domain.model.handling.HandlingEvent: org.eclipse.cargotracker.domain.model.cargo.Cargo getCargo()>
org.eclipse.cargotracker.domain.model.handling.HandlingEvent,org.eclipse.cargotracker.domain.model.handling.HandlingEvent$Type,call,2,method_call,"<org.eclipse.cargotracker.domain.model.handling.HandlingEvent: void <init>(org.eclipse.cargotracker.domain.model.cargo.Cargo,java.time.LocalDateTime,java.time.LocalDateTime,org.eclipse.cargotracker.domain.model.handling.HandlingEvent$Type,org.eclipse.cargotracker.domain.model.location.Location,org.eclipse.cargotracker.domain.model.voyage.Voyage)> :: $z0 = virtualinvoke r7.<org.eclipse.cargotracker.domain.model.handling.HandlingEvent$Type: boolean prohibitsVoyage()>()"
org.eclipse.cargotracker.domain.model.handling.HandlingEvent,org.eclipse.cargotracker.domain.model.handling.HandlingEvent$Type,call,2,method_call,"<org.eclipse.cargotracker.domain.model.handling.HandlingEvent: void <init>(org.eclipse.cargotracker.domain.model.cargo.Cargo,java.time.LocalDateTime,java.time.LocalDateTime,org.eclipse.cargotracker.domain.model.handling.HandlingEvent$Type,org.eclipse.cargotracker.domain.model.location.Location)> :: $z0 = virtualinvoke r7.<org.eclipse.cargotracker.domain.model.handling.HandlingEvent$Type: boolean requiresVoyage()>()"
org.eclipse.cargotracker.domain.model.handling.HandlingEvent,org.eclipse.cargotracker.domain.shared.DomainObjectUtils,call,2,method_call,"<org.eclipse.cargotracker.domain.model.handling.HandlingEvent: org.eclipse.cargotracker.domain.model.voyage.Voyage getVoyage()> :: $r3 = staticinvoke <org.eclipse.cargotracker.domain.shared.DomainObjectUtils: java.lang.Object nullSafe(java.lang.Object,java.lang.Object)>($r2, $r1)"
org.eclipse.cargotracker.domain.model.handling.HandlingEvent,org.eclipse.cargotracker.domain.model.location.Location,call,2,method_call,<org.eclipse.cargotracker.domain.model.handling.HandlingEvent: java.lang.String getSummary()> :: $r3 = virtualinvoke $r2.<org.eclipse.cargotracker.domain.model.location.Location: java.lang.String getName()>()
org.eclipse.cargotracker.domain.model.handling.HandlingEvent,org.eclipse.cargotracker.domain.model.voyage.Voyage,call,2,method_call,<org.eclipse.cargotracker.domain.model.handling.HandlingEvent: java.lang.String getSummary()> :: $r19 = virtualinvoke $r18.<org.eclipse.cargotracker.domain.model.voyage.Voyage: org.eclipse.cargotracker.domain.model.voyage.VoyageNumber getVoyageNumber()>()
org.eclipse.cargotracker.domain.model.handling.HandlingEvent,org.eclipse.cargotracker.domain.model.cargo.Cargo,call,2,method_call,<org.eclipse.cargotracker.domain.model.handling.HandlingEvent: java.lang.String toString()> :: $r3 = virtualinvoke $r2.<org.eclipse.cargotracker.domain.model.cargo.Cargo: org.eclipse.cargotracker.domain.model.cargo.TrackingId getTrackingId()>()
org.eclipse.cargotracker.domain.model.handling.HandlingEvent,org.eclipse.cargotracker.domain.model.location.Location,call,2,method_call,<org.eclipse.cargotracker.domain.model.handling.HandlingEvent: java.lang.String toString()> :: $r12 = virtualinvoke $r11.<org.eclipse.cargotracker.domain.model.location.Location: java.lang.String getName()>()
org.eclipse.cargotracker.domain.model.handling.HandlingEvent,org.eclipse.cargotracker.domain.model.voyage.Voyage,call,2,method_call,<org.eclipse.cargotracker.domain.model.handling.HandlingEvent: java.lang.String toString()> :: $r27 = virtualinvoke $r26.<org.eclipse.cargotracker.domain.model.voyage.Voyage: org.eclipse.cargotracker.domain.model.voyage.VoyageNumber getVoyageNumber()>()
org.eclipse.cargotracker.domain.model.handling.HandlingEventFactory,org.eclipse.cargotracker.domain.model.cargo.CargoRepository,type,1,field_type_reference,org.eclipse.cargotracker.domain.model.handling.HandlingEventFactory.cargoRepository
org.eclipse.cargotracker.domain.model.handling.HandlingEventFactory,org.eclipse.cargotracker.domain.model.voyage.VoyageRepository,type,1,field_type_reference,org.eclipse.cargotracker.domain.model.handling.HandlingEventFactory.voyageRepository
org.eclipse.cargotracker.domain.model.handling.HandlingEventFactory,org.eclipse.cargotracker.domain.model.location.LocationRepository,type,1,field_type_reference,org.eclipse.cargotracker.domain.model.handling.HandlingEventFactory.locationRepository
org.eclipse.cargotracker.domain.model.handling.HandlingEventFactory,org.eclipse.cargotracker.domain.model.handling.HandlingEvent,type,1,method_return_type_reference,"<org.eclipse.cargotracker.domain.model.handling.HandlingEventFactory: org.eclipse.cargotracker.domain.model.handling.HandlingEvent createHandlingEvent(java.time.LocalDateTime,java.time.LocalDateTime,org.eclipse.cargotracker.domain.model.cargo.TrackingId,org.eclipse.cargotracker.domain.model.voyage.VoyageNumber,org.eclipse.cargotracker.domain.model.location.UnLocode,org.eclipse.cargotracker.domain.model.handling.HandlingEvent$Type)>"
org.eclipse.cargotracker.domain.model.handling.HandlingEventFactory,org.eclipse.cargotracker.domain.model.cargo.TrackingId,type,1,method_parameter_type_reference,"<org.eclipse.cargotracker.domain.model.handling.HandlingEventFactory: org.eclipse.cargotracker.domain.model.handling.HandlingEvent createHandlingEvent(java.time.LocalDateTime,java.time.LocalDateTime,org.eclipse.cargotracker.domain.model.cargo.TrackingId,org.eclipse.cargotracker.domain.model.voyage.VoyageNumber,org.eclipse.cargotracker.domain.model.location.UnLocode,org.eclipse.cargotracker.domain.model.handling.HandlingEvent$Type)>"
org.eclipse.cargotracker.domain.model.handling.HandlingEventFactory,org.eclipse.cargotracker.domain.model.voyage.VoyageNumber,type,1,method_parameter_type_reference,"<org.eclipse.cargotracker.domain.model.handling.HandlingEventFactory: org.eclipse.cargotracker.domain.model.handling.HandlingEvent createHandlingEvent(java.time.LocalDateTime,java.time.LocalDateTime,org.eclipse.cargotracker.domain.model.cargo.TrackingId,org.eclipse.cargotracker.domain.model.voyage.VoyageNumber,org.eclipse.cargotracker.domain.model.location.UnLocode,org.eclipse.cargotracker.domain.model.handling.HandlingEvent$Type)>"
org.eclipse.cargotracker.domain.model.handling.HandlingEventFactory,org.eclipse.cargotracker.domain.model.location.UnLocode,type,1,method_parameter_type_reference,"<org.eclipse.cargotracker.domain.model.handling.HandlingEventFactory: org.eclipse.cargotracker.domain.model.handling.HandlingEvent createHandlingEvent(java.time.LocalDateTime,java.time.LocalDateTime,org.eclipse.cargotracker.domain.model.cargo.TrackingId,org.eclipse.cargotracker.domain.model.voyage.VoyageNumber,org.eclipse.cargotracker.domain.model.location.UnLocode,org.eclipse.cargotracker.domain.model.handling.HandlingEvent$Type)>"
org.eclipse.cargotracker.domain.model.handling.HandlingEventFactory,org.eclipse.cargotracker.domain.model.handling.HandlingEvent$Type,type,1,method_parameter_type_reference,"<org.eclipse.cargotracker.domain.model.handling.HandlingEventFactory: org.eclipse.cargotracker.domain.model.handling.HandlingEvent createHandlingEvent(java.time.LocalDateTime,java.time.LocalDateTime,org.eclipse.cargotracker.domain.model.cargo.TrackingId,org.eclipse.cargotracker.domain.model.voyage.VoyageNumber,org.eclipse.cargotracker.domain.model.location.UnLocode,org.eclipse.cargotracker.domain.model.handling.HandlingEvent$Type)>"
org.eclipse.cargotracker.domain.model.handling.HandlingEventFactory,org.eclipse.cargotracker.domain.model.cargo.Cargo,type,1,method_return_type_reference,<org.eclipse.cargotracker.domain.model.handling.HandlingEventFactory: org.eclipse.cargotracker.domain.model.cargo.Cargo findCargo(org.eclipse.cargotracker.domain.model.cargo.TrackingId)>
org.eclipse.cargotracker.domain.model.handling.HandlingEventFactory,org.eclipse.cargotracker.domain.model.cargo.TrackingId,type,1,method_parameter_type_reference,<org.eclipse.cargotracker.domain.model.handling.HandlingEventFactory: org.eclipse.cargotracker.domain.model.cargo.Cargo findCargo(org.eclipse.cargotracker.domain.model.cargo.TrackingId)>
org.eclipse.cargotracker.domain.model.handling.HandlingEventFactory,org.eclipse.cargotracker.domain.model.voyage.Voyage,type,1,method_return_type_reference,<org.eclipse.cargotracker.domain.model.handling.HandlingEventFactory: org.eclipse.cargotracker.domain.model.voyage.Voyage findVoyage(org.eclipse.cargotracker.domain.model.voyage.VoyageNumber)>
org.eclipse.cargotracker.domain.model.handling.HandlingEventFactory,org.eclipse.cargotracker.domain.model.voyage.VoyageNumber,type,1,method_parameter_type_reference,<org.eclipse.cargotracker.domain.model.handling.HandlingEventFactory: org.eclipse.cargotracker.domain.model.voyage.Voyage findVoyage(org.eclipse.cargotracker.domain.model.voyage.VoyageNumber)>
org.eclipse.cargotracker.domain.model.handling.HandlingEventFactory,org.eclipse.cargotracker.domain.model.location.Location,type,1,method_return_type_reference,<org.eclipse.cargotracker.domain.model.handling.HandlingEventFactory: org.eclipse.cargotracker.domain.model.location.Location findLocation(org.eclipse.cargotracker.domain.model.location.UnLocode)>
org.eclipse.cargotracker.domain.model.handling.HandlingEventFactory,org.eclipse.cargotracker.domain.model.location.UnLocode,type,1,method_parameter_type_reference,<org.eclipse.cargotracker.domain.model.handling.HandlingEventFactory: org.eclipse.cargotracker.domain.model.location.Location findLocation(org.eclipse.cargotracker.domain.model.location.UnLocode)>
org.eclipse.cargotracker.domain.model.handling.HandlingEventFactory,org.eclipse.cargotracker.domain.model.handling.HandlingEvent,call,2,method_call,"<org.eclipse.cargotracker.domain.model.handling.HandlingEventFactory: org.eclipse.cargotracker.domain.model.handling.HandlingEvent createHandlingEvent(java.time.LocalDateTime,java.time.LocalDateTime,org.eclipse.cargotracker.domain.model.cargo.TrackingId,org.eclipse.cargotracker.domain.model.voyage.VoyageNumber,org.eclipse.cargotracker.domain.model.location.UnLocode,org.eclipse.cargotracker.domain.model.handling.HandlingEvent$Type)> :: specialinvoke $r11.<org.eclipse.cargotracker.domain.model.handling.HandlingEvent: void <init>(org.eclipse.cargotracker.domain.model.cargo.Cargo,java.time.LocalDateTime,java.time.LocalDateTime,org.eclipse.cargotracker.domain.model.handling.HandlingEvent$Type,org.eclipse.cargotracker.domain.model.location.Location)>(r2, r8, r9, r10, r6)"
org.eclipse.cargotracker.domain.model.handling.HandlingEventFactory,org.eclipse.cargotracker.domain.model.handling.HandlingEvent,call,2,method_call,"<org.eclipse.cargotracker.domain.model.handling.HandlingEventFactory: org.eclipse.cargotracker.domain.model.handling.HandlingEvent createHandlingEvent(java.time.LocalDateTime,java.time.LocalDateTime,org.eclipse.cargotracker.domain.model.cargo.TrackingId,org.eclipse.cargotracker.domain.model.voyage.VoyageNumber,org.eclipse.cargotracker.domain.model.location.UnLocode,org.eclipse.cargotracker.domain.model.handling.HandlingEvent$Type)> :: specialinvoke $r7.<org.eclipse.cargotracker.domain.model.handling.HandlingEvent: void <init>(org.eclipse.cargotracker.domain.model.cargo.Cargo,java.time.LocalDateTime,java.time.LocalDateTime,org.eclipse.cargotracker.domain.model.handling.HandlingEvent$Type,org.eclipse.cargotracker.domain.model.location.Location,org.eclipse.cargotracker.domain.model.voyage.Voyage)>(r2, r8, r9, r10, r6, r4)"
org.eclipse.cargotracker.domain.model.handling.HandlingEventFactory,org.eclipse.cargotracker.domain.model.handling.CannotCreateHandlingEventException,call,2,method_call,"<org.eclipse.cargotracker.domain.model.handling.HandlingEventFactory: org.eclipse.cargotracker.domain.model.handling.HandlingEvent createHandlingEvent(java.time.LocalDateTime,java.time.LocalDateTime,org.eclipse.cargotracker.domain.model.cargo.TrackingId,org.eclipse.cargotracker.domain.model.voyage.VoyageNumber,org.eclipse.cargotracker.domain.model.location.UnLocode,org.eclipse.cargotracker.domain.model.handling.HandlingEvent$Type)> :: specialinvoke $r13.<org.eclipse.cargotracker.domain.model.handling.CannotCreateHandlingEventException: void <init>(java.lang.Exception)>($r12)"
org.eclipse.cargotracker.domain.model.handling.HandlingEventFactory,org.eclipse.cargotracker.domain.model.cargo.CargoRepository,call,2,method_call,<org.eclipse.cargotracker.domain.model.handling.HandlingEventFactory: org.eclipse.cargotracker.domain.model.cargo.Cargo findCargo(org.eclipse.cargotracker.domain.model.cargo.TrackingId)> :: r3 = interfaceinvoke $r2.<org.eclipse.cargotracker.domain.model.cargo.CargoRepository: org.eclipse.cargotracker.domain.model.cargo.Cargo find(org.eclipse.cargotracker.domain.model.cargo.TrackingId)>(r1)
org.eclipse.cargotracker.domain.model.handling.HandlingEventFactory,org.eclipse.cargotracker.domain.model.handling.UnknownCargoException,call,2,method_call,<org.eclipse.cargotracker.domain.model.handling.HandlingEventFactory: org.eclipse.cargotracker.domain.model.cargo.Cargo findCargo(org.eclipse.cargotracker.domain.model.cargo.TrackingId)> :: specialinvoke $r4.<org.eclipse.cargotracker.domain.model.handling.UnknownCargoException: void <init>(org.eclipse.cargotracker.domain.model.cargo.TrackingId)>(r1)
org.eclipse.cargotracker.domain.model.handling.HandlingEventFactory,org.eclipse.cargotracker.domain.model.voyage.VoyageRepository,call,2,method_call,<org.eclipse.cargotracker.domain.model.handling.HandlingEventFactory: org.eclipse.cargotracker.domain.model.voyage.Voyage findVoyage(org.eclipse.cargotracker.domain.model.voyage.VoyageNumber)> :: r3 = interfaceinvoke $r2.<org.eclipse.cargotracker.domain.model.voyage.VoyageRepository: org.eclipse.cargotracker.domain.model.voyage.Voyage find(org.eclipse.cargotracker.domain.model.voyage.VoyageNumber)>(r0)
org.eclipse.cargotracker.domain.model.handling.HandlingEventFactory,org.eclipse.cargotracker.domain.model.handling.UnknownVoyageException,call,2,method_call,<org.eclipse.cargotracker.domain.model.handling.HandlingEventFactory: org.eclipse.cargotracker.domain.model.voyage.Voyage findVoyage(org.eclipse.cargotracker.domain.model.voyage.VoyageNumber)> :: specialinvoke $r4.<org.eclipse.cargotracker.domain.model.handling.UnknownVoyageException: void <init>(org.eclipse.cargotracker.domain.model.voyage.VoyageNumber)>(r0)
org.eclipse.cargotracker.domain.model.handling.HandlingEventFactory,org.eclipse.cargotracker.domain.model.location.LocationRepository,call,2,method_call,<org.eclipse.cargotracker.domain.model.handling.HandlingEventFactory: org.eclipse.cargotracker.domain.model.location.Location findLocation(org.eclipse.cargotracker.domain.model.location.UnLocode)> :: r3 = interfaceinvoke $r2.<org.eclipse.cargotracker.domain.model.location.LocationRepository: org.eclipse.cargotracker.domain.model.location.Location find(org.eclipse.cargotracker.domain.model.location.UnLocode)>(r1)
org.eclipse.cargotracker.domain.model.handling.HandlingEventFactory,org.eclipse.cargotracker.domain.model.handling.UnknownLocationException,call,2,method_call,<org.eclipse.cargotracker.domain.model.handling.HandlingEventFactory: org.eclipse.cargotracker.domain.model.location.Location findLocation(org.eclipse.cargotracker.domain.model.location.UnLocode)> :: specialinvoke $r4.<org.eclipse.cargotracker.domain.model.handling.UnknownLocationException: void <init>(org.eclipse.cargotracker.domain.model.location.UnLocode)>(r1)
org.eclipse.cargotracker.domain.model.handling.HandlingEventRepository,org.eclipse.cargotracker.domain.model.handling.HandlingEvent,type,1,method_parameter_type_reference,<org.eclipse.cargotracker.domain.model.handling.HandlingEventRepository: void store(org.eclipse.cargotracker.domain.model.handling.HandlingEvent)>
org.eclipse.cargotracker.domain.model.handling.HandlingEventRepository,org.eclipse.cargotracker.domain.model.handling.HandlingHistory,type,1,method_return_type_reference,<org.eclipse.cargotracker.domain.model.handling.HandlingEventRepository: org.eclipse.cargotracker.domain.model.handling.HandlingHistory lookupHandlingHistoryOfCargo(org.eclipse.cargotracker.domain.model.cargo.TrackingId)>
org.eclipse.cargotracker.domain.model.handling.HandlingEventRepository,org.eclipse.cargotracker.domain.model.cargo.TrackingId,type,1,method_parameter_type_reference,<org.eclipse.cargotracker.domain.model.handling.HandlingEventRepository: org.eclipse.cargotracker.domain.model.handling.HandlingHistory lookupHandlingHistoryOfCargo(org.eclipse.cargotracker.domain.model.cargo.TrackingId)>
org.eclipse.cargotracker.domain.model.handling.HandlingHistory,org.eclipse.cargotracker.domain.model.handling.HandlingEvent,type,1,method_return_type_reference,<org.eclipse.cargotracker.domain.model.handling.HandlingHistory: org.eclipse.cargotracker.domain.model.handling.HandlingEvent getMostRecentlyCompletedEvent()>
org.eclipse.cargotracker.domain.model.handling.UnknownCargoException,org.eclipse.cargotracker.domain.model.handling.CannotCreateHandlingEventException,type,1,extends_type_reference,org.eclipse.cargotracker.domain.model.handling.UnknownCargoException
org.eclipse.cargotracker.domain.model.handling.UnknownCargoException,org.eclipse.cargotracker.domain.model.cargo.TrackingId,type,1,field_type_reference,org.eclipse.cargotracker.domain.model.handling.UnknownCargoException.trackingId
org.eclipse.cargotracker.domain.model.handling.UnknownCargoException,org.eclipse.cargotracker.domain.model.cargo.TrackingId,type,1,method_parameter_type_reference,<org.eclipse.cargotracker.domain.model.handling.UnknownCargoException: void <init>(org.eclipse.cargotracker.domain.model.cargo.TrackingId)>
org.eclipse.cargotracker.domain.model.handling.UnknownCargoException,org.eclipse.cargotracker.domain.model.handling.CannotCreateHandlingEventException,call,2,method_call,<org.eclipse.cargotracker.domain.model.handling.UnknownCargoException: void <init>(org.eclipse.cargotracker.domain.model.cargo.TrackingId)> :: specialinvoke r0.<org.eclipse.cargotracker.domain.model.handling.CannotCreateHandlingEventException: void <init>()>()
org.eclipse.cargotracker.domain.model.handling.UnknownCargoException,org.eclipse.cargotracker.domain.model.cargo.TrackingId,call,2,method_call,<org.eclipse.cargotracker.domain.model.handling.UnknownCargoException: java.lang.String getMessage()> :: $r2 = virtualinvoke $r1.<org.eclipse.cargotracker.domain.model.cargo.TrackingId: java.lang.String getIdString()>()
org.eclipse.cargotracker.domain.model.handling.UnknownLocationException,org.eclipse.cargotracker.domain.model.handling.CannotCreateHandlingEventException,type,1,extends_type_reference,org.eclipse.cargotracker.domain.model.handling.UnknownLocationException
org.eclipse.cargotracker.domain.model.handling.UnknownLocationException,org.eclipse.cargotracker.domain.model.location.UnLocode,type,1,field_type_reference,org.eclipse.cargotracker.domain.model.handling.UnknownLocationException.unlocode
org.eclipse.cargotracker.domain.model.handling.UnknownLocationException,org.eclipse.cargotracker.domain.model.location.UnLocode,type,1,method_parameter_type_reference,<org.eclipse.cargotracker.domain.model.handling.UnknownLocationException: void <init>(org.eclipse.cargotracker.domain.model.location.UnLocode)>
org.eclipse.cargotracker.domain.model.handling.UnknownLocationException,org.eclipse.cargotracker.domain.model.handling.CannotCreateHandlingEventException,call,2,method_call,<org.eclipse.cargotracker.domain.model.handling.UnknownLocationException: void <init>(org.eclipse.cargotracker.domain.model.location.UnLocode)> :: specialinvoke r0.<org.eclipse.cargotracker.domain.model.handling.CannotCreateHandlingEventException: void <init>()>()
org.eclipse.cargotracker.domain.model.handling.UnknownLocationException,org.eclipse.cargotracker.domain.model.location.UnLocode,call,2,method_call,<org.eclipse.cargotracker.domain.model.handling.UnknownLocationException: java.lang.String getMessage()> :: $r2 = virtualinvoke $r1.<org.eclipse.cargotracker.domain.model.location.UnLocode: java.lang.String getIdString()>()
org.eclipse.cargotracker.domain.model.handling.UnknownVoyageException,org.eclipse.cargotracker.domain.model.handling.CannotCreateHandlingEventException,type,1,extends_type_reference,org.eclipse.cargotracker.domain.model.handling.UnknownVoyageException
org.eclipse.cargotracker.domain.model.handling.UnknownVoyageException,org.eclipse.cargotracker.domain.model.voyage.VoyageNumber,type,1,field_type_reference,org.eclipse.cargotracker.domain.model.handling.UnknownVoyageException.voyageNumber
org.eclipse.cargotracker.domain.model.handling.UnknownVoyageException,org.eclipse.cargotracker.domain.model.voyage.VoyageNumber,type,1,method_parameter_type_reference,<org.eclipse.cargotracker.domain.model.handling.UnknownVoyageException: void <init>(org.eclipse.cargotracker.domain.model.voyage.VoyageNumber)>
org.eclipse.cargotracker.domain.model.handling.UnknownVoyageException,org.eclipse.cargotracker.domain.model.handling.CannotCreateHandlingEventException,call,2,method_call,<org.eclipse.cargotracker.domain.model.handling.UnknownVoyageException: void <init>(org.eclipse.cargotracker.domain.model.voyage.VoyageNumber)> :: specialinvoke r0.<org.eclipse.cargotracker.domain.model.handling.CannotCreateHandlingEventException: void <init>()>()
org.eclipse.cargotracker.domain.model.handling.UnknownVoyageException,org.eclipse.cargotracker.domain.model.voyage.VoyageNumber,call,2,method_call,<org.eclipse.cargotracker.domain.model.handling.UnknownVoyageException: java.lang.String getMessage()> :: $r2 = virtualinvoke $r1.<org.eclipse.cargotracker.domain.model.voyage.VoyageNumber: java.lang.String getIdString()>()
org.eclipse.cargotracker.domain.model.location.Location,org.eclipse.cargotracker.domain.model.location.UnLocode,type,1,field_type_reference,org.eclipse.cargotracker.domain.model.location.Location.unLocode
org.eclipse.cargotracker.domain.model.location.Location,org.eclipse.cargotracker.domain.model.location.UnLocode,type,1,method_parameter_type_reference,"<org.eclipse.cargotracker.domain.model.location.Location: void <init>(org.eclipse.cargotracker.domain.model.location.UnLocode,java.lang.String)>"
org.eclipse.cargotracker.domain.model.location.Location,org.eclipse.cargotracker.domain.model.location.UnLocode,type,1,method_return_type_reference,<org.eclipse.cargotracker.domain.model.location.Location: org.eclipse.cargotracker.domain.model.location.UnLocode getUnLocode()>
org.eclipse.cargotracker.domain.model.location.Location,org.eclipse.cargotracker.domain.model.location.UnLocode,call,2,method_call,<org.eclipse.cargotracker.domain.model.location.Location: boolean sameIdentityAs(org.eclipse.cargotracker.domain.model.location.Location)> :: $z0 = virtualinvoke $r3.<org.eclipse.cargotracker.domain.model.location.UnLocode: boolean sameValueAs(org.eclipse.cargotracker.domain.model.location.UnLocode)>($r2)
org.eclipse.cargotracker.domain.model.location.Location,org.eclipse.cargotracker.domain.model.location.UnLocode,call,2,method_call,<org.eclipse.cargotracker.domain.model.location.Location: int hashCode()> :: $i0 = virtualinvoke $r1.<org.eclipse.cargotracker.domain.model.location.UnLocode: int hashCode()>()
org.eclipse.cargotracker.domain.model.location.Location,org.eclipse.cargotracker.domain.model.location.UnLocode,call,2,method_call,"<org.eclipse.cargotracker.domain.model.location.Location: void <clinit>()> :: specialinvoke $r1.<org.eclipse.cargotracker.domain.model.location.UnLocode: void <init>(java.lang.String)>(""XXXXX"")"
org.eclipse.cargotracker.domain.model.location.LocationRepository,org.eclipse.cargotracker.domain.model.location.Location,type,1,method_return_type_reference,<org.eclipse.cargotracker.domain.model.location.LocationRepository: org.eclipse.cargotracker.domain.model.location.Location find(org.eclipse.cargotracker.domain.model.location.UnLocode)>
org.eclipse.cargotracker.domain.model.location.LocationRepository,org.eclipse.cargotracker.domain.model.location.UnLocode,type,1,method_parameter_type_reference,<org.eclipse.cargotracker.domain.model.location.LocationRepository: org.eclipse.cargotracker.domain.model.location.Location find(org.eclipse.cargotracker.domain.model.location.UnLocode)>
org.eclipse.cargotracker.domain.model.location.SampleLocations,org.eclipse.cargotracker.domain.model.location.Location,type,1,field_type_reference,org.eclipse.cargotracker.domain.model.location.SampleLocations.HONGKONG
org.eclipse.cargotracker.domain.model.location.SampleLocations,org.eclipse.cargotracker.domain.model.location.Location,type,1,field_type_reference,org.eclipse.cargotracker.domain.model.location.SampleLocations.MELBOURNE
org.eclipse.cargotracker.domain.model.location.SampleLocations,org.eclipse.cargotracker.domain.model.location.Location,type,1,field_type_reference,org.eclipse.cargotracker.domain.model.location.SampleLocations.STOCKHOLM
org.eclipse.cargotracker.domain.model.location.SampleLocations,org.eclipse.cargotracker.domain.model.location.Location,type,1,field_type_reference,org.eclipse.cargotracker.domain.model.location.SampleLocations.HELSINKI
org.eclipse.cargotracker.domain.model.location.SampleLocations,org.eclipse.cargotracker.domain.model.location.Location,type,1,field_type_reference,org.eclipse.cargotracker.domain.model.location.SampleLocations.CHICAGO
org.eclipse.cargotracker.domain.model.location.SampleLocations,org.eclipse.cargotracker.domain.model.location.Location,type,1,field_type_reference,org.eclipse.cargotracker.domain.model.location.SampleLocations.TOKYO
org.eclipse.cargotracker.domain.model.location.SampleLocations,org.eclipse.cargotracker.domain.model.location.Location,type,1,field_type_reference,org.eclipse.cargotracker.domain.model.location.SampleLocations.HAMBURG
org.eclipse.cargotracker.domain.model.location.SampleLocations,org.eclipse.cargotracker.domain.model.location.Location,type,1,field_type_reference,org.eclipse.cargotracker.domain.model.location.SampleLocations.SHANGHAI
org.eclipse.cargotracker.domain.model.location.SampleLocations,org.eclipse.cargotracker.domain.model.location.Location,type,1,field_type_reference,org.eclipse.cargotracker.domain.model.location.SampleLocations.ROTTERDAM
org.eclipse.cargotracker.domain.model.location.SampleLocations,org.eclipse.cargotracker.domain.model.location.Location,type,1,field_type_reference,org.eclipse.cargotracker.domain.model.location.SampleLocations.GOTHENBURG
org.eclipse.cargotracker.domain.model.location.SampleLocations,org.eclipse.cargotracker.domain.model.location.Location,type,1,field_type_reference,org.eclipse.cargotracker.domain.model.location.SampleLocations.HANGZOU
org.eclipse.cargotracker.domain.model.location.SampleLocations,org.eclipse.cargotracker.domain.model.location.Location,type,1,field_type_reference,org.eclipse.cargotracker.domain.model.location.SampleLocations.NEWYORK
org.eclipse.cargotracker.domain.model.location.SampleLocations,org.eclipse.cargotracker.domain.model.location.Location,type,1,field_type_reference,org.eclipse.cargotracker.domain.model.location.SampleLocations.DALLAS
org.eclipse.cargotracker.domain.model.location.SampleLocations,org.eclipse.cargotracker.domain.model.location.UnLocode,call,2,method_call,"<org.eclipse.cargotracker.domain.model.location.SampleLocations: void <clinit>()> :: specialinvoke $r1.<org.eclipse.cargotracker.domain.model.location.UnLocode: void <init>(java.lang.String)>(""CNHKG"")"
org.eclipse.cargotracker.domain.model.location.SampleLocations,org.eclipse.cargotracker.domain.model.location.Location,call,2,method_call,"<org.eclipse.cargotracker.domain.model.location.SampleLocations: void <clinit>()> :: specialinvoke $r0.<org.eclipse.cargotracker.domain.model.location.Location: void <init>(org.eclipse.cargotracker.domain.model.location.UnLocode,java.lang.String)>($r1, ""Hong Kong"")"
org.eclipse.cargotracker.domain.model.location.SampleLocations,org.eclipse.cargotracker.domain.model.location.UnLocode,call,2,method_call,"<org.eclipse.cargotracker.domain.model.location.SampleLocations: void <clinit>()> :: specialinvoke $r3.<org.eclipse.cargotracker.domain.model.location.UnLocode: void <init>(java.lang.String)>(""AUMEL"")"
org.eclipse.cargotracker.domain.model.location.SampleLocations,org.eclipse.cargotracker.domain.model.location.Location,call,2,method_call,"<org.eclipse.cargotracker.domain.model.location.SampleLocations: void <clinit>()> :: specialinvoke $r2.<org.eclipse.cargotracker.domain.model.location.Location: void <init>(org.eclipse.cargotracker.domain.model.location.UnLocode,java.lang.String)>($r3, ""Melbourne"")"
org.eclipse.cargotracker.domain.model.location.SampleLocations,org.eclipse.cargotracker.domain.model.location.UnLocode,call,2,method_call,"<org.eclipse.cargotracker.domain.model.location.SampleLocations: void <clinit>()> :: specialinvoke $r5.<org.eclipse.cargotracker.domain.model.location.UnLocode: void <init>(java.lang.String)>(""SESTO"")"
org.eclipse.cargotracker.domain.model.location.SampleLocations,org.eclipse.cargotracker.domain.model.location.Location,call,2,method_call,"<org.eclipse.cargotracker.domain.model.location.SampleLocations: void <clinit>()> :: specialinvoke $r4.<org.eclipse.cargotracker.domain.model.location.Location: void <init>(org.eclipse.cargotracker.domain.model.location.UnLocode,java.lang.String)>($r5, ""Stockholm"")"
org.eclipse.cargotracker.domain.model.location.SampleLocations,org.eclipse.cargotracker.domain.model.location.UnLocode,call,2,method_call,"<org.eclipse.cargotracker.domain.model.location.SampleLocations: void <clinit>()> :: specialinvoke $r7.<org.eclipse.cargotracker.domain.model.location.UnLocode: void <init>(java.lang.String)>(""FIHEL"")"
org.eclipse.cargotracker.domain.model.location.SampleLocations,org.eclipse.cargotracker.domain.model.location.Location,call,2,method_call,"<org.eclipse.cargotracker.domain.model.location.SampleLocations: void <clinit>()> :: specialinvoke $r6.<org.eclipse.cargotracker.domain.model.location.Location: void <init>(org.eclipse.cargotracker.domain.model.location.UnLocode,java.lang.String)>($r7, ""Helsinki"")"
org.eclipse.cargotracker.domain.model.location.SampleLocations,org.eclipse.cargotracker.domain.model.location.UnLocode,call,2,method_call,"<org.eclipse.cargotracker.domain.model.location.SampleLocations: void <clinit>()> :: specialinvoke $r9.<org.eclipse.cargotracker.domain.model.location.UnLocode: void <init>(java.lang.String)>(""USCHI"")"
org.eclipse.cargotracker.domain.model.location.SampleLocations,org.eclipse.cargotracker.domain.model.location.Location,call,2,method_call,"<org.eclipse.cargotracker.domain.model.location.SampleLocations: void <clinit>()> :: specialinvoke $r8.<org.eclipse.cargotracker.domain.model.location.Location: void <init>(org.eclipse.cargotracker.domain.model.location.UnLocode,java.lang.String)>($r9, ""Chicago"")"
org.eclipse.cargotracker.domain.model.location.SampleLocations,org.eclipse.cargotracker.domain.model.location.UnLocode,call,2,method_call,"<org.eclipse.cargotracker.domain.model.location.SampleLocations: void <clinit>()> :: specialinvoke $r11.<org.eclipse.cargotracker.domain.model.location.UnLocode: void <init>(java.lang.String)>(""JNTKO"")"
org.eclipse.cargotracker.domain.model.location.SampleLocations,org.eclipse.cargotracker.domain.model.location.Location,call,2,method_call,"<org.eclipse.cargotracker.domain.model.location.SampleLocations: void <clinit>()> :: specialinvoke $r10.<org.eclipse.cargotracker.domain.model.location.Location: void <init>(org.eclipse.cargotracker.domain.model.location.UnLocode,java.lang.String)>($r11, ""Tokyo"")"
org.eclipse.cargotracker.domain.model.location.SampleLocations,org.eclipse.cargotracker.domain.model.location.UnLocode,call,2,method_call,"<org.eclipse.cargotracker.domain.model.location.SampleLocations: void <clinit>()> :: specialinvoke $r13.<org.eclipse.cargotracker.domain.model.location.UnLocode: void <init>(java.lang.String)>(""DEHAM"")"
org.eclipse.cargotracker.domain.model.location.SampleLocations,org.eclipse.cargotracker.domain.model.location.Location,call,2,method_call,"<org.eclipse.cargotracker.domain.model.location.SampleLocations: void <clinit>()> :: specialinvoke $r12.<org.eclipse.cargotracker.domain.model.location.Location: void <init>(org.eclipse.cargotracker.domain.model.location.UnLocode,java.lang.String)>($r13, ""Hamburg"")"
org.eclipse.cargotracker.domain.model.location.SampleLocations,org.eclipse.cargotracker.domain.model.location.UnLocode,call,2,method_call,"<org.eclipse.cargotracker.domain.model.location.SampleLocations: void <clinit>()> :: specialinvoke $r15.<org.eclipse.cargotracker.domain.model.location.UnLocode: void <init>(java.lang.String)>(""CNSHA"")"
org.eclipse.cargotracker.domain.model.location.SampleLocations,org.eclipse.cargotracker.domain.model.location.Location,call,2,method_call,"<org.eclipse.cargotracker.domain.model.location.SampleLocations: void <clinit>()> :: specialinvoke $r14.<org.eclipse.cargotracker.domain.model.location.Location: void <init>(org.eclipse.cargotracker.domain.model.location.UnLocode,java.lang.String)>($r15, ""Shanghai"")"
org.eclipse.cargotracker.domain.model.location.SampleLocations,org.eclipse.cargotracker.domain.model.location.UnLocode,call,2,method_call,"<org.eclipse.cargotracker.domain.model.location.SampleLocations: void <clinit>()> :: specialinvoke $r17.<org.eclipse.cargotracker.domain.model.location.UnLocode: void <init>(java.lang.String)>(""NLRTM"")"
org.eclipse.cargotracker.domain.model.location.SampleLocations,org.eclipse.cargotracker.domain.model.location.Location,call,2,method_call,"<org.eclipse.cargotracker.domain.model.location.SampleLocations: void <clinit>()> :: specialinvoke $r16.<org.eclipse.cargotracker.domain.model.location.Location: void <init>(org.eclipse.cargotracker.domain.model.location.UnLocode,java.lang.String)>($r17, ""Rotterdam"")"
org.eclipse.cargotracker.domain.model.location.SampleLocations,org.eclipse.cargotracker.domain.model.location.UnLocode,call,2,method_call,"<org.eclipse.cargotracker.domain.model.location.SampleLocations: void <clinit>()> :: specialinvoke $r19.<org.eclipse.cargotracker.domain.model.location.UnLocode: void <init>(java.lang.String)>(""SEGOT"")"
org.eclipse.cargotracker.domain.model.location.SampleLocations,org.eclipse.cargotracker.domain.model.location.Location,call,2,method_call,"<org.eclipse.cargotracker.domain.model.location.SampleLocations: void <clinit>()> :: specialinvoke $r18.<org.eclipse.cargotracker.domain.model.location.Location: void <init>(org.eclipse.cargotracker.domain.model.location.UnLocode,java.lang.String)>($r19, ""Gothenburg"")"
org.eclipse.cargotracker.domain.model.location.SampleLocations,org.eclipse.cargotracker.domain.model.location.UnLocode,call,2,method_call,"<org.eclipse.cargotracker.domain.model.location.SampleLocations: void <clinit>()> :: specialinvoke $r21.<org.eclipse.cargotracker.domain.model.location.UnLocode: void <init>(java.lang.String)>(""CNHGH"")"
org.eclipse.cargotracker.domain.model.location.SampleLocations,org.eclipse.cargotracker.domain.model.location.Location,call,2,method_call,"<org.eclipse.cargotracker.domain.model.location.SampleLocations: void <clinit>()> :: specialinvoke $r20.<org.eclipse.cargotracker.domain.model.location.Location: void <init>(org.eclipse.cargotracker.domain.model.location.UnLocode,java.lang.String)>($r21, ""Hangzhou"")"
org.eclipse.cargotracker.domain.model.location.SampleLocations,org.eclipse.cargotracker.domain.model.location.UnLocode,call,2,method_call,"<org.eclipse.cargotracker.domain.model.location.SampleLocations: void <clinit>()> :: specialinvoke $r23.<org.eclipse.cargotracker.domain.model.location.UnLocode: void <init>(java.lang.String)>(""USNYC"")"
org.eclipse.cargotracker.domain.model.location.SampleLocations,org.eclipse.cargotracker.domain.model.location.Location,call,2,method_call,"<org.eclipse.cargotracker.domain.model.location.SampleLocations: void <clinit>()> :: specialinvoke $r22.<org.eclipse.cargotracker.domain.model.location.Location: void <init>(org.eclipse.cargotracker.domain.model.location.UnLocode,java.lang.String)>($r23, ""New York"")"
org.eclipse.cargotracker.domain.model.location.SampleLocations,org.eclipse.cargotracker.domain.model.location.UnLocode,call,2,method_call,"<org.eclipse.cargotracker.domain.model.location.SampleLocations: void <clinit>()> :: specialinvoke $r25.<org.eclipse.cargotracker.domain.model.location.UnLocode: void <init>(java.lang.String)>(""USDAL"")"
org.eclipse.cargotracker.domain.model.location.SampleLocations,org.eclipse.cargotracker.domain.model.location.Location,call,2,method_call,"<org.eclipse.cargotracker.domain.model.location.SampleLocations: void <clinit>()> :: specialinvoke $r24.<org.eclipse.cargotracker.domain.model.location.Location: void <init>(org.eclipse.cargotracker.domain.model.location.UnLocode,java.lang.String)>($r25, ""Dallas"")"
org.eclipse.cargotracker.domain.model.voyage.CarrierMovement,org.eclipse.cargotracker.domain.model.location.Location,type,1,field_type_reference,org.eclipse.cargotracker.domain.model.voyage.CarrierMovement.departureLocation
org.eclipse.cargotracker.domain.model.voyage.CarrierMovement,org.eclipse.cargotracker.domain.model.location.Location,type,1,field_type_reference,org.eclipse.cargotracker.domain.model.voyage.CarrierMovement.arrivalLocation
org.eclipse.cargotracker.domain.model.voyage.CarrierMovement,org.eclipse.cargotracker.domain.model.location.Location,type,1,method_parameter_type_reference,"<org.eclipse.cargotracker.domain.model.voyage.CarrierMovement: void <init>(org.eclipse.cargotracker.domain.model.location.Location,org.eclipse.cargotracker.domain.model.location.Location,java.time.LocalDateTime,java.time.LocalDateTime)>"
org.eclipse.cargotracker.domain.model.voyage.CarrierMovement,org.eclipse.cargotracker.domain.model.location.Location,type,1,method_return_type_reference,<org.eclipse.cargotracker.domain.model.voyage.CarrierMovement: org.eclipse.cargotracker.domain.model.location.Location getDepartureLocation()>
org.eclipse.cargotracker.domain.model.voyage.CarrierMovement,org.eclipse.cargotracker.domain.model.location.Location,type,1,method_return_type_reference,<org.eclipse.cargotracker.domain.model.voyage.CarrierMovement: org.eclipse.cargotracker.domain.model.location.Location getArrivalLocation()>
org.eclipse.cargotracker.domain.model.voyage.SampleVoyages,org.eclipse.cargotracker.domain.model.voyage.Voyage,type,1,field_type_reference,org.eclipse.cargotracker.domain.model.voyage.SampleVoyages.CM001
org.eclipse.cargotracker.domain.model.voyage.SampleVoyages,org.eclipse.cargotracker.domain.model.voyage.Voyage,type,1,field_type_reference,org.eclipse.cargotracker.domain.model.voyage.SampleVoyages.CM002
org.eclipse.cargotracker.domain.model.voyage.SampleVoyages,org.eclipse.cargotracker.domain.model.voyage.Voyage,type,1,field_type_reference,org.eclipse.cargotracker.domain.model.voyage.SampleVoyages.CM003
org.eclipse.cargotracker.domain.model.voyage.SampleVoyages,org.eclipse.cargotracker.domain.model.voyage.Voyage,type,1,field_type_reference,org.eclipse.cargotracker.domain.model.voyage.SampleVoyages.CM004
org.eclipse.cargotracker.domain.model.voyage.SampleVoyages,org.eclipse.cargotracker.domain.model.voyage.Voyage,type,1,field_type_reference,org.eclipse.cargotracker.domain.model.voyage.SampleVoyages.CM005
org.eclipse.cargotracker.domain.model.voyage.SampleVoyages,org.eclipse.cargotracker.domain.model.voyage.Voyage,type,1,field_type_reference,org.eclipse.cargotracker.domain.model.voyage.SampleVoyages.CM006
org.eclipse.cargotracker.domain.model.voyage.SampleVoyages,org.eclipse.cargotracker.domain.model.voyage.Voyage,type,1,field_type_reference,org.eclipse.cargotracker.domain.model.voyage.SampleVoyages.v100
org.eclipse.cargotracker.domain.model.voyage.SampleVoyages,org.eclipse.cargotracker.domain.model.voyage.Voyage,type,1,field_type_reference,org.eclipse.cargotracker.domain.model.voyage.SampleVoyages.v200
org.eclipse.cargotracker.domain.model.voyage.SampleVoyages,org.eclipse.cargotracker.domain.model.voyage.Voyage,type,1,field_type_reference,org.eclipse.cargotracker.domain.model.voyage.SampleVoyages.v300
org.eclipse.cargotracker.domain.model.voyage.SampleVoyages,org.eclipse.cargotracker.domain.model.voyage.Voyage,type,1,field_type_reference,org.eclipse.cargotracker.domain.model.voyage.SampleVoyages.v400
org.eclipse.cargotracker.domain.model.voyage.SampleVoyages,org.eclipse.cargotracker.domain.model.voyage.Voyage,type,1,field_type_reference,org.eclipse.cargotracker.domain.model.voyage.SampleVoyages.HONGKONG_TO_NEW_YORK
org.eclipse.cargotracker.domain.model.voyage.SampleVoyages,org.eclipse.cargotracker.domain.model.voyage.Voyage,type,1,field_type_reference,org.eclipse.cargotracker.domain.model.voyage.SampleVoyages.NEW_YORK_TO_DALLAS
org.eclipse.cargotracker.domain.model.voyage.SampleVoyages,org.eclipse.cargotracker.domain.model.voyage.Voyage,type,1,field_type_reference,org.eclipse.cargotracker.domain.model.voyage.SampleVoyages.DALLAS_TO_HELSINKI
org.eclipse.cargotracker.domain.model.voyage.SampleVoyages,org.eclipse.cargotracker.domain.model.voyage.Voyage,type,1,field_type_reference,org.eclipse.cargotracker.domain.model.voyage.SampleVoyages.DALLAS_TO_HELSINKI_ALT
org.eclipse.cargotracker.domain.model.voyage.SampleVoyages,org.eclipse.cargotracker.domain.model.voyage.Voyage,type,1,field_type_reference,org.eclipse.cargotracker.domain.model.voyage.SampleVoyages.HELSINKI_TO_HONGKONG
org.eclipse.cargotracker.domain.model.voyage.SampleVoyages,org.eclipse.cargotracker.domain.model.voyage.Voyage,type,1,method_return_type_reference,"<org.eclipse.cargotracker.domain.model.voyage.SampleVoyages: org.eclipse.cargotracker.domain.model.voyage.Voyage createVoyage(java.lang.String,org.eclipse.cargotracker.domain.model.location.Location,org.eclipse.cargotracker.domain.model.location.Location)>"
org.eclipse.cargotracker.domain.model.voyage.SampleVoyages,org.eclipse.cargotracker.domain.model.location.Location,type,1,method_parameter_type_reference,"<org.eclipse.cargotracker.domain.model.voyage.SampleVoyages: org.eclipse.cargotracker.domain.model.voyage.Voyage createVoyage(java.lang.String,org.eclipse.cargotracker.domain.model.location.Location,org.eclipse.cargotracker.domain.model.location.Location)>"
org.eclipse.cargotracker.domain.model.voyage.SampleVoyages,org.eclipse.cargotracker.domain.model.voyage.Voyage,type,1,method_return_type_reference,<org.eclipse.cargotracker.domain.model.voyage.SampleVoyages: org.eclipse.cargotracker.domain.model.voyage.Voyage lookup(org.eclipse.cargotracker.domain.model.voyage.VoyageNumber)>
org.eclipse.cargotracker.domain.model.voyage.SampleVoyages,org.eclipse.cargotracker.domain.model.voyage.VoyageNumber,type,1,method_parameter_type_reference,<org.eclipse.cargotracker.domain.model.voyage.SampleVoyages: org.eclipse.cargotracker.domain.model.voyage.Voyage lookup(org.eclipse.cargotracker.domain.model.voyage.VoyageNumber)>
org.eclipse.cargotracker.domain.model.voyage.SampleVoyages,org.eclipse.cargotracker.domain.model.voyage.VoyageNumber,call,2,method_call,"<org.eclipse.cargotracker.domain.model.voyage.SampleVoyages: org.eclipse.cargotracker.domain.model.voyage.Voyage createVoyage(java.lang.String,org.eclipse.cargotracker.domain.model.location.Location,org.eclipse.cargotracker.domain.model.location.Location)> :: specialinvoke $r1.<org.eclipse.cargotracker.domain.model.voyage.VoyageNumber: void <init>(java.lang.String)>(r2)"
org.eclipse.cargotracker.domain.model.voyage.SampleVoyages,org.eclipse.cargotracker.domain.model.voyage.CarrierMovement,call,2,method_call,"<org.eclipse.cargotracker.domain.model.voyage.SampleVoyages: org.eclipse.cargotracker.domain.model.voyage.Voyage createVoyage(java.lang.String,org.eclipse.cargotracker.domain.model.location.Location,org.eclipse.cargotracker.domain.model.location.Location)> :: specialinvoke $r4.<org.eclipse.cargotracker.domain.model.voyage.CarrierMovement: void <init>(org.eclipse.cargotracker.domain.model.location.Location,org.eclipse.cargotracker.domain.model.location.Location,java.time.LocalDateTime,java.time.LocalDateTime)>(r5, r6, $r8, $r7)"
org.eclipse.cargotracker.domain.model.voyage.SampleVoyages,org.eclipse.cargotracker.domain.model.voyage.Schedule,call,2,method_call,"<org.eclipse.cargotracker.domain.model.voyage.SampleVoyages: org.eclipse.cargotracker.domain.model.voyage.Voyage createVoyage(java.lang.String,org.eclipse.cargotracker.domain.model.location.Location,org.eclipse.cargotracker.domain.model.location.Location)> :: specialinvoke $r3.<org.eclipse.cargotracker.domain.model.voyage.Schedule: void <init>(java.util.List)>($r9)"
org.eclipse.cargotracker.domain.model.voyage.SampleVoyages,org.eclipse.cargotracker.domain.model.voyage.Voyage,call,2,method_call,"<org.eclipse.cargotracker.domain.model.voyage.SampleVoyages: org.eclipse.cargotracker.domain.model.voyage.Voyage createVoyage(java.lang.String,org.eclipse.cargotracker.domain.model.location.Location,org.eclipse.cargotracker.domain.model.location.Location)> :: specialinvoke $r0.<org.eclipse.cargotracker.domain.model.voyage.Voyage: void <init>(org.eclipse.cargotracker.domain.model.voyage.VoyageNumber,org.eclipse.cargotracker.domain.model.voyage.Schedule)>($r1, $r3)"
org.eclipse.cargotracker.domain.model.voyage.SampleVoyages,org.eclipse.cargotracker.domain.model.voyage.VoyageNumber,call,2,method_call,"<org.eclipse.cargotracker.domain.model.voyage.SampleVoyages: void <clinit>()> :: specialinvoke $r19.<org.eclipse.cargotracker.domain.model.voyage.VoyageNumber: void <init>(java.lang.String)>(""V100"")"
org.eclipse.cargotracker.domain.model.voyage.SampleVoyages,org.eclipse.cargotracker.domain.model.voyage.Voyage$Builder,call,2,method_call,"<org.eclipse.cargotracker.domain.model.voyage.SampleVoyages: void <clinit>()> :: specialinvoke $r18.<org.eclipse.cargotracker.domain.model.voyage.Voyage$Builder: void <init>(org.eclipse.cargotracker.domain.model.voyage.VoyageNumber,org.eclipse.cargotracker.domain.model.location.Location)>($r19, $r20)"
org.eclipse.cargotracker.domain.model.voyage.SampleVoyages,org.eclipse.cargotracker.domain.model.voyage.Voyage$Builder,call,2,method_call,"<org.eclipse.cargotracker.domain.model.voyage.SampleVoyages: void <clinit>()> :: $r43 = virtualinvoke $r18.<org.eclipse.cargotracker.domain.model.voyage.Voyage$Builder: org.eclipse.cargotracker.domain.model.voyage.Voyage$Builder addMovement(org.eclipse.cargotracker.domain.model.location.Location,java.time.LocalDateTime,java.time.LocalDateTime)>($r21, $r31, $r30)"
org.eclipse.cargotracker.domain.model.voyage.SampleVoyages,org.eclipse.cargotracker.domain.model.voyage.Voyage$Builder,call,2,method_call,"<org.eclipse.cargotracker.domain.model.voyage.SampleVoyages: void <clinit>()> :: $r44 = virtualinvoke $r43.<org.eclipse.cargotracker.domain.model.voyage.Voyage$Builder: org.eclipse.cargotracker.domain.model.voyage.Voyage$Builder addMovement(org.eclipse.cargotracker.domain.model.location.Location,java.time.LocalDateTime,java.time.LocalDateTime)>($r32, $r42, $r41)"
org.eclipse.cargotracker.domain.model.voyage.SampleVoyages,org.eclipse.cargotracker.domain.model.voyage.Voyage$Builder,call,2,method_call,<org.eclipse.cargotracker.domain.model.voyage.SampleVoyages: void <clinit>()> :: $r45 = virtualinvoke $r44.<org.eclipse.cargotracker.domain.model.voyage.Voyage$Builder: org.eclipse.cargotracker.domain.model.voyage.Voyage build()>()
org.eclipse.cargotracker.domain.model.voyage.SampleVoyages,org.eclipse.cargotracker.domain.model.voyage.VoyageNumber,call,2,method_call,"<org.eclipse.cargotracker.domain.model.voyage.SampleVoyages: void <clinit>()> :: specialinvoke $r47.<org.eclipse.cargotracker.domain.model.voyage.VoyageNumber: void <init>(java.lang.String)>(""V200"")"
org.eclipse.cargotracker.domain.model.voyage.SampleVoyages,org.eclipse.cargotracker.domain.model.voyage.Voyage$Builder,call,2,method_call,"<org.eclipse.cargotracker.domain.model.voyage.SampleVoyages: void <clinit>()> :: specialinvoke $r46.<org.eclipse.cargotracker.domain.model.voyage.Voyage$Builder: void <init>(org.eclipse.cargotracker.domain.model.voyage.VoyageNumber,org.eclipse.cargotracker.domain.model.location.Location)>($r47, $r48)"
org.eclipse.cargotracker.domain.model.voyage.SampleVoyages,org.eclipse.cargotracker.domain.model.voyage.Voyage$Builder,call,2,method_call,"<org.eclipse.cargotracker.domain.model.voyage.SampleVoyages: void <clinit>()> :: $r71 = virtualinvoke $r46.<org.eclipse.cargotracker.domain.model.voyage.Voyage$Builder: org.eclipse.cargotracker.domain.model.voyage.Voyage$Builder addMovement(org.eclipse.cargotracker.domain.model.location.Location,java.time.LocalDateTime,java.time.LocalDateTime)>($r49, $r59, $r58)"
org.eclipse.cargotracker.domain.model.voyage.SampleVoyages,org.eclipse.cargotracker.domain.model.voyage.Voyage$Builder,call,2,method_call,"<org.eclipse.cargotracker.domain.model.voyage.SampleVoyages: void <clinit>()> :: $r83 = virtualinvoke $r71.<org.eclipse.cargotracker.domain.model.voyage.Voyage$Builder: org.eclipse.cargotracker.domain.model.voyage.Voyage$Builder addMovement(org.eclipse.cargotracker.domain.model.location.Location,java.time.LocalDateTime,java.time.LocalDateTime)>($r60, $r70, $r69)"
org.eclipse.cargotracker.domain.model.voyage.SampleVoyages,org.eclipse.cargotracker.domain.model.voyage.Voyage$Builder,call,2,method_call,"<org.eclipse.cargotracker.domain.model.voyage.SampleVoyages: void <clinit>()> :: $r84 = virtualinvoke $r83.<org.eclipse.cargotracker.domain.model.voyage.Voyage$Builder: org.eclipse.cargotracker.domain.model.voyage.Voyage$Builder addMovement(org.eclipse.cargotracker.domain.model.location.Location,java.time.LocalDateTime,java.time.LocalDateTime)>($r72, $r82, $r81)"
org.eclipse.cargotracker.domain.model.voyage.SampleVoyages,org.eclipse.cargotracker.domain.model.voyage.Voyage$Builder,call,2,method_call,<org.eclipse.cargotracker.domain.model.voyage.SampleVoyages: void <clinit>()> :: $r85 = virtualinvoke $r84.<org.eclipse.cargotracker.domain.model.voyage.Voyage$Builder: org.eclipse.cargotracker.domain.model.voyage.Voyage build()>()
org.eclipse.cargotracker.domain.model.voyage.SampleVoyages,org.eclipse.cargotracker.domain.model.voyage.VoyageNumber,call,2,method_call,"<org.eclipse.cargotracker.domain.model.voyage.SampleVoyages: void <clinit>()> :: specialinvoke $r87.<org.eclipse.cargotracker.domain.model.voyage.VoyageNumber: void <init>(java.lang.String)>(""V300"")"
org.eclipse.cargotracker.domain.model.voyage.SampleVoyages,org.eclipse.cargotracker.domain.model.voyage.Voyage$Builder,call,2,method_call,"<org.eclipse.cargotracker.domain.model.voyage.SampleVoyages: void <clinit>()> :: specialinvoke $r86.<org.eclipse.cargotracker.domain.model.voyage.Voyage$Builder: void <init>(org.eclipse.cargotracker.domain.model.voyage.VoyageNumber,org.eclipse.cargotracker.domain.model.location.Location)>($r87, $r88)"
org.eclipse.cargotracker.domain.model.voyage.SampleVoyages,org.eclipse.cargotracker.domain.model.voyage.Voyage$Builder,call,2,method_call,"<org.eclipse.cargotracker.domain.model.voyage.SampleVoyages: void <clinit>()> :: $r111 = virtualinvoke $r86.<org.eclipse.cargotracker.domain.model.voyage.Voyage$Builder: org.eclipse.cargotracker.domain.model.voyage.Voyage$Builder addMovement(org.eclipse.cargotracker.domain.model.location.Location,java.time.LocalDateTime,java.time.LocalDateTime)>($r89, $r99, $r98)"
org.eclipse.cargotracker.domain.model.voyage.SampleVoyages,org.eclipse.cargotracker.domain.model.voyage.Voyage$Builder,call,2,method_call,"<org.eclipse.cargotracker.domain.model.voyage.SampleVoyages: void <clinit>()> :: $r123 = virtualinvoke $r111.<org.eclipse.cargotracker.domain.model.voyage.Voyage$Builder: org.eclipse.cargotracker.domain.model.voyage.Voyage$Builder addMovement(org.eclipse.cargotracker.domain.model.location.Location,java.time.LocalDateTime,java.time.LocalDateTime)>($r100, $r110, $r109)"
org.eclipse.cargotracker.domain.model.voyage.SampleVoyages,org.eclipse.cargotracker.domain.model.voyage.Voyage$Builder,call,2,method_call,"<org.eclipse.cargotracker.domain.model.voyage.SampleVoyages: void <clinit>()> :: $r135 = virtualinvoke $r123.<org.eclipse.cargotracker.domain.model.voyage.Voyage$Builder: org.eclipse.cargotracker.domain.model.voyage.Voyage$Builder addMovement(org.eclipse.cargotracker.domain.model.location.Location,java.time.LocalDateTime,java.time.LocalDateTime)>($r112, $r122, $r121)"
org.eclipse.cargotracker.domain.model.voyage.SampleVoyages,org.eclipse.cargotracker.domain.model.voyage.Voyage$Builder,call,2,method_call,"<org.eclipse.cargotracker.domain.model.voyage.SampleVoyages: void <clinit>()> :: $r136 = virtualinvoke $r135.<org.eclipse.cargotracker.domain.model.voyage.Voyage$Builder: org.eclipse.cargotracker.domain.model.voyage.Voyage$Builder addMovement(org.eclipse.cargotracker.domain.model.location.Location,java.time.LocalDateTime,java.time.LocalDateTime)>($r124, $r134, $r133)"
org.eclipse.cargotracker.domain.model.voyage.SampleVoyages,org.eclipse.cargotracker.domain.model.voyage.Voyage$Builder,call,2,method_call,<org.eclipse.cargotracker.domain.model.voyage.SampleVoyages: void <clinit>()> :: $r137 = virtualinvoke $r136.<org.eclipse.cargotracker.domain.model.voyage.Voyage$Builder: org.eclipse.cargotracker.domain.model.voyage.Voyage build()>()
org.eclipse.cargotracker.domain.model.voyage.SampleVoyages,org.eclipse.cargotracker.domain.model.voyage.VoyageNumber,call,2,method_call,"<org.eclipse.cargotracker.domain.model.voyage.SampleVoyages: void <clinit>()> :: specialinvoke $r139.<org.eclipse.cargotracker.domain.model.voyage.VoyageNumber: void <init>(java.lang.String)>(""V400"")"
org.eclipse.cargotracker.domain.model.voyage.SampleVoyages,org.eclipse.cargotracker.domain.model.voyage.Voyage$Builder,call,2,method_call,"<org.eclipse.cargotracker.domain.model.voyage.SampleVoyages: void <clinit>()> :: specialinvoke $r138.<org.eclipse.cargotracker.domain.model.voyage.Voyage$Builder: void <init>(org.eclipse.cargotracker.domain.model.voyage.VoyageNumber,org.eclipse.cargotracker.domain.model.location.Location)>($r139, $r140)"
org.eclipse.cargotracker.domain.model.voyage.SampleVoyages,org.eclipse.cargotracker.domain.model.voyage.Voyage$Builder,call,2,method_call,"<org.eclipse.cargotracker.domain.model.voyage.SampleVoyages: void <clinit>()> :: $r163 = virtualinvoke $r138.<org.eclipse.cargotracker.domain.model.voyage.Voyage$Builder: org.eclipse.cargotracker.domain.model.voyage.Voyage$Builder addMovement(org.eclipse.cargotracker.domain.model.location.Location,java.time.LocalDateTime,java.time.LocalDateTime)>($r141, $r151, $r150)"
org.eclipse.cargotracker.domain.model.voyage.SampleVoyages,org.eclipse.cargotracker.domain.model.voyage.Voyage$Builder,call,2,method_call,"<org.eclipse.cargotracker.domain.model.voyage.SampleVoyages: void <clinit>()> :: $r175 = virtualinvoke $r163.<org.eclipse.cargotracker.domain.model.voyage.Voyage$Builder: org.eclipse.cargotracker.domain.model.voyage.Voyage$Builder addMovement(org.eclipse.cargotracker.domain.model.location.Location,java.time.LocalDateTime,java.time.LocalDateTime)>($r152, $r162, $r161)"
org.eclipse.cargotracker.domain.model.voyage.SampleVoyages,org.eclipse.cargotracker.domain.model.voyage.Voyage$Builder,call,2,method_call,"<org.eclipse.cargotracker.domain.model.voyage.SampleVoyages: void <clinit>()> :: $r176 = virtualinvoke $r175.<org.eclipse.cargotracker.domain.model.voyage.Voyage$Builder: org.eclipse.cargotracker.domain.model.voyage.Voyage$Builder addMovement(org.eclipse.cargotracker.domain.model.location.Location,java.time.LocalDateTime,java.time.LocalDateTime)>($r164, $r174, $r173)"
org.eclipse.cargotracker.domain.model.voyage.SampleVoyages,org.eclipse.cargotracker.domain.model.voyage.Voyage$Builder,call,2,method_call,<org.eclipse.cargotracker.domain.model.voyage.SampleVoyages: void <clinit>()> :: $r177 = virtualinvoke $r176.<org.eclipse.cargotracker.domain.model.voyage.Voyage$Builder: org.eclipse.cargotracker.domain.model.voyage.Voyage build()>()
org.eclipse.cargotracker.domain.model.voyage.SampleVoyages,org.eclipse.cargotracker.domain.model.voyage.VoyageNumber,call,2,method_call,"<org.eclipse.cargotracker.domain.model.voyage.SampleVoyages: void <clinit>()> :: specialinvoke $r179.<org.eclipse.cargotracker.domain.model.voyage.VoyageNumber: void <init>(java.lang.String)>(""0100S"")"
org.eclipse.cargotracker.domain.model.voyage.SampleVoyages,org.eclipse.cargotracker.domain.model.voyage.Voyage$Builder,call,2,method_call,"<org.eclipse.cargotracker.domain.model.voyage.SampleVoyages: void <clinit>()> :: specialinvoke $r178.<org.eclipse.cargotracker.domain.model.voyage.Voyage$Builder: void <init>(org.eclipse.cargotracker.domain.model.voyage.VoyageNumber,org.eclipse.cargotracker.domain.model.location.Location)>($r179, $r180)"
org.eclipse.cargotracker.domain.model.voyage.SampleVoyages,org.eclipse.cargotracker.domain.model.voyage.Voyage$Builder,call,2,method_call,"<org.eclipse.cargotracker.domain.model.voyage.SampleVoyages: void <clinit>()> :: $r205 = virtualinvoke $r178.<org.eclipse.cargotracker.domain.model.voyage.Voyage$Builder: org.eclipse.cargotracker.domain.model.voyage.Voyage$Builder addMovement(org.eclipse.cargotracker.domain.model.location.Location,java.time.LocalDateTime,java.time.LocalDateTime)>($r181, $r192, $r191)"
org.eclipse.cargotracker.domain.model.voyage.SampleVoyages,org.eclipse.cargotracker.domain.model.voyage.Voyage$Builder,call,2,method_call,"<org.eclipse.cargotracker.domain.model.voyage.SampleVoyages: void <clinit>()> :: $r218 = virtualinvoke $r205.<org.eclipse.cargotracker.domain.model.voyage.Voyage$Builder: org.eclipse.cargotracker.domain.model.voyage.Voyage$Builder addMovement(org.eclipse.cargotracker.domain.model.location.Location,java.time.LocalDateTime,java.time.LocalDateTime)>($r193, $r204, $r203)"
org.eclipse.cargotracker.domain.model.voyage.SampleVoyages,org.eclipse.cargotracker.domain.model.voyage.Voyage$Builder,call,2,method_call,"<org.eclipse.cargotracker.domain.model.voyage.SampleVoyages: void <clinit>()> :: $r231 = virtualinvoke $r218.<org.eclipse.cargotracker.domain.model.voyage.Voyage$Builder: org.eclipse.cargotracker.domain.model.voyage.Voyage$Builder addMovement(org.eclipse.cargotracker.domain.model.location.Location,java.time.LocalDateTime,java.time.LocalDateTime)>($r206, $r217, $r216)"
org.eclipse.cargotracker.domain.model.voyage.SampleVoyages,org.eclipse.cargotracker.domain.model.voyage.Voyage$Builder,call,2,method_call,"<org.eclipse.cargotracker.domain.model.voyage.SampleVoyages: void <clinit>()> :: $r232 = virtualinvoke $r231.<org.eclipse.cargotracker.domain.model.voyage.Voyage$Builder: org.eclipse.cargotracker.domain.model.voyage.Voyage$Builder addMovement(org.eclipse.cargotracker.domain.model.location.Location,java.time.LocalDateTime,java.time.LocalDateTime)>($r219, $r230, $r229)"
org.eclipse.cargotracker.domain.model.voyage.SampleVoyages,org.eclipse.cargotracker.domain.model.voyage.Voyage$Builder,call,2,method_call,<org.eclipse.cargotracker.domain.model.voyage.SampleVoyages: void <clinit>()> :: $r233 = virtualinvoke $r232.<org.eclipse.cargotracker.domain.model.voyage.Voyage$Builder: org.eclipse.cargotracker.domain.model.voyage.Voyage build()>()
org.eclipse.cargotracker.domain.model.voyage.SampleVoyages,org.eclipse.cargotracker.domain.model.voyage.VoyageNumber,call,2,method_call,"<org.eclipse.cargotracker.domain.model.voyage.SampleVoyages: void <clinit>()> :: specialinvoke $r235.<org.eclipse.cargotracker.domain.model.voyage.VoyageNumber: void <init>(java.lang.String)>(""0200T"")"
org.eclipse.cargotracker.domain.model.voyage.SampleVoyages,org.eclipse.cargotracker.domain.model.voyage.Voyage$Builder,call,2,method_call,"<org.eclipse.cargotracker.domain.model.voyage.SampleVoyages: void <clinit>()> :: specialinvoke $r234.<org.eclipse.cargotracker.domain.model.voyage.Voyage$Builder: void <init>(org.eclipse.cargotracker.domain.model.voyage.VoyageNumber,org.eclipse.cargotracker.domain.model.location.Location)>($r235, $r236)"
org.eclipse.cargotracker.domain.model.voyage.SampleVoyages,org.eclipse.cargotracker.domain.model.voyage.Voyage$Builder,call,2,method_call,"<org.eclipse.cargotracker.domain.model.voyage.SampleVoyages: void <clinit>()> :: $r262 = virtualinvoke $r234.<org.eclipse.cargotracker.domain.model.voyage.Voyage$Builder: org.eclipse.cargotracker.domain.model.voyage.Voyage$Builder addMovement(org.eclipse.cargotracker.domain.model.location.Location,java.time.LocalDateTime,java.time.LocalDateTime)>($r237, $r248, $r247)"
org.eclipse.cargotracker.domain.model.voyage.SampleVoyages,org.eclipse.cargotracker.domain.model.voyage.Voyage$Builder,call,2,method_call,"<org.eclipse.cargotracker.domain.model.voyage.SampleVoyages: void <clinit>()> :: $r263 = virtualinvoke $r262.<org.eclipse.cargotracker.domain.model.voyage.Voyage$Builder: org.eclipse.cargotracker.domain.model.voyage.Voyage$Builder addMovement(org.eclipse.cargotracker.domain.model.location.Location,java.time.LocalDateTime,java.time.LocalDateTime)>($r249, $r261, $r260)"
org.eclipse.cargotracker.domain.model.voyage.SampleVoyages,org.eclipse.cargotracker.domain.model.voyage.Voyage$Builder,call,2,method_call,<org.eclipse.cargotracker.domain.model.voyage.SampleVoyages: void <clinit>()> :: $r264 = virtualinvoke $r263.<org.eclipse.cargotracker.domain.model.voyage.Voyage$Builder: org.eclipse.cargotracker.domain.model.voyage.Voyage build()>()
org.eclipse.cargotracker.domain.model.voyage.SampleVoyages,org.eclipse.cargotracker.domain.model.voyage.VoyageNumber,call,2,method_call,"<org.eclipse.cargotracker.domain.model.voyage.SampleVoyages: void <clinit>()> :: specialinvoke $r266.<org.eclipse.cargotracker.domain.model.voyage.VoyageNumber: void <init>(java.lang.String)>(""0300A"")"
org.eclipse.cargotracker.domain.model.voyage.SampleVoyages,org.eclipse.cargotracker.domain.model.voyage.Voyage$Builder,call,2,method_call,"<org.eclipse.cargotracker.domain.model.voyage.SampleVoyages: void <clinit>()> :: specialinvoke $r265.<org.eclipse.cargotracker.domain.model.voyage.Voyage$Builder: void <init>(org.eclipse.cargotracker.domain.model.voyage.VoyageNumber,org.eclipse.cargotracker.domain.model.location.Location)>($r266, $r267)"
org.eclipse.cargotracker.domain.model.voyage.SampleVoyages,org.eclipse.cargotracker.domain.model.voyage.Voyage$Builder,call,2,method_call,"<org.eclipse.cargotracker.domain.model.voyage.SampleVoyages: void <clinit>()> :: $r293 = virtualinvoke $r265.<org.eclipse.cargotracker.domain.model.voyage.Voyage$Builder: org.eclipse.cargotracker.domain.model.voyage.Voyage$Builder addMovement(org.eclipse.cargotracker.domain.model.location.Location,java.time.LocalDateTime,java.time.LocalDateTime)>($r268, $r279, $r278)"
org.eclipse.cargotracker.domain.model.voyage.SampleVoyages,org.eclipse.cargotracker.domain.model.voyage.Voyage$Builder,call,2,method_call,"<org.eclipse.cargotracker.domain.model.voyage.SampleVoyages: void <clinit>()> :: $r306 = virtualinvoke $r293.<org.eclipse.cargotracker.domain.model.voyage.Voyage$Builder: org.eclipse.cargotracker.domain.model.voyage.Voyage$Builder addMovement(org.eclipse.cargotracker.domain.model.location.Location,java.time.LocalDateTime,java.time.LocalDateTime)>($r280, $r292, $r291)"
org.eclipse.cargotracker.domain.model.voyage.SampleVoyages,org.eclipse.cargotracker.domain.model.voyage.Voyage$Builder,call,2,method_call,"<org.eclipse.cargotracker.domain.model.voyage.SampleVoyages: void <clinit>()> :: $r307 = virtualinvoke $r306.<org.eclipse.cargotracker.domain.model.voyage.Voyage$Builder: org.eclipse.cargotracker.domain.model.voyage.Voyage$Builder addMovement(org.eclipse.cargotracker.domain.model.location.Location,java.time.LocalDateTime,java.time.LocalDateTime)>($r294, $r305, $r304)"
org.eclipse.cargotracker.domain.model.voyage.SampleVoyages,org.eclipse.cargotracker.domain.model.voyage.Voyage$Builder,call,2,method_call,<org.eclipse.cargotracker.domain.model.voyage.SampleVoyages: void <clinit>()> :: $r308 = virtualinvoke $r307.<org.eclipse.cargotracker.domain.model.voyage.Voyage$Builder: org.eclipse.cargotracker.domain.model.voyage.Voyage build()>()
org.eclipse.cargotracker.domain.model.voyage.SampleVoyages,org.eclipse.cargotracker.domain.model.voyage.VoyageNumber,call,2,method_call,"<org.eclipse.cargotracker.domain.model.voyage.SampleVoyages: void <clinit>()> :: specialinvoke $r310.<org.eclipse.cargotracker.domain.model.voyage.VoyageNumber: void <init>(java.lang.String)>(""0301S"")"
org.eclipse.cargotracker.domain.model.voyage.SampleVoyages,org.eclipse.cargotracker.domain.model.voyage.Voyage$Builder,call,2,method_call,"<org.eclipse.cargotracker.domain.model.voyage.SampleVoyages: void <clinit>()> :: specialinvoke $r309.<org.eclipse.cargotracker.domain.model.voyage.Voyage$Builder: void <init>(org.eclipse.cargotracker.domain.model.voyage.VoyageNumber,org.eclipse.cargotracker.domain.model.location.Location)>($r310, $r311)"
org.eclipse.cargotracker.domain.model.voyage.SampleVoyages,org.eclipse.cargotracker.domain.model.voyage.Voyage$Builder,call,2,method_call,"<org.eclipse.cargotracker.domain.model.voyage.SampleVoyages: void <clinit>()> :: $r325 = virtualinvoke $r309.<org.eclipse.cargotracker.domain.model.voyage.Voyage$Builder: org.eclipse.cargotracker.domain.model.voyage.Voyage$Builder addMovement(org.eclipse.cargotracker.domain.model.location.Location,java.time.LocalDateTime,java.time.LocalDateTime)>($r312, $r324, $r323)"
org.eclipse.cargotracker.domain.model.voyage.SampleVoyages,org.eclipse.cargotracker.domain.model.voyage.Voyage$Builder,call,2,method_call,<org.eclipse.cargotracker.domain.model.voyage.SampleVoyages: void <clinit>()> :: $r326 = virtualinvoke $r325.<org.eclipse.cargotracker.domain.model.voyage.Voyage$Builder: org.eclipse.cargotracker.domain.model.voyage.Voyage build()>()
org.eclipse.cargotracker.domain.model.voyage.SampleVoyages,org.eclipse.cargotracker.domain.model.voyage.VoyageNumber,call,2,method_call,"<org.eclipse.cargotracker.domain.model.voyage.SampleVoyages: void <clinit>()> :: specialinvoke $r328.<org.eclipse.cargotracker.domain.model.voyage.VoyageNumber: void <init>(java.lang.String)>(""0400S"")"
org.eclipse.cargotracker.domain.model.voyage.SampleVoyages,org.eclipse.cargotracker.domain.model.voyage.Voyage$Builder,call,2,method_call,"<org.eclipse.cargotracker.domain.model.voyage.SampleVoyages: void <clinit>()> :: specialinvoke $r327.<org.eclipse.cargotracker.domain.model.voyage.Voyage$Builder: void <init>(org.eclipse.cargotracker.domain.model.voyage.VoyageNumber,org.eclipse.cargotracker.domain.model.location.Location)>($r328, $r329)"
org.eclipse.cargotracker.domain.model.voyage.SampleVoyages,org.eclipse.cargotracker.domain.model.voyage.Voyage$Builder,call,2,method_call,"<org.eclipse.cargotracker.domain.model.voyage.SampleVoyages: void <clinit>()> :: $r356 = virtualinvoke $r327.<org.eclipse.cargotracker.domain.model.voyage.Voyage$Builder: org.eclipse.cargotracker.domain.model.voyage.Voyage$Builder addMovement(org.eclipse.cargotracker.domain.model.location.Location,java.time.LocalDateTime,java.time.LocalDateTime)>($r330, $r342, $r341)"
org.eclipse.cargotracker.domain.model.voyage.SampleVoyages,org.eclipse.cargotracker.domain.model.voyage.Voyage$Builder,call,2,method_call,"<org.eclipse.cargotracker.domain.model.voyage.SampleVoyages: void <clinit>()> :: $r369 = virtualinvoke $r356.<org.eclipse.cargotracker.domain.model.voyage.Voyage$Builder: org.eclipse.cargotracker.domain.model.voyage.Voyage$Builder addMovement(org.eclipse.cargotracker.domain.model.location.Location,java.time.LocalDateTime,java.time.LocalDateTime)>($r343, $r355, $r354)"
org.eclipse.cargotracker.domain.model.voyage.SampleVoyages,org.eclipse.cargotracker.domain.model.voyage.Voyage$Builder,call,2,method_call,"<org.eclipse.cargotracker.domain.model.voyage.SampleVoyages: void <clinit>()> :: $r370 = virtualinvoke $r369.<org.eclipse.cargotracker.domain.model.voyage.Voyage$Builder: org.eclipse.cargotracker.domain.model.voyage.Voyage$Builder addMovement(org.eclipse.cargotracker.domain.model.location.Location,java.time.LocalDateTime,java.time.LocalDateTime)>($r357, $r368, $r367)"
org.eclipse.cargotracker.domain.model.voyage.SampleVoyages,org.eclipse.cargotracker.domain.model.voyage.Voyage$Builder,call,2,method_call,<org.eclipse.cargotracker.domain.model.voyage.SampleVoyages: void <clinit>()> :: $r371 = virtualinvoke $r370.<org.eclipse.cargotracker.domain.model.voyage.Voyage$Builder: org.eclipse.cargotracker.domain.model.voyage.Voyage build()>()
org.eclipse.cargotracker.domain.model.voyage.SampleVoyages,org.eclipse.cargotracker.domain.model.voyage.Voyage,call,2,method_call,<org.eclipse.cargotracker.domain.model.voyage.SampleVoyages: void <clinit>()> :: $r379 = virtualinvoke r382.<org.eclipse.cargotracker.domain.model.voyage.Voyage: org.eclipse.cargotracker.domain.model.voyage.VoyageNumber getVoyageNumber()>()
org.eclipse.cargotracker.domain.model.voyage.Voyage,org.eclipse.cargotracker.domain.model.voyage.VoyageNumber,type,1,field_type_reference,org.eclipse.cargotracker.domain.model.voyage.Voyage.voyageNumber
org.eclipse.cargotracker.domain.model.voyage.Voyage,org.eclipse.cargotracker.domain.model.voyage.Schedule,type,1,field_type_reference,org.eclipse.cargotracker.domain.model.voyage.Voyage.schedule
org.eclipse.cargotracker.domain.model.voyage.Voyage,org.eclipse.cargotracker.domain.model.voyage.VoyageNumber,type,1,method_parameter_type_reference,"<org.eclipse.cargotracker.domain.model.voyage.Voyage: void <init>(org.eclipse.cargotracker.domain.model.voyage.VoyageNumber,org.eclipse.cargotracker.domain.model.voyage.Schedule)>"
org.eclipse.cargotracker.domain.model.voyage.Voyage,org.eclipse.cargotracker.domain.model.voyage.Schedule,type,1,method_parameter_type_reference,"<org.eclipse.cargotracker.domain.model.voyage.Voyage: void <init>(org.eclipse.cargotracker.domain.model.voyage.VoyageNumber,org.eclipse.cargotracker.domain.model.voyage.Schedule)>"
org.eclipse.cargotracker.domain.model.voyage.Voyage,org.eclipse.cargotracker.domain.model.voyage.VoyageNumber,type,1,method_return_type_reference,<org.eclipse.cargotracker.domain.model.voyage.Voyage: org.eclipse.cargotracker.domain.model.voyage.VoyageNumber getVoyageNumber()>
org.eclipse.cargotracker.domain.model.voyage.Voyage,org.eclipse.cargotracker.domain.model.voyage.Schedule,type,1,method_return_type_reference,<org.eclipse.cargotracker.domain.model.voyage.Voyage: org.eclipse.cargotracker.domain.model.voyage.Schedule getSchedule()>
org.eclipse.cargotracker.domain.model.voyage.Voyage,org.eclipse.cargotracker.domain.model.voyage.VoyageNumber,call,2,method_call,<org.eclipse.cargotracker.domain.model.voyage.Voyage: int hashCode()> :: $i0 = virtualinvoke $r1.<org.eclipse.cargotracker.domain.model.voyage.VoyageNumber: int hashCode()>()
org.eclipse.cargotracker.domain.model.voyage.Voyage,org.eclipse.cargotracker.domain.model.voyage.VoyageNumber,call,2,method_call,<org.eclipse.cargotracker.domain.model.voyage.Voyage: boolean sameIdentityAs(org.eclipse.cargotracker.domain.model.voyage.Voyage)> :: $z0 = virtualinvoke $r3.<org.eclipse.cargotracker.domain.model.voyage.VoyageNumber: boolean sameValueAs(org.eclipse.cargotracker.domain.model.voyage.VoyageNumber)>($r2)
org.eclipse.cargotracker.domain.model.voyage.Voyage,org.eclipse.cargotracker.domain.model.voyage.VoyageNumber,call,2,method_call,"<org.eclipse.cargotracker.domain.model.voyage.Voyage: void <clinit>()> :: specialinvoke $r1.<org.eclipse.cargotracker.domain.model.voyage.VoyageNumber: void <init>(java.lang.String)>("""")"
org.eclipse.cargotracker.domain.model.voyage.Voyage$Builder,org.eclipse.cargotracker.domain.model.voyage.VoyageNumber,type,1,field_type_reference,org.eclipse.cargotracker.domain.model.voyage.Voyage$Builder.voyageNumber
org.eclipse.cargotracker.domain.model.voyage.Voyage$Builder,org.eclipse.cargotracker.domain.model.location.Location,type,1,field_type_reference,org.eclipse.cargotracker.domain.model.voyage.Voyage$Builder.departureLocation
org.eclipse.cargotracker.domain.model.voyage.Voyage$Builder,org.eclipse.cargotracker.domain.model.voyage.VoyageNumber,type,1,method_parameter_type_reference,"<org.eclipse.cargotracker.domain.model.voyage.Voyage$Builder: void <init>(org.eclipse.cargotracker.domain.model.voyage.VoyageNumber,org.eclipse.cargotracker.domain.model.location.Location)>"
org.eclipse.cargotracker.domain.model.voyage.Voyage$Builder,org.eclipse.cargotracker.domain.model.location.Location,type,1,method_parameter_type_reference,"<org.eclipse.cargotracker.domain.model.voyage.Voyage$Builder: void <init>(org.eclipse.cargotracker.domain.model.voyage.VoyageNumber,org.eclipse.cargotracker.domain.model.location.Location)>"
org.eclipse.cargotracker.domain.model.voyage.Voyage$Builder,org.eclipse.cargotracker.domain.model.location.Location,type,1,method_parameter_type_reference,"<org.eclipse.cargotracker.domain.model.voyage.Voyage$Builder: org.eclipse.cargotracker.domain.model.voyage.Voyage$Builder addMovement(org.eclipse.cargotracker.domain.model.location.Location,java.time.LocalDateTime,java.time.LocalDateTime)>"
org.eclipse.cargotracker.domain.model.voyage.Voyage$Builder,org.eclipse.cargotracker.domain.model.voyage.Voyage,type,1,method_return_type_reference,<org.eclipse.cargotracker.domain.model.voyage.Voyage$Builder: org.eclipse.cargotracker.domain.model.voyage.Voyage build()>
org.eclipse.cargotracker.domain.model.voyage.Voyage$Builder,org.eclipse.cargotracker.domain.model.voyage.CarrierMovement,call,2,method_call,"<org.eclipse.cargotracker.domain.model.voyage.Voyage$Builder: org.eclipse.cargotracker.domain.model.voyage.Voyage$Builder addMovement(org.eclipse.cargotracker.domain.model.location.Location,java.time.LocalDateTime,java.time.LocalDateTime)> :: specialinvoke $r1.<org.eclipse.cargotracker.domain.model.voyage.CarrierMovement: void <init>(org.eclipse.cargotracker.domain.model.location.Location,org.eclipse.cargotracker.domain.model.location.Location,java.time.LocalDateTime,java.time.LocalDateTime)>($r5, r2, r3, r4)"
org.eclipse.cargotracker.domain.model.voyage.Voyage$Builder,org.eclipse.cargotracker.domain.model.voyage.Schedule,call,2,method_call,<org.eclipse.cargotracker.domain.model.voyage.Voyage$Builder: org.eclipse.cargotracker.domain.model.voyage.Voyage build()> :: specialinvoke $r2.<org.eclipse.cargotracker.domain.model.voyage.Schedule: void <init>(java.util.List)>($r3)
org.eclipse.cargotracker.domain.model.voyage.Voyage$Builder,org.eclipse.cargotracker.domain.model.voyage.Voyage,call,2,method_call,"<org.eclipse.cargotracker.domain.model.voyage.Voyage$Builder: org.eclipse.cargotracker.domain.model.voyage.Voyage build()> :: specialinvoke $r0.<org.eclipse.cargotracker.domain.model.voyage.Voyage: void <init>(org.eclipse.cargotracker.domain.model.voyage.VoyageNumber,org.eclipse.cargotracker.domain.model.voyage.Schedule)>($r4, $r2)"
org.eclipse.cargotracker.domain.model.voyage.VoyageRepository,org.eclipse.cargotracker.domain.model.voyage.Voyage,type,1,method_return_type_reference,<org.eclipse.cargotracker.domain.model.voyage.VoyageRepository: org.eclipse.cargotracker.domain.model.voyage.Voyage find(org.eclipse.cargotracker.domain.model.voyage.VoyageNumber)>
org.eclipse.cargotracker.domain.model.voyage.VoyageRepository,org.eclipse.cargotracker.domain.model.voyage.VoyageNumber,type,1,method_parameter_type_reference,<org.eclipse.cargotracker.domain.model.voyage.VoyageRepository: org.eclipse.cargotracker.domain.model.voyage.Voyage find(org.eclipse.cargotracker.domain.model.voyage.VoyageNumber)>
org.eclipse.cargotracker.domain.service.RoutingService,org.eclipse.cargotracker.domain.model.cargo.RouteSpecification,type,1,method_parameter_type_reference,<org.eclipse.cargotracker.domain.service.RoutingService: java.util.List fetchRoutesForSpecification(org.eclipse.cargotracker.domain.model.cargo.RouteSpecification)>
org.eclipse.cargotracker.domain.shared.AbstractSpecification,org.eclipse.cargotracker.domain.shared.Specification,type,1,implements_type_reference,org.eclipse.cargotracker.domain.shared.AbstractSpecification
org.eclipse.cargotracker.domain.shared.AbstractSpecification,org.eclipse.cargotracker.domain.shared.Specification,type,1,method_return_type_reference,<org.eclipse.cargotracker.domain.shared.AbstractSpecification: org.eclipse.cargotracker.domain.shared.Specification and(org.eclipse.cargotracker.domain.shared.Specification)>
org.eclipse.cargotracker.domain.shared.AbstractSpecification,org.eclipse.cargotracker.domain.shared.Specification,type,1,method_parameter_type_reference,<org.eclipse.cargotracker.domain.shared.AbstractSpecification: org.eclipse.cargotracker.domain.shared.Specification and(org.eclipse.cargotracker.domain.shared.Specification)>
org.eclipse.cargotracker.domain.shared.AbstractSpecification,org.eclipse.cargotracker.domain.shared.Specification,type,1,method_return_type_reference,<org.eclipse.cargotracker.domain.shared.AbstractSpecification: org.eclipse.cargotracker.domain.shared.Specification or(org.eclipse.cargotracker.domain.shared.Specification)>
org.eclipse.cargotracker.domain.shared.AbstractSpecification,org.eclipse.cargotracker.domain.shared.Specification,type,1,method_parameter_type_reference,<org.eclipse.cargotracker.domain.shared.AbstractSpecification: org.eclipse.cargotracker.domain.shared.Specification or(org.eclipse.cargotracker.domain.shared.Specification)>
org.eclipse.cargotracker.domain.shared.AbstractSpecification,org.eclipse.cargotracker.domain.shared.Specification,type,1,method_return_type_reference,<org.eclipse.cargotracker.domain.shared.AbstractSpecification: org.eclipse.cargotracker.domain.shared.Specification not(org.eclipse.cargotracker.domain.shared.Specification)>
org.eclipse.cargotracker.domain.shared.AbstractSpecification,org.eclipse.cargotracker.domain.shared.Specification,type,1,method_parameter_type_reference,<org.eclipse.cargotracker.domain.shared.AbstractSpecification: org.eclipse.cargotracker.domain.shared.Specification not(org.eclipse.cargotracker.domain.shared.Specification)>
org.eclipse.cargotracker.domain.shared.AbstractSpecification,org.eclipse.cargotracker.domain.shared.AndSpecification,call,2,method_call,"<org.eclipse.cargotracker.domain.shared.AbstractSpecification: org.eclipse.cargotracker.domain.shared.Specification and(org.eclipse.cargotracker.domain.shared.Specification)> :: specialinvoke $r0.<org.eclipse.cargotracker.domain.shared.AndSpecification: void <init>(org.eclipse.cargotracker.domain.shared.Specification,org.eclipse.cargotracker.domain.shared.Specification)>(r1, r2)"
org.eclipse.cargotracker.domain.shared.AbstractSpecification,org.eclipse.cargotracker.domain.shared.OrSpecification,call,2,method_call,"<org.eclipse.cargotracker.domain.shared.AbstractSpecification: org.eclipse.cargotracker.domain.shared.Specification or(org.eclipse.cargotracker.domain.shared.Specification)> :: specialinvoke $r0.<org.eclipse.cargotracker.domain.shared.OrSpecification: void <init>(org.eclipse.cargotracker.domain.shared.Specification,org.eclipse.cargotracker.domain.shared.Specification)>(r1, r2)"
org.eclipse.cargotracker.domain.shared.AbstractSpecification,org.eclipse.cargotracker.domain.shared.NotSpecification,call,2,method_call,<org.eclipse.cargotracker.domain.shared.AbstractSpecification: org.eclipse.cargotracker.domain.shared.Specification not(org.eclipse.cargotracker.domain.shared.Specification)> :: specialinvoke $r0.<org.eclipse.cargotracker.domain.shared.NotSpecification: void <init>(org.eclipse.cargotracker.domain.shared.Specification)>(r1)
org.eclipse.cargotracker.domain.shared.AndSpecification,org.eclipse.cargotracker.domain.shared.AbstractSpecification,type,1,extends_type_reference,org.eclipse.cargotracker.domain.shared.AndSpecification
org.eclipse.cargotracker.domain.shared.AndSpecification,org.eclipse.cargotracker.domain.shared.Specification,type,1,field_type_reference,org.eclipse.cargotracker.domain.shared.AndSpecification.spec1
org.eclipse.cargotracker.domain.shared.AndSpecification,org.eclipse.cargotracker.domain.shared.Specification,type,1,field_type_reference,org.eclipse.cargotracker.domain.shared.AndSpecification.spec2
org.eclipse.cargotracker.domain.shared.AndSpecification,org.eclipse.cargotracker.domain.shared.Specification,type,1,method_parameter_type_reference,"<org.eclipse.cargotracker.domain.shared.AndSpecification: void <init>(org.eclipse.cargotracker.domain.shared.Specification,org.eclipse.cargotracker.domain.shared.Specification)>"
org.eclipse.cargotracker.domain.shared.AndSpecification,org.eclipse.cargotracker.domain.shared.AbstractSpecification,call,2,method_call,"<org.eclipse.cargotracker.domain.shared.AndSpecification: void <init>(org.eclipse.cargotracker.domain.shared.Specification,org.eclipse.cargotracker.domain.shared.Specification)> :: specialinvoke r0.<org.eclipse.cargotracker.domain.shared.AbstractSpecification: void <init>()>()"
org.eclipse.cargotracker.domain.shared.AndSpecification,org.eclipse.cargotracker.domain.shared.Specification,call,2,method_call,<org.eclipse.cargotracker.domain.shared.AndSpecification: boolean isSatisfiedBy(java.lang.Object)> :: $z0 = interfaceinvoke $r2.<org.eclipse.cargotracker.domain.shared.Specification: boolean isSatisfiedBy(java.lang.Object)>(r1)
org.eclipse.cargotracker.domain.shared.AndSpecification,org.eclipse.cargotracker.domain.shared.Specification,call,2,method_call,<org.eclipse.cargotracker.domain.shared.AndSpecification: boolean isSatisfiedBy(java.lang.Object)> :: $z1 = interfaceinvoke $r3.<org.eclipse.cargotracker.domain.shared.Specification: boolean isSatisfiedBy(java.lang.Object)>(r1)
org.eclipse.cargotracker.domain.shared.NotSpecification,org.eclipse.cargotracker.domain.shared.AbstractSpecification,type,1,extends_type_reference,org.eclipse.cargotracker.domain.shared.NotSpecification
org.eclipse.cargotracker.domain.shared.NotSpecification,org.eclipse.cargotracker.domain.shared.Specification,type,1,field_type_reference,org.eclipse.cargotracker.domain.shared.NotSpecification.spec1
org.eclipse.cargotracker.domain.shared.NotSpecification,org.eclipse.cargotracker.domain.shared.Specification,type,1,method_parameter_type_reference,<org.eclipse.cargotracker.domain.shared.NotSpecification: void <init>(org.eclipse.cargotracker.domain.shared.Specification)>
org.eclipse.cargotracker.domain.shared.NotSpecification,org.eclipse.cargotracker.domain.shared.AbstractSpecification,call,2,method_call,<org.eclipse.cargotracker.domain.shared.NotSpecification: void <init>(org.eclipse.cargotracker.domain.shared.Specification)> :: specialinvoke r0.<org.eclipse.cargotracker.domain.shared.AbstractSpecification: void <init>()>()
org.eclipse.cargotracker.domain.shared.NotSpecification,org.eclipse.cargotracker.domain.shared.Specification,call,2,method_call,<org.eclipse.cargotracker.domain.shared.NotSpecification: boolean isSatisfiedBy(java.lang.Object)> :: $z0 = interfaceinvoke $r2.<org.eclipse.cargotracker.domain.shared.Specification: boolean isSatisfiedBy(java.lang.Object)>(r1)
org.eclipse.cargotracker.domain.shared.OrSpecification,org.eclipse.cargotracker.domain.shared.AbstractSpecification,type,1,extends_type_reference,org.eclipse.cargotracker.domain.shared.OrSpecification
org.eclipse.cargotracker.domain.shared.OrSpecification,org.eclipse.cargotracker.domain.shared.Specification,type,1,field_type_reference,org.eclipse.cargotracker.domain.shared.OrSpecification.spec1
org.eclipse.cargotracker.domain.shared.OrSpecification,org.eclipse.cargotracker.domain.shared.Specification,type,1,field_type_reference,org.eclipse.cargotracker.domain.shared.OrSpecification.spec2
org.eclipse.cargotracker.domain.shared.OrSpecification,org.eclipse.cargotracker.domain.shared.Specification,type,1,method_parameter_type_reference,"<org.eclipse.cargotracker.domain.shared.OrSpecification: void <init>(org.eclipse.cargotracker.domain.shared.Specification,org.eclipse.cargotracker.domain.shared.Specification)>"
org.eclipse.cargotracker.domain.shared.OrSpecification,org.eclipse.cargotracker.domain.shared.AbstractSpecification,call,2,method_call,"<org.eclipse.cargotracker.domain.shared.OrSpecification: void <init>(org.eclipse.cargotracker.domain.shared.Specification,org.eclipse.cargotracker.domain.shared.Specification)> :: specialinvoke r0.<org.eclipse.cargotracker.domain.shared.AbstractSpecification: void <init>()>()"
org.eclipse.cargotracker.domain.shared.OrSpecification,org.eclipse.cargotracker.domain.shared.Specification,call,2,method_call,<org.eclipse.cargotracker.domain.shared.OrSpecification: boolean isSatisfiedBy(java.lang.Object)> :: $z0 = interfaceinvoke $r2.<org.eclipse.cargotracker.domain.shared.Specification: boolean isSatisfiedBy(java.lang.Object)>(r1)
org.eclipse.cargotracker.domain.shared.OrSpecification,org.eclipse.cargotracker.domain.shared.Specification,call,2,method_call,<org.eclipse.cargotracker.domain.shared.OrSpecification: boolean isSatisfiedBy(java.lang.Object)> :: $z1 = interfaceinvoke $r3.<org.eclipse.cargotracker.domain.shared.Specification: boolean isSatisfiedBy(java.lang.Object)>(r1)
org.eclipse.cargotracker.infrastructure.messaging.jms.CargoHandledConsumer,org.eclipse.cargotracker.application.CargoInspectionService,type,1,field_type_reference,org.eclipse.cargotracker.infrastructure.messaging.jms.CargoHandledConsumer.cargoInspectionService
org.eclipse.cargotracker.infrastructure.messaging.jms.CargoHandledConsumer,org.eclipse.cargotracker.domain.model.cargo.TrackingId,call,2,method_call,<org.eclipse.cargotracker.infrastructure.messaging.jms.CargoHandledConsumer: void onMessage(jakarta.jms.Message)> :: specialinvoke $r3.<org.eclipse.cargotracker.domain.model.cargo.TrackingId: void <init>(java.lang.String)>(r1)
org.eclipse.cargotracker.infrastructure.messaging.jms.CargoHandledConsumer,org.eclipse.cargotracker.application.CargoInspectionService,call,2,method_call,<org.eclipse.cargotracker.infrastructure.messaging.jms.CargoHandledConsumer: void onMessage(jakarta.jms.Message)> :: interfaceinvoke $r4.<org.eclipse.cargotracker.application.CargoInspectionService: void inspectCargo(org.eclipse.cargotracker.domain.model.cargo.TrackingId)>($r3)
org.eclipse.cargotracker.infrastructure.messaging.jms.HandlingEventRegistrationAttemptConsumer,org.eclipse.cargotracker.application.HandlingEventService,type,1,field_type_reference,org.eclipse.cargotracker.infrastructure.messaging.jms.HandlingEventRegistrationAttemptConsumer.handlingEventService
org.eclipse.cargotracker.infrastructure.messaging.jms.HandlingEventRegistrationAttemptConsumer,org.eclipse.cargotracker.interfaces.handling.HandlingEventRegistrationAttempt,call,2,method_call,<org.eclipse.cargotracker.infrastructure.messaging.jms.HandlingEventRegistrationAttemptConsumer: void onMessage(jakarta.jms.Message)> :: $r9 = virtualinvoke r2.<org.eclipse.cargotracker.interfaces.handling.HandlingEventRegistrationAttempt: java.time.LocalDateTime getCompletionTime()>()
org.eclipse.cargotracker.infrastructure.messaging.jms.HandlingEventRegistrationAttemptConsumer,org.eclipse.cargotracker.interfaces.handling.HandlingEventRegistrationAttempt,call,2,method_call,<org.eclipse.cargotracker.infrastructure.messaging.jms.HandlingEventRegistrationAttemptConsumer: void onMessage(jakarta.jms.Message)> :: $r8 = virtualinvoke r2.<org.eclipse.cargotracker.interfaces.handling.HandlingEventRegistrationAttempt: org.eclipse.cargotracker.domain.model.cargo.TrackingId getTrackingId()>()
org.eclipse.cargotracker.infrastructure.messaging.jms.HandlingEventRegistrationAttemptConsumer,org.eclipse.cargotracker.interfaces.handling.HandlingEventRegistrationAttempt,call,2,method_call,<org.eclipse.cargotracker.infrastructure.messaging.jms.HandlingEventRegistrationAttemptConsumer: void onMessage(jakarta.jms.Message)> :: $r7 = virtualinvoke r2.<org.eclipse.cargotracker.interfaces.handling.HandlingEventRegistrationAttempt: org.eclipse.cargotracker.domain.model.voyage.VoyageNumber getVoyageNumber()>()
org.eclipse.cargotracker.infrastructure.messaging.jms.HandlingEventRegistrationAttemptConsumer,org.eclipse.cargotracker.interfaces.handling.HandlingEventRegistrationAttempt,call,2,method_call,<org.eclipse.cargotracker.infrastructure.messaging.jms.HandlingEventRegistrationAttemptConsumer: void onMessage(jakarta.jms.Message)> :: $r6 = virtualinvoke r2.<org.eclipse.cargotracker.interfaces.handling.HandlingEventRegistrationAttempt: org.eclipse.cargotracker.domain.model.location.UnLocode getUnLocode()>()
org.eclipse.cargotracker.infrastructure.messaging.jms.HandlingEventRegistrationAttemptConsumer,org.eclipse.cargotracker.interfaces.handling.HandlingEventRegistrationAttempt,call,2,method_call,<org.eclipse.cargotracker.infrastructure.messaging.jms.HandlingEventRegistrationAttemptConsumer: void onMessage(jakarta.jms.Message)> :: $r5 = virtualinvoke r2.<org.eclipse.cargotracker.interfaces.handling.HandlingEventRegistrationAttempt: org.eclipse.cargotracker.domain.model.handling.HandlingEvent$Type getType()>()
org.eclipse.cargotracker.infrastructure.messaging.jms.HandlingEventRegistrationAttemptConsumer,org.eclipse.cargotracker.application.HandlingEventService,call,2,method_call,"<org.eclipse.cargotracker.infrastructure.messaging.jms.HandlingEventRegistrationAttemptConsumer: void onMessage(jakarta.jms.Message)> :: interfaceinvoke $r4.<org.eclipse.cargotracker.application.HandlingEventService: void registerHandlingEvent(java.time.LocalDateTime,org.eclipse.cargotracker.domain.model.cargo.TrackingId,org.eclipse.cargotracker.domain.model.voyage.VoyageNumber,org.eclipse.cargotracker.domain.model.location.UnLocode,org.eclipse.cargotracker.domain.model.handling.HandlingEvent$Type)>($r9, $r8, $r7, $r6, $r5)"
org.eclipse.cargotracker.infrastructure.messaging.jms.JmsApplicationEvents,org.eclipse.cargotracker.application.ApplicationEvents,type,1,implements_type_reference,org.eclipse.cargotracker.infrastructure.messaging.jms.JmsApplicationEvents
org.eclipse.cargotracker.infrastructure.messaging.jms.JmsApplicationEvents,org.eclipse.cargotracker.domain.model.handling.HandlingEvent,type,1,method_parameter_type_reference,<org.eclipse.cargotracker.infrastructure.messaging.jms.JmsApplicationEvents: void cargoWasHandled(org.eclipse.cargotracker.domain.model.handling.HandlingEvent)>
org.eclipse.cargotracker.infrastructure.messaging.jms.JmsApplicationEvents,org.eclipse.cargotracker.domain.model.cargo.Cargo,type,1,method_parameter_type_reference,<org.eclipse.cargotracker.infrastructure.messaging.jms.JmsApplicationEvents: void cargoWasMisdirected(org.eclipse.cargotracker.domain.model.cargo.Cargo)>
org.eclipse.cargotracker.infrastructure.messaging.jms.JmsApplicationEvents,org.eclipse.cargotracker.domain.model.cargo.Cargo,type,1,method_parameter_type_reference,<org.eclipse.cargotracker.infrastructure.messaging.jms.JmsApplicationEvents: void cargoHasArrived(org.eclipse.cargotracker.domain.model.cargo.Cargo)>
org.eclipse.cargotracker.infrastructure.messaging.jms.JmsApplicationEvents,org.eclipse.cargotracker.interfaces.handling.HandlingEventRegistrationAttempt,type,1,method_parameter_type_reference,<org.eclipse.cargotracker.infrastructure.messaging.jms.JmsApplicationEvents: void receivedHandlingEventRegistrationAttempt(org.eclipse.cargotracker.interfaces.handling.HandlingEventRegistrationAttempt)>
org.eclipse.cargotracker.infrastructure.messaging.jms.JmsApplicationEvents,org.eclipse.cargotracker.domain.model.handling.HandlingEvent,call,2,method_call,<org.eclipse.cargotracker.infrastructure.messaging.jms.JmsApplicationEvents: void cargoWasHandled(org.eclipse.cargotracker.domain.model.handling.HandlingEvent)> :: r1 = virtualinvoke r0.<org.eclipse.cargotracker.domain.model.handling.HandlingEvent: org.eclipse.cargotracker.domain.model.cargo.Cargo getCargo()>()
org.eclipse.cargotracker.infrastructure.messaging.jms.JmsApplicationEvents,org.eclipse.cargotracker.domain.model.cargo.Cargo,call,2,method_call,<org.eclipse.cargotracker.infrastructure.messaging.jms.JmsApplicationEvents: void cargoWasHandled(org.eclipse.cargotracker.domain.model.handling.HandlingEvent)> :: $r10 = virtualinvoke r1.<org.eclipse.cargotracker.domain.model.cargo.Cargo: org.eclipse.cargotracker.domain.model.cargo.TrackingId getTrackingId()>()
org.eclipse.cargotracker.infrastructure.messaging.jms.JmsApplicationEvents,org.eclipse.cargotracker.domain.model.cargo.TrackingId,call,2,method_call,<org.eclipse.cargotracker.infrastructure.messaging.jms.JmsApplicationEvents: void cargoWasHandled(org.eclipse.cargotracker.domain.model.handling.HandlingEvent)> :: $r11 = virtualinvoke $r10.<org.eclipse.cargotracker.domain.model.cargo.TrackingId: java.lang.String getIdString()>()
org.eclipse.cargotracker.infrastructure.messaging.jms.JmsApplicationEvents,org.eclipse.cargotracker.domain.model.cargo.Cargo,call,2,method_call,<org.eclipse.cargotracker.infrastructure.messaging.jms.JmsApplicationEvents: void cargoWasMisdirected(org.eclipse.cargotracker.domain.model.cargo.Cargo)> :: $r9 = virtualinvoke r1.<org.eclipse.cargotracker.domain.model.cargo.Cargo: org.eclipse.cargotracker.domain.model.cargo.TrackingId getTrackingId()>()
org.eclipse.cargotracker.infrastructure.messaging.jms.JmsApplicationEvents,org.eclipse.cargotracker.domain.model.cargo.TrackingId,call,2,method_call,<org.eclipse.cargotracker.infrastructure.messaging.jms.JmsApplicationEvents: void cargoWasMisdirected(org.eclipse.cargotracker.domain.model.cargo.Cargo)> :: $r10 = virtualinvoke $r9.<org.eclipse.cargotracker.domain.model.cargo.TrackingId: java.lang.String getIdString()>()
org.eclipse.cargotracker.infrastructure.messaging.jms.JmsApplicationEvents,org.eclipse.cargotracker.domain.model.cargo.Cargo,call,2,method_call,<org.eclipse.cargotracker.infrastructure.messaging.jms.JmsApplicationEvents: void cargoHasArrived(org.eclipse.cargotracker.domain.model.cargo.Cargo)> :: $r9 = virtualinvoke r1.<org.eclipse.cargotracker.domain.model.cargo.Cargo: org.eclipse.cargotracker.domain.model.cargo.TrackingId getTrackingId()>()
org.eclipse.cargotracker.infrastructure.messaging.jms.JmsApplicationEvents,org.eclipse.cargotracker.domain.model.cargo.TrackingId,call,2,method_call,<org.eclipse.cargotracker.infrastructure.messaging.jms.JmsApplicationEvents: void cargoHasArrived(org.eclipse.cargotracker.domain.model.cargo.Cargo)> :: $r10 = virtualinvoke $r9.<org.eclipse.cargotracker.domain.model.cargo.TrackingId: java.lang.String getIdString()>()
org.eclipse.cargotracker.infrastructure.persistence.jpa.JpaCargoRepository,org.eclipse.cargotracker.domain.model.cargo.CargoRepository,type,1,implements_type_reference,org.eclipse.cargotracker.infrastructure.persistence.jpa.JpaCargoRepository
org.eclipse.cargotracker.infrastructure.persistence.jpa.JpaCargoRepository,org.eclipse.cargotracker.domain.model.cargo.Cargo,type,1,method_return_type_reference,<org.eclipse.cargotracker.infrastructure.persistence.jpa.JpaCargoRepository: org.eclipse.cargotracker.domain.model.cargo.Cargo find(org.eclipse.cargotracker.domain.model.cargo.TrackingId)>
org.eclipse.cargotracker.infrastructure.persistence.jpa.JpaCargoRepository,org.eclipse.cargotracker.domain.model.cargo.TrackingId,type,1,method_parameter_type_reference,<org.eclipse.cargotracker.infrastructure.persistence.jpa.JpaCargoRepository: org.eclipse.cargotracker.domain.model.cargo.Cargo find(org.eclipse.cargotracker.domain.model.cargo.TrackingId)>
org.eclipse.cargotracker.infrastructure.persistence.jpa.JpaCargoRepository,org.eclipse.cargotracker.domain.model.cargo.Cargo,type,1,method_parameter_type_reference,<org.eclipse.cargotracker.infrastructure.persistence.jpa.JpaCargoRepository: void store(org.eclipse.cargotracker.domain.model.cargo.Cargo)>
org.eclipse.cargotracker.infrastructure.persistence.jpa.JpaCargoRepository,org.eclipse.cargotracker.domain.model.cargo.TrackingId,type,1,method_return_type_reference,<org.eclipse.cargotracker.infrastructure.persistence.jpa.JpaCargoRepository: org.eclipse.cargotracker.domain.model.cargo.TrackingId nextTrackingId()>
org.eclipse.cargotracker.infrastructure.persistence.jpa.JpaCargoRepository,org.eclipse.cargotracker.domain.model.cargo.Leg,type,1,method_parameter_type_reference,<org.eclipse.cargotracker.infrastructure.persistence.jpa.JpaCargoRepository: void lambda$store$0(org.eclipse.cargotracker.domain.model.cargo.Leg)>
org.eclipse.cargotracker.infrastructure.persistence.jpa.JpaCargoRepository,org.eclipse.cargotracker.domain.model.cargo.Cargo,call,2,method_call,<org.eclipse.cargotracker.infrastructure.persistence.jpa.JpaCargoRepository: void store(org.eclipse.cargotracker.domain.model.cargo.Cargo)> :: $r1 = virtualinvoke r0.<org.eclipse.cargotracker.domain.model.cargo.Cargo: org.eclipse.cargotracker.domain.model.cargo.Itinerary getItinerary()>()
org.eclipse.cargotracker.infrastructure.persistence.jpa.JpaCargoRepository,org.eclipse.cargotracker.domain.model.cargo.Itinerary,call,2,method_call,<org.eclipse.cargotracker.infrastructure.persistence.jpa.JpaCargoRepository: void store(org.eclipse.cargotracker.domain.model.cargo.Cargo)> :: $r4 = virtualinvoke $r1.<org.eclipse.cargotracker.domain.model.cargo.Itinerary: java.util.List getLegs()>()
org.eclipse.cargotracker.infrastructure.persistence.jpa.JpaCargoRepository,org.eclipse.cargotracker.domain.model.cargo.TrackingId,call,2,method_call,<org.eclipse.cargotracker.infrastructure.persistence.jpa.JpaCargoRepository: org.eclipse.cargotracker.domain.model.cargo.TrackingId nextTrackingId()> :: specialinvoke $r3.<org.eclipse.cargotracker.domain.model.cargo.TrackingId: void <init>(java.lang.String)>($r4)
org.eclipse.cargotracker.infrastructure.persistence.jpa.JpaHandlingEventRepository,org.eclipse.cargotracker.domain.model.handling.HandlingEventRepository,type,1,implements_type_reference,org.eclipse.cargotracker.infrastructure.persistence.jpa.JpaHandlingEventRepository
org.eclipse.cargotracker.infrastructure.persistence.jpa.JpaHandlingEventRepository,org.eclipse.cargotracker.domain.model.handling.HandlingEvent,type,1,method_parameter_type_reference,<org.eclipse.cargotracker.infrastructure.persistence.jpa.JpaHandlingEventRepository: void store(org.eclipse.cargotracker.domain.model.handling.HandlingEvent)>
org.eclipse.cargotracker.infrastructure.persistence.jpa.JpaHandlingEventRepository,org.eclipse.cargotracker.domain.model.handling.HandlingHistory,type,1,method_return_type_reference,<org.eclipse.cargotracker.infrastructure.persistence.jpa.JpaHandlingEventRepository: org.eclipse.cargotracker.domain.model.handling.HandlingHistory lookupHandlingHistoryOfCargo(org.eclipse.cargotracker.domain.model.cargo.TrackingId)>
org.eclipse.cargotracker.infrastructure.persistence.jpa.JpaHandlingEventRepository,org.eclipse.cargotracker.domain.model.cargo.TrackingId,type,1,method_parameter_type_reference,<org.eclipse.cargotracker.infrastructure.persistence.jpa.JpaHandlingEventRepository: org.eclipse.cargotracker.domain.model.handling.HandlingHistory lookupHandlingHistoryOfCargo(org.eclipse.cargotracker.domain.model.cargo.TrackingId)>
org.eclipse.cargotracker.infrastructure.persistence.jpa.JpaHandlingEventRepository,org.eclipse.cargotracker.domain.model.handling.HandlingHistory,call,2,method_call,<org.eclipse.cargotracker.infrastructure.persistence.jpa.JpaHandlingEventRepository: org.eclipse.cargotracker.domain.model.handling.HandlingHistory lookupHandlingHistoryOfCargo(org.eclipse.cargotracker.domain.model.cargo.TrackingId)> :: specialinvoke $r0.<org.eclipse.cargotracker.domain.model.handling.HandlingHistory: void <init>(java.util.Collection)>($r6)
org.eclipse.cargotracker.infrastructure.persistence.jpa.JpaLocationRepository,org.eclipse.cargotracker.domain.model.location.LocationRepository,type,1,implements_type_reference,org.eclipse.cargotracker.infrastructure.persistence.jpa.JpaLocationRepository
org.eclipse.cargotracker.infrastructure.persistence.jpa.JpaLocationRepository,org.eclipse.cargotracker.domain.model.location.Location,type,1,method_return_type_reference,<org.eclipse.cargotracker.infrastructure.persistence.jpa.JpaLocationRepository: org.eclipse.cargotracker.domain.model.location.Location find(org.eclipse.cargotracker.domain.model.location.UnLocode)>
org.eclipse.cargotracker.infrastructure.persistence.jpa.JpaLocationRepository,org.eclipse.cargotracker.domain.model.location.UnLocode,type,1,method_parameter_type_reference,<org.eclipse.cargotracker.infrastructure.persistence.jpa.JpaLocationRepository: org.eclipse.cargotracker.domain.model.location.Location find(org.eclipse.cargotracker.domain.model.location.UnLocode)>
org.eclipse.cargotracker.infrastructure.persistence.jpa.JpaVoyageRepository,org.eclipse.cargotracker.domain.model.voyage.VoyageRepository,type,1,implements_type_reference,org.eclipse.cargotracker.infrastructure.persistence.jpa.JpaVoyageRepository
org.eclipse.cargotracker.infrastructure.persistence.jpa.JpaVoyageRepository,org.eclipse.cargotracker.domain.model.voyage.Voyage,type,1,method_return_type_reference,<org.eclipse.cargotracker.infrastructure.persistence.jpa.JpaVoyageRepository: org.eclipse.cargotracker.domain.model.voyage.Voyage find(org.eclipse.cargotracker.domain.model.voyage.VoyageNumber)>
org.eclipse.cargotracker.infrastructure.persistence.jpa.JpaVoyageRepository,org.eclipse.cargotracker.domain.model.voyage.VoyageNumber,type,1,method_parameter_type_reference,<org.eclipse.cargotracker.infrastructure.persistence.jpa.JpaVoyageRepository: org.eclipse.cargotracker.domain.model.voyage.Voyage find(org.eclipse.cargotracker.domain.model.voyage.VoyageNumber)>
org.eclipse.cargotracker.infrastructure.routing.ExternalRoutingService,org.eclipse.cargotracker.domain.service.RoutingService,type,1,implements_type_reference,org.eclipse.cargotracker.infrastructure.routing.ExternalRoutingService
org.eclipse.cargotracker.infrastructure.routing.ExternalRoutingService,org.eclipse.cargotracker.domain.model.location.LocationRepository,type,1,field_type_reference,org.eclipse.cargotracker.infrastructure.routing.ExternalRoutingService.locationRepository
org.eclipse.cargotracker.infrastructure.routing.ExternalRoutingService,org.eclipse.cargotracker.domain.model.voyage.VoyageRepository,type,1,field_type_reference,org.eclipse.cargotracker.infrastructure.routing.ExternalRoutingService.voyageRepository
org.eclipse.cargotracker.infrastructure.routing.ExternalRoutingService,org.eclipse.cargotracker.domain.model.cargo.RouteSpecification,type,1,method_parameter_type_reference,<org.eclipse.cargotracker.infrastructure.routing.ExternalRoutingService: java.util.List fetchRoutesForSpecification(org.eclipse.cargotracker.domain.model.cargo.RouteSpecification)>
org.eclipse.cargotracker.infrastructure.routing.ExternalRoutingService,org.eclipse.cargotracker.domain.model.cargo.Itinerary,type,1,method_return_type_reference,<org.eclipse.cargotracker.infrastructure.routing.ExternalRoutingService: org.eclipse.cargotracker.domain.model.cargo.Itinerary toItinerary(org.eclipse.pathfinder.api.TransitPath)>
org.eclipse.cargotracker.infrastructure.routing.ExternalRoutingService,org.eclipse.pathfinder.api.TransitPath,type,1,method_parameter_type_reference,<org.eclipse.cargotracker.infrastructure.routing.ExternalRoutingService: org.eclipse.cargotracker.domain.model.cargo.Itinerary toItinerary(org.eclipse.pathfinder.api.TransitPath)>
org.eclipse.cargotracker.infrastructure.routing.ExternalRoutingService,org.eclipse.cargotracker.domain.model.cargo.Leg,type,1,method_return_type_reference,<org.eclipse.cargotracker.infrastructure.routing.ExternalRoutingService: org.eclipse.cargotracker.domain.model.cargo.Leg toLeg(org.eclipse.pathfinder.api.TransitEdge)>
org.eclipse.cargotracker.infrastructure.routing.ExternalRoutingService,org.eclipse.pathfinder.api.TransitEdge,type,1,method_parameter_type_reference,<org.eclipse.cargotracker.infrastructure.routing.ExternalRoutingService: org.eclipse.cargotracker.domain.model.cargo.Leg toLeg(org.eclipse.pathfinder.api.TransitEdge)>
org.eclipse.cargotracker.infrastructure.routing.ExternalRoutingService,org.eclipse.cargotracker.domain.model.cargo.RouteSpecification,type,1,method_parameter_type_reference,"<org.eclipse.cargotracker.infrastructure.routing.ExternalRoutingService: void lambda$fetchRoutesForSpecification$0(org.eclipse.cargotracker.domain.model.cargo.RouteSpecification,java.util.List,org.eclipse.cargotracker.domain.model.cargo.Itinerary)>"
org.eclipse.cargotracker.infrastructure.routing.ExternalRoutingService,org.eclipse.cargotracker.domain.model.cargo.Itinerary,type,1,method_parameter_type_reference,"<org.eclipse.cargotracker.infrastructure.routing.ExternalRoutingService: void lambda$fetchRoutesForSpecification$0(org.eclipse.cargotracker.domain.model.cargo.RouteSpecification,java.util.List,org.eclipse.cargotracker.domain.model.cargo.Itinerary)>"
org.eclipse.cargotracker.infrastructure.routing.ExternalRoutingService,org.eclipse.cargotracker.domain.model.cargo.RouteSpecification,call,2,method_call,<org.eclipse.cargotracker.infrastructure.routing.ExternalRoutingService: java.util.List fetchRoutesForSpecification(org.eclipse.cargotracker.domain.model.cargo.RouteSpecification)> :: $r1 = virtualinvoke r0.<org.eclipse.cargotracker.domain.model.cargo.RouteSpecification: org.eclipse.cargotracker.domain.model.location.Location getOrigin()>()
org.eclipse.cargotracker.infrastructure.routing.ExternalRoutingService,org.eclipse.cargotracker.domain.model.location.Location,call,2,method_call,<org.eclipse.cargotracker.infrastructure.routing.ExternalRoutingService: java.util.List fetchRoutesForSpecification(org.eclipse.cargotracker.domain.model.cargo.RouteSpecification)> :: $r2 = virtualinvoke $r1.<org.eclipse.cargotracker.domain.model.location.Location: org.eclipse.cargotracker.domain.model.location.UnLocode getUnLocode()>()
org.eclipse.cargotracker.infrastructure.routing.ExternalRoutingService,org.eclipse.cargotracker.domain.model.location.UnLocode,call,2,method_call,<org.eclipse.cargotracker.infrastructure.routing.ExternalRoutingService: java.util.List fetchRoutesForSpecification(org.eclipse.cargotracker.domain.model.cargo.RouteSpecification)> :: r3 = virtualinvoke $r2.<org.eclipse.cargotracker.domain.model.location.UnLocode: java.lang.String getIdString()>()
org.eclipse.cargotracker.infrastructure.routing.ExternalRoutingService,org.eclipse.cargotracker.domain.model.cargo.RouteSpecification,call,2,method_call,<org.eclipse.cargotracker.infrastructure.routing.ExternalRoutingService: java.util.List fetchRoutesForSpecification(org.eclipse.cargotracker.domain.model.cargo.RouteSpecification)> :: $r4 = virtualinvoke r0.<org.eclipse.cargotracker.domain.model.cargo.RouteSpecification: org.eclipse.cargotracker.domain.model.location.Location getDestination()>()
org.eclipse.cargotracker.infrastructure.routing.ExternalRoutingService,org.eclipse.cargotracker.domain.model.location.Location,call,2,method_call,<org.eclipse.cargotracker.infrastructure.routing.ExternalRoutingService: java.util.List fetchRoutesForSpecification(org.eclipse.cargotracker.domain.model.cargo.RouteSpecification)> :: $r5 = virtualinvoke $r4.<org.eclipse.cargotracker.domain.model.location.Location: org.eclipse.cargotracker.domain.model.location.UnLocode getUnLocode()>()
org.eclipse.cargotracker.infrastructure.routing.ExternalRoutingService,org.eclipse.cargotracker.domain.model.location.UnLocode,call,2,method_call,<org.eclipse.cargotracker.infrastructure.routing.ExternalRoutingService: java.util.List fetchRoutesForSpecification(org.eclipse.cargotracker.domain.model.cargo.RouteSpecification)> :: r6 = virtualinvoke $r5.<org.eclipse.cargotracker.domain.model.location.UnLocode: java.lang.String getIdString()>()
org.eclipse.cargotracker.infrastructure.routing.ExternalRoutingService,org.eclipse.cargotracker.infrastructure.routing.ExternalRoutingService$1,call,2,method_call,<org.eclipse.cargotracker.infrastructure.routing.ExternalRoutingService: java.util.List fetchRoutesForSpecification(org.eclipse.cargotracker.domain.model.cargo.RouteSpecification)> :: specialinvoke $r15.<org.eclipse.cargotracker.infrastructure.routing.ExternalRoutingService$1: void <init>(org.eclipse.cargotracker.infrastructure.routing.ExternalRoutingService)>(r7)
org.eclipse.cargotracker.infrastructure.routing.ExternalRoutingService,org.eclipse.pathfinder.api.TransitPath,call,2,method_call,<org.eclipse.cargotracker.infrastructure.routing.ExternalRoutingService: org.eclipse.cargotracker.domain.model.cargo.Itinerary toItinerary(org.eclipse.pathfinder.api.TransitPath)> :: $r1 = virtualinvoke r0.<org.eclipse.pathfinder.api.TransitPath: java.util.List getTransitEdges()>()
org.eclipse.cargotracker.infrastructure.routing.ExternalRoutingService,org.eclipse.cargotracker.domain.model.cargo.Itinerary,call,2,method_call,<org.eclipse.cargotracker.infrastructure.routing.ExternalRoutingService: org.eclipse.cargotracker.domain.model.cargo.Itinerary toItinerary(org.eclipse.pathfinder.api.TransitPath)> :: specialinvoke $r9.<org.eclipse.cargotracker.domain.model.cargo.Itinerary: void <init>(java.util.List)>(r8)
org.eclipse.cargotracker.infrastructure.routing.ExternalRoutingService,org.eclipse.pathfinder.api.TransitEdge,call,2,method_call,<org.eclipse.cargotracker.infrastructure.routing.ExternalRoutingService: org.eclipse.cargotracker.domain.model.cargo.Leg toLeg(org.eclipse.pathfinder.api.TransitEdge)> :: $r5 = virtualinvoke r3.<org.eclipse.pathfinder.api.TransitEdge: java.lang.String getVoyageNumber()>()
org.eclipse.cargotracker.infrastructure.routing.ExternalRoutingService,org.eclipse.cargotracker.domain.model.voyage.VoyageNumber,call,2,method_call,<org.eclipse.cargotracker.infrastructure.routing.ExternalRoutingService: org.eclipse.cargotracker.domain.model.cargo.Leg toLeg(org.eclipse.pathfinder.api.TransitEdge)> :: specialinvoke $r2.<org.eclipse.cargotracker.domain.model.voyage.VoyageNumber: void <init>(java.lang.String)>($r5)
org.eclipse.cargotracker.infrastructure.routing.ExternalRoutingService,org.eclipse.cargotracker.domain.model.voyage.VoyageRepository,call,2,method_call,<org.eclipse.cargotracker.infrastructure.routing.ExternalRoutingService: org.eclipse.cargotracker.domain.model.cargo.Leg toLeg(org.eclipse.pathfinder.api.TransitEdge)> :: $r16 = interfaceinvoke $r4.<org.eclipse.cargotracker.domain.model.voyage.VoyageRepository: org.eclipse.cargotracker.domain.model.voyage.Voyage find(org.eclipse.cargotracker.domain.model.voyage.VoyageNumber)>($r2)
org.eclipse.cargotracker.infrastructure.routing.ExternalRoutingService,org.eclipse.pathfinder.api.TransitEdge,call,2,method_call,<org.eclipse.cargotracker.infrastructure.routing.ExternalRoutingService: org.eclipse.cargotracker.domain.model.cargo.Leg toLeg(org.eclipse.pathfinder.api.TransitEdge)> :: $r8 = virtualinvoke r3.<org.eclipse.pathfinder.api.TransitEdge: java.lang.String getFromUnLocode()>()
org.eclipse.cargotracker.infrastructure.routing.ExternalRoutingService,org.eclipse.cargotracker.domain.model.location.UnLocode,call,2,method_call,<org.eclipse.cargotracker.infrastructure.routing.ExternalRoutingService: org.eclipse.cargotracker.domain.model.cargo.Leg toLeg(org.eclipse.pathfinder.api.TransitEdge)> :: specialinvoke $r6.<org.eclipse.cargotracker.domain.model.location.UnLocode: void <init>(java.lang.String)>($r8)
org.eclipse.cargotracker.infrastructure.routing.ExternalRoutingService,org.eclipse.cargotracker.domain.model.location.LocationRepository,call,2,method_call,<org.eclipse.cargotracker.infrastructure.routing.ExternalRoutingService: org.eclipse.cargotracker.domain.model.cargo.Leg toLeg(org.eclipse.pathfinder.api.TransitEdge)> :: $r15 = interfaceinvoke $r7.<org.eclipse.cargotracker.domain.model.location.LocationRepository: org.eclipse.cargotracker.domain.model.location.Location find(org.eclipse.cargotracker.domain.model.location.UnLocode)>($r6)
org.eclipse.cargotracker.infrastructure.routing.ExternalRoutingService,org.eclipse.pathfinder.api.TransitEdge,call,2,method_call,<org.eclipse.cargotracker.infrastructure.routing.ExternalRoutingService: org.eclipse.cargotracker.domain.model.cargo.Leg toLeg(org.eclipse.pathfinder.api.TransitEdge)> :: $r11 = virtualinvoke r3.<org.eclipse.pathfinder.api.TransitEdge: java.lang.String getToUnLocode()>()
org.eclipse.cargotracker.infrastructure.routing.ExternalRoutingService,org.eclipse.cargotracker.domain.model.location.UnLocode,call,2,method_call,<org.eclipse.cargotracker.infrastructure.routing.ExternalRoutingService: org.eclipse.cargotracker.domain.model.cargo.Leg toLeg(org.eclipse.pathfinder.api.TransitEdge)> :: specialinvoke $r9.<org.eclipse.cargotracker.domain.model.location.UnLocode: void <init>(java.lang.String)>($r11)
org.eclipse.cargotracker.infrastructure.routing.ExternalRoutingService,org.eclipse.cargotracker.domain.model.location.LocationRepository,call,2,method_call,<org.eclipse.cargotracker.infrastructure.routing.ExternalRoutingService: org.eclipse.cargotracker.domain.model.cargo.Leg toLeg(org.eclipse.pathfinder.api.TransitEdge)> :: $r14 = interfaceinvoke $r10.<org.eclipse.cargotracker.domain.model.location.LocationRepository: org.eclipse.cargotracker.domain.model.location.Location find(org.eclipse.cargotracker.domain.model.location.UnLocode)>($r9)
org.eclipse.cargotracker.infrastructure.routing.ExternalRoutingService,org.eclipse.pathfinder.api.TransitEdge,call,2,method_call,<org.eclipse.cargotracker.infrastructure.routing.ExternalRoutingService: org.eclipse.cargotracker.domain.model.cargo.Leg toLeg(org.eclipse.pathfinder.api.TransitEdge)> :: $r13 = virtualinvoke r3.<org.eclipse.pathfinder.api.TransitEdge: java.time.LocalDateTime getFromDate()>()
org.eclipse.cargotracker.infrastructure.routing.ExternalRoutingService,org.eclipse.pathfinder.api.TransitEdge,call,2,method_call,<org.eclipse.cargotracker.infrastructure.routing.ExternalRoutingService: org.eclipse.cargotracker.domain.model.cargo.Leg toLeg(org.eclipse.pathfinder.api.TransitEdge)> :: $r12 = virtualinvoke r3.<org.eclipse.pathfinder.api.TransitEdge: java.time.LocalDateTime getToDate()>()
org.eclipse.cargotracker.infrastructure.routing.ExternalRoutingService,org.eclipse.cargotracker.domain.model.cargo.Leg,call,2,method_call,"<org.eclipse.cargotracker.infrastructure.routing.ExternalRoutingService: org.eclipse.cargotracker.domain.model.cargo.Leg toLeg(org.eclipse.pathfinder.api.TransitEdge)> :: specialinvoke $r0.<org.eclipse.cargotracker.domain.model.cargo.Leg: void <init>(org.eclipse.cargotracker.domain.model.voyage.Voyage,org.eclipse.cargotracker.domain.model.location.Location,org.eclipse.cargotracker.domain.model.location.Location,java.time.LocalDateTime,java.time.LocalDateTime)>($r16, $r15, $r14, $r13, $r12)"
org.eclipse.cargotracker.infrastructure.routing.ExternalRoutingService,org.eclipse.cargotracker.domain.model.cargo.RouteSpecification,call,2,method_call,"<org.eclipse.cargotracker.infrastructure.routing.ExternalRoutingService: void lambda$fetchRoutesForSpecification$0(org.eclipse.cargotracker.domain.model.cargo.RouteSpecification,java.util.List,org.eclipse.cargotracker.domain.model.cargo.Itinerary)> :: $z0 = virtualinvoke r0.<org.eclipse.cargotracker.domain.model.cargo.RouteSpecification: boolean isSatisfiedBy(org.eclipse.cargotracker.domain.model.cargo.Itinerary)>(r1)"
org.eclipse.cargotracker.infrastructure.routing.ExternalRoutingService$1,org.eclipse.cargotracker.infrastructure.routing.ExternalRoutingService,type,1,field_type_reference,org.eclipse.cargotracker.infrastructure.routing.ExternalRoutingService$1.this$0
org.eclipse.cargotracker.infrastructure.routing.ExternalRoutingService$1,org.eclipse.cargotracker.infrastructure.routing.ExternalRoutingService,type,1,method_parameter_type_reference,<org.eclipse.cargotracker.infrastructure.routing.ExternalRoutingService$1: void <init>(org.eclipse.cargotracker.infrastructure.routing.ExternalRoutingService)>
org.eclipse.cargotracker.interfaces.CoordinatesFactory,org.eclipse.cargotracker.interfaces.Coordinates,type,1,method_return_type_reference,<org.eclipse.cargotracker.interfaces.CoordinatesFactory: org.eclipse.cargotracker.interfaces.Coordinates find(org.eclipse.cargotracker.domain.model.location.Location)>
org.eclipse.cargotracker.interfaces.CoordinatesFactory,org.eclipse.cargotracker.domain.model.location.Location,type,1,method_parameter_type_reference,<org.eclipse.cargotracker.interfaces.CoordinatesFactory: org.eclipse.cargotracker.interfaces.Coordinates find(org.eclipse.cargotracker.domain.model.location.Location)>
org.eclipse.cargotracker.interfaces.CoordinatesFactory,org.eclipse.cargotracker.interfaces.Coordinates,type,1,method_return_type_reference,<org.eclipse.cargotracker.interfaces.CoordinatesFactory: org.eclipse.cargotracker.interfaces.Coordinates find(org.eclipse.cargotracker.domain.model.location.UnLocode)>
org.eclipse.cargotracker.interfaces.CoordinatesFactory,org.eclipse.cargotracker.domain.model.location.UnLocode,type,1,method_parameter_type_reference,<org.eclipse.cargotracker.interfaces.CoordinatesFactory: org.eclipse.cargotracker.interfaces.Coordinates find(org.eclipse.cargotracker.domain.model.location.UnLocode)>
org.eclipse.cargotracker.interfaces.CoordinatesFactory,org.eclipse.cargotracker.interfaces.Coordinates,type,1,method_return_type_reference,<org.eclipse.cargotracker.interfaces.CoordinatesFactory: org.eclipse.cargotracker.interfaces.Coordinates find(java.lang.String)>
org.eclipse.cargotracker.interfaces.CoordinatesFactory,org.eclipse.cargotracker.domain.model.location.Location,call,2,method_call,<org.eclipse.cargotracker.interfaces.CoordinatesFactory: org.eclipse.cargotracker.interfaces.Coordinates find(org.eclipse.cargotracker.domain.model.location.Location)> :: $r1 = virtualinvoke r0.<org.eclipse.cargotracker.domain.model.location.Location: org.eclipse.cargotracker.domain.model.location.UnLocode getUnLocode()>()
org.eclipse.cargotracker.interfaces.CoordinatesFactory,org.eclipse.cargotracker.domain.model.location.UnLocode,call,2,method_call,<org.eclipse.cargotracker.interfaces.CoordinatesFactory: org.eclipse.cargotracker.interfaces.Coordinates find(org.eclipse.cargotracker.domain.model.location.UnLocode)> :: $r1 = virtualinvoke r0.<org.eclipse.cargotracker.domain.model.location.UnLocode: java.lang.String getIdString()>()
org.eclipse.cargotracker.interfaces.CoordinatesFactory,org.eclipse.cargotracker.domain.model.location.Location,call,2,method_call,<org.eclipse.cargotracker.interfaces.CoordinatesFactory: void <clinit>()> :: $r2 = virtualinvoke $r1.<org.eclipse.cargotracker.domain.model.location.Location: org.eclipse.cargotracker.domain.model.location.UnLocode getUnLocode()>()
org.eclipse.cargotracker.interfaces.CoordinatesFactory,org.eclipse.cargotracker.domain.model.location.UnLocode,call,2,method_call,<org.eclipse.cargotracker.interfaces.CoordinatesFactory: void <clinit>()> :: $r4 = virtualinvoke $r2.<org.eclipse.cargotracker.domain.model.location.UnLocode: java.lang.String getIdString()>()
org.eclipse.cargotracker.interfaces.CoordinatesFactory,org.eclipse.cargotracker.interfaces.Coordinates,call,2,method_call,"<org.eclipse.cargotracker.interfaces.CoordinatesFactory: void <clinit>()> :: specialinvoke $r3.<org.eclipse.cargotracker.interfaces.Coordinates: void <init>(double,double)>(22.0, 114.0)"
org.eclipse.cargotracker.interfaces.CoordinatesFactory,org.eclipse.cargotracker.domain.model.location.Location,call,2,method_call,<org.eclipse.cargotracker.interfaces.CoordinatesFactory: void <clinit>()> :: $r6 = virtualinvoke $r5.<org.eclipse.cargotracker.domain.model.location.Location: org.eclipse.cargotracker.domain.model.location.UnLocode getUnLocode()>()
org.eclipse.cargotracker.interfaces.CoordinatesFactory,org.eclipse.cargotracker.domain.model.location.UnLocode,call,2,method_call,<org.eclipse.cargotracker.interfaces.CoordinatesFactory: void <clinit>()> :: $r8 = virtualinvoke $r6.<org.eclipse.cargotracker.domain.model.location.UnLocode: java.lang.String getIdString()>()
org.eclipse.cargotracker.interfaces.CoordinatesFactory,org.eclipse.cargotracker.interfaces.Coordinates,call,2,method_call,"<org.eclipse.cargotracker.interfaces.CoordinatesFactory: void <clinit>()> :: specialinvoke $r7.<org.eclipse.cargotracker.interfaces.Coordinates: void <init>(double,double)>(-38.0, 145.0)"
org.eclipse.cargotracker.interfaces.CoordinatesFactory,org.eclipse.cargotracker.domain.model.location.Location,call,2,method_call,<org.eclipse.cargotracker.interfaces.CoordinatesFactory: void <clinit>()> :: $r10 = virtualinvoke $r9.<org.eclipse.cargotracker.domain.model.location.Location: org.eclipse.cargotracker.domain.model.location.UnLocode getUnLocode()>()
org.eclipse.cargotracker.interfaces.CoordinatesFactory,org.eclipse.cargotracker.domain.model.location.UnLocode,call,2,method_call,<org.eclipse.cargotracker.interfaces.CoordinatesFactory: void <clinit>()> :: $r12 = virtualinvoke $r10.<org.eclipse.cargotracker.domain.model.location.UnLocode: java.lang.String getIdString()>()
org.eclipse.cargotracker.interfaces.CoordinatesFactory,org.eclipse.cargotracker.interfaces.Coordinates,call,2,method_call,"<org.eclipse.cargotracker.interfaces.CoordinatesFactory: void <clinit>()> :: specialinvoke $r11.<org.eclipse.cargotracker.interfaces.Coordinates: void <init>(double,double)>(59.0, 18.0)"
org.eclipse.cargotracker.interfaces.CoordinatesFactory,org.eclipse.cargotracker.domain.model.location.Location,call,2,method_call,<org.eclipse.cargotracker.interfaces.CoordinatesFactory: void <clinit>()> :: $r14 = virtualinvoke $r13.<org.eclipse.cargotracker.domain.model.location.Location: org.eclipse.cargotracker.domain.model.location.UnLocode getUnLocode()>()
org.eclipse.cargotracker.interfaces.CoordinatesFactory,org.eclipse.cargotracker.domain.model.location.UnLocode,call,2,method_call,<org.eclipse.cargotracker.interfaces.CoordinatesFactory: void <clinit>()> :: $r16 = virtualinvoke $r14.<org.eclipse.cargotracker.domain.model.location.UnLocode: java.lang.String getIdString()>()
org.eclipse.cargotracker.interfaces.CoordinatesFactory,org.eclipse.cargotracker.interfaces.Coordinates,call,2,method_call,"<org.eclipse.cargotracker.interfaces.CoordinatesFactory: void <clinit>()> :: specialinvoke $r15.<org.eclipse.cargotracker.interfaces.Coordinates: void <init>(double,double)>(60.0, 25.0)"
org.eclipse.cargotracker.interfaces.CoordinatesFactory,org.eclipse.cargotracker.domain.model.location.Location,call,2,method_call,<org.eclipse.cargotracker.interfaces.CoordinatesFactory: void <clinit>()> :: $r18 = virtualinvoke $r17.<org.eclipse.cargotracker.domain.model.location.Location: org.eclipse.cargotracker.domain.model.location.UnLocode getUnLocode()>()
org.eclipse.cargotracker.interfaces.CoordinatesFactory,org.eclipse.cargotracker.domain.model.location.UnLocode,call,2,method_call,<org.eclipse.cargotracker.interfaces.CoordinatesFactory: void <clinit>()> :: $r20 = virtualinvoke $r18.<org.eclipse.cargotracker.domain.model.location.UnLocode: java.lang.String getIdString()>()
org.eclipse.cargotracker.interfaces.CoordinatesFactory,org.eclipse.cargotracker.interfaces.Coordinates,call,2,method_call,"<org.eclipse.cargotracker.interfaces.CoordinatesFactory: void <clinit>()> :: specialinvoke $r19.<org.eclipse.cargotracker.interfaces.Coordinates: void <init>(double,double)>(42.0, -88.0)"
org.eclipse.cargotracker.interfaces.CoordinatesFactory,org.eclipse.cargotracker.domain.model.location.Location,call,2,method_call,<org.eclipse.cargotracker.interfaces.CoordinatesFactory: void <clinit>()> :: $r22 = virtualinvoke $r21.<org.eclipse.cargotracker.domain.model.location.Location: org.eclipse.cargotracker.domain.model.location.UnLocode getUnLocode()>()
org.eclipse.cargotracker.interfaces.CoordinatesFactory,org.eclipse.cargotracker.domain.model.location.UnLocode,call,2,method_call,<org.eclipse.cargotracker.interfaces.CoordinatesFactory: void <clinit>()> :: $r24 = virtualinvoke $r22.<org.eclipse.cargotracker.domain.model.location.UnLocode: java.lang.String getIdString()>()
org.eclipse.cargotracker.interfaces.CoordinatesFactory,org.eclipse.cargotracker.interfaces.Coordinates,call,2,method_call,"<org.eclipse.cargotracker.interfaces.CoordinatesFactory: void <clinit>()> :: specialinvoke $r23.<org.eclipse.cargotracker.interfaces.Coordinates: void <init>(double,double)>(36.0, 140.0)"
org.eclipse.cargotracker.interfaces.CoordinatesFactory,org.eclipse.cargotracker.domain.model.location.Location,call,2,method_call,<org.eclipse.cargotracker.interfaces.CoordinatesFactory: void <clinit>()> :: $r26 = virtualinvoke $r25.<org.eclipse.cargotracker.domain.model.location.Location: org.eclipse.cargotracker.domain.model.location.UnLocode getUnLocode()>()
org.eclipse.cargotracker.interfaces.CoordinatesFactory,org.eclipse.cargotracker.domain.model.location.UnLocode,call,2,method_call,<org.eclipse.cargotracker.interfaces.CoordinatesFactory: void <clinit>()> :: $r28 = virtualinvoke $r26.<org.eclipse.cargotracker.domain.model.location.UnLocode: java.lang.String getIdString()>()
org.eclipse.cargotracker.interfaces.CoordinatesFactory,org.eclipse.cargotracker.interfaces.Coordinates,call,2,method_call,"<org.eclipse.cargotracker.interfaces.CoordinatesFactory: void <clinit>()> :: specialinvoke $r27.<org.eclipse.cargotracker.interfaces.Coordinates: void <init>(double,double)>(54.0, 10.0)"
org.eclipse.cargotracker.interfaces.CoordinatesFactory,org.eclipse.cargotracker.domain.model.location.Location,call,2,method_call,<org.eclipse.cargotracker.interfaces.CoordinatesFactory: void <clinit>()> :: $r30 = virtualinvoke $r29.<org.eclipse.cargotracker.domain.model.location.Location: org.eclipse.cargotracker.domain.model.location.UnLocode getUnLocode()>()
org.eclipse.cargotracker.interfaces.CoordinatesFactory,org.eclipse.cargotracker.domain.model.location.UnLocode,call,2,method_call,<org.eclipse.cargotracker.interfaces.CoordinatesFactory: void <clinit>()> :: $r32 = virtualinvoke $r30.<org.eclipse.cargotracker.domain.model.location.UnLocode: java.lang.String getIdString()>()
org.eclipse.cargotracker.interfaces.CoordinatesFactory,org.eclipse.cargotracker.interfaces.Coordinates,call,2,method_call,"<org.eclipse.cargotracker.interfaces.CoordinatesFactory: void <clinit>()> :: specialinvoke $r31.<org.eclipse.cargotracker.interfaces.Coordinates: void <init>(double,double)>(31.0, 121.0)"
org.eclipse.cargotracker.interfaces.CoordinatesFactory,org.eclipse.cargotracker.domain.model.location.Location,call,2,method_call,<org.eclipse.cargotracker.interfaces.CoordinatesFactory: void <clinit>()> :: $r34 = virtualinvoke $r33.<org.eclipse.cargotracker.domain.model.location.Location: org.eclipse.cargotracker.domain.model.location.UnLocode getUnLocode()>()
org.eclipse.cargotracker.interfaces.CoordinatesFactory,org.eclipse.cargotracker.domain.model.location.UnLocode,call,2,method_call,<org.eclipse.cargotracker.interfaces.CoordinatesFactory: void <clinit>()> :: $r36 = virtualinvoke $r34.<org.eclipse.cargotracker.domain.model.location.UnLocode: java.lang.String getIdString()>()
org.eclipse.cargotracker.interfaces.CoordinatesFactory,org.eclipse.cargotracker.interfaces.Coordinates,call,2,method_call,"<org.eclipse.cargotracker.interfaces.CoordinatesFactory: void <clinit>()> :: specialinvoke $r35.<org.eclipse.cargotracker.interfaces.Coordinates: void <init>(double,double)>(52.0, 5.0)"
org.eclipse.cargotracker.interfaces.CoordinatesFactory,org.eclipse.cargotracker.domain.model.location.Location,call,2,method_call,<org.eclipse.cargotracker.interfaces.CoordinatesFactory: void <clinit>()> :: $r38 = virtualinvoke $r37.<org.eclipse.cargotracker.domain.model.location.Location: org.eclipse.cargotracker.domain.model.location.UnLocode getUnLocode()>()
org.eclipse.cargotracker.interfaces.CoordinatesFactory,org.eclipse.cargotracker.domain.model.location.UnLocode,call,2,method_call,<org.eclipse.cargotracker.interfaces.CoordinatesFactory: void <clinit>()> :: $r40 = virtualinvoke $r38.<org.eclipse.cargotracker.domain.model.location.UnLocode: java.lang.String getIdString()>()
org.eclipse.cargotracker.interfaces.CoordinatesFactory,org.eclipse.cargotracker.interfaces.Coordinates,call,2,method_call,"<org.eclipse.cargotracker.interfaces.CoordinatesFactory: void <clinit>()> :: specialinvoke $r39.<org.eclipse.cargotracker.interfaces.Coordinates: void <init>(double,double)>(58.0, 12.0)"
org.eclipse.cargotracker.interfaces.CoordinatesFactory,org.eclipse.cargotracker.domain.model.location.Location,call,2,method_call,<org.eclipse.cargotracker.interfaces.CoordinatesFactory: void <clinit>()> :: $r42 = virtualinvoke $r41.<org.eclipse.cargotracker.domain.model.location.Location: org.eclipse.cargotracker.domain.model.location.UnLocode getUnLocode()>()
org.eclipse.cargotracker.interfaces.CoordinatesFactory,org.eclipse.cargotracker.domain.model.location.UnLocode,call,2,method_call,<org.eclipse.cargotracker.interfaces.CoordinatesFactory: void <clinit>()> :: $r44 = virtualinvoke $r42.<org.eclipse.cargotracker.domain.model.location.UnLocode: java.lang.String getIdString()>()
org.eclipse.cargotracker.interfaces.CoordinatesFactory,org.eclipse.cargotracker.interfaces.Coordinates,call,2,method_call,"<org.eclipse.cargotracker.interfaces.CoordinatesFactory: void <clinit>()> :: specialinvoke $r43.<org.eclipse.cargotracker.interfaces.Coordinates: void <init>(double,double)>(30.0, 120.0)"
org.eclipse.cargotracker.interfaces.CoordinatesFactory,org.eclipse.cargotracker.domain.model.location.Location,call,2,method_call,<org.eclipse.cargotracker.interfaces.CoordinatesFactory: void <clinit>()> :: $r46 = virtualinvoke $r45.<org.eclipse.cargotracker.domain.model.location.Location: org.eclipse.cargotracker.domain.model.location.UnLocode getUnLocode()>()
org.eclipse.cargotracker.interfaces.CoordinatesFactory,org.eclipse.cargotracker.domain.model.location.UnLocode,call,2,method_call,<org.eclipse.cargotracker.interfaces.CoordinatesFactory: void <clinit>()> :: $r48 = virtualinvoke $r46.<org.eclipse.cargotracker.domain.model.location.UnLocode: java.lang.String getIdString()>()
org.eclipse.cargotracker.interfaces.CoordinatesFactory,org.eclipse.cargotracker.interfaces.Coordinates,call,2,method_call,"<org.eclipse.cargotracker.interfaces.CoordinatesFactory: void <clinit>()> :: specialinvoke $r47.<org.eclipse.cargotracker.interfaces.Coordinates: void <init>(double,double)>(41.0, -74.0)"
org.eclipse.cargotracker.interfaces.CoordinatesFactory,org.eclipse.cargotracker.domain.model.location.Location,call,2,method_call,<org.eclipse.cargotracker.interfaces.CoordinatesFactory: void <clinit>()> :: $r50 = virtualinvoke $r49.<org.eclipse.cargotracker.domain.model.location.Location: org.eclipse.cargotracker.domain.model.location.UnLocode getUnLocode()>()
org.eclipse.cargotracker.interfaces.CoordinatesFactory,org.eclipse.cargotracker.domain.model.location.UnLocode,call,2,method_call,<org.eclipse.cargotracker.interfaces.CoordinatesFactory: void <clinit>()> :: $r52 = virtualinvoke $r50.<org.eclipse.cargotracker.domain.model.location.UnLocode: java.lang.String getIdString()>()
org.eclipse.cargotracker.interfaces.CoordinatesFactory,org.eclipse.cargotracker.interfaces.Coordinates,call,2,method_call,"<org.eclipse.cargotracker.interfaces.CoordinatesFactory: void <clinit>()> :: specialinvoke $r51.<org.eclipse.cargotracker.interfaces.Coordinates: void <init>(double,double)>(33.0, -97.0)"
org.eclipse.cargotracker.interfaces.CoordinatesFactory,org.eclipse.cargotracker.domain.model.location.Location,call,2,method_call,<org.eclipse.cargotracker.interfaces.CoordinatesFactory: void <clinit>()> :: $r54 = virtualinvoke $r53.<org.eclipse.cargotracker.domain.model.location.Location: org.eclipse.cargotracker.domain.model.location.UnLocode getUnLocode()>()
org.eclipse.cargotracker.interfaces.CoordinatesFactory,org.eclipse.cargotracker.domain.model.location.UnLocode,call,2,method_call,<org.eclipse.cargotracker.interfaces.CoordinatesFactory: void <clinit>()> :: $r56 = virtualinvoke $r54.<org.eclipse.cargotracker.domain.model.location.UnLocode: java.lang.String getIdString()>()
org.eclipse.cargotracker.interfaces.CoordinatesFactory,org.eclipse.cargotracker.interfaces.Coordinates,call,2,method_call,"<org.eclipse.cargotracker.interfaces.CoordinatesFactory: void <clinit>()> :: specialinvoke $r55.<org.eclipse.cargotracker.interfaces.Coordinates: void <init>(double,double)>(-90.0, 0.0)"
org.eclipse.cargotracker.interfaces.booking.facade.BookingServiceFacade,org.eclipse.cargotracker.interfaces.booking.facade.dto.CargoRoute,type,1,method_return_type_reference,<org.eclipse.cargotracker.interfaces.booking.facade.BookingServiceFacade: org.eclipse.cargotracker.interfaces.booking.facade.dto.CargoRoute loadCargoForRouting(java.lang.String)>
org.eclipse.cargotracker.interfaces.booking.facade.BookingServiceFacade,org.eclipse.cargotracker.interfaces.booking.facade.dto.CargoStatus,type,1,method_return_type_reference,<org.eclipse.cargotracker.interfaces.booking.facade.BookingServiceFacade: org.eclipse.cargotracker.interfaces.booking.facade.dto.CargoStatus loadCargoForTracking(java.lang.String)>
org.eclipse.cargotracker.interfaces.booking.facade.BookingServiceFacade,org.eclipse.cargotracker.interfaces.booking.facade.dto.RouteCandidate,type,1,method_parameter_type_reference,"<org.eclipse.cargotracker.interfaces.booking.facade.BookingServiceFacade: void assignCargoToRoute(java.lang.String,org.eclipse.cargotracker.interfaces.booking.facade.dto.RouteCandidate)>"
org.eclipse.cargotracker.interfaces.booking.facade.dto.CargoRoute,org.eclipse.cargotracker.interfaces.booking.facade.dto.Location,type,1,field_type_reference,org.eclipse.cargotracker.interfaces.booking.facade.dto.CargoRoute.origin
org.eclipse.cargotracker.interfaces.booking.facade.dto.CargoRoute,org.eclipse.cargotracker.interfaces.booking.facade.dto.Location,type,1,field_type_reference,org.eclipse.cargotracker.interfaces.booking.facade.dto.CargoRoute.finalDestination
org.eclipse.cargotracker.interfaces.booking.facade.dto.CargoRoute,org.eclipse.cargotracker.interfaces.booking.facade.dto.Location,type,1,field_type_reference,org.eclipse.cargotracker.interfaces.booking.facade.dto.CargoRoute.lastKnownLocation
org.eclipse.cargotracker.interfaces.booking.facade.dto.CargoRoute,org.eclipse.cargotracker.interfaces.booking.facade.dto.Location,type,1,method_parameter_type_reference,"<org.eclipse.cargotracker.interfaces.booking.facade.dto.CargoRoute: void <init>(java.lang.String,org.eclipse.cargotracker.interfaces.booking.facade.dto.Location,org.eclipse.cargotracker.interfaces.booking.facade.dto.Location,java.time.LocalDate,boolean,boolean,org.eclipse.cargotracker.interfaces.booking.facade.dto.Location,java.lang.String,java.util.List)>"
org.eclipse.cargotracker.interfaces.booking.facade.dto.CargoRoute,org.eclipse.cargotracker.application.util.DateConverter,call,2,method_call,"<org.eclipse.cargotracker.interfaces.booking.facade.dto.CargoRoute: void <init>(java.lang.String,org.eclipse.cargotracker.interfaces.booking.facade.dto.Location,org.eclipse.cargotracker.interfaces.booking.facade.dto.Location,java.time.LocalDate,boolean,boolean,org.eclipse.cargotracker.interfaces.booking.facade.dto.Location,java.lang.String,java.util.List)> :: $r5 = staticinvoke <org.eclipse.cargotracker.application.util.DateConverter: java.lang.String toString(java.time.LocalDate)>(r4)"
org.eclipse.cargotracker.interfaces.booking.facade.dto.CargoRoute,org.eclipse.cargotracker.interfaces.booking.facade.dto.Location,call,2,method_call,<org.eclipse.cargotracker.interfaces.booking.facade.dto.CargoRoute: java.lang.String getOrigin()> :: $r2 = virtualinvoke $r1.<org.eclipse.cargotracker.interfaces.booking.facade.dto.Location: java.lang.String toString()>()
org.eclipse.cargotracker.interfaces.booking.facade.dto.CargoRoute,org.eclipse.cargotracker.interfaces.booking.facade.dto.Location,call,2,method_call,<org.eclipse.cargotracker.interfaces.booking.facade.dto.CargoRoute: java.lang.String getOriginName()> :: $r2 = virtualinvoke $r1.<org.eclipse.cargotracker.interfaces.booking.facade.dto.Location: java.lang.String getName()>()
org.eclipse.cargotracker.interfaces.booking.facade.dto.CargoRoute,org.eclipse.cargotracker.interfaces.booking.facade.dto.Location,call,2,method_call,<org.eclipse.cargotracker.interfaces.booking.facade.dto.CargoRoute: java.lang.String getOriginCode()> :: $r2 = virtualinvoke $r1.<org.eclipse.cargotracker.interfaces.booking.facade.dto.Location: java.lang.String getUnLocode()>()
org.eclipse.cargotracker.interfaces.booking.facade.dto.CargoRoute,org.eclipse.cargotracker.interfaces.booking.facade.dto.Location,call,2,method_call,<org.eclipse.cargotracker.interfaces.booking.facade.dto.CargoRoute: java.lang.String getFinalDestination()> :: $r2 = virtualinvoke $r1.<org.eclipse.cargotracker.interfaces.booking.facade.dto.Location: java.lang.String toString()>()
org.eclipse.cargotracker.interfaces.booking.facade.dto.CargoRoute,org.eclipse.cargotracker.interfaces.booking.facade.dto.Location,call,2,method_call,<org.eclipse.cargotracker.interfaces.booking.facade.dto.CargoRoute: java.lang.String getFinalDestinationName()> :: $r2 = virtualinvoke $r1.<org.eclipse.cargotracker.interfaces.booking.facade.dto.Location: java.lang.String getName()>()
org.eclipse.cargotracker.interfaces.booking.facade.dto.CargoRoute,org.eclipse.cargotracker.interfaces.booking.facade.dto.Location,call,2,method_call,<org.eclipse.cargotracker.interfaces.booking.facade.dto.CargoRoute: java.lang.String getFinalDestinationCode()> :: $r2 = virtualinvoke $r1.<org.eclipse.cargotracker.interfaces.booking.facade.dto.Location: java.lang.String getUnLocode()>()
org.eclipse.cargotracker.interfaces.booking.facade.dto.CargoRoute,org.eclipse.cargotracker.interfaces.booking.facade.dto.Location,call,2,method_call,<org.eclipse.cargotracker.interfaces.booking.facade.dto.CargoRoute: java.lang.String getLastKnownLocation()> :: $r2 = virtualinvoke $r1.<org.eclipse.cargotracker.interfaces.booking.facade.dto.Location: java.lang.String toString()>()
org.eclipse.cargotracker.interfaces.booking.facade.dto.CargoRoute,org.eclipse.cargotracker.interfaces.booking.facade.dto.Location,call,2,method_call,<org.eclipse.cargotracker.interfaces.booking.facade.dto.CargoRoute: java.lang.String getLastKnownLocationName()> :: $r2 = virtualinvoke $r1.<org.eclipse.cargotracker.interfaces.booking.facade.dto.Location: java.lang.String getName()>()
org.eclipse.cargotracker.interfaces.booking.facade.dto.CargoRoute,org.eclipse.cargotracker.interfaces.booking.facade.dto.Location,call,2,method_call,<org.eclipse.cargotracker.interfaces.booking.facade.dto.CargoRoute: java.lang.String getLastKnownLocationCode()> :: $r2 = virtualinvoke $r1.<org.eclipse.cargotracker.interfaces.booking.facade.dto.Location: java.lang.String getUnLocode()>()
org.eclipse.cargotracker.interfaces.booking.facade.dto.Leg,org.eclipse.cargotracker.interfaces.booking.facade.dto.Location,type,1,field_type_reference,org.eclipse.cargotracker.interfaces.booking.facade.dto.Leg.from
org.eclipse.cargotracker.interfaces.booking.facade.dto.Leg,org.eclipse.cargotracker.interfaces.booking.facade.dto.Location,type,1,field_type_reference,org.eclipse.cargotracker.interfaces.booking.facade.dto.Leg.to
org.eclipse.cargotracker.interfaces.booking.facade.dto.Leg,org.eclipse.cargotracker.interfaces.booking.facade.dto.Location,type,1,method_parameter_type_reference,"<org.eclipse.cargotracker.interfaces.booking.facade.dto.Leg: void <init>(java.lang.String,org.eclipse.cargotracker.interfaces.booking.facade.dto.Location,org.eclipse.cargotracker.interfaces.booking.facade.dto.Location,java.time.LocalDateTime,java.time.LocalDateTime)>"
org.eclipse.cargotracker.interfaces.booking.facade.dto.Leg,org.eclipse.cargotracker.application.util.DateConverter,call,2,method_call,"<org.eclipse.cargotracker.interfaces.booking.facade.dto.Leg: void <init>(java.lang.String,org.eclipse.cargotracker.interfaces.booking.facade.dto.Location,org.eclipse.cargotracker.interfaces.booking.facade.dto.Location,java.time.LocalDateTime,java.time.LocalDateTime)> :: $r5 = staticinvoke <org.eclipse.cargotracker.application.util.DateConverter: java.lang.String toString(java.time.LocalDateTime)>(r4)"
org.eclipse.cargotracker.interfaces.booking.facade.dto.Leg,org.eclipse.cargotracker.application.util.DateConverter,call,2,method_call,"<org.eclipse.cargotracker.interfaces.booking.facade.dto.Leg: void <init>(java.lang.String,org.eclipse.cargotracker.interfaces.booking.facade.dto.Location,org.eclipse.cargotracker.interfaces.booking.facade.dto.Location,java.time.LocalDateTime,java.time.LocalDateTime)> :: $r7 = staticinvoke <org.eclipse.cargotracker.application.util.DateConverter: java.lang.String toString(java.time.LocalDateTime)>(r6)"
org.eclipse.cargotracker.interfaces.booking.facade.dto.Leg,org.eclipse.cargotracker.interfaces.booking.facade.dto.Location,call,2,method_call,<org.eclipse.cargotracker.interfaces.booking.facade.dto.Leg: java.lang.String getFrom()> :: $r2 = virtualinvoke $r1.<org.eclipse.cargotracker.interfaces.booking.facade.dto.Location: java.lang.String toString()>()
org.eclipse.cargotracker.interfaces.booking.facade.dto.Leg,org.eclipse.cargotracker.interfaces.booking.facade.dto.Location,call,2,method_call,<org.eclipse.cargotracker.interfaces.booking.facade.dto.Leg: java.lang.String getFromUnLocode()> :: $r2 = virtualinvoke $r1.<org.eclipse.cargotracker.interfaces.booking.facade.dto.Location: java.lang.String getUnLocode()>()
org.eclipse.cargotracker.interfaces.booking.facade.dto.Leg,org.eclipse.cargotracker.interfaces.booking.facade.dto.Location,call,2,method_call,<org.eclipse.cargotracker.interfaces.booking.facade.dto.Leg: java.lang.String getFromName()> :: $r2 = virtualinvoke $r1.<org.eclipse.cargotracker.interfaces.booking.facade.dto.Location: java.lang.String getName()>()
org.eclipse.cargotracker.interfaces.booking.facade.dto.Leg,org.eclipse.cargotracker.interfaces.booking.facade.dto.Location,call,2,method_call,<org.eclipse.cargotracker.interfaces.booking.facade.dto.Leg: java.lang.String getTo()> :: $r2 = virtualinvoke $r1.<org.eclipse.cargotracker.interfaces.booking.facade.dto.Location: java.lang.String toString()>()
org.eclipse.cargotracker.interfaces.booking.facade.dto.Leg,org.eclipse.cargotracker.interfaces.booking.facade.dto.Location,call,2,method_call,<org.eclipse.cargotracker.interfaces.booking.facade.dto.Leg: java.lang.String getToName()> :: $r2 = virtualinvoke $r1.<org.eclipse.cargotracker.interfaces.booking.facade.dto.Location: java.lang.String getName()>()
org.eclipse.cargotracker.interfaces.booking.facade.dto.Leg,org.eclipse.cargotracker.interfaces.booking.facade.dto.Location,call,2,method_call,<org.eclipse.cargotracker.interfaces.booking.facade.dto.Leg: java.lang.String getToUnLocode()> :: $r2 = virtualinvoke $r1.<org.eclipse.cargotracker.interfaces.booking.facade.dto.Location: java.lang.String getUnLocode()>()
org.eclipse.cargotracker.interfaces.booking.facade.dto.Leg,org.eclipse.cargotracker.interfaces.booking.facade.dto.Location,call,2,method_call,<org.eclipse.cargotracker.interfaces.booking.facade.dto.Leg: java.lang.String toString()> :: $r7 = virtualinvoke $r1.<org.eclipse.cargotracker.interfaces.booking.facade.dto.Location: java.lang.String getUnLocode()>()
org.eclipse.cargotracker.interfaces.booking.facade.dto.Leg,org.eclipse.cargotracker.interfaces.booking.facade.dto.Location,call,2,method_call,<org.eclipse.cargotracker.interfaces.booking.facade.dto.Leg: java.lang.String toString()> :: $r6 = virtualinvoke $r3.<org.eclipse.cargotracker.interfaces.booking.facade.dto.Location: java.lang.String getUnLocode()>()
org.eclipse.cargotracker.interfaces.booking.facade.internal.DefaultBookingServiceFacade,org.eclipse.cargotracker.interfaces.booking.facade.BookingServiceFacade,type,1,implements_type_reference,org.eclipse.cargotracker.interfaces.booking.facade.internal.DefaultBookingServiceFacade
org.eclipse.cargotracker.interfaces.booking.facade.internal.DefaultBookingServiceFacade,org.eclipse.cargotracker.application.BookingService,type,1,field_type_reference,org.eclipse.cargotracker.interfaces.booking.facade.internal.DefaultBookingServiceFacade.bookingService
org.eclipse.cargotracker.interfaces.booking.facade.internal.DefaultBookingServiceFacade,org.eclipse.cargotracker.domain.model.location.LocationRepository,type,1,field_type_reference,org.eclipse.cargotracker.interfaces.booking.facade.internal.DefaultBookingServiceFacade.locationRepository
org.eclipse.cargotracker.interfaces.booking.facade.internal.DefaultBookingServiceFacade,org.eclipse.cargotracker.domain.model.cargo.CargoRepository,type,1,field_type_reference,org.eclipse.cargotracker.interfaces.booking.facade.internal.DefaultBookingServiceFacade.cargoRepository
org.eclipse.cargotracker.interfaces.booking.facade.internal.DefaultBookingServiceFacade,org.eclipse.cargotracker.domain.model.voyage.VoyageRepository,type,1,field_type_reference,org.eclipse.cargotracker.interfaces.booking.facade.internal.DefaultBookingServiceFacade.voyageRepository
org.eclipse.cargotracker.interfaces.booking.facade.internal.DefaultBookingServiceFacade,org.eclipse.cargotracker.domain.model.handling.HandlingEventRepository,type,1,field_type_reference,org.eclipse.cargotracker.interfaces.booking.facade.internal.DefaultBookingServiceFacade.handlingEventRepository
org.eclipse.cargotracker.interfaces.booking.facade.internal.DefaultBookingServiceFacade,org.eclipse.cargotracker.interfaces.booking.facade.internal.assembler.CargoRouteDtoAssembler,type,1,field_type_reference,org.eclipse.cargotracker.interfaces.booking.facade.internal.DefaultBookingServiceFacade.cargoRouteDtoAssembler
org.eclipse.cargotracker.interfaces.booking.facade.internal.DefaultBookingServiceFacade,org.eclipse.cargotracker.interfaces.booking.facade.internal.assembler.CargoStatusDtoAssembler,type,1,field_type_reference,org.eclipse.cargotracker.interfaces.booking.facade.internal.DefaultBookingServiceFacade.cargoStatusDtoAssembler
org.eclipse.cargotracker.interfaces.booking.facade.internal.DefaultBookingServiceFacade,org.eclipse.cargotracker.interfaces.booking.facade.internal.assembler.ItineraryCandidateDtoAssembler,type,1,field_type_reference,org.eclipse.cargotracker.interfaces.booking.facade.internal.DefaultBookingServiceFacade.itineraryCandidateDtoAssembler
org.eclipse.cargotracker.interfaces.booking.facade.internal.DefaultBookingServiceFacade,org.eclipse.cargotracker.interfaces.booking.facade.internal.assembler.LocationDtoAssembler,type,1,field_type_reference,org.eclipse.cargotracker.interfaces.booking.facade.internal.DefaultBookingServiceFacade.locationDtoAssembler
org.eclipse.cargotracker.interfaces.booking.facade.internal.DefaultBookingServiceFacade,org.eclipse.cargotracker.interfaces.booking.facade.dto.CargoRoute,type,1,method_return_type_reference,<org.eclipse.cargotracker.interfaces.booking.facade.internal.DefaultBookingServiceFacade: org.eclipse.cargotracker.interfaces.booking.facade.dto.CargoRoute loadCargoForRouting(java.lang.String)>
org.eclipse.cargotracker.interfaces.booking.facade.internal.DefaultBookingServiceFacade,org.eclipse.cargotracker.interfaces.booking.facade.dto.RouteCandidate,type,1,method_parameter_type_reference,"<org.eclipse.cargotracker.interfaces.booking.facade.internal.DefaultBookingServiceFacade: void assignCargoToRoute(java.lang.String,org.eclipse.cargotracker.interfaces.booking.facade.dto.RouteCandidate)>"
org.eclipse.cargotracker.interfaces.booking.facade.internal.DefaultBookingServiceFacade,org.eclipse.cargotracker.interfaces.booking.facade.dto.CargoStatus,type,1,method_return_type_reference,<org.eclipse.cargotracker.interfaces.booking.facade.internal.DefaultBookingServiceFacade: org.eclipse.cargotracker.interfaces.booking.facade.dto.CargoStatus loadCargoForTracking(java.lang.String)>
org.eclipse.cargotracker.interfaces.booking.facade.internal.DefaultBookingServiceFacade,org.eclipse.cargotracker.domain.model.cargo.Cargo,type,1,method_parameter_type_reference,"<org.eclipse.cargotracker.interfaces.booking.facade.internal.DefaultBookingServiceFacade: void lambda$listAllTrackingIds$0(java.util.List,org.eclipse.cargotracker.domain.model.cargo.Cargo)>"
org.eclipse.cargotracker.interfaces.booking.facade.internal.DefaultBookingServiceFacade,org.eclipse.cargotracker.domain.model.location.LocationRepository,call,2,method_call,<org.eclipse.cargotracker.interfaces.booking.facade.internal.DefaultBookingServiceFacade: java.util.List listShippingLocations()> :: r2 = interfaceinvoke $r1.<org.eclipse.cargotracker.domain.model.location.LocationRepository: java.util.List findAll()>()
org.eclipse.cargotracker.interfaces.booking.facade.internal.DefaultBookingServiceFacade,org.eclipse.cargotracker.interfaces.booking.facade.internal.assembler.LocationDtoAssembler,call,2,method_call,<org.eclipse.cargotracker.interfaces.booking.facade.internal.DefaultBookingServiceFacade: java.util.List listShippingLocations()> :: $r4 = virtualinvoke $r3.<org.eclipse.cargotracker.interfaces.booking.facade.internal.assembler.LocationDtoAssembler: java.util.List toDtoList(java.util.List)>(r2)
org.eclipse.cargotracker.interfaces.booking.facade.internal.DefaultBookingServiceFacade,org.eclipse.cargotracker.domain.model.location.UnLocode,call,2,method_call,"<org.eclipse.cargotracker.interfaces.booking.facade.internal.DefaultBookingServiceFacade: java.lang.String bookNewCargo(java.lang.String,java.lang.String,java.time.LocalDate)> :: specialinvoke $r1.<org.eclipse.cargotracker.domain.model.location.UnLocode: void <init>(java.lang.String)>(r2)"
org.eclipse.cargotracker.interfaces.booking.facade.internal.DefaultBookingServiceFacade,org.eclipse.cargotracker.domain.model.location.UnLocode,call,2,method_call,"<org.eclipse.cargotracker.interfaces.booking.facade.internal.DefaultBookingServiceFacade: java.lang.String bookNewCargo(java.lang.String,java.lang.String,java.time.LocalDate)> :: specialinvoke $r4.<org.eclipse.cargotracker.domain.model.location.UnLocode: void <init>(java.lang.String)>(r5)"
org.eclipse.cargotracker.interfaces.booking.facade.internal.DefaultBookingServiceFacade,org.eclipse.cargotracker.application.BookingService,call,2,method_call,"<org.eclipse.cargotracker.interfaces.booking.facade.internal.DefaultBookingServiceFacade: java.lang.String bookNewCargo(java.lang.String,java.lang.String,java.time.LocalDate)> :: r7 = interfaceinvoke $r3.<org.eclipse.cargotracker.application.BookingService: org.eclipse.cargotracker.domain.model.cargo.TrackingId bookNewCargo(org.eclipse.cargotracker.domain.model.location.UnLocode,org.eclipse.cargotracker.domain.model.location.UnLocode,java.time.LocalDate)>($r1, $r4, r6)"
org.eclipse.cargotracker.interfaces.booking.facade.internal.DefaultBookingServiceFacade,org.eclipse.cargotracker.domain.model.cargo.TrackingId,call,2,method_call,"<org.eclipse.cargotracker.interfaces.booking.facade.internal.DefaultBookingServiceFacade: java.lang.String bookNewCargo(java.lang.String,java.lang.String,java.time.LocalDate)> :: $r8 = virtualinvoke r7.<org.eclipse.cargotracker.domain.model.cargo.TrackingId: java.lang.String getIdString()>()"
org.eclipse.cargotracker.interfaces.booking.facade.internal.DefaultBookingServiceFacade,org.eclipse.cargotracker.domain.model.cargo.TrackingId,call,2,method_call,<org.eclipse.cargotracker.interfaces.booking.facade.internal.DefaultBookingServiceFacade: org.eclipse.cargotracker.interfaces.booking.facade.dto.CargoRoute loadCargoForRouting(java.lang.String)> :: specialinvoke $r1.<org.eclipse.cargotracker.domain.model.cargo.TrackingId: void <init>(java.lang.String)>(r2)
org.eclipse.cargotracker.interfaces.booking.facade.internal.DefaultBookingServiceFacade,org.eclipse.cargotracker.domain.model.cargo.CargoRepository,call,2,method_call,<org.eclipse.cargotracker.interfaces.booking.facade.internal.DefaultBookingServiceFacade: org.eclipse.cargotracker.interfaces.booking.facade.dto.CargoRoute loadCargoForRouting(java.lang.String)> :: r4 = interfaceinvoke $r3.<org.eclipse.cargotracker.domain.model.cargo.CargoRepository: org.eclipse.cargotracker.domain.model.cargo.Cargo find(org.eclipse.cargotracker.domain.model.cargo.TrackingId)>($r1)
org.eclipse.cargotracker.interfaces.booking.facade.internal.DefaultBookingServiceFacade,org.eclipse.cargotracker.interfaces.booking.facade.internal.assembler.CargoRouteDtoAssembler,call,2,method_call,<org.eclipse.cargotracker.interfaces.booking.facade.internal.DefaultBookingServiceFacade: org.eclipse.cargotracker.interfaces.booking.facade.dto.CargoRoute loadCargoForRouting(java.lang.String)> :: $r6 = virtualinvoke $r5.<org.eclipse.cargotracker.interfaces.booking.facade.internal.assembler.CargoRouteDtoAssembler: org.eclipse.cargotracker.interfaces.booking.facade.dto.CargoRoute toDto(org.eclipse.cargotracker.domain.model.cargo.Cargo)>(r4)
org.eclipse.cargotracker.interfaces.booking.facade.internal.DefaultBookingServiceFacade,org.eclipse.cargotracker.interfaces.booking.facade.internal.assembler.ItineraryCandidateDtoAssembler,call,2,method_call,"<org.eclipse.cargotracker.interfaces.booking.facade.internal.DefaultBookingServiceFacade: void assignCargoToRoute(java.lang.String,org.eclipse.cargotracker.interfaces.booking.facade.dto.RouteCandidate)> :: r5 = virtualinvoke $r4.<org.eclipse.cargotracker.interfaces.booking.facade.internal.assembler.ItineraryCandidateDtoAssembler: org.eclipse.cargotracker.domain.model.cargo.Itinerary fromDTO(org.eclipse.cargotracker.interfaces.booking.facade.dto.RouteCandidate,org.eclipse.cargotracker.domain.model.voyage.VoyageRepository,org.eclipse.cargotracker.domain.model.location.LocationRepository)>(r1, $r3, $r2)"
org.eclipse.cargotracker.interfaces.booking.facade.internal.DefaultBookingServiceFacade,org.eclipse.cargotracker.domain.model.cargo.TrackingId,call,2,method_call,"<org.eclipse.cargotracker.interfaces.booking.facade.internal.DefaultBookingServiceFacade: void assignCargoToRoute(java.lang.String,org.eclipse.cargotracker.interfaces.booking.facade.dto.RouteCandidate)> :: specialinvoke $r6.<org.eclipse.cargotracker.domain.model.cargo.TrackingId: void <init>(java.lang.String)>(r7)"
org.eclipse.cargotracker.interfaces.booking.facade.internal.DefaultBookingServiceFacade,org.eclipse.cargotracker.application.BookingService,call,2,method_call,"<org.eclipse.cargotracker.interfaces.booking.facade.internal.DefaultBookingServiceFacade: void assignCargoToRoute(java.lang.String,org.eclipse.cargotracker.interfaces.booking.facade.dto.RouteCandidate)> :: interfaceinvoke $r8.<org.eclipse.cargotracker.application.BookingService: void assignCargoToRoute(org.eclipse.cargotracker.domain.model.cargo.Itinerary,org.eclipse.cargotracker.domain.model.cargo.TrackingId)>(r5, $r6)"
org.eclipse.cargotracker.interfaces.booking.facade.internal.DefaultBookingServiceFacade,org.eclipse.cargotracker.domain.model.cargo.TrackingId,call,2,method_call,"<org.eclipse.cargotracker.interfaces.booking.facade.internal.DefaultBookingServiceFacade: void changeDestination(java.lang.String,java.lang.String)> :: specialinvoke $r1.<org.eclipse.cargotracker.domain.model.cargo.TrackingId: void <init>(java.lang.String)>(r2)"
org.eclipse.cargotracker.interfaces.booking.facade.internal.DefaultBookingServiceFacade,org.eclipse.cargotracker.domain.model.location.UnLocode,call,2,method_call,"<org.eclipse.cargotracker.interfaces.booking.facade.internal.DefaultBookingServiceFacade: void changeDestination(java.lang.String,java.lang.String)> :: specialinvoke $r4.<org.eclipse.cargotracker.domain.model.location.UnLocode: void <init>(java.lang.String)>(r5)"
org.eclipse.cargotracker.interfaces.booking.facade.internal.DefaultBookingServiceFacade,org.eclipse.cargotracker.application.BookingService,call,2,method_call,"<org.eclipse.cargotracker.interfaces.booking.facade.internal.DefaultBookingServiceFacade: void changeDestination(java.lang.String,java.lang.String)> :: interfaceinvoke $r3.<org.eclipse.cargotracker.application.BookingService: void changeDestination(org.eclipse.cargotracker.domain.model.cargo.TrackingId,org.eclipse.cargotracker.domain.model.location.UnLocode)>($r1, $r4)"
org.eclipse.cargotracker.interfaces.booking.facade.internal.DefaultBookingServiceFacade,org.eclipse.cargotracker.domain.model.cargo.TrackingId,call,2,method_call,"<org.eclipse.cargotracker.interfaces.booking.facade.internal.DefaultBookingServiceFacade: void changeDeadline(java.lang.String,java.time.LocalDate)> :: specialinvoke $r1.<org.eclipse.cargotracker.domain.model.cargo.TrackingId: void <init>(java.lang.String)>(r2)"
org.eclipse.cargotracker.interfaces.booking.facade.internal.DefaultBookingServiceFacade,org.eclipse.cargotracker.application.BookingService,call,2,method_call,"<org.eclipse.cargotracker.interfaces.booking.facade.internal.DefaultBookingServiceFacade: void changeDeadline(java.lang.String,java.time.LocalDate)> :: interfaceinvoke $r3.<org.eclipse.cargotracker.application.BookingService: void changeDeadline(org.eclipse.cargotracker.domain.model.cargo.TrackingId,java.time.LocalDate)>($r1, r4)"
org.eclipse.cargotracker.interfaces.booking.facade.internal.DefaultBookingServiceFacade,org.eclipse.cargotracker.domain.model.cargo.CargoRepository,call,2,method_call,<org.eclipse.cargotracker.interfaces.booking.facade.internal.DefaultBookingServiceFacade: java.util.List listAllCargos()> :: r2 = interfaceinvoke $r1.<org.eclipse.cargotracker.domain.model.cargo.CargoRepository: java.util.List findAll()>()
org.eclipse.cargotracker.interfaces.booking.facade.internal.DefaultBookingServiceFacade,org.eclipse.cargotracker.domain.model.cargo.CargoRepository,call,2,method_call,<org.eclipse.cargotracker.interfaces.booking.facade.internal.DefaultBookingServiceFacade: java.util.List listAllTrackingIds()> :: $r4 = interfaceinvoke $r2.<org.eclipse.cargotracker.domain.model.cargo.CargoRepository: java.util.List findAll()>()
org.eclipse.cargotracker.interfaces.booking.facade.internal.DefaultBookingServiceFacade,org.eclipse.cargotracker.domain.model.cargo.TrackingId,call,2,method_call,<org.eclipse.cargotracker.interfaces.booking.facade.internal.DefaultBookingServiceFacade: org.eclipse.cargotracker.interfaces.booking.facade.dto.CargoStatus loadCargoForTracking(java.lang.String)> :: specialinvoke $r0.<org.eclipse.cargotracker.domain.model.cargo.TrackingId: void <init>(java.lang.String)>(r1)
org.eclipse.cargotracker.interfaces.booking.facade.internal.DefaultBookingServiceFacade,org.eclipse.cargotracker.domain.model.cargo.CargoRepository,call,2,method_call,<org.eclipse.cargotracker.interfaces.booking.facade.internal.DefaultBookingServiceFacade: org.eclipse.cargotracker.interfaces.booking.facade.dto.CargoStatus loadCargoForTracking(java.lang.String)> :: r4 = interfaceinvoke $r3.<org.eclipse.cargotracker.domain.model.cargo.CargoRepository: org.eclipse.cargotracker.domain.model.cargo.Cargo find(org.eclipse.cargotracker.domain.model.cargo.TrackingId)>($r0)
org.eclipse.cargotracker.interfaces.booking.facade.internal.DefaultBookingServiceFacade,org.eclipse.cargotracker.domain.model.handling.HandlingEventRepository,call,2,method_call,<org.eclipse.cargotracker.interfaces.booking.facade.internal.DefaultBookingServiceFacade: org.eclipse.cargotracker.interfaces.booking.facade.dto.CargoStatus loadCargoForTracking(java.lang.String)> :: $r6 = interfaceinvoke $r5.<org.eclipse.cargotracker.domain.model.handling.HandlingEventRepository: org.eclipse.cargotracker.domain.model.handling.HandlingHistory lookupHandlingHistoryOfCargo(org.eclipse.cargotracker.domain.model.cargo.TrackingId)>($r0)
org.eclipse.cargotracker.interfaces.booking.facade.internal.DefaultBookingServiceFacade,org.eclipse.cargotracker.domain.model.handling.HandlingHistory,call,2,method_call,<org.eclipse.cargotracker.interfaces.booking.facade.internal.DefaultBookingServiceFacade: org.eclipse.cargotracker.interfaces.booking.facade.dto.CargoStatus loadCargoForTracking(java.lang.String)> :: r7 = virtualinvoke $r6.<org.eclipse.cargotracker.domain.model.handling.HandlingHistory: java.util.List getDistinctEventsByCompletionTime()>()
org.eclipse.cargotracker.interfaces.booking.facade.internal.DefaultBookingServiceFacade,org.eclipse.cargotracker.interfaces.booking.facade.internal.assembler.CargoStatusDtoAssembler,call,2,method_call,"<org.eclipse.cargotracker.interfaces.booking.facade.internal.DefaultBookingServiceFacade: org.eclipse.cargotracker.interfaces.booking.facade.dto.CargoStatus loadCargoForTracking(java.lang.String)> :: $r9 = virtualinvoke $r8.<org.eclipse.cargotracker.interfaces.booking.facade.internal.assembler.CargoStatusDtoAssembler: org.eclipse.cargotracker.interfaces.booking.facade.dto.CargoStatus toDto(org.eclipse.cargotracker.domain.model.cargo.Cargo,java.util.List)>(r4, r7)"
org.eclipse.cargotracker.interfaces.booking.facade.internal.DefaultBookingServiceFacade,org.eclipse.cargotracker.domain.model.cargo.TrackingId,call,2,method_call,<org.eclipse.cargotracker.interfaces.booking.facade.internal.DefaultBookingServiceFacade: java.util.List requestPossibleRoutesForCargo(java.lang.String)> :: specialinvoke $r1.<org.eclipse.cargotracker.domain.model.cargo.TrackingId: void <init>(java.lang.String)>(r2)
org.eclipse.cargotracker.interfaces.booking.facade.internal.DefaultBookingServiceFacade,org.eclipse.cargotracker.application.BookingService,call,2,method_call,<org.eclipse.cargotracker.interfaces.booking.facade.internal.DefaultBookingServiceFacade: java.util.List requestPossibleRoutesForCargo(java.lang.String)> :: r4 = interfaceinvoke $r3.<org.eclipse.cargotracker.application.BookingService: java.util.List requestPossibleRoutesForCargo(org.eclipse.cargotracker.domain.model.cargo.TrackingId)>($r1)
org.eclipse.cargotracker.interfaces.booking.facade.internal.DefaultBookingServiceFacade,org.eclipse.cargotracker.domain.model.cargo.Cargo,call,2,method_call,"<org.eclipse.cargotracker.interfaces.booking.facade.internal.DefaultBookingServiceFacade: void lambda$listAllTrackingIds$0(java.util.List,org.eclipse.cargotracker.domain.model.cargo.Cargo)> :: $r2 = virtualinvoke r1.<org.eclipse.cargotracker.domain.model.cargo.Cargo: org.eclipse.cargotracker.domain.model.cargo.TrackingId getTrackingId()>()"
org.eclipse.cargotracker.interfaces.booking.facade.internal.DefaultBookingServiceFacade,org.eclipse.cargotracker.domain.model.cargo.TrackingId,call,2,method_call,"<org.eclipse.cargotracker.interfaces.booking.facade.internal.DefaultBookingServiceFacade: void lambda$listAllTrackingIds$0(java.util.List,org.eclipse.cargotracker.domain.model.cargo.Cargo)> :: $r3 = virtualinvoke $r2.<org.eclipse.cargotracker.domain.model.cargo.TrackingId: java.lang.String getIdString()>()"
org.eclipse.cargotracker.interfaces.booking.facade.internal.assembler.CargoRouteDtoAssembler,org.eclipse.cargotracker.interfaces.booking.facade.internal.assembler.LocationDtoAssembler,type,1,field_type_reference,org.eclipse.cargotracker.interfaces.booking.facade.internal.assembler.CargoRouteDtoAssembler.locationDtoAssembler
org.eclipse.cargotracker.interfaces.booking.facade.internal.assembler.CargoRouteDtoAssembler,org.eclipse.cargotracker.interfaces.booking.facade.dto.CargoRoute,type,1,method_return_type_reference,<org.eclipse.cargotracker.interfaces.booking.facade.internal.assembler.CargoRouteDtoAssembler: org.eclipse.cargotracker.interfaces.booking.facade.dto.CargoRoute toDto(org.eclipse.cargotracker.domain.model.cargo.Cargo)>
org.eclipse.cargotracker.interfaces.booking.facade.internal.assembler.CargoRouteDtoAssembler,org.eclipse.cargotracker.domain.model.cargo.Cargo,type,1,method_parameter_type_reference,<org.eclipse.cargotracker.interfaces.booking.facade.internal.assembler.CargoRouteDtoAssembler: org.eclipse.cargotracker.interfaces.booking.facade.dto.CargoRoute toDto(org.eclipse.cargotracker.domain.model.cargo.Cargo)>
org.eclipse.cargotracker.interfaces.booking.facade.internal.assembler.CargoRouteDtoAssembler,org.eclipse.cargotracker.interfaces.booking.facade.dto.Leg,type,1,method_return_type_reference,<org.eclipse.cargotracker.interfaces.booking.facade.internal.assembler.CargoRouteDtoAssembler: org.eclipse.cargotracker.interfaces.booking.facade.dto.Leg lambda$toDto$0(org.eclipse.cargotracker.domain.model.cargo.Leg)>
org.eclipse.cargotracker.interfaces.booking.facade.internal.assembler.CargoRouteDtoAssembler,org.eclipse.cargotracker.domain.model.cargo.Leg,type,1,method_parameter_type_reference,<org.eclipse.cargotracker.interfaces.booking.facade.internal.assembler.CargoRouteDtoAssembler: org.eclipse.cargotracker.interfaces.booking.facade.dto.Leg lambda$toDto$0(org.eclipse.cargotracker.domain.model.cargo.Leg)>
org.eclipse.cargotracker.interfaces.booking.facade.internal.assembler.CargoRouteDtoAssembler,org.eclipse.cargotracker.domain.model.cargo.Cargo,call,2,method_call,<org.eclipse.cargotracker.interfaces.booking.facade.internal.assembler.CargoRouteDtoAssembler: org.eclipse.cargotracker.interfaces.booking.facade.dto.CargoRoute toDto(org.eclipse.cargotracker.domain.model.cargo.Cargo)> :: $r1 = virtualinvoke r0.<org.eclipse.cargotracker.domain.model.cargo.Cargo: org.eclipse.cargotracker.domain.model.cargo.Itinerary getItinerary()>()
org.eclipse.cargotracker.interfaces.booking.facade.internal.assembler.CargoRouteDtoAssembler,org.eclipse.cargotracker.domain.model.cargo.Itinerary,call,2,method_call,<org.eclipse.cargotracker.interfaces.booking.facade.internal.assembler.CargoRouteDtoAssembler: org.eclipse.cargotracker.interfaces.booking.facade.dto.CargoRoute toDto(org.eclipse.cargotracker.domain.model.cargo.Cargo)> :: $r2 = virtualinvoke $r1.<org.eclipse.cargotracker.domain.model.cargo.Itinerary: java.util.List getLegs()>()
org.eclipse.cargotracker.interfaces.booking.facade.internal.assembler.CargoRouteDtoAssembler,org.eclipse.cargotracker.domain.model.cargo.Cargo,call,2,method_call,<org.eclipse.cargotracker.interfaces.booking.facade.internal.assembler.CargoRouteDtoAssembler: org.eclipse.cargotracker.interfaces.booking.facade.dto.CargoRoute toDto(org.eclipse.cargotracker.domain.model.cargo.Cargo)> :: $r11 = virtualinvoke r0.<org.eclipse.cargotracker.domain.model.cargo.Cargo: org.eclipse.cargotracker.domain.model.cargo.TrackingId getTrackingId()>()
org.eclipse.cargotracker.interfaces.booking.facade.internal.assembler.CargoRouteDtoAssembler,org.eclipse.cargotracker.domain.model.cargo.TrackingId,call,2,method_call,<org.eclipse.cargotracker.interfaces.booking.facade.internal.assembler.CargoRouteDtoAssembler: org.eclipse.cargotracker.interfaces.booking.facade.dto.CargoRoute toDto(org.eclipse.cargotracker.domain.model.cargo.Cargo)> :: $r34 = virtualinvoke $r11.<org.eclipse.cargotracker.domain.model.cargo.TrackingId: java.lang.String getIdString()>()
org.eclipse.cargotracker.interfaces.booking.facade.internal.assembler.CargoRouteDtoAssembler,org.eclipse.cargotracker.domain.model.cargo.Cargo,call,2,method_call,<org.eclipse.cargotracker.interfaces.booking.facade.internal.assembler.CargoRouteDtoAssembler: org.eclipse.cargotracker.interfaces.booking.facade.dto.CargoRoute toDto(org.eclipse.cargotracker.domain.model.cargo.Cargo)> :: $r13 = virtualinvoke r0.<org.eclipse.cargotracker.domain.model.cargo.Cargo: org.eclipse.cargotracker.domain.model.location.Location getOrigin()>()
org.eclipse.cargotracker.interfaces.booking.facade.internal.assembler.CargoRouteDtoAssembler,org.eclipse.cargotracker.interfaces.booking.facade.internal.assembler.LocationDtoAssembler,call,2,method_call,<org.eclipse.cargotracker.interfaces.booking.facade.internal.assembler.CargoRouteDtoAssembler: org.eclipse.cargotracker.interfaces.booking.facade.dto.CargoRoute toDto(org.eclipse.cargotracker.domain.model.cargo.Cargo)> :: $r33 = virtualinvoke $r12.<org.eclipse.cargotracker.interfaces.booking.facade.internal.assembler.LocationDtoAssembler: org.eclipse.cargotracker.interfaces.booking.facade.dto.Location toDto(org.eclipse.cargotracker.domain.model.location.Location)>($r13)
org.eclipse.cargotracker.interfaces.booking.facade.internal.assembler.CargoRouteDtoAssembler,org.eclipse.cargotracker.domain.model.cargo.Cargo,call,2,method_call,<org.eclipse.cargotracker.interfaces.booking.facade.internal.assembler.CargoRouteDtoAssembler: org.eclipse.cargotracker.interfaces.booking.facade.dto.CargoRoute toDto(org.eclipse.cargotracker.domain.model.cargo.Cargo)> :: $r15 = virtualinvoke r0.<org.eclipse.cargotracker.domain.model.cargo.Cargo: org.eclipse.cargotracker.domain.model.cargo.RouteSpecification getRouteSpecification()>()
org.eclipse.cargotracker.interfaces.booking.facade.internal.assembler.CargoRouteDtoAssembler,org.eclipse.cargotracker.domain.model.cargo.RouteSpecification,call,2,method_call,<org.eclipse.cargotracker.interfaces.booking.facade.internal.assembler.CargoRouteDtoAssembler: org.eclipse.cargotracker.interfaces.booking.facade.dto.CargoRoute toDto(org.eclipse.cargotracker.domain.model.cargo.Cargo)> :: $r16 = virtualinvoke $r15.<org.eclipse.cargotracker.domain.model.cargo.RouteSpecification: org.eclipse.cargotracker.domain.model.location.Location getDestination()>()
org.eclipse.cargotracker.interfaces.booking.facade.internal.assembler.CargoRouteDtoAssembler,org.eclipse.cargotracker.interfaces.booking.facade.internal.assembler.LocationDtoAssembler,call,2,method_call,<org.eclipse.cargotracker.interfaces.booking.facade.internal.assembler.CargoRouteDtoAssembler: org.eclipse.cargotracker.interfaces.booking.facade.dto.CargoRoute toDto(org.eclipse.cargotracker.domain.model.cargo.Cargo)> :: $r32 = virtualinvoke $r14.<org.eclipse.cargotracker.interfaces.booking.facade.internal.assembler.LocationDtoAssembler: org.eclipse.cargotracker.interfaces.booking.facade.dto.Location toDto(org.eclipse.cargotracker.domain.model.location.Location)>($r16)
org.eclipse.cargotracker.interfaces.booking.facade.internal.assembler.CargoRouteDtoAssembler,org.eclipse.cargotracker.domain.model.cargo.Cargo,call,2,method_call,<org.eclipse.cargotracker.interfaces.booking.facade.internal.assembler.CargoRouteDtoAssembler: org.eclipse.cargotracker.interfaces.booking.facade.dto.CargoRoute toDto(org.eclipse.cargotracker.domain.model.cargo.Cargo)> :: $r17 = virtualinvoke r0.<org.eclipse.cargotracker.domain.model.cargo.Cargo: org.eclipse.cargotracker.domain.model.cargo.RouteSpecification getRouteSpecification()>()
org.eclipse.cargotracker.interfaces.booking.facade.internal.assembler.CargoRouteDtoAssembler,org.eclipse.cargotracker.domain.model.cargo.RouteSpecification,call,2,method_call,<org.eclipse.cargotracker.interfaces.booking.facade.internal.assembler.CargoRouteDtoAssembler: org.eclipse.cargotracker.interfaces.booking.facade.dto.CargoRoute toDto(org.eclipse.cargotracker.domain.model.cargo.Cargo)> :: $r31 = virtualinvoke $r17.<org.eclipse.cargotracker.domain.model.cargo.RouteSpecification: java.time.LocalDate getArrivalDeadline()>()
org.eclipse.cargotracker.interfaces.booking.facade.internal.assembler.CargoRouteDtoAssembler,org.eclipse.cargotracker.domain.model.cargo.Cargo,call,2,method_call,<org.eclipse.cargotracker.interfaces.booking.facade.internal.assembler.CargoRouteDtoAssembler: org.eclipse.cargotracker.interfaces.booking.facade.dto.CargoRoute toDto(org.eclipse.cargotracker.domain.model.cargo.Cargo)> :: $r18 = virtualinvoke r0.<org.eclipse.cargotracker.domain.model.cargo.Cargo: org.eclipse.cargotracker.domain.model.cargo.Delivery getDelivery()>()
org.eclipse.cargotracker.interfaces.booking.facade.internal.assembler.CargoRouteDtoAssembler,org.eclipse.cargotracker.domain.model.cargo.Delivery,call,2,method_call,<org.eclipse.cargotracker.interfaces.booking.facade.internal.assembler.CargoRouteDtoAssembler: org.eclipse.cargotracker.interfaces.booking.facade.dto.CargoRoute toDto(org.eclipse.cargotracker.domain.model.cargo.Cargo)> :: $r20 = virtualinvoke $r18.<org.eclipse.cargotracker.domain.model.cargo.Delivery: org.eclipse.cargotracker.domain.model.cargo.RoutingStatus getRoutingStatus()>()
org.eclipse.cargotracker.interfaces.booking.facade.internal.assembler.CargoRouteDtoAssembler,org.eclipse.cargotracker.domain.model.cargo.RoutingStatus,call,2,method_call,<org.eclipse.cargotracker.interfaces.booking.facade.internal.assembler.CargoRouteDtoAssembler: org.eclipse.cargotracker.interfaces.booking.facade.dto.CargoRoute toDto(org.eclipse.cargotracker.domain.model.cargo.Cargo)> :: $z1 = virtualinvoke $r20.<org.eclipse.cargotracker.domain.model.cargo.RoutingStatus: boolean sameValueAs(org.eclipse.cargotracker.domain.model.cargo.RoutingStatus)>($r19)
org.eclipse.cargotracker.interfaces.booking.facade.internal.assembler.CargoRouteDtoAssembler,org.eclipse.cargotracker.domain.model.cargo.Cargo,call,2,method_call,<org.eclipse.cargotracker.interfaces.booking.facade.internal.assembler.CargoRouteDtoAssembler: org.eclipse.cargotracker.interfaces.booking.facade.dto.CargoRoute toDto(org.eclipse.cargotracker.domain.model.cargo.Cargo)> :: $r21 = virtualinvoke r0.<org.eclipse.cargotracker.domain.model.cargo.Cargo: org.eclipse.cargotracker.domain.model.cargo.Delivery getDelivery()>()
org.eclipse.cargotracker.interfaces.booking.facade.internal.assembler.CargoRouteDtoAssembler,org.eclipse.cargotracker.domain.model.cargo.Delivery,call,2,method_call,<org.eclipse.cargotracker.interfaces.booking.facade.internal.assembler.CargoRouteDtoAssembler: org.eclipse.cargotracker.interfaces.booking.facade.dto.CargoRoute toDto(org.eclipse.cargotracker.domain.model.cargo.Cargo)> :: $r23 = virtualinvoke $r21.<org.eclipse.cargotracker.domain.model.cargo.Delivery: org.eclipse.cargotracker.domain.model.cargo.TransportStatus getTransportStatus()>()
org.eclipse.cargotracker.interfaces.booking.facade.internal.assembler.CargoRouteDtoAssembler,org.eclipse.cargotracker.domain.model.cargo.TransportStatus,call,2,method_call,<org.eclipse.cargotracker.interfaces.booking.facade.internal.assembler.CargoRouteDtoAssembler: org.eclipse.cargotracker.interfaces.booking.facade.dto.CargoRoute toDto(org.eclipse.cargotracker.domain.model.cargo.Cargo)> :: $z0 = virtualinvoke $r23.<org.eclipse.cargotracker.domain.model.cargo.TransportStatus: boolean sameValueAs(org.eclipse.cargotracker.domain.model.cargo.TransportStatus)>($r22)
org.eclipse.cargotracker.interfaces.booking.facade.internal.assembler.CargoRouteDtoAssembler,org.eclipse.cargotracker.domain.model.cargo.Cargo,call,2,method_call,<org.eclipse.cargotracker.interfaces.booking.facade.internal.assembler.CargoRouteDtoAssembler: org.eclipse.cargotracker.interfaces.booking.facade.dto.CargoRoute toDto(org.eclipse.cargotracker.domain.model.cargo.Cargo)> :: $r25 = virtualinvoke r0.<org.eclipse.cargotracker.domain.model.cargo.Cargo: org.eclipse.cargotracker.domain.model.cargo.Delivery getDelivery()>()
org.eclipse.cargotracker.interfaces.booking.facade.internal.assembler.CargoRouteDtoAssembler,org.eclipse.cargotracker.domain.model.cargo.Delivery,call,2,method_call,<org.eclipse.cargotracker.interfaces.booking.facade.internal.assembler.CargoRouteDtoAssembler: org.eclipse.cargotracker.interfaces.booking.facade.dto.CargoRoute toDto(org.eclipse.cargotracker.domain.model.cargo.Cargo)> :: $r26 = virtualinvoke $r25.<org.eclipse.cargotracker.domain.model.cargo.Delivery: org.eclipse.cargotracker.domain.model.location.Location getLastKnownLocation()>()
org.eclipse.cargotracker.interfaces.booking.facade.internal.assembler.CargoRouteDtoAssembler,org.eclipse.cargotracker.interfaces.booking.facade.internal.assembler.LocationDtoAssembler,call,2,method_call,<org.eclipse.cargotracker.interfaces.booking.facade.internal.assembler.CargoRouteDtoAssembler: org.eclipse.cargotracker.interfaces.booking.facade.dto.CargoRoute toDto(org.eclipse.cargotracker.domain.model.cargo.Cargo)> :: $r30 = virtualinvoke $r24.<org.eclipse.cargotracker.interfaces.booking.facade.internal.assembler.LocationDtoAssembler: org.eclipse.cargotracker.interfaces.booking.facade.dto.Location toDto(org.eclipse.cargotracker.domain.model.location.Location)>($r26)
org.eclipse.cargotracker.interfaces.booking.facade.internal.assembler.CargoRouteDtoAssembler,org.eclipse.cargotracker.domain.model.cargo.Cargo,call,2,method_call,<org.eclipse.cargotracker.interfaces.booking.facade.internal.assembler.CargoRouteDtoAssembler: org.eclipse.cargotracker.interfaces.booking.facade.dto.CargoRoute toDto(org.eclipse.cargotracker.domain.model.cargo.Cargo)> :: $r27 = virtualinvoke r0.<org.eclipse.cargotracker.domain.model.cargo.Cargo: org.eclipse.cargotracker.domain.model.cargo.Delivery getDelivery()>()
org.eclipse.cargotracker.interfaces.booking.facade.internal.assembler.CargoRouteDtoAssembler,org.eclipse.cargotracker.domain.model.cargo.Delivery,call,2,method_call,<org.eclipse.cargotracker.interfaces.booking.facade.internal.assembler.CargoRouteDtoAssembler: org.eclipse.cargotracker.interfaces.booking.facade.dto.CargoRoute toDto(org.eclipse.cargotracker.domain.model.cargo.Cargo)> :: $r28 = virtualinvoke $r27.<org.eclipse.cargotracker.domain.model.cargo.Delivery: org.eclipse.cargotracker.domain.model.cargo.TransportStatus getTransportStatus()>()
org.eclipse.cargotracker.interfaces.booking.facade.internal.assembler.CargoRouteDtoAssembler,org.eclipse.cargotracker.interfaces.booking.facade.dto.CargoRoute,call,2,method_call,"<org.eclipse.cargotracker.interfaces.booking.facade.internal.assembler.CargoRouteDtoAssembler: org.eclipse.cargotracker.interfaces.booking.facade.dto.CargoRoute toDto(org.eclipse.cargotracker.domain.model.cargo.Cargo)> :: specialinvoke $r10.<org.eclipse.cargotracker.interfaces.booking.facade.dto.CargoRoute: void <init>(java.lang.String,org.eclipse.cargotracker.interfaces.booking.facade.dto.Location,org.eclipse.cargotracker.interfaces.booking.facade.dto.Location,java.time.LocalDate,boolean,boolean,org.eclipse.cargotracker.interfaces.booking.facade.dto.Location,java.lang.String,java.util.List)>($r34, $r33, $r32, $r31, $z1, $z0, $r30, $r29, r9)"
org.eclipse.cargotracker.interfaces.booking.facade.internal.assembler.CargoRouteDtoAssembler,org.eclipse.cargotracker.domain.model.cargo.Leg,call,2,method_call,<org.eclipse.cargotracker.interfaces.booking.facade.internal.assembler.CargoRouteDtoAssembler: org.eclipse.cargotracker.interfaces.booking.facade.dto.Leg lambda$toDto$0(org.eclipse.cargotracker.domain.model.cargo.Leg)> :: $r2 = virtualinvoke r1.<org.eclipse.cargotracker.domain.model.cargo.Leg: org.eclipse.cargotracker.domain.model.voyage.Voyage getVoyage()>()
org.eclipse.cargotracker.interfaces.booking.facade.internal.assembler.CargoRouteDtoAssembler,org.eclipse.cargotracker.domain.model.voyage.Voyage,call,2,method_call,<org.eclipse.cargotracker.interfaces.booking.facade.internal.assembler.CargoRouteDtoAssembler: org.eclipse.cargotracker.interfaces.booking.facade.dto.Leg lambda$toDto$0(org.eclipse.cargotracker.domain.model.cargo.Leg)> :: $r3 = virtualinvoke $r2.<org.eclipse.cargotracker.domain.model.voyage.Voyage: org.eclipse.cargotracker.domain.model.voyage.VoyageNumber getVoyageNumber()>()
org.eclipse.cargotracker.interfaces.booking.facade.internal.assembler.CargoRouteDtoAssembler,org.eclipse.cargotracker.domain.model.voyage.VoyageNumber,call,2,method_call,<org.eclipse.cargotracker.interfaces.booking.facade.internal.assembler.CargoRouteDtoAssembler: org.eclipse.cargotracker.interfaces.booking.facade.dto.Leg lambda$toDto$0(org.eclipse.cargotracker.domain.model.cargo.Leg)> :: $r13 = virtualinvoke $r3.<org.eclipse.cargotracker.domain.model.voyage.VoyageNumber: java.lang.String getIdString()>()
org.eclipse.cargotracker.interfaces.booking.facade.internal.assembler.CargoRouteDtoAssembler,org.eclipse.cargotracker.domain.model.cargo.Leg,call,2,method_call,<org.eclipse.cargotracker.interfaces.booking.facade.internal.assembler.CargoRouteDtoAssembler: org.eclipse.cargotracker.interfaces.booking.facade.dto.Leg lambda$toDto$0(org.eclipse.cargotracker.domain.model.cargo.Leg)> :: $r6 = virtualinvoke r1.<org.eclipse.cargotracker.domain.model.cargo.Leg: org.eclipse.cargotracker.domain.model.location.Location getLoadLocation()>()
org.eclipse.cargotracker.interfaces.booking.facade.internal.assembler.CargoRouteDtoAssembler,org.eclipse.cargotracker.interfaces.booking.facade.internal.assembler.LocationDtoAssembler,call,2,method_call,<org.eclipse.cargotracker.interfaces.booking.facade.internal.assembler.CargoRouteDtoAssembler: org.eclipse.cargotracker.interfaces.booking.facade.dto.Leg lambda$toDto$0(org.eclipse.cargotracker.domain.model.cargo.Leg)> :: $r12 = virtualinvoke $r5.<org.eclipse.cargotracker.interfaces.booking.facade.internal.assembler.LocationDtoAssembler: org.eclipse.cargotracker.interfaces.booking.facade.dto.Location toDto(org.eclipse.cargotracker.domain.model.location.Location)>($r6)
org.eclipse.cargotracker.interfaces.booking.facade.internal.assembler.CargoRouteDtoAssembler,org.eclipse.cargotracker.domain.model.cargo.Leg,call,2,method_call,<org.eclipse.cargotracker.interfaces.booking.facade.internal.assembler.CargoRouteDtoAssembler: org.eclipse.cargotracker.interfaces.booking.facade.dto.Leg lambda$toDto$0(org.eclipse.cargotracker.domain.model.cargo.Leg)> :: $r8 = virtualinvoke r1.<org.eclipse.cargotracker.domain.model.cargo.Leg: org.eclipse.cargotracker.domain.model.location.Location getUnloadLocation()>()
org.eclipse.cargotracker.interfaces.booking.facade.internal.assembler.CargoRouteDtoAssembler,org.eclipse.cargotracker.interfaces.booking.facade.internal.assembler.LocationDtoAssembler,call,2,method_call,<org.eclipse.cargotracker.interfaces.booking.facade.internal.assembler.CargoRouteDtoAssembler: org.eclipse.cargotracker.interfaces.booking.facade.dto.Leg lambda$toDto$0(org.eclipse.cargotracker.domain.model.cargo.Leg)> :: $r11 = virtualinvoke $r7.<org.eclipse.cargotracker.interfaces.booking.facade.internal.assembler.LocationDtoAssembler: org.eclipse.cargotracker.interfaces.booking.facade.dto.Location toDto(org.eclipse.cargotracker.domain.model.location.Location)>($r8)
org.eclipse.cargotracker.interfaces.booking.facade.internal.assembler.CargoRouteDtoAssembler,org.eclipse.cargotracker.domain.model.cargo.Leg,call,2,method_call,<org.eclipse.cargotracker.interfaces.booking.facade.internal.assembler.CargoRouteDtoAssembler: org.eclipse.cargotracker.interfaces.booking.facade.dto.Leg lambda$toDto$0(org.eclipse.cargotracker.domain.model.cargo.Leg)> :: $r10 = virtualinvoke r1.<org.eclipse.cargotracker.domain.model.cargo.Leg: java.time.LocalDateTime getLoadTime()>()
org.eclipse.cargotracker.interfaces.booking.facade.internal.assembler.CargoRouteDtoAssembler,org.eclipse.cargotracker.domain.model.cargo.Leg,call,2,method_call,<org.eclipse.cargotracker.interfaces.booking.facade.internal.assembler.CargoRouteDtoAssembler: org.eclipse.cargotracker.interfaces.booking.facade.dto.Leg lambda$toDto$0(org.eclipse.cargotracker.domain.model.cargo.Leg)> :: $r9 = virtualinvoke r1.<org.eclipse.cargotracker.domain.model.cargo.Leg: java.time.LocalDateTime getUnloadTime()>()
org.eclipse.cargotracker.interfaces.booking.facade.internal.assembler.CargoRouteDtoAssembler,org.eclipse.cargotracker.interfaces.booking.facade.dto.Leg,call,2,method_call,"<org.eclipse.cargotracker.interfaces.booking.facade.internal.assembler.CargoRouteDtoAssembler: org.eclipse.cargotracker.interfaces.booking.facade.dto.Leg lambda$toDto$0(org.eclipse.cargotracker.domain.model.cargo.Leg)> :: specialinvoke $r0.<org.eclipse.cargotracker.interfaces.booking.facade.dto.Leg: void <init>(java.lang.String,org.eclipse.cargotracker.interfaces.booking.facade.dto.Location,org.eclipse.cargotracker.interfaces.booking.facade.dto.Location,java.time.LocalDateTime,java.time.LocalDateTime)>($r13, $r12, $r11, $r10, $r9)"
org.eclipse.cargotracker.interfaces.booking.facade.internal.assembler.CargoStatusDtoAssembler,org.eclipse.cargotracker.interfaces.booking.facade.internal.assembler.TrackingEventsDtoAssembler,type,1,field_type_reference,org.eclipse.cargotracker.interfaces.booking.facade.internal.assembler.CargoStatusDtoAssembler.assembler
org.eclipse.cargotracker.interfaces.booking.facade.internal.assembler.CargoStatusDtoAssembler,org.eclipse.cargotracker.interfaces.booking.facade.dto.CargoStatus,type,1,method_return_type_reference,"<org.eclipse.cargotracker.interfaces.booking.facade.internal.assembler.CargoStatusDtoAssembler: org.eclipse.cargotracker.interfaces.booking.facade.dto.CargoStatus toDto(org.eclipse.cargotracker.domain.model.cargo.Cargo,java.util.List)>"
org.eclipse.cargotracker.interfaces.booking.facade.internal.assembler.CargoStatusDtoAssembler,org.eclipse.cargotracker.domain.model.cargo.Cargo,type,1,method_parameter_type_reference,"<org.eclipse.cargotracker.interfaces.booking.facade.internal.assembler.CargoStatusDtoAssembler: org.eclipse.cargotracker.interfaces.booking.facade.dto.CargoStatus toDto(org.eclipse.cargotracker.domain.model.cargo.Cargo,java.util.List)>"
org.eclipse.cargotracker.interfaces.booking.facade.internal.assembler.CargoStatusDtoAssembler,org.eclipse.cargotracker.domain.model.cargo.Cargo,type,1,method_parameter_type_reference,<org.eclipse.cargotracker.interfaces.booking.facade.internal.assembler.CargoStatusDtoAssembler: java.lang.String getCargoStatusText(org.eclipse.cargotracker.domain.model.cargo.Cargo)>
org.eclipse.cargotracker.interfaces.booking.facade.internal.assembler.CargoStatusDtoAssembler,org.eclipse.cargotracker.domain.model.cargo.Cargo,type,1,method_parameter_type_reference,<org.eclipse.cargotracker.interfaces.booking.facade.internal.assembler.CargoStatusDtoAssembler: java.lang.String getEta(org.eclipse.cargotracker.domain.model.cargo.Cargo)>
org.eclipse.cargotracker.interfaces.booking.facade.internal.assembler.CargoStatusDtoAssembler,org.eclipse.cargotracker.domain.model.cargo.Cargo,type,1,method_parameter_type_reference,<org.eclipse.cargotracker.interfaces.booking.facade.internal.assembler.CargoStatusDtoAssembler: java.lang.String getNextExpectedActivity(org.eclipse.cargotracker.domain.model.cargo.Cargo)>
org.eclipse.cargotracker.interfaces.booking.facade.internal.assembler.CargoStatusDtoAssembler,org.eclipse.cargotracker.interfaces.booking.facade.dto.TrackingEvents,type,1,method_return_type_reference,"<org.eclipse.cargotracker.interfaces.booking.facade.internal.assembler.CargoStatusDtoAssembler: org.eclipse.cargotracker.interfaces.booking.facade.dto.TrackingEvents lambda$toDto$0(org.eclipse.cargotracker.domain.model.cargo.Cargo,org.eclipse.cargotracker.domain.model.handling.HandlingEvent)>"
org.eclipse.cargotracker.interfaces.booking.facade.internal.assembler.CargoStatusDtoAssembler,org.eclipse.cargotracker.domain.model.cargo.Cargo,type,1,method_parameter_type_reference,"<org.eclipse.cargotracker.interfaces.booking.facade.internal.assembler.CargoStatusDtoAssembler: org.eclipse.cargotracker.interfaces.booking.facade.dto.TrackingEvents lambda$toDto$0(org.eclipse.cargotracker.domain.model.cargo.Cargo,org.eclipse.cargotracker.domain.model.handling.HandlingEvent)>"
org.eclipse.cargotracker.interfaces.booking.facade.internal.assembler.CargoStatusDtoAssembler,org.eclipse.cargotracker.domain.model.handling.HandlingEvent,type,1,method_parameter_type_reference,"<org.eclipse.cargotracker.interfaces.booking.facade.internal.assembler.CargoStatusDtoAssembler: org.eclipse.cargotracker.interfaces.booking.facade.dto.TrackingEvents lambda$toDto$0(org.eclipse.cargotracker.domain.model.cargo.Cargo,org.eclipse.cargotracker.domain.model.handling.HandlingEvent)>"
org.eclipse.cargotracker.interfaces.booking.facade.internal.assembler.CargoStatusDtoAssembler,org.eclipse.cargotracker.domain.model.cargo.Cargo,call,2,method_call,"<org.eclipse.cargotracker.interfaces.booking.facade.internal.assembler.CargoStatusDtoAssembler: org.eclipse.cargotracker.interfaces.booking.facade.dto.CargoStatus toDto(org.eclipse.cargotracker.domain.model.cargo.Cargo,java.util.List)> :: $r10 = virtualinvoke r2.<org.eclipse.cargotracker.domain.model.cargo.Cargo: org.eclipse.cargotracker.domain.model.cargo.TrackingId getTrackingId()>()"
org.eclipse.cargotracker.interfaces.booking.facade.internal.assembler.CargoStatusDtoAssembler,org.eclipse.cargotracker.domain.model.cargo.TrackingId,call,2,method_call,"<org.eclipse.cargotracker.interfaces.booking.facade.internal.assembler.CargoStatusDtoAssembler: org.eclipse.cargotracker.interfaces.booking.facade.dto.CargoStatus toDto(org.eclipse.cargotracker.domain.model.cargo.Cargo,java.util.List)> :: $r18 = virtualinvoke $r10.<org.eclipse.cargotracker.domain.model.cargo.TrackingId: java.lang.String getIdString()>()"
org.eclipse.cargotracker.interfaces.booking.facade.internal.assembler.CargoStatusDtoAssembler,org.eclipse.cargotracker.domain.model.cargo.Cargo,call,2,method_call,"<org.eclipse.cargotracker.interfaces.booking.facade.internal.assembler.CargoStatusDtoAssembler: org.eclipse.cargotracker.interfaces.booking.facade.dto.CargoStatus toDto(org.eclipse.cargotracker.domain.model.cargo.Cargo,java.util.List)> :: $r11 = virtualinvoke r2.<org.eclipse.cargotracker.domain.model.cargo.Cargo: org.eclipse.cargotracker.domain.model.cargo.RouteSpecification getRouteSpecification()>()"
org.eclipse.cargotracker.interfaces.booking.facade.internal.assembler.CargoStatusDtoAssembler,org.eclipse.cargotracker.domain.model.cargo.RouteSpecification,call,2,method_call,"<org.eclipse.cargotracker.interfaces.booking.facade.internal.assembler.CargoStatusDtoAssembler: org.eclipse.cargotracker.interfaces.booking.facade.dto.CargoStatus toDto(org.eclipse.cargotracker.domain.model.cargo.Cargo,java.util.List)> :: $r12 = virtualinvoke $r11.<org.eclipse.cargotracker.domain.model.cargo.RouteSpecification: org.eclipse.cargotracker.domain.model.location.Location getDestination()>()"
org.eclipse.cargotracker.interfaces.booking.facade.internal.assembler.CargoStatusDtoAssembler,org.eclipse.cargotracker.domain.model.location.Location,call,2,method_call,"<org.eclipse.cargotracker.interfaces.booking.facade.internal.assembler.CargoStatusDtoAssembler: org.eclipse.cargotracker.interfaces.booking.facade.dto.CargoStatus toDto(org.eclipse.cargotracker.domain.model.cargo.Cargo,java.util.List)> :: $r17 = virtualinvoke $r12.<org.eclipse.cargotracker.domain.model.location.Location: java.lang.String getName()>()"
org.eclipse.cargotracker.interfaces.booking.facade.internal.assembler.CargoStatusDtoAssembler,org.eclipse.cargotracker.domain.model.cargo.Cargo,call,2,method_call,"<org.eclipse.cargotracker.interfaces.booking.facade.internal.assembler.CargoStatusDtoAssembler: org.eclipse.cargotracker.interfaces.booking.facade.dto.CargoStatus toDto(org.eclipse.cargotracker.domain.model.cargo.Cargo,java.util.List)> :: $r13 = virtualinvoke r2.<org.eclipse.cargotracker.domain.model.cargo.Cargo: org.eclipse.cargotracker.domain.model.cargo.Delivery getDelivery()>()"
org.eclipse.cargotracker.interfaces.booking.facade.internal.assembler.CargoStatusDtoAssembler,org.eclipse.cargotracker.domain.model.cargo.Delivery,call,2,method_call,"<org.eclipse.cargotracker.interfaces.booking.facade.internal.assembler.CargoStatusDtoAssembler: org.eclipse.cargotracker.interfaces.booking.facade.dto.CargoStatus toDto(org.eclipse.cargotracker.domain.model.cargo.Cargo,java.util.List)> :: $z0 = virtualinvoke $r13.<org.eclipse.cargotracker.domain.model.cargo.Delivery: boolean isMisdirected()>()"
org.eclipse.cargotracker.interfaces.booking.facade.internal.assembler.CargoStatusDtoAssembler,org.eclipse.cargotracker.interfaces.booking.facade.dto.CargoStatus,call,2,method_call,"<org.eclipse.cargotracker.interfaces.booking.facade.internal.assembler.CargoStatusDtoAssembler: org.eclipse.cargotracker.interfaces.booking.facade.dto.CargoStatus toDto(org.eclipse.cargotracker.domain.model.cargo.Cargo,java.util.List)> :: specialinvoke $r9.<org.eclipse.cargotracker.interfaces.booking.facade.dto.CargoStatus: void <init>(java.lang.String,java.lang.String,java.lang.String,boolean,java.lang.String,java.lang.String,java.util.List)>($r18, $r17, $r16, $z0, $r15, $r14, r8)"
org.eclipse.cargotracker.interfaces.booking.facade.internal.assembler.CargoStatusDtoAssembler,org.eclipse.cargotracker.domain.model.cargo.Cargo,call,2,method_call,<org.eclipse.cargotracker.interfaces.booking.facade.internal.assembler.CargoStatusDtoAssembler: java.lang.String getCargoStatusText(org.eclipse.cargotracker.domain.model.cargo.Cargo)> :: r1 = virtualinvoke r0.<org.eclipse.cargotracker.domain.model.cargo.Cargo: org.eclipse.cargotracker.domain.model.cargo.Delivery getDelivery()>()
org.eclipse.cargotracker.interfaces.booking.facade.internal.assembler.CargoStatusDtoAssembler,org.eclipse.cargotracker.domain.model.cargo.Delivery,call,2,method_call,<org.eclipse.cargotracker.interfaces.booking.facade.internal.assembler.CargoStatusDtoAssembler: java.lang.String getCargoStatusText(org.eclipse.cargotracker.domain.model.cargo.Cargo)> :: $r3 = virtualinvoke r1.<org.eclipse.cargotracker.domain.model.cargo.Delivery: org.eclipse.cargotracker.domain.model.cargo.TransportStatus getTransportStatus()>()
org.eclipse.cargotracker.interfaces.booking.facade.internal.assembler.CargoStatusDtoAssembler,org.eclipse.cargotracker.domain.model.cargo.Delivery,call,2,method_call,<org.eclipse.cargotracker.interfaces.booking.facade.internal.assembler.CargoStatusDtoAssembler: java.lang.String getCargoStatusText(org.eclipse.cargotracker.domain.model.cargo.Cargo)> :: $r8 = virtualinvoke r1.<org.eclipse.cargotracker.domain.model.cargo.Delivery: org.eclipse.cargotracker.domain.model.location.Location getLastKnownLocation()>()
org.eclipse.cargotracker.interfaces.booking.facade.internal.assembler.CargoStatusDtoAssembler,org.eclipse.cargotracker.domain.model.location.Location,call,2,method_call,<org.eclipse.cargotracker.interfaces.booking.facade.internal.assembler.CargoStatusDtoAssembler: java.lang.String getCargoStatusText(org.eclipse.cargotracker.domain.model.cargo.Cargo)> :: $r9 = virtualinvoke $r8.<org.eclipse.cargotracker.domain.model.location.Location: java.lang.String getName()>()
org.eclipse.cargotracker.interfaces.booking.facade.internal.assembler.CargoStatusDtoAssembler,org.eclipse.cargotracker.domain.model.cargo.Delivery,call,2,method_call,<org.eclipse.cargotracker.interfaces.booking.facade.internal.assembler.CargoStatusDtoAssembler: java.lang.String getCargoStatusText(org.eclipse.cargotracker.domain.model.cargo.Cargo)> :: $r4 = virtualinvoke r1.<org.eclipse.cargotracker.domain.model.cargo.Delivery: org.eclipse.cargotracker.domain.model.voyage.Voyage getCurrentVoyage()>()
org.eclipse.cargotracker.interfaces.booking.facade.internal.assembler.CargoStatusDtoAssembler,org.eclipse.cargotracker.domain.model.voyage.Voyage,call,2,method_call,<org.eclipse.cargotracker.interfaces.booking.facade.internal.assembler.CargoStatusDtoAssembler: java.lang.String getCargoStatusText(org.eclipse.cargotracker.domain.model.cargo.Cargo)> :: $r5 = virtualinvoke $r4.<org.eclipse.cargotracker.domain.model.voyage.Voyage: org.eclipse.cargotracker.domain.model.voyage.VoyageNumber getVoyageNumber()>()
org.eclipse.cargotracker.interfaces.booking.facade.internal.assembler.CargoStatusDtoAssembler,org.eclipse.cargotracker.domain.model.voyage.VoyageNumber,call,2,method_call,<org.eclipse.cargotracker.interfaces.booking.facade.internal.assembler.CargoStatusDtoAssembler: java.lang.String getCargoStatusText(org.eclipse.cargotracker.domain.model.cargo.Cargo)> :: $r6 = virtualinvoke $r5.<org.eclipse.cargotracker.domain.model.voyage.VoyageNumber: java.lang.String getIdString()>()
org.eclipse.cargotracker.interfaces.booking.facade.internal.assembler.CargoStatusDtoAssembler,org.eclipse.cargotracker.domain.model.cargo.Cargo,call,2,method_call,<org.eclipse.cargotracker.interfaces.booking.facade.internal.assembler.CargoStatusDtoAssembler: java.lang.String getEta(org.eclipse.cargotracker.domain.model.cargo.Cargo)> :: $r1 = virtualinvoke r0.<org.eclipse.cargotracker.domain.model.cargo.Cargo: org.eclipse.cargotracker.domain.model.cargo.Delivery getDelivery()>()
org.eclipse.cargotracker.interfaces.booking.facade.internal.assembler.CargoStatusDtoAssembler,org.eclipse.cargotracker.domain.model.cargo.Delivery,call,2,method_call,<org.eclipse.cargotracker.interfaces.booking.facade.internal.assembler.CargoStatusDtoAssembler: java.lang.String getEta(org.eclipse.cargotracker.domain.model.cargo.Cargo)> :: r2 = virtualinvoke $r1.<org.eclipse.cargotracker.domain.model.cargo.Delivery: java.time.LocalDateTime getEstimatedTimeOfArrival()>()
org.eclipse.cargotracker.interfaces.booking.facade.internal.assembler.CargoStatusDtoAssembler,org.eclipse.cargotracker.application.util.DateConverter,call,2,method_call,<org.eclipse.cargotracker.interfaces.booking.facade.internal.assembler.CargoStatusDtoAssembler: java.lang.String getEta(org.eclipse.cargotracker.domain.model.cargo.Cargo)> :: $r3 = staticinvoke <org.eclipse.cargotracker.application.util.DateConverter: java.lang.String toString(java.time.LocalDateTime)>(r2)
org.eclipse.cargotracker.interfaces.booking.facade.internal.assembler.CargoStatusDtoAssembler,org.eclipse.cargotracker.domain.model.cargo.Cargo,call,2,method_call,<org.eclipse.cargotracker.interfaces.booking.facade.internal.assembler.CargoStatusDtoAssembler: java.lang.String getNextExpectedActivity(org.eclipse.cargotracker.domain.model.cargo.Cargo)> :: $r1 = virtualinvoke r0.<org.eclipse.cargotracker.domain.model.cargo.Cargo: org.eclipse.cargotracker.domain.model.cargo.Delivery getDelivery()>()
org.eclipse.cargotracker.interfaces.booking.facade.internal.assembler.CargoStatusDtoAssembler,org.eclipse.cargotracker.domain.model.cargo.Delivery,call,2,method_call,<org.eclipse.cargotracker.interfaces.booking.facade.internal.assembler.CargoStatusDtoAssembler: java.lang.String getNextExpectedActivity(org.eclipse.cargotracker.domain.model.cargo.Cargo)> :: r2 = virtualinvoke $r1.<org.eclipse.cargotracker.domain.model.cargo.Delivery: org.eclipse.cargotracker.domain.model.cargo.HandlingActivity getNextExpectedActivity()>()
org.eclipse.cargotracker.interfaces.booking.facade.internal.assembler.CargoStatusDtoAssembler,org.eclipse.cargotracker.domain.model.cargo.HandlingActivity,call,2,method_call,<org.eclipse.cargotracker.interfaces.booking.facade.internal.assembler.CargoStatusDtoAssembler: java.lang.String getNextExpectedActivity(org.eclipse.cargotracker.domain.model.cargo.Cargo)> :: $z0 = virtualinvoke r2.<org.eclipse.cargotracker.domain.model.cargo.HandlingActivity: boolean isEmpty()>()
org.eclipse.cargotracker.interfaces.booking.facade.internal.assembler.CargoStatusDtoAssembler,org.eclipse.cargotracker.domain.model.cargo.HandlingActivity,call,2,method_call,<org.eclipse.cargotracker.interfaces.booking.facade.internal.assembler.CargoStatusDtoAssembler: java.lang.String getNextExpectedActivity(org.eclipse.cargotracker.domain.model.cargo.Cargo)> :: r3 = virtualinvoke r2.<org.eclipse.cargotracker.domain.model.cargo.HandlingActivity: org.eclipse.cargotracker.domain.model.handling.HandlingEvent$Type getType()>()
org.eclipse.cargotracker.interfaces.booking.facade.internal.assembler.CargoStatusDtoAssembler,org.eclipse.cargotracker.domain.model.handling.HandlingEvent$Type,call,2,method_call,<org.eclipse.cargotracker.interfaces.booking.facade.internal.assembler.CargoStatusDtoAssembler: java.lang.String getNextExpectedActivity(org.eclipse.cargotracker.domain.model.cargo.Cargo)> :: $z1 = virtualinvoke r3.<org.eclipse.cargotracker.domain.model.handling.HandlingEvent$Type: boolean sameValueAs(org.eclipse.cargotracker.domain.model.handling.HandlingEvent$Type)>($r4)
org.eclipse.cargotracker.interfaces.booking.facade.internal.assembler.CargoStatusDtoAssembler,org.eclipse.cargotracker.domain.model.cargo.HandlingActivity,call,2,method_call,<org.eclipse.cargotracker.interfaces.booking.facade.internal.assembler.CargoStatusDtoAssembler: java.lang.String getNextExpectedActivity(org.eclipse.cargotracker.domain.model.cargo.Cargo)> :: $r20 = virtualinvoke r2.<org.eclipse.cargotracker.domain.model.cargo.HandlingActivity: org.eclipse.cargotracker.domain.model.voyage.Voyage getVoyage()>()
org.eclipse.cargotracker.interfaces.booking.facade.internal.assembler.CargoStatusDtoAssembler,org.eclipse.cargotracker.domain.model.voyage.Voyage,call,2,method_call,<org.eclipse.cargotracker.interfaces.booking.facade.internal.assembler.CargoStatusDtoAssembler: java.lang.String getNextExpectedActivity(org.eclipse.cargotracker.domain.model.cargo.Cargo)> :: $r21 = virtualinvoke $r20.<org.eclipse.cargotracker.domain.model.voyage.Voyage: org.eclipse.cargotracker.domain.model.voyage.VoyageNumber getVoyageNumber()>()
org.eclipse.cargotracker.interfaces.booking.facade.internal.assembler.CargoStatusDtoAssembler,org.eclipse.cargotracker.domain.model.cargo.HandlingActivity,call,2,method_call,<org.eclipse.cargotracker.interfaces.booking.facade.internal.assembler.CargoStatusDtoAssembler: java.lang.String getNextExpectedActivity(org.eclipse.cargotracker.domain.model.cargo.Cargo)> :: $r22 = virtualinvoke r2.<org.eclipse.cargotracker.domain.model.cargo.HandlingActivity: org.eclipse.cargotracker.domain.model.location.Location getLocation()>()
org.eclipse.cargotracker.interfaces.booking.facade.internal.assembler.CargoStatusDtoAssembler,org.eclipse.cargotracker.domain.model.location.Location,call,2,method_call,<org.eclipse.cargotracker.interfaces.booking.facade.internal.assembler.CargoStatusDtoAssembler: java.lang.String getNextExpectedActivity(org.eclipse.cargotracker.domain.model.cargo.Cargo)> :: $r23 = virtualinvoke $r22.<org.eclipse.cargotracker.domain.model.location.Location: java.lang.String getName()>()
org.eclipse.cargotracker.interfaces.booking.facade.internal.assembler.CargoStatusDtoAssembler,org.eclipse.cargotracker.domain.model.handling.HandlingEvent$Type,call,2,method_call,<org.eclipse.cargotracker.interfaces.booking.facade.internal.assembler.CargoStatusDtoAssembler: java.lang.String getNextExpectedActivity(org.eclipse.cargotracker.domain.model.cargo.Cargo)> :: $z2 = virtualinvoke r3.<org.eclipse.cargotracker.domain.model.handling.HandlingEvent$Type: boolean sameValueAs(org.eclipse.cargotracker.domain.model.handling.HandlingEvent$Type)>($r5)
org.eclipse.cargotracker.interfaces.booking.facade.internal.assembler.CargoStatusDtoAssembler,org.eclipse.cargotracker.domain.model.cargo.HandlingActivity,call,2,method_call,<org.eclipse.cargotracker.interfaces.booking.facade.internal.assembler.CargoStatusDtoAssembler: java.lang.String getNextExpectedActivity(org.eclipse.cargotracker.domain.model.cargo.Cargo)> :: $r12 = virtualinvoke r2.<org.eclipse.cargotracker.domain.model.cargo.HandlingActivity: org.eclipse.cargotracker.domain.model.voyage.Voyage getVoyage()>()
org.eclipse.cargotracker.interfaces.booking.facade.internal.assembler.CargoStatusDtoAssembler,org.eclipse.cargotracker.domain.model.voyage.Voyage,call,2,method_call,<org.eclipse.cargotracker.interfaces.booking.facade.internal.assembler.CargoStatusDtoAssembler: java.lang.String getNextExpectedActivity(org.eclipse.cargotracker.domain.model.cargo.Cargo)> :: $r13 = virtualinvoke $r12.<org.eclipse.cargotracker.domain.model.voyage.Voyage: org.eclipse.cargotracker.domain.model.voyage.VoyageNumber getVoyageNumber()>()
org.eclipse.cargotracker.interfaces.booking.facade.internal.assembler.CargoStatusDtoAssembler,org.eclipse.cargotracker.domain.model.cargo.HandlingActivity,call,2,method_call,<org.eclipse.cargotracker.interfaces.booking.facade.internal.assembler.CargoStatusDtoAssembler: java.lang.String getNextExpectedActivity(org.eclipse.cargotracker.domain.model.cargo.Cargo)> :: $r14 = virtualinvoke r2.<org.eclipse.cargotracker.domain.model.cargo.HandlingActivity: org.eclipse.cargotracker.domain.model.location.Location getLocation()>()
org.eclipse.cargotracker.interfaces.booking.facade.internal.assembler.CargoStatusDtoAssembler,org.eclipse.cargotracker.domain.model.location.Location,call,2,method_call,<org.eclipse.cargotracker.interfaces.booking.facade.internal.assembler.CargoStatusDtoAssembler: java.lang.String getNextExpectedActivity(org.eclipse.cargotracker.domain.model.cargo.Cargo)> :: $r15 = virtualinvoke $r14.<org.eclipse.cargotracker.domain.model.location.Location: java.lang.String getName()>()
org.eclipse.cargotracker.interfaces.booking.facade.internal.assembler.CargoStatusDtoAssembler,org.eclipse.cargotracker.domain.model.cargo.HandlingActivity,call,2,method_call,<org.eclipse.cargotracker.interfaces.booking.facade.internal.assembler.CargoStatusDtoAssembler: java.lang.String getNextExpectedActivity(org.eclipse.cargotracker.domain.model.cargo.Cargo)> :: $r7 = virtualinvoke r2.<org.eclipse.cargotracker.domain.model.cargo.HandlingActivity: org.eclipse.cargotracker.domain.model.location.Location getLocation()>()
org.eclipse.cargotracker.interfaces.booking.facade.internal.assembler.CargoStatusDtoAssembler,org.eclipse.cargotracker.domain.model.location.Location,call,2,method_call,<org.eclipse.cargotracker.interfaces.booking.facade.internal.assembler.CargoStatusDtoAssembler: java.lang.String getNextExpectedActivity(org.eclipse.cargotracker.domain.model.cargo.Cargo)> :: $r8 = virtualinvoke $r7.<org.eclipse.cargotracker.domain.model.location.Location: java.lang.String getName()>()
org.eclipse.cargotracker.interfaces.booking.facade.internal.assembler.CargoStatusDtoAssembler,org.eclipse.cargotracker.interfaces.booking.facade.internal.assembler.TrackingEventsDtoAssembler,call,2,method_call,"<org.eclipse.cargotracker.interfaces.booking.facade.internal.assembler.CargoStatusDtoAssembler: org.eclipse.cargotracker.interfaces.booking.facade.dto.TrackingEvents lambda$toDto$0(org.eclipse.cargotracker.domain.model.cargo.Cargo,org.eclipse.cargotracker.domain.model.handling.HandlingEvent)> :: $r4 = virtualinvoke $r3.<org.eclipse.cargotracker.interfaces.booking.facade.internal.assembler.TrackingEventsDtoAssembler: org.eclipse.cargotracker.interfaces.booking.facade.dto.TrackingEvents toDto(org.eclipse.cargotracker.domain.model.cargo.Cargo,org.eclipse.cargotracker.domain.model.handling.HandlingEvent)>(r1, r2)"
org.eclipse.cargotracker.interfaces.booking.facade.internal.assembler.CargoStatusDtoAssembler$1,org.eclipse.cargotracker.domain.model.cargo.TransportStatus,call,2,method_call,<org.eclipse.cargotracker.interfaces.booking.facade.internal.assembler.CargoStatusDtoAssembler$1: void <clinit>()> :: $r0 = staticinvoke <org.eclipse.cargotracker.domain.model.cargo.TransportStatus: org.eclipse.cargotracker.domain.model.cargo.TransportStatus[] values()>()
org.eclipse.cargotracker.interfaces.booking.facade.internal.assembler.ItineraryCandidateDtoAssembler,org.eclipse.cargotracker.interfaces.booking.facade.internal.assembler.LocationDtoAssembler,type,1,field_type_reference,org.eclipse.cargotracker.interfaces.booking.facade.internal.assembler.ItineraryCandidateDtoAssembler.locationDtoAssembler
org.eclipse.cargotracker.interfaces.booking.facade.internal.assembler.ItineraryCandidateDtoAssembler,org.eclipse.cargotracker.interfaces.booking.facade.dto.RouteCandidate,type,1,method_return_type_reference,<org.eclipse.cargotracker.interfaces.booking.facade.internal.assembler.ItineraryCandidateDtoAssembler: org.eclipse.cargotracker.interfaces.booking.facade.dto.RouteCandidate toDto(org.eclipse.cargotracker.domain.model.cargo.Itinerary)>
org.eclipse.cargotracker.interfaces.booking.facade.internal.assembler.ItineraryCandidateDtoAssembler,org.eclipse.cargotracker.domain.model.cargo.Itinerary,type,1,method_parameter_type_reference,<org.eclipse.cargotracker.interfaces.booking.facade.internal.assembler.ItineraryCandidateDtoAssembler: org.eclipse.cargotracker.interfaces.booking.facade.dto.RouteCandidate toDto(org.eclipse.cargotracker.domain.model.cargo.Itinerary)>
org.eclipse.cargotracker.interfaces.booking.facade.internal.assembler.ItineraryCandidateDtoAssembler,org.eclipse.cargotracker.interfaces.booking.facade.dto.Leg,type,1,method_return_type_reference,<org.eclipse.cargotracker.interfaces.booking.facade.internal.assembler.ItineraryCandidateDtoAssembler: org.eclipse.cargotracker.interfaces.booking.facade.dto.Leg toLegDTO(org.eclipse.cargotracker.domain.model.cargo.Leg)>
org.eclipse.cargotracker.interfaces.booking.facade.internal.assembler.ItineraryCandidateDtoAssembler,org.eclipse.cargotracker.domain.model.cargo.Leg,type,1,method_parameter_type_reference,<org.eclipse.cargotracker.interfaces.booking.facade.internal.assembler.ItineraryCandidateDtoAssembler: org.eclipse.cargotracker.interfaces.booking.facade.dto.Leg toLegDTO(org.eclipse.cargotracker.domain.model.cargo.Leg)>
org.eclipse.cargotracker.interfaces.booking.facade.internal.assembler.ItineraryCandidateDtoAssembler,org.eclipse.cargotracker.domain.model.cargo.Itinerary,type,1,method_return_type_reference,"<org.eclipse.cargotracker.interfaces.booking.facade.internal.assembler.ItineraryCandidateDtoAssembler: org.eclipse.cargotracker.domain.model.cargo.Itinerary fromDTO(org.eclipse.cargotracker.interfaces.booking.facade.dto.RouteCandidate,org.eclipse.cargotracker.domain.model.voyage.VoyageRepository,org.eclipse.cargotracker.domain.model.location.LocationRepository)>"
org.eclipse.cargotracker.interfaces.booking.facade.internal.assembler.ItineraryCandidateDtoAssembler,org.eclipse.cargotracker.interfaces.booking.facade.dto.RouteCandidate,type,1,method_parameter_type_reference,"<org.eclipse.cargotracker.interfaces.booking.facade.internal.assembler.ItineraryCandidateDtoAssembler: org.eclipse.cargotracker.domain.model.cargo.Itinerary fromDTO(org.eclipse.cargotracker.interfaces.booking.facade.dto.RouteCandidate,org.eclipse.cargotracker.domain.model.voyage.VoyageRepository,org.eclipse.cargotracker.domain.model.location.LocationRepository)>"
org.eclipse.cargotracker.interfaces.booking.facade.internal.assembler.ItineraryCandidateDtoAssembler,org.eclipse.cargotracker.domain.model.voyage.VoyageRepository,type,1,method_parameter_type_reference,"<org.eclipse.cargotracker.interfaces.booking.facade.internal.assembler.ItineraryCandidateDtoAssembler: org.eclipse.cargotracker.domain.model.cargo.Itinerary fromDTO(org.eclipse.cargotracker.interfaces.booking.facade.dto.RouteCandidate,org.eclipse.cargotracker.domain.model.voyage.VoyageRepository,org.eclipse.cargotracker.domain.model.location.LocationRepository)>"
org.eclipse.cargotracker.interfaces.booking.facade.internal.assembler.ItineraryCandidateDtoAssembler,org.eclipse.cargotracker.domain.model.location.LocationRepository,type,1,method_parameter_type_reference,"<org.eclipse.cargotracker.interfaces.booking.facade.internal.assembler.ItineraryCandidateDtoAssembler: org.eclipse.cargotracker.domain.model.cargo.Itinerary fromDTO(org.eclipse.cargotracker.interfaces.booking.facade.dto.RouteCandidate,org.eclipse.cargotracker.domain.model.voyage.VoyageRepository,org.eclipse.cargotracker.domain.model.location.LocationRepository)>"
org.eclipse.cargotracker.interfaces.booking.facade.internal.assembler.ItineraryCandidateDtoAssembler,org.eclipse.cargotracker.domain.model.cargo.Itinerary,call,2,method_call,<org.eclipse.cargotracker.interfaces.booking.facade.internal.assembler.ItineraryCandidateDtoAssembler: org.eclipse.cargotracker.interfaces.booking.facade.dto.RouteCandidate toDto(org.eclipse.cargotracker.domain.model.cargo.Itinerary)> :: $r1 = virtualinvoke r0.<org.eclipse.cargotracker.domain.model.cargo.Itinerary: java.util.List getLegs()>()
org.eclipse.cargotracker.interfaces.booking.facade.internal.assembler.ItineraryCandidateDtoAssembler,org.eclipse.cargotracker.interfaces.booking.facade.dto.RouteCandidate,call,2,method_call,<org.eclipse.cargotracker.interfaces.booking.facade.internal.assembler.ItineraryCandidateDtoAssembler: org.eclipse.cargotracker.interfaces.booking.facade.dto.RouteCandidate toDto(org.eclipse.cargotracker.domain.model.cargo.Itinerary)> :: specialinvoke $r9.<org.eclipse.cargotracker.interfaces.booking.facade.dto.RouteCandidate: void <init>(java.util.List)>(r8)
org.eclipse.cargotracker.interfaces.booking.facade.internal.assembler.ItineraryCandidateDtoAssembler,org.eclipse.cargotracker.domain.model.cargo.Leg,call,2,method_call,<org.eclipse.cargotracker.interfaces.booking.facade.internal.assembler.ItineraryCandidateDtoAssembler: org.eclipse.cargotracker.interfaces.booking.facade.dto.Leg toLegDTO(org.eclipse.cargotracker.domain.model.cargo.Leg)> :: $r1 = virtualinvoke r0.<org.eclipse.cargotracker.domain.model.cargo.Leg: org.eclipse.cargotracker.domain.model.voyage.Voyage getVoyage()>()
org.eclipse.cargotracker.interfaces.booking.facade.internal.assembler.ItineraryCandidateDtoAssembler,org.eclipse.cargotracker.domain.model.voyage.Voyage,call,2,method_call,<org.eclipse.cargotracker.interfaces.booking.facade.internal.assembler.ItineraryCandidateDtoAssembler: org.eclipse.cargotracker.interfaces.booking.facade.dto.Leg toLegDTO(org.eclipse.cargotracker.domain.model.cargo.Leg)> :: r2 = virtualinvoke $r1.<org.eclipse.cargotracker.domain.model.voyage.Voyage: org.eclipse.cargotracker.domain.model.voyage.VoyageNumber getVoyageNumber()>()
org.eclipse.cargotracker.interfaces.booking.facade.internal.assembler.ItineraryCandidateDtoAssembler,org.eclipse.cargotracker.domain.model.voyage.VoyageNumber,call,2,method_call,<org.eclipse.cargotracker.interfaces.booking.facade.internal.assembler.ItineraryCandidateDtoAssembler: org.eclipse.cargotracker.interfaces.booking.facade.dto.Leg toLegDTO(org.eclipse.cargotracker.domain.model.cargo.Leg)> :: $r13 = virtualinvoke r2.<org.eclipse.cargotracker.domain.model.voyage.VoyageNumber: java.lang.String getIdString()>()
org.eclipse.cargotracker.interfaces.booking.facade.internal.assembler.ItineraryCandidateDtoAssembler,org.eclipse.cargotracker.domain.model.cargo.Leg,call,2,method_call,<org.eclipse.cargotracker.interfaces.booking.facade.internal.assembler.ItineraryCandidateDtoAssembler: org.eclipse.cargotracker.interfaces.booking.facade.dto.Leg toLegDTO(org.eclipse.cargotracker.domain.model.cargo.Leg)> :: $r6 = virtualinvoke r0.<org.eclipse.cargotracker.domain.model.cargo.Leg: org.eclipse.cargotracker.domain.model.location.Location getLoadLocation()>()
org.eclipse.cargotracker.interfaces.booking.facade.internal.assembler.ItineraryCandidateDtoAssembler,org.eclipse.cargotracker.interfaces.booking.facade.internal.assembler.LocationDtoAssembler,call,2,method_call,<org.eclipse.cargotracker.interfaces.booking.facade.internal.assembler.ItineraryCandidateDtoAssembler: org.eclipse.cargotracker.interfaces.booking.facade.dto.Leg toLegDTO(org.eclipse.cargotracker.domain.model.cargo.Leg)> :: $r12 = virtualinvoke $r5.<org.eclipse.cargotracker.interfaces.booking.facade.internal.assembler.LocationDtoAssembler: org.eclipse.cargotracker.interfaces.booking.facade.dto.Location toDto(org.eclipse.cargotracker.domain.model.location.Location)>($r6)
org.eclipse.cargotracker.interfaces.booking.facade.internal.assembler.ItineraryCandidateDtoAssembler,org.eclipse.cargotracker.domain.model.cargo.Leg,call,2,method_call,<org.eclipse.cargotracker.interfaces.booking.facade.internal.assembler.ItineraryCandidateDtoAssembler: org.eclipse.cargotracker.interfaces.booking.facade.dto.Leg toLegDTO(org.eclipse.cargotracker.domain.model.cargo.Leg)> :: $r8 = virtualinvoke r0.<org.eclipse.cargotracker.domain.model.cargo.Leg: org.eclipse.cargotracker.domain.model.location.Location getUnloadLocation()>()
org.eclipse.cargotracker.interfaces.booking.facade.internal.assembler.ItineraryCandidateDtoAssembler,org.eclipse.cargotracker.interfaces.booking.facade.internal.assembler.LocationDtoAssembler,call,2,method_call,<org.eclipse.cargotracker.interfaces.booking.facade.internal.assembler.ItineraryCandidateDtoAssembler: org.eclipse.cargotracker.interfaces.booking.facade.dto.Leg toLegDTO(org.eclipse.cargotracker.domain.model.cargo.Leg)> :: $r11 = virtualinvoke $r7.<org.eclipse.cargotracker.interfaces.booking.facade.internal.assembler.LocationDtoAssembler: org.eclipse.cargotracker.interfaces.booking.facade.dto.Location toDto(org.eclipse.cargotracker.domain.model.location.Location)>($r8)
org.eclipse.cargotracker.interfaces.booking.facade.internal.assembler.ItineraryCandidateDtoAssembler,org.eclipse.cargotracker.domain.model.cargo.Leg,call,2,method_call,<org.eclipse.cargotracker.interfaces.booking.facade.internal.assembler.ItineraryCandidateDtoAssembler: org.eclipse.cargotracker.interfaces.booking.facade.dto.Leg toLegDTO(org.eclipse.cargotracker.domain.model.cargo.Leg)> :: $r10 = virtualinvoke r0.<org.eclipse.cargotracker.domain.model.cargo.Leg: java.time.LocalDateTime getLoadTime()>()
org.eclipse.cargotracker.interfaces.booking.facade.internal.assembler.ItineraryCandidateDtoAssembler,org.eclipse.cargotracker.domain.model.cargo.Leg,call,2,method_call,<org.eclipse.cargotracker.interfaces.booking.facade.internal.assembler.ItineraryCandidateDtoAssembler: org.eclipse.cargotracker.interfaces.booking.facade.dto.Leg toLegDTO(org.eclipse.cargotracker.domain.model.cargo.Leg)> :: $r9 = virtualinvoke r0.<org.eclipse.cargotracker.domain.model.cargo.Leg: java.time.LocalDateTime getUnloadTime()>()
org.eclipse.cargotracker.interfaces.booking.facade.internal.assembler.ItineraryCandidateDtoAssembler,org.eclipse.cargotracker.interfaces.booking.facade.dto.Leg,call,2,method_call,"<org.eclipse.cargotracker.interfaces.booking.facade.internal.assembler.ItineraryCandidateDtoAssembler: org.eclipse.cargotracker.interfaces.booking.facade.dto.Leg toLegDTO(org.eclipse.cargotracker.domain.model.cargo.Leg)> :: specialinvoke $r3.<org.eclipse.cargotracker.interfaces.booking.facade.dto.Leg: void <init>(java.lang.String,org.eclipse.cargotracker.interfaces.booking.facade.dto.Location,org.eclipse.cargotracker.interfaces.booking.facade.dto.Location,java.time.LocalDateTime,java.time.LocalDateTime)>($r13, $r12, $r11, $r10, $r9)"
org.eclipse.cargotracker.interfaces.booking.facade.internal.assembler.ItineraryCandidateDtoAssembler,org.eclipse.cargotracker.interfaces.booking.facade.dto.RouteCandidate,call,2,method_call,"<org.eclipse.cargotracker.interfaces.booking.facade.internal.assembler.ItineraryCandidateDtoAssembler: org.eclipse.cargotracker.domain.model.cargo.Itinerary fromDTO(org.eclipse.cargotracker.interfaces.booking.facade.dto.RouteCandidate,org.eclipse.cargotracker.domain.model.voyage.VoyageRepository,org.eclipse.cargotracker.domain.model.location.LocationRepository)> :: $r2 = virtualinvoke r1.<org.eclipse.cargotracker.interfaces.booking.facade.dto.RouteCandidate: java.util.List getLegs()>()"
org.eclipse.cargotracker.interfaces.booking.facade.internal.assembler.ItineraryCandidateDtoAssembler,org.eclipse.cargotracker.interfaces.booking.facade.dto.RouteCandidate,call,2,method_call,"<org.eclipse.cargotracker.interfaces.booking.facade.internal.assembler.ItineraryCandidateDtoAssembler: org.eclipse.cargotracker.domain.model.cargo.Itinerary fromDTO(org.eclipse.cargotracker.interfaces.booking.facade.dto.RouteCandidate,org.eclipse.cargotracker.domain.model.voyage.VoyageRepository,org.eclipse.cargotracker.domain.model.location.LocationRepository)> :: $r3 = virtualinvoke r1.<org.eclipse.cargotracker.interfaces.booking.facade.dto.RouteCandidate: java.util.List getLegs()>()"
org.eclipse.cargotracker.interfaces.booking.facade.internal.assembler.ItineraryCandidateDtoAssembler,org.eclipse.cargotracker.interfaces.booking.facade.dto.Leg,call,2,method_call,"<org.eclipse.cargotracker.interfaces.booking.facade.internal.assembler.ItineraryCandidateDtoAssembler: org.eclipse.cargotracker.domain.model.cargo.Itinerary fromDTO(org.eclipse.cargotracker.interfaces.booking.facade.dto.RouteCandidate,org.eclipse.cargotracker.domain.model.voyage.VoyageRepository,org.eclipse.cargotracker.domain.model.location.LocationRepository)> :: $r9 = virtualinvoke r7.<org.eclipse.cargotracker.interfaces.booking.facade.dto.Leg: java.lang.String getVoyageNumber()>()"
org.eclipse.cargotracker.interfaces.booking.facade.internal.assembler.ItineraryCandidateDtoAssembler,org.eclipse.cargotracker.domain.model.voyage.VoyageNumber,call,2,method_call,"<org.eclipse.cargotracker.interfaces.booking.facade.internal.assembler.ItineraryCandidateDtoAssembler: org.eclipse.cargotracker.domain.model.cargo.Itinerary fromDTO(org.eclipse.cargotracker.interfaces.booking.facade.dto.RouteCandidate,org.eclipse.cargotracker.domain.model.voyage.VoyageRepository,org.eclipse.cargotracker.domain.model.location.LocationRepository)> :: specialinvoke $r8.<org.eclipse.cargotracker.domain.model.voyage.VoyageNumber: void <init>(java.lang.String)>($r9)"
org.eclipse.cargotracker.interfaces.booking.facade.internal.assembler.ItineraryCandidateDtoAssembler,org.eclipse.cargotracker.domain.model.voyage.VoyageRepository,call,2,method_call,"<org.eclipse.cargotracker.interfaces.booking.facade.internal.assembler.ItineraryCandidateDtoAssembler: org.eclipse.cargotracker.domain.model.cargo.Itinerary fromDTO(org.eclipse.cargotracker.interfaces.booking.facade.dto.RouteCandidate,org.eclipse.cargotracker.domain.model.voyage.VoyageRepository,org.eclipse.cargotracker.domain.model.location.LocationRepository)> :: r11 = interfaceinvoke r10.<org.eclipse.cargotracker.domain.model.voyage.VoyageRepository: org.eclipse.cargotracker.domain.model.voyage.Voyage find(org.eclipse.cargotracker.domain.model.voyage.VoyageNumber)>($r8)"
org.eclipse.cargotracker.interfaces.booking.facade.internal.assembler.ItineraryCandidateDtoAssembler,org.eclipse.cargotracker.interfaces.booking.facade.dto.Leg,call,2,method_call,"<org.eclipse.cargotracker.interfaces.booking.facade.internal.assembler.ItineraryCandidateDtoAssembler: org.eclipse.cargotracker.domain.model.cargo.Itinerary fromDTO(org.eclipse.cargotracker.interfaces.booking.facade.dto.RouteCandidate,org.eclipse.cargotracker.domain.model.voyage.VoyageRepository,org.eclipse.cargotracker.domain.model.location.LocationRepository)> :: $r14 = virtualinvoke r7.<org.eclipse.cargotracker.interfaces.booking.facade.dto.Leg: java.lang.String getFromUnLocode()>()"
org.eclipse.cargotracker.interfaces.booking.facade.internal.assembler.ItineraryCandidateDtoAssembler,org.eclipse.cargotracker.domain.model.location.UnLocode,call,2,method_call,"<org.eclipse.cargotracker.interfaces.booking.facade.internal.assembler.ItineraryCandidateDtoAssembler: org.eclipse.cargotracker.domain.model.cargo.Itinerary fromDTO(org.eclipse.cargotracker.interfaces.booking.facade.dto.RouteCandidate,org.eclipse.cargotracker.domain.model.voyage.VoyageRepository,org.eclipse.cargotracker.domain.model.location.LocationRepository)> :: specialinvoke $r13.<org.eclipse.cargotracker.domain.model.location.UnLocode: void <init>(java.lang.String)>($r14)"
org.eclipse.cargotracker.interfaces.booking.facade.internal.assembler.ItineraryCandidateDtoAssembler,org.eclipse.cargotracker.domain.model.location.LocationRepository,call,2,method_call,"<org.eclipse.cargotracker.interfaces.booking.facade.internal.assembler.ItineraryCandidateDtoAssembler: org.eclipse.cargotracker.domain.model.cargo.Itinerary fromDTO(org.eclipse.cargotracker.interfaces.booking.facade.dto.RouteCandidate,org.eclipse.cargotracker.domain.model.voyage.VoyageRepository,org.eclipse.cargotracker.domain.model.location.LocationRepository)> :: r15 = interfaceinvoke r12.<org.eclipse.cargotracker.domain.model.location.LocationRepository: org.eclipse.cargotracker.domain.model.location.Location find(org.eclipse.cargotracker.domain.model.location.UnLocode)>($r13)"
org.eclipse.cargotracker.interfaces.booking.facade.internal.assembler.ItineraryCandidateDtoAssembler,org.eclipse.cargotracker.interfaces.booking.facade.dto.Leg,call,2,method_call,"<org.eclipse.cargotracker.interfaces.booking.facade.internal.assembler.ItineraryCandidateDtoAssembler: org.eclipse.cargotracker.domain.model.cargo.Itinerary fromDTO(org.eclipse.cargotracker.interfaces.booking.facade.dto.RouteCandidate,org.eclipse.cargotracker.domain.model.voyage.VoyageRepository,org.eclipse.cargotracker.domain.model.location.LocationRepository)> :: $r17 = virtualinvoke r7.<org.eclipse.cargotracker.interfaces.booking.facade.dto.Leg: java.lang.String getToUnLocode()>()"
org.eclipse.cargotracker.interfaces.booking.facade.internal.assembler.ItineraryCandidateDtoAssembler,org.eclipse.cargotracker.domain.model.location.UnLocode,call,2,method_call,"<org.eclipse.cargotracker.interfaces.booking.facade.internal.assembler.ItineraryCandidateDtoAssembler: org.eclipse.cargotracker.domain.model.cargo.Itinerary fromDTO(org.eclipse.cargotracker.interfaces.booking.facade.dto.RouteCandidate,org.eclipse.cargotracker.domain.model.voyage.VoyageRepository,org.eclipse.cargotracker.domain.model.location.LocationRepository)> :: specialinvoke $r16.<org.eclipse.cargotracker.domain.model.location.UnLocode: void <init>(java.lang.String)>($r17)"
org.eclipse.cargotracker.interfaces.booking.facade.internal.assembler.ItineraryCandidateDtoAssembler,org.eclipse.cargotracker.domain.model.location.LocationRepository,call,2,method_call,"<org.eclipse.cargotracker.interfaces.booking.facade.internal.assembler.ItineraryCandidateDtoAssembler: org.eclipse.cargotracker.domain.model.cargo.Itinerary fromDTO(org.eclipse.cargotracker.interfaces.booking.facade.dto.RouteCandidate,org.eclipse.cargotracker.domain.model.voyage.VoyageRepository,org.eclipse.cargotracker.domain.model.location.LocationRepository)> :: r18 = interfaceinvoke r12.<org.eclipse.cargotracker.domain.model.location.LocationRepository: org.eclipse.cargotracker.domain.model.location.Location find(org.eclipse.cargotracker.domain.model.location.UnLocode)>($r16)"
org.eclipse.cargotracker.interfaces.booking.facade.internal.assembler.ItineraryCandidateDtoAssembler,org.eclipse.cargotracker.interfaces.booking.facade.dto.Leg,call,2,method_call,"<org.eclipse.cargotracker.interfaces.booking.facade.internal.assembler.ItineraryCandidateDtoAssembler: org.eclipse.cargotracker.domain.model.cargo.Itinerary fromDTO(org.eclipse.cargotracker.interfaces.booking.facade.dto.RouteCandidate,org.eclipse.cargotracker.domain.model.voyage.VoyageRepository,org.eclipse.cargotracker.domain.model.location.LocationRepository)> :: $r20 = virtualinvoke r7.<org.eclipse.cargotracker.interfaces.booking.facade.dto.Leg: java.lang.String getLoadTime()>()"
org.eclipse.cargotracker.interfaces.booking.facade.internal.assembler.ItineraryCandidateDtoAssembler,org.eclipse.cargotracker.application.util.DateConverter,call,2,method_call,"<org.eclipse.cargotracker.interfaces.booking.facade.internal.assembler.ItineraryCandidateDtoAssembler: org.eclipse.cargotracker.domain.model.cargo.Itinerary fromDTO(org.eclipse.cargotracker.interfaces.booking.facade.dto.RouteCandidate,org.eclipse.cargotracker.domain.model.voyage.VoyageRepository,org.eclipse.cargotracker.domain.model.location.LocationRepository)> :: $r23 = staticinvoke <org.eclipse.cargotracker.application.util.DateConverter: java.time.LocalDateTime toDateTime(java.lang.String)>($r20)"
org.eclipse.cargotracker.interfaces.booking.facade.internal.assembler.ItineraryCandidateDtoAssembler,org.eclipse.cargotracker.interfaces.booking.facade.dto.Leg,call,2,method_call,"<org.eclipse.cargotracker.interfaces.booking.facade.internal.assembler.ItineraryCandidateDtoAssembler: org.eclipse.cargotracker.domain.model.cargo.Itinerary fromDTO(org.eclipse.cargotracker.interfaces.booking.facade.dto.RouteCandidate,org.eclipse.cargotracker.domain.model.voyage.VoyageRepository,org.eclipse.cargotracker.domain.model.location.LocationRepository)> :: $r21 = virtualinvoke r7.<org.eclipse.cargotracker.interfaces.booking.facade.dto.Leg: java.lang.String getUnloadTime()>()"
org.eclipse.cargotracker.interfaces.booking.facade.internal.assembler.ItineraryCandidateDtoAssembler,org.eclipse.cargotracker.application.util.DateConverter,call,2,method_call,"<org.eclipse.cargotracker.interfaces.booking.facade.internal.assembler.ItineraryCandidateDtoAssembler: org.eclipse.cargotracker.domain.model.cargo.Itinerary fromDTO(org.eclipse.cargotracker.interfaces.booking.facade.dto.RouteCandidate,org.eclipse.cargotracker.domain.model.voyage.VoyageRepository,org.eclipse.cargotracker.domain.model.location.LocationRepository)> :: $r22 = staticinvoke <org.eclipse.cargotracker.application.util.DateConverter: java.time.LocalDateTime toDateTime(java.lang.String)>($r21)"
org.eclipse.cargotracker.interfaces.booking.facade.internal.assembler.ItineraryCandidateDtoAssembler,org.eclipse.cargotracker.domain.model.cargo.Leg,call,2,method_call,"<org.eclipse.cargotracker.interfaces.booking.facade.internal.assembler.ItineraryCandidateDtoAssembler: org.eclipse.cargotracker.domain.model.cargo.Itinerary fromDTO(org.eclipse.cargotracker.interfaces.booking.facade.dto.RouteCandidate,org.eclipse.cargotracker.domain.model.voyage.VoyageRepository,org.eclipse.cargotracker.domain.model.location.LocationRepository)> :: specialinvoke $r19.<org.eclipse.cargotracker.domain.model.cargo.Leg: void <init>(org.eclipse.cargotracker.domain.model.voyage.Voyage,org.eclipse.cargotracker.domain.model.location.Location,org.eclipse.cargotracker.domain.model.location.Location,java.time.LocalDateTime,java.time.LocalDateTime)>(r11, r15, r18, $r23, $r22)"
org.eclipse.cargotracker.interfaces.booking.facade.internal.assembler.ItineraryCandidateDtoAssembler,org.eclipse.cargotracker.domain.model.cargo.Itinerary,call,2,method_call,"<org.eclipse.cargotracker.interfaces.booking.facade.internal.assembler.ItineraryCandidateDtoAssembler: org.eclipse.cargotracker.domain.model.cargo.Itinerary fromDTO(org.eclipse.cargotracker.interfaces.booking.facade.dto.RouteCandidate,org.eclipse.cargotracker.domain.model.voyage.VoyageRepository,org.eclipse.cargotracker.domain.model.location.LocationRepository)> :: specialinvoke $r5.<org.eclipse.cargotracker.domain.model.cargo.Itinerary: void <init>(java.util.List)>($r0)"
org.eclipse.cargotracker.interfaces.booking.facade.internal.assembler.LocationDtoAssembler,org.eclipse.cargotracker.interfaces.booking.facade.dto.Location,type,1,method_return_type_reference,<org.eclipse.cargotracker.interfaces.booking.facade.internal.assembler.LocationDtoAssembler: org.eclipse.cargotracker.interfaces.booking.facade.dto.Location toDto(org.eclipse.cargotracker.domain.model.location.Location)>
org.eclipse.cargotracker.interfaces.booking.facade.internal.assembler.LocationDtoAssembler,org.eclipse.cargotracker.domain.model.location.Location,type,1,method_parameter_type_reference,<org.eclipse.cargotracker.interfaces.booking.facade.internal.assembler.LocationDtoAssembler: org.eclipse.cargotracker.interfaces.booking.facade.dto.Location toDto(org.eclipse.cargotracker.domain.model.location.Location)>
org.eclipse.cargotracker.interfaces.booking.facade.internal.assembler.LocationDtoAssembler,org.eclipse.cargotracker.domain.model.location.Location,call,2,method_call,<org.eclipse.cargotracker.interfaces.booking.facade.internal.assembler.LocationDtoAssembler: org.eclipse.cargotracker.interfaces.booking.facade.dto.Location toDto(org.eclipse.cargotracker.domain.model.location.Location)> :: $r2 = virtualinvoke r1.<org.eclipse.cargotracker.domain.model.location.Location: org.eclipse.cargotracker.domain.model.location.UnLocode getUnLocode()>()
org.eclipse.cargotracker.interfaces.booking.facade.internal.assembler.LocationDtoAssembler,org.eclipse.cargotracker.domain.model.location.UnLocode,call,2,method_call,<org.eclipse.cargotracker.interfaces.booking.facade.internal.assembler.LocationDtoAssembler: org.eclipse.cargotracker.interfaces.booking.facade.dto.Location toDto(org.eclipse.cargotracker.domain.model.location.Location)> :: $r4 = virtualinvoke $r2.<org.eclipse.cargotracker.domain.model.location.UnLocode: java.lang.String getIdString()>()
org.eclipse.cargotracker.interfaces.booking.facade.internal.assembler.LocationDtoAssembler,org.eclipse.cargotracker.domain.model.location.Location,call,2,method_call,<org.eclipse.cargotracker.interfaces.booking.facade.internal.assembler.LocationDtoAssembler: org.eclipse.cargotracker.interfaces.booking.facade.dto.Location toDto(org.eclipse.cargotracker.domain.model.location.Location)> :: $r3 = virtualinvoke r1.<org.eclipse.cargotracker.domain.model.location.Location: java.lang.String getName()>()
org.eclipse.cargotracker.interfaces.booking.facade.internal.assembler.LocationDtoAssembler,org.eclipse.cargotracker.interfaces.booking.facade.dto.Location,call,2,method_call,"<org.eclipse.cargotracker.interfaces.booking.facade.internal.assembler.LocationDtoAssembler: org.eclipse.cargotracker.interfaces.booking.facade.dto.Location toDto(org.eclipse.cargotracker.domain.model.location.Location)> :: specialinvoke $r0.<org.eclipse.cargotracker.interfaces.booking.facade.dto.Location: void <init>(java.lang.String,java.lang.String)>($r4, $r3)"
org.eclipse.cargotracker.interfaces.booking.facade.internal.assembler.TrackingEventsDtoAssembler,org.eclipse.cargotracker.interfaces.booking.facade.dto.TrackingEvents,type,1,method_return_type_reference,"<org.eclipse.cargotracker.interfaces.booking.facade.internal.assembler.TrackingEventsDtoAssembler: org.eclipse.cargotracker.interfaces.booking.facade.dto.TrackingEvents toDto(org.eclipse.cargotracker.domain.model.cargo.Cargo,org.eclipse.cargotracker.domain.model.handling.HandlingEvent)>"
org.eclipse.cargotracker.interfaces.booking.facade.internal.assembler.TrackingEventsDtoAssembler,org.eclipse.cargotracker.domain.model.cargo.Cargo,type,1,method_parameter_type_reference,"<org.eclipse.cargotracker.interfaces.booking.facade.internal.assembler.TrackingEventsDtoAssembler: org.eclipse.cargotracker.interfaces.booking.facade.dto.TrackingEvents toDto(org.eclipse.cargotracker.domain.model.cargo.Cargo,org.eclipse.cargotracker.domain.model.handling.HandlingEvent)>"
org.eclipse.cargotracker.interfaces.booking.facade.internal.assembler.TrackingEventsDtoAssembler,org.eclipse.cargotracker.domain.model.handling.HandlingEvent,type,1,method_parameter_type_reference,"<org.eclipse.cargotracker.interfaces.booking.facade.internal.assembler.TrackingEventsDtoAssembler: org.eclipse.cargotracker.interfaces.booking.facade.dto.TrackingEvents toDto(org.eclipse.cargotracker.domain.model.cargo.Cargo,org.eclipse.cargotracker.domain.model.handling.HandlingEvent)>"
org.eclipse.cargotracker.interfaces.booking.facade.internal.assembler.TrackingEventsDtoAssembler,org.eclipse.cargotracker.domain.model.handling.HandlingEvent,type,1,method_parameter_type_reference,<org.eclipse.cargotracker.interfaces.booking.facade.internal.assembler.TrackingEventsDtoAssembler: java.lang.String timeFrom(org.eclipse.cargotracker.domain.model.handling.HandlingEvent)>
org.eclipse.cargotracker.interfaces.booking.facade.internal.assembler.TrackingEventsDtoAssembler,org.eclipse.cargotracker.domain.model.handling.HandlingEvent$Type,type,1,method_parameter_type_reference,"<org.eclipse.cargotracker.interfaces.booking.facade.internal.assembler.TrackingEventsDtoAssembler: java.lang.String descriptionFrom(org.eclipse.cargotracker.domain.model.handling.HandlingEvent$Type,java.lang.String,java.lang.String)>"
org.eclipse.cargotracker.interfaces.booking.facade.internal.assembler.TrackingEventsDtoAssembler,org.eclipse.cargotracker.domain.model.handling.HandlingEvent,type,1,method_parameter_type_reference,<org.eclipse.cargotracker.interfaces.booking.facade.internal.assembler.TrackingEventsDtoAssembler: java.lang.String voyageNumberFrom(org.eclipse.cargotracker.domain.model.handling.HandlingEvent)>
org.eclipse.cargotracker.interfaces.booking.facade.internal.assembler.TrackingEventsDtoAssembler,org.eclipse.cargotracker.domain.model.handling.HandlingEvent,type,1,method_parameter_type_reference,<org.eclipse.cargotracker.interfaces.booking.facade.internal.assembler.TrackingEventsDtoAssembler: java.lang.String locationFrom(org.eclipse.cargotracker.domain.model.handling.HandlingEvent)>
org.eclipse.cargotracker.interfaces.booking.facade.internal.assembler.TrackingEventsDtoAssembler,org.eclipse.cargotracker.domain.model.handling.HandlingEvent,call,2,method_call,"<org.eclipse.cargotracker.interfaces.booking.facade.internal.assembler.TrackingEventsDtoAssembler: org.eclipse.cargotracker.interfaces.booking.facade.dto.TrackingEvents toDto(org.eclipse.cargotracker.domain.model.cargo.Cargo,org.eclipse.cargotracker.domain.model.handling.HandlingEvent)> :: r3 = virtualinvoke r1.<org.eclipse.cargotracker.domain.model.handling.HandlingEvent: org.eclipse.cargotracker.domain.model.handling.HandlingEvent$Type getType()>()"
org.eclipse.cargotracker.interfaces.booking.facade.internal.assembler.TrackingEventsDtoAssembler,org.eclipse.cargotracker.domain.model.cargo.Cargo,call,2,method_call,"<org.eclipse.cargotracker.interfaces.booking.facade.internal.assembler.TrackingEventsDtoAssembler: org.eclipse.cargotracker.interfaces.booking.facade.dto.TrackingEvents toDto(org.eclipse.cargotracker.domain.model.cargo.Cargo,org.eclipse.cargotracker.domain.model.handling.HandlingEvent)> :: $r7 = virtualinvoke r6.<org.eclipse.cargotracker.domain.model.cargo.Cargo: org.eclipse.cargotracker.domain.model.cargo.Itinerary getItinerary()>()"
org.eclipse.cargotracker.interfaces.booking.facade.internal.assembler.TrackingEventsDtoAssembler,org.eclipse.cargotracker.domain.model.cargo.Itinerary,call,2,method_call,"<org.eclipse.cargotracker.interfaces.booking.facade.internal.assembler.TrackingEventsDtoAssembler: org.eclipse.cargotracker.interfaces.booking.facade.dto.TrackingEvents toDto(org.eclipse.cargotracker.domain.model.cargo.Cargo,org.eclipse.cargotracker.domain.model.handling.HandlingEvent)> :: $z0 = virtualinvoke $r7.<org.eclipse.cargotracker.domain.model.cargo.Itinerary: boolean isExpected(org.eclipse.cargotracker.domain.model.handling.HandlingEvent)>(r1)"
org.eclipse.cargotracker.interfaces.booking.facade.internal.assembler.TrackingEventsDtoAssembler,org.eclipse.cargotracker.interfaces.booking.facade.dto.TrackingEvents,call,2,method_call,"<org.eclipse.cargotracker.interfaces.booking.facade.internal.assembler.TrackingEventsDtoAssembler: org.eclipse.cargotracker.interfaces.booking.facade.dto.TrackingEvents toDto(org.eclipse.cargotracker.domain.model.cargo.Cargo,org.eclipse.cargotracker.domain.model.handling.HandlingEvent)> :: specialinvoke $r5.<org.eclipse.cargotracker.interfaces.booking.facade.dto.TrackingEvents: void <init>(boolean,java.lang.String,java.lang.String)>($z0, $r9, $r8)"
org.eclipse.cargotracker.interfaces.booking.facade.internal.assembler.TrackingEventsDtoAssembler,org.eclipse.cargotracker.domain.model.handling.HandlingEvent,call,2,method_call,<org.eclipse.cargotracker.interfaces.booking.facade.internal.assembler.TrackingEventsDtoAssembler: java.lang.String timeFrom(org.eclipse.cargotracker.domain.model.handling.HandlingEvent)> :: $r1 = virtualinvoke r0.<org.eclipse.cargotracker.domain.model.handling.HandlingEvent: java.time.LocalDateTime getCompletionTime()>()
org.eclipse.cargotracker.interfaces.booking.facade.internal.assembler.TrackingEventsDtoAssembler,org.eclipse.cargotracker.application.util.DateConverter,call,2,method_call,<org.eclipse.cargotracker.interfaces.booking.facade.internal.assembler.TrackingEventsDtoAssembler: java.lang.String timeFrom(org.eclipse.cargotracker.domain.model.handling.HandlingEvent)> :: $r2 = staticinvoke <org.eclipse.cargotracker.application.util.DateConverter: java.lang.String toString(java.time.LocalDateTime)>($r1)
org.eclipse.cargotracker.interfaces.booking.facade.internal.assembler.TrackingEventsDtoAssembler,org.eclipse.cargotracker.domain.model.handling.HandlingEvent,call,2,method_call,<org.eclipse.cargotracker.interfaces.booking.facade.internal.assembler.TrackingEventsDtoAssembler: java.lang.String voyageNumberFrom(org.eclipse.cargotracker.domain.model.handling.HandlingEvent)> :: r1 = virtualinvoke r0.<org.eclipse.cargotracker.domain.model.handling.HandlingEvent: org.eclipse.cargotracker.domain.model.voyage.Voyage getVoyage()>()
org.eclipse.cargotracker.interfaces.booking.facade.internal.assembler.TrackingEventsDtoAssembler,org.eclipse.cargotracker.domain.model.voyage.Voyage,call,2,method_call,<org.eclipse.cargotracker.interfaces.booking.facade.internal.assembler.TrackingEventsDtoAssembler: java.lang.String voyageNumberFrom(org.eclipse.cargotracker.domain.model.handling.HandlingEvent)> :: $r2 = virtualinvoke r1.<org.eclipse.cargotracker.domain.model.voyage.Voyage: org.eclipse.cargotracker.domain.model.voyage.VoyageNumber getVoyageNumber()>()
org.eclipse.cargotracker.interfaces.booking.facade.internal.assembler.TrackingEventsDtoAssembler,org.eclipse.cargotracker.domain.model.voyage.VoyageNumber,call,2,method_call,<org.eclipse.cargotracker.interfaces.booking.facade.internal.assembler.TrackingEventsDtoAssembler: java.lang.String voyageNumberFrom(org.eclipse.cargotracker.domain.model.handling.HandlingEvent)> :: $r3 = virtualinvoke $r2.<org.eclipse.cargotracker.domain.model.voyage.VoyageNumber: java.lang.String getIdString()>()
org.eclipse.cargotracker.interfaces.booking.facade.internal.assembler.TrackingEventsDtoAssembler,org.eclipse.cargotracker.domain.model.handling.HandlingEvent,call,2,method_call,<org.eclipse.cargotracker.interfaces.booking.facade.internal.assembler.TrackingEventsDtoAssembler: java.lang.String locationFrom(org.eclipse.cargotracker.domain.model.handling.HandlingEvent)> :: $r1 = virtualinvoke r0.<org.eclipse.cargotracker.domain.model.handling.HandlingEvent: org.eclipse.cargotracker.domain.model.location.Location getLocation()>()
org.eclipse.cargotracker.interfaces.booking.facade.internal.assembler.TrackingEventsDtoAssembler,org.eclipse.cargotracker.domain.model.location.Location,call,2,method_call,<org.eclipse.cargotracker.interfaces.booking.facade.internal.assembler.TrackingEventsDtoAssembler: java.lang.String locationFrom(org.eclipse.cargotracker.domain.model.handling.HandlingEvent)> :: $r2 = virtualinvoke $r1.<org.eclipse.cargotracker.domain.model.location.Location: java.lang.String getName()>()
org.eclipse.cargotracker.interfaces.booking.facade.internal.assembler.TrackingEventsDtoAssembler$1,org.eclipse.cargotracker.domain.model.handling.HandlingEvent$Type,call,2,method_call,<org.eclipse.cargotracker.interfaces.booking.facade.internal.assembler.TrackingEventsDtoAssembler$1: void <clinit>()> :: $r0 = staticinvoke <org.eclipse.cargotracker.domain.model.handling.HandlingEvent$Type: org.eclipse.cargotracker.domain.model.handling.HandlingEvent$Type[] values()>()
org.eclipse.cargotracker.interfaces.booking.sse.LocationViewAdapter,org.eclipse.cargotracker.domain.model.location.Location,type,1,field_type_reference,org.eclipse.cargotracker.interfaces.booking.sse.LocationViewAdapter.location
org.eclipse.cargotracker.interfaces.booking.sse.LocationViewAdapter,org.eclipse.cargotracker.domain.model.location.Location,type,1,method_parameter_type_reference,<org.eclipse.cargotracker.interfaces.booking.sse.LocationViewAdapter: void <init>(org.eclipse.cargotracker.domain.model.location.Location)>
org.eclipse.cargotracker.interfaces.booking.sse.LocationViewAdapter,org.eclipse.cargotracker.interfaces.Coordinates,type,1,method_return_type_reference,<org.eclipse.cargotracker.interfaces.booking.sse.LocationViewAdapter: org.eclipse.cargotracker.interfaces.Coordinates getCoordinates()>
org.eclipse.cargotracker.interfaces.booking.sse.LocationViewAdapter,org.eclipse.cargotracker.domain.model.location.Location,call,2,method_call,<org.eclipse.cargotracker.interfaces.booking.sse.LocationViewAdapter: java.lang.String getUnLocode()> :: $r2 = virtualinvoke $r1.<org.eclipse.cargotracker.domain.model.location.Location: org.eclipse.cargotracker.domain.model.location.UnLocode getUnLocode()>()
org.eclipse.cargotracker.interfaces.booking.sse.LocationViewAdapter,org.eclipse.cargotracker.domain.model.location.UnLocode,call,2,method_call,<org.eclipse.cargotracker.interfaces.booking.sse.LocationViewAdapter: java.lang.String getUnLocode()> :: $r3 = virtualinvoke $r2.<org.eclipse.cargotracker.domain.model.location.UnLocode: java.lang.String getIdString()>()
org.eclipse.cargotracker.interfaces.booking.sse.LocationViewAdapter,org.eclipse.cargotracker.domain.model.location.Location,call,2,method_call,<org.eclipse.cargotracker.interfaces.booking.sse.LocationViewAdapter: java.lang.String getName()> :: $r2 = virtualinvoke $r1.<org.eclipse.cargotracker.domain.model.location.Location: java.lang.String getName()>()
org.eclipse.cargotracker.interfaces.booking.sse.LocationViewAdapter,org.eclipse.cargotracker.interfaces.CoordinatesFactory,call,2,method_call,<org.eclipse.cargotracker.interfaces.booking.sse.LocationViewAdapter: org.eclipse.cargotracker.interfaces.Coordinates getCoordinates()> :: $r2 = staticinvoke <org.eclipse.cargotracker.interfaces.CoordinatesFactory: org.eclipse.cargotracker.interfaces.Coordinates find(org.eclipse.cargotracker.domain.model.location.Location)>($r1)
org.eclipse.cargotracker.interfaces.booking.sse.RealtimeCargoTrackingService,org.eclipse.cargotracker.domain.model.cargo.CargoRepository,type,1,field_type_reference,org.eclipse.cargotracker.interfaces.booking.sse.RealtimeCargoTrackingService.cargoRepository
org.eclipse.cargotracker.interfaces.booking.sse.RealtimeCargoTrackingService,org.eclipse.cargotracker.domain.model.cargo.Cargo,type,1,method_parameter_type_reference,<org.eclipse.cargotracker.interfaces.booking.sse.RealtimeCargoTrackingService: void onCargoUpdated(org.eclipse.cargotracker.domain.model.cargo.Cargo)>
org.eclipse.cargotracker.interfaces.booking.sse.RealtimeCargoTrackingService,org.eclipse.cargotracker.domain.model.cargo.Cargo,type,1,method_parameter_type_reference,<org.eclipse.cargotracker.interfaces.booking.sse.RealtimeCargoTrackingService: jakarta.ws.rs.sse.OutboundSseEvent cargoToSseEvent(org.eclipse.cargotracker.domain.model.cargo.Cargo)>
org.eclipse.cargotracker.interfaces.booking.sse.RealtimeCargoTrackingService,org.eclipse.cargotracker.domain.model.cargo.CargoRepository,call,2,method_call,<org.eclipse.cargotracker.interfaces.booking.sse.RealtimeCargoTrackingService: void tracking(jakarta.ws.rs.sse.SseEventSink)> :: $r2 = interfaceinvoke $r1.<org.eclipse.cargotracker.domain.model.cargo.CargoRepository: java.util.List findAll()>()
org.eclipse.cargotracker.interfaces.booking.sse.RealtimeCargoTrackingService,org.eclipse.cargotracker.interfaces.booking.sse.RealtimeCargoTrackingViewAdapter,call,2,method_call,<org.eclipse.cargotracker.interfaces.booking.sse.RealtimeCargoTrackingService: jakarta.ws.rs.sse.OutboundSseEvent cargoToSseEvent(org.eclipse.cargotracker.domain.model.cargo.Cargo)> :: specialinvoke $r4.<org.eclipse.cargotracker.interfaces.booking.sse.RealtimeCargoTrackingViewAdapter: void <init>(org.eclipse.cargotracker.domain.model.cargo.Cargo)>(r5)
org.eclipse.cargotracker.interfaces.booking.sse.RealtimeCargoTrackingViewAdapter,org.eclipse.cargotracker.domain.model.cargo.Cargo,type,1,field_type_reference,org.eclipse.cargotracker.interfaces.booking.sse.RealtimeCargoTrackingViewAdapter.cargo
org.eclipse.cargotracker.interfaces.booking.sse.RealtimeCargoTrackingViewAdapter,org.eclipse.cargotracker.domain.model.cargo.Cargo,type,1,method_parameter_type_reference,<org.eclipse.cargotracker.interfaces.booking.sse.RealtimeCargoTrackingViewAdapter: void <init>(org.eclipse.cargotracker.domain.model.cargo.Cargo)>
org.eclipse.cargotracker.interfaces.booking.sse.RealtimeCargoTrackingViewAdapter,org.eclipse.cargotracker.interfaces.booking.sse.LocationViewAdapter,type,1,method_return_type_reference,<org.eclipse.cargotracker.interfaces.booking.sse.RealtimeCargoTrackingViewAdapter: org.eclipse.cargotracker.interfaces.booking.sse.LocationViewAdapter getOrigin()>
org.eclipse.cargotracker.interfaces.booking.sse.RealtimeCargoTrackingViewAdapter,org.eclipse.cargotracker.interfaces.booking.sse.LocationViewAdapter,type,1,method_return_type_reference,<org.eclipse.cargotracker.interfaces.booking.sse.RealtimeCargoTrackingViewAdapter: org.eclipse.cargotracker.interfaces.booking.sse.LocationViewAdapter getLastKnownLocation()>
org.eclipse.cargotracker.interfaces.booking.sse.RealtimeCargoTrackingViewAdapter,org.eclipse.cargotracker.interfaces.booking.sse.LocationViewAdapter,type,1,method_return_type_reference,<org.eclipse.cargotracker.interfaces.booking.sse.RealtimeCargoTrackingViewAdapter: org.eclipse.cargotracker.interfaces.booking.sse.LocationViewAdapter getLocation()>
org.eclipse.cargotracker.interfaces.booking.sse.RealtimeCargoTrackingViewAdapter,org.eclipse.cargotracker.domain.model.cargo.Cargo,call,2,method_call,<org.eclipse.cargotracker.interfaces.booking.sse.RealtimeCargoTrackingViewAdapter: java.lang.String getTrackingId()> :: $r2 = virtualinvoke $r1.<org.eclipse.cargotracker.domain.model.cargo.Cargo: org.eclipse.cargotracker.domain.model.cargo.TrackingId getTrackingId()>()
org.eclipse.cargotracker.interfaces.booking.sse.RealtimeCargoTrackingViewAdapter,org.eclipse.cargotracker.domain.model.cargo.TrackingId,call,2,method_call,<org.eclipse.cargotracker.interfaces.booking.sse.RealtimeCargoTrackingViewAdapter: java.lang.String getTrackingId()> :: $r3 = virtualinvoke $r2.<org.eclipse.cargotracker.domain.model.cargo.TrackingId: java.lang.String getIdString()>()
org.eclipse.cargotracker.interfaces.booking.sse.RealtimeCargoTrackingViewAdapter,org.eclipse.cargotracker.domain.model.cargo.Cargo,call,2,method_call,<org.eclipse.cargotracker.interfaces.booking.sse.RealtimeCargoTrackingViewAdapter: java.lang.String getRoutingStatus()> :: $r3 = virtualinvoke $r1.<org.eclipse.cargotracker.domain.model.cargo.Cargo: org.eclipse.cargotracker.domain.model.cargo.Delivery getDelivery()>()
org.eclipse.cargotracker.interfaces.booking.sse.RealtimeCargoTrackingViewAdapter,org.eclipse.cargotracker.domain.model.cargo.Delivery,call,2,method_call,<org.eclipse.cargotracker.interfaces.booking.sse.RealtimeCargoTrackingViewAdapter: java.lang.String getRoutingStatus()> :: $r4 = virtualinvoke $r3.<org.eclipse.cargotracker.domain.model.cargo.Delivery: org.eclipse.cargotracker.domain.model.cargo.RoutingStatus getRoutingStatus()>()
org.eclipse.cargotracker.interfaces.booking.sse.RealtimeCargoTrackingViewAdapter,org.eclipse.cargotracker.domain.model.cargo.Cargo,call,2,method_call,<org.eclipse.cargotracker.interfaces.booking.sse.RealtimeCargoTrackingViewAdapter: boolean isMisdirected()> :: $r2 = virtualinvoke $r1.<org.eclipse.cargotracker.domain.model.cargo.Cargo: org.eclipse.cargotracker.domain.model.cargo.Delivery getDelivery()>()
org.eclipse.cargotracker.interfaces.booking.sse.RealtimeCargoTrackingViewAdapter,org.eclipse.cargotracker.domain.model.cargo.Delivery,call,2,method_call,<org.eclipse.cargotracker.interfaces.booking.sse.RealtimeCargoTrackingViewAdapter: boolean isMisdirected()> :: $z0 = virtualinvoke $r2.<org.eclipse.cargotracker.domain.model.cargo.Delivery: boolean isMisdirected()>()
org.eclipse.cargotracker.interfaces.booking.sse.RealtimeCargoTrackingViewAdapter,org.eclipse.cargotracker.domain.model.cargo.Cargo,call,2,method_call,<org.eclipse.cargotracker.interfaces.booking.sse.RealtimeCargoTrackingViewAdapter: java.lang.String getTransportStatus()> :: $r3 = virtualinvoke $r1.<org.eclipse.cargotracker.domain.model.cargo.Cargo: org.eclipse.cargotracker.domain.model.cargo.Delivery getDelivery()>()
org.eclipse.cargotracker.interfaces.booking.sse.RealtimeCargoTrackingViewAdapter,org.eclipse.cargotracker.domain.model.cargo.Delivery,call,2,method_call,<org.eclipse.cargotracker.interfaces.booking.sse.RealtimeCargoTrackingViewAdapter: java.lang.String getTransportStatus()> :: $r4 = virtualinvoke $r3.<org.eclipse.cargotracker.domain.model.cargo.Delivery: org.eclipse.cargotracker.domain.model.cargo.TransportStatus getTransportStatus()>()
org.eclipse.cargotracker.interfaces.booking.sse.RealtimeCargoTrackingViewAdapter,org.eclipse.cargotracker.domain.model.cargo.Cargo,call,2,method_call,<org.eclipse.cargotracker.interfaces.booking.sse.RealtimeCargoTrackingViewAdapter: boolean isAtDestination()> :: $r2 = virtualinvoke $r1.<org.eclipse.cargotracker.domain.model.cargo.Cargo: org.eclipse.cargotracker.domain.model.cargo.Delivery getDelivery()>()
org.eclipse.cargotracker.interfaces.booking.sse.RealtimeCargoTrackingViewAdapter,org.eclipse.cargotracker.domain.model.cargo.Delivery,call,2,method_call,<org.eclipse.cargotracker.interfaces.booking.sse.RealtimeCargoTrackingViewAdapter: boolean isAtDestination()> :: $z0 = virtualinvoke $r2.<org.eclipse.cargotracker.domain.model.cargo.Delivery: boolean isUnloadedAtDestination()>()
org.eclipse.cargotracker.interfaces.booking.sse.RealtimeCargoTrackingViewAdapter,org.eclipse.cargotracker.domain.model.cargo.Cargo,call,2,method_call,<org.eclipse.cargotracker.interfaces.booking.sse.RealtimeCargoTrackingViewAdapter: org.eclipse.cargotracker.interfaces.booking.sse.LocationViewAdapter getOrigin()> :: $r3 = virtualinvoke $r2.<org.eclipse.cargotracker.domain.model.cargo.Cargo: org.eclipse.cargotracker.domain.model.location.Location getOrigin()>()
org.eclipse.cargotracker.interfaces.booking.sse.RealtimeCargoTrackingViewAdapter,org.eclipse.cargotracker.interfaces.booking.sse.LocationViewAdapter,call,2,method_call,<org.eclipse.cargotracker.interfaces.booking.sse.RealtimeCargoTrackingViewAdapter: org.eclipse.cargotracker.interfaces.booking.sse.LocationViewAdapter getOrigin()> :: specialinvoke $r0.<org.eclipse.cargotracker.interfaces.booking.sse.LocationViewAdapter: void <init>(org.eclipse.cargotracker.domain.model.location.Location)>($r3)
org.eclipse.cargotracker.interfaces.booking.sse.RealtimeCargoTrackingViewAdapter,org.eclipse.cargotracker.domain.model.cargo.Cargo,call,2,method_call,<org.eclipse.cargotracker.interfaces.booking.sse.RealtimeCargoTrackingViewAdapter: org.eclipse.cargotracker.interfaces.booking.sse.LocationViewAdapter getLastKnownLocation()> :: $r3 = virtualinvoke $r2.<org.eclipse.cargotracker.domain.model.cargo.Cargo: org.eclipse.cargotracker.domain.model.cargo.Delivery getDelivery()>()
org.eclipse.cargotracker.interfaces.booking.sse.RealtimeCargoTrackingViewAdapter,org.eclipse.cargotracker.domain.model.cargo.Delivery,call,2,method_call,<org.eclipse.cargotracker.interfaces.booking.sse.RealtimeCargoTrackingViewAdapter: org.eclipse.cargotracker.interfaces.booking.sse.LocationViewAdapter getLastKnownLocation()> :: $r4 = virtualinvoke $r3.<org.eclipse.cargotracker.domain.model.cargo.Delivery: org.eclipse.cargotracker.domain.model.location.Location getLastKnownLocation()>()
org.eclipse.cargotracker.interfaces.booking.sse.RealtimeCargoTrackingViewAdapter,org.eclipse.cargotracker.interfaces.booking.sse.LocationViewAdapter,call,2,method_call,<org.eclipse.cargotracker.interfaces.booking.sse.RealtimeCargoTrackingViewAdapter: org.eclipse.cargotracker.interfaces.booking.sse.LocationViewAdapter getLastKnownLocation()> :: specialinvoke $r0.<org.eclipse.cargotracker.interfaces.booking.sse.LocationViewAdapter: void <init>(org.eclipse.cargotracker.domain.model.location.Location)>($r4)
org.eclipse.cargotracker.interfaces.booking.sse.RealtimeCargoTrackingViewAdapter,org.eclipse.cargotracker.domain.model.cargo.Cargo,call,2,method_call,<org.eclipse.cargotracker.interfaces.booking.sse.RealtimeCargoTrackingViewAdapter: org.eclipse.cargotracker.interfaces.booking.sse.LocationViewAdapter getLocation()> :: $r2 = virtualinvoke $r1.<org.eclipse.cargotracker.domain.model.cargo.Cargo: org.eclipse.cargotracker.domain.model.cargo.Delivery getDelivery()>()
org.eclipse.cargotracker.interfaces.booking.sse.RealtimeCargoTrackingViewAdapter,org.eclipse.cargotracker.domain.model.cargo.Delivery,call,2,method_call,<org.eclipse.cargotracker.interfaces.booking.sse.RealtimeCargoTrackingViewAdapter: org.eclipse.cargotracker.interfaces.booking.sse.LocationViewAdapter getLocation()> :: $r4 = virtualinvoke $r2.<org.eclipse.cargotracker.domain.model.cargo.Delivery: org.eclipse.cargotracker.domain.model.cargo.TransportStatus getTransportStatus()>()
org.eclipse.cargotracker.interfaces.booking.sse.RealtimeCargoTrackingViewAdapter,org.eclipse.cargotracker.domain.model.cargo.Cargo,call,2,method_call,<org.eclipse.cargotracker.interfaces.booking.sse.RealtimeCargoTrackingViewAdapter: java.lang.String getStatusCode()> :: $r2 = virtualinvoke $r1.<org.eclipse.cargotracker.domain.model.cargo.Cargo: org.eclipse.cargotracker.domain.model.cargo.Delivery getDelivery()>()
org.eclipse.cargotracker.interfaces.booking.sse.RealtimeCargoTrackingViewAdapter,org.eclipse.cargotracker.domain.model.cargo.Delivery,call,2,method_call,<org.eclipse.cargotracker.interfaces.booking.sse.RealtimeCargoTrackingViewAdapter: java.lang.String getStatusCode()> :: r3 = virtualinvoke $r2.<org.eclipse.cargotracker.domain.model.cargo.Delivery: org.eclipse.cargotracker.domain.model.cargo.RoutingStatus getRoutingStatus()>()
org.eclipse.cargotracker.interfaces.booking.sse.RealtimeCargoTrackingViewAdapter,org.eclipse.cargotracker.domain.model.cargo.Cargo,call,2,method_call,<org.eclipse.cargotracker.interfaces.booking.sse.RealtimeCargoTrackingViewAdapter: java.lang.String getStatusCode()> :: $r8 = virtualinvoke $r7.<org.eclipse.cargotracker.domain.model.cargo.Cargo: org.eclipse.cargotracker.domain.model.cargo.Delivery getDelivery()>()
org.eclipse.cargotracker.interfaces.booking.sse.RealtimeCargoTrackingViewAdapter,org.eclipse.cargotracker.domain.model.cargo.Delivery,call,2,method_call,<org.eclipse.cargotracker.interfaces.booking.sse.RealtimeCargoTrackingViewAdapter: java.lang.String getStatusCode()> :: $z0 = virtualinvoke $r8.<org.eclipse.cargotracker.domain.model.cargo.Delivery: boolean isMisdirected()>()
org.eclipse.cargotracker.interfaces.booking.sse.RealtimeCargoTrackingViewAdapter,org.eclipse.cargotracker.domain.model.cargo.Cargo,call,2,method_call,<org.eclipse.cargotracker.interfaces.booking.sse.RealtimeCargoTrackingViewAdapter: java.lang.String getStatusCode()> :: $r10 = virtualinvoke $r9.<org.eclipse.cargotracker.domain.model.cargo.Cargo: org.eclipse.cargotracker.domain.model.cargo.Delivery getDelivery()>()
org.eclipse.cargotracker.interfaces.booking.sse.RealtimeCargoTrackingViewAdapter,org.eclipse.cargotracker.domain.model.cargo.Delivery,call,2,method_call,<org.eclipse.cargotracker.interfaces.booking.sse.RealtimeCargoTrackingViewAdapter: java.lang.String getStatusCode()> :: $z1 = virtualinvoke $r10.<org.eclipse.cargotracker.domain.model.cargo.Delivery: boolean isUnloadedAtDestination()>()
org.eclipse.cargotracker.interfaces.booking.sse.RealtimeCargoTrackingViewAdapter,org.eclipse.cargotracker.domain.model.cargo.Cargo,call,2,method_call,<org.eclipse.cargotracker.interfaces.booking.sse.RealtimeCargoTrackingViewAdapter: java.lang.String getStatusCode()> :: $r12 = virtualinvoke $r11.<org.eclipse.cargotracker.domain.model.cargo.Cargo: org.eclipse.cargotracker.domain.model.cargo.Delivery getDelivery()>()
org.eclipse.cargotracker.interfaces.booking.sse.RealtimeCargoTrackingViewAdapter,org.eclipse.cargotracker.domain.model.cargo.Delivery,call,2,method_call,<org.eclipse.cargotracker.interfaces.booking.sse.RealtimeCargoTrackingViewAdapter: java.lang.String getStatusCode()> :: $r13 = virtualinvoke $r12.<org.eclipse.cargotracker.domain.model.cargo.Delivery: org.eclipse.cargotracker.domain.model.cargo.TransportStatus getTransportStatus()>()
org.eclipse.cargotracker.interfaces.booking.web.Booking,org.eclipse.cargotracker.interfaces.booking.facade.BookingServiceFacade,type,1,field_type_reference,org.eclipse.cargotracker.interfaces.booking.web.Booking.bookingServiceFacade
org.eclipse.cargotracker.interfaces.booking.web.Booking,org.eclipse.cargotracker.interfaces.booking.facade.dto.Location,type,1,method_parameter_type_reference,"<org.eclipse.cargotracker.interfaces.booking.web.Booking: boolean lambda$setDestinationUnlocode$0(java.lang.String,org.eclipse.cargotracker.interfaces.booking.facade.dto.Location)>"
org.eclipse.cargotracker.interfaces.booking.web.Booking,org.eclipse.cargotracker.interfaces.booking.facade.dto.Location,type,1,method_parameter_type_reference,"<org.eclipse.cargotracker.interfaces.booking.web.Booking: boolean lambda$setOriginUnlocode$0(java.lang.String,org.eclipse.cargotracker.interfaces.booking.facade.dto.Location)>"
org.eclipse.cargotracker.interfaces.booking.web.Booking,org.eclipse.cargotracker.interfaces.booking.facade.BookingServiceFacade,call,2,method_call,<org.eclipse.cargotracker.interfaces.booking.web.Booking: void init()> :: $r3 = interfaceinvoke $r2.<org.eclipse.cargotracker.interfaces.booking.facade.BookingServiceFacade: java.util.List listShippingLocations()>()
org.eclipse.cargotracker.interfaces.booking.web.Booking,org.eclipse.cargotracker.interfaces.booking.facade.dto.Location,call,2,method_call,<org.eclipse.cargotracker.interfaces.booking.web.Booking: java.util.List getLocations()> :: $r8 = virtualinvoke r7.<org.eclipse.cargotracker.interfaces.booking.facade.dto.Location: java.lang.String getUnLocode()>()
org.eclipse.cargotracker.interfaces.booking.web.Booking,org.eclipse.cargotracker.interfaces.booking.facade.dto.Location,call,2,method_call,<org.eclipse.cargotracker.interfaces.booking.web.Booking: void setOriginUnlocode(java.lang.String)> :: $r9 = virtualinvoke $r8.<org.eclipse.cargotracker.interfaces.booking.facade.dto.Location: java.lang.String getName()>()
org.eclipse.cargotracker.interfaces.booking.web.Booking,org.eclipse.cargotracker.interfaces.booking.facade.dto.Location,call,2,method_call,<org.eclipse.cargotracker.interfaces.booking.web.Booking: void setDestinationUnlocode(java.lang.String)> :: $r9 = virtualinvoke $r8.<org.eclipse.cargotracker.interfaces.booking.facade.dto.Location: java.lang.String getName()>()
org.eclipse.cargotracker.interfaces.booking.web.Booking,org.eclipse.cargotracker.interfaces.booking.facade.BookingServiceFacade,call,2,method_call,"<org.eclipse.cargotracker.interfaces.booking.web.Booking: java.lang.String register()> :: interfaceinvoke $r9.<org.eclipse.cargotracker.interfaces.booking.facade.BookingServiceFacade: java.lang.String bookNewCargo(java.lang.String,java.lang.String,java.time.LocalDate)>($r8, $r7, $r6)"
org.eclipse.cargotracker.interfaces.booking.web.Booking,org.eclipse.cargotracker.interfaces.booking.facade.dto.Location,call,2,method_call,"<org.eclipse.cargotracker.interfaces.booking.web.Booking: boolean lambda$setDestinationUnlocode$0(java.lang.String,org.eclipse.cargotracker.interfaces.booking.facade.dto.Location)> :: $r2 = virtualinvoke r0.<org.eclipse.cargotracker.interfaces.booking.facade.dto.Location: java.lang.String getUnLocode()>()"
org.eclipse.cargotracker.interfaces.booking.web.Booking,org.eclipse.cargotracker.interfaces.booking.facade.dto.Location,call,2,method_call,"<org.eclipse.cargotracker.interfaces.booking.web.Booking: boolean lambda$setOriginUnlocode$0(java.lang.String,org.eclipse.cargotracker.interfaces.booking.facade.dto.Location)> :: $r2 = virtualinvoke r0.<org.eclipse.cargotracker.interfaces.booking.facade.dto.Location: java.lang.String getUnLocode()>()"
org.eclipse.cargotracker.interfaces.booking.web.CargoDetails,org.eclipse.cargotracker.interfaces.booking.facade.BookingServiceFacade,type,1,field_type_reference,org.eclipse.cargotracker.interfaces.booking.web.CargoDetails.bookingServiceFacade
org.eclipse.cargotracker.interfaces.booking.web.CargoDetails,org.eclipse.cargotracker.interfaces.booking.facade.dto.CargoRoute,type,1,field_type_reference,org.eclipse.cargotracker.interfaces.booking.web.CargoDetails.cargo
org.eclipse.cargotracker.interfaces.booking.web.CargoDetails,org.eclipse.cargotracker.interfaces.booking.facade.dto.CargoRoute,type,1,method_return_type_reference,<org.eclipse.cargotracker.interfaces.booking.web.CargoDetails: org.eclipse.cargotracker.interfaces.booking.facade.dto.CargoRoute getCargo()>
org.eclipse.cargotracker.interfaces.booking.web.CargoDetails,org.eclipse.cargotracker.interfaces.booking.facade.BookingServiceFacade,call,2,method_call,<org.eclipse.cargotracker.interfaces.booking.web.CargoDetails: void load()> :: $r3 = interfaceinvoke $r2.<org.eclipse.cargotracker.interfaces.booking.facade.BookingServiceFacade: org.eclipse.cargotracker.interfaces.booking.facade.dto.CargoRoute loadCargoForRouting(java.lang.String)>($r1)
org.eclipse.cargotracker.interfaces.booking.web.ChangeArrivalDeadline,org.eclipse.cargotracker.interfaces.booking.facade.BookingServiceFacade,type,1,field_type_reference,org.eclipse.cargotracker.interfaces.booking.web.ChangeArrivalDeadline.bookingServiceFacade
org.eclipse.cargotracker.interfaces.booking.web.ChangeArrivalDeadline,org.eclipse.cargotracker.interfaces.booking.facade.dto.CargoRoute,type,1,field_type_reference,org.eclipse.cargotracker.interfaces.booking.web.ChangeArrivalDeadline.cargo
org.eclipse.cargotracker.interfaces.booking.web.ChangeArrivalDeadline,org.eclipse.cargotracker.interfaces.booking.facade.dto.CargoRoute,type,1,method_return_type_reference,<org.eclipse.cargotracker.interfaces.booking.web.ChangeArrivalDeadline: org.eclipse.cargotracker.interfaces.booking.facade.dto.CargoRoute getCargo()>
org.eclipse.cargotracker.interfaces.booking.web.ChangeArrivalDeadline,org.eclipse.cargotracker.interfaces.booking.facade.BookingServiceFacade,call,2,method_call,<org.eclipse.cargotracker.interfaces.booking.web.ChangeArrivalDeadline: void load()> :: $r3 = interfaceinvoke $r2.<org.eclipse.cargotracker.interfaces.booking.facade.BookingServiceFacade: org.eclipse.cargotracker.interfaces.booking.facade.dto.CargoRoute loadCargoForRouting(java.lang.String)>($r1)
org.eclipse.cargotracker.interfaces.booking.web.ChangeArrivalDeadline,org.eclipse.cargotracker.interfaces.booking.facade.dto.CargoRoute,call,2,method_call,<org.eclipse.cargotracker.interfaces.booking.web.ChangeArrivalDeadline: void load()> :: $r5 = virtualinvoke $r4.<org.eclipse.cargotracker.interfaces.booking.facade.dto.CargoRoute: java.lang.String getArrivalDeadline()>()
org.eclipse.cargotracker.interfaces.booking.web.ChangeArrivalDeadline,org.eclipse.cargotracker.application.util.DateConverter,call,2,method_call,<org.eclipse.cargotracker.interfaces.booking.web.ChangeArrivalDeadline: void load()> :: $r6 = staticinvoke <org.eclipse.cargotracker.application.util.DateConverter: java.time.LocalDate toDate(java.lang.String)>($r5)
org.eclipse.cargotracker.interfaces.booking.web.ChangeArrivalDeadline,org.eclipse.cargotracker.interfaces.booking.facade.BookingServiceFacade,call,2,method_call,"<org.eclipse.cargotracker.interfaces.booking.web.ChangeArrivalDeadline: void changeArrivalDeadline()> :: interfaceinvoke $r3.<org.eclipse.cargotracker.interfaces.booking.facade.BookingServiceFacade: void changeDeadline(java.lang.String,java.time.LocalDate)>($r2, $r1)"
org.eclipse.cargotracker.interfaces.booking.web.ChangeDestination,org.eclipse.cargotracker.interfaces.booking.facade.BookingServiceFacade,type,1,field_type_reference,org.eclipse.cargotracker.interfaces.booking.web.ChangeDestination.bookingServiceFacade
org.eclipse.cargotracker.interfaces.booking.web.ChangeDestination,org.eclipse.cargotracker.interfaces.booking.facade.dto.CargoRoute,type,1,field_type_reference,org.eclipse.cargotracker.interfaces.booking.web.ChangeDestination.cargo
org.eclipse.cargotracker.interfaces.booking.web.ChangeDestination,org.eclipse.cargotracker.interfaces.booking.facade.dto.CargoRoute,type,1,method_return_type_reference,<org.eclipse.cargotracker.interfaces.booking.web.ChangeDestination: org.eclipse.cargotracker.interfaces.booking.facade.dto.CargoRoute getCargo()>
org.eclipse.cargotracker.interfaces.booking.web.ChangeDestination,org.eclipse.cargotracker.interfaces.booking.facade.dto.Location,type,1,method_parameter_type_reference,<org.eclipse.cargotracker.interfaces.booking.web.ChangeDestination: boolean lambda$getPotentialDestinations$0(org.eclipse.cargotracker.interfaces.booking.facade.dto.Location)>
org.eclipse.cargotracker.interfaces.booking.web.ChangeDestination,org.eclipse.cargotracker.interfaces.booking.facade.BookingServiceFacade,call,2,method_call,<org.eclipse.cargotracker.interfaces.booking.web.ChangeDestination: void load()> :: $r2 = interfaceinvoke $r1.<org.eclipse.cargotracker.interfaces.booking.facade.BookingServiceFacade: java.util.List listShippingLocations()>()
org.eclipse.cargotracker.interfaces.booking.web.ChangeDestination,org.eclipse.cargotracker.interfaces.booking.facade.BookingServiceFacade,call,2,method_call,<org.eclipse.cargotracker.interfaces.booking.web.ChangeDestination: void load()> :: $r5 = interfaceinvoke $r4.<org.eclipse.cargotracker.interfaces.booking.facade.BookingServiceFacade: org.eclipse.cargotracker.interfaces.booking.facade.dto.CargoRoute loadCargoForRouting(java.lang.String)>($r3)
org.eclipse.cargotracker.interfaces.booking.web.ChangeDestination,org.eclipse.cargotracker.interfaces.booking.facade.BookingServiceFacade,call,2,method_call,"<org.eclipse.cargotracker.interfaces.booking.web.ChangeDestination: void changeDestination()> :: interfaceinvoke $r3.<org.eclipse.cargotracker.interfaces.booking.facade.BookingServiceFacade: void changeDestination(java.lang.String,java.lang.String)>($r2, $r1)"
org.eclipse.cargotracker.interfaces.booking.web.ChangeDestination,org.eclipse.cargotracker.interfaces.booking.facade.dto.Location,call,2,method_call,<org.eclipse.cargotracker.interfaces.booking.web.ChangeDestination: boolean lambda$getPotentialDestinations$0(org.eclipse.cargotracker.interfaces.booking.facade.dto.Location)> :: $r4 = virtualinvoke r0.<org.eclipse.cargotracker.interfaces.booking.facade.dto.Location: java.lang.String getUnLocode()>()
org.eclipse.cargotracker.interfaces.booking.web.ChangeDestination,org.eclipse.cargotracker.interfaces.booking.facade.dto.CargoRoute,call,2,method_call,<org.eclipse.cargotracker.interfaces.booking.web.ChangeDestination: boolean lambda$getPotentialDestinations$0(org.eclipse.cargotracker.interfaces.booking.facade.dto.Location)> :: $r3 = virtualinvoke $r2.<org.eclipse.cargotracker.interfaces.booking.facade.dto.CargoRoute: java.lang.String getOriginCode()>()
org.eclipse.cargotracker.interfaces.booking.web.ChangeDestination,org.eclipse.cargotracker.interfaces.booking.facade.dto.Location,call,2,method_call,<org.eclipse.cargotracker.interfaces.booking.web.ChangeDestination: boolean lambda$getPotentialDestinations$0(org.eclipse.cargotracker.interfaces.booking.facade.dto.Location)> :: $r7 = virtualinvoke r0.<org.eclipse.cargotracker.interfaces.booking.facade.dto.Location: java.lang.String getUnLocode()>()
org.eclipse.cargotracker.interfaces.booking.web.ChangeDestination,org.eclipse.cargotracker.interfaces.booking.facade.dto.CargoRoute,call,2,method_call,<org.eclipse.cargotracker.interfaces.booking.web.ChangeDestination: boolean lambda$getPotentialDestinations$0(org.eclipse.cargotracker.interfaces.booking.facade.dto.Location)> :: $r6 = virtualinvoke $r5.<org.eclipse.cargotracker.interfaces.booking.facade.dto.CargoRoute: java.lang.String getFinalDestinationCode()>()
org.eclipse.cargotracker.interfaces.booking.web.ItinerarySelection,org.eclipse.cargotracker.interfaces.booking.facade.BookingServiceFacade,type,1,field_type_reference,org.eclipse.cargotracker.interfaces.booking.web.ItinerarySelection.bookingServiceFacade
org.eclipse.cargotracker.interfaces.booking.web.ItinerarySelection,org.eclipse.cargotracker.interfaces.booking.facade.dto.CargoRoute,type,1,field_type_reference,org.eclipse.cargotracker.interfaces.booking.web.ItinerarySelection.cargo
org.eclipse.cargotracker.interfaces.booking.web.ItinerarySelection,org.eclipse.cargotracker.interfaces.booking.facade.dto.CargoRoute,type,1,method_return_type_reference,<org.eclipse.cargotracker.interfaces.booking.web.ItinerarySelection: org.eclipse.cargotracker.interfaces.booking.facade.dto.CargoRoute getCargo()>
org.eclipse.cargotracker.interfaces.booking.web.ItinerarySelection,org.eclipse.cargotracker.interfaces.booking.facade.BookingServiceFacade,call,2,method_call,<org.eclipse.cargotracker.interfaces.booking.web.ItinerarySelection: void load()> :: $r3 = interfaceinvoke $r2.<org.eclipse.cargotracker.interfaces.booking.facade.BookingServiceFacade: org.eclipse.cargotracker.interfaces.booking.facade.dto.CargoRoute loadCargoForRouting(java.lang.String)>($r1)
org.eclipse.cargotracker.interfaces.booking.web.ItinerarySelection,org.eclipse.cargotracker.interfaces.booking.facade.BookingServiceFacade,call,2,method_call,<org.eclipse.cargotracker.interfaces.booking.web.ItinerarySelection: void load()> :: $r6 = interfaceinvoke $r5.<org.eclipse.cargotracker.interfaces.booking.facade.BookingServiceFacade: java.util.List requestPossibleRoutesForCargo(java.lang.String)>($r4)
org.eclipse.cargotracker.interfaces.booking.web.ItinerarySelection,org.eclipse.cargotracker.interfaces.booking.facade.BookingServiceFacade,call,2,method_call,"<org.eclipse.cargotracker.interfaces.booking.web.ItinerarySelection: java.lang.String assignItinerary(int)> :: interfaceinvoke $r5.<org.eclipse.cargotracker.interfaces.booking.facade.BookingServiceFacade: void assignCargoToRoute(java.lang.String,org.eclipse.cargotracker.interfaces.booking.facade.dto.RouteCandidate)>($r4, r3)"
org.eclipse.cargotracker.interfaces.booking.web.ListCargo,org.eclipse.cargotracker.interfaces.booking.facade.BookingServiceFacade,type,1,field_type_reference,org.eclipse.cargotracker.interfaces.booking.web.ListCargo.bookingServiceFacade
org.eclipse.cargotracker.interfaces.booking.web.ListCargo,org.eclipse.cargotracker.interfaces.booking.facade.dto.CargoRoute,type,1,method_parameter_type_reference,<org.eclipse.cargotracker.interfaces.booking.web.ListCargo: boolean lambda$init$1(org.eclipse.cargotracker.interfaces.booking.facade.dto.CargoRoute)>
org.eclipse.cargotracker.interfaces.booking.web.ListCargo,org.eclipse.cargotracker.interfaces.booking.facade.dto.CargoRoute,type,1,method_parameter_type_reference,<org.eclipse.cargotracker.interfaces.booking.web.ListCargo: boolean lambda$init$0(org.eclipse.cargotracker.interfaces.booking.facade.dto.CargoRoute)>
org.eclipse.cargotracker.interfaces.booking.web.ListCargo,org.eclipse.cargotracker.interfaces.booking.facade.BookingServiceFacade,call,2,method_call,<org.eclipse.cargotracker.interfaces.booking.web.ListCargo: void init()> :: r2 = interfaceinvoke $r1.<org.eclipse.cargotracker.interfaces.booking.facade.BookingServiceFacade: java.util.List listAllCargos()>()
org.eclipse.cargotracker.interfaces.booking.web.ListCargo,org.eclipse.cargotracker.interfaces.booking.facade.dto.CargoRoute,call,2,method_call,<org.eclipse.cargotracker.interfaces.booking.web.ListCargo: boolean lambda$init$1(org.eclipse.cargotracker.interfaces.booking.facade.dto.CargoRoute)> :: $z0 = virtualinvoke r0.<org.eclipse.cargotracker.interfaces.booking.facade.dto.CargoRoute: boolean isRouted()>()
org.eclipse.cargotracker.interfaces.booking.web.ListCargo,org.eclipse.cargotracker.interfaces.booking.facade.dto.CargoRoute,call,2,method_call,<org.eclipse.cargotracker.interfaces.booking.web.ListCargo: boolean lambda$init$1(org.eclipse.cargotracker.interfaces.booking.facade.dto.CargoRoute)> :: $z1 = virtualinvoke r0.<org.eclipse.cargotracker.interfaces.booking.facade.dto.CargoRoute: boolean isClaimed()>()
org.eclipse.cargotracker.interfaces.booking.web.ListCargo,org.eclipse.cargotracker.interfaces.booking.facade.dto.CargoRoute,call,2,method_call,<org.eclipse.cargotracker.interfaces.booking.web.ListCargo: boolean lambda$init$0(org.eclipse.cargotracker.interfaces.booking.facade.dto.CargoRoute)> :: $z0 = virtualinvoke r0.<org.eclipse.cargotracker.interfaces.booking.facade.dto.CargoRoute: boolean isRouted()>()
org.eclipse.cargotracker.interfaces.booking.web.Track,org.eclipse.cargotracker.interfaces.booking.facade.BookingServiceFacade,type,1,field_type_reference,org.eclipse.cargotracker.interfaces.booking.web.Track.bookingServiceFacade
org.eclipse.cargotracker.interfaces.booking.web.Track,org.eclipse.cargotracker.interfaces.booking.facade.dto.CargoStatus,type,1,field_type_reference,org.eclipse.cargotracker.interfaces.booking.web.Track.cargo
org.eclipse.cargotracker.interfaces.booking.web.Track,org.eclipse.cargotracker.interfaces.booking.facade.dto.CargoStatus,type,1,method_return_type_reference,<org.eclipse.cargotracker.interfaces.booking.web.Track: org.eclipse.cargotracker.interfaces.booking.facade.dto.CargoStatus getCargo()>
org.eclipse.cargotracker.interfaces.booking.web.Track,org.eclipse.cargotracker.interfaces.booking.facade.BookingServiceFacade,call,2,method_call,<org.eclipse.cargotracker.interfaces.booking.web.Track: void init()> :: $r2 = interfaceinvoke $r1.<org.eclipse.cargotracker.interfaces.booking.facade.BookingServiceFacade: java.util.List listAllTrackingIds()>()
org.eclipse.cargotracker.interfaces.booking.web.Track,org.eclipse.cargotracker.interfaces.booking.facade.BookingServiceFacade,call,2,method_call,<org.eclipse.cargotracker.interfaces.booking.web.Track: void onTrackById()> :: $r3 = interfaceinvoke $r2.<org.eclipse.cargotracker.interfaces.booking.facade.BookingServiceFacade: org.eclipse.cargotracker.interfaces.booking.facade.dto.CargoStatus loadCargoForTracking(java.lang.String)>($r1)
org.eclipse.cargotracker.interfaces.handling.HandlingEventRegistrationAttempt,org.eclipse.cargotracker.domain.model.cargo.TrackingId,type,1,field_type_reference,org.eclipse.cargotracker.interfaces.handling.HandlingEventRegistrationAttempt.trackingId
org.eclipse.cargotracker.interfaces.handling.HandlingEventRegistrationAttempt,org.eclipse.cargotracker.domain.model.voyage.VoyageNumber,type,1,field_type_reference,org.eclipse.cargotracker.interfaces.handling.HandlingEventRegistrationAttempt.voyageNumber
org.eclipse.cargotracker.interfaces.handling.HandlingEventRegistrationAttempt,org.eclipse.cargotracker.domain.model.handling.HandlingEvent$Type,type,1,field_type_reference,org.eclipse.cargotracker.interfaces.handling.HandlingEventRegistrationAttempt.type
org.eclipse.cargotracker.interfaces.handling.HandlingEventRegistrationAttempt,org.eclipse.cargotracker.domain.model.location.UnLocode,type,1,field_type_reference,org.eclipse.cargotracker.interfaces.handling.HandlingEventRegistrationAttempt.unLocode
org.eclipse.cargotracker.interfaces.handling.HandlingEventRegistrationAttempt,org.eclipse.cargotracker.domain.model.cargo.TrackingId,type,1,method_parameter_type_reference,"<org.eclipse.cargotracker.interfaces.handling.HandlingEventRegistrationAttempt: void <init>(java.time.LocalDateTime,java.time.LocalDateTime,org.eclipse.cargotracker.domain.model.cargo.TrackingId,org.eclipse.cargotracker.domain.model.voyage.VoyageNumber,org.eclipse.cargotracker.domain.model.handling.HandlingEvent$Type,org.eclipse.cargotracker.domain.model.location.UnLocode)>"
org.eclipse.cargotracker.interfaces.handling.HandlingEventRegistrationAttempt,org.eclipse.cargotracker.domain.model.voyage.VoyageNumber,type,1,method_parameter_type_reference,"<org.eclipse.cargotracker.interfaces.handling.HandlingEventRegistrationAttempt: void <init>(java.time.LocalDateTime,java.time.LocalDateTime,org.eclipse.cargotracker.domain.model.cargo.TrackingId,org.eclipse.cargotracker.domain.model.voyage.VoyageNumber,org.eclipse.cargotracker.domain.model.handling.HandlingEvent$Type,org.eclipse.cargotracker.domain.model.location.UnLocode)>"
org.eclipse.cargotracker.interfaces.handling.HandlingEventRegistrationAttempt,org.eclipse.cargotracker.domain.model.handling.HandlingEvent$Type,type,1,method_parameter_type_reference,"<org.eclipse.cargotracker.interfaces.handling.HandlingEventRegistrationAttempt: void <init>(java.time.LocalDateTime,java.time.LocalDateTime,org.eclipse.cargotracker.domain.model.cargo.TrackingId,org.eclipse.cargotracker.domain.model.voyage.VoyageNumber,org.eclipse.cargotracker.domain.model.handling.HandlingEvent$Type,org.eclipse.cargotracker.domain.model.location.UnLocode)>"
org.eclipse.cargotracker.interfaces.handling.HandlingEventRegistrationAttempt,org.eclipse.cargotracker.domain.model.location.UnLocode,type,1,method_parameter_type_reference,"<org.eclipse.cargotracker.interfaces.handling.HandlingEventRegistrationAttempt: void <init>(java.time.LocalDateTime,java.time.LocalDateTime,org.eclipse.cargotracker.domain.model.cargo.TrackingId,org.eclipse.cargotracker.domain.model.voyage.VoyageNumber,org.eclipse.cargotracker.domain.model.handling.HandlingEvent$Type,org.eclipse.cargotracker.domain.model.location.UnLocode)>"
org.eclipse.cargotracker.interfaces.handling.HandlingEventRegistrationAttempt,org.eclipse.cargotracker.domain.model.cargo.TrackingId,type,1,method_return_type_reference,<org.eclipse.cargotracker.interfaces.handling.HandlingEventRegistrationAttempt: org.eclipse.cargotracker.domain.model.cargo.TrackingId getTrackingId()>
org.eclipse.cargotracker.interfaces.handling.HandlingEventRegistrationAttempt,org.eclipse.cargotracker.domain.model.voyage.VoyageNumber,type,1,method_return_type_reference,<org.eclipse.cargotracker.interfaces.handling.HandlingEventRegistrationAttempt: org.eclipse.cargotracker.domain.model.voyage.VoyageNumber getVoyageNumber()>
org.eclipse.cargotracker.interfaces.handling.HandlingEventRegistrationAttempt,org.eclipse.cargotracker.domain.model.handling.HandlingEvent$Type,type,1,method_return_type_reference,<org.eclipse.cargotracker.interfaces.handling.HandlingEventRegistrationAttempt: org.eclipse.cargotracker.domain.model.handling.HandlingEvent$Type getType()>
org.eclipse.cargotracker.interfaces.handling.HandlingEventRegistrationAttempt,org.eclipse.cargotracker.domain.model.location.UnLocode,type,1,method_return_type_reference,<org.eclipse.cargotracker.interfaces.handling.HandlingEventRegistrationAttempt: org.eclipse.cargotracker.domain.model.location.UnLocode getUnLocode()>
org.eclipse.cargotracker.interfaces.handling.file.EventItemReader,org.eclipse.cargotracker.interfaces.handling.file.EventFilesCheckpoint,type,1,field_type_reference,org.eclipse.cargotracker.interfaces.handling.file.EventItemReader.checkpoint
org.eclipse.cargotracker.interfaces.handling.file.EventItemReader,org.eclipse.cargotracker.interfaces.handling.file.EventFilesCheckpoint,call,2,method_call,<org.eclipse.cargotracker.interfaces.handling.file.EventItemReader: void open(java.io.Serializable)> :: specialinvoke $r16.<org.eclipse.cargotracker.interfaces.handling.file.EventFilesCheckpoint: void <init>()>()
org.eclipse.cargotracker.interfaces.handling.file.EventItemReader,org.eclipse.cargotracker.interfaces.handling.file.EventFilesCheckpoint,call,2,method_call,<org.eclipse.cargotracker.interfaces.handling.file.EventItemReader: void open(java.io.Serializable)> :: virtualinvoke $r19.<org.eclipse.cargotracker.interfaces.handling.file.EventFilesCheckpoint: void setFiles(java.util.List)>($r21)
org.eclipse.cargotracker.interfaces.handling.file.EventItemReader,org.eclipse.cargotracker.interfaces.handling.file.EventFilesCheckpoint,call,2,method_call,<org.eclipse.cargotracker.interfaces.handling.file.EventItemReader: void open(java.io.Serializable)> :: $r25 = virtualinvoke $r24.<org.eclipse.cargotracker.interfaces.handling.file.EventFilesCheckpoint: java.io.File currentFile()>()
org.eclipse.cargotracker.interfaces.handling.file.EventItemReader,org.eclipse.cargotracker.interfaces.handling.file.EventFilesCheckpoint,call,2,method_call,<org.eclipse.cargotracker.interfaces.handling.file.EventItemReader: void open(java.io.Serializable)> :: $l0 = virtualinvoke $r12.<org.eclipse.cargotracker.interfaces.handling.file.EventFilesCheckpoint: long getFilePointer()>()
org.eclipse.cargotracker.interfaces.handling.file.EventItemReader,org.eclipse.cargotracker.interfaces.handling.file.EventFilesCheckpoint,call,2,method_call,<org.eclipse.cargotracker.interfaces.handling.file.EventItemReader: java.lang.Object readItem()> :: virtualinvoke $r20.<org.eclipse.cargotracker.interfaces.handling.file.EventFilesCheckpoint: void setFilePointer(long)>($l0)
org.eclipse.cargotracker.interfaces.handling.file.EventItemReader,org.eclipse.cargotracker.interfaces.handling.file.EventFilesCheckpoint,call,2,method_call,<org.eclipse.cargotracker.interfaces.handling.file.EventItemReader: java.lang.Object readItem()> :: $r7 = virtualinvoke $r4.<org.eclipse.cargotracker.interfaces.handling.file.EventFilesCheckpoint: java.io.File currentFile()>()
org.eclipse.cargotracker.interfaces.handling.file.EventItemReader,org.eclipse.cargotracker.interfaces.handling.file.EventFilesCheckpoint,call,2,method_call,<org.eclipse.cargotracker.interfaces.handling.file.EventItemReader: java.lang.Object readItem()> :: $r10 = virtualinvoke $r9.<org.eclipse.cargotracker.interfaces.handling.file.EventFilesCheckpoint: java.io.File currentFile()>()
org.eclipse.cargotracker.interfaces.handling.file.EventItemReader,org.eclipse.cargotracker.interfaces.handling.file.EventFilesCheckpoint,call,2,method_call,<org.eclipse.cargotracker.interfaces.handling.file.EventItemReader: java.lang.Object readItem()> :: r12 = virtualinvoke $r11.<org.eclipse.cargotracker.interfaces.handling.file.EventFilesCheckpoint: java.io.File nextFile()>()
org.eclipse.cargotracker.interfaces.handling.file.EventItemReader,org.eclipse.cargotracker.interfaces.handling.file.EventLineParseException,call,2,method_call,"<org.eclipse.cargotracker.interfaces.handling.file.EventItemReader: java.lang.Object parseLine(java.lang.String)> :: specialinvoke $r13.<org.eclipse.cargotracker.interfaces.handling.file.EventLineParseException: void <init>(java.lang.String,java.lang.String)>(""Wrong number of data elements"", r0)"
org.eclipse.cargotracker.interfaces.handling.file.EventItemReader,org.eclipse.cargotracker.application.util.DateConverter,call,2,method_call,<org.eclipse.cargotracker.interfaces.handling.file.EventItemReader: java.lang.Object parseLine(java.lang.String)> :: r25 = staticinvoke <org.eclipse.cargotracker.application.util.DateConverter: java.time.LocalDateTime toDateTime(java.lang.String)>($r2)
org.eclipse.cargotracker.interfaces.handling.file.EventItemReader,org.eclipse.cargotracker.interfaces.handling.file.EventLineParseException,call,2,method_call,"<org.eclipse.cargotracker.interfaces.handling.file.EventItemReader: java.lang.Object parseLine(java.lang.String)> :: specialinvoke $r23.<org.eclipse.cargotracker.interfaces.handling.file.EventLineParseException: void <init>(java.lang.String,java.lang.Throwable,java.lang.String)>(""Cannot parse completion time"", $r22, r0)"
org.eclipse.cargotracker.interfaces.handling.file.EventItemReader,org.eclipse.cargotracker.domain.model.cargo.TrackingId,call,2,method_call,<org.eclipse.cargotracker.interfaces.handling.file.EventItemReader: java.lang.Object parseLine(java.lang.String)> :: specialinvoke $r3.<org.eclipse.cargotracker.domain.model.cargo.TrackingId: void <init>(java.lang.String)>($r4)
org.eclipse.cargotracker.interfaces.handling.file.EventItemReader,org.eclipse.cargotracker.interfaces.handling.file.EventLineParseException,call,2,method_call,"<org.eclipse.cargotracker.interfaces.handling.file.EventItemReader: java.lang.Object parseLine(java.lang.String)> :: specialinvoke $r21.<org.eclipse.cargotracker.interfaces.handling.file.EventLineParseException: void <init>(java.lang.String,java.lang.Throwable,java.lang.String)>(""Cannot parse tracking ID"", $r20, r0)"
org.eclipse.cargotracker.interfaces.handling.file.EventItemReader,org.eclipse.cargotracker.domain.model.voyage.VoyageNumber,call,2,method_call,<org.eclipse.cargotracker.interfaces.handling.file.EventItemReader: java.lang.Object parseLine(java.lang.String)> :: specialinvoke $r11.<org.eclipse.cargotracker.domain.model.voyage.VoyageNumber: void <init>(java.lang.String)>($r12)
org.eclipse.cargotracker.interfaces.handling.file.EventItemReader,org.eclipse.cargotracker.interfaces.handling.file.EventLineParseException,call,2,method_call,"<org.eclipse.cargotracker.interfaces.handling.file.EventItemReader: java.lang.Object parseLine(java.lang.String)> :: specialinvoke $r19.<org.eclipse.cargotracker.interfaces.handling.file.EventLineParseException: void <init>(java.lang.String,java.lang.Throwable,java.lang.String)>(""Cannot parse voyage number"", $r18, r0)"
org.eclipse.cargotracker.interfaces.handling.file.EventItemReader,org.eclipse.cargotracker.domain.model.location.UnLocode,call,2,method_call,<org.eclipse.cargotracker.interfaces.handling.file.EventItemReader: java.lang.Object parseLine(java.lang.String)> :: specialinvoke $r6.<org.eclipse.cargotracker.domain.model.location.UnLocode: void <init>(java.lang.String)>($r7)
org.eclipse.cargotracker.interfaces.handling.file.EventItemReader,org.eclipse.cargotracker.interfaces.handling.file.EventLineParseException,call,2,method_call,"<org.eclipse.cargotracker.interfaces.handling.file.EventItemReader: java.lang.Object parseLine(java.lang.String)> :: specialinvoke $r17.<org.eclipse.cargotracker.interfaces.handling.file.EventLineParseException: void <init>(java.lang.String,java.lang.Throwable,java.lang.String)>(""Cannot parse UN location code"", $r16, r0)"
org.eclipse.cargotracker.interfaces.handling.file.EventItemReader,org.eclipse.cargotracker.domain.model.handling.HandlingEvent$Type,call,2,method_call,<org.eclipse.cargotracker.interfaces.handling.file.EventItemReader: java.lang.Object parseLine(java.lang.String)> :: r27 = staticinvoke <org.eclipse.cargotracker.domain.model.handling.HandlingEvent$Type: org.eclipse.cargotracker.domain.model.handling.HandlingEvent$Type valueOf(java.lang.String)>($r8)
org.eclipse.cargotracker.interfaces.handling.file.EventItemReader,org.eclipse.cargotracker.interfaces.handling.file.EventLineParseException,call,2,method_call,"<org.eclipse.cargotracker.interfaces.handling.file.EventItemReader: java.lang.Object parseLine(java.lang.String)> :: specialinvoke $r15.<org.eclipse.cargotracker.interfaces.handling.file.EventLineParseException: void <init>(java.lang.String,java.lang.Throwable,java.lang.String)>(""Cannot parse event type"", $r14, r0)"
org.eclipse.cargotracker.interfaces.handling.file.EventItemReader,org.eclipse.cargotracker.interfaces.handling.HandlingEventRegistrationAttempt,call,2,method_call,"<org.eclipse.cargotracker.interfaces.handling.file.EventItemReader: java.lang.Object parseLine(java.lang.String)> :: specialinvoke $r9.<org.eclipse.cargotracker.interfaces.handling.HandlingEventRegistrationAttempt: void <init>(java.time.LocalDateTime,java.time.LocalDateTime,org.eclipse.cargotracker.domain.model.cargo.TrackingId,org.eclipse.cargotracker.domain.model.voyage.VoyageNumber,org.eclipse.cargotracker.domain.model.handling.HandlingEvent$Type,org.eclipse.cargotracker.domain.model.location.UnLocode)>($r10, r25, $r3, r26, r27, $r6)"
org.eclipse.cargotracker.interfaces.handling.file.EventItemWriter,org.eclipse.cargotracker.application.ApplicationEvents,type,1,field_type_reference,org.eclipse.cargotracker.interfaces.handling.file.EventItemWriter.applicationEvents
org.eclipse.cargotracker.interfaces.handling.file.EventItemWriter,org.eclipse.cargotracker.interfaces.handling.HandlingEventRegistrationAttempt,type,1,method_parameter_type_reference,"<org.eclipse.cargotracker.interfaces.handling.file.EventItemWriter: void lambda$writeItems$1(java.io.PrintWriter,org.eclipse.cargotracker.interfaces.handling.HandlingEventRegistrationAttempt)>"
org.eclipse.cargotracker.interfaces.handling.file.EventItemWriter,org.eclipse.cargotracker.interfaces.handling.HandlingEventRegistrationAttempt,type,1,method_return_type_reference,<org.eclipse.cargotracker.interfaces.handling.file.EventItemWriter: org.eclipse.cargotracker.interfaces.handling.HandlingEventRegistrationAttempt lambda$writeItems$0(java.lang.Object)>
org.eclipse.cargotracker.interfaces.handling.file.EventItemWriter,org.eclipse.cargotracker.application.ApplicationEvents,call,2,method_call,"<org.eclipse.cargotracker.interfaces.handling.file.EventItemWriter: void lambda$writeItems$1(java.io.PrintWriter,org.eclipse.cargotracker.interfaces.handling.HandlingEventRegistrationAttempt)> :: interfaceinvoke $r2.<org.eclipse.cargotracker.application.ApplicationEvents: void receivedHandlingEventRegistrationAttempt(org.eclipse.cargotracker.interfaces.handling.HandlingEventRegistrationAttempt)>(r1)"
org.eclipse.cargotracker.interfaces.handling.file.EventItemWriter,org.eclipse.cargotracker.interfaces.handling.HandlingEventRegistrationAttempt,call,2,method_call,"<org.eclipse.cargotracker.interfaces.handling.file.EventItemWriter: void lambda$writeItems$1(java.io.PrintWriter,org.eclipse.cargotracker.interfaces.handling.HandlingEventRegistrationAttempt)> :: $r4 = virtualinvoke r1.<org.eclipse.cargotracker.interfaces.handling.HandlingEventRegistrationAttempt: java.time.LocalDateTime getRegistrationTime()>()"
org.eclipse.cargotracker.interfaces.handling.file.EventItemWriter,org.eclipse.cargotracker.application.util.DateConverter,call,2,method_call,"<org.eclipse.cargotracker.interfaces.handling.file.EventItemWriter: void lambda$writeItems$1(java.io.PrintWriter,org.eclipse.cargotracker.interfaces.handling.HandlingEventRegistrationAttempt)> :: $r15 = staticinvoke <org.eclipse.cargotracker.application.util.DateConverter: java.lang.String toString(java.time.LocalDateTime)>($r4)"
org.eclipse.cargotracker.interfaces.handling.file.EventItemWriter,org.eclipse.cargotracker.interfaces.handling.HandlingEventRegistrationAttempt,call,2,method_call,"<org.eclipse.cargotracker.interfaces.handling.file.EventItemWriter: void lambda$writeItems$1(java.io.PrintWriter,org.eclipse.cargotracker.interfaces.handling.HandlingEventRegistrationAttempt)> :: $r5 = virtualinvoke r1.<org.eclipse.cargotracker.interfaces.handling.HandlingEventRegistrationAttempt: java.time.LocalDateTime getCompletionTime()>()"
org.eclipse.cargotracker.interfaces.handling.file.EventItemWriter,org.eclipse.cargotracker.application.util.DateConverter,call,2,method_call,"<org.eclipse.cargotracker.interfaces.handling.file.EventItemWriter: void lambda$writeItems$1(java.io.PrintWriter,org.eclipse.cargotracker.interfaces.handling.HandlingEventRegistrationAttempt)> :: $r14 = staticinvoke <org.eclipse.cargotracker.application.util.DateConverter: java.lang.String toString(java.time.LocalDateTime)>($r5)"
org.eclipse.cargotracker.interfaces.handling.file.EventItemWriter,org.eclipse.cargotracker.interfaces.handling.HandlingEventRegistrationAttempt,call,2,method_call,"<org.eclipse.cargotracker.interfaces.handling.file.EventItemWriter: void lambda$writeItems$1(java.io.PrintWriter,org.eclipse.cargotracker.interfaces.handling.HandlingEventRegistrationAttempt)> :: $r6 = virtualinvoke r1.<org.eclipse.cargotracker.interfaces.handling.HandlingEventRegistrationAttempt: org.eclipse.cargotracker.domain.model.cargo.TrackingId getTrackingId()>()"
org.eclipse.cargotracker.interfaces.handling.file.EventItemWriter,org.eclipse.cargotracker.interfaces.handling.HandlingEventRegistrationAttempt,call,2,method_call,"<org.eclipse.cargotracker.interfaces.handling.file.EventItemWriter: void lambda$writeItems$1(java.io.PrintWriter,org.eclipse.cargotracker.interfaces.handling.HandlingEventRegistrationAttempt)> :: $r7 = virtualinvoke r1.<org.eclipse.cargotracker.interfaces.handling.HandlingEventRegistrationAttempt: org.eclipse.cargotracker.domain.model.voyage.VoyageNumber getVoyageNumber()>()"
org.eclipse.cargotracker.interfaces.handling.file.EventItemWriter,org.eclipse.cargotracker.interfaces.handling.HandlingEventRegistrationAttempt,call,2,method_call,"<org.eclipse.cargotracker.interfaces.handling.file.EventItemWriter: void lambda$writeItems$1(java.io.PrintWriter,org.eclipse.cargotracker.interfaces.handling.HandlingEventRegistrationAttempt)> :: $r8 = virtualinvoke r1.<org.eclipse.cargotracker.interfaces.handling.HandlingEventRegistrationAttempt: org.eclipse.cargotracker.domain.model.location.UnLocode getUnLocode()>()"
org.eclipse.cargotracker.interfaces.handling.file.EventItemWriter,org.eclipse.cargotracker.interfaces.handling.HandlingEventRegistrationAttempt,call,2,method_call,"<org.eclipse.cargotracker.interfaces.handling.file.EventItemWriter: void lambda$writeItems$1(java.io.PrintWriter,org.eclipse.cargotracker.interfaces.handling.HandlingEventRegistrationAttempt)> :: $r9 = virtualinvoke r1.<org.eclipse.cargotracker.interfaces.handling.HandlingEventRegistrationAttempt: org.eclipse.cargotracker.domain.model.handling.HandlingEvent$Type getType()>()"
org.eclipse.cargotracker.interfaces.handling.file.LineParseExceptionListener,org.eclipse.cargotracker.interfaces.handling.file.EventLineParseException,call,2,method_call,<org.eclipse.cargotracker.interfaces.handling.file.LineParseExceptionListener: void onSkipReadItem(java.lang.Exception)> :: $r16 = virtualinvoke $r17.<org.eclipse.cargotracker.interfaces.handling.file.EventLineParseException: java.lang.String getLine()>()
org.eclipse.cargotracker.interfaces.handling.mobile.EventLogger,org.eclipse.cargotracker.domain.model.cargo.CargoRepository,type,1,field_type_reference,org.eclipse.cargotracker.interfaces.handling.mobile.EventLogger.cargoRepository
org.eclipse.cargotracker.interfaces.handling.mobile.EventLogger,org.eclipse.cargotracker.domain.model.location.LocationRepository,type,1,field_type_reference,org.eclipse.cargotracker.interfaces.handling.mobile.EventLogger.locationRepository
org.eclipse.cargotracker.interfaces.handling.mobile.EventLogger,org.eclipse.cargotracker.domain.model.voyage.VoyageRepository,type,1,field_type_reference,org.eclipse.cargotracker.interfaces.handling.mobile.EventLogger.voyageRepository
org.eclipse.cargotracker.interfaces.handling.mobile.EventLogger,org.eclipse.cargotracker.application.ApplicationEvents,type,1,field_type_reference,org.eclipse.cargotracker.interfaces.handling.mobile.EventLogger.applicationEvents
org.eclipse.cargotracker.interfaces.handling.mobile.EventLogger,org.eclipse.cargotracker.domain.model.handling.HandlingEvent$Type,type,1,field_type_reference,org.eclipse.cargotracker.interfaces.handling.mobile.EventLogger.eventType
org.eclipse.cargotracker.interfaces.handling.mobile.EventLogger,org.eclipse.cargotracker.domain.model.handling.HandlingEvent$Type,type,1,method_return_type_reference,<org.eclipse.cargotracker.interfaces.handling.mobile.EventLogger: org.eclipse.cargotracker.domain.model.handling.HandlingEvent$Type getEventType()>
org.eclipse.cargotracker.interfaces.handling.mobile.EventLogger,org.eclipse.cargotracker.domain.model.handling.HandlingEvent$Type,type,1,method_parameter_type_reference,<org.eclipse.cargotracker.interfaces.handling.mobile.EventLogger: void setEventType(org.eclipse.cargotracker.domain.model.handling.HandlingEvent$Type)>
org.eclipse.cargotracker.interfaces.handling.mobile.EventLogger,org.eclipse.cargotracker.domain.model.voyage.Voyage,type,1,method_parameter_type_reference,<org.eclipse.cargotracker.interfaces.handling.mobile.EventLogger: void lambda$init$4(org.eclipse.cargotracker.domain.model.voyage.Voyage)>
org.eclipse.cargotracker.interfaces.handling.mobile.EventLogger,org.eclipse.cargotracker.domain.model.location.Location,type,1,method_parameter_type_reference,<org.eclipse.cargotracker.interfaces.handling.mobile.EventLogger: void lambda$init$3(org.eclipse.cargotracker.domain.model.location.Location)>
org.eclipse.cargotracker.interfaces.handling.mobile.EventLogger,org.eclipse.cargotracker.domain.model.cargo.Cargo,type,1,method_parameter_type_reference,<org.eclipse.cargotracker.interfaces.handling.mobile.EventLogger: java.lang.String lambda$init$1(org.eclipse.cargotracker.domain.model.cargo.Cargo)>
org.eclipse.cargotracker.interfaces.handling.mobile.EventLogger,org.eclipse.cargotracker.domain.model.cargo.Cargo,type,1,method_parameter_type_reference,<org.eclipse.cargotracker.interfaces.handling.mobile.EventLogger: boolean lambda$init$0(org.eclipse.cargotracker.domain.model.cargo.Cargo)>
org.eclipse.cargotracker.interfaces.handling.mobile.EventLogger,org.eclipse.cargotracker.domain.model.handling.HandlingEvent$Type,call,2,method_call,<org.eclipse.cargotracker.interfaces.handling.mobile.EventLogger: java.util.Map getEventTypes()> :: $r0 = staticinvoke <org.eclipse.cargotracker.domain.model.handling.HandlingEvent$Type: org.eclipse.cargotracker.domain.model.handling.HandlingEvent$Type[] values()>()
org.eclipse.cargotracker.interfaces.handling.mobile.EventLogger,org.eclipse.cargotracker.application.util.DateConverter,call,2,method_call,<org.eclipse.cargotracker.interfaces.handling.mobile.EventLogger: java.lang.String getCompletionTimeValue()> :: $r2 = staticinvoke <org.eclipse.cargotracker.application.util.DateConverter: java.lang.String toString(java.time.LocalDateTime)>($r1)
org.eclipse.cargotracker.interfaces.handling.mobile.EventLogger,org.eclipse.cargotracker.domain.model.cargo.CargoRepository,call,2,method_call,<org.eclipse.cargotracker.interfaces.handling.mobile.EventLogger: void init()> :: r2 = interfaceinvoke $r1.<org.eclipse.cargotracker.domain.model.cargo.CargoRepository: java.util.List findAll()>()
org.eclipse.cargotracker.interfaces.handling.mobile.EventLogger,org.eclipse.cargotracker.domain.model.location.LocationRepository,call,2,method_call,<org.eclipse.cargotracker.interfaces.handling.mobile.EventLogger: void init()> :: r11 = interfaceinvoke $r10.<org.eclipse.cargotracker.domain.model.location.LocationRepository: java.util.List findAll()>()
org.eclipse.cargotracker.interfaces.handling.mobile.EventLogger,org.eclipse.cargotracker.domain.model.voyage.VoyageRepository,call,2,method_call,<org.eclipse.cargotracker.interfaces.handling.mobile.EventLogger: void init()> :: r15 = interfaceinvoke $r14.<org.eclipse.cargotracker.domain.model.voyage.VoyageRepository: java.util.List findAll()>()
org.eclipse.cargotracker.interfaces.handling.mobile.EventLogger,org.eclipse.cargotracker.domain.model.handling.HandlingEvent$Type,call,2,method_call,<org.eclipse.cargotracker.interfaces.handling.mobile.EventLogger: boolean validate(java.lang.String)> :: $z1 = virtualinvoke $r3.<org.eclipse.cargotracker.domain.model.handling.HandlingEvent$Type: boolean requiresVoyage()>()
org.eclipse.cargotracker.interfaces.handling.mobile.EventLogger,org.eclipse.cargotracker.domain.model.cargo.TrackingId,call,2,method_call,<org.eclipse.cargotracker.interfaces.handling.mobile.EventLogger: void submit()> :: specialinvoke $r0.<org.eclipse.cargotracker.domain.model.cargo.TrackingId: void <init>(java.lang.String)>($r2)
org.eclipse.cargotracker.interfaces.handling.mobile.EventLogger,org.eclipse.cargotracker.domain.model.location.UnLocode,call,2,method_call,<org.eclipse.cargotracker.interfaces.handling.mobile.EventLogger: void submit()> :: specialinvoke $r3.<org.eclipse.cargotracker.domain.model.location.UnLocode: void <init>(java.lang.String)>($r4)
org.eclipse.cargotracker.interfaces.handling.mobile.EventLogger,org.eclipse.cargotracker.domain.model.handling.HandlingEvent$Type,call,2,method_call,<org.eclipse.cargotracker.interfaces.handling.mobile.EventLogger: void submit()> :: $z0 = virtualinvoke $r5.<org.eclipse.cargotracker.domain.model.handling.HandlingEvent$Type: boolean requiresVoyage()>()
org.eclipse.cargotracker.interfaces.handling.mobile.EventLogger,org.eclipse.cargotracker.domain.model.voyage.VoyageNumber,call,2,method_call,<org.eclipse.cargotracker.interfaces.handling.mobile.EventLogger: void submit()> :: specialinvoke $r13.<org.eclipse.cargotracker.domain.model.voyage.VoyageNumber: void <init>(java.lang.String)>($r14)
org.eclipse.cargotracker.interfaces.handling.mobile.EventLogger,org.eclipse.cargotracker.interfaces.handling.HandlingEventRegistrationAttempt,call,2,method_call,"<org.eclipse.cargotracker.interfaces.handling.mobile.EventLogger: void submit()> :: specialinvoke $r6.<org.eclipse.cargotracker.interfaces.handling.HandlingEventRegistrationAttempt: void <init>(java.time.LocalDateTime,java.time.LocalDateTime,org.eclipse.cargotracker.domain.model.cargo.TrackingId,org.eclipse.cargotracker.domain.model.voyage.VoyageNumber,org.eclipse.cargotracker.domain.model.handling.HandlingEvent$Type,org.eclipse.cargotracker.domain.model.location.UnLocode)>($r9, $r8, $r0, r15, $r7, $r3)"
org.eclipse.cargotracker.interfaces.handling.mobile.EventLogger,org.eclipse.cargotracker.application.ApplicationEvents,call,2,method_call,<org.eclipse.cargotracker.interfaces.handling.mobile.EventLogger: void submit()> :: interfaceinvoke $r10.<org.eclipse.cargotracker.application.ApplicationEvents: void receivedHandlingEventRegistrationAttempt(org.eclipse.cargotracker.interfaces.handling.HandlingEventRegistrationAttempt)>($r6)
org.eclipse.cargotracker.interfaces.handling.mobile.EventLogger,org.eclipse.cargotracker.domain.model.voyage.Voyage,call,2,method_call,<org.eclipse.cargotracker.interfaces.handling.mobile.EventLogger: void lambda$init$4(org.eclipse.cargotracker.domain.model.voyage.Voyage)> :: $r4 = virtualinvoke r2.<org.eclipse.cargotracker.domain.model.voyage.Voyage: org.eclipse.cargotracker.domain.model.voyage.VoyageNumber getVoyageNumber()>()
org.eclipse.cargotracker.interfaces.handling.mobile.EventLogger,org.eclipse.cargotracker.domain.model.voyage.VoyageNumber,call,2,method_call,<org.eclipse.cargotracker.interfaces.handling.mobile.EventLogger: void lambda$init$4(org.eclipse.cargotracker.domain.model.voyage.Voyage)> :: $r7 = virtualinvoke $r4.<org.eclipse.cargotracker.domain.model.voyage.VoyageNumber: java.lang.String getIdString()>()
org.eclipse.cargotracker.interfaces.handling.mobile.EventLogger,org.eclipse.cargotracker.domain.model.voyage.Voyage,call,2,method_call,<org.eclipse.cargotracker.interfaces.handling.mobile.EventLogger: void lambda$init$4(org.eclipse.cargotracker.domain.model.voyage.Voyage)> :: $r5 = virtualinvoke r2.<org.eclipse.cargotracker.domain.model.voyage.Voyage: org.eclipse.cargotracker.domain.model.voyage.VoyageNumber getVoyageNumber()>()
org.eclipse.cargotracker.interfaces.handling.mobile.EventLogger,org.eclipse.cargotracker.domain.model.voyage.VoyageNumber,call,2,method_call,<org.eclipse.cargotracker.interfaces.handling.mobile.EventLogger: void lambda$init$4(org.eclipse.cargotracker.domain.model.voyage.Voyage)> :: $r6 = virtualinvoke $r5.<org.eclipse.cargotracker.domain.model.voyage.VoyageNumber: java.lang.String getIdString()>()
org.eclipse.cargotracker.interfaces.handling.mobile.EventLogger,org.eclipse.cargotracker.domain.model.location.Location,call,2,method_call,<org.eclipse.cargotracker.interfaces.handling.mobile.EventLogger: void lambda$init$3(org.eclipse.cargotracker.domain.model.location.Location)> :: $r1 = virtualinvoke r0.<org.eclipse.cargotracker.domain.model.location.Location: org.eclipse.cargotracker.domain.model.location.UnLocode getUnLocode()>()
org.eclipse.cargotracker.interfaces.handling.mobile.EventLogger,org.eclipse.cargotracker.domain.model.location.UnLocode,call,2,method_call,<org.eclipse.cargotracker.interfaces.handling.mobile.EventLogger: void lambda$init$3(org.eclipse.cargotracker.domain.model.location.Location)> :: r2 = virtualinvoke $r1.<org.eclipse.cargotracker.domain.model.location.UnLocode: java.lang.String getIdString()>()
org.eclipse.cargotracker.interfaces.handling.mobile.EventLogger,org.eclipse.cargotracker.domain.model.location.Location,call,2,method_call,<org.eclipse.cargotracker.interfaces.handling.mobile.EventLogger: void lambda$init$3(org.eclipse.cargotracker.domain.model.location.Location)> :: $r6 = virtualinvoke r0.<org.eclipse.cargotracker.domain.model.location.Location: java.lang.String getName()>()
org.eclipse.cargotracker.interfaces.handling.mobile.EventLogger,org.eclipse.cargotracker.domain.model.cargo.Cargo,call,2,method_call,<org.eclipse.cargotracker.interfaces.handling.mobile.EventLogger: java.lang.String lambda$init$1(org.eclipse.cargotracker.domain.model.cargo.Cargo)> :: $r1 = virtualinvoke r0.<org.eclipse.cargotracker.domain.model.cargo.Cargo: org.eclipse.cargotracker.domain.model.cargo.TrackingId getTrackingId()>()
org.eclipse.cargotracker.interfaces.handling.mobile.EventLogger,org.eclipse.cargotracker.domain.model.cargo.TrackingId,call,2,method_call,<org.eclipse.cargotracker.interfaces.handling.mobile.EventLogger: java.lang.String lambda$init$1(org.eclipse.cargotracker.domain.model.cargo.Cargo)> :: $r2 = virtualinvoke $r1.<org.eclipse.cargotracker.domain.model.cargo.TrackingId: java.lang.String getIdString()>()
org.eclipse.cargotracker.interfaces.handling.mobile.EventLogger,org.eclipse.cargotracker.domain.model.cargo.Cargo,call,2,method_call,<org.eclipse.cargotracker.interfaces.handling.mobile.EventLogger: boolean lambda$init$0(org.eclipse.cargotracker.domain.model.cargo.Cargo)> :: $r1 = virtualinvoke r0.<org.eclipse.cargotracker.domain.model.cargo.Cargo: org.eclipse.cargotracker.domain.model.cargo.Itinerary getItinerary()>()
org.eclipse.cargotracker.interfaces.handling.mobile.EventLogger,org.eclipse.cargotracker.domain.model.cargo.Itinerary,call,2,method_call,<org.eclipse.cargotracker.interfaces.handling.mobile.EventLogger: boolean lambda$init$0(org.eclipse.cargotracker.domain.model.cargo.Cargo)> :: $r2 = virtualinvoke $r1.<org.eclipse.cargotracker.domain.model.cargo.Itinerary: java.util.List getLegs()>()
org.eclipse.cargotracker.interfaces.handling.mobile.EventLogger,org.eclipse.cargotracker.domain.model.cargo.Cargo,call,2,method_call,<org.eclipse.cargotracker.interfaces.handling.mobile.EventLogger: boolean lambda$init$0(org.eclipse.cargotracker.domain.model.cargo.Cargo)> :: $r3 = virtualinvoke r0.<org.eclipse.cargotracker.domain.model.cargo.Cargo: org.eclipse.cargotracker.domain.model.cargo.Delivery getDelivery()>()
org.eclipse.cargotracker.interfaces.handling.mobile.EventLogger,org.eclipse.cargotracker.domain.model.cargo.Delivery,call,2,method_call,<org.eclipse.cargotracker.interfaces.handling.mobile.EventLogger: boolean lambda$init$0(org.eclipse.cargotracker.domain.model.cargo.Cargo)> :: $r5 = virtualinvoke $r3.<org.eclipse.cargotracker.domain.model.cargo.Delivery: org.eclipse.cargotracker.domain.model.cargo.TransportStatus getTransportStatus()>()
org.eclipse.cargotracker.interfaces.handling.mobile.EventLogger,org.eclipse.cargotracker.domain.model.cargo.TransportStatus,call,2,method_call,<org.eclipse.cargotracker.interfaces.handling.mobile.EventLogger: boolean lambda$init$0(org.eclipse.cargotracker.domain.model.cargo.Cargo)> :: $z1 = virtualinvoke $r5.<org.eclipse.cargotracker.domain.model.cargo.TransportStatus: boolean sameValueAs(org.eclipse.cargotracker.domain.model.cargo.TransportStatus)>($r4)
org.eclipse.cargotracker.interfaces.handling.rest.HandlingReportService,org.eclipse.cargotracker.application.ApplicationEvents,type,1,field_type_reference,org.eclipse.cargotracker.interfaces.handling.rest.HandlingReportService.applicationEvents
org.eclipse.cargotracker.interfaces.handling.rest.HandlingReportService,org.eclipse.cargotracker.interfaces.handling.rest.HandlingReport,type,1,method_parameter_type_reference,<org.eclipse.cargotracker.interfaces.handling.rest.HandlingReportService: void submitReport(org.eclipse.cargotracker.interfaces.handling.rest.HandlingReport)>
org.eclipse.cargotracker.interfaces.handling.rest.HandlingReportService,org.eclipse.cargotracker.interfaces.handling.rest.HandlingReport,call,2,method_call,<org.eclipse.cargotracker.interfaces.handling.rest.HandlingReportService: void submitReport(org.eclipse.cargotracker.interfaces.handling.rest.HandlingReport)> :: $r1 = virtualinvoke r0.<org.eclipse.cargotracker.interfaces.handling.rest.HandlingReport: java.lang.String getCompletionTime()>()
org.eclipse.cargotracker.interfaces.handling.rest.HandlingReportService,org.eclipse.cargotracker.application.util.DateConverter,call,2,method_call,<org.eclipse.cargotracker.interfaces.handling.rest.HandlingReportService: void submitReport(org.eclipse.cargotracker.interfaces.handling.rest.HandlingReport)> :: r2 = staticinvoke <org.eclipse.cargotracker.application.util.DateConverter: java.time.LocalDateTime toDateTime(java.lang.String)>($r1)
org.eclipse.cargotracker.interfaces.handling.rest.HandlingReportService,org.eclipse.cargotracker.interfaces.handling.rest.HandlingReport,call,2,method_call,<org.eclipse.cargotracker.interfaces.handling.rest.HandlingReportService: void submitReport(org.eclipse.cargotracker.interfaces.handling.rest.HandlingReport)> :: $r3 = virtualinvoke r0.<org.eclipse.cargotracker.interfaces.handling.rest.HandlingReport: java.lang.String getVoyageNumber()>()
org.eclipse.cargotracker.interfaces.handling.rest.HandlingReportService,org.eclipse.cargotracker.interfaces.handling.rest.HandlingReport,call,2,method_call,<org.eclipse.cargotracker.interfaces.handling.rest.HandlingReportService: void submitReport(org.eclipse.cargotracker.interfaces.handling.rest.HandlingReport)> :: $r14 = virtualinvoke r0.<org.eclipse.cargotracker.interfaces.handling.rest.HandlingReport: java.lang.String getVoyageNumber()>()
org.eclipse.cargotracker.interfaces.handling.rest.HandlingReportService,org.eclipse.cargotracker.domain.model.voyage.VoyageNumber,call,2,method_call,<org.eclipse.cargotracker.interfaces.handling.rest.HandlingReportService: void submitReport(org.eclipse.cargotracker.interfaces.handling.rest.HandlingReport)> :: specialinvoke $r13.<org.eclipse.cargotracker.domain.model.voyage.VoyageNumber: void <init>(java.lang.String)>($r14)
org.eclipse.cargotracker.interfaces.handling.rest.HandlingReportService,org.eclipse.cargotracker.interfaces.handling.rest.HandlingReport,call,2,method_call,<org.eclipse.cargotracker.interfaces.handling.rest.HandlingReportService: void submitReport(org.eclipse.cargotracker.interfaces.handling.rest.HandlingReport)> :: $r4 = virtualinvoke r0.<org.eclipse.cargotracker.interfaces.handling.rest.HandlingReport: java.lang.String getEventType()>()
org.eclipse.cargotracker.interfaces.handling.rest.HandlingReportService,org.eclipse.cargotracker.domain.model.handling.HandlingEvent$Type,call,2,method_call,<org.eclipse.cargotracker.interfaces.handling.rest.HandlingReportService: void submitReport(org.eclipse.cargotracker.interfaces.handling.rest.HandlingReport)> :: $r15 = staticinvoke <org.eclipse.cargotracker.domain.model.handling.HandlingEvent$Type: org.eclipse.cargotracker.domain.model.handling.HandlingEvent$Type valueOf(java.lang.String)>($r4)
org.eclipse.cargotracker.interfaces.handling.rest.HandlingReportService,org.eclipse.cargotracker.interfaces.handling.rest.HandlingReport,call,2,method_call,<org.eclipse.cargotracker.interfaces.handling.rest.HandlingReportService: void submitReport(org.eclipse.cargotracker.interfaces.handling.rest.HandlingReport)> :: $r6 = virtualinvoke r0.<org.eclipse.cargotracker.interfaces.handling.rest.HandlingReport: java.lang.String getUnLocode()>()
org.eclipse.cargotracker.interfaces.handling.rest.HandlingReportService,org.eclipse.cargotracker.domain.model.location.UnLocode,call,2,method_call,<org.eclipse.cargotracker.interfaces.handling.rest.HandlingReportService: void submitReport(org.eclipse.cargotracker.interfaces.handling.rest.HandlingReport)> :: specialinvoke $r5.<org.eclipse.cargotracker.domain.model.location.UnLocode: void <init>(java.lang.String)>($r6)
org.eclipse.cargotracker.interfaces.handling.rest.HandlingReportService,org.eclipse.cargotracker.interfaces.handling.rest.HandlingReport,call,2,method_call,<org.eclipse.cargotracker.interfaces.handling.rest.HandlingReportService: void submitReport(org.eclipse.cargotracker.interfaces.handling.rest.HandlingReport)> :: $r8 = virtualinvoke r0.<org.eclipse.cargotracker.interfaces.handling.rest.HandlingReport: java.lang.String getTrackingId()>()
org.eclipse.cargotracker.interfaces.handling.rest.HandlingReportService,org.eclipse.cargotracker.domain.model.cargo.TrackingId,call,2,method_call,<org.eclipse.cargotracker.interfaces.handling.rest.HandlingReportService: void submitReport(org.eclipse.cargotracker.interfaces.handling.rest.HandlingReport)> :: specialinvoke $r7.<org.eclipse.cargotracker.domain.model.cargo.TrackingId: void <init>(java.lang.String)>($r8)
org.eclipse.cargotracker.interfaces.handling.rest.HandlingReportService,org.eclipse.cargotracker.interfaces.handling.HandlingEventRegistrationAttempt,call,2,method_call,"<org.eclipse.cargotracker.interfaces.handling.rest.HandlingReportService: void submitReport(org.eclipse.cargotracker.interfaces.handling.rest.HandlingReport)> :: specialinvoke $r9.<org.eclipse.cargotracker.interfaces.handling.HandlingEventRegistrationAttempt: void <init>(java.time.LocalDateTime,java.time.LocalDateTime,org.eclipse.cargotracker.domain.model.cargo.TrackingId,org.eclipse.cargotracker.domain.model.voyage.VoyageNumber,org.eclipse.cargotracker.domain.model.handling.HandlingEvent$Type,org.eclipse.cargotracker.domain.model.location.UnLocode)>($r10, r2, $r7, r16, $r15, $r5)"
org.eclipse.cargotracker.interfaces.handling.rest.HandlingReportService,org.eclipse.cargotracker.application.ApplicationEvents,call,2,method_call,<org.eclipse.cargotracker.interfaces.handling.rest.HandlingReportService: void submitReport(org.eclipse.cargotracker.interfaces.handling.rest.HandlingReport)> :: interfaceinvoke $r12.<org.eclipse.cargotracker.application.ApplicationEvents: void receivedHandlingEventRegistrationAttempt(org.eclipse.cargotracker.interfaces.handling.HandlingEventRegistrationAttempt)>($r9)
org.eclipse.cargotracker.interfaces.tracking.web.CargoTrackingViewAdapter,org.eclipse.cargotracker.domain.model.cargo.Cargo,type,1,field_type_reference,org.eclipse.cargotracker.interfaces.tracking.web.CargoTrackingViewAdapter.cargo
org.eclipse.cargotracker.interfaces.tracking.web.CargoTrackingViewAdapter,org.eclipse.cargotracker.domain.model.cargo.Cargo,type,1,method_parameter_type_reference,"<org.eclipse.cargotracker.interfaces.tracking.web.CargoTrackingViewAdapter: void <init>(org.eclipse.cargotracker.domain.model.cargo.Cargo,java.util.List)>"
org.eclipse.cargotracker.interfaces.tracking.web.CargoTrackingViewAdapter,org.eclipse.cargotracker.interfaces.Coordinates,type,1,method_return_type_reference,<org.eclipse.cargotracker.interfaces.tracking.web.CargoTrackingViewAdapter: org.eclipse.cargotracker.interfaces.Coordinates getOriginCoordinates()>
org.eclipse.cargotracker.interfaces.tracking.web.CargoTrackingViewAdapter,org.eclipse.cargotracker.interfaces.Coordinates,type,1,method_return_type_reference,<org.eclipse.cargotracker.interfaces.tracking.web.CargoTrackingViewAdapter: org.eclipse.cargotracker.interfaces.Coordinates getDestinationCoordinates()>
org.eclipse.cargotracker.interfaces.tracking.web.CargoTrackingViewAdapter,org.eclipse.cargotracker.interfaces.Coordinates,type,1,method_return_type_reference,<org.eclipse.cargotracker.interfaces.tracking.web.CargoTrackingViewAdapter: org.eclipse.cargotracker.interfaces.Coordinates getLastKnownLocationCoordinates()>
org.eclipse.cargotracker.interfaces.tracking.web.CargoTrackingViewAdapter,org.eclipse.cargotracker.interfaces.tracking.web.CargoTrackingViewAdapter$HandlingEventViewAdapter,type,1,method_return_type_reference,<org.eclipse.cargotracker.interfaces.tracking.web.CargoTrackingViewAdapter: org.eclipse.cargotracker.interfaces.tracking.web.CargoTrackingViewAdapter$HandlingEventViewAdapter lambda$new$0(org.eclipse.cargotracker.domain.model.handling.HandlingEvent)>
org.eclipse.cargotracker.interfaces.tracking.web.CargoTrackingViewAdapter,org.eclipse.cargotracker.domain.model.handling.HandlingEvent,type,1,method_parameter_type_reference,<org.eclipse.cargotracker.interfaces.tracking.web.CargoTrackingViewAdapter: org.eclipse.cargotracker.interfaces.tracking.web.CargoTrackingViewAdapter$HandlingEventViewAdapter lambda$new$0(org.eclipse.cargotracker.domain.model.handling.HandlingEvent)>
org.eclipse.cargotracker.interfaces.tracking.web.CargoTrackingViewAdapter,org.eclipse.cargotracker.domain.model.cargo.Cargo,call,2,method_call,<org.eclipse.cargotracker.interfaces.tracking.web.CargoTrackingViewAdapter: java.lang.String getTrackingId()> :: $r2 = virtualinvoke $r1.<org.eclipse.cargotracker.domain.model.cargo.Cargo: org.eclipse.cargotracker.domain.model.cargo.TrackingId getTrackingId()>()
org.eclipse.cargotracker.interfaces.tracking.web.CargoTrackingViewAdapter,org.eclipse.cargotracker.domain.model.cargo.TrackingId,call,2,method_call,<org.eclipse.cargotracker.interfaces.tracking.web.CargoTrackingViewAdapter: java.lang.String getTrackingId()> :: $r3 = virtualinvoke $r2.<org.eclipse.cargotracker.domain.model.cargo.TrackingId: java.lang.String getIdString()>()
org.eclipse.cargotracker.interfaces.tracking.web.CargoTrackingViewAdapter,org.eclipse.cargotracker.domain.model.cargo.Cargo,call,2,method_call,<org.eclipse.cargotracker.interfaces.tracking.web.CargoTrackingViewAdapter: java.lang.String getOriginName()> :: $r2 = virtualinvoke $r1.<org.eclipse.cargotracker.domain.model.cargo.Cargo: org.eclipse.cargotracker.domain.model.cargo.RouteSpecification getRouteSpecification()>()
org.eclipse.cargotracker.interfaces.tracking.web.CargoTrackingViewAdapter,org.eclipse.cargotracker.domain.model.cargo.RouteSpecification,call,2,method_call,<org.eclipse.cargotracker.interfaces.tracking.web.CargoTrackingViewAdapter: java.lang.String getOriginName()> :: $r3 = virtualinvoke $r2.<org.eclipse.cargotracker.domain.model.cargo.RouteSpecification: org.eclipse.cargotracker.domain.model.location.Location getOrigin()>()
org.eclipse.cargotracker.interfaces.tracking.web.CargoTrackingViewAdapter,org.eclipse.cargotracker.domain.model.location.Location,call,2,method_call,<org.eclipse.cargotracker.interfaces.tracking.web.CargoTrackingViewAdapter: java.lang.String getOriginName()> :: $r4 = virtualinvoke $r3.<org.eclipse.cargotracker.domain.model.location.Location: java.lang.String getName()>()
org.eclipse.cargotracker.interfaces.tracking.web.CargoTrackingViewAdapter,org.eclipse.cargotracker.domain.model.cargo.Cargo,call,2,method_call,<org.eclipse.cargotracker.interfaces.tracking.web.CargoTrackingViewAdapter: java.lang.String getOriginCode()> :: $r2 = virtualinvoke $r1.<org.eclipse.cargotracker.domain.model.cargo.Cargo: org.eclipse.cargotracker.domain.model.cargo.RouteSpecification getRouteSpecification()>()
org.eclipse.cargotracker.interfaces.tracking.web.CargoTrackingViewAdapter,org.eclipse.cargotracker.domain.model.cargo.RouteSpecification,call,2,method_call,<org.eclipse.cargotracker.interfaces.tracking.web.CargoTrackingViewAdapter: java.lang.String getOriginCode()> :: $r3 = virtualinvoke $r2.<org.eclipse.cargotracker.domain.model.cargo.RouteSpecification: org.eclipse.cargotracker.domain.model.location.Location getOrigin()>()
org.eclipse.cargotracker.interfaces.tracking.web.CargoTrackingViewAdapter,org.eclipse.cargotracker.domain.model.location.Location,call,2,method_call,<org.eclipse.cargotracker.interfaces.tracking.web.CargoTrackingViewAdapter: java.lang.String getOriginCode()> :: $r4 = virtualinvoke $r3.<org.eclipse.cargotracker.domain.model.location.Location: org.eclipse.cargotracker.domain.model.location.UnLocode getUnLocode()>()
org.eclipse.cargotracker.interfaces.tracking.web.CargoTrackingViewAdapter,org.eclipse.cargotracker.domain.model.location.UnLocode,call,2,method_call,<org.eclipse.cargotracker.interfaces.tracking.web.CargoTrackingViewAdapter: java.lang.String getOriginCode()> :: $r5 = virtualinvoke $r4.<org.eclipse.cargotracker.domain.model.location.UnLocode: java.lang.String getIdString()>()
org.eclipse.cargotracker.interfaces.tracking.web.CargoTrackingViewAdapter,org.eclipse.cargotracker.domain.model.cargo.Cargo,call,2,method_call,<org.eclipse.cargotracker.interfaces.tracking.web.CargoTrackingViewAdapter: org.eclipse.cargotracker.interfaces.Coordinates getOriginCoordinates()> :: $r2 = virtualinvoke $r1.<org.eclipse.cargotracker.domain.model.cargo.Cargo: org.eclipse.cargotracker.domain.model.cargo.RouteSpecification getRouteSpecification()>()
org.eclipse.cargotracker.interfaces.tracking.web.CargoTrackingViewAdapter,org.eclipse.cargotracker.domain.model.cargo.RouteSpecification,call,2,method_call,<org.eclipse.cargotracker.interfaces.tracking.web.CargoTrackingViewAdapter: org.eclipse.cargotracker.interfaces.Coordinates getOriginCoordinates()> :: $r3 = virtualinvoke $r2.<org.eclipse.cargotracker.domain.model.cargo.RouteSpecification: org.eclipse.cargotracker.domain.model.location.Location getOrigin()>()
org.eclipse.cargotracker.interfaces.tracking.web.CargoTrackingViewAdapter,org.eclipse.cargotracker.interfaces.CoordinatesFactory,call,2,method_call,<org.eclipse.cargotracker.interfaces.tracking.web.CargoTrackingViewAdapter: org.eclipse.cargotracker.interfaces.Coordinates getOriginCoordinates()> :: $r4 = staticinvoke <org.eclipse.cargotracker.interfaces.CoordinatesFactory: org.eclipse.cargotracker.interfaces.Coordinates find(org.eclipse.cargotracker.domain.model.location.Location)>($r3)
org.eclipse.cargotracker.interfaces.tracking.web.CargoTrackingViewAdapter,org.eclipse.cargotracker.domain.model.cargo.Cargo,call,2,method_call,<org.eclipse.cargotracker.interfaces.tracking.web.CargoTrackingViewAdapter: java.lang.String getDestinationName()> :: $r2 = virtualinvoke $r1.<org.eclipse.cargotracker.domain.model.cargo.Cargo: org.eclipse.cargotracker.domain.model.cargo.RouteSpecification getRouteSpecification()>()
org.eclipse.cargotracker.interfaces.tracking.web.CargoTrackingViewAdapter,org.eclipse.cargotracker.domain.model.cargo.RouteSpecification,call,2,method_call,<org.eclipse.cargotracker.interfaces.tracking.web.CargoTrackingViewAdapter: java.lang.String getDestinationName()> :: $r3 = virtualinvoke $r2.<org.eclipse.cargotracker.domain.model.cargo.RouteSpecification: org.eclipse.cargotracker.domain.model.location.Location getDestination()>()
org.eclipse.cargotracker.interfaces.tracking.web.CargoTrackingViewAdapter,org.eclipse.cargotracker.domain.model.location.Location,call,2,method_call,<org.eclipse.cargotracker.interfaces.tracking.web.CargoTrackingViewAdapter: java.lang.String getDestinationName()> :: $r4 = virtualinvoke $r3.<org.eclipse.cargotracker.domain.model.location.Location: java.lang.String getName()>()
org.eclipse.cargotracker.interfaces.tracking.web.CargoTrackingViewAdapter,org.eclipse.cargotracker.domain.model.cargo.Cargo,call,2,method_call,<org.eclipse.cargotracker.interfaces.tracking.web.CargoTrackingViewAdapter: java.lang.String getDestinationCode()> :: $r2 = virtualinvoke $r1.<org.eclipse.cargotracker.domain.model.cargo.Cargo: org.eclipse.cargotracker.domain.model.cargo.RouteSpecification getRouteSpecification()>()
org.eclipse.cargotracker.interfaces.tracking.web.CargoTrackingViewAdapter,org.eclipse.cargotracker.domain.model.cargo.RouteSpecification,call,2,method_call,<org.eclipse.cargotracker.interfaces.tracking.web.CargoTrackingViewAdapter: java.lang.String getDestinationCode()> :: $r3 = virtualinvoke $r2.<org.eclipse.cargotracker.domain.model.cargo.RouteSpecification: org.eclipse.cargotracker.domain.model.location.Location getDestination()>()
org.eclipse.cargotracker.interfaces.tracking.web.CargoTrackingViewAdapter,org.eclipse.cargotracker.domain.model.location.Location,call,2,method_call,<org.eclipse.cargotracker.interfaces.tracking.web.CargoTrackingViewAdapter: java.lang.String getDestinationCode()> :: $r4 = virtualinvoke $r3.<org.eclipse.cargotracker.domain.model.location.Location: org.eclipse.cargotracker.domain.model.location.UnLocode getUnLocode()>()
org.eclipse.cargotracker.interfaces.tracking.web.CargoTrackingViewAdapter,org.eclipse.cargotracker.domain.model.location.UnLocode,call,2,method_call,<org.eclipse.cargotracker.interfaces.tracking.web.CargoTrackingViewAdapter: java.lang.String getDestinationCode()> :: $r5 = virtualinvoke $r4.<org.eclipse.cargotracker.domain.model.location.UnLocode: java.lang.String getIdString()>()
org.eclipse.cargotracker.interfaces.tracking.web.CargoTrackingViewAdapter,org.eclipse.cargotracker.domain.model.cargo.Cargo,call,2,method_call,<org.eclipse.cargotracker.interfaces.tracking.web.CargoTrackingViewAdapter: org.eclipse.cargotracker.interfaces.Coordinates getDestinationCoordinates()> :: $r2 = virtualinvoke $r1.<org.eclipse.cargotracker.domain.model.cargo.Cargo: org.eclipse.cargotracker.domain.model.cargo.RouteSpecification getRouteSpecification()>()
org.eclipse.cargotracker.interfaces.tracking.web.CargoTrackingViewAdapter,org.eclipse.cargotracker.domain.model.cargo.RouteSpecification,call,2,method_call,<org.eclipse.cargotracker.interfaces.tracking.web.CargoTrackingViewAdapter: org.eclipse.cargotracker.interfaces.Coordinates getDestinationCoordinates()> :: $r3 = virtualinvoke $r2.<org.eclipse.cargotracker.domain.model.cargo.RouteSpecification: org.eclipse.cargotracker.domain.model.location.Location getDestination()>()
org.eclipse.cargotracker.interfaces.tracking.web.CargoTrackingViewAdapter,org.eclipse.cargotracker.interfaces.CoordinatesFactory,call,2,method_call,<org.eclipse.cargotracker.interfaces.tracking.web.CargoTrackingViewAdapter: org.eclipse.cargotracker.interfaces.Coordinates getDestinationCoordinates()> :: $r4 = staticinvoke <org.eclipse.cargotracker.interfaces.CoordinatesFactory: org.eclipse.cargotracker.interfaces.Coordinates find(org.eclipse.cargotracker.domain.model.location.Location)>($r3)
org.eclipse.cargotracker.interfaces.tracking.web.CargoTrackingViewAdapter,org.eclipse.cargotracker.domain.model.cargo.Cargo,call,2,method_call,<org.eclipse.cargotracker.interfaces.tracking.web.CargoTrackingViewAdapter: java.lang.String getLastKnownLocationName()> :: $r2 = virtualinvoke $r1.<org.eclipse.cargotracker.domain.model.cargo.Cargo: org.eclipse.cargotracker.domain.model.cargo.Delivery getDelivery()>()
org.eclipse.cargotracker.interfaces.tracking.web.CargoTrackingViewAdapter,org.eclipse.cargotracker.domain.model.cargo.Delivery,call,2,method_call,<org.eclipse.cargotracker.interfaces.tracking.web.CargoTrackingViewAdapter: java.lang.String getLastKnownLocationName()> :: $r3 = virtualinvoke $r2.<org.eclipse.cargotracker.domain.model.cargo.Delivery: org.eclipse.cargotracker.domain.model.location.Location getLastKnownLocation()>()
org.eclipse.cargotracker.interfaces.tracking.web.CargoTrackingViewAdapter,org.eclipse.cargotracker.domain.model.location.Location,call,2,method_call,<org.eclipse.cargotracker.interfaces.tracking.web.CargoTrackingViewAdapter: java.lang.String getLastKnownLocationName()> :: $r4 = virtualinvoke $r3.<org.eclipse.cargotracker.domain.model.location.Location: org.eclipse.cargotracker.domain.model.location.UnLocode getUnLocode()>()
org.eclipse.cargotracker.interfaces.tracking.web.CargoTrackingViewAdapter,org.eclipse.cargotracker.domain.model.location.UnLocode,call,2,method_call,<org.eclipse.cargotracker.interfaces.tracking.web.CargoTrackingViewAdapter: java.lang.String getLastKnownLocationName()> :: $r5 = virtualinvoke $r4.<org.eclipse.cargotracker.domain.model.location.UnLocode: java.lang.String getIdString()>()
org.eclipse.cargotracker.interfaces.tracking.web.CargoTrackingViewAdapter,org.eclipse.cargotracker.domain.model.cargo.Cargo,call,2,method_call,<org.eclipse.cargotracker.interfaces.tracking.web.CargoTrackingViewAdapter: java.lang.String getLastKnownLocationName()> :: $r7 = virtualinvoke $r6.<org.eclipse.cargotracker.domain.model.cargo.Cargo: org.eclipse.cargotracker.domain.model.cargo.Delivery getDelivery()>()
org.eclipse.cargotracker.interfaces.tracking.web.CargoTrackingViewAdapter,org.eclipse.cargotracker.domain.model.cargo.Delivery,call,2,method_call,<org.eclipse.cargotracker.interfaces.tracking.web.CargoTrackingViewAdapter: java.lang.String getLastKnownLocationName()> :: $r8 = virtualinvoke $r7.<org.eclipse.cargotracker.domain.model.cargo.Delivery: org.eclipse.cargotracker.domain.model.location.Location getLastKnownLocation()>()
org.eclipse.cargotracker.interfaces.tracking.web.CargoTrackingViewAdapter,org.eclipse.cargotracker.domain.model.location.Location,call,2,method_call,<org.eclipse.cargotracker.interfaces.tracking.web.CargoTrackingViewAdapter: java.lang.String getLastKnownLocationName()> :: $r9 = virtualinvoke $r8.<org.eclipse.cargotracker.domain.model.location.Location: java.lang.String getName()>()
org.eclipse.cargotracker.interfaces.tracking.web.CargoTrackingViewAdapter,org.eclipse.cargotracker.domain.model.cargo.Cargo,call,2,method_call,<org.eclipse.cargotracker.interfaces.tracking.web.CargoTrackingViewAdapter: java.lang.String getLastKnownLocationCode()> :: $r2 = virtualinvoke $r1.<org.eclipse.cargotracker.domain.model.cargo.Cargo: org.eclipse.cargotracker.domain.model.cargo.Delivery getDelivery()>()
org.eclipse.cargotracker.interfaces.tracking.web.CargoTrackingViewAdapter,org.eclipse.cargotracker.domain.model.cargo.Delivery,call,2,method_call,<org.eclipse.cargotracker.interfaces.tracking.web.CargoTrackingViewAdapter: java.lang.String getLastKnownLocationCode()> :: $r3 = virtualinvoke $r2.<org.eclipse.cargotracker.domain.model.cargo.Delivery: org.eclipse.cargotracker.domain.model.location.Location getLastKnownLocation()>()
org.eclipse.cargotracker.interfaces.tracking.web.CargoTrackingViewAdapter,org.eclipse.cargotracker.domain.model.location.Location,call,2,method_call,<org.eclipse.cargotracker.interfaces.tracking.web.CargoTrackingViewAdapter: java.lang.String getLastKnownLocationCode()> :: $r4 = virtualinvoke $r3.<org.eclipse.cargotracker.domain.model.location.Location: org.eclipse.cargotracker.domain.model.location.UnLocode getUnLocode()>()
org.eclipse.cargotracker.interfaces.tracking.web.CargoTrackingViewAdapter,org.eclipse.cargotracker.domain.model.location.UnLocode,call,2,method_call,<org.eclipse.cargotracker.interfaces.tracking.web.CargoTrackingViewAdapter: java.lang.String getLastKnownLocationCode()> :: $r5 = virtualinvoke $r4.<org.eclipse.cargotracker.domain.model.location.UnLocode: java.lang.String getIdString()>()
org.eclipse.cargotracker.interfaces.tracking.web.CargoTrackingViewAdapter,org.eclipse.cargotracker.domain.model.cargo.Cargo,call,2,method_call,<org.eclipse.cargotracker.interfaces.tracking.web.CargoTrackingViewAdapter: org.eclipse.cargotracker.interfaces.Coordinates getLastKnownLocationCoordinates()> :: $r2 = virtualinvoke $r1.<org.eclipse.cargotracker.domain.model.cargo.Cargo: org.eclipse.cargotracker.domain.model.cargo.Delivery getDelivery()>()
org.eclipse.cargotracker.interfaces.tracking.web.CargoTrackingViewAdapter,org.eclipse.cargotracker.domain.model.cargo.Delivery,call,2,method_call,<org.eclipse.cargotracker.interfaces.tracking.web.CargoTrackingViewAdapter: org.eclipse.cargotracker.interfaces.Coordinates getLastKnownLocationCoordinates()> :: $r3 = virtualinvoke $r2.<org.eclipse.cargotracker.domain.model.cargo.Delivery: org.eclipse.cargotracker.domain.model.location.Location getLastKnownLocation()>()
org.eclipse.cargotracker.interfaces.tracking.web.CargoTrackingViewAdapter,org.eclipse.cargotracker.interfaces.CoordinatesFactory,call,2,method_call,<org.eclipse.cargotracker.interfaces.tracking.web.CargoTrackingViewAdapter: org.eclipse.cargotracker.interfaces.Coordinates getLastKnownLocationCoordinates()> :: $r4 = staticinvoke <org.eclipse.cargotracker.interfaces.CoordinatesFactory: org.eclipse.cargotracker.interfaces.Coordinates find(org.eclipse.cargotracker.domain.model.location.Location)>($r3)
org.eclipse.cargotracker.interfaces.tracking.web.CargoTrackingViewAdapter,org.eclipse.cargotracker.domain.model.cargo.Cargo,call,2,method_call,<org.eclipse.cargotracker.interfaces.tracking.web.CargoTrackingViewAdapter: java.lang.String getStatusCode()> :: $r2 = virtualinvoke $r1.<org.eclipse.cargotracker.domain.model.cargo.Cargo: org.eclipse.cargotracker.domain.model.cargo.Itinerary getItinerary()>()
org.eclipse.cargotracker.interfaces.tracking.web.CargoTrackingViewAdapter,org.eclipse.cargotracker.domain.model.cargo.Itinerary,call,2,method_call,<org.eclipse.cargotracker.interfaces.tracking.web.CargoTrackingViewAdapter: java.lang.String getStatusCode()> :: $r3 = virtualinvoke $r2.<org.eclipse.cargotracker.domain.model.cargo.Itinerary: java.util.List getLegs()>()
org.eclipse.cargotracker.interfaces.tracking.web.CargoTrackingViewAdapter,org.eclipse.cargotracker.domain.model.cargo.Cargo,call,2,method_call,<org.eclipse.cargotracker.interfaces.tracking.web.CargoTrackingViewAdapter: java.lang.String getStatusCode()> :: $r5 = virtualinvoke $r4.<org.eclipse.cargotracker.domain.model.cargo.Cargo: org.eclipse.cargotracker.domain.model.cargo.Delivery getDelivery()>()
org.eclipse.cargotracker.interfaces.tracking.web.CargoTrackingViewAdapter,org.eclipse.cargotracker.domain.model.cargo.Delivery,call,2,method_call,<org.eclipse.cargotracker.interfaces.tracking.web.CargoTrackingViewAdapter: java.lang.String getStatusCode()> :: $z1 = virtualinvoke $r5.<org.eclipse.cargotracker.domain.model.cargo.Delivery: boolean isUnloadedAtDestination()>()
org.eclipse.cargotracker.interfaces.tracking.web.CargoTrackingViewAdapter,org.eclipse.cargotracker.domain.model.cargo.Cargo,call,2,method_call,<org.eclipse.cargotracker.interfaces.tracking.web.CargoTrackingViewAdapter: java.lang.String getStatusCode()> :: $r7 = virtualinvoke $r6.<org.eclipse.cargotracker.domain.model.cargo.Cargo: org.eclipse.cargotracker.domain.model.cargo.Delivery getDelivery()>()
org.eclipse.cargotracker.interfaces.tracking.web.CargoTrackingViewAdapter,org.eclipse.cargotracker.domain.model.cargo.Delivery,call,2,method_call,<org.eclipse.cargotracker.interfaces.tracking.web.CargoTrackingViewAdapter: java.lang.String getStatusCode()> :: $z2 = virtualinvoke $r7.<org.eclipse.cargotracker.domain.model.cargo.Delivery: boolean isMisdirected()>()
org.eclipse.cargotracker.interfaces.tracking.web.CargoTrackingViewAdapter,org.eclipse.cargotracker.domain.model.cargo.Cargo,call,2,method_call,<org.eclipse.cargotracker.interfaces.tracking.web.CargoTrackingViewAdapter: java.lang.String getStatusCode()> :: $r9 = virtualinvoke $r8.<org.eclipse.cargotracker.domain.model.cargo.Cargo: org.eclipse.cargotracker.domain.model.cargo.Delivery getDelivery()>()
org.eclipse.cargotracker.interfaces.tracking.web.CargoTrackingViewAdapter,org.eclipse.cargotracker.domain.model.cargo.Delivery,call,2,method_call,<org.eclipse.cargotracker.interfaces.tracking.web.CargoTrackingViewAdapter: java.lang.String getStatusCode()> :: $r10 = virtualinvoke $r9.<org.eclipse.cargotracker.domain.model.cargo.Delivery: org.eclipse.cargotracker.domain.model.cargo.TransportStatus getTransportStatus()>()
org.eclipse.cargotracker.interfaces.tracking.web.CargoTrackingViewAdapter,org.eclipse.cargotracker.domain.model.cargo.Cargo,call,2,method_call,<org.eclipse.cargotracker.interfaces.tracking.web.CargoTrackingViewAdapter: java.lang.String getStatusText()> :: r2 = virtualinvoke $r1.<org.eclipse.cargotracker.domain.model.cargo.Cargo: org.eclipse.cargotracker.domain.model.cargo.Delivery getDelivery()>()
org.eclipse.cargotracker.interfaces.tracking.web.CargoTrackingViewAdapter,org.eclipse.cargotracker.domain.model.cargo.Delivery,call,2,method_call,<org.eclipse.cargotracker.interfaces.tracking.web.CargoTrackingViewAdapter: java.lang.String getStatusText()> :: $r4 = virtualinvoke r2.<org.eclipse.cargotracker.domain.model.cargo.Delivery: org.eclipse.cargotracker.domain.model.cargo.TransportStatus getTransportStatus()>()
org.eclipse.cargotracker.interfaces.tracking.web.CargoTrackingViewAdapter,org.eclipse.cargotracker.domain.model.cargo.Cargo,call,2,method_call,<org.eclipse.cargotracker.interfaces.tracking.web.CargoTrackingViewAdapter: java.lang.String getStatusText()> :: $r10 = virtualinvoke $r9.<org.eclipse.cargotracker.domain.model.cargo.Cargo: org.eclipse.cargotracker.domain.model.cargo.RouteSpecification getRouteSpecification()>()
org.eclipse.cargotracker.interfaces.tracking.web.CargoTrackingViewAdapter,org.eclipse.cargotracker.domain.model.cargo.RouteSpecification,call,2,method_call,<org.eclipse.cargotracker.interfaces.tracking.web.CargoTrackingViewAdapter: java.lang.String getStatusText()> :: $r11 = virtualinvoke $r10.<org.eclipse.cargotracker.domain.model.cargo.RouteSpecification: org.eclipse.cargotracker.domain.model.location.Location getDestination()>()
org.eclipse.cargotracker.interfaces.tracking.web.CargoTrackingViewAdapter,org.eclipse.cargotracker.domain.model.location.Location,call,2,method_call,<org.eclipse.cargotracker.interfaces.tracking.web.CargoTrackingViewAdapter: java.lang.String getStatusText()> :: $r12 = virtualinvoke $r11.<org.eclipse.cargotracker.domain.model.location.Location: java.lang.String getName()>()
org.eclipse.cargotracker.interfaces.tracking.web.CargoTrackingViewAdapter,org.eclipse.cargotracker.domain.model.cargo.Delivery,call,2,method_call,<org.eclipse.cargotracker.interfaces.tracking.web.CargoTrackingViewAdapter: java.lang.String getStatusText()> :: $r5 = virtualinvoke r2.<org.eclipse.cargotracker.domain.model.cargo.Delivery: org.eclipse.cargotracker.domain.model.voyage.Voyage getCurrentVoyage()>()
org.eclipse.cargotracker.interfaces.tracking.web.CargoTrackingViewAdapter,org.eclipse.cargotracker.domain.model.voyage.Voyage,call,2,method_call,<org.eclipse.cargotracker.interfaces.tracking.web.CargoTrackingViewAdapter: java.lang.String getStatusText()> :: $r6 = virtualinvoke $r5.<org.eclipse.cargotracker.domain.model.voyage.Voyage: org.eclipse.cargotracker.domain.model.voyage.VoyageNumber getVoyageNumber()>()
org.eclipse.cargotracker.interfaces.tracking.web.CargoTrackingViewAdapter,org.eclipse.cargotracker.domain.model.voyage.VoyageNumber,call,2,method_call,<org.eclipse.cargotracker.interfaces.tracking.web.CargoTrackingViewAdapter: java.lang.String getStatusText()> :: $r7 = virtualinvoke $r6.<org.eclipse.cargotracker.domain.model.voyage.VoyageNumber: java.lang.String getIdString()>()
org.eclipse.cargotracker.interfaces.tracking.web.CargoTrackingViewAdapter,org.eclipse.cargotracker.domain.model.cargo.Cargo,call,2,method_call,<org.eclipse.cargotracker.interfaces.tracking.web.CargoTrackingViewAdapter: boolean isMisdirected()> :: $r2 = virtualinvoke $r1.<org.eclipse.cargotracker.domain.model.cargo.Cargo: org.eclipse.cargotracker.domain.model.cargo.Delivery getDelivery()>()
org.eclipse.cargotracker.interfaces.tracking.web.CargoTrackingViewAdapter,org.eclipse.cargotracker.domain.model.cargo.Delivery,call,2,method_call,<org.eclipse.cargotracker.interfaces.tracking.web.CargoTrackingViewAdapter: boolean isMisdirected()> :: $z0 = virtualinvoke $r2.<org.eclipse.cargotracker.domain.model.cargo.Delivery: boolean isMisdirected()>()
org.eclipse.cargotracker.interfaces.tracking.web.CargoTrackingViewAdapter,org.eclipse.cargotracker.domain.model.cargo.Cargo,call,2,method_call,<org.eclipse.cargotracker.interfaces.tracking.web.CargoTrackingViewAdapter: java.lang.String getEta()> :: $r2 = virtualinvoke $r1.<org.eclipse.cargotracker.domain.model.cargo.Cargo: org.eclipse.cargotracker.domain.model.cargo.Delivery getDelivery()>()
org.eclipse.cargotracker.interfaces.tracking.web.CargoTrackingViewAdapter,org.eclipse.cargotracker.domain.model.cargo.Delivery,call,2,method_call,<org.eclipse.cargotracker.interfaces.tracking.web.CargoTrackingViewAdapter: java.lang.String getEta()> :: r3 = virtualinvoke $r2.<org.eclipse.cargotracker.domain.model.cargo.Delivery: java.time.LocalDateTime getEstimatedTimeOfArrival()>()
org.eclipse.cargotracker.interfaces.tracking.web.CargoTrackingViewAdapter,org.eclipse.cargotracker.application.util.DateConverter,call,2,method_call,<org.eclipse.cargotracker.interfaces.tracking.web.CargoTrackingViewAdapter: java.lang.String getEta()> :: $r4 = staticinvoke <org.eclipse.cargotracker.application.util.DateConverter: java.lang.String toString(java.time.LocalDateTime)>(r3)
org.eclipse.cargotracker.interfaces.tracking.web.CargoTrackingViewAdapter,org.eclipse.cargotracker.domain.model.cargo.Cargo,call,2,method_call,<org.eclipse.cargotracker.interfaces.tracking.web.CargoTrackingViewAdapter: java.lang.String getNextExpectedActivity()> :: $r2 = virtualinvoke $r1.<org.eclipse.cargotracker.domain.model.cargo.Cargo: org.eclipse.cargotracker.domain.model.cargo.Delivery getDelivery()>()
org.eclipse.cargotracker.interfaces.tracking.web.CargoTrackingViewAdapter,org.eclipse.cargotracker.domain.model.cargo.Delivery,call,2,method_call,<org.eclipse.cargotracker.interfaces.tracking.web.CargoTrackingViewAdapter: java.lang.String getNextExpectedActivity()> :: r3 = virtualinvoke $r2.<org.eclipse.cargotracker.domain.model.cargo.Delivery: org.eclipse.cargotracker.domain.model.cargo.HandlingActivity getNextExpectedActivity()>()
org.eclipse.cargotracker.interfaces.tracking.web.CargoTrackingViewAdapter,org.eclipse.cargotracker.domain.model.cargo.HandlingActivity,call,2,method_call,<org.eclipse.cargotracker.interfaces.tracking.web.CargoTrackingViewAdapter: java.lang.String getNextExpectedActivity()> :: $z0 = virtualinvoke r3.<org.eclipse.cargotracker.domain.model.cargo.HandlingActivity: boolean isEmpty()>()
org.eclipse.cargotracker.interfaces.tracking.web.CargoTrackingViewAdapter,org.eclipse.cargotracker.domain.model.cargo.HandlingActivity,call,2,method_call,<org.eclipse.cargotracker.interfaces.tracking.web.CargoTrackingViewAdapter: java.lang.String getNextExpectedActivity()> :: r4 = virtualinvoke r3.<org.eclipse.cargotracker.domain.model.cargo.HandlingActivity: org.eclipse.cargotracker.domain.model.handling.HandlingEvent$Type getType()>()
org.eclipse.cargotracker.interfaces.tracking.web.CargoTrackingViewAdapter,org.eclipse.cargotracker.domain.model.handling.HandlingEvent$Type,call,2,method_call,<org.eclipse.cargotracker.interfaces.tracking.web.CargoTrackingViewAdapter: java.lang.String getNextExpectedActivity()> :: $z1 = virtualinvoke r4.<org.eclipse.cargotracker.domain.model.handling.HandlingEvent$Type: boolean sameValueAs(org.eclipse.cargotracker.domain.model.handling.HandlingEvent$Type)>($r5)
org.eclipse.cargotracker.interfaces.tracking.web.CargoTrackingViewAdapter,org.eclipse.cargotracker.domain.model.cargo.HandlingActivity,call,2,method_call,<org.eclipse.cargotracker.interfaces.tracking.web.CargoTrackingViewAdapter: java.lang.String getNextExpectedActivity()> :: $r21 = virtualinvoke r3.<org.eclipse.cargotracker.domain.model.cargo.HandlingActivity: org.eclipse.cargotracker.domain.model.voyage.Voyage getVoyage()>()
org.eclipse.cargotracker.interfaces.tracking.web.CargoTrackingViewAdapter,org.eclipse.cargotracker.domain.model.voyage.Voyage,call,2,method_call,<org.eclipse.cargotracker.interfaces.tracking.web.CargoTrackingViewAdapter: java.lang.String getNextExpectedActivity()> :: $r22 = virtualinvoke $r21.<org.eclipse.cargotracker.domain.model.voyage.Voyage: org.eclipse.cargotracker.domain.model.voyage.VoyageNumber getVoyageNumber()>()
org.eclipse.cargotracker.interfaces.tracking.web.CargoTrackingViewAdapter,org.eclipse.cargotracker.domain.model.cargo.HandlingActivity,call,2,method_call,<org.eclipse.cargotracker.interfaces.tracking.web.CargoTrackingViewAdapter: java.lang.String getNextExpectedActivity()> :: $r23 = virtualinvoke r3.<org.eclipse.cargotracker.domain.model.cargo.HandlingActivity: org.eclipse.cargotracker.domain.model.location.Location getLocation()>()
org.eclipse.cargotracker.interfaces.tracking.web.CargoTrackingViewAdapter,org.eclipse.cargotracker.domain.model.location.Location,call,2,method_call,<org.eclipse.cargotracker.interfaces.tracking.web.CargoTrackingViewAdapter: java.lang.String getNextExpectedActivity()> :: $r24 = virtualinvoke $r23.<org.eclipse.cargotracker.domain.model.location.Location: java.lang.String getName()>()
org.eclipse.cargotracker.interfaces.tracking.web.CargoTrackingViewAdapter,org.eclipse.cargotracker.domain.model.handling.HandlingEvent$Type,call,2,method_call,<org.eclipse.cargotracker.interfaces.tracking.web.CargoTrackingViewAdapter: java.lang.String getNextExpectedActivity()> :: $z2 = virtualinvoke r4.<org.eclipse.cargotracker.domain.model.handling.HandlingEvent$Type: boolean sameValueAs(org.eclipse.cargotracker.domain.model.handling.HandlingEvent$Type)>($r6)
org.eclipse.cargotracker.interfaces.tracking.web.CargoTrackingViewAdapter,org.eclipse.cargotracker.domain.model.cargo.HandlingActivity,call,2,method_call,<org.eclipse.cargotracker.interfaces.tracking.web.CargoTrackingViewAdapter: java.lang.String getNextExpectedActivity()> :: $r13 = virtualinvoke r3.<org.eclipse.cargotracker.domain.model.cargo.HandlingActivity: org.eclipse.cargotracker.domain.model.voyage.Voyage getVoyage()>()
org.eclipse.cargotracker.interfaces.tracking.web.CargoTrackingViewAdapter,org.eclipse.cargotracker.domain.model.voyage.Voyage,call,2,method_call,<org.eclipse.cargotracker.interfaces.tracking.web.CargoTrackingViewAdapter: java.lang.String getNextExpectedActivity()> :: $r14 = virtualinvoke $r13.<org.eclipse.cargotracker.domain.model.voyage.Voyage: org.eclipse.cargotracker.domain.model.voyage.VoyageNumber getVoyageNumber()>()
org.eclipse.cargotracker.interfaces.tracking.web.CargoTrackingViewAdapter,org.eclipse.cargotracker.domain.model.cargo.HandlingActivity,call,2,method_call,<org.eclipse.cargotracker.interfaces.tracking.web.CargoTrackingViewAdapter: java.lang.String getNextExpectedActivity()> :: $r15 = virtualinvoke r3.<org.eclipse.cargotracker.domain.model.cargo.HandlingActivity: org.eclipse.cargotracker.domain.model.location.Location getLocation()>()
org.eclipse.cargotracker.interfaces.tracking.web.CargoTrackingViewAdapter,org.eclipse.cargotracker.domain.model.location.Location,call,2,method_call,<org.eclipse.cargotracker.interfaces.tracking.web.CargoTrackingViewAdapter: java.lang.String getNextExpectedActivity()> :: $r16 = virtualinvoke $r15.<org.eclipse.cargotracker.domain.model.location.Location: java.lang.String getName()>()
org.eclipse.cargotracker.interfaces.tracking.web.CargoTrackingViewAdapter,org.eclipse.cargotracker.domain.model.cargo.HandlingActivity,call,2,method_call,<org.eclipse.cargotracker.interfaces.tracking.web.CargoTrackingViewAdapter: java.lang.String getNextExpectedActivity()> :: $r8 = virtualinvoke r3.<org.eclipse.cargotracker.domain.model.cargo.HandlingActivity: org.eclipse.cargotracker.domain.model.location.Location getLocation()>()
org.eclipse.cargotracker.interfaces.tracking.web.CargoTrackingViewAdapter,org.eclipse.cargotracker.domain.model.location.Location,call,2,method_call,<org.eclipse.cargotracker.interfaces.tracking.web.CargoTrackingViewAdapter: java.lang.String getNextExpectedActivity()> :: $r9 = virtualinvoke $r8.<org.eclipse.cargotracker.domain.model.location.Location: java.lang.String getName()>()
org.eclipse.cargotracker.interfaces.tracking.web.CargoTrackingViewAdapter,org.eclipse.cargotracker.interfaces.tracking.web.CargoTrackingViewAdapter$HandlingEventViewAdapter,call,2,method_call,"<org.eclipse.cargotracker.interfaces.tracking.web.CargoTrackingViewAdapter: org.eclipse.cargotracker.interfaces.tracking.web.CargoTrackingViewAdapter$HandlingEventViewAdapter lambda$new$0(org.eclipse.cargotracker.domain.model.handling.HandlingEvent)> :: specialinvoke $r0.<org.eclipse.cargotracker.interfaces.tracking.web.CargoTrackingViewAdapter$HandlingEventViewAdapter: void <init>(org.eclipse.cargotracker.interfaces.tracking.web.CargoTrackingViewAdapter,org.eclipse.cargotracker.domain.model.handling.HandlingEvent)>(r1, r2)"
org.eclipse.cargotracker.interfaces.tracking.web.CargoTrackingViewAdapter$1,org.eclipse.cargotracker.domain.model.handling.HandlingEvent$Type,call,2,method_call,<org.eclipse.cargotracker.interfaces.tracking.web.CargoTrackingViewAdapter$1: void <clinit>()> :: $r0 = staticinvoke <org.eclipse.cargotracker.domain.model.handling.HandlingEvent$Type: org.eclipse.cargotracker.domain.model.handling.HandlingEvent$Type[] values()>()
org.eclipse.cargotracker.interfaces.tracking.web.CargoTrackingViewAdapter$1,org.eclipse.cargotracker.domain.model.cargo.TransportStatus,call,2,method_call,<org.eclipse.cargotracker.interfaces.tracking.web.CargoTrackingViewAdapter$1: void <clinit>()> :: $r12 = staticinvoke <org.eclipse.cargotracker.domain.model.cargo.TransportStatus: org.eclipse.cargotracker.domain.model.cargo.TransportStatus[] values()>()
org.eclipse.cargotracker.interfaces.tracking.web.CargoTrackingViewAdapter$HandlingEventViewAdapter,org.eclipse.cargotracker.domain.model.handling.HandlingEvent,type,1,field_type_reference,org.eclipse.cargotracker.interfaces.tracking.web.CargoTrackingViewAdapter$HandlingEventViewAdapter.handlingEvent
org.eclipse.cargotracker.interfaces.tracking.web.CargoTrackingViewAdapter$HandlingEventViewAdapter,org.eclipse.cargotracker.interfaces.tracking.web.CargoTrackingViewAdapter,type,1,field_type_reference,org.eclipse.cargotracker.interfaces.tracking.web.CargoTrackingViewAdapter$HandlingEventViewAdapter.this$0
org.eclipse.cargotracker.interfaces.tracking.web.CargoTrackingViewAdapter$HandlingEventViewAdapter,org.eclipse.cargotracker.interfaces.tracking.web.CargoTrackingViewAdapter,type,1,method_parameter_type_reference,"<org.eclipse.cargotracker.interfaces.tracking.web.CargoTrackingViewAdapter$HandlingEventViewAdapter: void <init>(org.eclipse.cargotracker.interfaces.tracking.web.CargoTrackingViewAdapter,org.eclipse.cargotracker.domain.model.handling.HandlingEvent)>"
org.eclipse.cargotracker.interfaces.tracking.web.CargoTrackingViewAdapter$HandlingEventViewAdapter,org.eclipse.cargotracker.domain.model.handling.HandlingEvent,type,1,method_parameter_type_reference,"<org.eclipse.cargotracker.interfaces.tracking.web.CargoTrackingViewAdapter$HandlingEventViewAdapter: void <init>(org.eclipse.cargotracker.interfaces.tracking.web.CargoTrackingViewAdapter,org.eclipse.cargotracker.domain.model.handling.HandlingEvent)>"
org.eclipse.cargotracker.interfaces.tracking.web.CargoTrackingViewAdapter$HandlingEventViewAdapter,org.eclipse.cargotracker.domain.model.handling.HandlingEvent,call,2,method_call,<org.eclipse.cargotracker.interfaces.tracking.web.CargoTrackingViewAdapter$HandlingEventViewAdapter: java.lang.String getTime()> :: $r2 = virtualinvoke $r1.<org.eclipse.cargotracker.domain.model.handling.HandlingEvent: java.time.LocalDateTime getCompletionTime()>()
org.eclipse.cargotracker.interfaces.tracking.web.CargoTrackingViewAdapter$HandlingEventViewAdapter,org.eclipse.cargotracker.application.util.DateConverter,call,2,method_call,<org.eclipse.cargotracker.interfaces.tracking.web.CargoTrackingViewAdapter$HandlingEventViewAdapter: java.lang.String getTime()> :: $r3 = staticinvoke <org.eclipse.cargotracker.application.util.DateConverter: java.lang.String toString(java.time.LocalDateTime)>($r2)
org.eclipse.cargotracker.interfaces.tracking.web.CargoTrackingViewAdapter$HandlingEventViewAdapter,org.eclipse.cargotracker.domain.model.cargo.Cargo,call,2,method_call,<org.eclipse.cargotracker.interfaces.tracking.web.CargoTrackingViewAdapter$HandlingEventViewAdapter: boolean isExpected()> :: $r4 = virtualinvoke $r2.<org.eclipse.cargotracker.domain.model.cargo.Cargo: org.eclipse.cargotracker.domain.model.cargo.Itinerary getItinerary()>()
org.eclipse.cargotracker.interfaces.tracking.web.CargoTrackingViewAdapter$HandlingEventViewAdapter,org.eclipse.cargotracker.domain.model.cargo.Itinerary,call,2,method_call,<org.eclipse.cargotracker.interfaces.tracking.web.CargoTrackingViewAdapter$HandlingEventViewAdapter: boolean isExpected()> :: $z0 = virtualinvoke $r4.<org.eclipse.cargotracker.domain.model.cargo.Itinerary: boolean isExpected(org.eclipse.cargotracker.domain.model.handling.HandlingEvent)>($r3)
org.eclipse.cargotracker.interfaces.tracking.web.CargoTrackingViewAdapter$HandlingEventViewAdapter,org.eclipse.cargotracker.domain.model.handling.HandlingEvent,call,2,method_call,<org.eclipse.cargotracker.interfaces.tracking.web.CargoTrackingViewAdapter$HandlingEventViewAdapter: java.lang.String getDescription()> :: $r3 = virtualinvoke $r1.<org.eclipse.cargotracker.domain.model.handling.HandlingEvent: org.eclipse.cargotracker.domain.model.handling.HandlingEvent$Type getType()>()
org.eclipse.cargotracker.interfaces.tracking.web.CargoTrackingViewAdapter$HandlingEventViewAdapter,org.eclipse.cargotracker.domain.model.handling.HandlingEvent,call,2,method_call,<org.eclipse.cargotracker.interfaces.tracking.web.CargoTrackingViewAdapter$HandlingEventViewAdapter: java.lang.String getDescription()> :: $r25 = virtualinvoke $r24.<org.eclipse.cargotracker.domain.model.handling.HandlingEvent: org.eclipse.cargotracker.domain.model.voyage.Voyage getVoyage()>()
org.eclipse.cargotracker.interfaces.tracking.web.CargoTrackingViewAdapter$HandlingEventViewAdapter,org.eclipse.cargotracker.domain.model.voyage.Voyage,call,2,method_call,<org.eclipse.cargotracker.interfaces.tracking.web.CargoTrackingViewAdapter$HandlingEventViewAdapter: java.lang.String getDescription()> :: $r26 = virtualinvoke $r25.<org.eclipse.cargotracker.domain.model.voyage.Voyage: org.eclipse.cargotracker.domain.model.voyage.VoyageNumber getVoyageNumber()>()
org.eclipse.cargotracker.interfaces.tracking.web.CargoTrackingViewAdapter$HandlingEventViewAdapter,org.eclipse.cargotracker.domain.model.voyage.VoyageNumber,call,2,method_call,<org.eclipse.cargotracker.interfaces.tracking.web.CargoTrackingViewAdapter$HandlingEventViewAdapter: java.lang.String getDescription()> :: $r30 = virtualinvoke $r26.<org.eclipse.cargotracker.domain.model.voyage.VoyageNumber: java.lang.String getIdString()>()
org.eclipse.cargotracker.interfaces.tracking.web.CargoTrackingViewAdapter$HandlingEventViewAdapter,org.eclipse.cargotracker.domain.model.handling.HandlingEvent,call,2,method_call,<org.eclipse.cargotracker.interfaces.tracking.web.CargoTrackingViewAdapter$HandlingEventViewAdapter: java.lang.String getDescription()> :: $r28 = virtualinvoke $r27.<org.eclipse.cargotracker.domain.model.handling.HandlingEvent: org.eclipse.cargotracker.domain.model.location.Location getLocation()>()
org.eclipse.cargotracker.interfaces.tracking.web.CargoTrackingViewAdapter$HandlingEventViewAdapter,org.eclipse.cargotracker.domain.model.location.Location,call,2,method_call,<org.eclipse.cargotracker.interfaces.tracking.web.CargoTrackingViewAdapter$HandlingEventViewAdapter: java.lang.String getDescription()> :: $r29 = virtualinvoke $r28.<org.eclipse.cargotracker.domain.model.location.Location: java.lang.String getName()>()
org.eclipse.cargotracker.interfaces.tracking.web.CargoTrackingViewAdapter$HandlingEventViewAdapter,org.eclipse.cargotracker.domain.model.handling.HandlingEvent,call,2,method_call,<org.eclipse.cargotracker.interfaces.tracking.web.CargoTrackingViewAdapter$HandlingEventViewAdapter: java.lang.String getDescription()> :: $r17 = virtualinvoke $r16.<org.eclipse.cargotracker.domain.model.handling.HandlingEvent: org.eclipse.cargotracker.domain.model.voyage.Voyage getVoyage()>()
org.eclipse.cargotracker.interfaces.tracking.web.CargoTrackingViewAdapter$HandlingEventViewAdapter,org.eclipse.cargotracker.domain.model.voyage.Voyage,call,2,method_call,<org.eclipse.cargotracker.interfaces.tracking.web.CargoTrackingViewAdapter$HandlingEventViewAdapter: java.lang.String getDescription()> :: $r18 = virtualinvoke $r17.<org.eclipse.cargotracker.domain.model.voyage.Voyage: org.eclipse.cargotracker.domain.model.voyage.VoyageNumber getVoyageNumber()>()
org.eclipse.cargotracker.interfaces.tracking.web.CargoTrackingViewAdapter$HandlingEventViewAdapter,org.eclipse.cargotracker.domain.model.voyage.VoyageNumber,call,2,method_call,<org.eclipse.cargotracker.interfaces.tracking.web.CargoTrackingViewAdapter$HandlingEventViewAdapter: java.lang.String getDescription()> :: $r22 = virtualinvoke $r18.<org.eclipse.cargotracker.domain.model.voyage.VoyageNumber: java.lang.String getIdString()>()
org.eclipse.cargotracker.interfaces.tracking.web.CargoTrackingViewAdapter$HandlingEventViewAdapter,org.eclipse.cargotracker.domain.model.handling.HandlingEvent,call,2,method_call,<org.eclipse.cargotracker.interfaces.tracking.web.CargoTrackingViewAdapter$HandlingEventViewAdapter: java.lang.String getDescription()> :: $r20 = virtualinvoke $r19.<org.eclipse.cargotracker.domain.model.handling.HandlingEvent: org.eclipse.cargotracker.domain.model.location.Location getLocation()>()
org.eclipse.cargotracker.interfaces.tracking.web.CargoTrackingViewAdapter$HandlingEventViewAdapter,org.eclipse.cargotracker.domain.model.location.Location,call,2,method_call,<org.eclipse.cargotracker.interfaces.tracking.web.CargoTrackingViewAdapter$HandlingEventViewAdapter: java.lang.String getDescription()> :: $r21 = virtualinvoke $r20.<org.eclipse.cargotracker.domain.model.location.Location: java.lang.String getName()>()
org.eclipse.cargotracker.interfaces.tracking.web.CargoTrackingViewAdapter$HandlingEventViewAdapter,org.eclipse.cargotracker.domain.model.handling.HandlingEvent,call,2,method_call,<org.eclipse.cargotracker.interfaces.tracking.web.CargoTrackingViewAdapter$HandlingEventViewAdapter: java.lang.String getDescription()> :: $r13 = virtualinvoke $r12.<org.eclipse.cargotracker.domain.model.handling.HandlingEvent: org.eclipse.cargotracker.domain.model.location.Location getLocation()>()
org.eclipse.cargotracker.interfaces.tracking.web.CargoTrackingViewAdapter$HandlingEventViewAdapter,org.eclipse.cargotracker.domain.model.location.Location,call,2,method_call,<org.eclipse.cargotracker.interfaces.tracking.web.CargoTrackingViewAdapter$HandlingEventViewAdapter: java.lang.String getDescription()> :: $r14 = virtualinvoke $r13.<org.eclipse.cargotracker.domain.model.location.Location: java.lang.String getName()>()
org.eclipse.cargotracker.interfaces.tracking.web.CargoTrackingViewAdapter$HandlingEventViewAdapter,org.eclipse.cargotracker.domain.model.handling.HandlingEvent,call,2,method_call,<org.eclipse.cargotracker.interfaces.tracking.web.CargoTrackingViewAdapter$HandlingEventViewAdapter: java.lang.String getDescription()> :: $r9 = virtualinvoke $r8.<org.eclipse.cargotracker.domain.model.handling.HandlingEvent: org.eclipse.cargotracker.domain.model.location.Location getLocation()>()
org.eclipse.cargotracker.interfaces.tracking.web.CargoTrackingViewAdapter$HandlingEventViewAdapter,org.eclipse.cargotracker.domain.model.location.Location,call,2,method_call,<org.eclipse.cargotracker.interfaces.tracking.web.CargoTrackingViewAdapter$HandlingEventViewAdapter: java.lang.String getDescription()> :: $r10 = virtualinvoke $r9.<org.eclipse.cargotracker.domain.model.location.Location: java.lang.String getName()>()
org.eclipse.cargotracker.interfaces.tracking.web.CargoTrackingViewAdapter$HandlingEventViewAdapter,org.eclipse.cargotracker.domain.model.handling.HandlingEvent,call,2,method_call,<org.eclipse.cargotracker.interfaces.tracking.web.CargoTrackingViewAdapter$HandlingEventViewAdapter: java.lang.String getDescription()> :: $r5 = virtualinvoke $r4.<org.eclipse.cargotracker.domain.model.handling.HandlingEvent: org.eclipse.cargotracker.domain.model.location.Location getLocation()>()
org.eclipse.cargotracker.interfaces.tracking.web.CargoTrackingViewAdapter$HandlingEventViewAdapter,org.eclipse.cargotracker.domain.model.location.Location,call,2,method_call,<org.eclipse.cargotracker.interfaces.tracking.web.CargoTrackingViewAdapter$HandlingEventViewAdapter: java.lang.String getDescription()> :: $r6 = virtualinvoke $r5.<org.eclipse.cargotracker.domain.model.location.Location: java.lang.String getName()>()
org.eclipse.cargotracker.interfaces.tracking.web.Track,org.eclipse.cargotracker.domain.model.cargo.CargoRepository,type,1,field_type_reference,org.eclipse.cargotracker.interfaces.tracking.web.Track.cargoRepository
org.eclipse.cargotracker.interfaces.tracking.web.Track,org.eclipse.cargotracker.domain.model.handling.HandlingEventRepository,type,1,field_type_reference,org.eclipse.cargotracker.interfaces.tracking.web.Track.handlingEventRepository
org.eclipse.cargotracker.interfaces.tracking.web.Track,org.eclipse.cargotracker.interfaces.tracking.web.CargoTrackingViewAdapter,type,1,field_type_reference,org.eclipse.cargotracker.interfaces.tracking.web.Track.cargo
org.eclipse.cargotracker.interfaces.tracking.web.Track,org.eclipse.cargotracker.interfaces.tracking.web.CargoTrackingViewAdapter,type,1,method_return_type_reference,<org.eclipse.cargotracker.interfaces.tracking.web.Track: org.eclipse.cargotracker.interfaces.tracking.web.CargoTrackingViewAdapter getCargo()>
org.eclipse.cargotracker.interfaces.tracking.web.Track,org.eclipse.cargotracker.domain.model.cargo.TrackingId,call,2,method_call,<org.eclipse.cargotracker.interfaces.tracking.web.Track: void onTrackById()> :: specialinvoke $r1.<org.eclipse.cargotracker.domain.model.cargo.TrackingId: void <init>(java.lang.String)>($r2)
org.eclipse.cargotracker.interfaces.tracking.web.Track,org.eclipse.cargotracker.domain.model.cargo.CargoRepository,call,2,method_call,<org.eclipse.cargotracker.interfaces.tracking.web.Track: void onTrackById()> :: r4 = interfaceinvoke $r3.<org.eclipse.cargotracker.domain.model.cargo.CargoRepository: org.eclipse.cargotracker.domain.model.cargo.Cargo find(org.eclipse.cargotracker.domain.model.cargo.TrackingId)>($r1)
org.eclipse.cargotracker.interfaces.tracking.web.Track,org.eclipse.cargotracker.domain.model.cargo.TrackingId,call,2,method_call,<org.eclipse.cargotracker.interfaces.tracking.web.Track: void onTrackById()> :: specialinvoke $r5.<org.eclipse.cargotracker.domain.model.cargo.TrackingId: void <init>(java.lang.String)>($r6)
org.eclipse.cargotracker.interfaces.tracking.web.Track,org.eclipse.cargotracker.domain.model.handling.HandlingEventRepository,call,2,method_call,<org.eclipse.cargotracker.interfaces.tracking.web.Track: void onTrackById()> :: $r8 = interfaceinvoke $r7.<org.eclipse.cargotracker.domain.model.handling.HandlingEventRepository: org.eclipse.cargotracker.domain.model.handling.HandlingHistory lookupHandlingHistoryOfCargo(org.eclipse.cargotracker.domain.model.cargo.TrackingId)>($r5)
org.eclipse.cargotracker.interfaces.tracking.web.Track,org.eclipse.cargotracker.domain.model.handling.HandlingHistory,call,2,method_call,<org.eclipse.cargotracker.interfaces.tracking.web.Track: void onTrackById()> :: r9 = virtualinvoke $r8.<org.eclipse.cargotracker.domain.model.handling.HandlingHistory: java.util.List getDistinctEventsByCompletionTime()>()
org.eclipse.cargotracker.interfaces.tracking.web.Track,org.eclipse.cargotracker.interfaces.tracking.web.CargoTrackingViewAdapter,call,2,method_call,"<org.eclipse.cargotracker.interfaces.tracking.web.Track: void onTrackById()> :: specialinvoke $r10.<org.eclipse.cargotracker.interfaces.tracking.web.CargoTrackingViewAdapter: void <init>(org.eclipse.cargotracker.domain.model.cargo.Cargo,java.util.List)>(r4, r9)"
org.eclipse.pathfinder.api.GraphTraversalService,org.eclipse.pathfinder.internal.GraphDao,type,1,field_type_reference,org.eclipse.pathfinder.api.GraphTraversalService.dao
org.eclipse.pathfinder.api.GraphTraversalService,org.eclipse.pathfinder.internal.GraphDao,call,2,method_call,"<org.eclipse.pathfinder.api.GraphTraversalService: java.util.List findShortestPath(java.lang.String,java.lang.String,java.lang.String)> :: r14 = virtualinvoke $r1.<org.eclipse.pathfinder.internal.GraphDao: java.util.List listLocations()>()"
org.eclipse.pathfinder.api.GraphTraversalService,org.eclipse.pathfinder.internal.GraphDao,call,2,method_call,"<org.eclipse.pathfinder.api.GraphTraversalService: java.util.List findShortestPath(java.lang.String,java.lang.String,java.lang.String)> :: $r12 = virtualinvoke $r11.<org.eclipse.pathfinder.internal.GraphDao: java.lang.String getVoyageNumber(java.lang.String,java.lang.String)>(r15, $r17)"
org.eclipse.pathfinder.api.GraphTraversalService,org.eclipse.pathfinder.api.TransitEdge,call,2,method_call,"<org.eclipse.pathfinder.api.GraphTraversalService: java.util.List findShortestPath(java.lang.String,java.lang.String,java.lang.String)> :: specialinvoke $r10.<org.eclipse.pathfinder.api.TransitEdge: void <init>(java.lang.String,java.lang.String,java.lang.String,java.time.LocalDateTime,java.time.LocalDateTime)>($r12, r15, $r17, r7, r8)"
org.eclipse.pathfinder.api.GraphTraversalService,org.eclipse.pathfinder.api.TransitPath,call,2,method_call,"<org.eclipse.pathfinder.api.GraphTraversalService: java.util.List findShortestPath(java.lang.String,java.lang.String,java.lang.String)> :: specialinvoke $r6.<org.eclipse.pathfinder.api.TransitPath: void <init>(java.util.List)>($r5)"
