subject,seed,solution_id,class_id,class_name,cluster_id
daytrader,15,seed15_solution000,com.ibm.websphere.samples.daytrader.TradeAction,com.ibm.websphere.samples.daytrader.TradeAction,0
daytrader,15,seed15_solution000,com.ibm.websphere.samples.daytrader.TradeServices,com.ibm.websphere.samples.daytrader.TradeServices,0
daytrader,15,seed15_solution000,com.ibm.websphere.samples.daytrader.beans.MarketSummaryDataBean,com.ibm.websphere.samples.daytrader.beans.MarketSummaryDataBean,0
daytrader,15,seed15_solution000,com.ibm.websphere.samples.daytrader.beans.RunStatsDataBean,com.ibm.websphere.samples.daytrader.beans.RunStatsDataBean,0
daytrader,15,seed15_solution000,com.ibm.websphere.samples.daytrader.direct.KeySequenceDirect,com.ibm.websphere.samples.daytrader.direct.KeySequenceDirect,1
daytrader,15,seed15_solution000,com.ibm.websphere.samples.daytrader.direct.TradeDirect,com.ibm.websphere.samples.daytrader.direct.TradeDirect,0
daytrader,15,seed15_solution000,com.ibm.websphere.samples.daytrader.ejb3.DTBroker3MDB,com.ibm.websphere.samples.daytrader.ejb3.DTBroker3MDB,0
daytrader,15,seed15_solution000,com.ibm.websphere.samples.daytrader.ejb3.DTStreamer3MDB,com.ibm.websphere.samples.daytrader.ejb3.DTStreamer3MDB,0
daytrader,15,seed15_solution000,com.ibm.websphere.samples.daytrader.ejb3.MarketSummarySingleton,com.ibm.websphere.samples.daytrader.ejb3.MarketSummarySingleton,2
daytrader,15,seed15_solution000,com.ibm.websphere.samples.daytrader.ejb3.TradeSLSBBean,com.ibm.websphere.samples.daytrader.ejb3.TradeSLSBBean,0
daytrader,15,seed15_solution000,com.ibm.websphere.samples.daytrader.ejb3.TradeSLSBBean$quotePriceComparator,com.ibm.websphere.samples.daytrader.ejb3.TradeSLSBBean$quotePriceComparator,2
daytrader,15,seed15_solution000,com.ibm.websphere.samples.daytrader.ejb3.TradeSLSBLocal,com.ibm.websphere.samples.daytrader.ejb3.TradeSLSBLocal,3
daytrader,15,seed15_solution000,com.ibm.websphere.samples.daytrader.ejb3.TradeSLSBRemote,com.ibm.websphere.samples.daytrader.ejb3.TradeSLSBRemote,4
daytrader,15,seed15_solution000,com.ibm.websphere.samples.daytrader.entities.AccountDataBean,com.ibm.websphere.samples.daytrader.entities.AccountDataBean,0
daytrader,15,seed15_solution000,com.ibm.websphere.samples.daytrader.entities.AccountProfileDataBean,com.ibm.websphere.samples.daytrader.entities.AccountProfileDataBean,0
daytrader,15,seed15_solution000,com.ibm.websphere.samples.daytrader.entities.HoldingDataBean,com.ibm.websphere.samples.daytrader.entities.HoldingDataBean,0
daytrader,15,seed15_solution000,com.ibm.websphere.samples.daytrader.entities.OrderDataBean,com.ibm.websphere.samples.daytrader.entities.OrderDataBean,0
daytrader,15,seed15_solution000,com.ibm.websphere.samples.daytrader.entities.QuoteDataBean,com.ibm.websphere.samples.daytrader.entities.QuoteDataBean,0
daytrader,15,seed15_solution000,com.ibm.websphere.samples.daytrader.util.CompleteOrderThread,com.ibm.websphere.samples.daytrader.util.CompleteOrderThread,5
daytrader,15,seed15_solution000,com.ibm.websphere.samples.daytrader.util.FinancialUtils,com.ibm.websphere.samples.daytrader.util.FinancialUtils,6
daytrader,15,seed15_solution000,com.ibm.websphere.samples.daytrader.util.KeyBlock,com.ibm.websphere.samples.daytrader.util.KeyBlock,1
daytrader,15,seed15_solution000,com.ibm.websphere.samples.daytrader.util.KeyBlock$KeyBlockIterator,com.ibm.websphere.samples.daytrader.util.KeyBlock$KeyBlockIterator,1
daytrader,15,seed15_solution000,com.ibm.websphere.samples.daytrader.util.Log,com.ibm.websphere.samples.daytrader.util.Log,0
daytrader,15,seed15_solution000,com.ibm.websphere.samples.daytrader.util.MDBStats,com.ibm.websphere.samples.daytrader.util.MDBStats,7
daytrader,15,seed15_solution000,com.ibm.websphere.samples.daytrader.util.TimerStat,com.ibm.websphere.samples.daytrader.util.TimerStat,7
daytrader,15,seed15_solution000,com.ibm.websphere.samples.daytrader.util.TradeConfig,com.ibm.websphere.samples.daytrader.util.TradeConfig,0
daytrader,15,seed15_solution000,com.ibm.websphere.samples.daytrader.util.WebSocketJMSMessage,com.ibm.websphere.samples.daytrader.util.WebSocketJMSMessage,8
daytrader,15,seed15_solution000,com.ibm.websphere.samples.daytrader.web.OrdersAlertFilter,com.ibm.websphere.samples.daytrader.web.OrdersAlertFilter,9
daytrader,15,seed15_solution000,com.ibm.websphere.samples.daytrader.web.TradeAppServlet,com.ibm.websphere.samples.daytrader.web.TradeAppServlet,0
daytrader,15,seed15_solution000,com.ibm.websphere.samples.daytrader.web.TradeServletAction,com.ibm.websphere.samples.daytrader.web.TradeServletAction,0
daytrader,15,seed15_solution000,com.ibm.websphere.samples.daytrader.web.TradeWebContextListener,com.ibm.websphere.samples.daytrader.web.TradeWebContextListener,0
daytrader,15,seed15_solution000,com.ibm.websphere.samples.daytrader.web.jsf.AccountDataJSF,com.ibm.websphere.samples.daytrader.web.jsf.AccountDataJSF,0
daytrader,15,seed15_solution000,com.ibm.websphere.samples.daytrader.web.jsf.ExternalContextProducer,com.ibm.websphere.samples.daytrader.web.jsf.ExternalContextProducer,10
daytrader,15,seed15_solution000,com.ibm.websphere.samples.daytrader.web.jsf.HoldingData,com.ibm.websphere.samples.daytrader.web.jsf.HoldingData,6
daytrader,15,seed15_solution000,com.ibm.websphere.samples.daytrader.web.jsf.JSFLoginFilter,com.ibm.websphere.samples.daytrader.web.jsf.JSFLoginFilter,11
daytrader,15,seed15_solution000,com.ibm.websphere.samples.daytrader.web.jsf.LoginValidator,com.ibm.websphere.samples.daytrader.web.jsf.LoginValidator,12
daytrader,15,seed15_solution000,com.ibm.websphere.samples.daytrader.web.jsf.MarketSummaryJSF,com.ibm.websphere.samples.daytrader.web.jsf.MarketSummaryJSF,6
daytrader,15,seed15_solution000,com.ibm.websphere.samples.daytrader.web.jsf.OrderData,com.ibm.websphere.samples.daytrader.web.jsf.OrderData,6
daytrader,15,seed15_solution000,com.ibm.websphere.samples.daytrader.web.jsf.OrderDataJSF,com.ibm.websphere.samples.daytrader.web.jsf.OrderDataJSF,6
daytrader,15,seed15_solution000,com.ibm.websphere.samples.daytrader.web.jsf.PortfolioJSF,com.ibm.websphere.samples.daytrader.web.jsf.PortfolioJSF,6
daytrader,15,seed15_solution000,com.ibm.websphere.samples.daytrader.web.jsf.QuoteData,com.ibm.websphere.samples.daytrader.web.jsf.QuoteData,6
daytrader,15,seed15_solution000,com.ibm.websphere.samples.daytrader.web.jsf.QuoteJSF,com.ibm.websphere.samples.daytrader.web.jsf.QuoteJSF,6
daytrader,15,seed15_solution000,com.ibm.websphere.samples.daytrader.web.jsf.TradeActionProducer,com.ibm.websphere.samples.daytrader.web.jsf.TradeActionProducer,13
daytrader,15,seed15_solution000,com.ibm.websphere.samples.daytrader.web.jsf.TradeAppJSF,com.ibm.websphere.samples.daytrader.web.jsf.TradeAppJSF,10
daytrader,15,seed15_solution000,com.ibm.websphere.samples.daytrader.web.jsf.TradeConfigJSF,com.ibm.websphere.samples.daytrader.web.jsf.TradeConfigJSF,0
daytrader,15,seed15_solution000,com.ibm.websphere.samples.daytrader.web.websocket.ActionDecoder,com.ibm.websphere.samples.daytrader.web.websocket.ActionDecoder,14
daytrader,15,seed15_solution000,com.ibm.websphere.samples.daytrader.web.websocket.ActionMessage,com.ibm.websphere.samples.daytrader.web.websocket.ActionMessage,14
daytrader,15,seed15_solution000,com.ibm.websphere.samples.daytrader.web.websocket.ActionMessage$1,com.ibm.websphere.samples.daytrader.web.websocket.ActionMessage$1,15
daytrader,15,seed15_solution000,com.ibm.websphere.samples.daytrader.web.websocket.JsonDecoder,com.ibm.websphere.samples.daytrader.web.websocket.JsonDecoder,16
daytrader,15,seed15_solution000,com.ibm.websphere.samples.daytrader.web.websocket.JsonEncoder,com.ibm.websphere.samples.daytrader.web.websocket.JsonEncoder,16
daytrader,15,seed15_solution000,com.ibm.websphere.samples.daytrader.web.websocket.JsonMessage,com.ibm.websphere.samples.daytrader.web.websocket.JsonMessage,16
daytrader,15,seed15_solution000,com.ibm.websphere.samples.daytrader.web.websocket.MarketSummaryWebSocket,com.ibm.websphere.samples.daytrader.web.websocket.MarketSummaryWebSocket,0
daytrader,15,seed15_solution000,com.ibm.websphere.samples.daytrader.web.websocket.RecentStockChangeList,com.ibm.websphere.samples.daytrader.web.websocket.RecentStockChangeList,17
daytrader,15,seed15_solution001,com.ibm.websphere.samples.daytrader.TradeAction,com.ibm.websphere.samples.daytrader.TradeAction,0
daytrader,15,seed15_solution001,com.ibm.websphere.samples.daytrader.TradeServices,com.ibm.websphere.samples.daytrader.TradeServices,0
daytrader,15,seed15_solution001,com.ibm.websphere.samples.daytrader.beans.MarketSummaryDataBean,com.ibm.websphere.samples.daytrader.beans.MarketSummaryDataBean,0
daytrader,15,seed15_solution001,com.ibm.websphere.samples.daytrader.beans.RunStatsDataBean,com.ibm.websphere.samples.daytrader.beans.RunStatsDataBean,0
daytrader,15,seed15_solution001,com.ibm.websphere.samples.daytrader.direct.KeySequenceDirect,com.ibm.websphere.samples.daytrader.direct.KeySequenceDirect,1
daytrader,15,seed15_solution001,com.ibm.websphere.samples.daytrader.direct.TradeDirect,com.ibm.websphere.samples.daytrader.direct.TradeDirect,0
daytrader,15,seed15_solution001,com.ibm.websphere.samples.daytrader.ejb3.DTBroker3MDB,com.ibm.websphere.samples.daytrader.ejb3.DTBroker3MDB,0
daytrader,15,seed15_solution001,com.ibm.websphere.samples.daytrader.ejb3.DTStreamer3MDB,com.ibm.websphere.samples.daytrader.ejb3.DTStreamer3MDB,0
daytrader,15,seed15_solution001,com.ibm.websphere.samples.daytrader.ejb3.MarketSummarySingleton,com.ibm.websphere.samples.daytrader.ejb3.MarketSummarySingleton,2
daytrader,15,seed15_solution001,com.ibm.websphere.samples.daytrader.ejb3.TradeSLSBBean,com.ibm.websphere.samples.daytrader.ejb3.TradeSLSBBean,0
daytrader,15,seed15_solution001,com.ibm.websphere.samples.daytrader.ejb3.TradeSLSBBean$quotePriceComparator,com.ibm.websphere.samples.daytrader.ejb3.TradeSLSBBean$quotePriceComparator,3
daytrader,15,seed15_solution001,com.ibm.websphere.samples.daytrader.ejb3.TradeSLSBLocal,com.ibm.websphere.samples.daytrader.ejb3.TradeSLSBLocal,4
daytrader,15,seed15_solution001,com.ibm.websphere.samples.daytrader.ejb3.TradeSLSBRemote,com.ibm.websphere.samples.daytrader.ejb3.TradeSLSBRemote,5
daytrader,15,seed15_solution001,com.ibm.websphere.samples.daytrader.entities.AccountDataBean,com.ibm.websphere.samples.daytrader.entities.AccountDataBean,0
daytrader,15,seed15_solution001,com.ibm.websphere.samples.daytrader.entities.AccountProfileDataBean,com.ibm.websphere.samples.daytrader.entities.AccountProfileDataBean,0
daytrader,15,seed15_solution001,com.ibm.websphere.samples.daytrader.entities.HoldingDataBean,com.ibm.websphere.samples.daytrader.entities.HoldingDataBean,0
daytrader,15,seed15_solution001,com.ibm.websphere.samples.daytrader.entities.OrderDataBean,com.ibm.websphere.samples.daytrader.entities.OrderDataBean,0
daytrader,15,seed15_solution001,com.ibm.websphere.samples.daytrader.entities.QuoteDataBean,com.ibm.websphere.samples.daytrader.entities.QuoteDataBean,0
daytrader,15,seed15_solution001,com.ibm.websphere.samples.daytrader.util.CompleteOrderThread,com.ibm.websphere.samples.daytrader.util.CompleteOrderThread,6
daytrader,15,seed15_solution001,com.ibm.websphere.samples.daytrader.util.FinancialUtils,com.ibm.websphere.samples.daytrader.util.FinancialUtils,7
daytrader,15,seed15_solution001,com.ibm.websphere.samples.daytrader.util.KeyBlock,com.ibm.websphere.samples.daytrader.util.KeyBlock,1
daytrader,15,seed15_solution001,com.ibm.websphere.samples.daytrader.util.KeyBlock$KeyBlockIterator,com.ibm.websphere.samples.daytrader.util.KeyBlock$KeyBlockIterator,1
daytrader,15,seed15_solution001,com.ibm.websphere.samples.daytrader.util.Log,com.ibm.websphere.samples.daytrader.util.Log,0
daytrader,15,seed15_solution001,com.ibm.websphere.samples.daytrader.util.MDBStats,com.ibm.websphere.samples.daytrader.util.MDBStats,8
daytrader,15,seed15_solution001,com.ibm.websphere.samples.daytrader.util.TimerStat,com.ibm.websphere.samples.daytrader.util.TimerStat,8
daytrader,15,seed15_solution001,com.ibm.websphere.samples.daytrader.util.TradeConfig,com.ibm.websphere.samples.daytrader.util.TradeConfig,0
daytrader,15,seed15_solution001,com.ibm.websphere.samples.daytrader.util.WebSocketJMSMessage,com.ibm.websphere.samples.daytrader.util.WebSocketJMSMessage,4
daytrader,15,seed15_solution001,com.ibm.websphere.samples.daytrader.web.OrdersAlertFilter,com.ibm.websphere.samples.daytrader.web.OrdersAlertFilter,9
daytrader,15,seed15_solution001,com.ibm.websphere.samples.daytrader.web.TradeAppServlet,com.ibm.websphere.samples.daytrader.web.TradeAppServlet,0
daytrader,15,seed15_solution001,com.ibm.websphere.samples.daytrader.web.TradeServletAction,com.ibm.websphere.samples.daytrader.web.TradeServletAction,0
daytrader,15,seed15_solution001,com.ibm.websphere.samples.daytrader.web.TradeWebContextListener,com.ibm.websphere.samples.daytrader.web.TradeWebContextListener,0
daytrader,15,seed15_solution001,com.ibm.websphere.samples.daytrader.web.jsf.AccountDataJSF,com.ibm.websphere.samples.daytrader.web.jsf.AccountDataJSF,0
daytrader,15,seed15_solution001,com.ibm.websphere.samples.daytrader.web.jsf.ExternalContextProducer,com.ibm.websphere.samples.daytrader.web.jsf.ExternalContextProducer,10
daytrader,15,seed15_solution001,com.ibm.websphere.samples.daytrader.web.jsf.HoldingData,com.ibm.websphere.samples.daytrader.web.jsf.HoldingData,7
daytrader,15,seed15_solution001,com.ibm.websphere.samples.daytrader.web.jsf.JSFLoginFilter,com.ibm.websphere.samples.daytrader.web.jsf.JSFLoginFilter,11
daytrader,15,seed15_solution001,com.ibm.websphere.samples.daytrader.web.jsf.LoginValidator,com.ibm.websphere.samples.daytrader.web.jsf.LoginValidator,10
daytrader,15,seed15_solution001,com.ibm.websphere.samples.daytrader.web.jsf.MarketSummaryJSF,com.ibm.websphere.samples.daytrader.web.jsf.MarketSummaryJSF,7
daytrader,15,seed15_solution001,com.ibm.websphere.samples.daytrader.web.jsf.OrderData,com.ibm.websphere.samples.daytrader.web.jsf.OrderData,12
daytrader,15,seed15_solution001,com.ibm.websphere.samples.daytrader.web.jsf.OrderDataJSF,com.ibm.websphere.samples.daytrader.web.jsf.OrderDataJSF,12
daytrader,15,seed15_solution001,com.ibm.websphere.samples.daytrader.web.jsf.PortfolioJSF,com.ibm.websphere.samples.daytrader.web.jsf.PortfolioJSF,7
daytrader,15,seed15_solution001,com.ibm.websphere.samples.daytrader.web.jsf.QuoteData,com.ibm.websphere.samples.daytrader.web.jsf.QuoteData,7
daytrader,15,seed15_solution001,com.ibm.websphere.samples.daytrader.web.jsf.QuoteJSF,com.ibm.websphere.samples.daytrader.web.jsf.QuoteJSF,7
daytrader,15,seed15_solution001,com.ibm.websphere.samples.daytrader.web.jsf.TradeActionProducer,com.ibm.websphere.samples.daytrader.web.jsf.TradeActionProducer,13
daytrader,15,seed15_solution001,com.ibm.websphere.samples.daytrader.web.jsf.TradeAppJSF,com.ibm.websphere.samples.daytrader.web.jsf.TradeAppJSF,14
daytrader,15,seed15_solution001,com.ibm.websphere.samples.daytrader.web.jsf.TradeConfigJSF,com.ibm.websphere.samples.daytrader.web.jsf.TradeConfigJSF,0
daytrader,15,seed15_solution001,com.ibm.websphere.samples.daytrader.web.websocket.ActionDecoder,com.ibm.websphere.samples.daytrader.web.websocket.ActionDecoder,15
daytrader,15,seed15_solution001,com.ibm.websphere.samples.daytrader.web.websocket.ActionMessage,com.ibm.websphere.samples.daytrader.web.websocket.ActionMessage,15
daytrader,15,seed15_solution001,com.ibm.websphere.samples.daytrader.web.websocket.ActionMessage$1,com.ibm.websphere.samples.daytrader.web.websocket.ActionMessage$1,6
daytrader,15,seed15_solution001,com.ibm.websphere.samples.daytrader.web.websocket.JsonDecoder,com.ibm.websphere.samples.daytrader.web.websocket.JsonDecoder,16
daytrader,15,seed15_solution001,com.ibm.websphere.samples.daytrader.web.websocket.JsonEncoder,com.ibm.websphere.samples.daytrader.web.websocket.JsonEncoder,16
daytrader,15,seed15_solution001,com.ibm.websphere.samples.daytrader.web.websocket.JsonMessage,com.ibm.websphere.samples.daytrader.web.websocket.JsonMessage,16
daytrader,15,seed15_solution001,com.ibm.websphere.samples.daytrader.web.websocket.MarketSummaryWebSocket,com.ibm.websphere.samples.daytrader.web.websocket.MarketSummaryWebSocket,0
daytrader,15,seed15_solution001,com.ibm.websphere.samples.daytrader.web.websocket.RecentStockChangeList,com.ibm.websphere.samples.daytrader.web.websocket.RecentStockChangeList,17
daytrader,15,seed15_solution002,com.ibm.websphere.samples.daytrader.TradeAction,com.ibm.websphere.samples.daytrader.TradeAction,0
daytrader,15,seed15_solution002,com.ibm.websphere.samples.daytrader.TradeServices,com.ibm.websphere.samples.daytrader.TradeServices,0
daytrader,15,seed15_solution002,com.ibm.websphere.samples.daytrader.beans.MarketSummaryDataBean,com.ibm.websphere.samples.daytrader.beans.MarketSummaryDataBean,0
daytrader,15,seed15_solution002,com.ibm.websphere.samples.daytrader.beans.RunStatsDataBean,com.ibm.websphere.samples.daytrader.beans.RunStatsDataBean,0
daytrader,15,seed15_solution002,com.ibm.websphere.samples.daytrader.direct.KeySequenceDirect,com.ibm.websphere.samples.daytrader.direct.KeySequenceDirect,1
daytrader,15,seed15_solution002,com.ibm.websphere.samples.daytrader.direct.TradeDirect,com.ibm.websphere.samples.daytrader.direct.TradeDirect,0
daytrader,15,seed15_solution002,com.ibm.websphere.samples.daytrader.ejb3.DTBroker3MDB,com.ibm.websphere.samples.daytrader.ejb3.DTBroker3MDB,0
daytrader,15,seed15_solution002,com.ibm.websphere.samples.daytrader.ejb3.DTStreamer3MDB,com.ibm.websphere.samples.daytrader.ejb3.DTStreamer3MDB,0
daytrader,15,seed15_solution002,com.ibm.websphere.samples.daytrader.ejb3.MarketSummarySingleton,com.ibm.websphere.samples.daytrader.ejb3.MarketSummarySingleton,2
daytrader,15,seed15_solution002,com.ibm.websphere.samples.daytrader.ejb3.TradeSLSBBean,com.ibm.websphere.samples.daytrader.ejb3.TradeSLSBBean,0
daytrader,15,seed15_solution002,com.ibm.websphere.samples.daytrader.ejb3.TradeSLSBBean$quotePriceComparator,com.ibm.websphere.samples.daytrader.ejb3.TradeSLSBBean$quotePriceComparator,3
daytrader,15,seed15_solution002,com.ibm.websphere.samples.daytrader.ejb3.TradeSLSBLocal,com.ibm.websphere.samples.daytrader.ejb3.TradeSLSBLocal,4
daytrader,15,seed15_solution002,com.ibm.websphere.samples.daytrader.ejb3.TradeSLSBRemote,com.ibm.websphere.samples.daytrader.ejb3.TradeSLSBRemote,5
daytrader,15,seed15_solution002,com.ibm.websphere.samples.daytrader.entities.AccountDataBean,com.ibm.websphere.samples.daytrader.entities.AccountDataBean,0
daytrader,15,seed15_solution002,com.ibm.websphere.samples.daytrader.entities.AccountProfileDataBean,com.ibm.websphere.samples.daytrader.entities.AccountProfileDataBean,0
daytrader,15,seed15_solution002,com.ibm.websphere.samples.daytrader.entities.HoldingDataBean,com.ibm.websphere.samples.daytrader.entities.HoldingDataBean,0
daytrader,15,seed15_solution002,com.ibm.websphere.samples.daytrader.entities.OrderDataBean,com.ibm.websphere.samples.daytrader.entities.OrderDataBean,0
daytrader,15,seed15_solution002,com.ibm.websphere.samples.daytrader.entities.QuoteDataBean,com.ibm.websphere.samples.daytrader.entities.QuoteDataBean,0
daytrader,15,seed15_solution002,com.ibm.websphere.samples.daytrader.util.CompleteOrderThread,com.ibm.websphere.samples.daytrader.util.CompleteOrderThread,6
daytrader,15,seed15_solution002,com.ibm.websphere.samples.daytrader.util.FinancialUtils,com.ibm.websphere.samples.daytrader.util.FinancialUtils,7
daytrader,15,seed15_solution002,com.ibm.websphere.samples.daytrader.util.KeyBlock,com.ibm.websphere.samples.daytrader.util.KeyBlock,1
daytrader,15,seed15_solution002,com.ibm.websphere.samples.daytrader.util.KeyBlock$KeyBlockIterator,com.ibm.websphere.samples.daytrader.util.KeyBlock$KeyBlockIterator,1
daytrader,15,seed15_solution002,com.ibm.websphere.samples.daytrader.util.Log,com.ibm.websphere.samples.daytrader.util.Log,0
daytrader,15,seed15_solution002,com.ibm.websphere.samples.daytrader.util.MDBStats,com.ibm.websphere.samples.daytrader.util.MDBStats,8
daytrader,15,seed15_solution002,com.ibm.websphere.samples.daytrader.util.TimerStat,com.ibm.websphere.samples.daytrader.util.TimerStat,8
daytrader,15,seed15_solution002,com.ibm.websphere.samples.daytrader.util.TradeConfig,com.ibm.websphere.samples.daytrader.util.TradeConfig,0
daytrader,15,seed15_solution002,com.ibm.websphere.samples.daytrader.util.WebSocketJMSMessage,com.ibm.websphere.samples.daytrader.util.WebSocketJMSMessage,4
daytrader,15,seed15_solution002,com.ibm.websphere.samples.daytrader.web.OrdersAlertFilter,com.ibm.websphere.samples.daytrader.web.OrdersAlertFilter,9
daytrader,15,seed15_solution002,com.ibm.websphere.samples.daytrader.web.TradeAppServlet,com.ibm.websphere.samples.daytrader.web.TradeAppServlet,0
daytrader,15,seed15_solution002,com.ibm.websphere.samples.daytrader.web.TradeServletAction,com.ibm.websphere.samples.daytrader.web.TradeServletAction,0
daytrader,15,seed15_solution002,com.ibm.websphere.samples.daytrader.web.TradeWebContextListener,com.ibm.websphere.samples.daytrader.web.TradeWebContextListener,0
daytrader,15,seed15_solution002,com.ibm.websphere.samples.daytrader.web.jsf.AccountDataJSF,com.ibm.websphere.samples.daytrader.web.jsf.AccountDataJSF,0
daytrader,15,seed15_solution002,com.ibm.websphere.samples.daytrader.web.jsf.ExternalContextProducer,com.ibm.websphere.samples.daytrader.web.jsf.ExternalContextProducer,10
daytrader,15,seed15_solution002,com.ibm.websphere.samples.daytrader.web.jsf.HoldingData,com.ibm.websphere.samples.daytrader.web.jsf.HoldingData,7
daytrader,15,seed15_solution002,com.ibm.websphere.samples.daytrader.web.jsf.JSFLoginFilter,com.ibm.websphere.samples.daytrader.web.jsf.JSFLoginFilter,9
daytrader,15,seed15_solution002,com.ibm.websphere.samples.daytrader.web.jsf.LoginValidator,com.ibm.websphere.samples.daytrader.web.jsf.LoginValidator,11
daytrader,15,seed15_solution002,com.ibm.websphere.samples.daytrader.web.jsf.MarketSummaryJSF,com.ibm.websphere.samples.daytrader.web.jsf.MarketSummaryJSF,7
daytrader,15,seed15_solution002,com.ibm.websphere.samples.daytrader.web.jsf.OrderData,com.ibm.websphere.samples.daytrader.web.jsf.OrderData,7
daytrader,15,seed15_solution002,com.ibm.websphere.samples.daytrader.web.jsf.OrderDataJSF,com.ibm.websphere.samples.daytrader.web.jsf.OrderDataJSF,11
daytrader,15,seed15_solution002,com.ibm.websphere.samples.daytrader.web.jsf.PortfolioJSF,com.ibm.websphere.samples.daytrader.web.jsf.PortfolioJSF,7
daytrader,15,seed15_solution002,com.ibm.websphere.samples.daytrader.web.jsf.QuoteData,com.ibm.websphere.samples.daytrader.web.jsf.QuoteData,7
daytrader,15,seed15_solution002,com.ibm.websphere.samples.daytrader.web.jsf.QuoteJSF,com.ibm.websphere.samples.daytrader.web.jsf.QuoteJSF,7
daytrader,15,seed15_solution002,com.ibm.websphere.samples.daytrader.web.jsf.TradeActionProducer,com.ibm.websphere.samples.daytrader.web.jsf.TradeActionProducer,12
daytrader,15,seed15_solution002,com.ibm.websphere.samples.daytrader.web.jsf.TradeAppJSF,com.ibm.websphere.samples.daytrader.web.jsf.TradeAppJSF,10
daytrader,15,seed15_solution002,com.ibm.websphere.samples.daytrader.web.jsf.TradeConfigJSF,com.ibm.websphere.samples.daytrader.web.jsf.TradeConfigJSF,0
daytrader,15,seed15_solution002,com.ibm.websphere.samples.daytrader.web.websocket.ActionDecoder,com.ibm.websphere.samples.daytrader.web.websocket.ActionDecoder,13
daytrader,15,seed15_solution002,com.ibm.websphere.samples.daytrader.web.websocket.ActionMessage,com.ibm.websphere.samples.daytrader.web.websocket.ActionMessage,13
daytrader,15,seed15_solution002,com.ibm.websphere.samples.daytrader.web.websocket.ActionMessage$1,com.ibm.websphere.samples.daytrader.web.websocket.ActionMessage$1,14
daytrader,15,seed15_solution002,com.ibm.websphere.samples.daytrader.web.websocket.JsonDecoder,com.ibm.websphere.samples.daytrader.web.websocket.JsonDecoder,15
daytrader,15,seed15_solution002,com.ibm.websphere.samples.daytrader.web.websocket.JsonEncoder,com.ibm.websphere.samples.daytrader.web.websocket.JsonEncoder,15
daytrader,15,seed15_solution002,com.ibm.websphere.samples.daytrader.web.websocket.JsonMessage,com.ibm.websphere.samples.daytrader.web.websocket.JsonMessage,15
daytrader,15,seed15_solution002,com.ibm.websphere.samples.daytrader.web.websocket.MarketSummaryWebSocket,com.ibm.websphere.samples.daytrader.web.websocket.MarketSummaryWebSocket,0
daytrader,15,seed15_solution002,com.ibm.websphere.samples.daytrader.web.websocket.RecentStockChangeList,com.ibm.websphere.samples.daytrader.web.websocket.RecentStockChangeList,1
daytrader,15,seed15_solution003,com.ibm.websphere.samples.daytrader.TradeAction,com.ibm.websphere.samples.daytrader.TradeAction,0
daytrader,15,seed15_solution003,com.ibm.websphere.samples.daytrader.TradeServices,com.ibm.websphere.samples.daytrader.TradeServices,0
daytrader,15,seed15_solution003,com.ibm.websphere.samples.daytrader.beans.MarketSummaryDataBean,com.ibm.websphere.samples.daytrader.beans.MarketSummaryDataBean,0
daytrader,15,seed15_solution003,com.ibm.websphere.samples.daytrader.beans.RunStatsDataBean,com.ibm.websphere.samples.daytrader.beans.RunStatsDataBean,0
daytrader,15,seed15_solution003,com.ibm.websphere.samples.daytrader.direct.KeySequenceDirect,com.ibm.websphere.samples.daytrader.direct.KeySequenceDirect,1
daytrader,15,seed15_solution003,com.ibm.websphere.samples.daytrader.direct.TradeDirect,com.ibm.websphere.samples.daytrader.direct.TradeDirect,0
daytrader,15,seed15_solution003,com.ibm.websphere.samples.daytrader.ejb3.DTBroker3MDB,com.ibm.websphere.samples.daytrader.ejb3.DTBroker3MDB,0
daytrader,15,seed15_solution003,com.ibm.websphere.samples.daytrader.ejb3.DTStreamer3MDB,com.ibm.websphere.samples.daytrader.ejb3.DTStreamer3MDB,0
daytrader,15,seed15_solution003,com.ibm.websphere.samples.daytrader.ejb3.MarketSummarySingleton,com.ibm.websphere.samples.daytrader.ejb3.MarketSummarySingleton,2
daytrader,15,seed15_solution003,com.ibm.websphere.samples.daytrader.ejb3.TradeSLSBBean,com.ibm.websphere.samples.daytrader.ejb3.TradeSLSBBean,0
daytrader,15,seed15_solution003,com.ibm.websphere.samples.daytrader.ejb3.TradeSLSBBean$quotePriceComparator,com.ibm.websphere.samples.daytrader.ejb3.TradeSLSBBean$quotePriceComparator,2
daytrader,15,seed15_solution003,com.ibm.websphere.samples.daytrader.ejb3.TradeSLSBLocal,com.ibm.websphere.samples.daytrader.ejb3.TradeSLSBLocal,3
daytrader,15,seed15_solution003,com.ibm.websphere.samples.daytrader.ejb3.TradeSLSBRemote,com.ibm.websphere.samples.daytrader.ejb3.TradeSLSBRemote,4
daytrader,15,seed15_solution003,com.ibm.websphere.samples.daytrader.entities.AccountDataBean,com.ibm.websphere.samples.daytrader.entities.AccountDataBean,0
daytrader,15,seed15_solution003,com.ibm.websphere.samples.daytrader.entities.AccountProfileDataBean,com.ibm.websphere.samples.daytrader.entities.AccountProfileDataBean,0
daytrader,15,seed15_solution003,com.ibm.websphere.samples.daytrader.entities.HoldingDataBean,com.ibm.websphere.samples.daytrader.entities.HoldingDataBean,0
daytrader,15,seed15_solution003,com.ibm.websphere.samples.daytrader.entities.OrderDataBean,com.ibm.websphere.samples.daytrader.entities.OrderDataBean,0
daytrader,15,seed15_solution003,com.ibm.websphere.samples.daytrader.entities.QuoteDataBean,com.ibm.websphere.samples.daytrader.entities.QuoteDataBean,0
daytrader,15,seed15_solution003,com.ibm.websphere.samples.daytrader.util.CompleteOrderThread,com.ibm.websphere.samples.daytrader.util.CompleteOrderThread,3
daytrader,15,seed15_solution003,com.ibm.websphere.samples.daytrader.util.FinancialUtils,com.ibm.websphere.samples.daytrader.util.FinancialUtils,5
daytrader,15,seed15_solution003,com.ibm.websphere.samples.daytrader.util.KeyBlock,com.ibm.websphere.samples.daytrader.util.KeyBlock,1
daytrader,15,seed15_solution003,com.ibm.websphere.samples.daytrader.util.KeyBlock$KeyBlockIterator,com.ibm.websphere.samples.daytrader.util.KeyBlock$KeyBlockIterator,1
daytrader,15,seed15_solution003,com.ibm.websphere.samples.daytrader.util.Log,com.ibm.websphere.samples.daytrader.util.Log,0
daytrader,15,seed15_solution003,com.ibm.websphere.samples.daytrader.util.MDBStats,com.ibm.websphere.samples.daytrader.util.MDBStats,6
daytrader,15,seed15_solution003,com.ibm.websphere.samples.daytrader.util.TimerStat,com.ibm.websphere.samples.daytrader.util.TimerStat,7
daytrader,15,seed15_solution003,com.ibm.websphere.samples.daytrader.util.TradeConfig,com.ibm.websphere.samples.daytrader.util.TradeConfig,0
daytrader,15,seed15_solution003,com.ibm.websphere.samples.daytrader.util.WebSocketJMSMessage,com.ibm.websphere.samples.daytrader.util.WebSocketJMSMessage,8
daytrader,15,seed15_solution003,com.ibm.websphere.samples.daytrader.web.OrdersAlertFilter,com.ibm.websphere.samples.daytrader.web.OrdersAlertFilter,9
daytrader,15,seed15_solution003,com.ibm.websphere.samples.daytrader.web.TradeAppServlet,com.ibm.websphere.samples.daytrader.web.TradeAppServlet,0
daytrader,15,seed15_solution003,com.ibm.websphere.samples.daytrader.web.TradeServletAction,com.ibm.websphere.samples.daytrader.web.TradeServletAction,0
daytrader,15,seed15_solution003,com.ibm.websphere.samples.daytrader.web.TradeWebContextListener,com.ibm.websphere.samples.daytrader.web.TradeWebContextListener,0
daytrader,15,seed15_solution003,com.ibm.websphere.samples.daytrader.web.jsf.AccountDataJSF,com.ibm.websphere.samples.daytrader.web.jsf.AccountDataJSF,0
daytrader,15,seed15_solution003,com.ibm.websphere.samples.daytrader.web.jsf.ExternalContextProducer,com.ibm.websphere.samples.daytrader.web.jsf.ExternalContextProducer,7
daytrader,15,seed15_solution003,com.ibm.websphere.samples.daytrader.web.jsf.HoldingData,com.ibm.websphere.samples.daytrader.web.jsf.HoldingData,5
daytrader,15,seed15_solution003,com.ibm.websphere.samples.daytrader.web.jsf.JSFLoginFilter,com.ibm.websphere.samples.daytrader.web.jsf.JSFLoginFilter,9
daytrader,15,seed15_solution003,com.ibm.websphere.samples.daytrader.web.jsf.LoginValidator,com.ibm.websphere.samples.daytrader.web.jsf.LoginValidator,10
daytrader,15,seed15_solution003,com.ibm.websphere.samples.daytrader.web.jsf.MarketSummaryJSF,com.ibm.websphere.samples.daytrader.web.jsf.MarketSummaryJSF,11
daytrader,15,seed15_solution003,com.ibm.websphere.samples.daytrader.web.jsf.OrderData,com.ibm.websphere.samples.daytrader.web.jsf.OrderData,11
daytrader,15,seed15_solution003,com.ibm.websphere.samples.daytrader.web.jsf.OrderDataJSF,com.ibm.websphere.samples.daytrader.web.jsf.OrderDataJSF,11
daytrader,15,seed15_solution003,com.ibm.websphere.samples.daytrader.web.jsf.PortfolioJSF,com.ibm.websphere.samples.daytrader.web.jsf.PortfolioJSF,5
daytrader,15,seed15_solution003,com.ibm.websphere.samples.daytrader.web.jsf.QuoteData,com.ibm.websphere.samples.daytrader.web.jsf.QuoteData,11
daytrader,15,seed15_solution003,com.ibm.websphere.samples.daytrader.web.jsf.QuoteJSF,com.ibm.websphere.samples.daytrader.web.jsf.QuoteJSF,11
daytrader,15,seed15_solution003,com.ibm.websphere.samples.daytrader.web.jsf.TradeActionProducer,com.ibm.websphere.samples.daytrader.web.jsf.TradeActionProducer,12
daytrader,15,seed15_solution003,com.ibm.websphere.samples.daytrader.web.jsf.TradeAppJSF,com.ibm.websphere.samples.daytrader.web.jsf.TradeAppJSF,7
daytrader,15,seed15_solution003,com.ibm.websphere.samples.daytrader.web.jsf.TradeConfigJSF,com.ibm.websphere.samples.daytrader.web.jsf.TradeConfigJSF,0
daytrader,15,seed15_solution003,com.ibm.websphere.samples.daytrader.web.websocket.ActionDecoder,com.ibm.websphere.samples.daytrader.web.websocket.ActionDecoder,12
daytrader,15,seed15_solution003,com.ibm.websphere.samples.daytrader.web.websocket.ActionMessage,com.ibm.websphere.samples.daytrader.web.websocket.ActionMessage,6
daytrader,15,seed15_solution003,com.ibm.websphere.samples.daytrader.web.websocket.ActionMessage$1,com.ibm.websphere.samples.daytrader.web.websocket.ActionMessage$1,13
daytrader,15,seed15_solution003,com.ibm.websphere.samples.daytrader.web.websocket.JsonDecoder,com.ibm.websphere.samples.daytrader.web.websocket.JsonDecoder,3
daytrader,15,seed15_solution003,com.ibm.websphere.samples.daytrader.web.websocket.JsonEncoder,com.ibm.websphere.samples.daytrader.web.websocket.JsonEncoder,14
daytrader,15,seed15_solution003,com.ibm.websphere.samples.daytrader.web.websocket.JsonMessage,com.ibm.websphere.samples.daytrader.web.websocket.JsonMessage,14
daytrader,15,seed15_solution003,com.ibm.websphere.samples.daytrader.web.websocket.MarketSummaryWebSocket,com.ibm.websphere.samples.daytrader.web.websocket.MarketSummaryWebSocket,0
daytrader,15,seed15_solution003,com.ibm.websphere.samples.daytrader.web.websocket.RecentStockChangeList,com.ibm.websphere.samples.daytrader.web.websocket.RecentStockChangeList,1
daytrader,15,seed15_solution004,com.ibm.websphere.samples.daytrader.TradeAction,com.ibm.websphere.samples.daytrader.TradeAction,0
daytrader,15,seed15_solution004,com.ibm.websphere.samples.daytrader.TradeServices,com.ibm.websphere.samples.daytrader.TradeServices,0
daytrader,15,seed15_solution004,com.ibm.websphere.samples.daytrader.beans.MarketSummaryDataBean,com.ibm.websphere.samples.daytrader.beans.MarketSummaryDataBean,1
daytrader,15,seed15_solution004,com.ibm.websphere.samples.daytrader.beans.RunStatsDataBean,com.ibm.websphere.samples.daytrader.beans.RunStatsDataBean,0
daytrader,15,seed15_solution004,com.ibm.websphere.samples.daytrader.direct.KeySequenceDirect,com.ibm.websphere.samples.daytrader.direct.KeySequenceDirect,2
daytrader,15,seed15_solution004,com.ibm.websphere.samples.daytrader.direct.TradeDirect,com.ibm.websphere.samples.daytrader.direct.TradeDirect,0
daytrader,15,seed15_solution004,com.ibm.websphere.samples.daytrader.ejb3.DTBroker3MDB,com.ibm.websphere.samples.daytrader.ejb3.DTBroker3MDB,0
daytrader,15,seed15_solution004,com.ibm.websphere.samples.daytrader.ejb3.DTStreamer3MDB,com.ibm.websphere.samples.daytrader.ejb3.DTStreamer3MDB,0
daytrader,15,seed15_solution004,com.ibm.websphere.samples.daytrader.ejb3.MarketSummarySingleton,com.ibm.websphere.samples.daytrader.ejb3.MarketSummarySingleton,3
daytrader,15,seed15_solution004,com.ibm.websphere.samples.daytrader.ejb3.TradeSLSBBean,com.ibm.websphere.samples.daytrader.ejb3.TradeSLSBBean,0
daytrader,15,seed15_solution004,com.ibm.websphere.samples.daytrader.ejb3.TradeSLSBBean$quotePriceComparator,com.ibm.websphere.samples.daytrader.ejb3.TradeSLSBBean$quotePriceComparator,4
daytrader,15,seed15_solution004,com.ibm.websphere.samples.daytrader.ejb3.TradeSLSBLocal,com.ibm.websphere.samples.daytrader.ejb3.TradeSLSBLocal,5
daytrader,15,seed15_solution004,com.ibm.websphere.samples.daytrader.ejb3.TradeSLSBRemote,com.ibm.websphere.samples.daytrader.ejb3.TradeSLSBRemote,6
daytrader,15,seed15_solution004,com.ibm.websphere.samples.daytrader.entities.AccountDataBean,com.ibm.websphere.samples.daytrader.entities.AccountDataBean,0
daytrader,15,seed15_solution004,com.ibm.websphere.samples.daytrader.entities.AccountProfileDataBean,com.ibm.websphere.samples.daytrader.entities.AccountProfileDataBean,0
daytrader,15,seed15_solution004,com.ibm.websphere.samples.daytrader.entities.HoldingDataBean,com.ibm.websphere.samples.daytrader.entities.HoldingDataBean,0
daytrader,15,seed15_solution004,com.ibm.websphere.samples.daytrader.entities.OrderDataBean,com.ibm.websphere.samples.daytrader.entities.OrderDataBean,0
daytrader,15,seed15_solution004,com.ibm.websphere.samples.daytrader.entities.QuoteDataBean,com.ibm.websphere.samples.daytrader.entities.QuoteDataBean,0
daytrader,15,seed15_solution004,com.ibm.websphere.samples.daytrader.util.CompleteOrderThread,com.ibm.websphere.samples.daytrader.util.CompleteOrderThread,7
daytrader,15,seed15_solution004,com.ibm.websphere.samples.daytrader.util.FinancialUtils,com.ibm.websphere.samples.daytrader.util.FinancialUtils,8
daytrader,15,seed15_solution004,com.ibm.websphere.samples.daytrader.util.KeyBlock,com.ibm.websphere.samples.daytrader.util.KeyBlock,2
daytrader,15,seed15_solution004,com.ibm.websphere.samples.daytrader.util.KeyBlock$KeyBlockIterator,com.ibm.websphere.samples.daytrader.util.KeyBlock$KeyBlockIterator,2
daytrader,15,seed15_solution004,com.ibm.websphere.samples.daytrader.util.Log,com.ibm.websphere.samples.daytrader.util.Log,0
daytrader,15,seed15_solution004,com.ibm.websphere.samples.daytrader.util.MDBStats,com.ibm.websphere.samples.daytrader.util.MDBStats,9
daytrader,15,seed15_solution004,com.ibm.websphere.samples.daytrader.util.TimerStat,com.ibm.websphere.samples.daytrader.util.TimerStat,9
daytrader,15,seed15_solution004,com.ibm.websphere.samples.daytrader.util.TradeConfig,com.ibm.websphere.samples.daytrader.util.TradeConfig,0
daytrader,15,seed15_solution004,com.ibm.websphere.samples.daytrader.util.WebSocketJMSMessage,com.ibm.websphere.samples.daytrader.util.WebSocketJMSMessage,5
daytrader,15,seed15_solution004,com.ibm.websphere.samples.daytrader.web.OrdersAlertFilter,com.ibm.websphere.samples.daytrader.web.OrdersAlertFilter,10
daytrader,15,seed15_solution004,com.ibm.websphere.samples.daytrader.web.TradeAppServlet,com.ibm.websphere.samples.daytrader.web.TradeAppServlet,0
daytrader,15,seed15_solution004,com.ibm.websphere.samples.daytrader.web.TradeServletAction,com.ibm.websphere.samples.daytrader.web.TradeServletAction,0
daytrader,15,seed15_solution004,com.ibm.websphere.samples.daytrader.web.TradeWebContextListener,com.ibm.websphere.samples.daytrader.web.TradeWebContextListener,0
daytrader,15,seed15_solution004,com.ibm.websphere.samples.daytrader.web.jsf.AccountDataJSF,com.ibm.websphere.samples.daytrader.web.jsf.AccountDataJSF,0
daytrader,15,seed15_solution004,com.ibm.websphere.samples.daytrader.web.jsf.ExternalContextProducer,com.ibm.websphere.samples.daytrader.web.jsf.ExternalContextProducer,11
daytrader,15,seed15_solution004,com.ibm.websphere.samples.daytrader.web.jsf.HoldingData,com.ibm.websphere.samples.daytrader.web.jsf.HoldingData,8
daytrader,15,seed15_solution004,com.ibm.websphere.samples.daytrader.web.jsf.JSFLoginFilter,com.ibm.websphere.samples.daytrader.web.jsf.JSFLoginFilter,12
daytrader,15,seed15_solution004,com.ibm.websphere.samples.daytrader.web.jsf.LoginValidator,com.ibm.websphere.samples.daytrader.web.jsf.LoginValidator,3
daytrader,15,seed15_solution004,com.ibm.websphere.samples.daytrader.web.jsf.MarketSummaryJSF,com.ibm.websphere.samples.daytrader.web.jsf.MarketSummaryJSF,8
daytrader,15,seed15_solution004,com.ibm.websphere.samples.daytrader.web.jsf.OrderData,com.ibm.websphere.samples.daytrader.web.jsf.OrderData,13
daytrader,15,seed15_solution004,com.ibm.websphere.samples.daytrader.web.jsf.OrderDataJSF,com.ibm.websphere.samples.daytrader.web.jsf.OrderDataJSF,13
daytrader,15,seed15_solution004,com.ibm.websphere.samples.daytrader.web.jsf.PortfolioJSF,com.ibm.websphere.samples.daytrader.web.jsf.PortfolioJSF,8
daytrader,15,seed15_solution004,com.ibm.websphere.samples.daytrader.web.jsf.QuoteData,com.ibm.websphere.samples.daytrader.web.jsf.QuoteData,8
daytrader,15,seed15_solution004,com.ibm.websphere.samples.daytrader.web.jsf.QuoteJSF,com.ibm.websphere.samples.daytrader.web.jsf.QuoteJSF,8
daytrader,15,seed15_solution004,com.ibm.websphere.samples.daytrader.web.jsf.TradeActionProducer,com.ibm.websphere.samples.daytrader.web.jsf.TradeActionProducer,14
daytrader,15,seed15_solution004,com.ibm.websphere.samples.daytrader.web.jsf.TradeAppJSF,com.ibm.websphere.samples.daytrader.web.jsf.TradeAppJSF,15
daytrader,15,seed15_solution004,com.ibm.websphere.samples.daytrader.web.jsf.TradeConfigJSF,com.ibm.websphere.samples.daytrader.web.jsf.TradeConfigJSF,0
daytrader,15,seed15_solution004,com.ibm.websphere.samples.daytrader.web.websocket.ActionDecoder,com.ibm.websphere.samples.daytrader.web.websocket.ActionDecoder,16
daytrader,15,seed15_solution004,com.ibm.websphere.samples.daytrader.web.websocket.ActionMessage,com.ibm.websphere.samples.daytrader.web.websocket.ActionMessage,16
daytrader,15,seed15_solution004,com.ibm.websphere.samples.daytrader.web.websocket.ActionMessage$1,com.ibm.websphere.samples.daytrader.web.websocket.ActionMessage$1,7
daytrader,15,seed15_solution004,com.ibm.websphere.samples.daytrader.web.websocket.JsonDecoder,com.ibm.websphere.samples.daytrader.web.websocket.JsonDecoder,1
daytrader,15,seed15_solution004,com.ibm.websphere.samples.daytrader.web.websocket.JsonEncoder,com.ibm.websphere.samples.daytrader.web.websocket.JsonEncoder,1
daytrader,15,seed15_solution004,com.ibm.websphere.samples.daytrader.web.websocket.JsonMessage,com.ibm.websphere.samples.daytrader.web.websocket.JsonMessage,1
daytrader,15,seed15_solution004,com.ibm.websphere.samples.daytrader.web.websocket.MarketSummaryWebSocket,com.ibm.websphere.samples.daytrader.web.websocket.MarketSummaryWebSocket,0
daytrader,15,seed15_solution004,com.ibm.websphere.samples.daytrader.web.websocket.RecentStockChangeList,com.ibm.websphere.samples.daytrader.web.websocket.RecentStockChangeList,17
daytrader,15,seed15_solution005,com.ibm.websphere.samples.daytrader.TradeAction,com.ibm.websphere.samples.daytrader.TradeAction,0
daytrader,15,seed15_solution005,com.ibm.websphere.samples.daytrader.TradeServices,com.ibm.websphere.samples.daytrader.TradeServices,0
daytrader,15,seed15_solution005,com.ibm.websphere.samples.daytrader.beans.MarketSummaryDataBean,com.ibm.websphere.samples.daytrader.beans.MarketSummaryDataBean,0
daytrader,15,seed15_solution005,com.ibm.websphere.samples.daytrader.beans.RunStatsDataBean,com.ibm.websphere.samples.daytrader.beans.RunStatsDataBean,0
daytrader,15,seed15_solution005,com.ibm.websphere.samples.daytrader.direct.KeySequenceDirect,com.ibm.websphere.samples.daytrader.direct.KeySequenceDirect,1
daytrader,15,seed15_solution005,com.ibm.websphere.samples.daytrader.direct.TradeDirect,com.ibm.websphere.samples.daytrader.direct.TradeDirect,0
daytrader,15,seed15_solution005,com.ibm.websphere.samples.daytrader.ejb3.DTBroker3MDB,com.ibm.websphere.samples.daytrader.ejb3.DTBroker3MDB,0
daytrader,15,seed15_solution005,com.ibm.websphere.samples.daytrader.ejb3.DTStreamer3MDB,com.ibm.websphere.samples.daytrader.ejb3.DTStreamer3MDB,2
daytrader,15,seed15_solution005,com.ibm.websphere.samples.daytrader.ejb3.MarketSummarySingleton,com.ibm.websphere.samples.daytrader.ejb3.MarketSummarySingleton,3
daytrader,15,seed15_solution005,com.ibm.websphere.samples.daytrader.ejb3.TradeSLSBBean,com.ibm.websphere.samples.daytrader.ejb3.TradeSLSBBean,0
daytrader,15,seed15_solution005,com.ibm.websphere.samples.daytrader.ejb3.TradeSLSBBean$quotePriceComparator,com.ibm.websphere.samples.daytrader.ejb3.TradeSLSBBean$quotePriceComparator,4
daytrader,15,seed15_solution005,com.ibm.websphere.samples.daytrader.ejb3.TradeSLSBLocal,com.ibm.websphere.samples.daytrader.ejb3.TradeSLSBLocal,5
daytrader,15,seed15_solution005,com.ibm.websphere.samples.daytrader.ejb3.TradeSLSBRemote,com.ibm.websphere.samples.daytrader.ejb3.TradeSLSBRemote,5
daytrader,15,seed15_solution005,com.ibm.websphere.samples.daytrader.entities.AccountDataBean,com.ibm.websphere.samples.daytrader.entities.AccountDataBean,0
daytrader,15,seed15_solution005,com.ibm.websphere.samples.daytrader.entities.AccountProfileDataBean,com.ibm.websphere.samples.daytrader.entities.AccountProfileDataBean,0
daytrader,15,seed15_solution005,com.ibm.websphere.samples.daytrader.entities.HoldingDataBean,com.ibm.websphere.samples.daytrader.entities.HoldingDataBean,0
daytrader,15,seed15_solution005,com.ibm.websphere.samples.daytrader.entities.OrderDataBean,com.ibm.websphere.samples.daytrader.entities.OrderDataBean,0
daytrader,15,seed15_solution005,com.ibm.websphere.samples.daytrader.entities.QuoteDataBean,com.ibm.websphere.samples.daytrader.entities.QuoteDataBean,0
daytrader,15,seed15_solution005,com.ibm.websphere.samples.daytrader.util.CompleteOrderThread,com.ibm.websphere.samples.daytrader.util.CompleteOrderThread,6
daytrader,15,seed15_solution005,com.ibm.websphere.samples.daytrader.util.FinancialUtils,com.ibm.websphere.samples.daytrader.util.FinancialUtils,7
daytrader,15,seed15_solution005,com.ibm.websphere.samples.daytrader.util.KeyBlock,com.ibm.websphere.samples.daytrader.util.KeyBlock,1
daytrader,15,seed15_solution005,com.ibm.websphere.samples.daytrader.util.KeyBlock$KeyBlockIterator,com.ibm.websphere.samples.daytrader.util.KeyBlock$KeyBlockIterator,1
daytrader,15,seed15_solution005,com.ibm.websphere.samples.daytrader.util.Log,com.ibm.websphere.samples.daytrader.util.Log,0
daytrader,15,seed15_solution005,com.ibm.websphere.samples.daytrader.util.MDBStats,com.ibm.websphere.samples.daytrader.util.MDBStats,8
daytrader,15,seed15_solution005,com.ibm.websphere.samples.daytrader.util.TimerStat,com.ibm.websphere.samples.daytrader.util.TimerStat,2
daytrader,15,seed15_solution005,com.ibm.websphere.samples.daytrader.util.TradeConfig,com.ibm.websphere.samples.daytrader.util.TradeConfig,0
daytrader,15,seed15_solution005,com.ibm.websphere.samples.daytrader.util.WebSocketJMSMessage,com.ibm.websphere.samples.daytrader.util.WebSocketJMSMessage,5
daytrader,15,seed15_solution005,com.ibm.websphere.samples.daytrader.web.OrdersAlertFilter,com.ibm.websphere.samples.daytrader.web.OrdersAlertFilter,9
daytrader,15,seed15_solution005,com.ibm.websphere.samples.daytrader.web.TradeAppServlet,com.ibm.websphere.samples.daytrader.web.TradeAppServlet,0
daytrader,15,seed15_solution005,com.ibm.websphere.samples.daytrader.web.TradeServletAction,com.ibm.websphere.samples.daytrader.web.TradeServletAction,0
daytrader,15,seed15_solution005,com.ibm.websphere.samples.daytrader.web.TradeWebContextListener,com.ibm.websphere.samples.daytrader.web.TradeWebContextListener,0
daytrader,15,seed15_solution005,com.ibm.websphere.samples.daytrader.web.jsf.AccountDataJSF,com.ibm.websphere.samples.daytrader.web.jsf.AccountDataJSF,0
daytrader,15,seed15_solution005,com.ibm.websphere.samples.daytrader.web.jsf.ExternalContextProducer,com.ibm.websphere.samples.daytrader.web.jsf.ExternalContextProducer,10
daytrader,15,seed15_solution005,com.ibm.websphere.samples.daytrader.web.jsf.HoldingData,com.ibm.websphere.samples.daytrader.web.jsf.HoldingData,2
daytrader,15,seed15_solution005,com.ibm.websphere.samples.daytrader.web.jsf.JSFLoginFilter,com.ibm.websphere.samples.daytrader.web.jsf.JSFLoginFilter,11
daytrader,15,seed15_solution005,com.ibm.websphere.samples.daytrader.web.jsf.LoginValidator,com.ibm.websphere.samples.daytrader.web.jsf.LoginValidator,12
daytrader,15,seed15_solution005,com.ibm.websphere.samples.daytrader.web.jsf.MarketSummaryJSF,com.ibm.websphere.samples.daytrader.web.jsf.MarketSummaryJSF,7
daytrader,15,seed15_solution005,com.ibm.websphere.samples.daytrader.web.jsf.OrderData,com.ibm.websphere.samples.daytrader.web.jsf.OrderData,7
daytrader,15,seed15_solution005,com.ibm.websphere.samples.daytrader.web.jsf.OrderDataJSF,com.ibm.websphere.samples.daytrader.web.jsf.OrderDataJSF,7
daytrader,15,seed15_solution005,com.ibm.websphere.samples.daytrader.web.jsf.PortfolioJSF,com.ibm.websphere.samples.daytrader.web.jsf.PortfolioJSF,7
daytrader,15,seed15_solution005,com.ibm.websphere.samples.daytrader.web.jsf.QuoteData,com.ibm.websphere.samples.daytrader.web.jsf.QuoteData,2
daytrader,15,seed15_solution005,com.ibm.websphere.samples.daytrader.web.jsf.QuoteJSF,com.ibm.websphere.samples.daytrader.web.jsf.QuoteJSF,2
daytrader,15,seed15_solution005,com.ibm.websphere.samples.daytrader.web.jsf.TradeActionProducer,com.ibm.websphere.samples.daytrader.web.jsf.TradeActionProducer,12
daytrader,15,seed15_solution005,com.ibm.websphere.samples.daytrader.web.jsf.TradeAppJSF,com.ibm.websphere.samples.daytrader.web.jsf.TradeAppJSF,10
daytrader,15,seed15_solution005,com.ibm.websphere.samples.daytrader.web.jsf.TradeConfigJSF,com.ibm.websphere.samples.daytrader.web.jsf.TradeConfigJSF,0
daytrader,15,seed15_solution005,com.ibm.websphere.samples.daytrader.web.websocket.ActionDecoder,com.ibm.websphere.samples.daytrader.web.websocket.ActionDecoder,13
daytrader,15,seed15_solution005,com.ibm.websphere.samples.daytrader.web.websocket.ActionMessage,com.ibm.websphere.samples.daytrader.web.websocket.ActionMessage,13
daytrader,15,seed15_solution005,com.ibm.websphere.samples.daytrader.web.websocket.ActionMessage$1,com.ibm.websphere.samples.daytrader.web.websocket.ActionMessage$1,13
daytrader,15,seed15_solution005,com.ibm.websphere.samples.daytrader.web.websocket.JsonDecoder,com.ibm.websphere.samples.daytrader.web.websocket.JsonDecoder,14
daytrader,15,seed15_solution005,com.ibm.websphere.samples.daytrader.web.websocket.JsonEncoder,com.ibm.websphere.samples.daytrader.web.websocket.JsonEncoder,14
daytrader,15,seed15_solution005,com.ibm.websphere.samples.daytrader.web.websocket.JsonMessage,com.ibm.websphere.samples.daytrader.web.websocket.JsonMessage,14
daytrader,15,seed15_solution005,com.ibm.websphere.samples.daytrader.web.websocket.MarketSummaryWebSocket,com.ibm.websphere.samples.daytrader.web.websocket.MarketSummaryWebSocket,0
daytrader,15,seed15_solution005,com.ibm.websphere.samples.daytrader.web.websocket.RecentStockChangeList,com.ibm.websphere.samples.daytrader.web.websocket.RecentStockChangeList,15
daytrader,15,seed15_solution006,com.ibm.websphere.samples.daytrader.TradeAction,com.ibm.websphere.samples.daytrader.TradeAction,0
daytrader,15,seed15_solution006,com.ibm.websphere.samples.daytrader.TradeServices,com.ibm.websphere.samples.daytrader.TradeServices,0
daytrader,15,seed15_solution006,com.ibm.websphere.samples.daytrader.beans.MarketSummaryDataBean,com.ibm.websphere.samples.daytrader.beans.MarketSummaryDataBean,1
daytrader,15,seed15_solution006,com.ibm.websphere.samples.daytrader.beans.RunStatsDataBean,com.ibm.websphere.samples.daytrader.beans.RunStatsDataBean,0
daytrader,15,seed15_solution006,com.ibm.websphere.samples.daytrader.direct.KeySequenceDirect,com.ibm.websphere.samples.daytrader.direct.KeySequenceDirect,1
daytrader,15,seed15_solution006,com.ibm.websphere.samples.daytrader.direct.TradeDirect,com.ibm.websphere.samples.daytrader.direct.TradeDirect,0
daytrader,15,seed15_solution006,com.ibm.websphere.samples.daytrader.ejb3.DTBroker3MDB,com.ibm.websphere.samples.daytrader.ejb3.DTBroker3MDB,0
daytrader,15,seed15_solution006,com.ibm.websphere.samples.daytrader.ejb3.DTStreamer3MDB,com.ibm.websphere.samples.daytrader.ejb3.DTStreamer3MDB,0
daytrader,15,seed15_solution006,com.ibm.websphere.samples.daytrader.ejb3.MarketSummarySingleton,com.ibm.websphere.samples.daytrader.ejb3.MarketSummarySingleton,0
daytrader,15,seed15_solution006,com.ibm.websphere.samples.daytrader.ejb3.TradeSLSBBean,com.ibm.websphere.samples.daytrader.ejb3.TradeSLSBBean,0
daytrader,15,seed15_solution006,com.ibm.websphere.samples.daytrader.ejb3.TradeSLSBBean$quotePriceComparator,com.ibm.websphere.samples.daytrader.ejb3.TradeSLSBBean$quotePriceComparator,2
daytrader,15,seed15_solution006,com.ibm.websphere.samples.daytrader.ejb3.TradeSLSBLocal,com.ibm.websphere.samples.daytrader.ejb3.TradeSLSBLocal,2
daytrader,15,seed15_solution006,com.ibm.websphere.samples.daytrader.ejb3.TradeSLSBRemote,com.ibm.websphere.samples.daytrader.ejb3.TradeSLSBRemote,3
daytrader,15,seed15_solution006,com.ibm.websphere.samples.daytrader.entities.AccountDataBean,com.ibm.websphere.samples.daytrader.entities.AccountDataBean,0
daytrader,15,seed15_solution006,com.ibm.websphere.samples.daytrader.entities.AccountProfileDataBean,com.ibm.websphere.samples.daytrader.entities.AccountProfileDataBean,0
daytrader,15,seed15_solution006,com.ibm.websphere.samples.daytrader.entities.HoldingDataBean,com.ibm.websphere.samples.daytrader.entities.HoldingDataBean,0
daytrader,15,seed15_solution006,com.ibm.websphere.samples.daytrader.entities.OrderDataBean,com.ibm.websphere.samples.daytrader.entities.OrderDataBean,0
daytrader,15,seed15_solution006,com.ibm.websphere.samples.daytrader.entities.QuoteDataBean,com.ibm.websphere.samples.daytrader.entities.QuoteDataBean,0
daytrader,15,seed15_solution006,com.ibm.websphere.samples.daytrader.util.CompleteOrderThread,com.ibm.websphere.samples.daytrader.util.CompleteOrderThread,0
daytrader,15,seed15_solution006,com.ibm.websphere.samples.daytrader.util.FinancialUtils,com.ibm.websphere.samples.daytrader.util.FinancialUtils,0
daytrader,15,seed15_solution006,com.ibm.websphere.samples.daytrader.util.KeyBlock,com.ibm.websphere.samples.daytrader.util.KeyBlock,1
daytrader,15,seed15_solution006,com.ibm.websphere.samples.daytrader.util.KeyBlock$KeyBlockIterator,com.ibm.websphere.samples.daytrader.util.KeyBlock$KeyBlockIterator,1
daytrader,15,seed15_solution006,com.ibm.websphere.samples.daytrader.util.Log,com.ibm.websphere.samples.daytrader.util.Log,0
daytrader,15,seed15_solution006,com.ibm.websphere.samples.daytrader.util.MDBStats,com.ibm.websphere.samples.daytrader.util.MDBStats,1
daytrader,15,seed15_solution006,com.ibm.websphere.samples.daytrader.util.TimerStat,com.ibm.websphere.samples.daytrader.util.TimerStat,1
daytrader,15,seed15_solution006,com.ibm.websphere.samples.daytrader.util.TradeConfig,com.ibm.websphere.samples.daytrader.util.TradeConfig,0
daytrader,15,seed15_solution006,com.ibm.websphere.samples.daytrader.util.WebSocketJMSMessage,com.ibm.websphere.samples.daytrader.util.WebSocketJMSMessage,4
daytrader,15,seed15_solution006,com.ibm.websphere.samples.daytrader.web.OrdersAlertFilter,com.ibm.websphere.samples.daytrader.web.OrdersAlertFilter,5
daytrader,15,seed15_solution006,com.ibm.websphere.samples.daytrader.web.TradeAppServlet,com.ibm.websphere.samples.daytrader.web.TradeAppServlet,1
daytrader,15,seed15_solution006,com.ibm.websphere.samples.daytrader.web.TradeServletAction,com.ibm.websphere.samples.daytrader.web.TradeServletAction,0
daytrader,15,seed15_solution006,com.ibm.websphere.samples.daytrader.web.TradeWebContextListener,com.ibm.websphere.samples.daytrader.web.TradeWebContextListener,1
daytrader,15,seed15_solution006,com.ibm.websphere.samples.daytrader.web.jsf.AccountDataJSF,com.ibm.websphere.samples.daytrader.web.jsf.AccountDataJSF,0
daytrader,15,seed15_solution006,com.ibm.websphere.samples.daytrader.web.jsf.ExternalContextProducer,com.ibm.websphere.samples.daytrader.web.jsf.ExternalContextProducer,6
daytrader,15,seed15_solution006,com.ibm.websphere.samples.daytrader.web.jsf.HoldingData,com.ibm.websphere.samples.daytrader.web.jsf.HoldingData,1
daytrader,15,seed15_solution006,com.ibm.websphere.samples.daytrader.web.jsf.JSFLoginFilter,com.ibm.websphere.samples.daytrader.web.jsf.JSFLoginFilter,2
daytrader,15,seed15_solution006,com.ibm.websphere.samples.daytrader.web.jsf.LoginValidator,com.ibm.websphere.samples.daytrader.web.jsf.LoginValidator,2
daytrader,15,seed15_solution006,com.ibm.websphere.samples.daytrader.web.jsf.MarketSummaryJSF,com.ibm.websphere.samples.daytrader.web.jsf.MarketSummaryJSF,2
daytrader,15,seed15_solution006,com.ibm.websphere.samples.daytrader.web.jsf.OrderData,com.ibm.websphere.samples.daytrader.web.jsf.OrderData,2
daytrader,15,seed15_solution006,com.ibm.websphere.samples.daytrader.web.jsf.OrderDataJSF,com.ibm.websphere.samples.daytrader.web.jsf.OrderDataJSF,2
daytrader,15,seed15_solution006,com.ibm.websphere.samples.daytrader.web.jsf.PortfolioJSF,com.ibm.websphere.samples.daytrader.web.jsf.PortfolioJSF,1
daytrader,15,seed15_solution006,com.ibm.websphere.samples.daytrader.web.jsf.QuoteData,com.ibm.websphere.samples.daytrader.web.jsf.QuoteData,2
daytrader,15,seed15_solution006,com.ibm.websphere.samples.daytrader.web.jsf.QuoteJSF,com.ibm.websphere.samples.daytrader.web.jsf.QuoteJSF,2
daytrader,15,seed15_solution006,com.ibm.websphere.samples.daytrader.web.jsf.TradeActionProducer,com.ibm.websphere.samples.daytrader.web.jsf.TradeActionProducer,2
daytrader,15,seed15_solution006,com.ibm.websphere.samples.daytrader.web.jsf.TradeAppJSF,com.ibm.websphere.samples.daytrader.web.jsf.TradeAppJSF,7
daytrader,15,seed15_solution006,com.ibm.websphere.samples.daytrader.web.jsf.TradeConfigJSF,com.ibm.websphere.samples.daytrader.web.jsf.TradeConfigJSF,0
daytrader,15,seed15_solution006,com.ibm.websphere.samples.daytrader.web.websocket.ActionDecoder,com.ibm.websphere.samples.daytrader.web.websocket.ActionDecoder,5
daytrader,15,seed15_solution006,com.ibm.websphere.samples.daytrader.web.websocket.ActionMessage,com.ibm.websphere.samples.daytrader.web.websocket.ActionMessage,2
daytrader,15,seed15_solution006,com.ibm.websphere.samples.daytrader.web.websocket.ActionMessage$1,com.ibm.websphere.samples.daytrader.web.websocket.ActionMessage$1,2
daytrader,15,seed15_solution006,com.ibm.websphere.samples.daytrader.web.websocket.JsonDecoder,com.ibm.websphere.samples.daytrader.web.websocket.JsonDecoder,2
daytrader,15,seed15_solution006,com.ibm.websphere.samples.daytrader.web.websocket.JsonEncoder,com.ibm.websphere.samples.daytrader.web.websocket.JsonEncoder,2
daytrader,15,seed15_solution006,com.ibm.websphere.samples.daytrader.web.websocket.JsonMessage,com.ibm.websphere.samples.daytrader.web.websocket.JsonMessage,2
daytrader,15,seed15_solution006,com.ibm.websphere.samples.daytrader.web.websocket.MarketSummaryWebSocket,com.ibm.websphere.samples.daytrader.web.websocket.MarketSummaryWebSocket,0
daytrader,15,seed15_solution006,com.ibm.websphere.samples.daytrader.web.websocket.RecentStockChangeList,com.ibm.websphere.samples.daytrader.web.websocket.RecentStockChangeList,6
daytrader,15,seed15_solution007,com.ibm.websphere.samples.daytrader.TradeAction,com.ibm.websphere.samples.daytrader.TradeAction,0
daytrader,15,seed15_solution007,com.ibm.websphere.samples.daytrader.TradeServices,com.ibm.websphere.samples.daytrader.TradeServices,0
daytrader,15,seed15_solution007,com.ibm.websphere.samples.daytrader.beans.MarketSummaryDataBean,com.ibm.websphere.samples.daytrader.beans.MarketSummaryDataBean,0
daytrader,15,seed15_solution007,com.ibm.websphere.samples.daytrader.beans.RunStatsDataBean,com.ibm.websphere.samples.daytrader.beans.RunStatsDataBean,0
daytrader,15,seed15_solution007,com.ibm.websphere.samples.daytrader.direct.KeySequenceDirect,com.ibm.websphere.samples.daytrader.direct.KeySequenceDirect,1
daytrader,15,seed15_solution007,com.ibm.websphere.samples.daytrader.direct.TradeDirect,com.ibm.websphere.samples.daytrader.direct.TradeDirect,0
daytrader,15,seed15_solution007,com.ibm.websphere.samples.daytrader.ejb3.DTBroker3MDB,com.ibm.websphere.samples.daytrader.ejb3.DTBroker3MDB,0
daytrader,15,seed15_solution007,com.ibm.websphere.samples.daytrader.ejb3.DTStreamer3MDB,com.ibm.websphere.samples.daytrader.ejb3.DTStreamer3MDB,0
daytrader,15,seed15_solution007,com.ibm.websphere.samples.daytrader.ejb3.MarketSummarySingleton,com.ibm.websphere.samples.daytrader.ejb3.MarketSummarySingleton,0
daytrader,15,seed15_solution007,com.ibm.websphere.samples.daytrader.ejb3.TradeSLSBBean,com.ibm.websphere.samples.daytrader.ejb3.TradeSLSBBean,0
daytrader,15,seed15_solution007,com.ibm.websphere.samples.daytrader.ejb3.TradeSLSBBean$quotePriceComparator,com.ibm.websphere.samples.daytrader.ejb3.TradeSLSBBean$quotePriceComparator,2
daytrader,15,seed15_solution007,com.ibm.websphere.samples.daytrader.ejb3.TradeSLSBLocal,com.ibm.websphere.samples.daytrader.ejb3.TradeSLSBLocal,3
daytrader,15,seed15_solution007,com.ibm.websphere.samples.daytrader.ejb3.TradeSLSBRemote,com.ibm.websphere.samples.daytrader.ejb3.TradeSLSBRemote,3
daytrader,15,seed15_solution007,com.ibm.websphere.samples.daytrader.entities.AccountDataBean,com.ibm.websphere.samples.daytrader.entities.AccountDataBean,0
daytrader,15,seed15_solution007,com.ibm.websphere.samples.daytrader.entities.AccountProfileDataBean,com.ibm.websphere.samples.daytrader.entities.AccountProfileDataBean,0
daytrader,15,seed15_solution007,com.ibm.websphere.samples.daytrader.entities.HoldingDataBean,com.ibm.websphere.samples.daytrader.entities.HoldingDataBean,0
daytrader,15,seed15_solution007,com.ibm.websphere.samples.daytrader.entities.OrderDataBean,com.ibm.websphere.samples.daytrader.entities.OrderDataBean,0
daytrader,15,seed15_solution007,com.ibm.websphere.samples.daytrader.entities.QuoteDataBean,com.ibm.websphere.samples.daytrader.entities.QuoteDataBean,0
daytrader,15,seed15_solution007,com.ibm.websphere.samples.daytrader.util.CompleteOrderThread,com.ibm.websphere.samples.daytrader.util.CompleteOrderThread,4
daytrader,15,seed15_solution007,com.ibm.websphere.samples.daytrader.util.FinancialUtils,com.ibm.websphere.samples.daytrader.util.FinancialUtils,4
daytrader,15,seed15_solution007,com.ibm.websphere.samples.daytrader.util.KeyBlock,com.ibm.websphere.samples.daytrader.util.KeyBlock,1
daytrader,15,seed15_solution007,com.ibm.websphere.samples.daytrader.util.KeyBlock$KeyBlockIterator,com.ibm.websphere.samples.daytrader.util.KeyBlock$KeyBlockIterator,1
daytrader,15,seed15_solution007,com.ibm.websphere.samples.daytrader.util.Log,com.ibm.websphere.samples.daytrader.util.Log,0
daytrader,15,seed15_solution007,com.ibm.websphere.samples.daytrader.util.MDBStats,com.ibm.websphere.samples.daytrader.util.MDBStats,5
daytrader,15,seed15_solution007,com.ibm.websphere.samples.daytrader.util.TimerStat,com.ibm.websphere.samples.daytrader.util.TimerStat,5
daytrader,15,seed15_solution007,com.ibm.websphere.samples.daytrader.util.TradeConfig,com.ibm.websphere.samples.daytrader.util.TradeConfig,0
daytrader,15,seed15_solution007,com.ibm.websphere.samples.daytrader.util.WebSocketJMSMessage,com.ibm.websphere.samples.daytrader.util.WebSocketJMSMessage,3
daytrader,15,seed15_solution007,com.ibm.websphere.samples.daytrader.web.OrdersAlertFilter,com.ibm.websphere.samples.daytrader.web.OrdersAlertFilter,6
daytrader,15,seed15_solution007,com.ibm.websphere.samples.daytrader.web.TradeAppServlet,com.ibm.websphere.samples.daytrader.web.TradeAppServlet,1
daytrader,15,seed15_solution007,com.ibm.websphere.samples.daytrader.web.TradeServletAction,com.ibm.websphere.samples.daytrader.web.TradeServletAction,0
daytrader,15,seed15_solution007,com.ibm.websphere.samples.daytrader.web.TradeWebContextListener,com.ibm.websphere.samples.daytrader.web.TradeWebContextListener,1
daytrader,15,seed15_solution007,com.ibm.websphere.samples.daytrader.web.jsf.AccountDataJSF,com.ibm.websphere.samples.daytrader.web.jsf.AccountDataJSF,0
daytrader,15,seed15_solution007,com.ibm.websphere.samples.daytrader.web.jsf.ExternalContextProducer,com.ibm.websphere.samples.daytrader.web.jsf.ExternalContextProducer,7
daytrader,15,seed15_solution007,com.ibm.websphere.samples.daytrader.web.jsf.HoldingData,com.ibm.websphere.samples.daytrader.web.jsf.HoldingData,4
daytrader,15,seed15_solution007,com.ibm.websphere.samples.daytrader.web.jsf.JSFLoginFilter,com.ibm.websphere.samples.daytrader.web.jsf.JSFLoginFilter,8
daytrader,15,seed15_solution007,com.ibm.websphere.samples.daytrader.web.jsf.LoginValidator,com.ibm.websphere.samples.daytrader.web.jsf.LoginValidator,7
daytrader,15,seed15_solution007,com.ibm.websphere.samples.daytrader.web.jsf.MarketSummaryJSF,com.ibm.websphere.samples.daytrader.web.jsf.MarketSummaryJSF,4
daytrader,15,seed15_solution007,com.ibm.websphere.samples.daytrader.web.jsf.OrderData,com.ibm.websphere.samples.daytrader.web.jsf.OrderData,4
daytrader,15,seed15_solution007,com.ibm.websphere.samples.daytrader.web.jsf.OrderDataJSF,com.ibm.websphere.samples.daytrader.web.jsf.OrderDataJSF,5
daytrader,15,seed15_solution007,com.ibm.websphere.samples.daytrader.web.jsf.PortfolioJSF,com.ibm.websphere.samples.daytrader.web.jsf.PortfolioJSF,4
daytrader,15,seed15_solution007,com.ibm.websphere.samples.daytrader.web.jsf.QuoteData,com.ibm.websphere.samples.daytrader.web.jsf.QuoteData,5
daytrader,15,seed15_solution007,com.ibm.websphere.samples.daytrader.web.jsf.QuoteJSF,com.ibm.websphere.samples.daytrader.web.jsf.QuoteJSF,4
daytrader,15,seed15_solution007,com.ibm.websphere.samples.daytrader.web.jsf.TradeActionProducer,com.ibm.websphere.samples.daytrader.web.jsf.TradeActionProducer,9
daytrader,15,seed15_solution007,com.ibm.websphere.samples.daytrader.web.jsf.TradeAppJSF,com.ibm.websphere.samples.daytrader.web.jsf.TradeAppJSF,7
daytrader,15,seed15_solution007,com.ibm.websphere.samples.daytrader.web.jsf.TradeConfigJSF,com.ibm.websphere.samples.daytrader.web.jsf.TradeConfigJSF,0
daytrader,15,seed15_solution007,com.ibm.websphere.samples.daytrader.web.websocket.ActionDecoder,com.ibm.websphere.samples.daytrader.web.websocket.ActionDecoder,10
daytrader,15,seed15_solution007,com.ibm.websphere.samples.daytrader.web.websocket.ActionMessage,com.ibm.websphere.samples.daytrader.web.websocket.ActionMessage,10
daytrader,15,seed15_solution007,com.ibm.websphere.samples.daytrader.web.websocket.ActionMessage$1,com.ibm.websphere.samples.daytrader.web.websocket.ActionMessage$1,10
daytrader,15,seed15_solution007,com.ibm.websphere.samples.daytrader.web.websocket.JsonDecoder,com.ibm.websphere.samples.daytrader.web.websocket.JsonDecoder,11
daytrader,15,seed15_solution007,com.ibm.websphere.samples.daytrader.web.websocket.JsonEncoder,com.ibm.websphere.samples.daytrader.web.websocket.JsonEncoder,11
daytrader,15,seed15_solution007,com.ibm.websphere.samples.daytrader.web.websocket.JsonMessage,com.ibm.websphere.samples.daytrader.web.websocket.JsonMessage,12
daytrader,15,seed15_solution007,com.ibm.websphere.samples.daytrader.web.websocket.MarketSummaryWebSocket,com.ibm.websphere.samples.daytrader.web.websocket.MarketSummaryWebSocket,0
daytrader,15,seed15_solution007,com.ibm.websphere.samples.daytrader.web.websocket.RecentStockChangeList,com.ibm.websphere.samples.daytrader.web.websocket.RecentStockChangeList,3
daytrader,15,seed15_solution008,com.ibm.websphere.samples.daytrader.TradeAction,com.ibm.websphere.samples.daytrader.TradeAction,0
daytrader,15,seed15_solution008,com.ibm.websphere.samples.daytrader.TradeServices,com.ibm.websphere.samples.daytrader.TradeServices,0
daytrader,15,seed15_solution008,com.ibm.websphere.samples.daytrader.beans.MarketSummaryDataBean,com.ibm.websphere.samples.daytrader.beans.MarketSummaryDataBean,1
daytrader,15,seed15_solution008,com.ibm.websphere.samples.daytrader.beans.RunStatsDataBean,com.ibm.websphere.samples.daytrader.beans.RunStatsDataBean,0
daytrader,15,seed15_solution008,com.ibm.websphere.samples.daytrader.direct.KeySequenceDirect,com.ibm.websphere.samples.daytrader.direct.KeySequenceDirect,1
daytrader,15,seed15_solution008,com.ibm.websphere.samples.daytrader.direct.TradeDirect,com.ibm.websphere.samples.daytrader.direct.TradeDirect,0
daytrader,15,seed15_solution008,com.ibm.websphere.samples.daytrader.ejb3.DTBroker3MDB,com.ibm.websphere.samples.daytrader.ejb3.DTBroker3MDB,0
daytrader,15,seed15_solution008,com.ibm.websphere.samples.daytrader.ejb3.DTStreamer3MDB,com.ibm.websphere.samples.daytrader.ejb3.DTStreamer3MDB,0
daytrader,15,seed15_solution008,com.ibm.websphere.samples.daytrader.ejb3.MarketSummarySingleton,com.ibm.websphere.samples.daytrader.ejb3.MarketSummarySingleton,2
daytrader,15,seed15_solution008,com.ibm.websphere.samples.daytrader.ejb3.TradeSLSBBean,com.ibm.websphere.samples.daytrader.ejb3.TradeSLSBBean,0
daytrader,15,seed15_solution008,com.ibm.websphere.samples.daytrader.ejb3.TradeSLSBBean$quotePriceComparator,com.ibm.websphere.samples.daytrader.ejb3.TradeSLSBBean$quotePriceComparator,3
daytrader,15,seed15_solution008,com.ibm.websphere.samples.daytrader.ejb3.TradeSLSBLocal,com.ibm.websphere.samples.daytrader.ejb3.TradeSLSBLocal,4
daytrader,15,seed15_solution008,com.ibm.websphere.samples.daytrader.ejb3.TradeSLSBRemote,com.ibm.websphere.samples.daytrader.ejb3.TradeSLSBRemote,3
daytrader,15,seed15_solution008,com.ibm.websphere.samples.daytrader.entities.AccountDataBean,com.ibm.websphere.samples.daytrader.entities.AccountDataBean,0
daytrader,15,seed15_solution008,com.ibm.websphere.samples.daytrader.entities.AccountProfileDataBean,com.ibm.websphere.samples.daytrader.entities.AccountProfileDataBean,0
daytrader,15,seed15_solution008,com.ibm.websphere.samples.daytrader.entities.HoldingDataBean,com.ibm.websphere.samples.daytrader.entities.HoldingDataBean,0
daytrader,15,seed15_solution008,com.ibm.websphere.samples.daytrader.entities.OrderDataBean,com.ibm.websphere.samples.daytrader.entities.OrderDataBean,0
daytrader,15,seed15_solution008,com.ibm.websphere.samples.daytrader.entities.QuoteDataBean,com.ibm.websphere.samples.daytrader.entities.QuoteDataBean,0
daytrader,15,seed15_solution008,com.ibm.websphere.samples.daytrader.util.CompleteOrderThread,com.ibm.websphere.samples.daytrader.util.CompleteOrderThread,5
daytrader,15,seed15_solution008,com.ibm.websphere.samples.daytrader.util.FinancialUtils,com.ibm.websphere.samples.daytrader.util.FinancialUtils,6
daytrader,15,seed15_solution008,com.ibm.websphere.samples.daytrader.util.KeyBlock,com.ibm.websphere.samples.daytrader.util.KeyBlock,2
daytrader,15,seed15_solution008,com.ibm.websphere.samples.daytrader.util.KeyBlock$KeyBlockIterator,com.ibm.websphere.samples.daytrader.util.KeyBlock$KeyBlockIterator,2
daytrader,15,seed15_solution008,com.ibm.websphere.samples.daytrader.util.Log,com.ibm.websphere.samples.daytrader.util.Log,0
daytrader,15,seed15_solution008,com.ibm.websphere.samples.daytrader.util.MDBStats,com.ibm.websphere.samples.daytrader.util.MDBStats,7
daytrader,15,seed15_solution008,com.ibm.websphere.samples.daytrader.util.TimerStat,com.ibm.websphere.samples.daytrader.util.TimerStat,7
daytrader,15,seed15_solution008,com.ibm.websphere.samples.daytrader.util.TradeConfig,com.ibm.websphere.samples.daytrader.util.TradeConfig,0
daytrader,15,seed15_solution008,com.ibm.websphere.samples.daytrader.util.WebSocketJMSMessage,com.ibm.websphere.samples.daytrader.util.WebSocketJMSMessage,8
daytrader,15,seed15_solution008,com.ibm.websphere.samples.daytrader.web.OrdersAlertFilter,com.ibm.websphere.samples.daytrader.web.OrdersAlertFilter,7
daytrader,15,seed15_solution008,com.ibm.websphere.samples.daytrader.web.TradeAppServlet,com.ibm.websphere.samples.daytrader.web.TradeAppServlet,0
daytrader,15,seed15_solution008,com.ibm.websphere.samples.daytrader.web.TradeServletAction,com.ibm.websphere.samples.daytrader.web.TradeServletAction,0
daytrader,15,seed15_solution008,com.ibm.websphere.samples.daytrader.web.TradeWebContextListener,com.ibm.websphere.samples.daytrader.web.TradeWebContextListener,0
daytrader,15,seed15_solution008,com.ibm.websphere.samples.daytrader.web.jsf.AccountDataJSF,com.ibm.websphere.samples.daytrader.web.jsf.AccountDataJSF,0
daytrader,15,seed15_solution008,com.ibm.websphere.samples.daytrader.web.jsf.ExternalContextProducer,com.ibm.websphere.samples.daytrader.web.jsf.ExternalContextProducer,9
daytrader,15,seed15_solution008,com.ibm.websphere.samples.daytrader.web.jsf.HoldingData,com.ibm.websphere.samples.daytrader.web.jsf.HoldingData,8
daytrader,15,seed15_solution008,com.ibm.websphere.samples.daytrader.web.jsf.JSFLoginFilter,com.ibm.websphere.samples.daytrader.web.jsf.JSFLoginFilter,9
daytrader,15,seed15_solution008,com.ibm.websphere.samples.daytrader.web.jsf.LoginValidator,com.ibm.websphere.samples.daytrader.web.jsf.LoginValidator,10
daytrader,15,seed15_solution008,com.ibm.websphere.samples.daytrader.web.jsf.MarketSummaryJSF,com.ibm.websphere.samples.daytrader.web.jsf.MarketSummaryJSF,8
daytrader,15,seed15_solution008,com.ibm.websphere.samples.daytrader.web.jsf.OrderData,com.ibm.websphere.samples.daytrader.web.jsf.OrderData,11
daytrader,15,seed15_solution008,com.ibm.websphere.samples.daytrader.web.jsf.OrderDataJSF,com.ibm.websphere.samples.daytrader.web.jsf.OrderDataJSF,6
daytrader,15,seed15_solution008,com.ibm.websphere.samples.daytrader.web.jsf.PortfolioJSF,com.ibm.websphere.samples.daytrader.web.jsf.PortfolioJSF,8
daytrader,15,seed15_solution008,com.ibm.websphere.samples.daytrader.web.jsf.QuoteData,com.ibm.websphere.samples.daytrader.web.jsf.QuoteData,6
daytrader,15,seed15_solution008,com.ibm.websphere.samples.daytrader.web.jsf.QuoteJSF,com.ibm.websphere.samples.daytrader.web.jsf.QuoteJSF,8
daytrader,15,seed15_solution008,com.ibm.websphere.samples.daytrader.web.jsf.TradeActionProducer,com.ibm.websphere.samples.daytrader.web.jsf.TradeActionProducer,12
daytrader,15,seed15_solution008,com.ibm.websphere.samples.daytrader.web.jsf.TradeAppJSF,com.ibm.websphere.samples.daytrader.web.jsf.TradeAppJSF,13
daytrader,15,seed15_solution008,com.ibm.websphere.samples.daytrader.web.jsf.TradeConfigJSF,com.ibm.websphere.samples.daytrader.web.jsf.TradeConfigJSF,0
daytrader,15,seed15_solution008,com.ibm.websphere.samples.daytrader.web.websocket.ActionDecoder,com.ibm.websphere.samples.daytrader.web.websocket.ActionDecoder,14
daytrader,15,seed15_solution008,com.ibm.websphere.samples.daytrader.web.websocket.ActionMessage,com.ibm.websphere.samples.daytrader.web.websocket.ActionMessage,14
daytrader,15,seed15_solution008,com.ibm.websphere.samples.daytrader.web.websocket.ActionMessage$1,com.ibm.websphere.samples.daytrader.web.websocket.ActionMessage$1,5
daytrader,15,seed15_solution008,com.ibm.websphere.samples.daytrader.web.websocket.JsonDecoder,com.ibm.websphere.samples.daytrader.web.websocket.JsonDecoder,13
daytrader,15,seed15_solution008,com.ibm.websphere.samples.daytrader.web.websocket.JsonEncoder,com.ibm.websphere.samples.daytrader.web.websocket.JsonEncoder,1
daytrader,15,seed15_solution008,com.ibm.websphere.samples.daytrader.web.websocket.JsonMessage,com.ibm.websphere.samples.daytrader.web.websocket.JsonMessage,1
daytrader,15,seed15_solution008,com.ibm.websphere.samples.daytrader.web.websocket.MarketSummaryWebSocket,com.ibm.websphere.samples.daytrader.web.websocket.MarketSummaryWebSocket,0
daytrader,15,seed15_solution008,com.ibm.websphere.samples.daytrader.web.websocket.RecentStockChangeList,com.ibm.websphere.samples.daytrader.web.websocket.RecentStockChangeList,15
daytrader,15,seed15_solution009,com.ibm.websphere.samples.daytrader.TradeAction,com.ibm.websphere.samples.daytrader.TradeAction,0
daytrader,15,seed15_solution009,com.ibm.websphere.samples.daytrader.TradeServices,com.ibm.websphere.samples.daytrader.TradeServices,0
daytrader,15,seed15_solution009,com.ibm.websphere.samples.daytrader.beans.MarketSummaryDataBean,com.ibm.websphere.samples.daytrader.beans.MarketSummaryDataBean,1
daytrader,15,seed15_solution009,com.ibm.websphere.samples.daytrader.beans.RunStatsDataBean,com.ibm.websphere.samples.daytrader.beans.RunStatsDataBean,0
daytrader,15,seed15_solution009,com.ibm.websphere.samples.daytrader.direct.KeySequenceDirect,com.ibm.websphere.samples.daytrader.direct.KeySequenceDirect,2
daytrader,15,seed15_solution009,com.ibm.websphere.samples.daytrader.direct.TradeDirect,com.ibm.websphere.samples.daytrader.direct.TradeDirect,0
daytrader,15,seed15_solution009,com.ibm.websphere.samples.daytrader.ejb3.DTBroker3MDB,com.ibm.websphere.samples.daytrader.ejb3.DTBroker3MDB,0
daytrader,15,seed15_solution009,com.ibm.websphere.samples.daytrader.ejb3.DTStreamer3MDB,com.ibm.websphere.samples.daytrader.ejb3.DTStreamer3MDB,0
daytrader,15,seed15_solution009,com.ibm.websphere.samples.daytrader.ejb3.MarketSummarySingleton,com.ibm.websphere.samples.daytrader.ejb3.MarketSummarySingleton,3
daytrader,15,seed15_solution009,com.ibm.websphere.samples.daytrader.ejb3.TradeSLSBBean,com.ibm.websphere.samples.daytrader.ejb3.TradeSLSBBean,0
daytrader,15,seed15_solution009,com.ibm.websphere.samples.daytrader.ejb3.TradeSLSBBean$quotePriceComparator,com.ibm.websphere.samples.daytrader.ejb3.TradeSLSBBean$quotePriceComparator,4
daytrader,15,seed15_solution009,com.ibm.websphere.samples.daytrader.ejb3.TradeSLSBLocal,com.ibm.websphere.samples.daytrader.ejb3.TradeSLSBLocal,1
daytrader,15,seed15_solution009,com.ibm.websphere.samples.daytrader.ejb3.TradeSLSBRemote,com.ibm.websphere.samples.daytrader.ejb3.TradeSLSBRemote,5
daytrader,15,seed15_solution009,com.ibm.websphere.samples.daytrader.entities.AccountDataBean,com.ibm.websphere.samples.daytrader.entities.AccountDataBean,0
daytrader,15,seed15_solution009,com.ibm.websphere.samples.daytrader.entities.AccountProfileDataBean,com.ibm.websphere.samples.daytrader.entities.AccountProfileDataBean,0
daytrader,15,seed15_solution009,com.ibm.websphere.samples.daytrader.entities.HoldingDataBean,com.ibm.websphere.samples.daytrader.entities.HoldingDataBean,6
daytrader,15,seed15_solution009,com.ibm.websphere.samples.daytrader.entities.OrderDataBean,com.ibm.websphere.samples.daytrader.entities.OrderDataBean,0
daytrader,15,seed15_solution009,com.ibm.websphere.samples.daytrader.entities.QuoteDataBean,com.ibm.websphere.samples.daytrader.entities.QuoteDataBean,0
daytrader,15,seed15_solution009,com.ibm.websphere.samples.daytrader.util.CompleteOrderThread,com.ibm.websphere.samples.daytrader.util.CompleteOrderThread,7
daytrader,15,seed15_solution009,com.ibm.websphere.samples.daytrader.util.FinancialUtils,com.ibm.websphere.samples.daytrader.util.FinancialUtils,8
daytrader,15,seed15_solution009,com.ibm.websphere.samples.daytrader.util.KeyBlock,com.ibm.websphere.samples.daytrader.util.KeyBlock,2
daytrader,15,seed15_solution009,com.ibm.websphere.samples.daytrader.util.KeyBlock$KeyBlockIterator,com.ibm.websphere.samples.daytrader.util.KeyBlock$KeyBlockIterator,2
daytrader,15,seed15_solution009,com.ibm.websphere.samples.daytrader.util.Log,com.ibm.websphere.samples.daytrader.util.Log,0
daytrader,15,seed15_solution009,com.ibm.websphere.samples.daytrader.util.MDBStats,com.ibm.websphere.samples.daytrader.util.MDBStats,9
daytrader,15,seed15_solution009,com.ibm.websphere.samples.daytrader.util.TimerStat,com.ibm.websphere.samples.daytrader.util.TimerStat,9
daytrader,15,seed15_solution009,com.ibm.websphere.samples.daytrader.util.TradeConfig,com.ibm.websphere.samples.daytrader.util.TradeConfig,0
daytrader,15,seed15_solution009,com.ibm.websphere.samples.daytrader.util.WebSocketJMSMessage,com.ibm.websphere.samples.daytrader.util.WebSocketJMSMessage,1
daytrader,15,seed15_solution009,com.ibm.websphere.samples.daytrader.web.OrdersAlertFilter,com.ibm.websphere.samples.daytrader.web.OrdersAlertFilter,10
daytrader,15,seed15_solution009,com.ibm.websphere.samples.daytrader.web.TradeAppServlet,com.ibm.websphere.samples.daytrader.web.TradeAppServlet,0
daytrader,15,seed15_solution009,com.ibm.websphere.samples.daytrader.web.TradeServletAction,com.ibm.websphere.samples.daytrader.web.TradeServletAction,0
daytrader,15,seed15_solution009,com.ibm.websphere.samples.daytrader.web.TradeWebContextListener,com.ibm.websphere.samples.daytrader.web.TradeWebContextListener,0
daytrader,15,seed15_solution009,com.ibm.websphere.samples.daytrader.web.jsf.AccountDataJSF,com.ibm.websphere.samples.daytrader.web.jsf.AccountDataJSF,0
daytrader,15,seed15_solution009,com.ibm.websphere.samples.daytrader.web.jsf.ExternalContextProducer,com.ibm.websphere.samples.daytrader.web.jsf.ExternalContextProducer,6
daytrader,15,seed15_solution009,com.ibm.websphere.samples.daytrader.web.jsf.HoldingData,com.ibm.websphere.samples.daytrader.web.jsf.HoldingData,8
daytrader,15,seed15_solution009,com.ibm.websphere.samples.daytrader.web.jsf.JSFLoginFilter,com.ibm.websphere.samples.daytrader.web.jsf.JSFLoginFilter,11
daytrader,15,seed15_solution009,com.ibm.websphere.samples.daytrader.web.jsf.LoginValidator,com.ibm.websphere.samples.daytrader.web.jsf.LoginValidator,12
daytrader,15,seed15_solution009,com.ibm.websphere.samples.daytrader.web.jsf.MarketSummaryJSF,com.ibm.websphere.samples.daytrader.web.jsf.MarketSummaryJSF,8
daytrader,15,seed15_solution009,com.ibm.websphere.samples.daytrader.web.jsf.OrderData,com.ibm.websphere.samples.daytrader.web.jsf.OrderData,13
daytrader,15,seed15_solution009,com.ibm.websphere.samples.daytrader.web.jsf.OrderDataJSF,com.ibm.websphere.samples.daytrader.web.jsf.OrderDataJSF,13
daytrader,15,seed15_solution009,com.ibm.websphere.samples.daytrader.web.jsf.PortfolioJSF,com.ibm.websphere.samples.daytrader.web.jsf.PortfolioJSF,8
daytrader,15,seed15_solution009,com.ibm.websphere.samples.daytrader.web.jsf.QuoteData,com.ibm.websphere.samples.daytrader.web.jsf.QuoteData,8
daytrader,15,seed15_solution009,com.ibm.websphere.samples.daytrader.web.jsf.QuoteJSF,com.ibm.websphere.samples.daytrader.web.jsf.QuoteJSF,8
daytrader,15,seed15_solution009,com.ibm.websphere.samples.daytrader.web.jsf.TradeActionProducer,com.ibm.websphere.samples.daytrader.web.jsf.TradeActionProducer,14
daytrader,15,seed15_solution009,com.ibm.websphere.samples.daytrader.web.jsf.TradeAppJSF,com.ibm.websphere.samples.daytrader.web.jsf.TradeAppJSF,15
daytrader,15,seed15_solution009,com.ibm.websphere.samples.daytrader.web.jsf.TradeConfigJSF,com.ibm.websphere.samples.daytrader.web.jsf.TradeConfigJSF,0
daytrader,15,seed15_solution009,com.ibm.websphere.samples.daytrader.web.websocket.ActionDecoder,com.ibm.websphere.samples.daytrader.web.websocket.ActionDecoder,16
daytrader,15,seed15_solution009,com.ibm.websphere.samples.daytrader.web.websocket.ActionMessage,com.ibm.websphere.samples.daytrader.web.websocket.ActionMessage,16
daytrader,15,seed15_solution009,com.ibm.websphere.samples.daytrader.web.websocket.ActionMessage$1,com.ibm.websphere.samples.daytrader.web.websocket.ActionMessage$1,7
daytrader,15,seed15_solution009,com.ibm.websphere.samples.daytrader.web.websocket.JsonDecoder,com.ibm.websphere.samples.daytrader.web.websocket.JsonDecoder,17
daytrader,15,seed15_solution009,com.ibm.websphere.samples.daytrader.web.websocket.JsonEncoder,com.ibm.websphere.samples.daytrader.web.websocket.JsonEncoder,17
daytrader,15,seed15_solution009,com.ibm.websphere.samples.daytrader.web.websocket.JsonMessage,com.ibm.websphere.samples.daytrader.web.websocket.JsonMessage,17
daytrader,15,seed15_solution009,com.ibm.websphere.samples.daytrader.web.websocket.MarketSummaryWebSocket,com.ibm.websphere.samples.daytrader.web.websocket.MarketSummaryWebSocket,0
daytrader,15,seed15_solution009,com.ibm.websphere.samples.daytrader.web.websocket.RecentStockChangeList,com.ibm.websphere.samples.daytrader.web.websocket.RecentStockChangeList,18
daytrader,15,seed15_solution010,com.ibm.websphere.samples.daytrader.TradeAction,com.ibm.websphere.samples.daytrader.TradeAction,0
daytrader,15,seed15_solution010,com.ibm.websphere.samples.daytrader.TradeServices,com.ibm.websphere.samples.daytrader.TradeServices,0
daytrader,15,seed15_solution010,com.ibm.websphere.samples.daytrader.beans.MarketSummaryDataBean,com.ibm.websphere.samples.daytrader.beans.MarketSummaryDataBean,0
daytrader,15,seed15_solution010,com.ibm.websphere.samples.daytrader.beans.RunStatsDataBean,com.ibm.websphere.samples.daytrader.beans.RunStatsDataBean,0
daytrader,15,seed15_solution010,com.ibm.websphere.samples.daytrader.direct.KeySequenceDirect,com.ibm.websphere.samples.daytrader.direct.KeySequenceDirect,1
daytrader,15,seed15_solution010,com.ibm.websphere.samples.daytrader.direct.TradeDirect,com.ibm.websphere.samples.daytrader.direct.TradeDirect,0
daytrader,15,seed15_solution010,com.ibm.websphere.samples.daytrader.ejb3.DTBroker3MDB,com.ibm.websphere.samples.daytrader.ejb3.DTBroker3MDB,0
daytrader,15,seed15_solution010,com.ibm.websphere.samples.daytrader.ejb3.DTStreamer3MDB,com.ibm.websphere.samples.daytrader.ejb3.DTStreamer3MDB,0
daytrader,15,seed15_solution010,com.ibm.websphere.samples.daytrader.ejb3.MarketSummarySingleton,com.ibm.websphere.samples.daytrader.ejb3.MarketSummarySingleton,2
daytrader,15,seed15_solution010,com.ibm.websphere.samples.daytrader.ejb3.TradeSLSBBean,com.ibm.websphere.samples.daytrader.ejb3.TradeSLSBBean,0
daytrader,15,seed15_solution010,com.ibm.websphere.samples.daytrader.ejb3.TradeSLSBBean$quotePriceComparator,com.ibm.websphere.samples.daytrader.ejb3.TradeSLSBBean$quotePriceComparator,3
daytrader,15,seed15_solution010,com.ibm.websphere.samples.daytrader.ejb3.TradeSLSBLocal,com.ibm.websphere.samples.daytrader.ejb3.TradeSLSBLocal,4
daytrader,15,seed15_solution010,com.ibm.websphere.samples.daytrader.ejb3.TradeSLSBRemote,com.ibm.websphere.samples.daytrader.ejb3.TradeSLSBRemote,3
daytrader,15,seed15_solution010,com.ibm.websphere.samples.daytrader.entities.AccountDataBean,com.ibm.websphere.samples.daytrader.entities.AccountDataBean,0
daytrader,15,seed15_solution010,com.ibm.websphere.samples.daytrader.entities.AccountProfileDataBean,com.ibm.websphere.samples.daytrader.entities.AccountProfileDataBean,0
daytrader,15,seed15_solution010,com.ibm.websphere.samples.daytrader.entities.HoldingDataBean,com.ibm.websphere.samples.daytrader.entities.HoldingDataBean,0
daytrader,15,seed15_solution010,com.ibm.websphere.samples.daytrader.entities.OrderDataBean,com.ibm.websphere.samples.daytrader.entities.OrderDataBean,0
daytrader,15,seed15_solution010,com.ibm.websphere.samples.daytrader.entities.QuoteDataBean,com.ibm.websphere.samples.daytrader.entities.QuoteDataBean,0
daytrader,15,seed15_solution010,com.ibm.websphere.samples.daytrader.util.CompleteOrderThread,com.ibm.websphere.samples.daytrader.util.CompleteOrderThread,4
daytrader,15,seed15_solution010,com.ibm.websphere.samples.daytrader.util.FinancialUtils,com.ibm.websphere.samples.daytrader.util.FinancialUtils,5
daytrader,15,seed15_solution010,com.ibm.websphere.samples.daytrader.util.KeyBlock,com.ibm.websphere.samples.daytrader.util.KeyBlock,1
daytrader,15,seed15_solution010,com.ibm.websphere.samples.daytrader.util.KeyBlock$KeyBlockIterator,com.ibm.websphere.samples.daytrader.util.KeyBlock$KeyBlockIterator,1
daytrader,15,seed15_solution010,com.ibm.websphere.samples.daytrader.util.Log,com.ibm.websphere.samples.daytrader.util.Log,0
daytrader,15,seed15_solution010,com.ibm.websphere.samples.daytrader.util.MDBStats,com.ibm.websphere.samples.daytrader.util.MDBStats,6
daytrader,15,seed15_solution010,com.ibm.websphere.samples.daytrader.util.TimerStat,com.ibm.websphere.samples.daytrader.util.TimerStat,7
daytrader,15,seed15_solution010,com.ibm.websphere.samples.daytrader.util.TradeConfig,com.ibm.websphere.samples.daytrader.util.TradeConfig,0
daytrader,15,seed15_solution010,com.ibm.websphere.samples.daytrader.util.WebSocketJMSMessage,com.ibm.websphere.samples.daytrader.util.WebSocketJMSMessage,7
daytrader,15,seed15_solution010,com.ibm.websphere.samples.daytrader.web.OrdersAlertFilter,com.ibm.websphere.samples.daytrader.web.OrdersAlertFilter,6
daytrader,15,seed15_solution010,com.ibm.websphere.samples.daytrader.web.TradeAppServlet,com.ibm.websphere.samples.daytrader.web.TradeAppServlet,0
daytrader,15,seed15_solution010,com.ibm.websphere.samples.daytrader.web.TradeServletAction,com.ibm.websphere.samples.daytrader.web.TradeServletAction,0
daytrader,15,seed15_solution010,com.ibm.websphere.samples.daytrader.web.TradeWebContextListener,com.ibm.websphere.samples.daytrader.web.TradeWebContextListener,1
daytrader,15,seed15_solution010,com.ibm.websphere.samples.daytrader.web.jsf.AccountDataJSF,com.ibm.websphere.samples.daytrader.web.jsf.AccountDataJSF,0
daytrader,15,seed15_solution010,com.ibm.websphere.samples.daytrader.web.jsf.ExternalContextProducer,com.ibm.websphere.samples.daytrader.web.jsf.ExternalContextProducer,8
daytrader,15,seed15_solution010,com.ibm.websphere.samples.daytrader.web.jsf.HoldingData,com.ibm.websphere.samples.daytrader.web.jsf.HoldingData,9
daytrader,15,seed15_solution010,com.ibm.websphere.samples.daytrader.web.jsf.JSFLoginFilter,com.ibm.websphere.samples.daytrader.web.jsf.JSFLoginFilter,2
daytrader,15,seed15_solution010,com.ibm.websphere.samples.daytrader.web.jsf.LoginValidator,com.ibm.websphere.samples.daytrader.web.jsf.LoginValidator,2
daytrader,15,seed15_solution010,com.ibm.websphere.samples.daytrader.web.jsf.MarketSummaryJSF,com.ibm.websphere.samples.daytrader.web.jsf.MarketSummaryJSF,9
daytrader,15,seed15_solution010,com.ibm.websphere.samples.daytrader.web.jsf.OrderData,com.ibm.websphere.samples.daytrader.web.jsf.OrderData,2
daytrader,15,seed15_solution010,com.ibm.websphere.samples.daytrader.web.jsf.OrderDataJSF,com.ibm.websphere.samples.daytrader.web.jsf.OrderDataJSF,2
daytrader,15,seed15_solution010,com.ibm.websphere.samples.daytrader.web.jsf.PortfolioJSF,com.ibm.websphere.samples.daytrader.web.jsf.PortfolioJSF,5
daytrader,15,seed15_solution010,com.ibm.websphere.samples.daytrader.web.jsf.QuoteData,com.ibm.websphere.samples.daytrader.web.jsf.QuoteData,2
daytrader,15,seed15_solution010,com.ibm.websphere.samples.daytrader.web.jsf.QuoteJSF,com.ibm.websphere.samples.daytrader.web.jsf.QuoteJSF,9
daytrader,15,seed15_solution010,com.ibm.websphere.samples.daytrader.web.jsf.TradeActionProducer,com.ibm.websphere.samples.daytrader.web.jsf.TradeActionProducer,10
daytrader,15,seed15_solution010,com.ibm.websphere.samples.daytrader.web.jsf.TradeAppJSF,com.ibm.websphere.samples.daytrader.web.jsf.TradeAppJSF,8
daytrader,15,seed15_solution010,com.ibm.websphere.samples.daytrader.web.jsf.TradeConfigJSF,com.ibm.websphere.samples.daytrader.web.jsf.TradeConfigJSF,0
daytrader,15,seed15_solution010,com.ibm.websphere.samples.daytrader.web.websocket.ActionDecoder,com.ibm.websphere.samples.daytrader.web.websocket.ActionDecoder,11
daytrader,15,seed15_solution010,com.ibm.websphere.samples.daytrader.web.websocket.ActionMessage,com.ibm.websphere.samples.daytrader.web.websocket.ActionMessage,11
daytrader,15,seed15_solution010,com.ibm.websphere.samples.daytrader.web.websocket.ActionMessage$1,com.ibm.websphere.samples.daytrader.web.websocket.ActionMessage$1,12
daytrader,15,seed15_solution010,com.ibm.websphere.samples.daytrader.web.websocket.JsonDecoder,com.ibm.websphere.samples.daytrader.web.websocket.JsonDecoder,10
daytrader,15,seed15_solution010,com.ibm.websphere.samples.daytrader.web.websocket.JsonEncoder,com.ibm.websphere.samples.daytrader.web.websocket.JsonEncoder,13
daytrader,15,seed15_solution010,com.ibm.websphere.samples.daytrader.web.websocket.JsonMessage,com.ibm.websphere.samples.daytrader.web.websocket.JsonMessage,13
daytrader,15,seed15_solution010,com.ibm.websphere.samples.daytrader.web.websocket.MarketSummaryWebSocket,com.ibm.websphere.samples.daytrader.web.websocket.MarketSummaryWebSocket,0
daytrader,15,seed15_solution010,com.ibm.websphere.samples.daytrader.web.websocket.RecentStockChangeList,com.ibm.websphere.samples.daytrader.web.websocket.RecentStockChangeList,14
daytrader,15,seed15_solution011,com.ibm.websphere.samples.daytrader.TradeAction,com.ibm.websphere.samples.daytrader.TradeAction,0
daytrader,15,seed15_solution011,com.ibm.websphere.samples.daytrader.TradeServices,com.ibm.websphere.samples.daytrader.TradeServices,0
daytrader,15,seed15_solution011,com.ibm.websphere.samples.daytrader.beans.MarketSummaryDataBean,com.ibm.websphere.samples.daytrader.beans.MarketSummaryDataBean,0
daytrader,15,seed15_solution011,com.ibm.websphere.samples.daytrader.beans.RunStatsDataBean,com.ibm.websphere.samples.daytrader.beans.RunStatsDataBean,0
daytrader,15,seed15_solution011,com.ibm.websphere.samples.daytrader.direct.KeySequenceDirect,com.ibm.websphere.samples.daytrader.direct.KeySequenceDirect,1
daytrader,15,seed15_solution011,com.ibm.websphere.samples.daytrader.direct.TradeDirect,com.ibm.websphere.samples.daytrader.direct.TradeDirect,0
daytrader,15,seed15_solution011,com.ibm.websphere.samples.daytrader.ejb3.DTBroker3MDB,com.ibm.websphere.samples.daytrader.ejb3.DTBroker3MDB,0
daytrader,15,seed15_solution011,com.ibm.websphere.samples.daytrader.ejb3.DTStreamer3MDB,com.ibm.websphere.samples.daytrader.ejb3.DTStreamer3MDB,0
daytrader,15,seed15_solution011,com.ibm.websphere.samples.daytrader.ejb3.MarketSummarySingleton,com.ibm.websphere.samples.daytrader.ejb3.MarketSummarySingleton,2
daytrader,15,seed15_solution011,com.ibm.websphere.samples.daytrader.ejb3.TradeSLSBBean,com.ibm.websphere.samples.daytrader.ejb3.TradeSLSBBean,0
daytrader,15,seed15_solution011,com.ibm.websphere.samples.daytrader.ejb3.TradeSLSBBean$quotePriceComparator,com.ibm.websphere.samples.daytrader.ejb3.TradeSLSBBean$quotePriceComparator,3
daytrader,15,seed15_solution011,com.ibm.websphere.samples.daytrader.ejb3.TradeSLSBLocal,com.ibm.websphere.samples.daytrader.ejb3.TradeSLSBLocal,3
daytrader,15,seed15_solution011,com.ibm.websphere.samples.daytrader.ejb3.TradeSLSBRemote,com.ibm.websphere.samples.daytrader.ejb3.TradeSLSBRemote,4
daytrader,15,seed15_solution011,com.ibm.websphere.samples.daytrader.entities.AccountDataBean,com.ibm.websphere.samples.daytrader.entities.AccountDataBean,0
daytrader,15,seed15_solution011,com.ibm.websphere.samples.daytrader.entities.AccountProfileDataBean,com.ibm.websphere.samples.daytrader.entities.AccountProfileDataBean,0
daytrader,15,seed15_solution011,com.ibm.websphere.samples.daytrader.entities.HoldingDataBean,com.ibm.websphere.samples.daytrader.entities.HoldingDataBean,0
daytrader,15,seed15_solution011,com.ibm.websphere.samples.daytrader.entities.OrderDataBean,com.ibm.websphere.samples.daytrader.entities.OrderDataBean,0
daytrader,15,seed15_solution011,com.ibm.websphere.samples.daytrader.entities.QuoteDataBean,com.ibm.websphere.samples.daytrader.entities.QuoteDataBean,0
daytrader,15,seed15_solution011,com.ibm.websphere.samples.daytrader.util.CompleteOrderThread,com.ibm.websphere.samples.daytrader.util.CompleteOrderThread,5
daytrader,15,seed15_solution011,com.ibm.websphere.samples.daytrader.util.FinancialUtils,com.ibm.websphere.samples.daytrader.util.FinancialUtils,6
daytrader,15,seed15_solution011,com.ibm.websphere.samples.daytrader.util.KeyBlock,com.ibm.websphere.samples.daytrader.util.KeyBlock,1
daytrader,15,seed15_solution011,com.ibm.websphere.samples.daytrader.util.KeyBlock$KeyBlockIterator,com.ibm.websphere.samples.daytrader.util.KeyBlock$KeyBlockIterator,1
daytrader,15,seed15_solution011,com.ibm.websphere.samples.daytrader.util.Log,com.ibm.websphere.samples.daytrader.util.Log,0
daytrader,15,seed15_solution011,com.ibm.websphere.samples.daytrader.util.MDBStats,com.ibm.websphere.samples.daytrader.util.MDBStats,7
daytrader,15,seed15_solution011,com.ibm.websphere.samples.daytrader.util.TimerStat,com.ibm.websphere.samples.daytrader.util.TimerStat,6
daytrader,15,seed15_solution011,com.ibm.websphere.samples.daytrader.util.TradeConfig,com.ibm.websphere.samples.daytrader.util.TradeConfig,0
daytrader,15,seed15_solution011,com.ibm.websphere.samples.daytrader.util.WebSocketJMSMessage,com.ibm.websphere.samples.daytrader.util.WebSocketJMSMessage,7
daytrader,15,seed15_solution011,com.ibm.websphere.samples.daytrader.web.OrdersAlertFilter,com.ibm.websphere.samples.daytrader.web.OrdersAlertFilter,8
daytrader,15,seed15_solution011,com.ibm.websphere.samples.daytrader.web.TradeAppServlet,com.ibm.websphere.samples.daytrader.web.TradeAppServlet,0
daytrader,15,seed15_solution011,com.ibm.websphere.samples.daytrader.web.TradeServletAction,com.ibm.websphere.samples.daytrader.web.TradeServletAction,0
daytrader,15,seed15_solution011,com.ibm.websphere.samples.daytrader.web.TradeWebContextListener,com.ibm.websphere.samples.daytrader.web.TradeWebContextListener,0
daytrader,15,seed15_solution011,com.ibm.websphere.samples.daytrader.web.jsf.AccountDataJSF,com.ibm.websphere.samples.daytrader.web.jsf.AccountDataJSF,0
daytrader,15,seed15_solution011,com.ibm.websphere.samples.daytrader.web.jsf.ExternalContextProducer,com.ibm.websphere.samples.daytrader.web.jsf.ExternalContextProducer,9
daytrader,15,seed15_solution011,com.ibm.websphere.samples.daytrader.web.jsf.HoldingData,com.ibm.websphere.samples.daytrader.web.jsf.HoldingData,6
daytrader,15,seed15_solution011,com.ibm.websphere.samples.daytrader.web.jsf.JSFLoginFilter,com.ibm.websphere.samples.daytrader.web.jsf.JSFLoginFilter,7
daytrader,15,seed15_solution011,com.ibm.websphere.samples.daytrader.web.jsf.LoginValidator,com.ibm.websphere.samples.daytrader.web.jsf.LoginValidator,10
daytrader,15,seed15_solution011,com.ibm.websphere.samples.daytrader.web.jsf.MarketSummaryJSF,com.ibm.websphere.samples.daytrader.web.jsf.MarketSummaryJSF,6
daytrader,15,seed15_solution011,com.ibm.websphere.samples.daytrader.web.jsf.OrderData,com.ibm.websphere.samples.daytrader.web.jsf.OrderData,5
daytrader,15,seed15_solution011,com.ibm.websphere.samples.daytrader.web.jsf.OrderDataJSF,com.ibm.websphere.samples.daytrader.web.jsf.OrderDataJSF,6
daytrader,15,seed15_solution011,com.ibm.websphere.samples.daytrader.web.jsf.PortfolioJSF,com.ibm.websphere.samples.daytrader.web.jsf.PortfolioJSF,5
daytrader,15,seed15_solution011,com.ibm.websphere.samples.daytrader.web.jsf.QuoteData,com.ibm.websphere.samples.daytrader.web.jsf.QuoteData,5
daytrader,15,seed15_solution011,com.ibm.websphere.samples.daytrader.web.jsf.QuoteJSF,com.ibm.websphere.samples.daytrader.web.jsf.QuoteJSF,6
daytrader,15,seed15_solution011,com.ibm.websphere.samples.daytrader.web.jsf.TradeActionProducer,com.ibm.websphere.samples.daytrader.web.jsf.TradeActionProducer,11
daytrader,15,seed15_solution011,com.ibm.websphere.samples.daytrader.web.jsf.TradeAppJSF,com.ibm.websphere.samples.daytrader.web.jsf.TradeAppJSF,10
daytrader,15,seed15_solution011,com.ibm.websphere.samples.daytrader.web.jsf.TradeConfigJSF,com.ibm.websphere.samples.daytrader.web.jsf.TradeConfigJSF,0
daytrader,15,seed15_solution011,com.ibm.websphere.samples.daytrader.web.websocket.ActionDecoder,com.ibm.websphere.samples.daytrader.web.websocket.ActionDecoder,12
daytrader,15,seed15_solution011,com.ibm.websphere.samples.daytrader.web.websocket.ActionMessage,com.ibm.websphere.samples.daytrader.web.websocket.ActionMessage,12
daytrader,15,seed15_solution011,com.ibm.websphere.samples.daytrader.web.websocket.ActionMessage$1,com.ibm.websphere.samples.daytrader.web.websocket.ActionMessage$1,5
daytrader,15,seed15_solution011,com.ibm.websphere.samples.daytrader.web.websocket.JsonDecoder,com.ibm.websphere.samples.daytrader.web.websocket.JsonDecoder,13
daytrader,15,seed15_solution011,com.ibm.websphere.samples.daytrader.web.websocket.JsonEncoder,com.ibm.websphere.samples.daytrader.web.websocket.JsonEncoder,13
daytrader,15,seed15_solution011,com.ibm.websphere.samples.daytrader.web.websocket.JsonMessage,com.ibm.websphere.samples.daytrader.web.websocket.JsonMessage,13
daytrader,15,seed15_solution011,com.ibm.websphere.samples.daytrader.web.websocket.MarketSummaryWebSocket,com.ibm.websphere.samples.daytrader.web.websocket.MarketSummaryWebSocket,14
daytrader,15,seed15_solution011,com.ibm.websphere.samples.daytrader.web.websocket.RecentStockChangeList,com.ibm.websphere.samples.daytrader.web.websocket.RecentStockChangeList,15
daytrader,15,seed15_solution012,com.ibm.websphere.samples.daytrader.TradeAction,com.ibm.websphere.samples.daytrader.TradeAction,0
daytrader,15,seed15_solution012,com.ibm.websphere.samples.daytrader.TradeServices,com.ibm.websphere.samples.daytrader.TradeServices,0
daytrader,15,seed15_solution012,com.ibm.websphere.samples.daytrader.beans.MarketSummaryDataBean,com.ibm.websphere.samples.daytrader.beans.MarketSummaryDataBean,1
daytrader,15,seed15_solution012,com.ibm.websphere.samples.daytrader.beans.RunStatsDataBean,com.ibm.websphere.samples.daytrader.beans.RunStatsDataBean,0
daytrader,15,seed15_solution012,com.ibm.websphere.samples.daytrader.direct.KeySequenceDirect,com.ibm.websphere.samples.daytrader.direct.KeySequenceDirect,2
daytrader,15,seed15_solution012,com.ibm.websphere.samples.daytrader.direct.TradeDirect,com.ibm.websphere.samples.daytrader.direct.TradeDirect,0
daytrader,15,seed15_solution012,com.ibm.websphere.samples.daytrader.ejb3.DTBroker3MDB,com.ibm.websphere.samples.daytrader.ejb3.DTBroker3MDB,0
daytrader,15,seed15_solution012,com.ibm.websphere.samples.daytrader.ejb3.DTStreamer3MDB,com.ibm.websphere.samples.daytrader.ejb3.DTStreamer3MDB,0
daytrader,15,seed15_solution012,com.ibm.websphere.samples.daytrader.ejb3.MarketSummarySingleton,com.ibm.websphere.samples.daytrader.ejb3.MarketSummarySingleton,3
daytrader,15,seed15_solution012,com.ibm.websphere.samples.daytrader.ejb3.TradeSLSBBean,com.ibm.websphere.samples.daytrader.ejb3.TradeSLSBBean,0
daytrader,15,seed15_solution012,com.ibm.websphere.samples.daytrader.ejb3.TradeSLSBBean$quotePriceComparator,com.ibm.websphere.samples.daytrader.ejb3.TradeSLSBBean$quotePriceComparator,4
daytrader,15,seed15_solution012,com.ibm.websphere.samples.daytrader.ejb3.TradeSLSBLocal,com.ibm.websphere.samples.daytrader.ejb3.TradeSLSBLocal,5
daytrader,15,seed15_solution012,com.ibm.websphere.samples.daytrader.ejb3.TradeSLSBRemote,com.ibm.websphere.samples.daytrader.ejb3.TradeSLSBRemote,1
daytrader,15,seed15_solution012,com.ibm.websphere.samples.daytrader.entities.AccountDataBean,com.ibm.websphere.samples.daytrader.entities.AccountDataBean,0
daytrader,15,seed15_solution012,com.ibm.websphere.samples.daytrader.entities.AccountProfileDataBean,com.ibm.websphere.samples.daytrader.entities.AccountProfileDataBean,0
daytrader,15,seed15_solution012,com.ibm.websphere.samples.daytrader.entities.HoldingDataBean,com.ibm.websphere.samples.daytrader.entities.HoldingDataBean,0
daytrader,15,seed15_solution012,com.ibm.websphere.samples.daytrader.entities.OrderDataBean,com.ibm.websphere.samples.daytrader.entities.OrderDataBean,0
daytrader,15,seed15_solution012,com.ibm.websphere.samples.daytrader.entities.QuoteDataBean,com.ibm.websphere.samples.daytrader.entities.QuoteDataBean,0
daytrader,15,seed15_solution012,com.ibm.websphere.samples.daytrader.util.CompleteOrderThread,com.ibm.websphere.samples.daytrader.util.CompleteOrderThread,5
daytrader,15,seed15_solution012,com.ibm.websphere.samples.daytrader.util.FinancialUtils,com.ibm.websphere.samples.daytrader.util.FinancialUtils,6
daytrader,15,seed15_solution012,com.ibm.websphere.samples.daytrader.util.KeyBlock,com.ibm.websphere.samples.daytrader.util.KeyBlock,2
daytrader,15,seed15_solution012,com.ibm.websphere.samples.daytrader.util.KeyBlock$KeyBlockIterator,com.ibm.websphere.samples.daytrader.util.KeyBlock$KeyBlockIterator,2
daytrader,15,seed15_solution012,com.ibm.websphere.samples.daytrader.util.Log,com.ibm.websphere.samples.daytrader.util.Log,0
daytrader,15,seed15_solution012,com.ibm.websphere.samples.daytrader.util.MDBStats,com.ibm.websphere.samples.daytrader.util.MDBStats,7
daytrader,15,seed15_solution012,com.ibm.websphere.samples.daytrader.util.TimerStat,com.ibm.websphere.samples.daytrader.util.TimerStat,7
daytrader,15,seed15_solution012,com.ibm.websphere.samples.daytrader.util.TradeConfig,com.ibm.websphere.samples.daytrader.util.TradeConfig,0
daytrader,15,seed15_solution012,com.ibm.websphere.samples.daytrader.util.WebSocketJMSMessage,com.ibm.websphere.samples.daytrader.util.WebSocketJMSMessage,8
daytrader,15,seed15_solution012,com.ibm.websphere.samples.daytrader.web.OrdersAlertFilter,com.ibm.websphere.samples.daytrader.web.OrdersAlertFilter,9
daytrader,15,seed15_solution012,com.ibm.websphere.samples.daytrader.web.TradeAppServlet,com.ibm.websphere.samples.daytrader.web.TradeAppServlet,0
daytrader,15,seed15_solution012,com.ibm.websphere.samples.daytrader.web.TradeServletAction,com.ibm.websphere.samples.daytrader.web.TradeServletAction,0
daytrader,15,seed15_solution012,com.ibm.websphere.samples.daytrader.web.TradeWebContextListener,com.ibm.websphere.samples.daytrader.web.TradeWebContextListener,0
daytrader,15,seed15_solution012,com.ibm.websphere.samples.daytrader.web.jsf.AccountDataJSF,com.ibm.websphere.samples.daytrader.web.jsf.AccountDataJSF,0
daytrader,15,seed15_solution012,com.ibm.websphere.samples.daytrader.web.jsf.ExternalContextProducer,com.ibm.websphere.samples.daytrader.web.jsf.ExternalContextProducer,10
daytrader,15,seed15_solution012,com.ibm.websphere.samples.daytrader.web.jsf.HoldingData,com.ibm.websphere.samples.daytrader.web.jsf.HoldingData,6
daytrader,15,seed15_solution012,com.ibm.websphere.samples.daytrader.web.jsf.JSFLoginFilter,com.ibm.websphere.samples.daytrader.web.jsf.JSFLoginFilter,11
daytrader,15,seed15_solution012,com.ibm.websphere.samples.daytrader.web.jsf.LoginValidator,com.ibm.websphere.samples.daytrader.web.jsf.LoginValidator,6
daytrader,15,seed15_solution012,com.ibm.websphere.samples.daytrader.web.jsf.MarketSummaryJSF,com.ibm.websphere.samples.daytrader.web.jsf.MarketSummaryJSF,6
daytrader,15,seed15_solution012,com.ibm.websphere.samples.daytrader.web.jsf.OrderData,com.ibm.websphere.samples.daytrader.web.jsf.OrderData,6
daytrader,15,seed15_solution012,com.ibm.websphere.samples.daytrader.web.jsf.OrderDataJSF,com.ibm.websphere.samples.daytrader.web.jsf.OrderDataJSF,6
daytrader,15,seed15_solution012,com.ibm.websphere.samples.daytrader.web.jsf.PortfolioJSF,com.ibm.websphere.samples.daytrader.web.jsf.PortfolioJSF,6
daytrader,15,seed15_solution012,com.ibm.websphere.samples.daytrader.web.jsf.QuoteData,com.ibm.websphere.samples.daytrader.web.jsf.QuoteData,6
daytrader,15,seed15_solution012,com.ibm.websphere.samples.daytrader.web.jsf.QuoteJSF,com.ibm.websphere.samples.daytrader.web.jsf.QuoteJSF,6
daytrader,15,seed15_solution012,com.ibm.websphere.samples.daytrader.web.jsf.TradeActionProducer,com.ibm.websphere.samples.daytrader.web.jsf.TradeActionProducer,12
daytrader,15,seed15_solution012,com.ibm.websphere.samples.daytrader.web.jsf.TradeAppJSF,com.ibm.websphere.samples.daytrader.web.jsf.TradeAppJSF,13
daytrader,15,seed15_solution012,com.ibm.websphere.samples.daytrader.web.jsf.TradeConfigJSF,com.ibm.websphere.samples.daytrader.web.jsf.TradeConfigJSF,8
daytrader,15,seed15_solution012,com.ibm.websphere.samples.daytrader.web.websocket.ActionDecoder,com.ibm.websphere.samples.daytrader.web.websocket.ActionDecoder,11
daytrader,15,seed15_solution012,com.ibm.websphere.samples.daytrader.web.websocket.ActionMessage,com.ibm.websphere.samples.daytrader.web.websocket.ActionMessage,11
daytrader,15,seed15_solution012,com.ibm.websphere.samples.daytrader.web.websocket.ActionMessage$1,com.ibm.websphere.samples.daytrader.web.websocket.ActionMessage$1,14
daytrader,15,seed15_solution012,com.ibm.websphere.samples.daytrader.web.websocket.JsonDecoder,com.ibm.websphere.samples.daytrader.web.websocket.JsonDecoder,15
daytrader,15,seed15_solution012,com.ibm.websphere.samples.daytrader.web.websocket.JsonEncoder,com.ibm.websphere.samples.daytrader.web.websocket.JsonEncoder,15
daytrader,15,seed15_solution012,com.ibm.websphere.samples.daytrader.web.websocket.JsonMessage,com.ibm.websphere.samples.daytrader.web.websocket.JsonMessage,15
daytrader,15,seed15_solution012,com.ibm.websphere.samples.daytrader.web.websocket.MarketSummaryWebSocket,com.ibm.websphere.samples.daytrader.web.websocket.MarketSummaryWebSocket,0
daytrader,15,seed15_solution012,com.ibm.websphere.samples.daytrader.web.websocket.RecentStockChangeList,com.ibm.websphere.samples.daytrader.web.websocket.RecentStockChangeList,16
daytrader,15,seed15_solution013,com.ibm.websphere.samples.daytrader.TradeAction,com.ibm.websphere.samples.daytrader.TradeAction,0
daytrader,15,seed15_solution013,com.ibm.websphere.samples.daytrader.TradeServices,com.ibm.websphere.samples.daytrader.TradeServices,0
daytrader,15,seed15_solution013,com.ibm.websphere.samples.daytrader.beans.MarketSummaryDataBean,com.ibm.websphere.samples.daytrader.beans.MarketSummaryDataBean,1
daytrader,15,seed15_solution013,com.ibm.websphere.samples.daytrader.beans.RunStatsDataBean,com.ibm.websphere.samples.daytrader.beans.RunStatsDataBean,0
daytrader,15,seed15_solution013,com.ibm.websphere.samples.daytrader.direct.KeySequenceDirect,com.ibm.websphere.samples.daytrader.direct.KeySequenceDirect,0
daytrader,15,seed15_solution013,com.ibm.websphere.samples.daytrader.direct.TradeDirect,com.ibm.websphere.samples.daytrader.direct.TradeDirect,0
daytrader,15,seed15_solution013,com.ibm.websphere.samples.daytrader.ejb3.DTBroker3MDB,com.ibm.websphere.samples.daytrader.ejb3.DTBroker3MDB,0
daytrader,15,seed15_solution013,com.ibm.websphere.samples.daytrader.ejb3.DTStreamer3MDB,com.ibm.websphere.samples.daytrader.ejb3.DTStreamer3MDB,0
daytrader,15,seed15_solution013,com.ibm.websphere.samples.daytrader.ejb3.MarketSummarySingleton,com.ibm.websphere.samples.daytrader.ejb3.MarketSummarySingleton,2
daytrader,15,seed15_solution013,com.ibm.websphere.samples.daytrader.ejb3.TradeSLSBBean,com.ibm.websphere.samples.daytrader.ejb3.TradeSLSBBean,0
daytrader,15,seed15_solution013,com.ibm.websphere.samples.daytrader.ejb3.TradeSLSBBean$quotePriceComparator,com.ibm.websphere.samples.daytrader.ejb3.TradeSLSBBean$quotePriceComparator,3
daytrader,15,seed15_solution013,com.ibm.websphere.samples.daytrader.ejb3.TradeSLSBLocal,com.ibm.websphere.samples.daytrader.ejb3.TradeSLSBLocal,4
daytrader,15,seed15_solution013,com.ibm.websphere.samples.daytrader.ejb3.TradeSLSBRemote,com.ibm.websphere.samples.daytrader.ejb3.TradeSLSBRemote,5
daytrader,15,seed15_solution013,com.ibm.websphere.samples.daytrader.entities.AccountDataBean,com.ibm.websphere.samples.daytrader.entities.AccountDataBean,2
daytrader,15,seed15_solution013,com.ibm.websphere.samples.daytrader.entities.AccountProfileDataBean,com.ibm.websphere.samples.daytrader.entities.AccountProfileDataBean,0
daytrader,15,seed15_solution013,com.ibm.websphere.samples.daytrader.entities.HoldingDataBean,com.ibm.websphere.samples.daytrader.entities.HoldingDataBean,0
daytrader,15,seed15_solution013,com.ibm.websphere.samples.daytrader.entities.OrderDataBean,com.ibm.websphere.samples.daytrader.entities.OrderDataBean,0
daytrader,15,seed15_solution013,com.ibm.websphere.samples.daytrader.entities.QuoteDataBean,com.ibm.websphere.samples.daytrader.entities.QuoteDataBean,0
daytrader,15,seed15_solution013,com.ibm.websphere.samples.daytrader.util.CompleteOrderThread,com.ibm.websphere.samples.daytrader.util.CompleteOrderThread,6
daytrader,15,seed15_solution013,com.ibm.websphere.samples.daytrader.util.FinancialUtils,com.ibm.websphere.samples.daytrader.util.FinancialUtils,7
daytrader,15,seed15_solution013,com.ibm.websphere.samples.daytrader.util.KeyBlock,com.ibm.websphere.samples.daytrader.util.KeyBlock,8
daytrader,15,seed15_solution013,com.ibm.websphere.samples.daytrader.util.KeyBlock$KeyBlockIterator,com.ibm.websphere.samples.daytrader.util.KeyBlock$KeyBlockIterator,8
daytrader,15,seed15_solution013,com.ibm.websphere.samples.daytrader.util.Log,com.ibm.websphere.samples.daytrader.util.Log,0
daytrader,15,seed15_solution013,com.ibm.websphere.samples.daytrader.util.MDBStats,com.ibm.websphere.samples.daytrader.util.MDBStats,9
daytrader,15,seed15_solution013,com.ibm.websphere.samples.daytrader.util.TimerStat,com.ibm.websphere.samples.daytrader.util.TimerStat,9
daytrader,15,seed15_solution013,com.ibm.websphere.samples.daytrader.util.TradeConfig,com.ibm.websphere.samples.daytrader.util.TradeConfig,0
daytrader,15,seed15_solution013,com.ibm.websphere.samples.daytrader.util.WebSocketJMSMessage,com.ibm.websphere.samples.daytrader.util.WebSocketJMSMessage,4
daytrader,15,seed15_solution013,com.ibm.websphere.samples.daytrader.web.OrdersAlertFilter,com.ibm.websphere.samples.daytrader.web.OrdersAlertFilter,10
daytrader,15,seed15_solution013,com.ibm.websphere.samples.daytrader.web.TradeAppServlet,com.ibm.websphere.samples.daytrader.web.TradeAppServlet,0
daytrader,15,seed15_solution013,com.ibm.websphere.samples.daytrader.web.TradeServletAction,com.ibm.websphere.samples.daytrader.web.TradeServletAction,0
daytrader,15,seed15_solution013,com.ibm.websphere.samples.daytrader.web.TradeWebContextListener,com.ibm.websphere.samples.daytrader.web.TradeWebContextListener,0
daytrader,15,seed15_solution013,com.ibm.websphere.samples.daytrader.web.jsf.AccountDataJSF,com.ibm.websphere.samples.daytrader.web.jsf.AccountDataJSF,0
daytrader,15,seed15_solution013,com.ibm.websphere.samples.daytrader.web.jsf.ExternalContextProducer,com.ibm.websphere.samples.daytrader.web.jsf.ExternalContextProducer,11
daytrader,15,seed15_solution013,com.ibm.websphere.samples.daytrader.web.jsf.HoldingData,com.ibm.websphere.samples.daytrader.web.jsf.HoldingData,7
daytrader,15,seed15_solution013,com.ibm.websphere.samples.daytrader.web.jsf.JSFLoginFilter,com.ibm.websphere.samples.daytrader.web.jsf.JSFLoginFilter,12
daytrader,15,seed15_solution013,com.ibm.websphere.samples.daytrader.web.jsf.LoginValidator,com.ibm.websphere.samples.daytrader.web.jsf.LoginValidator,13
daytrader,15,seed15_solution013,com.ibm.websphere.samples.daytrader.web.jsf.MarketSummaryJSF,com.ibm.websphere.samples.daytrader.web.jsf.MarketSummaryJSF,7
daytrader,15,seed15_solution013,com.ibm.websphere.samples.daytrader.web.jsf.OrderData,com.ibm.websphere.samples.daytrader.web.jsf.OrderData,14
daytrader,15,seed15_solution013,com.ibm.websphere.samples.daytrader.web.jsf.OrderDataJSF,com.ibm.websphere.samples.daytrader.web.jsf.OrderDataJSF,14
daytrader,15,seed15_solution013,com.ibm.websphere.samples.daytrader.web.jsf.PortfolioJSF,com.ibm.websphere.samples.daytrader.web.jsf.PortfolioJSF,7
daytrader,15,seed15_solution013,com.ibm.websphere.samples.daytrader.web.jsf.QuoteData,com.ibm.websphere.samples.daytrader.web.jsf.QuoteData,7
daytrader,15,seed15_solution013,com.ibm.websphere.samples.daytrader.web.jsf.QuoteJSF,com.ibm.websphere.samples.daytrader.web.jsf.QuoteJSF,3
daytrader,15,seed15_solution013,com.ibm.websphere.samples.daytrader.web.jsf.TradeActionProducer,com.ibm.websphere.samples.daytrader.web.jsf.TradeActionProducer,15
daytrader,15,seed15_solution013,com.ibm.websphere.samples.daytrader.web.jsf.TradeAppJSF,com.ibm.websphere.samples.daytrader.web.jsf.TradeAppJSF,16
daytrader,15,seed15_solution013,com.ibm.websphere.samples.daytrader.web.jsf.TradeConfigJSF,com.ibm.websphere.samples.daytrader.web.jsf.TradeConfigJSF,0
daytrader,15,seed15_solution013,com.ibm.websphere.samples.daytrader.web.websocket.ActionDecoder,com.ibm.websphere.samples.daytrader.web.websocket.ActionDecoder,17
daytrader,15,seed15_solution013,com.ibm.websphere.samples.daytrader.web.websocket.ActionMessage,com.ibm.websphere.samples.daytrader.web.websocket.ActionMessage,17
daytrader,15,seed15_solution013,com.ibm.websphere.samples.daytrader.web.websocket.ActionMessage$1,com.ibm.websphere.samples.daytrader.web.websocket.ActionMessage$1,6
daytrader,15,seed15_solution013,com.ibm.websphere.samples.daytrader.web.websocket.JsonDecoder,com.ibm.websphere.samples.daytrader.web.websocket.JsonDecoder,1
daytrader,15,seed15_solution013,com.ibm.websphere.samples.daytrader.web.websocket.JsonEncoder,com.ibm.websphere.samples.daytrader.web.websocket.JsonEncoder,1
daytrader,15,seed15_solution013,com.ibm.websphere.samples.daytrader.web.websocket.JsonMessage,com.ibm.websphere.samples.daytrader.web.websocket.JsonMessage,1
daytrader,15,seed15_solution013,com.ibm.websphere.samples.daytrader.web.websocket.MarketSummaryWebSocket,com.ibm.websphere.samples.daytrader.web.websocket.MarketSummaryWebSocket,0
daytrader,15,seed15_solution013,com.ibm.websphere.samples.daytrader.web.websocket.RecentStockChangeList,com.ibm.websphere.samples.daytrader.web.websocket.RecentStockChangeList,18
daytrader,15,seed15_solution014,com.ibm.websphere.samples.daytrader.TradeAction,com.ibm.websphere.samples.daytrader.TradeAction,0
daytrader,15,seed15_solution014,com.ibm.websphere.samples.daytrader.TradeServices,com.ibm.websphere.samples.daytrader.TradeServices,0
daytrader,15,seed15_solution014,com.ibm.websphere.samples.daytrader.beans.MarketSummaryDataBean,com.ibm.websphere.samples.daytrader.beans.MarketSummaryDataBean,0
daytrader,15,seed15_solution014,com.ibm.websphere.samples.daytrader.beans.RunStatsDataBean,com.ibm.websphere.samples.daytrader.beans.RunStatsDataBean,0
daytrader,15,seed15_solution014,com.ibm.websphere.samples.daytrader.direct.KeySequenceDirect,com.ibm.websphere.samples.daytrader.direct.KeySequenceDirect,1
daytrader,15,seed15_solution014,com.ibm.websphere.samples.daytrader.direct.TradeDirect,com.ibm.websphere.samples.daytrader.direct.TradeDirect,0
daytrader,15,seed15_solution014,com.ibm.websphere.samples.daytrader.ejb3.DTBroker3MDB,com.ibm.websphere.samples.daytrader.ejb3.DTBroker3MDB,0
daytrader,15,seed15_solution014,com.ibm.websphere.samples.daytrader.ejb3.DTStreamer3MDB,com.ibm.websphere.samples.daytrader.ejb3.DTStreamer3MDB,0
daytrader,15,seed15_solution014,com.ibm.websphere.samples.daytrader.ejb3.MarketSummarySingleton,com.ibm.websphere.samples.daytrader.ejb3.MarketSummarySingleton,2
daytrader,15,seed15_solution014,com.ibm.websphere.samples.daytrader.ejb3.TradeSLSBBean,com.ibm.websphere.samples.daytrader.ejb3.TradeSLSBBean,0
daytrader,15,seed15_solution014,com.ibm.websphere.samples.daytrader.ejb3.TradeSLSBBean$quotePriceComparator,com.ibm.websphere.samples.daytrader.ejb3.TradeSLSBBean$quotePriceComparator,3
daytrader,15,seed15_solution014,com.ibm.websphere.samples.daytrader.ejb3.TradeSLSBLocal,com.ibm.websphere.samples.daytrader.ejb3.TradeSLSBLocal,4
daytrader,15,seed15_solution014,com.ibm.websphere.samples.daytrader.ejb3.TradeSLSBRemote,com.ibm.websphere.samples.daytrader.ejb3.TradeSLSBRemote,5
daytrader,15,seed15_solution014,com.ibm.websphere.samples.daytrader.entities.AccountDataBean,com.ibm.websphere.samples.daytrader.entities.AccountDataBean,0
daytrader,15,seed15_solution014,com.ibm.websphere.samples.daytrader.entities.AccountProfileDataBean,com.ibm.websphere.samples.daytrader.entities.AccountProfileDataBean,0
daytrader,15,seed15_solution014,com.ibm.websphere.samples.daytrader.entities.HoldingDataBean,com.ibm.websphere.samples.daytrader.entities.HoldingDataBean,0
daytrader,15,seed15_solution014,com.ibm.websphere.samples.daytrader.entities.OrderDataBean,com.ibm.websphere.samples.daytrader.entities.OrderDataBean,0
daytrader,15,seed15_solution014,com.ibm.websphere.samples.daytrader.entities.QuoteDataBean,com.ibm.websphere.samples.daytrader.entities.QuoteDataBean,6
daytrader,15,seed15_solution014,com.ibm.websphere.samples.daytrader.util.CompleteOrderThread,com.ibm.websphere.samples.daytrader.util.CompleteOrderThread,7
daytrader,15,seed15_solution014,com.ibm.websphere.samples.daytrader.util.FinancialUtils,com.ibm.websphere.samples.daytrader.util.FinancialUtils,8
daytrader,15,seed15_solution014,com.ibm.websphere.samples.daytrader.util.KeyBlock,com.ibm.websphere.samples.daytrader.util.KeyBlock,1
daytrader,15,seed15_solution014,com.ibm.websphere.samples.daytrader.util.KeyBlock$KeyBlockIterator,com.ibm.websphere.samples.daytrader.util.KeyBlock$KeyBlockIterator,1
daytrader,15,seed15_solution014,com.ibm.websphere.samples.daytrader.util.Log,com.ibm.websphere.samples.daytrader.util.Log,0
daytrader,15,seed15_solution014,com.ibm.websphere.samples.daytrader.util.MDBStats,com.ibm.websphere.samples.daytrader.util.MDBStats,9
daytrader,15,seed15_solution014,com.ibm.websphere.samples.daytrader.util.TimerStat,com.ibm.websphere.samples.daytrader.util.TimerStat,9
daytrader,15,seed15_solution014,com.ibm.websphere.samples.daytrader.util.TradeConfig,com.ibm.websphere.samples.daytrader.util.TradeConfig,0
daytrader,15,seed15_solution014,com.ibm.websphere.samples.daytrader.util.WebSocketJMSMessage,com.ibm.websphere.samples.daytrader.util.WebSocketJMSMessage,4
daytrader,15,seed15_solution014,com.ibm.websphere.samples.daytrader.web.OrdersAlertFilter,com.ibm.websphere.samples.daytrader.web.OrdersAlertFilter,6
daytrader,15,seed15_solution014,com.ibm.websphere.samples.daytrader.web.TradeAppServlet,com.ibm.websphere.samples.daytrader.web.TradeAppServlet,0
daytrader,15,seed15_solution014,com.ibm.websphere.samples.daytrader.web.TradeServletAction,com.ibm.websphere.samples.daytrader.web.TradeServletAction,0
daytrader,15,seed15_solution014,com.ibm.websphere.samples.daytrader.web.TradeWebContextListener,com.ibm.websphere.samples.daytrader.web.TradeWebContextListener,0
daytrader,15,seed15_solution014,com.ibm.websphere.samples.daytrader.web.jsf.AccountDataJSF,com.ibm.websphere.samples.daytrader.web.jsf.AccountDataJSF,0
daytrader,15,seed15_solution014,com.ibm.websphere.samples.daytrader.web.jsf.ExternalContextProducer,com.ibm.websphere.samples.daytrader.web.jsf.ExternalContextProducer,5
daytrader,15,seed15_solution014,com.ibm.websphere.samples.daytrader.web.jsf.HoldingData,com.ibm.websphere.samples.daytrader.web.jsf.HoldingData,8
daytrader,15,seed15_solution014,com.ibm.websphere.samples.daytrader.web.jsf.JSFLoginFilter,com.ibm.websphere.samples.daytrader.web.jsf.JSFLoginFilter,10
daytrader,15,seed15_solution014,com.ibm.websphere.samples.daytrader.web.jsf.LoginValidator,com.ibm.websphere.samples.daytrader.web.jsf.LoginValidator,11
daytrader,15,seed15_solution014,com.ibm.websphere.samples.daytrader.web.jsf.MarketSummaryJSF,com.ibm.websphere.samples.daytrader.web.jsf.MarketSummaryJSF,8
daytrader,15,seed15_solution014,com.ibm.websphere.samples.daytrader.web.jsf.OrderData,com.ibm.websphere.samples.daytrader.web.jsf.OrderData,12
daytrader,15,seed15_solution014,com.ibm.websphere.samples.daytrader.web.jsf.OrderDataJSF,com.ibm.websphere.samples.daytrader.web.jsf.OrderDataJSF,12
daytrader,15,seed15_solution014,com.ibm.websphere.samples.daytrader.web.jsf.PortfolioJSF,com.ibm.websphere.samples.daytrader.web.jsf.PortfolioJSF,8
daytrader,15,seed15_solution014,com.ibm.websphere.samples.daytrader.web.jsf.QuoteData,com.ibm.websphere.samples.daytrader.web.jsf.QuoteData,8
daytrader,15,seed15_solution014,com.ibm.websphere.samples.daytrader.web.jsf.QuoteJSF,com.ibm.websphere.samples.daytrader.web.jsf.QuoteJSF,8
daytrader,15,seed15_solution014,com.ibm.websphere.samples.daytrader.web.jsf.TradeActionProducer,com.ibm.websphere.samples.daytrader.web.jsf.TradeActionProducer,13
daytrader,15,seed15_solution014,com.ibm.websphere.samples.daytrader.web.jsf.TradeAppJSF,com.ibm.websphere.samples.daytrader.web.jsf.TradeAppJSF,14
daytrader,15,seed15_solution014,com.ibm.websphere.samples.daytrader.web.jsf.TradeConfigJSF,com.ibm.websphere.samples.daytrader.web.jsf.TradeConfigJSF,0
daytrader,15,seed15_solution014,com.ibm.websphere.samples.daytrader.web.websocket.ActionDecoder,com.ibm.websphere.samples.daytrader.web.websocket.ActionDecoder,15
daytrader,15,seed15_solution014,com.ibm.websphere.samples.daytrader.web.websocket.ActionMessage,com.ibm.websphere.samples.daytrader.web.websocket.ActionMessage,15
daytrader,15,seed15_solution014,com.ibm.websphere.samples.daytrader.web.websocket.ActionMessage$1,com.ibm.websphere.samples.daytrader.web.websocket.ActionMessage$1,7
daytrader,15,seed15_solution014,com.ibm.websphere.samples.daytrader.web.websocket.JsonDecoder,com.ibm.websphere.samples.daytrader.web.websocket.JsonDecoder,16
daytrader,15,seed15_solution014,com.ibm.websphere.samples.daytrader.web.websocket.JsonEncoder,com.ibm.websphere.samples.daytrader.web.websocket.JsonEncoder,16
daytrader,15,seed15_solution014,com.ibm.websphere.samples.daytrader.web.websocket.JsonMessage,com.ibm.websphere.samples.daytrader.web.websocket.JsonMessage,16
daytrader,15,seed15_solution014,com.ibm.websphere.samples.daytrader.web.websocket.MarketSummaryWebSocket,com.ibm.websphere.samples.daytrader.web.websocket.MarketSummaryWebSocket,0
daytrader,15,seed15_solution014,com.ibm.websphere.samples.daytrader.web.websocket.RecentStockChangeList,com.ibm.websphere.samples.daytrader.web.websocket.RecentStockChangeList,17
daytrader,15,seed15_solution015,com.ibm.websphere.samples.daytrader.TradeAction,com.ibm.websphere.samples.daytrader.TradeAction,0
daytrader,15,seed15_solution015,com.ibm.websphere.samples.daytrader.TradeServices,com.ibm.websphere.samples.daytrader.TradeServices,0
daytrader,15,seed15_solution015,com.ibm.websphere.samples.daytrader.beans.MarketSummaryDataBean,com.ibm.websphere.samples.daytrader.beans.MarketSummaryDataBean,1
daytrader,15,seed15_solution015,com.ibm.websphere.samples.daytrader.beans.RunStatsDataBean,com.ibm.websphere.samples.daytrader.beans.RunStatsDataBean,0
daytrader,15,seed15_solution015,com.ibm.websphere.samples.daytrader.direct.KeySequenceDirect,com.ibm.websphere.samples.daytrader.direct.KeySequenceDirect,1
daytrader,15,seed15_solution015,com.ibm.websphere.samples.daytrader.direct.TradeDirect,com.ibm.websphere.samples.daytrader.direct.TradeDirect,0
daytrader,15,seed15_solution015,com.ibm.websphere.samples.daytrader.ejb3.DTBroker3MDB,com.ibm.websphere.samples.daytrader.ejb3.DTBroker3MDB,0
daytrader,15,seed15_solution015,com.ibm.websphere.samples.daytrader.ejb3.DTStreamer3MDB,com.ibm.websphere.samples.daytrader.ejb3.DTStreamer3MDB,2
daytrader,15,seed15_solution015,com.ibm.websphere.samples.daytrader.ejb3.MarketSummarySingleton,com.ibm.websphere.samples.daytrader.ejb3.MarketSummarySingleton,3
daytrader,15,seed15_solution015,com.ibm.websphere.samples.daytrader.ejb3.TradeSLSBBean,com.ibm.websphere.samples.daytrader.ejb3.TradeSLSBBean,0
daytrader,15,seed15_solution015,com.ibm.websphere.samples.daytrader.ejb3.TradeSLSBBean$quotePriceComparator,com.ibm.websphere.samples.daytrader.ejb3.TradeSLSBBean$quotePriceComparator,2
daytrader,15,seed15_solution015,com.ibm.websphere.samples.daytrader.ejb3.TradeSLSBLocal,com.ibm.websphere.samples.daytrader.ejb3.TradeSLSBLocal,3
daytrader,15,seed15_solution015,com.ibm.websphere.samples.daytrader.ejb3.TradeSLSBRemote,com.ibm.websphere.samples.daytrader.ejb3.TradeSLSBRemote,3
daytrader,15,seed15_solution015,com.ibm.websphere.samples.daytrader.entities.AccountDataBean,com.ibm.websphere.samples.daytrader.entities.AccountDataBean,0
daytrader,15,seed15_solution015,com.ibm.websphere.samples.daytrader.entities.AccountProfileDataBean,com.ibm.websphere.samples.daytrader.entities.AccountProfileDataBean,0
daytrader,15,seed15_solution015,com.ibm.websphere.samples.daytrader.entities.HoldingDataBean,com.ibm.websphere.samples.daytrader.entities.HoldingDataBean,4
daytrader,15,seed15_solution015,com.ibm.websphere.samples.daytrader.entities.OrderDataBean,com.ibm.websphere.samples.daytrader.entities.OrderDataBean,0
daytrader,15,seed15_solution015,com.ibm.websphere.samples.daytrader.entities.QuoteDataBean,com.ibm.websphere.samples.daytrader.entities.QuoteDataBean,0
daytrader,15,seed15_solution015,com.ibm.websphere.samples.daytrader.util.CompleteOrderThread,com.ibm.websphere.samples.daytrader.util.CompleteOrderThread,5
daytrader,15,seed15_solution015,com.ibm.websphere.samples.daytrader.util.FinancialUtils,com.ibm.websphere.samples.daytrader.util.FinancialUtils,4
daytrader,15,seed15_solution015,com.ibm.websphere.samples.daytrader.util.KeyBlock,com.ibm.websphere.samples.daytrader.util.KeyBlock,6
daytrader,15,seed15_solution015,com.ibm.websphere.samples.daytrader.util.KeyBlock$KeyBlockIterator,com.ibm.websphere.samples.daytrader.util.KeyBlock$KeyBlockIterator,6
daytrader,15,seed15_solution015,com.ibm.websphere.samples.daytrader.util.Log,com.ibm.websphere.samples.daytrader.util.Log,0
daytrader,15,seed15_solution015,com.ibm.websphere.samples.daytrader.util.MDBStats,com.ibm.websphere.samples.daytrader.util.MDBStats,7
daytrader,15,seed15_solution015,com.ibm.websphere.samples.daytrader.util.TimerStat,com.ibm.websphere.samples.daytrader.util.TimerStat,1
daytrader,15,seed15_solution015,com.ibm.websphere.samples.daytrader.util.TradeConfig,com.ibm.websphere.samples.daytrader.util.TradeConfig,0
daytrader,15,seed15_solution015,com.ibm.websphere.samples.daytrader.util.WebSocketJMSMessage,com.ibm.websphere.samples.daytrader.util.WebSocketJMSMessage,8
daytrader,15,seed15_solution015,com.ibm.websphere.samples.daytrader.web.OrdersAlertFilter,com.ibm.websphere.samples.daytrader.web.OrdersAlertFilter,9
daytrader,15,seed15_solution015,com.ibm.websphere.samples.daytrader.web.TradeAppServlet,com.ibm.websphere.samples.daytrader.web.TradeAppServlet,0
daytrader,15,seed15_solution015,com.ibm.websphere.samples.daytrader.web.TradeServletAction,com.ibm.websphere.samples.daytrader.web.TradeServletAction,0
daytrader,15,seed15_solution015,com.ibm.websphere.samples.daytrader.web.TradeWebContextListener,com.ibm.websphere.samples.daytrader.web.TradeWebContextListener,0
daytrader,15,seed15_solution015,com.ibm.websphere.samples.daytrader.web.jsf.AccountDataJSF,com.ibm.websphere.samples.daytrader.web.jsf.AccountDataJSF,0
daytrader,15,seed15_solution015,com.ibm.websphere.samples.daytrader.web.jsf.ExternalContextProducer,com.ibm.websphere.samples.daytrader.web.jsf.ExternalContextProducer,3
daytrader,15,seed15_solution015,com.ibm.websphere.samples.daytrader.web.jsf.HoldingData,com.ibm.websphere.samples.daytrader.web.jsf.HoldingData,1
daytrader,15,seed15_solution015,com.ibm.websphere.samples.daytrader.web.jsf.JSFLoginFilter,com.ibm.websphere.samples.daytrader.web.jsf.JSFLoginFilter,3
daytrader,15,seed15_solution015,com.ibm.websphere.samples.daytrader.web.jsf.LoginValidator,com.ibm.websphere.samples.daytrader.web.jsf.LoginValidator,10
daytrader,15,seed15_solution015,com.ibm.websphere.samples.daytrader.web.jsf.MarketSummaryJSF,com.ibm.websphere.samples.daytrader.web.jsf.MarketSummaryJSF,8
daytrader,15,seed15_solution015,com.ibm.websphere.samples.daytrader.web.jsf.OrderData,com.ibm.websphere.samples.daytrader.web.jsf.OrderData,11
daytrader,15,seed15_solution015,com.ibm.websphere.samples.daytrader.web.jsf.OrderDataJSF,com.ibm.websphere.samples.daytrader.web.jsf.OrderDataJSF,11
daytrader,15,seed15_solution015,com.ibm.websphere.samples.daytrader.web.jsf.PortfolioJSF,com.ibm.websphere.samples.daytrader.web.jsf.PortfolioJSF,1
daytrader,15,seed15_solution015,com.ibm.websphere.samples.daytrader.web.jsf.QuoteData,com.ibm.websphere.samples.daytrader.web.jsf.QuoteData,8
daytrader,15,seed15_solution015,com.ibm.websphere.samples.daytrader.web.jsf.QuoteJSF,com.ibm.websphere.samples.daytrader.web.jsf.QuoteJSF,4
daytrader,15,seed15_solution015,com.ibm.websphere.samples.daytrader.web.jsf.TradeActionProducer,com.ibm.websphere.samples.daytrader.web.jsf.TradeActionProducer,8
daytrader,15,seed15_solution015,com.ibm.websphere.samples.daytrader.web.jsf.TradeAppJSF,com.ibm.websphere.samples.daytrader.web.jsf.TradeAppJSF,12
daytrader,15,seed15_solution015,com.ibm.websphere.samples.daytrader.web.jsf.TradeConfigJSF,com.ibm.websphere.samples.daytrader.web.jsf.TradeConfigJSF,0
daytrader,15,seed15_solution015,com.ibm.websphere.samples.daytrader.web.websocket.ActionDecoder,com.ibm.websphere.samples.daytrader.web.websocket.ActionDecoder,13
daytrader,15,seed15_solution015,com.ibm.websphere.samples.daytrader.web.websocket.ActionMessage,com.ibm.websphere.samples.daytrader.web.websocket.ActionMessage,13
daytrader,15,seed15_solution015,com.ibm.websphere.samples.daytrader.web.websocket.ActionMessage$1,com.ibm.websphere.samples.daytrader.web.websocket.ActionMessage$1,8
daytrader,15,seed15_solution015,com.ibm.websphere.samples.daytrader.web.websocket.JsonDecoder,com.ibm.websphere.samples.daytrader.web.websocket.JsonDecoder,1
daytrader,15,seed15_solution015,com.ibm.websphere.samples.daytrader.web.websocket.JsonEncoder,com.ibm.websphere.samples.daytrader.web.websocket.JsonEncoder,1
daytrader,15,seed15_solution015,com.ibm.websphere.samples.daytrader.web.websocket.JsonMessage,com.ibm.websphere.samples.daytrader.web.websocket.JsonMessage,1
daytrader,15,seed15_solution015,com.ibm.websphere.samples.daytrader.web.websocket.MarketSummaryWebSocket,com.ibm.websphere.samples.daytrader.web.websocket.MarketSummaryWebSocket,0
daytrader,15,seed15_solution015,com.ibm.websphere.samples.daytrader.web.websocket.RecentStockChangeList,com.ibm.websphere.samples.daytrader.web.websocket.RecentStockChangeList,14
daytrader,15,seed15_solution016,com.ibm.websphere.samples.daytrader.TradeAction,com.ibm.websphere.samples.daytrader.TradeAction,0
daytrader,15,seed15_solution016,com.ibm.websphere.samples.daytrader.TradeServices,com.ibm.websphere.samples.daytrader.TradeServices,0
daytrader,15,seed15_solution016,com.ibm.websphere.samples.daytrader.beans.MarketSummaryDataBean,com.ibm.websphere.samples.daytrader.beans.MarketSummaryDataBean,0
daytrader,15,seed15_solution016,com.ibm.websphere.samples.daytrader.beans.RunStatsDataBean,com.ibm.websphere.samples.daytrader.beans.RunStatsDataBean,0
daytrader,15,seed15_solution016,com.ibm.websphere.samples.daytrader.direct.KeySequenceDirect,com.ibm.websphere.samples.daytrader.direct.KeySequenceDirect,1
daytrader,15,seed15_solution016,com.ibm.websphere.samples.daytrader.direct.TradeDirect,com.ibm.websphere.samples.daytrader.direct.TradeDirect,0
daytrader,15,seed15_solution016,com.ibm.websphere.samples.daytrader.ejb3.DTBroker3MDB,com.ibm.websphere.samples.daytrader.ejb3.DTBroker3MDB,0
daytrader,15,seed15_solution016,com.ibm.websphere.samples.daytrader.ejb3.DTStreamer3MDB,com.ibm.websphere.samples.daytrader.ejb3.DTStreamer3MDB,0
daytrader,15,seed15_solution016,com.ibm.websphere.samples.daytrader.ejb3.MarketSummarySingleton,com.ibm.websphere.samples.daytrader.ejb3.MarketSummarySingleton,2
daytrader,15,seed15_solution016,com.ibm.websphere.samples.daytrader.ejb3.TradeSLSBBean,com.ibm.websphere.samples.daytrader.ejb3.TradeSLSBBean,0
daytrader,15,seed15_solution016,com.ibm.websphere.samples.daytrader.ejb3.TradeSLSBBean$quotePriceComparator,com.ibm.websphere.samples.daytrader.ejb3.TradeSLSBBean$quotePriceComparator,2
daytrader,15,seed15_solution016,com.ibm.websphere.samples.daytrader.ejb3.TradeSLSBLocal,com.ibm.websphere.samples.daytrader.ejb3.TradeSLSBLocal,3
daytrader,15,seed15_solution016,com.ibm.websphere.samples.daytrader.ejb3.TradeSLSBRemote,com.ibm.websphere.samples.daytrader.ejb3.TradeSLSBRemote,4
daytrader,15,seed15_solution016,com.ibm.websphere.samples.daytrader.entities.AccountDataBean,com.ibm.websphere.samples.daytrader.entities.AccountDataBean,2
daytrader,15,seed15_solution016,com.ibm.websphere.samples.daytrader.entities.AccountProfileDataBean,com.ibm.websphere.samples.daytrader.entities.AccountProfileDataBean,0
daytrader,15,seed15_solution016,com.ibm.websphere.samples.daytrader.entities.HoldingDataBean,com.ibm.websphere.samples.daytrader.entities.HoldingDataBean,0
daytrader,15,seed15_solution016,com.ibm.websphere.samples.daytrader.entities.OrderDataBean,com.ibm.websphere.samples.daytrader.entities.OrderDataBean,0
daytrader,15,seed15_solution016,com.ibm.websphere.samples.daytrader.entities.QuoteDataBean,com.ibm.websphere.samples.daytrader.entities.QuoteDataBean,0
daytrader,15,seed15_solution016,com.ibm.websphere.samples.daytrader.util.CompleteOrderThread,com.ibm.websphere.samples.daytrader.util.CompleteOrderThread,3
daytrader,15,seed15_solution016,com.ibm.websphere.samples.daytrader.util.FinancialUtils,com.ibm.websphere.samples.daytrader.util.FinancialUtils,3
daytrader,15,seed15_solution016,com.ibm.websphere.samples.daytrader.util.KeyBlock,com.ibm.websphere.samples.daytrader.util.KeyBlock,5
daytrader,15,seed15_solution016,com.ibm.websphere.samples.daytrader.util.KeyBlock$KeyBlockIterator,com.ibm.websphere.samples.daytrader.util.KeyBlock$KeyBlockIterator,1
daytrader,15,seed15_solution016,com.ibm.websphere.samples.daytrader.util.Log,com.ibm.websphere.samples.daytrader.util.Log,0
daytrader,15,seed15_solution016,com.ibm.websphere.samples.daytrader.util.MDBStats,com.ibm.websphere.samples.daytrader.util.MDBStats,6
daytrader,15,seed15_solution016,com.ibm.websphere.samples.daytrader.util.TimerStat,com.ibm.websphere.samples.daytrader.util.TimerStat,6
daytrader,15,seed15_solution016,com.ibm.websphere.samples.daytrader.util.TradeConfig,com.ibm.websphere.samples.daytrader.util.TradeConfig,0
daytrader,15,seed15_solution016,com.ibm.websphere.samples.daytrader.util.WebSocketJMSMessage,com.ibm.websphere.samples.daytrader.util.WebSocketJMSMessage,4
daytrader,15,seed15_solution016,com.ibm.websphere.samples.daytrader.web.OrdersAlertFilter,com.ibm.websphere.samples.daytrader.web.OrdersAlertFilter,7
daytrader,15,seed15_solution016,com.ibm.websphere.samples.daytrader.web.TradeAppServlet,com.ibm.websphere.samples.daytrader.web.TradeAppServlet,1
daytrader,15,seed15_solution016,com.ibm.websphere.samples.daytrader.web.TradeServletAction,com.ibm.websphere.samples.daytrader.web.TradeServletAction,0
daytrader,15,seed15_solution016,com.ibm.websphere.samples.daytrader.web.TradeWebContextListener,com.ibm.websphere.samples.daytrader.web.TradeWebContextListener,0
daytrader,15,seed15_solution016,com.ibm.websphere.samples.daytrader.web.jsf.AccountDataJSF,com.ibm.websphere.samples.daytrader.web.jsf.AccountDataJSF,0
daytrader,15,seed15_solution016,com.ibm.websphere.samples.daytrader.web.jsf.ExternalContextProducer,com.ibm.websphere.samples.daytrader.web.jsf.ExternalContextProducer,8
daytrader,15,seed15_solution016,com.ibm.websphere.samples.daytrader.web.jsf.HoldingData,com.ibm.websphere.samples.daytrader.web.jsf.HoldingData,9
daytrader,15,seed15_solution016,com.ibm.websphere.samples.daytrader.web.jsf.JSFLoginFilter,com.ibm.websphere.samples.daytrader.web.jsf.JSFLoginFilter,5
daytrader,15,seed15_solution016,com.ibm.websphere.samples.daytrader.web.jsf.LoginValidator,com.ibm.websphere.samples.daytrader.web.jsf.LoginValidator,10
daytrader,15,seed15_solution016,com.ibm.websphere.samples.daytrader.web.jsf.MarketSummaryJSF,com.ibm.websphere.samples.daytrader.web.jsf.MarketSummaryJSF,9
daytrader,15,seed15_solution016,com.ibm.websphere.samples.daytrader.web.jsf.OrderData,com.ibm.websphere.samples.daytrader.web.jsf.OrderData,11
daytrader,15,seed15_solution016,com.ibm.websphere.samples.daytrader.web.jsf.OrderDataJSF,com.ibm.websphere.samples.daytrader.web.jsf.OrderDataJSF,11
daytrader,15,seed15_solution016,com.ibm.websphere.samples.daytrader.web.jsf.PortfolioJSF,com.ibm.websphere.samples.daytrader.web.jsf.PortfolioJSF,0
daytrader,15,seed15_solution016,com.ibm.websphere.samples.daytrader.web.jsf.QuoteData,com.ibm.websphere.samples.daytrader.web.jsf.QuoteData,9
daytrader,15,seed15_solution016,com.ibm.websphere.samples.daytrader.web.jsf.QuoteJSF,com.ibm.websphere.samples.daytrader.web.jsf.QuoteJSF,3
daytrader,15,seed15_solution016,com.ibm.websphere.samples.daytrader.web.jsf.TradeActionProducer,com.ibm.websphere.samples.daytrader.web.jsf.TradeActionProducer,12
daytrader,15,seed15_solution016,com.ibm.websphere.samples.daytrader.web.jsf.TradeAppJSF,com.ibm.websphere.samples.daytrader.web.jsf.TradeAppJSF,9
daytrader,15,seed15_solution016,com.ibm.websphere.samples.daytrader.web.jsf.TradeConfigJSF,com.ibm.websphere.samples.daytrader.web.jsf.TradeConfigJSF,0
daytrader,15,seed15_solution016,com.ibm.websphere.samples.daytrader.web.websocket.ActionDecoder,com.ibm.websphere.samples.daytrader.web.websocket.ActionDecoder,7
daytrader,15,seed15_solution016,com.ibm.websphere.samples.daytrader.web.websocket.ActionMessage,com.ibm.websphere.samples.daytrader.web.websocket.ActionMessage,7
daytrader,15,seed15_solution016,com.ibm.websphere.samples.daytrader.web.websocket.ActionMessage$1,com.ibm.websphere.samples.daytrader.web.websocket.ActionMessage$1,7
daytrader,15,seed15_solution016,com.ibm.websphere.samples.daytrader.web.websocket.JsonDecoder,com.ibm.websphere.samples.daytrader.web.websocket.JsonDecoder,1
daytrader,15,seed15_solution016,com.ibm.websphere.samples.daytrader.web.websocket.JsonEncoder,com.ibm.websphere.samples.daytrader.web.websocket.JsonEncoder,1
daytrader,15,seed15_solution016,com.ibm.websphere.samples.daytrader.web.websocket.JsonMessage,com.ibm.websphere.samples.daytrader.web.websocket.JsonMessage,8
daytrader,15,seed15_solution016,com.ibm.websphere.samples.daytrader.web.websocket.MarketSummaryWebSocket,com.ibm.websphere.samples.daytrader.web.websocket.MarketSummaryWebSocket,0
daytrader,15,seed15_solution016,com.ibm.websphere.samples.daytrader.web.websocket.RecentStockChangeList,com.ibm.websphere.samples.daytrader.web.websocket.RecentStockChangeList,4
daytrader,15,seed15_solution017,com.ibm.websphere.samples.daytrader.TradeAction,com.ibm.websphere.samples.daytrader.TradeAction,0
daytrader,15,seed15_solution017,com.ibm.websphere.samples.daytrader.TradeServices,com.ibm.websphere.samples.daytrader.TradeServices,0
daytrader,15,seed15_solution017,com.ibm.websphere.samples.daytrader.beans.MarketSummaryDataBean,com.ibm.websphere.samples.daytrader.beans.MarketSummaryDataBean,0
daytrader,15,seed15_solution017,com.ibm.websphere.samples.daytrader.beans.RunStatsDataBean,com.ibm.websphere.samples.daytrader.beans.RunStatsDataBean,0
daytrader,15,seed15_solution017,com.ibm.websphere.samples.daytrader.direct.KeySequenceDirect,com.ibm.websphere.samples.daytrader.direct.KeySequenceDirect,1
daytrader,15,seed15_solution017,com.ibm.websphere.samples.daytrader.direct.TradeDirect,com.ibm.websphere.samples.daytrader.direct.TradeDirect,0
daytrader,15,seed15_solution017,com.ibm.websphere.samples.daytrader.ejb3.DTBroker3MDB,com.ibm.websphere.samples.daytrader.ejb3.DTBroker3MDB,0
daytrader,15,seed15_solution017,com.ibm.websphere.samples.daytrader.ejb3.DTStreamer3MDB,com.ibm.websphere.samples.daytrader.ejb3.DTStreamer3MDB,0
daytrader,15,seed15_solution017,com.ibm.websphere.samples.daytrader.ejb3.MarketSummarySingleton,com.ibm.websphere.samples.daytrader.ejb3.MarketSummarySingleton,1
daytrader,15,seed15_solution017,com.ibm.websphere.samples.daytrader.ejb3.TradeSLSBBean,com.ibm.websphere.samples.daytrader.ejb3.TradeSLSBBean,0
daytrader,15,seed15_solution017,com.ibm.websphere.samples.daytrader.ejb3.TradeSLSBBean$quotePriceComparator,com.ibm.websphere.samples.daytrader.ejb3.TradeSLSBBean$quotePriceComparator,2
daytrader,15,seed15_solution017,com.ibm.websphere.samples.daytrader.ejb3.TradeSLSBLocal,com.ibm.websphere.samples.daytrader.ejb3.TradeSLSBLocal,0
daytrader,15,seed15_solution017,com.ibm.websphere.samples.daytrader.ejb3.TradeSLSBRemote,com.ibm.websphere.samples.daytrader.ejb3.TradeSLSBRemote,3
daytrader,15,seed15_solution017,com.ibm.websphere.samples.daytrader.entities.AccountDataBean,com.ibm.websphere.samples.daytrader.entities.AccountDataBean,0
daytrader,15,seed15_solution017,com.ibm.websphere.samples.daytrader.entities.AccountProfileDataBean,com.ibm.websphere.samples.daytrader.entities.AccountProfileDataBean,0
daytrader,15,seed15_solution017,com.ibm.websphere.samples.daytrader.entities.HoldingDataBean,com.ibm.websphere.samples.daytrader.entities.HoldingDataBean,0
daytrader,15,seed15_solution017,com.ibm.websphere.samples.daytrader.entities.OrderDataBean,com.ibm.websphere.samples.daytrader.entities.OrderDataBean,0
daytrader,15,seed15_solution017,com.ibm.websphere.samples.daytrader.entities.QuoteDataBean,com.ibm.websphere.samples.daytrader.entities.QuoteDataBean,0
daytrader,15,seed15_solution017,com.ibm.websphere.samples.daytrader.util.CompleteOrderThread,com.ibm.websphere.samples.daytrader.util.CompleteOrderThread,0
daytrader,15,seed15_solution017,com.ibm.websphere.samples.daytrader.util.FinancialUtils,com.ibm.websphere.samples.daytrader.util.FinancialUtils,0
daytrader,15,seed15_solution017,com.ibm.websphere.samples.daytrader.util.KeyBlock,com.ibm.websphere.samples.daytrader.util.KeyBlock,1
daytrader,15,seed15_solution017,com.ibm.websphere.samples.daytrader.util.KeyBlock$KeyBlockIterator,com.ibm.websphere.samples.daytrader.util.KeyBlock$KeyBlockIterator,1
daytrader,15,seed15_solution017,com.ibm.websphere.samples.daytrader.util.Log,com.ibm.websphere.samples.daytrader.util.Log,0
daytrader,15,seed15_solution017,com.ibm.websphere.samples.daytrader.util.MDBStats,com.ibm.websphere.samples.daytrader.util.MDBStats,4
daytrader,15,seed15_solution017,com.ibm.websphere.samples.daytrader.util.TimerStat,com.ibm.websphere.samples.daytrader.util.TimerStat,4
daytrader,15,seed15_solution017,com.ibm.websphere.samples.daytrader.util.TradeConfig,com.ibm.websphere.samples.daytrader.util.TradeConfig,0
daytrader,15,seed15_solution017,com.ibm.websphere.samples.daytrader.util.WebSocketJMSMessage,com.ibm.websphere.samples.daytrader.util.WebSocketJMSMessage,5
daytrader,15,seed15_solution017,com.ibm.websphere.samples.daytrader.web.OrdersAlertFilter,com.ibm.websphere.samples.daytrader.web.OrdersAlertFilter,6
daytrader,15,seed15_solution017,com.ibm.websphere.samples.daytrader.web.TradeAppServlet,com.ibm.websphere.samples.daytrader.web.TradeAppServlet,0
daytrader,15,seed15_solution017,com.ibm.websphere.samples.daytrader.web.TradeServletAction,com.ibm.websphere.samples.daytrader.web.TradeServletAction,0
daytrader,15,seed15_solution017,com.ibm.websphere.samples.daytrader.web.TradeWebContextListener,com.ibm.websphere.samples.daytrader.web.TradeWebContextListener,7
daytrader,15,seed15_solution017,com.ibm.websphere.samples.daytrader.web.jsf.AccountDataJSF,com.ibm.websphere.samples.daytrader.web.jsf.AccountDataJSF,0
daytrader,15,seed15_solution017,com.ibm.websphere.samples.daytrader.web.jsf.ExternalContextProducer,com.ibm.websphere.samples.daytrader.web.jsf.ExternalContextProducer,8
daytrader,15,seed15_solution017,com.ibm.websphere.samples.daytrader.web.jsf.HoldingData,com.ibm.websphere.samples.daytrader.web.jsf.HoldingData,1
daytrader,15,seed15_solution017,com.ibm.websphere.samples.daytrader.web.jsf.JSFLoginFilter,com.ibm.websphere.samples.daytrader.web.jsf.JSFLoginFilter,9
daytrader,15,seed15_solution017,com.ibm.websphere.samples.daytrader.web.jsf.LoginValidator,com.ibm.websphere.samples.daytrader.web.jsf.LoginValidator,10
daytrader,15,seed15_solution017,com.ibm.websphere.samples.daytrader.web.jsf.MarketSummaryJSF,com.ibm.websphere.samples.daytrader.web.jsf.MarketSummaryJSF,7
daytrader,15,seed15_solution017,com.ibm.websphere.samples.daytrader.web.jsf.OrderData,com.ibm.websphere.samples.daytrader.web.jsf.OrderData,3
daytrader,15,seed15_solution017,com.ibm.websphere.samples.daytrader.web.jsf.OrderDataJSF,com.ibm.websphere.samples.daytrader.web.jsf.OrderDataJSF,3
daytrader,15,seed15_solution017,com.ibm.websphere.samples.daytrader.web.jsf.PortfolioJSF,com.ibm.websphere.samples.daytrader.web.jsf.PortfolioJSF,1
daytrader,15,seed15_solution017,com.ibm.websphere.samples.daytrader.web.jsf.QuoteData,com.ibm.websphere.samples.daytrader.web.jsf.QuoteData,7
daytrader,15,seed15_solution017,com.ibm.websphere.samples.daytrader.web.jsf.QuoteJSF,com.ibm.websphere.samples.daytrader.web.jsf.QuoteJSF,11
daytrader,15,seed15_solution017,com.ibm.websphere.samples.daytrader.web.jsf.TradeActionProducer,com.ibm.websphere.samples.daytrader.web.jsf.TradeActionProducer,12
daytrader,15,seed15_solution017,com.ibm.websphere.samples.daytrader.web.jsf.TradeAppJSF,com.ibm.websphere.samples.daytrader.web.jsf.TradeAppJSF,7
daytrader,15,seed15_solution017,com.ibm.websphere.samples.daytrader.web.jsf.TradeConfigJSF,com.ibm.websphere.samples.daytrader.web.jsf.TradeConfigJSF,2
daytrader,15,seed15_solution017,com.ibm.websphere.samples.daytrader.web.websocket.ActionDecoder,com.ibm.websphere.samples.daytrader.web.websocket.ActionDecoder,9
daytrader,15,seed15_solution017,com.ibm.websphere.samples.daytrader.web.websocket.ActionMessage,com.ibm.websphere.samples.daytrader.web.websocket.ActionMessage,5
daytrader,15,seed15_solution017,com.ibm.websphere.samples.daytrader.web.websocket.ActionMessage$1,com.ibm.websphere.samples.daytrader.web.websocket.ActionMessage$1,7
daytrader,15,seed15_solution017,com.ibm.websphere.samples.daytrader.web.websocket.JsonDecoder,com.ibm.websphere.samples.daytrader.web.websocket.JsonDecoder,2
daytrader,15,seed15_solution017,com.ibm.websphere.samples.daytrader.web.websocket.JsonEncoder,com.ibm.websphere.samples.daytrader.web.websocket.JsonEncoder,12
daytrader,15,seed15_solution017,com.ibm.websphere.samples.daytrader.web.websocket.JsonMessage,com.ibm.websphere.samples.daytrader.web.websocket.JsonMessage,12
daytrader,15,seed15_solution017,com.ibm.websphere.samples.daytrader.web.websocket.MarketSummaryWebSocket,com.ibm.websphere.samples.daytrader.web.websocket.MarketSummaryWebSocket,1
daytrader,15,seed15_solution017,com.ibm.websphere.samples.daytrader.web.websocket.RecentStockChangeList,com.ibm.websphere.samples.daytrader.web.websocket.RecentStockChangeList,7
daytrader,15,seed15_solution018,com.ibm.websphere.samples.daytrader.TradeAction,com.ibm.websphere.samples.daytrader.TradeAction,0
daytrader,15,seed15_solution018,com.ibm.websphere.samples.daytrader.TradeServices,com.ibm.websphere.samples.daytrader.TradeServices,0
daytrader,15,seed15_solution018,com.ibm.websphere.samples.daytrader.beans.MarketSummaryDataBean,com.ibm.websphere.samples.daytrader.beans.MarketSummaryDataBean,0
daytrader,15,seed15_solution018,com.ibm.websphere.samples.daytrader.beans.RunStatsDataBean,com.ibm.websphere.samples.daytrader.beans.RunStatsDataBean,0
daytrader,15,seed15_solution018,com.ibm.websphere.samples.daytrader.direct.KeySequenceDirect,com.ibm.websphere.samples.daytrader.direct.KeySequenceDirect,1
daytrader,15,seed15_solution018,com.ibm.websphere.samples.daytrader.direct.TradeDirect,com.ibm.websphere.samples.daytrader.direct.TradeDirect,0
daytrader,15,seed15_solution018,com.ibm.websphere.samples.daytrader.ejb3.DTBroker3MDB,com.ibm.websphere.samples.daytrader.ejb3.DTBroker3MDB,0
daytrader,15,seed15_solution018,com.ibm.websphere.samples.daytrader.ejb3.DTStreamer3MDB,com.ibm.websphere.samples.daytrader.ejb3.DTStreamer3MDB,0
daytrader,15,seed15_solution018,com.ibm.websphere.samples.daytrader.ejb3.MarketSummarySingleton,com.ibm.websphere.samples.daytrader.ejb3.MarketSummarySingleton,2
daytrader,15,seed15_solution018,com.ibm.websphere.samples.daytrader.ejb3.TradeSLSBBean,com.ibm.websphere.samples.daytrader.ejb3.TradeSLSBBean,0
daytrader,15,seed15_solution018,com.ibm.websphere.samples.daytrader.ejb3.TradeSLSBBean$quotePriceComparator,com.ibm.websphere.samples.daytrader.ejb3.TradeSLSBBean$quotePriceComparator,3
daytrader,15,seed15_solution018,com.ibm.websphere.samples.daytrader.ejb3.TradeSLSBLocal,com.ibm.websphere.samples.daytrader.ejb3.TradeSLSBLocal,3
daytrader,15,seed15_solution018,com.ibm.websphere.samples.daytrader.ejb3.TradeSLSBRemote,com.ibm.websphere.samples.daytrader.ejb3.TradeSLSBRemote,4
daytrader,15,seed15_solution018,com.ibm.websphere.samples.daytrader.entities.AccountDataBean,com.ibm.websphere.samples.daytrader.entities.AccountDataBean,0
daytrader,15,seed15_solution018,com.ibm.websphere.samples.daytrader.entities.AccountProfileDataBean,com.ibm.websphere.samples.daytrader.entities.AccountProfileDataBean,0
daytrader,15,seed15_solution018,com.ibm.websphere.samples.daytrader.entities.HoldingDataBean,com.ibm.websphere.samples.daytrader.entities.HoldingDataBean,0
daytrader,15,seed15_solution018,com.ibm.websphere.samples.daytrader.entities.OrderDataBean,com.ibm.websphere.samples.daytrader.entities.OrderDataBean,0
daytrader,15,seed15_solution018,com.ibm.websphere.samples.daytrader.entities.QuoteDataBean,com.ibm.websphere.samples.daytrader.entities.QuoteDataBean,0
daytrader,15,seed15_solution018,com.ibm.websphere.samples.daytrader.util.CompleteOrderThread,com.ibm.websphere.samples.daytrader.util.CompleteOrderThread,5
daytrader,15,seed15_solution018,com.ibm.websphere.samples.daytrader.util.FinancialUtils,com.ibm.websphere.samples.daytrader.util.FinancialUtils,6
daytrader,15,seed15_solution018,com.ibm.websphere.samples.daytrader.util.KeyBlock,com.ibm.websphere.samples.daytrader.util.KeyBlock,1
daytrader,15,seed15_solution018,com.ibm.websphere.samples.daytrader.util.KeyBlock$KeyBlockIterator,com.ibm.websphere.samples.daytrader.util.KeyBlock$KeyBlockIterator,1
daytrader,15,seed15_solution018,com.ibm.websphere.samples.daytrader.util.Log,com.ibm.websphere.samples.daytrader.util.Log,0
daytrader,15,seed15_solution018,com.ibm.websphere.samples.daytrader.util.MDBStats,com.ibm.websphere.samples.daytrader.util.MDBStats,7
daytrader,15,seed15_solution018,com.ibm.websphere.samples.daytrader.util.TimerStat,com.ibm.websphere.samples.daytrader.util.TimerStat,7
daytrader,15,seed15_solution018,com.ibm.websphere.samples.daytrader.util.TradeConfig,com.ibm.websphere.samples.daytrader.util.TradeConfig,0
daytrader,15,seed15_solution018,com.ibm.websphere.samples.daytrader.util.WebSocketJMSMessage,com.ibm.websphere.samples.daytrader.util.WebSocketJMSMessage,4
daytrader,15,seed15_solution018,com.ibm.websphere.samples.daytrader.web.OrdersAlertFilter,com.ibm.websphere.samples.daytrader.web.OrdersAlertFilter,8
daytrader,15,seed15_solution018,com.ibm.websphere.samples.daytrader.web.TradeAppServlet,com.ibm.websphere.samples.daytrader.web.TradeAppServlet,0
daytrader,15,seed15_solution018,com.ibm.websphere.samples.daytrader.web.TradeServletAction,com.ibm.websphere.samples.daytrader.web.TradeServletAction,0
daytrader,15,seed15_solution018,com.ibm.websphere.samples.daytrader.web.TradeWebContextListener,com.ibm.websphere.samples.daytrader.web.TradeWebContextListener,9
daytrader,15,seed15_solution018,com.ibm.websphere.samples.daytrader.web.jsf.AccountDataJSF,com.ibm.websphere.samples.daytrader.web.jsf.AccountDataJSF,0
daytrader,15,seed15_solution018,com.ibm.websphere.samples.daytrader.web.jsf.ExternalContextProducer,com.ibm.websphere.samples.daytrader.web.jsf.ExternalContextProducer,9
daytrader,15,seed15_solution018,com.ibm.websphere.samples.daytrader.web.jsf.HoldingData,com.ibm.websphere.samples.daytrader.web.jsf.HoldingData,1
daytrader,15,seed15_solution018,com.ibm.websphere.samples.daytrader.web.jsf.JSFLoginFilter,com.ibm.websphere.samples.daytrader.web.jsf.JSFLoginFilter,4
daytrader,15,seed15_solution018,com.ibm.websphere.samples.daytrader.web.jsf.LoginValidator,com.ibm.websphere.samples.daytrader.web.jsf.LoginValidator,9
daytrader,15,seed15_solution018,com.ibm.websphere.samples.daytrader.web.jsf.MarketSummaryJSF,com.ibm.websphere.samples.daytrader.web.jsf.MarketSummaryJSF,6
daytrader,15,seed15_solution018,com.ibm.websphere.samples.daytrader.web.jsf.OrderData,com.ibm.websphere.samples.daytrader.web.jsf.OrderData,0
daytrader,15,seed15_solution018,com.ibm.websphere.samples.daytrader.web.jsf.OrderDataJSF,com.ibm.websphere.samples.daytrader.web.jsf.OrderDataJSF,3
daytrader,15,seed15_solution018,com.ibm.websphere.samples.daytrader.web.jsf.PortfolioJSF,com.ibm.websphere.samples.daytrader.web.jsf.PortfolioJSF,6
daytrader,15,seed15_solution018,com.ibm.websphere.samples.daytrader.web.jsf.QuoteData,com.ibm.websphere.samples.daytrader.web.jsf.QuoteData,0
daytrader,15,seed15_solution018,com.ibm.websphere.samples.daytrader.web.jsf.QuoteJSF,com.ibm.websphere.samples.daytrader.web.jsf.QuoteJSF,9
daytrader,15,seed15_solution018,com.ibm.websphere.samples.daytrader.web.jsf.TradeActionProducer,com.ibm.websphere.samples.daytrader.web.jsf.TradeActionProducer,10
daytrader,15,seed15_solution018,com.ibm.websphere.samples.daytrader.web.jsf.TradeAppJSF,com.ibm.websphere.samples.daytrader.web.jsf.TradeAppJSF,11
daytrader,15,seed15_solution018,com.ibm.websphere.samples.daytrader.web.jsf.TradeConfigJSF,com.ibm.websphere.samples.daytrader.web.jsf.TradeConfigJSF,4
daytrader,15,seed15_solution018,com.ibm.websphere.samples.daytrader.web.websocket.ActionDecoder,com.ibm.websphere.samples.daytrader.web.websocket.ActionDecoder,12
daytrader,15,seed15_solution018,com.ibm.websphere.samples.daytrader.web.websocket.ActionMessage,com.ibm.websphere.samples.daytrader.web.websocket.ActionMessage,12
daytrader,15,seed15_solution018,com.ibm.websphere.samples.daytrader.web.websocket.ActionMessage$1,com.ibm.websphere.samples.daytrader.web.websocket.ActionMessage$1,5
daytrader,15,seed15_solution018,com.ibm.websphere.samples.daytrader.web.websocket.JsonDecoder,com.ibm.websphere.samples.daytrader.web.websocket.JsonDecoder,5
daytrader,15,seed15_solution018,com.ibm.websphere.samples.daytrader.web.websocket.JsonEncoder,com.ibm.websphere.samples.daytrader.web.websocket.JsonEncoder,13
daytrader,15,seed15_solution018,com.ibm.websphere.samples.daytrader.web.websocket.JsonMessage,com.ibm.websphere.samples.daytrader.web.websocket.JsonMessage,1
daytrader,15,seed15_solution018,com.ibm.websphere.samples.daytrader.web.websocket.MarketSummaryWebSocket,com.ibm.websphere.samples.daytrader.web.websocket.MarketSummaryWebSocket,0
daytrader,15,seed15_solution018,com.ibm.websphere.samples.daytrader.web.websocket.RecentStockChangeList,com.ibm.websphere.samples.daytrader.web.websocket.RecentStockChangeList,4
daytrader,15,seed15_solution019,com.ibm.websphere.samples.daytrader.TradeAction,com.ibm.websphere.samples.daytrader.TradeAction,0
daytrader,15,seed15_solution019,com.ibm.websphere.samples.daytrader.TradeServices,com.ibm.websphere.samples.daytrader.TradeServices,0
daytrader,15,seed15_solution019,com.ibm.websphere.samples.daytrader.beans.MarketSummaryDataBean,com.ibm.websphere.samples.daytrader.beans.MarketSummaryDataBean,1
daytrader,15,seed15_solution019,com.ibm.websphere.samples.daytrader.beans.RunStatsDataBean,com.ibm.websphere.samples.daytrader.beans.RunStatsDataBean,0
daytrader,15,seed15_solution019,com.ibm.websphere.samples.daytrader.direct.KeySequenceDirect,com.ibm.websphere.samples.daytrader.direct.KeySequenceDirect,1
daytrader,15,seed15_solution019,com.ibm.websphere.samples.daytrader.direct.TradeDirect,com.ibm.websphere.samples.daytrader.direct.TradeDirect,0
daytrader,15,seed15_solution019,com.ibm.websphere.samples.daytrader.ejb3.DTBroker3MDB,com.ibm.websphere.samples.daytrader.ejb3.DTBroker3MDB,0
daytrader,15,seed15_solution019,com.ibm.websphere.samples.daytrader.ejb3.DTStreamer3MDB,com.ibm.websphere.samples.daytrader.ejb3.DTStreamer3MDB,2
daytrader,15,seed15_solution019,com.ibm.websphere.samples.daytrader.ejb3.MarketSummarySingleton,com.ibm.websphere.samples.daytrader.ejb3.MarketSummarySingleton,0
daytrader,15,seed15_solution019,com.ibm.websphere.samples.daytrader.ejb3.TradeSLSBBean,com.ibm.websphere.samples.daytrader.ejb3.TradeSLSBBean,0
daytrader,15,seed15_solution019,com.ibm.websphere.samples.daytrader.ejb3.TradeSLSBBean$quotePriceComparator,com.ibm.websphere.samples.daytrader.ejb3.TradeSLSBBean$quotePriceComparator,3
daytrader,15,seed15_solution019,com.ibm.websphere.samples.daytrader.ejb3.TradeSLSBLocal,com.ibm.websphere.samples.daytrader.ejb3.TradeSLSBLocal,0
daytrader,15,seed15_solution019,com.ibm.websphere.samples.daytrader.ejb3.TradeSLSBRemote,com.ibm.websphere.samples.daytrader.ejb3.TradeSLSBRemote,0
daytrader,15,seed15_solution019,com.ibm.websphere.samples.daytrader.entities.AccountDataBean,com.ibm.websphere.samples.daytrader.entities.AccountDataBean,0
daytrader,15,seed15_solution019,com.ibm.websphere.samples.daytrader.entities.AccountProfileDataBean,com.ibm.websphere.samples.daytrader.entities.AccountProfileDataBean,0
daytrader,15,seed15_solution019,com.ibm.websphere.samples.daytrader.entities.HoldingDataBean,com.ibm.websphere.samples.daytrader.entities.HoldingDataBean,0
daytrader,15,seed15_solution019,com.ibm.websphere.samples.daytrader.entities.OrderDataBean,com.ibm.websphere.samples.daytrader.entities.OrderDataBean,0
daytrader,15,seed15_solution019,com.ibm.websphere.samples.daytrader.entities.QuoteDataBean,com.ibm.websphere.samples.daytrader.entities.QuoteDataBean,0
daytrader,15,seed15_solution019,com.ibm.websphere.samples.daytrader.util.CompleteOrderThread,com.ibm.websphere.samples.daytrader.util.CompleteOrderThread,0
daytrader,15,seed15_solution019,com.ibm.websphere.samples.daytrader.util.FinancialUtils,com.ibm.websphere.samples.daytrader.util.FinancialUtils,3
daytrader,15,seed15_solution019,com.ibm.websphere.samples.daytrader.util.KeyBlock,com.ibm.websphere.samples.daytrader.util.KeyBlock,1
daytrader,15,seed15_solution019,com.ibm.websphere.samples.daytrader.util.KeyBlock$KeyBlockIterator,com.ibm.websphere.samples.daytrader.util.KeyBlock$KeyBlockIterator,1
daytrader,15,seed15_solution019,com.ibm.websphere.samples.daytrader.util.Log,com.ibm.websphere.samples.daytrader.util.Log,0
daytrader,15,seed15_solution019,com.ibm.websphere.samples.daytrader.util.MDBStats,com.ibm.websphere.samples.daytrader.util.MDBStats,1
daytrader,15,seed15_solution019,com.ibm.websphere.samples.daytrader.util.TimerStat,com.ibm.websphere.samples.daytrader.util.TimerStat,3
daytrader,15,seed15_solution019,com.ibm.websphere.samples.daytrader.util.TradeConfig,com.ibm.websphere.samples.daytrader.util.TradeConfig,0
daytrader,15,seed15_solution019,com.ibm.websphere.samples.daytrader.util.WebSocketJMSMessage,com.ibm.websphere.samples.daytrader.util.WebSocketJMSMessage,1
daytrader,15,seed15_solution019,com.ibm.websphere.samples.daytrader.web.OrdersAlertFilter,com.ibm.websphere.samples.daytrader.web.OrdersAlertFilter,1
daytrader,15,seed15_solution019,com.ibm.websphere.samples.daytrader.web.TradeAppServlet,com.ibm.websphere.samples.daytrader.web.TradeAppServlet,3
daytrader,15,seed15_solution019,com.ibm.websphere.samples.daytrader.web.TradeServletAction,com.ibm.websphere.samples.daytrader.web.TradeServletAction,0
daytrader,15,seed15_solution019,com.ibm.websphere.samples.daytrader.web.TradeWebContextListener,com.ibm.websphere.samples.daytrader.web.TradeWebContextListener,3
daytrader,15,seed15_solution019,com.ibm.websphere.samples.daytrader.web.jsf.AccountDataJSF,com.ibm.websphere.samples.daytrader.web.jsf.AccountDataJSF,0
daytrader,15,seed15_solution019,com.ibm.websphere.samples.daytrader.web.jsf.ExternalContextProducer,com.ibm.websphere.samples.daytrader.web.jsf.ExternalContextProducer,1
daytrader,15,seed15_solution019,com.ibm.websphere.samples.daytrader.web.jsf.HoldingData,com.ibm.websphere.samples.daytrader.web.jsf.HoldingData,1
daytrader,15,seed15_solution019,com.ibm.websphere.samples.daytrader.web.jsf.JSFLoginFilter,com.ibm.websphere.samples.daytrader.web.jsf.JSFLoginFilter,4
daytrader,15,seed15_solution019,com.ibm.websphere.samples.daytrader.web.jsf.LoginValidator,com.ibm.websphere.samples.daytrader.web.jsf.LoginValidator,3
daytrader,15,seed15_solution019,com.ibm.websphere.samples.daytrader.web.jsf.MarketSummaryJSF,com.ibm.websphere.samples.daytrader.web.jsf.MarketSummaryJSF,1
daytrader,15,seed15_solution019,com.ibm.websphere.samples.daytrader.web.jsf.OrderData,com.ibm.websphere.samples.daytrader.web.jsf.OrderData,5
daytrader,15,seed15_solution019,com.ibm.websphere.samples.daytrader.web.jsf.OrderDataJSF,com.ibm.websphere.samples.daytrader.web.jsf.OrderDataJSF,6
daytrader,15,seed15_solution019,com.ibm.websphere.samples.daytrader.web.jsf.PortfolioJSF,com.ibm.websphere.samples.daytrader.web.jsf.PortfolioJSF,1
daytrader,15,seed15_solution019,com.ibm.websphere.samples.daytrader.web.jsf.QuoteData,com.ibm.websphere.samples.daytrader.web.jsf.QuoteData,7
daytrader,15,seed15_solution019,com.ibm.websphere.samples.daytrader.web.jsf.QuoteJSF,com.ibm.websphere.samples.daytrader.web.jsf.QuoteJSF,7
daytrader,15,seed15_solution019,com.ibm.websphere.samples.daytrader.web.jsf.TradeActionProducer,com.ibm.websphere.samples.daytrader.web.jsf.TradeActionProducer,1
daytrader,15,seed15_solution019,com.ibm.websphere.samples.daytrader.web.jsf.TradeAppJSF,com.ibm.websphere.samples.daytrader.web.jsf.TradeAppJSF,3
daytrader,15,seed15_solution019,com.ibm.websphere.samples.daytrader.web.jsf.TradeConfigJSF,com.ibm.websphere.samples.daytrader.web.jsf.TradeConfigJSF,0
daytrader,15,seed15_solution019,com.ibm.websphere.samples.daytrader.web.websocket.ActionDecoder,com.ibm.websphere.samples.daytrader.web.websocket.ActionDecoder,1
daytrader,15,seed15_solution019,com.ibm.websphere.samples.daytrader.web.websocket.ActionMessage,com.ibm.websphere.samples.daytrader.web.websocket.ActionMessage,6
daytrader,15,seed15_solution019,com.ibm.websphere.samples.daytrader.web.websocket.ActionMessage$1,com.ibm.websphere.samples.daytrader.web.websocket.ActionMessage$1,1
daytrader,15,seed15_solution019,com.ibm.websphere.samples.daytrader.web.websocket.JsonDecoder,com.ibm.websphere.samples.daytrader.web.websocket.JsonDecoder,3
daytrader,15,seed15_solution019,com.ibm.websphere.samples.daytrader.web.websocket.JsonEncoder,com.ibm.websphere.samples.daytrader.web.websocket.JsonEncoder,3
daytrader,15,seed15_solution019,com.ibm.websphere.samples.daytrader.web.websocket.JsonMessage,com.ibm.websphere.samples.daytrader.web.websocket.JsonMessage,8
daytrader,15,seed15_solution019,com.ibm.websphere.samples.daytrader.web.websocket.MarketSummaryWebSocket,com.ibm.websphere.samples.daytrader.web.websocket.MarketSummaryWebSocket,1
daytrader,15,seed15_solution019,com.ibm.websphere.samples.daytrader.web.websocket.RecentStockChangeList,com.ibm.websphere.samples.daytrader.web.websocket.RecentStockChangeList,7
daytrader,15,seed15_solution020,com.ibm.websphere.samples.daytrader.TradeAction,com.ibm.websphere.samples.daytrader.TradeAction,0
daytrader,15,seed15_solution020,com.ibm.websphere.samples.daytrader.TradeServices,com.ibm.websphere.samples.daytrader.TradeServices,0
daytrader,15,seed15_solution020,com.ibm.websphere.samples.daytrader.beans.MarketSummaryDataBean,com.ibm.websphere.samples.daytrader.beans.MarketSummaryDataBean,1
daytrader,15,seed15_solution020,com.ibm.websphere.samples.daytrader.beans.RunStatsDataBean,com.ibm.websphere.samples.daytrader.beans.RunStatsDataBean,0
daytrader,15,seed15_solution020,com.ibm.websphere.samples.daytrader.direct.KeySequenceDirect,com.ibm.websphere.samples.daytrader.direct.KeySequenceDirect,1
daytrader,15,seed15_solution020,com.ibm.websphere.samples.daytrader.direct.TradeDirect,com.ibm.websphere.samples.daytrader.direct.TradeDirect,0
daytrader,15,seed15_solution020,com.ibm.websphere.samples.daytrader.ejb3.DTBroker3MDB,com.ibm.websphere.samples.daytrader.ejb3.DTBroker3MDB,0
daytrader,15,seed15_solution020,com.ibm.websphere.samples.daytrader.ejb3.DTStreamer3MDB,com.ibm.websphere.samples.daytrader.ejb3.DTStreamer3MDB,0
daytrader,15,seed15_solution020,com.ibm.websphere.samples.daytrader.ejb3.MarketSummarySingleton,com.ibm.websphere.samples.daytrader.ejb3.MarketSummarySingleton,2
daytrader,15,seed15_solution020,com.ibm.websphere.samples.daytrader.ejb3.TradeSLSBBean,com.ibm.websphere.samples.daytrader.ejb3.TradeSLSBBean,0
daytrader,15,seed15_solution020,com.ibm.websphere.samples.daytrader.ejb3.TradeSLSBBean$quotePriceComparator,com.ibm.websphere.samples.daytrader.ejb3.TradeSLSBBean$quotePriceComparator,3
daytrader,15,seed15_solution020,com.ibm.websphere.samples.daytrader.ejb3.TradeSLSBLocal,com.ibm.websphere.samples.daytrader.ejb3.TradeSLSBLocal,4
daytrader,15,seed15_solution020,com.ibm.websphere.samples.daytrader.ejb3.TradeSLSBRemote,com.ibm.websphere.samples.daytrader.ejb3.TradeSLSBRemote,5
daytrader,15,seed15_solution020,com.ibm.websphere.samples.daytrader.entities.AccountDataBean,com.ibm.websphere.samples.daytrader.entities.AccountDataBean,2
daytrader,15,seed15_solution020,com.ibm.websphere.samples.daytrader.entities.AccountProfileDataBean,com.ibm.websphere.samples.daytrader.entities.AccountProfileDataBean,0
daytrader,15,seed15_solution020,com.ibm.websphere.samples.daytrader.entities.HoldingDataBean,com.ibm.websphere.samples.daytrader.entities.HoldingDataBean,0
daytrader,15,seed15_solution020,com.ibm.websphere.samples.daytrader.entities.OrderDataBean,com.ibm.websphere.samples.daytrader.entities.OrderDataBean,0
daytrader,15,seed15_solution020,com.ibm.websphere.samples.daytrader.entities.QuoteDataBean,com.ibm.websphere.samples.daytrader.entities.QuoteDataBean,0
daytrader,15,seed15_solution020,com.ibm.websphere.samples.daytrader.util.CompleteOrderThread,com.ibm.websphere.samples.daytrader.util.CompleteOrderThread,6
daytrader,15,seed15_solution020,com.ibm.websphere.samples.daytrader.util.FinancialUtils,com.ibm.websphere.samples.daytrader.util.FinancialUtils,7
daytrader,15,seed15_solution020,com.ibm.websphere.samples.daytrader.util.KeyBlock,com.ibm.websphere.samples.daytrader.util.KeyBlock,8
daytrader,15,seed15_solution020,com.ibm.websphere.samples.daytrader.util.KeyBlock$KeyBlockIterator,com.ibm.websphere.samples.daytrader.util.KeyBlock$KeyBlockIterator,8
daytrader,15,seed15_solution020,com.ibm.websphere.samples.daytrader.util.Log,com.ibm.websphere.samples.daytrader.util.Log,0
daytrader,15,seed15_solution020,com.ibm.websphere.samples.daytrader.util.MDBStats,com.ibm.websphere.samples.daytrader.util.MDBStats,9
daytrader,15,seed15_solution020,com.ibm.websphere.samples.daytrader.util.TimerStat,com.ibm.websphere.samples.daytrader.util.TimerStat,9
daytrader,15,seed15_solution020,com.ibm.websphere.samples.daytrader.util.TradeConfig,com.ibm.websphere.samples.daytrader.util.TradeConfig,0
daytrader,15,seed15_solution020,com.ibm.websphere.samples.daytrader.util.WebSocketJMSMessage,com.ibm.websphere.samples.daytrader.util.WebSocketJMSMessage,4
daytrader,15,seed15_solution020,com.ibm.websphere.samples.daytrader.web.OrdersAlertFilter,com.ibm.websphere.samples.daytrader.web.OrdersAlertFilter,9
daytrader,15,seed15_solution020,com.ibm.websphere.samples.daytrader.web.TradeAppServlet,com.ibm.websphere.samples.daytrader.web.TradeAppServlet,0
daytrader,15,seed15_solution020,com.ibm.websphere.samples.daytrader.web.TradeServletAction,com.ibm.websphere.samples.daytrader.web.TradeServletAction,0
daytrader,15,seed15_solution020,com.ibm.websphere.samples.daytrader.web.TradeWebContextListener,com.ibm.websphere.samples.daytrader.web.TradeWebContextListener,0
daytrader,15,seed15_solution020,com.ibm.websphere.samples.daytrader.web.jsf.AccountDataJSF,com.ibm.websphere.samples.daytrader.web.jsf.AccountDataJSF,0
daytrader,15,seed15_solution020,com.ibm.websphere.samples.daytrader.web.jsf.ExternalContextProducer,com.ibm.websphere.samples.daytrader.web.jsf.ExternalContextProducer,10
daytrader,15,seed15_solution020,com.ibm.websphere.samples.daytrader.web.jsf.HoldingData,com.ibm.websphere.samples.daytrader.web.jsf.HoldingData,7
daytrader,15,seed15_solution020,com.ibm.websphere.samples.daytrader.web.jsf.JSFLoginFilter,com.ibm.websphere.samples.daytrader.web.jsf.JSFLoginFilter,11
daytrader,15,seed15_solution020,com.ibm.websphere.samples.daytrader.web.jsf.LoginValidator,com.ibm.websphere.samples.daytrader.web.jsf.LoginValidator,12
daytrader,15,seed15_solution020,com.ibm.websphere.samples.daytrader.web.jsf.MarketSummaryJSF,com.ibm.websphere.samples.daytrader.web.jsf.MarketSummaryJSF,7
daytrader,15,seed15_solution020,com.ibm.websphere.samples.daytrader.web.jsf.OrderData,com.ibm.websphere.samples.daytrader.web.jsf.OrderData,12
daytrader,15,seed15_solution020,com.ibm.websphere.samples.daytrader.web.jsf.OrderDataJSF,com.ibm.websphere.samples.daytrader.web.jsf.OrderDataJSF,13
daytrader,15,seed15_solution020,com.ibm.websphere.samples.daytrader.web.jsf.PortfolioJSF,com.ibm.websphere.samples.daytrader.web.jsf.PortfolioJSF,6
daytrader,15,seed15_solution020,com.ibm.websphere.samples.daytrader.web.jsf.QuoteData,com.ibm.websphere.samples.daytrader.web.jsf.QuoteData,7
daytrader,15,seed15_solution020,com.ibm.websphere.samples.daytrader.web.jsf.QuoteJSF,com.ibm.websphere.samples.daytrader.web.jsf.QuoteJSF,3
daytrader,15,seed15_solution020,com.ibm.websphere.samples.daytrader.web.jsf.TradeActionProducer,com.ibm.websphere.samples.daytrader.web.jsf.TradeActionProducer,13
daytrader,15,seed15_solution020,com.ibm.websphere.samples.daytrader.web.jsf.TradeAppJSF,com.ibm.websphere.samples.daytrader.web.jsf.TradeAppJSF,14
daytrader,15,seed15_solution020,com.ibm.websphere.samples.daytrader.web.jsf.TradeConfigJSF,com.ibm.websphere.samples.daytrader.web.jsf.TradeConfigJSF,0
daytrader,15,seed15_solution020,com.ibm.websphere.samples.daytrader.web.websocket.ActionDecoder,com.ibm.websphere.samples.daytrader.web.websocket.ActionDecoder,15
daytrader,15,seed15_solution020,com.ibm.websphere.samples.daytrader.web.websocket.ActionMessage,com.ibm.websphere.samples.daytrader.web.websocket.ActionMessage,14
daytrader,15,seed15_solution020,com.ibm.websphere.samples.daytrader.web.websocket.ActionMessage$1,com.ibm.websphere.samples.daytrader.web.websocket.ActionMessage$1,6
daytrader,15,seed15_solution020,com.ibm.websphere.samples.daytrader.web.websocket.JsonDecoder,com.ibm.websphere.samples.daytrader.web.websocket.JsonDecoder,15
daytrader,15,seed15_solution020,com.ibm.websphere.samples.daytrader.web.websocket.JsonEncoder,com.ibm.websphere.samples.daytrader.web.websocket.JsonEncoder,15
daytrader,15,seed15_solution020,com.ibm.websphere.samples.daytrader.web.websocket.JsonMessage,com.ibm.websphere.samples.daytrader.web.websocket.JsonMessage,15
daytrader,15,seed15_solution020,com.ibm.websphere.samples.daytrader.web.websocket.MarketSummaryWebSocket,com.ibm.websphere.samples.daytrader.web.websocket.MarketSummaryWebSocket,0
daytrader,15,seed15_solution020,com.ibm.websphere.samples.daytrader.web.websocket.RecentStockChangeList,com.ibm.websphere.samples.daytrader.web.websocket.RecentStockChangeList,16
daytrader,15,seed15_solution021,com.ibm.websphere.samples.daytrader.TradeAction,com.ibm.websphere.samples.daytrader.TradeAction,0
daytrader,15,seed15_solution021,com.ibm.websphere.samples.daytrader.TradeServices,com.ibm.websphere.samples.daytrader.TradeServices,1
daytrader,15,seed15_solution021,com.ibm.websphere.samples.daytrader.beans.MarketSummaryDataBean,com.ibm.websphere.samples.daytrader.beans.MarketSummaryDataBean,1
daytrader,15,seed15_solution021,com.ibm.websphere.samples.daytrader.beans.RunStatsDataBean,com.ibm.websphere.samples.daytrader.beans.RunStatsDataBean,0
daytrader,15,seed15_solution021,com.ibm.websphere.samples.daytrader.direct.KeySequenceDirect,com.ibm.websphere.samples.daytrader.direct.KeySequenceDirect,1
daytrader,15,seed15_solution021,com.ibm.websphere.samples.daytrader.direct.TradeDirect,com.ibm.websphere.samples.daytrader.direct.TradeDirect,0
daytrader,15,seed15_solution021,com.ibm.websphere.samples.daytrader.ejb3.DTBroker3MDB,com.ibm.websphere.samples.daytrader.ejb3.DTBroker3MDB,0
daytrader,15,seed15_solution021,com.ibm.websphere.samples.daytrader.ejb3.DTStreamer3MDB,com.ibm.websphere.samples.daytrader.ejb3.DTStreamer3MDB,1
daytrader,15,seed15_solution021,com.ibm.websphere.samples.daytrader.ejb3.MarketSummarySingleton,com.ibm.websphere.samples.daytrader.ejb3.MarketSummarySingleton,1
daytrader,15,seed15_solution021,com.ibm.websphere.samples.daytrader.ejb3.TradeSLSBBean,com.ibm.websphere.samples.daytrader.ejb3.TradeSLSBBean,0
daytrader,15,seed15_solution021,com.ibm.websphere.samples.daytrader.ejb3.TradeSLSBBean$quotePriceComparator,com.ibm.websphere.samples.daytrader.ejb3.TradeSLSBBean$quotePriceComparator,2
daytrader,15,seed15_solution021,com.ibm.websphere.samples.daytrader.ejb3.TradeSLSBLocal,com.ibm.websphere.samples.daytrader.ejb3.TradeSLSBLocal,2
daytrader,15,seed15_solution021,com.ibm.websphere.samples.daytrader.ejb3.TradeSLSBRemote,com.ibm.websphere.samples.daytrader.ejb3.TradeSLSBRemote,3
daytrader,15,seed15_solution021,com.ibm.websphere.samples.daytrader.entities.AccountDataBean,com.ibm.websphere.samples.daytrader.entities.AccountDataBean,0
daytrader,15,seed15_solution021,com.ibm.websphere.samples.daytrader.entities.AccountProfileDataBean,com.ibm.websphere.samples.daytrader.entities.AccountProfileDataBean,0
daytrader,15,seed15_solution021,com.ibm.websphere.samples.daytrader.entities.HoldingDataBean,com.ibm.websphere.samples.daytrader.entities.HoldingDataBean,0
daytrader,15,seed15_solution021,com.ibm.websphere.samples.daytrader.entities.OrderDataBean,com.ibm.websphere.samples.daytrader.entities.OrderDataBean,0
daytrader,15,seed15_solution021,com.ibm.websphere.samples.daytrader.entities.QuoteDataBean,com.ibm.websphere.samples.daytrader.entities.QuoteDataBean,0
daytrader,15,seed15_solution021,com.ibm.websphere.samples.daytrader.util.CompleteOrderThread,com.ibm.websphere.samples.daytrader.util.CompleteOrderThread,2
daytrader,15,seed15_solution021,com.ibm.websphere.samples.daytrader.util.FinancialUtils,com.ibm.websphere.samples.daytrader.util.FinancialUtils,4
daytrader,15,seed15_solution021,com.ibm.websphere.samples.daytrader.util.KeyBlock,com.ibm.websphere.samples.daytrader.util.KeyBlock,5
daytrader,15,seed15_solution021,com.ibm.websphere.samples.daytrader.util.KeyBlock$KeyBlockIterator,com.ibm.websphere.samples.daytrader.util.KeyBlock$KeyBlockIterator,5
daytrader,15,seed15_solution021,com.ibm.websphere.samples.daytrader.util.Log,com.ibm.websphere.samples.daytrader.util.Log,0
daytrader,15,seed15_solution021,com.ibm.websphere.samples.daytrader.util.MDBStats,com.ibm.websphere.samples.daytrader.util.MDBStats,6
daytrader,15,seed15_solution021,com.ibm.websphere.samples.daytrader.util.TimerStat,com.ibm.websphere.samples.daytrader.util.TimerStat,7
daytrader,15,seed15_solution021,com.ibm.websphere.samples.daytrader.util.TradeConfig,com.ibm.websphere.samples.daytrader.util.TradeConfig,0
daytrader,15,seed15_solution021,com.ibm.websphere.samples.daytrader.util.WebSocketJMSMessage,com.ibm.websphere.samples.daytrader.util.WebSocketJMSMessage,2
daytrader,15,seed15_solution021,com.ibm.websphere.samples.daytrader.web.OrdersAlertFilter,com.ibm.websphere.samples.daytrader.web.OrdersAlertFilter,4
daytrader,15,seed15_solution021,com.ibm.websphere.samples.daytrader.web.TradeAppServlet,com.ibm.websphere.samples.daytrader.web.TradeAppServlet,0
daytrader,15,seed15_solution021,com.ibm.websphere.samples.daytrader.web.TradeServletAction,com.ibm.websphere.samples.daytrader.web.TradeServletAction,0
daytrader,15,seed15_solution021,com.ibm.websphere.samples.daytrader.web.TradeWebContextListener,com.ibm.websphere.samples.daytrader.web.TradeWebContextListener,0
daytrader,15,seed15_solution021,com.ibm.websphere.samples.daytrader.web.jsf.AccountDataJSF,com.ibm.websphere.samples.daytrader.web.jsf.AccountDataJSF,0
daytrader,15,seed15_solution021,com.ibm.websphere.samples.daytrader.web.jsf.ExternalContextProducer,com.ibm.websphere.samples.daytrader.web.jsf.ExternalContextProducer,8
daytrader,15,seed15_solution021,com.ibm.websphere.samples.daytrader.web.jsf.HoldingData,com.ibm.websphere.samples.daytrader.web.jsf.HoldingData,4
daytrader,15,seed15_solution021,com.ibm.websphere.samples.daytrader.web.jsf.JSFLoginFilter,com.ibm.websphere.samples.daytrader.web.jsf.JSFLoginFilter,1
daytrader,15,seed15_solution021,com.ibm.websphere.samples.daytrader.web.jsf.LoginValidator,com.ibm.websphere.samples.daytrader.web.jsf.LoginValidator,4
daytrader,15,seed15_solution021,com.ibm.websphere.samples.daytrader.web.jsf.MarketSummaryJSF,com.ibm.websphere.samples.daytrader.web.jsf.MarketSummaryJSF,6
daytrader,15,seed15_solution021,com.ibm.websphere.samples.daytrader.web.jsf.OrderData,com.ibm.websphere.samples.daytrader.web.jsf.OrderData,9
daytrader,15,seed15_solution021,com.ibm.websphere.samples.daytrader.web.jsf.OrderDataJSF,com.ibm.websphere.samples.daytrader.web.jsf.OrderDataJSF,10
daytrader,15,seed15_solution021,com.ibm.websphere.samples.daytrader.web.jsf.PortfolioJSF,com.ibm.websphere.samples.daytrader.web.jsf.PortfolioJSF,4
daytrader,15,seed15_solution021,com.ibm.websphere.samples.daytrader.web.jsf.QuoteData,com.ibm.websphere.samples.daytrader.web.jsf.QuoteData,4
daytrader,15,seed15_solution021,com.ibm.websphere.samples.daytrader.web.jsf.QuoteJSF,com.ibm.websphere.samples.daytrader.web.jsf.QuoteJSF,7
daytrader,15,seed15_solution021,com.ibm.websphere.samples.daytrader.web.jsf.TradeActionProducer,com.ibm.websphere.samples.daytrader.web.jsf.TradeActionProducer,8
daytrader,15,seed15_solution021,com.ibm.websphere.samples.daytrader.web.jsf.TradeAppJSF,com.ibm.websphere.samples.daytrader.web.jsf.TradeAppJSF,7
daytrader,15,seed15_solution021,com.ibm.websphere.samples.daytrader.web.jsf.TradeConfigJSF,com.ibm.websphere.samples.daytrader.web.jsf.TradeConfigJSF,0
daytrader,15,seed15_solution021,com.ibm.websphere.samples.daytrader.web.websocket.ActionDecoder,com.ibm.websphere.samples.daytrader.web.websocket.ActionDecoder,6
daytrader,15,seed15_solution021,com.ibm.websphere.samples.daytrader.web.websocket.ActionMessage,com.ibm.websphere.samples.daytrader.web.websocket.ActionMessage,11
daytrader,15,seed15_solution021,com.ibm.websphere.samples.daytrader.web.websocket.ActionMessage$1,com.ibm.websphere.samples.daytrader.web.websocket.ActionMessage$1,9
daytrader,15,seed15_solution021,com.ibm.websphere.samples.daytrader.web.websocket.JsonDecoder,com.ibm.websphere.samples.daytrader.web.websocket.JsonDecoder,8
daytrader,15,seed15_solution021,com.ibm.websphere.samples.daytrader.web.websocket.JsonEncoder,com.ibm.websphere.samples.daytrader.web.websocket.JsonEncoder,10
daytrader,15,seed15_solution021,com.ibm.websphere.samples.daytrader.web.websocket.JsonMessage,com.ibm.websphere.samples.daytrader.web.websocket.JsonMessage,10
daytrader,15,seed15_solution021,com.ibm.websphere.samples.daytrader.web.websocket.MarketSummaryWebSocket,com.ibm.websphere.samples.daytrader.web.websocket.MarketSummaryWebSocket,0
daytrader,15,seed15_solution021,com.ibm.websphere.samples.daytrader.web.websocket.RecentStockChangeList,com.ibm.websphere.samples.daytrader.web.websocket.RecentStockChangeList,1
daytrader,15,seed15_solution022,com.ibm.websphere.samples.daytrader.TradeAction,com.ibm.websphere.samples.daytrader.TradeAction,0
daytrader,15,seed15_solution022,com.ibm.websphere.samples.daytrader.TradeServices,com.ibm.websphere.samples.daytrader.TradeServices,0
daytrader,15,seed15_solution022,com.ibm.websphere.samples.daytrader.beans.MarketSummaryDataBean,com.ibm.websphere.samples.daytrader.beans.MarketSummaryDataBean,1
daytrader,15,seed15_solution022,com.ibm.websphere.samples.daytrader.beans.RunStatsDataBean,com.ibm.websphere.samples.daytrader.beans.RunStatsDataBean,0
daytrader,15,seed15_solution022,com.ibm.websphere.samples.daytrader.direct.KeySequenceDirect,com.ibm.websphere.samples.daytrader.direct.KeySequenceDirect,1
daytrader,15,seed15_solution022,com.ibm.websphere.samples.daytrader.direct.TradeDirect,com.ibm.websphere.samples.daytrader.direct.TradeDirect,0
daytrader,15,seed15_solution022,com.ibm.websphere.samples.daytrader.ejb3.DTBroker3MDB,com.ibm.websphere.samples.daytrader.ejb3.DTBroker3MDB,0
daytrader,15,seed15_solution022,com.ibm.websphere.samples.daytrader.ejb3.DTStreamer3MDB,com.ibm.websphere.samples.daytrader.ejb3.DTStreamer3MDB,1
daytrader,15,seed15_solution022,com.ibm.websphere.samples.daytrader.ejb3.MarketSummarySingleton,com.ibm.websphere.samples.daytrader.ejb3.MarketSummarySingleton,0
daytrader,15,seed15_solution022,com.ibm.websphere.samples.daytrader.ejb3.TradeSLSBBean,com.ibm.websphere.samples.daytrader.ejb3.TradeSLSBBean,0
daytrader,15,seed15_solution022,com.ibm.websphere.samples.daytrader.ejb3.TradeSLSBBean$quotePriceComparator,com.ibm.websphere.samples.daytrader.ejb3.TradeSLSBBean$quotePriceComparator,1
daytrader,15,seed15_solution022,com.ibm.websphere.samples.daytrader.ejb3.TradeSLSBLocal,com.ibm.websphere.samples.daytrader.ejb3.TradeSLSBLocal,2
daytrader,15,seed15_solution022,com.ibm.websphere.samples.daytrader.ejb3.TradeSLSBRemote,com.ibm.websphere.samples.daytrader.ejb3.TradeSLSBRemote,1
daytrader,15,seed15_solution022,com.ibm.websphere.samples.daytrader.entities.AccountDataBean,com.ibm.websphere.samples.daytrader.entities.AccountDataBean,0
daytrader,15,seed15_solution022,com.ibm.websphere.samples.daytrader.entities.AccountProfileDataBean,com.ibm.websphere.samples.daytrader.entities.AccountProfileDataBean,0
daytrader,15,seed15_solution022,com.ibm.websphere.samples.daytrader.entities.HoldingDataBean,com.ibm.websphere.samples.daytrader.entities.HoldingDataBean,0
daytrader,15,seed15_solution022,com.ibm.websphere.samples.daytrader.entities.OrderDataBean,com.ibm.websphere.samples.daytrader.entities.OrderDataBean,0
daytrader,15,seed15_solution022,com.ibm.websphere.samples.daytrader.entities.QuoteDataBean,com.ibm.websphere.samples.daytrader.entities.QuoteDataBean,0
daytrader,15,seed15_solution022,com.ibm.websphere.samples.daytrader.util.CompleteOrderThread,com.ibm.websphere.samples.daytrader.util.CompleteOrderThread,0
daytrader,15,seed15_solution022,com.ibm.websphere.samples.daytrader.util.FinancialUtils,com.ibm.websphere.samples.daytrader.util.FinancialUtils,0
daytrader,15,seed15_solution022,com.ibm.websphere.samples.daytrader.util.KeyBlock,com.ibm.websphere.samples.daytrader.util.KeyBlock,1
daytrader,15,seed15_solution022,com.ibm.websphere.samples.daytrader.util.KeyBlock$KeyBlockIterator,com.ibm.websphere.samples.daytrader.util.KeyBlock$KeyBlockIterator,1
daytrader,15,seed15_solution022,com.ibm.websphere.samples.daytrader.util.Log,com.ibm.websphere.samples.daytrader.util.Log,0
daytrader,15,seed15_solution022,com.ibm.websphere.samples.daytrader.util.MDBStats,com.ibm.websphere.samples.daytrader.util.MDBStats,3
daytrader,15,seed15_solution022,com.ibm.websphere.samples.daytrader.util.TimerStat,com.ibm.websphere.samples.daytrader.util.TimerStat,3
daytrader,15,seed15_solution022,com.ibm.websphere.samples.daytrader.util.TradeConfig,com.ibm.websphere.samples.daytrader.util.TradeConfig,0
daytrader,15,seed15_solution022,com.ibm.websphere.samples.daytrader.util.WebSocketJMSMessage,com.ibm.websphere.samples.daytrader.util.WebSocketJMSMessage,0
daytrader,15,seed15_solution022,com.ibm.websphere.samples.daytrader.web.OrdersAlertFilter,com.ibm.websphere.samples.daytrader.web.OrdersAlertFilter,4
daytrader,15,seed15_solution022,com.ibm.websphere.samples.daytrader.web.TradeAppServlet,com.ibm.websphere.samples.daytrader.web.TradeAppServlet,1
daytrader,15,seed15_solution022,com.ibm.websphere.samples.daytrader.web.TradeServletAction,com.ibm.websphere.samples.daytrader.web.TradeServletAction,0
daytrader,15,seed15_solution022,com.ibm.websphere.samples.daytrader.web.TradeWebContextListener,com.ibm.websphere.samples.daytrader.web.TradeWebContextListener,0
daytrader,15,seed15_solution022,com.ibm.websphere.samples.daytrader.web.jsf.AccountDataJSF,com.ibm.websphere.samples.daytrader.web.jsf.AccountDataJSF,0
daytrader,15,seed15_solution022,com.ibm.websphere.samples.daytrader.web.jsf.ExternalContextProducer,com.ibm.websphere.samples.daytrader.web.jsf.ExternalContextProducer,0
daytrader,15,seed15_solution022,com.ibm.websphere.samples.daytrader.web.jsf.HoldingData,com.ibm.websphere.samples.daytrader.web.jsf.HoldingData,5
daytrader,15,seed15_solution022,com.ibm.websphere.samples.daytrader.web.jsf.JSFLoginFilter,com.ibm.websphere.samples.daytrader.web.jsf.JSFLoginFilter,6
daytrader,15,seed15_solution022,com.ibm.websphere.samples.daytrader.web.jsf.LoginValidator,com.ibm.websphere.samples.daytrader.web.jsf.LoginValidator,7
daytrader,15,seed15_solution022,com.ibm.websphere.samples.daytrader.web.jsf.MarketSummaryJSF,com.ibm.websphere.samples.daytrader.web.jsf.MarketSummaryJSF,5
daytrader,15,seed15_solution022,com.ibm.websphere.samples.daytrader.web.jsf.OrderData,com.ibm.websphere.samples.daytrader.web.jsf.OrderData,5
daytrader,15,seed15_solution022,com.ibm.websphere.samples.daytrader.web.jsf.OrderDataJSF,com.ibm.websphere.samples.daytrader.web.jsf.OrderDataJSF,7
daytrader,15,seed15_solution022,com.ibm.websphere.samples.daytrader.web.jsf.PortfolioJSF,com.ibm.websphere.samples.daytrader.web.jsf.PortfolioJSF,5
daytrader,15,seed15_solution022,com.ibm.websphere.samples.daytrader.web.jsf.QuoteData,com.ibm.websphere.samples.daytrader.web.jsf.QuoteData,7
daytrader,15,seed15_solution022,com.ibm.websphere.samples.daytrader.web.jsf.QuoteJSF,com.ibm.websphere.samples.daytrader.web.jsf.QuoteJSF,7
daytrader,15,seed15_solution022,com.ibm.websphere.samples.daytrader.web.jsf.TradeActionProducer,com.ibm.websphere.samples.daytrader.web.jsf.TradeActionProducer,1
daytrader,15,seed15_solution022,com.ibm.websphere.samples.daytrader.web.jsf.TradeAppJSF,com.ibm.websphere.samples.daytrader.web.jsf.TradeAppJSF,8
daytrader,15,seed15_solution022,com.ibm.websphere.samples.daytrader.web.jsf.TradeConfigJSF,com.ibm.websphere.samples.daytrader.web.jsf.TradeConfigJSF,9
daytrader,15,seed15_solution022,com.ibm.websphere.samples.daytrader.web.websocket.ActionDecoder,com.ibm.websphere.samples.daytrader.web.websocket.ActionDecoder,10
daytrader,15,seed15_solution022,com.ibm.websphere.samples.daytrader.web.websocket.ActionMessage,com.ibm.websphere.samples.daytrader.web.websocket.ActionMessage,7
daytrader,15,seed15_solution022,com.ibm.websphere.samples.daytrader.web.websocket.ActionMessage$1,com.ibm.websphere.samples.daytrader.web.websocket.ActionMessage$1,7
daytrader,15,seed15_solution022,com.ibm.websphere.samples.daytrader.web.websocket.JsonDecoder,com.ibm.websphere.samples.daytrader.web.websocket.JsonDecoder,7
daytrader,15,seed15_solution022,com.ibm.websphere.samples.daytrader.web.websocket.JsonEncoder,com.ibm.websphere.samples.daytrader.web.websocket.JsonEncoder,7
daytrader,15,seed15_solution022,com.ibm.websphere.samples.daytrader.web.websocket.JsonMessage,com.ibm.websphere.samples.daytrader.web.websocket.JsonMessage,7
daytrader,15,seed15_solution022,com.ibm.websphere.samples.daytrader.web.websocket.MarketSummaryWebSocket,com.ibm.websphere.samples.daytrader.web.websocket.MarketSummaryWebSocket,9
daytrader,15,seed15_solution022,com.ibm.websphere.samples.daytrader.web.websocket.RecentStockChangeList,com.ibm.websphere.samples.daytrader.web.websocket.RecentStockChangeList,7
daytrader,15,seed15_solution023,com.ibm.websphere.samples.daytrader.TradeAction,com.ibm.websphere.samples.daytrader.TradeAction,0
daytrader,15,seed15_solution023,com.ibm.websphere.samples.daytrader.TradeServices,com.ibm.websphere.samples.daytrader.TradeServices,0
daytrader,15,seed15_solution023,com.ibm.websphere.samples.daytrader.beans.MarketSummaryDataBean,com.ibm.websphere.samples.daytrader.beans.MarketSummaryDataBean,1
daytrader,15,seed15_solution023,com.ibm.websphere.samples.daytrader.beans.RunStatsDataBean,com.ibm.websphere.samples.daytrader.beans.RunStatsDataBean,0
daytrader,15,seed15_solution023,com.ibm.websphere.samples.daytrader.direct.KeySequenceDirect,com.ibm.websphere.samples.daytrader.direct.KeySequenceDirect,2
daytrader,15,seed15_solution023,com.ibm.websphere.samples.daytrader.direct.TradeDirect,com.ibm.websphere.samples.daytrader.direct.TradeDirect,0
daytrader,15,seed15_solution023,com.ibm.websphere.samples.daytrader.ejb3.DTBroker3MDB,com.ibm.websphere.samples.daytrader.ejb3.DTBroker3MDB,0
daytrader,15,seed15_solution023,com.ibm.websphere.samples.daytrader.ejb3.DTStreamer3MDB,com.ibm.websphere.samples.daytrader.ejb3.DTStreamer3MDB,1
daytrader,15,seed15_solution023,com.ibm.websphere.samples.daytrader.ejb3.MarketSummarySingleton,com.ibm.websphere.samples.daytrader.ejb3.MarketSummarySingleton,1
daytrader,15,seed15_solution023,com.ibm.websphere.samples.daytrader.ejb3.TradeSLSBBean,com.ibm.websphere.samples.daytrader.ejb3.TradeSLSBBean,0
daytrader,15,seed15_solution023,com.ibm.websphere.samples.daytrader.ejb3.TradeSLSBBean$quotePriceComparator,com.ibm.websphere.samples.daytrader.ejb3.TradeSLSBBean$quotePriceComparator,2
daytrader,15,seed15_solution023,com.ibm.websphere.samples.daytrader.ejb3.TradeSLSBLocal,com.ibm.websphere.samples.daytrader.ejb3.TradeSLSBLocal,3
daytrader,15,seed15_solution023,com.ibm.websphere.samples.daytrader.ejb3.TradeSLSBRemote,com.ibm.websphere.samples.daytrader.ejb3.TradeSLSBRemote,2
daytrader,15,seed15_solution023,com.ibm.websphere.samples.daytrader.entities.AccountDataBean,com.ibm.websphere.samples.daytrader.entities.AccountDataBean,0
daytrader,15,seed15_solution023,com.ibm.websphere.samples.daytrader.entities.AccountProfileDataBean,com.ibm.websphere.samples.daytrader.entities.AccountProfileDataBean,0
daytrader,15,seed15_solution023,com.ibm.websphere.samples.daytrader.entities.HoldingDataBean,com.ibm.websphere.samples.daytrader.entities.HoldingDataBean,0
daytrader,15,seed15_solution023,com.ibm.websphere.samples.daytrader.entities.OrderDataBean,com.ibm.websphere.samples.daytrader.entities.OrderDataBean,0
daytrader,15,seed15_solution023,com.ibm.websphere.samples.daytrader.entities.QuoteDataBean,com.ibm.websphere.samples.daytrader.entities.QuoteDataBean,0
daytrader,15,seed15_solution023,com.ibm.websphere.samples.daytrader.util.CompleteOrderThread,com.ibm.websphere.samples.daytrader.util.CompleteOrderThread,4
daytrader,15,seed15_solution023,com.ibm.websphere.samples.daytrader.util.FinancialUtils,com.ibm.websphere.samples.daytrader.util.FinancialUtils,0
daytrader,15,seed15_solution023,com.ibm.websphere.samples.daytrader.util.KeyBlock,com.ibm.websphere.samples.daytrader.util.KeyBlock,2
daytrader,15,seed15_solution023,com.ibm.websphere.samples.daytrader.util.KeyBlock$KeyBlockIterator,com.ibm.websphere.samples.daytrader.util.KeyBlock$KeyBlockIterator,2
daytrader,15,seed15_solution023,com.ibm.websphere.samples.daytrader.util.Log,com.ibm.websphere.samples.daytrader.util.Log,0
daytrader,15,seed15_solution023,com.ibm.websphere.samples.daytrader.util.MDBStats,com.ibm.websphere.samples.daytrader.util.MDBStats,2
daytrader,15,seed15_solution023,com.ibm.websphere.samples.daytrader.util.TimerStat,com.ibm.websphere.samples.daytrader.util.TimerStat,2
daytrader,15,seed15_solution023,com.ibm.websphere.samples.daytrader.util.TradeConfig,com.ibm.websphere.samples.daytrader.util.TradeConfig,0
daytrader,15,seed15_solution023,com.ibm.websphere.samples.daytrader.util.WebSocketJMSMessage,com.ibm.websphere.samples.daytrader.util.WebSocketJMSMessage,0
daytrader,15,seed15_solution023,com.ibm.websphere.samples.daytrader.web.OrdersAlertFilter,com.ibm.websphere.samples.daytrader.web.OrdersAlertFilter,3
daytrader,15,seed15_solution023,com.ibm.websphere.samples.daytrader.web.TradeAppServlet,com.ibm.websphere.samples.daytrader.web.TradeAppServlet,0
daytrader,15,seed15_solution023,com.ibm.websphere.samples.daytrader.web.TradeServletAction,com.ibm.websphere.samples.daytrader.web.TradeServletAction,0
daytrader,15,seed15_solution023,com.ibm.websphere.samples.daytrader.web.TradeWebContextListener,com.ibm.websphere.samples.daytrader.web.TradeWebContextListener,0
daytrader,15,seed15_solution023,com.ibm.websphere.samples.daytrader.web.jsf.AccountDataJSF,com.ibm.websphere.samples.daytrader.web.jsf.AccountDataJSF,0
daytrader,15,seed15_solution023,com.ibm.websphere.samples.daytrader.web.jsf.ExternalContextProducer,com.ibm.websphere.samples.daytrader.web.jsf.ExternalContextProducer,3
daytrader,15,seed15_solution023,com.ibm.websphere.samples.daytrader.web.jsf.HoldingData,com.ibm.websphere.samples.daytrader.web.jsf.HoldingData,2
daytrader,15,seed15_solution023,com.ibm.websphere.samples.daytrader.web.jsf.JSFLoginFilter,com.ibm.websphere.samples.daytrader.web.jsf.JSFLoginFilter,3
daytrader,15,seed15_solution023,com.ibm.websphere.samples.daytrader.web.jsf.LoginValidator,com.ibm.websphere.samples.daytrader.web.jsf.LoginValidator,5
daytrader,15,seed15_solution023,com.ibm.websphere.samples.daytrader.web.jsf.MarketSummaryJSF,com.ibm.websphere.samples.daytrader.web.jsf.MarketSummaryJSF,5
daytrader,15,seed15_solution023,com.ibm.websphere.samples.daytrader.web.jsf.OrderData,com.ibm.websphere.samples.daytrader.web.jsf.OrderData,2
daytrader,15,seed15_solution023,com.ibm.websphere.samples.daytrader.web.jsf.OrderDataJSF,com.ibm.websphere.samples.daytrader.web.jsf.OrderDataJSF,6
daytrader,15,seed15_solution023,com.ibm.websphere.samples.daytrader.web.jsf.PortfolioJSF,com.ibm.websphere.samples.daytrader.web.jsf.PortfolioJSF,2
daytrader,15,seed15_solution023,com.ibm.websphere.samples.daytrader.web.jsf.QuoteData,com.ibm.websphere.samples.daytrader.web.jsf.QuoteData,2
daytrader,15,seed15_solution023,com.ibm.websphere.samples.daytrader.web.jsf.QuoteJSF,com.ibm.websphere.samples.daytrader.web.jsf.QuoteJSF,5
daytrader,15,seed15_solution023,com.ibm.websphere.samples.daytrader.web.jsf.TradeActionProducer,com.ibm.websphere.samples.daytrader.web.jsf.TradeActionProducer,5
daytrader,15,seed15_solution023,com.ibm.websphere.samples.daytrader.web.jsf.TradeAppJSF,com.ibm.websphere.samples.daytrader.web.jsf.TradeAppJSF,7
daytrader,15,seed15_solution023,com.ibm.websphere.samples.daytrader.web.jsf.TradeConfigJSF,com.ibm.websphere.samples.daytrader.web.jsf.TradeConfigJSF,6
daytrader,15,seed15_solution023,com.ibm.websphere.samples.daytrader.web.websocket.ActionDecoder,com.ibm.websphere.samples.daytrader.web.websocket.ActionDecoder,7
daytrader,15,seed15_solution023,com.ibm.websphere.samples.daytrader.web.websocket.ActionMessage,com.ibm.websphere.samples.daytrader.web.websocket.ActionMessage,1
daytrader,15,seed15_solution023,com.ibm.websphere.samples.daytrader.web.websocket.ActionMessage$1,com.ibm.websphere.samples.daytrader.web.websocket.ActionMessage$1,5
daytrader,15,seed15_solution023,com.ibm.websphere.samples.daytrader.web.websocket.JsonDecoder,com.ibm.websphere.samples.daytrader.web.websocket.JsonDecoder,1
daytrader,15,seed15_solution023,com.ibm.websphere.samples.daytrader.web.websocket.JsonEncoder,com.ibm.websphere.samples.daytrader.web.websocket.JsonEncoder,8
daytrader,15,seed15_solution023,com.ibm.websphere.samples.daytrader.web.websocket.JsonMessage,com.ibm.websphere.samples.daytrader.web.websocket.JsonMessage,2
daytrader,15,seed15_solution023,com.ibm.websphere.samples.daytrader.web.websocket.MarketSummaryWebSocket,com.ibm.websphere.samples.daytrader.web.websocket.MarketSummaryWebSocket,4
daytrader,15,seed15_solution023,com.ibm.websphere.samples.daytrader.web.websocket.RecentStockChangeList,com.ibm.websphere.samples.daytrader.web.websocket.RecentStockChangeList,3
daytrader,15,seed15_solution024,com.ibm.websphere.samples.daytrader.TradeAction,com.ibm.websphere.samples.daytrader.TradeAction,0
daytrader,15,seed15_solution024,com.ibm.websphere.samples.daytrader.TradeServices,com.ibm.websphere.samples.daytrader.TradeServices,0
daytrader,15,seed15_solution024,com.ibm.websphere.samples.daytrader.beans.MarketSummaryDataBean,com.ibm.websphere.samples.daytrader.beans.MarketSummaryDataBean,1
daytrader,15,seed15_solution024,com.ibm.websphere.samples.daytrader.beans.RunStatsDataBean,com.ibm.websphere.samples.daytrader.beans.RunStatsDataBean,1
daytrader,15,seed15_solution024,com.ibm.websphere.samples.daytrader.direct.KeySequenceDirect,com.ibm.websphere.samples.daytrader.direct.KeySequenceDirect,1
daytrader,15,seed15_solution024,com.ibm.websphere.samples.daytrader.direct.TradeDirect,com.ibm.websphere.samples.daytrader.direct.TradeDirect,0
daytrader,15,seed15_solution024,com.ibm.websphere.samples.daytrader.ejb3.DTBroker3MDB,com.ibm.websphere.samples.daytrader.ejb3.DTBroker3MDB,0
daytrader,15,seed15_solution024,com.ibm.websphere.samples.daytrader.ejb3.DTStreamer3MDB,com.ibm.websphere.samples.daytrader.ejb3.DTStreamer3MDB,1
daytrader,15,seed15_solution024,com.ibm.websphere.samples.daytrader.ejb3.MarketSummarySingleton,com.ibm.websphere.samples.daytrader.ejb3.MarketSummarySingleton,0
daytrader,15,seed15_solution024,com.ibm.websphere.samples.daytrader.ejb3.TradeSLSBBean,com.ibm.websphere.samples.daytrader.ejb3.TradeSLSBBean,0
daytrader,15,seed15_solution024,com.ibm.websphere.samples.daytrader.ejb3.TradeSLSBBean$quotePriceComparator,com.ibm.websphere.samples.daytrader.ejb3.TradeSLSBBean$quotePriceComparator,1
daytrader,15,seed15_solution024,com.ibm.websphere.samples.daytrader.ejb3.TradeSLSBLocal,com.ibm.websphere.samples.daytrader.ejb3.TradeSLSBLocal,0
daytrader,15,seed15_solution024,com.ibm.websphere.samples.daytrader.ejb3.TradeSLSBRemote,com.ibm.websphere.samples.daytrader.ejb3.TradeSLSBRemote,1
daytrader,15,seed15_solution024,com.ibm.websphere.samples.daytrader.entities.AccountDataBean,com.ibm.websphere.samples.daytrader.entities.AccountDataBean,0
daytrader,15,seed15_solution024,com.ibm.websphere.samples.daytrader.entities.AccountProfileDataBean,com.ibm.websphere.samples.daytrader.entities.AccountProfileDataBean,0
daytrader,15,seed15_solution024,com.ibm.websphere.samples.daytrader.entities.HoldingDataBean,com.ibm.websphere.samples.daytrader.entities.HoldingDataBean,0
daytrader,15,seed15_solution024,com.ibm.websphere.samples.daytrader.entities.OrderDataBean,com.ibm.websphere.samples.daytrader.entities.OrderDataBean,0
daytrader,15,seed15_solution024,com.ibm.websphere.samples.daytrader.entities.QuoteDataBean,com.ibm.websphere.samples.daytrader.entities.QuoteDataBean,0
daytrader,15,seed15_solution024,com.ibm.websphere.samples.daytrader.util.CompleteOrderThread,com.ibm.websphere.samples.daytrader.util.CompleteOrderThread,0
daytrader,15,seed15_solution024,com.ibm.websphere.samples.daytrader.util.FinancialUtils,com.ibm.websphere.samples.daytrader.util.FinancialUtils,0
daytrader,15,seed15_solution024,com.ibm.websphere.samples.daytrader.util.KeyBlock,com.ibm.websphere.samples.daytrader.util.KeyBlock,1
daytrader,15,seed15_solution024,com.ibm.websphere.samples.daytrader.util.KeyBlock$KeyBlockIterator,com.ibm.websphere.samples.daytrader.util.KeyBlock$KeyBlockIterator,1
daytrader,15,seed15_solution024,com.ibm.websphere.samples.daytrader.util.Log,com.ibm.websphere.samples.daytrader.util.Log,0
daytrader,15,seed15_solution024,com.ibm.websphere.samples.daytrader.util.MDBStats,com.ibm.websphere.samples.daytrader.util.MDBStats,2
daytrader,15,seed15_solution024,com.ibm.websphere.samples.daytrader.util.TimerStat,com.ibm.websphere.samples.daytrader.util.TimerStat,1
daytrader,15,seed15_solution024,com.ibm.websphere.samples.daytrader.util.TradeConfig,com.ibm.websphere.samples.daytrader.util.TradeConfig,0
daytrader,15,seed15_solution024,com.ibm.websphere.samples.daytrader.util.WebSocketJMSMessage,com.ibm.websphere.samples.daytrader.util.WebSocketJMSMessage,0
daytrader,15,seed15_solution024,com.ibm.websphere.samples.daytrader.web.OrdersAlertFilter,com.ibm.websphere.samples.daytrader.web.OrdersAlertFilter,0
daytrader,15,seed15_solution024,com.ibm.websphere.samples.daytrader.web.TradeAppServlet,com.ibm.websphere.samples.daytrader.web.TradeAppServlet,0
daytrader,15,seed15_solution024,com.ibm.websphere.samples.daytrader.web.TradeServletAction,com.ibm.websphere.samples.daytrader.web.TradeServletAction,0
daytrader,15,seed15_solution024,com.ibm.websphere.samples.daytrader.web.TradeWebContextListener,com.ibm.websphere.samples.daytrader.web.TradeWebContextListener,1
daytrader,15,seed15_solution024,com.ibm.websphere.samples.daytrader.web.jsf.AccountDataJSF,com.ibm.websphere.samples.daytrader.web.jsf.AccountDataJSF,0
daytrader,15,seed15_solution024,com.ibm.websphere.samples.daytrader.web.jsf.ExternalContextProducer,com.ibm.websphere.samples.daytrader.web.jsf.ExternalContextProducer,3
daytrader,15,seed15_solution024,com.ibm.websphere.samples.daytrader.web.jsf.HoldingData,com.ibm.websphere.samples.daytrader.web.jsf.HoldingData,3
daytrader,15,seed15_solution024,com.ibm.websphere.samples.daytrader.web.jsf.JSFLoginFilter,com.ibm.websphere.samples.daytrader.web.jsf.JSFLoginFilter,4
daytrader,15,seed15_solution024,com.ibm.websphere.samples.daytrader.web.jsf.LoginValidator,com.ibm.websphere.samples.daytrader.web.jsf.LoginValidator,4
daytrader,15,seed15_solution024,com.ibm.websphere.samples.daytrader.web.jsf.MarketSummaryJSF,com.ibm.websphere.samples.daytrader.web.jsf.MarketSummaryJSF,4
daytrader,15,seed15_solution024,com.ibm.websphere.samples.daytrader.web.jsf.OrderData,com.ibm.websphere.samples.daytrader.web.jsf.OrderData,4
daytrader,15,seed15_solution024,com.ibm.websphere.samples.daytrader.web.jsf.OrderDataJSF,com.ibm.websphere.samples.daytrader.web.jsf.OrderDataJSF,4
daytrader,15,seed15_solution024,com.ibm.websphere.samples.daytrader.web.jsf.PortfolioJSF,com.ibm.websphere.samples.daytrader.web.jsf.PortfolioJSF,5
daytrader,15,seed15_solution024,com.ibm.websphere.samples.daytrader.web.jsf.QuoteData,com.ibm.websphere.samples.daytrader.web.jsf.QuoteData,6
daytrader,15,seed15_solution024,com.ibm.websphere.samples.daytrader.web.jsf.QuoteJSF,com.ibm.websphere.samples.daytrader.web.jsf.QuoteJSF,4
daytrader,15,seed15_solution024,com.ibm.websphere.samples.daytrader.web.jsf.TradeActionProducer,com.ibm.websphere.samples.daytrader.web.jsf.TradeActionProducer,1
daytrader,15,seed15_solution024,com.ibm.websphere.samples.daytrader.web.jsf.TradeAppJSF,com.ibm.websphere.samples.daytrader.web.jsf.TradeAppJSF,7
daytrader,15,seed15_solution024,com.ibm.websphere.samples.daytrader.web.jsf.TradeConfigJSF,com.ibm.websphere.samples.daytrader.web.jsf.TradeConfigJSF,1
daytrader,15,seed15_solution024,com.ibm.websphere.samples.daytrader.web.websocket.ActionDecoder,com.ibm.websphere.samples.daytrader.web.websocket.ActionDecoder,4
daytrader,15,seed15_solution024,com.ibm.websphere.samples.daytrader.web.websocket.ActionMessage,com.ibm.websphere.samples.daytrader.web.websocket.ActionMessage,4
daytrader,15,seed15_solution024,com.ibm.websphere.samples.daytrader.web.websocket.ActionMessage$1,com.ibm.websphere.samples.daytrader.web.websocket.ActionMessage$1,4
daytrader,15,seed15_solution024,com.ibm.websphere.samples.daytrader.web.websocket.JsonDecoder,com.ibm.websphere.samples.daytrader.web.websocket.JsonDecoder,4
daytrader,15,seed15_solution024,com.ibm.websphere.samples.daytrader.web.websocket.JsonEncoder,com.ibm.websphere.samples.daytrader.web.websocket.JsonEncoder,4
daytrader,15,seed15_solution024,com.ibm.websphere.samples.daytrader.web.websocket.JsonMessage,com.ibm.websphere.samples.daytrader.web.websocket.JsonMessage,4
daytrader,15,seed15_solution024,com.ibm.websphere.samples.daytrader.web.websocket.MarketSummaryWebSocket,com.ibm.websphere.samples.daytrader.web.websocket.MarketSummaryWebSocket,1
daytrader,15,seed15_solution024,com.ibm.websphere.samples.daytrader.web.websocket.RecentStockChangeList,com.ibm.websphere.samples.daytrader.web.websocket.RecentStockChangeList,4
daytrader,15,seed15_solution025,com.ibm.websphere.samples.daytrader.TradeAction,com.ibm.websphere.samples.daytrader.TradeAction,0
daytrader,15,seed15_solution025,com.ibm.websphere.samples.daytrader.TradeServices,com.ibm.websphere.samples.daytrader.TradeServices,0
daytrader,15,seed15_solution025,com.ibm.websphere.samples.daytrader.beans.MarketSummaryDataBean,com.ibm.websphere.samples.daytrader.beans.MarketSummaryDataBean,1
daytrader,15,seed15_solution025,com.ibm.websphere.samples.daytrader.beans.RunStatsDataBean,com.ibm.websphere.samples.daytrader.beans.RunStatsDataBean,0
daytrader,15,seed15_solution025,com.ibm.websphere.samples.daytrader.direct.KeySequenceDirect,com.ibm.websphere.samples.daytrader.direct.KeySequenceDirect,1
daytrader,15,seed15_solution025,com.ibm.websphere.samples.daytrader.direct.TradeDirect,com.ibm.websphere.samples.daytrader.direct.TradeDirect,0
daytrader,15,seed15_solution025,com.ibm.websphere.samples.daytrader.ejb3.DTBroker3MDB,com.ibm.websphere.samples.daytrader.ejb3.DTBroker3MDB,0
daytrader,15,seed15_solution025,com.ibm.websphere.samples.daytrader.ejb3.DTStreamer3MDB,com.ibm.websphere.samples.daytrader.ejb3.DTStreamer3MDB,1
daytrader,15,seed15_solution025,com.ibm.websphere.samples.daytrader.ejb3.MarketSummarySingleton,com.ibm.websphere.samples.daytrader.ejb3.MarketSummarySingleton,1
daytrader,15,seed15_solution025,com.ibm.websphere.samples.daytrader.ejb3.TradeSLSBBean,com.ibm.websphere.samples.daytrader.ejb3.TradeSLSBBean,0
daytrader,15,seed15_solution025,com.ibm.websphere.samples.daytrader.ejb3.TradeSLSBBean$quotePriceComparator,com.ibm.websphere.samples.daytrader.ejb3.TradeSLSBBean$quotePriceComparator,2
daytrader,15,seed15_solution025,com.ibm.websphere.samples.daytrader.ejb3.TradeSLSBLocal,com.ibm.websphere.samples.daytrader.ejb3.TradeSLSBLocal,2
daytrader,15,seed15_solution025,com.ibm.websphere.samples.daytrader.ejb3.TradeSLSBRemote,com.ibm.websphere.samples.daytrader.ejb3.TradeSLSBRemote,3
daytrader,15,seed15_solution025,com.ibm.websphere.samples.daytrader.entities.AccountDataBean,com.ibm.websphere.samples.daytrader.entities.AccountDataBean,0
daytrader,15,seed15_solution025,com.ibm.websphere.samples.daytrader.entities.AccountProfileDataBean,com.ibm.websphere.samples.daytrader.entities.AccountProfileDataBean,0
daytrader,15,seed15_solution025,com.ibm.websphere.samples.daytrader.entities.HoldingDataBean,com.ibm.websphere.samples.daytrader.entities.HoldingDataBean,0
daytrader,15,seed15_solution025,com.ibm.websphere.samples.daytrader.entities.OrderDataBean,com.ibm.websphere.samples.daytrader.entities.OrderDataBean,0
daytrader,15,seed15_solution025,com.ibm.websphere.samples.daytrader.entities.QuoteDataBean,com.ibm.websphere.samples.daytrader.entities.QuoteDataBean,0
daytrader,15,seed15_solution025,com.ibm.websphere.samples.daytrader.util.CompleteOrderThread,com.ibm.websphere.samples.daytrader.util.CompleteOrderThread,4
daytrader,15,seed15_solution025,com.ibm.websphere.samples.daytrader.util.FinancialUtils,com.ibm.websphere.samples.daytrader.util.FinancialUtils,5
daytrader,15,seed15_solution025,com.ibm.websphere.samples.daytrader.util.KeyBlock,com.ibm.websphere.samples.daytrader.util.KeyBlock,6
daytrader,15,seed15_solution025,com.ibm.websphere.samples.daytrader.util.KeyBlock$KeyBlockIterator,com.ibm.websphere.samples.daytrader.util.KeyBlock$KeyBlockIterator,6
daytrader,15,seed15_solution025,com.ibm.websphere.samples.daytrader.util.Log,com.ibm.websphere.samples.daytrader.util.Log,0
daytrader,15,seed15_solution025,com.ibm.websphere.samples.daytrader.util.MDBStats,com.ibm.websphere.samples.daytrader.util.MDBStats,7
daytrader,15,seed15_solution025,com.ibm.websphere.samples.daytrader.util.TimerStat,com.ibm.websphere.samples.daytrader.util.TimerStat,2
daytrader,15,seed15_solution025,com.ibm.websphere.samples.daytrader.util.TradeConfig,com.ibm.websphere.samples.daytrader.util.TradeConfig,0
daytrader,15,seed15_solution025,com.ibm.websphere.samples.daytrader.util.WebSocketJMSMessage,com.ibm.websphere.samples.daytrader.util.WebSocketJMSMessage,0
daytrader,15,seed15_solution025,com.ibm.websphere.samples.daytrader.web.OrdersAlertFilter,com.ibm.websphere.samples.daytrader.web.OrdersAlertFilter,5
daytrader,15,seed15_solution025,com.ibm.websphere.samples.daytrader.web.TradeAppServlet,com.ibm.websphere.samples.daytrader.web.TradeAppServlet,0
daytrader,15,seed15_solution025,com.ibm.websphere.samples.daytrader.web.TradeServletAction,com.ibm.websphere.samples.daytrader.web.TradeServletAction,0
daytrader,15,seed15_solution025,com.ibm.websphere.samples.daytrader.web.TradeWebContextListener,com.ibm.websphere.samples.daytrader.web.TradeWebContextListener,0
daytrader,15,seed15_solution025,com.ibm.websphere.samples.daytrader.web.jsf.AccountDataJSF,com.ibm.websphere.samples.daytrader.web.jsf.AccountDataJSF,0
daytrader,15,seed15_solution025,com.ibm.websphere.samples.daytrader.web.jsf.ExternalContextProducer,com.ibm.websphere.samples.daytrader.web.jsf.ExternalContextProducer,8
daytrader,15,seed15_solution025,com.ibm.websphere.samples.daytrader.web.jsf.HoldingData,com.ibm.websphere.samples.daytrader.web.jsf.HoldingData,2
daytrader,15,seed15_solution025,com.ibm.websphere.samples.daytrader.web.jsf.JSFLoginFilter,com.ibm.websphere.samples.daytrader.web.jsf.JSFLoginFilter,1
daytrader,15,seed15_solution025,com.ibm.websphere.samples.daytrader.web.jsf.LoginValidator,com.ibm.websphere.samples.daytrader.web.jsf.LoginValidator,6
daytrader,15,seed15_solution025,com.ibm.websphere.samples.daytrader.web.jsf.MarketSummaryJSF,com.ibm.websphere.samples.daytrader.web.jsf.MarketSummaryJSF,7
daytrader,15,seed15_solution025,com.ibm.websphere.samples.daytrader.web.jsf.OrderData,com.ibm.websphere.samples.daytrader.web.jsf.OrderData,2
daytrader,15,seed15_solution025,com.ibm.websphere.samples.daytrader.web.jsf.OrderDataJSF,com.ibm.websphere.samples.daytrader.web.jsf.OrderDataJSF,9
daytrader,15,seed15_solution025,com.ibm.websphere.samples.daytrader.web.jsf.PortfolioJSF,com.ibm.websphere.samples.daytrader.web.jsf.PortfolioJSF,5
daytrader,15,seed15_solution025,com.ibm.websphere.samples.daytrader.web.jsf.QuoteData,com.ibm.websphere.samples.daytrader.web.jsf.QuoteData,2
daytrader,15,seed15_solution025,com.ibm.websphere.samples.daytrader.web.jsf.QuoteJSF,com.ibm.websphere.samples.daytrader.web.jsf.QuoteJSF,4
daytrader,15,seed15_solution025,com.ibm.websphere.samples.daytrader.web.jsf.TradeActionProducer,com.ibm.websphere.samples.daytrader.web.jsf.TradeActionProducer,8
daytrader,15,seed15_solution025,com.ibm.websphere.samples.daytrader.web.jsf.TradeAppJSF,com.ibm.websphere.samples.daytrader.web.jsf.TradeAppJSF,4
daytrader,15,seed15_solution025,com.ibm.websphere.samples.daytrader.web.jsf.TradeConfigJSF,com.ibm.websphere.samples.daytrader.web.jsf.TradeConfigJSF,7
daytrader,15,seed15_solution025,com.ibm.websphere.samples.daytrader.web.websocket.ActionDecoder,com.ibm.websphere.samples.daytrader.web.websocket.ActionDecoder,7
daytrader,15,seed15_solution025,com.ibm.websphere.samples.daytrader.web.websocket.ActionMessage,com.ibm.websphere.samples.daytrader.web.websocket.ActionMessage,10
daytrader,15,seed15_solution025,com.ibm.websphere.samples.daytrader.web.websocket.ActionMessage$1,com.ibm.websphere.samples.daytrader.web.websocket.ActionMessage$1,6
daytrader,15,seed15_solution025,com.ibm.websphere.samples.daytrader.web.websocket.JsonDecoder,com.ibm.websphere.samples.daytrader.web.websocket.JsonDecoder,8
daytrader,15,seed15_solution025,com.ibm.websphere.samples.daytrader.web.websocket.JsonEncoder,com.ibm.websphere.samples.daytrader.web.websocket.JsonEncoder,9
daytrader,15,seed15_solution025,com.ibm.websphere.samples.daytrader.web.websocket.JsonMessage,com.ibm.websphere.samples.daytrader.web.websocket.JsonMessage,9
daytrader,15,seed15_solution025,com.ibm.websphere.samples.daytrader.web.websocket.MarketSummaryWebSocket,com.ibm.websphere.samples.daytrader.web.websocket.MarketSummaryWebSocket,0
daytrader,15,seed15_solution025,com.ibm.websphere.samples.daytrader.web.websocket.RecentStockChangeList,com.ibm.websphere.samples.daytrader.web.websocket.RecentStockChangeList,1
daytrader,15,seed15_solution026,com.ibm.websphere.samples.daytrader.TradeAction,com.ibm.websphere.samples.daytrader.TradeAction,0
daytrader,15,seed15_solution026,com.ibm.websphere.samples.daytrader.TradeServices,com.ibm.websphere.samples.daytrader.TradeServices,0
daytrader,15,seed15_solution026,com.ibm.websphere.samples.daytrader.beans.MarketSummaryDataBean,com.ibm.websphere.samples.daytrader.beans.MarketSummaryDataBean,1
daytrader,15,seed15_solution026,com.ibm.websphere.samples.daytrader.beans.RunStatsDataBean,com.ibm.websphere.samples.daytrader.beans.RunStatsDataBean,2
daytrader,15,seed15_solution026,com.ibm.websphere.samples.daytrader.direct.KeySequenceDirect,com.ibm.websphere.samples.daytrader.direct.KeySequenceDirect,0
daytrader,15,seed15_solution026,com.ibm.websphere.samples.daytrader.direct.TradeDirect,com.ibm.websphere.samples.daytrader.direct.TradeDirect,0
daytrader,15,seed15_solution026,com.ibm.websphere.samples.daytrader.ejb3.DTBroker3MDB,com.ibm.websphere.samples.daytrader.ejb3.DTBroker3MDB,1
daytrader,15,seed15_solution026,com.ibm.websphere.samples.daytrader.ejb3.DTStreamer3MDB,com.ibm.websphere.samples.daytrader.ejb3.DTStreamer3MDB,0
daytrader,15,seed15_solution026,com.ibm.websphere.samples.daytrader.ejb3.MarketSummarySingleton,com.ibm.websphere.samples.daytrader.ejb3.MarketSummarySingleton,2
daytrader,15,seed15_solution026,com.ibm.websphere.samples.daytrader.ejb3.TradeSLSBBean,com.ibm.websphere.samples.daytrader.ejb3.TradeSLSBBean,0
daytrader,15,seed15_solution026,com.ibm.websphere.samples.daytrader.ejb3.TradeSLSBBean$quotePriceComparator,com.ibm.websphere.samples.daytrader.ejb3.TradeSLSBBean$quotePriceComparator,3
daytrader,15,seed15_solution026,com.ibm.websphere.samples.daytrader.ejb3.TradeSLSBLocal,com.ibm.websphere.samples.daytrader.ejb3.TradeSLSBLocal,3
daytrader,15,seed15_solution026,com.ibm.websphere.samples.daytrader.ejb3.TradeSLSBRemote,com.ibm.websphere.samples.daytrader.ejb3.TradeSLSBRemote,1
daytrader,15,seed15_solution026,com.ibm.websphere.samples.daytrader.entities.AccountDataBean,com.ibm.websphere.samples.daytrader.entities.AccountDataBean,0
daytrader,15,seed15_solution026,com.ibm.websphere.samples.daytrader.entities.AccountProfileDataBean,com.ibm.websphere.samples.daytrader.entities.AccountProfileDataBean,0
daytrader,15,seed15_solution026,com.ibm.websphere.samples.daytrader.entities.HoldingDataBean,com.ibm.websphere.samples.daytrader.entities.HoldingDataBean,0
daytrader,15,seed15_solution026,com.ibm.websphere.samples.daytrader.entities.OrderDataBean,com.ibm.websphere.samples.daytrader.entities.OrderDataBean,0
daytrader,15,seed15_solution026,com.ibm.websphere.samples.daytrader.entities.QuoteDataBean,com.ibm.websphere.samples.daytrader.entities.QuoteDataBean,0
daytrader,15,seed15_solution026,com.ibm.websphere.samples.daytrader.util.CompleteOrderThread,com.ibm.websphere.samples.daytrader.util.CompleteOrderThread,4
daytrader,15,seed15_solution026,com.ibm.websphere.samples.daytrader.util.FinancialUtils,com.ibm.websphere.samples.daytrader.util.FinancialUtils,3
daytrader,15,seed15_solution026,com.ibm.websphere.samples.daytrader.util.KeyBlock,com.ibm.websphere.samples.daytrader.util.KeyBlock,4
daytrader,15,seed15_solution026,com.ibm.websphere.samples.daytrader.util.KeyBlock$KeyBlockIterator,com.ibm.websphere.samples.daytrader.util.KeyBlock$KeyBlockIterator,2
daytrader,15,seed15_solution026,com.ibm.websphere.samples.daytrader.util.Log,com.ibm.websphere.samples.daytrader.util.Log,0
daytrader,15,seed15_solution026,com.ibm.websphere.samples.daytrader.util.MDBStats,com.ibm.websphere.samples.daytrader.util.MDBStats,5
daytrader,15,seed15_solution026,com.ibm.websphere.samples.daytrader.util.TimerStat,com.ibm.websphere.samples.daytrader.util.TimerStat,5
daytrader,15,seed15_solution026,com.ibm.websphere.samples.daytrader.util.TradeConfig,com.ibm.websphere.samples.daytrader.util.TradeConfig,0
daytrader,15,seed15_solution026,com.ibm.websphere.samples.daytrader.util.WebSocketJMSMessage,com.ibm.websphere.samples.daytrader.util.WebSocketJMSMessage,3
daytrader,15,seed15_solution026,com.ibm.websphere.samples.daytrader.web.OrdersAlertFilter,com.ibm.websphere.samples.daytrader.web.OrdersAlertFilter,1
daytrader,15,seed15_solution026,com.ibm.websphere.samples.daytrader.web.TradeAppServlet,com.ibm.websphere.samples.daytrader.web.TradeAppServlet,6
daytrader,15,seed15_solution026,com.ibm.websphere.samples.daytrader.web.TradeServletAction,com.ibm.websphere.samples.daytrader.web.TradeServletAction,0
daytrader,15,seed15_solution026,com.ibm.websphere.samples.daytrader.web.TradeWebContextListener,com.ibm.websphere.samples.daytrader.web.TradeWebContextListener,1
daytrader,15,seed15_solution026,com.ibm.websphere.samples.daytrader.web.jsf.AccountDataJSF,com.ibm.websphere.samples.daytrader.web.jsf.AccountDataJSF,0
daytrader,15,seed15_solution026,com.ibm.websphere.samples.daytrader.web.jsf.ExternalContextProducer,com.ibm.websphere.samples.daytrader.web.jsf.ExternalContextProducer,4
daytrader,15,seed15_solution026,com.ibm.websphere.samples.daytrader.web.jsf.HoldingData,com.ibm.websphere.samples.daytrader.web.jsf.HoldingData,7
daytrader,15,seed15_solution026,com.ibm.websphere.samples.daytrader.web.jsf.JSFLoginFilter,com.ibm.websphere.samples.daytrader.web.jsf.JSFLoginFilter,3
daytrader,15,seed15_solution026,com.ibm.websphere.samples.daytrader.web.jsf.LoginValidator,com.ibm.websphere.samples.daytrader.web.jsf.LoginValidator,8
daytrader,15,seed15_solution026,com.ibm.websphere.samples.daytrader.web.jsf.MarketSummaryJSF,com.ibm.websphere.samples.daytrader.web.jsf.MarketSummaryJSF,9
daytrader,15,seed15_solution026,com.ibm.websphere.samples.daytrader.web.jsf.OrderData,com.ibm.websphere.samples.daytrader.web.jsf.OrderData,3
daytrader,15,seed15_solution026,com.ibm.websphere.samples.daytrader.web.jsf.OrderDataJSF,com.ibm.websphere.samples.daytrader.web.jsf.OrderDataJSF,3
daytrader,15,seed15_solution026,com.ibm.websphere.samples.daytrader.web.jsf.PortfolioJSF,com.ibm.websphere.samples.daytrader.web.jsf.PortfolioJSF,9
daytrader,15,seed15_solution026,com.ibm.websphere.samples.daytrader.web.jsf.QuoteData,com.ibm.websphere.samples.daytrader.web.jsf.QuoteData,9
daytrader,15,seed15_solution026,com.ibm.websphere.samples.daytrader.web.jsf.QuoteJSF,com.ibm.websphere.samples.daytrader.web.jsf.QuoteJSF,9
daytrader,15,seed15_solution026,com.ibm.websphere.samples.daytrader.web.jsf.TradeActionProducer,com.ibm.websphere.samples.daytrader.web.jsf.TradeActionProducer,7
daytrader,15,seed15_solution026,com.ibm.websphere.samples.daytrader.web.jsf.TradeAppJSF,com.ibm.websphere.samples.daytrader.web.jsf.TradeAppJSF,10
daytrader,15,seed15_solution026,com.ibm.websphere.samples.daytrader.web.jsf.TradeConfigJSF,com.ibm.websphere.samples.daytrader.web.jsf.TradeConfigJSF,0
daytrader,15,seed15_solution026,com.ibm.websphere.samples.daytrader.web.websocket.ActionDecoder,com.ibm.websphere.samples.daytrader.web.websocket.ActionDecoder,4
daytrader,15,seed15_solution026,com.ibm.websphere.samples.daytrader.web.websocket.ActionMessage,com.ibm.websphere.samples.daytrader.web.websocket.ActionMessage,7
daytrader,15,seed15_solution026,com.ibm.websphere.samples.daytrader.web.websocket.ActionMessage$1,com.ibm.websphere.samples.daytrader.web.websocket.ActionMessage$1,1
daytrader,15,seed15_solution026,com.ibm.websphere.samples.daytrader.web.websocket.JsonDecoder,com.ibm.websphere.samples.daytrader.web.websocket.JsonDecoder,7
daytrader,15,seed15_solution026,com.ibm.websphere.samples.daytrader.web.websocket.JsonEncoder,com.ibm.websphere.samples.daytrader.web.websocket.JsonEncoder,3
daytrader,15,seed15_solution026,com.ibm.websphere.samples.daytrader.web.websocket.JsonMessage,com.ibm.websphere.samples.daytrader.web.websocket.JsonMessage,1
daytrader,15,seed15_solution026,com.ibm.websphere.samples.daytrader.web.websocket.MarketSummaryWebSocket,com.ibm.websphere.samples.daytrader.web.websocket.MarketSummaryWebSocket,3
daytrader,15,seed15_solution026,com.ibm.websphere.samples.daytrader.web.websocket.RecentStockChangeList,com.ibm.websphere.samples.daytrader.web.websocket.RecentStockChangeList,4
daytrader,15,seed15_solution027,com.ibm.websphere.samples.daytrader.TradeAction,com.ibm.websphere.samples.daytrader.TradeAction,0
daytrader,15,seed15_solution027,com.ibm.websphere.samples.daytrader.TradeServices,com.ibm.websphere.samples.daytrader.TradeServices,0
daytrader,15,seed15_solution027,com.ibm.websphere.samples.daytrader.beans.MarketSummaryDataBean,com.ibm.websphere.samples.daytrader.beans.MarketSummaryDataBean,1
daytrader,15,seed15_solution027,com.ibm.websphere.samples.daytrader.beans.RunStatsDataBean,com.ibm.websphere.samples.daytrader.beans.RunStatsDataBean,0
daytrader,15,seed15_solution027,com.ibm.websphere.samples.daytrader.direct.KeySequenceDirect,com.ibm.websphere.samples.daytrader.direct.KeySequenceDirect,1
daytrader,15,seed15_solution027,com.ibm.websphere.samples.daytrader.direct.TradeDirect,com.ibm.websphere.samples.daytrader.direct.TradeDirect,0
daytrader,15,seed15_solution027,com.ibm.websphere.samples.daytrader.ejb3.DTBroker3MDB,com.ibm.websphere.samples.daytrader.ejb3.DTBroker3MDB,0
daytrader,15,seed15_solution027,com.ibm.websphere.samples.daytrader.ejb3.DTStreamer3MDB,com.ibm.websphere.samples.daytrader.ejb3.DTStreamer3MDB,0
daytrader,15,seed15_solution027,com.ibm.websphere.samples.daytrader.ejb3.MarketSummarySingleton,com.ibm.websphere.samples.daytrader.ejb3.MarketSummarySingleton,2
daytrader,15,seed15_solution027,com.ibm.websphere.samples.daytrader.ejb3.TradeSLSBBean,com.ibm.websphere.samples.daytrader.ejb3.TradeSLSBBean,0
daytrader,15,seed15_solution027,com.ibm.websphere.samples.daytrader.ejb3.TradeSLSBBean$quotePriceComparator,com.ibm.websphere.samples.daytrader.ejb3.TradeSLSBBean$quotePriceComparator,3
daytrader,15,seed15_solution027,com.ibm.websphere.samples.daytrader.ejb3.TradeSLSBLocal,com.ibm.websphere.samples.daytrader.ejb3.TradeSLSBLocal,0
daytrader,15,seed15_solution027,com.ibm.websphere.samples.daytrader.ejb3.TradeSLSBRemote,com.ibm.websphere.samples.daytrader.ejb3.TradeSLSBRemote,1
daytrader,15,seed15_solution027,com.ibm.websphere.samples.daytrader.entities.AccountDataBean,com.ibm.websphere.samples.daytrader.entities.AccountDataBean,0
daytrader,15,seed15_solution027,com.ibm.websphere.samples.daytrader.entities.AccountProfileDataBean,com.ibm.websphere.samples.daytrader.entities.AccountProfileDataBean,0
daytrader,15,seed15_solution027,com.ibm.websphere.samples.daytrader.entities.HoldingDataBean,com.ibm.websphere.samples.daytrader.entities.HoldingDataBean,0
daytrader,15,seed15_solution027,com.ibm.websphere.samples.daytrader.entities.OrderDataBean,com.ibm.websphere.samples.daytrader.entities.OrderDataBean,0
daytrader,15,seed15_solution027,com.ibm.websphere.samples.daytrader.entities.QuoteDataBean,com.ibm.websphere.samples.daytrader.entities.QuoteDataBean,0
daytrader,15,seed15_solution027,com.ibm.websphere.samples.daytrader.util.CompleteOrderThread,com.ibm.websphere.samples.daytrader.util.CompleteOrderThread,4
daytrader,15,seed15_solution027,com.ibm.websphere.samples.daytrader.util.FinancialUtils,com.ibm.websphere.samples.daytrader.util.FinancialUtils,3
daytrader,15,seed15_solution027,com.ibm.websphere.samples.daytrader.util.KeyBlock,com.ibm.websphere.samples.daytrader.util.KeyBlock,1
daytrader,15,seed15_solution027,com.ibm.websphere.samples.daytrader.util.KeyBlock$KeyBlockIterator,com.ibm.websphere.samples.daytrader.util.KeyBlock$KeyBlockIterator,1
daytrader,15,seed15_solution027,com.ibm.websphere.samples.daytrader.util.Log,com.ibm.websphere.samples.daytrader.util.Log,0
daytrader,15,seed15_solution027,com.ibm.websphere.samples.daytrader.util.MDBStats,com.ibm.websphere.samples.daytrader.util.MDBStats,1
daytrader,15,seed15_solution027,com.ibm.websphere.samples.daytrader.util.TimerStat,com.ibm.websphere.samples.daytrader.util.TimerStat,3
daytrader,15,seed15_solution027,com.ibm.websphere.samples.daytrader.util.TradeConfig,com.ibm.websphere.samples.daytrader.util.TradeConfig,0
daytrader,15,seed15_solution027,com.ibm.websphere.samples.daytrader.util.WebSocketJMSMessage,com.ibm.websphere.samples.daytrader.util.WebSocketJMSMessage,5
daytrader,15,seed15_solution027,com.ibm.websphere.samples.daytrader.web.OrdersAlertFilter,com.ibm.websphere.samples.daytrader.web.OrdersAlertFilter,1
daytrader,15,seed15_solution027,com.ibm.websphere.samples.daytrader.web.TradeAppServlet,com.ibm.websphere.samples.daytrader.web.TradeAppServlet,3
daytrader,15,seed15_solution027,com.ibm.websphere.samples.daytrader.web.TradeServletAction,com.ibm.websphere.samples.daytrader.web.TradeServletAction,0
daytrader,15,seed15_solution027,com.ibm.websphere.samples.daytrader.web.TradeWebContextListener,com.ibm.websphere.samples.daytrader.web.TradeWebContextListener,3
daytrader,15,seed15_solution027,com.ibm.websphere.samples.daytrader.web.jsf.AccountDataJSF,com.ibm.websphere.samples.daytrader.web.jsf.AccountDataJSF,6
daytrader,15,seed15_solution027,com.ibm.websphere.samples.daytrader.web.jsf.ExternalContextProducer,com.ibm.websphere.samples.daytrader.web.jsf.ExternalContextProducer,7
daytrader,15,seed15_solution027,com.ibm.websphere.samples.daytrader.web.jsf.HoldingData,com.ibm.websphere.samples.daytrader.web.jsf.HoldingData,1
daytrader,15,seed15_solution027,com.ibm.websphere.samples.daytrader.web.jsf.JSFLoginFilter,com.ibm.websphere.samples.daytrader.web.jsf.JSFLoginFilter,4
daytrader,15,seed15_solution027,com.ibm.websphere.samples.daytrader.web.jsf.LoginValidator,com.ibm.websphere.samples.daytrader.web.jsf.LoginValidator,8
daytrader,15,seed15_solution027,com.ibm.websphere.samples.daytrader.web.jsf.MarketSummaryJSF,com.ibm.websphere.samples.daytrader.web.jsf.MarketSummaryJSF,1
daytrader,15,seed15_solution027,com.ibm.websphere.samples.daytrader.web.jsf.OrderData,com.ibm.websphere.samples.daytrader.web.jsf.OrderData,5
daytrader,15,seed15_solution027,com.ibm.websphere.samples.daytrader.web.jsf.OrderDataJSF,com.ibm.websphere.samples.daytrader.web.jsf.OrderDataJSF,0
daytrader,15,seed15_solution027,com.ibm.websphere.samples.daytrader.web.jsf.PortfolioJSF,com.ibm.websphere.samples.daytrader.web.jsf.PortfolioJSF,1
daytrader,15,seed15_solution027,com.ibm.websphere.samples.daytrader.web.jsf.QuoteData,com.ibm.websphere.samples.daytrader.web.jsf.QuoteData,2
daytrader,15,seed15_solution027,com.ibm.websphere.samples.daytrader.web.jsf.QuoteJSF,com.ibm.websphere.samples.daytrader.web.jsf.QuoteJSF,3
daytrader,15,seed15_solution027,com.ibm.websphere.samples.daytrader.web.jsf.TradeActionProducer,com.ibm.websphere.samples.daytrader.web.jsf.TradeActionProducer,1
daytrader,15,seed15_solution027,com.ibm.websphere.samples.daytrader.web.jsf.TradeAppJSF,com.ibm.websphere.samples.daytrader.web.jsf.TradeAppJSF,3
daytrader,15,seed15_solution027,com.ibm.websphere.samples.daytrader.web.jsf.TradeConfigJSF,com.ibm.websphere.samples.daytrader.web.jsf.TradeConfigJSF,4
daytrader,15,seed15_solution027,com.ibm.websphere.samples.daytrader.web.websocket.ActionDecoder,com.ibm.websphere.samples.daytrader.web.websocket.ActionDecoder,7
daytrader,15,seed15_solution027,com.ibm.websphere.samples.daytrader.web.websocket.ActionMessage,com.ibm.websphere.samples.daytrader.web.websocket.ActionMessage,6
daytrader,15,seed15_solution027,com.ibm.websphere.samples.daytrader.web.websocket.ActionMessage$1,com.ibm.websphere.samples.daytrader.web.websocket.ActionMessage$1,1
daytrader,15,seed15_solution027,com.ibm.websphere.samples.daytrader.web.websocket.JsonDecoder,com.ibm.websphere.samples.daytrader.web.websocket.JsonDecoder,3
daytrader,15,seed15_solution027,com.ibm.websphere.samples.daytrader.web.websocket.JsonEncoder,com.ibm.websphere.samples.daytrader.web.websocket.JsonEncoder,9
daytrader,15,seed15_solution027,com.ibm.websphere.samples.daytrader.web.websocket.JsonMessage,com.ibm.websphere.samples.daytrader.web.websocket.JsonMessage,9
daytrader,15,seed15_solution027,com.ibm.websphere.samples.daytrader.web.websocket.MarketSummaryWebSocket,com.ibm.websphere.samples.daytrader.web.websocket.MarketSummaryWebSocket,0
daytrader,15,seed15_solution027,com.ibm.websphere.samples.daytrader.web.websocket.RecentStockChangeList,com.ibm.websphere.samples.daytrader.web.websocket.RecentStockChangeList,8
daytrader,15,seed15_solution028,com.ibm.websphere.samples.daytrader.TradeAction,com.ibm.websphere.samples.daytrader.TradeAction,0
daytrader,15,seed15_solution028,com.ibm.websphere.samples.daytrader.TradeServices,com.ibm.websphere.samples.daytrader.TradeServices,0
daytrader,15,seed15_solution028,com.ibm.websphere.samples.daytrader.beans.MarketSummaryDataBean,com.ibm.websphere.samples.daytrader.beans.MarketSummaryDataBean,1
daytrader,15,seed15_solution028,com.ibm.websphere.samples.daytrader.beans.RunStatsDataBean,com.ibm.websphere.samples.daytrader.beans.RunStatsDataBean,1
daytrader,15,seed15_solution028,com.ibm.websphere.samples.daytrader.direct.KeySequenceDirect,com.ibm.websphere.samples.daytrader.direct.KeySequenceDirect,1
daytrader,15,seed15_solution028,com.ibm.websphere.samples.daytrader.direct.TradeDirect,com.ibm.websphere.samples.daytrader.direct.TradeDirect,0
daytrader,15,seed15_solution028,com.ibm.websphere.samples.daytrader.ejb3.DTBroker3MDB,com.ibm.websphere.samples.daytrader.ejb3.DTBroker3MDB,0
daytrader,15,seed15_solution028,com.ibm.websphere.samples.daytrader.ejb3.DTStreamer3MDB,com.ibm.websphere.samples.daytrader.ejb3.DTStreamer3MDB,1
daytrader,15,seed15_solution028,com.ibm.websphere.samples.daytrader.ejb3.MarketSummarySingleton,com.ibm.websphere.samples.daytrader.ejb3.MarketSummarySingleton,2
daytrader,15,seed15_solution028,com.ibm.websphere.samples.daytrader.ejb3.TradeSLSBBean,com.ibm.websphere.samples.daytrader.ejb3.TradeSLSBBean,0
daytrader,15,seed15_solution028,com.ibm.websphere.samples.daytrader.ejb3.TradeSLSBBean$quotePriceComparator,com.ibm.websphere.samples.daytrader.ejb3.TradeSLSBBean$quotePriceComparator,2
daytrader,15,seed15_solution028,com.ibm.websphere.samples.daytrader.ejb3.TradeSLSBLocal,com.ibm.websphere.samples.daytrader.ejb3.TradeSLSBLocal,0
daytrader,15,seed15_solution028,com.ibm.websphere.samples.daytrader.ejb3.TradeSLSBRemote,com.ibm.websphere.samples.daytrader.ejb3.TradeSLSBRemote,1
daytrader,15,seed15_solution028,com.ibm.websphere.samples.daytrader.entities.AccountDataBean,com.ibm.websphere.samples.daytrader.entities.AccountDataBean,0
daytrader,15,seed15_solution028,com.ibm.websphere.samples.daytrader.entities.AccountProfileDataBean,com.ibm.websphere.samples.daytrader.entities.AccountProfileDataBean,0
daytrader,15,seed15_solution028,com.ibm.websphere.samples.daytrader.entities.HoldingDataBean,com.ibm.websphere.samples.daytrader.entities.HoldingDataBean,0
daytrader,15,seed15_solution028,com.ibm.websphere.samples.daytrader.entities.OrderDataBean,com.ibm.websphere.samples.daytrader.entities.OrderDataBean,0
daytrader,15,seed15_solution028,com.ibm.websphere.samples.daytrader.entities.QuoteDataBean,com.ibm.websphere.samples.daytrader.entities.QuoteDataBean,0
daytrader,15,seed15_solution028,com.ibm.websphere.samples.daytrader.util.CompleteOrderThread,com.ibm.websphere.samples.daytrader.util.CompleteOrderThread,0
daytrader,15,seed15_solution028,com.ibm.websphere.samples.daytrader.util.FinancialUtils,com.ibm.websphere.samples.daytrader.util.FinancialUtils,0
daytrader,15,seed15_solution028,com.ibm.websphere.samples.daytrader.util.KeyBlock,com.ibm.websphere.samples.daytrader.util.KeyBlock,3
daytrader,15,seed15_solution028,com.ibm.websphere.samples.daytrader.util.KeyBlock$KeyBlockIterator,com.ibm.websphere.samples.daytrader.util.KeyBlock$KeyBlockIterator,1
daytrader,15,seed15_solution028,com.ibm.websphere.samples.daytrader.util.Log,com.ibm.websphere.samples.daytrader.util.Log,0
daytrader,15,seed15_solution028,com.ibm.websphere.samples.daytrader.util.MDBStats,com.ibm.websphere.samples.daytrader.util.MDBStats,4
daytrader,15,seed15_solution028,com.ibm.websphere.samples.daytrader.util.TimerStat,com.ibm.websphere.samples.daytrader.util.TimerStat,1
daytrader,15,seed15_solution028,com.ibm.websphere.samples.daytrader.util.TradeConfig,com.ibm.websphere.samples.daytrader.util.TradeConfig,0
daytrader,15,seed15_solution028,com.ibm.websphere.samples.daytrader.util.WebSocketJMSMessage,com.ibm.websphere.samples.daytrader.util.WebSocketJMSMessage,0
daytrader,15,seed15_solution028,com.ibm.websphere.samples.daytrader.web.OrdersAlertFilter,com.ibm.websphere.samples.daytrader.web.OrdersAlertFilter,3
daytrader,15,seed15_solution028,com.ibm.websphere.samples.daytrader.web.TradeAppServlet,com.ibm.websphere.samples.daytrader.web.TradeAppServlet,0
daytrader,15,seed15_solution028,com.ibm.websphere.samples.daytrader.web.TradeServletAction,com.ibm.websphere.samples.daytrader.web.TradeServletAction,0
daytrader,15,seed15_solution028,com.ibm.websphere.samples.daytrader.web.TradeWebContextListener,com.ibm.websphere.samples.daytrader.web.TradeWebContextListener,1
daytrader,15,seed15_solution028,com.ibm.websphere.samples.daytrader.web.jsf.AccountDataJSF,com.ibm.websphere.samples.daytrader.web.jsf.AccountDataJSF,0
daytrader,15,seed15_solution028,com.ibm.websphere.samples.daytrader.web.jsf.ExternalContextProducer,com.ibm.websphere.samples.daytrader.web.jsf.ExternalContextProducer,0
daytrader,15,seed15_solution028,com.ibm.websphere.samples.daytrader.web.jsf.HoldingData,com.ibm.websphere.samples.daytrader.web.jsf.HoldingData,0
daytrader,15,seed15_solution028,com.ibm.websphere.samples.daytrader.web.jsf.JSFLoginFilter,com.ibm.websphere.samples.daytrader.web.jsf.JSFLoginFilter,2
daytrader,15,seed15_solution028,com.ibm.websphere.samples.daytrader.web.jsf.LoginValidator,com.ibm.websphere.samples.daytrader.web.jsf.LoginValidator,2
daytrader,15,seed15_solution028,com.ibm.websphere.samples.daytrader.web.jsf.MarketSummaryJSF,com.ibm.websphere.samples.daytrader.web.jsf.MarketSummaryJSF,2
daytrader,15,seed15_solution028,com.ibm.websphere.samples.daytrader.web.jsf.OrderData,com.ibm.websphere.samples.daytrader.web.jsf.OrderData,2
daytrader,15,seed15_solution028,com.ibm.websphere.samples.daytrader.web.jsf.OrderDataJSF,com.ibm.websphere.samples.daytrader.web.jsf.OrderDataJSF,5
daytrader,15,seed15_solution028,com.ibm.websphere.samples.daytrader.web.jsf.PortfolioJSF,com.ibm.websphere.samples.daytrader.web.jsf.PortfolioJSF,5
daytrader,15,seed15_solution028,com.ibm.websphere.samples.daytrader.web.jsf.QuoteData,com.ibm.websphere.samples.daytrader.web.jsf.QuoteData,2
daytrader,15,seed15_solution028,com.ibm.websphere.samples.daytrader.web.jsf.QuoteJSF,com.ibm.websphere.samples.daytrader.web.jsf.QuoteJSF,2
daytrader,15,seed15_solution028,com.ibm.websphere.samples.daytrader.web.jsf.TradeActionProducer,com.ibm.websphere.samples.daytrader.web.jsf.TradeActionProducer,1
daytrader,15,seed15_solution028,com.ibm.websphere.samples.daytrader.web.jsf.TradeAppJSF,com.ibm.websphere.samples.daytrader.web.jsf.TradeAppJSF,6
daytrader,15,seed15_solution028,com.ibm.websphere.samples.daytrader.web.jsf.TradeConfigJSF,com.ibm.websphere.samples.daytrader.web.jsf.TradeConfigJSF,1
daytrader,15,seed15_solution028,com.ibm.websphere.samples.daytrader.web.websocket.ActionDecoder,com.ibm.websphere.samples.daytrader.web.websocket.ActionDecoder,4
daytrader,15,seed15_solution028,com.ibm.websphere.samples.daytrader.web.websocket.ActionMessage,com.ibm.websphere.samples.daytrader.web.websocket.ActionMessage,2
daytrader,15,seed15_solution028,com.ibm.websphere.samples.daytrader.web.websocket.ActionMessage$1,com.ibm.websphere.samples.daytrader.web.websocket.ActionMessage$1,4
daytrader,15,seed15_solution028,com.ibm.websphere.samples.daytrader.web.websocket.JsonDecoder,com.ibm.websphere.samples.daytrader.web.websocket.JsonDecoder,2
daytrader,15,seed15_solution028,com.ibm.websphere.samples.daytrader.web.websocket.JsonEncoder,com.ibm.websphere.samples.daytrader.web.websocket.JsonEncoder,2
daytrader,15,seed15_solution028,com.ibm.websphere.samples.daytrader.web.websocket.JsonMessage,com.ibm.websphere.samples.daytrader.web.websocket.JsonMessage,2
daytrader,15,seed15_solution028,com.ibm.websphere.samples.daytrader.web.websocket.MarketSummaryWebSocket,com.ibm.websphere.samples.daytrader.web.websocket.MarketSummaryWebSocket,1
daytrader,15,seed15_solution028,com.ibm.websphere.samples.daytrader.web.websocket.RecentStockChangeList,com.ibm.websphere.samples.daytrader.web.websocket.RecentStockChangeList,1
daytrader,15,seed15_solution029,com.ibm.websphere.samples.daytrader.TradeAction,com.ibm.websphere.samples.daytrader.TradeAction,0
daytrader,15,seed15_solution029,com.ibm.websphere.samples.daytrader.TradeServices,com.ibm.websphere.samples.daytrader.TradeServices,0
daytrader,15,seed15_solution029,com.ibm.websphere.samples.daytrader.beans.MarketSummaryDataBean,com.ibm.websphere.samples.daytrader.beans.MarketSummaryDataBean,1
daytrader,15,seed15_solution029,com.ibm.websphere.samples.daytrader.beans.RunStatsDataBean,com.ibm.websphere.samples.daytrader.beans.RunStatsDataBean,0
daytrader,15,seed15_solution029,com.ibm.websphere.samples.daytrader.direct.KeySequenceDirect,com.ibm.websphere.samples.daytrader.direct.KeySequenceDirect,1
daytrader,15,seed15_solution029,com.ibm.websphere.samples.daytrader.direct.TradeDirect,com.ibm.websphere.samples.daytrader.direct.TradeDirect,0
daytrader,15,seed15_solution029,com.ibm.websphere.samples.daytrader.ejb3.DTBroker3MDB,com.ibm.websphere.samples.daytrader.ejb3.DTBroker3MDB,0
daytrader,15,seed15_solution029,com.ibm.websphere.samples.daytrader.ejb3.DTStreamer3MDB,com.ibm.websphere.samples.daytrader.ejb3.DTStreamer3MDB,2
daytrader,15,seed15_solution029,com.ibm.websphere.samples.daytrader.ejb3.MarketSummarySingleton,com.ibm.websphere.samples.daytrader.ejb3.MarketSummarySingleton,2
daytrader,15,seed15_solution029,com.ibm.websphere.samples.daytrader.ejb3.TradeSLSBBean,com.ibm.websphere.samples.daytrader.ejb3.TradeSLSBBean,0
daytrader,15,seed15_solution029,com.ibm.websphere.samples.daytrader.ejb3.TradeSLSBBean$quotePriceComparator,com.ibm.websphere.samples.daytrader.ejb3.TradeSLSBBean$quotePriceComparator,2
daytrader,15,seed15_solution029,com.ibm.websphere.samples.daytrader.ejb3.TradeSLSBLocal,com.ibm.websphere.samples.daytrader.ejb3.TradeSLSBLocal,3
daytrader,15,seed15_solution029,com.ibm.websphere.samples.daytrader.ejb3.TradeSLSBRemote,com.ibm.websphere.samples.daytrader.ejb3.TradeSLSBRemote,1
daytrader,15,seed15_solution029,com.ibm.websphere.samples.daytrader.entities.AccountDataBean,com.ibm.websphere.samples.daytrader.entities.AccountDataBean,0
daytrader,15,seed15_solution029,com.ibm.websphere.samples.daytrader.entities.AccountProfileDataBean,com.ibm.websphere.samples.daytrader.entities.AccountProfileDataBean,0
daytrader,15,seed15_solution029,com.ibm.websphere.samples.daytrader.entities.HoldingDataBean,com.ibm.websphere.samples.daytrader.entities.HoldingDataBean,0
daytrader,15,seed15_solution029,com.ibm.websphere.samples.daytrader.entities.OrderDataBean,com.ibm.websphere.samples.daytrader.entities.OrderDataBean,0
daytrader,15,seed15_solution029,com.ibm.websphere.samples.daytrader.entities.QuoteDataBean,com.ibm.websphere.samples.daytrader.entities.QuoteDataBean,0
daytrader,15,seed15_solution029,com.ibm.websphere.samples.daytrader.util.CompleteOrderThread,com.ibm.websphere.samples.daytrader.util.CompleteOrderThread,0
daytrader,15,seed15_solution029,com.ibm.websphere.samples.daytrader.util.FinancialUtils,com.ibm.websphere.samples.daytrader.util.FinancialUtils,4
daytrader,15,seed15_solution029,com.ibm.websphere.samples.daytrader.util.KeyBlock,com.ibm.websphere.samples.daytrader.util.KeyBlock,4
daytrader,15,seed15_solution029,com.ibm.websphere.samples.daytrader.util.KeyBlock$KeyBlockIterator,com.ibm.websphere.samples.daytrader.util.KeyBlock$KeyBlockIterator,1
daytrader,15,seed15_solution029,com.ibm.websphere.samples.daytrader.util.Log,com.ibm.websphere.samples.daytrader.util.Log,0
daytrader,15,seed15_solution029,com.ibm.websphere.samples.daytrader.util.MDBStats,com.ibm.websphere.samples.daytrader.util.MDBStats,5
daytrader,15,seed15_solution029,com.ibm.websphere.samples.daytrader.util.TimerStat,com.ibm.websphere.samples.daytrader.util.TimerStat,3
daytrader,15,seed15_solution029,com.ibm.websphere.samples.daytrader.util.TradeConfig,com.ibm.websphere.samples.daytrader.util.TradeConfig,0
daytrader,15,seed15_solution029,com.ibm.websphere.samples.daytrader.util.WebSocketJMSMessage,com.ibm.websphere.samples.daytrader.util.WebSocketJMSMessage,0
daytrader,15,seed15_solution029,com.ibm.websphere.samples.daytrader.web.OrdersAlertFilter,com.ibm.websphere.samples.daytrader.web.OrdersAlertFilter,3
daytrader,15,seed15_solution029,com.ibm.websphere.samples.daytrader.web.TradeAppServlet,com.ibm.websphere.samples.daytrader.web.TradeAppServlet,0
daytrader,15,seed15_solution029,com.ibm.websphere.samples.daytrader.web.TradeServletAction,com.ibm.websphere.samples.daytrader.web.TradeServletAction,0
daytrader,15,seed15_solution029,com.ibm.websphere.samples.daytrader.web.TradeWebContextListener,com.ibm.websphere.samples.daytrader.web.TradeWebContextListener,1
daytrader,15,seed15_solution029,com.ibm.websphere.samples.daytrader.web.jsf.AccountDataJSF,com.ibm.websphere.samples.daytrader.web.jsf.AccountDataJSF,0
daytrader,15,seed15_solution029,com.ibm.websphere.samples.daytrader.web.jsf.ExternalContextProducer,com.ibm.websphere.samples.daytrader.web.jsf.ExternalContextProducer,5
daytrader,15,seed15_solution029,com.ibm.websphere.samples.daytrader.web.jsf.HoldingData,com.ibm.websphere.samples.daytrader.web.jsf.HoldingData,0
daytrader,15,seed15_solution029,com.ibm.websphere.samples.daytrader.web.jsf.JSFLoginFilter,com.ibm.websphere.samples.daytrader.web.jsf.JSFLoginFilter,2
daytrader,15,seed15_solution029,com.ibm.websphere.samples.daytrader.web.jsf.LoginValidator,com.ibm.websphere.samples.daytrader.web.jsf.LoginValidator,2
daytrader,15,seed15_solution029,com.ibm.websphere.samples.daytrader.web.jsf.MarketSummaryJSF,com.ibm.websphere.samples.daytrader.web.jsf.MarketSummaryJSF,2
daytrader,15,seed15_solution029,com.ibm.websphere.samples.daytrader.web.jsf.OrderData,com.ibm.websphere.samples.daytrader.web.jsf.OrderData,6
daytrader,15,seed15_solution029,com.ibm.websphere.samples.daytrader.web.jsf.OrderDataJSF,com.ibm.websphere.samples.daytrader.web.jsf.OrderDataJSF,6
daytrader,15,seed15_solution029,com.ibm.websphere.samples.daytrader.web.jsf.PortfolioJSF,com.ibm.websphere.samples.daytrader.web.jsf.PortfolioJSF,6
daytrader,15,seed15_solution029,com.ibm.websphere.samples.daytrader.web.jsf.QuoteData,com.ibm.websphere.samples.daytrader.web.jsf.QuoteData,1
daytrader,15,seed15_solution029,com.ibm.websphere.samples.daytrader.web.jsf.QuoteJSF,com.ibm.websphere.samples.daytrader.web.jsf.QuoteJSF,2
daytrader,15,seed15_solution029,com.ibm.websphere.samples.daytrader.web.jsf.TradeActionProducer,com.ibm.websphere.samples.daytrader.web.jsf.TradeActionProducer,1
daytrader,15,seed15_solution029,com.ibm.websphere.samples.daytrader.web.jsf.TradeAppJSF,com.ibm.websphere.samples.daytrader.web.jsf.TradeAppJSF,7
daytrader,15,seed15_solution029,com.ibm.websphere.samples.daytrader.web.jsf.TradeConfigJSF,com.ibm.websphere.samples.daytrader.web.jsf.TradeConfigJSF,1
daytrader,15,seed15_solution029,com.ibm.websphere.samples.daytrader.web.websocket.ActionDecoder,com.ibm.websphere.samples.daytrader.web.websocket.ActionDecoder,5
daytrader,15,seed15_solution029,com.ibm.websphere.samples.daytrader.web.websocket.ActionMessage,com.ibm.websphere.samples.daytrader.web.websocket.ActionMessage,2
daytrader,15,seed15_solution029,com.ibm.websphere.samples.daytrader.web.websocket.ActionMessage$1,com.ibm.websphere.samples.daytrader.web.websocket.ActionMessage$1,5
daytrader,15,seed15_solution029,com.ibm.websphere.samples.daytrader.web.websocket.JsonDecoder,com.ibm.websphere.samples.daytrader.web.websocket.JsonDecoder,2
daytrader,15,seed15_solution029,com.ibm.websphere.samples.daytrader.web.websocket.JsonEncoder,com.ibm.websphere.samples.daytrader.web.websocket.JsonEncoder,8
daytrader,15,seed15_solution029,com.ibm.websphere.samples.daytrader.web.websocket.JsonMessage,com.ibm.websphere.samples.daytrader.web.websocket.JsonMessage,1
daytrader,15,seed15_solution029,com.ibm.websphere.samples.daytrader.web.websocket.MarketSummaryWebSocket,com.ibm.websphere.samples.daytrader.web.websocket.MarketSummaryWebSocket,1
daytrader,15,seed15_solution029,com.ibm.websphere.samples.daytrader.web.websocket.RecentStockChangeList,com.ibm.websphere.samples.daytrader.web.websocket.RecentStockChangeList,1
daytrader,15,seed15_solution030,com.ibm.websphere.samples.daytrader.TradeAction,com.ibm.websphere.samples.daytrader.TradeAction,0
daytrader,15,seed15_solution030,com.ibm.websphere.samples.daytrader.TradeServices,com.ibm.websphere.samples.daytrader.TradeServices,0
daytrader,15,seed15_solution030,com.ibm.websphere.samples.daytrader.beans.MarketSummaryDataBean,com.ibm.websphere.samples.daytrader.beans.MarketSummaryDataBean,1
daytrader,15,seed15_solution030,com.ibm.websphere.samples.daytrader.beans.RunStatsDataBean,com.ibm.websphere.samples.daytrader.beans.RunStatsDataBean,0
daytrader,15,seed15_solution030,com.ibm.websphere.samples.daytrader.direct.KeySequenceDirect,com.ibm.websphere.samples.daytrader.direct.KeySequenceDirect,1
daytrader,15,seed15_solution030,com.ibm.websphere.samples.daytrader.direct.TradeDirect,com.ibm.websphere.samples.daytrader.direct.TradeDirect,0
daytrader,15,seed15_solution030,com.ibm.websphere.samples.daytrader.ejb3.DTBroker3MDB,com.ibm.websphere.samples.daytrader.ejb3.DTBroker3MDB,0
daytrader,15,seed15_solution030,com.ibm.websphere.samples.daytrader.ejb3.DTStreamer3MDB,com.ibm.websphere.samples.daytrader.ejb3.DTStreamer3MDB,1
daytrader,15,seed15_solution030,com.ibm.websphere.samples.daytrader.ejb3.MarketSummarySingleton,com.ibm.websphere.samples.daytrader.ejb3.MarketSummarySingleton,2
daytrader,15,seed15_solution030,com.ibm.websphere.samples.daytrader.ejb3.TradeSLSBBean,com.ibm.websphere.samples.daytrader.ejb3.TradeSLSBBean,0
daytrader,15,seed15_solution030,com.ibm.websphere.samples.daytrader.ejb3.TradeSLSBBean$quotePriceComparator,com.ibm.websphere.samples.daytrader.ejb3.TradeSLSBBean$quotePriceComparator,1
daytrader,15,seed15_solution030,com.ibm.websphere.samples.daytrader.ejb3.TradeSLSBLocal,com.ibm.websphere.samples.daytrader.ejb3.TradeSLSBLocal,3
daytrader,15,seed15_solution030,com.ibm.websphere.samples.daytrader.ejb3.TradeSLSBRemote,com.ibm.websphere.samples.daytrader.ejb3.TradeSLSBRemote,1
daytrader,15,seed15_solution030,com.ibm.websphere.samples.daytrader.entities.AccountDataBean,com.ibm.websphere.samples.daytrader.entities.AccountDataBean,0
daytrader,15,seed15_solution030,com.ibm.websphere.samples.daytrader.entities.AccountProfileDataBean,com.ibm.websphere.samples.daytrader.entities.AccountProfileDataBean,0
daytrader,15,seed15_solution030,com.ibm.websphere.samples.daytrader.entities.HoldingDataBean,com.ibm.websphere.samples.daytrader.entities.HoldingDataBean,0
daytrader,15,seed15_solution030,com.ibm.websphere.samples.daytrader.entities.OrderDataBean,com.ibm.websphere.samples.daytrader.entities.OrderDataBean,0
daytrader,15,seed15_solution030,com.ibm.websphere.samples.daytrader.entities.QuoteDataBean,com.ibm.websphere.samples.daytrader.entities.QuoteDataBean,0
daytrader,15,seed15_solution030,com.ibm.websphere.samples.daytrader.util.CompleteOrderThread,com.ibm.websphere.samples.daytrader.util.CompleteOrderThread,0
daytrader,15,seed15_solution030,com.ibm.websphere.samples.daytrader.util.FinancialUtils,com.ibm.websphere.samples.daytrader.util.FinancialUtils,0
daytrader,15,seed15_solution030,com.ibm.websphere.samples.daytrader.util.KeyBlock,com.ibm.websphere.samples.daytrader.util.KeyBlock,4
daytrader,15,seed15_solution030,com.ibm.websphere.samples.daytrader.util.KeyBlock$KeyBlockIterator,com.ibm.websphere.samples.daytrader.util.KeyBlock$KeyBlockIterator,1
daytrader,15,seed15_solution030,com.ibm.websphere.samples.daytrader.util.Log,com.ibm.websphere.samples.daytrader.util.Log,0
daytrader,15,seed15_solution030,com.ibm.websphere.samples.daytrader.util.MDBStats,com.ibm.websphere.samples.daytrader.util.MDBStats,5
daytrader,15,seed15_solution030,com.ibm.websphere.samples.daytrader.util.TimerStat,com.ibm.websphere.samples.daytrader.util.TimerStat,3
daytrader,15,seed15_solution030,com.ibm.websphere.samples.daytrader.util.TradeConfig,com.ibm.websphere.samples.daytrader.util.TradeConfig,1
daytrader,15,seed15_solution030,com.ibm.websphere.samples.daytrader.util.WebSocketJMSMessage,com.ibm.websphere.samples.daytrader.util.WebSocketJMSMessage,0
daytrader,15,seed15_solution030,com.ibm.websphere.samples.daytrader.web.OrdersAlertFilter,com.ibm.websphere.samples.daytrader.web.OrdersAlertFilter,0
daytrader,15,seed15_solution030,com.ibm.websphere.samples.daytrader.web.TradeAppServlet,com.ibm.websphere.samples.daytrader.web.TradeAppServlet,1
daytrader,15,seed15_solution030,com.ibm.websphere.samples.daytrader.web.TradeServletAction,com.ibm.websphere.samples.daytrader.web.TradeServletAction,0
daytrader,15,seed15_solution030,com.ibm.websphere.samples.daytrader.web.TradeWebContextListener,com.ibm.websphere.samples.daytrader.web.TradeWebContextListener,1
daytrader,15,seed15_solution030,com.ibm.websphere.samples.daytrader.web.jsf.AccountDataJSF,com.ibm.websphere.samples.daytrader.web.jsf.AccountDataJSF,0
daytrader,15,seed15_solution030,com.ibm.websphere.samples.daytrader.web.jsf.ExternalContextProducer,com.ibm.websphere.samples.daytrader.web.jsf.ExternalContextProducer,5
daytrader,15,seed15_solution030,com.ibm.websphere.samples.daytrader.web.jsf.HoldingData,com.ibm.websphere.samples.daytrader.web.jsf.HoldingData,0
daytrader,15,seed15_solution030,com.ibm.websphere.samples.daytrader.web.jsf.JSFLoginFilter,com.ibm.websphere.samples.daytrader.web.jsf.JSFLoginFilter,2
daytrader,15,seed15_solution030,com.ibm.websphere.samples.daytrader.web.jsf.LoginValidator,com.ibm.websphere.samples.daytrader.web.jsf.LoginValidator,2
daytrader,15,seed15_solution030,com.ibm.websphere.samples.daytrader.web.jsf.MarketSummaryJSF,com.ibm.websphere.samples.daytrader.web.jsf.MarketSummaryJSF,2
daytrader,15,seed15_solution030,com.ibm.websphere.samples.daytrader.web.jsf.OrderData,com.ibm.websphere.samples.daytrader.web.jsf.OrderData,6
daytrader,15,seed15_solution030,com.ibm.websphere.samples.daytrader.web.jsf.OrderDataJSF,com.ibm.websphere.samples.daytrader.web.jsf.OrderDataJSF,6
daytrader,15,seed15_solution030,com.ibm.websphere.samples.daytrader.web.jsf.PortfolioJSF,com.ibm.websphere.samples.daytrader.web.jsf.PortfolioJSF,6
daytrader,15,seed15_solution030,com.ibm.websphere.samples.daytrader.web.jsf.QuoteData,com.ibm.websphere.samples.daytrader.web.jsf.QuoteData,2
daytrader,15,seed15_solution030,com.ibm.websphere.samples.daytrader.web.jsf.QuoteJSF,com.ibm.websphere.samples.daytrader.web.jsf.QuoteJSF,2
daytrader,15,seed15_solution030,com.ibm.websphere.samples.daytrader.web.jsf.TradeActionProducer,com.ibm.websphere.samples.daytrader.web.jsf.TradeActionProducer,2
daytrader,15,seed15_solution030,com.ibm.websphere.samples.daytrader.web.jsf.TradeAppJSF,com.ibm.websphere.samples.daytrader.web.jsf.TradeAppJSF,2
daytrader,15,seed15_solution030,com.ibm.websphere.samples.daytrader.web.jsf.TradeConfigJSF,com.ibm.websphere.samples.daytrader.web.jsf.TradeConfigJSF,1
daytrader,15,seed15_solution030,com.ibm.websphere.samples.daytrader.web.websocket.ActionDecoder,com.ibm.websphere.samples.daytrader.web.websocket.ActionDecoder,5
daytrader,15,seed15_solution030,com.ibm.websphere.samples.daytrader.web.websocket.ActionMessage,com.ibm.websphere.samples.daytrader.web.websocket.ActionMessage,2
daytrader,15,seed15_solution030,com.ibm.websphere.samples.daytrader.web.websocket.ActionMessage$1,com.ibm.websphere.samples.daytrader.web.websocket.ActionMessage$1,5
daytrader,15,seed15_solution030,com.ibm.websphere.samples.daytrader.web.websocket.JsonDecoder,com.ibm.websphere.samples.daytrader.web.websocket.JsonDecoder,2
daytrader,15,seed15_solution030,com.ibm.websphere.samples.daytrader.web.websocket.JsonEncoder,com.ibm.websphere.samples.daytrader.web.websocket.JsonEncoder,2
daytrader,15,seed15_solution030,com.ibm.websphere.samples.daytrader.web.websocket.JsonMessage,com.ibm.websphere.samples.daytrader.web.websocket.JsonMessage,2
daytrader,15,seed15_solution030,com.ibm.websphere.samples.daytrader.web.websocket.MarketSummaryWebSocket,com.ibm.websphere.samples.daytrader.web.websocket.MarketSummaryWebSocket,1
daytrader,15,seed15_solution030,com.ibm.websphere.samples.daytrader.web.websocket.RecentStockChangeList,com.ibm.websphere.samples.daytrader.web.websocket.RecentStockChangeList,2
daytrader,15,seed15_solution031,com.ibm.websphere.samples.daytrader.TradeAction,com.ibm.websphere.samples.daytrader.TradeAction,0
daytrader,15,seed15_solution031,com.ibm.websphere.samples.daytrader.TradeServices,com.ibm.websphere.samples.daytrader.TradeServices,0
daytrader,15,seed15_solution031,com.ibm.websphere.samples.daytrader.beans.MarketSummaryDataBean,com.ibm.websphere.samples.daytrader.beans.MarketSummaryDataBean,1
daytrader,15,seed15_solution031,com.ibm.websphere.samples.daytrader.beans.RunStatsDataBean,com.ibm.websphere.samples.daytrader.beans.RunStatsDataBean,0
daytrader,15,seed15_solution031,com.ibm.websphere.samples.daytrader.direct.KeySequenceDirect,com.ibm.websphere.samples.daytrader.direct.KeySequenceDirect,1
daytrader,15,seed15_solution031,com.ibm.websphere.samples.daytrader.direct.TradeDirect,com.ibm.websphere.samples.daytrader.direct.TradeDirect,0
daytrader,15,seed15_solution031,com.ibm.websphere.samples.daytrader.ejb3.DTBroker3MDB,com.ibm.websphere.samples.daytrader.ejb3.DTBroker3MDB,0
daytrader,15,seed15_solution031,com.ibm.websphere.samples.daytrader.ejb3.DTStreamer3MDB,com.ibm.websphere.samples.daytrader.ejb3.DTStreamer3MDB,0
daytrader,15,seed15_solution031,com.ibm.websphere.samples.daytrader.ejb3.MarketSummarySingleton,com.ibm.websphere.samples.daytrader.ejb3.MarketSummarySingleton,2
daytrader,15,seed15_solution031,com.ibm.websphere.samples.daytrader.ejb3.TradeSLSBBean,com.ibm.websphere.samples.daytrader.ejb3.TradeSLSBBean,0
daytrader,15,seed15_solution031,com.ibm.websphere.samples.daytrader.ejb3.TradeSLSBBean$quotePriceComparator,com.ibm.websphere.samples.daytrader.ejb3.TradeSLSBBean$quotePriceComparator,3
daytrader,15,seed15_solution031,com.ibm.websphere.samples.daytrader.ejb3.TradeSLSBLocal,com.ibm.websphere.samples.daytrader.ejb3.TradeSLSBLocal,0
daytrader,15,seed15_solution031,com.ibm.websphere.samples.daytrader.ejb3.TradeSLSBRemote,com.ibm.websphere.samples.daytrader.ejb3.TradeSLSBRemote,1
daytrader,15,seed15_solution031,com.ibm.websphere.samples.daytrader.entities.AccountDataBean,com.ibm.websphere.samples.daytrader.entities.AccountDataBean,0
daytrader,15,seed15_solution031,com.ibm.websphere.samples.daytrader.entities.AccountProfileDataBean,com.ibm.websphere.samples.daytrader.entities.AccountProfileDataBean,0
daytrader,15,seed15_solution031,com.ibm.websphere.samples.daytrader.entities.HoldingDataBean,com.ibm.websphere.samples.daytrader.entities.HoldingDataBean,0
daytrader,15,seed15_solution031,com.ibm.websphere.samples.daytrader.entities.OrderDataBean,com.ibm.websphere.samples.daytrader.entities.OrderDataBean,0
daytrader,15,seed15_solution031,com.ibm.websphere.samples.daytrader.entities.QuoteDataBean,com.ibm.websphere.samples.daytrader.entities.QuoteDataBean,0
daytrader,15,seed15_solution031,com.ibm.websphere.samples.daytrader.util.CompleteOrderThread,com.ibm.websphere.samples.daytrader.util.CompleteOrderThread,4
daytrader,15,seed15_solution031,com.ibm.websphere.samples.daytrader.util.FinancialUtils,com.ibm.websphere.samples.daytrader.util.FinancialUtils,5
daytrader,15,seed15_solution031,com.ibm.websphere.samples.daytrader.util.KeyBlock,com.ibm.websphere.samples.daytrader.util.KeyBlock,1
daytrader,15,seed15_solution031,com.ibm.websphere.samples.daytrader.util.KeyBlock$KeyBlockIterator,com.ibm.websphere.samples.daytrader.util.KeyBlock$KeyBlockIterator,1
daytrader,15,seed15_solution031,com.ibm.websphere.samples.daytrader.util.Log,com.ibm.websphere.samples.daytrader.util.Log,0
daytrader,15,seed15_solution031,com.ibm.websphere.samples.daytrader.util.MDBStats,com.ibm.websphere.samples.daytrader.util.MDBStats,3
daytrader,15,seed15_solution031,com.ibm.websphere.samples.daytrader.util.TimerStat,com.ibm.websphere.samples.daytrader.util.TimerStat,3
daytrader,15,seed15_solution031,com.ibm.websphere.samples.daytrader.util.TradeConfig,com.ibm.websphere.samples.daytrader.util.TradeConfig,4
daytrader,15,seed15_solution031,com.ibm.websphere.samples.daytrader.util.WebSocketJMSMessage,com.ibm.websphere.samples.daytrader.util.WebSocketJMSMessage,5
daytrader,15,seed15_solution031,com.ibm.websphere.samples.daytrader.web.OrdersAlertFilter,com.ibm.websphere.samples.daytrader.web.OrdersAlertFilter,6
daytrader,15,seed15_solution031,com.ibm.websphere.samples.daytrader.web.TradeAppServlet,com.ibm.websphere.samples.daytrader.web.TradeAppServlet,6
daytrader,15,seed15_solution031,com.ibm.websphere.samples.daytrader.web.TradeServletAction,com.ibm.websphere.samples.daytrader.web.TradeServletAction,0
daytrader,15,seed15_solution031,com.ibm.websphere.samples.daytrader.web.TradeWebContextListener,com.ibm.websphere.samples.daytrader.web.TradeWebContextListener,7
daytrader,15,seed15_solution031,com.ibm.websphere.samples.daytrader.web.jsf.AccountDataJSF,com.ibm.websphere.samples.daytrader.web.jsf.AccountDataJSF,8
daytrader,15,seed15_solution031,com.ibm.websphere.samples.daytrader.web.jsf.ExternalContextProducer,com.ibm.websphere.samples.daytrader.web.jsf.ExternalContextProducer,9
daytrader,15,seed15_solution031,com.ibm.websphere.samples.daytrader.web.jsf.HoldingData,com.ibm.websphere.samples.daytrader.web.jsf.HoldingData,1
daytrader,15,seed15_solution031,com.ibm.websphere.samples.daytrader.web.jsf.JSFLoginFilter,com.ibm.websphere.samples.daytrader.web.jsf.JSFLoginFilter,6
daytrader,15,seed15_solution031,com.ibm.websphere.samples.daytrader.web.jsf.LoginValidator,com.ibm.websphere.samples.daytrader.web.jsf.LoginValidator,7
daytrader,15,seed15_solution031,com.ibm.websphere.samples.daytrader.web.jsf.MarketSummaryJSF,com.ibm.websphere.samples.daytrader.web.jsf.MarketSummaryJSF,5
daytrader,15,seed15_solution031,com.ibm.websphere.samples.daytrader.web.jsf.OrderData,com.ibm.websphere.samples.daytrader.web.jsf.OrderData,10
daytrader,15,seed15_solution031,com.ibm.websphere.samples.daytrader.web.jsf.OrderDataJSF,com.ibm.websphere.samples.daytrader.web.jsf.OrderDataJSF,10
daytrader,15,seed15_solution031,com.ibm.websphere.samples.daytrader.web.jsf.PortfolioJSF,com.ibm.websphere.samples.daytrader.web.jsf.PortfolioJSF,1
daytrader,15,seed15_solution031,com.ibm.websphere.samples.daytrader.web.jsf.QuoteData,com.ibm.websphere.samples.daytrader.web.jsf.QuoteData,2
daytrader,15,seed15_solution031,com.ibm.websphere.samples.daytrader.web.jsf.QuoteJSF,com.ibm.websphere.samples.daytrader.web.jsf.QuoteJSF,3
daytrader,15,seed15_solution031,com.ibm.websphere.samples.daytrader.web.jsf.TradeActionProducer,com.ibm.websphere.samples.daytrader.web.jsf.TradeActionProducer,11
daytrader,15,seed15_solution031,com.ibm.websphere.samples.daytrader.web.jsf.TradeAppJSF,com.ibm.websphere.samples.daytrader.web.jsf.TradeAppJSF,3
daytrader,15,seed15_solution031,com.ibm.websphere.samples.daytrader.web.jsf.TradeConfigJSF,com.ibm.websphere.samples.daytrader.web.jsf.TradeConfigJSF,4
daytrader,15,seed15_solution031,com.ibm.websphere.samples.daytrader.web.websocket.ActionDecoder,com.ibm.websphere.samples.daytrader.web.websocket.ActionDecoder,9
daytrader,15,seed15_solution031,com.ibm.websphere.samples.daytrader.web.websocket.ActionMessage,com.ibm.websphere.samples.daytrader.web.websocket.ActionMessage,8
daytrader,15,seed15_solution031,com.ibm.websphere.samples.daytrader.web.websocket.ActionMessage$1,com.ibm.websphere.samples.daytrader.web.websocket.ActionMessage$1,2
daytrader,15,seed15_solution031,com.ibm.websphere.samples.daytrader.web.websocket.JsonDecoder,com.ibm.websphere.samples.daytrader.web.websocket.JsonDecoder,10
daytrader,15,seed15_solution031,com.ibm.websphere.samples.daytrader.web.websocket.JsonEncoder,com.ibm.websphere.samples.daytrader.web.websocket.JsonEncoder,11
daytrader,15,seed15_solution031,com.ibm.websphere.samples.daytrader.web.websocket.JsonMessage,com.ibm.websphere.samples.daytrader.web.websocket.JsonMessage,11
daytrader,15,seed15_solution031,com.ibm.websphere.samples.daytrader.web.websocket.MarketSummaryWebSocket,com.ibm.websphere.samples.daytrader.web.websocket.MarketSummaryWebSocket,0
daytrader,15,seed15_solution031,com.ibm.websphere.samples.daytrader.web.websocket.RecentStockChangeList,com.ibm.websphere.samples.daytrader.web.websocket.RecentStockChangeList,12
daytrader,15,seed15_solution032,com.ibm.websphere.samples.daytrader.TradeAction,com.ibm.websphere.samples.daytrader.TradeAction,0
daytrader,15,seed15_solution032,com.ibm.websphere.samples.daytrader.TradeServices,com.ibm.websphere.samples.daytrader.TradeServices,0
daytrader,15,seed15_solution032,com.ibm.websphere.samples.daytrader.beans.MarketSummaryDataBean,com.ibm.websphere.samples.daytrader.beans.MarketSummaryDataBean,1
daytrader,15,seed15_solution032,com.ibm.websphere.samples.daytrader.beans.RunStatsDataBean,com.ibm.websphere.samples.daytrader.beans.RunStatsDataBean,2
daytrader,15,seed15_solution032,com.ibm.websphere.samples.daytrader.direct.KeySequenceDirect,com.ibm.websphere.samples.daytrader.direct.KeySequenceDirect,0
daytrader,15,seed15_solution032,com.ibm.websphere.samples.daytrader.direct.TradeDirect,com.ibm.websphere.samples.daytrader.direct.TradeDirect,0
daytrader,15,seed15_solution032,com.ibm.websphere.samples.daytrader.ejb3.DTBroker3MDB,com.ibm.websphere.samples.daytrader.ejb3.DTBroker3MDB,1
daytrader,15,seed15_solution032,com.ibm.websphere.samples.daytrader.ejb3.DTStreamer3MDB,com.ibm.websphere.samples.daytrader.ejb3.DTStreamer3MDB,0
daytrader,15,seed15_solution032,com.ibm.websphere.samples.daytrader.ejb3.MarketSummarySingleton,com.ibm.websphere.samples.daytrader.ejb3.MarketSummarySingleton,1
daytrader,15,seed15_solution032,com.ibm.websphere.samples.daytrader.ejb3.TradeSLSBBean,com.ibm.websphere.samples.daytrader.ejb3.TradeSLSBBean,0
daytrader,15,seed15_solution032,com.ibm.websphere.samples.daytrader.ejb3.TradeSLSBBean$quotePriceComparator,com.ibm.websphere.samples.daytrader.ejb3.TradeSLSBBean$quotePriceComparator,2
daytrader,15,seed15_solution032,com.ibm.websphere.samples.daytrader.ejb3.TradeSLSBLocal,com.ibm.websphere.samples.daytrader.ejb3.TradeSLSBLocal,3
daytrader,15,seed15_solution032,com.ibm.websphere.samples.daytrader.ejb3.TradeSLSBRemote,com.ibm.websphere.samples.daytrader.ejb3.TradeSLSBRemote,1
daytrader,15,seed15_solution032,com.ibm.websphere.samples.daytrader.entities.AccountDataBean,com.ibm.websphere.samples.daytrader.entities.AccountDataBean,3
daytrader,15,seed15_solution032,com.ibm.websphere.samples.daytrader.entities.AccountProfileDataBean,com.ibm.websphere.samples.daytrader.entities.AccountProfileDataBean,0
daytrader,15,seed15_solution032,com.ibm.websphere.samples.daytrader.entities.HoldingDataBean,com.ibm.websphere.samples.daytrader.entities.HoldingDataBean,0
daytrader,15,seed15_solution032,com.ibm.websphere.samples.daytrader.entities.OrderDataBean,com.ibm.websphere.samples.daytrader.entities.OrderDataBean,0
daytrader,15,seed15_solution032,com.ibm.websphere.samples.daytrader.entities.QuoteDataBean,com.ibm.websphere.samples.daytrader.entities.QuoteDataBean,4
daytrader,15,seed15_solution032,com.ibm.websphere.samples.daytrader.util.CompleteOrderThread,com.ibm.websphere.samples.daytrader.util.CompleteOrderThread,5
daytrader,15,seed15_solution032,com.ibm.websphere.samples.daytrader.util.FinancialUtils,com.ibm.websphere.samples.daytrader.util.FinancialUtils,0
daytrader,15,seed15_solution032,com.ibm.websphere.samples.daytrader.util.KeyBlock,com.ibm.websphere.samples.daytrader.util.KeyBlock,2
daytrader,15,seed15_solution032,com.ibm.websphere.samples.daytrader.util.KeyBlock$KeyBlockIterator,com.ibm.websphere.samples.daytrader.util.KeyBlock$KeyBlockIterator,2
daytrader,15,seed15_solution032,com.ibm.websphere.samples.daytrader.util.Log,com.ibm.websphere.samples.daytrader.util.Log,0
daytrader,15,seed15_solution032,com.ibm.websphere.samples.daytrader.util.MDBStats,com.ibm.websphere.samples.daytrader.util.MDBStats,6
daytrader,15,seed15_solution032,com.ibm.websphere.samples.daytrader.util.TimerStat,com.ibm.websphere.samples.daytrader.util.TimerStat,6
daytrader,15,seed15_solution032,com.ibm.websphere.samples.daytrader.util.TradeConfig,com.ibm.websphere.samples.daytrader.util.TradeConfig,0
daytrader,15,seed15_solution032,com.ibm.websphere.samples.daytrader.util.WebSocketJMSMessage,com.ibm.websphere.samples.daytrader.util.WebSocketJMSMessage,0
daytrader,15,seed15_solution032,com.ibm.websphere.samples.daytrader.web.OrdersAlertFilter,com.ibm.websphere.samples.daytrader.web.OrdersAlertFilter,3
daytrader,15,seed15_solution032,com.ibm.websphere.samples.daytrader.web.TradeAppServlet,com.ibm.websphere.samples.daytrader.web.TradeAppServlet,4
daytrader,15,seed15_solution032,com.ibm.websphere.samples.daytrader.web.TradeServletAction,com.ibm.websphere.samples.daytrader.web.TradeServletAction,0
daytrader,15,seed15_solution032,com.ibm.websphere.samples.daytrader.web.TradeWebContextListener,com.ibm.websphere.samples.daytrader.web.TradeWebContextListener,1
daytrader,15,seed15_solution032,com.ibm.websphere.samples.daytrader.web.jsf.AccountDataJSF,com.ibm.websphere.samples.daytrader.web.jsf.AccountDataJSF,0
daytrader,15,seed15_solution032,com.ibm.websphere.samples.daytrader.web.jsf.ExternalContextProducer,com.ibm.websphere.samples.daytrader.web.jsf.ExternalContextProducer,5
daytrader,15,seed15_solution032,com.ibm.websphere.samples.daytrader.web.jsf.HoldingData,com.ibm.websphere.samples.daytrader.web.jsf.HoldingData,2
daytrader,15,seed15_solution032,com.ibm.websphere.samples.daytrader.web.jsf.JSFLoginFilter,com.ibm.websphere.samples.daytrader.web.jsf.JSFLoginFilter,3
daytrader,15,seed15_solution032,com.ibm.websphere.samples.daytrader.web.jsf.LoginValidator,com.ibm.websphere.samples.daytrader.web.jsf.LoginValidator,6
daytrader,15,seed15_solution032,com.ibm.websphere.samples.daytrader.web.jsf.MarketSummaryJSF,com.ibm.websphere.samples.daytrader.web.jsf.MarketSummaryJSF,4
daytrader,15,seed15_solution032,com.ibm.websphere.samples.daytrader.web.jsf.OrderData,com.ibm.websphere.samples.daytrader.web.jsf.OrderData,2
daytrader,15,seed15_solution032,com.ibm.websphere.samples.daytrader.web.jsf.OrderDataJSF,com.ibm.websphere.samples.daytrader.web.jsf.OrderDataJSF,7
daytrader,15,seed15_solution032,com.ibm.websphere.samples.daytrader.web.jsf.PortfolioJSF,com.ibm.websphere.samples.daytrader.web.jsf.PortfolioJSF,2
daytrader,15,seed15_solution032,com.ibm.websphere.samples.daytrader.web.jsf.QuoteData,com.ibm.websphere.samples.daytrader.web.jsf.QuoteData,4
daytrader,15,seed15_solution032,com.ibm.websphere.samples.daytrader.web.jsf.QuoteJSF,com.ibm.websphere.samples.daytrader.web.jsf.QuoteJSF,8
daytrader,15,seed15_solution032,com.ibm.websphere.samples.daytrader.web.jsf.TradeActionProducer,com.ibm.websphere.samples.daytrader.web.jsf.TradeActionProducer,7
daytrader,15,seed15_solution032,com.ibm.websphere.samples.daytrader.web.jsf.TradeAppJSF,com.ibm.websphere.samples.daytrader.web.jsf.TradeAppJSF,6
daytrader,15,seed15_solution032,com.ibm.websphere.samples.daytrader.web.jsf.TradeConfigJSF,com.ibm.websphere.samples.daytrader.web.jsf.TradeConfigJSF,0
daytrader,15,seed15_solution032,com.ibm.websphere.samples.daytrader.web.websocket.ActionDecoder,com.ibm.websphere.samples.daytrader.web.websocket.ActionDecoder,0
daytrader,15,seed15_solution032,com.ibm.websphere.samples.daytrader.web.websocket.ActionMessage,com.ibm.websphere.samples.daytrader.web.websocket.ActionMessage,7
daytrader,15,seed15_solution032,com.ibm.websphere.samples.daytrader.web.websocket.ActionMessage$1,com.ibm.websphere.samples.daytrader.web.websocket.ActionMessage$1,6
daytrader,15,seed15_solution032,com.ibm.websphere.samples.daytrader.web.websocket.JsonDecoder,com.ibm.websphere.samples.daytrader.web.websocket.JsonDecoder,7
daytrader,15,seed15_solution032,com.ibm.websphere.samples.daytrader.web.websocket.JsonEncoder,com.ibm.websphere.samples.daytrader.web.websocket.JsonEncoder,1
daytrader,15,seed15_solution032,com.ibm.websphere.samples.daytrader.web.websocket.JsonMessage,com.ibm.websphere.samples.daytrader.web.websocket.JsonMessage,6
daytrader,15,seed15_solution032,com.ibm.websphere.samples.daytrader.web.websocket.MarketSummaryWebSocket,com.ibm.websphere.samples.daytrader.web.websocket.MarketSummaryWebSocket,0
daytrader,15,seed15_solution032,com.ibm.websphere.samples.daytrader.web.websocket.RecentStockChangeList,com.ibm.websphere.samples.daytrader.web.websocket.RecentStockChangeList,3
daytrader,15,seed15_solution033,com.ibm.websphere.samples.daytrader.TradeAction,com.ibm.websphere.samples.daytrader.TradeAction,0
daytrader,15,seed15_solution033,com.ibm.websphere.samples.daytrader.TradeServices,com.ibm.websphere.samples.daytrader.TradeServices,0
daytrader,15,seed15_solution033,com.ibm.websphere.samples.daytrader.beans.MarketSummaryDataBean,com.ibm.websphere.samples.daytrader.beans.MarketSummaryDataBean,1
daytrader,15,seed15_solution033,com.ibm.websphere.samples.daytrader.beans.RunStatsDataBean,com.ibm.websphere.samples.daytrader.beans.RunStatsDataBean,0
daytrader,15,seed15_solution033,com.ibm.websphere.samples.daytrader.direct.KeySequenceDirect,com.ibm.websphere.samples.daytrader.direct.KeySequenceDirect,0
daytrader,15,seed15_solution033,com.ibm.websphere.samples.daytrader.direct.TradeDirect,com.ibm.websphere.samples.daytrader.direct.TradeDirect,0
daytrader,15,seed15_solution033,com.ibm.websphere.samples.daytrader.ejb3.DTBroker3MDB,com.ibm.websphere.samples.daytrader.ejb3.DTBroker3MDB,2
daytrader,15,seed15_solution033,com.ibm.websphere.samples.daytrader.ejb3.DTStreamer3MDB,com.ibm.websphere.samples.daytrader.ejb3.DTStreamer3MDB,0
daytrader,15,seed15_solution033,com.ibm.websphere.samples.daytrader.ejb3.MarketSummarySingleton,com.ibm.websphere.samples.daytrader.ejb3.MarketSummarySingleton,2
daytrader,15,seed15_solution033,com.ibm.websphere.samples.daytrader.ejb3.TradeSLSBBean,com.ibm.websphere.samples.daytrader.ejb3.TradeSLSBBean,0
daytrader,15,seed15_solution033,com.ibm.websphere.samples.daytrader.ejb3.TradeSLSBBean$quotePriceComparator,com.ibm.websphere.samples.daytrader.ejb3.TradeSLSBBean$quotePriceComparator,3
daytrader,15,seed15_solution033,com.ibm.websphere.samples.daytrader.ejb3.TradeSLSBLocal,com.ibm.websphere.samples.daytrader.ejb3.TradeSLSBLocal,0
daytrader,15,seed15_solution033,com.ibm.websphere.samples.daytrader.ejb3.TradeSLSBRemote,com.ibm.websphere.samples.daytrader.ejb3.TradeSLSBRemote,1
daytrader,15,seed15_solution033,com.ibm.websphere.samples.daytrader.entities.AccountDataBean,com.ibm.websphere.samples.daytrader.entities.AccountDataBean,0
daytrader,15,seed15_solution033,com.ibm.websphere.samples.daytrader.entities.AccountProfileDataBean,com.ibm.websphere.samples.daytrader.entities.AccountProfileDataBean,0
daytrader,15,seed15_solution033,com.ibm.websphere.samples.daytrader.entities.HoldingDataBean,com.ibm.websphere.samples.daytrader.entities.HoldingDataBean,0
daytrader,15,seed15_solution033,com.ibm.websphere.samples.daytrader.entities.OrderDataBean,com.ibm.websphere.samples.daytrader.entities.OrderDataBean,3
daytrader,15,seed15_solution033,com.ibm.websphere.samples.daytrader.entities.QuoteDataBean,com.ibm.websphere.samples.daytrader.entities.QuoteDataBean,0
daytrader,15,seed15_solution033,com.ibm.websphere.samples.daytrader.util.CompleteOrderThread,com.ibm.websphere.samples.daytrader.util.CompleteOrderThread,4
daytrader,15,seed15_solution033,com.ibm.websphere.samples.daytrader.util.FinancialUtils,com.ibm.websphere.samples.daytrader.util.FinancialUtils,1
daytrader,15,seed15_solution033,com.ibm.websphere.samples.daytrader.util.KeyBlock,com.ibm.websphere.samples.daytrader.util.KeyBlock,5
daytrader,15,seed15_solution033,com.ibm.websphere.samples.daytrader.util.KeyBlock$KeyBlockIterator,com.ibm.websphere.samples.daytrader.util.KeyBlock$KeyBlockIterator,5
daytrader,15,seed15_solution033,com.ibm.websphere.samples.daytrader.util.Log,com.ibm.websphere.samples.daytrader.util.Log,0
daytrader,15,seed15_solution033,com.ibm.websphere.samples.daytrader.util.MDBStats,com.ibm.websphere.samples.daytrader.util.MDBStats,2
daytrader,15,seed15_solution033,com.ibm.websphere.samples.daytrader.util.TimerStat,com.ibm.websphere.samples.daytrader.util.TimerStat,3
daytrader,15,seed15_solution033,com.ibm.websphere.samples.daytrader.util.TradeConfig,com.ibm.websphere.samples.daytrader.util.TradeConfig,4
daytrader,15,seed15_solution033,com.ibm.websphere.samples.daytrader.util.WebSocketJMSMessage,com.ibm.websphere.samples.daytrader.util.WebSocketJMSMessage,6
daytrader,15,seed15_solution033,com.ibm.websphere.samples.daytrader.web.OrdersAlertFilter,com.ibm.websphere.samples.daytrader.web.OrdersAlertFilter,0
daytrader,15,seed15_solution033,com.ibm.websphere.samples.daytrader.web.TradeAppServlet,com.ibm.websphere.samples.daytrader.web.TradeAppServlet,2
daytrader,15,seed15_solution033,com.ibm.websphere.samples.daytrader.web.TradeServletAction,com.ibm.websphere.samples.daytrader.web.TradeServletAction,4
daytrader,15,seed15_solution033,com.ibm.websphere.samples.daytrader.web.TradeWebContextListener,com.ibm.websphere.samples.daytrader.web.TradeWebContextListener,4
daytrader,15,seed15_solution033,com.ibm.websphere.samples.daytrader.web.jsf.AccountDataJSF,com.ibm.websphere.samples.daytrader.web.jsf.AccountDataJSF,3
daytrader,15,seed15_solution033,com.ibm.websphere.samples.daytrader.web.jsf.ExternalContextProducer,com.ibm.websphere.samples.daytrader.web.jsf.ExternalContextProducer,7
daytrader,15,seed15_solution033,com.ibm.websphere.samples.daytrader.web.jsf.HoldingData,com.ibm.websphere.samples.daytrader.web.jsf.HoldingData,1
daytrader,15,seed15_solution033,com.ibm.websphere.samples.daytrader.web.jsf.JSFLoginFilter,com.ibm.websphere.samples.daytrader.web.jsf.JSFLoginFilter,8
daytrader,15,seed15_solution033,com.ibm.websphere.samples.daytrader.web.jsf.LoginValidator,com.ibm.websphere.samples.daytrader.web.jsf.LoginValidator,7
daytrader,15,seed15_solution033,com.ibm.websphere.samples.daytrader.web.jsf.MarketSummaryJSF,com.ibm.websphere.samples.daytrader.web.jsf.MarketSummaryJSF,1
daytrader,15,seed15_solution033,com.ibm.websphere.samples.daytrader.web.jsf.OrderData,com.ibm.websphere.samples.daytrader.web.jsf.OrderData,3
daytrader,15,seed15_solution033,com.ibm.websphere.samples.daytrader.web.jsf.OrderDataJSF,com.ibm.websphere.samples.daytrader.web.jsf.OrderDataJSF,9
daytrader,15,seed15_solution033,com.ibm.websphere.samples.daytrader.web.jsf.PortfolioJSF,com.ibm.websphere.samples.daytrader.web.jsf.PortfolioJSF,1
daytrader,15,seed15_solution033,com.ibm.websphere.samples.daytrader.web.jsf.QuoteData,com.ibm.websphere.samples.daytrader.web.jsf.QuoteData,2
daytrader,15,seed15_solution033,com.ibm.websphere.samples.daytrader.web.jsf.QuoteJSF,com.ibm.websphere.samples.daytrader.web.jsf.QuoteJSF,1
daytrader,15,seed15_solution033,com.ibm.websphere.samples.daytrader.web.jsf.TradeActionProducer,com.ibm.websphere.samples.daytrader.web.jsf.TradeActionProducer,10
daytrader,15,seed15_solution033,com.ibm.websphere.samples.daytrader.web.jsf.TradeAppJSF,com.ibm.websphere.samples.daytrader.web.jsf.TradeAppJSF,0
daytrader,15,seed15_solution033,com.ibm.websphere.samples.daytrader.web.jsf.TradeConfigJSF,com.ibm.websphere.samples.daytrader.web.jsf.TradeConfigJSF,4
daytrader,15,seed15_solution033,com.ibm.websphere.samples.daytrader.web.websocket.ActionDecoder,com.ibm.websphere.samples.daytrader.web.websocket.ActionDecoder,0
daytrader,15,seed15_solution033,com.ibm.websphere.samples.daytrader.web.websocket.ActionMessage,com.ibm.websphere.samples.daytrader.web.websocket.ActionMessage,8
daytrader,15,seed15_solution033,com.ibm.websphere.samples.daytrader.web.websocket.ActionMessage$1,com.ibm.websphere.samples.daytrader.web.websocket.ActionMessage$1,11
daytrader,15,seed15_solution033,com.ibm.websphere.samples.daytrader.web.websocket.JsonDecoder,com.ibm.websphere.samples.daytrader.web.websocket.JsonDecoder,9
daytrader,15,seed15_solution033,com.ibm.websphere.samples.daytrader.web.websocket.JsonEncoder,com.ibm.websphere.samples.daytrader.web.websocket.JsonEncoder,9
daytrader,15,seed15_solution033,com.ibm.websphere.samples.daytrader.web.websocket.JsonMessage,com.ibm.websphere.samples.daytrader.web.websocket.JsonMessage,9
daytrader,15,seed15_solution033,com.ibm.websphere.samples.daytrader.web.websocket.MarketSummaryWebSocket,com.ibm.websphere.samples.daytrader.web.websocket.MarketSummaryWebSocket,0
daytrader,15,seed15_solution033,com.ibm.websphere.samples.daytrader.web.websocket.RecentStockChangeList,com.ibm.websphere.samples.daytrader.web.websocket.RecentStockChangeList,0
daytrader,15,seed15_solution034,com.ibm.websphere.samples.daytrader.TradeAction,com.ibm.websphere.samples.daytrader.TradeAction,0
daytrader,15,seed15_solution034,com.ibm.websphere.samples.daytrader.TradeServices,com.ibm.websphere.samples.daytrader.TradeServices,0
daytrader,15,seed15_solution034,com.ibm.websphere.samples.daytrader.beans.MarketSummaryDataBean,com.ibm.websphere.samples.daytrader.beans.MarketSummaryDataBean,1
daytrader,15,seed15_solution034,com.ibm.websphere.samples.daytrader.beans.RunStatsDataBean,com.ibm.websphere.samples.daytrader.beans.RunStatsDataBean,0
daytrader,15,seed15_solution034,com.ibm.websphere.samples.daytrader.direct.KeySequenceDirect,com.ibm.websphere.samples.daytrader.direct.KeySequenceDirect,1
daytrader,15,seed15_solution034,com.ibm.websphere.samples.daytrader.direct.TradeDirect,com.ibm.websphere.samples.daytrader.direct.TradeDirect,0
daytrader,15,seed15_solution034,com.ibm.websphere.samples.daytrader.ejb3.DTBroker3MDB,com.ibm.websphere.samples.daytrader.ejb3.DTBroker3MDB,2
daytrader,15,seed15_solution034,com.ibm.websphere.samples.daytrader.ejb3.DTStreamer3MDB,com.ibm.websphere.samples.daytrader.ejb3.DTStreamer3MDB,0
daytrader,15,seed15_solution034,com.ibm.websphere.samples.daytrader.ejb3.MarketSummarySingleton,com.ibm.websphere.samples.daytrader.ejb3.MarketSummarySingleton,3
daytrader,15,seed15_solution034,com.ibm.websphere.samples.daytrader.ejb3.TradeSLSBBean,com.ibm.websphere.samples.daytrader.ejb3.TradeSLSBBean,0
daytrader,15,seed15_solution034,com.ibm.websphere.samples.daytrader.ejb3.TradeSLSBBean$quotePriceComparator,com.ibm.websphere.samples.daytrader.ejb3.TradeSLSBBean$quotePriceComparator,2
daytrader,15,seed15_solution034,com.ibm.websphere.samples.daytrader.ejb3.TradeSLSBLocal,com.ibm.websphere.samples.daytrader.ejb3.TradeSLSBLocal,4
daytrader,15,seed15_solution034,com.ibm.websphere.samples.daytrader.ejb3.TradeSLSBRemote,com.ibm.websphere.samples.daytrader.ejb3.TradeSLSBRemote,2
daytrader,15,seed15_solution034,com.ibm.websphere.samples.daytrader.entities.AccountDataBean,com.ibm.websphere.samples.daytrader.entities.AccountDataBean,0
daytrader,15,seed15_solution034,com.ibm.websphere.samples.daytrader.entities.AccountProfileDataBean,com.ibm.websphere.samples.daytrader.entities.AccountProfileDataBean,4
daytrader,15,seed15_solution034,com.ibm.websphere.samples.daytrader.entities.HoldingDataBean,com.ibm.websphere.samples.daytrader.entities.HoldingDataBean,0
daytrader,15,seed15_solution034,com.ibm.websphere.samples.daytrader.entities.OrderDataBean,com.ibm.websphere.samples.daytrader.entities.OrderDataBean,0
daytrader,15,seed15_solution034,com.ibm.websphere.samples.daytrader.entities.QuoteDataBean,com.ibm.websphere.samples.daytrader.entities.QuoteDataBean,0
daytrader,15,seed15_solution034,com.ibm.websphere.samples.daytrader.util.CompleteOrderThread,com.ibm.websphere.samples.daytrader.util.CompleteOrderThread,5
daytrader,15,seed15_solution034,com.ibm.websphere.samples.daytrader.util.FinancialUtils,com.ibm.websphere.samples.daytrader.util.FinancialUtils,1
daytrader,15,seed15_solution034,com.ibm.websphere.samples.daytrader.util.KeyBlock,com.ibm.websphere.samples.daytrader.util.KeyBlock,1
daytrader,15,seed15_solution034,com.ibm.websphere.samples.daytrader.util.KeyBlock$KeyBlockIterator,com.ibm.websphere.samples.daytrader.util.KeyBlock$KeyBlockIterator,1
daytrader,15,seed15_solution034,com.ibm.websphere.samples.daytrader.util.Log,com.ibm.websphere.samples.daytrader.util.Log,0
daytrader,15,seed15_solution034,com.ibm.websphere.samples.daytrader.util.MDBStats,com.ibm.websphere.samples.daytrader.util.MDBStats,1
daytrader,15,seed15_solution034,com.ibm.websphere.samples.daytrader.util.TimerStat,com.ibm.websphere.samples.daytrader.util.TimerStat,1
daytrader,15,seed15_solution034,com.ibm.websphere.samples.daytrader.util.TradeConfig,com.ibm.websphere.samples.daytrader.util.TradeConfig,0
daytrader,15,seed15_solution034,com.ibm.websphere.samples.daytrader.util.WebSocketJMSMessage,com.ibm.websphere.samples.daytrader.util.WebSocketJMSMessage,6
daytrader,15,seed15_solution034,com.ibm.websphere.samples.daytrader.web.OrdersAlertFilter,com.ibm.websphere.samples.daytrader.web.OrdersAlertFilter,7
daytrader,15,seed15_solution034,com.ibm.websphere.samples.daytrader.web.TradeAppServlet,com.ibm.websphere.samples.daytrader.web.TradeAppServlet,5
daytrader,15,seed15_solution034,com.ibm.websphere.samples.daytrader.web.TradeServletAction,com.ibm.websphere.samples.daytrader.web.TradeServletAction,5
daytrader,15,seed15_solution034,com.ibm.websphere.samples.daytrader.web.TradeWebContextListener,com.ibm.websphere.samples.daytrader.web.TradeWebContextListener,5
daytrader,15,seed15_solution034,com.ibm.websphere.samples.daytrader.web.jsf.AccountDataJSF,com.ibm.websphere.samples.daytrader.web.jsf.AccountDataJSF,0
daytrader,15,seed15_solution034,com.ibm.websphere.samples.daytrader.web.jsf.ExternalContextProducer,com.ibm.websphere.samples.daytrader.web.jsf.ExternalContextProducer,1
daytrader,15,seed15_solution034,com.ibm.websphere.samples.daytrader.web.jsf.HoldingData,com.ibm.websphere.samples.daytrader.web.jsf.HoldingData,1
daytrader,15,seed15_solution034,com.ibm.websphere.samples.daytrader.web.jsf.JSFLoginFilter,com.ibm.websphere.samples.daytrader.web.jsf.JSFLoginFilter,4
daytrader,15,seed15_solution034,com.ibm.websphere.samples.daytrader.web.jsf.LoginValidator,com.ibm.websphere.samples.daytrader.web.jsf.LoginValidator,2
daytrader,15,seed15_solution034,com.ibm.websphere.samples.daytrader.web.jsf.MarketSummaryJSF,com.ibm.websphere.samples.daytrader.web.jsf.MarketSummaryJSF,1
daytrader,15,seed15_solution034,com.ibm.websphere.samples.daytrader.web.jsf.OrderData,com.ibm.websphere.samples.daytrader.web.jsf.OrderData,4
daytrader,15,seed15_solution034,com.ibm.websphere.samples.daytrader.web.jsf.OrderDataJSF,com.ibm.websphere.samples.daytrader.web.jsf.OrderDataJSF,1
daytrader,15,seed15_solution034,com.ibm.websphere.samples.daytrader.web.jsf.PortfolioJSF,com.ibm.websphere.samples.daytrader.web.jsf.PortfolioJSF,1
daytrader,15,seed15_solution034,com.ibm.websphere.samples.daytrader.web.jsf.QuoteData,com.ibm.websphere.samples.daytrader.web.jsf.QuoteData,6
daytrader,15,seed15_solution034,com.ibm.websphere.samples.daytrader.web.jsf.QuoteJSF,com.ibm.websphere.samples.daytrader.web.jsf.QuoteJSF,6
daytrader,15,seed15_solution034,com.ibm.websphere.samples.daytrader.web.jsf.TradeActionProducer,com.ibm.websphere.samples.daytrader.web.jsf.TradeActionProducer,6
daytrader,15,seed15_solution034,com.ibm.websphere.samples.daytrader.web.jsf.TradeAppJSF,com.ibm.websphere.samples.daytrader.web.jsf.TradeAppJSF,5
daytrader,15,seed15_solution034,com.ibm.websphere.samples.daytrader.web.jsf.TradeConfigJSF,com.ibm.websphere.samples.daytrader.web.jsf.TradeConfigJSF,4
daytrader,15,seed15_solution034,com.ibm.websphere.samples.daytrader.web.websocket.ActionDecoder,com.ibm.websphere.samples.daytrader.web.websocket.ActionDecoder,8
daytrader,15,seed15_solution034,com.ibm.websphere.samples.daytrader.web.websocket.ActionMessage,com.ibm.websphere.samples.daytrader.web.websocket.ActionMessage,9
daytrader,15,seed15_solution034,com.ibm.websphere.samples.daytrader.web.websocket.ActionMessage$1,com.ibm.websphere.samples.daytrader.web.websocket.ActionMessage$1,2
daytrader,15,seed15_solution034,com.ibm.websphere.samples.daytrader.web.websocket.JsonDecoder,com.ibm.websphere.samples.daytrader.web.websocket.JsonDecoder,9
daytrader,15,seed15_solution034,com.ibm.websphere.samples.daytrader.web.websocket.JsonEncoder,com.ibm.websphere.samples.daytrader.web.websocket.JsonEncoder,9
daytrader,15,seed15_solution034,com.ibm.websphere.samples.daytrader.web.websocket.JsonMessage,com.ibm.websphere.samples.daytrader.web.websocket.JsonMessage,9
daytrader,15,seed15_solution034,com.ibm.websphere.samples.daytrader.web.websocket.MarketSummaryWebSocket,com.ibm.websphere.samples.daytrader.web.websocket.MarketSummaryWebSocket,7
daytrader,15,seed15_solution034,com.ibm.websphere.samples.daytrader.web.websocket.RecentStockChangeList,com.ibm.websphere.samples.daytrader.web.websocket.RecentStockChangeList,4
daytrader,15,seed15_solution035,com.ibm.websphere.samples.daytrader.TradeAction,com.ibm.websphere.samples.daytrader.TradeAction,0
daytrader,15,seed15_solution035,com.ibm.websphere.samples.daytrader.TradeServices,com.ibm.websphere.samples.daytrader.TradeServices,0
daytrader,15,seed15_solution035,com.ibm.websphere.samples.daytrader.beans.MarketSummaryDataBean,com.ibm.websphere.samples.daytrader.beans.MarketSummaryDataBean,1
daytrader,15,seed15_solution035,com.ibm.websphere.samples.daytrader.beans.RunStatsDataBean,com.ibm.websphere.samples.daytrader.beans.RunStatsDataBean,0
daytrader,15,seed15_solution035,com.ibm.websphere.samples.daytrader.direct.KeySequenceDirect,com.ibm.websphere.samples.daytrader.direct.KeySequenceDirect,0
daytrader,15,seed15_solution035,com.ibm.websphere.samples.daytrader.direct.TradeDirect,com.ibm.websphere.samples.daytrader.direct.TradeDirect,0
daytrader,15,seed15_solution035,com.ibm.websphere.samples.daytrader.ejb3.DTBroker3MDB,com.ibm.websphere.samples.daytrader.ejb3.DTBroker3MDB,2
daytrader,15,seed15_solution035,com.ibm.websphere.samples.daytrader.ejb3.DTStreamer3MDB,com.ibm.websphere.samples.daytrader.ejb3.DTStreamer3MDB,2
daytrader,15,seed15_solution035,com.ibm.websphere.samples.daytrader.ejb3.MarketSummarySingleton,com.ibm.websphere.samples.daytrader.ejb3.MarketSummarySingleton,1
daytrader,15,seed15_solution035,com.ibm.websphere.samples.daytrader.ejb3.TradeSLSBBean,com.ibm.websphere.samples.daytrader.ejb3.TradeSLSBBean,3
daytrader,15,seed15_solution035,com.ibm.websphere.samples.daytrader.ejb3.TradeSLSBBean$quotePriceComparator,com.ibm.websphere.samples.daytrader.ejb3.TradeSLSBBean$quotePriceComparator,1
daytrader,15,seed15_solution035,com.ibm.websphere.samples.daytrader.ejb3.TradeSLSBLocal,com.ibm.websphere.samples.daytrader.ejb3.TradeSLSBLocal,3
daytrader,15,seed15_solution035,com.ibm.websphere.samples.daytrader.ejb3.TradeSLSBRemote,com.ibm.websphere.samples.daytrader.ejb3.TradeSLSBRemote,1
daytrader,15,seed15_solution035,com.ibm.websphere.samples.daytrader.entities.AccountDataBean,com.ibm.websphere.samples.daytrader.entities.AccountDataBean,3
daytrader,15,seed15_solution035,com.ibm.websphere.samples.daytrader.entities.AccountProfileDataBean,com.ibm.websphere.samples.daytrader.entities.AccountProfileDataBean,3
daytrader,15,seed15_solution035,com.ibm.websphere.samples.daytrader.entities.HoldingDataBean,com.ibm.websphere.samples.daytrader.entities.HoldingDataBean,1
daytrader,15,seed15_solution035,com.ibm.websphere.samples.daytrader.entities.OrderDataBean,com.ibm.websphere.samples.daytrader.entities.OrderDataBean,3
daytrader,15,seed15_solution035,com.ibm.websphere.samples.daytrader.entities.QuoteDataBean,com.ibm.websphere.samples.daytrader.entities.QuoteDataBean,1
daytrader,15,seed15_solution035,com.ibm.websphere.samples.daytrader.util.CompleteOrderThread,com.ibm.websphere.samples.daytrader.util.CompleteOrderThread,4
daytrader,15,seed15_solution035,com.ibm.websphere.samples.daytrader.util.FinancialUtils,com.ibm.websphere.samples.daytrader.util.FinancialUtils,1
daytrader,15,seed15_solution035,com.ibm.websphere.samples.daytrader.util.KeyBlock,com.ibm.websphere.samples.daytrader.util.KeyBlock,5
daytrader,15,seed15_solution035,com.ibm.websphere.samples.daytrader.util.KeyBlock$KeyBlockIterator,com.ibm.websphere.samples.daytrader.util.KeyBlock$KeyBlockIterator,5
daytrader,15,seed15_solution035,com.ibm.websphere.samples.daytrader.util.Log,com.ibm.websphere.samples.daytrader.util.Log,0
daytrader,15,seed15_solution035,com.ibm.websphere.samples.daytrader.util.MDBStats,com.ibm.websphere.samples.daytrader.util.MDBStats,2
daytrader,15,seed15_solution035,com.ibm.websphere.samples.daytrader.util.TimerStat,com.ibm.websphere.samples.daytrader.util.TimerStat,2
daytrader,15,seed15_solution035,com.ibm.websphere.samples.daytrader.util.TradeConfig,com.ibm.websphere.samples.daytrader.util.TradeConfig,4
daytrader,15,seed15_solution035,com.ibm.websphere.samples.daytrader.util.WebSocketJMSMessage,com.ibm.websphere.samples.daytrader.util.WebSocketJMSMessage,6
daytrader,15,seed15_solution035,com.ibm.websphere.samples.daytrader.web.OrdersAlertFilter,com.ibm.websphere.samples.daytrader.web.OrdersAlertFilter,0
daytrader,15,seed15_solution035,com.ibm.websphere.samples.daytrader.web.TradeAppServlet,com.ibm.websphere.samples.daytrader.web.TradeAppServlet,4
daytrader,15,seed15_solution035,com.ibm.websphere.samples.daytrader.web.TradeServletAction,com.ibm.websphere.samples.daytrader.web.TradeServletAction,4
daytrader,15,seed15_solution035,com.ibm.websphere.samples.daytrader.web.TradeWebContextListener,com.ibm.websphere.samples.daytrader.web.TradeWebContextListener,4
daytrader,15,seed15_solution035,com.ibm.websphere.samples.daytrader.web.jsf.AccountDataJSF,com.ibm.websphere.samples.daytrader.web.jsf.AccountDataJSF,3
daytrader,15,seed15_solution035,com.ibm.websphere.samples.daytrader.web.jsf.ExternalContextProducer,com.ibm.websphere.samples.daytrader.web.jsf.ExternalContextProducer,7
daytrader,15,seed15_solution035,com.ibm.websphere.samples.daytrader.web.jsf.HoldingData,com.ibm.websphere.samples.daytrader.web.jsf.HoldingData,1
daytrader,15,seed15_solution035,com.ibm.websphere.samples.daytrader.web.jsf.JSFLoginFilter,com.ibm.websphere.samples.daytrader.web.jsf.JSFLoginFilter,8
daytrader,15,seed15_solution035,com.ibm.websphere.samples.daytrader.web.jsf.LoginValidator,com.ibm.websphere.samples.daytrader.web.jsf.LoginValidator,7
daytrader,15,seed15_solution035,com.ibm.websphere.samples.daytrader.web.jsf.MarketSummaryJSF,com.ibm.websphere.samples.daytrader.web.jsf.MarketSummaryJSF,1
daytrader,15,seed15_solution035,com.ibm.websphere.samples.daytrader.web.jsf.OrderData,com.ibm.websphere.samples.daytrader.web.jsf.OrderData,3
daytrader,15,seed15_solution035,com.ibm.websphere.samples.daytrader.web.jsf.OrderDataJSF,com.ibm.websphere.samples.daytrader.web.jsf.OrderDataJSF,3
daytrader,15,seed15_solution035,com.ibm.websphere.samples.daytrader.web.jsf.PortfolioJSF,com.ibm.websphere.samples.daytrader.web.jsf.PortfolioJSF,1
daytrader,15,seed15_solution035,com.ibm.websphere.samples.daytrader.web.jsf.QuoteData,com.ibm.websphere.samples.daytrader.web.jsf.QuoteData,1
daytrader,15,seed15_solution035,com.ibm.websphere.samples.daytrader.web.jsf.QuoteJSF,com.ibm.websphere.samples.daytrader.web.jsf.QuoteJSF,1
daytrader,15,seed15_solution035,com.ibm.websphere.samples.daytrader.web.jsf.TradeActionProducer,com.ibm.websphere.samples.daytrader.web.jsf.TradeActionProducer,0
daytrader,15,seed15_solution035,com.ibm.websphere.samples.daytrader.web.jsf.TradeAppJSF,com.ibm.websphere.samples.daytrader.web.jsf.TradeAppJSF,0
daytrader,15,seed15_solution035,com.ibm.websphere.samples.daytrader.web.jsf.TradeConfigJSF,com.ibm.websphere.samples.daytrader.web.jsf.TradeConfigJSF,4
daytrader,15,seed15_solution035,com.ibm.websphere.samples.daytrader.web.websocket.ActionDecoder,com.ibm.websphere.samples.daytrader.web.websocket.ActionDecoder,0
daytrader,15,seed15_solution035,com.ibm.websphere.samples.daytrader.web.websocket.ActionMessage,com.ibm.websphere.samples.daytrader.web.websocket.ActionMessage,0
daytrader,15,seed15_solution035,com.ibm.websphere.samples.daytrader.web.websocket.ActionMessage$1,com.ibm.websphere.samples.daytrader.web.websocket.ActionMessage$1,9
daytrader,15,seed15_solution035,com.ibm.websphere.samples.daytrader.web.websocket.JsonDecoder,com.ibm.websphere.samples.daytrader.web.websocket.JsonDecoder,10
daytrader,15,seed15_solution035,com.ibm.websphere.samples.daytrader.web.websocket.JsonEncoder,com.ibm.websphere.samples.daytrader.web.websocket.JsonEncoder,10
daytrader,15,seed15_solution035,com.ibm.websphere.samples.daytrader.web.websocket.JsonMessage,com.ibm.websphere.samples.daytrader.web.websocket.JsonMessage,10
daytrader,15,seed15_solution035,com.ibm.websphere.samples.daytrader.web.websocket.MarketSummaryWebSocket,com.ibm.websphere.samples.daytrader.web.websocket.MarketSummaryWebSocket,0
daytrader,15,seed15_solution035,com.ibm.websphere.samples.daytrader.web.websocket.RecentStockChangeList,com.ibm.websphere.samples.daytrader.web.websocket.RecentStockChangeList,0
daytrader,15,seed15_solution036,com.ibm.websphere.samples.daytrader.TradeAction,com.ibm.websphere.samples.daytrader.TradeAction,0
daytrader,15,seed15_solution036,com.ibm.websphere.samples.daytrader.TradeServices,com.ibm.websphere.samples.daytrader.TradeServices,0
daytrader,15,seed15_solution036,com.ibm.websphere.samples.daytrader.beans.MarketSummaryDataBean,com.ibm.websphere.samples.daytrader.beans.MarketSummaryDataBean,1
daytrader,15,seed15_solution036,com.ibm.websphere.samples.daytrader.beans.RunStatsDataBean,com.ibm.websphere.samples.daytrader.beans.RunStatsDataBean,0
daytrader,15,seed15_solution036,com.ibm.websphere.samples.daytrader.direct.KeySequenceDirect,com.ibm.websphere.samples.daytrader.direct.KeySequenceDirect,1
daytrader,15,seed15_solution036,com.ibm.websphere.samples.daytrader.direct.TradeDirect,com.ibm.websphere.samples.daytrader.direct.TradeDirect,0
daytrader,15,seed15_solution036,com.ibm.websphere.samples.daytrader.ejb3.DTBroker3MDB,com.ibm.websphere.samples.daytrader.ejb3.DTBroker3MDB,0
daytrader,15,seed15_solution036,com.ibm.websphere.samples.daytrader.ejb3.DTStreamer3MDB,com.ibm.websphere.samples.daytrader.ejb3.DTStreamer3MDB,0
daytrader,15,seed15_solution036,com.ibm.websphere.samples.daytrader.ejb3.MarketSummarySingleton,com.ibm.websphere.samples.daytrader.ejb3.MarketSummarySingleton,0
daytrader,15,seed15_solution036,com.ibm.websphere.samples.daytrader.ejb3.TradeSLSBBean,com.ibm.websphere.samples.daytrader.ejb3.TradeSLSBBean,0
daytrader,15,seed15_solution036,com.ibm.websphere.samples.daytrader.ejb3.TradeSLSBBean$quotePriceComparator,com.ibm.websphere.samples.daytrader.ejb3.TradeSLSBBean$quotePriceComparator,1
daytrader,15,seed15_solution036,com.ibm.websphere.samples.daytrader.ejb3.TradeSLSBLocal,com.ibm.websphere.samples.daytrader.ejb3.TradeSLSBLocal,2
daytrader,15,seed15_solution036,com.ibm.websphere.samples.daytrader.ejb3.TradeSLSBRemote,com.ibm.websphere.samples.daytrader.ejb3.TradeSLSBRemote,1
daytrader,15,seed15_solution036,com.ibm.websphere.samples.daytrader.entities.AccountDataBean,com.ibm.websphere.samples.daytrader.entities.AccountDataBean,3
daytrader,15,seed15_solution036,com.ibm.websphere.samples.daytrader.entities.AccountProfileDataBean,com.ibm.websphere.samples.daytrader.entities.AccountProfileDataBean,2
daytrader,15,seed15_solution036,com.ibm.websphere.samples.daytrader.entities.HoldingDataBean,com.ibm.websphere.samples.daytrader.entities.HoldingDataBean,0
daytrader,15,seed15_solution036,com.ibm.websphere.samples.daytrader.entities.OrderDataBean,com.ibm.websphere.samples.daytrader.entities.OrderDataBean,0
daytrader,15,seed15_solution036,com.ibm.websphere.samples.daytrader.entities.QuoteDataBean,com.ibm.websphere.samples.daytrader.entities.QuoteDataBean,0
daytrader,15,seed15_solution036,com.ibm.websphere.samples.daytrader.util.CompleteOrderThread,com.ibm.websphere.samples.daytrader.util.CompleteOrderThread,3
daytrader,15,seed15_solution036,com.ibm.websphere.samples.daytrader.util.FinancialUtils,com.ibm.websphere.samples.daytrader.util.FinancialUtils,0
daytrader,15,seed15_solution036,com.ibm.websphere.samples.daytrader.util.KeyBlock,com.ibm.websphere.samples.daytrader.util.KeyBlock,1
daytrader,15,seed15_solution036,com.ibm.websphere.samples.daytrader.util.KeyBlock$KeyBlockIterator,com.ibm.websphere.samples.daytrader.util.KeyBlock$KeyBlockIterator,1
daytrader,15,seed15_solution036,com.ibm.websphere.samples.daytrader.util.Log,com.ibm.websphere.samples.daytrader.util.Log,0
daytrader,15,seed15_solution036,com.ibm.websphere.samples.daytrader.util.MDBStats,com.ibm.websphere.samples.daytrader.util.MDBStats,1
daytrader,15,seed15_solution036,com.ibm.websphere.samples.daytrader.util.TimerStat,com.ibm.websphere.samples.daytrader.util.TimerStat,1
daytrader,15,seed15_solution036,com.ibm.websphere.samples.daytrader.util.TradeConfig,com.ibm.websphere.samples.daytrader.util.TradeConfig,0
daytrader,15,seed15_solution036,com.ibm.websphere.samples.daytrader.util.WebSocketJMSMessage,com.ibm.websphere.samples.daytrader.util.WebSocketJMSMessage,4
daytrader,15,seed15_solution036,com.ibm.websphere.samples.daytrader.web.OrdersAlertFilter,com.ibm.websphere.samples.daytrader.web.OrdersAlertFilter,0
daytrader,15,seed15_solution036,com.ibm.websphere.samples.daytrader.web.TradeAppServlet,com.ibm.websphere.samples.daytrader.web.TradeAppServlet,3
daytrader,15,seed15_solution036,com.ibm.websphere.samples.daytrader.web.TradeServletAction,com.ibm.websphere.samples.daytrader.web.TradeServletAction,3
daytrader,15,seed15_solution036,com.ibm.websphere.samples.daytrader.web.TradeWebContextListener,com.ibm.websphere.samples.daytrader.web.TradeWebContextListener,3
daytrader,15,seed15_solution036,com.ibm.websphere.samples.daytrader.web.jsf.AccountDataJSF,com.ibm.websphere.samples.daytrader.web.jsf.AccountDataJSF,0
daytrader,15,seed15_solution036,com.ibm.websphere.samples.daytrader.web.jsf.ExternalContextProducer,com.ibm.websphere.samples.daytrader.web.jsf.ExternalContextProducer,1
daytrader,15,seed15_solution036,com.ibm.websphere.samples.daytrader.web.jsf.HoldingData,com.ibm.websphere.samples.daytrader.web.jsf.HoldingData,1
daytrader,15,seed15_solution036,com.ibm.websphere.samples.daytrader.web.jsf.JSFLoginFilter,com.ibm.websphere.samples.daytrader.web.jsf.JSFLoginFilter,2
daytrader,15,seed15_solution036,com.ibm.websphere.samples.daytrader.web.jsf.LoginValidator,com.ibm.websphere.samples.daytrader.web.jsf.LoginValidator,5
daytrader,15,seed15_solution036,com.ibm.websphere.samples.daytrader.web.jsf.MarketSummaryJSF,com.ibm.websphere.samples.daytrader.web.jsf.MarketSummaryJSF,1
daytrader,15,seed15_solution036,com.ibm.websphere.samples.daytrader.web.jsf.OrderData,com.ibm.websphere.samples.daytrader.web.jsf.OrderData,2
daytrader,15,seed15_solution036,com.ibm.websphere.samples.daytrader.web.jsf.OrderDataJSF,com.ibm.websphere.samples.daytrader.web.jsf.OrderDataJSF,1
daytrader,15,seed15_solution036,com.ibm.websphere.samples.daytrader.web.jsf.PortfolioJSF,com.ibm.websphere.samples.daytrader.web.jsf.PortfolioJSF,1
daytrader,15,seed15_solution036,com.ibm.websphere.samples.daytrader.web.jsf.QuoteData,com.ibm.websphere.samples.daytrader.web.jsf.QuoteData,5
daytrader,15,seed15_solution036,com.ibm.websphere.samples.daytrader.web.jsf.QuoteJSF,com.ibm.websphere.samples.daytrader.web.jsf.QuoteJSF,5
daytrader,15,seed15_solution036,com.ibm.websphere.samples.daytrader.web.jsf.TradeActionProducer,com.ibm.websphere.samples.daytrader.web.jsf.TradeActionProducer,1
daytrader,15,seed15_solution036,com.ibm.websphere.samples.daytrader.web.jsf.TradeAppJSF,com.ibm.websphere.samples.daytrader.web.jsf.TradeAppJSF,3
daytrader,15,seed15_solution036,com.ibm.websphere.samples.daytrader.web.jsf.TradeConfigJSF,com.ibm.websphere.samples.daytrader.web.jsf.TradeConfigJSF,2
daytrader,15,seed15_solution036,com.ibm.websphere.samples.daytrader.web.websocket.ActionDecoder,com.ibm.websphere.samples.daytrader.web.websocket.ActionDecoder,5
daytrader,15,seed15_solution036,com.ibm.websphere.samples.daytrader.web.websocket.ActionMessage,com.ibm.websphere.samples.daytrader.web.websocket.ActionMessage,5
daytrader,15,seed15_solution036,com.ibm.websphere.samples.daytrader.web.websocket.ActionMessage$1,com.ibm.websphere.samples.daytrader.web.websocket.ActionMessage$1,5
daytrader,15,seed15_solution036,com.ibm.websphere.samples.daytrader.web.websocket.JsonDecoder,com.ibm.websphere.samples.daytrader.web.websocket.JsonDecoder,6
daytrader,15,seed15_solution036,com.ibm.websphere.samples.daytrader.web.websocket.JsonEncoder,com.ibm.websphere.samples.daytrader.web.websocket.JsonEncoder,6
daytrader,15,seed15_solution036,com.ibm.websphere.samples.daytrader.web.websocket.JsonMessage,com.ibm.websphere.samples.daytrader.web.websocket.JsonMessage,5
daytrader,15,seed15_solution036,com.ibm.websphere.samples.daytrader.web.websocket.MarketSummaryWebSocket,com.ibm.websphere.samples.daytrader.web.websocket.MarketSummaryWebSocket,7
daytrader,15,seed15_solution036,com.ibm.websphere.samples.daytrader.web.websocket.RecentStockChangeList,com.ibm.websphere.samples.daytrader.web.websocket.RecentStockChangeList,2
daytrader,15,seed15_solution037,com.ibm.websphere.samples.daytrader.TradeAction,com.ibm.websphere.samples.daytrader.TradeAction,0
daytrader,15,seed15_solution037,com.ibm.websphere.samples.daytrader.TradeServices,com.ibm.websphere.samples.daytrader.TradeServices,0
daytrader,15,seed15_solution037,com.ibm.websphere.samples.daytrader.beans.MarketSummaryDataBean,com.ibm.websphere.samples.daytrader.beans.MarketSummaryDataBean,1
daytrader,15,seed15_solution037,com.ibm.websphere.samples.daytrader.beans.RunStatsDataBean,com.ibm.websphere.samples.daytrader.beans.RunStatsDataBean,0
daytrader,15,seed15_solution037,com.ibm.websphere.samples.daytrader.direct.KeySequenceDirect,com.ibm.websphere.samples.daytrader.direct.KeySequenceDirect,1
daytrader,15,seed15_solution037,com.ibm.websphere.samples.daytrader.direct.TradeDirect,com.ibm.websphere.samples.daytrader.direct.TradeDirect,0
daytrader,15,seed15_solution037,com.ibm.websphere.samples.daytrader.ejb3.DTBroker3MDB,com.ibm.websphere.samples.daytrader.ejb3.DTBroker3MDB,1
daytrader,15,seed15_solution037,com.ibm.websphere.samples.daytrader.ejb3.DTStreamer3MDB,com.ibm.websphere.samples.daytrader.ejb3.DTStreamer3MDB,2
daytrader,15,seed15_solution037,com.ibm.websphere.samples.daytrader.ejb3.MarketSummarySingleton,com.ibm.websphere.samples.daytrader.ejb3.MarketSummarySingleton,3
daytrader,15,seed15_solution037,com.ibm.websphere.samples.daytrader.ejb3.TradeSLSBBean,com.ibm.websphere.samples.daytrader.ejb3.TradeSLSBBean,0
daytrader,15,seed15_solution037,com.ibm.websphere.samples.daytrader.ejb3.TradeSLSBBean$quotePriceComparator,com.ibm.websphere.samples.daytrader.ejb3.TradeSLSBBean$quotePriceComparator,2
daytrader,15,seed15_solution037,com.ibm.websphere.samples.daytrader.ejb3.TradeSLSBLocal,com.ibm.websphere.samples.daytrader.ejb3.TradeSLSBLocal,0
daytrader,15,seed15_solution037,com.ibm.websphere.samples.daytrader.ejb3.TradeSLSBRemote,com.ibm.websphere.samples.daytrader.ejb3.TradeSLSBRemote,4
daytrader,15,seed15_solution037,com.ibm.websphere.samples.daytrader.entities.AccountDataBean,com.ibm.websphere.samples.daytrader.entities.AccountDataBean,0
daytrader,15,seed15_solution037,com.ibm.websphere.samples.daytrader.entities.AccountProfileDataBean,com.ibm.websphere.samples.daytrader.entities.AccountProfileDataBean,0
daytrader,15,seed15_solution037,com.ibm.websphere.samples.daytrader.entities.HoldingDataBean,com.ibm.websphere.samples.daytrader.entities.HoldingDataBean,4
daytrader,15,seed15_solution037,com.ibm.websphere.samples.daytrader.entities.OrderDataBean,com.ibm.websphere.samples.daytrader.entities.OrderDataBean,3
daytrader,15,seed15_solution037,com.ibm.websphere.samples.daytrader.entities.QuoteDataBean,com.ibm.websphere.samples.daytrader.entities.QuoteDataBean,1
daytrader,15,seed15_solution037,com.ibm.websphere.samples.daytrader.util.CompleteOrderThread,com.ibm.websphere.samples.daytrader.util.CompleteOrderThread,0
daytrader,15,seed15_solution037,com.ibm.websphere.samples.daytrader.util.FinancialUtils,com.ibm.websphere.samples.daytrader.util.FinancialUtils,4
daytrader,15,seed15_solution037,com.ibm.websphere.samples.daytrader.util.KeyBlock,com.ibm.websphere.samples.daytrader.util.KeyBlock,5
daytrader,15,seed15_solution037,com.ibm.websphere.samples.daytrader.util.KeyBlock$KeyBlockIterator,com.ibm.websphere.samples.daytrader.util.KeyBlock$KeyBlockIterator,5
daytrader,15,seed15_solution037,com.ibm.websphere.samples.daytrader.util.Log,com.ibm.websphere.samples.daytrader.util.Log,0
daytrader,15,seed15_solution037,com.ibm.websphere.samples.daytrader.util.MDBStats,com.ibm.websphere.samples.daytrader.util.MDBStats,1
daytrader,15,seed15_solution037,com.ibm.websphere.samples.daytrader.util.TimerStat,com.ibm.websphere.samples.daytrader.util.TimerStat,2
daytrader,15,seed15_solution037,com.ibm.websphere.samples.daytrader.util.TradeConfig,com.ibm.websphere.samples.daytrader.util.TradeConfig,0
daytrader,15,seed15_solution037,com.ibm.websphere.samples.daytrader.util.WebSocketJMSMessage,com.ibm.websphere.samples.daytrader.util.WebSocketJMSMessage,1
daytrader,15,seed15_solution037,com.ibm.websphere.samples.daytrader.web.OrdersAlertFilter,com.ibm.websphere.samples.daytrader.web.OrdersAlertFilter,0
daytrader,15,seed15_solution037,com.ibm.websphere.samples.daytrader.web.TradeAppServlet,com.ibm.websphere.samples.daytrader.web.TradeAppServlet,3
daytrader,15,seed15_solution037,com.ibm.websphere.samples.daytrader.web.TradeServletAction,com.ibm.websphere.samples.daytrader.web.TradeServletAction,0
daytrader,15,seed15_solution037,com.ibm.websphere.samples.daytrader.web.TradeWebContextListener,com.ibm.websphere.samples.daytrader.web.TradeWebContextListener,1
daytrader,15,seed15_solution037,com.ibm.websphere.samples.daytrader.web.jsf.AccountDataJSF,com.ibm.websphere.samples.daytrader.web.jsf.AccountDataJSF,3
daytrader,15,seed15_solution037,com.ibm.websphere.samples.daytrader.web.jsf.ExternalContextProducer,com.ibm.websphere.samples.daytrader.web.jsf.ExternalContextProducer,6
daytrader,15,seed15_solution037,com.ibm.websphere.samples.daytrader.web.jsf.HoldingData,com.ibm.websphere.samples.daytrader.web.jsf.HoldingData,1
daytrader,15,seed15_solution037,com.ibm.websphere.samples.daytrader.web.jsf.JSFLoginFilter,com.ibm.websphere.samples.daytrader.web.jsf.JSFLoginFilter,5
daytrader,15,seed15_solution037,com.ibm.websphere.samples.daytrader.web.jsf.LoginValidator,com.ibm.websphere.samples.daytrader.web.jsf.LoginValidator,3
daytrader,15,seed15_solution037,com.ibm.websphere.samples.daytrader.web.jsf.MarketSummaryJSF,com.ibm.websphere.samples.daytrader.web.jsf.MarketSummaryJSF,1
daytrader,15,seed15_solution037,com.ibm.websphere.samples.daytrader.web.jsf.OrderData,com.ibm.websphere.samples.daytrader.web.jsf.OrderData,3
daytrader,15,seed15_solution037,com.ibm.websphere.samples.daytrader.web.jsf.OrderDataJSF,com.ibm.websphere.samples.daytrader.web.jsf.OrderDataJSF,7
daytrader,15,seed15_solution037,com.ibm.websphere.samples.daytrader.web.jsf.PortfolioJSF,com.ibm.websphere.samples.daytrader.web.jsf.PortfolioJSF,4
daytrader,15,seed15_solution037,com.ibm.websphere.samples.daytrader.web.jsf.QuoteData,com.ibm.websphere.samples.daytrader.web.jsf.QuoteData,6
daytrader,15,seed15_solution037,com.ibm.websphere.samples.daytrader.web.jsf.QuoteJSF,com.ibm.websphere.samples.daytrader.web.jsf.QuoteJSF,6
daytrader,15,seed15_solution037,com.ibm.websphere.samples.daytrader.web.jsf.TradeActionProducer,com.ibm.websphere.samples.daytrader.web.jsf.TradeActionProducer,0
daytrader,15,seed15_solution037,com.ibm.websphere.samples.daytrader.web.jsf.TradeAppJSF,com.ibm.websphere.samples.daytrader.web.jsf.TradeAppJSF,0
daytrader,15,seed15_solution037,com.ibm.websphere.samples.daytrader.web.jsf.TradeConfigJSF,com.ibm.websphere.samples.daytrader.web.jsf.TradeConfigJSF,4
daytrader,15,seed15_solution037,com.ibm.websphere.samples.daytrader.web.websocket.ActionDecoder,com.ibm.websphere.samples.daytrader.web.websocket.ActionDecoder,1
daytrader,15,seed15_solution037,com.ibm.websphere.samples.daytrader.web.websocket.ActionMessage,com.ibm.websphere.samples.daytrader.web.websocket.ActionMessage,0
daytrader,15,seed15_solution037,com.ibm.websphere.samples.daytrader.web.websocket.ActionMessage$1,com.ibm.websphere.samples.daytrader.web.websocket.ActionMessage$1,1
daytrader,15,seed15_solution037,com.ibm.websphere.samples.daytrader.web.websocket.JsonDecoder,com.ibm.websphere.samples.daytrader.web.websocket.JsonDecoder,3
daytrader,15,seed15_solution037,com.ibm.websphere.samples.daytrader.web.websocket.JsonEncoder,com.ibm.websphere.samples.daytrader.web.websocket.JsonEncoder,1
daytrader,15,seed15_solution037,com.ibm.websphere.samples.daytrader.web.websocket.JsonMessage,com.ibm.websphere.samples.daytrader.web.websocket.JsonMessage,8
daytrader,15,seed15_solution037,com.ibm.websphere.samples.daytrader.web.websocket.MarketSummaryWebSocket,com.ibm.websphere.samples.daytrader.web.websocket.MarketSummaryWebSocket,0
daytrader,15,seed15_solution037,com.ibm.websphere.samples.daytrader.web.websocket.RecentStockChangeList,com.ibm.websphere.samples.daytrader.web.websocket.RecentStockChangeList,6
daytrader,15,seed15_solution038,com.ibm.websphere.samples.daytrader.TradeAction,com.ibm.websphere.samples.daytrader.TradeAction,0
daytrader,15,seed15_solution038,com.ibm.websphere.samples.daytrader.TradeServices,com.ibm.websphere.samples.daytrader.TradeServices,1
daytrader,15,seed15_solution038,com.ibm.websphere.samples.daytrader.beans.MarketSummaryDataBean,com.ibm.websphere.samples.daytrader.beans.MarketSummaryDataBean,1
daytrader,15,seed15_solution038,com.ibm.websphere.samples.daytrader.beans.RunStatsDataBean,com.ibm.websphere.samples.daytrader.beans.RunStatsDataBean,0
daytrader,15,seed15_solution038,com.ibm.websphere.samples.daytrader.direct.KeySequenceDirect,com.ibm.websphere.samples.daytrader.direct.KeySequenceDirect,1
daytrader,15,seed15_solution038,com.ibm.websphere.samples.daytrader.direct.TradeDirect,com.ibm.websphere.samples.daytrader.direct.TradeDirect,0
daytrader,15,seed15_solution038,com.ibm.websphere.samples.daytrader.ejb3.DTBroker3MDB,com.ibm.websphere.samples.daytrader.ejb3.DTBroker3MDB,0
daytrader,15,seed15_solution038,com.ibm.websphere.samples.daytrader.ejb3.DTStreamer3MDB,com.ibm.websphere.samples.daytrader.ejb3.DTStreamer3MDB,0
daytrader,15,seed15_solution038,com.ibm.websphere.samples.daytrader.ejb3.MarketSummarySingleton,com.ibm.websphere.samples.daytrader.ejb3.MarketSummarySingleton,1
daytrader,15,seed15_solution038,com.ibm.websphere.samples.daytrader.ejb3.TradeSLSBBean,com.ibm.websphere.samples.daytrader.ejb3.TradeSLSBBean,0
daytrader,15,seed15_solution038,com.ibm.websphere.samples.daytrader.ejb3.TradeSLSBBean$quotePriceComparator,com.ibm.websphere.samples.daytrader.ejb3.TradeSLSBBean$quotePriceComparator,2
daytrader,15,seed15_solution038,com.ibm.websphere.samples.daytrader.ejb3.TradeSLSBLocal,com.ibm.websphere.samples.daytrader.ejb3.TradeSLSBLocal,0
daytrader,15,seed15_solution038,com.ibm.websphere.samples.daytrader.ejb3.TradeSLSBRemote,com.ibm.websphere.samples.daytrader.ejb3.TradeSLSBRemote,2
daytrader,15,seed15_solution038,com.ibm.websphere.samples.daytrader.entities.AccountDataBean,com.ibm.websphere.samples.daytrader.entities.AccountDataBean,0
daytrader,15,seed15_solution038,com.ibm.websphere.samples.daytrader.entities.AccountProfileDataBean,com.ibm.websphere.samples.daytrader.entities.AccountProfileDataBean,0
daytrader,15,seed15_solution038,com.ibm.websphere.samples.daytrader.entities.HoldingDataBean,com.ibm.websphere.samples.daytrader.entities.HoldingDataBean,0
daytrader,15,seed15_solution038,com.ibm.websphere.samples.daytrader.entities.OrderDataBean,com.ibm.websphere.samples.daytrader.entities.OrderDataBean,0
daytrader,15,seed15_solution038,com.ibm.websphere.samples.daytrader.entities.QuoteDataBean,com.ibm.websphere.samples.daytrader.entities.QuoteDataBean,2
daytrader,15,seed15_solution038,com.ibm.websphere.samples.daytrader.util.CompleteOrderThread,com.ibm.websphere.samples.daytrader.util.CompleteOrderThread,3
daytrader,15,seed15_solution038,com.ibm.websphere.samples.daytrader.util.FinancialUtils,com.ibm.websphere.samples.daytrader.util.FinancialUtils,2
daytrader,15,seed15_solution038,com.ibm.websphere.samples.daytrader.util.KeyBlock,com.ibm.websphere.samples.daytrader.util.KeyBlock,1
daytrader,15,seed15_solution038,com.ibm.websphere.samples.daytrader.util.KeyBlock$KeyBlockIterator,com.ibm.websphere.samples.daytrader.util.KeyBlock$KeyBlockIterator,0
daytrader,15,seed15_solution038,com.ibm.websphere.samples.daytrader.util.Log,com.ibm.websphere.samples.daytrader.util.Log,0
daytrader,15,seed15_solution038,com.ibm.websphere.samples.daytrader.util.MDBStats,com.ibm.websphere.samples.daytrader.util.MDBStats,3
daytrader,15,seed15_solution038,com.ibm.websphere.samples.daytrader.util.TimerStat,com.ibm.websphere.samples.daytrader.util.TimerStat,2
daytrader,15,seed15_solution038,com.ibm.websphere.samples.daytrader.util.TradeConfig,com.ibm.websphere.samples.daytrader.util.TradeConfig,3
daytrader,15,seed15_solution038,com.ibm.websphere.samples.daytrader.util.WebSocketJMSMessage,com.ibm.websphere.samples.daytrader.util.WebSocketJMSMessage,0
daytrader,15,seed15_solution038,com.ibm.websphere.samples.daytrader.web.OrdersAlertFilter,com.ibm.websphere.samples.daytrader.web.OrdersAlertFilter,4
daytrader,15,seed15_solution038,com.ibm.websphere.samples.daytrader.web.TradeAppServlet,com.ibm.websphere.samples.daytrader.web.TradeAppServlet,2
daytrader,15,seed15_solution038,com.ibm.websphere.samples.daytrader.web.TradeServletAction,com.ibm.websphere.samples.daytrader.web.TradeServletAction,1
daytrader,15,seed15_solution038,com.ibm.websphere.samples.daytrader.web.TradeWebContextListener,com.ibm.websphere.samples.daytrader.web.TradeWebContextListener,1
daytrader,15,seed15_solution038,com.ibm.websphere.samples.daytrader.web.jsf.AccountDataJSF,com.ibm.websphere.samples.daytrader.web.jsf.AccountDataJSF,0
daytrader,15,seed15_solution038,com.ibm.websphere.samples.daytrader.web.jsf.ExternalContextProducer,com.ibm.websphere.samples.daytrader.web.jsf.ExternalContextProducer,1
daytrader,15,seed15_solution038,com.ibm.websphere.samples.daytrader.web.jsf.HoldingData,com.ibm.websphere.samples.daytrader.web.jsf.HoldingData,1
daytrader,15,seed15_solution038,com.ibm.websphere.samples.daytrader.web.jsf.JSFLoginFilter,com.ibm.websphere.samples.daytrader.web.jsf.JSFLoginFilter,4
daytrader,15,seed15_solution038,com.ibm.websphere.samples.daytrader.web.jsf.LoginValidator,com.ibm.websphere.samples.daytrader.web.jsf.LoginValidator,2
daytrader,15,seed15_solution038,com.ibm.websphere.samples.daytrader.web.jsf.MarketSummaryJSF,com.ibm.websphere.samples.daytrader.web.jsf.MarketSummaryJSF,2
daytrader,15,seed15_solution038,com.ibm.websphere.samples.daytrader.web.jsf.OrderData,com.ibm.websphere.samples.daytrader.web.jsf.OrderData,0
daytrader,15,seed15_solution038,com.ibm.websphere.samples.daytrader.web.jsf.OrderDataJSF,com.ibm.websphere.samples.daytrader.web.jsf.OrderDataJSF,1
daytrader,15,seed15_solution038,com.ibm.websphere.samples.daytrader.web.jsf.PortfolioJSF,com.ibm.websphere.samples.daytrader.web.jsf.PortfolioJSF,1
daytrader,15,seed15_solution038,com.ibm.websphere.samples.daytrader.web.jsf.QuoteData,com.ibm.websphere.samples.daytrader.web.jsf.QuoteData,5
daytrader,15,seed15_solution038,com.ibm.websphere.samples.daytrader.web.jsf.QuoteJSF,com.ibm.websphere.samples.daytrader.web.jsf.QuoteJSF,2
daytrader,15,seed15_solution038,com.ibm.websphere.samples.daytrader.web.jsf.TradeActionProducer,com.ibm.websphere.samples.daytrader.web.jsf.TradeActionProducer,6
daytrader,15,seed15_solution038,com.ibm.websphere.samples.daytrader.web.jsf.TradeAppJSF,com.ibm.websphere.samples.daytrader.web.jsf.TradeAppJSF,0
daytrader,15,seed15_solution038,com.ibm.websphere.samples.daytrader.web.jsf.TradeConfigJSF,com.ibm.websphere.samples.daytrader.web.jsf.TradeConfigJSF,3
daytrader,15,seed15_solution038,com.ibm.websphere.samples.daytrader.web.websocket.ActionDecoder,com.ibm.websphere.samples.daytrader.web.websocket.ActionDecoder,1
daytrader,15,seed15_solution038,com.ibm.websphere.samples.daytrader.web.websocket.ActionMessage,com.ibm.websphere.samples.daytrader.web.websocket.ActionMessage,0
daytrader,15,seed15_solution038,com.ibm.websphere.samples.daytrader.web.websocket.ActionMessage$1,com.ibm.websphere.samples.daytrader.web.websocket.ActionMessage$1,6
daytrader,15,seed15_solution038,com.ibm.websphere.samples.daytrader.web.websocket.JsonDecoder,com.ibm.websphere.samples.daytrader.web.websocket.JsonDecoder,6
daytrader,15,seed15_solution038,com.ibm.websphere.samples.daytrader.web.websocket.JsonEncoder,com.ibm.websphere.samples.daytrader.web.websocket.JsonEncoder,5
daytrader,15,seed15_solution038,com.ibm.websphere.samples.daytrader.web.websocket.JsonMessage,com.ibm.websphere.samples.daytrader.web.websocket.JsonMessage,5
daytrader,15,seed15_solution038,com.ibm.websphere.samples.daytrader.web.websocket.MarketSummaryWebSocket,com.ibm.websphere.samples.daytrader.web.websocket.MarketSummaryWebSocket,1
daytrader,15,seed15_solution038,com.ibm.websphere.samples.daytrader.web.websocket.RecentStockChangeList,com.ibm.websphere.samples.daytrader.web.websocket.RecentStockChangeList,1
daytrader,15,seed15_solution039,com.ibm.websphere.samples.daytrader.TradeAction,com.ibm.websphere.samples.daytrader.TradeAction,0
daytrader,15,seed15_solution039,com.ibm.websphere.samples.daytrader.TradeServices,com.ibm.websphere.samples.daytrader.TradeServices,0
daytrader,15,seed15_solution039,com.ibm.websphere.samples.daytrader.beans.MarketSummaryDataBean,com.ibm.websphere.samples.daytrader.beans.MarketSummaryDataBean,1
daytrader,15,seed15_solution039,com.ibm.websphere.samples.daytrader.beans.RunStatsDataBean,com.ibm.websphere.samples.daytrader.beans.RunStatsDataBean,1
daytrader,15,seed15_solution039,com.ibm.websphere.samples.daytrader.direct.KeySequenceDirect,com.ibm.websphere.samples.daytrader.direct.KeySequenceDirect,1
daytrader,15,seed15_solution039,com.ibm.websphere.samples.daytrader.direct.TradeDirect,com.ibm.websphere.samples.daytrader.direct.TradeDirect,0
daytrader,15,seed15_solution039,com.ibm.websphere.samples.daytrader.ejb3.DTBroker3MDB,com.ibm.websphere.samples.daytrader.ejb3.DTBroker3MDB,0
daytrader,15,seed15_solution039,com.ibm.websphere.samples.daytrader.ejb3.DTStreamer3MDB,com.ibm.websphere.samples.daytrader.ejb3.DTStreamer3MDB,2
daytrader,15,seed15_solution039,com.ibm.websphere.samples.daytrader.ejb3.MarketSummarySingleton,com.ibm.websphere.samples.daytrader.ejb3.MarketSummarySingleton,0
daytrader,15,seed15_solution039,com.ibm.websphere.samples.daytrader.ejb3.TradeSLSBBean,com.ibm.websphere.samples.daytrader.ejb3.TradeSLSBBean,0
daytrader,15,seed15_solution039,com.ibm.websphere.samples.daytrader.ejb3.TradeSLSBBean$quotePriceComparator,com.ibm.websphere.samples.daytrader.ejb3.TradeSLSBBean$quotePriceComparator,1
daytrader,15,seed15_solution039,com.ibm.websphere.samples.daytrader.ejb3.TradeSLSBLocal,com.ibm.websphere.samples.daytrader.ejb3.TradeSLSBLocal,0
daytrader,15,seed15_solution039,com.ibm.websphere.samples.daytrader.ejb3.TradeSLSBRemote,com.ibm.websphere.samples.daytrader.ejb3.TradeSLSBRemote,1
daytrader,15,seed15_solution039,com.ibm.websphere.samples.daytrader.entities.AccountDataBean,com.ibm.websphere.samples.daytrader.entities.AccountDataBean,3
daytrader,15,seed15_solution039,com.ibm.websphere.samples.daytrader.entities.AccountProfileDataBean,com.ibm.websphere.samples.daytrader.entities.AccountProfileDataBean,0
daytrader,15,seed15_solution039,com.ibm.websphere.samples.daytrader.entities.HoldingDataBean,com.ibm.websphere.samples.daytrader.entities.HoldingDataBean,0
daytrader,15,seed15_solution039,com.ibm.websphere.samples.daytrader.entities.OrderDataBean,com.ibm.websphere.samples.daytrader.entities.OrderDataBean,0
daytrader,15,seed15_solution039,com.ibm.websphere.samples.daytrader.entities.QuoteDataBean,com.ibm.websphere.samples.daytrader.entities.QuoteDataBean,0
daytrader,15,seed15_solution039,com.ibm.websphere.samples.daytrader.util.CompleteOrderThread,com.ibm.websphere.samples.daytrader.util.CompleteOrderThread,0
daytrader,15,seed15_solution039,com.ibm.websphere.samples.daytrader.util.FinancialUtils,com.ibm.websphere.samples.daytrader.util.FinancialUtils,0
daytrader,15,seed15_solution039,com.ibm.websphere.samples.daytrader.util.KeyBlock,com.ibm.websphere.samples.daytrader.util.KeyBlock,1
daytrader,15,seed15_solution039,com.ibm.websphere.samples.daytrader.util.KeyBlock$KeyBlockIterator,com.ibm.websphere.samples.daytrader.util.KeyBlock$KeyBlockIterator,1
daytrader,15,seed15_solution039,com.ibm.websphere.samples.daytrader.util.Log,com.ibm.websphere.samples.daytrader.util.Log,0
daytrader,15,seed15_solution039,com.ibm.websphere.samples.daytrader.util.MDBStats,com.ibm.websphere.samples.daytrader.util.MDBStats,1
daytrader,15,seed15_solution039,com.ibm.websphere.samples.daytrader.util.TimerStat,com.ibm.websphere.samples.daytrader.util.TimerStat,3
daytrader,15,seed15_solution039,com.ibm.websphere.samples.daytrader.util.TradeConfig,com.ibm.websphere.samples.daytrader.util.TradeConfig,1
daytrader,15,seed15_solution039,com.ibm.websphere.samples.daytrader.util.WebSocketJMSMessage,com.ibm.websphere.samples.daytrader.util.WebSocketJMSMessage,1
daytrader,15,seed15_solution039,com.ibm.websphere.samples.daytrader.web.OrdersAlertFilter,com.ibm.websphere.samples.daytrader.web.OrdersAlertFilter,0
daytrader,15,seed15_solution039,com.ibm.websphere.samples.daytrader.web.TradeAppServlet,com.ibm.websphere.samples.daytrader.web.TradeAppServlet,1
daytrader,15,seed15_solution039,com.ibm.websphere.samples.daytrader.web.TradeServletAction,com.ibm.websphere.samples.daytrader.web.TradeServletAction,0
daytrader,15,seed15_solution039,com.ibm.websphere.samples.daytrader.web.TradeWebContextListener,com.ibm.websphere.samples.daytrader.web.TradeWebContextListener,0
daytrader,15,seed15_solution039,com.ibm.websphere.samples.daytrader.web.jsf.AccountDataJSF,com.ibm.websphere.samples.daytrader.web.jsf.AccountDataJSF,0
daytrader,15,seed15_solution039,com.ibm.websphere.samples.daytrader.web.jsf.ExternalContextProducer,com.ibm.websphere.samples.daytrader.web.jsf.ExternalContextProducer,4
daytrader,15,seed15_solution039,com.ibm.websphere.samples.daytrader.web.jsf.HoldingData,com.ibm.websphere.samples.daytrader.web.jsf.HoldingData,0
daytrader,15,seed15_solution039,com.ibm.websphere.samples.daytrader.web.jsf.JSFLoginFilter,com.ibm.websphere.samples.daytrader.web.jsf.JSFLoginFilter,2
daytrader,15,seed15_solution039,com.ibm.websphere.samples.daytrader.web.jsf.LoginValidator,com.ibm.websphere.samples.daytrader.web.jsf.LoginValidator,2
daytrader,15,seed15_solution039,com.ibm.websphere.samples.daytrader.web.jsf.MarketSummaryJSF,com.ibm.websphere.samples.daytrader.web.jsf.MarketSummaryJSF,2
daytrader,15,seed15_solution039,com.ibm.websphere.samples.daytrader.web.jsf.OrderData,com.ibm.websphere.samples.daytrader.web.jsf.OrderData,2
daytrader,15,seed15_solution039,com.ibm.websphere.samples.daytrader.web.jsf.OrderDataJSF,com.ibm.websphere.samples.daytrader.web.jsf.OrderDataJSF,2
daytrader,15,seed15_solution039,com.ibm.websphere.samples.daytrader.web.jsf.PortfolioJSF,com.ibm.websphere.samples.daytrader.web.jsf.PortfolioJSF,1
daytrader,15,seed15_solution039,com.ibm.websphere.samples.daytrader.web.jsf.QuoteData,com.ibm.websphere.samples.daytrader.web.jsf.QuoteData,2
daytrader,15,seed15_solution039,com.ibm.websphere.samples.daytrader.web.jsf.QuoteJSF,com.ibm.websphere.samples.daytrader.web.jsf.QuoteJSF,2
daytrader,15,seed15_solution039,com.ibm.websphere.samples.daytrader.web.jsf.TradeActionProducer,com.ibm.websphere.samples.daytrader.web.jsf.TradeActionProducer,1
daytrader,15,seed15_solution039,com.ibm.websphere.samples.daytrader.web.jsf.TradeAppJSF,com.ibm.websphere.samples.daytrader.web.jsf.TradeAppJSF,2
daytrader,15,seed15_solution039,com.ibm.websphere.samples.daytrader.web.jsf.TradeConfigJSF,com.ibm.websphere.samples.daytrader.web.jsf.TradeConfigJSF,3
daytrader,15,seed15_solution039,com.ibm.websphere.samples.daytrader.web.websocket.ActionDecoder,com.ibm.websphere.samples.daytrader.web.websocket.ActionDecoder,2
daytrader,15,seed15_solution039,com.ibm.websphere.samples.daytrader.web.websocket.ActionMessage,com.ibm.websphere.samples.daytrader.web.websocket.ActionMessage,2
daytrader,15,seed15_solution039,com.ibm.websphere.samples.daytrader.web.websocket.ActionMessage$1,com.ibm.websphere.samples.daytrader.web.websocket.ActionMessage$1,2
daytrader,15,seed15_solution039,com.ibm.websphere.samples.daytrader.web.websocket.JsonDecoder,com.ibm.websphere.samples.daytrader.web.websocket.JsonDecoder,2
daytrader,15,seed15_solution039,com.ibm.websphere.samples.daytrader.web.websocket.JsonEncoder,com.ibm.websphere.samples.daytrader.web.websocket.JsonEncoder,2
daytrader,15,seed15_solution039,com.ibm.websphere.samples.daytrader.web.websocket.JsonMessage,com.ibm.websphere.samples.daytrader.web.websocket.JsonMessage,2
daytrader,15,seed15_solution039,com.ibm.websphere.samples.daytrader.web.websocket.MarketSummaryWebSocket,com.ibm.websphere.samples.daytrader.web.websocket.MarketSummaryWebSocket,1
daytrader,15,seed15_solution039,com.ibm.websphere.samples.daytrader.web.websocket.RecentStockChangeList,com.ibm.websphere.samples.daytrader.web.websocket.RecentStockChangeList,2
daytrader,15,seed15_solution040,com.ibm.websphere.samples.daytrader.TradeAction,com.ibm.websphere.samples.daytrader.TradeAction,0
daytrader,15,seed15_solution040,com.ibm.websphere.samples.daytrader.TradeServices,com.ibm.websphere.samples.daytrader.TradeServices,1
daytrader,15,seed15_solution040,com.ibm.websphere.samples.daytrader.beans.MarketSummaryDataBean,com.ibm.websphere.samples.daytrader.beans.MarketSummaryDataBean,2
daytrader,15,seed15_solution040,com.ibm.websphere.samples.daytrader.beans.RunStatsDataBean,com.ibm.websphere.samples.daytrader.beans.RunStatsDataBean,0
daytrader,15,seed15_solution040,com.ibm.websphere.samples.daytrader.direct.KeySequenceDirect,com.ibm.websphere.samples.daytrader.direct.KeySequenceDirect,0
daytrader,15,seed15_solution040,com.ibm.websphere.samples.daytrader.direct.TradeDirect,com.ibm.websphere.samples.daytrader.direct.TradeDirect,0
daytrader,15,seed15_solution040,com.ibm.websphere.samples.daytrader.ejb3.DTBroker3MDB,com.ibm.websphere.samples.daytrader.ejb3.DTBroker3MDB,3
daytrader,15,seed15_solution040,com.ibm.websphere.samples.daytrader.ejb3.DTStreamer3MDB,com.ibm.websphere.samples.daytrader.ejb3.DTStreamer3MDB,3
daytrader,15,seed15_solution040,com.ibm.websphere.samples.daytrader.ejb3.MarketSummarySingleton,com.ibm.websphere.samples.daytrader.ejb3.MarketSummarySingleton,0
daytrader,15,seed15_solution040,com.ibm.websphere.samples.daytrader.ejb3.TradeSLSBBean,com.ibm.websphere.samples.daytrader.ejb3.TradeSLSBBean,4
daytrader,15,seed15_solution040,com.ibm.websphere.samples.daytrader.ejb3.TradeSLSBBean$quotePriceComparator,com.ibm.websphere.samples.daytrader.ejb3.TradeSLSBBean$quotePriceComparator,5
daytrader,15,seed15_solution040,com.ibm.websphere.samples.daytrader.ejb3.TradeSLSBLocal,com.ibm.websphere.samples.daytrader.ejb3.TradeSLSBLocal,4
daytrader,15,seed15_solution040,com.ibm.websphere.samples.daytrader.ejb3.TradeSLSBRemote,com.ibm.websphere.samples.daytrader.ejb3.TradeSLSBRemote,5
daytrader,15,seed15_solution040,com.ibm.websphere.samples.daytrader.entities.AccountDataBean,com.ibm.websphere.samples.daytrader.entities.AccountDataBean,4
daytrader,15,seed15_solution040,com.ibm.websphere.samples.daytrader.entities.AccountProfileDataBean,com.ibm.websphere.samples.daytrader.entities.AccountProfileDataBean,4
daytrader,15,seed15_solution040,com.ibm.websphere.samples.daytrader.entities.HoldingDataBean,com.ibm.websphere.samples.daytrader.entities.HoldingDataBean,5
daytrader,15,seed15_solution040,com.ibm.websphere.samples.daytrader.entities.OrderDataBean,com.ibm.websphere.samples.daytrader.entities.OrderDataBean,4
daytrader,15,seed15_solution040,com.ibm.websphere.samples.daytrader.entities.QuoteDataBean,com.ibm.websphere.samples.daytrader.entities.QuoteDataBean,5
daytrader,15,seed15_solution040,com.ibm.websphere.samples.daytrader.util.CompleteOrderThread,com.ibm.websphere.samples.daytrader.util.CompleteOrderThread,1
daytrader,15,seed15_solution040,com.ibm.websphere.samples.daytrader.util.FinancialUtils,com.ibm.websphere.samples.daytrader.util.FinancialUtils,5
daytrader,15,seed15_solution040,com.ibm.websphere.samples.daytrader.util.KeyBlock,com.ibm.websphere.samples.daytrader.util.KeyBlock,6
daytrader,15,seed15_solution040,com.ibm.websphere.samples.daytrader.util.KeyBlock$KeyBlockIterator,com.ibm.websphere.samples.daytrader.util.KeyBlock$KeyBlockIterator,6
daytrader,15,seed15_solution040,com.ibm.websphere.samples.daytrader.util.Log,com.ibm.websphere.samples.daytrader.util.Log,0
daytrader,15,seed15_solution040,com.ibm.websphere.samples.daytrader.util.MDBStats,com.ibm.websphere.samples.daytrader.util.MDBStats,3
daytrader,15,seed15_solution040,com.ibm.websphere.samples.daytrader.util.TimerStat,com.ibm.websphere.samples.daytrader.util.TimerStat,3
daytrader,15,seed15_solution040,com.ibm.websphere.samples.daytrader.util.TradeConfig,com.ibm.websphere.samples.daytrader.util.TradeConfig,1
daytrader,15,seed15_solution040,com.ibm.websphere.samples.daytrader.util.WebSocketJMSMessage,com.ibm.websphere.samples.daytrader.util.WebSocketJMSMessage,7
daytrader,15,seed15_solution040,com.ibm.websphere.samples.daytrader.web.OrdersAlertFilter,com.ibm.websphere.samples.daytrader.web.OrdersAlertFilter,0
daytrader,15,seed15_solution040,com.ibm.websphere.samples.daytrader.web.TradeAppServlet,com.ibm.websphere.samples.daytrader.web.TradeAppServlet,1
daytrader,15,seed15_solution040,com.ibm.websphere.samples.daytrader.web.TradeServletAction,com.ibm.websphere.samples.daytrader.web.TradeServletAction,1
daytrader,15,seed15_solution040,com.ibm.websphere.samples.daytrader.web.TradeWebContextListener,com.ibm.websphere.samples.daytrader.web.TradeWebContextListener,1
daytrader,15,seed15_solution040,com.ibm.websphere.samples.daytrader.web.jsf.AccountDataJSF,com.ibm.websphere.samples.daytrader.web.jsf.AccountDataJSF,4
daytrader,15,seed15_solution040,com.ibm.websphere.samples.daytrader.web.jsf.ExternalContextProducer,com.ibm.websphere.samples.daytrader.web.jsf.ExternalContextProducer,2
daytrader,15,seed15_solution040,com.ibm.websphere.samples.daytrader.web.jsf.HoldingData,com.ibm.websphere.samples.daytrader.web.jsf.HoldingData,5
daytrader,15,seed15_solution040,com.ibm.websphere.samples.daytrader.web.jsf.JSFLoginFilter,com.ibm.websphere.samples.daytrader.web.jsf.JSFLoginFilter,5
daytrader,15,seed15_solution040,com.ibm.websphere.samples.daytrader.web.jsf.LoginValidator,com.ibm.websphere.samples.daytrader.web.jsf.LoginValidator,0
daytrader,15,seed15_solution040,com.ibm.websphere.samples.daytrader.web.jsf.MarketSummaryJSF,com.ibm.websphere.samples.daytrader.web.jsf.MarketSummaryJSF,5
daytrader,15,seed15_solution040,com.ibm.websphere.samples.daytrader.web.jsf.OrderData,com.ibm.websphere.samples.daytrader.web.jsf.OrderData,5
daytrader,15,seed15_solution040,com.ibm.websphere.samples.daytrader.web.jsf.OrderDataJSF,com.ibm.websphere.samples.daytrader.web.jsf.OrderDataJSF,4
daytrader,15,seed15_solution040,com.ibm.websphere.samples.daytrader.web.jsf.PortfolioJSF,com.ibm.websphere.samples.daytrader.web.jsf.PortfolioJSF,5
daytrader,15,seed15_solution040,com.ibm.websphere.samples.daytrader.web.jsf.QuoteData,com.ibm.websphere.samples.daytrader.web.jsf.QuoteData,5
daytrader,15,seed15_solution040,com.ibm.websphere.samples.daytrader.web.jsf.QuoteJSF,com.ibm.websphere.samples.daytrader.web.jsf.QuoteJSF,5
daytrader,15,seed15_solution040,com.ibm.websphere.samples.daytrader.web.jsf.TradeActionProducer,com.ibm.websphere.samples.daytrader.web.jsf.TradeActionProducer,0
daytrader,15,seed15_solution040,com.ibm.websphere.samples.daytrader.web.jsf.TradeAppJSF,com.ibm.websphere.samples.daytrader.web.jsf.TradeAppJSF,0
daytrader,15,seed15_solution040,com.ibm.websphere.samples.daytrader.web.jsf.TradeConfigJSF,com.ibm.websphere.samples.daytrader.web.jsf.TradeConfigJSF,1
daytrader,15,seed15_solution040,com.ibm.websphere.samples.daytrader.web.websocket.ActionDecoder,com.ibm.websphere.samples.daytrader.web.websocket.ActionDecoder,0
daytrader,15,seed15_solution040,com.ibm.websphere.samples.daytrader.web.websocket.ActionMessage,com.ibm.websphere.samples.daytrader.web.websocket.ActionMessage,0
daytrader,15,seed15_solution040,com.ibm.websphere.samples.daytrader.web.websocket.ActionMessage$1,com.ibm.websphere.samples.daytrader.web.websocket.ActionMessage$1,0
daytrader,15,seed15_solution040,com.ibm.websphere.samples.daytrader.web.websocket.JsonDecoder,com.ibm.websphere.samples.daytrader.web.websocket.JsonDecoder,8
daytrader,15,seed15_solution040,com.ibm.websphere.samples.daytrader.web.websocket.JsonEncoder,com.ibm.websphere.samples.daytrader.web.websocket.JsonEncoder,8
daytrader,15,seed15_solution040,com.ibm.websphere.samples.daytrader.web.websocket.JsonMessage,com.ibm.websphere.samples.daytrader.web.websocket.JsonMessage,8
daytrader,15,seed15_solution040,com.ibm.websphere.samples.daytrader.web.websocket.MarketSummaryWebSocket,com.ibm.websphere.samples.daytrader.web.websocket.MarketSummaryWebSocket,0
daytrader,15,seed15_solution040,com.ibm.websphere.samples.daytrader.web.websocket.RecentStockChangeList,com.ibm.websphere.samples.daytrader.web.websocket.RecentStockChangeList,0
daytrader,15,seed15_solution041,com.ibm.websphere.samples.daytrader.TradeAction,com.ibm.websphere.samples.daytrader.TradeAction,0
daytrader,15,seed15_solution041,com.ibm.websphere.samples.daytrader.TradeServices,com.ibm.websphere.samples.daytrader.TradeServices,0
daytrader,15,seed15_solution041,com.ibm.websphere.samples.daytrader.beans.MarketSummaryDataBean,com.ibm.websphere.samples.daytrader.beans.MarketSummaryDataBean,1
daytrader,15,seed15_solution041,com.ibm.websphere.samples.daytrader.beans.RunStatsDataBean,com.ibm.websphere.samples.daytrader.beans.RunStatsDataBean,0
daytrader,15,seed15_solution041,com.ibm.websphere.samples.daytrader.direct.KeySequenceDirect,com.ibm.websphere.samples.daytrader.direct.KeySequenceDirect,0
daytrader,15,seed15_solution041,com.ibm.websphere.samples.daytrader.direct.TradeDirect,com.ibm.websphere.samples.daytrader.direct.TradeDirect,0
daytrader,15,seed15_solution041,com.ibm.websphere.samples.daytrader.ejb3.DTBroker3MDB,com.ibm.websphere.samples.daytrader.ejb3.DTBroker3MDB,0
daytrader,15,seed15_solution041,com.ibm.websphere.samples.daytrader.ejb3.DTStreamer3MDB,com.ibm.websphere.samples.daytrader.ejb3.DTStreamer3MDB,1
daytrader,15,seed15_solution041,com.ibm.websphere.samples.daytrader.ejb3.MarketSummarySingleton,com.ibm.websphere.samples.daytrader.ejb3.MarketSummarySingleton,1
daytrader,15,seed15_solution041,com.ibm.websphere.samples.daytrader.ejb3.TradeSLSBBean,com.ibm.websphere.samples.daytrader.ejb3.TradeSLSBBean,0
daytrader,15,seed15_solution041,com.ibm.websphere.samples.daytrader.ejb3.TradeSLSBBean$quotePriceComparator,com.ibm.websphere.samples.daytrader.ejb3.TradeSLSBBean$quotePriceComparator,2
daytrader,15,seed15_solution041,com.ibm.websphere.samples.daytrader.ejb3.TradeSLSBLocal,com.ibm.websphere.samples.daytrader.ejb3.TradeSLSBLocal,3
daytrader,15,seed15_solution041,com.ibm.websphere.samples.daytrader.ejb3.TradeSLSBRemote,com.ibm.websphere.samples.daytrader.ejb3.TradeSLSBRemote,2
daytrader,15,seed15_solution041,com.ibm.websphere.samples.daytrader.entities.AccountDataBean,com.ibm.websphere.samples.daytrader.entities.AccountDataBean,3
daytrader,15,seed15_solution041,com.ibm.websphere.samples.daytrader.entities.AccountProfileDataBean,com.ibm.websphere.samples.daytrader.entities.AccountProfileDataBean,4
daytrader,15,seed15_solution041,com.ibm.websphere.samples.daytrader.entities.HoldingDataBean,com.ibm.websphere.samples.daytrader.entities.HoldingDataBean,0
daytrader,15,seed15_solution041,com.ibm.websphere.samples.daytrader.entities.OrderDataBean,com.ibm.websphere.samples.daytrader.entities.OrderDataBean,3
daytrader,15,seed15_solution041,com.ibm.websphere.samples.daytrader.entities.QuoteDataBean,com.ibm.websphere.samples.daytrader.entities.QuoteDataBean,0
daytrader,15,seed15_solution041,com.ibm.websphere.samples.daytrader.util.CompleteOrderThread,com.ibm.websphere.samples.daytrader.util.CompleteOrderThread,4
daytrader,15,seed15_solution041,com.ibm.websphere.samples.daytrader.util.FinancialUtils,com.ibm.websphere.samples.daytrader.util.FinancialUtils,0
daytrader,15,seed15_solution041,com.ibm.websphere.samples.daytrader.util.KeyBlock,com.ibm.websphere.samples.daytrader.util.KeyBlock,2
daytrader,15,seed15_solution041,com.ibm.websphere.samples.daytrader.util.KeyBlock$KeyBlockIterator,com.ibm.websphere.samples.daytrader.util.KeyBlock$KeyBlockIterator,4
daytrader,15,seed15_solution041,com.ibm.websphere.samples.daytrader.util.Log,com.ibm.websphere.samples.daytrader.util.Log,0
daytrader,15,seed15_solution041,com.ibm.websphere.samples.daytrader.util.MDBStats,com.ibm.websphere.samples.daytrader.util.MDBStats,2
daytrader,15,seed15_solution041,com.ibm.websphere.samples.daytrader.util.TimerStat,com.ibm.websphere.samples.daytrader.util.TimerStat,2
daytrader,15,seed15_solution041,com.ibm.websphere.samples.daytrader.util.TradeConfig,com.ibm.websphere.samples.daytrader.util.TradeConfig,0
daytrader,15,seed15_solution041,com.ibm.websphere.samples.daytrader.util.WebSocketJMSMessage,com.ibm.websphere.samples.daytrader.util.WebSocketJMSMessage,0
daytrader,15,seed15_solution041,com.ibm.websphere.samples.daytrader.web.OrdersAlertFilter,com.ibm.websphere.samples.daytrader.web.OrdersAlertFilter,3
daytrader,15,seed15_solution041,com.ibm.websphere.samples.daytrader.web.TradeAppServlet,com.ibm.websphere.samples.daytrader.web.TradeAppServlet,1
daytrader,15,seed15_solution041,com.ibm.websphere.samples.daytrader.web.TradeServletAction,com.ibm.websphere.samples.daytrader.web.TradeServletAction,0
daytrader,15,seed15_solution041,com.ibm.websphere.samples.daytrader.web.TradeWebContextListener,com.ibm.websphere.samples.daytrader.web.TradeWebContextListener,1
daytrader,15,seed15_solution041,com.ibm.websphere.samples.daytrader.web.jsf.AccountDataJSF,com.ibm.websphere.samples.daytrader.web.jsf.AccountDataJSF,3
daytrader,15,seed15_solution041,com.ibm.websphere.samples.daytrader.web.jsf.ExternalContextProducer,com.ibm.websphere.samples.daytrader.web.jsf.ExternalContextProducer,3
daytrader,15,seed15_solution041,com.ibm.websphere.samples.daytrader.web.jsf.HoldingData,com.ibm.websphere.samples.daytrader.web.jsf.HoldingData,2
daytrader,15,seed15_solution041,com.ibm.websphere.samples.daytrader.web.jsf.JSFLoginFilter,com.ibm.websphere.samples.daytrader.web.jsf.JSFLoginFilter,3
daytrader,15,seed15_solution041,com.ibm.websphere.samples.daytrader.web.jsf.LoginValidator,com.ibm.websphere.samples.daytrader.web.jsf.LoginValidator,5
daytrader,15,seed15_solution041,com.ibm.websphere.samples.daytrader.web.jsf.MarketSummaryJSF,com.ibm.websphere.samples.daytrader.web.jsf.MarketSummaryJSF,6
daytrader,15,seed15_solution041,com.ibm.websphere.samples.daytrader.web.jsf.OrderData,com.ibm.websphere.samples.daytrader.web.jsf.OrderData,2
daytrader,15,seed15_solution041,com.ibm.websphere.samples.daytrader.web.jsf.OrderDataJSF,com.ibm.websphere.samples.daytrader.web.jsf.OrderDataJSF,7
daytrader,15,seed15_solution041,com.ibm.websphere.samples.daytrader.web.jsf.PortfolioJSF,com.ibm.websphere.samples.daytrader.web.jsf.PortfolioJSF,2
daytrader,15,seed15_solution041,com.ibm.websphere.samples.daytrader.web.jsf.QuoteData,com.ibm.websphere.samples.daytrader.web.jsf.QuoteData,6
daytrader,15,seed15_solution041,com.ibm.websphere.samples.daytrader.web.jsf.QuoteJSF,com.ibm.websphere.samples.daytrader.web.jsf.QuoteJSF,1
daytrader,15,seed15_solution041,com.ibm.websphere.samples.daytrader.web.jsf.TradeActionProducer,com.ibm.websphere.samples.daytrader.web.jsf.TradeActionProducer,6
daytrader,15,seed15_solution041,com.ibm.websphere.samples.daytrader.web.jsf.TradeAppJSF,com.ibm.websphere.samples.daytrader.web.jsf.TradeAppJSF,5
daytrader,15,seed15_solution041,com.ibm.websphere.samples.daytrader.web.jsf.TradeConfigJSF,com.ibm.websphere.samples.daytrader.web.jsf.TradeConfigJSF,7
daytrader,15,seed15_solution041,com.ibm.websphere.samples.daytrader.web.websocket.ActionDecoder,com.ibm.websphere.samples.daytrader.web.websocket.ActionDecoder,0
daytrader,15,seed15_solution041,com.ibm.websphere.samples.daytrader.web.websocket.ActionMessage,com.ibm.websphere.samples.daytrader.web.websocket.ActionMessage,1
daytrader,15,seed15_solution041,com.ibm.websphere.samples.daytrader.web.websocket.ActionMessage$1,com.ibm.websphere.samples.daytrader.web.websocket.ActionMessage$1,5
daytrader,15,seed15_solution041,com.ibm.websphere.samples.daytrader.web.websocket.JsonDecoder,com.ibm.websphere.samples.daytrader.web.websocket.JsonDecoder,1
daytrader,15,seed15_solution041,com.ibm.websphere.samples.daytrader.web.websocket.JsonEncoder,com.ibm.websphere.samples.daytrader.web.websocket.JsonEncoder,1
daytrader,15,seed15_solution041,com.ibm.websphere.samples.daytrader.web.websocket.JsonMessage,com.ibm.websphere.samples.daytrader.web.websocket.JsonMessage,5
daytrader,15,seed15_solution041,com.ibm.websphere.samples.daytrader.web.websocket.MarketSummaryWebSocket,com.ibm.websphere.samples.daytrader.web.websocket.MarketSummaryWebSocket,0
daytrader,15,seed15_solution041,com.ibm.websphere.samples.daytrader.web.websocket.RecentStockChangeList,com.ibm.websphere.samples.daytrader.web.websocket.RecentStockChangeList,3
daytrader,15,seed15_solution042,com.ibm.websphere.samples.daytrader.TradeAction,com.ibm.websphere.samples.daytrader.TradeAction,0
daytrader,15,seed15_solution042,com.ibm.websphere.samples.daytrader.TradeServices,com.ibm.websphere.samples.daytrader.TradeServices,1
daytrader,15,seed15_solution042,com.ibm.websphere.samples.daytrader.beans.MarketSummaryDataBean,com.ibm.websphere.samples.daytrader.beans.MarketSummaryDataBean,0
daytrader,15,seed15_solution042,com.ibm.websphere.samples.daytrader.beans.RunStatsDataBean,com.ibm.websphere.samples.daytrader.beans.RunStatsDataBean,0
daytrader,15,seed15_solution042,com.ibm.websphere.samples.daytrader.direct.KeySequenceDirect,com.ibm.websphere.samples.daytrader.direct.KeySequenceDirect,1
daytrader,15,seed15_solution042,com.ibm.websphere.samples.daytrader.direct.TradeDirect,com.ibm.websphere.samples.daytrader.direct.TradeDirect,0
daytrader,15,seed15_solution042,com.ibm.websphere.samples.daytrader.ejb3.DTBroker3MDB,com.ibm.websphere.samples.daytrader.ejb3.DTBroker3MDB,2
daytrader,15,seed15_solution042,com.ibm.websphere.samples.daytrader.ejb3.DTStreamer3MDB,com.ibm.websphere.samples.daytrader.ejb3.DTStreamer3MDB,3
daytrader,15,seed15_solution042,com.ibm.websphere.samples.daytrader.ejb3.MarketSummarySingleton,com.ibm.websphere.samples.daytrader.ejb3.MarketSummarySingleton,4
daytrader,15,seed15_solution042,com.ibm.websphere.samples.daytrader.ejb3.TradeSLSBBean,com.ibm.websphere.samples.daytrader.ejb3.TradeSLSBBean,0
daytrader,15,seed15_solution042,com.ibm.websphere.samples.daytrader.ejb3.TradeSLSBBean$quotePriceComparator,com.ibm.websphere.samples.daytrader.ejb3.TradeSLSBBean$quotePriceComparator,3
daytrader,15,seed15_solution042,com.ibm.websphere.samples.daytrader.ejb3.TradeSLSBLocal,com.ibm.websphere.samples.daytrader.ejb3.TradeSLSBLocal,2
daytrader,15,seed15_solution042,com.ibm.websphere.samples.daytrader.ejb3.TradeSLSBRemote,com.ibm.websphere.samples.daytrader.ejb3.TradeSLSBRemote,5
daytrader,15,seed15_solution042,com.ibm.websphere.samples.daytrader.entities.AccountDataBean,com.ibm.websphere.samples.daytrader.entities.AccountDataBean,0
daytrader,15,seed15_solution042,com.ibm.websphere.samples.daytrader.entities.AccountProfileDataBean,com.ibm.websphere.samples.daytrader.entities.AccountProfileDataBean,4
daytrader,15,seed15_solution042,com.ibm.websphere.samples.daytrader.entities.HoldingDataBean,com.ibm.websphere.samples.daytrader.entities.HoldingDataBean,6
daytrader,15,seed15_solution042,com.ibm.websphere.samples.daytrader.entities.OrderDataBean,com.ibm.websphere.samples.daytrader.entities.OrderDataBean,3
daytrader,15,seed15_solution042,com.ibm.websphere.samples.daytrader.entities.QuoteDataBean,com.ibm.websphere.samples.daytrader.entities.QuoteDataBean,0
daytrader,15,seed15_solution042,com.ibm.websphere.samples.daytrader.util.CompleteOrderThread,com.ibm.websphere.samples.daytrader.util.CompleteOrderThread,1
daytrader,15,seed15_solution042,com.ibm.websphere.samples.daytrader.util.FinancialUtils,com.ibm.websphere.samples.daytrader.util.FinancialUtils,0
daytrader,15,seed15_solution042,com.ibm.websphere.samples.daytrader.util.KeyBlock,com.ibm.websphere.samples.daytrader.util.KeyBlock,2
daytrader,15,seed15_solution042,com.ibm.websphere.samples.daytrader.util.KeyBlock$KeyBlockIterator,com.ibm.websphere.samples.daytrader.util.KeyBlock$KeyBlockIterator,0
daytrader,15,seed15_solution042,com.ibm.websphere.samples.daytrader.util.Log,com.ibm.websphere.samples.daytrader.util.Log,0
daytrader,15,seed15_solution042,com.ibm.websphere.samples.daytrader.util.MDBStats,com.ibm.websphere.samples.daytrader.util.MDBStats,3
daytrader,15,seed15_solution042,com.ibm.websphere.samples.daytrader.util.TimerStat,com.ibm.websphere.samples.daytrader.util.TimerStat,4
daytrader,15,seed15_solution042,com.ibm.websphere.samples.daytrader.util.TradeConfig,com.ibm.websphere.samples.daytrader.util.TradeConfig,0
daytrader,15,seed15_solution042,com.ibm.websphere.samples.daytrader.util.WebSocketJMSMessage,com.ibm.websphere.samples.daytrader.util.WebSocketJMSMessage,1
daytrader,15,seed15_solution042,com.ibm.websphere.samples.daytrader.web.OrdersAlertFilter,com.ibm.websphere.samples.daytrader.web.OrdersAlertFilter,2
daytrader,15,seed15_solution042,com.ibm.websphere.samples.daytrader.web.TradeAppServlet,com.ibm.websphere.samples.daytrader.web.TradeAppServlet,1
daytrader,15,seed15_solution042,com.ibm.websphere.samples.daytrader.web.TradeServletAction,com.ibm.websphere.samples.daytrader.web.TradeServletAction,1
daytrader,15,seed15_solution042,com.ibm.websphere.samples.daytrader.web.TradeWebContextListener,com.ibm.websphere.samples.daytrader.web.TradeWebContextListener,4
daytrader,15,seed15_solution042,com.ibm.websphere.samples.daytrader.web.jsf.AccountDataJSF,com.ibm.websphere.samples.daytrader.web.jsf.AccountDataJSF,0
daytrader,15,seed15_solution042,com.ibm.websphere.samples.daytrader.web.jsf.ExternalContextProducer,com.ibm.websphere.samples.daytrader.web.jsf.ExternalContextProducer,1
daytrader,15,seed15_solution042,com.ibm.websphere.samples.daytrader.web.jsf.HoldingData,com.ibm.websphere.samples.daytrader.web.jsf.HoldingData,5
daytrader,15,seed15_solution042,com.ibm.websphere.samples.daytrader.web.jsf.JSFLoginFilter,com.ibm.websphere.samples.daytrader.web.jsf.JSFLoginFilter,6
daytrader,15,seed15_solution042,com.ibm.websphere.samples.daytrader.web.jsf.LoginValidator,com.ibm.websphere.samples.daytrader.web.jsf.LoginValidator,3
daytrader,15,seed15_solution042,com.ibm.websphere.samples.daytrader.web.jsf.MarketSummaryJSF,com.ibm.websphere.samples.daytrader.web.jsf.MarketSummaryJSF,1
daytrader,15,seed15_solution042,com.ibm.websphere.samples.daytrader.web.jsf.OrderData,com.ibm.websphere.samples.daytrader.web.jsf.OrderData,4
daytrader,15,seed15_solution042,com.ibm.websphere.samples.daytrader.web.jsf.OrderDataJSF,com.ibm.websphere.samples.daytrader.web.jsf.OrderDataJSF,3
daytrader,15,seed15_solution042,com.ibm.websphere.samples.daytrader.web.jsf.PortfolioJSF,com.ibm.websphere.samples.daytrader.web.jsf.PortfolioJSF,5
daytrader,15,seed15_solution042,com.ibm.websphere.samples.daytrader.web.jsf.QuoteData,com.ibm.websphere.samples.daytrader.web.jsf.QuoteData,6
daytrader,15,seed15_solution042,com.ibm.websphere.samples.daytrader.web.jsf.QuoteJSF,com.ibm.websphere.samples.daytrader.web.jsf.QuoteJSF,3
daytrader,15,seed15_solution042,com.ibm.websphere.samples.daytrader.web.jsf.TradeActionProducer,com.ibm.websphere.samples.daytrader.web.jsf.TradeActionProducer,0
daytrader,15,seed15_solution042,com.ibm.websphere.samples.daytrader.web.jsf.TradeAppJSF,com.ibm.websphere.samples.daytrader.web.jsf.TradeAppJSF,6
daytrader,15,seed15_solution042,com.ibm.websphere.samples.daytrader.web.jsf.TradeConfigJSF,com.ibm.websphere.samples.daytrader.web.jsf.TradeConfigJSF,0
daytrader,15,seed15_solution042,com.ibm.websphere.samples.daytrader.web.websocket.ActionDecoder,com.ibm.websphere.samples.daytrader.web.websocket.ActionDecoder,0
daytrader,15,seed15_solution042,com.ibm.websphere.samples.daytrader.web.websocket.ActionMessage,com.ibm.websphere.samples.daytrader.web.websocket.ActionMessage,2
daytrader,15,seed15_solution042,com.ibm.websphere.samples.daytrader.web.websocket.ActionMessage$1,com.ibm.websphere.samples.daytrader.web.websocket.ActionMessage$1,7
daytrader,15,seed15_solution042,com.ibm.websphere.samples.daytrader.web.websocket.JsonDecoder,com.ibm.websphere.samples.daytrader.web.websocket.JsonDecoder,4
daytrader,15,seed15_solution042,com.ibm.websphere.samples.daytrader.web.websocket.JsonEncoder,com.ibm.websphere.samples.daytrader.web.websocket.JsonEncoder,2
daytrader,15,seed15_solution042,com.ibm.websphere.samples.daytrader.web.websocket.JsonMessage,com.ibm.websphere.samples.daytrader.web.websocket.JsonMessage,2
daytrader,15,seed15_solution042,com.ibm.websphere.samples.daytrader.web.websocket.MarketSummaryWebSocket,com.ibm.websphere.samples.daytrader.web.websocket.MarketSummaryWebSocket,1
daytrader,15,seed15_solution042,com.ibm.websphere.samples.daytrader.web.websocket.RecentStockChangeList,com.ibm.websphere.samples.daytrader.web.websocket.RecentStockChangeList,4
daytrader,15,seed15_solution043,com.ibm.websphere.samples.daytrader.TradeAction,com.ibm.websphere.samples.daytrader.TradeAction,0
daytrader,15,seed15_solution043,com.ibm.websphere.samples.daytrader.TradeServices,com.ibm.websphere.samples.daytrader.TradeServices,0
daytrader,15,seed15_solution043,com.ibm.websphere.samples.daytrader.beans.MarketSummaryDataBean,com.ibm.websphere.samples.daytrader.beans.MarketSummaryDataBean,1
daytrader,15,seed15_solution043,com.ibm.websphere.samples.daytrader.beans.RunStatsDataBean,com.ibm.websphere.samples.daytrader.beans.RunStatsDataBean,1
daytrader,15,seed15_solution043,com.ibm.websphere.samples.daytrader.direct.KeySequenceDirect,com.ibm.websphere.samples.daytrader.direct.KeySequenceDirect,1
daytrader,15,seed15_solution043,com.ibm.websphere.samples.daytrader.direct.TradeDirect,com.ibm.websphere.samples.daytrader.direct.TradeDirect,0
daytrader,15,seed15_solution043,com.ibm.websphere.samples.daytrader.ejb3.DTBroker3MDB,com.ibm.websphere.samples.daytrader.ejb3.DTBroker3MDB,0
daytrader,15,seed15_solution043,com.ibm.websphere.samples.daytrader.ejb3.DTStreamer3MDB,com.ibm.websphere.samples.daytrader.ejb3.DTStreamer3MDB,2
daytrader,15,seed15_solution043,com.ibm.websphere.samples.daytrader.ejb3.MarketSummarySingleton,com.ibm.websphere.samples.daytrader.ejb3.MarketSummarySingleton,0
daytrader,15,seed15_solution043,com.ibm.websphere.samples.daytrader.ejb3.TradeSLSBBean,com.ibm.websphere.samples.daytrader.ejb3.TradeSLSBBean,0
daytrader,15,seed15_solution043,com.ibm.websphere.samples.daytrader.ejb3.TradeSLSBBean$quotePriceComparator,com.ibm.websphere.samples.daytrader.ejb3.TradeSLSBBean$quotePriceComparator,1
daytrader,15,seed15_solution043,com.ibm.websphere.samples.daytrader.ejb3.TradeSLSBLocal,com.ibm.websphere.samples.daytrader.ejb3.TradeSLSBLocal,0
daytrader,15,seed15_solution043,com.ibm.websphere.samples.daytrader.ejb3.TradeSLSBRemote,com.ibm.websphere.samples.daytrader.ejb3.TradeSLSBRemote,1
daytrader,15,seed15_solution043,com.ibm.websphere.samples.daytrader.entities.AccountDataBean,com.ibm.websphere.samples.daytrader.entities.AccountDataBean,3
daytrader,15,seed15_solution043,com.ibm.websphere.samples.daytrader.entities.AccountProfileDataBean,com.ibm.websphere.samples.daytrader.entities.AccountProfileDataBean,0
daytrader,15,seed15_solution043,com.ibm.websphere.samples.daytrader.entities.HoldingDataBean,com.ibm.websphere.samples.daytrader.entities.HoldingDataBean,3
daytrader,15,seed15_solution043,com.ibm.websphere.samples.daytrader.entities.OrderDataBean,com.ibm.websphere.samples.daytrader.entities.OrderDataBean,0
daytrader,15,seed15_solution043,com.ibm.websphere.samples.daytrader.entities.QuoteDataBean,com.ibm.websphere.samples.daytrader.entities.QuoteDataBean,0
daytrader,15,seed15_solution043,com.ibm.websphere.samples.daytrader.util.CompleteOrderThread,com.ibm.websphere.samples.daytrader.util.CompleteOrderThread,0
daytrader,15,seed15_solution043,com.ibm.websphere.samples.daytrader.util.FinancialUtils,com.ibm.websphere.samples.daytrader.util.FinancialUtils,0
daytrader,15,seed15_solution043,com.ibm.websphere.samples.daytrader.util.KeyBlock,com.ibm.websphere.samples.daytrader.util.KeyBlock,1
daytrader,15,seed15_solution043,com.ibm.websphere.samples.daytrader.util.KeyBlock$KeyBlockIterator,com.ibm.websphere.samples.daytrader.util.KeyBlock$KeyBlockIterator,4
daytrader,15,seed15_solution043,com.ibm.websphere.samples.daytrader.util.Log,com.ibm.websphere.samples.daytrader.util.Log,0
daytrader,15,seed15_solution043,com.ibm.websphere.samples.daytrader.util.MDBStats,com.ibm.websphere.samples.daytrader.util.MDBStats,1
daytrader,15,seed15_solution043,com.ibm.websphere.samples.daytrader.util.TimerStat,com.ibm.websphere.samples.daytrader.util.TimerStat,3
daytrader,15,seed15_solution043,com.ibm.websphere.samples.daytrader.util.TradeConfig,com.ibm.websphere.samples.daytrader.util.TradeConfig,1
daytrader,15,seed15_solution043,com.ibm.websphere.samples.daytrader.util.WebSocketJMSMessage,com.ibm.websphere.samples.daytrader.util.WebSocketJMSMessage,1
daytrader,15,seed15_solution043,com.ibm.websphere.samples.daytrader.web.OrdersAlertFilter,com.ibm.websphere.samples.daytrader.web.OrdersAlertFilter,0
daytrader,15,seed15_solution043,com.ibm.websphere.samples.daytrader.web.TradeAppServlet,com.ibm.websphere.samples.daytrader.web.TradeAppServlet,3
daytrader,15,seed15_solution043,com.ibm.websphere.samples.daytrader.web.TradeServletAction,com.ibm.websphere.samples.daytrader.web.TradeServletAction,0
daytrader,15,seed15_solution043,com.ibm.websphere.samples.daytrader.web.TradeWebContextListener,com.ibm.websphere.samples.daytrader.web.TradeWebContextListener,0
daytrader,15,seed15_solution043,com.ibm.websphere.samples.daytrader.web.jsf.AccountDataJSF,com.ibm.websphere.samples.daytrader.web.jsf.AccountDataJSF,0
daytrader,15,seed15_solution043,com.ibm.websphere.samples.daytrader.web.jsf.ExternalContextProducer,com.ibm.websphere.samples.daytrader.web.jsf.ExternalContextProducer,4
daytrader,15,seed15_solution043,com.ibm.websphere.samples.daytrader.web.jsf.HoldingData,com.ibm.websphere.samples.daytrader.web.jsf.HoldingData,0
daytrader,15,seed15_solution043,com.ibm.websphere.samples.daytrader.web.jsf.JSFLoginFilter,com.ibm.websphere.samples.daytrader.web.jsf.JSFLoginFilter,2
daytrader,15,seed15_solution043,com.ibm.websphere.samples.daytrader.web.jsf.LoginValidator,com.ibm.websphere.samples.daytrader.web.jsf.LoginValidator,4
daytrader,15,seed15_solution043,com.ibm.websphere.samples.daytrader.web.jsf.MarketSummaryJSF,com.ibm.websphere.samples.daytrader.web.jsf.MarketSummaryJSF,2
daytrader,15,seed15_solution043,com.ibm.websphere.samples.daytrader.web.jsf.OrderData,com.ibm.websphere.samples.daytrader.web.jsf.OrderData,2
daytrader,15,seed15_solution043,com.ibm.websphere.samples.daytrader.web.jsf.OrderDataJSF,com.ibm.websphere.samples.daytrader.web.jsf.OrderDataJSF,2
daytrader,15,seed15_solution043,com.ibm.websphere.samples.daytrader.web.jsf.PortfolioJSF,com.ibm.websphere.samples.daytrader.web.jsf.PortfolioJSF,1
daytrader,15,seed15_solution043,com.ibm.websphere.samples.daytrader.web.jsf.QuoteData,com.ibm.websphere.samples.daytrader.web.jsf.QuoteData,3
daytrader,15,seed15_solution043,com.ibm.websphere.samples.daytrader.web.jsf.QuoteJSF,com.ibm.websphere.samples.daytrader.web.jsf.QuoteJSF,2
daytrader,15,seed15_solution043,com.ibm.websphere.samples.daytrader.web.jsf.TradeActionProducer,com.ibm.websphere.samples.daytrader.web.jsf.TradeActionProducer,1
daytrader,15,seed15_solution043,com.ibm.websphere.samples.daytrader.web.jsf.TradeAppJSF,com.ibm.websphere.samples.daytrader.web.jsf.TradeAppJSF,2
daytrader,15,seed15_solution043,com.ibm.websphere.samples.daytrader.web.jsf.TradeConfigJSF,com.ibm.websphere.samples.daytrader.web.jsf.TradeConfigJSF,3
daytrader,15,seed15_solution043,com.ibm.websphere.samples.daytrader.web.websocket.ActionDecoder,com.ibm.websphere.samples.daytrader.web.websocket.ActionDecoder,2
daytrader,15,seed15_solution043,com.ibm.websphere.samples.daytrader.web.websocket.ActionMessage,com.ibm.websphere.samples.daytrader.web.websocket.ActionMessage,1
daytrader,15,seed15_solution043,com.ibm.websphere.samples.daytrader.web.websocket.ActionMessage$1,com.ibm.websphere.samples.daytrader.web.websocket.ActionMessage$1,2
daytrader,15,seed15_solution043,com.ibm.websphere.samples.daytrader.web.websocket.JsonDecoder,com.ibm.websphere.samples.daytrader.web.websocket.JsonDecoder,2
daytrader,15,seed15_solution043,com.ibm.websphere.samples.daytrader.web.websocket.JsonEncoder,com.ibm.websphere.samples.daytrader.web.websocket.JsonEncoder,2
daytrader,15,seed15_solution043,com.ibm.websphere.samples.daytrader.web.websocket.JsonMessage,com.ibm.websphere.samples.daytrader.web.websocket.JsonMessage,2
daytrader,15,seed15_solution043,com.ibm.websphere.samples.daytrader.web.websocket.MarketSummaryWebSocket,com.ibm.websphere.samples.daytrader.web.websocket.MarketSummaryWebSocket,3
daytrader,15,seed15_solution043,com.ibm.websphere.samples.daytrader.web.websocket.RecentStockChangeList,com.ibm.websphere.samples.daytrader.web.websocket.RecentStockChangeList,2
daytrader,15,seed15_solution044,com.ibm.websphere.samples.daytrader.TradeAction,com.ibm.websphere.samples.daytrader.TradeAction,0
daytrader,15,seed15_solution044,com.ibm.websphere.samples.daytrader.TradeServices,com.ibm.websphere.samples.daytrader.TradeServices,1
daytrader,15,seed15_solution044,com.ibm.websphere.samples.daytrader.beans.MarketSummaryDataBean,com.ibm.websphere.samples.daytrader.beans.MarketSummaryDataBean,1
daytrader,15,seed15_solution044,com.ibm.websphere.samples.daytrader.beans.RunStatsDataBean,com.ibm.websphere.samples.daytrader.beans.RunStatsDataBean,0
daytrader,15,seed15_solution044,com.ibm.websphere.samples.daytrader.direct.KeySequenceDirect,com.ibm.websphere.samples.daytrader.direct.KeySequenceDirect,0
daytrader,15,seed15_solution044,com.ibm.websphere.samples.daytrader.direct.TradeDirect,com.ibm.websphere.samples.daytrader.direct.TradeDirect,0
daytrader,15,seed15_solution044,com.ibm.websphere.samples.daytrader.ejb3.DTBroker3MDB,com.ibm.websphere.samples.daytrader.ejb3.DTBroker3MDB,2
daytrader,15,seed15_solution044,com.ibm.websphere.samples.daytrader.ejb3.DTStreamer3MDB,com.ibm.websphere.samples.daytrader.ejb3.DTStreamer3MDB,0
daytrader,15,seed15_solution044,com.ibm.websphere.samples.daytrader.ejb3.MarketSummarySingleton,com.ibm.websphere.samples.daytrader.ejb3.MarketSummarySingleton,0
daytrader,15,seed15_solution044,com.ibm.websphere.samples.daytrader.ejb3.TradeSLSBBean,com.ibm.websphere.samples.daytrader.ejb3.TradeSLSBBean,0
daytrader,15,seed15_solution044,com.ibm.websphere.samples.daytrader.ejb3.TradeSLSBBean$quotePriceComparator,com.ibm.websphere.samples.daytrader.ejb3.TradeSLSBBean$quotePriceComparator,3
daytrader,15,seed15_solution044,com.ibm.websphere.samples.daytrader.ejb3.TradeSLSBLocal,com.ibm.websphere.samples.daytrader.ejb3.TradeSLSBLocal,0
daytrader,15,seed15_solution044,com.ibm.websphere.samples.daytrader.ejb3.TradeSLSBRemote,com.ibm.websphere.samples.daytrader.ejb3.TradeSLSBRemote,3
daytrader,15,seed15_solution044,com.ibm.websphere.samples.daytrader.entities.AccountDataBean,com.ibm.websphere.samples.daytrader.entities.AccountDataBean,2
daytrader,15,seed15_solution044,com.ibm.websphere.samples.daytrader.entities.AccountProfileDataBean,com.ibm.websphere.samples.daytrader.entities.AccountProfileDataBean,2
daytrader,15,seed15_solution044,com.ibm.websphere.samples.daytrader.entities.HoldingDataBean,com.ibm.websphere.samples.daytrader.entities.HoldingDataBean,3
daytrader,15,seed15_solution044,com.ibm.websphere.samples.daytrader.entities.OrderDataBean,com.ibm.websphere.samples.daytrader.entities.OrderDataBean,0
daytrader,15,seed15_solution044,com.ibm.websphere.samples.daytrader.entities.QuoteDataBean,com.ibm.websphere.samples.daytrader.entities.QuoteDataBean,3
daytrader,15,seed15_solution044,com.ibm.websphere.samples.daytrader.util.CompleteOrderThread,com.ibm.websphere.samples.daytrader.util.CompleteOrderThread,2
daytrader,15,seed15_solution044,com.ibm.websphere.samples.daytrader.util.FinancialUtils,com.ibm.websphere.samples.daytrader.util.FinancialUtils,3
daytrader,15,seed15_solution044,com.ibm.websphere.samples.daytrader.util.KeyBlock,com.ibm.websphere.samples.daytrader.util.KeyBlock,1
daytrader,15,seed15_solution044,com.ibm.websphere.samples.daytrader.util.KeyBlock$KeyBlockIterator,com.ibm.websphere.samples.daytrader.util.KeyBlock$KeyBlockIterator,1
daytrader,15,seed15_solution044,com.ibm.websphere.samples.daytrader.util.Log,com.ibm.websphere.samples.daytrader.util.Log,0
daytrader,15,seed15_solution044,com.ibm.websphere.samples.daytrader.util.MDBStats,com.ibm.websphere.samples.daytrader.util.MDBStats,2
daytrader,15,seed15_solution044,com.ibm.websphere.samples.daytrader.util.TimerStat,com.ibm.websphere.samples.daytrader.util.TimerStat,4
daytrader,15,seed15_solution044,com.ibm.websphere.samples.daytrader.util.TradeConfig,com.ibm.websphere.samples.daytrader.util.TradeConfig,2
daytrader,15,seed15_solution044,com.ibm.websphere.samples.daytrader.util.WebSocketJMSMessage,com.ibm.websphere.samples.daytrader.util.WebSocketJMSMessage,0
daytrader,15,seed15_solution044,com.ibm.websphere.samples.daytrader.web.OrdersAlertFilter,com.ibm.websphere.samples.daytrader.web.OrdersAlertFilter,0
daytrader,15,seed15_solution044,com.ibm.websphere.samples.daytrader.web.TradeAppServlet,com.ibm.websphere.samples.daytrader.web.TradeAppServlet,1
daytrader,15,seed15_solution044,com.ibm.websphere.samples.daytrader.web.TradeServletAction,com.ibm.websphere.samples.daytrader.web.TradeServletAction,1
daytrader,15,seed15_solution044,com.ibm.websphere.samples.daytrader.web.TradeWebContextListener,com.ibm.websphere.samples.daytrader.web.TradeWebContextListener,1
daytrader,15,seed15_solution044,com.ibm.websphere.samples.daytrader.web.jsf.AccountDataJSF,com.ibm.websphere.samples.daytrader.web.jsf.AccountDataJSF,0
daytrader,15,seed15_solution044,com.ibm.websphere.samples.daytrader.web.jsf.ExternalContextProducer,com.ibm.websphere.samples.daytrader.web.jsf.ExternalContextProducer,0
daytrader,15,seed15_solution044,com.ibm.websphere.samples.daytrader.web.jsf.HoldingData,com.ibm.websphere.samples.daytrader.web.jsf.HoldingData,5
daytrader,15,seed15_solution044,com.ibm.websphere.samples.daytrader.web.jsf.JSFLoginFilter,com.ibm.websphere.samples.daytrader.web.jsf.JSFLoginFilter,5
daytrader,15,seed15_solution044,com.ibm.websphere.samples.daytrader.web.jsf.LoginValidator,com.ibm.websphere.samples.daytrader.web.jsf.LoginValidator,3
daytrader,15,seed15_solution044,com.ibm.websphere.samples.daytrader.web.jsf.MarketSummaryJSF,com.ibm.websphere.samples.daytrader.web.jsf.MarketSummaryJSF,5
daytrader,15,seed15_solution044,com.ibm.websphere.samples.daytrader.web.jsf.OrderData,com.ibm.websphere.samples.daytrader.web.jsf.OrderData,3
daytrader,15,seed15_solution044,com.ibm.websphere.samples.daytrader.web.jsf.OrderDataJSF,com.ibm.websphere.samples.daytrader.web.jsf.OrderDataJSF,1
daytrader,15,seed15_solution044,com.ibm.websphere.samples.daytrader.web.jsf.PortfolioJSF,com.ibm.websphere.samples.daytrader.web.jsf.PortfolioJSF,1
daytrader,15,seed15_solution044,com.ibm.websphere.samples.daytrader.web.jsf.QuoteData,com.ibm.websphere.samples.daytrader.web.jsf.QuoteData,3
daytrader,15,seed15_solution044,com.ibm.websphere.samples.daytrader.web.jsf.QuoteJSF,com.ibm.websphere.samples.daytrader.web.jsf.QuoteJSF,5
daytrader,15,seed15_solution044,com.ibm.websphere.samples.daytrader.web.jsf.TradeActionProducer,com.ibm.websphere.samples.daytrader.web.jsf.TradeActionProducer,6
daytrader,15,seed15_solution044,com.ibm.websphere.samples.daytrader.web.jsf.TradeAppJSF,com.ibm.websphere.samples.daytrader.web.jsf.TradeAppJSF,0
daytrader,15,seed15_solution044,com.ibm.websphere.samples.daytrader.web.jsf.TradeConfigJSF,com.ibm.websphere.samples.daytrader.web.jsf.TradeConfigJSF,2
daytrader,15,seed15_solution044,com.ibm.websphere.samples.daytrader.web.websocket.ActionDecoder,com.ibm.websphere.samples.daytrader.web.websocket.ActionDecoder,1
daytrader,15,seed15_solution044,com.ibm.websphere.samples.daytrader.web.websocket.ActionMessage,com.ibm.websphere.samples.daytrader.web.websocket.ActionMessage,0
daytrader,15,seed15_solution044,com.ibm.websphere.samples.daytrader.web.websocket.ActionMessage$1,com.ibm.websphere.samples.daytrader.web.websocket.ActionMessage$1,5
daytrader,15,seed15_solution044,com.ibm.websphere.samples.daytrader.web.websocket.JsonDecoder,com.ibm.websphere.samples.daytrader.web.websocket.JsonDecoder,6
daytrader,15,seed15_solution044,com.ibm.websphere.samples.daytrader.web.websocket.JsonEncoder,com.ibm.websphere.samples.daytrader.web.websocket.JsonEncoder,4
daytrader,15,seed15_solution044,com.ibm.websphere.samples.daytrader.web.websocket.JsonMessage,com.ibm.websphere.samples.daytrader.web.websocket.JsonMessage,4
daytrader,15,seed15_solution044,com.ibm.websphere.samples.daytrader.web.websocket.MarketSummaryWebSocket,com.ibm.websphere.samples.daytrader.web.websocket.MarketSummaryWebSocket,0
daytrader,15,seed15_solution044,com.ibm.websphere.samples.daytrader.web.websocket.RecentStockChangeList,com.ibm.websphere.samples.daytrader.web.websocket.RecentStockChangeList,1
daytrader,15,seed15_solution045,com.ibm.websphere.samples.daytrader.TradeAction,com.ibm.websphere.samples.daytrader.TradeAction,0
daytrader,15,seed15_solution045,com.ibm.websphere.samples.daytrader.TradeServices,com.ibm.websphere.samples.daytrader.TradeServices,0
daytrader,15,seed15_solution045,com.ibm.websphere.samples.daytrader.beans.MarketSummaryDataBean,com.ibm.websphere.samples.daytrader.beans.MarketSummaryDataBean,1
daytrader,15,seed15_solution045,com.ibm.websphere.samples.daytrader.beans.RunStatsDataBean,com.ibm.websphere.samples.daytrader.beans.RunStatsDataBean,0
daytrader,15,seed15_solution045,com.ibm.websphere.samples.daytrader.direct.KeySequenceDirect,com.ibm.websphere.samples.daytrader.direct.KeySequenceDirect,0
daytrader,15,seed15_solution045,com.ibm.websphere.samples.daytrader.direct.TradeDirect,com.ibm.websphere.samples.daytrader.direct.TradeDirect,0
daytrader,15,seed15_solution045,com.ibm.websphere.samples.daytrader.ejb3.DTBroker3MDB,com.ibm.websphere.samples.daytrader.ejb3.DTBroker3MDB,1
daytrader,15,seed15_solution045,com.ibm.websphere.samples.daytrader.ejb3.DTStreamer3MDB,com.ibm.websphere.samples.daytrader.ejb3.DTStreamer3MDB,2
daytrader,15,seed15_solution045,com.ibm.websphere.samples.daytrader.ejb3.MarketSummarySingleton,com.ibm.websphere.samples.daytrader.ejb3.MarketSummarySingleton,3
daytrader,15,seed15_solution045,com.ibm.websphere.samples.daytrader.ejb3.TradeSLSBBean,com.ibm.websphere.samples.daytrader.ejb3.TradeSLSBBean,3
daytrader,15,seed15_solution045,com.ibm.websphere.samples.daytrader.ejb3.TradeSLSBBean$quotePriceComparator,com.ibm.websphere.samples.daytrader.ejb3.TradeSLSBBean$quotePriceComparator,2
daytrader,15,seed15_solution045,com.ibm.websphere.samples.daytrader.ejb3.TradeSLSBLocal,com.ibm.websphere.samples.daytrader.ejb3.TradeSLSBLocal,4
daytrader,15,seed15_solution045,com.ibm.websphere.samples.daytrader.ejb3.TradeSLSBRemote,com.ibm.websphere.samples.daytrader.ejb3.TradeSLSBRemote,5
daytrader,15,seed15_solution045,com.ibm.websphere.samples.daytrader.entities.AccountDataBean,com.ibm.websphere.samples.daytrader.entities.AccountDataBean,3
daytrader,15,seed15_solution045,com.ibm.websphere.samples.daytrader.entities.AccountProfileDataBean,com.ibm.websphere.samples.daytrader.entities.AccountProfileDataBean,3
daytrader,15,seed15_solution045,com.ibm.websphere.samples.daytrader.entities.HoldingDataBean,com.ibm.websphere.samples.daytrader.entities.HoldingDataBean,5
daytrader,15,seed15_solution045,com.ibm.websphere.samples.daytrader.entities.OrderDataBean,com.ibm.websphere.samples.daytrader.entities.OrderDataBean,3
daytrader,15,seed15_solution045,com.ibm.websphere.samples.daytrader.entities.QuoteDataBean,com.ibm.websphere.samples.daytrader.entities.QuoteDataBean,1
daytrader,15,seed15_solution045,com.ibm.websphere.samples.daytrader.util.CompleteOrderThread,com.ibm.websphere.samples.daytrader.util.CompleteOrderThread,2
daytrader,15,seed15_solution045,com.ibm.websphere.samples.daytrader.util.FinancialUtils,com.ibm.websphere.samples.daytrader.util.FinancialUtils,5
daytrader,15,seed15_solution045,com.ibm.websphere.samples.daytrader.util.KeyBlock,com.ibm.websphere.samples.daytrader.util.KeyBlock,4
daytrader,15,seed15_solution045,com.ibm.websphere.samples.daytrader.util.KeyBlock$KeyBlockIterator,com.ibm.websphere.samples.daytrader.util.KeyBlock$KeyBlockIterator,4
daytrader,15,seed15_solution045,com.ibm.websphere.samples.daytrader.util.Log,com.ibm.websphere.samples.daytrader.util.Log,0
daytrader,15,seed15_solution045,com.ibm.websphere.samples.daytrader.util.MDBStats,com.ibm.websphere.samples.daytrader.util.MDBStats,2
daytrader,15,seed15_solution045,com.ibm.websphere.samples.daytrader.util.TimerStat,com.ibm.websphere.samples.daytrader.util.TimerStat,2
daytrader,15,seed15_solution045,com.ibm.websphere.samples.daytrader.util.TradeConfig,com.ibm.websphere.samples.daytrader.util.TradeConfig,1
daytrader,15,seed15_solution045,com.ibm.websphere.samples.daytrader.util.WebSocketJMSMessage,com.ibm.websphere.samples.daytrader.util.WebSocketJMSMessage,6
daytrader,15,seed15_solution045,com.ibm.websphere.samples.daytrader.web.OrdersAlertFilter,com.ibm.websphere.samples.daytrader.web.OrdersAlertFilter,0
daytrader,15,seed15_solution045,com.ibm.websphere.samples.daytrader.web.TradeAppServlet,com.ibm.websphere.samples.daytrader.web.TradeAppServlet,1
daytrader,15,seed15_solution045,com.ibm.websphere.samples.daytrader.web.TradeServletAction,com.ibm.websphere.samples.daytrader.web.TradeServletAction,0
daytrader,15,seed15_solution045,com.ibm.websphere.samples.daytrader.web.TradeWebContextListener,com.ibm.websphere.samples.daytrader.web.TradeWebContextListener,1
daytrader,15,seed15_solution045,com.ibm.websphere.samples.daytrader.web.jsf.AccountDataJSF,com.ibm.websphere.samples.daytrader.web.jsf.AccountDataJSF,3
daytrader,15,seed15_solution045,com.ibm.websphere.samples.daytrader.web.jsf.ExternalContextProducer,com.ibm.websphere.samples.daytrader.web.jsf.ExternalContextProducer,7
daytrader,15,seed15_solution045,com.ibm.websphere.samples.daytrader.web.jsf.HoldingData,com.ibm.websphere.samples.daytrader.web.jsf.HoldingData,5
daytrader,15,seed15_solution045,com.ibm.websphere.samples.daytrader.web.jsf.JSFLoginFilter,com.ibm.websphere.samples.daytrader.web.jsf.JSFLoginFilter,3
daytrader,15,seed15_solution045,com.ibm.websphere.samples.daytrader.web.jsf.LoginValidator,com.ibm.websphere.samples.daytrader.web.jsf.LoginValidator,7
daytrader,15,seed15_solution045,com.ibm.websphere.samples.daytrader.web.jsf.MarketSummaryJSF,com.ibm.websphere.samples.daytrader.web.jsf.MarketSummaryJSF,5
daytrader,15,seed15_solution045,com.ibm.websphere.samples.daytrader.web.jsf.OrderData,com.ibm.websphere.samples.daytrader.web.jsf.OrderData,3
daytrader,15,seed15_solution045,com.ibm.websphere.samples.daytrader.web.jsf.OrderDataJSF,com.ibm.websphere.samples.daytrader.web.jsf.OrderDataJSF,1
daytrader,15,seed15_solution045,com.ibm.websphere.samples.daytrader.web.jsf.PortfolioJSF,com.ibm.websphere.samples.daytrader.web.jsf.PortfolioJSF,5
daytrader,15,seed15_solution045,com.ibm.websphere.samples.daytrader.web.jsf.QuoteData,com.ibm.websphere.samples.daytrader.web.jsf.QuoteData,5
daytrader,15,seed15_solution045,com.ibm.websphere.samples.daytrader.web.jsf.QuoteJSF,com.ibm.websphere.samples.daytrader.web.jsf.QuoteJSF,1
daytrader,15,seed15_solution045,com.ibm.websphere.samples.daytrader.web.jsf.TradeActionProducer,com.ibm.websphere.samples.daytrader.web.jsf.TradeActionProducer,0
daytrader,15,seed15_solution045,com.ibm.websphere.samples.daytrader.web.jsf.TradeAppJSF,com.ibm.websphere.samples.daytrader.web.jsf.TradeAppJSF,0
daytrader,15,seed15_solution045,com.ibm.websphere.samples.daytrader.web.jsf.TradeConfigJSF,com.ibm.websphere.samples.daytrader.web.jsf.TradeConfigJSF,5
daytrader,15,seed15_solution045,com.ibm.websphere.samples.daytrader.web.websocket.ActionDecoder,com.ibm.websphere.samples.daytrader.web.websocket.ActionDecoder,0
daytrader,15,seed15_solution045,com.ibm.websphere.samples.daytrader.web.websocket.ActionMessage,com.ibm.websphere.samples.daytrader.web.websocket.ActionMessage,0
daytrader,15,seed15_solution045,com.ibm.websphere.samples.daytrader.web.websocket.ActionMessage$1,com.ibm.websphere.samples.daytrader.web.websocket.ActionMessage$1,7
daytrader,15,seed15_solution045,com.ibm.websphere.samples.daytrader.web.websocket.JsonDecoder,com.ibm.websphere.samples.daytrader.web.websocket.JsonDecoder,8
daytrader,15,seed15_solution045,com.ibm.websphere.samples.daytrader.web.websocket.JsonEncoder,com.ibm.websphere.samples.daytrader.web.websocket.JsonEncoder,1
daytrader,15,seed15_solution045,com.ibm.websphere.samples.daytrader.web.websocket.JsonMessage,com.ibm.websphere.samples.daytrader.web.websocket.JsonMessage,8
daytrader,15,seed15_solution045,com.ibm.websphere.samples.daytrader.web.websocket.MarketSummaryWebSocket,com.ibm.websphere.samples.daytrader.web.websocket.MarketSummaryWebSocket,0
daytrader,15,seed15_solution045,com.ibm.websphere.samples.daytrader.web.websocket.RecentStockChangeList,com.ibm.websphere.samples.daytrader.web.websocket.RecentStockChangeList,1
daytrader,15,seed15_solution046,com.ibm.websphere.samples.daytrader.TradeAction,com.ibm.websphere.samples.daytrader.TradeAction,0
daytrader,15,seed15_solution046,com.ibm.websphere.samples.daytrader.TradeServices,com.ibm.websphere.samples.daytrader.TradeServices,0
daytrader,15,seed15_solution046,com.ibm.websphere.samples.daytrader.beans.MarketSummaryDataBean,com.ibm.websphere.samples.daytrader.beans.MarketSummaryDataBean,1
daytrader,15,seed15_solution046,com.ibm.websphere.samples.daytrader.beans.RunStatsDataBean,com.ibm.websphere.samples.daytrader.beans.RunStatsDataBean,1
daytrader,15,seed15_solution046,com.ibm.websphere.samples.daytrader.direct.KeySequenceDirect,com.ibm.websphere.samples.daytrader.direct.KeySequenceDirect,1
daytrader,15,seed15_solution046,com.ibm.websphere.samples.daytrader.direct.TradeDirect,com.ibm.websphere.samples.daytrader.direct.TradeDirect,1
daytrader,15,seed15_solution046,com.ibm.websphere.samples.daytrader.ejb3.DTBroker3MDB,com.ibm.websphere.samples.daytrader.ejb3.DTBroker3MDB,0
daytrader,15,seed15_solution046,com.ibm.websphere.samples.daytrader.ejb3.DTStreamer3MDB,com.ibm.websphere.samples.daytrader.ejb3.DTStreamer3MDB,1
daytrader,15,seed15_solution046,com.ibm.websphere.samples.daytrader.ejb3.MarketSummarySingleton,com.ibm.websphere.samples.daytrader.ejb3.MarketSummarySingleton,0
daytrader,15,seed15_solution046,com.ibm.websphere.samples.daytrader.ejb3.TradeSLSBBean,com.ibm.websphere.samples.daytrader.ejb3.TradeSLSBBean,0
daytrader,15,seed15_solution046,com.ibm.websphere.samples.daytrader.ejb3.TradeSLSBBean$quotePriceComparator,com.ibm.websphere.samples.daytrader.ejb3.TradeSLSBBean$quotePriceComparator,1
daytrader,15,seed15_solution046,com.ibm.websphere.samples.daytrader.ejb3.TradeSLSBLocal,com.ibm.websphere.samples.daytrader.ejb3.TradeSLSBLocal,0
daytrader,15,seed15_solution046,com.ibm.websphere.samples.daytrader.ejb3.TradeSLSBRemote,com.ibm.websphere.samples.daytrader.ejb3.TradeSLSBRemote,1
daytrader,15,seed15_solution046,com.ibm.websphere.samples.daytrader.entities.AccountDataBean,com.ibm.websphere.samples.daytrader.entities.AccountDataBean,0
daytrader,15,seed15_solution046,com.ibm.websphere.samples.daytrader.entities.AccountProfileDataBean,com.ibm.websphere.samples.daytrader.entities.AccountProfileDataBean,0
daytrader,15,seed15_solution046,com.ibm.websphere.samples.daytrader.entities.HoldingDataBean,com.ibm.websphere.samples.daytrader.entities.HoldingDataBean,0
daytrader,15,seed15_solution046,com.ibm.websphere.samples.daytrader.entities.OrderDataBean,com.ibm.websphere.samples.daytrader.entities.OrderDataBean,0
daytrader,15,seed15_solution046,com.ibm.websphere.samples.daytrader.entities.QuoteDataBean,com.ibm.websphere.samples.daytrader.entities.QuoteDataBean,0
daytrader,15,seed15_solution046,com.ibm.websphere.samples.daytrader.util.CompleteOrderThread,com.ibm.websphere.samples.daytrader.util.CompleteOrderThread,0
daytrader,15,seed15_solution046,com.ibm.websphere.samples.daytrader.util.FinancialUtils,com.ibm.websphere.samples.daytrader.util.FinancialUtils,0
daytrader,15,seed15_solution046,com.ibm.websphere.samples.daytrader.util.KeyBlock,com.ibm.websphere.samples.daytrader.util.KeyBlock,1
daytrader,15,seed15_solution046,com.ibm.websphere.samples.daytrader.util.KeyBlock$KeyBlockIterator,com.ibm.websphere.samples.daytrader.util.KeyBlock$KeyBlockIterator,1
daytrader,15,seed15_solution046,com.ibm.websphere.samples.daytrader.util.Log,com.ibm.websphere.samples.daytrader.util.Log,0
daytrader,15,seed15_solution046,com.ibm.websphere.samples.daytrader.util.MDBStats,com.ibm.websphere.samples.daytrader.util.MDBStats,1
daytrader,15,seed15_solution046,com.ibm.websphere.samples.daytrader.util.TimerStat,com.ibm.websphere.samples.daytrader.util.TimerStat,1
daytrader,15,seed15_solution046,com.ibm.websphere.samples.daytrader.util.TradeConfig,com.ibm.websphere.samples.daytrader.util.TradeConfig,1
daytrader,15,seed15_solution046,com.ibm.websphere.samples.daytrader.util.WebSocketJMSMessage,com.ibm.websphere.samples.daytrader.util.WebSocketJMSMessage,1
daytrader,15,seed15_solution046,com.ibm.websphere.samples.daytrader.web.OrdersAlertFilter,com.ibm.websphere.samples.daytrader.web.OrdersAlertFilter,0
daytrader,15,seed15_solution046,com.ibm.websphere.samples.daytrader.web.TradeAppServlet,com.ibm.websphere.samples.daytrader.web.TradeAppServlet,1
daytrader,15,seed15_solution046,com.ibm.websphere.samples.daytrader.web.TradeServletAction,com.ibm.websphere.samples.daytrader.web.TradeServletAction,0
daytrader,15,seed15_solution046,com.ibm.websphere.samples.daytrader.web.TradeWebContextListener,com.ibm.websphere.samples.daytrader.web.TradeWebContextListener,0
daytrader,15,seed15_solution046,com.ibm.websphere.samples.daytrader.web.jsf.AccountDataJSF,com.ibm.websphere.samples.daytrader.web.jsf.AccountDataJSF,0
daytrader,15,seed15_solution046,com.ibm.websphere.samples.daytrader.web.jsf.ExternalContextProducer,com.ibm.websphere.samples.daytrader.web.jsf.ExternalContextProducer,0
daytrader,15,seed15_solution046,com.ibm.websphere.samples.daytrader.web.jsf.HoldingData,com.ibm.websphere.samples.daytrader.web.jsf.HoldingData,0
daytrader,15,seed15_solution046,com.ibm.websphere.samples.daytrader.web.jsf.JSFLoginFilter,com.ibm.websphere.samples.daytrader.web.jsf.JSFLoginFilter,2
daytrader,15,seed15_solution046,com.ibm.websphere.samples.daytrader.web.jsf.LoginValidator,com.ibm.websphere.samples.daytrader.web.jsf.LoginValidator,2
daytrader,15,seed15_solution046,com.ibm.websphere.samples.daytrader.web.jsf.MarketSummaryJSF,com.ibm.websphere.samples.daytrader.web.jsf.MarketSummaryJSF,2
daytrader,15,seed15_solution046,com.ibm.websphere.samples.daytrader.web.jsf.OrderData,com.ibm.websphere.samples.daytrader.web.jsf.OrderData,2
daytrader,15,seed15_solution046,com.ibm.websphere.samples.daytrader.web.jsf.OrderDataJSF,com.ibm.websphere.samples.daytrader.web.jsf.OrderDataJSF,2
daytrader,15,seed15_solution046,com.ibm.websphere.samples.daytrader.web.jsf.PortfolioJSF,com.ibm.websphere.samples.daytrader.web.jsf.PortfolioJSF,1
daytrader,15,seed15_solution046,com.ibm.websphere.samples.daytrader.web.jsf.QuoteData,com.ibm.websphere.samples.daytrader.web.jsf.QuoteData,2
daytrader,15,seed15_solution046,com.ibm.websphere.samples.daytrader.web.jsf.QuoteJSF,com.ibm.websphere.samples.daytrader.web.jsf.QuoteJSF,2
daytrader,15,seed15_solution046,com.ibm.websphere.samples.daytrader.web.jsf.TradeActionProducer,com.ibm.websphere.samples.daytrader.web.jsf.TradeActionProducer,1
daytrader,15,seed15_solution046,com.ibm.websphere.samples.daytrader.web.jsf.TradeAppJSF,com.ibm.websphere.samples.daytrader.web.jsf.TradeAppJSF,2
daytrader,15,seed15_solution046,com.ibm.websphere.samples.daytrader.web.jsf.TradeConfigJSF,com.ibm.websphere.samples.daytrader.web.jsf.TradeConfigJSF,1
daytrader,15,seed15_solution046,com.ibm.websphere.samples.daytrader.web.websocket.ActionDecoder,com.ibm.websphere.samples.daytrader.web.websocket.ActionDecoder,2
daytrader,15,seed15_solution046,com.ibm.websphere.samples.daytrader.web.websocket.ActionMessage,com.ibm.websphere.samples.daytrader.web.websocket.ActionMessage,2
daytrader,15,seed15_solution046,com.ibm.websphere.samples.daytrader.web.websocket.ActionMessage$1,com.ibm.websphere.samples.daytrader.web.websocket.ActionMessage$1,2
daytrader,15,seed15_solution046,com.ibm.websphere.samples.daytrader.web.websocket.JsonDecoder,com.ibm.websphere.samples.daytrader.web.websocket.JsonDecoder,2
daytrader,15,seed15_solution046,com.ibm.websphere.samples.daytrader.web.websocket.JsonEncoder,com.ibm.websphere.samples.daytrader.web.websocket.JsonEncoder,2
daytrader,15,seed15_solution046,com.ibm.websphere.samples.daytrader.web.websocket.JsonMessage,com.ibm.websphere.samples.daytrader.web.websocket.JsonMessage,2
daytrader,15,seed15_solution046,com.ibm.websphere.samples.daytrader.web.websocket.MarketSummaryWebSocket,com.ibm.websphere.samples.daytrader.web.websocket.MarketSummaryWebSocket,1
daytrader,15,seed15_solution046,com.ibm.websphere.samples.daytrader.web.websocket.RecentStockChangeList,com.ibm.websphere.samples.daytrader.web.websocket.RecentStockChangeList,2
daytrader,15,seed15_solution047,com.ibm.websphere.samples.daytrader.TradeAction,com.ibm.websphere.samples.daytrader.TradeAction,0
daytrader,15,seed15_solution047,com.ibm.websphere.samples.daytrader.TradeServices,com.ibm.websphere.samples.daytrader.TradeServices,0
daytrader,15,seed15_solution047,com.ibm.websphere.samples.daytrader.beans.MarketSummaryDataBean,com.ibm.websphere.samples.daytrader.beans.MarketSummaryDataBean,1
daytrader,15,seed15_solution047,com.ibm.websphere.samples.daytrader.beans.RunStatsDataBean,com.ibm.websphere.samples.daytrader.beans.RunStatsDataBean,0
daytrader,15,seed15_solution047,com.ibm.websphere.samples.daytrader.direct.KeySequenceDirect,com.ibm.websphere.samples.daytrader.direct.KeySequenceDirect,0
daytrader,15,seed15_solution047,com.ibm.websphere.samples.daytrader.direct.TradeDirect,com.ibm.websphere.samples.daytrader.direct.TradeDirect,0
daytrader,15,seed15_solution047,com.ibm.websphere.samples.daytrader.ejb3.DTBroker3MDB,com.ibm.websphere.samples.daytrader.ejb3.DTBroker3MDB,2
daytrader,15,seed15_solution047,com.ibm.websphere.samples.daytrader.ejb3.DTStreamer3MDB,com.ibm.websphere.samples.daytrader.ejb3.DTStreamer3MDB,2
daytrader,15,seed15_solution047,com.ibm.websphere.samples.daytrader.ejb3.MarketSummarySingleton,com.ibm.websphere.samples.daytrader.ejb3.MarketSummarySingleton,1
daytrader,15,seed15_solution047,com.ibm.websphere.samples.daytrader.ejb3.TradeSLSBBean,com.ibm.websphere.samples.daytrader.ejb3.TradeSLSBBean,3
daytrader,15,seed15_solution047,com.ibm.websphere.samples.daytrader.ejb3.TradeSLSBBean$quotePriceComparator,com.ibm.websphere.samples.daytrader.ejb3.TradeSLSBBean$quotePriceComparator,2
daytrader,15,seed15_solution047,com.ibm.websphere.samples.daytrader.ejb3.TradeSLSBLocal,com.ibm.websphere.samples.daytrader.ejb3.TradeSLSBLocal,3
daytrader,15,seed15_solution047,com.ibm.websphere.samples.daytrader.ejb3.TradeSLSBRemote,com.ibm.websphere.samples.daytrader.ejb3.TradeSLSBRemote,2
daytrader,15,seed15_solution047,com.ibm.websphere.samples.daytrader.entities.AccountDataBean,com.ibm.websphere.samples.daytrader.entities.AccountDataBean,0
daytrader,15,seed15_solution047,com.ibm.websphere.samples.daytrader.entities.AccountProfileDataBean,com.ibm.websphere.samples.daytrader.entities.AccountProfileDataBean,3
daytrader,15,seed15_solution047,com.ibm.websphere.samples.daytrader.entities.HoldingDataBean,com.ibm.websphere.samples.daytrader.entities.HoldingDataBean,0
daytrader,15,seed15_solution047,com.ibm.websphere.samples.daytrader.entities.OrderDataBean,com.ibm.websphere.samples.daytrader.entities.OrderDataBean,0
daytrader,15,seed15_solution047,com.ibm.websphere.samples.daytrader.entities.QuoteDataBean,com.ibm.websphere.samples.daytrader.entities.QuoteDataBean,2
daytrader,15,seed15_solution047,com.ibm.websphere.samples.daytrader.util.CompleteOrderThread,com.ibm.websphere.samples.daytrader.util.CompleteOrderThread,3
daytrader,15,seed15_solution047,com.ibm.websphere.samples.daytrader.util.FinancialUtils,com.ibm.websphere.samples.daytrader.util.FinancialUtils,1
daytrader,15,seed15_solution047,com.ibm.websphere.samples.daytrader.util.KeyBlock,com.ibm.websphere.samples.daytrader.util.KeyBlock,1
daytrader,15,seed15_solution047,com.ibm.websphere.samples.daytrader.util.KeyBlock$KeyBlockIterator,com.ibm.websphere.samples.daytrader.util.KeyBlock$KeyBlockIterator,4
daytrader,15,seed15_solution047,com.ibm.websphere.samples.daytrader.util.Log,com.ibm.websphere.samples.daytrader.util.Log,0
daytrader,15,seed15_solution047,com.ibm.websphere.samples.daytrader.util.MDBStats,com.ibm.websphere.samples.daytrader.util.MDBStats,2
daytrader,15,seed15_solution047,com.ibm.websphere.samples.daytrader.util.TimerStat,com.ibm.websphere.samples.daytrader.util.TimerStat,2
daytrader,15,seed15_solution047,com.ibm.websphere.samples.daytrader.util.TradeConfig,com.ibm.websphere.samples.daytrader.util.TradeConfig,3
daytrader,15,seed15_solution047,com.ibm.websphere.samples.daytrader.util.WebSocketJMSMessage,com.ibm.websphere.samples.daytrader.util.WebSocketJMSMessage,5
daytrader,15,seed15_solution047,com.ibm.websphere.samples.daytrader.web.OrdersAlertFilter,com.ibm.websphere.samples.daytrader.web.OrdersAlertFilter,0
daytrader,15,seed15_solution047,com.ibm.websphere.samples.daytrader.web.TradeAppServlet,com.ibm.websphere.samples.daytrader.web.TradeAppServlet,6
daytrader,15,seed15_solution047,com.ibm.websphere.samples.daytrader.web.TradeServletAction,com.ibm.websphere.samples.daytrader.web.TradeServletAction,6
daytrader,15,seed15_solution047,com.ibm.websphere.samples.daytrader.web.TradeWebContextListener,com.ibm.websphere.samples.daytrader.web.TradeWebContextListener,6
daytrader,15,seed15_solution047,com.ibm.websphere.samples.daytrader.web.jsf.AccountDataJSF,com.ibm.websphere.samples.daytrader.web.jsf.AccountDataJSF,0
daytrader,15,seed15_solution047,com.ibm.websphere.samples.daytrader.web.jsf.ExternalContextProducer,com.ibm.websphere.samples.daytrader.web.jsf.ExternalContextProducer,1
daytrader,15,seed15_solution047,com.ibm.websphere.samples.daytrader.web.jsf.HoldingData,com.ibm.websphere.samples.daytrader.web.jsf.HoldingData,1
daytrader,15,seed15_solution047,com.ibm.websphere.samples.daytrader.web.jsf.JSFLoginFilter,com.ibm.websphere.samples.daytrader.web.jsf.JSFLoginFilter,6
daytrader,15,seed15_solution047,com.ibm.websphere.samples.daytrader.web.jsf.LoginValidator,com.ibm.websphere.samples.daytrader.web.jsf.LoginValidator,2
daytrader,15,seed15_solution047,com.ibm.websphere.samples.daytrader.web.jsf.MarketSummaryJSF,com.ibm.websphere.samples.daytrader.web.jsf.MarketSummaryJSF,1
daytrader,15,seed15_solution047,com.ibm.websphere.samples.daytrader.web.jsf.OrderData,com.ibm.websphere.samples.daytrader.web.jsf.OrderData,3
daytrader,15,seed15_solution047,com.ibm.websphere.samples.daytrader.web.jsf.OrderDataJSF,com.ibm.websphere.samples.daytrader.web.jsf.OrderDataJSF,1
daytrader,15,seed15_solution047,com.ibm.websphere.samples.daytrader.web.jsf.PortfolioJSF,com.ibm.websphere.samples.daytrader.web.jsf.PortfolioJSF,1
daytrader,15,seed15_solution047,com.ibm.websphere.samples.daytrader.web.jsf.QuoteData,com.ibm.websphere.samples.daytrader.web.jsf.QuoteData,4
daytrader,15,seed15_solution047,com.ibm.websphere.samples.daytrader.web.jsf.QuoteJSF,com.ibm.websphere.samples.daytrader.web.jsf.QuoteJSF,2
daytrader,15,seed15_solution047,com.ibm.websphere.samples.daytrader.web.jsf.TradeActionProducer,com.ibm.websphere.samples.daytrader.web.jsf.TradeActionProducer,5
daytrader,15,seed15_solution047,com.ibm.websphere.samples.daytrader.web.jsf.TradeAppJSF,com.ibm.websphere.samples.daytrader.web.jsf.TradeAppJSF,0
daytrader,15,seed15_solution047,com.ibm.websphere.samples.daytrader.web.jsf.TradeConfigJSF,com.ibm.websphere.samples.daytrader.web.jsf.TradeConfigJSF,3
daytrader,15,seed15_solution047,com.ibm.websphere.samples.daytrader.web.websocket.ActionDecoder,com.ibm.websphere.samples.daytrader.web.websocket.ActionDecoder,1
daytrader,15,seed15_solution047,com.ibm.websphere.samples.daytrader.web.websocket.ActionMessage,com.ibm.websphere.samples.daytrader.web.websocket.ActionMessage,0
daytrader,15,seed15_solution047,com.ibm.websphere.samples.daytrader.web.websocket.ActionMessage$1,com.ibm.websphere.samples.daytrader.web.websocket.ActionMessage$1,7
daytrader,15,seed15_solution047,com.ibm.websphere.samples.daytrader.web.websocket.JsonDecoder,com.ibm.websphere.samples.daytrader.web.websocket.JsonDecoder,8
daytrader,15,seed15_solution047,com.ibm.websphere.samples.daytrader.web.websocket.JsonEncoder,com.ibm.websphere.samples.daytrader.web.websocket.JsonEncoder,8
daytrader,15,seed15_solution047,com.ibm.websphere.samples.daytrader.web.websocket.JsonMessage,com.ibm.websphere.samples.daytrader.web.websocket.JsonMessage,8
daytrader,15,seed15_solution047,com.ibm.websphere.samples.daytrader.web.websocket.MarketSummaryWebSocket,com.ibm.websphere.samples.daytrader.web.websocket.MarketSummaryWebSocket,1
daytrader,15,seed15_solution047,com.ibm.websphere.samples.daytrader.web.websocket.RecentStockChangeList,com.ibm.websphere.samples.daytrader.web.websocket.RecentStockChangeList,1
daytrader,15,seed15_solution048,com.ibm.websphere.samples.daytrader.TradeAction,com.ibm.websphere.samples.daytrader.TradeAction,0
daytrader,15,seed15_solution048,com.ibm.websphere.samples.daytrader.TradeServices,com.ibm.websphere.samples.daytrader.TradeServices,0
daytrader,15,seed15_solution048,com.ibm.websphere.samples.daytrader.beans.MarketSummaryDataBean,com.ibm.websphere.samples.daytrader.beans.MarketSummaryDataBean,0
daytrader,15,seed15_solution048,com.ibm.websphere.samples.daytrader.beans.RunStatsDataBean,com.ibm.websphere.samples.daytrader.beans.RunStatsDataBean,1
daytrader,15,seed15_solution048,com.ibm.websphere.samples.daytrader.direct.KeySequenceDirect,com.ibm.websphere.samples.daytrader.direct.KeySequenceDirect,1
daytrader,15,seed15_solution048,com.ibm.websphere.samples.daytrader.direct.TradeDirect,com.ibm.websphere.samples.daytrader.direct.TradeDirect,2
daytrader,15,seed15_solution048,com.ibm.websphere.samples.daytrader.ejb3.DTBroker3MDB,com.ibm.websphere.samples.daytrader.ejb3.DTBroker3MDB,3
daytrader,15,seed15_solution048,com.ibm.websphere.samples.daytrader.ejb3.DTStreamer3MDB,com.ibm.websphere.samples.daytrader.ejb3.DTStreamer3MDB,3
daytrader,15,seed15_solution048,com.ibm.websphere.samples.daytrader.ejb3.MarketSummarySingleton,com.ibm.websphere.samples.daytrader.ejb3.MarketSummarySingleton,1
daytrader,15,seed15_solution048,com.ibm.websphere.samples.daytrader.ejb3.TradeSLSBBean,com.ibm.websphere.samples.daytrader.ejb3.TradeSLSBBean,0
daytrader,15,seed15_solution048,com.ibm.websphere.samples.daytrader.ejb3.TradeSLSBBean$quotePriceComparator,com.ibm.websphere.samples.daytrader.ejb3.TradeSLSBBean$quotePriceComparator,3
daytrader,15,seed15_solution048,com.ibm.websphere.samples.daytrader.ejb3.TradeSLSBLocal,com.ibm.websphere.samples.daytrader.ejb3.TradeSLSBLocal,0
daytrader,15,seed15_solution048,com.ibm.websphere.samples.daytrader.ejb3.TradeSLSBRemote,com.ibm.websphere.samples.daytrader.ejb3.TradeSLSBRemote,4
daytrader,15,seed15_solution048,com.ibm.websphere.samples.daytrader.entities.AccountDataBean,com.ibm.websphere.samples.daytrader.entities.AccountDataBean,0
daytrader,15,seed15_solution048,com.ibm.websphere.samples.daytrader.entities.AccountProfileDataBean,com.ibm.websphere.samples.daytrader.entities.AccountProfileDataBean,0
daytrader,15,seed15_solution048,com.ibm.websphere.samples.daytrader.entities.HoldingDataBean,com.ibm.websphere.samples.daytrader.entities.HoldingDataBean,0
daytrader,15,seed15_solution048,com.ibm.websphere.samples.daytrader.entities.OrderDataBean,com.ibm.websphere.samples.daytrader.entities.OrderDataBean,0
daytrader,15,seed15_solution048,com.ibm.websphere.samples.daytrader.entities.QuoteDataBean,com.ibm.websphere.samples.daytrader.entities.QuoteDataBean,0
daytrader,15,seed15_solution048,com.ibm.websphere.samples.daytrader.util.CompleteOrderThread,com.ibm.websphere.samples.daytrader.util.CompleteOrderThread,4
daytrader,15,seed15_solution048,com.ibm.websphere.samples.daytrader.util.FinancialUtils,com.ibm.websphere.samples.daytrader.util.FinancialUtils,0
daytrader,15,seed15_solution048,com.ibm.websphere.samples.daytrader.util.KeyBlock,com.ibm.websphere.samples.daytrader.util.KeyBlock,1
daytrader,15,seed15_solution048,com.ibm.websphere.samples.daytrader.util.KeyBlock$KeyBlockIterator,com.ibm.websphere.samples.daytrader.util.KeyBlock$KeyBlockIterator,1
daytrader,15,seed15_solution048,com.ibm.websphere.samples.daytrader.util.Log,com.ibm.websphere.samples.daytrader.util.Log,2
daytrader,15,seed15_solution048,com.ibm.websphere.samples.daytrader.util.MDBStats,com.ibm.websphere.samples.daytrader.util.MDBStats,1
daytrader,15,seed15_solution048,com.ibm.websphere.samples.daytrader.util.TimerStat,com.ibm.websphere.samples.daytrader.util.TimerStat,4
daytrader,15,seed15_solution048,com.ibm.websphere.samples.daytrader.util.TradeConfig,com.ibm.websphere.samples.daytrader.util.TradeConfig,0
daytrader,15,seed15_solution048,com.ibm.websphere.samples.daytrader.util.WebSocketJMSMessage,com.ibm.websphere.samples.daytrader.util.WebSocketJMSMessage,5
daytrader,15,seed15_solution048,com.ibm.websphere.samples.daytrader.web.OrdersAlertFilter,com.ibm.websphere.samples.daytrader.web.OrdersAlertFilter,5
daytrader,15,seed15_solution048,com.ibm.websphere.samples.daytrader.web.TradeAppServlet,com.ibm.websphere.samples.daytrader.web.TradeAppServlet,3
daytrader,15,seed15_solution048,com.ibm.websphere.samples.daytrader.web.TradeServletAction,com.ibm.websphere.samples.daytrader.web.TradeServletAction,0
daytrader,15,seed15_solution048,com.ibm.websphere.samples.daytrader.web.TradeWebContextListener,com.ibm.websphere.samples.daytrader.web.TradeWebContextListener,0
daytrader,15,seed15_solution048,com.ibm.websphere.samples.daytrader.web.jsf.AccountDataJSF,com.ibm.websphere.samples.daytrader.web.jsf.AccountDataJSF,0
daytrader,15,seed15_solution048,com.ibm.websphere.samples.daytrader.web.jsf.ExternalContextProducer,com.ibm.websphere.samples.daytrader.web.jsf.ExternalContextProducer,6
daytrader,15,seed15_solution048,com.ibm.websphere.samples.daytrader.web.jsf.HoldingData,com.ibm.websphere.samples.daytrader.web.jsf.HoldingData,7
daytrader,15,seed15_solution048,com.ibm.websphere.samples.daytrader.web.jsf.JSFLoginFilter,com.ibm.websphere.samples.daytrader.web.jsf.JSFLoginFilter,8
daytrader,15,seed15_solution048,com.ibm.websphere.samples.daytrader.web.jsf.LoginValidator,com.ibm.websphere.samples.daytrader.web.jsf.LoginValidator,9
daytrader,15,seed15_solution048,com.ibm.websphere.samples.daytrader.web.jsf.MarketSummaryJSF,com.ibm.websphere.samples.daytrader.web.jsf.MarketSummaryJSF,1
daytrader,15,seed15_solution048,com.ibm.websphere.samples.daytrader.web.jsf.OrderData,com.ibm.websphere.samples.daytrader.web.jsf.OrderData,10
daytrader,15,seed15_solution048,com.ibm.websphere.samples.daytrader.web.jsf.OrderDataJSF,com.ibm.websphere.samples.daytrader.web.jsf.OrderDataJSF,10
daytrader,15,seed15_solution048,com.ibm.websphere.samples.daytrader.web.jsf.PortfolioJSF,com.ibm.websphere.samples.daytrader.web.jsf.PortfolioJSF,1
daytrader,15,seed15_solution048,com.ibm.websphere.samples.daytrader.web.jsf.QuoteData,com.ibm.websphere.samples.daytrader.web.jsf.QuoteData,7
daytrader,15,seed15_solution048,com.ibm.websphere.samples.daytrader.web.jsf.QuoteJSF,com.ibm.websphere.samples.daytrader.web.jsf.QuoteJSF,7
daytrader,15,seed15_solution048,com.ibm.websphere.samples.daytrader.web.jsf.TradeActionProducer,com.ibm.websphere.samples.daytrader.web.jsf.TradeActionProducer,0
daytrader,15,seed15_solution048,com.ibm.websphere.samples.daytrader.web.jsf.TradeAppJSF,com.ibm.websphere.samples.daytrader.web.jsf.TradeAppJSF,3
daytrader,15,seed15_solution048,com.ibm.websphere.samples.daytrader.web.jsf.TradeConfigJSF,com.ibm.websphere.samples.daytrader.web.jsf.TradeConfigJSF,0
daytrader,15,seed15_solution048,com.ibm.websphere.samples.daytrader.web.websocket.ActionDecoder,com.ibm.websphere.samples.daytrader.web.websocket.ActionDecoder,3
daytrader,15,seed15_solution048,com.ibm.websphere.samples.daytrader.web.websocket.ActionMessage,com.ibm.websphere.samples.daytrader.web.websocket.ActionMessage,4
daytrader,15,seed15_solution048,com.ibm.websphere.samples.daytrader.web.websocket.ActionMessage$1,com.ibm.websphere.samples.daytrader.web.websocket.ActionMessage$1,3
daytrader,15,seed15_solution048,com.ibm.websphere.samples.daytrader.web.websocket.JsonDecoder,com.ibm.websphere.samples.daytrader.web.websocket.JsonDecoder,11
daytrader,15,seed15_solution048,com.ibm.websphere.samples.daytrader.web.websocket.JsonEncoder,com.ibm.websphere.samples.daytrader.web.websocket.JsonEncoder,4
daytrader,15,seed15_solution048,com.ibm.websphere.samples.daytrader.web.websocket.JsonMessage,com.ibm.websphere.samples.daytrader.web.websocket.JsonMessage,11
daytrader,15,seed15_solution048,com.ibm.websphere.samples.daytrader.web.websocket.MarketSummaryWebSocket,com.ibm.websphere.samples.daytrader.web.websocket.MarketSummaryWebSocket,4
daytrader,15,seed15_solution048,com.ibm.websphere.samples.daytrader.web.websocket.RecentStockChangeList,com.ibm.websphere.samples.daytrader.web.websocket.RecentStockChangeList,12
daytrader,15,seed15_solution049,com.ibm.websphere.samples.daytrader.TradeAction,com.ibm.websphere.samples.daytrader.TradeAction,0
daytrader,15,seed15_solution049,com.ibm.websphere.samples.daytrader.TradeServices,com.ibm.websphere.samples.daytrader.TradeServices,0
daytrader,15,seed15_solution049,com.ibm.websphere.samples.daytrader.beans.MarketSummaryDataBean,com.ibm.websphere.samples.daytrader.beans.MarketSummaryDataBean,0
daytrader,15,seed15_solution049,com.ibm.websphere.samples.daytrader.beans.RunStatsDataBean,com.ibm.websphere.samples.daytrader.beans.RunStatsDataBean,1
daytrader,15,seed15_solution049,com.ibm.websphere.samples.daytrader.direct.KeySequenceDirect,com.ibm.websphere.samples.daytrader.direct.KeySequenceDirect,1
daytrader,15,seed15_solution049,com.ibm.websphere.samples.daytrader.direct.TradeDirect,com.ibm.websphere.samples.daytrader.direct.TradeDirect,2
daytrader,15,seed15_solution049,com.ibm.websphere.samples.daytrader.ejb3.DTBroker3MDB,com.ibm.websphere.samples.daytrader.ejb3.DTBroker3MDB,3
daytrader,15,seed15_solution049,com.ibm.websphere.samples.daytrader.ejb3.DTStreamer3MDB,com.ibm.websphere.samples.daytrader.ejb3.DTStreamer3MDB,3
daytrader,15,seed15_solution049,com.ibm.websphere.samples.daytrader.ejb3.MarketSummarySingleton,com.ibm.websphere.samples.daytrader.ejb3.MarketSummarySingleton,4
daytrader,15,seed15_solution049,com.ibm.websphere.samples.daytrader.ejb3.TradeSLSBBean,com.ibm.websphere.samples.daytrader.ejb3.TradeSLSBBean,0
daytrader,15,seed15_solution049,com.ibm.websphere.samples.daytrader.ejb3.TradeSLSBBean$quotePriceComparator,com.ibm.websphere.samples.daytrader.ejb3.TradeSLSBBean$quotePriceComparator,4
daytrader,15,seed15_solution049,com.ibm.websphere.samples.daytrader.ejb3.TradeSLSBLocal,com.ibm.websphere.samples.daytrader.ejb3.TradeSLSBLocal,0
daytrader,15,seed15_solution049,com.ibm.websphere.samples.daytrader.ejb3.TradeSLSBRemote,com.ibm.websphere.samples.daytrader.ejb3.TradeSLSBRemote,5
daytrader,15,seed15_solution049,com.ibm.websphere.samples.daytrader.entities.AccountDataBean,com.ibm.websphere.samples.daytrader.entities.AccountDataBean,0
daytrader,15,seed15_solution049,com.ibm.websphere.samples.daytrader.entities.AccountProfileDataBean,com.ibm.websphere.samples.daytrader.entities.AccountProfileDataBean,0
daytrader,15,seed15_solution049,com.ibm.websphere.samples.daytrader.entities.HoldingDataBean,com.ibm.websphere.samples.daytrader.entities.HoldingDataBean,0
daytrader,15,seed15_solution049,com.ibm.websphere.samples.daytrader.entities.OrderDataBean,com.ibm.websphere.samples.daytrader.entities.OrderDataBean,0
daytrader,15,seed15_solution049,com.ibm.websphere.samples.daytrader.entities.QuoteDataBean,com.ibm.websphere.samples.daytrader.entities.QuoteDataBean,0
daytrader,15,seed15_solution049,com.ibm.websphere.samples.daytrader.util.CompleteOrderThread,com.ibm.websphere.samples.daytrader.util.CompleteOrderThread,5
daytrader,15,seed15_solution049,com.ibm.websphere.samples.daytrader.util.FinancialUtils,com.ibm.websphere.samples.daytrader.util.FinancialUtils,0
daytrader,15,seed15_solution049,com.ibm.websphere.samples.daytrader.util.KeyBlock,com.ibm.websphere.samples.daytrader.util.KeyBlock,1
daytrader,15,seed15_solution049,com.ibm.websphere.samples.daytrader.util.KeyBlock$KeyBlockIterator,com.ibm.websphere.samples.daytrader.util.KeyBlock$KeyBlockIterator,1
daytrader,15,seed15_solution049,com.ibm.websphere.samples.daytrader.util.Log,com.ibm.websphere.samples.daytrader.util.Log,2
daytrader,15,seed15_solution049,com.ibm.websphere.samples.daytrader.util.MDBStats,com.ibm.websphere.samples.daytrader.util.MDBStats,6
daytrader,15,seed15_solution049,com.ibm.websphere.samples.daytrader.util.TimerStat,com.ibm.websphere.samples.daytrader.util.TimerStat,4
daytrader,15,seed15_solution049,com.ibm.websphere.samples.daytrader.util.TradeConfig,com.ibm.websphere.samples.daytrader.util.TradeConfig,0
daytrader,15,seed15_solution049,com.ibm.websphere.samples.daytrader.util.WebSocketJMSMessage,com.ibm.websphere.samples.daytrader.util.WebSocketJMSMessage,7
daytrader,15,seed15_solution049,com.ibm.websphere.samples.daytrader.web.OrdersAlertFilter,com.ibm.websphere.samples.daytrader.web.OrdersAlertFilter,5
daytrader,15,seed15_solution049,com.ibm.websphere.samples.daytrader.web.TradeAppServlet,com.ibm.websphere.samples.daytrader.web.TradeAppServlet,0
daytrader,15,seed15_solution049,com.ibm.websphere.samples.daytrader.web.TradeServletAction,com.ibm.websphere.samples.daytrader.web.TradeServletAction,0
daytrader,15,seed15_solution049,com.ibm.websphere.samples.daytrader.web.TradeWebContextListener,com.ibm.websphere.samples.daytrader.web.TradeWebContextListener,3
daytrader,15,seed15_solution049,com.ibm.websphere.samples.daytrader.web.jsf.AccountDataJSF,com.ibm.websphere.samples.daytrader.web.jsf.AccountDataJSF,0
daytrader,15,seed15_solution049,com.ibm.websphere.samples.daytrader.web.jsf.ExternalContextProducer,com.ibm.websphere.samples.daytrader.web.jsf.ExternalContextProducer,3
daytrader,15,seed15_solution049,com.ibm.websphere.samples.daytrader.web.jsf.HoldingData,com.ibm.websphere.samples.daytrader.web.jsf.HoldingData,1
daytrader,15,seed15_solution049,com.ibm.websphere.samples.daytrader.web.jsf.JSFLoginFilter,com.ibm.websphere.samples.daytrader.web.jsf.JSFLoginFilter,5
daytrader,15,seed15_solution049,com.ibm.websphere.samples.daytrader.web.jsf.LoginValidator,com.ibm.websphere.samples.daytrader.web.jsf.LoginValidator,3
daytrader,15,seed15_solution049,com.ibm.websphere.samples.daytrader.web.jsf.MarketSummaryJSF,com.ibm.websphere.samples.daytrader.web.jsf.MarketSummaryJSF,1
daytrader,15,seed15_solution049,com.ibm.websphere.samples.daytrader.web.jsf.OrderData,com.ibm.websphere.samples.daytrader.web.jsf.OrderData,1
daytrader,15,seed15_solution049,com.ibm.websphere.samples.daytrader.web.jsf.OrderDataJSF,com.ibm.websphere.samples.daytrader.web.jsf.OrderDataJSF,5
daytrader,15,seed15_solution049,com.ibm.websphere.samples.daytrader.web.jsf.PortfolioJSF,com.ibm.websphere.samples.daytrader.web.jsf.PortfolioJSF,1
daytrader,15,seed15_solution049,com.ibm.websphere.samples.daytrader.web.jsf.QuoteData,com.ibm.websphere.samples.daytrader.web.jsf.QuoteData,0
daytrader,15,seed15_solution049,com.ibm.websphere.samples.daytrader.web.jsf.QuoteJSF,com.ibm.websphere.samples.daytrader.web.jsf.QuoteJSF,3
daytrader,15,seed15_solution049,com.ibm.websphere.samples.daytrader.web.jsf.TradeActionProducer,com.ibm.websphere.samples.daytrader.web.jsf.TradeActionProducer,1
daytrader,15,seed15_solution049,com.ibm.websphere.samples.daytrader.web.jsf.TradeAppJSF,com.ibm.websphere.samples.daytrader.web.jsf.TradeAppJSF,3
daytrader,15,seed15_solution049,com.ibm.websphere.samples.daytrader.web.jsf.TradeConfigJSF,com.ibm.websphere.samples.daytrader.web.jsf.TradeConfigJSF,0
daytrader,15,seed15_solution049,com.ibm.websphere.samples.daytrader.web.websocket.ActionDecoder,com.ibm.websphere.samples.daytrader.web.websocket.ActionDecoder,3
daytrader,15,seed15_solution049,com.ibm.websphere.samples.daytrader.web.websocket.ActionMessage,com.ibm.websphere.samples.daytrader.web.websocket.ActionMessage,5
daytrader,15,seed15_solution049,com.ibm.websphere.samples.daytrader.web.websocket.ActionMessage$1,com.ibm.websphere.samples.daytrader.web.websocket.ActionMessage$1,3
daytrader,15,seed15_solution049,com.ibm.websphere.samples.daytrader.web.websocket.JsonDecoder,com.ibm.websphere.samples.daytrader.web.websocket.JsonDecoder,5
daytrader,15,seed15_solution049,com.ibm.websphere.samples.daytrader.web.websocket.JsonEncoder,com.ibm.websphere.samples.daytrader.web.websocket.JsonEncoder,5
daytrader,15,seed15_solution049,com.ibm.websphere.samples.daytrader.web.websocket.JsonMessage,com.ibm.websphere.samples.daytrader.web.websocket.JsonMessage,2
daytrader,15,seed15_solution049,com.ibm.websphere.samples.daytrader.web.websocket.MarketSummaryWebSocket,com.ibm.websphere.samples.daytrader.web.websocket.MarketSummaryWebSocket,1
daytrader,15,seed15_solution049,com.ibm.websphere.samples.daytrader.web.websocket.RecentStockChangeList,com.ibm.websphere.samples.daytrader.web.websocket.RecentStockChangeList,5
daytrader,15,seed15_solution050,com.ibm.websphere.samples.daytrader.TradeAction,com.ibm.websphere.samples.daytrader.TradeAction,0
daytrader,15,seed15_solution050,com.ibm.websphere.samples.daytrader.TradeServices,com.ibm.websphere.samples.daytrader.TradeServices,1
daytrader,15,seed15_solution050,com.ibm.websphere.samples.daytrader.beans.MarketSummaryDataBean,com.ibm.websphere.samples.daytrader.beans.MarketSummaryDataBean,2
daytrader,15,seed15_solution050,com.ibm.websphere.samples.daytrader.beans.RunStatsDataBean,com.ibm.websphere.samples.daytrader.beans.RunStatsDataBean,0
daytrader,15,seed15_solution050,com.ibm.websphere.samples.daytrader.direct.KeySequenceDirect,com.ibm.websphere.samples.daytrader.direct.KeySequenceDirect,0
daytrader,15,seed15_solution050,com.ibm.websphere.samples.daytrader.direct.TradeDirect,com.ibm.websphere.samples.daytrader.direct.TradeDirect,0
daytrader,15,seed15_solution050,com.ibm.websphere.samples.daytrader.ejb3.DTBroker3MDB,com.ibm.websphere.samples.daytrader.ejb3.DTBroker3MDB,3
daytrader,15,seed15_solution050,com.ibm.websphere.samples.daytrader.ejb3.DTStreamer3MDB,com.ibm.websphere.samples.daytrader.ejb3.DTStreamer3MDB,4
daytrader,15,seed15_solution050,com.ibm.websphere.samples.daytrader.ejb3.MarketSummarySingleton,com.ibm.websphere.samples.daytrader.ejb3.MarketSummarySingleton,0
daytrader,15,seed15_solution050,com.ibm.websphere.samples.daytrader.ejb3.TradeSLSBBean,com.ibm.websphere.samples.daytrader.ejb3.TradeSLSBBean,0
daytrader,15,seed15_solution050,com.ibm.websphere.samples.daytrader.ejb3.TradeSLSBBean$quotePriceComparator,com.ibm.websphere.samples.daytrader.ejb3.TradeSLSBBean$quotePriceComparator,2
daytrader,15,seed15_solution050,com.ibm.websphere.samples.daytrader.ejb3.TradeSLSBLocal,com.ibm.websphere.samples.daytrader.ejb3.TradeSLSBLocal,0
daytrader,15,seed15_solution050,com.ibm.websphere.samples.daytrader.ejb3.TradeSLSBRemote,com.ibm.websphere.samples.daytrader.ejb3.TradeSLSBRemote,1
daytrader,15,seed15_solution050,com.ibm.websphere.samples.daytrader.entities.AccountDataBean,com.ibm.websphere.samples.daytrader.entities.AccountDataBean,3
daytrader,15,seed15_solution050,com.ibm.websphere.samples.daytrader.entities.AccountProfileDataBean,com.ibm.websphere.samples.daytrader.entities.AccountProfileDataBean,3
daytrader,15,seed15_solution050,com.ibm.websphere.samples.daytrader.entities.HoldingDataBean,com.ibm.websphere.samples.daytrader.entities.HoldingDataBean,2
daytrader,15,seed15_solution050,com.ibm.websphere.samples.daytrader.entities.OrderDataBean,com.ibm.websphere.samples.daytrader.entities.OrderDataBean,0
daytrader,15,seed15_solution050,com.ibm.websphere.samples.daytrader.entities.QuoteDataBean,com.ibm.websphere.samples.daytrader.entities.QuoteDataBean,2
daytrader,15,seed15_solution050,com.ibm.websphere.samples.daytrader.util.CompleteOrderThread,com.ibm.websphere.samples.daytrader.util.CompleteOrderThread,1
daytrader,15,seed15_solution050,com.ibm.websphere.samples.daytrader.util.FinancialUtils,com.ibm.websphere.samples.daytrader.util.FinancialUtils,4
daytrader,15,seed15_solution050,com.ibm.websphere.samples.daytrader.util.KeyBlock,com.ibm.websphere.samples.daytrader.util.KeyBlock,1
daytrader,15,seed15_solution050,com.ibm.websphere.samples.daytrader.util.KeyBlock$KeyBlockIterator,com.ibm.websphere.samples.daytrader.util.KeyBlock$KeyBlockIterator,1
daytrader,15,seed15_solution050,com.ibm.websphere.samples.daytrader.util.Log,com.ibm.websphere.samples.daytrader.util.Log,0
daytrader,15,seed15_solution050,com.ibm.websphere.samples.daytrader.util.MDBStats,com.ibm.websphere.samples.daytrader.util.MDBStats,4
daytrader,15,seed15_solution050,com.ibm.websphere.samples.daytrader.util.TimerStat,com.ibm.websphere.samples.daytrader.util.TimerStat,5
daytrader,15,seed15_solution050,com.ibm.websphere.samples.daytrader.util.TradeConfig,com.ibm.websphere.samples.daytrader.util.TradeConfig,6
daytrader,15,seed15_solution050,com.ibm.websphere.samples.daytrader.util.WebSocketJMSMessage,com.ibm.websphere.samples.daytrader.util.WebSocketJMSMessage,3
daytrader,15,seed15_solution050,com.ibm.websphere.samples.daytrader.web.OrdersAlertFilter,com.ibm.websphere.samples.daytrader.web.OrdersAlertFilter,0
daytrader,15,seed15_solution050,com.ibm.websphere.samples.daytrader.web.TradeAppServlet,com.ibm.websphere.samples.daytrader.web.TradeAppServlet,1
daytrader,15,seed15_solution050,com.ibm.websphere.samples.daytrader.web.TradeServletAction,com.ibm.websphere.samples.daytrader.web.TradeServletAction,1
daytrader,15,seed15_solution050,com.ibm.websphere.samples.daytrader.web.TradeWebContextListener,com.ibm.websphere.samples.daytrader.web.TradeWebContextListener,1
daytrader,15,seed15_solution050,com.ibm.websphere.samples.daytrader.web.jsf.AccountDataJSF,com.ibm.websphere.samples.daytrader.web.jsf.AccountDataJSF,3
daytrader,15,seed15_solution050,com.ibm.websphere.samples.daytrader.web.jsf.ExternalContextProducer,com.ibm.websphere.samples.daytrader.web.jsf.ExternalContextProducer,0
daytrader,15,seed15_solution050,com.ibm.websphere.samples.daytrader.web.jsf.HoldingData,com.ibm.websphere.samples.daytrader.web.jsf.HoldingData,4
daytrader,15,seed15_solution050,com.ibm.websphere.samples.daytrader.web.jsf.JSFLoginFilter,com.ibm.websphere.samples.daytrader.web.jsf.JSFLoginFilter,3
daytrader,15,seed15_solution050,com.ibm.websphere.samples.daytrader.web.jsf.LoginValidator,com.ibm.websphere.samples.daytrader.web.jsf.LoginValidator,2
daytrader,15,seed15_solution050,com.ibm.websphere.samples.daytrader.web.jsf.MarketSummaryJSF,com.ibm.websphere.samples.daytrader.web.jsf.MarketSummaryJSF,4
daytrader,15,seed15_solution050,com.ibm.websphere.samples.daytrader.web.jsf.OrderData,com.ibm.websphere.samples.daytrader.web.jsf.OrderData,2
daytrader,15,seed15_solution050,com.ibm.websphere.samples.daytrader.web.jsf.OrderDataJSF,com.ibm.websphere.samples.daytrader.web.jsf.OrderDataJSF,3
daytrader,15,seed15_solution050,com.ibm.websphere.samples.daytrader.web.jsf.PortfolioJSF,com.ibm.websphere.samples.daytrader.web.jsf.PortfolioJSF,1
daytrader,15,seed15_solution050,com.ibm.websphere.samples.daytrader.web.jsf.QuoteData,com.ibm.websphere.samples.daytrader.web.jsf.QuoteData,2
daytrader,15,seed15_solution050,com.ibm.websphere.samples.daytrader.web.jsf.QuoteJSF,com.ibm.websphere.samples.daytrader.web.jsf.QuoteJSF,4
daytrader,15,seed15_solution050,com.ibm.websphere.samples.daytrader.web.jsf.TradeActionProducer,com.ibm.websphere.samples.daytrader.web.jsf.TradeActionProducer,7
daytrader,15,seed15_solution050,com.ibm.websphere.samples.daytrader.web.jsf.TradeAppJSF,com.ibm.websphere.samples.daytrader.web.jsf.TradeAppJSF,3
daytrader,15,seed15_solution050,com.ibm.websphere.samples.daytrader.web.jsf.TradeConfigJSF,com.ibm.websphere.samples.daytrader.web.jsf.TradeConfigJSF,6
daytrader,15,seed15_solution050,com.ibm.websphere.samples.daytrader.web.websocket.ActionDecoder,com.ibm.websphere.samples.daytrader.web.websocket.ActionDecoder,8
daytrader,15,seed15_solution050,com.ibm.websphere.samples.daytrader.web.websocket.ActionMessage,com.ibm.websphere.samples.daytrader.web.websocket.ActionMessage,0
daytrader,15,seed15_solution050,com.ibm.websphere.samples.daytrader.web.websocket.ActionMessage$1,com.ibm.websphere.samples.daytrader.web.websocket.ActionMessage$1,4
daytrader,15,seed15_solution050,com.ibm.websphere.samples.daytrader.web.websocket.JsonDecoder,com.ibm.websphere.samples.daytrader.web.websocket.JsonDecoder,7
daytrader,15,seed15_solution050,com.ibm.websphere.samples.daytrader.web.websocket.JsonEncoder,com.ibm.websphere.samples.daytrader.web.websocket.JsonEncoder,7
daytrader,15,seed15_solution050,com.ibm.websphere.samples.daytrader.web.websocket.JsonMessage,com.ibm.websphere.samples.daytrader.web.websocket.JsonMessage,7
daytrader,15,seed15_solution050,com.ibm.websphere.samples.daytrader.web.websocket.MarketSummaryWebSocket,com.ibm.websphere.samples.daytrader.web.websocket.MarketSummaryWebSocket,0
daytrader,15,seed15_solution050,com.ibm.websphere.samples.daytrader.web.websocket.RecentStockChangeList,com.ibm.websphere.samples.daytrader.web.websocket.RecentStockChangeList,0
daytrader,15,seed15_solution051,com.ibm.websphere.samples.daytrader.TradeAction,com.ibm.websphere.samples.daytrader.TradeAction,0
daytrader,15,seed15_solution051,com.ibm.websphere.samples.daytrader.TradeServices,com.ibm.websphere.samples.daytrader.TradeServices,0
daytrader,15,seed15_solution051,com.ibm.websphere.samples.daytrader.beans.MarketSummaryDataBean,com.ibm.websphere.samples.daytrader.beans.MarketSummaryDataBean,0
daytrader,15,seed15_solution051,com.ibm.websphere.samples.daytrader.beans.RunStatsDataBean,com.ibm.websphere.samples.daytrader.beans.RunStatsDataBean,0
daytrader,15,seed15_solution051,com.ibm.websphere.samples.daytrader.direct.KeySequenceDirect,com.ibm.websphere.samples.daytrader.direct.KeySequenceDirect,1
daytrader,15,seed15_solution051,com.ibm.websphere.samples.daytrader.direct.TradeDirect,com.ibm.websphere.samples.daytrader.direct.TradeDirect,2
daytrader,15,seed15_solution051,com.ibm.websphere.samples.daytrader.ejb3.DTBroker3MDB,com.ibm.websphere.samples.daytrader.ejb3.DTBroker3MDB,3
daytrader,15,seed15_solution051,com.ibm.websphere.samples.daytrader.ejb3.DTStreamer3MDB,com.ibm.websphere.samples.daytrader.ejb3.DTStreamer3MDB,3
daytrader,15,seed15_solution051,com.ibm.websphere.samples.daytrader.ejb3.MarketSummarySingleton,com.ibm.websphere.samples.daytrader.ejb3.MarketSummarySingleton,2
daytrader,15,seed15_solution051,com.ibm.websphere.samples.daytrader.ejb3.TradeSLSBBean,com.ibm.websphere.samples.daytrader.ejb3.TradeSLSBBean,0
daytrader,15,seed15_solution051,com.ibm.websphere.samples.daytrader.ejb3.TradeSLSBBean$quotePriceComparator,com.ibm.websphere.samples.daytrader.ejb3.TradeSLSBBean$quotePriceComparator,4
daytrader,15,seed15_solution051,com.ibm.websphere.samples.daytrader.ejb3.TradeSLSBLocal,com.ibm.websphere.samples.daytrader.ejb3.TradeSLSBLocal,4
daytrader,15,seed15_solution051,com.ibm.websphere.samples.daytrader.ejb3.TradeSLSBRemote,com.ibm.websphere.samples.daytrader.ejb3.TradeSLSBRemote,5
daytrader,15,seed15_solution051,com.ibm.websphere.samples.daytrader.entities.AccountDataBean,com.ibm.websphere.samples.daytrader.entities.AccountDataBean,0
daytrader,15,seed15_solution051,com.ibm.websphere.samples.daytrader.entities.AccountProfileDataBean,com.ibm.websphere.samples.daytrader.entities.AccountProfileDataBean,0
daytrader,15,seed15_solution051,com.ibm.websphere.samples.daytrader.entities.HoldingDataBean,com.ibm.websphere.samples.daytrader.entities.HoldingDataBean,0
daytrader,15,seed15_solution051,com.ibm.websphere.samples.daytrader.entities.OrderDataBean,com.ibm.websphere.samples.daytrader.entities.OrderDataBean,0
daytrader,15,seed15_solution051,com.ibm.websphere.samples.daytrader.entities.QuoteDataBean,com.ibm.websphere.samples.daytrader.entities.QuoteDataBean,0
daytrader,15,seed15_solution051,com.ibm.websphere.samples.daytrader.util.CompleteOrderThread,com.ibm.websphere.samples.daytrader.util.CompleteOrderThread,5
daytrader,15,seed15_solution051,com.ibm.websphere.samples.daytrader.util.FinancialUtils,com.ibm.websphere.samples.daytrader.util.FinancialUtils,0
daytrader,15,seed15_solution051,com.ibm.websphere.samples.daytrader.util.KeyBlock,com.ibm.websphere.samples.daytrader.util.KeyBlock,1
daytrader,15,seed15_solution051,com.ibm.websphere.samples.daytrader.util.KeyBlock$KeyBlockIterator,com.ibm.websphere.samples.daytrader.util.KeyBlock$KeyBlockIterator,1
daytrader,15,seed15_solution051,com.ibm.websphere.samples.daytrader.util.Log,com.ibm.websphere.samples.daytrader.util.Log,2
daytrader,15,seed15_solution051,com.ibm.websphere.samples.daytrader.util.MDBStats,com.ibm.websphere.samples.daytrader.util.MDBStats,1
daytrader,15,seed15_solution051,com.ibm.websphere.samples.daytrader.util.TimerStat,com.ibm.websphere.samples.daytrader.util.TimerStat,6
daytrader,15,seed15_solution051,com.ibm.websphere.samples.daytrader.util.TradeConfig,com.ibm.websphere.samples.daytrader.util.TradeConfig,0
daytrader,15,seed15_solution051,com.ibm.websphere.samples.daytrader.util.WebSocketJMSMessage,com.ibm.websphere.samples.daytrader.util.WebSocketJMSMessage,4
daytrader,15,seed15_solution051,com.ibm.websphere.samples.daytrader.web.OrdersAlertFilter,com.ibm.websphere.samples.daytrader.web.OrdersAlertFilter,7
daytrader,15,seed15_solution051,com.ibm.websphere.samples.daytrader.web.TradeAppServlet,com.ibm.websphere.samples.daytrader.web.TradeAppServlet,3
daytrader,15,seed15_solution051,com.ibm.websphere.samples.daytrader.web.TradeServletAction,com.ibm.websphere.samples.daytrader.web.TradeServletAction,0
daytrader,15,seed15_solution051,com.ibm.websphere.samples.daytrader.web.TradeWebContextListener,com.ibm.websphere.samples.daytrader.web.TradeWebContextListener,3
daytrader,15,seed15_solution051,com.ibm.websphere.samples.daytrader.web.jsf.AccountDataJSF,com.ibm.websphere.samples.daytrader.web.jsf.AccountDataJSF,0
daytrader,15,seed15_solution051,com.ibm.websphere.samples.daytrader.web.jsf.ExternalContextProducer,com.ibm.websphere.samples.daytrader.web.jsf.ExternalContextProducer,3
daytrader,15,seed15_solution051,com.ibm.websphere.samples.daytrader.web.jsf.HoldingData,com.ibm.websphere.samples.daytrader.web.jsf.HoldingData,8
daytrader,15,seed15_solution051,com.ibm.websphere.samples.daytrader.web.jsf.JSFLoginFilter,com.ibm.websphere.samples.daytrader.web.jsf.JSFLoginFilter,9
daytrader,15,seed15_solution051,com.ibm.websphere.samples.daytrader.web.jsf.LoginValidator,com.ibm.websphere.samples.daytrader.web.jsf.LoginValidator,10
daytrader,15,seed15_solution051,com.ibm.websphere.samples.daytrader.web.jsf.MarketSummaryJSF,com.ibm.websphere.samples.daytrader.web.jsf.MarketSummaryJSF,8
daytrader,15,seed15_solution051,com.ibm.websphere.samples.daytrader.web.jsf.OrderData,com.ibm.websphere.samples.daytrader.web.jsf.OrderData,5
daytrader,15,seed15_solution051,com.ibm.websphere.samples.daytrader.web.jsf.OrderDataJSF,com.ibm.websphere.samples.daytrader.web.jsf.OrderDataJSF,4
daytrader,15,seed15_solution051,com.ibm.websphere.samples.daytrader.web.jsf.PortfolioJSF,com.ibm.websphere.samples.daytrader.web.jsf.PortfolioJSF,8
daytrader,15,seed15_solution051,com.ibm.websphere.samples.daytrader.web.jsf.QuoteData,com.ibm.websphere.samples.daytrader.web.jsf.QuoteData,0
daytrader,15,seed15_solution051,com.ibm.websphere.samples.daytrader.web.jsf.QuoteJSF,com.ibm.websphere.samples.daytrader.web.jsf.QuoteJSF,3
daytrader,15,seed15_solution051,com.ibm.websphere.samples.daytrader.web.jsf.TradeActionProducer,com.ibm.websphere.samples.daytrader.web.jsf.TradeActionProducer,0
daytrader,15,seed15_solution051,com.ibm.websphere.samples.daytrader.web.jsf.TradeAppJSF,com.ibm.websphere.samples.daytrader.web.jsf.TradeAppJSF,3
daytrader,15,seed15_solution051,com.ibm.websphere.samples.daytrader.web.jsf.TradeConfigJSF,com.ibm.websphere.samples.daytrader.web.jsf.TradeConfigJSF,0
daytrader,15,seed15_solution051,com.ibm.websphere.samples.daytrader.web.websocket.ActionDecoder,com.ibm.websphere.samples.daytrader.web.websocket.ActionDecoder,3
daytrader,15,seed15_solution051,com.ibm.websphere.samples.daytrader.web.websocket.ActionMessage,com.ibm.websphere.samples.daytrader.web.websocket.ActionMessage,5
daytrader,15,seed15_solution051,com.ibm.websphere.samples.daytrader.web.websocket.ActionMessage$1,com.ibm.websphere.samples.daytrader.web.websocket.ActionMessage$1,11
daytrader,15,seed15_solution051,com.ibm.websphere.samples.daytrader.web.websocket.JsonDecoder,com.ibm.websphere.samples.daytrader.web.websocket.JsonDecoder,5
daytrader,15,seed15_solution051,com.ibm.websphere.samples.daytrader.web.websocket.JsonEncoder,com.ibm.websphere.samples.daytrader.web.websocket.JsonEncoder,5
daytrader,15,seed15_solution051,com.ibm.websphere.samples.daytrader.web.websocket.JsonMessage,com.ibm.websphere.samples.daytrader.web.websocket.JsonMessage,1
daytrader,15,seed15_solution051,com.ibm.websphere.samples.daytrader.web.websocket.MarketSummaryWebSocket,com.ibm.websphere.samples.daytrader.web.websocket.MarketSummaryWebSocket,0
daytrader,15,seed15_solution051,com.ibm.websphere.samples.daytrader.web.websocket.RecentStockChangeList,com.ibm.websphere.samples.daytrader.web.websocket.RecentStockChangeList,12
daytrader,15,seed15_solution052,com.ibm.websphere.samples.daytrader.TradeAction,com.ibm.websphere.samples.daytrader.TradeAction,0
daytrader,15,seed15_solution052,com.ibm.websphere.samples.daytrader.TradeServices,com.ibm.websphere.samples.daytrader.TradeServices,1
daytrader,15,seed15_solution052,com.ibm.websphere.samples.daytrader.beans.MarketSummaryDataBean,com.ibm.websphere.samples.daytrader.beans.MarketSummaryDataBean,1
daytrader,15,seed15_solution052,com.ibm.websphere.samples.daytrader.beans.RunStatsDataBean,com.ibm.websphere.samples.daytrader.beans.RunStatsDataBean,0
daytrader,15,seed15_solution052,com.ibm.websphere.samples.daytrader.direct.KeySequenceDirect,com.ibm.websphere.samples.daytrader.direct.KeySequenceDirect,1
daytrader,15,seed15_solution052,com.ibm.websphere.samples.daytrader.direct.TradeDirect,com.ibm.websphere.samples.daytrader.direct.TradeDirect,0
daytrader,15,seed15_solution052,com.ibm.websphere.samples.daytrader.ejb3.DTBroker3MDB,com.ibm.websphere.samples.daytrader.ejb3.DTBroker3MDB,0
daytrader,15,seed15_solution052,com.ibm.websphere.samples.daytrader.ejb3.DTStreamer3MDB,com.ibm.websphere.samples.daytrader.ejb3.DTStreamer3MDB,2
daytrader,15,seed15_solution052,com.ibm.websphere.samples.daytrader.ejb3.MarketSummarySingleton,com.ibm.websphere.samples.daytrader.ejb3.MarketSummarySingleton,0
daytrader,15,seed15_solution052,com.ibm.websphere.samples.daytrader.ejb3.TradeSLSBBean,com.ibm.websphere.samples.daytrader.ejb3.TradeSLSBBean,2
daytrader,15,seed15_solution052,com.ibm.websphere.samples.daytrader.ejb3.TradeSLSBBean$quotePriceComparator,com.ibm.websphere.samples.daytrader.ejb3.TradeSLSBBean$quotePriceComparator,2
daytrader,15,seed15_solution052,com.ibm.websphere.samples.daytrader.ejb3.TradeSLSBLocal,com.ibm.websphere.samples.daytrader.ejb3.TradeSLSBLocal,0
daytrader,15,seed15_solution052,com.ibm.websphere.samples.daytrader.ejb3.TradeSLSBRemote,com.ibm.websphere.samples.daytrader.ejb3.TradeSLSBRemote,2
daytrader,15,seed15_solution052,com.ibm.websphere.samples.daytrader.entities.AccountDataBean,com.ibm.websphere.samples.daytrader.entities.AccountDataBean,0
daytrader,15,seed15_solution052,com.ibm.websphere.samples.daytrader.entities.AccountProfileDataBean,com.ibm.websphere.samples.daytrader.entities.AccountProfileDataBean,0
daytrader,15,seed15_solution052,com.ibm.websphere.samples.daytrader.entities.HoldingDataBean,com.ibm.websphere.samples.daytrader.entities.HoldingDataBean,0
daytrader,15,seed15_solution052,com.ibm.websphere.samples.daytrader.entities.OrderDataBean,com.ibm.websphere.samples.daytrader.entities.OrderDataBean,0
daytrader,15,seed15_solution052,com.ibm.websphere.samples.daytrader.entities.QuoteDataBean,com.ibm.websphere.samples.daytrader.entities.QuoteDataBean,2
daytrader,15,seed15_solution052,com.ibm.websphere.samples.daytrader.util.CompleteOrderThread,com.ibm.websphere.samples.daytrader.util.CompleteOrderThread,0
daytrader,15,seed15_solution052,com.ibm.websphere.samples.daytrader.util.FinancialUtils,com.ibm.websphere.samples.daytrader.util.FinancialUtils,2
daytrader,15,seed15_solution052,com.ibm.websphere.samples.daytrader.util.KeyBlock,com.ibm.websphere.samples.daytrader.util.KeyBlock,1
daytrader,15,seed15_solution052,com.ibm.websphere.samples.daytrader.util.KeyBlock$KeyBlockIterator,com.ibm.websphere.samples.daytrader.util.KeyBlock$KeyBlockIterator,1
daytrader,15,seed15_solution052,com.ibm.websphere.samples.daytrader.util.Log,com.ibm.websphere.samples.daytrader.util.Log,0
daytrader,15,seed15_solution052,com.ibm.websphere.samples.daytrader.util.MDBStats,com.ibm.websphere.samples.daytrader.util.MDBStats,2
daytrader,15,seed15_solution052,com.ibm.websphere.samples.daytrader.util.TimerStat,com.ibm.websphere.samples.daytrader.util.TimerStat,1
daytrader,15,seed15_solution052,com.ibm.websphere.samples.daytrader.util.TradeConfig,com.ibm.websphere.samples.daytrader.util.TradeConfig,0
daytrader,15,seed15_solution052,com.ibm.websphere.samples.daytrader.util.WebSocketJMSMessage,com.ibm.websphere.samples.daytrader.util.WebSocketJMSMessage,0
daytrader,15,seed15_solution052,com.ibm.websphere.samples.daytrader.web.OrdersAlertFilter,com.ibm.websphere.samples.daytrader.web.OrdersAlertFilter,1
daytrader,15,seed15_solution052,com.ibm.websphere.samples.daytrader.web.TradeAppServlet,com.ibm.websphere.samples.daytrader.web.TradeAppServlet,2
daytrader,15,seed15_solution052,com.ibm.websphere.samples.daytrader.web.TradeServletAction,com.ibm.websphere.samples.daytrader.web.TradeServletAction,0
daytrader,15,seed15_solution052,com.ibm.websphere.samples.daytrader.web.TradeWebContextListener,com.ibm.websphere.samples.daytrader.web.TradeWebContextListener,1
daytrader,15,seed15_solution052,com.ibm.websphere.samples.daytrader.web.jsf.AccountDataJSF,com.ibm.websphere.samples.daytrader.web.jsf.AccountDataJSF,0
daytrader,15,seed15_solution052,com.ibm.websphere.samples.daytrader.web.jsf.ExternalContextProducer,com.ibm.websphere.samples.daytrader.web.jsf.ExternalContextProducer,1
daytrader,15,seed15_solution052,com.ibm.websphere.samples.daytrader.web.jsf.HoldingData,com.ibm.websphere.samples.daytrader.web.jsf.HoldingData,0
daytrader,15,seed15_solution052,com.ibm.websphere.samples.daytrader.web.jsf.JSFLoginFilter,com.ibm.websphere.samples.daytrader.web.jsf.JSFLoginFilter,2
daytrader,15,seed15_solution052,com.ibm.websphere.samples.daytrader.web.jsf.LoginValidator,com.ibm.websphere.samples.daytrader.web.jsf.LoginValidator,2
daytrader,15,seed15_solution052,com.ibm.websphere.samples.daytrader.web.jsf.MarketSummaryJSF,com.ibm.websphere.samples.daytrader.web.jsf.MarketSummaryJSF,2
daytrader,15,seed15_solution052,com.ibm.websphere.samples.daytrader.web.jsf.OrderData,com.ibm.websphere.samples.daytrader.web.jsf.OrderData,0
daytrader,15,seed15_solution052,com.ibm.websphere.samples.daytrader.web.jsf.OrderDataJSF,com.ibm.websphere.samples.daytrader.web.jsf.OrderDataJSF,2
daytrader,15,seed15_solution052,com.ibm.websphere.samples.daytrader.web.jsf.PortfolioJSF,com.ibm.websphere.samples.daytrader.web.jsf.PortfolioJSF,1
daytrader,15,seed15_solution052,com.ibm.websphere.samples.daytrader.web.jsf.QuoteData,com.ibm.websphere.samples.daytrader.web.jsf.QuoteData,1
daytrader,15,seed15_solution052,com.ibm.websphere.samples.daytrader.web.jsf.QuoteJSF,com.ibm.websphere.samples.daytrader.web.jsf.QuoteJSF,2
daytrader,15,seed15_solution052,com.ibm.websphere.samples.daytrader.web.jsf.TradeActionProducer,com.ibm.websphere.samples.daytrader.web.jsf.TradeActionProducer,1
daytrader,15,seed15_solution052,com.ibm.websphere.samples.daytrader.web.jsf.TradeAppJSF,com.ibm.websphere.samples.daytrader.web.jsf.TradeAppJSF,2
daytrader,15,seed15_solution052,com.ibm.websphere.samples.daytrader.web.jsf.TradeConfigJSF,com.ibm.websphere.samples.daytrader.web.jsf.TradeConfigJSF,1
daytrader,15,seed15_solution052,com.ibm.websphere.samples.daytrader.web.websocket.ActionDecoder,com.ibm.websphere.samples.daytrader.web.websocket.ActionDecoder,1
daytrader,15,seed15_solution052,com.ibm.websphere.samples.daytrader.web.websocket.ActionMessage,com.ibm.websphere.samples.daytrader.web.websocket.ActionMessage,2
daytrader,15,seed15_solution052,com.ibm.websphere.samples.daytrader.web.websocket.ActionMessage$1,com.ibm.websphere.samples.daytrader.web.websocket.ActionMessage$1,1
daytrader,15,seed15_solution052,com.ibm.websphere.samples.daytrader.web.websocket.JsonDecoder,com.ibm.websphere.samples.daytrader.web.websocket.JsonDecoder,2
daytrader,15,seed15_solution052,com.ibm.websphere.samples.daytrader.web.websocket.JsonEncoder,com.ibm.websphere.samples.daytrader.web.websocket.JsonEncoder,2
daytrader,15,seed15_solution052,com.ibm.websphere.samples.daytrader.web.websocket.JsonMessage,com.ibm.websphere.samples.daytrader.web.websocket.JsonMessage,1
daytrader,15,seed15_solution052,com.ibm.websphere.samples.daytrader.web.websocket.MarketSummaryWebSocket,com.ibm.websphere.samples.daytrader.web.websocket.MarketSummaryWebSocket,1
daytrader,15,seed15_solution052,com.ibm.websphere.samples.daytrader.web.websocket.RecentStockChangeList,com.ibm.websphere.samples.daytrader.web.websocket.RecentStockChangeList,1
daytrader,15,seed15_solution053,com.ibm.websphere.samples.daytrader.TradeAction,com.ibm.websphere.samples.daytrader.TradeAction,0
daytrader,15,seed15_solution053,com.ibm.websphere.samples.daytrader.TradeServices,com.ibm.websphere.samples.daytrader.TradeServices,0
daytrader,15,seed15_solution053,com.ibm.websphere.samples.daytrader.beans.MarketSummaryDataBean,com.ibm.websphere.samples.daytrader.beans.MarketSummaryDataBean,1
daytrader,15,seed15_solution053,com.ibm.websphere.samples.daytrader.beans.RunStatsDataBean,com.ibm.websphere.samples.daytrader.beans.RunStatsDataBean,0
daytrader,15,seed15_solution053,com.ibm.websphere.samples.daytrader.direct.KeySequenceDirect,com.ibm.websphere.samples.daytrader.direct.KeySequenceDirect,1
daytrader,15,seed15_solution053,com.ibm.websphere.samples.daytrader.direct.TradeDirect,com.ibm.websphere.samples.daytrader.direct.TradeDirect,2
daytrader,15,seed15_solution053,com.ibm.websphere.samples.daytrader.ejb3.DTBroker3MDB,com.ibm.websphere.samples.daytrader.ejb3.DTBroker3MDB,0
daytrader,15,seed15_solution053,com.ibm.websphere.samples.daytrader.ejb3.DTStreamer3MDB,com.ibm.websphere.samples.daytrader.ejb3.DTStreamer3MDB,0
daytrader,15,seed15_solution053,com.ibm.websphere.samples.daytrader.ejb3.MarketSummarySingleton,com.ibm.websphere.samples.daytrader.ejb3.MarketSummarySingleton,0
daytrader,15,seed15_solution053,com.ibm.websphere.samples.daytrader.ejb3.TradeSLSBBean,com.ibm.websphere.samples.daytrader.ejb3.TradeSLSBBean,0
daytrader,15,seed15_solution053,com.ibm.websphere.samples.daytrader.ejb3.TradeSLSBBean$quotePriceComparator,com.ibm.websphere.samples.daytrader.ejb3.TradeSLSBBean$quotePriceComparator,1
daytrader,15,seed15_solution053,com.ibm.websphere.samples.daytrader.ejb3.TradeSLSBLocal,com.ibm.websphere.samples.daytrader.ejb3.TradeSLSBLocal,3
daytrader,15,seed15_solution053,com.ibm.websphere.samples.daytrader.ejb3.TradeSLSBRemote,com.ibm.websphere.samples.daytrader.ejb3.TradeSLSBRemote,3
daytrader,15,seed15_solution053,com.ibm.websphere.samples.daytrader.entities.AccountDataBean,com.ibm.websphere.samples.daytrader.entities.AccountDataBean,0
daytrader,15,seed15_solution053,com.ibm.websphere.samples.daytrader.entities.AccountProfileDataBean,com.ibm.websphere.samples.daytrader.entities.AccountProfileDataBean,0
daytrader,15,seed15_solution053,com.ibm.websphere.samples.daytrader.entities.HoldingDataBean,com.ibm.websphere.samples.daytrader.entities.HoldingDataBean,0
daytrader,15,seed15_solution053,com.ibm.websphere.samples.daytrader.entities.OrderDataBean,com.ibm.websphere.samples.daytrader.entities.OrderDataBean,0
daytrader,15,seed15_solution053,com.ibm.websphere.samples.daytrader.entities.QuoteDataBean,com.ibm.websphere.samples.daytrader.entities.QuoteDataBean,0
daytrader,15,seed15_solution053,com.ibm.websphere.samples.daytrader.util.CompleteOrderThread,com.ibm.websphere.samples.daytrader.util.CompleteOrderThread,4
daytrader,15,seed15_solution053,com.ibm.websphere.samples.daytrader.util.FinancialUtils,com.ibm.websphere.samples.daytrader.util.FinancialUtils,0
daytrader,15,seed15_solution053,com.ibm.websphere.samples.daytrader.util.KeyBlock,com.ibm.websphere.samples.daytrader.util.KeyBlock,1
daytrader,15,seed15_solution053,com.ibm.websphere.samples.daytrader.util.KeyBlock$KeyBlockIterator,com.ibm.websphere.samples.daytrader.util.KeyBlock$KeyBlockIterator,1
daytrader,15,seed15_solution053,com.ibm.websphere.samples.daytrader.util.Log,com.ibm.websphere.samples.daytrader.util.Log,2
daytrader,15,seed15_solution053,com.ibm.websphere.samples.daytrader.util.MDBStats,com.ibm.websphere.samples.daytrader.util.MDBStats,1
daytrader,15,seed15_solution053,com.ibm.websphere.samples.daytrader.util.TimerStat,com.ibm.websphere.samples.daytrader.util.TimerStat,1
daytrader,15,seed15_solution053,com.ibm.websphere.samples.daytrader.util.TradeConfig,com.ibm.websphere.samples.daytrader.util.TradeConfig,0
daytrader,15,seed15_solution053,com.ibm.websphere.samples.daytrader.util.WebSocketJMSMessage,com.ibm.websphere.samples.daytrader.util.WebSocketJMSMessage,0
daytrader,15,seed15_solution053,com.ibm.websphere.samples.daytrader.web.OrdersAlertFilter,com.ibm.websphere.samples.daytrader.web.OrdersAlertFilter,4
daytrader,15,seed15_solution053,com.ibm.websphere.samples.daytrader.web.TradeAppServlet,com.ibm.websphere.samples.daytrader.web.TradeAppServlet,0
daytrader,15,seed15_solution053,com.ibm.websphere.samples.daytrader.web.TradeServletAction,com.ibm.websphere.samples.daytrader.web.TradeServletAction,0
daytrader,15,seed15_solution053,com.ibm.websphere.samples.daytrader.web.TradeWebContextListener,com.ibm.websphere.samples.daytrader.web.TradeWebContextListener,0
daytrader,15,seed15_solution053,com.ibm.websphere.samples.daytrader.web.jsf.AccountDataJSF,com.ibm.websphere.samples.daytrader.web.jsf.AccountDataJSF,0
daytrader,15,seed15_solution053,com.ibm.websphere.samples.daytrader.web.jsf.ExternalContextProducer,com.ibm.websphere.samples.daytrader.web.jsf.ExternalContextProducer,3
daytrader,15,seed15_solution053,com.ibm.websphere.samples.daytrader.web.jsf.HoldingData,com.ibm.websphere.samples.daytrader.web.jsf.HoldingData,1
daytrader,15,seed15_solution053,com.ibm.websphere.samples.daytrader.web.jsf.JSFLoginFilter,com.ibm.websphere.samples.daytrader.web.jsf.JSFLoginFilter,3
daytrader,15,seed15_solution053,com.ibm.websphere.samples.daytrader.web.jsf.LoginValidator,com.ibm.websphere.samples.daytrader.web.jsf.LoginValidator,5
daytrader,15,seed15_solution053,com.ibm.websphere.samples.daytrader.web.jsf.MarketSummaryJSF,com.ibm.websphere.samples.daytrader.web.jsf.MarketSummaryJSF,5
daytrader,15,seed15_solution053,com.ibm.websphere.samples.daytrader.web.jsf.OrderData,com.ibm.websphere.samples.daytrader.web.jsf.OrderData,1
daytrader,15,seed15_solution053,com.ibm.websphere.samples.daytrader.web.jsf.OrderDataJSF,com.ibm.websphere.samples.daytrader.web.jsf.OrderDataJSF,5
daytrader,15,seed15_solution053,com.ibm.websphere.samples.daytrader.web.jsf.PortfolioJSF,com.ibm.websphere.samples.daytrader.web.jsf.PortfolioJSF,1
daytrader,15,seed15_solution053,com.ibm.websphere.samples.daytrader.web.jsf.QuoteData,com.ibm.websphere.samples.daytrader.web.jsf.QuoteData,5
daytrader,15,seed15_solution053,com.ibm.websphere.samples.daytrader.web.jsf.QuoteJSF,com.ibm.websphere.samples.daytrader.web.jsf.QuoteJSF,5
daytrader,15,seed15_solution053,com.ibm.websphere.samples.daytrader.web.jsf.TradeActionProducer,com.ibm.websphere.samples.daytrader.web.jsf.TradeActionProducer,5
daytrader,15,seed15_solution053,com.ibm.websphere.samples.daytrader.web.jsf.TradeAppJSF,com.ibm.websphere.samples.daytrader.web.jsf.TradeAppJSF,6
daytrader,15,seed15_solution053,com.ibm.websphere.samples.daytrader.web.jsf.TradeConfigJSF,com.ibm.websphere.samples.daytrader.web.jsf.TradeConfigJSF,6
daytrader,15,seed15_solution053,com.ibm.websphere.samples.daytrader.web.websocket.ActionDecoder,com.ibm.websphere.samples.daytrader.web.websocket.ActionDecoder,7
daytrader,15,seed15_solution053,com.ibm.websphere.samples.daytrader.web.websocket.ActionMessage,com.ibm.websphere.samples.daytrader.web.websocket.ActionMessage,8
daytrader,15,seed15_solution053,com.ibm.websphere.samples.daytrader.web.websocket.ActionMessage$1,com.ibm.websphere.samples.daytrader.web.websocket.ActionMessage$1,5
daytrader,15,seed15_solution053,com.ibm.websphere.samples.daytrader.web.websocket.JsonDecoder,com.ibm.websphere.samples.daytrader.web.websocket.JsonDecoder,9
daytrader,15,seed15_solution053,com.ibm.websphere.samples.daytrader.web.websocket.JsonEncoder,com.ibm.websphere.samples.daytrader.web.websocket.JsonEncoder,3
daytrader,15,seed15_solution053,com.ibm.websphere.samples.daytrader.web.websocket.JsonMessage,com.ibm.websphere.samples.daytrader.web.websocket.JsonMessage,5
daytrader,15,seed15_solution053,com.ibm.websphere.samples.daytrader.web.websocket.MarketSummaryWebSocket,com.ibm.websphere.samples.daytrader.web.websocket.MarketSummaryWebSocket,4
daytrader,15,seed15_solution053,com.ibm.websphere.samples.daytrader.web.websocket.RecentStockChangeList,com.ibm.websphere.samples.daytrader.web.websocket.RecentStockChangeList,3
daytrader,15,seed15_solution054,com.ibm.websphere.samples.daytrader.TradeAction,com.ibm.websphere.samples.daytrader.TradeAction,0
daytrader,15,seed15_solution054,com.ibm.websphere.samples.daytrader.TradeServices,com.ibm.websphere.samples.daytrader.TradeServices,0
daytrader,15,seed15_solution054,com.ibm.websphere.samples.daytrader.beans.MarketSummaryDataBean,com.ibm.websphere.samples.daytrader.beans.MarketSummaryDataBean,0
daytrader,15,seed15_solution054,com.ibm.websphere.samples.daytrader.beans.RunStatsDataBean,com.ibm.websphere.samples.daytrader.beans.RunStatsDataBean,0
daytrader,15,seed15_solution054,com.ibm.websphere.samples.daytrader.direct.KeySequenceDirect,com.ibm.websphere.samples.daytrader.direct.KeySequenceDirect,0
daytrader,15,seed15_solution054,com.ibm.websphere.samples.daytrader.direct.TradeDirect,com.ibm.websphere.samples.daytrader.direct.TradeDirect,0
daytrader,15,seed15_solution054,com.ibm.websphere.samples.daytrader.ejb3.DTBroker3MDB,com.ibm.websphere.samples.daytrader.ejb3.DTBroker3MDB,1
daytrader,15,seed15_solution054,com.ibm.websphere.samples.daytrader.ejb3.DTStreamer3MDB,com.ibm.websphere.samples.daytrader.ejb3.DTStreamer3MDB,1
daytrader,15,seed15_solution054,com.ibm.websphere.samples.daytrader.ejb3.MarketSummarySingleton,com.ibm.websphere.samples.daytrader.ejb3.MarketSummarySingleton,2
daytrader,15,seed15_solution054,com.ibm.websphere.samples.daytrader.ejb3.TradeSLSBBean,com.ibm.websphere.samples.daytrader.ejb3.TradeSLSBBean,3
daytrader,15,seed15_solution054,com.ibm.websphere.samples.daytrader.ejb3.TradeSLSBBean$quotePriceComparator,com.ibm.websphere.samples.daytrader.ejb3.TradeSLSBBean$quotePriceComparator,1
daytrader,15,seed15_solution054,com.ibm.websphere.samples.daytrader.ejb3.TradeSLSBLocal,com.ibm.websphere.samples.daytrader.ejb3.TradeSLSBLocal,4
daytrader,15,seed15_solution054,com.ibm.websphere.samples.daytrader.ejb3.TradeSLSBRemote,com.ibm.websphere.samples.daytrader.ejb3.TradeSLSBRemote,0
daytrader,15,seed15_solution054,com.ibm.websphere.samples.daytrader.entities.AccountDataBean,com.ibm.websphere.samples.daytrader.entities.AccountDataBean,4
daytrader,15,seed15_solution054,com.ibm.websphere.samples.daytrader.entities.AccountProfileDataBean,com.ibm.websphere.samples.daytrader.entities.AccountProfileDataBean,3
daytrader,15,seed15_solution054,com.ibm.websphere.samples.daytrader.entities.HoldingDataBean,com.ibm.websphere.samples.daytrader.entities.HoldingDataBean,5
daytrader,15,seed15_solution054,com.ibm.websphere.samples.daytrader.entities.OrderDataBean,com.ibm.websphere.samples.daytrader.entities.OrderDataBean,4
daytrader,15,seed15_solution054,com.ibm.websphere.samples.daytrader.entities.QuoteDataBean,com.ibm.websphere.samples.daytrader.entities.QuoteDataBean,2
daytrader,15,seed15_solution054,com.ibm.websphere.samples.daytrader.util.CompleteOrderThread,com.ibm.websphere.samples.daytrader.util.CompleteOrderThread,0
daytrader,15,seed15_solution054,com.ibm.websphere.samples.daytrader.util.FinancialUtils,com.ibm.websphere.samples.daytrader.util.FinancialUtils,2
daytrader,15,seed15_solution054,com.ibm.websphere.samples.daytrader.util.KeyBlock,com.ibm.websphere.samples.daytrader.util.KeyBlock,5
daytrader,15,seed15_solution054,com.ibm.websphere.samples.daytrader.util.KeyBlock$KeyBlockIterator,com.ibm.websphere.samples.daytrader.util.KeyBlock$KeyBlockIterator,5
daytrader,15,seed15_solution054,com.ibm.websphere.samples.daytrader.util.Log,com.ibm.websphere.samples.daytrader.util.Log,0
daytrader,15,seed15_solution054,com.ibm.websphere.samples.daytrader.util.MDBStats,com.ibm.websphere.samples.daytrader.util.MDBStats,1
daytrader,15,seed15_solution054,com.ibm.websphere.samples.daytrader.util.TimerStat,com.ibm.websphere.samples.daytrader.util.TimerStat,1
daytrader,15,seed15_solution054,com.ibm.websphere.samples.daytrader.util.TradeConfig,com.ibm.websphere.samples.daytrader.util.TradeConfig,3
daytrader,15,seed15_solution054,com.ibm.websphere.samples.daytrader.util.WebSocketJMSMessage,com.ibm.websphere.samples.daytrader.util.WebSocketJMSMessage,6
daytrader,15,seed15_solution054,com.ibm.websphere.samples.daytrader.web.OrdersAlertFilter,com.ibm.websphere.samples.daytrader.web.OrdersAlertFilter,2
daytrader,15,seed15_solution054,com.ibm.websphere.samples.daytrader.web.TradeAppServlet,com.ibm.websphere.samples.daytrader.web.TradeAppServlet,5
daytrader,15,seed15_solution054,com.ibm.websphere.samples.daytrader.web.TradeServletAction,com.ibm.websphere.samples.daytrader.web.TradeServletAction,2
daytrader,15,seed15_solution054,com.ibm.websphere.samples.daytrader.web.TradeWebContextListener,com.ibm.websphere.samples.daytrader.web.TradeWebContextListener,3
daytrader,15,seed15_solution054,com.ibm.websphere.samples.daytrader.web.jsf.AccountDataJSF,com.ibm.websphere.samples.daytrader.web.jsf.AccountDataJSF,4
daytrader,15,seed15_solution054,com.ibm.websphere.samples.daytrader.web.jsf.ExternalContextProducer,com.ibm.websphere.samples.daytrader.web.jsf.ExternalContextProducer,7
daytrader,15,seed15_solution054,com.ibm.websphere.samples.daytrader.web.jsf.HoldingData,com.ibm.websphere.samples.daytrader.web.jsf.HoldingData,6
daytrader,15,seed15_solution054,com.ibm.websphere.samples.daytrader.web.jsf.JSFLoginFilter,com.ibm.websphere.samples.daytrader.web.jsf.JSFLoginFilter,6
daytrader,15,seed15_solution054,com.ibm.websphere.samples.daytrader.web.jsf.LoginValidator,com.ibm.websphere.samples.daytrader.web.jsf.LoginValidator,7
daytrader,15,seed15_solution054,com.ibm.websphere.samples.daytrader.web.jsf.MarketSummaryJSF,com.ibm.websphere.samples.daytrader.web.jsf.MarketSummaryJSF,2
daytrader,15,seed15_solution054,com.ibm.websphere.samples.daytrader.web.jsf.OrderData,com.ibm.websphere.samples.daytrader.web.jsf.OrderData,4
daytrader,15,seed15_solution054,com.ibm.websphere.samples.daytrader.web.jsf.OrderDataJSF,com.ibm.websphere.samples.daytrader.web.jsf.OrderDataJSF,4
daytrader,15,seed15_solution054,com.ibm.websphere.samples.daytrader.web.jsf.PortfolioJSF,com.ibm.websphere.samples.daytrader.web.jsf.PortfolioJSF,2
daytrader,15,seed15_solution054,com.ibm.websphere.samples.daytrader.web.jsf.QuoteData,com.ibm.websphere.samples.daytrader.web.jsf.QuoteData,2
daytrader,15,seed15_solution054,com.ibm.websphere.samples.daytrader.web.jsf.QuoteJSF,com.ibm.websphere.samples.daytrader.web.jsf.QuoteJSF,2
daytrader,15,seed15_solution054,com.ibm.websphere.samples.daytrader.web.jsf.TradeActionProducer,com.ibm.websphere.samples.daytrader.web.jsf.TradeActionProducer,0
daytrader,15,seed15_solution054,com.ibm.websphere.samples.daytrader.web.jsf.TradeAppJSF,com.ibm.websphere.samples.daytrader.web.jsf.TradeAppJSF,0
daytrader,15,seed15_solution054,com.ibm.websphere.samples.daytrader.web.jsf.TradeConfigJSF,com.ibm.websphere.samples.daytrader.web.jsf.TradeConfigJSF,3
daytrader,15,seed15_solution054,com.ibm.websphere.samples.daytrader.web.websocket.ActionDecoder,com.ibm.websphere.samples.daytrader.web.websocket.ActionDecoder,5
daytrader,15,seed15_solution054,com.ibm.websphere.samples.daytrader.web.websocket.ActionMessage,com.ibm.websphere.samples.daytrader.web.websocket.ActionMessage,6
daytrader,15,seed15_solution054,com.ibm.websphere.samples.daytrader.web.websocket.ActionMessage$1,com.ibm.websphere.samples.daytrader.web.websocket.ActionMessage$1,8
daytrader,15,seed15_solution054,com.ibm.websphere.samples.daytrader.web.websocket.JsonDecoder,com.ibm.websphere.samples.daytrader.web.websocket.JsonDecoder,6
daytrader,15,seed15_solution054,com.ibm.websphere.samples.daytrader.web.websocket.JsonEncoder,com.ibm.websphere.samples.daytrader.web.websocket.JsonEncoder,9
daytrader,15,seed15_solution054,com.ibm.websphere.samples.daytrader.web.websocket.JsonMessage,com.ibm.websphere.samples.daytrader.web.websocket.JsonMessage,9
daytrader,15,seed15_solution054,com.ibm.websphere.samples.daytrader.web.websocket.MarketSummaryWebSocket,com.ibm.websphere.samples.daytrader.web.websocket.MarketSummaryWebSocket,1
daytrader,15,seed15_solution054,com.ibm.websphere.samples.daytrader.web.websocket.RecentStockChangeList,com.ibm.websphere.samples.daytrader.web.websocket.RecentStockChangeList,2
daytrader,15,seed15_solution055,com.ibm.websphere.samples.daytrader.TradeAction,com.ibm.websphere.samples.daytrader.TradeAction,0
daytrader,15,seed15_solution055,com.ibm.websphere.samples.daytrader.TradeServices,com.ibm.websphere.samples.daytrader.TradeServices,0
daytrader,15,seed15_solution055,com.ibm.websphere.samples.daytrader.beans.MarketSummaryDataBean,com.ibm.websphere.samples.daytrader.beans.MarketSummaryDataBean,1
daytrader,15,seed15_solution055,com.ibm.websphere.samples.daytrader.beans.RunStatsDataBean,com.ibm.websphere.samples.daytrader.beans.RunStatsDataBean,0
daytrader,15,seed15_solution055,com.ibm.websphere.samples.daytrader.direct.KeySequenceDirect,com.ibm.websphere.samples.daytrader.direct.KeySequenceDirect,0
daytrader,15,seed15_solution055,com.ibm.websphere.samples.daytrader.direct.TradeDirect,com.ibm.websphere.samples.daytrader.direct.TradeDirect,0
daytrader,15,seed15_solution055,com.ibm.websphere.samples.daytrader.ejb3.DTBroker3MDB,com.ibm.websphere.samples.daytrader.ejb3.DTBroker3MDB,1
daytrader,15,seed15_solution055,com.ibm.websphere.samples.daytrader.ejb3.DTStreamer3MDB,com.ibm.websphere.samples.daytrader.ejb3.DTStreamer3MDB,1
daytrader,15,seed15_solution055,com.ibm.websphere.samples.daytrader.ejb3.MarketSummarySingleton,com.ibm.websphere.samples.daytrader.ejb3.MarketSummarySingleton,2
daytrader,15,seed15_solution055,com.ibm.websphere.samples.daytrader.ejb3.TradeSLSBBean,com.ibm.websphere.samples.daytrader.ejb3.TradeSLSBBean,3
daytrader,15,seed15_solution055,com.ibm.websphere.samples.daytrader.ejb3.TradeSLSBBean$quotePriceComparator,com.ibm.websphere.samples.daytrader.ejb3.TradeSLSBBean$quotePriceComparator,1
daytrader,15,seed15_solution055,com.ibm.websphere.samples.daytrader.ejb3.TradeSLSBLocal,com.ibm.websphere.samples.daytrader.ejb3.TradeSLSBLocal,3
daytrader,15,seed15_solution055,com.ibm.websphere.samples.daytrader.ejb3.TradeSLSBRemote,com.ibm.websphere.samples.daytrader.ejb3.TradeSLSBRemote,1
daytrader,15,seed15_solution055,com.ibm.websphere.samples.daytrader.entities.AccountDataBean,com.ibm.websphere.samples.daytrader.entities.AccountDataBean,0
daytrader,15,seed15_solution055,com.ibm.websphere.samples.daytrader.entities.AccountProfileDataBean,com.ibm.websphere.samples.daytrader.entities.AccountProfileDataBean,3
daytrader,15,seed15_solution055,com.ibm.websphere.samples.daytrader.entities.HoldingDataBean,com.ibm.websphere.samples.daytrader.entities.HoldingDataBean,1
daytrader,15,seed15_solution055,com.ibm.websphere.samples.daytrader.entities.OrderDataBean,com.ibm.websphere.samples.daytrader.entities.OrderDataBean,3
daytrader,15,seed15_solution055,com.ibm.websphere.samples.daytrader.entities.QuoteDataBean,com.ibm.websphere.samples.daytrader.entities.QuoteDataBean,1
daytrader,15,seed15_solution055,com.ibm.websphere.samples.daytrader.util.CompleteOrderThread,com.ibm.websphere.samples.daytrader.util.CompleteOrderThread,4
daytrader,15,seed15_solution055,com.ibm.websphere.samples.daytrader.util.FinancialUtils,com.ibm.websphere.samples.daytrader.util.FinancialUtils,2
daytrader,15,seed15_solution055,com.ibm.websphere.samples.daytrader.util.KeyBlock,com.ibm.websphere.samples.daytrader.util.KeyBlock,5
daytrader,15,seed15_solution055,com.ibm.websphere.samples.daytrader.util.KeyBlock$KeyBlockIterator,com.ibm.websphere.samples.daytrader.util.KeyBlock$KeyBlockIterator,5
daytrader,15,seed15_solution055,com.ibm.websphere.samples.daytrader.util.Log,com.ibm.websphere.samples.daytrader.util.Log,0
daytrader,15,seed15_solution055,com.ibm.websphere.samples.daytrader.util.MDBStats,com.ibm.websphere.samples.daytrader.util.MDBStats,1
daytrader,15,seed15_solution055,com.ibm.websphere.samples.daytrader.util.TimerStat,com.ibm.websphere.samples.daytrader.util.TimerStat,4
daytrader,15,seed15_solution055,com.ibm.websphere.samples.daytrader.util.TradeConfig,com.ibm.websphere.samples.daytrader.util.TradeConfig,2
daytrader,15,seed15_solution055,com.ibm.websphere.samples.daytrader.util.WebSocketJMSMessage,com.ibm.websphere.samples.daytrader.util.WebSocketJMSMessage,1
daytrader,15,seed15_solution055,com.ibm.websphere.samples.daytrader.web.OrdersAlertFilter,com.ibm.websphere.samples.daytrader.web.OrdersAlertFilter,0
daytrader,15,seed15_solution055,com.ibm.websphere.samples.daytrader.web.TradeAppServlet,com.ibm.websphere.samples.daytrader.web.TradeAppServlet,4
daytrader,15,seed15_solution055,com.ibm.websphere.samples.daytrader.web.TradeServletAction,com.ibm.websphere.samples.daytrader.web.TradeServletAction,0
daytrader,15,seed15_solution055,com.ibm.websphere.samples.daytrader.web.TradeWebContextListener,com.ibm.websphere.samples.daytrader.web.TradeWebContextListener,1
daytrader,15,seed15_solution055,com.ibm.websphere.samples.daytrader.web.jsf.AccountDataJSF,com.ibm.websphere.samples.daytrader.web.jsf.AccountDataJSF,3
daytrader,15,seed15_solution055,com.ibm.websphere.samples.daytrader.web.jsf.ExternalContextProducer,com.ibm.websphere.samples.daytrader.web.jsf.ExternalContextProducer,0
daytrader,15,seed15_solution055,com.ibm.websphere.samples.daytrader.web.jsf.HoldingData,com.ibm.websphere.samples.daytrader.web.jsf.HoldingData,0
daytrader,15,seed15_solution055,com.ibm.websphere.samples.daytrader.web.jsf.JSFLoginFilter,com.ibm.websphere.samples.daytrader.web.jsf.JSFLoginFilter,4
daytrader,15,seed15_solution055,com.ibm.websphere.samples.daytrader.web.jsf.LoginValidator,com.ibm.websphere.samples.daytrader.web.jsf.LoginValidator,4
daytrader,15,seed15_solution055,com.ibm.websphere.samples.daytrader.web.jsf.MarketSummaryJSF,com.ibm.websphere.samples.daytrader.web.jsf.MarketSummaryJSF,2
daytrader,15,seed15_solution055,com.ibm.websphere.samples.daytrader.web.jsf.OrderData,com.ibm.websphere.samples.daytrader.web.jsf.OrderData,1
daytrader,15,seed15_solution055,com.ibm.websphere.samples.daytrader.web.jsf.OrderDataJSF,com.ibm.websphere.samples.daytrader.web.jsf.OrderDataJSF,1
daytrader,15,seed15_solution055,com.ibm.websphere.samples.daytrader.web.jsf.PortfolioJSF,com.ibm.websphere.samples.daytrader.web.jsf.PortfolioJSF,1
daytrader,15,seed15_solution055,com.ibm.websphere.samples.daytrader.web.jsf.QuoteData,com.ibm.websphere.samples.daytrader.web.jsf.QuoteData,0
daytrader,15,seed15_solution055,com.ibm.websphere.samples.daytrader.web.jsf.QuoteJSF,com.ibm.websphere.samples.daytrader.web.jsf.QuoteJSF,1
daytrader,15,seed15_solution055,com.ibm.websphere.samples.daytrader.web.jsf.TradeActionProducer,com.ibm.websphere.samples.daytrader.web.jsf.TradeActionProducer,0
daytrader,15,seed15_solution055,com.ibm.websphere.samples.daytrader.web.jsf.TradeAppJSF,com.ibm.websphere.samples.daytrader.web.jsf.TradeAppJSF,0
daytrader,15,seed15_solution055,com.ibm.websphere.samples.daytrader.web.jsf.TradeConfigJSF,com.ibm.websphere.samples.daytrader.web.jsf.TradeConfigJSF,2
daytrader,15,seed15_solution055,com.ibm.websphere.samples.daytrader.web.websocket.ActionDecoder,com.ibm.websphere.samples.daytrader.web.websocket.ActionDecoder,2
daytrader,15,seed15_solution055,com.ibm.websphere.samples.daytrader.web.websocket.ActionMessage,com.ibm.websphere.samples.daytrader.web.websocket.ActionMessage,0
daytrader,15,seed15_solution055,com.ibm.websphere.samples.daytrader.web.websocket.ActionMessage$1,com.ibm.websphere.samples.daytrader.web.websocket.ActionMessage$1,0
daytrader,15,seed15_solution055,com.ibm.websphere.samples.daytrader.web.websocket.JsonDecoder,com.ibm.websphere.samples.daytrader.web.websocket.JsonDecoder,6
daytrader,15,seed15_solution055,com.ibm.websphere.samples.daytrader.web.websocket.JsonEncoder,com.ibm.websphere.samples.daytrader.web.websocket.JsonEncoder,1
daytrader,15,seed15_solution055,com.ibm.websphere.samples.daytrader.web.websocket.JsonMessage,com.ibm.websphere.samples.daytrader.web.websocket.JsonMessage,6
daytrader,15,seed15_solution055,com.ibm.websphere.samples.daytrader.web.websocket.MarketSummaryWebSocket,com.ibm.websphere.samples.daytrader.web.websocket.MarketSummaryWebSocket,4
daytrader,15,seed15_solution055,com.ibm.websphere.samples.daytrader.web.websocket.RecentStockChangeList,com.ibm.websphere.samples.daytrader.web.websocket.RecentStockChangeList,4
daytrader,15,seed15_solution056,com.ibm.websphere.samples.daytrader.TradeAction,com.ibm.websphere.samples.daytrader.TradeAction,0
daytrader,15,seed15_solution056,com.ibm.websphere.samples.daytrader.TradeServices,com.ibm.websphere.samples.daytrader.TradeServices,0
daytrader,15,seed15_solution056,com.ibm.websphere.samples.daytrader.beans.MarketSummaryDataBean,com.ibm.websphere.samples.daytrader.beans.MarketSummaryDataBean,1
daytrader,15,seed15_solution056,com.ibm.websphere.samples.daytrader.beans.RunStatsDataBean,com.ibm.websphere.samples.daytrader.beans.RunStatsDataBean,1
daytrader,15,seed15_solution056,com.ibm.websphere.samples.daytrader.direct.KeySequenceDirect,com.ibm.websphere.samples.daytrader.direct.KeySequenceDirect,1
daytrader,15,seed15_solution056,com.ibm.websphere.samples.daytrader.direct.TradeDirect,com.ibm.websphere.samples.daytrader.direct.TradeDirect,2
daytrader,15,seed15_solution056,com.ibm.websphere.samples.daytrader.ejb3.DTBroker3MDB,com.ibm.websphere.samples.daytrader.ejb3.DTBroker3MDB,0
daytrader,15,seed15_solution056,com.ibm.websphere.samples.daytrader.ejb3.DTStreamer3MDB,com.ibm.websphere.samples.daytrader.ejb3.DTStreamer3MDB,1
daytrader,15,seed15_solution056,com.ibm.websphere.samples.daytrader.ejb3.MarketSummarySingleton,com.ibm.websphere.samples.daytrader.ejb3.MarketSummarySingleton,0
daytrader,15,seed15_solution056,com.ibm.websphere.samples.daytrader.ejb3.TradeSLSBBean,com.ibm.websphere.samples.daytrader.ejb3.TradeSLSBBean,0
daytrader,15,seed15_solution056,com.ibm.websphere.samples.daytrader.ejb3.TradeSLSBBean$quotePriceComparator,com.ibm.websphere.samples.daytrader.ejb3.TradeSLSBBean$quotePriceComparator,1
daytrader,15,seed15_solution056,com.ibm.websphere.samples.daytrader.ejb3.TradeSLSBLocal,com.ibm.websphere.samples.daytrader.ejb3.TradeSLSBLocal,0
daytrader,15,seed15_solution056,com.ibm.websphere.samples.daytrader.ejb3.TradeSLSBRemote,com.ibm.websphere.samples.daytrader.ejb3.TradeSLSBRemote,1
daytrader,15,seed15_solution056,com.ibm.websphere.samples.daytrader.entities.AccountDataBean,com.ibm.websphere.samples.daytrader.entities.AccountDataBean,0
daytrader,15,seed15_solution056,com.ibm.websphere.samples.daytrader.entities.AccountProfileDataBean,com.ibm.websphere.samples.daytrader.entities.AccountProfileDataBean,0
daytrader,15,seed15_solution056,com.ibm.websphere.samples.daytrader.entities.HoldingDataBean,com.ibm.websphere.samples.daytrader.entities.HoldingDataBean,0
daytrader,15,seed15_solution056,com.ibm.websphere.samples.daytrader.entities.OrderDataBean,com.ibm.websphere.samples.daytrader.entities.OrderDataBean,1
daytrader,15,seed15_solution056,com.ibm.websphere.samples.daytrader.entities.QuoteDataBean,com.ibm.websphere.samples.daytrader.entities.QuoteDataBean,0
daytrader,15,seed15_solution056,com.ibm.websphere.samples.daytrader.util.CompleteOrderThread,com.ibm.websphere.samples.daytrader.util.CompleteOrderThread,0
daytrader,15,seed15_solution056,com.ibm.websphere.samples.daytrader.util.FinancialUtils,com.ibm.websphere.samples.daytrader.util.FinancialUtils,0
daytrader,15,seed15_solution056,com.ibm.websphere.samples.daytrader.util.KeyBlock,com.ibm.websphere.samples.daytrader.util.KeyBlock,1
daytrader,15,seed15_solution056,com.ibm.websphere.samples.daytrader.util.KeyBlock$KeyBlockIterator,com.ibm.websphere.samples.daytrader.util.KeyBlock$KeyBlockIterator,1
daytrader,15,seed15_solution056,com.ibm.websphere.samples.daytrader.util.Log,com.ibm.websphere.samples.daytrader.util.Log,0
daytrader,15,seed15_solution056,com.ibm.websphere.samples.daytrader.util.MDBStats,com.ibm.websphere.samples.daytrader.util.MDBStats,1
daytrader,15,seed15_solution056,com.ibm.websphere.samples.daytrader.util.TimerStat,com.ibm.websphere.samples.daytrader.util.TimerStat,1
daytrader,15,seed15_solution056,com.ibm.websphere.samples.daytrader.util.TradeConfig,com.ibm.websphere.samples.daytrader.util.TradeConfig,1
daytrader,15,seed15_solution056,com.ibm.websphere.samples.daytrader.util.WebSocketJMSMessage,com.ibm.websphere.samples.daytrader.util.WebSocketJMSMessage,0
daytrader,15,seed15_solution056,com.ibm.websphere.samples.daytrader.web.OrdersAlertFilter,com.ibm.websphere.samples.daytrader.web.OrdersAlertFilter,0
daytrader,15,seed15_solution056,com.ibm.websphere.samples.daytrader.web.TradeAppServlet,com.ibm.websphere.samples.daytrader.web.TradeAppServlet,1
daytrader,15,seed15_solution056,com.ibm.websphere.samples.daytrader.web.TradeServletAction,com.ibm.websphere.samples.daytrader.web.TradeServletAction,0
daytrader,15,seed15_solution056,com.ibm.websphere.samples.daytrader.web.TradeWebContextListener,com.ibm.websphere.samples.daytrader.web.TradeWebContextListener,1
daytrader,15,seed15_solution056,com.ibm.websphere.samples.daytrader.web.jsf.AccountDataJSF,com.ibm.websphere.samples.daytrader.web.jsf.AccountDataJSF,0
daytrader,15,seed15_solution056,com.ibm.websphere.samples.daytrader.web.jsf.ExternalContextProducer,com.ibm.websphere.samples.daytrader.web.jsf.ExternalContextProducer,0
daytrader,15,seed15_solution056,com.ibm.websphere.samples.daytrader.web.jsf.HoldingData,com.ibm.websphere.samples.daytrader.web.jsf.HoldingData,0
daytrader,15,seed15_solution056,com.ibm.websphere.samples.daytrader.web.jsf.JSFLoginFilter,com.ibm.websphere.samples.daytrader.web.jsf.JSFLoginFilter,2
daytrader,15,seed15_solution056,com.ibm.websphere.samples.daytrader.web.jsf.LoginValidator,com.ibm.websphere.samples.daytrader.web.jsf.LoginValidator,2
daytrader,15,seed15_solution056,com.ibm.websphere.samples.daytrader.web.jsf.MarketSummaryJSF,com.ibm.websphere.samples.daytrader.web.jsf.MarketSummaryJSF,2
daytrader,15,seed15_solution056,com.ibm.websphere.samples.daytrader.web.jsf.OrderData,com.ibm.websphere.samples.daytrader.web.jsf.OrderData,2
daytrader,15,seed15_solution056,com.ibm.websphere.samples.daytrader.web.jsf.OrderDataJSF,com.ibm.websphere.samples.daytrader.web.jsf.OrderDataJSF,2
daytrader,15,seed15_solution056,com.ibm.websphere.samples.daytrader.web.jsf.PortfolioJSF,com.ibm.websphere.samples.daytrader.web.jsf.PortfolioJSF,1
daytrader,15,seed15_solution056,com.ibm.websphere.samples.daytrader.web.jsf.QuoteData,com.ibm.websphere.samples.daytrader.web.jsf.QuoteData,2
daytrader,15,seed15_solution056,com.ibm.websphere.samples.daytrader.web.jsf.QuoteJSF,com.ibm.websphere.samples.daytrader.web.jsf.QuoteJSF,2
daytrader,15,seed15_solution056,com.ibm.websphere.samples.daytrader.web.jsf.TradeActionProducer,com.ibm.websphere.samples.daytrader.web.jsf.TradeActionProducer,2
daytrader,15,seed15_solution056,com.ibm.websphere.samples.daytrader.web.jsf.TradeAppJSF,com.ibm.websphere.samples.daytrader.web.jsf.TradeAppJSF,2
daytrader,15,seed15_solution056,com.ibm.websphere.samples.daytrader.web.jsf.TradeConfigJSF,com.ibm.websphere.samples.daytrader.web.jsf.TradeConfigJSF,1
daytrader,15,seed15_solution056,com.ibm.websphere.samples.daytrader.web.websocket.ActionDecoder,com.ibm.websphere.samples.daytrader.web.websocket.ActionDecoder,2
daytrader,15,seed15_solution056,com.ibm.websphere.samples.daytrader.web.websocket.ActionMessage,com.ibm.websphere.samples.daytrader.web.websocket.ActionMessage,2
daytrader,15,seed15_solution056,com.ibm.websphere.samples.daytrader.web.websocket.ActionMessage$1,com.ibm.websphere.samples.daytrader.web.websocket.ActionMessage$1,2
daytrader,15,seed15_solution056,com.ibm.websphere.samples.daytrader.web.websocket.JsonDecoder,com.ibm.websphere.samples.daytrader.web.websocket.JsonDecoder,2
daytrader,15,seed15_solution056,com.ibm.websphere.samples.daytrader.web.websocket.JsonEncoder,com.ibm.websphere.samples.daytrader.web.websocket.JsonEncoder,2
daytrader,15,seed15_solution056,com.ibm.websphere.samples.daytrader.web.websocket.JsonMessage,com.ibm.websphere.samples.daytrader.web.websocket.JsonMessage,2
daytrader,15,seed15_solution056,com.ibm.websphere.samples.daytrader.web.websocket.MarketSummaryWebSocket,com.ibm.websphere.samples.daytrader.web.websocket.MarketSummaryWebSocket,1
daytrader,15,seed15_solution056,com.ibm.websphere.samples.daytrader.web.websocket.RecentStockChangeList,com.ibm.websphere.samples.daytrader.web.websocket.RecentStockChangeList,2
daytrader,15,seed15_solution057,com.ibm.websphere.samples.daytrader.TradeAction,com.ibm.websphere.samples.daytrader.TradeAction,0
daytrader,15,seed15_solution057,com.ibm.websphere.samples.daytrader.TradeServices,com.ibm.websphere.samples.daytrader.TradeServices,0
daytrader,15,seed15_solution057,com.ibm.websphere.samples.daytrader.beans.MarketSummaryDataBean,com.ibm.websphere.samples.daytrader.beans.MarketSummaryDataBean,0
daytrader,15,seed15_solution057,com.ibm.websphere.samples.daytrader.beans.RunStatsDataBean,com.ibm.websphere.samples.daytrader.beans.RunStatsDataBean,1
daytrader,15,seed15_solution057,com.ibm.websphere.samples.daytrader.direct.KeySequenceDirect,com.ibm.websphere.samples.daytrader.direct.KeySequenceDirect,1
daytrader,15,seed15_solution057,com.ibm.websphere.samples.daytrader.direct.TradeDirect,com.ibm.websphere.samples.daytrader.direct.TradeDirect,2
daytrader,15,seed15_solution057,com.ibm.websphere.samples.daytrader.ejb3.DTBroker3MDB,com.ibm.websphere.samples.daytrader.ejb3.DTBroker3MDB,3
daytrader,15,seed15_solution057,com.ibm.websphere.samples.daytrader.ejb3.DTStreamer3MDB,com.ibm.websphere.samples.daytrader.ejb3.DTStreamer3MDB,3
daytrader,15,seed15_solution057,com.ibm.websphere.samples.daytrader.ejb3.MarketSummarySingleton,com.ibm.websphere.samples.daytrader.ejb3.MarketSummarySingleton,1
daytrader,15,seed15_solution057,com.ibm.websphere.samples.daytrader.ejb3.TradeSLSBBean,com.ibm.websphere.samples.daytrader.ejb3.TradeSLSBBean,0
daytrader,15,seed15_solution057,com.ibm.websphere.samples.daytrader.ejb3.TradeSLSBBean$quotePriceComparator,com.ibm.websphere.samples.daytrader.ejb3.TradeSLSBBean$quotePriceComparator,4
daytrader,15,seed15_solution057,com.ibm.websphere.samples.daytrader.ejb3.TradeSLSBLocal,com.ibm.websphere.samples.daytrader.ejb3.TradeSLSBLocal,0
daytrader,15,seed15_solution057,com.ibm.websphere.samples.daytrader.ejb3.TradeSLSBRemote,com.ibm.websphere.samples.daytrader.ejb3.TradeSLSBRemote,5
daytrader,15,seed15_solution057,com.ibm.websphere.samples.daytrader.entities.AccountDataBean,com.ibm.websphere.samples.daytrader.entities.AccountDataBean,0
daytrader,15,seed15_solution057,com.ibm.websphere.samples.daytrader.entities.AccountProfileDataBean,com.ibm.websphere.samples.daytrader.entities.AccountProfileDataBean,0
daytrader,15,seed15_solution057,com.ibm.websphere.samples.daytrader.entities.HoldingDataBean,com.ibm.websphere.samples.daytrader.entities.HoldingDataBean,0
daytrader,15,seed15_solution057,com.ibm.websphere.samples.daytrader.entities.OrderDataBean,com.ibm.websphere.samples.daytrader.entities.OrderDataBean,0
daytrader,15,seed15_solution057,com.ibm.websphere.samples.daytrader.entities.QuoteDataBean,com.ibm.websphere.samples.daytrader.entities.QuoteDataBean,0
daytrader,15,seed15_solution057,com.ibm.websphere.samples.daytrader.util.CompleteOrderThread,com.ibm.websphere.samples.daytrader.util.CompleteOrderThread,5
daytrader,15,seed15_solution057,com.ibm.websphere.samples.daytrader.util.FinancialUtils,com.ibm.websphere.samples.daytrader.util.FinancialUtils,0
daytrader,15,seed15_solution057,com.ibm.websphere.samples.daytrader.util.KeyBlock,com.ibm.websphere.samples.daytrader.util.KeyBlock,1
daytrader,15,seed15_solution057,com.ibm.websphere.samples.daytrader.util.KeyBlock$KeyBlockIterator,com.ibm.websphere.samples.daytrader.util.KeyBlock$KeyBlockIterator,1
daytrader,15,seed15_solution057,com.ibm.websphere.samples.daytrader.util.Log,com.ibm.websphere.samples.daytrader.util.Log,2
daytrader,15,seed15_solution057,com.ibm.websphere.samples.daytrader.util.MDBStats,com.ibm.websphere.samples.daytrader.util.MDBStats,1
daytrader,15,seed15_solution057,com.ibm.websphere.samples.daytrader.util.TimerStat,com.ibm.websphere.samples.daytrader.util.TimerStat,5
daytrader,15,seed15_solution057,com.ibm.websphere.samples.daytrader.util.TradeConfig,com.ibm.websphere.samples.daytrader.util.TradeConfig,0
daytrader,15,seed15_solution057,com.ibm.websphere.samples.daytrader.util.WebSocketJMSMessage,com.ibm.websphere.samples.daytrader.util.WebSocketJMSMessage,5
daytrader,15,seed15_solution057,com.ibm.websphere.samples.daytrader.web.OrdersAlertFilter,com.ibm.websphere.samples.daytrader.web.OrdersAlertFilter,4
daytrader,15,seed15_solution057,com.ibm.websphere.samples.daytrader.web.TradeAppServlet,com.ibm.websphere.samples.daytrader.web.TradeAppServlet,3
daytrader,15,seed15_solution057,com.ibm.websphere.samples.daytrader.web.TradeServletAction,com.ibm.websphere.samples.daytrader.web.TradeServletAction,0
daytrader,15,seed15_solution057,com.ibm.websphere.samples.daytrader.web.TradeWebContextListener,com.ibm.websphere.samples.daytrader.web.TradeWebContextListener,3
daytrader,15,seed15_solution057,com.ibm.websphere.samples.daytrader.web.jsf.AccountDataJSF,com.ibm.websphere.samples.daytrader.web.jsf.AccountDataJSF,0
daytrader,15,seed15_solution057,com.ibm.websphere.samples.daytrader.web.jsf.ExternalContextProducer,com.ibm.websphere.samples.daytrader.web.jsf.ExternalContextProducer,3
daytrader,15,seed15_solution057,com.ibm.websphere.samples.daytrader.web.jsf.HoldingData,com.ibm.websphere.samples.daytrader.web.jsf.HoldingData,1
daytrader,15,seed15_solution057,com.ibm.websphere.samples.daytrader.web.jsf.JSFLoginFilter,com.ibm.websphere.samples.daytrader.web.jsf.JSFLoginFilter,5
daytrader,15,seed15_solution057,com.ibm.websphere.samples.daytrader.web.jsf.LoginValidator,com.ibm.websphere.samples.daytrader.web.jsf.LoginValidator,3
daytrader,15,seed15_solution057,com.ibm.websphere.samples.daytrader.web.jsf.MarketSummaryJSF,com.ibm.websphere.samples.daytrader.web.jsf.MarketSummaryJSF,1
daytrader,15,seed15_solution057,com.ibm.websphere.samples.daytrader.web.jsf.OrderData,com.ibm.websphere.samples.daytrader.web.jsf.OrderData,5
daytrader,15,seed15_solution057,com.ibm.websphere.samples.daytrader.web.jsf.OrderDataJSF,com.ibm.websphere.samples.daytrader.web.jsf.OrderDataJSF,4
daytrader,15,seed15_solution057,com.ibm.websphere.samples.daytrader.web.jsf.PortfolioJSF,com.ibm.websphere.samples.daytrader.web.jsf.PortfolioJSF,1
daytrader,15,seed15_solution057,com.ibm.websphere.samples.daytrader.web.jsf.QuoteData,com.ibm.websphere.samples.daytrader.web.jsf.QuoteData,0
daytrader,15,seed15_solution057,com.ibm.websphere.samples.daytrader.web.jsf.QuoteJSF,com.ibm.websphere.samples.daytrader.web.jsf.QuoteJSF,3
daytrader,15,seed15_solution057,com.ibm.websphere.samples.daytrader.web.jsf.TradeActionProducer,com.ibm.websphere.samples.daytrader.web.jsf.TradeActionProducer,0
daytrader,15,seed15_solution057,com.ibm.websphere.samples.daytrader.web.jsf.TradeAppJSF,com.ibm.websphere.samples.daytrader.web.jsf.TradeAppJSF,3
daytrader,15,seed15_solution057,com.ibm.websphere.samples.daytrader.web.jsf.TradeConfigJSF,com.ibm.websphere.samples.daytrader.web.jsf.TradeConfigJSF,5
daytrader,15,seed15_solution057,com.ibm.websphere.samples.daytrader.web.websocket.ActionDecoder,com.ibm.websphere.samples.daytrader.web.websocket.ActionDecoder,3
daytrader,15,seed15_solution057,com.ibm.websphere.samples.daytrader.web.websocket.ActionMessage,com.ibm.websphere.samples.daytrader.web.websocket.ActionMessage,5
daytrader,15,seed15_solution057,com.ibm.websphere.samples.daytrader.web.websocket.ActionMessage$1,com.ibm.websphere.samples.daytrader.web.websocket.ActionMessage$1,3
daytrader,15,seed15_solution057,com.ibm.websphere.samples.daytrader.web.websocket.JsonDecoder,com.ibm.websphere.samples.daytrader.web.websocket.JsonDecoder,5
daytrader,15,seed15_solution057,com.ibm.websphere.samples.daytrader.web.websocket.JsonEncoder,com.ibm.websphere.samples.daytrader.web.websocket.JsonEncoder,5
daytrader,15,seed15_solution057,com.ibm.websphere.samples.daytrader.web.websocket.JsonMessage,com.ibm.websphere.samples.daytrader.web.websocket.JsonMessage,1
daytrader,15,seed15_solution057,com.ibm.websphere.samples.daytrader.web.websocket.MarketSummaryWebSocket,com.ibm.websphere.samples.daytrader.web.websocket.MarketSummaryWebSocket,5
daytrader,15,seed15_solution057,com.ibm.websphere.samples.daytrader.web.websocket.RecentStockChangeList,com.ibm.websphere.samples.daytrader.web.websocket.RecentStockChangeList,5
daytrader,15,seed15_solution058,com.ibm.websphere.samples.daytrader.TradeAction,com.ibm.websphere.samples.daytrader.TradeAction,0
daytrader,15,seed15_solution058,com.ibm.websphere.samples.daytrader.TradeServices,com.ibm.websphere.samples.daytrader.TradeServices,0
daytrader,15,seed15_solution058,com.ibm.websphere.samples.daytrader.beans.MarketSummaryDataBean,com.ibm.websphere.samples.daytrader.beans.MarketSummaryDataBean,1
daytrader,15,seed15_solution058,com.ibm.websphere.samples.daytrader.beans.RunStatsDataBean,com.ibm.websphere.samples.daytrader.beans.RunStatsDataBean,1
daytrader,15,seed15_solution058,com.ibm.websphere.samples.daytrader.direct.KeySequenceDirect,com.ibm.websphere.samples.daytrader.direct.KeySequenceDirect,1
daytrader,15,seed15_solution058,com.ibm.websphere.samples.daytrader.direct.TradeDirect,com.ibm.websphere.samples.daytrader.direct.TradeDirect,2
daytrader,15,seed15_solution058,com.ibm.websphere.samples.daytrader.ejb3.DTBroker3MDB,com.ibm.websphere.samples.daytrader.ejb3.DTBroker3MDB,0
daytrader,15,seed15_solution058,com.ibm.websphere.samples.daytrader.ejb3.DTStreamer3MDB,com.ibm.websphere.samples.daytrader.ejb3.DTStreamer3MDB,2
daytrader,15,seed15_solution058,com.ibm.websphere.samples.daytrader.ejb3.MarketSummarySingleton,com.ibm.websphere.samples.daytrader.ejb3.MarketSummarySingleton,0
daytrader,15,seed15_solution058,com.ibm.websphere.samples.daytrader.ejb3.TradeSLSBBean,com.ibm.websphere.samples.daytrader.ejb3.TradeSLSBBean,0
daytrader,15,seed15_solution058,com.ibm.websphere.samples.daytrader.ejb3.TradeSLSBBean$quotePriceComparator,com.ibm.websphere.samples.daytrader.ejb3.TradeSLSBBean$quotePriceComparator,2
daytrader,15,seed15_solution058,com.ibm.websphere.samples.daytrader.ejb3.TradeSLSBLocal,com.ibm.websphere.samples.daytrader.ejb3.TradeSLSBLocal,0
daytrader,15,seed15_solution058,com.ibm.websphere.samples.daytrader.ejb3.TradeSLSBRemote,com.ibm.websphere.samples.daytrader.ejb3.TradeSLSBRemote,1
daytrader,15,seed15_solution058,com.ibm.websphere.samples.daytrader.entities.AccountDataBean,com.ibm.websphere.samples.daytrader.entities.AccountDataBean,0
daytrader,15,seed15_solution058,com.ibm.websphere.samples.daytrader.entities.AccountProfileDataBean,com.ibm.websphere.samples.daytrader.entities.AccountProfileDataBean,0
daytrader,15,seed15_solution058,com.ibm.websphere.samples.daytrader.entities.HoldingDataBean,com.ibm.websphere.samples.daytrader.entities.HoldingDataBean,0
daytrader,15,seed15_solution058,com.ibm.websphere.samples.daytrader.entities.OrderDataBean,com.ibm.websphere.samples.daytrader.entities.OrderDataBean,1
daytrader,15,seed15_solution058,com.ibm.websphere.samples.daytrader.entities.QuoteDataBean,com.ibm.websphere.samples.daytrader.entities.QuoteDataBean,2
daytrader,15,seed15_solution058,com.ibm.websphere.samples.daytrader.util.CompleteOrderThread,com.ibm.websphere.samples.daytrader.util.CompleteOrderThread,0
daytrader,15,seed15_solution058,com.ibm.websphere.samples.daytrader.util.FinancialUtils,com.ibm.websphere.samples.daytrader.util.FinancialUtils,0
daytrader,15,seed15_solution058,com.ibm.websphere.samples.daytrader.util.KeyBlock,com.ibm.websphere.samples.daytrader.util.KeyBlock,1
daytrader,15,seed15_solution058,com.ibm.websphere.samples.daytrader.util.KeyBlock$KeyBlockIterator,com.ibm.websphere.samples.daytrader.util.KeyBlock$KeyBlockIterator,1
daytrader,15,seed15_solution058,com.ibm.websphere.samples.daytrader.util.Log,com.ibm.websphere.samples.daytrader.util.Log,0
daytrader,15,seed15_solution058,com.ibm.websphere.samples.daytrader.util.MDBStats,com.ibm.websphere.samples.daytrader.util.MDBStats,2
daytrader,15,seed15_solution058,com.ibm.websphere.samples.daytrader.util.TimerStat,com.ibm.websphere.samples.daytrader.util.TimerStat,1
daytrader,15,seed15_solution058,com.ibm.websphere.samples.daytrader.util.TradeConfig,com.ibm.websphere.samples.daytrader.util.TradeConfig,1
daytrader,15,seed15_solution058,com.ibm.websphere.samples.daytrader.util.WebSocketJMSMessage,com.ibm.websphere.samples.daytrader.util.WebSocketJMSMessage,0
daytrader,15,seed15_solution058,com.ibm.websphere.samples.daytrader.web.OrdersAlertFilter,com.ibm.websphere.samples.daytrader.web.OrdersAlertFilter,1
daytrader,15,seed15_solution058,com.ibm.websphere.samples.daytrader.web.TradeAppServlet,com.ibm.websphere.samples.daytrader.web.TradeAppServlet,1
daytrader,15,seed15_solution058,com.ibm.websphere.samples.daytrader.web.TradeServletAction,com.ibm.websphere.samples.daytrader.web.TradeServletAction,0
daytrader,15,seed15_solution058,com.ibm.websphere.samples.daytrader.web.TradeWebContextListener,com.ibm.websphere.samples.daytrader.web.TradeWebContextListener,1
daytrader,15,seed15_solution058,com.ibm.websphere.samples.daytrader.web.jsf.AccountDataJSF,com.ibm.websphere.samples.daytrader.web.jsf.AccountDataJSF,0
daytrader,15,seed15_solution058,com.ibm.websphere.samples.daytrader.web.jsf.ExternalContextProducer,com.ibm.websphere.samples.daytrader.web.jsf.ExternalContextProducer,0
daytrader,15,seed15_solution058,com.ibm.websphere.samples.daytrader.web.jsf.HoldingData,com.ibm.websphere.samples.daytrader.web.jsf.HoldingData,0
daytrader,15,seed15_solution058,com.ibm.websphere.samples.daytrader.web.jsf.JSFLoginFilter,com.ibm.websphere.samples.daytrader.web.jsf.JSFLoginFilter,2
daytrader,15,seed15_solution058,com.ibm.websphere.samples.daytrader.web.jsf.LoginValidator,com.ibm.websphere.samples.daytrader.web.jsf.LoginValidator,2
daytrader,15,seed15_solution058,com.ibm.websphere.samples.daytrader.web.jsf.MarketSummaryJSF,com.ibm.websphere.samples.daytrader.web.jsf.MarketSummaryJSF,2
daytrader,15,seed15_solution058,com.ibm.websphere.samples.daytrader.web.jsf.OrderData,com.ibm.websphere.samples.daytrader.web.jsf.OrderData,2
daytrader,15,seed15_solution058,com.ibm.websphere.samples.daytrader.web.jsf.OrderDataJSF,com.ibm.websphere.samples.daytrader.web.jsf.OrderDataJSF,2
daytrader,15,seed15_solution058,com.ibm.websphere.samples.daytrader.web.jsf.PortfolioJSF,com.ibm.websphere.samples.daytrader.web.jsf.PortfolioJSF,1
daytrader,15,seed15_solution058,com.ibm.websphere.samples.daytrader.web.jsf.QuoteData,com.ibm.websphere.samples.daytrader.web.jsf.QuoteData,2
daytrader,15,seed15_solution058,com.ibm.websphere.samples.daytrader.web.jsf.QuoteJSF,com.ibm.websphere.samples.daytrader.web.jsf.QuoteJSF,2
daytrader,15,seed15_solution058,com.ibm.websphere.samples.daytrader.web.jsf.TradeActionProducer,com.ibm.websphere.samples.daytrader.web.jsf.TradeActionProducer,2
daytrader,15,seed15_solution058,com.ibm.websphere.samples.daytrader.web.jsf.TradeAppJSF,com.ibm.websphere.samples.daytrader.web.jsf.TradeAppJSF,2
daytrader,15,seed15_solution058,com.ibm.websphere.samples.daytrader.web.jsf.TradeConfigJSF,com.ibm.websphere.samples.daytrader.web.jsf.TradeConfigJSF,1
daytrader,15,seed15_solution058,com.ibm.websphere.samples.daytrader.web.websocket.ActionDecoder,com.ibm.websphere.samples.daytrader.web.websocket.ActionDecoder,2
daytrader,15,seed15_solution058,com.ibm.websphere.samples.daytrader.web.websocket.ActionMessage,com.ibm.websphere.samples.daytrader.web.websocket.ActionMessage,2
daytrader,15,seed15_solution058,com.ibm.websphere.samples.daytrader.web.websocket.ActionMessage$1,com.ibm.websphere.samples.daytrader.web.websocket.ActionMessage$1,2
daytrader,15,seed15_solution058,com.ibm.websphere.samples.daytrader.web.websocket.JsonDecoder,com.ibm.websphere.samples.daytrader.web.websocket.JsonDecoder,2
daytrader,15,seed15_solution058,com.ibm.websphere.samples.daytrader.web.websocket.JsonEncoder,com.ibm.websphere.samples.daytrader.web.websocket.JsonEncoder,2
daytrader,15,seed15_solution058,com.ibm.websphere.samples.daytrader.web.websocket.JsonMessage,com.ibm.websphere.samples.daytrader.web.websocket.JsonMessage,2
daytrader,15,seed15_solution058,com.ibm.websphere.samples.daytrader.web.websocket.MarketSummaryWebSocket,com.ibm.websphere.samples.daytrader.web.websocket.MarketSummaryWebSocket,1
daytrader,15,seed15_solution058,com.ibm.websphere.samples.daytrader.web.websocket.RecentStockChangeList,com.ibm.websphere.samples.daytrader.web.websocket.RecentStockChangeList,1
daytrader,15,seed15_solution059,com.ibm.websphere.samples.daytrader.TradeAction,com.ibm.websphere.samples.daytrader.TradeAction,0
daytrader,15,seed15_solution059,com.ibm.websphere.samples.daytrader.TradeServices,com.ibm.websphere.samples.daytrader.TradeServices,1
daytrader,15,seed15_solution059,com.ibm.websphere.samples.daytrader.beans.MarketSummaryDataBean,com.ibm.websphere.samples.daytrader.beans.MarketSummaryDataBean,2
daytrader,15,seed15_solution059,com.ibm.websphere.samples.daytrader.beans.RunStatsDataBean,com.ibm.websphere.samples.daytrader.beans.RunStatsDataBean,3
daytrader,15,seed15_solution059,com.ibm.websphere.samples.daytrader.direct.KeySequenceDirect,com.ibm.websphere.samples.daytrader.direct.KeySequenceDirect,0
daytrader,15,seed15_solution059,com.ibm.websphere.samples.daytrader.direct.TradeDirect,com.ibm.websphere.samples.daytrader.direct.TradeDirect,0
daytrader,15,seed15_solution059,com.ibm.websphere.samples.daytrader.ejb3.DTBroker3MDB,com.ibm.websphere.samples.daytrader.ejb3.DTBroker3MDB,3
daytrader,15,seed15_solution059,com.ibm.websphere.samples.daytrader.ejb3.DTStreamer3MDB,com.ibm.websphere.samples.daytrader.ejb3.DTStreamer3MDB,3
daytrader,15,seed15_solution059,com.ibm.websphere.samples.daytrader.ejb3.MarketSummarySingleton,com.ibm.websphere.samples.daytrader.ejb3.MarketSummarySingleton,3
daytrader,15,seed15_solution059,com.ibm.websphere.samples.daytrader.ejb3.TradeSLSBBean,com.ibm.websphere.samples.daytrader.ejb3.TradeSLSBBean,4
daytrader,15,seed15_solution059,com.ibm.websphere.samples.daytrader.ejb3.TradeSLSBBean$quotePriceComparator,com.ibm.websphere.samples.daytrader.ejb3.TradeSLSBBean$quotePriceComparator,5
daytrader,15,seed15_solution059,com.ibm.websphere.samples.daytrader.ejb3.TradeSLSBLocal,com.ibm.websphere.samples.daytrader.ejb3.TradeSLSBLocal,6
daytrader,15,seed15_solution059,com.ibm.websphere.samples.daytrader.ejb3.TradeSLSBRemote,com.ibm.websphere.samples.daytrader.ejb3.TradeSLSBRemote,4
daytrader,15,seed15_solution059,com.ibm.websphere.samples.daytrader.entities.AccountDataBean,com.ibm.websphere.samples.daytrader.entities.AccountDataBean,0
daytrader,15,seed15_solution059,com.ibm.websphere.samples.daytrader.entities.AccountProfileDataBean,com.ibm.websphere.samples.daytrader.entities.AccountProfileDataBean,4
daytrader,15,seed15_solution059,com.ibm.websphere.samples.daytrader.entities.HoldingDataBean,com.ibm.websphere.samples.daytrader.entities.HoldingDataBean,6
daytrader,15,seed15_solution059,com.ibm.websphere.samples.daytrader.entities.OrderDataBean,com.ibm.websphere.samples.daytrader.entities.OrderDataBean,4
daytrader,15,seed15_solution059,com.ibm.websphere.samples.daytrader.entities.QuoteDataBean,com.ibm.websphere.samples.daytrader.entities.QuoteDataBean,2
daytrader,15,seed15_solution059,com.ibm.websphere.samples.daytrader.util.CompleteOrderThread,com.ibm.websphere.samples.daytrader.util.CompleteOrderThread,0
daytrader,15,seed15_solution059,com.ibm.websphere.samples.daytrader.util.FinancialUtils,com.ibm.websphere.samples.daytrader.util.FinancialUtils,7
daytrader,15,seed15_solution059,com.ibm.websphere.samples.daytrader.util.KeyBlock,com.ibm.websphere.samples.daytrader.util.KeyBlock,7
daytrader,15,seed15_solution059,com.ibm.websphere.samples.daytrader.util.KeyBlock$KeyBlockIterator,com.ibm.websphere.samples.daytrader.util.KeyBlock$KeyBlockIterator,7
daytrader,15,seed15_solution059,com.ibm.websphere.samples.daytrader.util.Log,com.ibm.websphere.samples.daytrader.util.Log,0
daytrader,15,seed15_solution059,com.ibm.websphere.samples.daytrader.util.MDBStats,com.ibm.websphere.samples.daytrader.util.MDBStats,5
daytrader,15,seed15_solution059,com.ibm.websphere.samples.daytrader.util.TimerStat,com.ibm.websphere.samples.daytrader.util.TimerStat,3
daytrader,15,seed15_solution059,com.ibm.websphere.samples.daytrader.util.TradeConfig,com.ibm.websphere.samples.daytrader.util.TradeConfig,4
daytrader,15,seed15_solution059,com.ibm.websphere.samples.daytrader.util.WebSocketJMSMessage,com.ibm.websphere.samples.daytrader.util.WebSocketJMSMessage,5
daytrader,15,seed15_solution059,com.ibm.websphere.samples.daytrader.web.OrdersAlertFilter,com.ibm.websphere.samples.daytrader.web.OrdersAlertFilter,1
daytrader,15,seed15_solution059,com.ibm.websphere.samples.daytrader.web.TradeAppServlet,com.ibm.websphere.samples.daytrader.web.TradeAppServlet,3
daytrader,15,seed15_solution059,com.ibm.websphere.samples.daytrader.web.TradeServletAction,com.ibm.websphere.samples.daytrader.web.TradeServletAction,1
daytrader,15,seed15_solution059,com.ibm.websphere.samples.daytrader.web.TradeWebContextListener,com.ibm.websphere.samples.daytrader.web.TradeWebContextListener,1
daytrader,15,seed15_solution059,com.ibm.websphere.samples.daytrader.web.jsf.AccountDataJSF,com.ibm.websphere.samples.daytrader.web.jsf.AccountDataJSF,0
daytrader,15,seed15_solution059,com.ibm.websphere.samples.daytrader.web.jsf.ExternalContextProducer,com.ibm.websphere.samples.daytrader.web.jsf.ExternalContextProducer,7
daytrader,15,seed15_solution059,com.ibm.websphere.samples.daytrader.web.jsf.HoldingData,com.ibm.websphere.samples.daytrader.web.jsf.HoldingData,2
daytrader,15,seed15_solution059,com.ibm.websphere.samples.daytrader.web.jsf.JSFLoginFilter,com.ibm.websphere.samples.daytrader.web.jsf.JSFLoginFilter,3
daytrader,15,seed15_solution059,com.ibm.websphere.samples.daytrader.web.jsf.LoginValidator,com.ibm.websphere.samples.daytrader.web.jsf.LoginValidator,1
daytrader,15,seed15_solution059,com.ibm.websphere.samples.daytrader.web.jsf.MarketSummaryJSF,com.ibm.websphere.samples.daytrader.web.jsf.MarketSummaryJSF,2
daytrader,15,seed15_solution059,com.ibm.websphere.samples.daytrader.web.jsf.OrderData,com.ibm.websphere.samples.daytrader.web.jsf.OrderData,4
daytrader,15,seed15_solution059,com.ibm.websphere.samples.daytrader.web.jsf.OrderDataJSF,com.ibm.websphere.samples.daytrader.web.jsf.OrderDataJSF,5
daytrader,15,seed15_solution059,com.ibm.websphere.samples.daytrader.web.jsf.PortfolioJSF,com.ibm.websphere.samples.daytrader.web.jsf.PortfolioJSF,5
daytrader,15,seed15_solution059,com.ibm.websphere.samples.daytrader.web.jsf.QuoteData,com.ibm.websphere.samples.daytrader.web.jsf.QuoteData,5
daytrader,15,seed15_solution059,com.ibm.websphere.samples.daytrader.web.jsf.QuoteJSF,com.ibm.websphere.samples.daytrader.web.jsf.QuoteJSF,4
daytrader,15,seed15_solution059,com.ibm.websphere.samples.daytrader.web.jsf.TradeActionProducer,com.ibm.websphere.samples.daytrader.web.jsf.TradeActionProducer,6
daytrader,15,seed15_solution059,com.ibm.websphere.samples.daytrader.web.jsf.TradeAppJSF,com.ibm.websphere.samples.daytrader.web.jsf.TradeAppJSF,0
daytrader,15,seed15_solution059,com.ibm.websphere.samples.daytrader.web.jsf.TradeConfigJSF,com.ibm.websphere.samples.daytrader.web.jsf.TradeConfigJSF,4
daytrader,15,seed15_solution059,com.ibm.websphere.samples.daytrader.web.websocket.ActionDecoder,com.ibm.websphere.samples.daytrader.web.websocket.ActionDecoder,1
daytrader,15,seed15_solution059,com.ibm.websphere.samples.daytrader.web.websocket.ActionMessage,com.ibm.websphere.samples.daytrader.web.websocket.ActionMessage,7
daytrader,15,seed15_solution059,com.ibm.websphere.samples.daytrader.web.websocket.ActionMessage$1,com.ibm.websphere.samples.daytrader.web.websocket.ActionMessage$1,7
daytrader,15,seed15_solution059,com.ibm.websphere.samples.daytrader.web.websocket.JsonDecoder,com.ibm.websphere.samples.daytrader.web.websocket.JsonDecoder,8
daytrader,15,seed15_solution059,com.ibm.websphere.samples.daytrader.web.websocket.JsonEncoder,com.ibm.websphere.samples.daytrader.web.websocket.JsonEncoder,4
daytrader,15,seed15_solution059,com.ibm.websphere.samples.daytrader.web.websocket.JsonMessage,com.ibm.websphere.samples.daytrader.web.websocket.JsonMessage,5
daytrader,15,seed15_solution059,com.ibm.websphere.samples.daytrader.web.websocket.MarketSummaryWebSocket,com.ibm.websphere.samples.daytrader.web.websocket.MarketSummaryWebSocket,0
daytrader,15,seed15_solution059,com.ibm.websphere.samples.daytrader.web.websocket.RecentStockChangeList,com.ibm.websphere.samples.daytrader.web.websocket.RecentStockChangeList,5
daytrader,15,seed15_solution060,com.ibm.websphere.samples.daytrader.TradeAction,com.ibm.websphere.samples.daytrader.TradeAction,0
daytrader,15,seed15_solution060,com.ibm.websphere.samples.daytrader.TradeServices,com.ibm.websphere.samples.daytrader.TradeServices,1
daytrader,15,seed15_solution060,com.ibm.websphere.samples.daytrader.beans.MarketSummaryDataBean,com.ibm.websphere.samples.daytrader.beans.MarketSummaryDataBean,2
daytrader,15,seed15_solution060,com.ibm.websphere.samples.daytrader.beans.RunStatsDataBean,com.ibm.websphere.samples.daytrader.beans.RunStatsDataBean,3
daytrader,15,seed15_solution060,com.ibm.websphere.samples.daytrader.direct.KeySequenceDirect,com.ibm.websphere.samples.daytrader.direct.KeySequenceDirect,2
daytrader,15,seed15_solution060,com.ibm.websphere.samples.daytrader.direct.TradeDirect,com.ibm.websphere.samples.daytrader.direct.TradeDirect,0
daytrader,15,seed15_solution060,com.ibm.websphere.samples.daytrader.ejb3.DTBroker3MDB,com.ibm.websphere.samples.daytrader.ejb3.DTBroker3MDB,3
daytrader,15,seed15_solution060,com.ibm.websphere.samples.daytrader.ejb3.DTStreamer3MDB,com.ibm.websphere.samples.daytrader.ejb3.DTStreamer3MDB,4
daytrader,15,seed15_solution060,com.ibm.websphere.samples.daytrader.ejb3.MarketSummarySingleton,com.ibm.websphere.samples.daytrader.ejb3.MarketSummarySingleton,2
daytrader,15,seed15_solution060,com.ibm.websphere.samples.daytrader.ejb3.TradeSLSBBean,com.ibm.websphere.samples.daytrader.ejb3.TradeSLSBBean,0
daytrader,15,seed15_solution060,com.ibm.websphere.samples.daytrader.ejb3.TradeSLSBBean$quotePriceComparator,com.ibm.websphere.samples.daytrader.ejb3.TradeSLSBBean$quotePriceComparator,3
daytrader,15,seed15_solution060,com.ibm.websphere.samples.daytrader.ejb3.TradeSLSBLocal,com.ibm.websphere.samples.daytrader.ejb3.TradeSLSBLocal,4
daytrader,15,seed15_solution060,com.ibm.websphere.samples.daytrader.ejb3.TradeSLSBRemote,com.ibm.websphere.samples.daytrader.ejb3.TradeSLSBRemote,2
daytrader,15,seed15_solution060,com.ibm.websphere.samples.daytrader.entities.AccountDataBean,com.ibm.websphere.samples.daytrader.entities.AccountDataBean,4
daytrader,15,seed15_solution060,com.ibm.websphere.samples.daytrader.entities.AccountProfileDataBean,com.ibm.websphere.samples.daytrader.entities.AccountProfileDataBean,4
daytrader,15,seed15_solution060,com.ibm.websphere.samples.daytrader.entities.HoldingDataBean,com.ibm.websphere.samples.daytrader.entities.HoldingDataBean,4
daytrader,15,seed15_solution060,com.ibm.websphere.samples.daytrader.entities.OrderDataBean,com.ibm.websphere.samples.daytrader.entities.OrderDataBean,0
daytrader,15,seed15_solution060,com.ibm.websphere.samples.daytrader.entities.QuoteDataBean,com.ibm.websphere.samples.daytrader.entities.QuoteDataBean,2
daytrader,15,seed15_solution060,com.ibm.websphere.samples.daytrader.util.CompleteOrderThread,com.ibm.websphere.samples.daytrader.util.CompleteOrderThread,2
daytrader,15,seed15_solution060,com.ibm.websphere.samples.daytrader.util.FinancialUtils,com.ibm.websphere.samples.daytrader.util.FinancialUtils,4
daytrader,15,seed15_solution060,com.ibm.websphere.samples.daytrader.util.KeyBlock,com.ibm.websphere.samples.daytrader.util.KeyBlock,2
daytrader,15,seed15_solution060,com.ibm.websphere.samples.daytrader.util.KeyBlock$KeyBlockIterator,com.ibm.websphere.samples.daytrader.util.KeyBlock$KeyBlockIterator,2
daytrader,15,seed15_solution060,com.ibm.websphere.samples.daytrader.util.Log,com.ibm.websphere.samples.daytrader.util.Log,0
daytrader,15,seed15_solution060,com.ibm.websphere.samples.daytrader.util.MDBStats,com.ibm.websphere.samples.daytrader.util.MDBStats,3
daytrader,15,seed15_solution060,com.ibm.websphere.samples.daytrader.util.TimerStat,com.ibm.websphere.samples.daytrader.util.TimerStat,3
daytrader,15,seed15_solution060,com.ibm.websphere.samples.daytrader.util.TradeConfig,com.ibm.websphere.samples.daytrader.util.TradeConfig,4
daytrader,15,seed15_solution060,com.ibm.websphere.samples.daytrader.util.WebSocketJMSMessage,com.ibm.websphere.samples.daytrader.util.WebSocketJMSMessage,2
daytrader,15,seed15_solution060,com.ibm.websphere.samples.daytrader.web.OrdersAlertFilter,com.ibm.websphere.samples.daytrader.web.OrdersAlertFilter,1
daytrader,15,seed15_solution060,com.ibm.websphere.samples.daytrader.web.TradeAppServlet,com.ibm.websphere.samples.daytrader.web.TradeAppServlet,2
daytrader,15,seed15_solution060,com.ibm.websphere.samples.daytrader.web.TradeServletAction,com.ibm.websphere.samples.daytrader.web.TradeServletAction,1
daytrader,15,seed15_solution060,com.ibm.websphere.samples.daytrader.web.TradeWebContextListener,com.ibm.websphere.samples.daytrader.web.TradeWebContextListener,4
daytrader,15,seed15_solution060,com.ibm.websphere.samples.daytrader.web.jsf.AccountDataJSF,com.ibm.websphere.samples.daytrader.web.jsf.AccountDataJSF,2
daytrader,15,seed15_solution060,com.ibm.websphere.samples.daytrader.web.jsf.ExternalContextProducer,com.ibm.websphere.samples.daytrader.web.jsf.ExternalContextProducer,2
daytrader,15,seed15_solution060,com.ibm.websphere.samples.daytrader.web.jsf.HoldingData,com.ibm.websphere.samples.daytrader.web.jsf.HoldingData,5
daytrader,15,seed15_solution060,com.ibm.websphere.samples.daytrader.web.jsf.JSFLoginFilter,com.ibm.websphere.samples.daytrader.web.jsf.JSFLoginFilter,5
daytrader,15,seed15_solution060,com.ibm.websphere.samples.daytrader.web.jsf.LoginValidator,com.ibm.websphere.samples.daytrader.web.jsf.LoginValidator,5
daytrader,15,seed15_solution060,com.ibm.websphere.samples.daytrader.web.jsf.MarketSummaryJSF,com.ibm.websphere.samples.daytrader.web.jsf.MarketSummaryJSF,3
daytrader,15,seed15_solution060,com.ibm.websphere.samples.daytrader.web.jsf.OrderData,com.ibm.websphere.samples.daytrader.web.jsf.OrderData,4
daytrader,15,seed15_solution060,com.ibm.websphere.samples.daytrader.web.jsf.OrderDataJSF,com.ibm.websphere.samples.daytrader.web.jsf.OrderDataJSF,6
daytrader,15,seed15_solution060,com.ibm.websphere.samples.daytrader.web.jsf.PortfolioJSF,com.ibm.websphere.samples.daytrader.web.jsf.PortfolioJSF,1
daytrader,15,seed15_solution060,com.ibm.websphere.samples.daytrader.web.jsf.QuoteData,com.ibm.websphere.samples.daytrader.web.jsf.QuoteData,6
daytrader,15,seed15_solution060,com.ibm.websphere.samples.daytrader.web.jsf.QuoteJSF,com.ibm.websphere.samples.daytrader.web.jsf.QuoteJSF,1
daytrader,15,seed15_solution060,com.ibm.websphere.samples.daytrader.web.jsf.TradeActionProducer,com.ibm.websphere.samples.daytrader.web.jsf.TradeActionProducer,1
daytrader,15,seed15_solution060,com.ibm.websphere.samples.daytrader.web.jsf.TradeAppJSF,com.ibm.websphere.samples.daytrader.web.jsf.TradeAppJSF,1
daytrader,15,seed15_solution060,com.ibm.websphere.samples.daytrader.web.jsf.TradeConfigJSF,com.ibm.websphere.samples.daytrader.web.jsf.TradeConfigJSF,6
daytrader,15,seed15_solution060,com.ibm.websphere.samples.daytrader.web.websocket.ActionDecoder,com.ibm.websphere.samples.daytrader.web.websocket.ActionDecoder,5
daytrader,15,seed15_solution060,com.ibm.websphere.samples.daytrader.web.websocket.ActionMessage,com.ibm.websphere.samples.daytrader.web.websocket.ActionMessage,5
daytrader,15,seed15_solution060,com.ibm.websphere.samples.daytrader.web.websocket.ActionMessage$1,com.ibm.websphere.samples.daytrader.web.websocket.ActionMessage$1,1
daytrader,15,seed15_solution060,com.ibm.websphere.samples.daytrader.web.websocket.JsonDecoder,com.ibm.websphere.samples.daytrader.web.websocket.JsonDecoder,5
daytrader,15,seed15_solution060,com.ibm.websphere.samples.daytrader.web.websocket.JsonEncoder,com.ibm.websphere.samples.daytrader.web.websocket.JsonEncoder,1
daytrader,15,seed15_solution060,com.ibm.websphere.samples.daytrader.web.websocket.JsonMessage,com.ibm.websphere.samples.daytrader.web.websocket.JsonMessage,5
daytrader,15,seed15_solution060,com.ibm.websphere.samples.daytrader.web.websocket.MarketSummaryWebSocket,com.ibm.websphere.samples.daytrader.web.websocket.MarketSummaryWebSocket,6
daytrader,15,seed15_solution060,com.ibm.websphere.samples.daytrader.web.websocket.RecentStockChangeList,com.ibm.websphere.samples.daytrader.web.websocket.RecentStockChangeList,1
daytrader,15,seed15_solution061,com.ibm.websphere.samples.daytrader.TradeAction,com.ibm.websphere.samples.daytrader.TradeAction,0
daytrader,15,seed15_solution061,com.ibm.websphere.samples.daytrader.TradeServices,com.ibm.websphere.samples.daytrader.TradeServices,0
daytrader,15,seed15_solution061,com.ibm.websphere.samples.daytrader.beans.MarketSummaryDataBean,com.ibm.websphere.samples.daytrader.beans.MarketSummaryDataBean,0
daytrader,15,seed15_solution061,com.ibm.websphere.samples.daytrader.beans.RunStatsDataBean,com.ibm.websphere.samples.daytrader.beans.RunStatsDataBean,1
daytrader,15,seed15_solution061,com.ibm.websphere.samples.daytrader.direct.KeySequenceDirect,com.ibm.websphere.samples.daytrader.direct.KeySequenceDirect,1
daytrader,15,seed15_solution061,com.ibm.websphere.samples.daytrader.direct.TradeDirect,com.ibm.websphere.samples.daytrader.direct.TradeDirect,2
daytrader,15,seed15_solution061,com.ibm.websphere.samples.daytrader.ejb3.DTBroker3MDB,com.ibm.websphere.samples.daytrader.ejb3.DTBroker3MDB,3
daytrader,15,seed15_solution061,com.ibm.websphere.samples.daytrader.ejb3.DTStreamer3MDB,com.ibm.websphere.samples.daytrader.ejb3.DTStreamer3MDB,1
daytrader,15,seed15_solution061,com.ibm.websphere.samples.daytrader.ejb3.MarketSummarySingleton,com.ibm.websphere.samples.daytrader.ejb3.MarketSummarySingleton,1
daytrader,15,seed15_solution061,com.ibm.websphere.samples.daytrader.ejb3.TradeSLSBBean,com.ibm.websphere.samples.daytrader.ejb3.TradeSLSBBean,0
daytrader,15,seed15_solution061,com.ibm.websphere.samples.daytrader.ejb3.TradeSLSBBean$quotePriceComparator,com.ibm.websphere.samples.daytrader.ejb3.TradeSLSBBean$quotePriceComparator,1
daytrader,15,seed15_solution061,com.ibm.websphere.samples.daytrader.ejb3.TradeSLSBLocal,com.ibm.websphere.samples.daytrader.ejb3.TradeSLSBLocal,0
daytrader,15,seed15_solution061,com.ibm.websphere.samples.daytrader.ejb3.TradeSLSBRemote,com.ibm.websphere.samples.daytrader.ejb3.TradeSLSBRemote,4
daytrader,15,seed15_solution061,com.ibm.websphere.samples.daytrader.entities.AccountDataBean,com.ibm.websphere.samples.daytrader.entities.AccountDataBean,0
daytrader,15,seed15_solution061,com.ibm.websphere.samples.daytrader.entities.AccountProfileDataBean,com.ibm.websphere.samples.daytrader.entities.AccountProfileDataBean,0
daytrader,15,seed15_solution061,com.ibm.websphere.samples.daytrader.entities.HoldingDataBean,com.ibm.websphere.samples.daytrader.entities.HoldingDataBean,2
daytrader,15,seed15_solution061,com.ibm.websphere.samples.daytrader.entities.OrderDataBean,com.ibm.websphere.samples.daytrader.entities.OrderDataBean,0
daytrader,15,seed15_solution061,com.ibm.websphere.samples.daytrader.entities.QuoteDataBean,com.ibm.websphere.samples.daytrader.entities.QuoteDataBean,0
daytrader,15,seed15_solution061,com.ibm.websphere.samples.daytrader.util.CompleteOrderThread,com.ibm.websphere.samples.daytrader.util.CompleteOrderThread,4
daytrader,15,seed15_solution061,com.ibm.websphere.samples.daytrader.util.FinancialUtils,com.ibm.websphere.samples.daytrader.util.FinancialUtils,0
daytrader,15,seed15_solution061,com.ibm.websphere.samples.daytrader.util.KeyBlock,com.ibm.websphere.samples.daytrader.util.KeyBlock,1
daytrader,15,seed15_solution061,com.ibm.websphere.samples.daytrader.util.KeyBlock$KeyBlockIterator,com.ibm.websphere.samples.daytrader.util.KeyBlock$KeyBlockIterator,0
daytrader,15,seed15_solution061,com.ibm.websphere.samples.daytrader.util.Log,com.ibm.websphere.samples.daytrader.util.Log,2
daytrader,15,seed15_solution061,com.ibm.websphere.samples.daytrader.util.MDBStats,com.ibm.websphere.samples.daytrader.util.MDBStats,0
daytrader,15,seed15_solution061,com.ibm.websphere.samples.daytrader.util.TimerStat,com.ibm.websphere.samples.daytrader.util.TimerStat,4
daytrader,15,seed15_solution061,com.ibm.websphere.samples.daytrader.util.TradeConfig,com.ibm.websphere.samples.daytrader.util.TradeConfig,0
daytrader,15,seed15_solution061,com.ibm.websphere.samples.daytrader.util.WebSocketJMSMessage,com.ibm.websphere.samples.daytrader.util.WebSocketJMSMessage,4
daytrader,15,seed15_solution061,com.ibm.websphere.samples.daytrader.web.OrdersAlertFilter,com.ibm.websphere.samples.daytrader.web.OrdersAlertFilter,2
daytrader,15,seed15_solution061,com.ibm.websphere.samples.daytrader.web.TradeAppServlet,com.ibm.websphere.samples.daytrader.web.TradeAppServlet,3
daytrader,15,seed15_solution061,com.ibm.websphere.samples.daytrader.web.TradeServletAction,com.ibm.websphere.samples.daytrader.web.TradeServletAction,0
daytrader,15,seed15_solution061,com.ibm.websphere.samples.daytrader.web.TradeWebContextListener,com.ibm.websphere.samples.daytrader.web.TradeWebContextListener,2
daytrader,15,seed15_solution061,com.ibm.websphere.samples.daytrader.web.jsf.AccountDataJSF,com.ibm.websphere.samples.daytrader.web.jsf.AccountDataJSF,0
daytrader,15,seed15_solution061,com.ibm.websphere.samples.daytrader.web.jsf.ExternalContextProducer,com.ibm.websphere.samples.daytrader.web.jsf.ExternalContextProducer,0
daytrader,15,seed15_solution061,com.ibm.websphere.samples.daytrader.web.jsf.HoldingData,com.ibm.websphere.samples.daytrader.web.jsf.HoldingData,3
daytrader,15,seed15_solution061,com.ibm.websphere.samples.daytrader.web.jsf.JSFLoginFilter,com.ibm.websphere.samples.daytrader.web.jsf.JSFLoginFilter,4
daytrader,15,seed15_solution061,com.ibm.websphere.samples.daytrader.web.jsf.LoginValidator,com.ibm.websphere.samples.daytrader.web.jsf.LoginValidator,3
daytrader,15,seed15_solution061,com.ibm.websphere.samples.daytrader.web.jsf.MarketSummaryJSF,com.ibm.websphere.samples.daytrader.web.jsf.MarketSummaryJSF,1
daytrader,15,seed15_solution061,com.ibm.websphere.samples.daytrader.web.jsf.OrderData,com.ibm.websphere.samples.daytrader.web.jsf.OrderData,1
daytrader,15,seed15_solution061,com.ibm.websphere.samples.daytrader.web.jsf.OrderDataJSF,com.ibm.websphere.samples.daytrader.web.jsf.OrderDataJSF,3
daytrader,15,seed15_solution061,com.ibm.websphere.samples.daytrader.web.jsf.PortfolioJSF,com.ibm.websphere.samples.daytrader.web.jsf.PortfolioJSF,1
daytrader,15,seed15_solution061,com.ibm.websphere.samples.daytrader.web.jsf.QuoteData,com.ibm.websphere.samples.daytrader.web.jsf.QuoteData,0
daytrader,15,seed15_solution061,com.ibm.websphere.samples.daytrader.web.jsf.QuoteJSF,com.ibm.websphere.samples.daytrader.web.jsf.QuoteJSF,3
daytrader,15,seed15_solution061,com.ibm.websphere.samples.daytrader.web.jsf.TradeActionProducer,com.ibm.websphere.samples.daytrader.web.jsf.TradeActionProducer,0
daytrader,15,seed15_solution061,com.ibm.websphere.samples.daytrader.web.jsf.TradeAppJSF,com.ibm.websphere.samples.daytrader.web.jsf.TradeAppJSF,3
daytrader,15,seed15_solution061,com.ibm.websphere.samples.daytrader.web.jsf.TradeConfigJSF,com.ibm.websphere.samples.daytrader.web.jsf.TradeConfigJSF,3
daytrader,15,seed15_solution061,com.ibm.websphere.samples.daytrader.web.websocket.ActionDecoder,com.ibm.websphere.samples.daytrader.web.websocket.ActionDecoder,3
daytrader,15,seed15_solution061,com.ibm.websphere.samples.daytrader.web.websocket.ActionMessage,com.ibm.websphere.samples.daytrader.web.websocket.ActionMessage,4
daytrader,15,seed15_solution061,com.ibm.websphere.samples.daytrader.web.websocket.ActionMessage$1,com.ibm.websphere.samples.daytrader.web.websocket.ActionMessage$1,3
daytrader,15,seed15_solution061,com.ibm.websphere.samples.daytrader.web.websocket.JsonDecoder,com.ibm.websphere.samples.daytrader.web.websocket.JsonDecoder,3
daytrader,15,seed15_solution061,com.ibm.websphere.samples.daytrader.web.websocket.JsonEncoder,com.ibm.websphere.samples.daytrader.web.websocket.JsonEncoder,4
daytrader,15,seed15_solution061,com.ibm.websphere.samples.daytrader.web.websocket.JsonMessage,com.ibm.websphere.samples.daytrader.web.websocket.JsonMessage,3
daytrader,15,seed15_solution061,com.ibm.websphere.samples.daytrader.web.websocket.MarketSummaryWebSocket,com.ibm.websphere.samples.daytrader.web.websocket.MarketSummaryWebSocket,3
daytrader,15,seed15_solution061,com.ibm.websphere.samples.daytrader.web.websocket.RecentStockChangeList,com.ibm.websphere.samples.daytrader.web.websocket.RecentStockChangeList,4
daytrader,15,seed15_solution062,com.ibm.websphere.samples.daytrader.TradeAction,com.ibm.websphere.samples.daytrader.TradeAction,0
daytrader,15,seed15_solution062,com.ibm.websphere.samples.daytrader.TradeServices,com.ibm.websphere.samples.daytrader.TradeServices,1
daytrader,15,seed15_solution062,com.ibm.websphere.samples.daytrader.beans.MarketSummaryDataBean,com.ibm.websphere.samples.daytrader.beans.MarketSummaryDataBean,0
daytrader,15,seed15_solution062,com.ibm.websphere.samples.daytrader.beans.RunStatsDataBean,com.ibm.websphere.samples.daytrader.beans.RunStatsDataBean,2
daytrader,15,seed15_solution062,com.ibm.websphere.samples.daytrader.direct.KeySequenceDirect,com.ibm.websphere.samples.daytrader.direct.KeySequenceDirect,0
daytrader,15,seed15_solution062,com.ibm.websphere.samples.daytrader.direct.TradeDirect,com.ibm.websphere.samples.daytrader.direct.TradeDirect,3
daytrader,15,seed15_solution062,com.ibm.websphere.samples.daytrader.ejb3.DTBroker3MDB,com.ibm.websphere.samples.daytrader.ejb3.DTBroker3MDB,4
daytrader,15,seed15_solution062,com.ibm.websphere.samples.daytrader.ejb3.DTStreamer3MDB,com.ibm.websphere.samples.daytrader.ejb3.DTStreamer3MDB,4
daytrader,15,seed15_solution062,com.ibm.websphere.samples.daytrader.ejb3.MarketSummarySingleton,com.ibm.websphere.samples.daytrader.ejb3.MarketSummarySingleton,0
daytrader,15,seed15_solution062,com.ibm.websphere.samples.daytrader.ejb3.TradeSLSBBean,com.ibm.websphere.samples.daytrader.ejb3.TradeSLSBBean,3
daytrader,15,seed15_solution062,com.ibm.websphere.samples.daytrader.ejb3.TradeSLSBBean$quotePriceComparator,com.ibm.websphere.samples.daytrader.ejb3.TradeSLSBBean$quotePriceComparator,5
daytrader,15,seed15_solution062,com.ibm.websphere.samples.daytrader.ejb3.TradeSLSBLocal,com.ibm.websphere.samples.daytrader.ejb3.TradeSLSBLocal,4
daytrader,15,seed15_solution062,com.ibm.websphere.samples.daytrader.ejb3.TradeSLSBRemote,com.ibm.websphere.samples.daytrader.ejb3.TradeSLSBRemote,0
daytrader,15,seed15_solution062,com.ibm.websphere.samples.daytrader.entities.AccountDataBean,com.ibm.websphere.samples.daytrader.entities.AccountDataBean,0
daytrader,15,seed15_solution062,com.ibm.websphere.samples.daytrader.entities.AccountProfileDataBean,com.ibm.websphere.samples.daytrader.entities.AccountProfileDataBean,0
daytrader,15,seed15_solution062,com.ibm.websphere.samples.daytrader.entities.HoldingDataBean,com.ibm.websphere.samples.daytrader.entities.HoldingDataBean,4
daytrader,15,seed15_solution062,com.ibm.websphere.samples.daytrader.entities.OrderDataBean,com.ibm.websphere.samples.daytrader.entities.OrderDataBean,0
daytrader,15,seed15_solution062,com.ibm.websphere.samples.daytrader.entities.QuoteDataBean,com.ibm.websphere.samples.daytrader.entities.QuoteDataBean,3
daytrader,15,seed15_solution062,com.ibm.websphere.samples.daytrader.util.CompleteOrderThread,com.ibm.websphere.samples.daytrader.util.CompleteOrderThread,0
daytrader,15,seed15_solution062,com.ibm.websphere.samples.daytrader.util.FinancialUtils,com.ibm.websphere.samples.daytrader.util.FinancialUtils,4
daytrader,15,seed15_solution062,com.ibm.websphere.samples.daytrader.util.KeyBlock,com.ibm.websphere.samples.daytrader.util.KeyBlock,0
daytrader,15,seed15_solution062,com.ibm.websphere.samples.daytrader.util.KeyBlock$KeyBlockIterator,com.ibm.websphere.samples.daytrader.util.KeyBlock$KeyBlockIterator,0
daytrader,15,seed15_solution062,com.ibm.websphere.samples.daytrader.util.Log,com.ibm.websphere.samples.daytrader.util.Log,3
daytrader,15,seed15_solution062,com.ibm.websphere.samples.daytrader.util.MDBStats,com.ibm.websphere.samples.daytrader.util.MDBStats,2
daytrader,15,seed15_solution062,com.ibm.websphere.samples.daytrader.util.TimerStat,com.ibm.websphere.samples.daytrader.util.TimerStat,2
daytrader,15,seed15_solution062,com.ibm.websphere.samples.daytrader.util.TradeConfig,com.ibm.websphere.samples.daytrader.util.TradeConfig,0
daytrader,15,seed15_solution062,com.ibm.websphere.samples.daytrader.util.WebSocketJMSMessage,com.ibm.websphere.samples.daytrader.util.WebSocketJMSMessage,1
daytrader,15,seed15_solution062,com.ibm.websphere.samples.daytrader.web.OrdersAlertFilter,com.ibm.websphere.samples.daytrader.web.OrdersAlertFilter,1
daytrader,15,seed15_solution062,com.ibm.websphere.samples.daytrader.web.TradeAppServlet,com.ibm.websphere.samples.daytrader.web.TradeAppServlet,4
daytrader,15,seed15_solution062,com.ibm.websphere.samples.daytrader.web.TradeServletAction,com.ibm.websphere.samples.daytrader.web.TradeServletAction,6
daytrader,15,seed15_solution062,com.ibm.websphere.samples.daytrader.web.TradeWebContextListener,com.ibm.websphere.samples.daytrader.web.TradeWebContextListener,4
daytrader,15,seed15_solution062,com.ibm.websphere.samples.daytrader.web.jsf.AccountDataJSF,com.ibm.websphere.samples.daytrader.web.jsf.AccountDataJSF,0
daytrader,15,seed15_solution062,com.ibm.websphere.samples.daytrader.web.jsf.ExternalContextProducer,com.ibm.websphere.samples.daytrader.web.jsf.ExternalContextProducer,1
daytrader,15,seed15_solution062,com.ibm.websphere.samples.daytrader.web.jsf.HoldingData,com.ibm.websphere.samples.daytrader.web.jsf.HoldingData,5
daytrader,15,seed15_solution062,com.ibm.websphere.samples.daytrader.web.jsf.JSFLoginFilter,com.ibm.websphere.samples.daytrader.web.jsf.JSFLoginFilter,5
daytrader,15,seed15_solution062,com.ibm.websphere.samples.daytrader.web.jsf.LoginValidator,com.ibm.websphere.samples.daytrader.web.jsf.LoginValidator,0
daytrader,15,seed15_solution062,com.ibm.websphere.samples.daytrader.web.jsf.MarketSummaryJSF,com.ibm.websphere.samples.daytrader.web.jsf.MarketSummaryJSF,2
daytrader,15,seed15_solution062,com.ibm.websphere.samples.daytrader.web.jsf.OrderData,com.ibm.websphere.samples.daytrader.web.jsf.OrderData,4
daytrader,15,seed15_solution062,com.ibm.websphere.samples.daytrader.web.jsf.OrderDataJSF,com.ibm.websphere.samples.daytrader.web.jsf.OrderDataJSF,2
daytrader,15,seed15_solution062,com.ibm.websphere.samples.daytrader.web.jsf.PortfolioJSF,com.ibm.websphere.samples.daytrader.web.jsf.PortfolioJSF,1
daytrader,15,seed15_solution062,com.ibm.websphere.samples.daytrader.web.jsf.QuoteData,com.ibm.websphere.samples.daytrader.web.jsf.QuoteData,6
daytrader,15,seed15_solution062,com.ibm.websphere.samples.daytrader.web.jsf.QuoteJSF,com.ibm.websphere.samples.daytrader.web.jsf.QuoteJSF,1
daytrader,15,seed15_solution062,com.ibm.websphere.samples.daytrader.web.jsf.TradeActionProducer,com.ibm.websphere.samples.daytrader.web.jsf.TradeActionProducer,1
daytrader,15,seed15_solution062,com.ibm.websphere.samples.daytrader.web.jsf.TradeAppJSF,com.ibm.websphere.samples.daytrader.web.jsf.TradeAppJSF,2
daytrader,15,seed15_solution062,com.ibm.websphere.samples.daytrader.web.jsf.TradeConfigJSF,com.ibm.websphere.samples.daytrader.web.jsf.TradeConfigJSF,0
daytrader,15,seed15_solution062,com.ibm.websphere.samples.daytrader.web.websocket.ActionDecoder,com.ibm.websphere.samples.daytrader.web.websocket.ActionDecoder,1
daytrader,15,seed15_solution062,com.ibm.websphere.samples.daytrader.web.websocket.ActionMessage,com.ibm.websphere.samples.daytrader.web.websocket.ActionMessage,5
daytrader,15,seed15_solution062,com.ibm.websphere.samples.daytrader.web.websocket.ActionMessage$1,com.ibm.websphere.samples.daytrader.web.websocket.ActionMessage$1,1
daytrader,15,seed15_solution062,com.ibm.websphere.samples.daytrader.web.websocket.JsonDecoder,com.ibm.websphere.samples.daytrader.web.websocket.JsonDecoder,5
daytrader,15,seed15_solution062,com.ibm.websphere.samples.daytrader.web.websocket.JsonEncoder,com.ibm.websphere.samples.daytrader.web.websocket.JsonEncoder,5
daytrader,15,seed15_solution062,com.ibm.websphere.samples.daytrader.web.websocket.JsonMessage,com.ibm.websphere.samples.daytrader.web.websocket.JsonMessage,5
daytrader,15,seed15_solution062,com.ibm.websphere.samples.daytrader.web.websocket.MarketSummaryWebSocket,com.ibm.websphere.samples.daytrader.web.websocket.MarketSummaryWebSocket,1
daytrader,15,seed15_solution062,com.ibm.websphere.samples.daytrader.web.websocket.RecentStockChangeList,com.ibm.websphere.samples.daytrader.web.websocket.RecentStockChangeList,4
daytrader,15,seed15_solution063,com.ibm.websphere.samples.daytrader.TradeAction,com.ibm.websphere.samples.daytrader.TradeAction,0
daytrader,15,seed15_solution063,com.ibm.websphere.samples.daytrader.TradeServices,com.ibm.websphere.samples.daytrader.TradeServices,1
daytrader,15,seed15_solution063,com.ibm.websphere.samples.daytrader.beans.MarketSummaryDataBean,com.ibm.websphere.samples.daytrader.beans.MarketSummaryDataBean,0
daytrader,15,seed15_solution063,com.ibm.websphere.samples.daytrader.beans.RunStatsDataBean,com.ibm.websphere.samples.daytrader.beans.RunStatsDataBean,1
daytrader,15,seed15_solution063,com.ibm.websphere.samples.daytrader.direct.KeySequenceDirect,com.ibm.websphere.samples.daytrader.direct.KeySequenceDirect,1
daytrader,15,seed15_solution063,com.ibm.websphere.samples.daytrader.direct.TradeDirect,com.ibm.websphere.samples.daytrader.direct.TradeDirect,2
daytrader,15,seed15_solution063,com.ibm.websphere.samples.daytrader.ejb3.DTBroker3MDB,com.ibm.websphere.samples.daytrader.ejb3.DTBroker3MDB,1
daytrader,15,seed15_solution063,com.ibm.websphere.samples.daytrader.ejb3.DTStreamer3MDB,com.ibm.websphere.samples.daytrader.ejb3.DTStreamer3MDB,3
daytrader,15,seed15_solution063,com.ibm.websphere.samples.daytrader.ejb3.MarketSummarySingleton,com.ibm.websphere.samples.daytrader.ejb3.MarketSummarySingleton,1
daytrader,15,seed15_solution063,com.ibm.websphere.samples.daytrader.ejb3.TradeSLSBBean,com.ibm.websphere.samples.daytrader.ejb3.TradeSLSBBean,0
daytrader,15,seed15_solution063,com.ibm.websphere.samples.daytrader.ejb3.TradeSLSBBean$quotePriceComparator,com.ibm.websphere.samples.daytrader.ejb3.TradeSLSBBean$quotePriceComparator,4
daytrader,15,seed15_solution063,com.ibm.websphere.samples.daytrader.ejb3.TradeSLSBLocal,com.ibm.websphere.samples.daytrader.ejb3.TradeSLSBLocal,3
daytrader,15,seed15_solution063,com.ibm.websphere.samples.daytrader.ejb3.TradeSLSBRemote,com.ibm.websphere.samples.daytrader.ejb3.TradeSLSBRemote,1
daytrader,15,seed15_solution063,com.ibm.websphere.samples.daytrader.entities.AccountDataBean,com.ibm.websphere.samples.daytrader.entities.AccountDataBean,0
daytrader,15,seed15_solution063,com.ibm.websphere.samples.daytrader.entities.AccountProfileDataBean,com.ibm.websphere.samples.daytrader.entities.AccountProfileDataBean,0
daytrader,15,seed15_solution063,com.ibm.websphere.samples.daytrader.entities.HoldingDataBean,com.ibm.websphere.samples.daytrader.entities.HoldingDataBean,2
daytrader,15,seed15_solution063,com.ibm.websphere.samples.daytrader.entities.OrderDataBean,com.ibm.websphere.samples.daytrader.entities.OrderDataBean,0
daytrader,15,seed15_solution063,com.ibm.websphere.samples.daytrader.entities.QuoteDataBean,com.ibm.websphere.samples.daytrader.entities.QuoteDataBean,0
daytrader,15,seed15_solution063,com.ibm.websphere.samples.daytrader.util.CompleteOrderThread,com.ibm.websphere.samples.daytrader.util.CompleteOrderThread,4
daytrader,15,seed15_solution063,com.ibm.websphere.samples.daytrader.util.FinancialUtils,com.ibm.websphere.samples.daytrader.util.FinancialUtils,0
daytrader,15,seed15_solution063,com.ibm.websphere.samples.daytrader.util.KeyBlock,com.ibm.websphere.samples.daytrader.util.KeyBlock,1
daytrader,15,seed15_solution063,com.ibm.websphere.samples.daytrader.util.KeyBlock$KeyBlockIterator,com.ibm.websphere.samples.daytrader.util.KeyBlock$KeyBlockIterator,1
daytrader,15,seed15_solution063,com.ibm.websphere.samples.daytrader.util.Log,com.ibm.websphere.samples.daytrader.util.Log,2
daytrader,15,seed15_solution063,com.ibm.websphere.samples.daytrader.util.MDBStats,com.ibm.websphere.samples.daytrader.util.MDBStats,0
daytrader,15,seed15_solution063,com.ibm.websphere.samples.daytrader.util.TimerStat,com.ibm.websphere.samples.daytrader.util.TimerStat,5
daytrader,15,seed15_solution063,com.ibm.websphere.samples.daytrader.util.TradeConfig,com.ibm.websphere.samples.daytrader.util.TradeConfig,0
daytrader,15,seed15_solution063,com.ibm.websphere.samples.daytrader.util.WebSocketJMSMessage,com.ibm.websphere.samples.daytrader.util.WebSocketJMSMessage,1
daytrader,15,seed15_solution063,com.ibm.websphere.samples.daytrader.web.OrdersAlertFilter,com.ibm.websphere.samples.daytrader.web.OrdersAlertFilter,1
daytrader,15,seed15_solution063,com.ibm.websphere.samples.daytrader.web.TradeAppServlet,com.ibm.websphere.samples.daytrader.web.TradeAppServlet,3
daytrader,15,seed15_solution063,com.ibm.websphere.samples.daytrader.web.TradeServletAction,com.ibm.websphere.samples.daytrader.web.TradeServletAction,0
daytrader,15,seed15_solution063,com.ibm.websphere.samples.daytrader.web.TradeWebContextListener,com.ibm.websphere.samples.daytrader.web.TradeWebContextListener,3
daytrader,15,seed15_solution063,com.ibm.websphere.samples.daytrader.web.jsf.AccountDataJSF,com.ibm.websphere.samples.daytrader.web.jsf.AccountDataJSF,0
daytrader,15,seed15_solution063,com.ibm.websphere.samples.daytrader.web.jsf.ExternalContextProducer,com.ibm.websphere.samples.daytrader.web.jsf.ExternalContextProducer,3
daytrader,15,seed15_solution063,com.ibm.websphere.samples.daytrader.web.jsf.HoldingData,com.ibm.websphere.samples.daytrader.web.jsf.HoldingData,1
daytrader,15,seed15_solution063,com.ibm.websphere.samples.daytrader.web.jsf.JSFLoginFilter,com.ibm.websphere.samples.daytrader.web.jsf.JSFLoginFilter,5
daytrader,15,seed15_solution063,com.ibm.websphere.samples.daytrader.web.jsf.LoginValidator,com.ibm.websphere.samples.daytrader.web.jsf.LoginValidator,4
daytrader,15,seed15_solution063,com.ibm.websphere.samples.daytrader.web.jsf.MarketSummaryJSF,com.ibm.websphere.samples.daytrader.web.jsf.MarketSummaryJSF,1
daytrader,15,seed15_solution063,com.ibm.websphere.samples.daytrader.web.jsf.OrderData,com.ibm.websphere.samples.daytrader.web.jsf.OrderData,3
daytrader,15,seed15_solution063,com.ibm.websphere.samples.daytrader.web.jsf.OrderDataJSF,com.ibm.websphere.samples.daytrader.web.jsf.OrderDataJSF,4
daytrader,15,seed15_solution063,com.ibm.websphere.samples.daytrader.web.jsf.PortfolioJSF,com.ibm.websphere.samples.daytrader.web.jsf.PortfolioJSF,1
daytrader,15,seed15_solution063,com.ibm.websphere.samples.daytrader.web.jsf.QuoteData,com.ibm.websphere.samples.daytrader.web.jsf.QuoteData,0
daytrader,15,seed15_solution063,com.ibm.websphere.samples.daytrader.web.jsf.QuoteJSF,com.ibm.websphere.samples.daytrader.web.jsf.QuoteJSF,1
daytrader,15,seed15_solution063,com.ibm.websphere.samples.daytrader.web.jsf.TradeActionProducer,com.ibm.websphere.samples.daytrader.web.jsf.TradeActionProducer,0
daytrader,15,seed15_solution063,com.ibm.websphere.samples.daytrader.web.jsf.TradeAppJSF,com.ibm.websphere.samples.daytrader.web.jsf.TradeAppJSF,4
daytrader,15,seed15_solution063,com.ibm.websphere.samples.daytrader.web.jsf.TradeConfigJSF,com.ibm.websphere.samples.daytrader.web.jsf.TradeConfigJSF,5
daytrader,15,seed15_solution063,com.ibm.websphere.samples.daytrader.web.websocket.ActionDecoder,com.ibm.websphere.samples.daytrader.web.websocket.ActionDecoder,3
daytrader,15,seed15_solution063,com.ibm.websphere.samples.daytrader.web.websocket.ActionMessage,com.ibm.websphere.samples.daytrader.web.websocket.ActionMessage,5
daytrader,15,seed15_solution063,com.ibm.websphere.samples.daytrader.web.websocket.ActionMessage$1,com.ibm.websphere.samples.daytrader.web.websocket.ActionMessage$1,4
daytrader,15,seed15_solution063,com.ibm.websphere.samples.daytrader.web.websocket.JsonDecoder,com.ibm.websphere.samples.daytrader.web.websocket.JsonDecoder,5
daytrader,15,seed15_solution063,com.ibm.websphere.samples.daytrader.web.websocket.JsonEncoder,com.ibm.websphere.samples.daytrader.web.websocket.JsonEncoder,1
daytrader,15,seed15_solution063,com.ibm.websphere.samples.daytrader.web.websocket.JsonMessage,com.ibm.websphere.samples.daytrader.web.websocket.JsonMessage,1
daytrader,15,seed15_solution063,com.ibm.websphere.samples.daytrader.web.websocket.MarketSummaryWebSocket,com.ibm.websphere.samples.daytrader.web.websocket.MarketSummaryWebSocket,5
daytrader,15,seed15_solution063,com.ibm.websphere.samples.daytrader.web.websocket.RecentStockChangeList,com.ibm.websphere.samples.daytrader.web.websocket.RecentStockChangeList,4
daytrader,15,seed15_solution064,com.ibm.websphere.samples.daytrader.TradeAction,com.ibm.websphere.samples.daytrader.TradeAction,0
daytrader,15,seed15_solution064,com.ibm.websphere.samples.daytrader.TradeServices,com.ibm.websphere.samples.daytrader.TradeServices,1
daytrader,15,seed15_solution064,com.ibm.websphere.samples.daytrader.beans.MarketSummaryDataBean,com.ibm.websphere.samples.daytrader.beans.MarketSummaryDataBean,2
daytrader,15,seed15_solution064,com.ibm.websphere.samples.daytrader.beans.RunStatsDataBean,com.ibm.websphere.samples.daytrader.beans.RunStatsDataBean,0
daytrader,15,seed15_solution064,com.ibm.websphere.samples.daytrader.direct.KeySequenceDirect,com.ibm.websphere.samples.daytrader.direct.KeySequenceDirect,3
daytrader,15,seed15_solution064,com.ibm.websphere.samples.daytrader.direct.TradeDirect,com.ibm.websphere.samples.daytrader.direct.TradeDirect,4
daytrader,15,seed15_solution064,com.ibm.websphere.samples.daytrader.ejb3.DTBroker3MDB,com.ibm.websphere.samples.daytrader.ejb3.DTBroker3MDB,4
daytrader,15,seed15_solution064,com.ibm.websphere.samples.daytrader.ejb3.DTStreamer3MDB,com.ibm.websphere.samples.daytrader.ejb3.DTStreamer3MDB,2
daytrader,15,seed15_solution064,com.ibm.websphere.samples.daytrader.ejb3.MarketSummarySingleton,com.ibm.websphere.samples.daytrader.ejb3.MarketSummarySingleton,5
daytrader,15,seed15_solution064,com.ibm.websphere.samples.daytrader.ejb3.TradeSLSBBean,com.ibm.websphere.samples.daytrader.ejb3.TradeSLSBBean,4
daytrader,15,seed15_solution064,com.ibm.websphere.samples.daytrader.ejb3.TradeSLSBBean$quotePriceComparator,com.ibm.websphere.samples.daytrader.ejb3.TradeSLSBBean$quotePriceComparator,1
daytrader,15,seed15_solution064,com.ibm.websphere.samples.daytrader.ejb3.TradeSLSBLocal,com.ibm.websphere.samples.daytrader.ejb3.TradeSLSBLocal,5
daytrader,15,seed15_solution064,com.ibm.websphere.samples.daytrader.ejb3.TradeSLSBRemote,com.ibm.websphere.samples.daytrader.ejb3.TradeSLSBRemote,2
daytrader,15,seed15_solution064,com.ibm.websphere.samples.daytrader.entities.AccountDataBean,com.ibm.websphere.samples.daytrader.entities.AccountDataBean,4
daytrader,15,seed15_solution064,com.ibm.websphere.samples.daytrader.entities.AccountProfileDataBean,com.ibm.websphere.samples.daytrader.entities.AccountProfileDataBean,2
daytrader,15,seed15_solution064,com.ibm.websphere.samples.daytrader.entities.HoldingDataBean,com.ibm.websphere.samples.daytrader.entities.HoldingDataBean,4
daytrader,15,seed15_solution064,com.ibm.websphere.samples.daytrader.entities.OrderDataBean,com.ibm.websphere.samples.daytrader.entities.OrderDataBean,3
daytrader,15,seed15_solution064,com.ibm.websphere.samples.daytrader.entities.QuoteDataBean,com.ibm.websphere.samples.daytrader.entities.QuoteDataBean,0
daytrader,15,seed15_solution064,com.ibm.websphere.samples.daytrader.util.CompleteOrderThread,com.ibm.websphere.samples.daytrader.util.CompleteOrderThread,2
daytrader,15,seed15_solution064,com.ibm.websphere.samples.daytrader.util.FinancialUtils,com.ibm.websphere.samples.daytrader.util.FinancialUtils,1
daytrader,15,seed15_solution064,com.ibm.websphere.samples.daytrader.util.KeyBlock,com.ibm.websphere.samples.daytrader.util.KeyBlock,0
daytrader,15,seed15_solution064,com.ibm.websphere.samples.daytrader.util.KeyBlock$KeyBlockIterator,com.ibm.websphere.samples.daytrader.util.KeyBlock$KeyBlockIterator,2
daytrader,15,seed15_solution064,com.ibm.websphere.samples.daytrader.util.Log,com.ibm.websphere.samples.daytrader.util.Log,4
daytrader,15,seed15_solution064,com.ibm.websphere.samples.daytrader.util.MDBStats,com.ibm.websphere.samples.daytrader.util.MDBStats,0
daytrader,15,seed15_solution064,com.ibm.websphere.samples.daytrader.util.TimerStat,com.ibm.websphere.samples.daytrader.util.TimerStat,3
daytrader,15,seed15_solution064,com.ibm.websphere.samples.daytrader.util.TradeConfig,com.ibm.websphere.samples.daytrader.util.TradeConfig,4
daytrader,15,seed15_solution064,com.ibm.websphere.samples.daytrader.util.WebSocketJMSMessage,com.ibm.websphere.samples.daytrader.util.WebSocketJMSMessage,6
daytrader,15,seed15_solution064,com.ibm.websphere.samples.daytrader.web.OrdersAlertFilter,com.ibm.websphere.samples.daytrader.web.OrdersAlertFilter,1
daytrader,15,seed15_solution064,com.ibm.websphere.samples.daytrader.web.TradeAppServlet,com.ibm.websphere.samples.daytrader.web.TradeAppServlet,6
daytrader,15,seed15_solution064,com.ibm.websphere.samples.daytrader.web.TradeServletAction,com.ibm.websphere.samples.daytrader.web.TradeServletAction,1
daytrader,15,seed15_solution064,com.ibm.websphere.samples.daytrader.web.TradeWebContextListener,com.ibm.websphere.samples.daytrader.web.TradeWebContextListener,5
daytrader,15,seed15_solution064,com.ibm.websphere.samples.daytrader.web.jsf.AccountDataJSF,com.ibm.websphere.samples.daytrader.web.jsf.AccountDataJSF,0
daytrader,15,seed15_solution064,com.ibm.websphere.samples.daytrader.web.jsf.ExternalContextProducer,com.ibm.websphere.samples.daytrader.web.jsf.ExternalContextProducer,1
daytrader,15,seed15_solution064,com.ibm.websphere.samples.daytrader.web.jsf.HoldingData,com.ibm.websphere.samples.daytrader.web.jsf.HoldingData,1
daytrader,15,seed15_solution064,com.ibm.websphere.samples.daytrader.web.jsf.JSFLoginFilter,com.ibm.websphere.samples.daytrader.web.jsf.JSFLoginFilter,6
daytrader,15,seed15_solution064,com.ibm.websphere.samples.daytrader.web.jsf.LoginValidator,com.ibm.websphere.samples.daytrader.web.jsf.LoginValidator,2
daytrader,15,seed15_solution064,com.ibm.websphere.samples.daytrader.web.jsf.MarketSummaryJSF,com.ibm.websphere.samples.daytrader.web.jsf.MarketSummaryJSF,6
daytrader,15,seed15_solution064,com.ibm.websphere.samples.daytrader.web.jsf.OrderData,com.ibm.websphere.samples.daytrader.web.jsf.OrderData,4
daytrader,15,seed15_solution064,com.ibm.websphere.samples.daytrader.web.jsf.OrderDataJSF,com.ibm.websphere.samples.daytrader.web.jsf.OrderDataJSF,4
daytrader,15,seed15_solution064,com.ibm.websphere.samples.daytrader.web.jsf.PortfolioJSF,com.ibm.websphere.samples.daytrader.web.jsf.PortfolioJSF,3
daytrader,15,seed15_solution064,com.ibm.websphere.samples.daytrader.web.jsf.QuoteData,com.ibm.websphere.samples.daytrader.web.jsf.QuoteData,6
daytrader,15,seed15_solution064,com.ibm.websphere.samples.daytrader.web.jsf.QuoteJSF,com.ibm.websphere.samples.daytrader.web.jsf.QuoteJSF,1
daytrader,15,seed15_solution064,com.ibm.websphere.samples.daytrader.web.jsf.TradeActionProducer,com.ibm.websphere.samples.daytrader.web.jsf.TradeActionProducer,3
daytrader,15,seed15_solution064,com.ibm.websphere.samples.daytrader.web.jsf.TradeAppJSF,com.ibm.websphere.samples.daytrader.web.jsf.TradeAppJSF,1
daytrader,15,seed15_solution064,com.ibm.websphere.samples.daytrader.web.jsf.TradeConfigJSF,com.ibm.websphere.samples.daytrader.web.jsf.TradeConfigJSF,4
daytrader,15,seed15_solution064,com.ibm.websphere.samples.daytrader.web.websocket.ActionDecoder,com.ibm.websphere.samples.daytrader.web.websocket.ActionDecoder,6
daytrader,15,seed15_solution064,com.ibm.websphere.samples.daytrader.web.websocket.ActionMessage,com.ibm.websphere.samples.daytrader.web.websocket.ActionMessage,6
daytrader,15,seed15_solution064,com.ibm.websphere.samples.daytrader.web.websocket.ActionMessage$1,com.ibm.websphere.samples.daytrader.web.websocket.ActionMessage$1,5
daytrader,15,seed15_solution064,com.ibm.websphere.samples.daytrader.web.websocket.JsonDecoder,com.ibm.websphere.samples.daytrader.web.websocket.JsonDecoder,5
daytrader,15,seed15_solution064,com.ibm.websphere.samples.daytrader.web.websocket.JsonEncoder,com.ibm.websphere.samples.daytrader.web.websocket.JsonEncoder,1
daytrader,15,seed15_solution064,com.ibm.websphere.samples.daytrader.web.websocket.JsonMessage,com.ibm.websphere.samples.daytrader.web.websocket.JsonMessage,6
daytrader,15,seed15_solution064,com.ibm.websphere.samples.daytrader.web.websocket.MarketSummaryWebSocket,com.ibm.websphere.samples.daytrader.web.websocket.MarketSummaryWebSocket,5
daytrader,15,seed15_solution064,com.ibm.websphere.samples.daytrader.web.websocket.RecentStockChangeList,com.ibm.websphere.samples.daytrader.web.websocket.RecentStockChangeList,4
daytrader,15,seed15_solution065,com.ibm.websphere.samples.daytrader.TradeAction,com.ibm.websphere.samples.daytrader.TradeAction,0
daytrader,15,seed15_solution065,com.ibm.websphere.samples.daytrader.TradeServices,com.ibm.websphere.samples.daytrader.TradeServices,1
daytrader,15,seed15_solution065,com.ibm.websphere.samples.daytrader.beans.MarketSummaryDataBean,com.ibm.websphere.samples.daytrader.beans.MarketSummaryDataBean,0
daytrader,15,seed15_solution065,com.ibm.websphere.samples.daytrader.beans.RunStatsDataBean,com.ibm.websphere.samples.daytrader.beans.RunStatsDataBean,2
daytrader,15,seed15_solution065,com.ibm.websphere.samples.daytrader.direct.KeySequenceDirect,com.ibm.websphere.samples.daytrader.direct.KeySequenceDirect,0
daytrader,15,seed15_solution065,com.ibm.websphere.samples.daytrader.direct.TradeDirect,com.ibm.websphere.samples.daytrader.direct.TradeDirect,3
daytrader,15,seed15_solution065,com.ibm.websphere.samples.daytrader.ejb3.DTBroker3MDB,com.ibm.websphere.samples.daytrader.ejb3.DTBroker3MDB,2
daytrader,15,seed15_solution065,com.ibm.websphere.samples.daytrader.ejb3.DTStreamer3MDB,com.ibm.websphere.samples.daytrader.ejb3.DTStreamer3MDB,4
daytrader,15,seed15_solution065,com.ibm.websphere.samples.daytrader.ejb3.MarketSummarySingleton,com.ibm.websphere.samples.daytrader.ejb3.MarketSummarySingleton,0
daytrader,15,seed15_solution065,com.ibm.websphere.samples.daytrader.ejb3.TradeSLSBBean,com.ibm.websphere.samples.daytrader.ejb3.TradeSLSBBean,3
daytrader,15,seed15_solution065,com.ibm.websphere.samples.daytrader.ejb3.TradeSLSBBean$quotePriceComparator,com.ibm.websphere.samples.daytrader.ejb3.TradeSLSBBean$quotePriceComparator,2
daytrader,15,seed15_solution065,com.ibm.websphere.samples.daytrader.ejb3.TradeSLSBLocal,com.ibm.websphere.samples.daytrader.ejb3.TradeSLSBLocal,4
daytrader,15,seed15_solution065,com.ibm.websphere.samples.daytrader.ejb3.TradeSLSBRemote,com.ibm.websphere.samples.daytrader.ejb3.TradeSLSBRemote,0
daytrader,15,seed15_solution065,com.ibm.websphere.samples.daytrader.entities.AccountDataBean,com.ibm.websphere.samples.daytrader.entities.AccountDataBean,4
daytrader,15,seed15_solution065,com.ibm.websphere.samples.daytrader.entities.AccountProfileDataBean,com.ibm.websphere.samples.daytrader.entities.AccountProfileDataBean,4
daytrader,15,seed15_solution065,com.ibm.websphere.samples.daytrader.entities.HoldingDataBean,com.ibm.websphere.samples.daytrader.entities.HoldingDataBean,4
daytrader,15,seed15_solution065,com.ibm.websphere.samples.daytrader.entities.OrderDataBean,com.ibm.websphere.samples.daytrader.entities.OrderDataBean,3
daytrader,15,seed15_solution065,com.ibm.websphere.samples.daytrader.entities.QuoteDataBean,com.ibm.websphere.samples.daytrader.entities.QuoteDataBean,0
daytrader,15,seed15_solution065,com.ibm.websphere.samples.daytrader.util.CompleteOrderThread,com.ibm.websphere.samples.daytrader.util.CompleteOrderThread,0
daytrader,15,seed15_solution065,com.ibm.websphere.samples.daytrader.util.FinancialUtils,com.ibm.websphere.samples.daytrader.util.FinancialUtils,4
daytrader,15,seed15_solution065,com.ibm.websphere.samples.daytrader.util.KeyBlock,com.ibm.websphere.samples.daytrader.util.KeyBlock,0
daytrader,15,seed15_solution065,com.ibm.websphere.samples.daytrader.util.KeyBlock$KeyBlockIterator,com.ibm.websphere.samples.daytrader.util.KeyBlock$KeyBlockIterator,0
daytrader,15,seed15_solution065,com.ibm.websphere.samples.daytrader.util.Log,com.ibm.websphere.samples.daytrader.util.Log,3
daytrader,15,seed15_solution065,com.ibm.websphere.samples.daytrader.util.MDBStats,com.ibm.websphere.samples.daytrader.util.MDBStats,2
daytrader,15,seed15_solution065,com.ibm.websphere.samples.daytrader.util.TimerStat,com.ibm.websphere.samples.daytrader.util.TimerStat,2
daytrader,15,seed15_solution065,com.ibm.websphere.samples.daytrader.util.TradeConfig,com.ibm.websphere.samples.daytrader.util.TradeConfig,4
daytrader,15,seed15_solution065,com.ibm.websphere.samples.daytrader.util.WebSocketJMSMessage,com.ibm.websphere.samples.daytrader.util.WebSocketJMSMessage,0
daytrader,15,seed15_solution065,com.ibm.websphere.samples.daytrader.web.OrdersAlertFilter,com.ibm.websphere.samples.daytrader.web.OrdersAlertFilter,1
daytrader,15,seed15_solution065,com.ibm.websphere.samples.daytrader.web.TradeAppServlet,com.ibm.websphere.samples.daytrader.web.TradeAppServlet,0
daytrader,15,seed15_solution065,com.ibm.websphere.samples.daytrader.web.TradeServletAction,com.ibm.websphere.samples.daytrader.web.TradeServletAction,1
daytrader,15,seed15_solution065,com.ibm.websphere.samples.daytrader.web.TradeWebContextListener,com.ibm.websphere.samples.daytrader.web.TradeWebContextListener,4
daytrader,15,seed15_solution065,com.ibm.websphere.samples.daytrader.web.jsf.AccountDataJSF,com.ibm.websphere.samples.daytrader.web.jsf.AccountDataJSF,0
daytrader,15,seed15_solution065,com.ibm.websphere.samples.daytrader.web.jsf.ExternalContextProducer,com.ibm.websphere.samples.daytrader.web.jsf.ExternalContextProducer,2
daytrader,15,seed15_solution065,com.ibm.websphere.samples.daytrader.web.jsf.HoldingData,com.ibm.websphere.samples.daytrader.web.jsf.HoldingData,5
daytrader,15,seed15_solution065,com.ibm.websphere.samples.daytrader.web.jsf.JSFLoginFilter,com.ibm.websphere.samples.daytrader.web.jsf.JSFLoginFilter,5
daytrader,15,seed15_solution065,com.ibm.websphere.samples.daytrader.web.jsf.LoginValidator,com.ibm.websphere.samples.daytrader.web.jsf.LoginValidator,5
daytrader,15,seed15_solution065,com.ibm.websphere.samples.daytrader.web.jsf.MarketSummaryJSF,com.ibm.websphere.samples.daytrader.web.jsf.MarketSummaryJSF,2
daytrader,15,seed15_solution065,com.ibm.websphere.samples.daytrader.web.jsf.OrderData,com.ibm.websphere.samples.daytrader.web.jsf.OrderData,4
daytrader,15,seed15_solution065,com.ibm.websphere.samples.daytrader.web.jsf.OrderDataJSF,com.ibm.websphere.samples.daytrader.web.jsf.OrderDataJSF,6
daytrader,15,seed15_solution065,com.ibm.websphere.samples.daytrader.web.jsf.PortfolioJSF,com.ibm.websphere.samples.daytrader.web.jsf.PortfolioJSF,1
daytrader,15,seed15_solution065,com.ibm.websphere.samples.daytrader.web.jsf.QuoteData,com.ibm.websphere.samples.daytrader.web.jsf.QuoteData,6
daytrader,15,seed15_solution065,com.ibm.websphere.samples.daytrader.web.jsf.QuoteJSF,com.ibm.websphere.samples.daytrader.web.jsf.QuoteJSF,1
daytrader,15,seed15_solution065,com.ibm.websphere.samples.daytrader.web.jsf.TradeActionProducer,com.ibm.websphere.samples.daytrader.web.jsf.TradeActionProducer,1
daytrader,15,seed15_solution065,com.ibm.websphere.samples.daytrader.web.jsf.TradeAppJSF,com.ibm.websphere.samples.daytrader.web.jsf.TradeAppJSF,1
daytrader,15,seed15_solution065,com.ibm.websphere.samples.daytrader.web.jsf.TradeConfigJSF,com.ibm.websphere.samples.daytrader.web.jsf.TradeConfigJSF,6
daytrader,15,seed15_solution065,com.ibm.websphere.samples.daytrader.web.websocket.ActionDecoder,com.ibm.websphere.samples.daytrader.web.websocket.ActionDecoder,5
daytrader,15,seed15_solution065,com.ibm.websphere.samples.daytrader.web.websocket.ActionMessage,com.ibm.websphere.samples.daytrader.web.websocket.ActionMessage,5
daytrader,15,seed15_solution065,com.ibm.websphere.samples.daytrader.web.websocket.ActionMessage$1,com.ibm.websphere.samples.daytrader.web.websocket.ActionMessage$1,1
daytrader,15,seed15_solution065,com.ibm.websphere.samples.daytrader.web.websocket.JsonDecoder,com.ibm.websphere.samples.daytrader.web.websocket.JsonDecoder,5
daytrader,15,seed15_solution065,com.ibm.websphere.samples.daytrader.web.websocket.JsonEncoder,com.ibm.websphere.samples.daytrader.web.websocket.JsonEncoder,1
daytrader,15,seed15_solution065,com.ibm.websphere.samples.daytrader.web.websocket.JsonMessage,com.ibm.websphere.samples.daytrader.web.websocket.JsonMessage,5
daytrader,15,seed15_solution065,com.ibm.websphere.samples.daytrader.web.websocket.MarketSummaryWebSocket,com.ibm.websphere.samples.daytrader.web.websocket.MarketSummaryWebSocket,6
daytrader,15,seed15_solution065,com.ibm.websphere.samples.daytrader.web.websocket.RecentStockChangeList,com.ibm.websphere.samples.daytrader.web.websocket.RecentStockChangeList,1
daytrader,15,seed15_solution066,com.ibm.websphere.samples.daytrader.TradeAction,com.ibm.websphere.samples.daytrader.TradeAction,0
daytrader,15,seed15_solution066,com.ibm.websphere.samples.daytrader.TradeServices,com.ibm.websphere.samples.daytrader.TradeServices,0
daytrader,15,seed15_solution066,com.ibm.websphere.samples.daytrader.beans.MarketSummaryDataBean,com.ibm.websphere.samples.daytrader.beans.MarketSummaryDataBean,1
daytrader,15,seed15_solution066,com.ibm.websphere.samples.daytrader.beans.RunStatsDataBean,com.ibm.websphere.samples.daytrader.beans.RunStatsDataBean,1
daytrader,15,seed15_solution066,com.ibm.websphere.samples.daytrader.direct.KeySequenceDirect,com.ibm.websphere.samples.daytrader.direct.KeySequenceDirect,1
daytrader,15,seed15_solution066,com.ibm.websphere.samples.daytrader.direct.TradeDirect,com.ibm.websphere.samples.daytrader.direct.TradeDirect,2
daytrader,15,seed15_solution066,com.ibm.websphere.samples.daytrader.ejb3.DTBroker3MDB,com.ibm.websphere.samples.daytrader.ejb3.DTBroker3MDB,0
daytrader,15,seed15_solution066,com.ibm.websphere.samples.daytrader.ejb3.DTStreamer3MDB,com.ibm.websphere.samples.daytrader.ejb3.DTStreamer3MDB,1
daytrader,15,seed15_solution066,com.ibm.websphere.samples.daytrader.ejb3.MarketSummarySingleton,com.ibm.websphere.samples.daytrader.ejb3.MarketSummarySingleton,0
daytrader,15,seed15_solution066,com.ibm.websphere.samples.daytrader.ejb3.TradeSLSBBean,com.ibm.websphere.samples.daytrader.ejb3.TradeSLSBBean,1
daytrader,15,seed15_solution066,com.ibm.websphere.samples.daytrader.ejb3.TradeSLSBBean$quotePriceComparator,com.ibm.websphere.samples.daytrader.ejb3.TradeSLSBBean$quotePriceComparator,1
daytrader,15,seed15_solution066,com.ibm.websphere.samples.daytrader.ejb3.TradeSLSBLocal,com.ibm.websphere.samples.daytrader.ejb3.TradeSLSBLocal,0
daytrader,15,seed15_solution066,com.ibm.websphere.samples.daytrader.ejb3.TradeSLSBRemote,com.ibm.websphere.samples.daytrader.ejb3.TradeSLSBRemote,1
daytrader,15,seed15_solution066,com.ibm.websphere.samples.daytrader.entities.AccountDataBean,com.ibm.websphere.samples.daytrader.entities.AccountDataBean,0
daytrader,15,seed15_solution066,com.ibm.websphere.samples.daytrader.entities.AccountProfileDataBean,com.ibm.websphere.samples.daytrader.entities.AccountProfileDataBean,0
daytrader,15,seed15_solution066,com.ibm.websphere.samples.daytrader.entities.HoldingDataBean,com.ibm.websphere.samples.daytrader.entities.HoldingDataBean,0
daytrader,15,seed15_solution066,com.ibm.websphere.samples.daytrader.entities.OrderDataBean,com.ibm.websphere.samples.daytrader.entities.OrderDataBean,1
daytrader,15,seed15_solution066,com.ibm.websphere.samples.daytrader.entities.QuoteDataBean,com.ibm.websphere.samples.daytrader.entities.QuoteDataBean,0
daytrader,15,seed15_solution066,com.ibm.websphere.samples.daytrader.util.CompleteOrderThread,com.ibm.websphere.samples.daytrader.util.CompleteOrderThread,0
daytrader,15,seed15_solution066,com.ibm.websphere.samples.daytrader.util.FinancialUtils,com.ibm.websphere.samples.daytrader.util.FinancialUtils,0
daytrader,15,seed15_solution066,com.ibm.websphere.samples.daytrader.util.KeyBlock,com.ibm.websphere.samples.daytrader.util.KeyBlock,1
daytrader,15,seed15_solution066,com.ibm.websphere.samples.daytrader.util.KeyBlock$KeyBlockIterator,com.ibm.websphere.samples.daytrader.util.KeyBlock$KeyBlockIterator,1
daytrader,15,seed15_solution066,com.ibm.websphere.samples.daytrader.util.Log,com.ibm.websphere.samples.daytrader.util.Log,0
daytrader,15,seed15_solution066,com.ibm.websphere.samples.daytrader.util.MDBStats,com.ibm.websphere.samples.daytrader.util.MDBStats,1
daytrader,15,seed15_solution066,com.ibm.websphere.samples.daytrader.util.TimerStat,com.ibm.websphere.samples.daytrader.util.TimerStat,1
daytrader,15,seed15_solution066,com.ibm.websphere.samples.daytrader.util.TradeConfig,com.ibm.websphere.samples.daytrader.util.TradeConfig,1
daytrader,15,seed15_solution066,com.ibm.websphere.samples.daytrader.util.WebSocketJMSMessage,com.ibm.websphere.samples.daytrader.util.WebSocketJMSMessage,0
daytrader,15,seed15_solution066,com.ibm.websphere.samples.daytrader.web.OrdersAlertFilter,com.ibm.websphere.samples.daytrader.web.OrdersAlertFilter,0
daytrader,15,seed15_solution066,com.ibm.websphere.samples.daytrader.web.TradeAppServlet,com.ibm.websphere.samples.daytrader.web.TradeAppServlet,1
daytrader,15,seed15_solution066,com.ibm.websphere.samples.daytrader.web.TradeServletAction,com.ibm.websphere.samples.daytrader.web.TradeServletAction,0
daytrader,15,seed15_solution066,com.ibm.websphere.samples.daytrader.web.TradeWebContextListener,com.ibm.websphere.samples.daytrader.web.TradeWebContextListener,1
daytrader,15,seed15_solution066,com.ibm.websphere.samples.daytrader.web.jsf.AccountDataJSF,com.ibm.websphere.samples.daytrader.web.jsf.AccountDataJSF,0
daytrader,15,seed15_solution066,com.ibm.websphere.samples.daytrader.web.jsf.ExternalContextProducer,com.ibm.websphere.samples.daytrader.web.jsf.ExternalContextProducer,0
daytrader,15,seed15_solution066,com.ibm.websphere.samples.daytrader.web.jsf.HoldingData,com.ibm.websphere.samples.daytrader.web.jsf.HoldingData,0
daytrader,15,seed15_solution066,com.ibm.websphere.samples.daytrader.web.jsf.JSFLoginFilter,com.ibm.websphere.samples.daytrader.web.jsf.JSFLoginFilter,2
daytrader,15,seed15_solution066,com.ibm.websphere.samples.daytrader.web.jsf.LoginValidator,com.ibm.websphere.samples.daytrader.web.jsf.LoginValidator,2
daytrader,15,seed15_solution066,com.ibm.websphere.samples.daytrader.web.jsf.MarketSummaryJSF,com.ibm.websphere.samples.daytrader.web.jsf.MarketSummaryJSF,2
daytrader,15,seed15_solution066,com.ibm.websphere.samples.daytrader.web.jsf.OrderData,com.ibm.websphere.samples.daytrader.web.jsf.OrderData,2
daytrader,15,seed15_solution066,com.ibm.websphere.samples.daytrader.web.jsf.OrderDataJSF,com.ibm.websphere.samples.daytrader.web.jsf.OrderDataJSF,0
daytrader,15,seed15_solution066,com.ibm.websphere.samples.daytrader.web.jsf.PortfolioJSF,com.ibm.websphere.samples.daytrader.web.jsf.PortfolioJSF,0
daytrader,15,seed15_solution066,com.ibm.websphere.samples.daytrader.web.jsf.QuoteData,com.ibm.websphere.samples.daytrader.web.jsf.QuoteData,2
daytrader,15,seed15_solution066,com.ibm.websphere.samples.daytrader.web.jsf.QuoteJSF,com.ibm.websphere.samples.daytrader.web.jsf.QuoteJSF,2
daytrader,15,seed15_solution066,com.ibm.websphere.samples.daytrader.web.jsf.TradeActionProducer,com.ibm.websphere.samples.daytrader.web.jsf.TradeActionProducer,2
daytrader,15,seed15_solution066,com.ibm.websphere.samples.daytrader.web.jsf.TradeAppJSF,com.ibm.websphere.samples.daytrader.web.jsf.TradeAppJSF,2
daytrader,15,seed15_solution066,com.ibm.websphere.samples.daytrader.web.jsf.TradeConfigJSF,com.ibm.websphere.samples.daytrader.web.jsf.TradeConfigJSF,1
daytrader,15,seed15_solution066,com.ibm.websphere.samples.daytrader.web.websocket.ActionDecoder,com.ibm.websphere.samples.daytrader.web.websocket.ActionDecoder,2
daytrader,15,seed15_solution066,com.ibm.websphere.samples.daytrader.web.websocket.ActionMessage,com.ibm.websphere.samples.daytrader.web.websocket.ActionMessage,2
daytrader,15,seed15_solution066,com.ibm.websphere.samples.daytrader.web.websocket.ActionMessage$1,com.ibm.websphere.samples.daytrader.web.websocket.ActionMessage$1,2
daytrader,15,seed15_solution066,com.ibm.websphere.samples.daytrader.web.websocket.JsonDecoder,com.ibm.websphere.samples.daytrader.web.websocket.JsonDecoder,2
daytrader,15,seed15_solution066,com.ibm.websphere.samples.daytrader.web.websocket.JsonEncoder,com.ibm.websphere.samples.daytrader.web.websocket.JsonEncoder,2
daytrader,15,seed15_solution066,com.ibm.websphere.samples.daytrader.web.websocket.JsonMessage,com.ibm.websphere.samples.daytrader.web.websocket.JsonMessage,2
daytrader,15,seed15_solution066,com.ibm.websphere.samples.daytrader.web.websocket.MarketSummaryWebSocket,com.ibm.websphere.samples.daytrader.web.websocket.MarketSummaryWebSocket,1
daytrader,15,seed15_solution066,com.ibm.websphere.samples.daytrader.web.websocket.RecentStockChangeList,com.ibm.websphere.samples.daytrader.web.websocket.RecentStockChangeList,2
daytrader,15,seed15_solution067,com.ibm.websphere.samples.daytrader.TradeAction,com.ibm.websphere.samples.daytrader.TradeAction,0
daytrader,15,seed15_solution067,com.ibm.websphere.samples.daytrader.TradeServices,com.ibm.websphere.samples.daytrader.TradeServices,1
daytrader,15,seed15_solution067,com.ibm.websphere.samples.daytrader.beans.MarketSummaryDataBean,com.ibm.websphere.samples.daytrader.beans.MarketSummaryDataBean,0
daytrader,15,seed15_solution067,com.ibm.websphere.samples.daytrader.beans.RunStatsDataBean,com.ibm.websphere.samples.daytrader.beans.RunStatsDataBean,2
daytrader,15,seed15_solution067,com.ibm.websphere.samples.daytrader.direct.KeySequenceDirect,com.ibm.websphere.samples.daytrader.direct.KeySequenceDirect,1
daytrader,15,seed15_solution067,com.ibm.websphere.samples.daytrader.direct.TradeDirect,com.ibm.websphere.samples.daytrader.direct.TradeDirect,3
daytrader,15,seed15_solution067,com.ibm.websphere.samples.daytrader.ejb3.DTBroker3MDB,com.ibm.websphere.samples.daytrader.ejb3.DTBroker3MDB,4
daytrader,15,seed15_solution067,com.ibm.websphere.samples.daytrader.ejb3.DTStreamer3MDB,com.ibm.websphere.samples.daytrader.ejb3.DTStreamer3MDB,4
daytrader,15,seed15_solution067,com.ibm.websphere.samples.daytrader.ejb3.MarketSummarySingleton,com.ibm.websphere.samples.daytrader.ejb3.MarketSummarySingleton,0
daytrader,15,seed15_solution067,com.ibm.websphere.samples.daytrader.ejb3.TradeSLSBBean,com.ibm.websphere.samples.daytrader.ejb3.TradeSLSBBean,3
daytrader,15,seed15_solution067,com.ibm.websphere.samples.daytrader.ejb3.TradeSLSBBean$quotePriceComparator,com.ibm.websphere.samples.daytrader.ejb3.TradeSLSBBean$quotePriceComparator,5
daytrader,15,seed15_solution067,com.ibm.websphere.samples.daytrader.ejb3.TradeSLSBLocal,com.ibm.websphere.samples.daytrader.ejb3.TradeSLSBLocal,5
daytrader,15,seed15_solution067,com.ibm.websphere.samples.daytrader.ejb3.TradeSLSBRemote,com.ibm.websphere.samples.daytrader.ejb3.TradeSLSBRemote,0
daytrader,15,seed15_solution067,com.ibm.websphere.samples.daytrader.entities.AccountDataBean,com.ibm.websphere.samples.daytrader.entities.AccountDataBean,0
daytrader,15,seed15_solution067,com.ibm.websphere.samples.daytrader.entities.AccountProfileDataBean,com.ibm.websphere.samples.daytrader.entities.AccountProfileDataBean,0
daytrader,15,seed15_solution067,com.ibm.websphere.samples.daytrader.entities.HoldingDataBean,com.ibm.websphere.samples.daytrader.entities.HoldingDataBean,2
daytrader,15,seed15_solution067,com.ibm.websphere.samples.daytrader.entities.OrderDataBean,com.ibm.websphere.samples.daytrader.entities.OrderDataBean,0
daytrader,15,seed15_solution067,com.ibm.websphere.samples.daytrader.entities.QuoteDataBean,com.ibm.websphere.samples.daytrader.entities.QuoteDataBean,0
daytrader,15,seed15_solution067,com.ibm.websphere.samples.daytrader.util.CompleteOrderThread,com.ibm.websphere.samples.daytrader.util.CompleteOrderThread,0
daytrader,15,seed15_solution067,com.ibm.websphere.samples.daytrader.util.FinancialUtils,com.ibm.websphere.samples.daytrader.util.FinancialUtils,1
daytrader,15,seed15_solution067,com.ibm.websphere.samples.daytrader.util.KeyBlock,com.ibm.websphere.samples.daytrader.util.KeyBlock,1
daytrader,15,seed15_solution067,com.ibm.websphere.samples.daytrader.util.KeyBlock$KeyBlockIterator,com.ibm.websphere.samples.daytrader.util.KeyBlock$KeyBlockIterator,4
daytrader,15,seed15_solution067,com.ibm.websphere.samples.daytrader.util.Log,com.ibm.websphere.samples.daytrader.util.Log,3
daytrader,15,seed15_solution067,com.ibm.websphere.samples.daytrader.util.MDBStats,com.ibm.websphere.samples.daytrader.util.MDBStats,1
daytrader,15,seed15_solution067,com.ibm.websphere.samples.daytrader.util.TimerStat,com.ibm.websphere.samples.daytrader.util.TimerStat,2
daytrader,15,seed15_solution067,com.ibm.websphere.samples.daytrader.util.TradeConfig,com.ibm.websphere.samples.daytrader.util.TradeConfig,0
daytrader,15,seed15_solution067,com.ibm.websphere.samples.daytrader.util.WebSocketJMSMessage,com.ibm.websphere.samples.daytrader.util.WebSocketJMSMessage,1
daytrader,15,seed15_solution067,com.ibm.websphere.samples.daytrader.web.OrdersAlertFilter,com.ibm.websphere.samples.daytrader.web.OrdersAlertFilter,2
daytrader,15,seed15_solution067,com.ibm.websphere.samples.daytrader.web.TradeAppServlet,com.ibm.websphere.samples.daytrader.web.TradeAppServlet,2
daytrader,15,seed15_solution067,com.ibm.websphere.samples.daytrader.web.TradeServletAction,com.ibm.websphere.samples.daytrader.web.TradeServletAction,1
daytrader,15,seed15_solution067,com.ibm.websphere.samples.daytrader.web.TradeWebContextListener,com.ibm.websphere.samples.daytrader.web.TradeWebContextListener,4
daytrader,15,seed15_solution067,com.ibm.websphere.samples.daytrader.web.jsf.AccountDataJSF,com.ibm.websphere.samples.daytrader.web.jsf.AccountDataJSF,0
daytrader,15,seed15_solution067,com.ibm.websphere.samples.daytrader.web.jsf.ExternalContextProducer,com.ibm.websphere.samples.daytrader.web.jsf.ExternalContextProducer,1
daytrader,15,seed15_solution067,com.ibm.websphere.samples.daytrader.web.jsf.HoldingData,com.ibm.websphere.samples.daytrader.web.jsf.HoldingData,1
daytrader,15,seed15_solution067,com.ibm.websphere.samples.daytrader.web.jsf.JSFLoginFilter,com.ibm.websphere.samples.daytrader.web.jsf.JSFLoginFilter,4
daytrader,15,seed15_solution067,com.ibm.websphere.samples.daytrader.web.jsf.LoginValidator,com.ibm.websphere.samples.daytrader.web.jsf.LoginValidator,3
daytrader,15,seed15_solution067,com.ibm.websphere.samples.daytrader.web.jsf.MarketSummaryJSF,com.ibm.websphere.samples.daytrader.web.jsf.MarketSummaryJSF,1
daytrader,15,seed15_solution067,com.ibm.websphere.samples.daytrader.web.jsf.OrderData,com.ibm.websphere.samples.daytrader.web.jsf.OrderData,5
daytrader,15,seed15_solution067,com.ibm.websphere.samples.daytrader.web.jsf.OrderDataJSF,com.ibm.websphere.samples.daytrader.web.jsf.OrderDataJSF,5
daytrader,15,seed15_solution067,com.ibm.websphere.samples.daytrader.web.jsf.PortfolioJSF,com.ibm.websphere.samples.daytrader.web.jsf.PortfolioJSF,1
daytrader,15,seed15_solution067,com.ibm.websphere.samples.daytrader.web.jsf.QuoteData,com.ibm.websphere.samples.daytrader.web.jsf.QuoteData,2
daytrader,15,seed15_solution067,com.ibm.websphere.samples.daytrader.web.jsf.QuoteJSF,com.ibm.websphere.samples.daytrader.web.jsf.QuoteJSF,1
daytrader,15,seed15_solution067,com.ibm.websphere.samples.daytrader.web.jsf.TradeActionProducer,com.ibm.websphere.samples.daytrader.web.jsf.TradeActionProducer,0
daytrader,15,seed15_solution067,com.ibm.websphere.samples.daytrader.web.jsf.TradeAppJSF,com.ibm.websphere.samples.daytrader.web.jsf.TradeAppJSF,2
daytrader,15,seed15_solution067,com.ibm.websphere.samples.daytrader.web.jsf.TradeConfigJSF,com.ibm.websphere.samples.daytrader.web.jsf.TradeConfigJSF,4
daytrader,15,seed15_solution067,com.ibm.websphere.samples.daytrader.web.websocket.ActionDecoder,com.ibm.websphere.samples.daytrader.web.websocket.ActionDecoder,1
daytrader,15,seed15_solution067,com.ibm.websphere.samples.daytrader.web.websocket.ActionMessage,com.ibm.websphere.samples.daytrader.web.websocket.ActionMessage,0
daytrader,15,seed15_solution067,com.ibm.websphere.samples.daytrader.web.websocket.ActionMessage$1,com.ibm.websphere.samples.daytrader.web.websocket.ActionMessage$1,5
daytrader,15,seed15_solution067,com.ibm.websphere.samples.daytrader.web.websocket.JsonDecoder,com.ibm.websphere.samples.daytrader.web.websocket.JsonDecoder,4
daytrader,15,seed15_solution067,com.ibm.websphere.samples.daytrader.web.websocket.JsonEncoder,com.ibm.websphere.samples.daytrader.web.websocket.JsonEncoder,5
daytrader,15,seed15_solution067,com.ibm.websphere.samples.daytrader.web.websocket.JsonMessage,com.ibm.websphere.samples.daytrader.web.websocket.JsonMessage,5
daytrader,15,seed15_solution067,com.ibm.websphere.samples.daytrader.web.websocket.MarketSummaryWebSocket,com.ibm.websphere.samples.daytrader.web.websocket.MarketSummaryWebSocket,1
daytrader,15,seed15_solution067,com.ibm.websphere.samples.daytrader.web.websocket.RecentStockChangeList,com.ibm.websphere.samples.daytrader.web.websocket.RecentStockChangeList,4
daytrader,15,seed15_solution068,com.ibm.websphere.samples.daytrader.TradeAction,com.ibm.websphere.samples.daytrader.TradeAction,0
daytrader,15,seed15_solution068,com.ibm.websphere.samples.daytrader.TradeServices,com.ibm.websphere.samples.daytrader.TradeServices,1
daytrader,15,seed15_solution068,com.ibm.websphere.samples.daytrader.beans.MarketSummaryDataBean,com.ibm.websphere.samples.daytrader.beans.MarketSummaryDataBean,0
daytrader,15,seed15_solution068,com.ibm.websphere.samples.daytrader.beans.RunStatsDataBean,com.ibm.websphere.samples.daytrader.beans.RunStatsDataBean,2
daytrader,15,seed15_solution068,com.ibm.websphere.samples.daytrader.direct.KeySequenceDirect,com.ibm.websphere.samples.daytrader.direct.KeySequenceDirect,0
daytrader,15,seed15_solution068,com.ibm.websphere.samples.daytrader.direct.TradeDirect,com.ibm.websphere.samples.daytrader.direct.TradeDirect,3
daytrader,15,seed15_solution068,com.ibm.websphere.samples.daytrader.ejb3.DTBroker3MDB,com.ibm.websphere.samples.daytrader.ejb3.DTBroker3MDB,2
daytrader,15,seed15_solution068,com.ibm.websphere.samples.daytrader.ejb3.DTStreamer3MDB,com.ibm.websphere.samples.daytrader.ejb3.DTStreamer3MDB,4
daytrader,15,seed15_solution068,com.ibm.websphere.samples.daytrader.ejb3.MarketSummarySingleton,com.ibm.websphere.samples.daytrader.ejb3.MarketSummarySingleton,4
daytrader,15,seed15_solution068,com.ibm.websphere.samples.daytrader.ejb3.TradeSLSBBean,com.ibm.websphere.samples.daytrader.ejb3.TradeSLSBBean,3
daytrader,15,seed15_solution068,com.ibm.websphere.samples.daytrader.ejb3.TradeSLSBBean$quotePriceComparator,com.ibm.websphere.samples.daytrader.ejb3.TradeSLSBBean$quotePriceComparator,5
daytrader,15,seed15_solution068,com.ibm.websphere.samples.daytrader.ejb3.TradeSLSBLocal,com.ibm.websphere.samples.daytrader.ejb3.TradeSLSBLocal,5
daytrader,15,seed15_solution068,com.ibm.websphere.samples.daytrader.ejb3.TradeSLSBRemote,com.ibm.websphere.samples.daytrader.ejb3.TradeSLSBRemote,1
daytrader,15,seed15_solution068,com.ibm.websphere.samples.daytrader.entities.AccountDataBean,com.ibm.websphere.samples.daytrader.entities.AccountDataBean,5
daytrader,15,seed15_solution068,com.ibm.websphere.samples.daytrader.entities.AccountProfileDataBean,com.ibm.websphere.samples.daytrader.entities.AccountProfileDataBean,4
daytrader,15,seed15_solution068,com.ibm.websphere.samples.daytrader.entities.HoldingDataBean,com.ibm.websphere.samples.daytrader.entities.HoldingDataBean,0
daytrader,15,seed15_solution068,com.ibm.websphere.samples.daytrader.entities.OrderDataBean,com.ibm.websphere.samples.daytrader.entities.OrderDataBean,5
daytrader,15,seed15_solution068,com.ibm.websphere.samples.daytrader.entities.QuoteDataBean,com.ibm.websphere.samples.daytrader.entities.QuoteDataBean,0
daytrader,15,seed15_solution068,com.ibm.websphere.samples.daytrader.util.CompleteOrderThread,com.ibm.websphere.samples.daytrader.util.CompleteOrderThread,0
daytrader,15,seed15_solution068,com.ibm.websphere.samples.daytrader.util.FinancialUtils,com.ibm.websphere.samples.daytrader.util.FinancialUtils,1
daytrader,15,seed15_solution068,com.ibm.websphere.samples.daytrader.util.KeyBlock,com.ibm.websphere.samples.daytrader.util.KeyBlock,4
daytrader,15,seed15_solution068,com.ibm.websphere.samples.daytrader.util.KeyBlock$KeyBlockIterator,com.ibm.websphere.samples.daytrader.util.KeyBlock$KeyBlockIterator,4
daytrader,15,seed15_solution068,com.ibm.websphere.samples.daytrader.util.Log,com.ibm.websphere.samples.daytrader.util.Log,3
daytrader,15,seed15_solution068,com.ibm.websphere.samples.daytrader.util.MDBStats,com.ibm.websphere.samples.daytrader.util.MDBStats,2
daytrader,15,seed15_solution068,com.ibm.websphere.samples.daytrader.util.TimerStat,com.ibm.websphere.samples.daytrader.util.TimerStat,2
daytrader,15,seed15_solution068,com.ibm.websphere.samples.daytrader.util.TradeConfig,com.ibm.websphere.samples.daytrader.util.TradeConfig,4
daytrader,15,seed15_solution068,com.ibm.websphere.samples.daytrader.util.WebSocketJMSMessage,com.ibm.websphere.samples.daytrader.util.WebSocketJMSMessage,6
daytrader,15,seed15_solution068,com.ibm.websphere.samples.daytrader.web.OrdersAlertFilter,com.ibm.websphere.samples.daytrader.web.OrdersAlertFilter,2
daytrader,15,seed15_solution068,com.ibm.websphere.samples.daytrader.web.TradeAppServlet,com.ibm.websphere.samples.daytrader.web.TradeAppServlet,2
daytrader,15,seed15_solution068,com.ibm.websphere.samples.daytrader.web.TradeServletAction,com.ibm.websphere.samples.daytrader.web.TradeServletAction,1
daytrader,15,seed15_solution068,com.ibm.websphere.samples.daytrader.web.TradeWebContextListener,com.ibm.websphere.samples.daytrader.web.TradeWebContextListener,5
daytrader,15,seed15_solution068,com.ibm.websphere.samples.daytrader.web.jsf.AccountDataJSF,com.ibm.websphere.samples.daytrader.web.jsf.AccountDataJSF,0
daytrader,15,seed15_solution068,com.ibm.websphere.samples.daytrader.web.jsf.ExternalContextProducer,com.ibm.websphere.samples.daytrader.web.jsf.ExternalContextProducer,0
daytrader,15,seed15_solution068,com.ibm.websphere.samples.daytrader.web.jsf.HoldingData,com.ibm.websphere.samples.daytrader.web.jsf.HoldingData,1
daytrader,15,seed15_solution068,com.ibm.websphere.samples.daytrader.web.jsf.JSFLoginFilter,com.ibm.websphere.samples.daytrader.web.jsf.JSFLoginFilter,6
daytrader,15,seed15_solution068,com.ibm.websphere.samples.daytrader.web.jsf.LoginValidator,com.ibm.websphere.samples.daytrader.web.jsf.LoginValidator,1
daytrader,15,seed15_solution068,com.ibm.websphere.samples.daytrader.web.jsf.MarketSummaryJSF,com.ibm.websphere.samples.daytrader.web.jsf.MarketSummaryJSF,2
daytrader,15,seed15_solution068,com.ibm.websphere.samples.daytrader.web.jsf.OrderData,com.ibm.websphere.samples.daytrader.web.jsf.OrderData,5
daytrader,15,seed15_solution068,com.ibm.websphere.samples.daytrader.web.jsf.OrderDataJSF,com.ibm.websphere.samples.daytrader.web.jsf.OrderDataJSF,5
daytrader,15,seed15_solution068,com.ibm.websphere.samples.daytrader.web.jsf.PortfolioJSF,com.ibm.websphere.samples.daytrader.web.jsf.PortfolioJSF,1
daytrader,15,seed15_solution068,com.ibm.websphere.samples.daytrader.web.jsf.QuoteData,com.ibm.websphere.samples.daytrader.web.jsf.QuoteData,6
daytrader,15,seed15_solution068,com.ibm.websphere.samples.daytrader.web.jsf.QuoteJSF,com.ibm.websphere.samples.daytrader.web.jsf.QuoteJSF,1
daytrader,15,seed15_solution068,com.ibm.websphere.samples.daytrader.web.jsf.TradeActionProducer,com.ibm.websphere.samples.daytrader.web.jsf.TradeActionProducer,0
daytrader,15,seed15_solution068,com.ibm.websphere.samples.daytrader.web.jsf.TradeAppJSF,com.ibm.websphere.samples.daytrader.web.jsf.TradeAppJSF,1
daytrader,15,seed15_solution068,com.ibm.websphere.samples.daytrader.web.jsf.TradeConfigJSF,com.ibm.websphere.samples.daytrader.web.jsf.TradeConfigJSF,4
daytrader,15,seed15_solution068,com.ibm.websphere.samples.daytrader.web.websocket.ActionDecoder,com.ibm.websphere.samples.daytrader.web.websocket.ActionDecoder,1
daytrader,15,seed15_solution068,com.ibm.websphere.samples.daytrader.web.websocket.ActionMessage,com.ibm.websphere.samples.daytrader.web.websocket.ActionMessage,0
daytrader,15,seed15_solution068,com.ibm.websphere.samples.daytrader.web.websocket.ActionMessage$1,com.ibm.websphere.samples.daytrader.web.websocket.ActionMessage$1,5
daytrader,15,seed15_solution068,com.ibm.websphere.samples.daytrader.web.websocket.JsonDecoder,com.ibm.websphere.samples.daytrader.web.websocket.JsonDecoder,7
daytrader,15,seed15_solution068,com.ibm.websphere.samples.daytrader.web.websocket.JsonEncoder,com.ibm.websphere.samples.daytrader.web.websocket.JsonEncoder,7
daytrader,15,seed15_solution068,com.ibm.websphere.samples.daytrader.web.websocket.JsonMessage,com.ibm.websphere.samples.daytrader.web.websocket.JsonMessage,6
daytrader,15,seed15_solution068,com.ibm.websphere.samples.daytrader.web.websocket.MarketSummaryWebSocket,com.ibm.websphere.samples.daytrader.web.websocket.MarketSummaryWebSocket,2
daytrader,15,seed15_solution068,com.ibm.websphere.samples.daytrader.web.websocket.RecentStockChangeList,com.ibm.websphere.samples.daytrader.web.websocket.RecentStockChangeList,1
daytrader,15,seed15_solution069,com.ibm.websphere.samples.daytrader.TradeAction,com.ibm.websphere.samples.daytrader.TradeAction,0
daytrader,15,seed15_solution069,com.ibm.websphere.samples.daytrader.TradeServices,com.ibm.websphere.samples.daytrader.TradeServices,1
daytrader,15,seed15_solution069,com.ibm.websphere.samples.daytrader.beans.MarketSummaryDataBean,com.ibm.websphere.samples.daytrader.beans.MarketSummaryDataBean,0
daytrader,15,seed15_solution069,com.ibm.websphere.samples.daytrader.beans.RunStatsDataBean,com.ibm.websphere.samples.daytrader.beans.RunStatsDataBean,2
daytrader,15,seed15_solution069,com.ibm.websphere.samples.daytrader.direct.KeySequenceDirect,com.ibm.websphere.samples.daytrader.direct.KeySequenceDirect,0
daytrader,15,seed15_solution069,com.ibm.websphere.samples.daytrader.direct.TradeDirect,com.ibm.websphere.samples.daytrader.direct.TradeDirect,3
daytrader,15,seed15_solution069,com.ibm.websphere.samples.daytrader.ejb3.DTBroker3MDB,com.ibm.websphere.samples.daytrader.ejb3.DTBroker3MDB,2
daytrader,15,seed15_solution069,com.ibm.websphere.samples.daytrader.ejb3.DTStreamer3MDB,com.ibm.websphere.samples.daytrader.ejb3.DTStreamer3MDB,4
daytrader,15,seed15_solution069,com.ibm.websphere.samples.daytrader.ejb3.MarketSummarySingleton,com.ibm.websphere.samples.daytrader.ejb3.MarketSummarySingleton,4
daytrader,15,seed15_solution069,com.ibm.websphere.samples.daytrader.ejb3.TradeSLSBBean,com.ibm.websphere.samples.daytrader.ejb3.TradeSLSBBean,3
daytrader,15,seed15_solution069,com.ibm.websphere.samples.daytrader.ejb3.TradeSLSBBean$quotePriceComparator,com.ibm.websphere.samples.daytrader.ejb3.TradeSLSBBean$quotePriceComparator,5
daytrader,15,seed15_solution069,com.ibm.websphere.samples.daytrader.ejb3.TradeSLSBLocal,com.ibm.websphere.samples.daytrader.ejb3.TradeSLSBLocal,5
daytrader,15,seed15_solution069,com.ibm.websphere.samples.daytrader.ejb3.TradeSLSBRemote,com.ibm.websphere.samples.daytrader.ejb3.TradeSLSBRemote,1
daytrader,15,seed15_solution069,com.ibm.websphere.samples.daytrader.entities.AccountDataBean,com.ibm.websphere.samples.daytrader.entities.AccountDataBean,5
daytrader,15,seed15_solution069,com.ibm.websphere.samples.daytrader.entities.AccountProfileDataBean,com.ibm.websphere.samples.daytrader.entities.AccountProfileDataBean,4
daytrader,15,seed15_solution069,com.ibm.websphere.samples.daytrader.entities.HoldingDataBean,com.ibm.websphere.samples.daytrader.entities.HoldingDataBean,0
daytrader,15,seed15_solution069,com.ibm.websphere.samples.daytrader.entities.OrderDataBean,com.ibm.websphere.samples.daytrader.entities.OrderDataBean,5
daytrader,15,seed15_solution069,com.ibm.websphere.samples.daytrader.entities.QuoteDataBean,com.ibm.websphere.samples.daytrader.entities.QuoteDataBean,0
daytrader,15,seed15_solution069,com.ibm.websphere.samples.daytrader.util.CompleteOrderThread,com.ibm.websphere.samples.daytrader.util.CompleteOrderThread,0
daytrader,15,seed15_solution069,com.ibm.websphere.samples.daytrader.util.FinancialUtils,com.ibm.websphere.samples.daytrader.util.FinancialUtils,1
daytrader,15,seed15_solution069,com.ibm.websphere.samples.daytrader.util.KeyBlock,com.ibm.websphere.samples.daytrader.util.KeyBlock,4
daytrader,15,seed15_solution069,com.ibm.websphere.samples.daytrader.util.KeyBlock$KeyBlockIterator,com.ibm.websphere.samples.daytrader.util.KeyBlock$KeyBlockIterator,4
daytrader,15,seed15_solution069,com.ibm.websphere.samples.daytrader.util.Log,com.ibm.websphere.samples.daytrader.util.Log,3
daytrader,15,seed15_solution069,com.ibm.websphere.samples.daytrader.util.MDBStats,com.ibm.websphere.samples.daytrader.util.MDBStats,2
daytrader,15,seed15_solution069,com.ibm.websphere.samples.daytrader.util.TimerStat,com.ibm.websphere.samples.daytrader.util.TimerStat,2
daytrader,15,seed15_solution069,com.ibm.websphere.samples.daytrader.util.TradeConfig,com.ibm.websphere.samples.daytrader.util.TradeConfig,4
daytrader,15,seed15_solution069,com.ibm.websphere.samples.daytrader.util.WebSocketJMSMessage,com.ibm.websphere.samples.daytrader.util.WebSocketJMSMessage,6
daytrader,15,seed15_solution069,com.ibm.websphere.samples.daytrader.web.OrdersAlertFilter,com.ibm.websphere.samples.daytrader.web.OrdersAlertFilter,2
daytrader,15,seed15_solution069,com.ibm.websphere.samples.daytrader.web.TradeAppServlet,com.ibm.websphere.samples.daytrader.web.TradeAppServlet,2
daytrader,15,seed15_solution069,com.ibm.websphere.samples.daytrader.web.TradeServletAction,com.ibm.websphere.samples.daytrader.web.TradeServletAction,1
daytrader,15,seed15_solution069,com.ibm.websphere.samples.daytrader.web.TradeWebContextListener,com.ibm.websphere.samples.daytrader.web.TradeWebContextListener,5
daytrader,15,seed15_solution069,com.ibm.websphere.samples.daytrader.web.jsf.AccountDataJSF,com.ibm.websphere.samples.daytrader.web.jsf.AccountDataJSF,0
daytrader,15,seed15_solution069,com.ibm.websphere.samples.daytrader.web.jsf.ExternalContextProducer,com.ibm.websphere.samples.daytrader.web.jsf.ExternalContextProducer,0
daytrader,15,seed15_solution069,com.ibm.websphere.samples.daytrader.web.jsf.HoldingData,com.ibm.websphere.samples.daytrader.web.jsf.HoldingData,1
daytrader,15,seed15_solution069,com.ibm.websphere.samples.daytrader.web.jsf.JSFLoginFilter,com.ibm.websphere.samples.daytrader.web.jsf.JSFLoginFilter,6
daytrader,15,seed15_solution069,com.ibm.websphere.samples.daytrader.web.jsf.LoginValidator,com.ibm.websphere.samples.daytrader.web.jsf.LoginValidator,1
daytrader,15,seed15_solution069,com.ibm.websphere.samples.daytrader.web.jsf.MarketSummaryJSF,com.ibm.websphere.samples.daytrader.web.jsf.MarketSummaryJSF,2
daytrader,15,seed15_solution069,com.ibm.websphere.samples.daytrader.web.jsf.OrderData,com.ibm.websphere.samples.daytrader.web.jsf.OrderData,5
daytrader,15,seed15_solution069,com.ibm.websphere.samples.daytrader.web.jsf.OrderDataJSF,com.ibm.websphere.samples.daytrader.web.jsf.OrderDataJSF,5
daytrader,15,seed15_solution069,com.ibm.websphere.samples.daytrader.web.jsf.PortfolioJSF,com.ibm.websphere.samples.daytrader.web.jsf.PortfolioJSF,1
daytrader,15,seed15_solution069,com.ibm.websphere.samples.daytrader.web.jsf.QuoteData,com.ibm.websphere.samples.daytrader.web.jsf.QuoteData,6
daytrader,15,seed15_solution069,com.ibm.websphere.samples.daytrader.web.jsf.QuoteJSF,com.ibm.websphere.samples.daytrader.web.jsf.QuoteJSF,4
daytrader,15,seed15_solution069,com.ibm.websphere.samples.daytrader.web.jsf.TradeActionProducer,com.ibm.websphere.samples.daytrader.web.jsf.TradeActionProducer,0
daytrader,15,seed15_solution069,com.ibm.websphere.samples.daytrader.web.jsf.TradeAppJSF,com.ibm.websphere.samples.daytrader.web.jsf.TradeAppJSF,1
daytrader,15,seed15_solution069,com.ibm.websphere.samples.daytrader.web.jsf.TradeConfigJSF,com.ibm.websphere.samples.daytrader.web.jsf.TradeConfigJSF,4
daytrader,15,seed15_solution069,com.ibm.websphere.samples.daytrader.web.websocket.ActionDecoder,com.ibm.websphere.samples.daytrader.web.websocket.ActionDecoder,1
daytrader,15,seed15_solution069,com.ibm.websphere.samples.daytrader.web.websocket.ActionMessage,com.ibm.websphere.samples.daytrader.web.websocket.ActionMessage,0
daytrader,15,seed15_solution069,com.ibm.websphere.samples.daytrader.web.websocket.ActionMessage$1,com.ibm.websphere.samples.daytrader.web.websocket.ActionMessage$1,5
daytrader,15,seed15_solution069,com.ibm.websphere.samples.daytrader.web.websocket.JsonDecoder,com.ibm.websphere.samples.daytrader.web.websocket.JsonDecoder,7
daytrader,15,seed15_solution069,com.ibm.websphere.samples.daytrader.web.websocket.JsonEncoder,com.ibm.websphere.samples.daytrader.web.websocket.JsonEncoder,7
daytrader,15,seed15_solution069,com.ibm.websphere.samples.daytrader.web.websocket.JsonMessage,com.ibm.websphere.samples.daytrader.web.websocket.JsonMessage,6
daytrader,15,seed15_solution069,com.ibm.websphere.samples.daytrader.web.websocket.MarketSummaryWebSocket,com.ibm.websphere.samples.daytrader.web.websocket.MarketSummaryWebSocket,2
daytrader,15,seed15_solution069,com.ibm.websphere.samples.daytrader.web.websocket.RecentStockChangeList,com.ibm.websphere.samples.daytrader.web.websocket.RecentStockChangeList,1
daytrader,15,seed15_solution070,com.ibm.websphere.samples.daytrader.TradeAction,com.ibm.websphere.samples.daytrader.TradeAction,0
daytrader,15,seed15_solution070,com.ibm.websphere.samples.daytrader.TradeServices,com.ibm.websphere.samples.daytrader.TradeServices,0
daytrader,15,seed15_solution070,com.ibm.websphere.samples.daytrader.beans.MarketSummaryDataBean,com.ibm.websphere.samples.daytrader.beans.MarketSummaryDataBean,0
daytrader,15,seed15_solution070,com.ibm.websphere.samples.daytrader.beans.RunStatsDataBean,com.ibm.websphere.samples.daytrader.beans.RunStatsDataBean,1
daytrader,15,seed15_solution070,com.ibm.websphere.samples.daytrader.direct.KeySequenceDirect,com.ibm.websphere.samples.daytrader.direct.KeySequenceDirect,2
daytrader,15,seed15_solution070,com.ibm.websphere.samples.daytrader.direct.TradeDirect,com.ibm.websphere.samples.daytrader.direct.TradeDirect,1
daytrader,15,seed15_solution070,com.ibm.websphere.samples.daytrader.ejb3.DTBroker3MDB,com.ibm.websphere.samples.daytrader.ejb3.DTBroker3MDB,3
daytrader,15,seed15_solution070,com.ibm.websphere.samples.daytrader.ejb3.DTStreamer3MDB,com.ibm.websphere.samples.daytrader.ejb3.DTStreamer3MDB,3
daytrader,15,seed15_solution070,com.ibm.websphere.samples.daytrader.ejb3.MarketSummarySingleton,com.ibm.websphere.samples.daytrader.ejb3.MarketSummarySingleton,0
daytrader,15,seed15_solution070,com.ibm.websphere.samples.daytrader.ejb3.TradeSLSBBean,com.ibm.websphere.samples.daytrader.ejb3.TradeSLSBBean,4
daytrader,15,seed15_solution070,com.ibm.websphere.samples.daytrader.ejb3.TradeSLSBBean$quotePriceComparator,com.ibm.websphere.samples.daytrader.ejb3.TradeSLSBBean$quotePriceComparator,4
daytrader,15,seed15_solution070,com.ibm.websphere.samples.daytrader.ejb3.TradeSLSBLocal,com.ibm.websphere.samples.daytrader.ejb3.TradeSLSBLocal,0
daytrader,15,seed15_solution070,com.ibm.websphere.samples.daytrader.ejb3.TradeSLSBRemote,com.ibm.websphere.samples.daytrader.ejb3.TradeSLSBRemote,0
daytrader,15,seed15_solution070,com.ibm.websphere.samples.daytrader.entities.AccountDataBean,com.ibm.websphere.samples.daytrader.entities.AccountDataBean,0
daytrader,15,seed15_solution070,com.ibm.websphere.samples.daytrader.entities.AccountProfileDataBean,com.ibm.websphere.samples.daytrader.entities.AccountProfileDataBean,0
daytrader,15,seed15_solution070,com.ibm.websphere.samples.daytrader.entities.HoldingDataBean,com.ibm.websphere.samples.daytrader.entities.HoldingDataBean,0
daytrader,15,seed15_solution070,com.ibm.websphere.samples.daytrader.entities.OrderDataBean,com.ibm.websphere.samples.daytrader.entities.OrderDataBean,0
daytrader,15,seed15_solution070,com.ibm.websphere.samples.daytrader.entities.QuoteDataBean,com.ibm.websphere.samples.daytrader.entities.QuoteDataBean,0
daytrader,15,seed15_solution070,com.ibm.websphere.samples.daytrader.util.CompleteOrderThread,com.ibm.websphere.samples.daytrader.util.CompleteOrderThread,0
daytrader,15,seed15_solution070,com.ibm.websphere.samples.daytrader.util.FinancialUtils,com.ibm.websphere.samples.daytrader.util.FinancialUtils,0
daytrader,15,seed15_solution070,com.ibm.websphere.samples.daytrader.util.KeyBlock,com.ibm.websphere.samples.daytrader.util.KeyBlock,2
daytrader,15,seed15_solution070,com.ibm.websphere.samples.daytrader.util.KeyBlock$KeyBlockIterator,com.ibm.websphere.samples.daytrader.util.KeyBlock$KeyBlockIterator,2
daytrader,15,seed15_solution070,com.ibm.websphere.samples.daytrader.util.Log,com.ibm.websphere.samples.daytrader.util.Log,1
daytrader,15,seed15_solution070,com.ibm.websphere.samples.daytrader.util.MDBStats,com.ibm.websphere.samples.daytrader.util.MDBStats,2
daytrader,15,seed15_solution070,com.ibm.websphere.samples.daytrader.util.TimerStat,com.ibm.websphere.samples.daytrader.util.TimerStat,4
daytrader,15,seed15_solution070,com.ibm.websphere.samples.daytrader.util.TradeConfig,com.ibm.websphere.samples.daytrader.util.TradeConfig,0
daytrader,15,seed15_solution070,com.ibm.websphere.samples.daytrader.util.WebSocketJMSMessage,com.ibm.websphere.samples.daytrader.util.WebSocketJMSMessage,0
daytrader,15,seed15_solution070,com.ibm.websphere.samples.daytrader.web.OrdersAlertFilter,com.ibm.websphere.samples.daytrader.web.OrdersAlertFilter,4
daytrader,15,seed15_solution070,com.ibm.websphere.samples.daytrader.web.TradeAppServlet,com.ibm.websphere.samples.daytrader.web.TradeAppServlet,3
daytrader,15,seed15_solution070,com.ibm.websphere.samples.daytrader.web.TradeServletAction,com.ibm.websphere.samples.daytrader.web.TradeServletAction,2
daytrader,15,seed15_solution070,com.ibm.websphere.samples.daytrader.web.TradeWebContextListener,com.ibm.websphere.samples.daytrader.web.TradeWebContextListener,3
daytrader,15,seed15_solution070,com.ibm.websphere.samples.daytrader.web.jsf.AccountDataJSF,com.ibm.websphere.samples.daytrader.web.jsf.AccountDataJSF,0
daytrader,15,seed15_solution070,com.ibm.websphere.samples.daytrader.web.jsf.ExternalContextProducer,com.ibm.websphere.samples.daytrader.web.jsf.ExternalContextProducer,5
daytrader,15,seed15_solution070,com.ibm.websphere.samples.daytrader.web.jsf.HoldingData,com.ibm.websphere.samples.daytrader.web.jsf.HoldingData,2
daytrader,15,seed15_solution070,com.ibm.websphere.samples.daytrader.web.jsf.JSFLoginFilter,com.ibm.websphere.samples.daytrader.web.jsf.JSFLoginFilter,3
daytrader,15,seed15_solution070,com.ibm.websphere.samples.daytrader.web.jsf.LoginValidator,com.ibm.websphere.samples.daytrader.web.jsf.LoginValidator,5
daytrader,15,seed15_solution070,com.ibm.websphere.samples.daytrader.web.jsf.MarketSummaryJSF,com.ibm.websphere.samples.daytrader.web.jsf.MarketSummaryJSF,2
daytrader,15,seed15_solution070,com.ibm.websphere.samples.daytrader.web.jsf.OrderData,com.ibm.websphere.samples.daytrader.web.jsf.OrderData,3
daytrader,15,seed15_solution070,com.ibm.websphere.samples.daytrader.web.jsf.OrderDataJSF,com.ibm.websphere.samples.daytrader.web.jsf.OrderDataJSF,3
daytrader,15,seed15_solution070,com.ibm.websphere.samples.daytrader.web.jsf.PortfolioJSF,com.ibm.websphere.samples.daytrader.web.jsf.PortfolioJSF,2
daytrader,15,seed15_solution070,com.ibm.websphere.samples.daytrader.web.jsf.QuoteData,com.ibm.websphere.samples.daytrader.web.jsf.QuoteData,0
daytrader,15,seed15_solution070,com.ibm.websphere.samples.daytrader.web.jsf.QuoteJSF,com.ibm.websphere.samples.daytrader.web.jsf.QuoteJSF,5
daytrader,15,seed15_solution070,com.ibm.websphere.samples.daytrader.web.jsf.TradeActionProducer,com.ibm.websphere.samples.daytrader.web.jsf.TradeActionProducer,0
daytrader,15,seed15_solution070,com.ibm.websphere.samples.daytrader.web.jsf.TradeAppJSF,com.ibm.websphere.samples.daytrader.web.jsf.TradeAppJSF,5
daytrader,15,seed15_solution070,com.ibm.websphere.samples.daytrader.web.jsf.TradeConfigJSF,com.ibm.websphere.samples.daytrader.web.jsf.TradeConfigJSF,3
daytrader,15,seed15_solution070,com.ibm.websphere.samples.daytrader.web.websocket.ActionDecoder,com.ibm.websphere.samples.daytrader.web.websocket.ActionDecoder,2
daytrader,15,seed15_solution070,com.ibm.websphere.samples.daytrader.web.websocket.ActionMessage,com.ibm.websphere.samples.daytrader.web.websocket.ActionMessage,4
daytrader,15,seed15_solution070,com.ibm.websphere.samples.daytrader.web.websocket.ActionMessage$1,com.ibm.websphere.samples.daytrader.web.websocket.ActionMessage$1,5
daytrader,15,seed15_solution070,com.ibm.websphere.samples.daytrader.web.websocket.JsonDecoder,com.ibm.websphere.samples.daytrader.web.websocket.JsonDecoder,3
daytrader,15,seed15_solution070,com.ibm.websphere.samples.daytrader.web.websocket.JsonEncoder,com.ibm.websphere.samples.daytrader.web.websocket.JsonEncoder,4
daytrader,15,seed15_solution070,com.ibm.websphere.samples.daytrader.web.websocket.JsonMessage,com.ibm.websphere.samples.daytrader.web.websocket.JsonMessage,4
daytrader,15,seed15_solution070,com.ibm.websphere.samples.daytrader.web.websocket.MarketSummaryWebSocket,com.ibm.websphere.samples.daytrader.web.websocket.MarketSummaryWebSocket,4
daytrader,15,seed15_solution070,com.ibm.websphere.samples.daytrader.web.websocket.RecentStockChangeList,com.ibm.websphere.samples.daytrader.web.websocket.RecentStockChangeList,3
daytrader,15,seed15_solution071,com.ibm.websphere.samples.daytrader.TradeAction,com.ibm.websphere.samples.daytrader.TradeAction,0
daytrader,15,seed15_solution071,com.ibm.websphere.samples.daytrader.TradeServices,com.ibm.websphere.samples.daytrader.TradeServices,1
daytrader,15,seed15_solution071,com.ibm.websphere.samples.daytrader.beans.MarketSummaryDataBean,com.ibm.websphere.samples.daytrader.beans.MarketSummaryDataBean,0
daytrader,15,seed15_solution071,com.ibm.websphere.samples.daytrader.beans.RunStatsDataBean,com.ibm.websphere.samples.daytrader.beans.RunStatsDataBean,2
daytrader,15,seed15_solution071,com.ibm.websphere.samples.daytrader.direct.KeySequenceDirect,com.ibm.websphere.samples.daytrader.direct.KeySequenceDirect,2
daytrader,15,seed15_solution071,com.ibm.websphere.samples.daytrader.direct.TradeDirect,com.ibm.websphere.samples.daytrader.direct.TradeDirect,3
daytrader,15,seed15_solution071,com.ibm.websphere.samples.daytrader.ejb3.DTBroker3MDB,com.ibm.websphere.samples.daytrader.ejb3.DTBroker3MDB,1
daytrader,15,seed15_solution071,com.ibm.websphere.samples.daytrader.ejb3.DTStreamer3MDB,com.ibm.websphere.samples.daytrader.ejb3.DTStreamer3MDB,2
daytrader,15,seed15_solution071,com.ibm.websphere.samples.daytrader.ejb3.MarketSummarySingleton,com.ibm.websphere.samples.daytrader.ejb3.MarketSummarySingleton,4
daytrader,15,seed15_solution071,com.ibm.websphere.samples.daytrader.ejb3.TradeSLSBBean,com.ibm.websphere.samples.daytrader.ejb3.TradeSLSBBean,3
daytrader,15,seed15_solution071,com.ibm.websphere.samples.daytrader.ejb3.TradeSLSBBean$quotePriceComparator,com.ibm.websphere.samples.daytrader.ejb3.TradeSLSBBean$quotePriceComparator,2
daytrader,15,seed15_solution071,com.ibm.websphere.samples.daytrader.ejb3.TradeSLSBLocal,com.ibm.websphere.samples.daytrader.ejb3.TradeSLSBLocal,4
daytrader,15,seed15_solution071,com.ibm.websphere.samples.daytrader.ejb3.TradeSLSBRemote,com.ibm.websphere.samples.daytrader.ejb3.TradeSLSBRemote,2
daytrader,15,seed15_solution071,com.ibm.websphere.samples.daytrader.entities.AccountDataBean,com.ibm.websphere.samples.daytrader.entities.AccountDataBean,5
daytrader,15,seed15_solution071,com.ibm.websphere.samples.daytrader.entities.AccountProfileDataBean,com.ibm.websphere.samples.daytrader.entities.AccountProfileDataBean,1
daytrader,15,seed15_solution071,com.ibm.websphere.samples.daytrader.entities.HoldingDataBean,com.ibm.websphere.samples.daytrader.entities.HoldingDataBean,0
daytrader,15,seed15_solution071,com.ibm.websphere.samples.daytrader.entities.OrderDataBean,com.ibm.websphere.samples.daytrader.entities.OrderDataBean,6
daytrader,15,seed15_solution071,com.ibm.websphere.samples.daytrader.entities.QuoteDataBean,com.ibm.websphere.samples.daytrader.entities.QuoteDataBean,0
daytrader,15,seed15_solution071,com.ibm.websphere.samples.daytrader.util.CompleteOrderThread,com.ibm.websphere.samples.daytrader.util.CompleteOrderThread,0
daytrader,15,seed15_solution071,com.ibm.websphere.samples.daytrader.util.FinancialUtils,com.ibm.websphere.samples.daytrader.util.FinancialUtils,1
daytrader,15,seed15_solution071,com.ibm.websphere.samples.daytrader.util.KeyBlock,com.ibm.websphere.samples.daytrader.util.KeyBlock,0
daytrader,15,seed15_solution071,com.ibm.websphere.samples.daytrader.util.KeyBlock$KeyBlockIterator,com.ibm.websphere.samples.daytrader.util.KeyBlock$KeyBlockIterator,4
daytrader,15,seed15_solution071,com.ibm.websphere.samples.daytrader.util.Log,com.ibm.websphere.samples.daytrader.util.Log,3
daytrader,15,seed15_solution071,com.ibm.websphere.samples.daytrader.util.MDBStats,com.ibm.websphere.samples.daytrader.util.MDBStats,2
daytrader,15,seed15_solution071,com.ibm.websphere.samples.daytrader.util.TimerStat,com.ibm.websphere.samples.daytrader.util.TimerStat,2
daytrader,15,seed15_solution071,com.ibm.websphere.samples.daytrader.util.TradeConfig,com.ibm.websphere.samples.daytrader.util.TradeConfig,4
daytrader,15,seed15_solution071,com.ibm.websphere.samples.daytrader.util.WebSocketJMSMessage,com.ibm.websphere.samples.daytrader.util.WebSocketJMSMessage,6
daytrader,15,seed15_solution071,com.ibm.websphere.samples.daytrader.web.OrdersAlertFilter,com.ibm.websphere.samples.daytrader.web.OrdersAlertFilter,4
daytrader,15,seed15_solution071,com.ibm.websphere.samples.daytrader.web.TradeAppServlet,com.ibm.websphere.samples.daytrader.web.TradeAppServlet,0
daytrader,15,seed15_solution071,com.ibm.websphere.samples.daytrader.web.TradeServletAction,com.ibm.websphere.samples.daytrader.web.TradeServletAction,1
daytrader,15,seed15_solution071,com.ibm.websphere.samples.daytrader.web.TradeWebContextListener,com.ibm.websphere.samples.daytrader.web.TradeWebContextListener,4
daytrader,15,seed15_solution071,com.ibm.websphere.samples.daytrader.web.jsf.AccountDataJSF,com.ibm.websphere.samples.daytrader.web.jsf.AccountDataJSF,1
daytrader,15,seed15_solution071,com.ibm.websphere.samples.daytrader.web.jsf.ExternalContextProducer,com.ibm.websphere.samples.daytrader.web.jsf.ExternalContextProducer,2
daytrader,15,seed15_solution071,com.ibm.websphere.samples.daytrader.web.jsf.HoldingData,com.ibm.websphere.samples.daytrader.web.jsf.HoldingData,1
daytrader,15,seed15_solution071,com.ibm.websphere.samples.daytrader.web.jsf.JSFLoginFilter,com.ibm.websphere.samples.daytrader.web.jsf.JSFLoginFilter,5
daytrader,15,seed15_solution071,com.ibm.websphere.samples.daytrader.web.jsf.LoginValidator,com.ibm.websphere.samples.daytrader.web.jsf.LoginValidator,1
daytrader,15,seed15_solution071,com.ibm.websphere.samples.daytrader.web.jsf.MarketSummaryJSF,com.ibm.websphere.samples.daytrader.web.jsf.MarketSummaryJSF,5
daytrader,15,seed15_solution071,com.ibm.websphere.samples.daytrader.web.jsf.OrderData,com.ibm.websphere.samples.daytrader.web.jsf.OrderData,4
daytrader,15,seed15_solution071,com.ibm.websphere.samples.daytrader.web.jsf.OrderDataJSF,com.ibm.websphere.samples.daytrader.web.jsf.OrderDataJSF,5
daytrader,15,seed15_solution071,com.ibm.websphere.samples.daytrader.web.jsf.PortfolioJSF,com.ibm.websphere.samples.daytrader.web.jsf.PortfolioJSF,1
daytrader,15,seed15_solution071,com.ibm.websphere.samples.daytrader.web.jsf.QuoteData,com.ibm.websphere.samples.daytrader.web.jsf.QuoteData,1
daytrader,15,seed15_solution071,com.ibm.websphere.samples.daytrader.web.jsf.QuoteJSF,com.ibm.websphere.samples.daytrader.web.jsf.QuoteJSF,4
daytrader,15,seed15_solution071,com.ibm.websphere.samples.daytrader.web.jsf.TradeActionProducer,com.ibm.websphere.samples.daytrader.web.jsf.TradeActionProducer,0
daytrader,15,seed15_solution071,com.ibm.websphere.samples.daytrader.web.jsf.TradeAppJSF,com.ibm.websphere.samples.daytrader.web.jsf.TradeAppJSF,1
daytrader,15,seed15_solution071,com.ibm.websphere.samples.daytrader.web.jsf.TradeConfigJSF,com.ibm.websphere.samples.daytrader.web.jsf.TradeConfigJSF,4
daytrader,15,seed15_solution071,com.ibm.websphere.samples.daytrader.web.websocket.ActionDecoder,com.ibm.websphere.samples.daytrader.web.websocket.ActionDecoder,6
daytrader,15,seed15_solution071,com.ibm.websphere.samples.daytrader.web.websocket.ActionMessage,com.ibm.websphere.samples.daytrader.web.websocket.ActionMessage,0
daytrader,15,seed15_solution071,com.ibm.websphere.samples.daytrader.web.websocket.ActionMessage$1,com.ibm.websphere.samples.daytrader.web.websocket.ActionMessage$1,0
daytrader,15,seed15_solution071,com.ibm.websphere.samples.daytrader.web.websocket.JsonDecoder,com.ibm.websphere.samples.daytrader.web.websocket.JsonDecoder,6
daytrader,15,seed15_solution071,com.ibm.websphere.samples.daytrader.web.websocket.JsonEncoder,com.ibm.websphere.samples.daytrader.web.websocket.JsonEncoder,2
daytrader,15,seed15_solution071,com.ibm.websphere.samples.daytrader.web.websocket.JsonMessage,com.ibm.websphere.samples.daytrader.web.websocket.JsonMessage,6
daytrader,15,seed15_solution071,com.ibm.websphere.samples.daytrader.web.websocket.MarketSummaryWebSocket,com.ibm.websphere.samples.daytrader.web.websocket.MarketSummaryWebSocket,2
daytrader,15,seed15_solution071,com.ibm.websphere.samples.daytrader.web.websocket.RecentStockChangeList,com.ibm.websphere.samples.daytrader.web.websocket.RecentStockChangeList,1
daytrader,15,seed15_solution072,com.ibm.websphere.samples.daytrader.TradeAction,com.ibm.websphere.samples.daytrader.TradeAction,0
daytrader,15,seed15_solution072,com.ibm.websphere.samples.daytrader.TradeServices,com.ibm.websphere.samples.daytrader.TradeServices,1
daytrader,15,seed15_solution072,com.ibm.websphere.samples.daytrader.beans.MarketSummaryDataBean,com.ibm.websphere.samples.daytrader.beans.MarketSummaryDataBean,0
daytrader,15,seed15_solution072,com.ibm.websphere.samples.daytrader.beans.RunStatsDataBean,com.ibm.websphere.samples.daytrader.beans.RunStatsDataBean,2
daytrader,15,seed15_solution072,com.ibm.websphere.samples.daytrader.direct.KeySequenceDirect,com.ibm.websphere.samples.daytrader.direct.KeySequenceDirect,1
daytrader,15,seed15_solution072,com.ibm.websphere.samples.daytrader.direct.TradeDirect,com.ibm.websphere.samples.daytrader.direct.TradeDirect,3
daytrader,15,seed15_solution072,com.ibm.websphere.samples.daytrader.ejb3.DTBroker3MDB,com.ibm.websphere.samples.daytrader.ejb3.DTBroker3MDB,4
daytrader,15,seed15_solution072,com.ibm.websphere.samples.daytrader.ejb3.DTStreamer3MDB,com.ibm.websphere.samples.daytrader.ejb3.DTStreamer3MDB,4
daytrader,15,seed15_solution072,com.ibm.websphere.samples.daytrader.ejb3.MarketSummarySingleton,com.ibm.websphere.samples.daytrader.ejb3.MarketSummarySingleton,0
daytrader,15,seed15_solution072,com.ibm.websphere.samples.daytrader.ejb3.TradeSLSBBean,com.ibm.websphere.samples.daytrader.ejb3.TradeSLSBBean,3
daytrader,15,seed15_solution072,com.ibm.websphere.samples.daytrader.ejb3.TradeSLSBBean$quotePriceComparator,com.ibm.websphere.samples.daytrader.ejb3.TradeSLSBBean$quotePriceComparator,5
daytrader,15,seed15_solution072,com.ibm.websphere.samples.daytrader.ejb3.TradeSLSBLocal,com.ibm.websphere.samples.daytrader.ejb3.TradeSLSBLocal,5
daytrader,15,seed15_solution072,com.ibm.websphere.samples.daytrader.ejb3.TradeSLSBRemote,com.ibm.websphere.samples.daytrader.ejb3.TradeSLSBRemote,0
daytrader,15,seed15_solution072,com.ibm.websphere.samples.daytrader.entities.AccountDataBean,com.ibm.websphere.samples.daytrader.entities.AccountDataBean,0
daytrader,15,seed15_solution072,com.ibm.websphere.samples.daytrader.entities.AccountProfileDataBean,com.ibm.websphere.samples.daytrader.entities.AccountProfileDataBean,0
daytrader,15,seed15_solution072,com.ibm.websphere.samples.daytrader.entities.HoldingDataBean,com.ibm.websphere.samples.daytrader.entities.HoldingDataBean,2
daytrader,15,seed15_solution072,com.ibm.websphere.samples.daytrader.entities.OrderDataBean,com.ibm.websphere.samples.daytrader.entities.OrderDataBean,0
daytrader,15,seed15_solution072,com.ibm.websphere.samples.daytrader.entities.QuoteDataBean,com.ibm.websphere.samples.daytrader.entities.QuoteDataBean,0
daytrader,15,seed15_solution072,com.ibm.websphere.samples.daytrader.util.CompleteOrderThread,com.ibm.websphere.samples.daytrader.util.CompleteOrderThread,0
daytrader,15,seed15_solution072,com.ibm.websphere.samples.daytrader.util.FinancialUtils,com.ibm.websphere.samples.daytrader.util.FinancialUtils,1
daytrader,15,seed15_solution072,com.ibm.websphere.samples.daytrader.util.KeyBlock,com.ibm.websphere.samples.daytrader.util.KeyBlock,1
daytrader,15,seed15_solution072,com.ibm.websphere.samples.daytrader.util.KeyBlock$KeyBlockIterator,com.ibm.websphere.samples.daytrader.util.KeyBlock$KeyBlockIterator,4
daytrader,15,seed15_solution072,com.ibm.websphere.samples.daytrader.util.Log,com.ibm.websphere.samples.daytrader.util.Log,3
daytrader,15,seed15_solution072,com.ibm.websphere.samples.daytrader.util.MDBStats,com.ibm.websphere.samples.daytrader.util.MDBStats,1
daytrader,15,seed15_solution072,com.ibm.websphere.samples.daytrader.util.TimerStat,com.ibm.websphere.samples.daytrader.util.TimerStat,2
daytrader,15,seed15_solution072,com.ibm.websphere.samples.daytrader.util.TradeConfig,com.ibm.websphere.samples.daytrader.util.TradeConfig,0
daytrader,15,seed15_solution072,com.ibm.websphere.samples.daytrader.util.WebSocketJMSMessage,com.ibm.websphere.samples.daytrader.util.WebSocketJMSMessage,1
daytrader,15,seed15_solution072,com.ibm.websphere.samples.daytrader.web.OrdersAlertFilter,com.ibm.websphere.samples.daytrader.web.OrdersAlertFilter,5
daytrader,15,seed15_solution072,com.ibm.websphere.samples.daytrader.web.TradeAppServlet,com.ibm.websphere.samples.daytrader.web.TradeAppServlet,4
daytrader,15,seed15_solution072,com.ibm.websphere.samples.daytrader.web.TradeServletAction,com.ibm.websphere.samples.daytrader.web.TradeServletAction,2
daytrader,15,seed15_solution072,com.ibm.websphere.samples.daytrader.web.TradeWebContextListener,com.ibm.websphere.samples.daytrader.web.TradeWebContextListener,4
daytrader,15,seed15_solution072,com.ibm.websphere.samples.daytrader.web.jsf.AccountDataJSF,com.ibm.websphere.samples.daytrader.web.jsf.AccountDataJSF,0
daytrader,15,seed15_solution072,com.ibm.websphere.samples.daytrader.web.jsf.ExternalContextProducer,com.ibm.websphere.samples.daytrader.web.jsf.ExternalContextProducer,1
daytrader,15,seed15_solution072,com.ibm.websphere.samples.daytrader.web.jsf.HoldingData,com.ibm.websphere.samples.daytrader.web.jsf.HoldingData,1
daytrader,15,seed15_solution072,com.ibm.websphere.samples.daytrader.web.jsf.JSFLoginFilter,com.ibm.websphere.samples.daytrader.web.jsf.JSFLoginFilter,4
daytrader,15,seed15_solution072,com.ibm.websphere.samples.daytrader.web.jsf.LoginValidator,com.ibm.websphere.samples.daytrader.web.jsf.LoginValidator,3
daytrader,15,seed15_solution072,com.ibm.websphere.samples.daytrader.web.jsf.MarketSummaryJSF,com.ibm.websphere.samples.daytrader.web.jsf.MarketSummaryJSF,1
daytrader,15,seed15_solution072,com.ibm.websphere.samples.daytrader.web.jsf.OrderData,com.ibm.websphere.samples.daytrader.web.jsf.OrderData,4
daytrader,15,seed15_solution072,com.ibm.websphere.samples.daytrader.web.jsf.OrderDataJSF,com.ibm.websphere.samples.daytrader.web.jsf.OrderDataJSF,2
daytrader,15,seed15_solution072,com.ibm.websphere.samples.daytrader.web.jsf.PortfolioJSF,com.ibm.websphere.samples.daytrader.web.jsf.PortfolioJSF,1
daytrader,15,seed15_solution072,com.ibm.websphere.samples.daytrader.web.jsf.QuoteData,com.ibm.websphere.samples.daytrader.web.jsf.QuoteData,2
daytrader,15,seed15_solution072,com.ibm.websphere.samples.daytrader.web.jsf.QuoteJSF,com.ibm.websphere.samples.daytrader.web.jsf.QuoteJSF,1
daytrader,15,seed15_solution072,com.ibm.websphere.samples.daytrader.web.jsf.TradeActionProducer,com.ibm.websphere.samples.daytrader.web.jsf.TradeActionProducer,0
daytrader,15,seed15_solution072,com.ibm.websphere.samples.daytrader.web.jsf.TradeAppJSF,com.ibm.websphere.samples.daytrader.web.jsf.TradeAppJSF,2
daytrader,15,seed15_solution072,com.ibm.websphere.samples.daytrader.web.jsf.TradeConfigJSF,com.ibm.websphere.samples.daytrader.web.jsf.TradeConfigJSF,4
daytrader,15,seed15_solution072,com.ibm.websphere.samples.daytrader.web.websocket.ActionDecoder,com.ibm.websphere.samples.daytrader.web.websocket.ActionDecoder,1
daytrader,15,seed15_solution072,com.ibm.websphere.samples.daytrader.web.websocket.ActionMessage,com.ibm.websphere.samples.daytrader.web.websocket.ActionMessage,0
daytrader,15,seed15_solution072,com.ibm.websphere.samples.daytrader.web.websocket.ActionMessage$1,com.ibm.websphere.samples.daytrader.web.websocket.ActionMessage$1,5
daytrader,15,seed15_solution072,com.ibm.websphere.samples.daytrader.web.websocket.JsonDecoder,com.ibm.websphere.samples.daytrader.web.websocket.JsonDecoder,4
daytrader,15,seed15_solution072,com.ibm.websphere.samples.daytrader.web.websocket.JsonEncoder,com.ibm.websphere.samples.daytrader.web.websocket.JsonEncoder,5
daytrader,15,seed15_solution072,com.ibm.websphere.samples.daytrader.web.websocket.JsonMessage,com.ibm.websphere.samples.daytrader.web.websocket.JsonMessage,5
daytrader,15,seed15_solution072,com.ibm.websphere.samples.daytrader.web.websocket.MarketSummaryWebSocket,com.ibm.websphere.samples.daytrader.web.websocket.MarketSummaryWebSocket,1
daytrader,15,seed15_solution072,com.ibm.websphere.samples.daytrader.web.websocket.RecentStockChangeList,com.ibm.websphere.samples.daytrader.web.websocket.RecentStockChangeList,4
daytrader,15,seed15_solution073,com.ibm.websphere.samples.daytrader.TradeAction,com.ibm.websphere.samples.daytrader.TradeAction,0
daytrader,15,seed15_solution073,com.ibm.websphere.samples.daytrader.TradeServices,com.ibm.websphere.samples.daytrader.TradeServices,1
daytrader,15,seed15_solution073,com.ibm.websphere.samples.daytrader.beans.MarketSummaryDataBean,com.ibm.websphere.samples.daytrader.beans.MarketSummaryDataBean,0
daytrader,15,seed15_solution073,com.ibm.websphere.samples.daytrader.beans.RunStatsDataBean,com.ibm.websphere.samples.daytrader.beans.RunStatsDataBean,2
daytrader,15,seed15_solution073,com.ibm.websphere.samples.daytrader.direct.KeySequenceDirect,com.ibm.websphere.samples.daytrader.direct.KeySequenceDirect,2
daytrader,15,seed15_solution073,com.ibm.websphere.samples.daytrader.direct.TradeDirect,com.ibm.websphere.samples.daytrader.direct.TradeDirect,3
daytrader,15,seed15_solution073,com.ibm.websphere.samples.daytrader.ejb3.DTBroker3MDB,com.ibm.websphere.samples.daytrader.ejb3.DTBroker3MDB,2
daytrader,15,seed15_solution073,com.ibm.websphere.samples.daytrader.ejb3.DTStreamer3MDB,com.ibm.websphere.samples.daytrader.ejb3.DTStreamer3MDB,4
daytrader,15,seed15_solution073,com.ibm.websphere.samples.daytrader.ejb3.MarketSummarySingleton,com.ibm.websphere.samples.daytrader.ejb3.MarketSummarySingleton,2
daytrader,15,seed15_solution073,com.ibm.websphere.samples.daytrader.ejb3.TradeSLSBBean,com.ibm.websphere.samples.daytrader.ejb3.TradeSLSBBean,3
daytrader,15,seed15_solution073,com.ibm.websphere.samples.daytrader.ejb3.TradeSLSBBean$quotePriceComparator,com.ibm.websphere.samples.daytrader.ejb3.TradeSLSBBean$quotePriceComparator,5
daytrader,15,seed15_solution073,com.ibm.websphere.samples.daytrader.ejb3.TradeSLSBLocal,com.ibm.websphere.samples.daytrader.ejb3.TradeSLSBLocal,1
daytrader,15,seed15_solution073,com.ibm.websphere.samples.daytrader.ejb3.TradeSLSBRemote,com.ibm.websphere.samples.daytrader.ejb3.TradeSLSBRemote,0
daytrader,15,seed15_solution073,com.ibm.websphere.samples.daytrader.entities.AccountDataBean,com.ibm.websphere.samples.daytrader.entities.AccountDataBean,4
daytrader,15,seed15_solution073,com.ibm.websphere.samples.daytrader.entities.AccountProfileDataBean,com.ibm.websphere.samples.daytrader.entities.AccountProfileDataBean,1
daytrader,15,seed15_solution073,com.ibm.websphere.samples.daytrader.entities.HoldingDataBean,com.ibm.websphere.samples.daytrader.entities.HoldingDataBean,5
daytrader,15,seed15_solution073,com.ibm.websphere.samples.daytrader.entities.OrderDataBean,com.ibm.websphere.samples.daytrader.entities.OrderDataBean,0
daytrader,15,seed15_solution073,com.ibm.websphere.samples.daytrader.entities.QuoteDataBean,com.ibm.websphere.samples.daytrader.entities.QuoteDataBean,0
daytrader,15,seed15_solution073,com.ibm.websphere.samples.daytrader.util.CompleteOrderThread,com.ibm.websphere.samples.daytrader.util.CompleteOrderThread,4
daytrader,15,seed15_solution073,com.ibm.websphere.samples.daytrader.util.FinancialUtils,com.ibm.websphere.samples.daytrader.util.FinancialUtils,4
daytrader,15,seed15_solution073,com.ibm.websphere.samples.daytrader.util.KeyBlock,com.ibm.websphere.samples.daytrader.util.KeyBlock,2
daytrader,15,seed15_solution073,com.ibm.websphere.samples.daytrader.util.KeyBlock$KeyBlockIterator,com.ibm.websphere.samples.daytrader.util.KeyBlock$KeyBlockIterator,0
daytrader,15,seed15_solution073,com.ibm.websphere.samples.daytrader.util.Log,com.ibm.websphere.samples.daytrader.util.Log,3
daytrader,15,seed15_solution073,com.ibm.websphere.samples.daytrader.util.MDBStats,com.ibm.websphere.samples.daytrader.util.MDBStats,0
daytrader,15,seed15_solution073,com.ibm.websphere.samples.daytrader.util.TimerStat,com.ibm.websphere.samples.daytrader.util.TimerStat,4
daytrader,15,seed15_solution073,com.ibm.websphere.samples.daytrader.util.TradeConfig,com.ibm.websphere.samples.daytrader.util.TradeConfig,4
daytrader,15,seed15_solution073,com.ibm.websphere.samples.daytrader.util.WebSocketJMSMessage,com.ibm.websphere.samples.daytrader.util.WebSocketJMSMessage,2
daytrader,15,seed15_solution073,com.ibm.websphere.samples.daytrader.web.OrdersAlertFilter,com.ibm.websphere.samples.daytrader.web.OrdersAlertFilter,5
daytrader,15,seed15_solution073,com.ibm.websphere.samples.daytrader.web.TradeAppServlet,com.ibm.websphere.samples.daytrader.web.TradeAppServlet,0
daytrader,15,seed15_solution073,com.ibm.websphere.samples.daytrader.web.TradeServletAction,com.ibm.websphere.samples.daytrader.web.TradeServletAction,2
daytrader,15,seed15_solution073,com.ibm.websphere.samples.daytrader.web.TradeWebContextListener,com.ibm.websphere.samples.daytrader.web.TradeWebContextListener,2
daytrader,15,seed15_solution073,com.ibm.websphere.samples.daytrader.web.jsf.AccountDataJSF,com.ibm.websphere.samples.daytrader.web.jsf.AccountDataJSF,0
daytrader,15,seed15_solution073,com.ibm.websphere.samples.daytrader.web.jsf.ExternalContextProducer,com.ibm.websphere.samples.daytrader.web.jsf.ExternalContextProducer,1
daytrader,15,seed15_solution073,com.ibm.websphere.samples.daytrader.web.jsf.HoldingData,com.ibm.websphere.samples.daytrader.web.jsf.HoldingData,1
daytrader,15,seed15_solution073,com.ibm.websphere.samples.daytrader.web.jsf.JSFLoginFilter,com.ibm.websphere.samples.daytrader.web.jsf.JSFLoginFilter,4
daytrader,15,seed15_solution073,com.ibm.websphere.samples.daytrader.web.jsf.LoginValidator,com.ibm.websphere.samples.daytrader.web.jsf.LoginValidator,4
daytrader,15,seed15_solution073,com.ibm.websphere.samples.daytrader.web.jsf.MarketSummaryJSF,com.ibm.websphere.samples.daytrader.web.jsf.MarketSummaryJSF,2
daytrader,15,seed15_solution073,com.ibm.websphere.samples.daytrader.web.jsf.OrderData,com.ibm.websphere.samples.daytrader.web.jsf.OrderData,4
daytrader,15,seed15_solution073,com.ibm.websphere.samples.daytrader.web.jsf.OrderDataJSF,com.ibm.websphere.samples.daytrader.web.jsf.OrderDataJSF,4
daytrader,15,seed15_solution073,com.ibm.websphere.samples.daytrader.web.jsf.PortfolioJSF,com.ibm.websphere.samples.daytrader.web.jsf.PortfolioJSF,1
daytrader,15,seed15_solution073,com.ibm.websphere.samples.daytrader.web.jsf.QuoteData,com.ibm.websphere.samples.daytrader.web.jsf.QuoteData,0
daytrader,15,seed15_solution073,com.ibm.websphere.samples.daytrader.web.jsf.QuoteJSF,com.ibm.websphere.samples.daytrader.web.jsf.QuoteJSF,1
daytrader,15,seed15_solution073,com.ibm.websphere.samples.daytrader.web.jsf.TradeActionProducer,com.ibm.websphere.samples.daytrader.web.jsf.TradeActionProducer,0
daytrader,15,seed15_solution073,com.ibm.websphere.samples.daytrader.web.jsf.TradeAppJSF,com.ibm.websphere.samples.daytrader.web.jsf.TradeAppJSF,2
daytrader,15,seed15_solution073,com.ibm.websphere.samples.daytrader.web.jsf.TradeConfigJSF,com.ibm.websphere.samples.daytrader.web.jsf.TradeConfigJSF,4
daytrader,15,seed15_solution073,com.ibm.websphere.samples.daytrader.web.websocket.ActionDecoder,com.ibm.websphere.samples.daytrader.web.websocket.ActionDecoder,5
daytrader,15,seed15_solution073,com.ibm.websphere.samples.daytrader.web.websocket.ActionMessage,com.ibm.websphere.samples.daytrader.web.websocket.ActionMessage,5
daytrader,15,seed15_solution073,com.ibm.websphere.samples.daytrader.web.websocket.ActionMessage$1,com.ibm.websphere.samples.daytrader.web.websocket.ActionMessage$1,4
daytrader,15,seed15_solution073,com.ibm.websphere.samples.daytrader.web.websocket.JsonDecoder,com.ibm.websphere.samples.daytrader.web.websocket.JsonDecoder,5
daytrader,15,seed15_solution073,com.ibm.websphere.samples.daytrader.web.websocket.JsonEncoder,com.ibm.websphere.samples.daytrader.web.websocket.JsonEncoder,2
daytrader,15,seed15_solution073,com.ibm.websphere.samples.daytrader.web.websocket.JsonMessage,com.ibm.websphere.samples.daytrader.web.websocket.JsonMessage,5
daytrader,15,seed15_solution073,com.ibm.websphere.samples.daytrader.web.websocket.MarketSummaryWebSocket,com.ibm.websphere.samples.daytrader.web.websocket.MarketSummaryWebSocket,4
daytrader,15,seed15_solution073,com.ibm.websphere.samples.daytrader.web.websocket.RecentStockChangeList,com.ibm.websphere.samples.daytrader.web.websocket.RecentStockChangeList,0
daytrader,15,seed15_solution074,com.ibm.websphere.samples.daytrader.TradeAction,com.ibm.websphere.samples.daytrader.TradeAction,0
daytrader,15,seed15_solution074,com.ibm.websphere.samples.daytrader.TradeServices,com.ibm.websphere.samples.daytrader.TradeServices,1
daytrader,15,seed15_solution074,com.ibm.websphere.samples.daytrader.beans.MarketSummaryDataBean,com.ibm.websphere.samples.daytrader.beans.MarketSummaryDataBean,2
daytrader,15,seed15_solution074,com.ibm.websphere.samples.daytrader.beans.RunStatsDataBean,com.ibm.websphere.samples.daytrader.beans.RunStatsDataBean,0
daytrader,15,seed15_solution074,com.ibm.websphere.samples.daytrader.direct.KeySequenceDirect,com.ibm.websphere.samples.daytrader.direct.KeySequenceDirect,1
daytrader,15,seed15_solution074,com.ibm.websphere.samples.daytrader.direct.TradeDirect,com.ibm.websphere.samples.daytrader.direct.TradeDirect,3
daytrader,15,seed15_solution074,com.ibm.websphere.samples.daytrader.ejb3.DTBroker3MDB,com.ibm.websphere.samples.daytrader.ejb3.DTBroker3MDB,4
daytrader,15,seed15_solution074,com.ibm.websphere.samples.daytrader.ejb3.DTStreamer3MDB,com.ibm.websphere.samples.daytrader.ejb3.DTStreamer3MDB,4
daytrader,15,seed15_solution074,com.ibm.websphere.samples.daytrader.ejb3.MarketSummarySingleton,com.ibm.websphere.samples.daytrader.ejb3.MarketSummarySingleton,5
daytrader,15,seed15_solution074,com.ibm.websphere.samples.daytrader.ejb3.TradeSLSBBean,com.ibm.websphere.samples.daytrader.ejb3.TradeSLSBBean,3
daytrader,15,seed15_solution074,com.ibm.websphere.samples.daytrader.ejb3.TradeSLSBBean$quotePriceComparator,com.ibm.websphere.samples.daytrader.ejb3.TradeSLSBBean$quotePriceComparator,1
daytrader,15,seed15_solution074,com.ibm.websphere.samples.daytrader.ejb3.TradeSLSBLocal,com.ibm.websphere.samples.daytrader.ejb3.TradeSLSBLocal,0
daytrader,15,seed15_solution074,com.ibm.websphere.samples.daytrader.ejb3.TradeSLSBRemote,com.ibm.websphere.samples.daytrader.ejb3.TradeSLSBRemote,0
daytrader,15,seed15_solution074,com.ibm.websphere.samples.daytrader.entities.AccountDataBean,com.ibm.websphere.samples.daytrader.entities.AccountDataBean,4
daytrader,15,seed15_solution074,com.ibm.websphere.samples.daytrader.entities.AccountProfileDataBean,com.ibm.websphere.samples.daytrader.entities.AccountProfileDataBean,4
daytrader,15,seed15_solution074,com.ibm.websphere.samples.daytrader.entities.HoldingDataBean,com.ibm.websphere.samples.daytrader.entities.HoldingDataBean,4
daytrader,15,seed15_solution074,com.ibm.websphere.samples.daytrader.entities.OrderDataBean,com.ibm.websphere.samples.daytrader.entities.OrderDataBean,3
daytrader,15,seed15_solution074,com.ibm.websphere.samples.daytrader.entities.QuoteDataBean,com.ibm.websphere.samples.daytrader.entities.QuoteDataBean,2
daytrader,15,seed15_solution074,com.ibm.websphere.samples.daytrader.util.CompleteOrderThread,com.ibm.websphere.samples.daytrader.util.CompleteOrderThread,4
daytrader,15,seed15_solution074,com.ibm.websphere.samples.daytrader.util.FinancialUtils,com.ibm.websphere.samples.daytrader.util.FinancialUtils,1
daytrader,15,seed15_solution074,com.ibm.websphere.samples.daytrader.util.KeyBlock,com.ibm.websphere.samples.daytrader.util.KeyBlock,0
daytrader,15,seed15_solution074,com.ibm.websphere.samples.daytrader.util.KeyBlock$KeyBlockIterator,com.ibm.websphere.samples.daytrader.util.KeyBlock$KeyBlockIterator,4
daytrader,15,seed15_solution074,com.ibm.websphere.samples.daytrader.util.Log,com.ibm.websphere.samples.daytrader.util.Log,3
daytrader,15,seed15_solution074,com.ibm.websphere.samples.daytrader.util.MDBStats,com.ibm.websphere.samples.daytrader.util.MDBStats,1
daytrader,15,seed15_solution074,com.ibm.websphere.samples.daytrader.util.TimerStat,com.ibm.websphere.samples.daytrader.util.TimerStat,2
daytrader,15,seed15_solution074,com.ibm.websphere.samples.daytrader.util.TradeConfig,com.ibm.websphere.samples.daytrader.util.TradeConfig,4
daytrader,15,seed15_solution074,com.ibm.websphere.samples.daytrader.util.WebSocketJMSMessage,com.ibm.websphere.samples.daytrader.util.WebSocketJMSMessage,4
daytrader,15,seed15_solution074,com.ibm.websphere.samples.daytrader.web.OrdersAlertFilter,com.ibm.websphere.samples.daytrader.web.OrdersAlertFilter,1
daytrader,15,seed15_solution074,com.ibm.websphere.samples.daytrader.web.TradeAppServlet,com.ibm.websphere.samples.daytrader.web.TradeAppServlet,6
daytrader,15,seed15_solution074,com.ibm.websphere.samples.daytrader.web.TradeServletAction,com.ibm.websphere.samples.daytrader.web.TradeServletAction,0
daytrader,15,seed15_solution074,com.ibm.websphere.samples.daytrader.web.TradeWebContextListener,com.ibm.websphere.samples.daytrader.web.TradeWebContextListener,5
daytrader,15,seed15_solution074,com.ibm.websphere.samples.daytrader.web.jsf.AccountDataJSF,com.ibm.websphere.samples.daytrader.web.jsf.AccountDataJSF,0
daytrader,15,seed15_solution074,com.ibm.websphere.samples.daytrader.web.jsf.ExternalContextProducer,com.ibm.websphere.samples.daytrader.web.jsf.ExternalContextProducer,5
daytrader,15,seed15_solution074,com.ibm.websphere.samples.daytrader.web.jsf.HoldingData,com.ibm.websphere.samples.daytrader.web.jsf.HoldingData,1
daytrader,15,seed15_solution074,com.ibm.websphere.samples.daytrader.web.jsf.JSFLoginFilter,com.ibm.websphere.samples.daytrader.web.jsf.JSFLoginFilter,6
daytrader,15,seed15_solution074,com.ibm.websphere.samples.daytrader.web.jsf.LoginValidator,com.ibm.websphere.samples.daytrader.web.jsf.LoginValidator,2
daytrader,15,seed15_solution074,com.ibm.websphere.samples.daytrader.web.jsf.MarketSummaryJSF,com.ibm.websphere.samples.daytrader.web.jsf.MarketSummaryJSF,1
daytrader,15,seed15_solution074,com.ibm.websphere.samples.daytrader.web.jsf.OrderData,com.ibm.websphere.samples.daytrader.web.jsf.OrderData,2
daytrader,15,seed15_solution074,com.ibm.websphere.samples.daytrader.web.jsf.OrderDataJSF,com.ibm.websphere.samples.daytrader.web.jsf.OrderDataJSF,2
daytrader,15,seed15_solution074,com.ibm.websphere.samples.daytrader.web.jsf.PortfolioJSF,com.ibm.websphere.samples.daytrader.web.jsf.PortfolioJSF,1
daytrader,15,seed15_solution074,com.ibm.websphere.samples.daytrader.web.jsf.QuoteData,com.ibm.websphere.samples.daytrader.web.jsf.QuoteData,6
daytrader,15,seed15_solution074,com.ibm.websphere.samples.daytrader.web.jsf.QuoteJSF,com.ibm.websphere.samples.daytrader.web.jsf.QuoteJSF,3
daytrader,15,seed15_solution074,com.ibm.websphere.samples.daytrader.web.jsf.TradeActionProducer,com.ibm.websphere.samples.daytrader.web.jsf.TradeActionProducer,6
daytrader,15,seed15_solution074,com.ibm.websphere.samples.daytrader.web.jsf.TradeAppJSF,com.ibm.websphere.samples.daytrader.web.jsf.TradeAppJSF,6
daytrader,15,seed15_solution074,com.ibm.websphere.samples.daytrader.web.jsf.TradeConfigJSF,com.ibm.websphere.samples.daytrader.web.jsf.TradeConfigJSF,5
daytrader,15,seed15_solution074,com.ibm.websphere.samples.daytrader.web.websocket.ActionDecoder,com.ibm.websphere.samples.daytrader.web.websocket.ActionDecoder,6
daytrader,15,seed15_solution074,com.ibm.websphere.samples.daytrader.web.websocket.ActionMessage,com.ibm.websphere.samples.daytrader.web.websocket.ActionMessage,6
daytrader,15,seed15_solution074,com.ibm.websphere.samples.daytrader.web.websocket.ActionMessage$1,com.ibm.websphere.samples.daytrader.web.websocket.ActionMessage$1,5
daytrader,15,seed15_solution074,com.ibm.websphere.samples.daytrader.web.websocket.JsonDecoder,com.ibm.websphere.samples.daytrader.web.websocket.JsonDecoder,2
daytrader,15,seed15_solution074,com.ibm.websphere.samples.daytrader.web.websocket.JsonEncoder,com.ibm.websphere.samples.daytrader.web.websocket.JsonEncoder,5
daytrader,15,seed15_solution074,com.ibm.websphere.samples.daytrader.web.websocket.JsonMessage,com.ibm.websphere.samples.daytrader.web.websocket.JsonMessage,6
daytrader,15,seed15_solution074,com.ibm.websphere.samples.daytrader.web.websocket.MarketSummaryWebSocket,com.ibm.websphere.samples.daytrader.web.websocket.MarketSummaryWebSocket,5
daytrader,15,seed15_solution074,com.ibm.websphere.samples.daytrader.web.websocket.RecentStockChangeList,com.ibm.websphere.samples.daytrader.web.websocket.RecentStockChangeList,2
daytrader,15,seed15_solution075,com.ibm.websphere.samples.daytrader.TradeAction,com.ibm.websphere.samples.daytrader.TradeAction,0
daytrader,15,seed15_solution075,com.ibm.websphere.samples.daytrader.TradeServices,com.ibm.websphere.samples.daytrader.TradeServices,1
daytrader,15,seed15_solution075,com.ibm.websphere.samples.daytrader.beans.MarketSummaryDataBean,com.ibm.websphere.samples.daytrader.beans.MarketSummaryDataBean,0
daytrader,15,seed15_solution075,com.ibm.websphere.samples.daytrader.beans.RunStatsDataBean,com.ibm.websphere.samples.daytrader.beans.RunStatsDataBean,1
daytrader,15,seed15_solution075,com.ibm.websphere.samples.daytrader.direct.KeySequenceDirect,com.ibm.websphere.samples.daytrader.direct.KeySequenceDirect,2
daytrader,15,seed15_solution075,com.ibm.websphere.samples.daytrader.direct.TradeDirect,com.ibm.websphere.samples.daytrader.direct.TradeDirect,2
daytrader,15,seed15_solution075,com.ibm.websphere.samples.daytrader.ejb3.DTBroker3MDB,com.ibm.websphere.samples.daytrader.ejb3.DTBroker3MDB,1
daytrader,15,seed15_solution075,com.ibm.websphere.samples.daytrader.ejb3.DTStreamer3MDB,com.ibm.websphere.samples.daytrader.ejb3.DTStreamer3MDB,1
daytrader,15,seed15_solution075,com.ibm.websphere.samples.daytrader.ejb3.MarketSummarySingleton,com.ibm.websphere.samples.daytrader.ejb3.MarketSummarySingleton,2
daytrader,15,seed15_solution075,com.ibm.websphere.samples.daytrader.ejb3.TradeSLSBBean,com.ibm.websphere.samples.daytrader.ejb3.TradeSLSBBean,1
daytrader,15,seed15_solution075,com.ibm.websphere.samples.daytrader.ejb3.TradeSLSBBean$quotePriceComparator,com.ibm.websphere.samples.daytrader.ejb3.TradeSLSBBean$quotePriceComparator,1
daytrader,15,seed15_solution075,com.ibm.websphere.samples.daytrader.ejb3.TradeSLSBLocal,com.ibm.websphere.samples.daytrader.ejb3.TradeSLSBLocal,1
daytrader,15,seed15_solution075,com.ibm.websphere.samples.daytrader.ejb3.TradeSLSBRemote,com.ibm.websphere.samples.daytrader.ejb3.TradeSLSBRemote,2
daytrader,15,seed15_solution075,com.ibm.websphere.samples.daytrader.entities.AccountDataBean,com.ibm.websphere.samples.daytrader.entities.AccountDataBean,0
daytrader,15,seed15_solution075,com.ibm.websphere.samples.daytrader.entities.AccountProfileDataBean,com.ibm.websphere.samples.daytrader.entities.AccountProfileDataBean,1
daytrader,15,seed15_solution075,com.ibm.websphere.samples.daytrader.entities.HoldingDataBean,com.ibm.websphere.samples.daytrader.entities.HoldingDataBean,2
daytrader,15,seed15_solution075,com.ibm.websphere.samples.daytrader.entities.OrderDataBean,com.ibm.websphere.samples.daytrader.entities.OrderDataBean,0
daytrader,15,seed15_solution075,com.ibm.websphere.samples.daytrader.entities.QuoteDataBean,com.ibm.websphere.samples.daytrader.entities.QuoteDataBean,0
daytrader,15,seed15_solution075,com.ibm.websphere.samples.daytrader.util.CompleteOrderThread,com.ibm.websphere.samples.daytrader.util.CompleteOrderThread,3
daytrader,15,seed15_solution075,com.ibm.websphere.samples.daytrader.util.FinancialUtils,com.ibm.websphere.samples.daytrader.util.FinancialUtils,3
daytrader,15,seed15_solution075,com.ibm.websphere.samples.daytrader.util.KeyBlock,com.ibm.websphere.samples.daytrader.util.KeyBlock,2
daytrader,15,seed15_solution075,com.ibm.websphere.samples.daytrader.util.KeyBlock$KeyBlockIterator,com.ibm.websphere.samples.daytrader.util.KeyBlock$KeyBlockIterator,0
daytrader,15,seed15_solution075,com.ibm.websphere.samples.daytrader.util.Log,com.ibm.websphere.samples.daytrader.util.Log,2
daytrader,15,seed15_solution075,com.ibm.websphere.samples.daytrader.util.MDBStats,com.ibm.websphere.samples.daytrader.util.MDBStats,0
daytrader,15,seed15_solution075,com.ibm.websphere.samples.daytrader.util.TimerStat,com.ibm.websphere.samples.daytrader.util.TimerStat,3
daytrader,15,seed15_solution075,com.ibm.websphere.samples.daytrader.util.TradeConfig,com.ibm.websphere.samples.daytrader.util.TradeConfig,3
daytrader,15,seed15_solution075,com.ibm.websphere.samples.daytrader.util.WebSocketJMSMessage,com.ibm.websphere.samples.daytrader.util.WebSocketJMSMessage,1
daytrader,15,seed15_solution075,com.ibm.websphere.samples.daytrader.web.OrdersAlertFilter,com.ibm.websphere.samples.daytrader.web.OrdersAlertFilter,2
daytrader,15,seed15_solution075,com.ibm.websphere.samples.daytrader.web.TradeAppServlet,com.ibm.websphere.samples.daytrader.web.TradeAppServlet,0
daytrader,15,seed15_solution075,com.ibm.websphere.samples.daytrader.web.TradeServletAction,com.ibm.websphere.samples.daytrader.web.TradeServletAction,0
daytrader,15,seed15_solution075,com.ibm.websphere.samples.daytrader.web.TradeWebContextListener,com.ibm.websphere.samples.daytrader.web.TradeWebContextListener,2
daytrader,15,seed15_solution075,com.ibm.websphere.samples.daytrader.web.jsf.AccountDataJSF,com.ibm.websphere.samples.daytrader.web.jsf.AccountDataJSF,0
daytrader,15,seed15_solution075,com.ibm.websphere.samples.daytrader.web.jsf.ExternalContextProducer,com.ibm.websphere.samples.daytrader.web.jsf.ExternalContextProducer,0
daytrader,15,seed15_solution075,com.ibm.websphere.samples.daytrader.web.jsf.HoldingData,com.ibm.websphere.samples.daytrader.web.jsf.HoldingData,3
daytrader,15,seed15_solution075,com.ibm.websphere.samples.daytrader.web.jsf.JSFLoginFilter,com.ibm.websphere.samples.daytrader.web.jsf.JSFLoginFilter,3
daytrader,15,seed15_solution075,com.ibm.websphere.samples.daytrader.web.jsf.LoginValidator,com.ibm.websphere.samples.daytrader.web.jsf.LoginValidator,3
daytrader,15,seed15_solution075,com.ibm.websphere.samples.daytrader.web.jsf.MarketSummaryJSF,com.ibm.websphere.samples.daytrader.web.jsf.MarketSummaryJSF,0
daytrader,15,seed15_solution075,com.ibm.websphere.samples.daytrader.web.jsf.OrderData,com.ibm.websphere.samples.daytrader.web.jsf.OrderData,1
daytrader,15,seed15_solution075,com.ibm.websphere.samples.daytrader.web.jsf.OrderDataJSF,com.ibm.websphere.samples.daytrader.web.jsf.OrderDataJSF,3
daytrader,15,seed15_solution075,com.ibm.websphere.samples.daytrader.web.jsf.PortfolioJSF,com.ibm.websphere.samples.daytrader.web.jsf.PortfolioJSF,1
daytrader,15,seed15_solution075,com.ibm.websphere.samples.daytrader.web.jsf.QuoteData,com.ibm.websphere.samples.daytrader.web.jsf.QuoteData,0
daytrader,15,seed15_solution075,com.ibm.websphere.samples.daytrader.web.jsf.QuoteJSF,com.ibm.websphere.samples.daytrader.web.jsf.QuoteJSF,2
daytrader,15,seed15_solution075,com.ibm.websphere.samples.daytrader.web.jsf.TradeActionProducer,com.ibm.websphere.samples.daytrader.web.jsf.TradeActionProducer,0
daytrader,15,seed15_solution075,com.ibm.websphere.samples.daytrader.web.jsf.TradeAppJSF,com.ibm.websphere.samples.daytrader.web.jsf.TradeAppJSF,3
daytrader,15,seed15_solution075,com.ibm.websphere.samples.daytrader.web.jsf.TradeConfigJSF,com.ibm.websphere.samples.daytrader.web.jsf.TradeConfigJSF,3
daytrader,15,seed15_solution075,com.ibm.websphere.samples.daytrader.web.websocket.ActionDecoder,com.ibm.websphere.samples.daytrader.web.websocket.ActionDecoder,3
daytrader,15,seed15_solution075,com.ibm.websphere.samples.daytrader.web.websocket.ActionMessage,com.ibm.websphere.samples.daytrader.web.websocket.ActionMessage,0
daytrader,15,seed15_solution075,com.ibm.websphere.samples.daytrader.web.websocket.ActionMessage$1,com.ibm.websphere.samples.daytrader.web.websocket.ActionMessage$1,3
daytrader,15,seed15_solution075,com.ibm.websphere.samples.daytrader.web.websocket.JsonDecoder,com.ibm.websphere.samples.daytrader.web.websocket.JsonDecoder,3
daytrader,15,seed15_solution075,com.ibm.websphere.samples.daytrader.web.websocket.JsonEncoder,com.ibm.websphere.samples.daytrader.web.websocket.JsonEncoder,1
daytrader,15,seed15_solution075,com.ibm.websphere.samples.daytrader.web.websocket.JsonMessage,com.ibm.websphere.samples.daytrader.web.websocket.JsonMessage,3
daytrader,15,seed15_solution075,com.ibm.websphere.samples.daytrader.web.websocket.MarketSummaryWebSocket,com.ibm.websphere.samples.daytrader.web.websocket.MarketSummaryWebSocket,3
daytrader,15,seed15_solution075,com.ibm.websphere.samples.daytrader.web.websocket.RecentStockChangeList,com.ibm.websphere.samples.daytrader.web.websocket.RecentStockChangeList,3
daytrader,15,seed15_solution076,com.ibm.websphere.samples.daytrader.TradeAction,com.ibm.websphere.samples.daytrader.TradeAction,0
daytrader,15,seed15_solution076,com.ibm.websphere.samples.daytrader.TradeServices,com.ibm.websphere.samples.daytrader.TradeServices,1
daytrader,15,seed15_solution076,com.ibm.websphere.samples.daytrader.beans.MarketSummaryDataBean,com.ibm.websphere.samples.daytrader.beans.MarketSummaryDataBean,0
daytrader,15,seed15_solution076,com.ibm.websphere.samples.daytrader.beans.RunStatsDataBean,com.ibm.websphere.samples.daytrader.beans.RunStatsDataBean,2
daytrader,15,seed15_solution076,com.ibm.websphere.samples.daytrader.direct.KeySequenceDirect,com.ibm.websphere.samples.daytrader.direct.KeySequenceDirect,0
daytrader,15,seed15_solution076,com.ibm.websphere.samples.daytrader.direct.TradeDirect,com.ibm.websphere.samples.daytrader.direct.TradeDirect,3
daytrader,15,seed15_solution076,com.ibm.websphere.samples.daytrader.ejb3.DTBroker3MDB,com.ibm.websphere.samples.daytrader.ejb3.DTBroker3MDB,2
daytrader,15,seed15_solution076,com.ibm.websphere.samples.daytrader.ejb3.DTStreamer3MDB,com.ibm.websphere.samples.daytrader.ejb3.DTStreamer3MDB,4
daytrader,15,seed15_solution076,com.ibm.websphere.samples.daytrader.ejb3.MarketSummarySingleton,com.ibm.websphere.samples.daytrader.ejb3.MarketSummarySingleton,0
daytrader,15,seed15_solution076,com.ibm.websphere.samples.daytrader.ejb3.TradeSLSBBean,com.ibm.websphere.samples.daytrader.ejb3.TradeSLSBBean,4
daytrader,15,seed15_solution076,com.ibm.websphere.samples.daytrader.ejb3.TradeSLSBBean$quotePriceComparator,com.ibm.websphere.samples.daytrader.ejb3.TradeSLSBBean$quotePriceComparator,2
daytrader,15,seed15_solution076,com.ibm.websphere.samples.daytrader.ejb3.TradeSLSBLocal,com.ibm.websphere.samples.daytrader.ejb3.TradeSLSBLocal,5
daytrader,15,seed15_solution076,com.ibm.websphere.samples.daytrader.ejb3.TradeSLSBRemote,com.ibm.websphere.samples.daytrader.ejb3.TradeSLSBRemote,0
daytrader,15,seed15_solution076,com.ibm.websphere.samples.daytrader.entities.AccountDataBean,com.ibm.websphere.samples.daytrader.entities.AccountDataBean,4
daytrader,15,seed15_solution076,com.ibm.websphere.samples.daytrader.entities.AccountProfileDataBean,com.ibm.websphere.samples.daytrader.entities.AccountProfileDataBean,4
daytrader,15,seed15_solution076,com.ibm.websphere.samples.daytrader.entities.HoldingDataBean,com.ibm.websphere.samples.daytrader.entities.HoldingDataBean,5
daytrader,15,seed15_solution076,com.ibm.websphere.samples.daytrader.entities.OrderDataBean,com.ibm.websphere.samples.daytrader.entities.OrderDataBean,5
daytrader,15,seed15_solution076,com.ibm.websphere.samples.daytrader.entities.QuoteDataBean,com.ibm.websphere.samples.daytrader.entities.QuoteDataBean,0
daytrader,15,seed15_solution076,com.ibm.websphere.samples.daytrader.util.CompleteOrderThread,com.ibm.websphere.samples.daytrader.util.CompleteOrderThread,0
daytrader,15,seed15_solution076,com.ibm.websphere.samples.daytrader.util.FinancialUtils,com.ibm.websphere.samples.daytrader.util.FinancialUtils,1
daytrader,15,seed15_solution076,com.ibm.websphere.samples.daytrader.util.KeyBlock,com.ibm.websphere.samples.daytrader.util.KeyBlock,0
daytrader,15,seed15_solution076,com.ibm.websphere.samples.daytrader.util.KeyBlock$KeyBlockIterator,com.ibm.websphere.samples.daytrader.util.KeyBlock$KeyBlockIterator,0
daytrader,15,seed15_solution076,com.ibm.websphere.samples.daytrader.util.Log,com.ibm.websphere.samples.daytrader.util.Log,3
daytrader,15,seed15_solution076,com.ibm.websphere.samples.daytrader.util.MDBStats,com.ibm.websphere.samples.daytrader.util.MDBStats,2
daytrader,15,seed15_solution076,com.ibm.websphere.samples.daytrader.util.TimerStat,com.ibm.websphere.samples.daytrader.util.TimerStat,2
daytrader,15,seed15_solution076,com.ibm.websphere.samples.daytrader.util.TradeConfig,com.ibm.websphere.samples.daytrader.util.TradeConfig,4
daytrader,15,seed15_solution076,com.ibm.websphere.samples.daytrader.util.WebSocketJMSMessage,com.ibm.websphere.samples.daytrader.util.WebSocketJMSMessage,6
daytrader,15,seed15_solution076,com.ibm.websphere.samples.daytrader.web.OrdersAlertFilter,com.ibm.websphere.samples.daytrader.web.OrdersAlertFilter,1
daytrader,15,seed15_solution076,com.ibm.websphere.samples.daytrader.web.TradeAppServlet,com.ibm.websphere.samples.daytrader.web.TradeAppServlet,5
daytrader,15,seed15_solution076,com.ibm.websphere.samples.daytrader.web.TradeServletAction,com.ibm.websphere.samples.daytrader.web.TradeServletAction,1
daytrader,15,seed15_solution076,com.ibm.websphere.samples.daytrader.web.TradeWebContextListener,com.ibm.websphere.samples.daytrader.web.TradeWebContextListener,5
daytrader,15,seed15_solution076,com.ibm.websphere.samples.daytrader.web.jsf.AccountDataJSF,com.ibm.websphere.samples.daytrader.web.jsf.AccountDataJSF,0
daytrader,15,seed15_solution076,com.ibm.websphere.samples.daytrader.web.jsf.ExternalContextProducer,com.ibm.websphere.samples.daytrader.web.jsf.ExternalContextProducer,0
daytrader,15,seed15_solution076,com.ibm.websphere.samples.daytrader.web.jsf.HoldingData,com.ibm.websphere.samples.daytrader.web.jsf.HoldingData,6
daytrader,15,seed15_solution076,com.ibm.websphere.samples.daytrader.web.jsf.JSFLoginFilter,com.ibm.websphere.samples.daytrader.web.jsf.JSFLoginFilter,6
daytrader,15,seed15_solution076,com.ibm.websphere.samples.daytrader.web.jsf.LoginValidator,com.ibm.websphere.samples.daytrader.web.jsf.LoginValidator,1
daytrader,15,seed15_solution076,com.ibm.websphere.samples.daytrader.web.jsf.MarketSummaryJSF,com.ibm.websphere.samples.daytrader.web.jsf.MarketSummaryJSF,2
daytrader,15,seed15_solution076,com.ibm.websphere.samples.daytrader.web.jsf.OrderData,com.ibm.websphere.samples.daytrader.web.jsf.OrderData,4
daytrader,15,seed15_solution076,com.ibm.websphere.samples.daytrader.web.jsf.OrderDataJSF,com.ibm.websphere.samples.daytrader.web.jsf.OrderDataJSF,4
daytrader,15,seed15_solution076,com.ibm.websphere.samples.daytrader.web.jsf.PortfolioJSF,com.ibm.websphere.samples.daytrader.web.jsf.PortfolioJSF,1
daytrader,15,seed15_solution076,com.ibm.websphere.samples.daytrader.web.jsf.QuoteData,com.ibm.websphere.samples.daytrader.web.jsf.QuoteData,5
daytrader,15,seed15_solution076,com.ibm.websphere.samples.daytrader.web.jsf.QuoteJSF,com.ibm.websphere.samples.daytrader.web.jsf.QuoteJSF,1
daytrader,15,seed15_solution076,com.ibm.websphere.samples.daytrader.web.jsf.TradeActionProducer,com.ibm.websphere.samples.daytrader.web.jsf.TradeActionProducer,1
daytrader,15,seed15_solution076,com.ibm.websphere.samples.daytrader.web.jsf.TradeAppJSF,com.ibm.websphere.samples.daytrader.web.jsf.TradeAppJSF,1
daytrader,15,seed15_solution076,com.ibm.websphere.samples.daytrader.web.jsf.TradeConfigJSF,com.ibm.websphere.samples.daytrader.web.jsf.TradeConfigJSF,4
daytrader,15,seed15_solution076,com.ibm.websphere.samples.daytrader.web.websocket.ActionDecoder,com.ibm.websphere.samples.daytrader.web.websocket.ActionDecoder,5
daytrader,15,seed15_solution076,com.ibm.websphere.samples.daytrader.web.websocket.ActionMessage,com.ibm.websphere.samples.daytrader.web.websocket.ActionMessage,6
daytrader,15,seed15_solution076,com.ibm.websphere.samples.daytrader.web.websocket.ActionMessage$1,com.ibm.websphere.samples.daytrader.web.websocket.ActionMessage$1,5
daytrader,15,seed15_solution076,com.ibm.websphere.samples.daytrader.web.websocket.JsonDecoder,com.ibm.websphere.samples.daytrader.web.websocket.JsonDecoder,6
daytrader,15,seed15_solution076,com.ibm.websphere.samples.daytrader.web.websocket.JsonEncoder,com.ibm.websphere.samples.daytrader.web.websocket.JsonEncoder,1
daytrader,15,seed15_solution076,com.ibm.websphere.samples.daytrader.web.websocket.JsonMessage,com.ibm.websphere.samples.daytrader.web.websocket.JsonMessage,6
daytrader,15,seed15_solution076,com.ibm.websphere.samples.daytrader.web.websocket.MarketSummaryWebSocket,com.ibm.websphere.samples.daytrader.web.websocket.MarketSummaryWebSocket,2
daytrader,15,seed15_solution076,com.ibm.websphere.samples.daytrader.web.websocket.RecentStockChangeList,com.ibm.websphere.samples.daytrader.web.websocket.RecentStockChangeList,1
daytrader,15,seed15_solution077,com.ibm.websphere.samples.daytrader.TradeAction,com.ibm.websphere.samples.daytrader.TradeAction,0
daytrader,15,seed15_solution077,com.ibm.websphere.samples.daytrader.TradeServices,com.ibm.websphere.samples.daytrader.TradeServices,1
daytrader,15,seed15_solution077,com.ibm.websphere.samples.daytrader.beans.MarketSummaryDataBean,com.ibm.websphere.samples.daytrader.beans.MarketSummaryDataBean,0
daytrader,15,seed15_solution077,com.ibm.websphere.samples.daytrader.beans.RunStatsDataBean,com.ibm.websphere.samples.daytrader.beans.RunStatsDataBean,1
daytrader,15,seed15_solution077,com.ibm.websphere.samples.daytrader.direct.KeySequenceDirect,com.ibm.websphere.samples.daytrader.direct.KeySequenceDirect,2
daytrader,15,seed15_solution077,com.ibm.websphere.samples.daytrader.direct.TradeDirect,com.ibm.websphere.samples.daytrader.direct.TradeDirect,3
daytrader,15,seed15_solution077,com.ibm.websphere.samples.daytrader.ejb3.DTBroker3MDB,com.ibm.websphere.samples.daytrader.ejb3.DTBroker3MDB,0
daytrader,15,seed15_solution077,com.ibm.websphere.samples.daytrader.ejb3.DTStreamer3MDB,com.ibm.websphere.samples.daytrader.ejb3.DTStreamer3MDB,4
daytrader,15,seed15_solution077,com.ibm.websphere.samples.daytrader.ejb3.MarketSummarySingleton,com.ibm.websphere.samples.daytrader.ejb3.MarketSummarySingleton,0
daytrader,15,seed15_solution077,com.ibm.websphere.samples.daytrader.ejb3.TradeSLSBBean,com.ibm.websphere.samples.daytrader.ejb3.TradeSLSBBean,3
daytrader,15,seed15_solution077,com.ibm.websphere.samples.daytrader.ejb3.TradeSLSBBean$quotePriceComparator,com.ibm.websphere.samples.daytrader.ejb3.TradeSLSBBean$quotePriceComparator,5
daytrader,15,seed15_solution077,com.ibm.websphere.samples.daytrader.ejb3.TradeSLSBLocal,com.ibm.websphere.samples.daytrader.ejb3.TradeSLSBLocal,4
daytrader,15,seed15_solution077,com.ibm.websphere.samples.daytrader.ejb3.TradeSLSBRemote,com.ibm.websphere.samples.daytrader.ejb3.TradeSLSBRemote,0
daytrader,15,seed15_solution077,com.ibm.websphere.samples.daytrader.entities.AccountDataBean,com.ibm.websphere.samples.daytrader.entities.AccountDataBean,0
daytrader,15,seed15_solution077,com.ibm.websphere.samples.daytrader.entities.AccountProfileDataBean,com.ibm.websphere.samples.daytrader.entities.AccountProfileDataBean,0
daytrader,15,seed15_solution077,com.ibm.websphere.samples.daytrader.entities.HoldingDataBean,com.ibm.websphere.samples.daytrader.entities.HoldingDataBean,4
daytrader,15,seed15_solution077,com.ibm.websphere.samples.daytrader.entities.OrderDataBean,com.ibm.websphere.samples.daytrader.entities.OrderDataBean,6
daytrader,15,seed15_solution077,com.ibm.websphere.samples.daytrader.entities.QuoteDataBean,com.ibm.websphere.samples.daytrader.entities.QuoteDataBean,0
daytrader,15,seed15_solution077,com.ibm.websphere.samples.daytrader.util.CompleteOrderThread,com.ibm.websphere.samples.daytrader.util.CompleteOrderThread,4
daytrader,15,seed15_solution077,com.ibm.websphere.samples.daytrader.util.FinancialUtils,com.ibm.websphere.samples.daytrader.util.FinancialUtils,4
daytrader,15,seed15_solution077,com.ibm.websphere.samples.daytrader.util.KeyBlock,com.ibm.websphere.samples.daytrader.util.KeyBlock,2
daytrader,15,seed15_solution077,com.ibm.websphere.samples.daytrader.util.KeyBlock$KeyBlockIterator,com.ibm.websphere.samples.daytrader.util.KeyBlock$KeyBlockIterator,0
daytrader,15,seed15_solution077,com.ibm.websphere.samples.daytrader.util.Log,com.ibm.websphere.samples.daytrader.util.Log,3
daytrader,15,seed15_solution077,com.ibm.websphere.samples.daytrader.util.MDBStats,com.ibm.websphere.samples.daytrader.util.MDBStats,1
daytrader,15,seed15_solution077,com.ibm.websphere.samples.daytrader.util.TimerStat,com.ibm.websphere.samples.daytrader.util.TimerStat,5
daytrader,15,seed15_solution077,com.ibm.websphere.samples.daytrader.util.TradeConfig,com.ibm.websphere.samples.daytrader.util.TradeConfig,0
daytrader,15,seed15_solution077,com.ibm.websphere.samples.daytrader.util.WebSocketJMSMessage,com.ibm.websphere.samples.daytrader.util.WebSocketJMSMessage,6
daytrader,15,seed15_solution077,com.ibm.websphere.samples.daytrader.web.OrdersAlertFilter,com.ibm.websphere.samples.daytrader.web.OrdersAlertFilter,4
daytrader,15,seed15_solution077,com.ibm.websphere.samples.daytrader.web.TradeAppServlet,com.ibm.websphere.samples.daytrader.web.TradeAppServlet,4
daytrader,15,seed15_solution077,com.ibm.websphere.samples.daytrader.web.TradeServletAction,com.ibm.websphere.samples.daytrader.web.TradeServletAction,6
daytrader,15,seed15_solution077,com.ibm.websphere.samples.daytrader.web.TradeWebContextListener,com.ibm.websphere.samples.daytrader.web.TradeWebContextListener,2
daytrader,15,seed15_solution077,com.ibm.websphere.samples.daytrader.web.jsf.AccountDataJSF,com.ibm.websphere.samples.daytrader.web.jsf.AccountDataJSF,0
daytrader,15,seed15_solution077,com.ibm.websphere.samples.daytrader.web.jsf.ExternalContextProducer,com.ibm.websphere.samples.daytrader.web.jsf.ExternalContextProducer,1
daytrader,15,seed15_solution077,com.ibm.websphere.samples.daytrader.web.jsf.HoldingData,com.ibm.websphere.samples.daytrader.web.jsf.HoldingData,5
daytrader,15,seed15_solution077,com.ibm.websphere.samples.daytrader.web.jsf.JSFLoginFilter,com.ibm.websphere.samples.daytrader.web.jsf.JSFLoginFilter,5
daytrader,15,seed15_solution077,com.ibm.websphere.samples.daytrader.web.jsf.LoginValidator,com.ibm.websphere.samples.daytrader.web.jsf.LoginValidator,0
daytrader,15,seed15_solution077,com.ibm.websphere.samples.daytrader.web.jsf.MarketSummaryJSF,com.ibm.websphere.samples.daytrader.web.jsf.MarketSummaryJSF,5
daytrader,15,seed15_solution077,com.ibm.websphere.samples.daytrader.web.jsf.OrderData,com.ibm.websphere.samples.daytrader.web.jsf.OrderData,4
daytrader,15,seed15_solution077,com.ibm.websphere.samples.daytrader.web.jsf.OrderDataJSF,com.ibm.websphere.samples.daytrader.web.jsf.OrderDataJSF,1
daytrader,15,seed15_solution077,com.ibm.websphere.samples.daytrader.web.jsf.PortfolioJSF,com.ibm.websphere.samples.daytrader.web.jsf.PortfolioJSF,1
daytrader,15,seed15_solution077,com.ibm.websphere.samples.daytrader.web.jsf.QuoteData,com.ibm.websphere.samples.daytrader.web.jsf.QuoteData,6
daytrader,15,seed15_solution077,com.ibm.websphere.samples.daytrader.web.jsf.QuoteJSF,com.ibm.websphere.samples.daytrader.web.jsf.QuoteJSF,1
daytrader,15,seed15_solution077,com.ibm.websphere.samples.daytrader.web.jsf.TradeActionProducer,com.ibm.websphere.samples.daytrader.web.jsf.TradeActionProducer,6
daytrader,15,seed15_solution077,com.ibm.websphere.samples.daytrader.web.jsf.TradeAppJSF,com.ibm.websphere.samples.daytrader.web.jsf.TradeAppJSF,2
daytrader,15,seed15_solution077,com.ibm.websphere.samples.daytrader.web.jsf.TradeConfigJSF,com.ibm.websphere.samples.daytrader.web.jsf.TradeConfigJSF,0
daytrader,15,seed15_solution077,com.ibm.websphere.samples.daytrader.web.websocket.ActionDecoder,com.ibm.websphere.samples.daytrader.web.websocket.ActionDecoder,1
daytrader,15,seed15_solution077,com.ibm.websphere.samples.daytrader.web.websocket.ActionMessage,com.ibm.websphere.samples.daytrader.web.websocket.ActionMessage,5
daytrader,15,seed15_solution077,com.ibm.websphere.samples.daytrader.web.websocket.ActionMessage$1,com.ibm.websphere.samples.daytrader.web.websocket.ActionMessage$1,2
daytrader,15,seed15_solution077,com.ibm.websphere.samples.daytrader.web.websocket.JsonDecoder,com.ibm.websphere.samples.daytrader.web.websocket.JsonDecoder,5
daytrader,15,seed15_solution077,com.ibm.websphere.samples.daytrader.web.websocket.JsonEncoder,com.ibm.websphere.samples.daytrader.web.websocket.JsonEncoder,2
daytrader,15,seed15_solution077,com.ibm.websphere.samples.daytrader.web.websocket.JsonMessage,com.ibm.websphere.samples.daytrader.web.websocket.JsonMessage,6
daytrader,15,seed15_solution077,com.ibm.websphere.samples.daytrader.web.websocket.MarketSummaryWebSocket,com.ibm.websphere.samples.daytrader.web.websocket.MarketSummaryWebSocket,5
daytrader,15,seed15_solution077,com.ibm.websphere.samples.daytrader.web.websocket.RecentStockChangeList,com.ibm.websphere.samples.daytrader.web.websocket.RecentStockChangeList,2
daytrader,15,seed15_solution078,com.ibm.websphere.samples.daytrader.TradeAction,com.ibm.websphere.samples.daytrader.TradeAction,0
daytrader,15,seed15_solution078,com.ibm.websphere.samples.daytrader.TradeServices,com.ibm.websphere.samples.daytrader.TradeServices,1
daytrader,15,seed15_solution078,com.ibm.websphere.samples.daytrader.beans.MarketSummaryDataBean,com.ibm.websphere.samples.daytrader.beans.MarketSummaryDataBean,0
daytrader,15,seed15_solution078,com.ibm.websphere.samples.daytrader.beans.RunStatsDataBean,com.ibm.websphere.samples.daytrader.beans.RunStatsDataBean,2
daytrader,15,seed15_solution078,com.ibm.websphere.samples.daytrader.direct.KeySequenceDirect,com.ibm.websphere.samples.daytrader.direct.KeySequenceDirect,2
daytrader,15,seed15_solution078,com.ibm.websphere.samples.daytrader.direct.TradeDirect,com.ibm.websphere.samples.daytrader.direct.TradeDirect,3
daytrader,15,seed15_solution078,com.ibm.websphere.samples.daytrader.ejb3.DTBroker3MDB,com.ibm.websphere.samples.daytrader.ejb3.DTBroker3MDB,4
daytrader,15,seed15_solution078,com.ibm.websphere.samples.daytrader.ejb3.DTStreamer3MDB,com.ibm.websphere.samples.daytrader.ejb3.DTStreamer3MDB,4
daytrader,15,seed15_solution078,com.ibm.websphere.samples.daytrader.ejb3.MarketSummarySingleton,com.ibm.websphere.samples.daytrader.ejb3.MarketSummarySingleton,0
daytrader,15,seed15_solution078,com.ibm.websphere.samples.daytrader.ejb3.TradeSLSBBean,com.ibm.websphere.samples.daytrader.ejb3.TradeSLSBBean,3
daytrader,15,seed15_solution078,com.ibm.websphere.samples.daytrader.ejb3.TradeSLSBBean$quotePriceComparator,com.ibm.websphere.samples.daytrader.ejb3.TradeSLSBBean$quotePriceComparator,5
daytrader,15,seed15_solution078,com.ibm.websphere.samples.daytrader.ejb3.TradeSLSBLocal,com.ibm.websphere.samples.daytrader.ejb3.TradeSLSBLocal,5
daytrader,15,seed15_solution078,com.ibm.websphere.samples.daytrader.ejb3.TradeSLSBRemote,com.ibm.websphere.samples.daytrader.ejb3.TradeSLSBRemote,1
daytrader,15,seed15_solution078,com.ibm.websphere.samples.daytrader.entities.AccountDataBean,com.ibm.websphere.samples.daytrader.entities.AccountDataBean,5
daytrader,15,seed15_solution078,com.ibm.websphere.samples.daytrader.entities.AccountProfileDataBean,com.ibm.websphere.samples.daytrader.entities.AccountProfileDataBean,6
daytrader,15,seed15_solution078,com.ibm.websphere.samples.daytrader.entities.HoldingDataBean,com.ibm.websphere.samples.daytrader.entities.HoldingDataBean,5
daytrader,15,seed15_solution078,com.ibm.websphere.samples.daytrader.entities.OrderDataBean,com.ibm.websphere.samples.daytrader.entities.OrderDataBean,3
daytrader,15,seed15_solution078,com.ibm.websphere.samples.daytrader.entities.QuoteDataBean,com.ibm.websphere.samples.daytrader.entities.QuoteDataBean,0
daytrader,15,seed15_solution078,com.ibm.websphere.samples.daytrader.util.CompleteOrderThread,com.ibm.websphere.samples.daytrader.util.CompleteOrderThread,4
daytrader,15,seed15_solution078,com.ibm.websphere.samples.daytrader.util.FinancialUtils,com.ibm.websphere.samples.daytrader.util.FinancialUtils,2
daytrader,15,seed15_solution078,com.ibm.websphere.samples.daytrader.util.KeyBlock,com.ibm.websphere.samples.daytrader.util.KeyBlock,0
daytrader,15,seed15_solution078,com.ibm.websphere.samples.daytrader.util.KeyBlock$KeyBlockIterator,com.ibm.websphere.samples.daytrader.util.KeyBlock$KeyBlockIterator,0
daytrader,15,seed15_solution078,com.ibm.websphere.samples.daytrader.util.Log,com.ibm.websphere.samples.daytrader.util.Log,3
daytrader,15,seed15_solution078,com.ibm.websphere.samples.daytrader.util.MDBStats,com.ibm.websphere.samples.daytrader.util.MDBStats,1
daytrader,15,seed15_solution078,com.ibm.websphere.samples.daytrader.util.TimerStat,com.ibm.websphere.samples.daytrader.util.TimerStat,2
daytrader,15,seed15_solution078,com.ibm.websphere.samples.daytrader.util.TradeConfig,com.ibm.websphere.samples.daytrader.util.TradeConfig,4
daytrader,15,seed15_solution078,com.ibm.websphere.samples.daytrader.util.WebSocketJMSMessage,com.ibm.websphere.samples.daytrader.util.WebSocketJMSMessage,0
daytrader,15,seed15_solution078,com.ibm.websphere.samples.daytrader.web.OrdersAlertFilter,com.ibm.websphere.samples.daytrader.web.OrdersAlertFilter,1
daytrader,15,seed15_solution078,com.ibm.websphere.samples.daytrader.web.TradeAppServlet,com.ibm.websphere.samples.daytrader.web.TradeAppServlet,2
daytrader,15,seed15_solution078,com.ibm.websphere.samples.daytrader.web.TradeServletAction,com.ibm.websphere.samples.daytrader.web.TradeServletAction,6
daytrader,15,seed15_solution078,com.ibm.websphere.samples.daytrader.web.TradeWebContextListener,com.ibm.websphere.samples.daytrader.web.TradeWebContextListener,5
daytrader,15,seed15_solution078,com.ibm.websphere.samples.daytrader.web.jsf.AccountDataJSF,com.ibm.websphere.samples.daytrader.web.jsf.AccountDataJSF,4
daytrader,15,seed15_solution078,com.ibm.websphere.samples.daytrader.web.jsf.ExternalContextProducer,com.ibm.websphere.samples.daytrader.web.jsf.ExternalContextProducer,0
daytrader,15,seed15_solution078,com.ibm.websphere.samples.daytrader.web.jsf.HoldingData,com.ibm.websphere.samples.daytrader.web.jsf.HoldingData,1
daytrader,15,seed15_solution078,com.ibm.websphere.samples.daytrader.web.jsf.JSFLoginFilter,com.ibm.websphere.samples.daytrader.web.jsf.JSFLoginFilter,6
daytrader,15,seed15_solution078,com.ibm.websphere.samples.daytrader.web.jsf.LoginValidator,com.ibm.websphere.samples.daytrader.web.jsf.LoginValidator,6
daytrader,15,seed15_solution078,com.ibm.websphere.samples.daytrader.web.jsf.MarketSummaryJSF,com.ibm.websphere.samples.daytrader.web.jsf.MarketSummaryJSF,4
daytrader,15,seed15_solution078,com.ibm.websphere.samples.daytrader.web.jsf.OrderData,com.ibm.websphere.samples.daytrader.web.jsf.OrderData,2
daytrader,15,seed15_solution078,com.ibm.websphere.samples.daytrader.web.jsf.OrderDataJSF,com.ibm.websphere.samples.daytrader.web.jsf.OrderDataJSF,2
daytrader,15,seed15_solution078,com.ibm.websphere.samples.daytrader.web.jsf.PortfolioJSF,com.ibm.websphere.samples.daytrader.web.jsf.PortfolioJSF,1
daytrader,15,seed15_solution078,com.ibm.websphere.samples.daytrader.web.jsf.QuoteData,com.ibm.websphere.samples.daytrader.web.jsf.QuoteData,6
daytrader,15,seed15_solution078,com.ibm.websphere.samples.daytrader.web.jsf.QuoteJSF,com.ibm.websphere.samples.daytrader.web.jsf.QuoteJSF,2
daytrader,15,seed15_solution078,com.ibm.websphere.samples.daytrader.web.jsf.TradeActionProducer,com.ibm.websphere.samples.daytrader.web.jsf.TradeActionProducer,1
daytrader,15,seed15_solution078,com.ibm.websphere.samples.daytrader.web.jsf.TradeAppJSF,com.ibm.websphere.samples.daytrader.web.jsf.TradeAppJSF,6
daytrader,15,seed15_solution078,com.ibm.websphere.samples.daytrader.web.jsf.TradeConfigJSF,com.ibm.websphere.samples.daytrader.web.jsf.TradeConfigJSF,5
daytrader,15,seed15_solution078,com.ibm.websphere.samples.daytrader.web.websocket.ActionDecoder,com.ibm.websphere.samples.daytrader.web.websocket.ActionDecoder,1
daytrader,15,seed15_solution078,com.ibm.websphere.samples.daytrader.web.websocket.ActionMessage,com.ibm.websphere.samples.daytrader.web.websocket.ActionMessage,6
daytrader,15,seed15_solution078,com.ibm.websphere.samples.daytrader.web.websocket.ActionMessage$1,com.ibm.websphere.samples.daytrader.web.websocket.ActionMessage$1,5
daytrader,15,seed15_solution078,com.ibm.websphere.samples.daytrader.web.websocket.JsonDecoder,com.ibm.websphere.samples.daytrader.web.websocket.JsonDecoder,2
daytrader,15,seed15_solution078,com.ibm.websphere.samples.daytrader.web.websocket.JsonEncoder,com.ibm.websphere.samples.daytrader.web.websocket.JsonEncoder,1
daytrader,15,seed15_solution078,com.ibm.websphere.samples.daytrader.web.websocket.JsonMessage,com.ibm.websphere.samples.daytrader.web.websocket.JsonMessage,6
daytrader,15,seed15_solution078,com.ibm.websphere.samples.daytrader.web.websocket.MarketSummaryWebSocket,com.ibm.websphere.samples.daytrader.web.websocket.MarketSummaryWebSocket,5
daytrader,15,seed15_solution078,com.ibm.websphere.samples.daytrader.web.websocket.RecentStockChangeList,com.ibm.websphere.samples.daytrader.web.websocket.RecentStockChangeList,1
daytrader,15,seed15_solution079,com.ibm.websphere.samples.daytrader.TradeAction,com.ibm.websphere.samples.daytrader.TradeAction,0
daytrader,15,seed15_solution079,com.ibm.websphere.samples.daytrader.TradeServices,com.ibm.websphere.samples.daytrader.TradeServices,1
daytrader,15,seed15_solution079,com.ibm.websphere.samples.daytrader.beans.MarketSummaryDataBean,com.ibm.websphere.samples.daytrader.beans.MarketSummaryDataBean,1
daytrader,15,seed15_solution079,com.ibm.websphere.samples.daytrader.beans.RunStatsDataBean,com.ibm.websphere.samples.daytrader.beans.RunStatsDataBean,1
daytrader,15,seed15_solution079,com.ibm.websphere.samples.daytrader.direct.KeySequenceDirect,com.ibm.websphere.samples.daytrader.direct.KeySequenceDirect,1
daytrader,15,seed15_solution079,com.ibm.websphere.samples.daytrader.direct.TradeDirect,com.ibm.websphere.samples.daytrader.direct.TradeDirect,2
daytrader,15,seed15_solution079,com.ibm.websphere.samples.daytrader.ejb3.DTBroker3MDB,com.ibm.websphere.samples.daytrader.ejb3.DTBroker3MDB,1
daytrader,15,seed15_solution079,com.ibm.websphere.samples.daytrader.ejb3.DTStreamer3MDB,com.ibm.websphere.samples.daytrader.ejb3.DTStreamer3MDB,1
daytrader,15,seed15_solution079,com.ibm.websphere.samples.daytrader.ejb3.MarketSummarySingleton,com.ibm.websphere.samples.daytrader.ejb3.MarketSummarySingleton,1
daytrader,15,seed15_solution079,com.ibm.websphere.samples.daytrader.ejb3.TradeSLSBBean,com.ibm.websphere.samples.daytrader.ejb3.TradeSLSBBean,1
daytrader,15,seed15_solution079,com.ibm.websphere.samples.daytrader.ejb3.TradeSLSBBean$quotePriceComparator,com.ibm.websphere.samples.daytrader.ejb3.TradeSLSBBean$quotePriceComparator,3
daytrader,15,seed15_solution079,com.ibm.websphere.samples.daytrader.ejb3.TradeSLSBLocal,com.ibm.websphere.samples.daytrader.ejb3.TradeSLSBLocal,3
daytrader,15,seed15_solution079,com.ibm.websphere.samples.daytrader.ejb3.TradeSLSBRemote,com.ibm.websphere.samples.daytrader.ejb3.TradeSLSBRemote,1
daytrader,15,seed15_solution079,com.ibm.websphere.samples.daytrader.entities.AccountDataBean,com.ibm.websphere.samples.daytrader.entities.AccountDataBean,0
daytrader,15,seed15_solution079,com.ibm.websphere.samples.daytrader.entities.AccountProfileDataBean,com.ibm.websphere.samples.daytrader.entities.AccountProfileDataBean,3
daytrader,15,seed15_solution079,com.ibm.websphere.samples.daytrader.entities.HoldingDataBean,com.ibm.websphere.samples.daytrader.entities.HoldingDataBean,1
daytrader,15,seed15_solution079,com.ibm.websphere.samples.daytrader.entities.OrderDataBean,com.ibm.websphere.samples.daytrader.entities.OrderDataBean,0
daytrader,15,seed15_solution079,com.ibm.websphere.samples.daytrader.entities.QuoteDataBean,com.ibm.websphere.samples.daytrader.entities.QuoteDataBean,1
daytrader,15,seed15_solution079,com.ibm.websphere.samples.daytrader.util.CompleteOrderThread,com.ibm.websphere.samples.daytrader.util.CompleteOrderThread,4
daytrader,15,seed15_solution079,com.ibm.websphere.samples.daytrader.util.FinancialUtils,com.ibm.websphere.samples.daytrader.util.FinancialUtils,4
daytrader,15,seed15_solution079,com.ibm.websphere.samples.daytrader.util.KeyBlock,com.ibm.websphere.samples.daytrader.util.KeyBlock,1
daytrader,15,seed15_solution079,com.ibm.websphere.samples.daytrader.util.KeyBlock$KeyBlockIterator,com.ibm.websphere.samples.daytrader.util.KeyBlock$KeyBlockIterator,0
daytrader,15,seed15_solution079,com.ibm.websphere.samples.daytrader.util.Log,com.ibm.websphere.samples.daytrader.util.Log,2
daytrader,15,seed15_solution079,com.ibm.websphere.samples.daytrader.util.MDBStats,com.ibm.websphere.samples.daytrader.util.MDBStats,0
daytrader,15,seed15_solution079,com.ibm.websphere.samples.daytrader.util.TimerStat,com.ibm.websphere.samples.daytrader.util.TimerStat,4
daytrader,15,seed15_solution079,com.ibm.websphere.samples.daytrader.util.TradeConfig,com.ibm.websphere.samples.daytrader.util.TradeConfig,4
daytrader,15,seed15_solution079,com.ibm.websphere.samples.daytrader.util.WebSocketJMSMessage,com.ibm.websphere.samples.daytrader.util.WebSocketJMSMessage,1
daytrader,15,seed15_solution079,com.ibm.websphere.samples.daytrader.web.OrdersAlertFilter,com.ibm.websphere.samples.daytrader.web.OrdersAlertFilter,1
daytrader,15,seed15_solution079,com.ibm.websphere.samples.daytrader.web.TradeAppServlet,com.ibm.websphere.samples.daytrader.web.TradeAppServlet,0
daytrader,15,seed15_solution079,com.ibm.websphere.samples.daytrader.web.TradeServletAction,com.ibm.websphere.samples.daytrader.web.TradeServletAction,0
daytrader,15,seed15_solution079,com.ibm.websphere.samples.daytrader.web.TradeWebContextListener,com.ibm.websphere.samples.daytrader.web.TradeWebContextListener,1
daytrader,15,seed15_solution079,com.ibm.websphere.samples.daytrader.web.jsf.AccountDataJSF,com.ibm.websphere.samples.daytrader.web.jsf.AccountDataJSF,0
daytrader,15,seed15_solution079,com.ibm.websphere.samples.daytrader.web.jsf.ExternalContextProducer,com.ibm.websphere.samples.daytrader.web.jsf.ExternalContextProducer,0
daytrader,15,seed15_solution079,com.ibm.websphere.samples.daytrader.web.jsf.HoldingData,com.ibm.websphere.samples.daytrader.web.jsf.HoldingData,4
daytrader,15,seed15_solution079,com.ibm.websphere.samples.daytrader.web.jsf.JSFLoginFilter,com.ibm.websphere.samples.daytrader.web.jsf.JSFLoginFilter,4
daytrader,15,seed15_solution079,com.ibm.websphere.samples.daytrader.web.jsf.LoginValidator,com.ibm.websphere.samples.daytrader.web.jsf.LoginValidator,4
daytrader,15,seed15_solution079,com.ibm.websphere.samples.daytrader.web.jsf.MarketSummaryJSF,com.ibm.websphere.samples.daytrader.web.jsf.MarketSummaryJSF,0
daytrader,15,seed15_solution079,com.ibm.websphere.samples.daytrader.web.jsf.OrderData,com.ibm.websphere.samples.daytrader.web.jsf.OrderData,3
daytrader,15,seed15_solution079,com.ibm.websphere.samples.daytrader.web.jsf.OrderDataJSF,com.ibm.websphere.samples.daytrader.web.jsf.OrderDataJSF,1
daytrader,15,seed15_solution079,com.ibm.websphere.samples.daytrader.web.jsf.PortfolioJSF,com.ibm.websphere.samples.daytrader.web.jsf.PortfolioJSF,1
daytrader,15,seed15_solution079,com.ibm.websphere.samples.daytrader.web.jsf.QuoteData,com.ibm.websphere.samples.daytrader.web.jsf.QuoteData,0
daytrader,15,seed15_solution079,com.ibm.websphere.samples.daytrader.web.jsf.QuoteJSF,com.ibm.websphere.samples.daytrader.web.jsf.QuoteJSF,1
daytrader,15,seed15_solution079,com.ibm.websphere.samples.daytrader.web.jsf.TradeActionProducer,com.ibm.websphere.samples.daytrader.web.jsf.TradeActionProducer,0
daytrader,15,seed15_solution079,com.ibm.websphere.samples.daytrader.web.jsf.TradeAppJSF,com.ibm.websphere.samples.daytrader.web.jsf.TradeAppJSF,4
daytrader,15,seed15_solution079,com.ibm.websphere.samples.daytrader.web.jsf.TradeConfigJSF,com.ibm.websphere.samples.daytrader.web.jsf.TradeConfigJSF,4
daytrader,15,seed15_solution079,com.ibm.websphere.samples.daytrader.web.websocket.ActionDecoder,com.ibm.websphere.samples.daytrader.web.websocket.ActionDecoder,4
daytrader,15,seed15_solution079,com.ibm.websphere.samples.daytrader.web.websocket.ActionMessage,com.ibm.websphere.samples.daytrader.web.websocket.ActionMessage,0
daytrader,15,seed15_solution079,com.ibm.websphere.samples.daytrader.web.websocket.ActionMessage$1,com.ibm.websphere.samples.daytrader.web.websocket.ActionMessage$1,4
daytrader,15,seed15_solution079,com.ibm.websphere.samples.daytrader.web.websocket.JsonDecoder,com.ibm.websphere.samples.daytrader.web.websocket.JsonDecoder,4
daytrader,15,seed15_solution079,com.ibm.websphere.samples.daytrader.web.websocket.JsonEncoder,com.ibm.websphere.samples.daytrader.web.websocket.JsonEncoder,1
daytrader,15,seed15_solution079,com.ibm.websphere.samples.daytrader.web.websocket.JsonMessage,com.ibm.websphere.samples.daytrader.web.websocket.JsonMessage,4
daytrader,15,seed15_solution079,com.ibm.websphere.samples.daytrader.web.websocket.MarketSummaryWebSocket,com.ibm.websphere.samples.daytrader.web.websocket.MarketSummaryWebSocket,4
daytrader,15,seed15_solution079,com.ibm.websphere.samples.daytrader.web.websocket.RecentStockChangeList,com.ibm.websphere.samples.daytrader.web.websocket.RecentStockChangeList,4
daytrader,15,seed15_solution080,com.ibm.websphere.samples.daytrader.TradeAction,com.ibm.websphere.samples.daytrader.TradeAction,0
daytrader,15,seed15_solution080,com.ibm.websphere.samples.daytrader.TradeServices,com.ibm.websphere.samples.daytrader.TradeServices,1
daytrader,15,seed15_solution080,com.ibm.websphere.samples.daytrader.beans.MarketSummaryDataBean,com.ibm.websphere.samples.daytrader.beans.MarketSummaryDataBean,1
daytrader,15,seed15_solution080,com.ibm.websphere.samples.daytrader.beans.RunStatsDataBean,com.ibm.websphere.samples.daytrader.beans.RunStatsDataBean,1
daytrader,15,seed15_solution080,com.ibm.websphere.samples.daytrader.direct.KeySequenceDirect,com.ibm.websphere.samples.daytrader.direct.KeySequenceDirect,1
daytrader,15,seed15_solution080,com.ibm.websphere.samples.daytrader.direct.TradeDirect,com.ibm.websphere.samples.daytrader.direct.TradeDirect,2
daytrader,15,seed15_solution080,com.ibm.websphere.samples.daytrader.ejb3.DTBroker3MDB,com.ibm.websphere.samples.daytrader.ejb3.DTBroker3MDB,1
daytrader,15,seed15_solution080,com.ibm.websphere.samples.daytrader.ejb3.DTStreamer3MDB,com.ibm.websphere.samples.daytrader.ejb3.DTStreamer3MDB,1
daytrader,15,seed15_solution080,com.ibm.websphere.samples.daytrader.ejb3.MarketSummarySingleton,com.ibm.websphere.samples.daytrader.ejb3.MarketSummarySingleton,1
daytrader,15,seed15_solution080,com.ibm.websphere.samples.daytrader.ejb3.TradeSLSBBean,com.ibm.websphere.samples.daytrader.ejb3.TradeSLSBBean,0
daytrader,15,seed15_solution080,com.ibm.websphere.samples.daytrader.ejb3.TradeSLSBBean$quotePriceComparator,com.ibm.websphere.samples.daytrader.ejb3.TradeSLSBBean$quotePriceComparator,1
daytrader,15,seed15_solution080,com.ibm.websphere.samples.daytrader.ejb3.TradeSLSBLocal,com.ibm.websphere.samples.daytrader.ejb3.TradeSLSBLocal,3
daytrader,15,seed15_solution080,com.ibm.websphere.samples.daytrader.ejb3.TradeSLSBRemote,com.ibm.websphere.samples.daytrader.ejb3.TradeSLSBRemote,1
daytrader,15,seed15_solution080,com.ibm.websphere.samples.daytrader.entities.AccountDataBean,com.ibm.websphere.samples.daytrader.entities.AccountDataBean,0
daytrader,15,seed15_solution080,com.ibm.websphere.samples.daytrader.entities.AccountProfileDataBean,com.ibm.websphere.samples.daytrader.entities.AccountProfileDataBean,3
daytrader,15,seed15_solution080,com.ibm.websphere.samples.daytrader.entities.HoldingDataBean,com.ibm.websphere.samples.daytrader.entities.HoldingDataBean,1
daytrader,15,seed15_solution080,com.ibm.websphere.samples.daytrader.entities.OrderDataBean,com.ibm.websphere.samples.daytrader.entities.OrderDataBean,0
daytrader,15,seed15_solution080,com.ibm.websphere.samples.daytrader.entities.QuoteDataBean,com.ibm.websphere.samples.daytrader.entities.QuoteDataBean,0
daytrader,15,seed15_solution080,com.ibm.websphere.samples.daytrader.util.CompleteOrderThread,com.ibm.websphere.samples.daytrader.util.CompleteOrderThread,4
daytrader,15,seed15_solution080,com.ibm.websphere.samples.daytrader.util.FinancialUtils,com.ibm.websphere.samples.daytrader.util.FinancialUtils,4
daytrader,15,seed15_solution080,com.ibm.websphere.samples.daytrader.util.KeyBlock,com.ibm.websphere.samples.daytrader.util.KeyBlock,1
daytrader,15,seed15_solution080,com.ibm.websphere.samples.daytrader.util.KeyBlock$KeyBlockIterator,com.ibm.websphere.samples.daytrader.util.KeyBlock$KeyBlockIterator,0
daytrader,15,seed15_solution080,com.ibm.websphere.samples.daytrader.util.Log,com.ibm.websphere.samples.daytrader.util.Log,2
daytrader,15,seed15_solution080,com.ibm.websphere.samples.daytrader.util.MDBStats,com.ibm.websphere.samples.daytrader.util.MDBStats,1
daytrader,15,seed15_solution080,com.ibm.websphere.samples.daytrader.util.TimerStat,com.ibm.websphere.samples.daytrader.util.TimerStat,5
daytrader,15,seed15_solution080,com.ibm.websphere.samples.daytrader.util.TradeConfig,com.ibm.websphere.samples.daytrader.util.TradeConfig,4
daytrader,15,seed15_solution080,com.ibm.websphere.samples.daytrader.util.WebSocketJMSMessage,com.ibm.websphere.samples.daytrader.util.WebSocketJMSMessage,0
daytrader,15,seed15_solution080,com.ibm.websphere.samples.daytrader.web.OrdersAlertFilter,com.ibm.websphere.samples.daytrader.web.OrdersAlertFilter,1
daytrader,15,seed15_solution080,com.ibm.websphere.samples.daytrader.web.TradeAppServlet,com.ibm.websphere.samples.daytrader.web.TradeAppServlet,3
daytrader,15,seed15_solution080,com.ibm.websphere.samples.daytrader.web.TradeServletAction,com.ibm.websphere.samples.daytrader.web.TradeServletAction,0
daytrader,15,seed15_solution080,com.ibm.websphere.samples.daytrader.web.TradeWebContextListener,com.ibm.websphere.samples.daytrader.web.TradeWebContextListener,1
daytrader,15,seed15_solution080,com.ibm.websphere.samples.daytrader.web.jsf.AccountDataJSF,com.ibm.websphere.samples.daytrader.web.jsf.AccountDataJSF,0
daytrader,15,seed15_solution080,com.ibm.websphere.samples.daytrader.web.jsf.ExternalContextProducer,com.ibm.websphere.samples.daytrader.web.jsf.ExternalContextProducer,3
daytrader,15,seed15_solution080,com.ibm.websphere.samples.daytrader.web.jsf.HoldingData,com.ibm.websphere.samples.daytrader.web.jsf.HoldingData,0
daytrader,15,seed15_solution080,com.ibm.websphere.samples.daytrader.web.jsf.JSFLoginFilter,com.ibm.websphere.samples.daytrader.web.jsf.JSFLoginFilter,5
daytrader,15,seed15_solution080,com.ibm.websphere.samples.daytrader.web.jsf.LoginValidator,com.ibm.websphere.samples.daytrader.web.jsf.LoginValidator,3
daytrader,15,seed15_solution080,com.ibm.websphere.samples.daytrader.web.jsf.MarketSummaryJSF,com.ibm.websphere.samples.daytrader.web.jsf.MarketSummaryJSF,1
daytrader,15,seed15_solution080,com.ibm.websphere.samples.daytrader.web.jsf.OrderData,com.ibm.websphere.samples.daytrader.web.jsf.OrderData,3
daytrader,15,seed15_solution080,com.ibm.websphere.samples.daytrader.web.jsf.OrderDataJSF,com.ibm.websphere.samples.daytrader.web.jsf.OrderDataJSF,4
daytrader,15,seed15_solution080,com.ibm.websphere.samples.daytrader.web.jsf.PortfolioJSF,com.ibm.websphere.samples.daytrader.web.jsf.PortfolioJSF,1
daytrader,15,seed15_solution080,com.ibm.websphere.samples.daytrader.web.jsf.QuoteData,com.ibm.websphere.samples.daytrader.web.jsf.QuoteData,0
daytrader,15,seed15_solution080,com.ibm.websphere.samples.daytrader.web.jsf.QuoteJSF,com.ibm.websphere.samples.daytrader.web.jsf.QuoteJSF,1
daytrader,15,seed15_solution080,com.ibm.websphere.samples.daytrader.web.jsf.TradeActionProducer,com.ibm.websphere.samples.daytrader.web.jsf.TradeActionProducer,0
daytrader,15,seed15_solution080,com.ibm.websphere.samples.daytrader.web.jsf.TradeAppJSF,com.ibm.websphere.samples.daytrader.web.jsf.TradeAppJSF,4
daytrader,15,seed15_solution080,com.ibm.websphere.samples.daytrader.web.jsf.TradeConfigJSF,com.ibm.websphere.samples.daytrader.web.jsf.TradeConfigJSF,4
daytrader,15,seed15_solution080,com.ibm.websphere.samples.daytrader.web.websocket.ActionDecoder,com.ibm.websphere.samples.daytrader.web.websocket.ActionDecoder,3
daytrader,15,seed15_solution080,com.ibm.websphere.samples.daytrader.web.websocket.ActionMessage,com.ibm.websphere.samples.daytrader.web.websocket.ActionMessage,5
daytrader,15,seed15_solution080,com.ibm.websphere.samples.daytrader.web.websocket.ActionMessage$1,com.ibm.websphere.samples.daytrader.web.websocket.ActionMessage$1,3
daytrader,15,seed15_solution080,com.ibm.websphere.samples.daytrader.web.websocket.JsonDecoder,com.ibm.websphere.samples.daytrader.web.websocket.JsonDecoder,5
daytrader,15,seed15_solution080,com.ibm.websphere.samples.daytrader.web.websocket.JsonEncoder,com.ibm.websphere.samples.daytrader.web.websocket.JsonEncoder,5
daytrader,15,seed15_solution080,com.ibm.websphere.samples.daytrader.web.websocket.JsonMessage,com.ibm.websphere.samples.daytrader.web.websocket.JsonMessage,1
daytrader,15,seed15_solution080,com.ibm.websphere.samples.daytrader.web.websocket.MarketSummaryWebSocket,com.ibm.websphere.samples.daytrader.web.websocket.MarketSummaryWebSocket,5
daytrader,15,seed15_solution080,com.ibm.websphere.samples.daytrader.web.websocket.RecentStockChangeList,com.ibm.websphere.samples.daytrader.web.websocket.RecentStockChangeList,4
daytrader,15,seed15_solution081,com.ibm.websphere.samples.daytrader.TradeAction,com.ibm.websphere.samples.daytrader.TradeAction,0
daytrader,15,seed15_solution081,com.ibm.websphere.samples.daytrader.TradeServices,com.ibm.websphere.samples.daytrader.TradeServices,1
daytrader,15,seed15_solution081,com.ibm.websphere.samples.daytrader.beans.MarketSummaryDataBean,com.ibm.websphere.samples.daytrader.beans.MarketSummaryDataBean,0
daytrader,15,seed15_solution081,com.ibm.websphere.samples.daytrader.beans.RunStatsDataBean,com.ibm.websphere.samples.daytrader.beans.RunStatsDataBean,1
daytrader,15,seed15_solution081,com.ibm.websphere.samples.daytrader.direct.KeySequenceDirect,com.ibm.websphere.samples.daytrader.direct.KeySequenceDirect,1
daytrader,15,seed15_solution081,com.ibm.websphere.samples.daytrader.direct.TradeDirect,com.ibm.websphere.samples.daytrader.direct.TradeDirect,2
daytrader,15,seed15_solution081,com.ibm.websphere.samples.daytrader.ejb3.DTBroker3MDB,com.ibm.websphere.samples.daytrader.ejb3.DTBroker3MDB,1
daytrader,15,seed15_solution081,com.ibm.websphere.samples.daytrader.ejb3.DTStreamer3MDB,com.ibm.websphere.samples.daytrader.ejb3.DTStreamer3MDB,1
daytrader,15,seed15_solution081,com.ibm.websphere.samples.daytrader.ejb3.MarketSummarySingleton,com.ibm.websphere.samples.daytrader.ejb3.MarketSummarySingleton,1
daytrader,15,seed15_solution081,com.ibm.websphere.samples.daytrader.ejb3.TradeSLSBBean,com.ibm.websphere.samples.daytrader.ejb3.TradeSLSBBean,3
daytrader,15,seed15_solution081,com.ibm.websphere.samples.daytrader.ejb3.TradeSLSBBean$quotePriceComparator,com.ibm.websphere.samples.daytrader.ejb3.TradeSLSBBean$quotePriceComparator,1
daytrader,15,seed15_solution081,com.ibm.websphere.samples.daytrader.ejb3.TradeSLSBLocal,com.ibm.websphere.samples.daytrader.ejb3.TradeSLSBLocal,3
daytrader,15,seed15_solution081,com.ibm.websphere.samples.daytrader.ejb3.TradeSLSBRemote,com.ibm.websphere.samples.daytrader.ejb3.TradeSLSBRemote,1
daytrader,15,seed15_solution081,com.ibm.websphere.samples.daytrader.entities.AccountDataBean,com.ibm.websphere.samples.daytrader.entities.AccountDataBean,0
daytrader,15,seed15_solution081,com.ibm.websphere.samples.daytrader.entities.AccountProfileDataBean,com.ibm.websphere.samples.daytrader.entities.AccountProfileDataBean,3
daytrader,15,seed15_solution081,com.ibm.websphere.samples.daytrader.entities.HoldingDataBean,com.ibm.websphere.samples.daytrader.entities.HoldingDataBean,1
daytrader,15,seed15_solution081,com.ibm.websphere.samples.daytrader.entities.OrderDataBean,com.ibm.websphere.samples.daytrader.entities.OrderDataBean,0
daytrader,15,seed15_solution081,com.ibm.websphere.samples.daytrader.entities.QuoteDataBean,com.ibm.websphere.samples.daytrader.entities.QuoteDataBean,0
daytrader,15,seed15_solution081,com.ibm.websphere.samples.daytrader.util.CompleteOrderThread,com.ibm.websphere.samples.daytrader.util.CompleteOrderThread,4
daytrader,15,seed15_solution081,com.ibm.websphere.samples.daytrader.util.FinancialUtils,com.ibm.websphere.samples.daytrader.util.FinancialUtils,4
daytrader,15,seed15_solution081,com.ibm.websphere.samples.daytrader.util.KeyBlock,com.ibm.websphere.samples.daytrader.util.KeyBlock,1
daytrader,15,seed15_solution081,com.ibm.websphere.samples.daytrader.util.KeyBlock$KeyBlockIterator,com.ibm.websphere.samples.daytrader.util.KeyBlock$KeyBlockIterator,0
daytrader,15,seed15_solution081,com.ibm.websphere.samples.daytrader.util.Log,com.ibm.websphere.samples.daytrader.util.Log,2
daytrader,15,seed15_solution081,com.ibm.websphere.samples.daytrader.util.MDBStats,com.ibm.websphere.samples.daytrader.util.MDBStats,0
daytrader,15,seed15_solution081,com.ibm.websphere.samples.daytrader.util.TimerStat,com.ibm.websphere.samples.daytrader.util.TimerStat,4
daytrader,15,seed15_solution081,com.ibm.websphere.samples.daytrader.util.TradeConfig,com.ibm.websphere.samples.daytrader.util.TradeConfig,4
daytrader,15,seed15_solution081,com.ibm.websphere.samples.daytrader.util.WebSocketJMSMessage,com.ibm.websphere.samples.daytrader.util.WebSocketJMSMessage,1
daytrader,15,seed15_solution081,com.ibm.websphere.samples.daytrader.web.OrdersAlertFilter,com.ibm.websphere.samples.daytrader.web.OrdersAlertFilter,1
daytrader,15,seed15_solution081,com.ibm.websphere.samples.daytrader.web.TradeAppServlet,com.ibm.websphere.samples.daytrader.web.TradeAppServlet,0
daytrader,15,seed15_solution081,com.ibm.websphere.samples.daytrader.web.TradeServletAction,com.ibm.websphere.samples.daytrader.web.TradeServletAction,0
daytrader,15,seed15_solution081,com.ibm.websphere.samples.daytrader.web.TradeWebContextListener,com.ibm.websphere.samples.daytrader.web.TradeWebContextListener,1
daytrader,15,seed15_solution081,com.ibm.websphere.samples.daytrader.web.jsf.AccountDataJSF,com.ibm.websphere.samples.daytrader.web.jsf.AccountDataJSF,0
daytrader,15,seed15_solution081,com.ibm.websphere.samples.daytrader.web.jsf.ExternalContextProducer,com.ibm.websphere.samples.daytrader.web.jsf.ExternalContextProducer,0
daytrader,15,seed15_solution081,com.ibm.websphere.samples.daytrader.web.jsf.HoldingData,com.ibm.websphere.samples.daytrader.web.jsf.HoldingData,4
daytrader,15,seed15_solution081,com.ibm.websphere.samples.daytrader.web.jsf.JSFLoginFilter,com.ibm.websphere.samples.daytrader.web.jsf.JSFLoginFilter,4
daytrader,15,seed15_solution081,com.ibm.websphere.samples.daytrader.web.jsf.LoginValidator,com.ibm.websphere.samples.daytrader.web.jsf.LoginValidator,4
daytrader,15,seed15_solution081,com.ibm.websphere.samples.daytrader.web.jsf.MarketSummaryJSF,com.ibm.websphere.samples.daytrader.web.jsf.MarketSummaryJSF,0
daytrader,15,seed15_solution081,com.ibm.websphere.samples.daytrader.web.jsf.OrderData,com.ibm.websphere.samples.daytrader.web.jsf.OrderData,3
daytrader,15,seed15_solution081,com.ibm.websphere.samples.daytrader.web.jsf.OrderDataJSF,com.ibm.websphere.samples.daytrader.web.jsf.OrderDataJSF,1
daytrader,15,seed15_solution081,com.ibm.websphere.samples.daytrader.web.jsf.PortfolioJSF,com.ibm.websphere.samples.daytrader.web.jsf.PortfolioJSF,1
daytrader,15,seed15_solution081,com.ibm.websphere.samples.daytrader.web.jsf.QuoteData,com.ibm.websphere.samples.daytrader.web.jsf.QuoteData,0
daytrader,15,seed15_solution081,com.ibm.websphere.samples.daytrader.web.jsf.QuoteJSF,com.ibm.websphere.samples.daytrader.web.jsf.QuoteJSF,1
daytrader,15,seed15_solution081,com.ibm.websphere.samples.daytrader.web.jsf.TradeActionProducer,com.ibm.websphere.samples.daytrader.web.jsf.TradeActionProducer,0
daytrader,15,seed15_solution081,com.ibm.websphere.samples.daytrader.web.jsf.TradeAppJSF,com.ibm.websphere.samples.daytrader.web.jsf.TradeAppJSF,4
daytrader,15,seed15_solution081,com.ibm.websphere.samples.daytrader.web.jsf.TradeConfigJSF,com.ibm.websphere.samples.daytrader.web.jsf.TradeConfigJSF,4
daytrader,15,seed15_solution081,com.ibm.websphere.samples.daytrader.web.websocket.ActionDecoder,com.ibm.websphere.samples.daytrader.web.websocket.ActionDecoder,4
daytrader,15,seed15_solution081,com.ibm.websphere.samples.daytrader.web.websocket.ActionMessage,com.ibm.websphere.samples.daytrader.web.websocket.ActionMessage,0
daytrader,15,seed15_solution081,com.ibm.websphere.samples.daytrader.web.websocket.ActionMessage$1,com.ibm.websphere.samples.daytrader.web.websocket.ActionMessage$1,4
daytrader,15,seed15_solution081,com.ibm.websphere.samples.daytrader.web.websocket.JsonDecoder,com.ibm.websphere.samples.daytrader.web.websocket.JsonDecoder,4
daytrader,15,seed15_solution081,com.ibm.websphere.samples.daytrader.web.websocket.JsonEncoder,com.ibm.websphere.samples.daytrader.web.websocket.JsonEncoder,1
daytrader,15,seed15_solution081,com.ibm.websphere.samples.daytrader.web.websocket.JsonMessage,com.ibm.websphere.samples.daytrader.web.websocket.JsonMessage,4
daytrader,15,seed15_solution081,com.ibm.websphere.samples.daytrader.web.websocket.MarketSummaryWebSocket,com.ibm.websphere.samples.daytrader.web.websocket.MarketSummaryWebSocket,4
daytrader,15,seed15_solution081,com.ibm.websphere.samples.daytrader.web.websocket.RecentStockChangeList,com.ibm.websphere.samples.daytrader.web.websocket.RecentStockChangeList,4
daytrader,15,seed15_solution082,com.ibm.websphere.samples.daytrader.TradeAction,com.ibm.websphere.samples.daytrader.TradeAction,0
daytrader,15,seed15_solution082,com.ibm.websphere.samples.daytrader.TradeServices,com.ibm.websphere.samples.daytrader.TradeServices,1
daytrader,15,seed15_solution082,com.ibm.websphere.samples.daytrader.beans.MarketSummaryDataBean,com.ibm.websphere.samples.daytrader.beans.MarketSummaryDataBean,0
daytrader,15,seed15_solution082,com.ibm.websphere.samples.daytrader.beans.RunStatsDataBean,com.ibm.websphere.samples.daytrader.beans.RunStatsDataBean,2
daytrader,15,seed15_solution082,com.ibm.websphere.samples.daytrader.direct.KeySequenceDirect,com.ibm.websphere.samples.daytrader.direct.KeySequenceDirect,2
daytrader,15,seed15_solution082,com.ibm.websphere.samples.daytrader.direct.TradeDirect,com.ibm.websphere.samples.daytrader.direct.TradeDirect,3
daytrader,15,seed15_solution082,com.ibm.websphere.samples.daytrader.ejb3.DTBroker3MDB,com.ibm.websphere.samples.daytrader.ejb3.DTBroker3MDB,2
daytrader,15,seed15_solution082,com.ibm.websphere.samples.daytrader.ejb3.DTStreamer3MDB,com.ibm.websphere.samples.daytrader.ejb3.DTStreamer3MDB,2
daytrader,15,seed15_solution082,com.ibm.websphere.samples.daytrader.ejb3.MarketSummarySingleton,com.ibm.websphere.samples.daytrader.ejb3.MarketSummarySingleton,2
daytrader,15,seed15_solution082,com.ibm.websphere.samples.daytrader.ejb3.TradeSLSBBean,com.ibm.websphere.samples.daytrader.ejb3.TradeSLSBBean,1
daytrader,15,seed15_solution082,com.ibm.websphere.samples.daytrader.ejb3.TradeSLSBBean$quotePriceComparator,com.ibm.websphere.samples.daytrader.ejb3.TradeSLSBBean$quotePriceComparator,2
daytrader,15,seed15_solution082,com.ibm.websphere.samples.daytrader.ejb3.TradeSLSBLocal,com.ibm.websphere.samples.daytrader.ejb3.TradeSLSBLocal,1
daytrader,15,seed15_solution082,com.ibm.websphere.samples.daytrader.ejb3.TradeSLSBRemote,com.ibm.websphere.samples.daytrader.ejb3.TradeSLSBRemote,2
daytrader,15,seed15_solution082,com.ibm.websphere.samples.daytrader.entities.AccountDataBean,com.ibm.websphere.samples.daytrader.entities.AccountDataBean,0
daytrader,15,seed15_solution082,com.ibm.websphere.samples.daytrader.entities.AccountProfileDataBean,com.ibm.websphere.samples.daytrader.entities.AccountProfileDataBean,1
daytrader,15,seed15_solution082,com.ibm.websphere.samples.daytrader.entities.HoldingDataBean,com.ibm.websphere.samples.daytrader.entities.HoldingDataBean,2
daytrader,15,seed15_solution082,com.ibm.websphere.samples.daytrader.entities.OrderDataBean,com.ibm.websphere.samples.daytrader.entities.OrderDataBean,0
daytrader,15,seed15_solution082,com.ibm.websphere.samples.daytrader.entities.QuoteDataBean,com.ibm.websphere.samples.daytrader.entities.QuoteDataBean,0
daytrader,15,seed15_solution082,com.ibm.websphere.samples.daytrader.util.CompleteOrderThread,com.ibm.websphere.samples.daytrader.util.CompleteOrderThread,4
daytrader,15,seed15_solution082,com.ibm.websphere.samples.daytrader.util.FinancialUtils,com.ibm.websphere.samples.daytrader.util.FinancialUtils,4
daytrader,15,seed15_solution082,com.ibm.websphere.samples.daytrader.util.KeyBlock,com.ibm.websphere.samples.daytrader.util.KeyBlock,2
daytrader,15,seed15_solution082,com.ibm.websphere.samples.daytrader.util.KeyBlock$KeyBlockIterator,com.ibm.websphere.samples.daytrader.util.KeyBlock$KeyBlockIterator,0
daytrader,15,seed15_solution082,com.ibm.websphere.samples.daytrader.util.Log,com.ibm.websphere.samples.daytrader.util.Log,3
daytrader,15,seed15_solution082,com.ibm.websphere.samples.daytrader.util.MDBStats,com.ibm.websphere.samples.daytrader.util.MDBStats,0
daytrader,15,seed15_solution082,com.ibm.websphere.samples.daytrader.util.TimerStat,com.ibm.websphere.samples.daytrader.util.TimerStat,4
daytrader,15,seed15_solution082,com.ibm.websphere.samples.daytrader.util.TradeConfig,com.ibm.websphere.samples.daytrader.util.TradeConfig,4
daytrader,15,seed15_solution082,com.ibm.websphere.samples.daytrader.util.WebSocketJMSMessage,com.ibm.websphere.samples.daytrader.util.WebSocketJMSMessage,2
daytrader,15,seed15_solution082,com.ibm.websphere.samples.daytrader.web.OrdersAlertFilter,com.ibm.websphere.samples.daytrader.web.OrdersAlertFilter,2
daytrader,15,seed15_solution082,com.ibm.websphere.samples.daytrader.web.TradeAppServlet,com.ibm.websphere.samples.daytrader.web.TradeAppServlet,0
daytrader,15,seed15_solution082,com.ibm.websphere.samples.daytrader.web.TradeServletAction,com.ibm.websphere.samples.daytrader.web.TradeServletAction,0
daytrader,15,seed15_solution082,com.ibm.websphere.samples.daytrader.web.TradeWebContextListener,com.ibm.websphere.samples.daytrader.web.TradeWebContextListener,2
daytrader,15,seed15_solution082,com.ibm.websphere.samples.daytrader.web.jsf.AccountDataJSF,com.ibm.websphere.samples.daytrader.web.jsf.AccountDataJSF,0
daytrader,15,seed15_solution082,com.ibm.websphere.samples.daytrader.web.jsf.ExternalContextProducer,com.ibm.websphere.samples.daytrader.web.jsf.ExternalContextProducer,0
daytrader,15,seed15_solution082,com.ibm.websphere.samples.daytrader.web.jsf.HoldingData,com.ibm.websphere.samples.daytrader.web.jsf.HoldingData,4
daytrader,15,seed15_solution082,com.ibm.websphere.samples.daytrader.web.jsf.JSFLoginFilter,com.ibm.websphere.samples.daytrader.web.jsf.JSFLoginFilter,4
daytrader,15,seed15_solution082,com.ibm.websphere.samples.daytrader.web.jsf.LoginValidator,com.ibm.websphere.samples.daytrader.web.jsf.LoginValidator,4
daytrader,15,seed15_solution082,com.ibm.websphere.samples.daytrader.web.jsf.MarketSummaryJSF,com.ibm.websphere.samples.daytrader.web.jsf.MarketSummaryJSF,0
daytrader,15,seed15_solution082,com.ibm.websphere.samples.daytrader.web.jsf.OrderData,com.ibm.websphere.samples.daytrader.web.jsf.OrderData,1
daytrader,15,seed15_solution082,com.ibm.websphere.samples.daytrader.web.jsf.OrderDataJSF,com.ibm.websphere.samples.daytrader.web.jsf.OrderDataJSF,4
daytrader,15,seed15_solution082,com.ibm.websphere.samples.daytrader.web.jsf.PortfolioJSF,com.ibm.websphere.samples.daytrader.web.jsf.PortfolioJSF,2
daytrader,15,seed15_solution082,com.ibm.websphere.samples.daytrader.web.jsf.QuoteData,com.ibm.websphere.samples.daytrader.web.jsf.QuoteData,0
daytrader,15,seed15_solution082,com.ibm.websphere.samples.daytrader.web.jsf.QuoteJSF,com.ibm.websphere.samples.daytrader.web.jsf.QuoteJSF,2
daytrader,15,seed15_solution082,com.ibm.websphere.samples.daytrader.web.jsf.TradeActionProducer,com.ibm.websphere.samples.daytrader.web.jsf.TradeActionProducer,0
daytrader,15,seed15_solution082,com.ibm.websphere.samples.daytrader.web.jsf.TradeAppJSF,com.ibm.websphere.samples.daytrader.web.jsf.TradeAppJSF,4
daytrader,15,seed15_solution082,com.ibm.websphere.samples.daytrader.web.jsf.TradeConfigJSF,com.ibm.websphere.samples.daytrader.web.jsf.TradeConfigJSF,4
daytrader,15,seed15_solution082,com.ibm.websphere.samples.daytrader.web.websocket.ActionDecoder,com.ibm.websphere.samples.daytrader.web.websocket.ActionDecoder,4
daytrader,15,seed15_solution082,com.ibm.websphere.samples.daytrader.web.websocket.ActionMessage,com.ibm.websphere.samples.daytrader.web.websocket.ActionMessage,0
daytrader,15,seed15_solution082,com.ibm.websphere.samples.daytrader.web.websocket.ActionMessage$1,com.ibm.websphere.samples.daytrader.web.websocket.ActionMessage$1,4
daytrader,15,seed15_solution082,com.ibm.websphere.samples.daytrader.web.websocket.JsonDecoder,com.ibm.websphere.samples.daytrader.web.websocket.JsonDecoder,4
daytrader,15,seed15_solution082,com.ibm.websphere.samples.daytrader.web.websocket.JsonEncoder,com.ibm.websphere.samples.daytrader.web.websocket.JsonEncoder,2
daytrader,15,seed15_solution082,com.ibm.websphere.samples.daytrader.web.websocket.JsonMessage,com.ibm.websphere.samples.daytrader.web.websocket.JsonMessage,4
daytrader,15,seed15_solution082,com.ibm.websphere.samples.daytrader.web.websocket.MarketSummaryWebSocket,com.ibm.websphere.samples.daytrader.web.websocket.MarketSummaryWebSocket,4
daytrader,15,seed15_solution082,com.ibm.websphere.samples.daytrader.web.websocket.RecentStockChangeList,com.ibm.websphere.samples.daytrader.web.websocket.RecentStockChangeList,4
daytrader,15,seed15_solution083,com.ibm.websphere.samples.daytrader.TradeAction,com.ibm.websphere.samples.daytrader.TradeAction,0
daytrader,15,seed15_solution083,com.ibm.websphere.samples.daytrader.TradeServices,com.ibm.websphere.samples.daytrader.TradeServices,1
daytrader,15,seed15_solution083,com.ibm.websphere.samples.daytrader.beans.MarketSummaryDataBean,com.ibm.websphere.samples.daytrader.beans.MarketSummaryDataBean,2
daytrader,15,seed15_solution083,com.ibm.websphere.samples.daytrader.beans.RunStatsDataBean,com.ibm.websphere.samples.daytrader.beans.RunStatsDataBean,0
daytrader,15,seed15_solution083,com.ibm.websphere.samples.daytrader.direct.KeySequenceDirect,com.ibm.websphere.samples.daytrader.direct.KeySequenceDirect,2
daytrader,15,seed15_solution083,com.ibm.websphere.samples.daytrader.direct.TradeDirect,com.ibm.websphere.samples.daytrader.direct.TradeDirect,3
daytrader,15,seed15_solution083,com.ibm.websphere.samples.daytrader.ejb3.DTBroker3MDB,com.ibm.websphere.samples.daytrader.ejb3.DTBroker3MDB,4
daytrader,15,seed15_solution083,com.ibm.websphere.samples.daytrader.ejb3.DTStreamer3MDB,com.ibm.websphere.samples.daytrader.ejb3.DTStreamer3MDB,4
daytrader,15,seed15_solution083,com.ibm.websphere.samples.daytrader.ejb3.MarketSummarySingleton,com.ibm.websphere.samples.daytrader.ejb3.MarketSummarySingleton,2
daytrader,15,seed15_solution083,com.ibm.websphere.samples.daytrader.ejb3.TradeSLSBBean,com.ibm.websphere.samples.daytrader.ejb3.TradeSLSBBean,4
daytrader,15,seed15_solution083,com.ibm.websphere.samples.daytrader.ejb3.TradeSLSBBean$quotePriceComparator,com.ibm.websphere.samples.daytrader.ejb3.TradeSLSBBean$quotePriceComparator,0
daytrader,15,seed15_solution083,com.ibm.websphere.samples.daytrader.ejb3.TradeSLSBLocal,com.ibm.websphere.samples.daytrader.ejb3.TradeSLSBLocal,5
daytrader,15,seed15_solution083,com.ibm.websphere.samples.daytrader.ejb3.TradeSLSBRemote,com.ibm.websphere.samples.daytrader.ejb3.TradeSLSBRemote,2
daytrader,15,seed15_solution083,com.ibm.websphere.samples.daytrader.entities.AccountDataBean,com.ibm.websphere.samples.daytrader.entities.AccountDataBean,4
daytrader,15,seed15_solution083,com.ibm.websphere.samples.daytrader.entities.AccountProfileDataBean,com.ibm.websphere.samples.daytrader.entities.AccountProfileDataBean,2
daytrader,15,seed15_solution083,com.ibm.websphere.samples.daytrader.entities.HoldingDataBean,com.ibm.websphere.samples.daytrader.entities.HoldingDataBean,4
daytrader,15,seed15_solution083,com.ibm.websphere.samples.daytrader.entities.OrderDataBean,com.ibm.websphere.samples.daytrader.entities.OrderDataBean,2
daytrader,15,seed15_solution083,com.ibm.websphere.samples.daytrader.entities.QuoteDataBean,com.ibm.websphere.samples.daytrader.entities.QuoteDataBean,2
daytrader,15,seed15_solution083,com.ibm.websphere.samples.daytrader.util.CompleteOrderThread,com.ibm.websphere.samples.daytrader.util.CompleteOrderThread,2
daytrader,15,seed15_solution083,com.ibm.websphere.samples.daytrader.util.FinancialUtils,com.ibm.websphere.samples.daytrader.util.FinancialUtils,1
daytrader,15,seed15_solution083,com.ibm.websphere.samples.daytrader.util.KeyBlock,com.ibm.websphere.samples.daytrader.util.KeyBlock,2
daytrader,15,seed15_solution083,com.ibm.websphere.samples.daytrader.util.KeyBlock$KeyBlockIterator,com.ibm.websphere.samples.daytrader.util.KeyBlock$KeyBlockIterator,2
daytrader,15,seed15_solution083,com.ibm.websphere.samples.daytrader.util.Log,com.ibm.websphere.samples.daytrader.util.Log,3
daytrader,15,seed15_solution083,com.ibm.websphere.samples.daytrader.util.MDBStats,com.ibm.websphere.samples.daytrader.util.MDBStats,0
daytrader,15,seed15_solution083,com.ibm.websphere.samples.daytrader.util.TimerStat,com.ibm.websphere.samples.daytrader.util.TimerStat,0
daytrader,15,seed15_solution083,com.ibm.websphere.samples.daytrader.util.TradeConfig,com.ibm.websphere.samples.daytrader.util.TradeConfig,4
daytrader,15,seed15_solution083,com.ibm.websphere.samples.daytrader.util.WebSocketJMSMessage,com.ibm.websphere.samples.daytrader.util.WebSocketJMSMessage,6
daytrader,15,seed15_solution083,com.ibm.websphere.samples.daytrader.web.OrdersAlertFilter,com.ibm.websphere.samples.daytrader.web.OrdersAlertFilter,1
daytrader,15,seed15_solution083,com.ibm.websphere.samples.daytrader.web.TradeAppServlet,com.ibm.websphere.samples.daytrader.web.TradeAppServlet,5
daytrader,15,seed15_solution083,com.ibm.websphere.samples.daytrader.web.TradeServletAction,com.ibm.websphere.samples.daytrader.web.TradeServletAction,1
daytrader,15,seed15_solution083,com.ibm.websphere.samples.daytrader.web.TradeWebContextListener,com.ibm.websphere.samples.daytrader.web.TradeWebContextListener,5
daytrader,15,seed15_solution083,com.ibm.websphere.samples.daytrader.web.jsf.AccountDataJSF,com.ibm.websphere.samples.daytrader.web.jsf.AccountDataJSF,2
daytrader,15,seed15_solution083,com.ibm.websphere.samples.daytrader.web.jsf.ExternalContextProducer,com.ibm.websphere.samples.daytrader.web.jsf.ExternalContextProducer,1
daytrader,15,seed15_solution083,com.ibm.websphere.samples.daytrader.web.jsf.HoldingData,com.ibm.websphere.samples.daytrader.web.jsf.HoldingData,6
daytrader,15,seed15_solution083,com.ibm.websphere.samples.daytrader.web.jsf.JSFLoginFilter,com.ibm.websphere.samples.daytrader.web.jsf.JSFLoginFilter,6
daytrader,15,seed15_solution083,com.ibm.websphere.samples.daytrader.web.jsf.LoginValidator,com.ibm.websphere.samples.daytrader.web.jsf.LoginValidator,2
daytrader,15,seed15_solution083,com.ibm.websphere.samples.daytrader.web.jsf.MarketSummaryJSF,com.ibm.websphere.samples.daytrader.web.jsf.MarketSummaryJSF,0
daytrader,15,seed15_solution083,com.ibm.websphere.samples.daytrader.web.jsf.OrderData,com.ibm.websphere.samples.daytrader.web.jsf.OrderData,4
daytrader,15,seed15_solution083,com.ibm.websphere.samples.daytrader.web.jsf.OrderDataJSF,com.ibm.websphere.samples.daytrader.web.jsf.OrderDataJSF,4
daytrader,15,seed15_solution083,com.ibm.websphere.samples.daytrader.web.jsf.PortfolioJSF,com.ibm.websphere.samples.daytrader.web.jsf.PortfolioJSF,1
daytrader,15,seed15_solution083,com.ibm.websphere.samples.daytrader.web.jsf.QuoteData,com.ibm.websphere.samples.daytrader.web.jsf.QuoteData,5
daytrader,15,seed15_solution083,com.ibm.websphere.samples.daytrader.web.jsf.QuoteJSF,com.ibm.websphere.samples.daytrader.web.jsf.QuoteJSF,1
daytrader,15,seed15_solution083,com.ibm.websphere.samples.daytrader.web.jsf.TradeActionProducer,com.ibm.websphere.samples.daytrader.web.jsf.TradeActionProducer,1
daytrader,15,seed15_solution083,com.ibm.websphere.samples.daytrader.web.jsf.TradeAppJSF,com.ibm.websphere.samples.daytrader.web.jsf.TradeAppJSF,1
daytrader,15,seed15_solution083,com.ibm.websphere.samples.daytrader.web.jsf.TradeConfigJSF,com.ibm.websphere.samples.daytrader.web.jsf.TradeConfigJSF,4
daytrader,15,seed15_solution083,com.ibm.websphere.samples.daytrader.web.websocket.ActionDecoder,com.ibm.websphere.samples.daytrader.web.websocket.ActionDecoder,5
daytrader,15,seed15_solution083,com.ibm.websphere.samples.daytrader.web.websocket.ActionMessage,com.ibm.websphere.samples.daytrader.web.websocket.ActionMessage,5
daytrader,15,seed15_solution083,com.ibm.websphere.samples.daytrader.web.websocket.ActionMessage$1,com.ibm.websphere.samples.daytrader.web.websocket.ActionMessage$1,5
daytrader,15,seed15_solution083,com.ibm.websphere.samples.daytrader.web.websocket.JsonDecoder,com.ibm.websphere.samples.daytrader.web.websocket.JsonDecoder,5
daytrader,15,seed15_solution083,com.ibm.websphere.samples.daytrader.web.websocket.JsonEncoder,com.ibm.websphere.samples.daytrader.web.websocket.JsonEncoder,1
daytrader,15,seed15_solution083,com.ibm.websphere.samples.daytrader.web.websocket.JsonMessage,com.ibm.websphere.samples.daytrader.web.websocket.JsonMessage,6
daytrader,15,seed15_solution083,com.ibm.websphere.samples.daytrader.web.websocket.MarketSummaryWebSocket,com.ibm.websphere.samples.daytrader.web.websocket.MarketSummaryWebSocket,0
daytrader,15,seed15_solution083,com.ibm.websphere.samples.daytrader.web.websocket.RecentStockChangeList,com.ibm.websphere.samples.daytrader.web.websocket.RecentStockChangeList,4
daytrader,15,seed15_solution084,com.ibm.websphere.samples.daytrader.TradeAction,com.ibm.websphere.samples.daytrader.TradeAction,0
daytrader,15,seed15_solution084,com.ibm.websphere.samples.daytrader.TradeServices,com.ibm.websphere.samples.daytrader.TradeServices,1
daytrader,15,seed15_solution084,com.ibm.websphere.samples.daytrader.beans.MarketSummaryDataBean,com.ibm.websphere.samples.daytrader.beans.MarketSummaryDataBean,2
daytrader,15,seed15_solution084,com.ibm.websphere.samples.daytrader.beans.RunStatsDataBean,com.ibm.websphere.samples.daytrader.beans.RunStatsDataBean,0
daytrader,15,seed15_solution084,com.ibm.websphere.samples.daytrader.direct.KeySequenceDirect,com.ibm.websphere.samples.daytrader.direct.KeySequenceDirect,3
daytrader,15,seed15_solution084,com.ibm.websphere.samples.daytrader.direct.TradeDirect,com.ibm.websphere.samples.daytrader.direct.TradeDirect,4
daytrader,15,seed15_solution084,com.ibm.websphere.samples.daytrader.ejb3.DTBroker3MDB,com.ibm.websphere.samples.daytrader.ejb3.DTBroker3MDB,4
daytrader,15,seed15_solution084,com.ibm.websphere.samples.daytrader.ejb3.DTStreamer3MDB,com.ibm.websphere.samples.daytrader.ejb3.DTStreamer3MDB,2
daytrader,15,seed15_solution084,com.ibm.websphere.samples.daytrader.ejb3.MarketSummarySingleton,com.ibm.websphere.samples.daytrader.ejb3.MarketSummarySingleton,5
daytrader,15,seed15_solution084,com.ibm.websphere.samples.daytrader.ejb3.TradeSLSBBean,com.ibm.websphere.samples.daytrader.ejb3.TradeSLSBBean,3
daytrader,15,seed15_solution084,com.ibm.websphere.samples.daytrader.ejb3.TradeSLSBBean$quotePriceComparator,com.ibm.websphere.samples.daytrader.ejb3.TradeSLSBBean$quotePriceComparator,1
daytrader,15,seed15_solution084,com.ibm.websphere.samples.daytrader.ejb3.TradeSLSBLocal,com.ibm.websphere.samples.daytrader.ejb3.TradeSLSBLocal,3
daytrader,15,seed15_solution084,com.ibm.websphere.samples.daytrader.ejb3.TradeSLSBRemote,com.ibm.websphere.samples.daytrader.ejb3.TradeSLSBRemote,2
daytrader,15,seed15_solution084,com.ibm.websphere.samples.daytrader.entities.AccountDataBean,com.ibm.websphere.samples.daytrader.entities.AccountDataBean,4
daytrader,15,seed15_solution084,com.ibm.websphere.samples.daytrader.entities.AccountProfileDataBean,com.ibm.websphere.samples.daytrader.entities.AccountProfileDataBean,4
daytrader,15,seed15_solution084,com.ibm.websphere.samples.daytrader.entities.HoldingDataBean,com.ibm.websphere.samples.daytrader.entities.HoldingDataBean,4
daytrader,15,seed15_solution084,com.ibm.websphere.samples.daytrader.entities.OrderDataBean,com.ibm.websphere.samples.daytrader.entities.OrderDataBean,3
daytrader,15,seed15_solution084,com.ibm.websphere.samples.daytrader.entities.QuoteDataBean,com.ibm.websphere.samples.daytrader.entities.QuoteDataBean,0
daytrader,15,seed15_solution084,com.ibm.websphere.samples.daytrader.util.CompleteOrderThread,com.ibm.websphere.samples.daytrader.util.CompleteOrderThread,5
daytrader,15,seed15_solution084,com.ibm.websphere.samples.daytrader.util.FinancialUtils,com.ibm.websphere.samples.daytrader.util.FinancialUtils,2
daytrader,15,seed15_solution084,com.ibm.websphere.samples.daytrader.util.KeyBlock,com.ibm.websphere.samples.daytrader.util.KeyBlock,0
daytrader,15,seed15_solution084,com.ibm.websphere.samples.daytrader.util.KeyBlock$KeyBlockIterator,com.ibm.websphere.samples.daytrader.util.KeyBlock$KeyBlockIterator,1
daytrader,15,seed15_solution084,com.ibm.websphere.samples.daytrader.util.Log,com.ibm.websphere.samples.daytrader.util.Log,4
daytrader,15,seed15_solution084,com.ibm.websphere.samples.daytrader.util.MDBStats,com.ibm.websphere.samples.daytrader.util.MDBStats,0
daytrader,15,seed15_solution084,com.ibm.websphere.samples.daytrader.util.TimerStat,com.ibm.websphere.samples.daytrader.util.TimerStat,3
daytrader,15,seed15_solution084,com.ibm.websphere.samples.daytrader.util.TradeConfig,com.ibm.websphere.samples.daytrader.util.TradeConfig,5
daytrader,15,seed15_solution084,com.ibm.websphere.samples.daytrader.util.WebSocketJMSMessage,com.ibm.websphere.samples.daytrader.util.WebSocketJMSMessage,6
daytrader,15,seed15_solution084,com.ibm.websphere.samples.daytrader.web.OrdersAlertFilter,com.ibm.websphere.samples.daytrader.web.OrdersAlertFilter,1
daytrader,15,seed15_solution084,com.ibm.websphere.samples.daytrader.web.TradeAppServlet,com.ibm.websphere.samples.daytrader.web.TradeAppServlet,6
daytrader,15,seed15_solution084,com.ibm.websphere.samples.daytrader.web.TradeServletAction,com.ibm.websphere.samples.daytrader.web.TradeServletAction,0
daytrader,15,seed15_solution084,com.ibm.websphere.samples.daytrader.web.TradeWebContextListener,com.ibm.websphere.samples.daytrader.web.TradeWebContextListener,5
daytrader,15,seed15_solution084,com.ibm.websphere.samples.daytrader.web.jsf.AccountDataJSF,com.ibm.websphere.samples.daytrader.web.jsf.AccountDataJSF,0
daytrader,15,seed15_solution084,com.ibm.websphere.samples.daytrader.web.jsf.ExternalContextProducer,com.ibm.websphere.samples.daytrader.web.jsf.ExternalContextProducer,5
daytrader,15,seed15_solution084,com.ibm.websphere.samples.daytrader.web.jsf.HoldingData,com.ibm.websphere.samples.daytrader.web.jsf.HoldingData,1
daytrader,15,seed15_solution084,com.ibm.websphere.samples.daytrader.web.jsf.JSFLoginFilter,com.ibm.websphere.samples.daytrader.web.jsf.JSFLoginFilter,1
daytrader,15,seed15_solution084,com.ibm.websphere.samples.daytrader.web.jsf.LoginValidator,com.ibm.websphere.samples.daytrader.web.jsf.LoginValidator,2
daytrader,15,seed15_solution084,com.ibm.websphere.samples.daytrader.web.jsf.MarketSummaryJSF,com.ibm.websphere.samples.daytrader.web.jsf.MarketSummaryJSF,3
daytrader,15,seed15_solution084,com.ibm.websphere.samples.daytrader.web.jsf.OrderData,com.ibm.websphere.samples.daytrader.web.jsf.OrderData,2
daytrader,15,seed15_solution084,com.ibm.websphere.samples.daytrader.web.jsf.OrderDataJSF,com.ibm.websphere.samples.daytrader.web.jsf.OrderDataJSF,1
daytrader,15,seed15_solution084,com.ibm.websphere.samples.daytrader.web.jsf.PortfolioJSF,com.ibm.websphere.samples.daytrader.web.jsf.PortfolioJSF,3
daytrader,15,seed15_solution084,com.ibm.websphere.samples.daytrader.web.jsf.QuoteData,com.ibm.websphere.samples.daytrader.web.jsf.QuoteData,6
daytrader,15,seed15_solution084,com.ibm.websphere.samples.daytrader.web.jsf.QuoteJSF,com.ibm.websphere.samples.daytrader.web.jsf.QuoteJSF,3
daytrader,15,seed15_solution084,com.ibm.websphere.samples.daytrader.web.jsf.TradeActionProducer,com.ibm.websphere.samples.daytrader.web.jsf.TradeActionProducer,3
daytrader,15,seed15_solution084,com.ibm.websphere.samples.daytrader.web.jsf.TradeAppJSF,com.ibm.websphere.samples.daytrader.web.jsf.TradeAppJSF,6
daytrader,15,seed15_solution084,com.ibm.websphere.samples.daytrader.web.jsf.TradeConfigJSF,com.ibm.websphere.samples.daytrader.web.jsf.TradeConfigJSF,5
daytrader,15,seed15_solution084,com.ibm.websphere.samples.daytrader.web.websocket.ActionDecoder,com.ibm.websphere.samples.daytrader.web.websocket.ActionDecoder,6
daytrader,15,seed15_solution084,com.ibm.websphere.samples.daytrader.web.websocket.ActionMessage,com.ibm.websphere.samples.daytrader.web.websocket.ActionMessage,6
daytrader,15,seed15_solution084,com.ibm.websphere.samples.daytrader.web.websocket.ActionMessage$1,com.ibm.websphere.samples.daytrader.web.websocket.ActionMessage$1,5
daytrader,15,seed15_solution084,com.ibm.websphere.samples.daytrader.web.websocket.JsonDecoder,com.ibm.websphere.samples.daytrader.web.websocket.JsonDecoder,2
daytrader,15,seed15_solution084,com.ibm.websphere.samples.daytrader.web.websocket.JsonEncoder,com.ibm.websphere.samples.daytrader.web.websocket.JsonEncoder,5
daytrader,15,seed15_solution084,com.ibm.websphere.samples.daytrader.web.websocket.JsonMessage,com.ibm.websphere.samples.daytrader.web.websocket.JsonMessage,6
daytrader,15,seed15_solution084,com.ibm.websphere.samples.daytrader.web.websocket.MarketSummaryWebSocket,com.ibm.websphere.samples.daytrader.web.websocket.MarketSummaryWebSocket,5
daytrader,15,seed15_solution084,com.ibm.websphere.samples.daytrader.web.websocket.RecentStockChangeList,com.ibm.websphere.samples.daytrader.web.websocket.RecentStockChangeList,2
daytrader,15,seed15_solution085,com.ibm.websphere.samples.daytrader.TradeAction,com.ibm.websphere.samples.daytrader.TradeAction,0
daytrader,15,seed15_solution085,com.ibm.websphere.samples.daytrader.TradeServices,com.ibm.websphere.samples.daytrader.TradeServices,0
daytrader,15,seed15_solution085,com.ibm.websphere.samples.daytrader.beans.MarketSummaryDataBean,com.ibm.websphere.samples.daytrader.beans.MarketSummaryDataBean,0
daytrader,15,seed15_solution085,com.ibm.websphere.samples.daytrader.beans.RunStatsDataBean,com.ibm.websphere.samples.daytrader.beans.RunStatsDataBean,1
daytrader,15,seed15_solution085,com.ibm.websphere.samples.daytrader.direct.KeySequenceDirect,com.ibm.websphere.samples.daytrader.direct.KeySequenceDirect,0
daytrader,15,seed15_solution085,com.ibm.websphere.samples.daytrader.direct.TradeDirect,com.ibm.websphere.samples.daytrader.direct.TradeDirect,2
daytrader,15,seed15_solution085,com.ibm.websphere.samples.daytrader.ejb3.DTBroker3MDB,com.ibm.websphere.samples.daytrader.ejb3.DTBroker3MDB,1
daytrader,15,seed15_solution085,com.ibm.websphere.samples.daytrader.ejb3.DTStreamer3MDB,com.ibm.websphere.samples.daytrader.ejb3.DTStreamer3MDB,3
daytrader,15,seed15_solution085,com.ibm.websphere.samples.daytrader.ejb3.MarketSummarySingleton,com.ibm.websphere.samples.daytrader.ejb3.MarketSummarySingleton,0
daytrader,15,seed15_solution085,com.ibm.websphere.samples.daytrader.ejb3.TradeSLSBBean,com.ibm.websphere.samples.daytrader.ejb3.TradeSLSBBean,1
daytrader,15,seed15_solution085,com.ibm.websphere.samples.daytrader.ejb3.TradeSLSBBean$quotePriceComparator,com.ibm.websphere.samples.daytrader.ejb3.TradeSLSBBean$quotePriceComparator,4
daytrader,15,seed15_solution085,com.ibm.websphere.samples.daytrader.ejb3.TradeSLSBLocal,com.ibm.websphere.samples.daytrader.ejb3.TradeSLSBLocal,4
daytrader,15,seed15_solution085,com.ibm.websphere.samples.daytrader.ejb3.TradeSLSBRemote,com.ibm.websphere.samples.daytrader.ejb3.TradeSLSBRemote,0
daytrader,15,seed15_solution085,com.ibm.websphere.samples.daytrader.entities.AccountDataBean,com.ibm.websphere.samples.daytrader.entities.AccountDataBean,0
daytrader,15,seed15_solution085,com.ibm.websphere.samples.daytrader.entities.AccountProfileDataBean,com.ibm.websphere.samples.daytrader.entities.AccountProfileDataBean,1
daytrader,15,seed15_solution085,com.ibm.websphere.samples.daytrader.entities.HoldingDataBean,com.ibm.websphere.samples.daytrader.entities.HoldingDataBean,0
daytrader,15,seed15_solution085,com.ibm.websphere.samples.daytrader.entities.OrderDataBean,com.ibm.websphere.samples.daytrader.entities.OrderDataBean,5
daytrader,15,seed15_solution085,com.ibm.websphere.samples.daytrader.entities.QuoteDataBean,com.ibm.websphere.samples.daytrader.entities.QuoteDataBean,0
daytrader,15,seed15_solution085,com.ibm.websphere.samples.daytrader.util.CompleteOrderThread,com.ibm.websphere.samples.daytrader.util.CompleteOrderThread,0
daytrader,15,seed15_solution085,com.ibm.websphere.samples.daytrader.util.FinancialUtils,com.ibm.websphere.samples.daytrader.util.FinancialUtils,3
daytrader,15,seed15_solution085,com.ibm.websphere.samples.daytrader.util.KeyBlock,com.ibm.websphere.samples.daytrader.util.KeyBlock,3
daytrader,15,seed15_solution085,com.ibm.websphere.samples.daytrader.util.KeyBlock$KeyBlockIterator,com.ibm.websphere.samples.daytrader.util.KeyBlock$KeyBlockIterator,0
daytrader,15,seed15_solution085,com.ibm.websphere.samples.daytrader.util.Log,com.ibm.websphere.samples.daytrader.util.Log,2
daytrader,15,seed15_solution085,com.ibm.websphere.samples.daytrader.util.MDBStats,com.ibm.websphere.samples.daytrader.util.MDBStats,0
daytrader,15,seed15_solution085,com.ibm.websphere.samples.daytrader.util.TimerStat,com.ibm.websphere.samples.daytrader.util.TimerStat,3
daytrader,15,seed15_solution085,com.ibm.websphere.samples.daytrader.util.TradeConfig,com.ibm.websphere.samples.daytrader.util.TradeConfig,6
daytrader,15,seed15_solution085,com.ibm.websphere.samples.daytrader.util.WebSocketJMSMessage,com.ibm.websphere.samples.daytrader.util.WebSocketJMSMessage,4
daytrader,15,seed15_solution085,com.ibm.websphere.samples.daytrader.web.OrdersAlertFilter,com.ibm.websphere.samples.daytrader.web.OrdersAlertFilter,1
daytrader,15,seed15_solution085,com.ibm.websphere.samples.daytrader.web.TradeAppServlet,com.ibm.websphere.samples.daytrader.web.TradeAppServlet,3
daytrader,15,seed15_solution085,com.ibm.websphere.samples.daytrader.web.TradeServletAction,com.ibm.websphere.samples.daytrader.web.TradeServletAction,0
daytrader,15,seed15_solution085,com.ibm.websphere.samples.daytrader.web.TradeWebContextListener,com.ibm.websphere.samples.daytrader.web.TradeWebContextListener,3
daytrader,15,seed15_solution085,com.ibm.websphere.samples.daytrader.web.jsf.AccountDataJSF,com.ibm.websphere.samples.daytrader.web.jsf.AccountDataJSF,0
daytrader,15,seed15_solution085,com.ibm.websphere.samples.daytrader.web.jsf.ExternalContextProducer,com.ibm.websphere.samples.daytrader.web.jsf.ExternalContextProducer,6
daytrader,15,seed15_solution085,com.ibm.websphere.samples.daytrader.web.jsf.HoldingData,com.ibm.websphere.samples.daytrader.web.jsf.HoldingData,5
daytrader,15,seed15_solution085,com.ibm.websphere.samples.daytrader.web.jsf.JSFLoginFilter,com.ibm.websphere.samples.daytrader.web.jsf.JSFLoginFilter,5
daytrader,15,seed15_solution085,com.ibm.websphere.samples.daytrader.web.jsf.LoginValidator,com.ibm.websphere.samples.daytrader.web.jsf.LoginValidator,3
daytrader,15,seed15_solution085,com.ibm.websphere.samples.daytrader.web.jsf.MarketSummaryJSF,com.ibm.websphere.samples.daytrader.web.jsf.MarketSummaryJSF,3
daytrader,15,seed15_solution085,com.ibm.websphere.samples.daytrader.web.jsf.OrderData,com.ibm.websphere.samples.daytrader.web.jsf.OrderData,4
daytrader,15,seed15_solution085,com.ibm.websphere.samples.daytrader.web.jsf.OrderDataJSF,com.ibm.websphere.samples.daytrader.web.jsf.OrderDataJSF,4
daytrader,15,seed15_solution085,com.ibm.websphere.samples.daytrader.web.jsf.PortfolioJSF,com.ibm.websphere.samples.daytrader.web.jsf.PortfolioJSF,1
daytrader,15,seed15_solution085,com.ibm.websphere.samples.daytrader.web.jsf.QuoteData,com.ibm.websphere.samples.daytrader.web.jsf.QuoteData,4
daytrader,15,seed15_solution085,com.ibm.websphere.samples.daytrader.web.jsf.QuoteJSF,com.ibm.websphere.samples.daytrader.web.jsf.QuoteJSF,3
daytrader,15,seed15_solution085,com.ibm.websphere.samples.daytrader.web.jsf.TradeActionProducer,com.ibm.websphere.samples.daytrader.web.jsf.TradeActionProducer,5
daytrader,15,seed15_solution085,com.ibm.websphere.samples.daytrader.web.jsf.TradeAppJSF,com.ibm.websphere.samples.daytrader.web.jsf.TradeAppJSF,5
daytrader,15,seed15_solution085,com.ibm.websphere.samples.daytrader.web.jsf.TradeConfigJSF,com.ibm.websphere.samples.daytrader.web.jsf.TradeConfigJSF,6
daytrader,15,seed15_solution085,com.ibm.websphere.samples.daytrader.web.websocket.ActionDecoder,com.ibm.websphere.samples.daytrader.web.websocket.ActionDecoder,5
daytrader,15,seed15_solution085,com.ibm.websphere.samples.daytrader.web.websocket.ActionMessage,com.ibm.websphere.samples.daytrader.web.websocket.ActionMessage,5
daytrader,15,seed15_solution085,com.ibm.websphere.samples.daytrader.web.websocket.ActionMessage$1,com.ibm.websphere.samples.daytrader.web.websocket.ActionMessage$1,1
daytrader,15,seed15_solution085,com.ibm.websphere.samples.daytrader.web.websocket.JsonDecoder,com.ibm.websphere.samples.daytrader.web.websocket.JsonDecoder,5
daytrader,15,seed15_solution085,com.ibm.websphere.samples.daytrader.web.websocket.JsonEncoder,com.ibm.websphere.samples.daytrader.web.websocket.JsonEncoder,4
daytrader,15,seed15_solution085,com.ibm.websphere.samples.daytrader.web.websocket.JsonMessage,com.ibm.websphere.samples.daytrader.web.websocket.JsonMessage,1
daytrader,15,seed15_solution085,com.ibm.websphere.samples.daytrader.web.websocket.MarketSummaryWebSocket,com.ibm.websphere.samples.daytrader.web.websocket.MarketSummaryWebSocket,4
daytrader,15,seed15_solution085,com.ibm.websphere.samples.daytrader.web.websocket.RecentStockChangeList,com.ibm.websphere.samples.daytrader.web.websocket.RecentStockChangeList,6
daytrader,15,seed15_solution086,com.ibm.websphere.samples.daytrader.TradeAction,com.ibm.websphere.samples.daytrader.TradeAction,0
daytrader,15,seed15_solution086,com.ibm.websphere.samples.daytrader.TradeServices,com.ibm.websphere.samples.daytrader.TradeServices,1
daytrader,15,seed15_solution086,com.ibm.websphere.samples.daytrader.beans.MarketSummaryDataBean,com.ibm.websphere.samples.daytrader.beans.MarketSummaryDataBean,0
daytrader,15,seed15_solution086,com.ibm.websphere.samples.daytrader.beans.RunStatsDataBean,com.ibm.websphere.samples.daytrader.beans.RunStatsDataBean,2
daytrader,15,seed15_solution086,com.ibm.websphere.samples.daytrader.direct.KeySequenceDirect,com.ibm.websphere.samples.daytrader.direct.KeySequenceDirect,1
daytrader,15,seed15_solution086,com.ibm.websphere.samples.daytrader.direct.TradeDirect,com.ibm.websphere.samples.daytrader.direct.TradeDirect,3
daytrader,15,seed15_solution086,com.ibm.websphere.samples.daytrader.ejb3.DTBroker3MDB,com.ibm.websphere.samples.daytrader.ejb3.DTBroker3MDB,4
daytrader,15,seed15_solution086,com.ibm.websphere.samples.daytrader.ejb3.DTStreamer3MDB,com.ibm.websphere.samples.daytrader.ejb3.DTStreamer3MDB,4
daytrader,15,seed15_solution086,com.ibm.websphere.samples.daytrader.ejb3.MarketSummarySingleton,com.ibm.websphere.samples.daytrader.ejb3.MarketSummarySingleton,0
daytrader,15,seed15_solution086,com.ibm.websphere.samples.daytrader.ejb3.TradeSLSBBean,com.ibm.websphere.samples.daytrader.ejb3.TradeSLSBBean,5
daytrader,15,seed15_solution086,com.ibm.websphere.samples.daytrader.ejb3.TradeSLSBBean$quotePriceComparator,com.ibm.websphere.samples.daytrader.ejb3.TradeSLSBBean$quotePriceComparator,5
daytrader,15,seed15_solution086,com.ibm.websphere.samples.daytrader.ejb3.TradeSLSBLocal,com.ibm.websphere.samples.daytrader.ejb3.TradeSLSBLocal,5
daytrader,15,seed15_solution086,com.ibm.websphere.samples.daytrader.ejb3.TradeSLSBRemote,com.ibm.websphere.samples.daytrader.ejb3.TradeSLSBRemote,0
daytrader,15,seed15_solution086,com.ibm.websphere.samples.daytrader.entities.AccountDataBean,com.ibm.websphere.samples.daytrader.entities.AccountDataBean,0
daytrader,15,seed15_solution086,com.ibm.websphere.samples.daytrader.entities.AccountProfileDataBean,com.ibm.websphere.samples.daytrader.entities.AccountProfileDataBean,0
daytrader,15,seed15_solution086,com.ibm.websphere.samples.daytrader.entities.HoldingDataBean,com.ibm.websphere.samples.daytrader.entities.HoldingDataBean,2
daytrader,15,seed15_solution086,com.ibm.websphere.samples.daytrader.entities.OrderDataBean,com.ibm.websphere.samples.daytrader.entities.OrderDataBean,0
daytrader,15,seed15_solution086,com.ibm.websphere.samples.daytrader.entities.QuoteDataBean,com.ibm.websphere.samples.daytrader.entities.QuoteDataBean,0
daytrader,15,seed15_solution086,com.ibm.websphere.samples.daytrader.util.CompleteOrderThread,com.ibm.websphere.samples.daytrader.util.CompleteOrderThread,0
daytrader,15,seed15_solution086,com.ibm.websphere.samples.daytrader.util.FinancialUtils,com.ibm.websphere.samples.daytrader.util.FinancialUtils,1
daytrader,15,seed15_solution086,com.ibm.websphere.samples.daytrader.util.KeyBlock,com.ibm.websphere.samples.daytrader.util.KeyBlock,1
daytrader,15,seed15_solution086,com.ibm.websphere.samples.daytrader.util.KeyBlock$KeyBlockIterator,com.ibm.websphere.samples.daytrader.util.KeyBlock$KeyBlockIterator,0
daytrader,15,seed15_solution086,com.ibm.websphere.samples.daytrader.util.Log,com.ibm.websphere.samples.daytrader.util.Log,3
daytrader,15,seed15_solution086,com.ibm.websphere.samples.daytrader.util.MDBStats,com.ibm.websphere.samples.daytrader.util.MDBStats,1
daytrader,15,seed15_solution086,com.ibm.websphere.samples.daytrader.util.TimerStat,com.ibm.websphere.samples.daytrader.util.TimerStat,5
daytrader,15,seed15_solution086,com.ibm.websphere.samples.daytrader.util.TradeConfig,com.ibm.websphere.samples.daytrader.util.TradeConfig,0
daytrader,15,seed15_solution086,com.ibm.websphere.samples.daytrader.util.WebSocketJMSMessage,com.ibm.websphere.samples.daytrader.util.WebSocketJMSMessage,1
daytrader,15,seed15_solution086,com.ibm.websphere.samples.daytrader.web.OrdersAlertFilter,com.ibm.websphere.samples.daytrader.web.OrdersAlertFilter,5
daytrader,15,seed15_solution086,com.ibm.websphere.samples.daytrader.web.TradeAppServlet,com.ibm.websphere.samples.daytrader.web.TradeAppServlet,4
daytrader,15,seed15_solution086,com.ibm.websphere.samples.daytrader.web.TradeServletAction,com.ibm.websphere.samples.daytrader.web.TradeServletAction,1
daytrader,15,seed15_solution086,com.ibm.websphere.samples.daytrader.web.TradeWebContextListener,com.ibm.websphere.samples.daytrader.web.TradeWebContextListener,4
daytrader,15,seed15_solution086,com.ibm.websphere.samples.daytrader.web.jsf.AccountDataJSF,com.ibm.websphere.samples.daytrader.web.jsf.AccountDataJSF,0
daytrader,15,seed15_solution086,com.ibm.websphere.samples.daytrader.web.jsf.ExternalContextProducer,com.ibm.websphere.samples.daytrader.web.jsf.ExternalContextProducer,1
daytrader,15,seed15_solution086,com.ibm.websphere.samples.daytrader.web.jsf.HoldingData,com.ibm.websphere.samples.daytrader.web.jsf.HoldingData,1
daytrader,15,seed15_solution086,com.ibm.websphere.samples.daytrader.web.jsf.JSFLoginFilter,com.ibm.websphere.samples.daytrader.web.jsf.JSFLoginFilter,4
daytrader,15,seed15_solution086,com.ibm.websphere.samples.daytrader.web.jsf.LoginValidator,com.ibm.websphere.samples.daytrader.web.jsf.LoginValidator,3
daytrader,15,seed15_solution086,com.ibm.websphere.samples.daytrader.web.jsf.MarketSummaryJSF,com.ibm.websphere.samples.daytrader.web.jsf.MarketSummaryJSF,1
daytrader,15,seed15_solution086,com.ibm.websphere.samples.daytrader.web.jsf.OrderData,com.ibm.websphere.samples.daytrader.web.jsf.OrderData,4
daytrader,15,seed15_solution086,com.ibm.websphere.samples.daytrader.web.jsf.OrderDataJSF,com.ibm.websphere.samples.daytrader.web.jsf.OrderDataJSF,5
daytrader,15,seed15_solution086,com.ibm.websphere.samples.daytrader.web.jsf.PortfolioJSF,com.ibm.websphere.samples.daytrader.web.jsf.PortfolioJSF,1
daytrader,15,seed15_solution086,com.ibm.websphere.samples.daytrader.web.jsf.QuoteData,com.ibm.websphere.samples.daytrader.web.jsf.QuoteData,2
daytrader,15,seed15_solution086,com.ibm.websphere.samples.daytrader.web.jsf.QuoteJSF,com.ibm.websphere.samples.daytrader.web.jsf.QuoteJSF,1
daytrader,15,seed15_solution086,com.ibm.websphere.samples.daytrader.web.jsf.TradeActionProducer,com.ibm.websphere.samples.daytrader.web.jsf.TradeActionProducer,0
daytrader,15,seed15_solution086,com.ibm.websphere.samples.daytrader.web.jsf.TradeAppJSF,com.ibm.websphere.samples.daytrader.web.jsf.TradeAppJSF,2
daytrader,15,seed15_solution086,com.ibm.websphere.samples.daytrader.web.jsf.TradeConfigJSF,com.ibm.websphere.samples.daytrader.web.jsf.TradeConfigJSF,4
daytrader,15,seed15_solution086,com.ibm.websphere.samples.daytrader.web.websocket.ActionDecoder,com.ibm.websphere.samples.daytrader.web.websocket.ActionDecoder,1
daytrader,15,seed15_solution086,com.ibm.websphere.samples.daytrader.web.websocket.ActionMessage,com.ibm.websphere.samples.daytrader.web.websocket.ActionMessage,5
daytrader,15,seed15_solution086,com.ibm.websphere.samples.daytrader.web.websocket.ActionMessage$1,com.ibm.websphere.samples.daytrader.web.websocket.ActionMessage$1,5
daytrader,15,seed15_solution086,com.ibm.websphere.samples.daytrader.web.websocket.JsonDecoder,com.ibm.websphere.samples.daytrader.web.websocket.JsonDecoder,4
daytrader,15,seed15_solution086,com.ibm.websphere.samples.daytrader.web.websocket.JsonEncoder,com.ibm.websphere.samples.daytrader.web.websocket.JsonEncoder,5
daytrader,15,seed15_solution086,com.ibm.websphere.samples.daytrader.web.websocket.JsonMessage,com.ibm.websphere.samples.daytrader.web.websocket.JsonMessage,5
daytrader,15,seed15_solution086,com.ibm.websphere.samples.daytrader.web.websocket.MarketSummaryWebSocket,com.ibm.websphere.samples.daytrader.web.websocket.MarketSummaryWebSocket,1
daytrader,15,seed15_solution086,com.ibm.websphere.samples.daytrader.web.websocket.RecentStockChangeList,com.ibm.websphere.samples.daytrader.web.websocket.RecentStockChangeList,4
daytrader,15,seed15_solution087,com.ibm.websphere.samples.daytrader.TradeAction,com.ibm.websphere.samples.daytrader.TradeAction,0
daytrader,15,seed15_solution087,com.ibm.websphere.samples.daytrader.TradeServices,com.ibm.websphere.samples.daytrader.TradeServices,1
daytrader,15,seed15_solution087,com.ibm.websphere.samples.daytrader.beans.MarketSummaryDataBean,com.ibm.websphere.samples.daytrader.beans.MarketSummaryDataBean,1
daytrader,15,seed15_solution087,com.ibm.websphere.samples.daytrader.beans.RunStatsDataBean,com.ibm.websphere.samples.daytrader.beans.RunStatsDataBean,1
daytrader,15,seed15_solution087,com.ibm.websphere.samples.daytrader.direct.KeySequenceDirect,com.ibm.websphere.samples.daytrader.direct.KeySequenceDirect,1
daytrader,15,seed15_solution087,com.ibm.websphere.samples.daytrader.direct.TradeDirect,com.ibm.websphere.samples.daytrader.direct.TradeDirect,2
daytrader,15,seed15_solution087,com.ibm.websphere.samples.daytrader.ejb3.DTBroker3MDB,com.ibm.websphere.samples.daytrader.ejb3.DTBroker3MDB,1
daytrader,15,seed15_solution087,com.ibm.websphere.samples.daytrader.ejb3.DTStreamer3MDB,com.ibm.websphere.samples.daytrader.ejb3.DTStreamer3MDB,1
daytrader,15,seed15_solution087,com.ibm.websphere.samples.daytrader.ejb3.MarketSummarySingleton,com.ibm.websphere.samples.daytrader.ejb3.MarketSummarySingleton,1
daytrader,15,seed15_solution087,com.ibm.websphere.samples.daytrader.ejb3.TradeSLSBBean,com.ibm.websphere.samples.daytrader.ejb3.TradeSLSBBean,1
daytrader,15,seed15_solution087,com.ibm.websphere.samples.daytrader.ejb3.TradeSLSBBean$quotePriceComparator,com.ibm.websphere.samples.daytrader.ejb3.TradeSLSBBean$quotePriceComparator,1
daytrader,15,seed15_solution087,com.ibm.websphere.samples.daytrader.ejb3.TradeSLSBLocal,com.ibm.websphere.samples.daytrader.ejb3.TradeSLSBLocal,3
daytrader,15,seed15_solution087,com.ibm.websphere.samples.daytrader.ejb3.TradeSLSBRemote,com.ibm.websphere.samples.daytrader.ejb3.TradeSLSBRemote,1
daytrader,15,seed15_solution087,com.ibm.websphere.samples.daytrader.entities.AccountDataBean,com.ibm.websphere.samples.daytrader.entities.AccountDataBean,0
daytrader,15,seed15_solution087,com.ibm.websphere.samples.daytrader.entities.AccountProfileDataBean,com.ibm.websphere.samples.daytrader.entities.AccountProfileDataBean,3
daytrader,15,seed15_solution087,com.ibm.websphere.samples.daytrader.entities.HoldingDataBean,com.ibm.websphere.samples.daytrader.entities.HoldingDataBean,1
daytrader,15,seed15_solution087,com.ibm.websphere.samples.daytrader.entities.OrderDataBean,com.ibm.websphere.samples.daytrader.entities.OrderDataBean,0
daytrader,15,seed15_solution087,com.ibm.websphere.samples.daytrader.entities.QuoteDataBean,com.ibm.websphere.samples.daytrader.entities.QuoteDataBean,0
daytrader,15,seed15_solution087,com.ibm.websphere.samples.daytrader.util.CompleteOrderThread,com.ibm.websphere.samples.daytrader.util.CompleteOrderThread,4
daytrader,15,seed15_solution087,com.ibm.websphere.samples.daytrader.util.FinancialUtils,com.ibm.websphere.samples.daytrader.util.FinancialUtils,4
daytrader,15,seed15_solution087,com.ibm.websphere.samples.daytrader.util.KeyBlock,com.ibm.websphere.samples.daytrader.util.KeyBlock,1
daytrader,15,seed15_solution087,com.ibm.websphere.samples.daytrader.util.KeyBlock$KeyBlockIterator,com.ibm.websphere.samples.daytrader.util.KeyBlock$KeyBlockIterator,0
daytrader,15,seed15_solution087,com.ibm.websphere.samples.daytrader.util.Log,com.ibm.websphere.samples.daytrader.util.Log,2
daytrader,15,seed15_solution087,com.ibm.websphere.samples.daytrader.util.MDBStats,com.ibm.websphere.samples.daytrader.util.MDBStats,0
daytrader,15,seed15_solution087,com.ibm.websphere.samples.daytrader.util.TimerStat,com.ibm.websphere.samples.daytrader.util.TimerStat,4
daytrader,15,seed15_solution087,com.ibm.websphere.samples.daytrader.util.TradeConfig,com.ibm.websphere.samples.daytrader.util.TradeConfig,4
daytrader,15,seed15_solution087,com.ibm.websphere.samples.daytrader.util.WebSocketJMSMessage,com.ibm.websphere.samples.daytrader.util.WebSocketJMSMessage,1
daytrader,15,seed15_solution087,com.ibm.websphere.samples.daytrader.web.OrdersAlertFilter,com.ibm.websphere.samples.daytrader.web.OrdersAlertFilter,1
daytrader,15,seed15_solution087,com.ibm.websphere.samples.daytrader.web.TradeAppServlet,com.ibm.websphere.samples.daytrader.web.TradeAppServlet,0
daytrader,15,seed15_solution087,com.ibm.websphere.samples.daytrader.web.TradeServletAction,com.ibm.websphere.samples.daytrader.web.TradeServletAction,0
daytrader,15,seed15_solution087,com.ibm.websphere.samples.daytrader.web.TradeWebContextListener,com.ibm.websphere.samples.daytrader.web.TradeWebContextListener,1
daytrader,15,seed15_solution087,com.ibm.websphere.samples.daytrader.web.jsf.AccountDataJSF,com.ibm.websphere.samples.daytrader.web.jsf.AccountDataJSF,0
daytrader,15,seed15_solution087,com.ibm.websphere.samples.daytrader.web.jsf.ExternalContextProducer,com.ibm.websphere.samples.daytrader.web.jsf.ExternalContextProducer,0
daytrader,15,seed15_solution087,com.ibm.websphere.samples.daytrader.web.jsf.HoldingData,com.ibm.websphere.samples.daytrader.web.jsf.HoldingData,0
daytrader,15,seed15_solution087,com.ibm.websphere.samples.daytrader.web.jsf.JSFLoginFilter,com.ibm.websphere.samples.daytrader.web.jsf.JSFLoginFilter,4
daytrader,15,seed15_solution087,com.ibm.websphere.samples.daytrader.web.jsf.LoginValidator,com.ibm.websphere.samples.daytrader.web.jsf.LoginValidator,4
daytrader,15,seed15_solution087,com.ibm.websphere.samples.daytrader.web.jsf.MarketSummaryJSF,com.ibm.websphere.samples.daytrader.web.jsf.MarketSummaryJSF,0
daytrader,15,seed15_solution087,com.ibm.websphere.samples.daytrader.web.jsf.OrderData,com.ibm.websphere.samples.daytrader.web.jsf.OrderData,3
daytrader,15,seed15_solution087,com.ibm.websphere.samples.daytrader.web.jsf.OrderDataJSF,com.ibm.websphere.samples.daytrader.web.jsf.OrderDataJSF,4
daytrader,15,seed15_solution087,com.ibm.websphere.samples.daytrader.web.jsf.PortfolioJSF,com.ibm.websphere.samples.daytrader.web.jsf.PortfolioJSF,1
daytrader,15,seed15_solution087,com.ibm.websphere.samples.daytrader.web.jsf.QuoteData,com.ibm.websphere.samples.daytrader.web.jsf.QuoteData,0
daytrader,15,seed15_solution087,com.ibm.websphere.samples.daytrader.web.jsf.QuoteJSF,com.ibm.websphere.samples.daytrader.web.jsf.QuoteJSF,1
daytrader,15,seed15_solution087,com.ibm.websphere.samples.daytrader.web.jsf.TradeActionProducer,com.ibm.websphere.samples.daytrader.web.jsf.TradeActionProducer,0
daytrader,15,seed15_solution087,com.ibm.websphere.samples.daytrader.web.jsf.TradeAppJSF,com.ibm.websphere.samples.daytrader.web.jsf.TradeAppJSF,4
daytrader,15,seed15_solution087,com.ibm.websphere.samples.daytrader.web.jsf.TradeConfigJSF,com.ibm.websphere.samples.daytrader.web.jsf.TradeConfigJSF,4
daytrader,15,seed15_solution087,com.ibm.websphere.samples.daytrader.web.websocket.ActionDecoder,com.ibm.websphere.samples.daytrader.web.websocket.ActionDecoder,4
daytrader,15,seed15_solution087,com.ibm.websphere.samples.daytrader.web.websocket.ActionMessage,com.ibm.websphere.samples.daytrader.web.websocket.ActionMessage,0
daytrader,15,seed15_solution087,com.ibm.websphere.samples.daytrader.web.websocket.ActionMessage$1,com.ibm.websphere.samples.daytrader.web.websocket.ActionMessage$1,0
daytrader,15,seed15_solution087,com.ibm.websphere.samples.daytrader.web.websocket.JsonDecoder,com.ibm.websphere.samples.daytrader.web.websocket.JsonDecoder,4
daytrader,15,seed15_solution087,com.ibm.websphere.samples.daytrader.web.websocket.JsonEncoder,com.ibm.websphere.samples.daytrader.web.websocket.JsonEncoder,1
daytrader,15,seed15_solution087,com.ibm.websphere.samples.daytrader.web.websocket.JsonMessage,com.ibm.websphere.samples.daytrader.web.websocket.JsonMessage,4
daytrader,15,seed15_solution087,com.ibm.websphere.samples.daytrader.web.websocket.MarketSummaryWebSocket,com.ibm.websphere.samples.daytrader.web.websocket.MarketSummaryWebSocket,4
daytrader,15,seed15_solution087,com.ibm.websphere.samples.daytrader.web.websocket.RecentStockChangeList,com.ibm.websphere.samples.daytrader.web.websocket.RecentStockChangeList,4
daytrader,15,seed15_solution088,com.ibm.websphere.samples.daytrader.TradeAction,com.ibm.websphere.samples.daytrader.TradeAction,0
daytrader,15,seed15_solution088,com.ibm.websphere.samples.daytrader.TradeServices,com.ibm.websphere.samples.daytrader.TradeServices,1
daytrader,15,seed15_solution088,com.ibm.websphere.samples.daytrader.beans.MarketSummaryDataBean,com.ibm.websphere.samples.daytrader.beans.MarketSummaryDataBean,2
daytrader,15,seed15_solution088,com.ibm.websphere.samples.daytrader.beans.RunStatsDataBean,com.ibm.websphere.samples.daytrader.beans.RunStatsDataBean,2
daytrader,15,seed15_solution088,com.ibm.websphere.samples.daytrader.direct.KeySequenceDirect,com.ibm.websphere.samples.daytrader.direct.KeySequenceDirect,1
daytrader,15,seed15_solution088,com.ibm.websphere.samples.daytrader.direct.TradeDirect,com.ibm.websphere.samples.daytrader.direct.TradeDirect,3
daytrader,15,seed15_solution088,com.ibm.websphere.samples.daytrader.ejb3.DTBroker3MDB,com.ibm.websphere.samples.daytrader.ejb3.DTBroker3MDB,0
daytrader,15,seed15_solution088,com.ibm.websphere.samples.daytrader.ejb3.DTStreamer3MDB,com.ibm.websphere.samples.daytrader.ejb3.DTStreamer3MDB,4
daytrader,15,seed15_solution088,com.ibm.websphere.samples.daytrader.ejb3.MarketSummarySingleton,com.ibm.websphere.samples.daytrader.ejb3.MarketSummarySingleton,0
daytrader,15,seed15_solution088,com.ibm.websphere.samples.daytrader.ejb3.TradeSLSBBean,com.ibm.websphere.samples.daytrader.ejb3.TradeSLSBBean,3
daytrader,15,seed15_solution088,com.ibm.websphere.samples.daytrader.ejb3.TradeSLSBBean$quotePriceComparator,com.ibm.websphere.samples.daytrader.ejb3.TradeSLSBBean$quotePriceComparator,2
daytrader,15,seed15_solution088,com.ibm.websphere.samples.daytrader.ejb3.TradeSLSBLocal,com.ibm.websphere.samples.daytrader.ejb3.TradeSLSBLocal,4
daytrader,15,seed15_solution088,com.ibm.websphere.samples.daytrader.ejb3.TradeSLSBRemote,com.ibm.websphere.samples.daytrader.ejb3.TradeSLSBRemote,0
daytrader,15,seed15_solution088,com.ibm.websphere.samples.daytrader.entities.AccountDataBean,com.ibm.websphere.samples.daytrader.entities.AccountDataBean,4
daytrader,15,seed15_solution088,com.ibm.websphere.samples.daytrader.entities.AccountProfileDataBean,com.ibm.websphere.samples.daytrader.entities.AccountProfileDataBean,4
daytrader,15,seed15_solution088,com.ibm.websphere.samples.daytrader.entities.HoldingDataBean,com.ibm.websphere.samples.daytrader.entities.HoldingDataBean,5
daytrader,15,seed15_solution088,com.ibm.websphere.samples.daytrader.entities.OrderDataBean,com.ibm.websphere.samples.daytrader.entities.OrderDataBean,5
daytrader,15,seed15_solution088,com.ibm.websphere.samples.daytrader.entities.QuoteDataBean,com.ibm.websphere.samples.daytrader.entities.QuoteDataBean,0
daytrader,15,seed15_solution088,com.ibm.websphere.samples.daytrader.util.CompleteOrderThread,com.ibm.websphere.samples.daytrader.util.CompleteOrderThread,4
daytrader,15,seed15_solution088,com.ibm.websphere.samples.daytrader.util.FinancialUtils,com.ibm.websphere.samples.daytrader.util.FinancialUtils,1
daytrader,15,seed15_solution088,com.ibm.websphere.samples.daytrader.util.KeyBlock,com.ibm.websphere.samples.daytrader.util.KeyBlock,0
daytrader,15,seed15_solution088,com.ibm.websphere.samples.daytrader.util.KeyBlock$KeyBlockIterator,com.ibm.websphere.samples.daytrader.util.KeyBlock$KeyBlockIterator,4
daytrader,15,seed15_solution088,com.ibm.websphere.samples.daytrader.util.Log,com.ibm.websphere.samples.daytrader.util.Log,3
daytrader,15,seed15_solution088,com.ibm.websphere.samples.daytrader.util.MDBStats,com.ibm.websphere.samples.daytrader.util.MDBStats,2
daytrader,15,seed15_solution088,com.ibm.websphere.samples.daytrader.util.TimerStat,com.ibm.websphere.samples.daytrader.util.TimerStat,5
daytrader,15,seed15_solution088,com.ibm.websphere.samples.daytrader.util.TradeConfig,com.ibm.websphere.samples.daytrader.util.TradeConfig,0
daytrader,15,seed15_solution088,com.ibm.websphere.samples.daytrader.util.WebSocketJMSMessage,com.ibm.websphere.samples.daytrader.util.WebSocketJMSMessage,6
daytrader,15,seed15_solution088,com.ibm.websphere.samples.daytrader.web.OrdersAlertFilter,com.ibm.websphere.samples.daytrader.web.OrdersAlertFilter,4
daytrader,15,seed15_solution088,com.ibm.websphere.samples.daytrader.web.TradeAppServlet,com.ibm.websphere.samples.daytrader.web.TradeAppServlet,5
daytrader,15,seed15_solution088,com.ibm.websphere.samples.daytrader.web.TradeServletAction,com.ibm.websphere.samples.daytrader.web.TradeServletAction,1
daytrader,15,seed15_solution088,com.ibm.websphere.samples.daytrader.web.TradeWebContextListener,com.ibm.websphere.samples.daytrader.web.TradeWebContextListener,5
daytrader,15,seed15_solution088,com.ibm.websphere.samples.daytrader.web.jsf.AccountDataJSF,com.ibm.websphere.samples.daytrader.web.jsf.AccountDataJSF,0
daytrader,15,seed15_solution088,com.ibm.websphere.samples.daytrader.web.jsf.ExternalContextProducer,com.ibm.websphere.samples.daytrader.web.jsf.ExternalContextProducer,0
daytrader,15,seed15_solution088,com.ibm.websphere.samples.daytrader.web.jsf.HoldingData,com.ibm.websphere.samples.daytrader.web.jsf.HoldingData,6
daytrader,15,seed15_solution088,com.ibm.websphere.samples.daytrader.web.jsf.JSFLoginFilter,com.ibm.websphere.samples.daytrader.web.jsf.JSFLoginFilter,5
daytrader,15,seed15_solution088,com.ibm.websphere.samples.daytrader.web.jsf.LoginValidator,com.ibm.websphere.samples.daytrader.web.jsf.LoginValidator,4
daytrader,15,seed15_solution088,com.ibm.websphere.samples.daytrader.web.jsf.MarketSummaryJSF,com.ibm.websphere.samples.daytrader.web.jsf.MarketSummaryJSF,5
daytrader,15,seed15_solution088,com.ibm.websphere.samples.daytrader.web.jsf.OrderData,com.ibm.websphere.samples.daytrader.web.jsf.OrderData,0
daytrader,15,seed15_solution088,com.ibm.websphere.samples.daytrader.web.jsf.OrderDataJSF,com.ibm.websphere.samples.daytrader.web.jsf.OrderDataJSF,2
daytrader,15,seed15_solution088,com.ibm.websphere.samples.daytrader.web.jsf.PortfolioJSF,com.ibm.websphere.samples.daytrader.web.jsf.PortfolioJSF,5
daytrader,15,seed15_solution088,com.ibm.websphere.samples.daytrader.web.jsf.QuoteData,com.ibm.websphere.samples.daytrader.web.jsf.QuoteData,6
daytrader,15,seed15_solution088,com.ibm.websphere.samples.daytrader.web.jsf.QuoteJSF,com.ibm.websphere.samples.daytrader.web.jsf.QuoteJSF,2
daytrader,15,seed15_solution088,com.ibm.websphere.samples.daytrader.web.jsf.TradeActionProducer,com.ibm.websphere.samples.daytrader.web.jsf.TradeActionProducer,6
daytrader,15,seed15_solution088,com.ibm.websphere.samples.daytrader.web.jsf.TradeAppJSF,com.ibm.websphere.samples.daytrader.web.jsf.TradeAppJSF,6
daytrader,15,seed15_solution088,com.ibm.websphere.samples.daytrader.web.jsf.TradeConfigJSF,com.ibm.websphere.samples.daytrader.web.jsf.TradeConfigJSF,4
daytrader,15,seed15_solution088,com.ibm.websphere.samples.daytrader.web.websocket.ActionDecoder,com.ibm.websphere.samples.daytrader.web.websocket.ActionDecoder,1
daytrader,15,seed15_solution088,com.ibm.websphere.samples.daytrader.web.websocket.ActionMessage,com.ibm.websphere.samples.daytrader.web.websocket.ActionMessage,6
daytrader,15,seed15_solution088,com.ibm.websphere.samples.daytrader.web.websocket.ActionMessage$1,com.ibm.websphere.samples.daytrader.web.websocket.ActionMessage$1,5
daytrader,15,seed15_solution088,com.ibm.websphere.samples.daytrader.web.websocket.JsonDecoder,com.ibm.websphere.samples.daytrader.web.websocket.JsonDecoder,6
daytrader,15,seed15_solution088,com.ibm.websphere.samples.daytrader.web.websocket.JsonEncoder,com.ibm.websphere.samples.daytrader.web.websocket.JsonEncoder,1
daytrader,15,seed15_solution088,com.ibm.websphere.samples.daytrader.web.websocket.JsonMessage,com.ibm.websphere.samples.daytrader.web.websocket.JsonMessage,6
daytrader,15,seed15_solution088,com.ibm.websphere.samples.daytrader.web.websocket.MarketSummaryWebSocket,com.ibm.websphere.samples.daytrader.web.websocket.MarketSummaryWebSocket,5
daytrader,15,seed15_solution088,com.ibm.websphere.samples.daytrader.web.websocket.RecentStockChangeList,com.ibm.websphere.samples.daytrader.web.websocket.RecentStockChangeList,1
daytrader,15,seed15_solution089,com.ibm.websphere.samples.daytrader.TradeAction,com.ibm.websphere.samples.daytrader.TradeAction,0
daytrader,15,seed15_solution089,com.ibm.websphere.samples.daytrader.TradeServices,com.ibm.websphere.samples.daytrader.TradeServices,1
daytrader,15,seed15_solution089,com.ibm.websphere.samples.daytrader.beans.MarketSummaryDataBean,com.ibm.websphere.samples.daytrader.beans.MarketSummaryDataBean,2
daytrader,15,seed15_solution089,com.ibm.websphere.samples.daytrader.beans.RunStatsDataBean,com.ibm.websphere.samples.daytrader.beans.RunStatsDataBean,0
daytrader,15,seed15_solution089,com.ibm.websphere.samples.daytrader.direct.KeySequenceDirect,com.ibm.websphere.samples.daytrader.direct.KeySequenceDirect,1
daytrader,15,seed15_solution089,com.ibm.websphere.samples.daytrader.direct.TradeDirect,com.ibm.websphere.samples.daytrader.direct.TradeDirect,3
daytrader,15,seed15_solution089,com.ibm.websphere.samples.daytrader.ejb3.DTBroker3MDB,com.ibm.websphere.samples.daytrader.ejb3.DTBroker3MDB,4
daytrader,15,seed15_solution089,com.ibm.websphere.samples.daytrader.ejb3.DTStreamer3MDB,com.ibm.websphere.samples.daytrader.ejb3.DTStreamer3MDB,4
daytrader,15,seed15_solution089,com.ibm.websphere.samples.daytrader.ejb3.MarketSummarySingleton,com.ibm.websphere.samples.daytrader.ejb3.MarketSummarySingleton,5
daytrader,15,seed15_solution089,com.ibm.websphere.samples.daytrader.ejb3.TradeSLSBBean,com.ibm.websphere.samples.daytrader.ejb3.TradeSLSBBean,4
daytrader,15,seed15_solution089,com.ibm.websphere.samples.daytrader.ejb3.TradeSLSBBean$quotePriceComparator,com.ibm.websphere.samples.daytrader.ejb3.TradeSLSBBean$quotePriceComparator,1
daytrader,15,seed15_solution089,com.ibm.websphere.samples.daytrader.ejb3.TradeSLSBLocal,com.ibm.websphere.samples.daytrader.ejb3.TradeSLSBLocal,0
daytrader,15,seed15_solution089,com.ibm.websphere.samples.daytrader.ejb3.TradeSLSBRemote,com.ibm.websphere.samples.daytrader.ejb3.TradeSLSBRemote,0
daytrader,15,seed15_solution089,com.ibm.websphere.samples.daytrader.entities.AccountDataBean,com.ibm.websphere.samples.daytrader.entities.AccountDataBean,4
daytrader,15,seed15_solution089,com.ibm.websphere.samples.daytrader.entities.AccountProfileDataBean,com.ibm.websphere.samples.daytrader.entities.AccountProfileDataBean,4
daytrader,15,seed15_solution089,com.ibm.websphere.samples.daytrader.entities.HoldingDataBean,com.ibm.websphere.samples.daytrader.entities.HoldingDataBean,4
daytrader,15,seed15_solution089,com.ibm.websphere.samples.daytrader.entities.OrderDataBean,com.ibm.websphere.samples.daytrader.entities.OrderDataBean,3
daytrader,15,seed15_solution089,com.ibm.websphere.samples.daytrader.entities.QuoteDataBean,com.ibm.websphere.samples.daytrader.entities.QuoteDataBean,2
daytrader,15,seed15_solution089,com.ibm.websphere.samples.daytrader.util.CompleteOrderThread,com.ibm.websphere.samples.daytrader.util.CompleteOrderThread,5
daytrader,15,seed15_solution089,com.ibm.websphere.samples.daytrader.util.FinancialUtils,com.ibm.websphere.samples.daytrader.util.FinancialUtils,1
daytrader,15,seed15_solution089,com.ibm.websphere.samples.daytrader.util.KeyBlock,com.ibm.websphere.samples.daytrader.util.KeyBlock,2
daytrader,15,seed15_solution089,com.ibm.websphere.samples.daytrader.util.KeyBlock$KeyBlockIterator,com.ibm.websphere.samples.daytrader.util.KeyBlock$KeyBlockIterator,4
daytrader,15,seed15_solution089,com.ibm.websphere.samples.daytrader.util.Log,com.ibm.websphere.samples.daytrader.util.Log,3
daytrader,15,seed15_solution089,com.ibm.websphere.samples.daytrader.util.MDBStats,com.ibm.websphere.samples.daytrader.util.MDBStats,1
daytrader,15,seed15_solution089,com.ibm.websphere.samples.daytrader.util.TimerStat,com.ibm.websphere.samples.daytrader.util.TimerStat,6
daytrader,15,seed15_solution089,com.ibm.websphere.samples.daytrader.util.TradeConfig,com.ibm.websphere.samples.daytrader.util.TradeConfig,5
daytrader,15,seed15_solution089,com.ibm.websphere.samples.daytrader.util.WebSocketJMSMessage,com.ibm.websphere.samples.daytrader.util.WebSocketJMSMessage,4
daytrader,15,seed15_solution089,com.ibm.websphere.samples.daytrader.web.OrdersAlertFilter,com.ibm.websphere.samples.daytrader.web.OrdersAlertFilter,1
daytrader,15,seed15_solution089,com.ibm.websphere.samples.daytrader.web.TradeAppServlet,com.ibm.websphere.samples.daytrader.web.TradeAppServlet,6
daytrader,15,seed15_solution089,com.ibm.websphere.samples.daytrader.web.TradeServletAction,com.ibm.websphere.samples.daytrader.web.TradeServletAction,0
daytrader,15,seed15_solution089,com.ibm.websphere.samples.daytrader.web.TradeWebContextListener,com.ibm.websphere.samples.daytrader.web.TradeWebContextListener,5
daytrader,15,seed15_solution089,com.ibm.websphere.samples.daytrader.web.jsf.AccountDataJSF,com.ibm.websphere.samples.daytrader.web.jsf.AccountDataJSF,0
daytrader,15,seed15_solution089,com.ibm.websphere.samples.daytrader.web.jsf.ExternalContextProducer,com.ibm.websphere.samples.daytrader.web.jsf.ExternalContextProducer,5
daytrader,15,seed15_solution089,com.ibm.websphere.samples.daytrader.web.jsf.HoldingData,com.ibm.websphere.samples.daytrader.web.jsf.HoldingData,1
daytrader,15,seed15_solution089,com.ibm.websphere.samples.daytrader.web.jsf.JSFLoginFilter,com.ibm.websphere.samples.daytrader.web.jsf.JSFLoginFilter,2
daytrader,15,seed15_solution089,com.ibm.websphere.samples.daytrader.web.jsf.LoginValidator,com.ibm.websphere.samples.daytrader.web.jsf.LoginValidator,2
daytrader,15,seed15_solution089,com.ibm.websphere.samples.daytrader.web.jsf.MarketSummaryJSF,com.ibm.websphere.samples.daytrader.web.jsf.MarketSummaryJSF,1
daytrader,15,seed15_solution089,com.ibm.websphere.samples.daytrader.web.jsf.OrderData,com.ibm.websphere.samples.daytrader.web.jsf.OrderData,2
daytrader,15,seed15_solution089,com.ibm.websphere.samples.daytrader.web.jsf.OrderDataJSF,com.ibm.websphere.samples.daytrader.web.jsf.OrderDataJSF,4
daytrader,15,seed15_solution089,com.ibm.websphere.samples.daytrader.web.jsf.PortfolioJSF,com.ibm.websphere.samples.daytrader.web.jsf.PortfolioJSF,1
daytrader,15,seed15_solution089,com.ibm.websphere.samples.daytrader.web.jsf.QuoteData,com.ibm.websphere.samples.daytrader.web.jsf.QuoteData,6
daytrader,15,seed15_solution089,com.ibm.websphere.samples.daytrader.web.jsf.QuoteJSF,com.ibm.websphere.samples.daytrader.web.jsf.QuoteJSF,3
daytrader,15,seed15_solution089,com.ibm.websphere.samples.daytrader.web.jsf.TradeActionProducer,com.ibm.websphere.samples.daytrader.web.jsf.TradeActionProducer,6
daytrader,15,seed15_solution089,com.ibm.websphere.samples.daytrader.web.jsf.TradeAppJSF,com.ibm.websphere.samples.daytrader.web.jsf.TradeAppJSF,6
daytrader,15,seed15_solution089,com.ibm.websphere.samples.daytrader.web.jsf.TradeConfigJSF,com.ibm.websphere.samples.daytrader.web.jsf.TradeConfigJSF,6
daytrader,15,seed15_solution089,com.ibm.websphere.samples.daytrader.web.websocket.ActionDecoder,com.ibm.websphere.samples.daytrader.web.websocket.ActionDecoder,1
daytrader,15,seed15_solution089,com.ibm.websphere.samples.daytrader.web.websocket.ActionMessage,com.ibm.websphere.samples.daytrader.web.websocket.ActionMessage,6
daytrader,15,seed15_solution089,com.ibm.websphere.samples.daytrader.web.websocket.ActionMessage$1,com.ibm.websphere.samples.daytrader.web.websocket.ActionMessage$1,2
daytrader,15,seed15_solution089,com.ibm.websphere.samples.daytrader.web.websocket.JsonDecoder,com.ibm.websphere.samples.daytrader.web.websocket.JsonDecoder,2
daytrader,15,seed15_solution089,com.ibm.websphere.samples.daytrader.web.websocket.JsonEncoder,com.ibm.websphere.samples.daytrader.web.websocket.JsonEncoder,1
daytrader,15,seed15_solution089,com.ibm.websphere.samples.daytrader.web.websocket.JsonMessage,com.ibm.websphere.samples.daytrader.web.websocket.JsonMessage,6
daytrader,15,seed15_solution089,com.ibm.websphere.samples.daytrader.web.websocket.MarketSummaryWebSocket,com.ibm.websphere.samples.daytrader.web.websocket.MarketSummaryWebSocket,6
daytrader,15,seed15_solution089,com.ibm.websphere.samples.daytrader.web.websocket.RecentStockChangeList,com.ibm.websphere.samples.daytrader.web.websocket.RecentStockChangeList,2
daytrader,15,seed15_solution090,com.ibm.websphere.samples.daytrader.TradeAction,com.ibm.websphere.samples.daytrader.TradeAction,0
daytrader,15,seed15_solution090,com.ibm.websphere.samples.daytrader.TradeServices,com.ibm.websphere.samples.daytrader.TradeServices,1
daytrader,15,seed15_solution090,com.ibm.websphere.samples.daytrader.beans.MarketSummaryDataBean,com.ibm.websphere.samples.daytrader.beans.MarketSummaryDataBean,0
daytrader,15,seed15_solution090,com.ibm.websphere.samples.daytrader.beans.RunStatsDataBean,com.ibm.websphere.samples.daytrader.beans.RunStatsDataBean,2
daytrader,15,seed15_solution090,com.ibm.websphere.samples.daytrader.direct.KeySequenceDirect,com.ibm.websphere.samples.daytrader.direct.KeySequenceDirect,3
daytrader,15,seed15_solution090,com.ibm.websphere.samples.daytrader.direct.TradeDirect,com.ibm.websphere.samples.daytrader.direct.TradeDirect,4
daytrader,15,seed15_solution090,com.ibm.websphere.samples.daytrader.ejb3.DTBroker3MDB,com.ibm.websphere.samples.daytrader.ejb3.DTBroker3MDB,3
daytrader,15,seed15_solution090,com.ibm.websphere.samples.daytrader.ejb3.DTStreamer3MDB,com.ibm.websphere.samples.daytrader.ejb3.DTStreamer3MDB,2
daytrader,15,seed15_solution090,com.ibm.websphere.samples.daytrader.ejb3.MarketSummarySingleton,com.ibm.websphere.samples.daytrader.ejb3.MarketSummarySingleton,5
daytrader,15,seed15_solution090,com.ibm.websphere.samples.daytrader.ejb3.TradeSLSBBean,com.ibm.websphere.samples.daytrader.ejb3.TradeSLSBBean,4
daytrader,15,seed15_solution090,com.ibm.websphere.samples.daytrader.ejb3.TradeSLSBBean$quotePriceComparator,com.ibm.websphere.samples.daytrader.ejb3.TradeSLSBBean$quotePriceComparator,2
daytrader,15,seed15_solution090,com.ibm.websphere.samples.daytrader.ejb3.TradeSLSBLocal,com.ibm.websphere.samples.daytrader.ejb3.TradeSLSBLocal,3
daytrader,15,seed15_solution090,com.ibm.websphere.samples.daytrader.ejb3.TradeSLSBRemote,com.ibm.websphere.samples.daytrader.ejb3.TradeSLSBRemote,2
daytrader,15,seed15_solution090,com.ibm.websphere.samples.daytrader.entities.AccountDataBean,com.ibm.websphere.samples.daytrader.entities.AccountDataBean,1
daytrader,15,seed15_solution090,com.ibm.websphere.samples.daytrader.entities.AccountProfileDataBean,com.ibm.websphere.samples.daytrader.entities.AccountProfileDataBean,3
daytrader,15,seed15_solution090,com.ibm.websphere.samples.daytrader.entities.HoldingDataBean,com.ibm.websphere.samples.daytrader.entities.HoldingDataBean,5
daytrader,15,seed15_solution090,com.ibm.websphere.samples.daytrader.entities.OrderDataBean,com.ibm.websphere.samples.daytrader.entities.OrderDataBean,6
daytrader,15,seed15_solution090,com.ibm.websphere.samples.daytrader.entities.QuoteDataBean,com.ibm.websphere.samples.daytrader.entities.QuoteDataBean,0
daytrader,15,seed15_solution090,com.ibm.websphere.samples.daytrader.util.CompleteOrderThread,com.ibm.websphere.samples.daytrader.util.CompleteOrderThread,5
daytrader,15,seed15_solution090,com.ibm.websphere.samples.daytrader.util.FinancialUtils,com.ibm.websphere.samples.daytrader.util.FinancialUtils,2
daytrader,15,seed15_solution090,com.ibm.websphere.samples.daytrader.util.KeyBlock,com.ibm.websphere.samples.daytrader.util.KeyBlock,0
daytrader,15,seed15_solution090,com.ibm.websphere.samples.daytrader.util.KeyBlock$KeyBlockIterator,com.ibm.websphere.samples.daytrader.util.KeyBlock$KeyBlockIterator,1
daytrader,15,seed15_solution090,com.ibm.websphere.samples.daytrader.util.Log,com.ibm.websphere.samples.daytrader.util.Log,4
daytrader,15,seed15_solution090,com.ibm.websphere.samples.daytrader.util.MDBStats,com.ibm.websphere.samples.daytrader.util.MDBStats,0
daytrader,15,seed15_solution090,com.ibm.websphere.samples.daytrader.util.TimerStat,com.ibm.websphere.samples.daytrader.util.TimerStat,3
daytrader,15,seed15_solution090,com.ibm.websphere.samples.daytrader.util.TradeConfig,com.ibm.websphere.samples.daytrader.util.TradeConfig,5
daytrader,15,seed15_solution090,com.ibm.websphere.samples.daytrader.util.WebSocketJMSMessage,com.ibm.websphere.samples.daytrader.util.WebSocketJMSMessage,6
daytrader,15,seed15_solution090,com.ibm.websphere.samples.daytrader.web.OrdersAlertFilter,com.ibm.websphere.samples.daytrader.web.OrdersAlertFilter,5
daytrader,15,seed15_solution090,com.ibm.websphere.samples.daytrader.web.TradeAppServlet,com.ibm.websphere.samples.daytrader.web.TradeAppServlet,5
daytrader,15,seed15_solution090,com.ibm.websphere.samples.daytrader.web.TradeServletAction,com.ibm.websphere.samples.daytrader.web.TradeServletAction,6
daytrader,15,seed15_solution090,com.ibm.websphere.samples.daytrader.web.TradeWebContextListener,com.ibm.websphere.samples.daytrader.web.TradeWebContextListener,1
daytrader,15,seed15_solution090,com.ibm.websphere.samples.daytrader.web.jsf.AccountDataJSF,com.ibm.websphere.samples.daytrader.web.jsf.AccountDataJSF,6
daytrader,15,seed15_solution090,com.ibm.websphere.samples.daytrader.web.jsf.ExternalContextProducer,com.ibm.websphere.samples.daytrader.web.jsf.ExternalContextProducer,0
daytrader,15,seed15_solution090,com.ibm.websphere.samples.daytrader.web.jsf.HoldingData,com.ibm.websphere.samples.daytrader.web.jsf.HoldingData,6
daytrader,15,seed15_solution090,com.ibm.websphere.samples.daytrader.web.jsf.JSFLoginFilter,com.ibm.websphere.samples.daytrader.web.jsf.JSFLoginFilter,3
daytrader,15,seed15_solution090,com.ibm.websphere.samples.daytrader.web.jsf.LoginValidator,com.ibm.websphere.samples.daytrader.web.jsf.LoginValidator,2
daytrader,15,seed15_solution090,com.ibm.websphere.samples.daytrader.web.jsf.MarketSummaryJSF,com.ibm.websphere.samples.daytrader.web.jsf.MarketSummaryJSF,3
daytrader,15,seed15_solution090,com.ibm.websphere.samples.daytrader.web.jsf.OrderData,com.ibm.websphere.samples.daytrader.web.jsf.OrderData,5
daytrader,15,seed15_solution090,com.ibm.websphere.samples.daytrader.web.jsf.OrderDataJSF,com.ibm.websphere.samples.daytrader.web.jsf.OrderDataJSF,1
daytrader,15,seed15_solution090,com.ibm.websphere.samples.daytrader.web.jsf.PortfolioJSF,com.ibm.websphere.samples.daytrader.web.jsf.PortfolioJSF,2
daytrader,15,seed15_solution090,com.ibm.websphere.samples.daytrader.web.jsf.QuoteData,com.ibm.websphere.samples.daytrader.web.jsf.QuoteData,6
daytrader,15,seed15_solution090,com.ibm.websphere.samples.daytrader.web.jsf.QuoteJSF,com.ibm.websphere.samples.daytrader.web.jsf.QuoteJSF,5
daytrader,15,seed15_solution090,com.ibm.websphere.samples.daytrader.web.jsf.TradeActionProducer,com.ibm.websphere.samples.daytrader.web.jsf.TradeActionProducer,3
daytrader,15,seed15_solution090,com.ibm.websphere.samples.daytrader.web.jsf.TradeAppJSF,com.ibm.websphere.samples.daytrader.web.jsf.TradeAppJSF,6
daytrader,15,seed15_solution090,com.ibm.websphere.samples.daytrader.web.jsf.TradeConfigJSF,com.ibm.websphere.samples.daytrader.web.jsf.TradeConfigJSF,1
daytrader,15,seed15_solution090,com.ibm.websphere.samples.daytrader.web.websocket.ActionDecoder,com.ibm.websphere.samples.daytrader.web.websocket.ActionDecoder,0
daytrader,15,seed15_solution090,com.ibm.websphere.samples.daytrader.web.websocket.ActionMessage,com.ibm.websphere.samples.daytrader.web.websocket.ActionMessage,6
daytrader,15,seed15_solution090,com.ibm.websphere.samples.daytrader.web.websocket.ActionMessage$1,com.ibm.websphere.samples.daytrader.web.websocket.ActionMessage$1,0
daytrader,15,seed15_solution090,com.ibm.websphere.samples.daytrader.web.websocket.JsonDecoder,com.ibm.websphere.samples.daytrader.web.websocket.JsonDecoder,2
daytrader,15,seed15_solution090,com.ibm.websphere.samples.daytrader.web.websocket.JsonEncoder,com.ibm.websphere.samples.daytrader.web.websocket.JsonEncoder,2
daytrader,15,seed15_solution090,com.ibm.websphere.samples.daytrader.web.websocket.JsonMessage,com.ibm.websphere.samples.daytrader.web.websocket.JsonMessage,6
daytrader,15,seed15_solution090,com.ibm.websphere.samples.daytrader.web.websocket.MarketSummaryWebSocket,com.ibm.websphere.samples.daytrader.web.websocket.MarketSummaryWebSocket,1
daytrader,15,seed15_solution090,com.ibm.websphere.samples.daytrader.web.websocket.RecentStockChangeList,com.ibm.websphere.samples.daytrader.web.websocket.RecentStockChangeList,2
daytrader,15,seed15_solution091,com.ibm.websphere.samples.daytrader.TradeAction,com.ibm.websphere.samples.daytrader.TradeAction,0
daytrader,15,seed15_solution091,com.ibm.websphere.samples.daytrader.TradeServices,com.ibm.websphere.samples.daytrader.TradeServices,1
daytrader,15,seed15_solution091,com.ibm.websphere.samples.daytrader.beans.MarketSummaryDataBean,com.ibm.websphere.samples.daytrader.beans.MarketSummaryDataBean,1
daytrader,15,seed15_solution091,com.ibm.websphere.samples.daytrader.beans.RunStatsDataBean,com.ibm.websphere.samples.daytrader.beans.RunStatsDataBean,2
daytrader,15,seed15_solution091,com.ibm.websphere.samples.daytrader.direct.KeySequenceDirect,com.ibm.websphere.samples.daytrader.direct.KeySequenceDirect,1
daytrader,15,seed15_solution091,com.ibm.websphere.samples.daytrader.direct.TradeDirect,com.ibm.websphere.samples.daytrader.direct.TradeDirect,3
daytrader,15,seed15_solution091,com.ibm.websphere.samples.daytrader.ejb3.DTBroker3MDB,com.ibm.websphere.samples.daytrader.ejb3.DTBroker3MDB,2
daytrader,15,seed15_solution091,com.ibm.websphere.samples.daytrader.ejb3.DTStreamer3MDB,com.ibm.websphere.samples.daytrader.ejb3.DTStreamer3MDB,2
daytrader,15,seed15_solution091,com.ibm.websphere.samples.daytrader.ejb3.MarketSummarySingleton,com.ibm.websphere.samples.daytrader.ejb3.MarketSummarySingleton,2
daytrader,15,seed15_solution091,com.ibm.websphere.samples.daytrader.ejb3.TradeSLSBBean,com.ibm.websphere.samples.daytrader.ejb3.TradeSLSBBean,1
daytrader,15,seed15_solution091,com.ibm.websphere.samples.daytrader.ejb3.TradeSLSBBean$quotePriceComparator,com.ibm.websphere.samples.daytrader.ejb3.TradeSLSBBean$quotePriceComparator,2
daytrader,15,seed15_solution091,com.ibm.websphere.samples.daytrader.ejb3.TradeSLSBLocal,com.ibm.websphere.samples.daytrader.ejb3.TradeSLSBLocal,1
daytrader,15,seed15_solution091,com.ibm.websphere.samples.daytrader.ejb3.TradeSLSBRemote,com.ibm.websphere.samples.daytrader.ejb3.TradeSLSBRemote,2
daytrader,15,seed15_solution091,com.ibm.websphere.samples.daytrader.entities.AccountDataBean,com.ibm.websphere.samples.daytrader.entities.AccountDataBean,0
daytrader,15,seed15_solution091,com.ibm.websphere.samples.daytrader.entities.AccountProfileDataBean,com.ibm.websphere.samples.daytrader.entities.AccountProfileDataBean,1
daytrader,15,seed15_solution091,com.ibm.websphere.samples.daytrader.entities.HoldingDataBean,com.ibm.websphere.samples.daytrader.entities.HoldingDataBean,2
daytrader,15,seed15_solution091,com.ibm.websphere.samples.daytrader.entities.OrderDataBean,com.ibm.websphere.samples.daytrader.entities.OrderDataBean,0
daytrader,15,seed15_solution091,com.ibm.websphere.samples.daytrader.entities.QuoteDataBean,com.ibm.websphere.samples.daytrader.entities.QuoteDataBean,0
daytrader,15,seed15_solution091,com.ibm.websphere.samples.daytrader.util.CompleteOrderThread,com.ibm.websphere.samples.daytrader.util.CompleteOrderThread,0
daytrader,15,seed15_solution091,com.ibm.websphere.samples.daytrader.util.FinancialUtils,com.ibm.websphere.samples.daytrader.util.FinancialUtils,4
daytrader,15,seed15_solution091,com.ibm.websphere.samples.daytrader.util.KeyBlock,com.ibm.websphere.samples.daytrader.util.KeyBlock,1
daytrader,15,seed15_solution091,com.ibm.websphere.samples.daytrader.util.KeyBlock$KeyBlockIterator,com.ibm.websphere.samples.daytrader.util.KeyBlock$KeyBlockIterator,1
daytrader,15,seed15_solution091,com.ibm.websphere.samples.daytrader.util.Log,com.ibm.websphere.samples.daytrader.util.Log,3
daytrader,15,seed15_solution091,com.ibm.websphere.samples.daytrader.util.MDBStats,com.ibm.websphere.samples.daytrader.util.MDBStats,0
daytrader,15,seed15_solution091,com.ibm.websphere.samples.daytrader.util.TimerStat,com.ibm.websphere.samples.daytrader.util.TimerStat,1
daytrader,15,seed15_solution091,com.ibm.websphere.samples.daytrader.util.TradeConfig,com.ibm.websphere.samples.daytrader.util.TradeConfig,4
daytrader,15,seed15_solution091,com.ibm.websphere.samples.daytrader.util.WebSocketJMSMessage,com.ibm.websphere.samples.daytrader.util.WebSocketJMSMessage,0
daytrader,15,seed15_solution091,com.ibm.websphere.samples.daytrader.web.OrdersAlertFilter,com.ibm.websphere.samples.daytrader.web.OrdersAlertFilter,1
daytrader,15,seed15_solution091,com.ibm.websphere.samples.daytrader.web.TradeAppServlet,com.ibm.websphere.samples.daytrader.web.TradeAppServlet,2
daytrader,15,seed15_solution091,com.ibm.websphere.samples.daytrader.web.TradeServletAction,com.ibm.websphere.samples.daytrader.web.TradeServletAction,0
daytrader,15,seed15_solution091,com.ibm.websphere.samples.daytrader.web.TradeWebContextListener,com.ibm.websphere.samples.daytrader.web.TradeWebContextListener,1
daytrader,15,seed15_solution091,com.ibm.websphere.samples.daytrader.web.jsf.AccountDataJSF,com.ibm.websphere.samples.daytrader.web.jsf.AccountDataJSF,0
daytrader,15,seed15_solution091,com.ibm.websphere.samples.daytrader.web.jsf.ExternalContextProducer,com.ibm.websphere.samples.daytrader.web.jsf.ExternalContextProducer,1
daytrader,15,seed15_solution091,com.ibm.websphere.samples.daytrader.web.jsf.HoldingData,com.ibm.websphere.samples.daytrader.web.jsf.HoldingData,4
daytrader,15,seed15_solution091,com.ibm.websphere.samples.daytrader.web.jsf.JSFLoginFilter,com.ibm.websphere.samples.daytrader.web.jsf.JSFLoginFilter,4
daytrader,15,seed15_solution091,com.ibm.websphere.samples.daytrader.web.jsf.LoginValidator,com.ibm.websphere.samples.daytrader.web.jsf.LoginValidator,2
daytrader,15,seed15_solution091,com.ibm.websphere.samples.daytrader.web.jsf.MarketSummaryJSF,com.ibm.websphere.samples.daytrader.web.jsf.MarketSummaryJSF,0
daytrader,15,seed15_solution091,com.ibm.websphere.samples.daytrader.web.jsf.OrderData,com.ibm.websphere.samples.daytrader.web.jsf.OrderData,1
daytrader,15,seed15_solution091,com.ibm.websphere.samples.daytrader.web.jsf.OrderDataJSF,com.ibm.websphere.samples.daytrader.web.jsf.OrderDataJSF,4
daytrader,15,seed15_solution091,com.ibm.websphere.samples.daytrader.web.jsf.PortfolioJSF,com.ibm.websphere.samples.daytrader.web.jsf.PortfolioJSF,2
daytrader,15,seed15_solution091,com.ibm.websphere.samples.daytrader.web.jsf.QuoteData,com.ibm.websphere.samples.daytrader.web.jsf.QuoteData,0
daytrader,15,seed15_solution091,com.ibm.websphere.samples.daytrader.web.jsf.QuoteJSF,com.ibm.websphere.samples.daytrader.web.jsf.QuoteJSF,2
daytrader,15,seed15_solution091,com.ibm.websphere.samples.daytrader.web.jsf.TradeActionProducer,com.ibm.websphere.samples.daytrader.web.jsf.TradeActionProducer,1
daytrader,15,seed15_solution091,com.ibm.websphere.samples.daytrader.web.jsf.TradeAppJSF,com.ibm.websphere.samples.daytrader.web.jsf.TradeAppJSF,2
daytrader,15,seed15_solution091,com.ibm.websphere.samples.daytrader.web.jsf.TradeConfigJSF,com.ibm.websphere.samples.daytrader.web.jsf.TradeConfigJSF,1
daytrader,15,seed15_solution091,com.ibm.websphere.samples.daytrader.web.websocket.ActionDecoder,com.ibm.websphere.samples.daytrader.web.websocket.ActionDecoder,1
daytrader,15,seed15_solution091,com.ibm.websphere.samples.daytrader.web.websocket.ActionMessage,com.ibm.websphere.samples.daytrader.web.websocket.ActionMessage,2
daytrader,15,seed15_solution091,com.ibm.websphere.samples.daytrader.web.websocket.ActionMessage$1,com.ibm.websphere.samples.daytrader.web.websocket.ActionMessage$1,1
daytrader,15,seed15_solution091,com.ibm.websphere.samples.daytrader.web.websocket.JsonDecoder,com.ibm.websphere.samples.daytrader.web.websocket.JsonDecoder,2
daytrader,15,seed15_solution091,com.ibm.websphere.samples.daytrader.web.websocket.JsonEncoder,com.ibm.websphere.samples.daytrader.web.websocket.JsonEncoder,2
daytrader,15,seed15_solution091,com.ibm.websphere.samples.daytrader.web.websocket.JsonMessage,com.ibm.websphere.samples.daytrader.web.websocket.JsonMessage,4
daytrader,15,seed15_solution091,com.ibm.websphere.samples.daytrader.web.websocket.MarketSummaryWebSocket,com.ibm.websphere.samples.daytrader.web.websocket.MarketSummaryWebSocket,4
daytrader,15,seed15_solution091,com.ibm.websphere.samples.daytrader.web.websocket.RecentStockChangeList,com.ibm.websphere.samples.daytrader.web.websocket.RecentStockChangeList,4
daytrader,15,seed15_solution092,com.ibm.websphere.samples.daytrader.TradeAction,com.ibm.websphere.samples.daytrader.TradeAction,0
daytrader,15,seed15_solution092,com.ibm.websphere.samples.daytrader.TradeServices,com.ibm.websphere.samples.daytrader.TradeServices,1
daytrader,15,seed15_solution092,com.ibm.websphere.samples.daytrader.beans.MarketSummaryDataBean,com.ibm.websphere.samples.daytrader.beans.MarketSummaryDataBean,2
daytrader,15,seed15_solution092,com.ibm.websphere.samples.daytrader.beans.RunStatsDataBean,com.ibm.websphere.samples.daytrader.beans.RunStatsDataBean,1
daytrader,15,seed15_solution092,com.ibm.websphere.samples.daytrader.direct.KeySequenceDirect,com.ibm.websphere.samples.daytrader.direct.KeySequenceDirect,1
daytrader,15,seed15_solution092,com.ibm.websphere.samples.daytrader.direct.TradeDirect,com.ibm.websphere.samples.daytrader.direct.TradeDirect,2
daytrader,15,seed15_solution092,com.ibm.websphere.samples.daytrader.ejb3.DTBroker3MDB,com.ibm.websphere.samples.daytrader.ejb3.DTBroker3MDB,0
daytrader,15,seed15_solution092,com.ibm.websphere.samples.daytrader.ejb3.DTStreamer3MDB,com.ibm.websphere.samples.daytrader.ejb3.DTStreamer3MDB,2
daytrader,15,seed15_solution092,com.ibm.websphere.samples.daytrader.ejb3.MarketSummarySingleton,com.ibm.websphere.samples.daytrader.ejb3.MarketSummarySingleton,3
daytrader,15,seed15_solution092,com.ibm.websphere.samples.daytrader.ejb3.TradeSLSBBean,com.ibm.websphere.samples.daytrader.ejb3.TradeSLSBBean,4
daytrader,15,seed15_solution092,com.ibm.websphere.samples.daytrader.ejb3.TradeSLSBBean$quotePriceComparator,com.ibm.websphere.samples.daytrader.ejb3.TradeSLSBBean$quotePriceComparator,4
daytrader,15,seed15_solution092,com.ibm.websphere.samples.daytrader.ejb3.TradeSLSBLocal,com.ibm.websphere.samples.daytrader.ejb3.TradeSLSBLocal,4
daytrader,15,seed15_solution092,com.ibm.websphere.samples.daytrader.ejb3.TradeSLSBRemote,com.ibm.websphere.samples.daytrader.ejb3.TradeSLSBRemote,0
daytrader,15,seed15_solution092,com.ibm.websphere.samples.daytrader.entities.AccountDataBean,com.ibm.websphere.samples.daytrader.entities.AccountDataBean,0
daytrader,15,seed15_solution092,com.ibm.websphere.samples.daytrader.entities.AccountProfileDataBean,com.ibm.websphere.samples.daytrader.entities.AccountProfileDataBean,5
daytrader,15,seed15_solution092,com.ibm.websphere.samples.daytrader.entities.HoldingDataBean,com.ibm.websphere.samples.daytrader.entities.HoldingDataBean,0
daytrader,15,seed15_solution092,com.ibm.websphere.samples.daytrader.entities.OrderDataBean,com.ibm.websphere.samples.daytrader.entities.OrderDataBean,5
daytrader,15,seed15_solution092,com.ibm.websphere.samples.daytrader.entities.QuoteDataBean,com.ibm.websphere.samples.daytrader.entities.QuoteDataBean,0
daytrader,15,seed15_solution092,com.ibm.websphere.samples.daytrader.util.CompleteOrderThread,com.ibm.websphere.samples.daytrader.util.CompleteOrderThread,5
daytrader,15,seed15_solution092,com.ibm.websphere.samples.daytrader.util.FinancialUtils,com.ibm.websphere.samples.daytrader.util.FinancialUtils,2
daytrader,15,seed15_solution092,com.ibm.websphere.samples.daytrader.util.KeyBlock,com.ibm.websphere.samples.daytrader.util.KeyBlock,3
daytrader,15,seed15_solution092,com.ibm.websphere.samples.daytrader.util.KeyBlock$KeyBlockIterator,com.ibm.websphere.samples.daytrader.util.KeyBlock$KeyBlockIterator,0
daytrader,15,seed15_solution092,com.ibm.websphere.samples.daytrader.util.Log,com.ibm.websphere.samples.daytrader.util.Log,2
daytrader,15,seed15_solution092,com.ibm.websphere.samples.daytrader.util.MDBStats,com.ibm.websphere.samples.daytrader.util.MDBStats,1
daytrader,15,seed15_solution092,com.ibm.websphere.samples.daytrader.util.TimerStat,com.ibm.websphere.samples.daytrader.util.TimerStat,6
daytrader,15,seed15_solution092,com.ibm.websphere.samples.daytrader.util.TradeConfig,com.ibm.websphere.samples.daytrader.util.TradeConfig,6
daytrader,15,seed15_solution092,com.ibm.websphere.samples.daytrader.util.WebSocketJMSMessage,com.ibm.websphere.samples.daytrader.util.WebSocketJMSMessage,4
daytrader,15,seed15_solution092,com.ibm.websphere.samples.daytrader.web.OrdersAlertFilter,com.ibm.websphere.samples.daytrader.web.OrdersAlertFilter,1
daytrader,15,seed15_solution092,com.ibm.websphere.samples.daytrader.web.TradeAppServlet,com.ibm.websphere.samples.daytrader.web.TradeAppServlet,1
daytrader,15,seed15_solution092,com.ibm.websphere.samples.daytrader.web.TradeServletAction,com.ibm.websphere.samples.daytrader.web.TradeServletAction,0
daytrader,15,seed15_solution092,com.ibm.websphere.samples.daytrader.web.TradeWebContextListener,com.ibm.websphere.samples.daytrader.web.TradeWebContextListener,3
daytrader,15,seed15_solution092,com.ibm.websphere.samples.daytrader.web.jsf.AccountDataJSF,com.ibm.websphere.samples.daytrader.web.jsf.AccountDataJSF,0
daytrader,15,seed15_solution092,com.ibm.websphere.samples.daytrader.web.jsf.ExternalContextProducer,com.ibm.websphere.samples.daytrader.web.jsf.ExternalContextProducer,6
daytrader,15,seed15_solution092,com.ibm.websphere.samples.daytrader.web.jsf.HoldingData,com.ibm.websphere.samples.daytrader.web.jsf.HoldingData,1
daytrader,15,seed15_solution092,com.ibm.websphere.samples.daytrader.web.jsf.JSFLoginFilter,com.ibm.websphere.samples.daytrader.web.jsf.JSFLoginFilter,5
daytrader,15,seed15_solution092,com.ibm.websphere.samples.daytrader.web.jsf.LoginValidator,com.ibm.websphere.samples.daytrader.web.jsf.LoginValidator,3
daytrader,15,seed15_solution092,com.ibm.websphere.samples.daytrader.web.jsf.MarketSummaryJSF,com.ibm.websphere.samples.daytrader.web.jsf.MarketSummaryJSF,3
daytrader,15,seed15_solution092,com.ibm.websphere.samples.daytrader.web.jsf.OrderData,com.ibm.websphere.samples.daytrader.web.jsf.OrderData,4
daytrader,15,seed15_solution092,com.ibm.websphere.samples.daytrader.web.jsf.OrderDataJSF,com.ibm.websphere.samples.daytrader.web.jsf.OrderDataJSF,4
daytrader,15,seed15_solution092,com.ibm.websphere.samples.daytrader.web.jsf.PortfolioJSF,com.ibm.websphere.samples.daytrader.web.jsf.PortfolioJSF,1
daytrader,15,seed15_solution092,com.ibm.websphere.samples.daytrader.web.jsf.QuoteData,com.ibm.websphere.samples.daytrader.web.jsf.QuoteData,6
daytrader,15,seed15_solution092,com.ibm.websphere.samples.daytrader.web.jsf.QuoteJSF,com.ibm.websphere.samples.daytrader.web.jsf.QuoteJSF,3
daytrader,15,seed15_solution092,com.ibm.websphere.samples.daytrader.web.jsf.TradeActionProducer,com.ibm.websphere.samples.daytrader.web.jsf.TradeActionProducer,0
daytrader,15,seed15_solution092,com.ibm.websphere.samples.daytrader.web.jsf.TradeAppJSF,com.ibm.websphere.samples.daytrader.web.jsf.TradeAppJSF,2
daytrader,15,seed15_solution092,com.ibm.websphere.samples.daytrader.web.jsf.TradeConfigJSF,com.ibm.websphere.samples.daytrader.web.jsf.TradeConfigJSF,6
daytrader,15,seed15_solution092,com.ibm.websphere.samples.daytrader.web.websocket.ActionDecoder,com.ibm.websphere.samples.daytrader.web.websocket.ActionDecoder,6
daytrader,15,seed15_solution092,com.ibm.websphere.samples.daytrader.web.websocket.ActionMessage,com.ibm.websphere.samples.daytrader.web.websocket.ActionMessage,6
daytrader,15,seed15_solution092,com.ibm.websphere.samples.daytrader.web.websocket.ActionMessage$1,com.ibm.websphere.samples.daytrader.web.websocket.ActionMessage$1,3
daytrader,15,seed15_solution092,com.ibm.websphere.samples.daytrader.web.websocket.JsonDecoder,com.ibm.websphere.samples.daytrader.web.websocket.JsonDecoder,5
daytrader,15,seed15_solution092,com.ibm.websphere.samples.daytrader.web.websocket.JsonEncoder,com.ibm.websphere.samples.daytrader.web.websocket.JsonEncoder,3
daytrader,15,seed15_solution092,com.ibm.websphere.samples.daytrader.web.websocket.JsonMessage,com.ibm.websphere.samples.daytrader.web.websocket.JsonMessage,1
daytrader,15,seed15_solution092,com.ibm.websphere.samples.daytrader.web.websocket.MarketSummaryWebSocket,com.ibm.websphere.samples.daytrader.web.websocket.MarketSummaryWebSocket,3
daytrader,15,seed15_solution092,com.ibm.websphere.samples.daytrader.web.websocket.RecentStockChangeList,com.ibm.websphere.samples.daytrader.web.websocket.RecentStockChangeList,6
daytrader,15,seed15_solution093,com.ibm.websphere.samples.daytrader.TradeAction,com.ibm.websphere.samples.daytrader.TradeAction,0
daytrader,15,seed15_solution093,com.ibm.websphere.samples.daytrader.TradeServices,com.ibm.websphere.samples.daytrader.TradeServices,1
daytrader,15,seed15_solution093,com.ibm.websphere.samples.daytrader.beans.MarketSummaryDataBean,com.ibm.websphere.samples.daytrader.beans.MarketSummaryDataBean,2
daytrader,15,seed15_solution093,com.ibm.websphere.samples.daytrader.beans.RunStatsDataBean,com.ibm.websphere.samples.daytrader.beans.RunStatsDataBean,2
daytrader,15,seed15_solution093,com.ibm.websphere.samples.daytrader.direct.KeySequenceDirect,com.ibm.websphere.samples.daytrader.direct.KeySequenceDirect,2
daytrader,15,seed15_solution093,com.ibm.websphere.samples.daytrader.direct.TradeDirect,com.ibm.websphere.samples.daytrader.direct.TradeDirect,3
daytrader,15,seed15_solution093,com.ibm.websphere.samples.daytrader.ejb3.DTBroker3MDB,com.ibm.websphere.samples.daytrader.ejb3.DTBroker3MDB,1
daytrader,15,seed15_solution093,com.ibm.websphere.samples.daytrader.ejb3.DTStreamer3MDB,com.ibm.websphere.samples.daytrader.ejb3.DTStreamer3MDB,2
daytrader,15,seed15_solution093,com.ibm.websphere.samples.daytrader.ejb3.MarketSummarySingleton,com.ibm.websphere.samples.daytrader.ejb3.MarketSummarySingleton,4
daytrader,15,seed15_solution093,com.ibm.websphere.samples.daytrader.ejb3.TradeSLSBBean,com.ibm.websphere.samples.daytrader.ejb3.TradeSLSBBean,3
daytrader,15,seed15_solution093,com.ibm.websphere.samples.daytrader.ejb3.TradeSLSBBean$quotePriceComparator,com.ibm.websphere.samples.daytrader.ejb3.TradeSLSBBean$quotePriceComparator,2
daytrader,15,seed15_solution093,com.ibm.websphere.samples.daytrader.ejb3.TradeSLSBLocal,com.ibm.websphere.samples.daytrader.ejb3.TradeSLSBLocal,1
daytrader,15,seed15_solution093,com.ibm.websphere.samples.daytrader.ejb3.TradeSLSBRemote,com.ibm.websphere.samples.daytrader.ejb3.TradeSLSBRemote,2
daytrader,15,seed15_solution093,com.ibm.websphere.samples.daytrader.entities.AccountDataBean,com.ibm.websphere.samples.daytrader.entities.AccountDataBean,5
daytrader,15,seed15_solution093,com.ibm.websphere.samples.daytrader.entities.AccountProfileDataBean,com.ibm.websphere.samples.daytrader.entities.AccountProfileDataBean,1
daytrader,15,seed15_solution093,com.ibm.websphere.samples.daytrader.entities.HoldingDataBean,com.ibm.websphere.samples.daytrader.entities.HoldingDataBean,4
daytrader,15,seed15_solution093,com.ibm.websphere.samples.daytrader.entities.OrderDataBean,com.ibm.websphere.samples.daytrader.entities.OrderDataBean,6
daytrader,15,seed15_solution093,com.ibm.websphere.samples.daytrader.entities.QuoteDataBean,com.ibm.websphere.samples.daytrader.entities.QuoteDataBean,0
daytrader,15,seed15_solution093,com.ibm.websphere.samples.daytrader.util.CompleteOrderThread,com.ibm.websphere.samples.daytrader.util.CompleteOrderThread,4
daytrader,15,seed15_solution093,com.ibm.websphere.samples.daytrader.util.FinancialUtils,com.ibm.websphere.samples.daytrader.util.FinancialUtils,3
daytrader,15,seed15_solution093,com.ibm.websphere.samples.daytrader.util.KeyBlock,com.ibm.websphere.samples.daytrader.util.KeyBlock,0
daytrader,15,seed15_solution093,com.ibm.websphere.samples.daytrader.util.KeyBlock$KeyBlockIterator,com.ibm.websphere.samples.daytrader.util.KeyBlock$KeyBlockIterator,4
daytrader,15,seed15_solution093,com.ibm.websphere.samples.daytrader.util.Log,com.ibm.websphere.samples.daytrader.util.Log,3
daytrader,15,seed15_solution093,com.ibm.websphere.samples.daytrader.util.MDBStats,com.ibm.websphere.samples.daytrader.util.MDBStats,0
daytrader,15,seed15_solution093,com.ibm.websphere.samples.daytrader.util.TimerStat,com.ibm.websphere.samples.daytrader.util.TimerStat,5
daytrader,15,seed15_solution093,com.ibm.websphere.samples.daytrader.util.TradeConfig,com.ibm.websphere.samples.daytrader.util.TradeConfig,4
daytrader,15,seed15_solution093,com.ibm.websphere.samples.daytrader.util.WebSocketJMSMessage,com.ibm.websphere.samples.daytrader.util.WebSocketJMSMessage,6
daytrader,15,seed15_solution093,com.ibm.websphere.samples.daytrader.web.OrdersAlertFilter,com.ibm.websphere.samples.daytrader.web.OrdersAlertFilter,4
daytrader,15,seed15_solution093,com.ibm.websphere.samples.daytrader.web.TradeAppServlet,com.ibm.websphere.samples.daytrader.web.TradeAppServlet,0
daytrader,15,seed15_solution093,com.ibm.websphere.samples.daytrader.web.TradeServletAction,com.ibm.websphere.samples.daytrader.web.TradeServletAction,6
daytrader,15,seed15_solution093,com.ibm.websphere.samples.daytrader.web.TradeWebContextListener,com.ibm.websphere.samples.daytrader.web.TradeWebContextListener,1
daytrader,15,seed15_solution093,com.ibm.websphere.samples.daytrader.web.jsf.AccountDataJSF,com.ibm.websphere.samples.daytrader.web.jsf.AccountDataJSF,1
daytrader,15,seed15_solution093,com.ibm.websphere.samples.daytrader.web.jsf.ExternalContextProducer,com.ibm.websphere.samples.daytrader.web.jsf.ExternalContextProducer,0
daytrader,15,seed15_solution093,com.ibm.websphere.samples.daytrader.web.jsf.HoldingData,com.ibm.websphere.samples.daytrader.web.jsf.HoldingData,0
daytrader,15,seed15_solution093,com.ibm.websphere.samples.daytrader.web.jsf.JSFLoginFilter,com.ibm.websphere.samples.daytrader.web.jsf.JSFLoginFilter,5
daytrader,15,seed15_solution093,com.ibm.websphere.samples.daytrader.web.jsf.LoginValidator,com.ibm.websphere.samples.daytrader.web.jsf.LoginValidator,4
daytrader,15,seed15_solution093,com.ibm.websphere.samples.daytrader.web.jsf.MarketSummaryJSF,com.ibm.websphere.samples.daytrader.web.jsf.MarketSummaryJSF,5
daytrader,15,seed15_solution093,com.ibm.websphere.samples.daytrader.web.jsf.OrderData,com.ibm.websphere.samples.daytrader.web.jsf.OrderData,4
daytrader,15,seed15_solution093,com.ibm.websphere.samples.daytrader.web.jsf.OrderDataJSF,com.ibm.websphere.samples.daytrader.web.jsf.OrderDataJSF,0
daytrader,15,seed15_solution093,com.ibm.websphere.samples.daytrader.web.jsf.PortfolioJSF,com.ibm.websphere.samples.daytrader.web.jsf.PortfolioJSF,5
daytrader,15,seed15_solution093,com.ibm.websphere.samples.daytrader.web.jsf.QuoteData,com.ibm.websphere.samples.daytrader.web.jsf.QuoteData,6
daytrader,15,seed15_solution093,com.ibm.websphere.samples.daytrader.web.jsf.QuoteJSF,com.ibm.websphere.samples.daytrader.web.jsf.QuoteJSF,4
daytrader,15,seed15_solution093,com.ibm.websphere.samples.daytrader.web.jsf.TradeActionProducer,com.ibm.websphere.samples.daytrader.web.jsf.TradeActionProducer,1
daytrader,15,seed15_solution093,com.ibm.websphere.samples.daytrader.web.jsf.TradeAppJSF,com.ibm.websphere.samples.daytrader.web.jsf.TradeAppJSF,6
daytrader,15,seed15_solution093,com.ibm.websphere.samples.daytrader.web.jsf.TradeConfigJSF,com.ibm.websphere.samples.daytrader.web.jsf.TradeConfigJSF,5
daytrader,15,seed15_solution093,com.ibm.websphere.samples.daytrader.web.websocket.ActionDecoder,com.ibm.websphere.samples.daytrader.web.websocket.ActionDecoder,5
daytrader,15,seed15_solution093,com.ibm.websphere.samples.daytrader.web.websocket.ActionMessage,com.ibm.websphere.samples.daytrader.web.websocket.ActionMessage,1
daytrader,15,seed15_solution093,com.ibm.websphere.samples.daytrader.web.websocket.ActionMessage$1,com.ibm.websphere.samples.daytrader.web.websocket.ActionMessage$1,0
daytrader,15,seed15_solution093,com.ibm.websphere.samples.daytrader.web.websocket.JsonDecoder,com.ibm.websphere.samples.daytrader.web.websocket.JsonDecoder,6
daytrader,15,seed15_solution093,com.ibm.websphere.samples.daytrader.web.websocket.JsonEncoder,com.ibm.websphere.samples.daytrader.web.websocket.JsonEncoder,2
daytrader,15,seed15_solution093,com.ibm.websphere.samples.daytrader.web.websocket.JsonMessage,com.ibm.websphere.samples.daytrader.web.websocket.JsonMessage,6
daytrader,15,seed15_solution093,com.ibm.websphere.samples.daytrader.web.websocket.MarketSummaryWebSocket,com.ibm.websphere.samples.daytrader.web.websocket.MarketSummaryWebSocket,5
daytrader,15,seed15_solution093,com.ibm.websphere.samples.daytrader.web.websocket.RecentStockChangeList,com.ibm.websphere.samples.daytrader.web.websocket.RecentStockChangeList,1
daytrader,15,seed15_solution094,com.ibm.websphere.samples.daytrader.TradeAction,com.ibm.websphere.samples.daytrader.TradeAction,0
daytrader,15,seed15_solution094,com.ibm.websphere.samples.daytrader.TradeServices,com.ibm.websphere.samples.daytrader.TradeServices,1
daytrader,15,seed15_solution094,com.ibm.websphere.samples.daytrader.beans.MarketSummaryDataBean,com.ibm.websphere.samples.daytrader.beans.MarketSummaryDataBean,2
daytrader,15,seed15_solution094,com.ibm.websphere.samples.daytrader.beans.RunStatsDataBean,com.ibm.websphere.samples.daytrader.beans.RunStatsDataBean,2
daytrader,15,seed15_solution094,com.ibm.websphere.samples.daytrader.direct.KeySequenceDirect,com.ibm.websphere.samples.daytrader.direct.KeySequenceDirect,1
daytrader,15,seed15_solution094,com.ibm.websphere.samples.daytrader.direct.TradeDirect,com.ibm.websphere.samples.daytrader.direct.TradeDirect,0
daytrader,15,seed15_solution094,com.ibm.websphere.samples.daytrader.ejb3.DTBroker3MDB,com.ibm.websphere.samples.daytrader.ejb3.DTBroker3MDB,2
daytrader,15,seed15_solution094,com.ibm.websphere.samples.daytrader.ejb3.DTStreamer3MDB,com.ibm.websphere.samples.daytrader.ejb3.DTStreamer3MDB,3
daytrader,15,seed15_solution094,com.ibm.websphere.samples.daytrader.ejb3.MarketSummarySingleton,com.ibm.websphere.samples.daytrader.ejb3.MarketSummarySingleton,0
daytrader,15,seed15_solution094,com.ibm.websphere.samples.daytrader.ejb3.TradeSLSBBean,com.ibm.websphere.samples.daytrader.ejb3.TradeSLSBBean,4
daytrader,15,seed15_solution094,com.ibm.websphere.samples.daytrader.ejb3.TradeSLSBBean$quotePriceComparator,com.ibm.websphere.samples.daytrader.ejb3.TradeSLSBBean$quotePriceComparator,2
daytrader,15,seed15_solution094,com.ibm.websphere.samples.daytrader.ejb3.TradeSLSBLocal,com.ibm.websphere.samples.daytrader.ejb3.TradeSLSBLocal,3
daytrader,15,seed15_solution094,com.ibm.websphere.samples.daytrader.ejb3.TradeSLSBRemote,com.ibm.websphere.samples.daytrader.ejb3.TradeSLSBRemote,2
daytrader,15,seed15_solution094,com.ibm.websphere.samples.daytrader.entities.AccountDataBean,com.ibm.websphere.samples.daytrader.entities.AccountDataBean,3
daytrader,15,seed15_solution094,com.ibm.websphere.samples.daytrader.entities.AccountProfileDataBean,com.ibm.websphere.samples.daytrader.entities.AccountProfileDataBean,3
daytrader,15,seed15_solution094,com.ibm.websphere.samples.daytrader.entities.HoldingDataBean,com.ibm.websphere.samples.daytrader.entities.HoldingDataBean,3
daytrader,15,seed15_solution094,com.ibm.websphere.samples.daytrader.entities.OrderDataBean,com.ibm.websphere.samples.daytrader.entities.OrderDataBean,4
daytrader,15,seed15_solution094,com.ibm.websphere.samples.daytrader.entities.QuoteDataBean,com.ibm.websphere.samples.daytrader.entities.QuoteDataBean,0
daytrader,15,seed15_solution094,com.ibm.websphere.samples.daytrader.util.CompleteOrderThread,com.ibm.websphere.samples.daytrader.util.CompleteOrderThread,3
daytrader,15,seed15_solution094,com.ibm.websphere.samples.daytrader.util.FinancialUtils,com.ibm.websphere.samples.daytrader.util.FinancialUtils,2
daytrader,15,seed15_solution094,com.ibm.websphere.samples.daytrader.util.KeyBlock,com.ibm.websphere.samples.daytrader.util.KeyBlock,1
daytrader,15,seed15_solution094,com.ibm.websphere.samples.daytrader.util.KeyBlock$KeyBlockIterator,com.ibm.websphere.samples.daytrader.util.KeyBlock$KeyBlockIterator,0
daytrader,15,seed15_solution094,com.ibm.websphere.samples.daytrader.util.Log,com.ibm.websphere.samples.daytrader.util.Log,4
daytrader,15,seed15_solution094,com.ibm.websphere.samples.daytrader.util.MDBStats,com.ibm.websphere.samples.daytrader.util.MDBStats,2
daytrader,15,seed15_solution094,com.ibm.websphere.samples.daytrader.util.TimerStat,com.ibm.websphere.samples.daytrader.util.TimerStat,5
daytrader,15,seed15_solution094,com.ibm.websphere.samples.daytrader.util.TradeConfig,com.ibm.websphere.samples.daytrader.util.TradeConfig,3
daytrader,15,seed15_solution094,com.ibm.websphere.samples.daytrader.util.WebSocketJMSMessage,com.ibm.websphere.samples.daytrader.util.WebSocketJMSMessage,6
daytrader,15,seed15_solution094,com.ibm.websphere.samples.daytrader.web.OrdersAlertFilter,com.ibm.websphere.samples.daytrader.web.OrdersAlertFilter,1
daytrader,15,seed15_solution094,com.ibm.websphere.samples.daytrader.web.TradeAppServlet,com.ibm.websphere.samples.daytrader.web.TradeAppServlet,0
daytrader,15,seed15_solution094,com.ibm.websphere.samples.daytrader.web.TradeServletAction,com.ibm.websphere.samples.daytrader.web.TradeServletAction,1
daytrader,15,seed15_solution094,com.ibm.websphere.samples.daytrader.web.TradeWebContextListener,com.ibm.websphere.samples.daytrader.web.TradeWebContextListener,4
daytrader,15,seed15_solution094,com.ibm.websphere.samples.daytrader.web.jsf.AccountDataJSF,com.ibm.websphere.samples.daytrader.web.jsf.AccountDataJSF,0
daytrader,15,seed15_solution094,com.ibm.websphere.samples.daytrader.web.jsf.ExternalContextProducer,com.ibm.websphere.samples.daytrader.web.jsf.ExternalContextProducer,3
daytrader,15,seed15_solution094,com.ibm.websphere.samples.daytrader.web.jsf.HoldingData,com.ibm.websphere.samples.daytrader.web.jsf.HoldingData,5
daytrader,15,seed15_solution094,com.ibm.websphere.samples.daytrader.web.jsf.JSFLoginFilter,com.ibm.websphere.samples.daytrader.web.jsf.JSFLoginFilter,5
daytrader,15,seed15_solution094,com.ibm.websphere.samples.daytrader.web.jsf.LoginValidator,com.ibm.websphere.samples.daytrader.web.jsf.LoginValidator,5
daytrader,15,seed15_solution094,com.ibm.websphere.samples.daytrader.web.jsf.MarketSummaryJSF,com.ibm.websphere.samples.daytrader.web.jsf.MarketSummaryJSF,2
daytrader,15,seed15_solution094,com.ibm.websphere.samples.daytrader.web.jsf.OrderData,com.ibm.websphere.samples.daytrader.web.jsf.OrderData,2
daytrader,15,seed15_solution094,com.ibm.websphere.samples.daytrader.web.jsf.OrderDataJSF,com.ibm.websphere.samples.daytrader.web.jsf.OrderDataJSF,2
daytrader,15,seed15_solution094,com.ibm.websphere.samples.daytrader.web.jsf.PortfolioJSF,com.ibm.websphere.samples.daytrader.web.jsf.PortfolioJSF,1
daytrader,15,seed15_solution094,com.ibm.websphere.samples.daytrader.web.jsf.QuoteData,com.ibm.websphere.samples.daytrader.web.jsf.QuoteData,6
daytrader,15,seed15_solution094,com.ibm.websphere.samples.daytrader.web.jsf.QuoteJSF,com.ibm.websphere.samples.daytrader.web.jsf.QuoteJSF,2
daytrader,15,seed15_solution094,com.ibm.websphere.samples.daytrader.web.jsf.TradeActionProducer,com.ibm.websphere.samples.daytrader.web.jsf.TradeActionProducer,6
daytrader,15,seed15_solution094,com.ibm.websphere.samples.daytrader.web.jsf.TradeAppJSF,com.ibm.websphere.samples.daytrader.web.jsf.TradeAppJSF,6
daytrader,15,seed15_solution094,com.ibm.websphere.samples.daytrader.web.jsf.TradeConfigJSF,com.ibm.websphere.samples.daytrader.web.jsf.TradeConfigJSF,6
daytrader,15,seed15_solution094,com.ibm.websphere.samples.daytrader.web.websocket.ActionDecoder,com.ibm.websphere.samples.daytrader.web.websocket.ActionDecoder,1
daytrader,15,seed15_solution094,com.ibm.websphere.samples.daytrader.web.websocket.ActionMessage,com.ibm.websphere.samples.daytrader.web.websocket.ActionMessage,5
daytrader,15,seed15_solution094,com.ibm.websphere.samples.daytrader.web.websocket.ActionMessage$1,com.ibm.websphere.samples.daytrader.web.websocket.ActionMessage$1,1
daytrader,15,seed15_solution094,com.ibm.websphere.samples.daytrader.web.websocket.JsonDecoder,com.ibm.websphere.samples.daytrader.web.websocket.JsonDecoder,5
daytrader,15,seed15_solution094,com.ibm.websphere.samples.daytrader.web.websocket.JsonEncoder,com.ibm.websphere.samples.daytrader.web.websocket.JsonEncoder,1
daytrader,15,seed15_solution094,com.ibm.websphere.samples.daytrader.web.websocket.JsonMessage,com.ibm.websphere.samples.daytrader.web.websocket.JsonMessage,5
daytrader,15,seed15_solution094,com.ibm.websphere.samples.daytrader.web.websocket.MarketSummaryWebSocket,com.ibm.websphere.samples.daytrader.web.websocket.MarketSummaryWebSocket,6
daytrader,15,seed15_solution094,com.ibm.websphere.samples.daytrader.web.websocket.RecentStockChangeList,com.ibm.websphere.samples.daytrader.web.websocket.RecentStockChangeList,1
daytrader,15,seed15_solution095,com.ibm.websphere.samples.daytrader.TradeAction,com.ibm.websphere.samples.daytrader.TradeAction,0
daytrader,15,seed15_solution095,com.ibm.websphere.samples.daytrader.TradeServices,com.ibm.websphere.samples.daytrader.TradeServices,1
daytrader,15,seed15_solution095,com.ibm.websphere.samples.daytrader.beans.MarketSummaryDataBean,com.ibm.websphere.samples.daytrader.beans.MarketSummaryDataBean,2
daytrader,15,seed15_solution095,com.ibm.websphere.samples.daytrader.beans.RunStatsDataBean,com.ibm.websphere.samples.daytrader.beans.RunStatsDataBean,0
daytrader,15,seed15_solution095,com.ibm.websphere.samples.daytrader.direct.KeySequenceDirect,com.ibm.websphere.samples.daytrader.direct.KeySequenceDirect,1
daytrader,15,seed15_solution095,com.ibm.websphere.samples.daytrader.direct.TradeDirect,com.ibm.websphere.samples.daytrader.direct.TradeDirect,0
daytrader,15,seed15_solution095,com.ibm.websphere.samples.daytrader.ejb3.DTBroker3MDB,com.ibm.websphere.samples.daytrader.ejb3.DTBroker3MDB,0
daytrader,15,seed15_solution095,com.ibm.websphere.samples.daytrader.ejb3.DTStreamer3MDB,com.ibm.websphere.samples.daytrader.ejb3.DTStreamer3MDB,2
daytrader,15,seed15_solution095,com.ibm.websphere.samples.daytrader.ejb3.MarketSummarySingleton,com.ibm.websphere.samples.daytrader.ejb3.MarketSummarySingleton,3
daytrader,15,seed15_solution095,com.ibm.websphere.samples.daytrader.ejb3.TradeSLSBBean,com.ibm.websphere.samples.daytrader.ejb3.TradeSLSBBean,4
daytrader,15,seed15_solution095,com.ibm.websphere.samples.daytrader.ejb3.TradeSLSBBean$quotePriceComparator,com.ibm.websphere.samples.daytrader.ejb3.TradeSLSBBean$quotePriceComparator,5
daytrader,15,seed15_solution095,com.ibm.websphere.samples.daytrader.ejb3.TradeSLSBLocal,com.ibm.websphere.samples.daytrader.ejb3.TradeSLSBLocal,0
daytrader,15,seed15_solution095,com.ibm.websphere.samples.daytrader.ejb3.TradeSLSBRemote,com.ibm.websphere.samples.daytrader.ejb3.TradeSLSBRemote,0
daytrader,15,seed15_solution095,com.ibm.websphere.samples.daytrader.entities.AccountDataBean,com.ibm.websphere.samples.daytrader.entities.AccountDataBean,5
daytrader,15,seed15_solution095,com.ibm.websphere.samples.daytrader.entities.AccountProfileDataBean,com.ibm.websphere.samples.daytrader.entities.AccountProfileDataBean,5
daytrader,15,seed15_solution095,com.ibm.websphere.samples.daytrader.entities.HoldingDataBean,com.ibm.websphere.samples.daytrader.entities.HoldingDataBean,5
daytrader,15,seed15_solution095,com.ibm.websphere.samples.daytrader.entities.OrderDataBean,com.ibm.websphere.samples.daytrader.entities.OrderDataBean,4
daytrader,15,seed15_solution095,com.ibm.websphere.samples.daytrader.entities.QuoteDataBean,com.ibm.websphere.samples.daytrader.entities.QuoteDataBean,2
daytrader,15,seed15_solution095,com.ibm.websphere.samples.daytrader.util.CompleteOrderThread,com.ibm.websphere.samples.daytrader.util.CompleteOrderThread,5
daytrader,15,seed15_solution095,com.ibm.websphere.samples.daytrader.util.FinancialUtils,com.ibm.websphere.samples.daytrader.util.FinancialUtils,2
daytrader,15,seed15_solution095,com.ibm.websphere.samples.daytrader.util.KeyBlock,com.ibm.websphere.samples.daytrader.util.KeyBlock,3
daytrader,15,seed15_solution095,com.ibm.websphere.samples.daytrader.util.KeyBlock$KeyBlockIterator,com.ibm.websphere.samples.daytrader.util.KeyBlock$KeyBlockIterator,3
daytrader,15,seed15_solution095,com.ibm.websphere.samples.daytrader.util.Log,com.ibm.websphere.samples.daytrader.util.Log,4
daytrader,15,seed15_solution095,com.ibm.websphere.samples.daytrader.util.MDBStats,com.ibm.websphere.samples.daytrader.util.MDBStats,1
daytrader,15,seed15_solution095,com.ibm.websphere.samples.daytrader.util.TimerStat,com.ibm.websphere.samples.daytrader.util.TimerStat,6
daytrader,15,seed15_solution095,com.ibm.websphere.samples.daytrader.util.TradeConfig,com.ibm.websphere.samples.daytrader.util.TradeConfig,1
daytrader,15,seed15_solution095,com.ibm.websphere.samples.daytrader.util.WebSocketJMSMessage,com.ibm.websphere.samples.daytrader.util.WebSocketJMSMessage,5
daytrader,15,seed15_solution095,com.ibm.websphere.samples.daytrader.web.OrdersAlertFilter,com.ibm.websphere.samples.daytrader.web.OrdersAlertFilter,1
daytrader,15,seed15_solution095,com.ibm.websphere.samples.daytrader.web.TradeAppServlet,com.ibm.websphere.samples.daytrader.web.TradeAppServlet,1
daytrader,15,seed15_solution095,com.ibm.websphere.samples.daytrader.web.TradeServletAction,com.ibm.websphere.samples.daytrader.web.TradeServletAction,0
daytrader,15,seed15_solution095,com.ibm.websphere.samples.daytrader.web.TradeWebContextListener,com.ibm.websphere.samples.daytrader.web.TradeWebContextListener,1
daytrader,15,seed15_solution095,com.ibm.websphere.samples.daytrader.web.jsf.AccountDataJSF,com.ibm.websphere.samples.daytrader.web.jsf.AccountDataJSF,0
daytrader,15,seed15_solution095,com.ibm.websphere.samples.daytrader.web.jsf.ExternalContextProducer,com.ibm.websphere.samples.daytrader.web.jsf.ExternalContextProducer,2
daytrader,15,seed15_solution095,com.ibm.websphere.samples.daytrader.web.jsf.HoldingData,com.ibm.websphere.samples.daytrader.web.jsf.HoldingData,1
daytrader,15,seed15_solution095,com.ibm.websphere.samples.daytrader.web.jsf.JSFLoginFilter,com.ibm.websphere.samples.daytrader.web.jsf.JSFLoginFilter,5
daytrader,15,seed15_solution095,com.ibm.websphere.samples.daytrader.web.jsf.LoginValidator,com.ibm.websphere.samples.daytrader.web.jsf.LoginValidator,2
daytrader,15,seed15_solution095,com.ibm.websphere.samples.daytrader.web.jsf.MarketSummaryJSF,com.ibm.websphere.samples.daytrader.web.jsf.MarketSummaryJSF,1
daytrader,15,seed15_solution095,com.ibm.websphere.samples.daytrader.web.jsf.OrderData,com.ibm.websphere.samples.daytrader.web.jsf.OrderData,0
daytrader,15,seed15_solution095,com.ibm.websphere.samples.daytrader.web.jsf.OrderDataJSF,com.ibm.websphere.samples.daytrader.web.jsf.OrderDataJSF,2
daytrader,15,seed15_solution095,com.ibm.websphere.samples.daytrader.web.jsf.PortfolioJSF,com.ibm.websphere.samples.daytrader.web.jsf.PortfolioJSF,1
daytrader,15,seed15_solution095,com.ibm.websphere.samples.daytrader.web.jsf.QuoteData,com.ibm.websphere.samples.daytrader.web.jsf.QuoteData,6
daytrader,15,seed15_solution095,com.ibm.websphere.samples.daytrader.web.jsf.QuoteJSF,com.ibm.websphere.samples.daytrader.web.jsf.QuoteJSF,4
daytrader,15,seed15_solution095,com.ibm.websphere.samples.daytrader.web.jsf.TradeActionProducer,com.ibm.websphere.samples.daytrader.web.jsf.TradeActionProducer,0
daytrader,15,seed15_solution095,com.ibm.websphere.samples.daytrader.web.jsf.TradeAppJSF,com.ibm.websphere.samples.daytrader.web.jsf.TradeAppJSF,2
daytrader,15,seed15_solution095,com.ibm.websphere.samples.daytrader.web.jsf.TradeConfigJSF,com.ibm.websphere.samples.daytrader.web.jsf.TradeConfigJSF,3
daytrader,15,seed15_solution095,com.ibm.websphere.samples.daytrader.web.websocket.ActionDecoder,com.ibm.websphere.samples.daytrader.web.websocket.ActionDecoder,6
daytrader,15,seed15_solution095,com.ibm.websphere.samples.daytrader.web.websocket.ActionMessage,com.ibm.websphere.samples.daytrader.web.websocket.ActionMessage,6
daytrader,15,seed15_solution095,com.ibm.websphere.samples.daytrader.web.websocket.ActionMessage$1,com.ibm.websphere.samples.daytrader.web.websocket.ActionMessage$1,3
daytrader,15,seed15_solution095,com.ibm.websphere.samples.daytrader.web.websocket.JsonDecoder,com.ibm.websphere.samples.daytrader.web.websocket.JsonDecoder,2
daytrader,15,seed15_solution095,com.ibm.websphere.samples.daytrader.web.websocket.JsonEncoder,com.ibm.websphere.samples.daytrader.web.websocket.JsonEncoder,3
daytrader,15,seed15_solution095,com.ibm.websphere.samples.daytrader.web.websocket.JsonMessage,com.ibm.websphere.samples.daytrader.web.websocket.JsonMessage,6
daytrader,15,seed15_solution095,com.ibm.websphere.samples.daytrader.web.websocket.MarketSummaryWebSocket,com.ibm.websphere.samples.daytrader.web.websocket.MarketSummaryWebSocket,3
daytrader,15,seed15_solution095,com.ibm.websphere.samples.daytrader.web.websocket.RecentStockChangeList,com.ibm.websphere.samples.daytrader.web.websocket.RecentStockChangeList,1
daytrader,15,seed15_solution096,com.ibm.websphere.samples.daytrader.TradeAction,com.ibm.websphere.samples.daytrader.TradeAction,0
daytrader,15,seed15_solution096,com.ibm.websphere.samples.daytrader.TradeServices,com.ibm.websphere.samples.daytrader.TradeServices,1
daytrader,15,seed15_solution096,com.ibm.websphere.samples.daytrader.beans.MarketSummaryDataBean,com.ibm.websphere.samples.daytrader.beans.MarketSummaryDataBean,2
daytrader,15,seed15_solution096,com.ibm.websphere.samples.daytrader.beans.RunStatsDataBean,com.ibm.websphere.samples.daytrader.beans.RunStatsDataBean,3
daytrader,15,seed15_solution096,com.ibm.websphere.samples.daytrader.direct.KeySequenceDirect,com.ibm.websphere.samples.daytrader.direct.KeySequenceDirect,4
daytrader,15,seed15_solution096,com.ibm.websphere.samples.daytrader.direct.TradeDirect,com.ibm.websphere.samples.daytrader.direct.TradeDirect,5
daytrader,15,seed15_solution096,com.ibm.websphere.samples.daytrader.ejb3.DTBroker3MDB,com.ibm.websphere.samples.daytrader.ejb3.DTBroker3MDB,1
daytrader,15,seed15_solution096,com.ibm.websphere.samples.daytrader.ejb3.DTStreamer3MDB,com.ibm.websphere.samples.daytrader.ejb3.DTStreamer3MDB,4
daytrader,15,seed15_solution096,com.ibm.websphere.samples.daytrader.ejb3.MarketSummarySingleton,com.ibm.websphere.samples.daytrader.ejb3.MarketSummarySingleton,6
daytrader,15,seed15_solution096,com.ibm.websphere.samples.daytrader.ejb3.TradeSLSBBean,com.ibm.websphere.samples.daytrader.ejb3.TradeSLSBBean,7
daytrader,15,seed15_solution096,com.ibm.websphere.samples.daytrader.ejb3.TradeSLSBBean$quotePriceComparator,com.ibm.websphere.samples.daytrader.ejb3.TradeSLSBBean$quotePriceComparator,8
daytrader,15,seed15_solution096,com.ibm.websphere.samples.daytrader.ejb3.TradeSLSBLocal,com.ibm.websphere.samples.daytrader.ejb3.TradeSLSBLocal,7
daytrader,15,seed15_solution096,com.ibm.websphere.samples.daytrader.ejb3.TradeSLSBRemote,com.ibm.websphere.samples.daytrader.ejb3.TradeSLSBRemote,8
daytrader,15,seed15_solution096,com.ibm.websphere.samples.daytrader.entities.AccountDataBean,com.ibm.websphere.samples.daytrader.entities.AccountDataBean,7
daytrader,15,seed15_solution096,com.ibm.websphere.samples.daytrader.entities.AccountProfileDataBean,com.ibm.websphere.samples.daytrader.entities.AccountProfileDataBean,7
daytrader,15,seed15_solution096,com.ibm.websphere.samples.daytrader.entities.HoldingDataBean,com.ibm.websphere.samples.daytrader.entities.HoldingDataBean,8
daytrader,15,seed15_solution096,com.ibm.websphere.samples.daytrader.entities.OrderDataBean,com.ibm.websphere.samples.daytrader.entities.OrderDataBean,3
daytrader,15,seed15_solution096,com.ibm.websphere.samples.daytrader.entities.QuoteDataBean,com.ibm.websphere.samples.daytrader.entities.QuoteDataBean,2
daytrader,15,seed15_solution096,com.ibm.websphere.samples.daytrader.util.CompleteOrderThread,com.ibm.websphere.samples.daytrader.util.CompleteOrderThread,0
daytrader,15,seed15_solution096,com.ibm.websphere.samples.daytrader.util.FinancialUtils,com.ibm.websphere.samples.daytrader.util.FinancialUtils,1
daytrader,15,seed15_solution096,com.ibm.websphere.samples.daytrader.util.KeyBlock,com.ibm.websphere.samples.daytrader.util.KeyBlock,7
daytrader,15,seed15_solution096,com.ibm.websphere.samples.daytrader.util.KeyBlock$KeyBlockIterator,com.ibm.websphere.samples.daytrader.util.KeyBlock$KeyBlockIterator,6
daytrader,15,seed15_solution096,com.ibm.websphere.samples.daytrader.util.Log,com.ibm.websphere.samples.daytrader.util.Log,5
daytrader,15,seed15_solution096,com.ibm.websphere.samples.daytrader.util.MDBStats,com.ibm.websphere.samples.daytrader.util.MDBStats,2
daytrader,15,seed15_solution096,com.ibm.websphere.samples.daytrader.util.TimerStat,com.ibm.websphere.samples.daytrader.util.TimerStat,3
daytrader,15,seed15_solution096,com.ibm.websphere.samples.daytrader.util.TradeConfig,com.ibm.websphere.samples.daytrader.util.TradeConfig,4
daytrader,15,seed15_solution096,com.ibm.websphere.samples.daytrader.util.WebSocketJMSMessage,com.ibm.websphere.samples.daytrader.util.WebSocketJMSMessage,1
daytrader,15,seed15_solution096,com.ibm.websphere.samples.daytrader.web.OrdersAlertFilter,com.ibm.websphere.samples.daytrader.web.OrdersAlertFilter,4
daytrader,15,seed15_solution096,com.ibm.websphere.samples.daytrader.web.TradeAppServlet,com.ibm.websphere.samples.daytrader.web.TradeAppServlet,9
daytrader,15,seed15_solution096,com.ibm.websphere.samples.daytrader.web.TradeServletAction,com.ibm.websphere.samples.daytrader.web.TradeServletAction,1
daytrader,15,seed15_solution096,com.ibm.websphere.samples.daytrader.web.TradeWebContextListener,com.ibm.websphere.samples.daytrader.web.TradeWebContextListener,2
daytrader,15,seed15_solution096,com.ibm.websphere.samples.daytrader.web.jsf.AccountDataJSF,com.ibm.websphere.samples.daytrader.web.jsf.AccountDataJSF,6
daytrader,15,seed15_solution096,com.ibm.websphere.samples.daytrader.web.jsf.ExternalContextProducer,com.ibm.websphere.samples.daytrader.web.jsf.ExternalContextProducer,6
daytrader,15,seed15_solution096,com.ibm.websphere.samples.daytrader.web.jsf.HoldingData,com.ibm.websphere.samples.daytrader.web.jsf.HoldingData,3
daytrader,15,seed15_solution096,com.ibm.websphere.samples.daytrader.web.jsf.JSFLoginFilter,com.ibm.websphere.samples.daytrader.web.jsf.JSFLoginFilter,2
daytrader,15,seed15_solution096,com.ibm.websphere.samples.daytrader.web.jsf.LoginValidator,com.ibm.websphere.samples.daytrader.web.jsf.LoginValidator,8
daytrader,15,seed15_solution096,com.ibm.websphere.samples.daytrader.web.jsf.MarketSummaryJSF,com.ibm.websphere.samples.daytrader.web.jsf.MarketSummaryJSF,8
daytrader,15,seed15_solution096,com.ibm.websphere.samples.daytrader.web.jsf.OrderData,com.ibm.websphere.samples.daytrader.web.jsf.OrderData,7
daytrader,15,seed15_solution096,com.ibm.websphere.samples.daytrader.web.jsf.OrderDataJSF,com.ibm.websphere.samples.daytrader.web.jsf.OrderDataJSF,8
daytrader,15,seed15_solution096,com.ibm.websphere.samples.daytrader.web.jsf.PortfolioJSF,com.ibm.websphere.samples.daytrader.web.jsf.PortfolioJSF,9
daytrader,15,seed15_solution096,com.ibm.websphere.samples.daytrader.web.jsf.QuoteData,com.ibm.websphere.samples.daytrader.web.jsf.QuoteData,7
daytrader,15,seed15_solution096,com.ibm.websphere.samples.daytrader.web.jsf.QuoteJSF,com.ibm.websphere.samples.daytrader.web.jsf.QuoteJSF,9
daytrader,15,seed15_solution096,com.ibm.websphere.samples.daytrader.web.jsf.TradeActionProducer,com.ibm.websphere.samples.daytrader.web.jsf.TradeActionProducer,0
daytrader,15,seed15_solution096,com.ibm.websphere.samples.daytrader.web.jsf.TradeAppJSF,com.ibm.websphere.samples.daytrader.web.jsf.TradeAppJSF,2
daytrader,15,seed15_solution096,com.ibm.websphere.samples.daytrader.web.jsf.TradeConfigJSF,com.ibm.websphere.samples.daytrader.web.jsf.TradeConfigJSF,6
daytrader,15,seed15_solution096,com.ibm.websphere.samples.daytrader.web.websocket.ActionDecoder,com.ibm.websphere.samples.daytrader.web.websocket.ActionDecoder,4
daytrader,15,seed15_solution096,com.ibm.websphere.samples.daytrader.web.websocket.ActionMessage,com.ibm.websphere.samples.daytrader.web.websocket.ActionMessage,6
daytrader,15,seed15_solution096,com.ibm.websphere.samples.daytrader.web.websocket.ActionMessage$1,com.ibm.websphere.samples.daytrader.web.websocket.ActionMessage$1,4
daytrader,15,seed15_solution096,com.ibm.websphere.samples.daytrader.web.websocket.JsonDecoder,com.ibm.websphere.samples.daytrader.web.websocket.JsonDecoder,3
daytrader,15,seed15_solution096,com.ibm.websphere.samples.daytrader.web.websocket.JsonEncoder,com.ibm.websphere.samples.daytrader.web.websocket.JsonEncoder,3
daytrader,15,seed15_solution096,com.ibm.websphere.samples.daytrader.web.websocket.JsonMessage,com.ibm.websphere.samples.daytrader.web.websocket.JsonMessage,4
daytrader,15,seed15_solution096,com.ibm.websphere.samples.daytrader.web.websocket.MarketSummaryWebSocket,com.ibm.websphere.samples.daytrader.web.websocket.MarketSummaryWebSocket,1
daytrader,15,seed15_solution096,com.ibm.websphere.samples.daytrader.web.websocket.RecentStockChangeList,com.ibm.websphere.samples.daytrader.web.websocket.RecentStockChangeList,2
daytrader,15,seed15_solution097,com.ibm.websphere.samples.daytrader.TradeAction,com.ibm.websphere.samples.daytrader.TradeAction,0
daytrader,15,seed15_solution097,com.ibm.websphere.samples.daytrader.TradeServices,com.ibm.websphere.samples.daytrader.TradeServices,1
daytrader,15,seed15_solution097,com.ibm.websphere.samples.daytrader.beans.MarketSummaryDataBean,com.ibm.websphere.samples.daytrader.beans.MarketSummaryDataBean,2
daytrader,15,seed15_solution097,com.ibm.websphere.samples.daytrader.beans.RunStatsDataBean,com.ibm.websphere.samples.daytrader.beans.RunStatsDataBean,2
daytrader,15,seed15_solution097,com.ibm.websphere.samples.daytrader.direct.KeySequenceDirect,com.ibm.websphere.samples.daytrader.direct.KeySequenceDirect,1
daytrader,15,seed15_solution097,com.ibm.websphere.samples.daytrader.direct.TradeDirect,com.ibm.websphere.samples.daytrader.direct.TradeDirect,0
daytrader,15,seed15_solution097,com.ibm.websphere.samples.daytrader.ejb3.DTBroker3MDB,com.ibm.websphere.samples.daytrader.ejb3.DTBroker3MDB,0
daytrader,15,seed15_solution097,com.ibm.websphere.samples.daytrader.ejb3.DTStreamer3MDB,com.ibm.websphere.samples.daytrader.ejb3.DTStreamer3MDB,2
daytrader,15,seed15_solution097,com.ibm.websphere.samples.daytrader.ejb3.MarketSummarySingleton,com.ibm.websphere.samples.daytrader.ejb3.MarketSummarySingleton,0
daytrader,15,seed15_solution097,com.ibm.websphere.samples.daytrader.ejb3.TradeSLSBBean,com.ibm.websphere.samples.daytrader.ejb3.TradeSLSBBean,3
daytrader,15,seed15_solution097,com.ibm.websphere.samples.daytrader.ejb3.TradeSLSBBean$quotePriceComparator,com.ibm.websphere.samples.daytrader.ejb3.TradeSLSBBean$quotePriceComparator,2
daytrader,15,seed15_solution097,com.ibm.websphere.samples.daytrader.ejb3.TradeSLSBLocal,com.ibm.websphere.samples.daytrader.ejb3.TradeSLSBLocal,4
daytrader,15,seed15_solution097,com.ibm.websphere.samples.daytrader.ejb3.TradeSLSBRemote,com.ibm.websphere.samples.daytrader.ejb3.TradeSLSBRemote,2
daytrader,15,seed15_solution097,com.ibm.websphere.samples.daytrader.entities.AccountDataBean,com.ibm.websphere.samples.daytrader.entities.AccountDataBean,5
daytrader,15,seed15_solution097,com.ibm.websphere.samples.daytrader.entities.AccountProfileDataBean,com.ibm.websphere.samples.daytrader.entities.AccountProfileDataBean,1
daytrader,15,seed15_solution097,com.ibm.websphere.samples.daytrader.entities.HoldingDataBean,com.ibm.websphere.samples.daytrader.entities.HoldingDataBean,5
daytrader,15,seed15_solution097,com.ibm.websphere.samples.daytrader.entities.OrderDataBean,com.ibm.websphere.samples.daytrader.entities.OrderDataBean,6
daytrader,15,seed15_solution097,com.ibm.websphere.samples.daytrader.entities.QuoteDataBean,com.ibm.websphere.samples.daytrader.entities.QuoteDataBean,0
daytrader,15,seed15_solution097,com.ibm.websphere.samples.daytrader.util.CompleteOrderThread,com.ibm.websphere.samples.daytrader.util.CompleteOrderThread,4
daytrader,15,seed15_solution097,com.ibm.websphere.samples.daytrader.util.FinancialUtils,com.ibm.websphere.samples.daytrader.util.FinancialUtils,2
daytrader,15,seed15_solution097,com.ibm.websphere.samples.daytrader.util.KeyBlock,com.ibm.websphere.samples.daytrader.util.KeyBlock,1
daytrader,15,seed15_solution097,com.ibm.websphere.samples.daytrader.util.KeyBlock$KeyBlockIterator,com.ibm.websphere.samples.daytrader.util.KeyBlock$KeyBlockIterator,4
daytrader,15,seed15_solution097,com.ibm.websphere.samples.daytrader.util.Log,com.ibm.websphere.samples.daytrader.util.Log,3
daytrader,15,seed15_solution097,com.ibm.websphere.samples.daytrader.util.MDBStats,com.ibm.websphere.samples.daytrader.util.MDBStats,2
daytrader,15,seed15_solution097,com.ibm.websphere.samples.daytrader.util.TimerStat,com.ibm.websphere.samples.daytrader.util.TimerStat,5
daytrader,15,seed15_solution097,com.ibm.websphere.samples.daytrader.util.TradeConfig,com.ibm.websphere.samples.daytrader.util.TradeConfig,0
daytrader,15,seed15_solution097,com.ibm.websphere.samples.daytrader.util.WebSocketJMSMessage,com.ibm.websphere.samples.daytrader.util.WebSocketJMSMessage,6
daytrader,15,seed15_solution097,com.ibm.websphere.samples.daytrader.web.OrdersAlertFilter,com.ibm.websphere.samples.daytrader.web.OrdersAlertFilter,4
daytrader,15,seed15_solution097,com.ibm.websphere.samples.daytrader.web.TradeAppServlet,com.ibm.websphere.samples.daytrader.web.TradeAppServlet,5
daytrader,15,seed15_solution097,com.ibm.websphere.samples.daytrader.web.TradeServletAction,com.ibm.websphere.samples.daytrader.web.TradeServletAction,6
daytrader,15,seed15_solution097,com.ibm.websphere.samples.daytrader.web.TradeWebContextListener,com.ibm.websphere.samples.daytrader.web.TradeWebContextListener,1
daytrader,15,seed15_solution097,com.ibm.websphere.samples.daytrader.web.jsf.AccountDataJSF,com.ibm.websphere.samples.daytrader.web.jsf.AccountDataJSF,0
daytrader,15,seed15_solution097,com.ibm.websphere.samples.daytrader.web.jsf.ExternalContextProducer,com.ibm.websphere.samples.daytrader.web.jsf.ExternalContextProducer,4
daytrader,15,seed15_solution097,com.ibm.websphere.samples.daytrader.web.jsf.HoldingData,com.ibm.websphere.samples.daytrader.web.jsf.HoldingData,6
daytrader,15,seed15_solution097,com.ibm.websphere.samples.daytrader.web.jsf.JSFLoginFilter,com.ibm.websphere.samples.daytrader.web.jsf.JSFLoginFilter,5
daytrader,15,seed15_solution097,com.ibm.websphere.samples.daytrader.web.jsf.LoginValidator,com.ibm.websphere.samples.daytrader.web.jsf.LoginValidator,4
daytrader,15,seed15_solution097,com.ibm.websphere.samples.daytrader.web.jsf.MarketSummaryJSF,com.ibm.websphere.samples.daytrader.web.jsf.MarketSummaryJSF,5
daytrader,15,seed15_solution097,com.ibm.websphere.samples.daytrader.web.jsf.OrderData,com.ibm.websphere.samples.daytrader.web.jsf.OrderData,2
daytrader,15,seed15_solution097,com.ibm.websphere.samples.daytrader.web.jsf.OrderDataJSF,com.ibm.websphere.samples.daytrader.web.jsf.OrderDataJSF,2
daytrader,15,seed15_solution097,com.ibm.websphere.samples.daytrader.web.jsf.PortfolioJSF,com.ibm.websphere.samples.daytrader.web.jsf.PortfolioJSF,5
daytrader,15,seed15_solution097,com.ibm.websphere.samples.daytrader.web.jsf.QuoteData,com.ibm.websphere.samples.daytrader.web.jsf.QuoteData,6
daytrader,15,seed15_solution097,com.ibm.websphere.samples.daytrader.web.jsf.QuoteJSF,com.ibm.websphere.samples.daytrader.web.jsf.QuoteJSF,2
daytrader,15,seed15_solution097,com.ibm.websphere.samples.daytrader.web.jsf.TradeActionProducer,com.ibm.websphere.samples.daytrader.web.jsf.TradeActionProducer,6
daytrader,15,seed15_solution097,com.ibm.websphere.samples.daytrader.web.jsf.TradeAppJSF,com.ibm.websphere.samples.daytrader.web.jsf.TradeAppJSF,6
daytrader,15,seed15_solution097,com.ibm.websphere.samples.daytrader.web.jsf.TradeConfigJSF,com.ibm.websphere.samples.daytrader.web.jsf.TradeConfigJSF,5
daytrader,15,seed15_solution097,com.ibm.websphere.samples.daytrader.web.websocket.ActionDecoder,com.ibm.websphere.samples.daytrader.web.websocket.ActionDecoder,1
daytrader,15,seed15_solution097,com.ibm.websphere.samples.daytrader.web.websocket.ActionMessage,com.ibm.websphere.samples.daytrader.web.websocket.ActionMessage,1
daytrader,15,seed15_solution097,com.ibm.websphere.samples.daytrader.web.websocket.ActionMessage$1,com.ibm.websphere.samples.daytrader.web.websocket.ActionMessage$1,1
daytrader,15,seed15_solution097,com.ibm.websphere.samples.daytrader.web.websocket.JsonDecoder,com.ibm.websphere.samples.daytrader.web.websocket.JsonDecoder,6
daytrader,15,seed15_solution097,com.ibm.websphere.samples.daytrader.web.websocket.JsonEncoder,com.ibm.websphere.samples.daytrader.web.websocket.JsonEncoder,1
daytrader,15,seed15_solution097,com.ibm.websphere.samples.daytrader.web.websocket.JsonMessage,com.ibm.websphere.samples.daytrader.web.websocket.JsonMessage,6
daytrader,15,seed15_solution097,com.ibm.websphere.samples.daytrader.web.websocket.MarketSummaryWebSocket,com.ibm.websphere.samples.daytrader.web.websocket.MarketSummaryWebSocket,5
daytrader,15,seed15_solution097,com.ibm.websphere.samples.daytrader.web.websocket.RecentStockChangeList,com.ibm.websphere.samples.daytrader.web.websocket.RecentStockChangeList,1
daytrader,15,seed15_solution098,com.ibm.websphere.samples.daytrader.TradeAction,com.ibm.websphere.samples.daytrader.TradeAction,0
daytrader,15,seed15_solution098,com.ibm.websphere.samples.daytrader.TradeServices,com.ibm.websphere.samples.daytrader.TradeServices,1
daytrader,15,seed15_solution098,com.ibm.websphere.samples.daytrader.beans.MarketSummaryDataBean,com.ibm.websphere.samples.daytrader.beans.MarketSummaryDataBean,2
daytrader,15,seed15_solution098,com.ibm.websphere.samples.daytrader.beans.RunStatsDataBean,com.ibm.websphere.samples.daytrader.beans.RunStatsDataBean,2
daytrader,15,seed15_solution098,com.ibm.websphere.samples.daytrader.direct.KeySequenceDirect,com.ibm.websphere.samples.daytrader.direct.KeySequenceDirect,1
daytrader,15,seed15_solution098,com.ibm.websphere.samples.daytrader.direct.TradeDirect,com.ibm.websphere.samples.daytrader.direct.TradeDirect,0
daytrader,15,seed15_solution098,com.ibm.websphere.samples.daytrader.ejb3.DTBroker3MDB,com.ibm.websphere.samples.daytrader.ejb3.DTBroker3MDB,0
daytrader,15,seed15_solution098,com.ibm.websphere.samples.daytrader.ejb3.DTStreamer3MDB,com.ibm.websphere.samples.daytrader.ejb3.DTStreamer3MDB,2
daytrader,15,seed15_solution098,com.ibm.websphere.samples.daytrader.ejb3.MarketSummarySingleton,com.ibm.websphere.samples.daytrader.ejb3.MarketSummarySingleton,0
daytrader,15,seed15_solution098,com.ibm.websphere.samples.daytrader.ejb3.TradeSLSBBean,com.ibm.websphere.samples.daytrader.ejb3.TradeSLSBBean,3
daytrader,15,seed15_solution098,com.ibm.websphere.samples.daytrader.ejb3.TradeSLSBBean$quotePriceComparator,com.ibm.websphere.samples.daytrader.ejb3.TradeSLSBBean$quotePriceComparator,2
daytrader,15,seed15_solution098,com.ibm.websphere.samples.daytrader.ejb3.TradeSLSBLocal,com.ibm.websphere.samples.daytrader.ejb3.TradeSLSBLocal,4
daytrader,15,seed15_solution098,com.ibm.websphere.samples.daytrader.ejb3.TradeSLSBRemote,com.ibm.websphere.samples.daytrader.ejb3.TradeSLSBRemote,2
daytrader,15,seed15_solution098,com.ibm.websphere.samples.daytrader.entities.AccountDataBean,com.ibm.websphere.samples.daytrader.entities.AccountDataBean,5
daytrader,15,seed15_solution098,com.ibm.websphere.samples.daytrader.entities.AccountProfileDataBean,com.ibm.websphere.samples.daytrader.entities.AccountProfileDataBean,1
daytrader,15,seed15_solution098,com.ibm.websphere.samples.daytrader.entities.HoldingDataBean,com.ibm.websphere.samples.daytrader.entities.HoldingDataBean,5
daytrader,15,seed15_solution098,com.ibm.websphere.samples.daytrader.entities.OrderDataBean,com.ibm.websphere.samples.daytrader.entities.OrderDataBean,6
daytrader,15,seed15_solution098,com.ibm.websphere.samples.daytrader.entities.QuoteDataBean,com.ibm.websphere.samples.daytrader.entities.QuoteDataBean,0
daytrader,15,seed15_solution098,com.ibm.websphere.samples.daytrader.util.CompleteOrderThread,com.ibm.websphere.samples.daytrader.util.CompleteOrderThread,4
daytrader,15,seed15_solution098,com.ibm.websphere.samples.daytrader.util.FinancialUtils,com.ibm.websphere.samples.daytrader.util.FinancialUtils,2
daytrader,15,seed15_solution098,com.ibm.websphere.samples.daytrader.util.KeyBlock,com.ibm.websphere.samples.daytrader.util.KeyBlock,1
daytrader,15,seed15_solution098,com.ibm.websphere.samples.daytrader.util.KeyBlock$KeyBlockIterator,com.ibm.websphere.samples.daytrader.util.KeyBlock$KeyBlockIterator,4
daytrader,15,seed15_solution098,com.ibm.websphere.samples.daytrader.util.Log,com.ibm.websphere.samples.daytrader.util.Log,3
daytrader,15,seed15_solution098,com.ibm.websphere.samples.daytrader.util.MDBStats,com.ibm.websphere.samples.daytrader.util.MDBStats,2
daytrader,15,seed15_solution098,com.ibm.websphere.samples.daytrader.util.TimerStat,com.ibm.websphere.samples.daytrader.util.TimerStat,5
daytrader,15,seed15_solution098,com.ibm.websphere.samples.daytrader.util.TradeConfig,com.ibm.websphere.samples.daytrader.util.TradeConfig,0
daytrader,15,seed15_solution098,com.ibm.websphere.samples.daytrader.util.WebSocketJMSMessage,com.ibm.websphere.samples.daytrader.util.WebSocketJMSMessage,6
daytrader,15,seed15_solution098,com.ibm.websphere.samples.daytrader.web.OrdersAlertFilter,com.ibm.websphere.samples.daytrader.web.OrdersAlertFilter,4
daytrader,15,seed15_solution098,com.ibm.websphere.samples.daytrader.web.TradeAppServlet,com.ibm.websphere.samples.daytrader.web.TradeAppServlet,5
daytrader,15,seed15_solution098,com.ibm.websphere.samples.daytrader.web.TradeServletAction,com.ibm.websphere.samples.daytrader.web.TradeServletAction,6
daytrader,15,seed15_solution098,com.ibm.websphere.samples.daytrader.web.TradeWebContextListener,com.ibm.websphere.samples.daytrader.web.TradeWebContextListener,1
daytrader,15,seed15_solution098,com.ibm.websphere.samples.daytrader.web.jsf.AccountDataJSF,com.ibm.websphere.samples.daytrader.web.jsf.AccountDataJSF,0
daytrader,15,seed15_solution098,com.ibm.websphere.samples.daytrader.web.jsf.ExternalContextProducer,com.ibm.websphere.samples.daytrader.web.jsf.ExternalContextProducer,4
daytrader,15,seed15_solution098,com.ibm.websphere.samples.daytrader.web.jsf.HoldingData,com.ibm.websphere.samples.daytrader.web.jsf.HoldingData,6
daytrader,15,seed15_solution098,com.ibm.websphere.samples.daytrader.web.jsf.JSFLoginFilter,com.ibm.websphere.samples.daytrader.web.jsf.JSFLoginFilter,5
daytrader,15,seed15_solution098,com.ibm.websphere.samples.daytrader.web.jsf.LoginValidator,com.ibm.websphere.samples.daytrader.web.jsf.LoginValidator,4
daytrader,15,seed15_solution098,com.ibm.websphere.samples.daytrader.web.jsf.MarketSummaryJSF,com.ibm.websphere.samples.daytrader.web.jsf.MarketSummaryJSF,5
daytrader,15,seed15_solution098,com.ibm.websphere.samples.daytrader.web.jsf.OrderData,com.ibm.websphere.samples.daytrader.web.jsf.OrderData,0
daytrader,15,seed15_solution098,com.ibm.websphere.samples.daytrader.web.jsf.OrderDataJSF,com.ibm.websphere.samples.daytrader.web.jsf.OrderDataJSF,2
daytrader,15,seed15_solution098,com.ibm.websphere.samples.daytrader.web.jsf.PortfolioJSF,com.ibm.websphere.samples.daytrader.web.jsf.PortfolioJSF,5
daytrader,15,seed15_solution098,com.ibm.websphere.samples.daytrader.web.jsf.QuoteData,com.ibm.websphere.samples.daytrader.web.jsf.QuoteData,6
daytrader,15,seed15_solution098,com.ibm.websphere.samples.daytrader.web.jsf.QuoteJSF,com.ibm.websphere.samples.daytrader.web.jsf.QuoteJSF,2
daytrader,15,seed15_solution098,com.ibm.websphere.samples.daytrader.web.jsf.TradeActionProducer,com.ibm.websphere.samples.daytrader.web.jsf.TradeActionProducer,6
daytrader,15,seed15_solution098,com.ibm.websphere.samples.daytrader.web.jsf.TradeAppJSF,com.ibm.websphere.samples.daytrader.web.jsf.TradeAppJSF,6
daytrader,15,seed15_solution098,com.ibm.websphere.samples.daytrader.web.jsf.TradeConfigJSF,com.ibm.websphere.samples.daytrader.web.jsf.TradeConfigJSF,5
daytrader,15,seed15_solution098,com.ibm.websphere.samples.daytrader.web.websocket.ActionDecoder,com.ibm.websphere.samples.daytrader.web.websocket.ActionDecoder,1
daytrader,15,seed15_solution098,com.ibm.websphere.samples.daytrader.web.websocket.ActionMessage,com.ibm.websphere.samples.daytrader.web.websocket.ActionMessage,1
daytrader,15,seed15_solution098,com.ibm.websphere.samples.daytrader.web.websocket.ActionMessage$1,com.ibm.websphere.samples.daytrader.web.websocket.ActionMessage$1,1
daytrader,15,seed15_solution098,com.ibm.websphere.samples.daytrader.web.websocket.JsonDecoder,com.ibm.websphere.samples.daytrader.web.websocket.JsonDecoder,6
daytrader,15,seed15_solution098,com.ibm.websphere.samples.daytrader.web.websocket.JsonEncoder,com.ibm.websphere.samples.daytrader.web.websocket.JsonEncoder,1
daytrader,15,seed15_solution098,com.ibm.websphere.samples.daytrader.web.websocket.JsonMessage,com.ibm.websphere.samples.daytrader.web.websocket.JsonMessage,6
daytrader,15,seed15_solution098,com.ibm.websphere.samples.daytrader.web.websocket.MarketSummaryWebSocket,com.ibm.websphere.samples.daytrader.web.websocket.MarketSummaryWebSocket,5
daytrader,15,seed15_solution098,com.ibm.websphere.samples.daytrader.web.websocket.RecentStockChangeList,com.ibm.websphere.samples.daytrader.web.websocket.RecentStockChangeList,1
daytrader,15,seed15_solution099,com.ibm.websphere.samples.daytrader.TradeAction,com.ibm.websphere.samples.daytrader.TradeAction,0
daytrader,15,seed15_solution099,com.ibm.websphere.samples.daytrader.TradeServices,com.ibm.websphere.samples.daytrader.TradeServices,1
daytrader,15,seed15_solution099,com.ibm.websphere.samples.daytrader.beans.MarketSummaryDataBean,com.ibm.websphere.samples.daytrader.beans.MarketSummaryDataBean,1
daytrader,15,seed15_solution099,com.ibm.websphere.samples.daytrader.beans.RunStatsDataBean,com.ibm.websphere.samples.daytrader.beans.RunStatsDataBean,1
daytrader,15,seed15_solution099,com.ibm.websphere.samples.daytrader.direct.KeySequenceDirect,com.ibm.websphere.samples.daytrader.direct.KeySequenceDirect,2
daytrader,15,seed15_solution099,com.ibm.websphere.samples.daytrader.direct.TradeDirect,com.ibm.websphere.samples.daytrader.direct.TradeDirect,0
daytrader,15,seed15_solution099,com.ibm.websphere.samples.daytrader.ejb3.DTBroker3MDB,com.ibm.websphere.samples.daytrader.ejb3.DTBroker3MDB,0
daytrader,15,seed15_solution099,com.ibm.websphere.samples.daytrader.ejb3.DTStreamer3MDB,com.ibm.websphere.samples.daytrader.ejb3.DTStreamer3MDB,1
daytrader,15,seed15_solution099,com.ibm.websphere.samples.daytrader.ejb3.MarketSummarySingleton,com.ibm.websphere.samples.daytrader.ejb3.MarketSummarySingleton,0
daytrader,15,seed15_solution099,com.ibm.websphere.samples.daytrader.ejb3.TradeSLSBBean,com.ibm.websphere.samples.daytrader.ejb3.TradeSLSBBean,3
daytrader,15,seed15_solution099,com.ibm.websphere.samples.daytrader.ejb3.TradeSLSBBean$quotePriceComparator,com.ibm.websphere.samples.daytrader.ejb3.TradeSLSBBean$quotePriceComparator,1
daytrader,15,seed15_solution099,com.ibm.websphere.samples.daytrader.ejb3.TradeSLSBLocal,com.ibm.websphere.samples.daytrader.ejb3.TradeSLSBLocal,4
daytrader,15,seed15_solution099,com.ibm.websphere.samples.daytrader.ejb3.TradeSLSBRemote,com.ibm.websphere.samples.daytrader.ejb3.TradeSLSBRemote,1
daytrader,15,seed15_solution099,com.ibm.websphere.samples.daytrader.entities.AccountDataBean,com.ibm.websphere.samples.daytrader.entities.AccountDataBean,5
daytrader,15,seed15_solution099,com.ibm.websphere.samples.daytrader.entities.AccountProfileDataBean,com.ibm.websphere.samples.daytrader.entities.AccountProfileDataBean,2
daytrader,15,seed15_solution099,com.ibm.websphere.samples.daytrader.entities.HoldingDataBean,com.ibm.websphere.samples.daytrader.entities.HoldingDataBean,5
daytrader,15,seed15_solution099,com.ibm.websphere.samples.daytrader.entities.OrderDataBean,com.ibm.websphere.samples.daytrader.entities.OrderDataBean,6
daytrader,15,seed15_solution099,com.ibm.websphere.samples.daytrader.entities.QuoteDataBean,com.ibm.websphere.samples.daytrader.entities.QuoteDataBean,0
daytrader,15,seed15_solution099,com.ibm.websphere.samples.daytrader.util.CompleteOrderThread,com.ibm.websphere.samples.daytrader.util.CompleteOrderThread,4
daytrader,15,seed15_solution099,com.ibm.websphere.samples.daytrader.util.FinancialUtils,com.ibm.websphere.samples.daytrader.util.FinancialUtils,1
daytrader,15,seed15_solution099,com.ibm.websphere.samples.daytrader.util.KeyBlock,com.ibm.websphere.samples.daytrader.util.KeyBlock,2
daytrader,15,seed15_solution099,com.ibm.websphere.samples.daytrader.util.KeyBlock$KeyBlockIterator,com.ibm.websphere.samples.daytrader.util.KeyBlock$KeyBlockIterator,4
daytrader,15,seed15_solution099,com.ibm.websphere.samples.daytrader.util.Log,com.ibm.websphere.samples.daytrader.util.Log,3
daytrader,15,seed15_solution099,com.ibm.websphere.samples.daytrader.util.MDBStats,com.ibm.websphere.samples.daytrader.util.MDBStats,1
daytrader,15,seed15_solution099,com.ibm.websphere.samples.daytrader.util.TimerStat,com.ibm.websphere.samples.daytrader.util.TimerStat,5
daytrader,15,seed15_solution099,com.ibm.websphere.samples.daytrader.util.TradeConfig,com.ibm.websphere.samples.daytrader.util.TradeConfig,0
daytrader,15,seed15_solution099,com.ibm.websphere.samples.daytrader.util.WebSocketJMSMessage,com.ibm.websphere.samples.daytrader.util.WebSocketJMSMessage,6
daytrader,15,seed15_solution099,com.ibm.websphere.samples.daytrader.web.OrdersAlertFilter,com.ibm.websphere.samples.daytrader.web.OrdersAlertFilter,4
daytrader,15,seed15_solution099,com.ibm.websphere.samples.daytrader.web.TradeAppServlet,com.ibm.websphere.samples.daytrader.web.TradeAppServlet,5
daytrader,15,seed15_solution099,com.ibm.websphere.samples.daytrader.web.TradeServletAction,com.ibm.websphere.samples.daytrader.web.TradeServletAction,6
daytrader,15,seed15_solution099,com.ibm.websphere.samples.daytrader.web.TradeWebContextListener,com.ibm.websphere.samples.daytrader.web.TradeWebContextListener,2
daytrader,15,seed15_solution099,com.ibm.websphere.samples.daytrader.web.jsf.AccountDataJSF,com.ibm.websphere.samples.daytrader.web.jsf.AccountDataJSF,0
daytrader,15,seed15_solution099,com.ibm.websphere.samples.daytrader.web.jsf.ExternalContextProducer,com.ibm.websphere.samples.daytrader.web.jsf.ExternalContextProducer,4
daytrader,15,seed15_solution099,com.ibm.websphere.samples.daytrader.web.jsf.HoldingData,com.ibm.websphere.samples.daytrader.web.jsf.HoldingData,6
daytrader,15,seed15_solution099,com.ibm.websphere.samples.daytrader.web.jsf.JSFLoginFilter,com.ibm.websphere.samples.daytrader.web.jsf.JSFLoginFilter,5
daytrader,15,seed15_solution099,com.ibm.websphere.samples.daytrader.web.jsf.LoginValidator,com.ibm.websphere.samples.daytrader.web.jsf.LoginValidator,4
daytrader,15,seed15_solution099,com.ibm.websphere.samples.daytrader.web.jsf.MarketSummaryJSF,com.ibm.websphere.samples.daytrader.web.jsf.MarketSummaryJSF,5
daytrader,15,seed15_solution099,com.ibm.websphere.samples.daytrader.web.jsf.OrderData,com.ibm.websphere.samples.daytrader.web.jsf.OrderData,0
daytrader,15,seed15_solution099,com.ibm.websphere.samples.daytrader.web.jsf.OrderDataJSF,com.ibm.websphere.samples.daytrader.web.jsf.OrderDataJSF,1
daytrader,15,seed15_solution099,com.ibm.websphere.samples.daytrader.web.jsf.PortfolioJSF,com.ibm.websphere.samples.daytrader.web.jsf.PortfolioJSF,3
daytrader,15,seed15_solution099,com.ibm.websphere.samples.daytrader.web.jsf.QuoteData,com.ibm.websphere.samples.daytrader.web.jsf.QuoteData,6
daytrader,15,seed15_solution099,com.ibm.websphere.samples.daytrader.web.jsf.QuoteJSF,com.ibm.websphere.samples.daytrader.web.jsf.QuoteJSF,1
daytrader,15,seed15_solution099,com.ibm.websphere.samples.daytrader.web.jsf.TradeActionProducer,com.ibm.websphere.samples.daytrader.web.jsf.TradeActionProducer,6
daytrader,15,seed15_solution099,com.ibm.websphere.samples.daytrader.web.jsf.TradeAppJSF,com.ibm.websphere.samples.daytrader.web.jsf.TradeAppJSF,6
daytrader,15,seed15_solution099,com.ibm.websphere.samples.daytrader.web.jsf.TradeConfigJSF,com.ibm.websphere.samples.daytrader.web.jsf.TradeConfigJSF,5
daytrader,15,seed15_solution099,com.ibm.websphere.samples.daytrader.web.websocket.ActionDecoder,com.ibm.websphere.samples.daytrader.web.websocket.ActionDecoder,2
daytrader,15,seed15_solution099,com.ibm.websphere.samples.daytrader.web.websocket.ActionMessage,com.ibm.websphere.samples.daytrader.web.websocket.ActionMessage,2
daytrader,15,seed15_solution099,com.ibm.websphere.samples.daytrader.web.websocket.ActionMessage$1,com.ibm.websphere.samples.daytrader.web.websocket.ActionMessage$1,2
daytrader,15,seed15_solution099,com.ibm.websphere.samples.daytrader.web.websocket.JsonDecoder,com.ibm.websphere.samples.daytrader.web.websocket.JsonDecoder,6
daytrader,15,seed15_solution099,com.ibm.websphere.samples.daytrader.web.websocket.JsonEncoder,com.ibm.websphere.samples.daytrader.web.websocket.JsonEncoder,2
daytrader,15,seed15_solution099,com.ibm.websphere.samples.daytrader.web.websocket.JsonMessage,com.ibm.websphere.samples.daytrader.web.websocket.JsonMessage,6
daytrader,15,seed15_solution099,com.ibm.websphere.samples.daytrader.web.websocket.MarketSummaryWebSocket,com.ibm.websphere.samples.daytrader.web.websocket.MarketSummaryWebSocket,5
daytrader,15,seed15_solution099,com.ibm.websphere.samples.daytrader.web.websocket.RecentStockChangeList,com.ibm.websphere.samples.daytrader.web.websocket.RecentStockChangeList,2
