subject,seed,stage,profile,profile_id,profile_role,source_front,selected_solution_id,weighted_modularity,Q_best,relative_modularity_loss,band_size,coupling,cohesion,imbalance,f_semantic,cluster_count,max_cluster_ratio,singleton_ratio,feasible,canonical_partition_identifier,canonical_partition_sha256,original_source_solution_id,source_front_row_index_zero_based,stage3_original_four_objective_row_index_zero_based
daytrader,0,stage2,MODULARITY_ANCHOR,P0,historical/reference modularity anchor,results/stage2/subjects/daytrader/nsga/robustness_final_30seeds/seed_00/pareto_front.csv,seed0_solution054,0.26605380935036316,0.26605380935036316,0,1,0.53459409594095941,14.832683982683983,0.65929830979834525,0.62899560929106757,10,0.22641509433962265,0,True,sha256:2ddef52076a5c058b9f0b7362fa5b80cbfb6a7c9b8e043ea11aaec0c06711861,2ddef52076a5c058b9f0b7362fa5b80cbfb6a7c9b8e043ea11aaec0c06711861,seed0_solution054,54,
daytrader,0,stage2,BALANCE,P1,primary reporting profile,results/stage2/subjects/daytrader/nsga/robustness_final_30seeds/seed_00/pareto_front.csv,seed0_solution054,0.26605380935036316,0.26605380935036316,0,1,0.53459409594095941,14.832683982683983,0.65929830979834525,0.62899560929106757,10,0.22641509433962265,0,True,sha256:2ddef52076a5c058b9f0b7362fa5b80cbfb6a7c9b8e043ea11aaec0c06711861,2ddef52076a5c058b9f0b7362fa5b80cbfb6a7c9b8e043ea11aaec0c06711861,seed0_solution054,54,
daytrader,0,stage2,COUPLING,P2,descriptive preference sensitivity,results/stage2/subjects/daytrader/nsga/robustness_final_30seeds/seed_00/pareto_front.csv,seed0_solution054,0.26605380935036316,0.26605380935036316,0,1,0.53459409594095941,14.832683982683983,0.65929830979834525,0.62899560929106757,10,0.22641509433962265,0,True,sha256:2ddef52076a5c058b9f0b7362fa5b80cbfb6a7c9b8e043ea11aaec0c06711861,2ddef52076a5c058b9f0b7362fa5b80cbfb6a7c9b8e043ea11aaec0c06711861,seed0_solution054,54,
daytrader,0,stage2,COHESION,P3,descriptive preference sensitivity,results/stage2/subjects/daytrader/nsga/robustness_final_30seeds/seed_00/pareto_front.csv,seed0_solution054,0.26605380935036316,0.26605380935036316,0,1,0.53459409594095941,14.832683982683983,0.65929830979834525,0.62899560929106757,10,0.22641509433962265,0,True,sha256:2ddef52076a5c058b9f0b7362fa5b80cbfb6a7c9b8e043ea11aaec0c06711861,2ddef52076a5c058b9f0b7362fa5b80cbfb6a7c9b8e043ea11aaec0c06711861,seed0_solution054,54,
daytrader,0,stage2,SEMANTIC,P4,descriptive preference sensitivity,results/stage2/subjects/daytrader/nsga/robustness_final_30seeds/seed_00/pareto_front.csv,seed0_solution054,0.26605380935036316,0.26605380935036316,0,1,0.53459409594095941,14.832683982683983,0.65929830979834525,0.62899560929106757,10,0.22641509433962265,0,True,sha256:2ddef52076a5c058b9f0b7362fa5b80cbfb6a7c9b8e043ea11aaec0c06711861,2ddef52076a5c058b9f0b7362fa5b80cbfb6a7c9b8e043ea11aaec0c06711861,seed0_solution054,54,
daytrader,0,stage3,MODULARITY_ANCHOR,P0,historical/reference modularity anchor,results/stage3/subjects/daytrader/declaration_method_body/validation/seed_00/projected_front_3d.csv,seed0_solution041,0.25978825690009655,0.25978825690009655,0,1,0.4640221402214022,5.2646103896103904,0.47094279148485602,0.73455240274065903,8,0.22641509433962265,0.018867924528301886,True,sha256:4a8416d20b7d0243663195821f64cc2c70fd174d241e624542bf78b3e3ecca10,4a8416d20b7d0243663195821f64cc2c70fd174d241e624542bf78b3e3ecca10,seed0_solution041,27,41
daytrader,0,stage3,BALANCE,P1,primary reporting profile,results/stage3/subjects/daytrader/declaration_method_body/validation/seed_00/projected_front_3d.csv,seed0_solution041,0.25978825690009655,0.25978825690009655,0,1,0.4640221402214022,5.2646103896103904,0.47094279148485602,0.73455240274065903,8,0.22641509433962265,0.018867924528301886,True,sha256:4a8416d20b7d0243663195821f64cc2c70fd174d241e624542bf78b3e3ecca10,4a8416d20b7d0243663195821f64cc2c70fd174d241e624542bf78b3e3ecca10,seed0_solution041,27,41
daytrader,0,stage3,COUPLING,P2,descriptive preference sensitivity,results/stage3/subjects/daytrader/declaration_method_body/validation/seed_00/projected_front_3d.csv,seed0_solution041,0.25978825690009655,0.25978825690009655,0,1,0.4640221402214022,5.2646103896103904,0.47094279148485602,0.73455240274065903,8,0.22641509433962265,0.018867924528301886,True,sha256:4a8416d20b7d0243663195821f64cc2c70fd174d241e624542bf78b3e3ecca10,4a8416d20b7d0243663195821f64cc2c70fd174d241e624542bf78b3e3ecca10,seed0_solution041,27,41
daytrader,0,stage3,COHESION,P3,descriptive preference sensitivity,results/stage3/subjects/daytrader/declaration_method_body/validation/seed_00/projected_front_3d.csv,seed0_solution041,0.25978825690009655,0.25978825690009655,0,1,0.4640221402214022,5.2646103896103904,0.47094279148485602,0.73455240274065903,8,0.22641509433962265,0.018867924528301886,True,sha256:4a8416d20b7d0243663195821f64cc2c70fd174d241e624542bf78b3e3ecca10,4a8416d20b7d0243663195821f64cc2c70fd174d241e624542bf78b3e3ecca10,seed0_solution041,27,41
daytrader,0,stage3,SEMANTIC,P4,descriptive preference sensitivity,results/stage3/subjects/daytrader/declaration_method_body/validation/seed_00/projected_front_3d.csv,seed0_solution041,0.25978825690009655,0.25978825690009655,0,1,0.4640221402214022,5.2646103896103904,0.47094279148485602,0.73455240274065903,8,0.22641509433962265,0.018867924528301886,True,sha256:4a8416d20b7d0243663195821f64cc2c70fd174d241e624542bf78b3e3ecca10,4a8416d20b7d0243663195821f64cc2c70fd174d241e624542bf78b3e3ecca10,seed0_solution041,27,41
daytrader,1,stage2,MODULARITY_ANCHOR,P0,historical/reference modularity anchor,results/stage2/subjects/daytrader/nsga/robustness_final_30seeds/seed_01/pareto_front.csv,seed1_solution064,0.16988764790784439,0.16988764790784439,0,1,0.62177121771217714,16.69781946448613,0.489839810782912,0.81472336863136663,9,0.20754716981132076,0.018867924528301886,True,sha256:166d6702b82218c4512524c1a63b4cf9ec2f43dabe612e258e905b0ec3dbe343,166d6702b82218c4512524c1a63b4cf9ec2f43dabe612e258e905b0ec3dbe343,seed1_solution064,64,
daytrader,1,stage2,BALANCE,P1,primary reporting profile,results/stage2/subjects/daytrader/nsga/robustness_final_30seeds/seed_01/pareto_front.csv,seed1_solution064,0.16988764790784439,0.16988764790784439,0,1,0.62177121771217714,16.69781946448613,0.489839810782912,0.81472336863136663,9,0.20754716981132076,0.018867924528301886,True,sha256:166d6702b82218c4512524c1a63b4cf9ec2f43dabe612e258e905b0ec3dbe343,166d6702b82218c4512524c1a63b4cf9ec2f43dabe612e258e905b0ec3dbe343,seed1_solution064,64,
daytrader,1,stage2,COUPLING,P2,descriptive preference sensitivity,results/stage2/subjects/daytrader/nsga/robustness_final_30seeds/seed_01/pareto_front.csv,seed1_solution064,0.16988764790784439,0.16988764790784439,0,1,0.62177121771217714,16.69781946448613,0.489839810782912,0.81472336863136663,9,0.20754716981132076,0.018867924528301886,True,sha256:166d6702b82218c4512524c1a63b4cf9ec2f43dabe612e258e905b0ec3dbe343,166d6702b82218c4512524c1a63b4cf9ec2f43dabe612e258e905b0ec3dbe343,seed1_solution064,64,
daytrader,1,stage2,COHESION,P3,descriptive preference sensitivity,results/stage2/subjects/daytrader/nsga/robustness_final_30seeds/seed_01/pareto_front.csv,seed1_solution064,0.16988764790784439,0.16988764790784439,0,1,0.62177121771217714,16.69781946448613,0.489839810782912,0.81472336863136663,9,0.20754716981132076,0.018867924528301886,True,sha256:166d6702b82218c4512524c1a63b4cf9ec2f43dabe612e258e905b0ec3dbe343,166d6702b82218c4512524c1a63b4cf9ec2f43dabe612e258e905b0ec3dbe343,seed1_solution064,64,
daytrader,1,stage2,SEMANTIC,P4,descriptive preference sensitivity,results/stage2/subjects/daytrader/nsga/robustness_final_30seeds/seed_01/pareto_front.csv,seed1_solution064,0.16988764790784439,0.16988764790784439,0,1,0.62177121771217714,16.69781946448613,0.489839810782912,0.81472336863136663,9,0.20754716981132076,0.018867924528301886,True,sha256:166d6702b82218c4512524c1a63b4cf9ec2f43dabe612e258e905b0ec3dbe343,166d6702b82218c4512524c1a63b4cf9ec2f43dabe612e258e905b0ec3dbe343,seed1_solution064,64,
daytrader,1,stage3,MODULARITY_ANCHOR,P0,historical/reference modularity anchor,results/stage3/subjects/daytrader/declaration_method_body/formal/seed_01/projected_front_3d.csv,seed1_solution032,0.31524954980868986,0.31524954980868986,0,3,0.43035055350553508,7.4663299663299654,0.68602486651689965,0.59601041786308095,9,0.22641509433962265,0.018867924528301886,True,sha256:4aa1dcdc1fcf70f23d286ca8d2b3c119165524841f55bd6f752a692346049a64,4aa1dcdc1fcf70f23d286ca8d2b3c119165524841f55bd6f752a692346049a64,seed1_solution032,24,32
daytrader,1,stage3,BALANCE,P1,primary reporting profile,results/stage3/subjects/daytrader/declaration_method_body/formal/seed_01/projected_front_3d.csv,seed1_solution034,0.31185258404705812,0.31524954980868986,0.010775481721363887,3,0.43680811808118081,7.759499759499759,0.62748260937041089,0.58491299096062366,9,0.22641509433962265,0,True,sha256:5bc3d4b42e5d615341864936efcc5bfe1ca29f2de71b9e854de39ea8008a3290,5bc3d4b42e5d615341864936efcc5bfe1ca29f2de71b9e854de39ea8008a3290,seed1_solution034,26,34
daytrader,1,stage3,COUPLING,P2,descriptive preference sensitivity,results/stage3/subjects/daytrader/declaration_method_body/formal/seed_01/projected_front_3d.csv,seed1_solution032,0.31524954980868986,0.31524954980868986,0,3,0.43035055350553508,7.4663299663299654,0.68602486651689965,0.59601041786308095,9,0.22641509433962265,0.018867924528301886,True,sha256:4aa1dcdc1fcf70f23d286ca8d2b3c119165524841f55bd6f752a692346049a64,4aa1dcdc1fcf70f23d286ca8d2b3c119165524841f55bd6f752a692346049a64,seed1_solution032,24,32
daytrader,1,stage3,COHESION,P3,descriptive preference sensitivity,results/stage3/subjects/daytrader/declaration_method_body/formal/seed_01/projected_front_3d.csv,seed1_solution033,0.31291551211176299,0.31524954980868986,0.0074037780493049982,3,0.4331180811808118,8.373200873200874,0.70445866802243284,0.57301070233859042,9,0.24528301886792453,0.018867924528301886,True,sha256:f8578c782e4426aa412ed7c181e8cc6335da794f0d737d9bdbddfd31cf34031e,f8578c782e4426aa412ed7c181e8cc6335da794f0d737d9bdbddfd31cf34031e,seed1_solution033,25,33
daytrader,1,stage3,SEMANTIC,P4,descriptive preference sensitivity,results/stage3/subjects/daytrader/declaration_method_body/formal/seed_01/projected_front_3d.csv,seed1_solution033,0.31291551211176299,0.31524954980868986,0.0074037780493049982,3,0.4331180811808118,8.373200873200874,0.70445866802243284,0.57301070233859042,9,0.24528301886792453,0.018867924528301886,True,sha256:f8578c782e4426aa412ed7c181e8cc6335da794f0d737d9bdbddfd31cf34031e,f8578c782e4426aa412ed7c181e8cc6335da794f0d737d9bdbddfd31cf34031e,seed1_solution033,25,33
daytrader,2,stage2,MODULARITY_ANCHOR,P0,historical/reference modularity anchor,results/stage2/subjects/daytrader/nsga/robustness_final_30seeds/seed_02/pareto_front.csv,seed2_solution040,0.32459676389891201,0.32459676389891201,0,2,0.41789667896678967,7.1547619047619051,0.84821761482977454,0.56275487044467698,10,0.24528301886792453,0.056603773584905662,True,sha256:8a37a78cafdecb50d3aaac29da23cab6bb1df017dab55a7d39c048e6e66b13f6,8a37a78cafdecb50d3aaac29da23cab6bb1df017dab55a7d39c048e6e66b13f6,seed2_solution040,40,
daytrader,2,stage2,BALANCE,P1,primary reporting profile,results/stage2/subjects/daytrader/nsga/robustness_final_30seeds/seed_02/pareto_front.csv,seed2_solution041,0.3184115267697879,0.32459676389891201,0.01905514107666938,2,0.42527675276752769,7.0604118104118099,0.83126002912870534,0.57397739909295775,10,0.24528301886792453,0.056603773584905662,True,sha256:e4452809a21c5a8f3afb1051ea77bbce6cbb25b235afda2592cdb34e40567d3b,e4452809a21c5a8f3afb1051ea77bbce6cbb25b235afda2592cdb34e40567d3b,seed2_solution041,41,
daytrader,2,stage2,COUPLING,P2,descriptive preference sensitivity,results/stage2/subjects/daytrader/nsga/robustness_final_30seeds/seed_02/pareto_front.csv,seed2_solution040,0.32459676389891201,0.32459676389891201,0,2,0.41789667896678967,7.1547619047619051,0.84821761482977454,0.56275487044467698,10,0.24528301886792453,0.056603773584905662,True,sha256:8a37a78cafdecb50d3aaac29da23cab6bb1df017dab55a7d39c048e6e66b13f6,8a37a78cafdecb50d3aaac29da23cab6bb1df017dab55a7d39c048e6e66b13f6,seed2_solution040,40,
daytrader,2,stage2,COHESION,P3,descriptive preference sensitivity,results/stage2/subjects/daytrader/nsga/robustness_final_30seeds/seed_02/pareto_front.csv,seed2_solution040,0.32459676389891201,0.32459676389891201,0,2,0.41789667896678967,7.1547619047619051,0.84821761482977454,0.56275487044467698,10,0.24528301886792453,0.056603773584905662,True,sha256:8a37a78cafdecb50d3aaac29da23cab6bb1df017dab55a7d39c048e6e66b13f6,8a37a78cafdecb50d3aaac29da23cab6bb1df017dab55a7d39c048e6e66b13f6,seed2_solution040,40,
daytrader,2,stage2,SEMANTIC,P4,descriptive preference sensitivity,results/stage2/subjects/daytrader/nsga/robustness_final_30seeds/seed_02/pareto_front.csv,seed2_solution040,0.32459676389891201,0.32459676389891201,0,2,0.41789667896678967,7.1547619047619051,0.84821761482977454,0.56275487044467698,10,0.24528301886792453,0.056603773584905662,True,sha256:8a37a78cafdecb50d3aaac29da23cab6bb1df017dab55a7d39c048e6e66b13f6,8a37a78cafdecb50d3aaac29da23cab6bb1df017dab55a7d39c048e6e66b13f6,seed2_solution040,40,
daytrader,2,stage3,MODULARITY_ANCHOR,P0,historical/reference modularity anchor,results/stage3/subjects/daytrader/declaration_method_body/formal/seed_02/projected_front_3d.csv,seed2_solution034,0.25698775207309277,0.25698775207309277,0,4,0.45710332103321033,7.0852628852628845,0.66226146319940538,0.58347035131700098,9,0.24528301886792453,0,True,sha256:7191a80d7384936dc017184a009c4a937a5780363d7284df9b3ee8367fb1310b,7191a80d7384936dc017184a009c4a937a5780363d7284df9b3ee8367fb1310b,seed2_solution034,26,34
daytrader,2,stage3,BALANCE,P1,primary reporting profile,results/stage3/subjects/daytrader/declaration_method_body/formal/seed_02/projected_front_3d.csv,seed2_solution036,0.24829880448250993,0.25698775207309277,0.033810745922675391,4,0.47047970479704798,7.0972101972101971,0.5852099026139933,0.58000928942837149,9,0.22641509433962265,0,True,sha256:66fc78b5504044ee08356fb1285b126b4a56f4f79079816511c1d78d912f415b,66fc78b5504044ee08356fb1285b126b4a56f4f79079816511c1d78d912f415b,seed2_solution036,28,36
daytrader,2,stage3,COUPLING,P2,descriptive preference sensitivity,results/stage3/subjects/daytrader/declaration_method_body/formal/seed_02/projected_front_3d.csv,seed2_solution028,0.24444143513160241,0.25698775207309277,0.048820680519910231,4,0.38053505535055349,5.579155844155844,0.8689493539373172,0.6495720064733902,10,0.28301886792452829,0,True,sha256:60e32961217f87e0fe053b7c717ee0ae7fc28e75a717ecd6f91783ff141f18ce,60e32961217f87e0fe053b7c717ee0ae7fc28e75a717ecd6f91783ff141f18ce,seed2_solution028,21,28
daytrader,2,stage3,COHESION,P3,descriptive preference sensitivity,results/stage3/subjects/daytrader/declaration_method_body/formal/seed_02/projected_front_3d.csv,seed2_solution035,0.25366471895807524,0.25698775207309277,0.012930706184286888,4,0.46217712177121772,7.1107744107744102,0.61197263170667371,0.61124922760091849,9,0.22641509433962265,0,True,sha256:3cf5f7866f196153abd988151fca59d4aaf3c580ed413aa5a1483974018f77ac,3cf5f7866f196153abd988151fca59d4aaf3c580ed413aa5a1483974018f77ac,seed2_solution035,27,35
daytrader,2,stage3,SEMANTIC,P4,descriptive preference sensitivity,results/stage3/subjects/daytrader/declaration_method_body/formal/seed_02/projected_front_3d.csv,seed2_solution036,0.24829880448250993,0.25698775207309277,0.033810745922675391,4,0.47047970479704798,7.0972101972101971,0.5852099026139933,0.58000928942837149,9,0.22641509433962265,0,True,sha256:66fc78b5504044ee08356fb1285b126b4a56f4f79079816511c1d78d912f415b,66fc78b5504044ee08356fb1285b126b4a56f4f79079816511c1d78d912f415b,seed2_solution036,28,36
daytrader,3,stage2,MODULARITY_ANCHOR,P0,historical/reference modularity anchor,results/stage2/subjects/daytrader/nsga/robustness_final_30seeds/seed_03/pareto_front.csv,seed3_solution077,0.18020694332865833,0.18020694332865833,0,2,0.5899446494464945,7.7755952380952387,0.31060523836140247,0.77874061049372512,8,0.18867924528301888,0,True,sha256:93238fa0d009b10d20c5d1f29ad61e318bf354e123c1ec5d5d1540f8f4ce6683,93238fa0d009b10d20c5d1f29ad61e318bf354e123c1ec5d5d1540f8f4ce6683,seed3_solution077,77,
daytrader,3,stage2,BALANCE,P1,primary reporting profile,results/stage2/subjects/daytrader/nsga/robustness_final_30seeds/seed_03/pareto_front.csv,seed3_solution060,0.17729186949387951,0.18020694332865833,0.016176257035015337,2,0.48431734317343172,4.6917171717171708,0.046216787599682611,0.81611617334639242,5,0.20754716981132076,0,True,sha256:d38e73178ea790aadb5273298275a7d98c7e089695bcd2be4dd0978a1cd285d4,d38e73178ea790aadb5273298275a7d98c7e089695bcd2be4dd0978a1cd285d4,seed3_solution060,60,
daytrader,3,stage2,COUPLING,P2,descriptive preference sensitivity,results/stage2/subjects/daytrader/nsga/robustness_final_30seeds/seed_03/pareto_front.csv,seed3_solution060,0.17729186949387951,0.18020694332865833,0.016176257035015337,2,0.48431734317343172,4.6917171717171708,0.046216787599682611,0.81611617334639242,5,0.20754716981132076,0,True,sha256:d38e73178ea790aadb5273298275a7d98c7e089695bcd2be4dd0978a1cd285d4,d38e73178ea790aadb5273298275a7d98c7e089695bcd2be4dd0978a1cd285d4,seed3_solution060,60,
daytrader,3,stage2,COHESION,P3,descriptive preference sensitivity,results/stage2/subjects/daytrader/nsga/robustness_final_30seeds/seed_03/pareto_front.csv,seed3_solution077,0.18020694332865833,0.18020694332865833,0,2,0.5899446494464945,7.7755952380952387,0.31060523836140247,0.77874061049372512,8,0.18867924528301888,0,True,sha256:93238fa0d009b10d20c5d1f29ad61e318bf354e123c1ec5d5d1540f8f4ce6683,93238fa0d009b10d20c5d1f29ad61e318bf354e123c1ec5d5d1540f8f4ce6683,seed3_solution077,77,
daytrader,3,stage2,SEMANTIC,P4,descriptive preference sensitivity,results/stage2/subjects/daytrader/nsga/robustness_final_30seeds/seed_03/pareto_front.csv,seed3_solution077,0.18020694332865833,0.18020694332865833,0,2,0.5899446494464945,7.7755952380952387,0.31060523836140247,0.77874061049372512,8,0.18867924528301888,0,True,sha256:93238fa0d009b10d20c5d1f29ad61e318bf354e123c1ec5d5d1540f8f4ce6683,93238fa0d009b10d20c5d1f29ad61e318bf354e123c1ec5d5d1540f8f4ce6683,seed3_solution077,77,
daytrader,3,stage3,MODULARITY_ANCHOR,P0,historical/reference modularity anchor,results/stage3/subjects/daytrader/declaration_method_body/formal/seed_03/projected_front_3d.csv,seed3_solution043,0.16353784415381054,0.16353784415381054,0,3,0.45018450184501846,4.7542667708108883,0.37499258328965646,0.54359574924179677,4,0.33962264150943394,0,True,sha256:4a2c40187aa305f82eeaa465655b0c3ed3785d640bcbe97014e69e0226dd31bf,4a2c40187aa305f82eeaa465655b0c3ed3785d640bcbe97014e69e0226dd31bf,seed3_solution043,37,43
daytrader,3,stage3,BALANCE,P1,primary reporting profile,results/stage3/subjects/daytrader/declaration_method_body/formal/seed_03/projected_front_3d.csv,seed3_solution043,0.16353784415381054,0.16353784415381054,0,3,0.45018450184501846,4.7542667708108883,0.37499258328965646,0.54359574924179677,4,0.33962264150943394,0,True,sha256:4a2c40187aa305f82eeaa465655b0c3ed3785d640bcbe97014e69e0226dd31bf,4a2c40187aa305f82eeaa465655b0c3ed3785d640bcbe97014e69e0226dd31bf,seed3_solution043,37,43
daytrader,3,stage3,COUPLING,P2,descriptive preference sensitivity,results/stage3/subjects/daytrader/declaration_method_body/formal/seed_03/projected_front_3d.csv,seed3_solution043,0.16353784415381054,0.16353784415381054,0,3,0.45018450184501846,4.7542667708108883,0.37499258328965646,0.54359574924179677,4,0.33962264150943394,0,True,sha256:4a2c40187aa305f82eeaa465655b0c3ed3785d640bcbe97014e69e0226dd31bf,4a2c40187aa305f82eeaa465655b0c3ed3785d640bcbe97014e69e0226dd31bf,seed3_solution043,37,43
daytrader,3,stage3,COHESION,P3,descriptive preference sensitivity,results/stage3/subjects/daytrader/declaration_method_body/formal/seed_03/projected_front_3d.csv,seed3_solution058,0.15991099573126752,0.16353784415381054,0.022177425912083656,3,0.56365313653136528,34.90120614035088,0.4602381478358667,0.48983937356018392,4,0.35849056603773582,0,True,sha256:515d615e08a142178a077229af6e997dde00024fca832fd0045257809e7dbed3,515d615e08a142178a077229af6e997dde00024fca832fd0045257809e7dbed3,seed3_solution058,49,58
daytrader,3,stage3,SEMANTIC,P4,descriptive preference sensitivity,results/stage3/subjects/daytrader/declaration_method_body/formal/seed_03/projected_front_3d.csv,seed3_solution058,0.15991099573126752,0.16353784415381054,0.022177425912083656,3,0.56365313653136528,34.90120614035088,0.4602381478358667,0.48983937356018392,4,0.35849056603773582,0,True,sha256:515d615e08a142178a077229af6e997dde00024fca832fd0045257809e7dbed3,515d615e08a142178a077229af6e997dde00024fca832fd0045257809e7dbed3,seed3_solution058,49,58
daytrader,4,stage2,MODULARITY_ANCHOR,P0,historical/reference modularity anchor,results/stage2/subjects/daytrader/nsga/robustness_final_30seeds/seed_04/pareto_front.csv,seed4_solution042,0.28865762567911663,0.28865762567911663,0,1,0.42573800738007378,7.3237022237022238,0.71797349397888466,0.60020368596578599,9,0.26415094339622641,0.018867924528301886,True,sha256:8f65dc66caac8510d1fd9c947c96f0818736fb7b5fd4531819ee7201012754a8,8f65dc66caac8510d1fd9c947c96f0818736fb7b5fd4531819ee7201012754a8,seed4_solution042,42,
daytrader,4,stage2,BALANCE,P1,primary reporting profile,results/stage2/subjects/daytrader/nsga/robustness_final_30seeds/seed_04/pareto_front.csv,seed4_solution042,0.28865762567911663,0.28865762567911663,0,1,0.42573800738007378,7.3237022237022238,0.71797349397888466,0.60020368596578599,9,0.26415094339622641,0.018867924528301886,True,sha256:8f65dc66caac8510d1fd9c947c96f0818736fb7b5fd4531819ee7201012754a8,8f65dc66caac8510d1fd9c947c96f0818736fb7b5fd4531819ee7201012754a8,seed4_solution042,42,
daytrader,4,stage2,COUPLING,P2,descriptive preference sensitivity,results/stage2/subjects/daytrader/nsga/robustness_final_30seeds/seed_04/pareto_front.csv,seed4_solution042,0.28865762567911663,0.28865762567911663,0,1,0.42573800738007378,7.3237022237022238,0.71797349397888466,0.60020368596578599,9,0.26415094339622641,0.018867924528301886,True,sha256:8f65dc66caac8510d1fd9c947c96f0818736fb7b5fd4531819ee7201012754a8,8f65dc66caac8510d1fd9c947c96f0818736fb7b5fd4531819ee7201012754a8,seed4_solution042,42,
daytrader,4,stage2,COHESION,P3,descriptive preference sensitivity,results/stage2/subjects/daytrader/nsga/robustness_final_30seeds/seed_04/pareto_front.csv,seed4_solution042,0.28865762567911663,0.28865762567911663,0,1,0.42573800738007378,7.3237022237022238,0.71797349397888466,0.60020368596578599,9,0.26415094339622641,0.018867924528301886,True,sha256:8f65dc66caac8510d1fd9c947c96f0818736fb7b5fd4531819ee7201012754a8,8f65dc66caac8510d1fd9c947c96f0818736fb7b5fd4531819ee7201012754a8,seed4_solution042,42,
daytrader,4,stage2,SEMANTIC,P4,descriptive preference sensitivity,results/stage2/subjects/daytrader/nsga/robustness_final_30seeds/seed_04/pareto_front.csv,seed4_solution042,0.28865762567911663,0.28865762567911663,0,1,0.42573800738007378,7.3237022237022238,0.71797349397888466,0.60020368596578599,9,0.26415094339622641,0.018867924528301886,True,sha256:8f65dc66caac8510d1fd9c947c96f0818736fb7b5fd4531819ee7201012754a8,8f65dc66caac8510d1fd9c947c96f0818736fb7b5fd4531819ee7201012754a8,seed4_solution042,42,
daytrader,4,stage3,MODULARITY_ANCHOR,P0,historical/reference modularity anchor,results/stage3/subjects/daytrader/declaration_method_body/formal/seed_04/projected_front_3d.csv,seed4_solution043,0.30470196739559646,0.30470196739559646,0,1,0.44142066420664205,7.2116161616161607,0.65387635664767763,0.622948549963946,10,0.22641509433962265,0,True,sha256:0808ca52f8319ed8458ef1ce885d81a0de50fb4216f8648b3b7f9a70058958c5,0808ca52f8319ed8458ef1ce885d81a0de50fb4216f8648b3b7f9a70058958c5,seed4_solution043,36,43
daytrader,4,stage3,BALANCE,P1,primary reporting profile,results/stage3/subjects/daytrader/declaration_method_body/formal/seed_04/projected_front_3d.csv,seed4_solution043,0.30470196739559646,0.30470196739559646,0,1,0.44142066420664205,7.2116161616161607,0.65387635664767763,0.622948549963946,10,0.22641509433962265,0,True,sha256:0808ca52f8319ed8458ef1ce885d81a0de50fb4216f8648b3b7f9a70058958c5,0808ca52f8319ed8458ef1ce885d81a0de50fb4216f8648b3b7f9a70058958c5,seed4_solution043,36,43
daytrader,4,stage3,COUPLING,P2,descriptive preference sensitivity,results/stage3/subjects/daytrader/declaration_method_body/formal/seed_04/projected_front_3d.csv,seed4_solution043,0.30470196739559646,0.30470196739559646,0,1,0.44142066420664205,7.2116161616161607,0.65387635664767763,0.622948549963946,10,0.22641509433962265,0,True,sha256:0808ca52f8319ed8458ef1ce885d81a0de50fb4216f8648b3b7f9a70058958c5,0808ca52f8319ed8458ef1ce885d81a0de50fb4216f8648b3b7f9a70058958c5,seed4_solution043,36,43
daytrader,4,stage3,COHESION,P3,descriptive preference sensitivity,results/stage3/subjects/daytrader/declaration_method_body/formal/seed_04/projected_front_3d.csv,seed4_solution043,0.30470196739559646,0.30470196739559646,0,1,0.44142066420664205,7.2116161616161607,0.65387635664767763,0.622948549963946,10,0.22641509433962265,0,True,sha256:0808ca52f8319ed8458ef1ce885d81a0de50fb4216f8648b3b7f9a70058958c5,0808ca52f8319ed8458ef1ce885d81a0de50fb4216f8648b3b7f9a70058958c5,seed4_solution043,36,43
daytrader,4,stage3,SEMANTIC,P4,descriptive preference sensitivity,results/stage3/subjects/daytrader/declaration_method_body/formal/seed_04/projected_front_3d.csv,seed4_solution043,0.30470196739559646,0.30470196739559646,0,1,0.44142066420664205,7.2116161616161607,0.65387635664767763,0.622948549963946,10,0.22641509433962265,0,True,sha256:0808ca52f8319ed8458ef1ce885d81a0de50fb4216f8648b3b7f9a70058958c5,0808ca52f8319ed8458ef1ce885d81a0de50fb4216f8648b3b7f9a70058958c5,seed4_solution043,36,43
daytrader,5,stage2,MODULARITY_ANCHOR,P0,historical/reference modularity anchor,results/stage2/subjects/daytrader/nsga/robustness_final_30seeds/seed_05/pareto_front.csv,seed5_solution037,0.17798811290695934,0.17798811290695934,0,1,0.34501845018450183,5.6280864197530862,0.81416788718458177,0.66810918700495914,9,0.30188679245283018,0.037735849056603772,True,sha256:2aacc6a1fa95e00ec9ce53c6192a4b92f819143503a301cf448b4be686873765,2aacc6a1fa95e00ec9ce53c6192a4b92f819143503a301cf448b4be686873765,seed5_solution037,37,
daytrader,5,stage2,BALANCE,P1,primary reporting profile,results/stage2/subjects/daytrader/nsga/robustness_final_30seeds/seed_05/pareto_front.csv,seed5_solution037,0.17798811290695934,0.17798811290695934,0,1,0.34501845018450183,5.6280864197530862,0.81416788718458177,0.66810918700495914,9,0.30188679245283018,0.037735849056603772,True,sha256:2aacc6a1fa95e00ec9ce53c6192a4b92f819143503a301cf448b4be686873765,2aacc6a1fa95e00ec9ce53c6192a4b92f819143503a301cf448b4be686873765,seed5_solution037,37,
daytrader,5,stage2,COUPLING,P2,descriptive preference sensitivity,results/stage2/subjects/daytrader/nsga/robustness_final_30seeds/seed_05/pareto_front.csv,seed5_solution037,0.17798811290695934,0.17798811290695934,0,1,0.34501845018450183,5.6280864197530862,0.81416788718458177,0.66810918700495914,9,0.30188679245283018,0.037735849056603772,True,sha256:2aacc6a1fa95e00ec9ce53c6192a4b92f819143503a301cf448b4be686873765,2aacc6a1fa95e00ec9ce53c6192a4b92f819143503a301cf448b4be686873765,seed5_solution037,37,
daytrader,5,stage2,COHESION,P3,descriptive preference sensitivity,results/stage2/subjects/daytrader/nsga/robustness_final_30seeds/seed_05/pareto_front.csv,seed5_solution037,0.17798811290695934,0.17798811290695934,0,1,0.34501845018450183,5.6280864197530862,0.81416788718458177,0.66810918700495914,9,0.30188679245283018,0.037735849056603772,True,sha256:2aacc6a1fa95e00ec9ce53c6192a4b92f819143503a301cf448b4be686873765,2aacc6a1fa95e00ec9ce53c6192a4b92f819143503a301cf448b4be686873765,seed5_solution037,37,
daytrader,5,stage2,SEMANTIC,P4,descriptive preference sensitivity,results/stage2/subjects/daytrader/nsga/robustness_final_30seeds/seed_05/pareto_front.csv,seed5_solution037,0.17798811290695934,0.17798811290695934,0,1,0.34501845018450183,5.6280864197530862,0.81416788718458177,0.66810918700495914,9,0.30188679245283018,0.037735849056603772,True,sha256:2aacc6a1fa95e00ec9ce53c6192a4b92f819143503a301cf448b4be686873765,2aacc6a1fa95e00ec9ce53c6192a4b92f819143503a301cf448b4be686873765,seed5_solution037,37,
daytrader,5,stage3,MODULARITY_ANCHOR,P0,historical/reference modularity anchor,results/stage3/subjects/daytrader/declaration_method_body/formal/seed_05/projected_front_3d.csv,seed5_solution034,0.31327326101904923,0.31327326101904923,0,3,0.43357933579335795,4.5533648170011807,0.81022303975788257,0.58432734734644742,11,0.22641509433962265,0.075471698113207544,True,sha256:dd32846fb45735dfac1e146571675c812ace86304d73858446ff03645cd8bfa9,dd32846fb45735dfac1e146571675c812ace86304d73858446ff03645cd8bfa9,seed5_solution034,25,34
daytrader,5,stage3,BALANCE,P1,primary reporting profile,results/stage3/subjects/daytrader/declaration_method_body/formal/seed_05/projected_front_3d.csv,seed5_solution035,0.29865534068163546,0.31327326101904923,0.046661883270417058,3,0.44557195571955721,9.2264143264143268,0.79827153967193121,0.59563224221651967,9,0.28301886792452829,0,True,sha256:e96c06b8b24784ba0b6acccfc558c6c81e953a892c6baeda00737ff7a65c6235,e96c06b8b24784ba0b6acccfc558c6c81e953a892c6baeda00737ff7a65c6235,seed5_solution035,26,35
daytrader,5,stage3,COUPLING,P2,descriptive preference sensitivity,results/stage3/subjects/daytrader/declaration_method_body/formal/seed_05/projected_front_3d.csv,seed5_solution032,0.31058062339156584,0.31327326101904923,0.0085951722107545751,3,0.42527675276752769,4.674131928677383,0.83872116116576867,0.56248761180462803,11,0.24528301886792453,0.075471698113207544,True,sha256:991e4bab1861ed36cccf1c4986c4ba04d388bdf2bd473719663a878a9c4dad17,991e4bab1861ed36cccf1c4986c4ba04d388bdf2bd473719663a878a9c4dad17,seed5_solution032,23,32
daytrader,5,stage3,COHESION,P3,descriptive preference sensitivity,results/stage3/subjects/daytrader/declaration_method_body/formal/seed_05/projected_front_3d.csv,seed5_solution035,0.29865534068163546,0.31327326101904923,0.046661883270417058,3,0.44557195571955721,9.2264143264143268,0.79827153967193121,0.59563224221651967,9,0.28301886792452829,0,True,sha256:e96c06b8b24784ba0b6acccfc558c6c81e953a892c6baeda00737ff7a65c6235,e96c06b8b24784ba0b6acccfc558c6c81e953a892c6baeda00737ff7a65c6235,seed5_solution035,26,35
daytrader,5,stage3,SEMANTIC,P4,descriptive preference sensitivity,results/stage3/subjects/daytrader/declaration_method_body/formal/seed_05/projected_front_3d.csv,seed5_solution032,0.31058062339156584,0.31327326101904923,0.0085951722107545751,3,0.42527675276752769,4.674131928677383,0.83872116116576867,0.56248761180462803,11,0.24528301886792453,0.075471698113207544,True,sha256:991e4bab1861ed36cccf1c4986c4ba04d388bdf2bd473719663a878a9c4dad17,991e4bab1861ed36cccf1c4986c4ba04d388bdf2bd473719663a878a9c4dad17,seed5_solution032,23,32
daytrader,6,stage2,MODULARITY_ANCHOR,P0,historical/reference modularity anchor,results/stage2/subjects/daytrader/nsga/robustness_final_30seeds/seed_06/pareto_front.csv,seed6_solution038,0.31986401073650955,0.31986401073650955,0,2,0.42158671586715868,7.6715963049296381,0.71797349397888477,0.58181152128561764,9,0.24528301886792453,0.018867924528301886,True,sha256:b3fd536920ae4cc20d204004da95c0215ec86392558e0ea27112cbe72079322b,b3fd536920ae4cc20d204004da95c0215ec86392558e0ea27112cbe72079322b,seed6_solution038,38,
daytrader,6,stage2,BALANCE,P1,primary reporting profile,results/stage2/subjects/daytrader/nsga/robustness_final_30seeds/seed_06/pareto_front.csv,seed6_solution038,0.31986401073650955,0.31986401073650955,0,2,0.42158671586715868,7.6715963049296381,0.71797349397888477,0.58181152128561764,9,0.24528301886792453,0.018867924528301886,True,sha256:b3fd536920ae4cc20d204004da95c0215ec86392558e0ea27112cbe72079322b,b3fd536920ae4cc20d204004da95c0215ec86392558e0ea27112cbe72079322b,seed6_solution038,38,
daytrader,6,stage2,COUPLING,P2,descriptive preference sensitivity,results/stage2/subjects/daytrader/nsga/robustness_final_30seeds/seed_06/pareto_front.csv,seed6_solution036,0.31953232441687879,0.31986401073650955,0.0010369604222339136,2,0.41236162361623618,6.9686413586413583,0.78726966207641746,0.56596471509061086,10,0.24528301886792453,0.037735849056603772,True,sha256:48a8ec80a40977775c1a6b642ad6c0a76114b73b57b640c7d804558ea2c5a646,48a8ec80a40977775c1a6b642ad6c0a76114b73b57b640c7d804558ea2c5a646,seed6_solution036,36,
daytrader,6,stage2,COHESION,P3,descriptive preference sensitivity,results/stage2/subjects/daytrader/nsga/robustness_final_30seeds/seed_06/pareto_front.csv,seed6_solution038,0.31986401073650955,0.31986401073650955,0,2,0.42158671586715868,7.6715963049296381,0.71797349397888477,0.58181152128561764,9,0.24528301886792453,0.018867924528301886,True,sha256:b3fd536920ae4cc20d204004da95c0215ec86392558e0ea27112cbe72079322b,b3fd536920ae4cc20d204004da95c0215ec86392558e0ea27112cbe72079322b,seed6_solution038,38,
daytrader,6,stage2,SEMANTIC,P4,descriptive preference sensitivity,results/stage2/subjects/daytrader/nsga/robustness_final_30seeds/seed_06/pareto_front.csv,seed6_solution036,0.31953232441687879,0.31986401073650955,0.0010369604222339136,2,0.41236162361623618,6.9686413586413583,0.78726966207641746,0.56596471509061086,10,0.24528301886792453,0.037735849056603772,True,sha256:48a8ec80a40977775c1a6b642ad6c0a76114b73b57b640c7d804558ea2c5a646,48a8ec80a40977775c1a6b642ad6c0a76114b73b57b640c7d804558ea2c5a646,seed6_solution036,36,
daytrader,6,stage3,MODULARITY_ANCHOR,P0,historical/reference modularity anchor,results/stage3/subjects/daytrader/declaration_method_body/formal/seed_06/projected_front_3d.csv,seed6_solution030,0.31407269100366292,0.31407269100366292,0,1,0.42988929889298894,6.423271173271174,0.83872116116576867,0.59149350778491272,11,0.24528301886792453,0.056603773584905662,True,sha256:f5267ed01a94447ba7127c3d2ec3bc15a56e355be527f337bf3405f685dcf4bb,f5267ed01a94447ba7127c3d2ec3bc15a56e355be527f337bf3405f685dcf4bb,seed6_solution030,28,30
daytrader,6,stage3,BALANCE,P1,primary reporting profile,results/stage3/subjects/daytrader/declaration_method_body/formal/seed_06/projected_front_3d.csv,seed6_solution030,0.31407269100366292,0.31407269100366292,0,1,0.42988929889298894,6.423271173271174,0.83872116116576867,0.59149350778491272,11,0.24528301886792453,0.056603773584905662,True,sha256:f5267ed01a94447ba7127c3d2ec3bc15a56e355be527f337bf3405f685dcf4bb,f5267ed01a94447ba7127c3d2ec3bc15a56e355be527f337bf3405f685dcf4bb,seed6_solution030,28,30
daytrader,6,stage3,COUPLING,P2,descriptive preference sensitivity,results/stage3/subjects/daytrader/declaration_method_body/formal/seed_06/projected_front_3d.csv,seed6_solution030,0.31407269100366292,0.31407269100366292,0,1,0.42988929889298894,6.423271173271174,0.83872116116576867,0.59149350778491272,11,0.24528301886792453,0.056603773584905662,True,sha256:f5267ed01a94447ba7127c3d2ec3bc15a56e355be527f337bf3405f685dcf4bb,f5267ed01a94447ba7127c3d2ec3bc15a56e355be527f337bf3405f685dcf4bb,seed6_solution030,28,30
daytrader,6,stage3,COHESION,P3,descriptive preference sensitivity,results/stage3/subjects/daytrader/declaration_method_body/formal/seed_06/projected_front_3d.csv,seed6_solution030,0.31407269100366292,0.31407269100366292,0,1,0.42988929889298894,6.423271173271174,0.83872116116576867,0.59149350778491272,11,0.24528301886792453,0.056603773584905662,True,sha256:f5267ed01a94447ba7127c3d2ec3bc15a56e355be527f337bf3405f685dcf4bb,f5267ed01a94447ba7127c3d2ec3bc15a56e355be527f337bf3405f685dcf4bb,seed6_solution030,28,30
daytrader,6,stage3,SEMANTIC,P4,descriptive preference sensitivity,results/stage3/subjects/daytrader/declaration_method_body/formal/seed_06/projected_front_3d.csv,seed6_solution030,0.31407269100366292,0.31407269100366292,0,1,0.42988929889298894,6.423271173271174,0.83872116116576867,0.59149350778491272,11,0.24528301886792453,0.056603773584905662,True,sha256:f5267ed01a94447ba7127c3d2ec3bc15a56e355be527f337bf3405f685dcf4bb,f5267ed01a94447ba7127c3d2ec3bc15a56e355be527f337bf3405f685dcf4bb,seed6_solution030,28,30
daytrader,7,stage2,MODULARITY_ANCHOR,P0,historical/reference modularity anchor,results/stage2/subjects/daytrader/nsga/robustness_final_30seeds/seed_07/pareto_front.csv,seed7_solution073,0.19136970918832827,0.19136970918832827,0,2,0.59963099630996308,6.9395833333333332,0.34533972108911559,0.73511672612756107,8,0.18867924528301888,0,True,sha256:9de866be7dc163627b213eb803540cc08ae7229aabaeda8997458b2adcbbf980,9de866be7dc163627b213eb803540cc08ae7229aabaeda8997458b2adcbbf980,seed7_solution073,73,
daytrader,7,stage2,BALANCE,P1,primary reporting profile,results/stage2/subjects/daytrader/nsga/robustness_final_30seeds/seed_07/pareto_front.csv,seed7_solution074,0.18738011209678532,0.19136970918832827,0.02084758924734928,2,0.60332103321033215,6.599503968253968,0.32843198463262663,0.74633925477584195,8,0.18867924528301888,0,True,sha256:adc8efbf959157516ac20b0de6984b0b1b42113f1dfafe767ed3f691d19ca3f4,adc8efbf959157516ac20b0de6984b0b1b42113f1dfafe767ed3f691d19ca3f4,seed7_solution074,74,
daytrader,7,stage2,COUPLING,P2,descriptive preference sensitivity,results/stage2/subjects/daytrader/nsga/robustness_final_30seeds/seed_07/pareto_front.csv,seed7_solution073,0.19136970918832827,0.19136970918832827,0,2,0.59963099630996308,6.9395833333333332,0.34533972108911559,0.73511672612756107,8,0.18867924528301888,0,True,sha256:9de866be7dc163627b213eb803540cc08ae7229aabaeda8997458b2adcbbf980,9de866be7dc163627b213eb803540cc08ae7229aabaeda8997458b2adcbbf980,seed7_solution073,73,
daytrader,7,stage2,COHESION,P3,descriptive preference sensitivity,results/stage2/subjects/daytrader/nsga/robustness_final_30seeds/seed_07/pareto_front.csv,seed7_solution073,0.19136970918832827,0.19136970918832827,0,2,0.59963099630996308,6.9395833333333332,0.34533972108911559,0.73511672612756107,8,0.18867924528301888,0,True,sha256:9de866be7dc163627b213eb803540cc08ae7229aabaeda8997458b2adcbbf980,9de866be7dc163627b213eb803540cc08ae7229aabaeda8997458b2adcbbf980,seed7_solution073,73,
daytrader,7,stage2,SEMANTIC,P4,descriptive preference sensitivity,results/stage2/subjects/daytrader/nsga/robustness_final_30seeds/seed_07/pareto_front.csv,seed7_solution073,0.19136970918832827,0.19136970918832827,0,2,0.59963099630996308,6.9395833333333332,0.34533972108911559,0.73511672612756107,8,0.18867924528301888,0,True,sha256:9de866be7dc163627b213eb803540cc08ae7229aabaeda8997458b2adcbbf980,9de866be7dc163627b213eb803540cc08ae7229aabaeda8997458b2adcbbf980,seed7_solution073,73,
daytrader,7,stage3,MODULARITY_ANCHOR,P0,historical/reference modularity anchor,results/stage3/subjects/daytrader/declaration_method_body/formal/seed_07/projected_front_3d.csv,seed7_solution038,0.321762643652728,0.321762643652728,0,1,0.40959409594095941,6.6752429388793022,0.92317960926226927,0.54686906915457834,11,0.26415094339622641,0.075471698113207544,True,sha256:c37eb48846ac30db5be26e50f8f2f3c6420ff624aa770aa2e7dd6ed7a265ead9,c37eb48846ac30db5be26e50f8f2f3c6420ff624aa770aa2e7dd6ed7a265ead9,seed7_solution038,30,38
daytrader,7,stage3,BALANCE,P1,primary reporting profile,results/stage3/subjects/daytrader/declaration_method_body/formal/seed_07/projected_front_3d.csv,seed7_solution038,0.321762643652728,0.321762643652728,0,1,0.40959409594095941,6.6752429388793022,0.92317960926226927,0.54686906915457834,11,0.26415094339622641,0.075471698113207544,True,sha256:c37eb48846ac30db5be26e50f8f2f3c6420ff624aa770aa2e7dd6ed7a265ead9,c37eb48846ac30db5be26e50f8f2f3c6420ff624aa770aa2e7dd6ed7a265ead9,seed7_solution038,30,38
daytrader,7,stage3,COUPLING,P2,descriptive preference sensitivity,results/stage3/subjects/daytrader/declaration_method_body/formal/seed_07/projected_front_3d.csv,seed7_solution038,0.321762643652728,0.321762643652728,0,1,0.40959409594095941,6.6752429388793022,0.92317960926226927,0.54686906915457834,11,0.26415094339622641,0.075471698113207544,True,sha256:c37eb48846ac30db5be26e50f8f2f3c6420ff624aa770aa2e7dd6ed7a265ead9,c37eb48846ac30db5be26e50f8f2f3c6420ff624aa770aa2e7dd6ed7a265ead9,seed7_solution038,30,38
daytrader,7,stage3,COHESION,P3,descriptive preference sensitivity,results/stage3/subjects/daytrader/declaration_method_body/formal/seed_07/projected_front_3d.csv,seed7_solution038,0.321762643652728,0.321762643652728,0,1,0.40959409594095941,6.6752429388793022,0.92317960926226927,0.54686906915457834,11,0.26415094339622641,0.075471698113207544,True,sha256:c37eb48846ac30db5be26e50f8f2f3c6420ff624aa770aa2e7dd6ed7a265ead9,c37eb48846ac30db5be26e50f8f2f3c6420ff624aa770aa2e7dd6ed7a265ead9,seed7_solution038,30,38
daytrader,7,stage3,SEMANTIC,P4,descriptive preference sensitivity,results/stage3/subjects/daytrader/declaration_method_body/formal/seed_07/projected_front_3d.csv,seed7_solution038,0.321762643652728,0.321762643652728,0,1,0.40959409594095941,6.6752429388793022,0.92317960926226927,0.54686906915457834,11,0.26415094339622641,0.075471698113207544,True,sha256:c37eb48846ac30db5be26e50f8f2f3c6420ff624aa770aa2e7dd6ed7a265ead9,c37eb48846ac30db5be26e50f8f2f3c6420ff624aa770aa2e7dd6ed7a265ead9,seed7_solution038,30,38
daytrader,8,stage2,MODULARITY_ANCHOR,P0,historical/reference modularity anchor,results/stage2/subjects/daytrader/nsga/robustness_final_30seeds/seed_08/pareto_front.csv,seed8_solution052,0.30536289334295563,0.30536289334295563,0,1,0.44234317343173429,5.452452408702408,0.60347870157431982,0.63157312385646613,8,0.24528301886792453,0.018867924528301886,True,sha256:6bc003cf411ce1eef005f605b674225f83e2168b247777e81ae03c46681861c6,6bc003cf411ce1eef005f605b674225f83e2168b247777e81ae03c46681861c6,seed8_solution052,52,
daytrader,8,stage2,BALANCE,P1,primary reporting profile,results/stage2/subjects/daytrader/nsga/robustness_final_30seeds/seed_08/pareto_front.csv,seed8_solution052,0.30536289334295563,0.30536289334295563,0,1,0.44234317343173429,5.452452408702408,0.60347870157431982,0.63157312385646613,8,0.24528301886792453,0.018867924528301886,True,sha256:6bc003cf411ce1eef005f605b674225f83e2168b247777e81ae03c46681861c6,6bc003cf411ce1eef005f605b674225f83e2168b247777e81ae03c46681861c6,seed8_solution052,52,
daytrader,8,stage2,COUPLING,P2,descriptive preference sensitivity,results/stage2/subjects/daytrader/nsga/robustness_final_30seeds/seed_08/pareto_front.csv,seed8_solution052,0.30536289334295563,0.30536289334295563,0,1,0.44234317343173429,5.452452408702408,0.60347870157431982,0.63157312385646613,8,0.24528301886792453,0.018867924528301886,True,sha256:6bc003cf411ce1eef005f605b674225f83e2168b247777e81ae03c46681861c6,6bc003cf411ce1eef005f605b674225f83e2168b247777e81ae03c46681861c6,seed8_solution052,52,
daytrader,8,stage2,COHESION,P3,descriptive preference sensitivity,results/stage2/subjects/daytrader/nsga/robustness_final_30seeds/seed_08/pareto_front.csv,seed8_solution052,0.30536289334295563,0.30536289334295563,0,1,0.44234317343173429,5.452452408702408,0.60347870157431982,0.63157312385646613,8,0.24528301886792453,0.018867924528301886,True,sha256:6bc003cf411ce1eef005f605b674225f83e2168b247777e81ae03c46681861c6,6bc003cf411ce1eef005f605b674225f83e2168b247777e81ae03c46681861c6,seed8_solution052,52,
daytrader,8,stage2,SEMANTIC,P4,descriptive preference sensitivity,results/stage2/subjects/daytrader/nsga/robustness_final_30seeds/seed_08/pareto_front.csv,seed8_solution052,0.30536289334295563,0.30536289334295563,0,1,0.44234317343173429,5.452452408702408,0.60347870157431982,0.63157312385646613,8,0.24528301886792453,0.018867924528301886,True,sha256:6bc003cf411ce1eef005f605b674225f83e2168b247777e81ae03c46681861c6,6bc003cf411ce1eef005f605b674225f83e2168b247777e81ae03c46681861c6,seed8_solution052,52,
daytrader,8,stage3,MODULARITY_ANCHOR,P0,historical/reference modularity anchor,results/stage3/subjects/daytrader/declaration_method_body/formal/seed_08/projected_front_3d.csv,seed8_solution042,0.15980663900273692,0.15980663900273692,0,1,0.53182656826568264,13.224944561157796,0.69555881476100989,0.78253928018257002,8,0.32075471698113206,0,True,sha256:1c6afd570005fbca8b0c914c6c35be66b6bb612d64e9499afea1aebe575bcab1,1c6afd570005fbca8b0c914c6c35be66b6bb612d64e9499afea1aebe575bcab1,seed8_solution042,36,42
daytrader,8,stage3,BALANCE,P1,primary reporting profile,results/stage3/subjects/daytrader/declaration_method_body/formal/seed_08/projected_front_3d.csv,seed8_solution042,0.15980663900273692,0.15980663900273692,0,1,0.53182656826568264,13.224944561157796,0.69555881476100989,0.78253928018257002,8,0.32075471698113206,0,True,sha256:1c6afd570005fbca8b0c914c6c35be66b6bb612d64e9499afea1aebe575bcab1,1c6afd570005fbca8b0c914c6c35be66b6bb612d64e9499afea1aebe575bcab1,seed8_solution042,36,42
daytrader,8,stage3,COUPLING,P2,descriptive preference sensitivity,results/stage3/subjects/daytrader/declaration_method_body/formal/seed_08/projected_front_3d.csv,seed8_solution042,0.15980663900273692,0.15980663900273692,0,1,0.53182656826568264,13.224944561157796,0.69555881476100989,0.78253928018257002,8,0.32075471698113206,0,True,sha256:1c6afd570005fbca8b0c914c6c35be66b6bb612d64e9499afea1aebe575bcab1,1c6afd570005fbca8b0c914c6c35be66b6bb612d64e9499afea1aebe575bcab1,seed8_solution042,36,42
daytrader,8,stage3,COHESION,P3,descriptive preference sensitivity,results/stage3/subjects/daytrader/declaration_method_body/formal/seed_08/projected_front_3d.csv,seed8_solution042,0.15980663900273692,0.15980663900273692,0,1,0.53182656826568264,13.224944561157796,0.69555881476100989,0.78253928018257002,8,0.32075471698113206,0,True,sha256:1c6afd570005fbca8b0c914c6c35be66b6bb612d64e9499afea1aebe575bcab1,1c6afd570005fbca8b0c914c6c35be66b6bb612d64e9499afea1aebe575bcab1,seed8_solution042,36,42
daytrader,8,stage3,SEMANTIC,P4,descriptive preference sensitivity,results/stage3/subjects/daytrader/declaration_method_body/formal/seed_08/projected_front_3d.csv,seed8_solution042,0.15980663900273692,0.15980663900273692,0,1,0.53182656826568264,13.224944561157796,0.69555881476100989,0.78253928018257002,8,0.32075471698113206,0,True,sha256:1c6afd570005fbca8b0c914c6c35be66b6bb612d64e9499afea1aebe575bcab1,1c6afd570005fbca8b0c914c6c35be66b6bb612d64e9499afea1aebe575bcab1,seed8_solution042,36,42
daytrader,9,stage2,MODULARITY_ANCHOR,P0,historical/reference modularity anchor,results/stage2/subjects/daytrader/nsga/robustness_final_30seeds/seed_09/pareto_front.csv,seed9_solution050,0.27008223437861684,0.27008223437861684,0,2,0.47924354243542433,6.4848484848484853,0.6426183534311849,0.68934773790220283,9,0.20754716981132076,0.037735849056603772,True,sha256:0ef668552b3f96dbe92d7605d2103390ca501d3c60f74eb6486e03682e01125f,0ef668552b3f96dbe92d7605d2103390ca501d3c60f74eb6486e03682e01125f,seed9_solution050,50,
daytrader,9,stage2,BALANCE,P1,primary reporting profile,results/stage2/subjects/daytrader/nsga/robustness_final_30seeds/seed_09/pareto_front.csv,seed9_solution051,0.26719854202693322,0.27008223437861684,0.010677090103013195,2,0.48385608856088563,6.508658008658009,0.60671453550239718,0.70495173071528205,9,0.20754716981132076,0.018867924528301886,True,sha256:da9d7c1e101770abbb4f7e12ad2649e0b2c78676639cf349bc8a182119c7b198,da9d7c1e101770abbb4f7e12ad2649e0b2c78676639cf349bc8a182119c7b198,seed9_solution051,51,
daytrader,9,stage2,COUPLING,P2,descriptive preference sensitivity,results/stage2/subjects/daytrader/nsga/robustness_final_30seeds/seed_09/pareto_front.csv,seed9_solution050,0.27008223437861684,0.27008223437861684,0,2,0.47924354243542433,6.4848484848484853,0.6426183534311849,0.68934773790220283,9,0.20754716981132076,0.037735849056603772,True,sha256:0ef668552b3f96dbe92d7605d2103390ca501d3c60f74eb6486e03682e01125f,0ef668552b3f96dbe92d7605d2103390ca501d3c60f74eb6486e03682e01125f,seed9_solution050,50,
daytrader,9,stage2,COHESION,P3,descriptive preference sensitivity,results/stage2/subjects/daytrader/nsga/robustness_final_30seeds/seed_09/pareto_front.csv,seed9_solution051,0.26719854202693322,0.27008223437861684,0.010677090103013195,2,0.48385608856088563,6.508658008658009,0.60671453550239718,0.70495173071528205,9,0.20754716981132076,0.018867924528301886,True,sha256:da9d7c1e101770abbb4f7e12ad2649e0b2c78676639cf349bc8a182119c7b198,da9d7c1e101770abbb4f7e12ad2649e0b2c78676639cf349bc8a182119c7b198,seed9_solution051,51,
daytrader,9,stage2,SEMANTIC,P4,descriptive preference sensitivity,results/stage2/subjects/daytrader/nsga/robustness_final_30seeds/seed_09/pareto_front.csv,seed9_solution050,0.27008223437861684,0.27008223437861684,0,2,0.47924354243542433,6.4848484848484853,0.6426183534311849,0.68934773790220283,9,0.20754716981132076,0.037735849056603772,True,sha256:0ef668552b3f96dbe92d7605d2103390ca501d3c60f74eb6486e03682e01125f,0ef668552b3f96dbe92d7605d2103390ca501d3c60f74eb6486e03682e01125f,seed9_solution050,50,
daytrader,9,stage3,MODULARITY_ANCHOR,P0,historical/reference modularity anchor,results/stage3/subjects/daytrader/declaration_method_body/formal/seed_09/projected_front_3d.csv,seed9_solution034,0.32145882834520229,0.32145882834520229,0,1,0.42250922509225092,7.0262626262626258,0.7735849056603773,0.55062324798047635,10,0.22641509433962265,0.037735849056603772,True,sha256:bdc603ca0b3cde39d2e5875323e3901b20d6dbfa1f77dbec9a31636531ef7039,bdc603ca0b3cde39d2e5875323e3901b20d6dbfa1f77dbec9a31636531ef7039,seed9_solution034,27,34
daytrader,9,stage3,BALANCE,P1,primary reporting profile,results/stage3/subjects/daytrader/declaration_method_body/formal/seed_09/projected_front_3d.csv,seed9_solution034,0.32145882834520229,0.32145882834520229,0,1,0.42250922509225092,7.0262626262626258,0.7735849056603773,0.55062324798047635,10,0.22641509433962265,0.037735849056603772,True,sha256:bdc603ca0b3cde39d2e5875323e3901b20d6dbfa1f77dbec9a31636531ef7039,bdc603ca0b3cde39d2e5875323e3901b20d6dbfa1f77dbec9a31636531ef7039,seed9_solution034,27,34
daytrader,9,stage3,COUPLING,P2,descriptive preference sensitivity,results/stage3/subjects/daytrader/declaration_method_body/formal/seed_09/projected_front_3d.csv,seed9_solution034,0.32145882834520229,0.32145882834520229,0,1,0.42250922509225092,7.0262626262626258,0.7735849056603773,0.55062324798047635,10,0.22641509433962265,0.037735849056603772,True,sha256:bdc603ca0b3cde39d2e5875323e3901b20d6dbfa1f77dbec9a31636531ef7039,bdc603ca0b3cde39d2e5875323e3901b20d6dbfa1f77dbec9a31636531ef7039,seed9_solution034,27,34
daytrader,9,stage3,COHESION,P3,descriptive preference sensitivity,results/stage3/subjects/daytrader/declaration_method_body/formal/seed_09/projected_front_3d.csv,seed9_solution034,0.32145882834520229,0.32145882834520229,0,1,0.42250922509225092,7.0262626262626258,0.7735849056603773,0.55062324798047635,10,0.22641509433962265,0.037735849056603772,True,sha256:bdc603ca0b3cde39d2e5875323e3901b20d6dbfa1f77dbec9a31636531ef7039,bdc603ca0b3cde39d2e5875323e3901b20d6dbfa1f77dbec9a31636531ef7039,seed9_solution034,27,34
daytrader,9,stage3,SEMANTIC,P4,descriptive preference sensitivity,results/stage3/subjects/daytrader/declaration_method_body/formal/seed_09/projected_front_3d.csv,seed9_solution034,0.32145882834520229,0.32145882834520229,0,1,0.42250922509225092,7.0262626262626258,0.7735849056603773,0.55062324798047635,10,0.22641509433962265,0.037735849056603772,True,sha256:bdc603ca0b3cde39d2e5875323e3901b20d6dbfa1f77dbec9a31636531ef7039,bdc603ca0b3cde39d2e5875323e3901b20d6dbfa1f77dbec9a31636531ef7039,seed9_solution034,27,34
daytrader,10,stage2,MODULARITY_ANCHOR,P0,historical/reference modularity anchor,results/stage2/subjects/daytrader/nsga/robustness_final_30seeds/seed_10/pareto_front.csv,seed10_solution038,0.29386684549502312,0.29386684549502312,0,2,0.45525830258302585,8.0281385281385287,0.6203502725574942,0.66605837618065145,10,0.22641509433962265,0,True,sha256:177658503c5461583a53fb1a8ca64fd8aa6ef1c83a6c32f32c22f820da3cf65c,177658503c5461583a53fb1a8ca64fd8aa6ef1c83a6c32f32c22f820da3cf65c,seed10_solution038,38,
daytrader,10,stage2,BALANCE,P1,primary reporting profile,results/stage2/subjects/daytrader/nsga/robustness_final_30seeds/seed_10/pareto_front.csv,seed10_solution040,0.28485833866641241,0.29386684549502312,0.030655063566071027,2,0.46632841328413283,8.0498051948051952,0.58490566037735847,0.69043089661912782,10,0.22641509433962265,0,True,sha256:6ad9ebd4bae084e919d605768c3f2e4d1ed2c2d130a01533b22bd065bdb413b3,6ad9ebd4bae084e919d605768c3f2e4d1ed2c2d130a01533b22bd065bdb413b3,seed10_solution040,40,
daytrader,10,stage2,COUPLING,P2,descriptive preference sensitivity,results/stage2/subjects/daytrader/nsga/robustness_final_30seeds/seed_10/pareto_front.csv,seed10_solution038,0.29386684549502312,0.29386684549502312,0,2,0.45525830258302585,8.0281385281385287,0.6203502725574942,0.66605837618065145,10,0.22641509433962265,0,True,sha256:177658503c5461583a53fb1a8ca64fd8aa6ef1c83a6c32f32c22f820da3cf65c,177658503c5461583a53fb1a8ca64fd8aa6ef1c83a6c32f32c22f820da3cf65c,seed10_solution038,38,
daytrader,10,stage2,COHESION,P3,descriptive preference sensitivity,results/stage2/subjects/daytrader/nsga/robustness_final_30seeds/seed_10/pareto_front.csv,seed10_solution040,0.28485833866641241,0.29386684549502312,0.030655063566071027,2,0.46632841328413283,8.0498051948051952,0.58490566037735847,0.69043089661912782,10,0.22641509433962265,0,True,sha256:6ad9ebd4bae084e919d605768c3f2e4d1ed2c2d130a01533b22bd065bdb413b3,6ad9ebd4bae084e919d605768c3f2e4d1ed2c2d130a01533b22bd065bdb413b3,seed10_solution040,40,
daytrader,10,stage2,SEMANTIC,P4,descriptive preference sensitivity,results/stage2/subjects/daytrader/nsga/robustness_final_30seeds/seed_10/pareto_front.csv,seed10_solution038,0.29386684549502312,0.29386684549502312,0,2,0.45525830258302585,8.0281385281385287,0.6203502725574942,0.66605837618065145,10,0.22641509433962265,0,True,sha256:177658503c5461583a53fb1a8ca64fd8aa6ef1c83a6c32f32c22f820da3cf65c,177658503c5461583a53fb1a8ca64fd8aa6ef1c83a6c32f32c22f820da3cf65c,seed10_solution038,38,
daytrader,10,stage3,MODULARITY_ANCHOR,P0,historical/reference modularity anchor,results/stage3/subjects/daytrader/declaration_method_body/formal/seed_10/projected_front_3d.csv,seed10_solution032,0.32120075553845934,0.32120075553845934,0,1,0.42204797047970477,8.4207944832944825,0.64895786875169204,0.53444077439510163,8,0.24528301886792453,0.018867924528301886,True,sha256:02ece0da6a48d747b68635561f52831909b7efc4878b398d10bae57df6e35bdc,02ece0da6a48d747b68635561f52831909b7efc4878b398d10bae57df6e35bdc,seed10_solution032,23,32
daytrader,10,stage3,BALANCE,P1,primary reporting profile,results/stage3/subjects/daytrader/declaration_method_body/formal/seed_10/projected_front_3d.csv,seed10_solution032,0.32120075553845934,0.32120075553845934,0,1,0.42204797047970477,8.4207944832944825,0.64895786875169204,0.53444077439510163,8,0.24528301886792453,0.018867924528301886,True,sha256:02ece0da6a48d747b68635561f52831909b7efc4878b398d10bae57df6e35bdc,02ece0da6a48d747b68635561f52831909b7efc4878b398d10bae57df6e35bdc,seed10_solution032,23,32
daytrader,10,stage3,COUPLING,P2,descriptive preference sensitivity,results/stage3/subjects/daytrader/declaration_method_body/formal/seed_10/projected_front_3d.csv,seed10_solution032,0.32120075553845934,0.32120075553845934,0,1,0.42204797047970477,8.4207944832944825,0.64895786875169204,0.53444077439510163,8,0.24528301886792453,0.018867924528301886,True,sha256:02ece0da6a48d747b68635561f52831909b7efc4878b398d10bae57df6e35bdc,02ece0da6a48d747b68635561f52831909b7efc4878b398d10bae57df6e35bdc,seed10_solution032,23,32
daytrader,10,stage3,COHESION,P3,descriptive preference sensitivity,results/stage3/subjects/daytrader/declaration_method_body/formal/seed_10/projected_front_3d.csv,seed10_solution032,0.32120075553845934,0.32120075553845934,0,1,0.42204797047970477,8.4207944832944825,0.64895786875169204,0.53444077439510163,8,0.24528301886792453,0.018867924528301886,True,sha256:02ece0da6a48d747b68635561f52831909b7efc4878b398d10bae57df6e35bdc,02ece0da6a48d747b68635561f52831909b7efc4878b398d10bae57df6e35bdc,seed10_solution032,23,32
daytrader,10,stage3,SEMANTIC,P4,descriptive preference sensitivity,results/stage3/subjects/daytrader/declaration_method_body/formal/seed_10/projected_front_3d.csv,seed10_solution032,0.32120075553845934,0.32120075553845934,0,1,0.42204797047970477,8.4207944832944825,0.64895786875169204,0.53444077439510163,8,0.24528301886792453,0.018867924528301886,True,sha256:02ece0da6a48d747b68635561f52831909b7efc4878b398d10bae57df6e35bdc,02ece0da6a48d747b68635561f52831909b7efc4878b398d10bae57df6e35bdc,seed10_solution032,23,32
daytrader,11,stage2,MODULARITY_ANCHOR,P0,historical/reference modularity anchor,results/stage2/subjects/daytrader/nsga/robustness_final_30seeds/seed_11/pareto_front.csv,seed11_solution061,0.17239093285766802,0.17239093285766802,0,1,0.57702952029520294,23.901388888888889,0.60406832428611767,0.7654203450148932,6,0.30188679245283018,0,True,sha256:f06ffd86c91f9da49f8bc495da702ee38dd1608b5b7828b667c445440605d990,f06ffd86c91f9da49f8bc495da702ee38dd1608b5b7828b667c445440605d990,seed11_solution061,61,
daytrader,11,stage2,BALANCE,P1,primary reporting profile,results/stage2/subjects/daytrader/nsga/robustness_final_30seeds/seed_11/pareto_front.csv,seed11_solution061,0.17239093285766802,0.17239093285766802,0,1,0.57702952029520294,23.901388888888889,0.60406832428611767,0.7654203450148932,6,0.30188679245283018,0,True,sha256:f06ffd86c91f9da49f8bc495da702ee38dd1608b5b7828b667c445440605d990,f06ffd86c91f9da49f8bc495da702ee38dd1608b5b7828b667c445440605d990,seed11_solution061,61,
daytrader,11,stage2,COUPLING,P2,descriptive preference sensitivity,results/stage2/subjects/daytrader/nsga/robustness_final_30seeds/seed_11/pareto_front.csv,seed11_solution061,0.17239093285766802,0.17239093285766802,0,1,0.57702952029520294,23.901388888888889,0.60406832428611767,0.7654203450148932,6,0.30188679245283018,0,True,sha256:f06ffd86c91f9da49f8bc495da702ee38dd1608b5b7828b667c445440605d990,f06ffd86c91f9da49f8bc495da702ee38dd1608b5b7828b667c445440605d990,seed11_solution061,61,
daytrader,11,stage2,COHESION,P3,descriptive preference sensitivity,results/stage2/subjects/daytrader/nsga/robustness_final_30seeds/seed_11/pareto_front.csv,seed11_solution061,0.17239093285766802,0.17239093285766802,0,1,0.57702952029520294,23.901388888888889,0.60406832428611767,0.7654203450148932,6,0.30188679245283018,0,True,sha256:f06ffd86c91f9da49f8bc495da702ee38dd1608b5b7828b667c445440605d990,f06ffd86c91f9da49f8bc495da702ee38dd1608b5b7828b667c445440605d990,seed11_solution061,61,
daytrader,11,stage2,SEMANTIC,P4,descriptive preference sensitivity,results/stage2/subjects/daytrader/nsga/robustness_final_30seeds/seed_11/pareto_front.csv,seed11_solution061,0.17239093285766802,0.17239093285766802,0,1,0.57702952029520294,23.901388888888889,0.60406832428611767,0.7654203450148932,6,0.30188679245283018,0,True,sha256:f06ffd86c91f9da49f8bc495da702ee38dd1608b5b7828b667c445440605d990,f06ffd86c91f9da49f8bc495da702ee38dd1608b5b7828b667c445440605d990,seed11_solution061,61,
daytrader,11,stage3,MODULARITY_ANCHOR,P0,historical/reference modularity anchor,results/stage3/subjects/daytrader/declaration_method_body/formal/seed_11/projected_front_3d.csv,seed11_solution030,0.31499094511240311,0.31499094511240311,0,2,0.43588560885608857,6.0699374699374697,0.6426183534311849,0.56736347025748857,9,0.22641509433962265,0.018867924528301886,True,sha256:893a63f2bd3bc119843cb2530963f4267b65af2fd837392ea6c329853a74a2be,893a63f2bd3bc119843cb2530963f4267b65af2fd837392ea6c329853a74a2be,seed11_solution030,21,30
daytrader,11,stage3,BALANCE,P1,primary reporting profile,results/stage3/subjects/daytrader/declaration_method_body/formal/seed_11/projected_front_3d.csv,seed11_solution030,0.31499094511240311,0.31499094511240311,0,2,0.43588560885608857,6.0699374699374697,0.6426183534311849,0.56736347025748857,9,0.22641509433962265,0.018867924528301886,True,sha256:893a63f2bd3bc119843cb2530963f4267b65af2fd837392ea6c329853a74a2be,893a63f2bd3bc119843cb2530963f4267b65af2fd837392ea6c329853a74a2be,seed11_solution030,21,30
daytrader,11,stage3,COUPLING,P2,descriptive preference sensitivity,results/stage3/subjects/daytrader/declaration_method_body/formal/seed_11/projected_front_3d.csv,seed11_solution030,0.31499094511240311,0.31499094511240311,0,2,0.43588560885608857,6.0699374699374697,0.6426183534311849,0.56736347025748857,9,0.22641509433962265,0.018867924528301886,True,sha256:893a63f2bd3bc119843cb2530963f4267b65af2fd837392ea6c329853a74a2be,893a63f2bd3bc119843cb2530963f4267b65af2fd837392ea6c329853a74a2be,seed11_solution030,21,30
daytrader,11,stage3,COHESION,P3,descriptive preference sensitivity,results/stage3/subjects/daytrader/declaration_method_body/formal/seed_11/projected_front_3d.csv,seed11_solution031,0.30556501136967085,0.31499094511240311,0.029924459382058299,2,0.44880073800738007,6.1445813445813444,0.64758499251813251,0.5501636319628378,9,0.24528301886792453,0.018867924528301886,True,sha256:25a2b3d154f72a4a63d245bf476dea14f5fe7534f61dd547abcc71aa68b9b698,25a2b3d154f72a4a63d245bf476dea14f5fe7534f61dd547abcc71aa68b9b698,seed11_solution031,22,31
daytrader,11,stage3,SEMANTIC,P4,descriptive preference sensitivity,results/stage3/subjects/daytrader/declaration_method_body/formal/seed_11/projected_front_3d.csv,seed11_solution031,0.30556501136967085,0.31499094511240311,0.029924459382058299,2,0.44880073800738007,6.1445813445813444,0.64758499251813251,0.5501636319628378,9,0.24528301886792453,0.018867924528301886,True,sha256:25a2b3d154f72a4a63d245bf476dea14f5fe7534f61dd547abcc71aa68b9b698,25a2b3d154f72a4a63d245bf476dea14f5fe7534f61dd547abcc71aa68b9b698,seed11_solution031,22,31
daytrader,12,stage2,MODULARITY_ANCHOR,P0,historical/reference modularity anchor,results/stage2/subjects/daytrader/nsga/robustness_final_30seeds/seed_12/pareto_front.csv,seed12_solution034,0.30005814616494875,0.30005814616494875,0,1,0.43726937269372695,5.6718073593073592,0.51152610232928142,0.58332978004933977,8,0.22641509433962265,0,True,sha256:e3f4bd29cfa1ce7792985270bc326e50e73d8ddf60d7756694c6e5fcfc584170,e3f4bd29cfa1ce7792985270bc326e50e73d8ddf60d7756694c6e5fcfc584170,seed12_solution034,34,
daytrader,12,stage2,BALANCE,P1,primary reporting profile,results/stage2/subjects/daytrader/nsga/robustness_final_30seeds/seed_12/pareto_front.csv,seed12_solution034,0.30005814616494875,0.30005814616494875,0,1,0.43726937269372695,5.6718073593073592,0.51152610232928142,0.58332978004933977,8,0.22641509433962265,0,True,sha256:e3f4bd29cfa1ce7792985270bc326e50e73d8ddf60d7756694c6e5fcfc584170,e3f4bd29cfa1ce7792985270bc326e50e73d8ddf60d7756694c6e5fcfc584170,seed12_solution034,34,
daytrader,12,stage2,COUPLING,P2,descriptive preference sensitivity,results/stage2/subjects/daytrader/nsga/robustness_final_30seeds/seed_12/pareto_front.csv,seed12_solution034,0.30005814616494875,0.30005814616494875,0,1,0.43726937269372695,5.6718073593073592,0.51152610232928142,0.58332978004933977,8,0.22641509433962265,0,True,sha256:e3f4bd29cfa1ce7792985270bc326e50e73d8ddf60d7756694c6e5fcfc584170,e3f4bd29cfa1ce7792985270bc326e50e73d8ddf60d7756694c6e5fcfc584170,seed12_solution034,34,
daytrader,12,stage2,COHESION,P3,descriptive preference sensitivity,results/stage2/subjects/daytrader/nsga/robustness_final_30seeds/seed_12/pareto_front.csv,seed12_solution034,0.30005814616494875,0.30005814616494875,0,1,0.43726937269372695,5.6718073593073592,0.51152610232928142,0.58332978004933977,8,0.22641509433962265,0,True,sha256:e3f4bd29cfa1ce7792985270bc326e50e73d8ddf60d7756694c6e5fcfc584170,e3f4bd29cfa1ce7792985270bc326e50e73d8ddf60d7756694c6e5fcfc584170,seed12_solution034,34,
daytrader,12,stage2,SEMANTIC,P4,descriptive preference sensitivity,results/stage2/subjects/daytrader/nsga/robustness_final_30seeds/seed_12/pareto_front.csv,seed12_solution034,0.30005814616494875,0.30005814616494875,0,1,0.43726937269372695,5.6718073593073592,0.51152610232928142,0.58332978004933977,8,0.22641509433962265,0,True,sha256:e3f4bd29cfa1ce7792985270bc326e50e73d8ddf60d7756694c6e5fcfc584170,e3f4bd29cfa1ce7792985270bc326e50e73d8ddf60d7756694c6e5fcfc584170,seed12_solution034,34,
daytrader,12,stage3,MODULARITY_ANCHOR,P0,historical/reference modularity anchor,results/stage3/subjects/daytrader/declaration_method_body/formal/seed_12/projected_front_3d.csv,seed12_solution031,0.30174849113574181,0.30174849113574181,0,1,0.42158671586715868,6.9447688674961405,0.91465657687100554,0.58889642725379909,11,0.26415094339622641,0.056603773584905662,True,sha256:aa65abd6fabe8c945f88257e16e09f1fc057067f5d5964da8d437ea3cffd89ec,aa65abd6fabe8c945f88257e16e09f1fc057067f5d5964da8d437ea3cffd89ec,seed12_solution031,26,31
daytrader,12,stage3,BALANCE,P1,primary reporting profile,results/stage3/subjects/daytrader/declaration_method_body/formal/seed_12/projected_front_3d.csv,seed12_solution031,0.30174849113574181,0.30174849113574181,0,1,0.42158671586715868,6.9447688674961405,0.91465657687100554,0.58889642725379909,11,0.26415094339622641,0.056603773584905662,True,sha256:aa65abd6fabe8c945f88257e16e09f1fc057067f5d5964da8d437ea3cffd89ec,aa65abd6fabe8c945f88257e16e09f1fc057067f5d5964da8d437ea3cffd89ec,seed12_solution031,26,31
daytrader,12,stage3,COUPLING,P2,descriptive preference sensitivity,results/stage3/subjects/daytrader/declaration_method_body/formal/seed_12/projected_front_3d.csv,seed12_solution031,0.30174849113574181,0.30174849113574181,0,1,0.42158671586715868,6.9447688674961405,0.91465657687100554,0.58889642725379909,11,0.26415094339622641,0.056603773584905662,True,sha256:aa65abd6fabe8c945f88257e16e09f1fc057067f5d5964da8d437ea3cffd89ec,aa65abd6fabe8c945f88257e16e09f1fc057067f5d5964da8d437ea3cffd89ec,seed12_solution031,26,31
daytrader,12,stage3,COHESION,P3,descriptive preference sensitivity,results/stage3/subjects/daytrader/declaration_method_body/formal/seed_12/projected_front_3d.csv,seed12_solution031,0.30174849113574181,0.30174849113574181,0,1,0.42158671586715868,6.9447688674961405,0.91465657687100554,0.58889642725379909,11,0.26415094339622641,0.056603773584905662,True,sha256:aa65abd6fabe8c945f88257e16e09f1fc057067f5d5964da8d437ea3cffd89ec,aa65abd6fabe8c945f88257e16e09f1fc057067f5d5964da8d437ea3cffd89ec,seed12_solution031,26,31
daytrader,12,stage3,SEMANTIC,P4,descriptive preference sensitivity,results/stage3/subjects/daytrader/declaration_method_body/formal/seed_12/projected_front_3d.csv,seed12_solution031,0.30174849113574181,0.30174849113574181,0,1,0.42158671586715868,6.9447688674961405,0.91465657687100554,0.58889642725379909,11,0.26415094339622641,0.056603773584905662,True,sha256:aa65abd6fabe8c945f88257e16e09f1fc057067f5d5964da8d437ea3cffd89ec,aa65abd6fabe8c945f88257e16e09f1fc057067f5d5964da8d437ea3cffd89ec,seed12_solution031,26,31
daytrader,13,stage2,MODULARITY_ANCHOR,P0,historical/reference modularity anchor,results/stage2/subjects/daytrader/nsga/robustness_final_30seeds/seed_13/pareto_front.csv,seed13_solution033,0.32459676389891201,0.32459676389891201,0,1,0.41789667896678967,7.9497354497354502,0.74426728012513277,0.56229782254486149,9,0.24528301886792453,0.018867924528301886,True,sha256:c3a4cf7543f579e22cd40820e484a96f4ad6449175c62323e75f66d95c75d49a,c3a4cf7543f579e22cd40820e484a96f4ad6449175c62323e75f66d95c75d49a,seed13_solution033,33,
daytrader,13,stage2,BALANCE,P1,primary reporting profile,results/stage2/subjects/daytrader/nsga/robustness_final_30seeds/seed_13/pareto_front.csv,seed13_solution033,0.32459676389891201,0.32459676389891201,0,1,0.41789667896678967,7.9497354497354502,0.74426728012513277,0.56229782254486149,9,0.24528301886792453,0.018867924528301886,True,sha256:c3a4cf7543f579e22cd40820e484a96f4ad6449175c62323e75f66d95c75d49a,c3a4cf7543f579e22cd40820e484a96f4ad6449175c62323e75f66d95c75d49a,seed13_solution033,33,
daytrader,13,stage2,COUPLING,P2,descriptive preference sensitivity,results/stage2/subjects/daytrader/nsga/robustness_final_30seeds/seed_13/pareto_front.csv,seed13_solution033,0.32459676389891201,0.32459676389891201,0,1,0.41789667896678967,7.9497354497354502,0.74426728012513277,0.56229782254486149,9,0.24528301886792453,0.018867924528301886,True,sha256:c3a4cf7543f579e22cd40820e484a96f4ad6449175c62323e75f66d95c75d49a,c3a4cf7543f579e22cd40820e484a96f4ad6449175c62323e75f66d95c75d49a,seed13_solution033,33,
daytrader,13,stage2,COHESION,P3,descriptive preference sensitivity,results/stage2/subjects/daytrader/nsga/robustness_final_30seeds/seed_13/pareto_front.csv,seed13_solution033,0.32459676389891201,0.32459676389891201,0,1,0.41789667896678967,7.9497354497354502,0.74426728012513277,0.56229782254486149,9,0.24528301886792453,0.018867924528301886,True,sha256:c3a4cf7543f579e22cd40820e484a96f4ad6449175c62323e75f66d95c75d49a,c3a4cf7543f579e22cd40820e484a96f4ad6449175c62323e75f66d95c75d49a,seed13_solution033,33,
daytrader,13,stage2,SEMANTIC,P4,descriptive preference sensitivity,results/stage2/subjects/daytrader/nsga/robustness_final_30seeds/seed_13/pareto_front.csv,seed13_solution033,0.32459676389891201,0.32459676389891201,0,1,0.41789667896678967,7.9497354497354502,0.74426728012513277,0.56229782254486149,9,0.24528301886792453,0.018867924528301886,True,sha256:c3a4cf7543f579e22cd40820e484a96f4ad6449175c62323e75f66d95c75d49a,c3a4cf7543f579e22cd40820e484a96f4ad6449175c62323e75f66d95c75d49a,seed13_solution033,33,
daytrader,13,stage3,MODULARITY_ANCHOR,P0,historical/reference modularity anchor,results/stage3/subjects/daytrader/declaration_method_body/formal/seed_13/projected_front_3d.csv,seed13_solution032,0.3010496946528507,0.3010496946528507,0,2,0.4460332103321033,7.5613516113516113,0.68133849378369027,0.60267144867585354,9,0.22641509433962265,0,True,sha256:d46d7b461c9feb340ff0a2f604836099e779d6f39a8d88db839786a6554ccfc5,d46d7b461c9feb340ff0a2f604836099e779d6f39a8d88db839786a6554ccfc5,seed13_solution032,21,32
daytrader,13,stage3,BALANCE,P1,primary reporting profile,results/stage3/subjects/daytrader/declaration_method_body/formal/seed_13/projected_front_3d.csv,seed13_solution033,0.29954987251671406,0.3010496946528507,0.0049819752777564875,2,0.44926199261992622,5.142551892551892,0.5685478933328062,0.68401725659664891,9,0.24528301886792453,0,True,sha256:2fc37897f3ed3563172814272d1540e1ecc048ed339d38096a87c4e696593bb1,2fc37897f3ed3563172814272d1540e1ecc048ed339d38096a87c4e696593bb1,seed13_solution033,22,33
daytrader,13,stage3,COUPLING,P2,descriptive preference sensitivity,results/stage3/subjects/daytrader/declaration_method_body/formal/seed_13/projected_front_3d.csv,seed13_solution032,0.3010496946528507,0.3010496946528507,0,2,0.4460332103321033,7.5613516113516113,0.68133849378369027,0.60267144867585354,9,0.22641509433962265,0,True,sha256:d46d7b461c9feb340ff0a2f604836099e779d6f39a8d88db839786a6554ccfc5,d46d7b461c9feb340ff0a2f604836099e779d6f39a8d88db839786a6554ccfc5,seed13_solution032,21,32
daytrader,13,stage3,COHESION,P3,descriptive preference sensitivity,results/stage3/subjects/daytrader/declaration_method_body/formal/seed_13/projected_front_3d.csv,seed13_solution032,0.3010496946528507,0.3010496946528507,0,2,0.4460332103321033,7.5613516113516113,0.68133849378369027,0.60267144867585354,9,0.22641509433962265,0,True,sha256:d46d7b461c9feb340ff0a2f604836099e779d6f39a8d88db839786a6554ccfc5,d46d7b461c9feb340ff0a2f604836099e779d6f39a8d88db839786a6554ccfc5,seed13_solution032,21,32
daytrader,13,stage3,SEMANTIC,P4,descriptive preference sensitivity,results/stage3/subjects/daytrader/declaration_method_body/formal/seed_13/projected_front_3d.csv,seed13_solution032,0.3010496946528507,0.3010496946528507,0,2,0.4460332103321033,7.5613516113516113,0.68133849378369027,0.60267144867585354,9,0.22641509433962265,0,True,sha256:d46d7b461c9feb340ff0a2f604836099e779d6f39a8d88db839786a6554ccfc5,d46d7b461c9feb340ff0a2f604836099e779d6f39a8d88db839786a6554ccfc5,seed13_solution032,21,32
daytrader,14,stage2,MODULARITY_ANCHOR,P0,historical/reference modularity anchor,results/stage2/subjects/daytrader/nsga/robustness_final_30seeds/seed_14/pareto_front.csv,seed14_solution042,0.31639768657834166,0.31639768657834166,0,1,0.42481549815498154,8.0895285270285271,0.63115957296897096,0.58557249338859418,8,0.24528301886792453,0.018867924528301886,True,sha256:9dad35892cf0a7eb0b64aac264f4c1d560e8bfefeb14482bbd66ac01018e3de4,9dad35892cf0a7eb0b64aac264f4c1d560e8bfefeb14482bbd66ac01018e3de4,seed14_solution042,42,
daytrader,14,stage2,BALANCE,P1,primary reporting profile,results/stage2/subjects/daytrader/nsga/robustness_final_30seeds/seed_14/pareto_front.csv,seed14_solution042,0.31639768657834166,0.31639768657834166,0,1,0.42481549815498154,8.0895285270285271,0.63115957296897096,0.58557249338859418,8,0.24528301886792453,0.018867924528301886,True,sha256:9dad35892cf0a7eb0b64aac264f4c1d560e8bfefeb14482bbd66ac01018e3de4,9dad35892cf0a7eb0b64aac264f4c1d560e8bfefeb14482bbd66ac01018e3de4,seed14_solution042,42,
daytrader,14,stage2,COUPLING,P2,descriptive preference sensitivity,results/stage2/subjects/daytrader/nsga/robustness_final_30seeds/seed_14/pareto_front.csv,seed14_solution042,0.31639768657834166,0.31639768657834166,0,1,0.42481549815498154,8.0895285270285271,0.63115957296897096,0.58557249338859418,8,0.24528301886792453,0.018867924528301886,True,sha256:9dad35892cf0a7eb0b64aac264f4c1d560e8bfefeb14482bbd66ac01018e3de4,9dad35892cf0a7eb0b64aac264f4c1d560e8bfefeb14482bbd66ac01018e3de4,seed14_solution042,42,
daytrader,14,stage2,COHESION,P3,descriptive preference sensitivity,results/stage2/subjects/daytrader/nsga/robustness_final_30seeds/seed_14/pareto_front.csv,seed14_solution042,0.31639768657834166,0.31639768657834166,0,1,0.42481549815498154,8.0895285270285271,0.63115957296897096,0.58557249338859418,8,0.24528301886792453,0.018867924528301886,True,sha256:9dad35892cf0a7eb0b64aac264f4c1d560e8bfefeb14482bbd66ac01018e3de4,9dad35892cf0a7eb0b64aac264f4c1d560e8bfefeb14482bbd66ac01018e3de4,seed14_solution042,42,
daytrader,14,stage2,SEMANTIC,P4,descriptive preference sensitivity,results/stage2/subjects/daytrader/nsga/robustness_final_30seeds/seed_14/pareto_front.csv,seed14_solution042,0.31639768657834166,0.31639768657834166,0,1,0.42481549815498154,8.0895285270285271,0.63115957296897096,0.58557249338859418,8,0.24528301886792453,0.018867924528301886,True,sha256:9dad35892cf0a7eb0b64aac264f4c1d560e8bfefeb14482bbd66ac01018e3de4,9dad35892cf0a7eb0b64aac264f4c1d560e8bfefeb14482bbd66ac01018e3de4,seed14_solution042,42,
daytrader,14,stage3,MODULARITY_ANCHOR,P0,historical/reference modularity anchor,results/stage3/subjects/daytrader/declaration_method_body/formal/seed_14/projected_front_3d.csv,seed14_solution029,0.32459676389891201,0.32459676389891201,0,1,0.41789667896678967,7.6179098679098685,0.77381496809093875,0.56093191610184379,9,0.26415094339622641,0.037735849056603772,True,sha256:a2cfa653405f33f934d4f8ead2edcb24e19eeea9dfa8f9c52d5df58b61008a82,a2cfa653405f33f934d4f8ead2edcb24e19eeea9dfa8f9c52d5df58b61008a82,seed14_solution029,21,29
daytrader,14,stage3,BALANCE,P1,primary reporting profile,results/stage3/subjects/daytrader/declaration_method_body/formal/seed_14/projected_front_3d.csv,seed14_solution029,0.32459676389891201,0.32459676389891201,0,1,0.41789667896678967,7.6179098679098685,0.77381496809093875,0.56093191610184379,9,0.26415094339622641,0.037735849056603772,True,sha256:a2cfa653405f33f934d4f8ead2edcb24e19eeea9dfa8f9c52d5df58b61008a82,a2cfa653405f33f934d4f8ead2edcb24e19eeea9dfa8f9c52d5df58b61008a82,seed14_solution029,21,29
daytrader,14,stage3,COUPLING,P2,descriptive preference sensitivity,results/stage3/subjects/daytrader/declaration_method_body/formal/seed_14/projected_front_3d.csv,seed14_solution029,0.32459676389891201,0.32459676389891201,0,1,0.41789667896678967,7.6179098679098685,0.77381496809093875,0.56093191610184379,9,0.26415094339622641,0.037735849056603772,True,sha256:a2cfa653405f33f934d4f8ead2edcb24e19eeea9dfa8f9c52d5df58b61008a82,a2cfa653405f33f934d4f8ead2edcb24e19eeea9dfa8f9c52d5df58b61008a82,seed14_solution029,21,29
daytrader,14,stage3,COHESION,P3,descriptive preference sensitivity,results/stage3/subjects/daytrader/declaration_method_body/formal/seed_14/projected_front_3d.csv,seed14_solution029,0.32459676389891201,0.32459676389891201,0,1,0.41789667896678967,7.6179098679098685,0.77381496809093875,0.56093191610184379,9,0.26415094339622641,0.037735849056603772,True,sha256:a2cfa653405f33f934d4f8ead2edcb24e19eeea9dfa8f9c52d5df58b61008a82,a2cfa653405f33f934d4f8ead2edcb24e19eeea9dfa8f9c52d5df58b61008a82,seed14_solution029,21,29
daytrader,14,stage3,SEMANTIC,P4,descriptive preference sensitivity,results/stage3/subjects/daytrader/declaration_method_body/formal/seed_14/projected_front_3d.csv,seed14_solution029,0.32459676389891201,0.32459676389891201,0,1,0.41789667896678967,7.6179098679098685,0.77381496809093875,0.56093191610184379,9,0.26415094339622641,0.037735849056603772,True,sha256:a2cfa653405f33f934d4f8ead2edcb24e19eeea9dfa8f9c52d5df58b61008a82,a2cfa653405f33f934d4f8ead2edcb24e19eeea9dfa8f9c52d5df58b61008a82,seed14_solution029,21,29
daytrader,15,stage2,MODULARITY_ANCHOR,P0,historical/reference modularity anchor,results/stage2/subjects/daytrader/nsga/robustness_final_30seeds/seed_15/pareto_front.csv,seed15_solution030,0.19694082664996401,0.19694082664996401,0,1,0.39206642066420666,6.6310356310356315,0.66628088992488965,0.68753391778259543,8,0.26415094339622641,0,True,sha256:531d5d36f4b6efb611cce134b71cb3d3744e9853c4924519e96a46f0ab32b33d,531d5d36f4b6efb611cce134b71cb3d3744e9853c4924519e96a46f0ab32b33d,seed15_solution030,30,
daytrader,15,stage2,BALANCE,P1,primary reporting profile,results/stage2/subjects/daytrader/nsga/robustness_final_30seeds/seed_15/pareto_front.csv,seed15_solution030,0.19694082664996401,0.19694082664996401,0,1,0.39206642066420666,6.6310356310356315,0.66628088992488965,0.68753391778259543,8,0.26415094339622641,0,True,sha256:531d5d36f4b6efb611cce134b71cb3d3744e9853c4924519e96a46f0ab32b33d,531d5d36f4b6efb611cce134b71cb3d3744e9853c4924519e96a46f0ab32b33d,seed15_solution030,30,
daytrader,15,stage2,COUPLING,P2,descriptive preference sensitivity,results/stage2/subjects/daytrader/nsga/robustness_final_30seeds/seed_15/pareto_front.csv,seed15_solution030,0.19694082664996401,0.19694082664996401,0,1,0.39206642066420666,6.6310356310356315,0.66628088992488965,0.68753391778259543,8,0.26415094339622641,0,True,sha256:531d5d36f4b6efb611cce134b71cb3d3744e9853c4924519e96a46f0ab32b33d,531d5d36f4b6efb611cce134b71cb3d3744e9853c4924519e96a46f0ab32b33d,seed15_solution030,30,
daytrader,15,stage2,COHESION,P3,descriptive preference sensitivity,results/stage2/subjects/daytrader/nsga/robustness_final_30seeds/seed_15/pareto_front.csv,seed15_solution030,0.19694082664996401,0.19694082664996401,0,1,0.39206642066420666,6.6310356310356315,0.66628088992488965,0.68753391778259543,8,0.26415094339622641,0,True,sha256:531d5d36f4b6efb611cce134b71cb3d3744e9853c4924519e96a46f0ab32b33d,531d5d36f4b6efb611cce134b71cb3d3744e9853c4924519e96a46f0ab32b33d,seed15_solution030,30,
daytrader,15,stage2,SEMANTIC,P4,descriptive preference sensitivity,results/stage2/subjects/daytrader/nsga/robustness_final_30seeds/seed_15/pareto_front.csv,seed15_solution030,0.19694082664996401,0.19694082664996401,0,1,0.39206642066420666,6.6310356310356315,0.66628088992488965,0.68753391778259543,8,0.26415094339622641,0,True,sha256:531d5d36f4b6efb611cce134b71cb3d3744e9853c4924519e96a46f0ab32b33d,531d5d36f4b6efb611cce134b71cb3d3744e9853c4924519e96a46f0ab32b33d,seed15_solution030,30,
daytrader,15,stage3,MODULARITY_ANCHOR,P0,historical/reference modularity anchor,results/stage3/subjects/daytrader/declaration_method_body/formal/seed_15/projected_front_3d.csv,seed15_solution029,0.321762643652728,0.321762643652728,0,3,0.40959409594095941,6.6752429388793022,0.92317960926226927,0.54686906915457834,11,0.26415094339622641,0.075471698113207544,True,sha256:c37eb48846ac30db5be26e50f8f2f3c6420ff624aa770aa2e7dd6ed7a265ead9,c37eb48846ac30db5be26e50f8f2f3c6420ff624aa770aa2e7dd6ed7a265ead9,seed15_solution029,25,29
daytrader,15,stage3,BALANCE,P1,primary reporting profile,results/stage3/subjects/daytrader/declaration_method_body/formal/seed_15/projected_front_3d.csv,seed15_solution031,0.31216490958728771,0.321762643652728,0.029828615144643491,3,0.42850553505535055,5.1117539026629935,0.81022303975788257,0.57329205286005913,11,0.22641509433962265,0.056603773584905662,True,sha256:0718364be9a611cae77a069c7615dfc002280d2c214f283c20427ab2d00fa893,0718364be9a611cae77a069c7615dfc002280d2c214f283c20427ab2d00fa893,seed15_solution031,27,31
daytrader,15,stage3,COUPLING,P2,descriptive preference sensitivity,results/stage3/subjects/daytrader/declaration_method_body/formal/seed_15/projected_front_3d.csv,seed15_solution029,0.321762643652728,0.321762643652728,0,3,0.40959409594095941,6.6752429388793022,0.92317960926226927,0.54686906915457834,11,0.26415094339622641,0.075471698113207544,True,sha256:c37eb48846ac30db5be26e50f8f2f3c6420ff624aa770aa2e7dd6ed7a265ead9,c37eb48846ac30db5be26e50f8f2f3c6420ff624aa770aa2e7dd6ed7a265ead9,seed15_solution029,25,29
daytrader,15,stage3,COHESION,P3,descriptive preference sensitivity,results/stage3/subjects/daytrader/declaration_method_body/formal/seed_15/projected_front_3d.csv,seed15_solution030,0.3128771096866873,0.321762643652728,0.027615182002391405,3,0.42066420664206644,6.6829564375018924,0.87973911146224659,0.57124158959305471,11,0.26415094339622641,0.056603773584905662,True,sha256:53b102d5defb27e199f955490cf437c75c0874aae1edd458d39b66eb8500de6e,53b102d5defb27e199f955490cf437c75c0874aae1edd458d39b66eb8500de6e,seed15_solution030,26,30
daytrader,15,stage3,SEMANTIC,P4,descriptive preference sensitivity,results/stage3/subjects/daytrader/declaration_method_body/formal/seed_15/projected_front_3d.csv,seed15_solution029,0.321762643652728,0.321762643652728,0,3,0.40959409594095941,6.6752429388793022,0.92317960926226927,0.54686906915457834,11,0.26415094339622641,0.075471698113207544,True,sha256:c37eb48846ac30db5be26e50f8f2f3c6420ff624aa770aa2e7dd6ed7a265ead9,c37eb48846ac30db5be26e50f8f2f3c6420ff624aa770aa2e7dd6ed7a265ead9,seed15_solution029,25,29
daytrader,16,stage2,MODULARITY_ANCHOR,P0,historical/reference modularity anchor,results/stage2/subjects/daytrader/nsga/robustness_final_30seeds/seed_16/pareto_front.csv,seed16_solution039,0.28224452706934805,0.28224452706934805,0,2,0.45710332103321033,5.4418185980685978,0.60347870157431982,0.68580044535045404,8,0.24528301886792453,0,True,sha256:877eb9910129623b70ee4a614f42f474ff35f274a4e2e814a5b6247099f5b1ae,877eb9910129623b70ee4a614f42f474ff35f274a4e2e814a5b6247099f5b1ae,seed16_solution039,39,
daytrader,16,stage2,BALANCE,P1,primary reporting profile,results/stage2/subjects/daytrader/nsga/robustness_final_30seeds/seed_16/pareto_front.csv,seed16_solution039,0.28224452706934805,0.28224452706934805,0,2,0.45710332103321033,5.4418185980685978,0.60347870157431982,0.68580044535045404,8,0.24528301886792453,0,True,sha256:877eb9910129623b70ee4a614f42f474ff35f274a4e2e814a5b6247099f5b1ae,877eb9910129623b70ee4a614f42f474ff35f274a4e2e814a5b6247099f5b1ae,seed16_solution039,39,
daytrader,16,stage2,COUPLING,P2,descriptive preference sensitivity,results/stage2/subjects/daytrader/nsga/robustness_final_30seeds/seed_16/pareto_front.csv,seed16_solution039,0.28224452706934805,0.28224452706934805,0,2,0.45710332103321033,5.4418185980685978,0.60347870157431982,0.68580044535045404,8,0.24528301886792453,0,True,sha256:877eb9910129623b70ee4a614f42f474ff35f274a4e2e814a5b6247099f5b1ae,877eb9910129623b70ee4a614f42f474ff35f274a4e2e814a5b6247099f5b1ae,seed16_solution039,39,
daytrader,16,stage2,COHESION,P3,descriptive preference sensitivity,results/stage2/subjects/daytrader/nsga/robustness_final_30seeds/seed_16/pareto_front.csv,seed16_solution045,0.27395704970656709,0.28224452706934805,0.029362756645214629,2,0.48985239852398527,6.9552800734618918,0.6492320956258586,0.70573450370383006,11,0.20754716981132076,0.018867924528301886,True,sha256:1836b3cdc8da8ec062337f60d9b9583a43f6796b261e5c4de02063762567a5dd,1836b3cdc8da8ec062337f60d9b9583a43f6796b261e5c4de02063762567a5dd,seed16_solution045,45,
daytrader,16,stage2,SEMANTIC,P4,descriptive preference sensitivity,results/stage2/subjects/daytrader/nsga/robustness_final_30seeds/seed_16/pareto_front.csv,seed16_solution039,0.28224452706934805,0.28224452706934805,0,2,0.45710332103321033,5.4418185980685978,0.60347870157431982,0.68580044535045404,8,0.24528301886792453,0,True,sha256:877eb9910129623b70ee4a614f42f474ff35f274a4e2e814a5b6247099f5b1ae,877eb9910129623b70ee4a614f42f474ff35f274a4e2e814a5b6247099f5b1ae,seed16_solution039,39,
daytrader,16,stage3,MODULARITY_ANCHOR,P0,historical/reference modularity anchor,results/stage3/subjects/daytrader/declaration_method_body/formal/seed_16/projected_front_3d.csv,seed16_solution036,0.32459676389891201,0.32459676389891201,0,2,0.41789667896678967,7.1948551448551452,0.80072057260086582,0.56870880469639773,10,0.24528301886792453,0.037735849056603772,True,sha256:543027f2859e18a9ef36aed86533aed0f24ff021a38eaa10238cfa3bf3937e85,543027f2859e18a9ef36aed86533aed0f24ff021a38eaa10238cfa3bf3937e85,seed16_solution036,23,36
daytrader,16,stage3,BALANCE,P1,primary reporting profile,results/stage3/subjects/daytrader/declaration_method_body/formal/seed_16/projected_front_3d.csv,seed16_solution037,0.31201949098596132,0.32459676389891201,0.038747376165671144,2,0.42481549815498154,8.1298331298331288,0.76966332280645788,0.59586370043731329,9,0.26415094339622641,0.018867924528301886,True,sha256:a5f60ca79f2c1f2628827f2bdbd6168e539e3e9c11f4b93d1cd2c7a1a1945f12,a5f60ca79f2c1f2628827f2bdbd6168e539e3e9c11f4b93d1cd2c7a1a1945f12,seed16_solution037,24,37
daytrader,16,stage3,COUPLING,P2,descriptive preference sensitivity,results/stage3/subjects/daytrader/declaration_method_body/formal/seed_16/projected_front_3d.csv,seed16_solution036,0.32459676389891201,0.32459676389891201,0,2,0.41789667896678967,7.1948551448551452,0.80072057260086582,0.56870880469639773,10,0.24528301886792453,0.037735849056603772,True,sha256:543027f2859e18a9ef36aed86533aed0f24ff021a38eaa10238cfa3bf3937e85,543027f2859e18a9ef36aed86533aed0f24ff021a38eaa10238cfa3bf3937e85,seed16_solution036,23,36
daytrader,16,stage3,COHESION,P3,descriptive preference sensitivity,results/stage3/subjects/daytrader/declaration_method_body/formal/seed_16/projected_front_3d.csv,seed16_solution037,0.31201949098596132,0.32459676389891201,0.038747376165671144,2,0.42481549815498154,8.1298331298331288,0.76966332280645788,0.59586370043731329,9,0.26415094339622641,0.018867924528301886,True,sha256:a5f60ca79f2c1f2628827f2bdbd6168e539e3e9c11f4b93d1cd2c7a1a1945f12,a5f60ca79f2c1f2628827f2bdbd6168e539e3e9c11f4b93d1cd2c7a1a1945f12,seed16_solution037,24,37
daytrader,16,stage3,SEMANTIC,P4,descriptive preference sensitivity,results/stage3/subjects/daytrader/declaration_method_body/formal/seed_16/projected_front_3d.csv,seed16_solution036,0.32459676389891201,0.32459676389891201,0,2,0.41789667896678967,7.1948551448551452,0.80072057260086582,0.56870880469639773,10,0.24528301886792453,0.037735849056603772,True,sha256:543027f2859e18a9ef36aed86533aed0f24ff021a38eaa10238cfa3bf3937e85,543027f2859e18a9ef36aed86533aed0f24ff021a38eaa10238cfa3bf3937e85,seed16_solution036,23,36
daytrader,17,stage2,MODULARITY_ANCHOR,P0,historical/reference modularity anchor,results/stage2/subjects/daytrader/nsga/robustness_final_30seeds/seed_17/pareto_front.csv,seed17_solution034,0.31109368404569648,0.31109368404569648,0,3,0.43404059040590404,6.9718248418248407,0.78726966207641758,0.60424772026177176,10,0.24528301886792453,0.037735849056603772,True,sha256:334f34ffc8c914ba70686c116cae49ac4290c40b1865227e5b49842e1a3bd6ed,334f34ffc8c914ba70686c116cae49ac4290c40b1865227e5b49842e1a3bd6ed,seed17_solution034,34,
daytrader,17,stage2,BALANCE,P1,primary reporting profile,results/stage2/subjects/daytrader/nsga/robustness_final_30seeds/seed_17/pareto_front.csv,seed17_solution037,0.30086598000435716,0.31109368404569648,0.032876604591679785,3,0.45156826568265684,5.2777922077922081,0.7011661953230961,0.61859589080456767,10,0.22641509433962265,0.037735849056603772,True,sha256:ed472b100363e8d2edbbf345c7aafd8db4b843bd8c8a06001ec2b27551028afc,ed472b100363e8d2edbbf345c7aafd8db4b843bd8c8a06001ec2b27551028afc,seed17_solution037,37,
daytrader,17,stage2,COUPLING,P2,descriptive preference sensitivity,results/stage2/subjects/daytrader/nsga/robustness_final_30seeds/seed_17/pareto_front.csv,seed17_solution034,0.31109368404569648,0.31109368404569648,0,3,0.43404059040590404,6.9718248418248407,0.78726966207641758,0.60424772026177176,10,0.24528301886792453,0.037735849056603772,True,sha256:334f34ffc8c914ba70686c116cae49ac4290c40b1865227e5b49842e1a3bd6ed,334f34ffc8c914ba70686c116cae49ac4290c40b1865227e5b49842e1a3bd6ed,seed17_solution034,34,
daytrader,17,stage2,COHESION,P3,descriptive preference sensitivity,results/stage2/subjects/daytrader/nsga/robustness_final_30seeds/seed_17/pareto_front.csv,seed17_solution036,0.30304353579744281,0.31109368404569648,0.025876926022937806,3,0.4469557195571956,6.9724309024309026,0.7502224661158885,0.62734986859299435,10,0.24528301886792453,0.037735849056603772,True,sha256:5ed2c4e21d1b5c006cd3044ff23f87d2bb1cd21cc2d7a00323a15e524328122f,5ed2c4e21d1b5c006cd3044ff23f87d2bb1cd21cc2d7a00323a15e524328122f,seed17_solution036,36,
daytrader,17,stage2,SEMANTIC,P4,descriptive preference sensitivity,results/stage2/subjects/daytrader/nsga/robustness_final_30seeds/seed_17/pareto_front.csv,seed17_solution034,0.31109368404569648,0.31109368404569648,0,3,0.43404059040590404,6.9718248418248407,0.78726966207641758,0.60424772026177176,10,0.24528301886792453,0.037735849056603772,True,sha256:334f34ffc8c914ba70686c116cae49ac4290c40b1865227e5b49842e1a3bd6ed,334f34ffc8c914ba70686c116cae49ac4290c40b1865227e5b49842e1a3bd6ed,seed17_solution034,34,
daytrader,17,stage3,MODULARITY_ANCHOR,P0,historical/reference modularity anchor,results/stage3/subjects/daytrader/declaration_method_body/formal/seed_17/projected_front_3d.csv,seed17_solution027,0.32335618472651517,0.32335618472651517,0,3,0.41881918819188191,7.2696903096903096,0.86071658324204092,0.53629589846044334,10,0.26415094339622641,0.056603773584905662,True,sha256:8a5974b3003ace4c1004c0faa7cbb6f6af60feae3a9de966d08cde35e41fe635,8a5974b3003ace4c1004c0faa7cbb6f6af60feae3a9de966d08cde35e41fe635,seed17_solution027,21,27
daytrader,17,stage3,BALANCE,P1,primary reporting profile,results/stage3/subjects/daytrader/declaration_method_body/formal/seed_17/projected_front_3d.csv,seed17_solution029,0.30833264542285643,0.32335618472651517,0.046461270924399334,3,0.43173431734317341,3.8797178130511463,0.71349699627128427,0.5589606606740849,9,0.22641509433962265,0.056603773584905662,True,sha256:c21f41f46dadb67e460d341a11017f6d3c7d03d68573538e8509574ef530e208,c21f41f46dadb67e460d341a11017f6d3c7d03d68573538e8509574ef530e208,seed17_solution029,23,29
daytrader,17,stage3,COUPLING,P2,descriptive preference sensitivity,results/stage3/subjects/daytrader/declaration_method_body/formal/seed_17/projected_front_3d.csv,seed17_solution027,0.32335618472651517,0.32335618472651517,0,3,0.41881918819188191,7.2696903096903096,0.86071658324204092,0.53629589846044334,10,0.26415094339622641,0.056603773584905662,True,sha256:8a5974b3003ace4c1004c0faa7cbb6f6af60feae3a9de966d08cde35e41fe635,8a5974b3003ace4c1004c0faa7cbb6f6af60feae3a9de966d08cde35e41fe635,seed17_solution027,21,27
daytrader,17,stage3,COHESION,P3,descriptive preference sensitivity,results/stage3/subjects/daytrader/declaration_method_body/formal/seed_17/projected_front_3d.csv,seed17_solution027,0.32335618472651517,0.32335618472651517,0,3,0.41881918819188191,7.2696903096903096,0.86071658324204092,0.53629589846044334,10,0.26415094339622641,0.056603773584905662,True,sha256:8a5974b3003ace4c1004c0faa7cbb6f6af60feae3a9de966d08cde35e41fe635,8a5974b3003ace4c1004c0faa7cbb6f6af60feae3a9de966d08cde35e41fe635,seed17_solution027,21,27
daytrader,17,stage3,SEMANTIC,P4,descriptive preference sensitivity,results/stage3/subjects/daytrader/declaration_method_body/formal/seed_17/projected_front_3d.csv,seed17_solution027,0.32335618472651517,0.32335618472651517,0,3,0.41881918819188191,7.2696903096903096,0.86071658324204092,0.53629589846044334,10,0.26415094339622641,0.056603773584905662,True,sha256:8a5974b3003ace4c1004c0faa7cbb6f6af60feae3a9de966d08cde35e41fe635,8a5974b3003ace4c1004c0faa7cbb6f6af60feae3a9de966d08cde35e41fe635,seed17_solution027,21,27
daytrader,18,stage2,MODULARITY_ANCHOR,P0,historical/reference modularity anchor,results/stage2/subjects/daytrader/nsga/robustness_final_30seeds/seed_18/pareto_front.csv,seed18_solution033,0.32459676389891201,0.32459676389891201,0,2,0.41789667896678967,7.0977855477855485,0.85240430174162407,0.56093191610184379,10,0.26415094339622641,0.056603773584905662,True,sha256:071dd93c86dbcb705aae0794fbc7d415fc0aec09cf3336c0364cc509e2411c1d,071dd93c86dbcb705aae0794fbc7d415fc0aec09cf3336c0364cc509e2411c1d,seed18_solution033,33,
daytrader,18,stage2,BALANCE,P1,primary reporting profile,results/stage2/subjects/daytrader/nsga/robustness_final_30seeds/seed_18/pareto_front.csv,seed18_solution034,0.31339219152108483,0.32459676389891201,0.034518435252535611,2,0.42850553505535055,6.866421911421912,0.835531691527718,0.580613504346154,10,0.26415094339622641,0.056603773584905662,True,sha256:97050751d57eca5aa821b1348887d7788fd47a1457f91a6f5405b56d48eb2dd0,97050751d57eca5aa821b1348887d7788fd47a1457f91a6f5405b56d48eb2dd0,seed18_solution034,34,
daytrader,18,stage2,COUPLING,P2,descriptive preference sensitivity,results/stage2/subjects/daytrader/nsga/robustness_final_30seeds/seed_18/pareto_front.csv,seed18_solution033,0.32459676389891201,0.32459676389891201,0,2,0.41789667896678967,7.0977855477855485,0.85240430174162407,0.56093191610184379,10,0.26415094339622641,0.056603773584905662,True,sha256:071dd93c86dbcb705aae0794fbc7d415fc0aec09cf3336c0364cc509e2411c1d,071dd93c86dbcb705aae0794fbc7d415fc0aec09cf3336c0364cc509e2411c1d,seed18_solution033,33,
daytrader,18,stage2,COHESION,P3,descriptive preference sensitivity,results/stage2/subjects/daytrader/nsga/robustness_final_30seeds/seed_18/pareto_front.csv,seed18_solution033,0.32459676389891201,0.32459676389891201,0,2,0.41789667896678967,7.0977855477855485,0.85240430174162407,0.56093191610184379,10,0.26415094339622641,0.056603773584905662,True,sha256:071dd93c86dbcb705aae0794fbc7d415fc0aec09cf3336c0364cc509e2411c1d,071dd93c86dbcb705aae0794fbc7d415fc0aec09cf3336c0364cc509e2411c1d,seed18_solution033,33,
daytrader,18,stage2,SEMANTIC,P4,descriptive preference sensitivity,results/stage2/subjects/daytrader/nsga/robustness_final_30seeds/seed_18/pareto_front.csv,seed18_solution033,0.32459676389891201,0.32459676389891201,0,2,0.41789667896678967,7.0977855477855485,0.85240430174162407,0.56093191610184379,10,0.26415094339622641,0.056603773584905662,True,sha256:071dd93c86dbcb705aae0794fbc7d415fc0aec09cf3336c0364cc509e2411c1d,071dd93c86dbcb705aae0794fbc7d415fc0aec09cf3336c0364cc509e2411c1d,seed18_solution033,33,
daytrader,18,stage3,MODULARITY_ANCHOR,P0,historical/reference modularity anchor,results/stage3/subjects/daytrader/declaration_method_body/formal/seed_18/projected_front_3d.csv,seed18_solution032,0.31295210611238955,0.31295210611238955,0,1,0.43496309963099633,6.5211858848222484,0.79065384300969666,0.56236981717724643,11,0.22641509433962265,0.056603773584905662,True,sha256:ffa4bb2a766d9876be7e71d5ae47b1d65bb51fdefc180d1f84b39f4749cced98,ffa4bb2a766d9876be7e71d5ae47b1d65bb51fdefc180d1f84b39f4749cced98,seed18_solution032,21,32
daytrader,18,stage3,BALANCE,P1,primary reporting profile,results/stage3/subjects/daytrader/declaration_method_body/formal/seed_18/projected_front_3d.csv,seed18_solution032,0.31295210611238955,0.31295210611238955,0,1,0.43496309963099633,6.5211858848222484,0.79065384300969666,0.56236981717724643,11,0.22641509433962265,0.056603773584905662,True,sha256:ffa4bb2a766d9876be7e71d5ae47b1d65bb51fdefc180d1f84b39f4749cced98,ffa4bb2a766d9876be7e71d5ae47b1d65bb51fdefc180d1f84b39f4749cced98,seed18_solution032,21,32
daytrader,18,stage3,COUPLING,P2,descriptive preference sensitivity,results/stage3/subjects/daytrader/declaration_method_body/formal/seed_18/projected_front_3d.csv,seed18_solution032,0.31295210611238955,0.31295210611238955,0,1,0.43496309963099633,6.5211858848222484,0.79065384300969666,0.56236981717724643,11,0.22641509433962265,0.056603773584905662,True,sha256:ffa4bb2a766d9876be7e71d5ae47b1d65bb51fdefc180d1f84b39f4749cced98,ffa4bb2a766d9876be7e71d5ae47b1d65bb51fdefc180d1f84b39f4749cced98,seed18_solution032,21,32
daytrader,18,stage3,COHESION,P3,descriptive preference sensitivity,results/stage3/subjects/daytrader/declaration_method_body/formal/seed_18/projected_front_3d.csv,seed18_solution032,0.31295210611238955,0.31295210611238955,0,1,0.43496309963099633,6.5211858848222484,0.79065384300969666,0.56236981717724643,11,0.22641509433962265,0.056603773584905662,True,sha256:ffa4bb2a766d9876be7e71d5ae47b1d65bb51fdefc180d1f84b39f4749cced98,ffa4bb2a766d9876be7e71d5ae47b1d65bb51fdefc180d1f84b39f4749cced98,seed18_solution032,21,32
daytrader,18,stage3,SEMANTIC,P4,descriptive preference sensitivity,results/stage3/subjects/daytrader/declaration_method_body/formal/seed_18/projected_front_3d.csv,seed18_solution032,0.31295210611238955,0.31295210611238955,0,1,0.43496309963099633,6.5211858848222484,0.79065384300969666,0.56236981717724643,11,0.22641509433962265,0.056603773584905662,True,sha256:ffa4bb2a766d9876be7e71d5ae47b1d65bb51fdefc180d1f84b39f4749cced98,ffa4bb2a766d9876be7e71d5ae47b1d65bb51fdefc180d1f84b39f4749cced98,seed18_solution032,21,32
daytrader,19,stage2,MODULARITY_ANCHOR,P0,historical/reference modularity anchor,results/stage2/subjects/daytrader/nsga/robustness_final_30seeds/seed_19/pareto_front.csv,seed19_solution029,0.27010404184992043,0.27010404184992043,0,3,0.43081180811808117,14.845606245606247,0.65251382889775777,0.63112782862380601,9,0.24528301886792453,0.018867924528301886,True,sha256:52a76146219dc025b8b1f62997141745e18914bd2a9a2a17a2399d75754d2919,52a76146219dc025b8b1f62997141745e18914bd2a9a2a17a2399d75754d2919,seed19_solution029,29,
daytrader,19,stage2,BALANCE,P1,primary reporting profile,results/stage2/subjects/daytrader/nsga/robustness_final_30seeds/seed_19/pareto_front.csv,seed19_solution030,0.26632475388407029,0.27010404184992043,0.013991971167725254,3,0.43588560885608857,14.142612942612944,0.5059278368978084,0.65845780757664862,8,0.24528301886792453,0,True,sha256:a377fd58f6e35fa0ac617d661b97099188cdedb7c36379b1330572123dfb5fab,a377fd58f6e35fa0ac617d661b97099188cdedb7c36379b1330572123dfb5fab,seed19_solution030,30,
daytrader,19,stage2,COUPLING,P2,descriptive preference sensitivity,results/stage2/subjects/daytrader/nsga/robustness_final_30seeds/seed_19/pareto_front.csv,seed19_solution028,0.26103532512493038,0.27010404184992043,0.033574901963255153,3,0.42988929889298894,13.062496762496764,0.61197263170667371,0.64316686131780032,9,0.24528301886792453,0,True,sha256:905e049cb3aa8cebe67a29db92e074412ba8e63f117720e44ab14a22b7940ef2,905e049cb3aa8cebe67a29db92e074412ba8e63f117720e44ab14a22b7940ef2,seed19_solution028,28,
daytrader,19,stage2,COHESION,P3,descriptive preference sensitivity,results/stage2/subjects/daytrader/nsga/robustness_final_30seeds/seed_19/pareto_front.csv,seed19_solution029,0.27010404184992043,0.27010404184992043,0,3,0.43081180811808117,14.845606245606247,0.65251382889775777,0.63112782862380601,9,0.24528301886792453,0.018867924528301886,True,sha256:52a76146219dc025b8b1f62997141745e18914bd2a9a2a17a2399d75754d2919,52a76146219dc025b8b1f62997141745e18914bd2a9a2a17a2399d75754d2919,seed19_solution029,29,
daytrader,19,stage2,SEMANTIC,P4,descriptive preference sensitivity,results/stage2/subjects/daytrader/nsga/robustness_final_30seeds/seed_19/pareto_front.csv,seed19_solution029,0.27010404184992043,0.27010404184992043,0,3,0.43081180811808117,14.845606245606247,0.65251382889775777,0.63112782862380601,9,0.24528301886792453,0.018867924528301886,True,sha256:52a76146219dc025b8b1f62997141745e18914bd2a9a2a17a2399d75754d2919,52a76146219dc025b8b1f62997141745e18914bd2a9a2a17a2399d75754d2919,seed19_solution029,29,
daytrader,19,stage3,MODULARITY_ANCHOR,P0,historical/reference modularity anchor,results/stage3/subjects/daytrader/declaration_method_body/formal/seed_19/projected_front_3d.csv,seed19_solution031,0.31246978867390141,0.31246978867390141,0,1,0.43219557195571956,6.7763558663558667,0.78726966207641758,0.60613760757314661,10,0.24528301886792453,0.037735849056603772,True,sha256:b34052682483c8644b66027b15f10532ff4a1195560f7d8cd1fdfc3e65f9bada,b34052682483c8644b66027b15f10532ff4a1195560f7d8cd1fdfc3e65f9bada,seed19_solution031,22,31
daytrader,19,stage3,BALANCE,P1,primary reporting profile,results/stage3/subjects/daytrader/declaration_method_body/formal/seed_19/projected_front_3d.csv,seed19_solution031,0.31246978867390141,0.31246978867390141,0,1,0.43219557195571956,6.7763558663558667,0.78726966207641758,0.60613760757314661,10,0.24528301886792453,0.037735849056603772,True,sha256:b34052682483c8644b66027b15f10532ff4a1195560f7d8cd1fdfc3e65f9bada,b34052682483c8644b66027b15f10532ff4a1195560f7d8cd1fdfc3e65f9bada,seed19_solution031,22,31
daytrader,19,stage3,COUPLING,P2,descriptive preference sensitivity,results/stage3/subjects/daytrader/declaration_method_body/formal/seed_19/projected_front_3d.csv,seed19_solution031,0.31246978867390141,0.31246978867390141,0,1,0.43219557195571956,6.7763558663558667,0.78726966207641758,0.60613760757314661,10,0.24528301886792453,0.037735849056603772,True,sha256:b34052682483c8644b66027b15f10532ff4a1195560f7d8cd1fdfc3e65f9bada,b34052682483c8644b66027b15f10532ff4a1195560f7d8cd1fdfc3e65f9bada,seed19_solution031,22,31
daytrader,19,stage3,COHESION,P3,descriptive preference sensitivity,results/stage3/subjects/daytrader/declaration_method_body/formal/seed_19/projected_front_3d.csv,seed19_solution031,0.31246978867390141,0.31246978867390141,0,1,0.43219557195571956,6.7763558663558667,0.78726966207641758,0.60613760757314661,10,0.24528301886792453,0.037735849056603772,True,sha256:b34052682483c8644b66027b15f10532ff4a1195560f7d8cd1fdfc3e65f9bada,b34052682483c8644b66027b15f10532ff4a1195560f7d8cd1fdfc3e65f9bada,seed19_solution031,22,31
daytrader,19,stage3,SEMANTIC,P4,descriptive preference sensitivity,results/stage3/subjects/daytrader/declaration_method_body/formal/seed_19/projected_front_3d.csv,seed19_solution031,0.31246978867390141,0.31246978867390141,0,1,0.43219557195571956,6.7763558663558667,0.78726966207641758,0.60613760757314661,10,0.24528301886792453,0.037735849056603772,True,sha256:b34052682483c8644b66027b15f10532ff4a1195560f7d8cd1fdfc3e65f9bada,b34052682483c8644b66027b15f10532ff4a1195560f7d8cd1fdfc3e65f9bada,seed19_solution031,22,31
daytrader,20,stage2,MODULARITY_ANCHOR,P0,historical/reference modularity anchor,results/stage2/subjects/daytrader/nsga/robustness_final_30seeds/seed_20/pareto_front.csv,seed20_solution038,0.32459676389891201,0.32459676389891201,0,1,0.41789667896678967,7.9497354497354502,0.74426728012513277,0.56229782254486149,9,0.24528301886792453,0.018867924528301886,True,sha256:89ddfc4043be5edde3d757d241f119e23024afc0a82193fc73e8b784c904e123,89ddfc4043be5edde3d757d241f119e23024afc0a82193fc73e8b784c904e123,seed20_solution038,38,
daytrader,20,stage2,BALANCE,P1,primary reporting profile,results/stage2/subjects/daytrader/nsga/robustness_final_30seeds/seed_20/pareto_front.csv,seed20_solution038,0.32459676389891201,0.32459676389891201,0,1,0.41789667896678967,7.9497354497354502,0.74426728012513277,0.56229782254486149,9,0.24528301886792453,0.018867924528301886,True,sha256:89ddfc4043be5edde3d757d241f119e23024afc0a82193fc73e8b784c904e123,89ddfc4043be5edde3d757d241f119e23024afc0a82193fc73e8b784c904e123,seed20_solution038,38,
daytrader,20,stage2,COUPLING,P2,descriptive preference sensitivity,results/stage2/subjects/daytrader/nsga/robustness_final_30seeds/seed_20/pareto_front.csv,seed20_solution038,0.32459676389891201,0.32459676389891201,0,1,0.41789667896678967,7.9497354497354502,0.74426728012513277,0.56229782254486149,9,0.24528301886792453,0.018867924528301886,True,sha256:89ddfc4043be5edde3d757d241f119e23024afc0a82193fc73e8b784c904e123,89ddfc4043be5edde3d757d241f119e23024afc0a82193fc73e8b784c904e123,seed20_solution038,38,
daytrader,20,stage2,COHESION,P3,descriptive preference sensitivity,results/stage2/subjects/daytrader/nsga/robustness_final_30seeds/seed_20/pareto_front.csv,seed20_solution038,0.32459676389891201,0.32459676389891201,0,1,0.41789667896678967,7.9497354497354502,0.74426728012513277,0.56229782254486149,9,0.24528301886792453,0.018867924528301886,True,sha256:89ddfc4043be5edde3d757d241f119e23024afc0a82193fc73e8b784c904e123,89ddfc4043be5edde3d757d241f119e23024afc0a82193fc73e8b784c904e123,seed20_solution038,38,
daytrader,20,stage2,SEMANTIC,P4,descriptive preference sensitivity,results/stage2/subjects/daytrader/nsga/robustness_final_30seeds/seed_20/pareto_front.csv,seed20_solution038,0.32459676389891201,0.32459676389891201,0,1,0.41789667896678967,7.9497354497354502,0.74426728012513277,0.56229782254486149,9,0.24528301886792453,0.018867924528301886,True,sha256:89ddfc4043be5edde3d757d241f119e23024afc0a82193fc73e8b784c904e123,89ddfc4043be5edde3d757d241f119e23024afc0a82193fc73e8b784c904e123,seed20_solution038,38,
daytrader,20,stage3,MODULARITY_ANCHOR,P0,historical/reference modularity anchor,results/stage3/subjects/daytrader/declaration_method_body/formal/seed_20/projected_front_3d.csv,seed20_solution040,0.14590549301480107,0.14590549301480107,0,2,0.51983394833948338,12.972835497835497,0.85261309642981153,0.72120774195686699,11,0.30188679245283018,0.056603773584905662,True,sha256:db8455d1f7775c87937f7dd1cc1bd98d6f5c6d6e24725c2786dfcb9f40c14c6d,db8455d1f7775c87937f7dd1cc1bd98d6f5c6d6e24725c2786dfcb9f40c14c6d,seed20_solution040,23,40
daytrader,20,stage3,BALANCE,P1,primary reporting profile,results/stage3/subjects/daytrader/declaration_method_body/formal/seed_20/projected_front_3d.csv,seed20_solution053,0.14394101217303701,0.14590549301480107,0.013464063628946329,2,0.59640221402214022,8.1444444444444439,0.50698222047337371,0.79248084085408388,11,0.16981132075471697,0.018867924528301886,True,sha256:1d20625a24a8998f5634d859cef2bde66b999890870a30ee564b9aba8798e533,1d20625a24a8998f5634d859cef2bde66b999890870a30ee564b9aba8798e533,seed20_solution053,31,53
daytrader,20,stage3,COUPLING,P2,descriptive preference sensitivity,results/stage3/subjects/daytrader/declaration_method_body/formal/seed_20/projected_front_3d.csv,seed20_solution040,0.14590549301480107,0.14590549301480107,0,2,0.51983394833948338,12.972835497835497,0.85261309642981153,0.72120774195686699,11,0.30188679245283018,0.056603773584905662,True,sha256:db8455d1f7775c87937f7dd1cc1bd98d6f5c6d6e24725c2786dfcb9f40c14c6d,db8455d1f7775c87937f7dd1cc1bd98d6f5c6d6e24725c2786dfcb9f40c14c6d,seed20_solution040,23,40
daytrader,20,stage3,COHESION,P3,descriptive preference sensitivity,results/stage3/subjects/daytrader/declaration_method_body/formal/seed_20/projected_front_3d.csv,seed20_solution040,0.14590549301480107,0.14590549301480107,0,2,0.51983394833948338,12.972835497835497,0.85261309642981153,0.72120774195686699,11,0.30188679245283018,0.056603773584905662,True,sha256:db8455d1f7775c87937f7dd1cc1bd98d6f5c6d6e24725c2786dfcb9f40c14c6d,db8455d1f7775c87937f7dd1cc1bd98d6f5c6d6e24725c2786dfcb9f40c14c6d,seed20_solution040,23,40
daytrader,20,stage3,SEMANTIC,P4,descriptive preference sensitivity,results/stage3/subjects/daytrader/declaration_method_body/formal/seed_20/projected_front_3d.csv,seed20_solution040,0.14590549301480107,0.14590549301480107,0,2,0.51983394833948338,12.972835497835497,0.85261309642981153,0.72120774195686699,11,0.30188679245283018,0.056603773584905662,True,sha256:db8455d1f7775c87937f7dd1cc1bd98d6f5c6d6e24725c2786dfcb9f40c14c6d,db8455d1f7775c87937f7dd1cc1bd98d6f5c6d6e24725c2786dfcb9f40c14c6d,seed20_solution040,23,40
daytrader,21,stage2,MODULARITY_ANCHOR,P0,historical/reference modularity anchor,results/stage2/subjects/daytrader/nsga/robustness_final_30seeds/seed_21/pareto_front.csv,seed21_solution030,0.32459676389891201,0.32459676389891201,0,1,0.41789667896678967,7.0977855477855485,0.85240430174162407,0.5429508424933509,10,0.26415094339622641,0.056603773584905662,True,sha256:4e65a86d7f03fb8fb323b362305083fcd124d29223f1b6f9753865bc3ae8baf2,4e65a86d7f03fb8fb323b362305083fcd124d29223f1b6f9753865bc3ae8baf2,seed21_solution030,30,
daytrader,21,stage2,BALANCE,P1,primary reporting profile,results/stage2/subjects/daytrader/nsga/robustness_final_30seeds/seed_21/pareto_front.csv,seed21_solution030,0.32459676389891201,0.32459676389891201,0,1,0.41789667896678967,7.0977855477855485,0.85240430174162407,0.5429508424933509,10,0.26415094339622641,0.056603773584905662,True,sha256:4e65a86d7f03fb8fb323b362305083fcd124d29223f1b6f9753865bc3ae8baf2,4e65a86d7f03fb8fb323b362305083fcd124d29223f1b6f9753865bc3ae8baf2,seed21_solution030,30,
daytrader,21,stage2,COUPLING,P2,descriptive preference sensitivity,results/stage2/subjects/daytrader/nsga/robustness_final_30seeds/seed_21/pareto_front.csv,seed21_solution030,0.32459676389891201,0.32459676389891201,0,1,0.41789667896678967,7.0977855477855485,0.85240430174162407,0.5429508424933509,10,0.26415094339622641,0.056603773584905662,True,sha256:4e65a86d7f03fb8fb323b362305083fcd124d29223f1b6f9753865bc3ae8baf2,4e65a86d7f03fb8fb323b362305083fcd124d29223f1b6f9753865bc3ae8baf2,seed21_solution030,30,
daytrader,21,stage2,COHESION,P3,descriptive preference sensitivity,results/stage2/subjects/daytrader/nsga/robustness_final_30seeds/seed_21/pareto_front.csv,seed21_solution030,0.32459676389891201,0.32459676389891201,0,1,0.41789667896678967,7.0977855477855485,0.85240430174162407,0.5429508424933509,10,0.26415094339622641,0.056603773584905662,True,sha256:4e65a86d7f03fb8fb323b362305083fcd124d29223f1b6f9753865bc3ae8baf2,4e65a86d7f03fb8fb323b362305083fcd124d29223f1b6f9753865bc3ae8baf2,seed21_solution030,30,
daytrader,21,stage2,SEMANTIC,P4,descriptive preference sensitivity,results/stage2/subjects/daytrader/nsga/robustness_final_30seeds/seed_21/pareto_front.csv,seed21_solution030,0.32459676389891201,0.32459676389891201,0,1,0.41789667896678967,7.0977855477855485,0.85240430174162407,0.5429508424933509,10,0.26415094339622641,0.056603773584905662,True,sha256:4e65a86d7f03fb8fb323b362305083fcd124d29223f1b6f9753865bc3ae8baf2,4e65a86d7f03fb8fb323b362305083fcd124d29223f1b6f9753865bc3ae8baf2,seed21_solution030,30,
daytrader,21,stage3,MODULARITY_ANCHOR,P0,historical/reference modularity anchor,results/stage3/subjects/daytrader/declaration_method_body/formal/seed_21/projected_front_3d.csv,seed21_solution034,0.29887607484239037,0.29887607484239037,0,1,0.43726937269372695,7.4318015318015309,0.74067118590152925,0.60246773793424802,10,0.24528301886792453,0.037735849056603772,True,sha256:9863f0f88b47a8b2f6c0d7dd05c092d897a80c8240a165b01b3b47f27ea8a6bf,9863f0f88b47a8b2f6c0d7dd05c092d897a80c8240a165b01b3b47f27ea8a6bf,seed21_solution034,25,34
daytrader,21,stage3,BALANCE,P1,primary reporting profile,results/stage3/subjects/daytrader/declaration_method_body/formal/seed_21/projected_front_3d.csv,seed21_solution034,0.29887607484239037,0.29887607484239037,0,1,0.43726937269372695,7.4318015318015309,0.74067118590152925,0.60246773793424802,10,0.24528301886792453,0.037735849056603772,True,sha256:9863f0f88b47a8b2f6c0d7dd05c092d897a80c8240a165b01b3b47f27ea8a6bf,9863f0f88b47a8b2f6c0d7dd05c092d897a80c8240a165b01b3b47f27ea8a6bf,seed21_solution034,25,34
daytrader,21,stage3,COUPLING,P2,descriptive preference sensitivity,results/stage3/subjects/daytrader/declaration_method_body/formal/seed_21/projected_front_3d.csv,seed21_solution034,0.29887607484239037,0.29887607484239037,0,1,0.43726937269372695,7.4318015318015309,0.74067118590152925,0.60246773793424802,10,0.24528301886792453,0.037735849056603772,True,sha256:9863f0f88b47a8b2f6c0d7dd05c092d897a80c8240a165b01b3b47f27ea8a6bf,9863f0f88b47a8b2f6c0d7dd05c092d897a80c8240a165b01b3b47f27ea8a6bf,seed21_solution034,25,34
daytrader,21,stage3,COHESION,P3,descriptive preference sensitivity,results/stage3/subjects/daytrader/declaration_method_body/formal/seed_21/projected_front_3d.csv,seed21_solution034,0.29887607484239037,0.29887607484239037,0,1,0.43726937269372695,7.4318015318015309,0.74067118590152925,0.60246773793424802,10,0.24528301886792453,0.037735849056603772,True,sha256:9863f0f88b47a8b2f6c0d7dd05c092d897a80c8240a165b01b3b47f27ea8a6bf,9863f0f88b47a8b2f6c0d7dd05c092d897a80c8240a165b01b3b47f27ea8a6bf,seed21_solution034,25,34
daytrader,21,stage3,SEMANTIC,P4,descriptive preference sensitivity,results/stage3/subjects/daytrader/declaration_method_body/formal/seed_21/projected_front_3d.csv,seed21_solution034,0.29887607484239037,0.29887607484239037,0,1,0.43726937269372695,7.4318015318015309,0.74067118590152925,0.60246773793424802,10,0.24528301886792453,0.037735849056603772,True,sha256:9863f0f88b47a8b2f6c0d7dd05c092d897a80c8240a165b01b3b47f27ea8a6bf,9863f0f88b47a8b2f6c0d7dd05c092d897a80c8240a165b01b3b47f27ea8a6bf,seed21_solution034,25,34
daytrader,22,stage2,MODULARITY_ANCHOR,P0,historical/reference modularity anchor,results/stage2/subjects/daytrader/nsga/robustness_final_30seeds/seed_22/pareto_front.csv,seed22_solution037,0.31455468930842428,0.31455468930842428,0,2,0.43081180811808117,6.2674144037780399,0.84337723164630229,0.59866699554001424,11,0.22641509433962265,0.056603773584905662,True,sha256:fefc3f97ef18abea6f0e782bd48e17b3b04f5c409c532cc5c741e579d7c5092e,fefc3f97ef18abea6f0e782bd48e17b3b04f5c409c532cc5c741e579d7c5092e,seed22_solution037,37,
daytrader,22,stage2,BALANCE,P1,primary reporting profile,results/stage2/subjects/daytrader/nsga/robustness_final_30seeds/seed_22/pareto_front.csv,seed22_solution037,0.31455468930842428,0.31455468930842428,0,2,0.43081180811808117,6.2674144037780399,0.84337723164630229,0.59866699554001424,11,0.22641509433962265,0.056603773584905662,True,sha256:fefc3f97ef18abea6f0e782bd48e17b3b04f5c409c532cc5c741e579d7c5092e,fefc3f97ef18abea6f0e782bd48e17b3b04f5c409c532cc5c741e579d7c5092e,seed22_solution037,37,
daytrader,22,stage2,COUPLING,P2,descriptive preference sensitivity,results/stage2/subjects/daytrader/nsga/robustness_final_30seeds/seed_22/pareto_front.csv,seed22_solution037,0.31455468930842428,0.31455468930842428,0,2,0.43081180811808117,6.2674144037780399,0.84337723164630229,0.59866699554001424,11,0.22641509433962265,0.056603773584905662,True,sha256:fefc3f97ef18abea6f0e782bd48e17b3b04f5c409c532cc5c741e579d7c5092e,fefc3f97ef18abea6f0e782bd48e17b3b04f5c409c532cc5c741e579d7c5092e,seed22_solution037,37,
daytrader,22,stage2,COHESION,P3,descriptive preference sensitivity,results/stage2/subjects/daytrader/nsga/robustness_final_30seeds/seed_22/pareto_front.csv,seed22_solution038,0.29887724499938717,0.31455468930842428,0.049840122693784447,2,0.44326568265682659,6.5188447915720644,0.8841792085932062,0.61124924635384503,11,0.24528301886792453,0.056603773584905662,True,sha256:48848c4ffead7f395a32312bf22649964b6eca418a380caafd825f91b14e0c74,48848c4ffead7f395a32312bf22649964b6eca418a380caafd825f91b14e0c74,seed22_solution038,38,
daytrader,22,stage2,SEMANTIC,P4,descriptive preference sensitivity,results/stage2/subjects/daytrader/nsga/robustness_final_30seeds/seed_22/pareto_front.csv,seed22_solution037,0.31455468930842428,0.31455468930842428,0,2,0.43081180811808117,6.2674144037780399,0.84337723164630229,0.59866699554001424,11,0.22641509433962265,0.056603773584905662,True,sha256:fefc3f97ef18abea6f0e782bd48e17b3b04f5c409c532cc5c741e579d7c5092e,fefc3f97ef18abea6f0e782bd48e17b3b04f5c409c532cc5c741e579d7c5092e,seed22_solution037,37,
daytrader,22,stage3,MODULARITY_ANCHOR,P0,historical/reference modularity anchor,results/stage3/subjects/daytrader/declaration_method_body/formal/seed_22/projected_front_3d.csv,seed22_solution034,0.14013885295679512,0.14013885295679512,0,3,0.43450184501845018,9.6175396825396824,0.81831126196986559,0.77501636233877225,10,0.28301886792452829,0.018867924528301886,True,sha256:cf8d7f65b9cab4a525f5103cb8d758c0b84fac3aadd969ece4618d65e7014a10,cf8d7f65b9cab4a525f5103cb8d758c0b84fac3aadd969ece4618d65e7014a10,seed22_solution034,29,34
daytrader,22,stage3,BALANCE,P1,primary reporting profile,results/stage3/subjects/daytrader/declaration_method_body/formal/seed_22/projected_front_3d.csv,seed22_solution033,0.13495654675181468,0.14013885295679512,0.036979796078237877,3,0.42343173431734316,2.7182507550928605,0.14856618630210963,0.6504390931713282,3,0.37735849056603776,0,True,sha256:5376197dab7c1b2dbb2355731b02c7cf5fcaf96e275bec5c6a7b3d661416260a,5376197dab7c1b2dbb2355731b02c7cf5fcaf96e275bec5c6a7b3d661416260a,seed22_solution033,28,33
daytrader,22,stage3,COUPLING,P2,descriptive preference sensitivity,results/stage3/subjects/daytrader/declaration_method_body/formal/seed_22/projected_front_3d.csv,seed22_solution033,0.13495654675181468,0.14013885295679512,0.036979796078237877,3,0.42343173431734316,2.7182507550928605,0.14856618630210963,0.6504390931713282,3,0.37735849056603776,0,True,sha256:5376197dab7c1b2dbb2355731b02c7cf5fcaf96e275bec5c6a7b3d661416260a,5376197dab7c1b2dbb2355731b02c7cf5fcaf96e275bec5c6a7b3d661416260a,seed22_solution033,28,33
daytrader,22,stage3,COHESION,P3,descriptive preference sensitivity,results/stage3/subjects/daytrader/declaration_method_body/formal/seed_22/projected_front_3d.csv,seed22_solution056,0.13346119248784741,0.14013885295679512,0.047650314870255443,3,0.55212177121771222,15.74572769278652,0.90369283130777711,0.6644859212948071,9,0.32075471698113206,0.037735849056603772,True,sha256:d14f6d31d93a3cbd265cf4717725bee694dc1ea0ed71ad20542e21d906e34e78,d14f6d31d93a3cbd265cf4717725bee694dc1ea0ed71ad20542e21d906e34e78,seed22_solution056,46,56
daytrader,22,stage3,SEMANTIC,P4,descriptive preference sensitivity,results/stage3/subjects/daytrader/declaration_method_body/formal/seed_22/projected_front_3d.csv,seed22_solution033,0.13495654675181468,0.14013885295679512,0.036979796078237877,3,0.42343173431734316,2.7182507550928605,0.14856618630210963,0.6504390931713282,3,0.37735849056603776,0,True,sha256:5376197dab7c1b2dbb2355731b02c7cf5fcaf96e275bec5c6a7b3d661416260a,5376197dab7c1b2dbb2355731b02c7cf5fcaf96e275bec5c6a7b3d661416260a,seed22_solution033,28,33
daytrader,23,stage2,MODULARITY_ANCHOR,P0,historical/reference modularity anchor,results/stage2/subjects/daytrader/nsga/robustness_final_30seeds/seed_23/pareto_front.csv,seed23_solution054,0.19502655618115217,0.19502655618115217,0,2,0.477859778597786,17.739308310736881,0.5685478933328062,0.73363204201409404,7,0.26415094339622641,0,True,sha256:2b2f0d422cb600ffc2704e40c3b027b93a8193e6559644920d0a45ad848c1767,2b2f0d422cb600ffc2704e40c3b027b93a8193e6559644920d0a45ad848c1767,seed23_solution054,54,
daytrader,23,stage2,BALANCE,P1,primary reporting profile,results/stage2/subjects/daytrader/nsga/robustness_final_30seeds/seed_23/pareto_front.csv,seed23_solution055,0.19081548028349285,0.19502655618115217,0.021592320451722588,2,0.48247232472324725,17.90077541506113,0.5597130933657104,0.75161080776576861,7,0.24528301886792453,0,True,sha256:6a1cf0ee1a4c7c6345b1340d9099aa430f8ae146c3f011a5a9a2a5890f757d34,6a1cf0ee1a4c7c6345b1340d9099aa430f8ae146c3f011a5a9a2a5890f757d34,seed23_solution055,55,
daytrader,23,stage2,COUPLING,P2,descriptive preference sensitivity,results/stage2/subjects/daytrader/nsga/robustness_final_30seeds/seed_23/pareto_front.csv,seed23_solution054,0.19502655618115217,0.19502655618115217,0,2,0.477859778597786,17.739308310736881,0.5685478933328062,0.73363204201409404,7,0.26415094339622641,0,True,sha256:2b2f0d422cb600ffc2704e40c3b027b93a8193e6559644920d0a45ad848c1767,2b2f0d422cb600ffc2704e40c3b027b93a8193e6559644920d0a45ad848c1767,seed23_solution054,54,
daytrader,23,stage2,COHESION,P3,descriptive preference sensitivity,results/stage2/subjects/daytrader/nsga/robustness_final_30seeds/seed_23/pareto_front.csv,seed23_solution055,0.19081548028349285,0.19502655618115217,0.021592320451722588,2,0.48247232472324725,17.90077541506113,0.5597130933657104,0.75161080776576861,7,0.24528301886792453,0,True,sha256:6a1cf0ee1a4c7c6345b1340d9099aa430f8ae146c3f011a5a9a2a5890f757d34,6a1cf0ee1a4c7c6345b1340d9099aa430f8ae146c3f011a5a9a2a5890f757d34,seed23_solution055,55,
daytrader,23,stage2,SEMANTIC,P4,descriptive preference sensitivity,results/stage2/subjects/daytrader/nsga/robustness_final_30seeds/seed_23/pareto_front.csv,seed23_solution054,0.19502655618115217,0.19502655618115217,0,2,0.477859778597786,17.739308310736881,0.5685478933328062,0.73363204201409404,7,0.26415094339622641,0,True,sha256:2b2f0d422cb600ffc2704e40c3b027b93a8193e6559644920d0a45ad848c1767,2b2f0d422cb600ffc2704e40c3b027b93a8193e6559644920d0a45ad848c1767,seed23_solution054,54,
daytrader,23,stage3,MODULARITY_ANCHOR,P0,historical/reference modularity anchor,results/stage3/subjects/daytrader/declaration_method_body/formal/seed_23/projected_front_3d.csv,seed23_solution029,0.30988757131575001,0.30988757131575001,0,3,0.4289667896678967,7.1834998334998348,0.86894935393731743,0.548400612178644,10,0.26415094339622641,0.056603773584905662,True,sha256:6b0290fc21cf75e3343a61e0b4bb041a97c85ef0c27986c61d6827ae95c96906,6b0290fc21cf75e3343a61e0b4bb041a97c85ef0c27986c61d6827ae95c96906,seed23_solution029,20,29
daytrader,23,stage3,BALANCE,P1,primary reporting profile,results/stage3/subjects/daytrader/declaration_method_body/formal/seed_23/projected_front_3d.csv,seed23_solution033,0.29579930658623915,0.30988757131575001,0.045462503286897146,3,0.45802583025830257,4.7364919031585693,0.63256809865057395,0.59878834328236763,9,0.20754716981132076,0.018867924528301886,True,sha256:6ef0068a408d48c0a583af6fc5b7b3e976085542e67d8756de6eaeb3f61f3866,6ef0068a408d48c0a583af6fc5b7b3e976085542e67d8756de6eaeb3f61f3866,seed23_solution033,24,33
daytrader,23,stage3,COUPLING,P2,descriptive preference sensitivity,results/stage3/subjects/daytrader/declaration_method_body/formal/seed_23/projected_front_3d.csv,seed23_solution029,0.30988757131575001,0.30988757131575001,0,3,0.4289667896678967,7.1834998334998348,0.86894935393731743,0.548400612178644,10,0.26415094339622641,0.056603773584905662,True,sha256:6b0290fc21cf75e3343a61e0b4bb041a97c85ef0c27986c61d6827ae95c96906,6b0290fc21cf75e3343a61e0b4bb041a97c85ef0c27986c61d6827ae95c96906,seed23_solution029,20,29
daytrader,23,stage3,COHESION,P3,descriptive preference sensitivity,results/stage3/subjects/daytrader/declaration_method_body/formal/seed_23/projected_front_3d.csv,seed23_solution030,0.30412273968219389,0.30988757131575001,0.018602977877038612,3,0.44234317343173429,7.2433899433899445,0.8183112619698657,0.56192343362869357,10,0.24528301886792453,0.037735849056603772,True,sha256:6421190dc4ca9e4d8b499e9b7405c4350e0bfb7ed166bba5386dba73d6e084fd,6421190dc4ca9e4d8b499e9b7405c4350e0bfb7ed166bba5386dba73d6e084fd,seed23_solution030,21,30
daytrader,23,stage3,SEMANTIC,P4,descriptive preference sensitivity,results/stage3/subjects/daytrader/declaration_method_body/formal/seed_23/projected_front_3d.csv,seed23_solution029,0.30988757131575001,0.30988757131575001,0,3,0.4289667896678967,7.1834998334998348,0.86894935393731743,0.548400612178644,10,0.26415094339622641,0.056603773584905662,True,sha256:6b0290fc21cf75e3343a61e0b4bb041a97c85ef0c27986c61d6827ae95c96906,6b0290fc21cf75e3343a61e0b4bb041a97c85ef0c27986c61d6827ae95c96906,seed23_solution029,20,29
daytrader,24,stage2,MODULARITY_ANCHOR,P0,historical/reference modularity anchor,results/stage2/subjects/daytrader/nsga/robustness_final_30seeds/seed_24/pareto_front.csv,seed24_solution029,0.32459676389891201,0.32459676389891201,0,2,0.41789667896678967,6.5407774044137685,0.8929931748074893,0.56870880469639773,11,0.24528301886792453,0.075471698113207544,True,sha256:42ec4407274b98b9d682ed8a077a78aa55c981bb30ddf7a0ffa0a58981a20d4a,42ec4407274b98b9d682ed8a077a78aa55c981bb30ddf7a0ffa0a58981a20d4a,seed24_solution029,29,
daytrader,24,stage2,BALANCE,P1,primary reporting profile,results/stage2/subjects/daytrader/nsga/robustness_final_30seeds/seed_24/pareto_front.csv,seed24_solution029,0.32459676389891201,0.32459676389891201,0,2,0.41789667896678967,6.5407774044137685,0.8929931748074893,0.56870880469639773,11,0.24528301886792453,0.075471698113207544,True,sha256:42ec4407274b98b9d682ed8a077a78aa55c981bb30ddf7a0ffa0a58981a20d4a,42ec4407274b98b9d682ed8a077a78aa55c981bb30ddf7a0ffa0a58981a20d4a,seed24_solution029,29,
daytrader,24,stage2,COUPLING,P2,descriptive preference sensitivity,results/stage2/subjects/daytrader/nsga/robustness_final_30seeds/seed_24/pareto_front.csv,seed24_solution029,0.32459676389891201,0.32459676389891201,0,2,0.41789667896678967,6.5407774044137685,0.8929931748074893,0.56870880469639773,11,0.24528301886792453,0.075471698113207544,True,sha256:42ec4407274b98b9d682ed8a077a78aa55c981bb30ddf7a0ffa0a58981a20d4a,42ec4407274b98b9d682ed8a077a78aa55c981bb30ddf7a0ffa0a58981a20d4a,seed24_solution029,29,
daytrader,24,stage2,COHESION,P3,descriptive preference sensitivity,results/stage2/subjects/daytrader/nsga/robustness_final_30seeds/seed_24/pareto_front.csv,seed24_solution030,0.32196125120845287,0.32459676389891201,0.0081193437014051954,2,0.42020295202952029,6.7770562770562774,0.93581862397262217,0.59021054063324119,11,0.24528301886792453,0.075471698113207544,True,sha256:8c14f17645677d75155118769cc4b4aea17386fb995b3441032f35d370c84c7d,8c14f17645677d75155118769cc4b4aea17386fb995b3441032f35d370c84c7d,seed24_solution030,30,
daytrader,24,stage2,SEMANTIC,P4,descriptive preference sensitivity,results/stage2/subjects/daytrader/nsga/robustness_final_30seeds/seed_24/pareto_front.csv,seed24_solution029,0.32459676389891201,0.32459676389891201,0,2,0.41789667896678967,6.5407774044137685,0.8929931748074893,0.56870880469639773,11,0.24528301886792453,0.075471698113207544,True,sha256:42ec4407274b98b9d682ed8a077a78aa55c981bb30ddf7a0ffa0a58981a20d4a,42ec4407274b98b9d682ed8a077a78aa55c981bb30ddf7a0ffa0a58981a20d4a,seed24_solution029,29,
daytrader,24,stage3,MODULARITY_ANCHOR,P0,historical/reference modularity anchor,results/stage3/subjects/daytrader/declaration_method_body/formal/seed_24/projected_front_3d.csv,seed24_solution038,0.29950519379501922,0.29950519379501922,0,2,0.43542435424354242,7.1869796869796865,0.81504192703604439,0.63637908018089107,11,0.26415094339622641,0.018867924528301886,True,sha256:aece40b5dbc0204f94a2063733ecab737bd004bc9f25dfe635e79bf042cc2fff,aece40b5dbc0204f94a2063733ecab737bd004bc9f25dfe635e79bf042cc2fff,seed24_solution038,29,38
daytrader,24,stage3,BALANCE,P1,primary reporting profile,results/stage3/subjects/daytrader/declaration_method_body/formal/seed_24/projected_front_3d.csv,seed24_solution040,0.28676175858852704,0.29950519379501922,0.042548294555498641,2,0.44926199261992622,7.6103896103896096,0.76548916132455824,0.65200110409678835,11,0.24528301886792453,0.018867924528301886,True,sha256:7417a0b6367e8e3ad048def667ad7e17e8fdcc4dbeed882d917049ed2e019f83,7417a0b6367e8e3ad048def667ad7e17e8fdcc4dbeed882d917049ed2e019f83,seed24_solution040,30,40
daytrader,24,stage3,COUPLING,P2,descriptive preference sensitivity,results/stage3/subjects/daytrader/declaration_method_body/formal/seed_24/projected_front_3d.csv,seed24_solution038,0.29950519379501922,0.29950519379501922,0,2,0.43542435424354242,7.1869796869796865,0.81504192703604439,0.63637908018089107,11,0.26415094339622641,0.018867924528301886,True,sha256:aece40b5dbc0204f94a2063733ecab737bd004bc9f25dfe635e79bf042cc2fff,aece40b5dbc0204f94a2063733ecab737bd004bc9f25dfe635e79bf042cc2fff,seed24_solution038,29,38
daytrader,24,stage3,COHESION,P3,descriptive preference sensitivity,results/stage3/subjects/daytrader/declaration_method_body/formal/seed_24/projected_front_3d.csv,seed24_solution040,0.28676175858852704,0.29950519379501922,0.042548294555498641,2,0.44926199261992622,7.6103896103896096,0.76548916132455824,0.65200110409678835,11,0.24528301886792453,0.018867924528301886,True,sha256:7417a0b6367e8e3ad048def667ad7e17e8fdcc4dbeed882d917049ed2e019f83,7417a0b6367e8e3ad048def667ad7e17e8fdcc4dbeed882d917049ed2e019f83,seed24_solution040,30,40
daytrader,24,stage3,SEMANTIC,P4,descriptive preference sensitivity,results/stage3/subjects/daytrader/declaration_method_body/formal/seed_24/projected_front_3d.csv,seed24_solution038,0.29950519379501922,0.29950519379501922,0,2,0.43542435424354242,7.1869796869796865,0.81504192703604439,0.63637908018089107,11,0.26415094339622641,0.018867924528301886,True,sha256:aece40b5dbc0204f94a2063733ecab737bd004bc9f25dfe635e79bf042cc2fff,aece40b5dbc0204f94a2063733ecab737bd004bc9f25dfe635e79bf042cc2fff,seed24_solution038,29,38
daytrader,25,stage2,MODULARITY_ANCHOR,P0,historical/reference modularity anchor,results/stage2/subjects/daytrader/nsga/robustness_final_30seeds/seed_25/pareto_front.csv,seed25_solution046,0.31432267908933692,0.31432267908933692,0,2,0.42942804428044279,6.7168424168424163,0.72242225355006218,0.61878704549655017,9,0.24528301886792453,0.018867924528301886,True,sha256:4a34c8d507f08bcd6e55a0353f33e7f9451e1cecf01c2e358bf7556be73cb2b3,4a34c8d507f08bcd6e55a0353f33e7f9451e1cecf01c2e358bf7556be73cb2b3,seed25_solution046,46,
daytrader,25,stage2,BALANCE,P1,primary reporting profile,results/stage2/subjects/daytrader/nsga/robustness_final_30seeds/seed_25/pareto_front.csv,seed25_solution047,0.30456676107351471,0.31432267908933692,0.03103790679084081,2,0.44142066420664205,7.2128020128020118,0.68602486651689976,0.6350380204864785,9,0.24528301886792453,0,True,sha256:06aa825961432edadb402c811cf8a0be25dc247135107c286484a9f7984ac84a,06aa825961432edadb402c811cf8a0be25dc247135107c286484a9f7984ac84a,seed25_solution047,47,
daytrader,25,stage2,COUPLING,P2,descriptive preference sensitivity,results/stage2/subjects/daytrader/nsga/robustness_final_30seeds/seed_25/pareto_front.csv,seed25_solution046,0.31432267908933692,0.31432267908933692,0,2,0.42942804428044279,6.7168424168424163,0.72242225355006218,0.61878704549655017,9,0.24528301886792453,0.018867924528301886,True,sha256:4a34c8d507f08bcd6e55a0353f33e7f9451e1cecf01c2e358bf7556be73cb2b3,4a34c8d507f08bcd6e55a0353f33e7f9451e1cecf01c2e358bf7556be73cb2b3,seed25_solution046,46,
daytrader,25,stage2,COHESION,P3,descriptive preference sensitivity,results/stage2/subjects/daytrader/nsga/robustness_final_30seeds/seed_25/pareto_front.csv,seed25_solution047,0.30456676107351471,0.31432267908933692,0.03103790679084081,2,0.44142066420664205,7.2128020128020118,0.68602486651689976,0.6350380204864785,9,0.24528301886792453,0,True,sha256:06aa825961432edadb402c811cf8a0be25dc247135107c286484a9f7984ac84a,06aa825961432edadb402c811cf8a0be25dc247135107c286484a9f7984ac84a,seed25_solution047,47,
daytrader,25,stage2,SEMANTIC,P4,descriptive preference sensitivity,results/stage2/subjects/daytrader/nsga/robustness_final_30seeds/seed_25/pareto_front.csv,seed25_solution046,0.31432267908933692,0.31432267908933692,0,2,0.42942804428044279,6.7168424168424163,0.72242225355006218,0.61878704549655017,9,0.24528301886792453,0.018867924528301886,True,sha256:4a34c8d507f08bcd6e55a0353f33e7f9451e1cecf01c2e358bf7556be73cb2b3,4a34c8d507f08bcd6e55a0353f33e7f9451e1cecf01c2e358bf7556be73cb2b3,seed25_solution046,46,
daytrader,25,stage3,MODULARITY_ANCHOR,P0,historical/reference modularity anchor,results/stage3/subjects/daytrader/declaration_method_body/formal/seed_25/projected_front_3d.csv,seed25_solution026,0.32459676389891201,0.32459676389891201,0,2,0.41789667896678967,8.5934523809523817,0.64455437179391406,0.56052835612303653,8,0.24528301886792453,0.018867924528301886,True,sha256:926582665d55bbf35947c3abfa71ff18c952d7d8d9dea01010ab6daae7b6d232,926582665d55bbf35947c3abfa71ff18c952d7d8d9dea01010ab6daae7b6d232,seed25_solution026,15,26
daytrader,25,stage3,BALANCE,P1,primary reporting profile,results/stage3/subjects/daytrader/declaration_method_body/formal/seed_25/projected_front_3d.csv,seed25_solution026,0.32459676389891201,0.32459676389891201,0,2,0.41789667896678967,8.5934523809523817,0.64455437179391406,0.56052835612303653,8,0.24528301886792453,0.018867924528301886,True,sha256:926582665d55bbf35947c3abfa71ff18c952d7d8d9dea01010ab6daae7b6d232,926582665d55bbf35947c3abfa71ff18c952d7d8d9dea01010ab6daae7b6d232,seed25_solution026,15,26
daytrader,25,stage3,COUPLING,P2,descriptive preference sensitivity,results/stage3/subjects/daytrader/declaration_method_body/formal/seed_25/projected_front_3d.csv,seed25_solution026,0.32459676389891201,0.32459676389891201,0,2,0.41789667896678967,8.5934523809523817,0.64455437179391406,0.56052835612303653,8,0.24528301886792453,0.018867924528301886,True,sha256:926582665d55bbf35947c3abfa71ff18c952d7d8d9dea01010ab6daae7b6d232,926582665d55bbf35947c3abfa71ff18c952d7d8d9dea01010ab6daae7b6d232,seed25_solution026,15,26
daytrader,25,stage3,COHESION,P3,descriptive preference sensitivity,results/stage3/subjects/daytrader/declaration_method_body/formal/seed_25/projected_front_3d.csv,seed25_solution028,0.30891931958987484,0.32459676389891201,0.048298215055278676,2,0.43035055350553508,8.9499084249084255,0.68732096604101833,0.57311060693686722,8,0.26415094339622641,0.018867924528301886,True,sha256:bd88d7900c78e31c05295af7c6d13c265aada5a5fd0c45aa93b7c4e664e5d3f6,bd88d7900c78e31c05295af7c6d13c265aada5a5fd0c45aa93b7c4e664e5d3f6,seed25_solution028,16,28
daytrader,25,stage3,SEMANTIC,P4,descriptive preference sensitivity,results/stage3/subjects/daytrader/declaration_method_body/formal/seed_25/projected_front_3d.csv,seed25_solution026,0.32459676389891201,0.32459676389891201,0,2,0.41789667896678967,8.5934523809523817,0.64455437179391406,0.56052835612303653,8,0.24528301886792453,0.018867924528301886,True,sha256:926582665d55bbf35947c3abfa71ff18c952d7d8d9dea01010ab6daae7b6d232,926582665d55bbf35947c3abfa71ff18c952d7d8d9dea01010ab6daae7b6d232,seed25_solution026,15,26
daytrader,26,stage2,MODULARITY_ANCHOR,P0,historical/reference modularity anchor,results/stage2/subjects/daytrader/nsga/robustness_final_30seeds/seed_26/pareto_front.csv,seed26_solution037,0.1438560162239077,0.1438560162239077,0,2,0.3837638376383764,6.5674603174603172,0.58612168177392709,0.69512517871377488,6,0.30188679245283018,0,True,sha256:ada2d64e66c2632fea53a01d56b2254d28cd8400c4e2de766a4d13714a9d8f81,ada2d64e66c2632fea53a01d56b2254d28cd8400c4e2de766a4d13714a9d8f81,seed26_solution037,37,
daytrader,26,stage2,BALANCE,P1,primary reporting profile,results/stage2/subjects/daytrader/nsga/robustness_final_30seeds/seed_26/pareto_front.csv,seed26_solution052,0.14145783264797593,0.1438560162239077,0.016670721453867245,2,0.52167896678966785,15.911111111111111,0.41035024850814233,0.78484829382340093,6,0.22641509433962265,0,True,sha256:b55ab40ae830c29517f9b0c4e45c4f028d95bddcad670d1e23258cf0d4712841,b55ab40ae830c29517f9b0c4e45c4f028d95bddcad670d1e23258cf0d4712841,seed26_solution052,52,
daytrader,26,stage2,COUPLING,P2,descriptive preference sensitivity,results/stage2/subjects/daytrader/nsga/robustness_final_30seeds/seed_26/pareto_front.csv,seed26_solution037,0.1438560162239077,0.1438560162239077,0,2,0.3837638376383764,6.5674603174603172,0.58612168177392709,0.69512517871377488,6,0.30188679245283018,0,True,sha256:ada2d64e66c2632fea53a01d56b2254d28cd8400c4e2de766a4d13714a9d8f81,ada2d64e66c2632fea53a01d56b2254d28cd8400c4e2de766a4d13714a9d8f81,seed26_solution037,37,
daytrader,26,stage2,COHESION,P3,descriptive preference sensitivity,results/stage2/subjects/daytrader/nsga/robustness_final_30seeds/seed_26/pareto_front.csv,seed26_solution052,0.14145783264797593,0.1438560162239077,0.016670721453867245,2,0.52167896678966785,15.911111111111111,0.41035024850814233,0.78484829382340093,6,0.22641509433962265,0,True,sha256:b55ab40ae830c29517f9b0c4e45c4f028d95bddcad670d1e23258cf0d4712841,b55ab40ae830c29517f9b0c4e45c4f028d95bddcad670d1e23258cf0d4712841,seed26_solution052,52,
daytrader,26,stage2,SEMANTIC,P4,descriptive preference sensitivity,results/stage2/subjects/daytrader/nsga/robustness_final_30seeds/seed_26/pareto_front.csv,seed26_solution037,0.1438560162239077,0.1438560162239077,0,2,0.3837638376383764,6.5674603174603172,0.58612168177392709,0.69512517871377488,6,0.30188679245283018,0,True,sha256:ada2d64e66c2632fea53a01d56b2254d28cd8400c4e2de766a4d13714a9d8f81,ada2d64e66c2632fea53a01d56b2254d28cd8400c4e2de766a4d13714a9d8f81,seed26_solution037,37,
daytrader,26,stage3,MODULARITY_ANCHOR,P0,historical/reference modularity anchor,results/stage3/subjects/daytrader/declaration_method_body/formal/seed_26/projected_front_3d.csv,seed26_solution038,0.32311811096662618,0.32311811096662618,0,1,0.41974169741697415,5.5936674436674441,0.73560712036294051,0.57622653800679302,9,0.26415094339622641,0.037735849056603772,True,sha256:dcb5c1863eda612c6e9f1981c85920ea89e746b4ce791f7ea7494a97bfee5e07,dcb5c1863eda612c6e9f1981c85920ea89e746b4ce791f7ea7494a97bfee5e07,seed26_solution038,32,38
daytrader,26,stage3,BALANCE,P1,primary reporting profile,results/stage3/subjects/daytrader/declaration_method_body/formal/seed_26/projected_front_3d.csv,seed26_solution038,0.32311811096662618,0.32311811096662618,0,1,0.41974169741697415,5.5936674436674441,0.73560712036294051,0.57622653800679302,9,0.26415094339622641,0.037735849056603772,True,sha256:dcb5c1863eda612c6e9f1981c85920ea89e746b4ce791f7ea7494a97bfee5e07,dcb5c1863eda612c6e9f1981c85920ea89e746b4ce791f7ea7494a97bfee5e07,seed26_solution038,32,38
daytrader,26,stage3,COUPLING,P2,descriptive preference sensitivity,results/stage3/subjects/daytrader/declaration_method_body/formal/seed_26/projected_front_3d.csv,seed26_solution038,0.32311811096662618,0.32311811096662618,0,1,0.41974169741697415,5.5936674436674441,0.73560712036294051,0.57622653800679302,9,0.26415094339622641,0.037735849056603772,True,sha256:dcb5c1863eda612c6e9f1981c85920ea89e746b4ce791f7ea7494a97bfee5e07,dcb5c1863eda612c6e9f1981c85920ea89e746b4ce791f7ea7494a97bfee5e07,seed26_solution038,32,38
daytrader,26,stage3,COHESION,P3,descriptive preference sensitivity,results/stage3/subjects/daytrader/declaration_method_body/formal/seed_26/projected_front_3d.csv,seed26_solution038,0.32311811096662618,0.32311811096662618,0,1,0.41974169741697415,5.5936674436674441,0.73560712036294051,0.57622653800679302,9,0.26415094339622641,0.037735849056603772,True,sha256:dcb5c1863eda612c6e9f1981c85920ea89e746b4ce791f7ea7494a97bfee5e07,dcb5c1863eda612c6e9f1981c85920ea89e746b4ce791f7ea7494a97bfee5e07,seed26_solution038,32,38
daytrader,26,stage3,SEMANTIC,P4,descriptive preference sensitivity,results/stage3/subjects/daytrader/declaration_method_body/formal/seed_26/projected_front_3d.csv,seed26_solution038,0.32311811096662618,0.32311811096662618,0,1,0.41974169741697415,5.5936674436674441,0.73560712036294051,0.57622653800679302,9,0.26415094339622641,0.037735849056603772,True,sha256:dcb5c1863eda612c6e9f1981c85920ea89e746b4ce791f7ea7494a97bfee5e07,dcb5c1863eda612c6e9f1981c85920ea89e746b4ce791f7ea7494a97bfee5e07,seed26_solution038,32,38
daytrader,27,stage2,MODULARITY_ANCHOR,P0,historical/reference modularity anchor,results/stage2/subjects/daytrader/nsga/robustness_final_30seeds/seed_27/pareto_front.csv,seed27_solution030,0.2697474630996311,0.2697474630996311,0,1,0.43726937269372695,7.0289577089577078,0.80515427522082528,0.59406990716586794,10,0.26415094339622641,0.018867924528301886,True,sha256:9b8bd7d49cbe482b5cccb5738d8ed1310ff2f8739efdc1a25004c432e240bc22,9b8bd7d49cbe482b5cccb5738d8ed1310ff2f8739efdc1a25004c432e240bc22,seed27_solution030,30,
daytrader,27,stage2,BALANCE,P1,primary reporting profile,results/stage2/subjects/daytrader/nsga/robustness_final_30seeds/seed_27/pareto_front.csv,seed27_solution030,0.2697474630996311,0.2697474630996311,0,1,0.43726937269372695,7.0289577089577078,0.80515427522082528,0.59406990716586794,10,0.26415094339622641,0.018867924528301886,True,sha256:9b8bd7d49cbe482b5cccb5738d8ed1310ff2f8739efdc1a25004c432e240bc22,9b8bd7d49cbe482b5cccb5738d8ed1310ff2f8739efdc1a25004c432e240bc22,seed27_solution030,30,
daytrader,27,stage2,COUPLING,P2,descriptive preference sensitivity,results/stage2/subjects/daytrader/nsga/robustness_final_30seeds/seed_27/pareto_front.csv,seed27_solution030,0.2697474630996311,0.2697474630996311,0,1,0.43726937269372695,7.0289577089577078,0.80515427522082528,0.59406990716586794,10,0.26415094339622641,0.018867924528301886,True,sha256:9b8bd7d49cbe482b5cccb5738d8ed1310ff2f8739efdc1a25004c432e240bc22,9b8bd7d49cbe482b5cccb5738d8ed1310ff2f8739efdc1a25004c432e240bc22,seed27_solution030,30,
daytrader,27,stage2,COHESION,P3,descriptive preference sensitivity,results/stage2/subjects/daytrader/nsga/robustness_final_30seeds/seed_27/pareto_front.csv,seed27_solution030,0.2697474630996311,0.2697474630996311,0,1,0.43726937269372695,7.0289577089577078,0.80515427522082528,0.59406990716586794,10,0.26415094339622641,0.018867924528301886,True,sha256:9b8bd7d49cbe482b5cccb5738d8ed1310ff2f8739efdc1a25004c432e240bc22,9b8bd7d49cbe482b5cccb5738d8ed1310ff2f8739efdc1a25004c432e240bc22,seed27_solution030,30,
daytrader,27,stage2,SEMANTIC,P4,descriptive preference sensitivity,results/stage2/subjects/daytrader/nsga/robustness_final_30seeds/seed_27/pareto_front.csv,seed27_solution030,0.2697474630996311,0.2697474630996311,0,1,0.43726937269372695,7.0289577089577078,0.80515427522082528,0.59406990716586794,10,0.26415094339622641,0.018867924528301886,True,sha256:9b8bd7d49cbe482b5cccb5738d8ed1310ff2f8739efdc1a25004c432e240bc22,9b8bd7d49cbe482b5cccb5738d8ed1310ff2f8739efdc1a25004c432e240bc22,seed27_solution030,30,
daytrader,27,stage3,MODULARITY_ANCHOR,P0,historical/reference modularity anchor,results/stage3/subjects/daytrader/declaration_method_body/formal/seed_27/projected_front_3d.csv,seed27_solution029,0.30703834540651675,0.30703834540651675,0,2,0.44649446494464945,7.7857142857142856,0.72242225355006218,0.61287788121175202,9,0.24528301886792453,0.018867924528301886,True,sha256:1f17f08cc09ed495ec45b63c05b5f3db6330e1a8d8b0146be9a554658c900a17,1f17f08cc09ed495ec45b63c05b5f3db6330e1a8d8b0146be9a554658c900a17,seed27_solution029,15,29
daytrader,27,stage3,BALANCE,P1,primary reporting profile,results/stage3/subjects/daytrader/declaration_method_body/formal/seed_27/projected_front_3d.csv,seed27_solution030,0.30315055197369306,0.30703834540651675,0.012662240697253241,2,0.45156826568265684,7.3976116476116482,0.70445866802243284,0.6091151458461147,9,0.24528301886792453,0.018867924528301886,True,sha256:90cfe49316fcad1e144ad4a08b942ce6786f84afd3a876442a4e9b98eec270ef,90cfe49316fcad1e144ad4a08b942ce6786f84afd3a876442a4e9b98eec270ef,seed27_solution030,16,30
daytrader,27,stage3,COUPLING,P2,descriptive preference sensitivity,results/stage3/subjects/daytrader/declaration_method_body/formal/seed_27/projected_front_3d.csv,seed27_solution029,0.30703834540651675,0.30703834540651675,0,2,0.44649446494464945,7.7857142857142856,0.72242225355006218,0.61287788121175202,9,0.24528301886792453,0.018867924528301886,True,sha256:1f17f08cc09ed495ec45b63c05b5f3db6330e1a8d8b0146be9a554658c900a17,1f17f08cc09ed495ec45b63c05b5f3db6330e1a8d8b0146be9a554658c900a17,seed27_solution029,15,29
daytrader,27,stage3,COHESION,P3,descriptive preference sensitivity,results/stage3/subjects/daytrader/declaration_method_body/formal/seed_27/projected_front_3d.csv,seed27_solution029,0.30703834540651675,0.30703834540651675,0,2,0.44649446494464945,7.7857142857142856,0.72242225355006218,0.61287788121175202,9,0.24528301886792453,0.018867924528301886,True,sha256:1f17f08cc09ed495ec45b63c05b5f3db6330e1a8d8b0146be9a554658c900a17,1f17f08cc09ed495ec45b63c05b5f3db6330e1a8d8b0146be9a554658c900a17,seed27_solution029,15,29
daytrader,27,stage3,SEMANTIC,P4,descriptive preference sensitivity,results/stage3/subjects/daytrader/declaration_method_body/formal/seed_27/projected_front_3d.csv,seed27_solution030,0.30315055197369306,0.30703834540651675,0.012662240697253241,2,0.45156826568265684,7.3976116476116482,0.70445866802243284,0.6091151458461147,9,0.24528301886792453,0.018867924528301886,True,sha256:90cfe49316fcad1e144ad4a08b942ce6786f84afd3a876442a4e9b98eec270ef,90cfe49316fcad1e144ad4a08b942ce6786f84afd3a876442a4e9b98eec270ef,seed27_solution030,16,30
daytrader,28,stage2,MODULARITY_ANCHOR,P0,historical/reference modularity anchor,results/stage2/subjects/daytrader/nsga/robustness_final_30seeds/seed_28/pareto_front.csv,seed28_solution040,0.3218660429800792,0.3218660429800792,0,2,0.42250922509225092,7.5434232434232431,0.77817323121891624,0.57758588206777317,10,0.24528301886792453,0.037735849056603772,True,sha256:6b0400ebef58b4c916c19106cfdd1c48479931d0e7311cbc6828604e5cabf192,6b0400ebef58b4c916c19106cfdd1c48479931d0e7311cbc6828604e5cabf192,seed28_solution040,40,
daytrader,28,stage2,BALANCE,P1,primary reporting profile,results/stage2/subjects/daytrader/nsga/robustness_final_30seeds/seed_28/pareto_front.csv,seed28_solution041,0.32171605012867466,0.3218660429800792,0.00046601017620808463,2,0.42297047970479706,7.1042857142857141,0.74067118590152914,0.59038814703921016,10,0.22641509433962265,0.037735849056603772,True,sha256:ad29df3cec5cb536de289dcb5fd6c35be3a8d0ff126d96b88dcd31505ce8c88c,ad29df3cec5cb536de289dcb5fd6c35be3a8d0ff126d96b88dcd31505ce8c88c,seed28_solution041,41,
daytrader,28,stage2,COUPLING,P2,descriptive preference sensitivity,results/stage2/subjects/daytrader/nsga/robustness_final_30seeds/seed_28/pareto_front.csv,seed28_solution040,0.3218660429800792,0.3218660429800792,0,2,0.42250922509225092,7.5434232434232431,0.77817323121891624,0.57758588206777317,10,0.24528301886792453,0.037735849056603772,True,sha256:6b0400ebef58b4c916c19106cfdd1c48479931d0e7311cbc6828604e5cabf192,6b0400ebef58b4c916c19106cfdd1c48479931d0e7311cbc6828604e5cabf192,seed28_solution040,40,
daytrader,28,stage2,COHESION,P3,descriptive preference sensitivity,results/stage2/subjects/daytrader/nsga/robustness_final_30seeds/seed_28/pareto_front.csv,seed28_solution040,0.3218660429800792,0.3218660429800792,0,2,0.42250922509225092,7.5434232434232431,0.77817323121891624,0.57758588206777317,10,0.24528301886792453,0.037735849056603772,True,sha256:6b0400ebef58b4c916c19106cfdd1c48479931d0e7311cbc6828604e5cabf192,6b0400ebef58b4c916c19106cfdd1c48479931d0e7311cbc6828604e5cabf192,seed28_solution040,40,
daytrader,28,stage2,SEMANTIC,P4,descriptive preference sensitivity,results/stage2/subjects/daytrader/nsga/robustness_final_30seeds/seed_28/pareto_front.csv,seed28_solution040,0.3218660429800792,0.3218660429800792,0,2,0.42250922509225092,7.5434232434232431,0.77817323121891624,0.57758588206777317,10,0.24528301886792453,0.037735849056603772,True,sha256:6b0400ebef58b4c916c19106cfdd1c48479931d0e7311cbc6828604e5cabf192,6b0400ebef58b4c916c19106cfdd1c48479931d0e7311cbc6828604e5cabf192,seed28_solution040,40,
daytrader,28,stage3,MODULARITY_ANCHOR,P0,historical/reference modularity anchor,results/stage3/subjects/daytrader/declaration_method_body/formal/seed_28/projected_front_3d.csv,seed28_solution068,0.15772844017646792,0.15772844017646792,0,1,0.66466789667896675,8.2111291486291496,0.39170829230239046,0.7889820692666617,8,0.20754716981132076,0,True,sha256:c513c4a385f027debf3050d49345bdd54fe94d1af8ddfe16c594babe785eab47,c513c4a385f027debf3050d49345bdd54fe94d1af8ddfe16c594babe785eab47,seed28_solution068,44,68
daytrader,28,stage3,BALANCE,P1,primary reporting profile,results/stage3/subjects/daytrader/declaration_method_body/formal/seed_28/projected_front_3d.csv,seed28_solution068,0.15772844017646792,0.15772844017646792,0,1,0.66466789667896675,8.2111291486291496,0.39170829230239046,0.7889820692666617,8,0.20754716981132076,0,True,sha256:c513c4a385f027debf3050d49345bdd54fe94d1af8ddfe16c594babe785eab47,c513c4a385f027debf3050d49345bdd54fe94d1af8ddfe16c594babe785eab47,seed28_solution068,44,68
daytrader,28,stage3,COUPLING,P2,descriptive preference sensitivity,results/stage3/subjects/daytrader/declaration_method_body/formal/seed_28/projected_front_3d.csv,seed28_solution068,0.15772844017646792,0.15772844017646792,0,1,0.66466789667896675,8.2111291486291496,0.39170829230239046,0.7889820692666617,8,0.20754716981132076,0,True,sha256:c513c4a385f027debf3050d49345bdd54fe94d1af8ddfe16c594babe785eab47,c513c4a385f027debf3050d49345bdd54fe94d1af8ddfe16c594babe785eab47,seed28_solution068,44,68
daytrader,28,stage3,COHESION,P3,descriptive preference sensitivity,results/stage3/subjects/daytrader/declaration_method_body/formal/seed_28/projected_front_3d.csv,seed28_solution068,0.15772844017646792,0.15772844017646792,0,1,0.66466789667896675,8.2111291486291496,0.39170829230239046,0.7889820692666617,8,0.20754716981132076,0,True,sha256:c513c4a385f027debf3050d49345bdd54fe94d1af8ddfe16c594babe785eab47,c513c4a385f027debf3050d49345bdd54fe94d1af8ddfe16c594babe785eab47,seed28_solution068,44,68
daytrader,28,stage3,SEMANTIC,P4,descriptive preference sensitivity,results/stage3/subjects/daytrader/declaration_method_body/formal/seed_28/projected_front_3d.csv,seed28_solution068,0.15772844017646792,0.15772844017646792,0,1,0.66466789667896675,8.2111291486291496,0.39170829230239046,0.7889820692666617,8,0.20754716981132076,0,True,sha256:c513c4a385f027debf3050d49345bdd54fe94d1af8ddfe16c594babe785eab47,c513c4a385f027debf3050d49345bdd54fe94d1af8ddfe16c594babe785eab47,seed28_solution068,44,68
daytrader,29,stage2,MODULARITY_ANCHOR,P0,historical/reference modularity anchor,results/stage2/subjects/daytrader/nsga/robustness_final_30seeds/seed_29/pareto_front.csv,seed29_solution039,0.32146031763592536,0.32146031763592536,0,2,0.42204797047970477,8.0368520368520375,0.74855978961801395,0.57352035119314237,9,0.26415094339622641,0.018867924528301886,True,sha256:ebaac7be5f4c6c19d435add44afaf35e1aada7b45077769bdc36ed54adff8170,ebaac7be5f4c6c19d435add44afaf35e1aada7b45077769bdc36ed54adff8170,seed29_solution039,39,
daytrader,29,stage2,BALANCE,P1,primary reporting profile,results/stage2/subjects/daytrader/nsga/robustness_final_30seeds/seed_29/pareto_front.csv,seed29_solution040,0.31401045992701621,0.32146031763592536,0.023175046188271996,2,0.42850553505535055,7.3509539842873188,0.69067944217823107,0.59789287163161875,9,0.22641509433962265,0.018867924528301886,True,sha256:c75c9f62824050f631f7a1e59ca69d5dde618049d10b31be517d2a8a3a4b936b,c75c9f62824050f631f7a1e59ca69d5dde618049d10b31be517d2a8a3a4b936b,seed29_solution040,40,
daytrader,29,stage2,COUPLING,P2,descriptive preference sensitivity,results/stage2/subjects/daytrader/nsga/robustness_final_30seeds/seed_29/pareto_front.csv,seed29_solution039,0.32146031763592536,0.32146031763592536,0,2,0.42204797047970477,8.0368520368520375,0.74855978961801395,0.57352035119314237,9,0.26415094339622641,0.018867924528301886,True,sha256:ebaac7be5f4c6c19d435add44afaf35e1aada7b45077769bdc36ed54adff8170,ebaac7be5f4c6c19d435add44afaf35e1aada7b45077769bdc36ed54adff8170,seed29_solution039,39,
daytrader,29,stage2,COHESION,P3,descriptive preference sensitivity,results/stage2/subjects/daytrader/nsga/robustness_final_30seeds/seed_29/pareto_front.csv,seed29_solution039,0.32146031763592536,0.32146031763592536,0,2,0.42204797047970477,8.0368520368520375,0.74855978961801395,0.57352035119314237,9,0.26415094339622641,0.018867924528301886,True,sha256:ebaac7be5f4c6c19d435add44afaf35e1aada7b45077769bdc36ed54adff8170,ebaac7be5f4c6c19d435add44afaf35e1aada7b45077769bdc36ed54adff8170,seed29_solution039,39,
daytrader,29,stage2,SEMANTIC,P4,descriptive preference sensitivity,results/stage2/subjects/daytrader/nsga/robustness_final_30seeds/seed_29/pareto_front.csv,seed29_solution039,0.32146031763592536,0.32146031763592536,0,2,0.42204797047970477,8.0368520368520375,0.74855978961801395,0.57352035119314237,9,0.26415094339622641,0.018867924528301886,True,sha256:ebaac7be5f4c6c19d435add44afaf35e1aada7b45077769bdc36ed54adff8170,ebaac7be5f4c6c19d435add44afaf35e1aada7b45077769bdc36ed54adff8170,seed29_solution039,39,
daytrader,29,stage3,MODULARITY_ANCHOR,P0,historical/reference modularity anchor,results/stage3/subjects/daytrader/declaration_method_body/formal/seed_29/projected_front_3d.csv,seed29_solution051,0.13502494774717128,0.13502494774717128,0,5,0.54658671586715868,14.198721913007628,0.54161132431725756,0.81306785165725159,7,0.28301886792452829,0,True,sha256:c652d7ba5b2b4186f3b0ae6e56267fb60f1184af29a0ace6b2d955c8555d486c,c652d7ba5b2b4186f3b0ae6e56267fb60f1184af29a0ace6b2d955c8555d486c,seed29_solution051,40,51
daytrader,29,stage3,BALANCE,P1,primary reporting profile,results/stage3/subjects/daytrader/declaration_method_body/formal/seed_29/projected_front_3d.csv,seed29_solution063,0.13447305915632965,0.13502494774717128,0.0040873083089431363,5,0.63745387453874536,6.3131393298059963,0.33434047446545939,0.79871819308954817,9,0.16981132075471697,0,True,sha256:e7b163be9c97072d48edc5340ed8ccef7d33a007ca2b3e05f39c4e2f1435c871,e7b163be9c97072d48edc5340ed8ccef7d33a007ca2b3e05f39c4e2f1435c871,seed29_solution063,52,63
daytrader,29,stage3,COUPLING,P2,descriptive preference sensitivity,results/stage3/subjects/daytrader/declaration_method_body/formal/seed_29/projected_front_3d.csv,seed29_solution051,0.13502494774717128,0.13502494774717128,0,5,0.54658671586715868,14.198721913007628,0.54161132431725756,0.81306785165725159,7,0.28301886792452829,0,True,sha256:c652d7ba5b2b4186f3b0ae6e56267fb60f1184af29a0ace6b2d955c8555d486c,c652d7ba5b2b4186f3b0ae6e56267fb60f1184af29a0ace6b2d955c8555d486c,seed29_solution051,40,51
daytrader,29,stage3,COHESION,P3,descriptive preference sensitivity,results/stage3/subjects/daytrader/declaration_method_body/formal/seed_29/projected_front_3d.csv,seed29_solution055,0.13445412388856354,0.13502494774717128,0.0042275436364291952,5,0.57241697416974169,16.895869408369411,0.53333185000387062,0.78203780444579274,8,0.20754716981132076,0,True,sha256:8746c558df7f158bbedccdef22451778dde65a7d5fe067aaabf11e9a4a17bf80,8746c558df7f158bbedccdef22451778dde65a7d5fe067aaabf11e9a4a17bf80,seed29_solution055,44,55
daytrader,29,stage3,SEMANTIC,P4,descriptive preference sensitivity,results/stage3/subjects/daytrader/declaration_method_body/formal/seed_29/projected_front_3d.csv,seed29_solution055,0.13445412388856354,0.13502494774717128,0.0042275436364291952,5,0.57241697416974169,16.895869408369411,0.53333185000387062,0.78203780444579274,8,0.20754716981132076,0,True,sha256:8746c558df7f158bbedccdef22451778dde65a7d5fe067aaabf11e9a4a17bf80,8746c558df7f158bbedccdef22451778dde65a7d5fe067aaabf11e9a4a17bf80,seed29_solution055,44,55
jpetstore,0,stage2,MODULARITY_ANCHOR,P0,historical/reference modularity anchor,results/stage2/subjects/jpetstore/nsga/robustness_final_30seeds/seed_00/pareto_front.csv,seed0_solution000,0.44206980643194654,0.44206980643194654,0,16,0.25185185185185183,5.477380952380952,0.20412414523193148,0.51226006853751849,4,0.29166666666666669,0,True,sha256:fb765e8bdcb1ad97ccc0d6ae6778cb5b82190abfc26f6da0736d7b85688a5871,fb765e8bdcb1ad97ccc0d6ae6778cb5b82190abfc26f6da0736d7b85688a5871,seed0_solution000,0,
jpetstore,0,stage2,BALANCE,P1,primary reporting profile,results/stage2/subjects/jpetstore/nsga/robustness_final_30seeds/seed_00/pareto_front.csv,seed0_solution006,0.43411979881115709,0.44206980643194654,0.017983602374828336,16,0.27407407407407408,4.8999999999999995,0,0.55731731063187895,4,0.25,0,True,sha256:01d75268f32b26b2c2a12a087ea745de3816f2c74cff15b879a7b57ea511196f,01d75268f32b26b2c2a12a087ea745de3816f2c74cff15b879a7b57ea511196f,seed0_solution006,6,
jpetstore,0,stage2,COUPLING,P2,descriptive preference sensitivity,results/stage2/subjects/jpetstore/nsga/robustness_final_30seeds/seed_00/pareto_front.csv,seed0_solution000,0.44206980643194654,0.44206980643194654,0,16,0.25185185185185183,5.477380952380952,0.20412414523193148,0.51226006853751849,4,0.29166666666666669,0,True,sha256:fb765e8bdcb1ad97ccc0d6ae6778cb5b82190abfc26f6da0736d7b85688a5871,fb765e8bdcb1ad97ccc0d6ae6778cb5b82190abfc26f6da0736d7b85688a5871,seed0_solution000,0,
jpetstore,0,stage2,COHESION,P3,descriptive preference sensitivity,results/stage2/subjects/jpetstore/nsga/robustness_final_30seeds/seed_00/pareto_front.csv,seed0_solution020,0.43335771985977772,0.44206980643194654,0.019707490639286587,16,0.31851851851851853,9.6604761904761904,0.44487826050130463,0.53039242167422207,5,0.33333333333333331,0,True,sha256:49c7b661de35cdc337ac772a6b72a33bdd29798048a70bcb743449e68a19fe60,49c7b661de35cdc337ac772a6b72a33bdd29798048a70bcb743449e68a19fe60,seed0_solution020,20,
jpetstore,0,stage2,SEMANTIC,P4,descriptive preference sensitivity,results/stage2/subjects/jpetstore/nsga/robustness_final_30seeds/seed_00/pareto_front.csv,seed0_solution001,0.43705532693187044,0.44206980643194654,0.01134318478013506,16,0.25185185185185183,4.9690476190476192,0.16666666666666666,0.46566906033572097,4,0.29166666666666669,0,True,sha256:3ce73352371a0a4b7443dc704930493c4380e5ea851f2c96470bf0cac41b5ed9,3ce73352371a0a4b7443dc704930493c4380e5ea851f2c96470bf0cac41b5ed9,seed0_solution001,1,
jpetstore,0,stage3,MODULARITY_ANCHOR,P0,historical/reference modularity anchor,results/stage3/subjects/jpetstore/declaration_method_body/validation/seed_00/projected_front_3d.csv,seed0_solution000,0.44206980643194654,0.44206980643194654,0,6,0.25185185185185183,5.477380952380952,0.20412414523193148,0.51226006853751849,4,0.29166666666666669,0,True,sha256:fb765e8bdcb1ad97ccc0d6ae6778cb5b82190abfc26f6da0736d7b85688a5871,fb765e8bdcb1ad97ccc0d6ae6778cb5b82190abfc26f6da0736d7b85688a5871,seed0_solution000,0,0
jpetstore,0,stage3,BALANCE,P1,primary reporting profile,results/stage3/subjects/jpetstore/declaration_method_body/validation/seed_00/projected_front_3d.csv,seed0_solution004,0.42809937509526019,0.44206980643194654,0.031602319664048348,6,0.27407407407407408,4.9607142857142854,0.11785113019775793,0.48626956047910908,4,0.29166666666666669,0,True,sha256:741d98ce8b86a6ea964791439ae3ac9a454c6812525377bcc468f6877d093b64,741d98ce8b86a6ea964791439ae3ac9a454c6812525377bcc468f6877d093b64,seed0_solution004,4,4
jpetstore,0,stage3,COUPLING,P2,descriptive preference sensitivity,results/stage3/subjects/jpetstore/declaration_method_body/validation/seed_00/projected_front_3d.csv,seed0_solution000,0.44206980643194654,0.44206980643194654,0,6,0.25185185185185183,5.477380952380952,0.20412414523193148,0.51226006853751849,4,0.29166666666666669,0,True,sha256:fb765e8bdcb1ad97ccc0d6ae6778cb5b82190abfc26f6da0736d7b85688a5871,fb765e8bdcb1ad97ccc0d6ae6778cb5b82190abfc26f6da0736d7b85688a5871,seed0_solution000,0,0
jpetstore,0,stage3,COHESION,P3,descriptive preference sensitivity,results/stage3/subjects/jpetstore/declaration_method_body/validation/seed_00/projected_front_3d.csv,seed0_solution019,0.43118731900624918,0.44206980643194654,0.024617124416463947,6,0.33580246913580247,7.6552380952380954,0.35843021946010944,0.5558574220302559,5,0.29166666666666669,0,True,sha256:3b16f1c7f0fb64b1721e7803af2f7d964accd2ab232484694ebde0f38d1a08f5,3b16f1c7f0fb64b1721e7803af2f7d964accd2ab232484694ebde0f38d1a08f5,seed0_solution019,12,19
jpetstore,0,stage3,SEMANTIC,P4,descriptive preference sensitivity,results/stage3/subjects/jpetstore/declaration_method_body/validation/seed_00/projected_front_3d.csv,seed0_solution001,0.43705532693187044,0.44206980643194654,0.01134318478013506,6,0.25185185185185183,4.9690476190476192,0.16666666666666666,0.46566906033572097,4,0.29166666666666669,0,True,sha256:3ce73352371a0a4b7443dc704930493c4380e5ea851f2c96470bf0cac41b5ed9,3ce73352371a0a4b7443dc704930493c4380e5ea851f2c96470bf0cac41b5ed9,seed0_solution001,1,1
jpetstore,1,stage2,MODULARITY_ANCHOR,P0,historical/reference modularity anchor,results/stage2/subjects/jpetstore/nsga/robustness_final_30seeds/seed_01/pareto_front.csv,seed1_solution000,0.44206980643194654,0.44206980643194654,0,18,0.25185185185185183,5.477380952380952,0.20412414523193148,0.51226006853751849,4,0.29166666666666669,0,True,sha256:fb765e8bdcb1ad97ccc0d6ae6778cb5b82190abfc26f6da0736d7b85688a5871,fb765e8bdcb1ad97ccc0d6ae6778cb5b82190abfc26f6da0736d7b85688a5871,seed1_solution000,0,
jpetstore,1,stage2,BALANCE,P1,primary reporting profile,results/stage2/subjects/jpetstore/nsga/robustness_final_30seeds/seed_01/pareto_front.csv,seed1_solution007,0.42773662551440361,0.44206980643194654,0.032422890477930483,18,0.27407407407407408,4.9000000000000004,0,0.50760005590338708,4,0.25,0,True,sha256:628773e80b10bbde38aca9147c76eab8a4056181f15b1f1435cce2e57f02b4ca,628773e80b10bbde38aca9147c76eab8a4056181f15b1f1435cce2e57f02b4ca,seed1_solution007,7,
jpetstore,1,stage2,COUPLING,P2,descriptive preference sensitivity,results/stage2/subjects/jpetstore/nsga/robustness_final_30seeds/seed_01/pareto_front.csv,seed1_solution000,0.44206980643194654,0.44206980643194654,0,18,0.25185185185185183,5.477380952380952,0.20412414523193148,0.51226006853751849,4,0.29166666666666669,0,True,sha256:fb765e8bdcb1ad97ccc0d6ae6778cb5b82190abfc26f6da0736d7b85688a5871,fb765e8bdcb1ad97ccc0d6ae6778cb5b82190abfc26f6da0736d7b85688a5871,seed1_solution000,0,
jpetstore,1,stage2,COHESION,P3,descriptive preference sensitivity,results/stage2/subjects/jpetstore/nsga/robustness_final_30seeds/seed_01/pareto_front.csv,seed1_solution019,0.43335771985977772,0.44206980643194654,0.019707490639286587,18,0.31851851851851853,9.6604761904761904,0.44487826050130463,0.53039242167422207,5,0.33333333333333331,0,True,sha256:49c7b661de35cdc337ac772a6b72a33bdd29798048a70bcb743449e68a19fe60,49c7b661de35cdc337ac772a6b72a33bdd29798048a70bcb743449e68a19fe60,seed1_solution019,19,
jpetstore,1,stage2,SEMANTIC,P4,descriptive preference sensitivity,results/stage2/subjects/jpetstore/nsga/robustness_final_30seeds/seed_01/pareto_front.csv,seed1_solution001,0.43705532693187044,0.44206980643194654,0.01134318478013506,18,0.25185185185185183,4.9690476190476192,0.16666666666666666,0.46566906033572097,4,0.29166666666666669,0,True,sha256:3ce73352371a0a4b7443dc704930493c4380e5ea851f2c96470bf0cac41b5ed9,3ce73352371a0a4b7443dc704930493c4380e5ea851f2c96470bf0cac41b5ed9,seed1_solution001,1,
jpetstore,1,stage3,MODULARITY_ANCHOR,P0,historical/reference modularity anchor,results/stage3/subjects/jpetstore/declaration_method_body/formal/seed_01/projected_front_3d.csv,seed1_solution000,0.44206980643194654,0.44206980643194654,0,5,0.25185185185185183,5.477380952380952,0.20412414523193148,0.51226006853751849,4,0.29166666666666669,0,True,sha256:fb765e8bdcb1ad97ccc0d6ae6778cb5b82190abfc26f6da0736d7b85688a5871,fb765e8bdcb1ad97ccc0d6ae6778cb5b82190abfc26f6da0736d7b85688a5871,seed1_solution000,0,0
jpetstore,1,stage3,BALANCE,P1,primary reporting profile,results/stage3/subjects/jpetstore/declaration_method_body/formal/seed_01/projected_front_3d.csv,seed1_solution004,0.43652796829751594,0.44206980643194654,0.012536115459140105,5,0.27407407407407408,5.2190476190476192,0.11785113019775793,0.5328605686809067,4,0.29166666666666669,0,True,sha256:ada518a50b1f65c165a17265fa36a66d307b36b154fa4399baa6db5aa035faf5,ada518a50b1f65c165a17265fa36a66d307b36b154fa4399baa6db5aa035faf5,seed1_solution004,4,4
jpetstore,1,stage3,COUPLING,P2,descriptive preference sensitivity,results/stage3/subjects/jpetstore/declaration_method_body/formal/seed_01/projected_front_3d.csv,seed1_solution000,0.44206980643194654,0.44206980643194654,0,5,0.25185185185185183,5.477380952380952,0.20412414523193148,0.51226006853751849,4,0.29166666666666669,0,True,sha256:fb765e8bdcb1ad97ccc0d6ae6778cb5b82190abfc26f6da0736d7b85688a5871,fb765e8bdcb1ad97ccc0d6ae6778cb5b82190abfc26f6da0736d7b85688a5871,seed1_solution000,0,0
jpetstore,1,stage3,COHESION,P3,descriptive preference sensitivity,results/stage3/subjects/jpetstore/declaration_method_body/formal/seed_01/projected_front_3d.csv,seed1_solution003,0.42228623685413846,0.44206980643194654,0.044752139345335763,5,0.27160493827160492,6.7791666666666659,0.37267799624996495,0.49213196186936792,4,0.375,0,True,sha256:3b8f912ef64eb5d52b63f658fc55d9e8af28bcf2642e381de30f827b976181f2,3b8f912ef64eb5d52b63f658fc55d9e8af28bcf2642e381de30f827b976181f2,seed1_solution003,3,3
jpetstore,1,stage3,SEMANTIC,P4,descriptive preference sensitivity,results/stage3/subjects/jpetstore/declaration_method_body/formal/seed_01/projected_front_3d.csv,seed1_solution003,0.42228623685413846,0.44206980643194654,0.044752139345335763,5,0.27160493827160492,6.7791666666666659,0.37267799624996495,0.49213196186936792,4,0.375,0,True,sha256:3b8f912ef64eb5d52b63f658fc55d9e8af28bcf2642e381de30f827b976181f2,3b8f912ef64eb5d52b63f658fc55d9e8af28bcf2642e381de30f827b976181f2,seed1_solution003,3,3
jpetstore,2,stage2,MODULARITY_ANCHOR,P0,historical/reference modularity anchor,results/stage2/subjects/jpetstore/nsga/robustness_final_30seeds/seed_02/pareto_front.csv,seed2_solution001,0.44206980643194654,0.44206980643194654,0,25,0.25185185185185183,5.477380952380952,0.20412414523193148,0.51226006853751849,4,0.29166666666666669,0,True,sha256:fb765e8bdcb1ad97ccc0d6ae6778cb5b82190abfc26f6da0736d7b85688a5871,fb765e8bdcb1ad97ccc0d6ae6778cb5b82190abfc26f6da0736d7b85688a5871,seed2_solution001,1,
jpetstore,2,stage2,BALANCE,P1,primary reporting profile,results/stage2/subjects/jpetstore/nsga/robustness_final_30seeds/seed_02/pareto_front.csv,seed2_solution008,0.42773662551440361,0.44206980643194654,0.032422890477930483,25,0.27407407407407408,4.9000000000000004,0,0.50760005590338708,4,0.25,0,True,sha256:628773e80b10bbde38aca9147c76eab8a4056181f15b1f1435cce2e57f02b4ca,628773e80b10bbde38aca9147c76eab8a4056181f15b1f1435cce2e57f02b4ca,seed2_solution008,8,
jpetstore,2,stage2,COUPLING,P2,descriptive preference sensitivity,results/stage2/subjects/jpetstore/nsga/robustness_final_30seeds/seed_02/pareto_front.csv,seed2_solution001,0.44206980643194654,0.44206980643194654,0,25,0.25185185185185183,5.477380952380952,0.20412414523193148,0.51226006853751849,4,0.29166666666666669,0,True,sha256:fb765e8bdcb1ad97ccc0d6ae6778cb5b82190abfc26f6da0736d7b85688a5871,fb765e8bdcb1ad97ccc0d6ae6778cb5b82190abfc26f6da0736d7b85688a5871,seed2_solution001,1,
jpetstore,2,stage2,COHESION,P3,descriptive preference sensitivity,results/stage2/subjects/jpetstore/nsga/robustness_final_30seeds/seed_02/pareto_front.csv,seed2_solution022,0.43335771985977772,0.44206980643194654,0.019707490639286587,25,0.31851851851851853,9.6604761904761904,0.44487826050130463,0.53039242167422207,5,0.33333333333333331,0,True,sha256:49c7b661de35cdc337ac772a6b72a33bdd29798048a70bcb743449e68a19fe60,49c7b661de35cdc337ac772a6b72a33bdd29798048a70bcb743449e68a19fe60,seed2_solution022,22,
jpetstore,2,stage2,SEMANTIC,P4,descriptive preference sensitivity,results/stage2/subjects/jpetstore/nsga/robustness_final_30seeds/seed_02/pareto_front.csv,seed2_solution002,0.43705532693187044,0.44206980643194654,0.01134318478013506,25,0.25185185185185183,4.9690476190476192,0.16666666666666666,0.46566906033572097,4,0.29166666666666669,0,True,sha256:3ce73352371a0a4b7443dc704930493c4380e5ea851f2c96470bf0cac41b5ed9,3ce73352371a0a4b7443dc704930493c4380e5ea851f2c96470bf0cac41b5ed9,seed2_solution002,2,
jpetstore,2,stage3,MODULARITY_ANCHOR,P0,historical/reference modularity anchor,results/stage3/subjects/jpetstore/declaration_method_body/formal/seed_02/projected_front_3d.csv,seed2_solution000,0.44206980643194654,0.44206980643194654,0,7,0.25185185185185183,5.477380952380952,0.20412414523193148,0.51226006853751849,4,0.29166666666666669,0,True,sha256:fb765e8bdcb1ad97ccc0d6ae6778cb5b82190abfc26f6da0736d7b85688a5871,fb765e8bdcb1ad97ccc0d6ae6778cb5b82190abfc26f6da0736d7b85688a5871,seed2_solution000,0,0
jpetstore,2,stage3,BALANCE,P1,primary reporting profile,results/stage3/subjects/jpetstore/declaration_method_body/formal/seed_02/projected_front_3d.csv,seed2_solution003,0.42908398110044216,0.44206980643194654,0.029375056026368678,7,0.26419753086419751,4.6916666666666664,0.11785113019775793,0.55746662539235592,4,0.29166666666666669,0,True,sha256:e0fa4103e17b3ecb4db770f24b108ffb489204f013de32a773cd8c6a779b92df,e0fa4103e17b3ecb4db770f24b108ffb489204f013de32a773cd8c6a779b92df,seed2_solution003,3,3
jpetstore,2,stage3,COUPLING,P2,descriptive preference sensitivity,results/stage3/subjects/jpetstore/declaration_method_body/formal/seed_02/projected_front_3d.csv,seed2_solution000,0.44206980643194654,0.44206980643194654,0,7,0.25185185185185183,5.477380952380952,0.20412414523193148,0.51226006853751849,4,0.29166666666666669,0,True,sha256:fb765e8bdcb1ad97ccc0d6ae6778cb5b82190abfc26f6da0736d7b85688a5871,fb765e8bdcb1ad97ccc0d6ae6778cb5b82190abfc26f6da0736d7b85688a5871,seed2_solution000,0,0
jpetstore,2,stage3,COHESION,P3,descriptive preference sensitivity,results/stage3/subjects/jpetstore/declaration_method_body/formal/seed_02/projected_front_3d.csv,seed2_solution017,0.42335924401768044,0.44206980643194654,0.042324904668978931,7,0.32592592592592595,9.5809523809523807,0.4249182927993988,0.52970374672176435,5,0.29166666666666669,0,True,sha256:9b7fc38ded60c0cd6962eefcc0e5f3b6a78d0d252e240e40e990c28eb2ca3f31,9b7fc38ded60c0cd6962eefcc0e5f3b6a78d0d252e240e40e990c28eb2ca3f31,seed2_solution017,9,17
jpetstore,2,stage3,SEMANTIC,P4,descriptive preference sensitivity,results/stage3/subjects/jpetstore/declaration_method_body/formal/seed_02/projected_front_3d.csv,seed2_solution001,0.43705532693187044,0.44206980643194654,0.01134318478013506,7,0.25185185185185183,4.9690476190476192,0.16666666666666666,0.46566906033572097,4,0.29166666666666669,0,True,sha256:3ce73352371a0a4b7443dc704930493c4380e5ea851f2c96470bf0cac41b5ed9,3ce73352371a0a4b7443dc704930493c4380e5ea851f2c96470bf0cac41b5ed9,seed2_solution001,1,1
jpetstore,3,stage2,MODULARITY_ANCHOR,P0,historical/reference modularity anchor,results/stage2/subjects/jpetstore/nsga/robustness_final_30seeds/seed_03/pareto_front.csv,seed3_solution000,0.44206980643194654,0.44206980643194654,0,18,0.25185185185185183,5.477380952380952,0.20412414523193148,0.51226006853751849,4,0.29166666666666669,0,True,sha256:fb765e8bdcb1ad97ccc0d6ae6778cb5b82190abfc26f6da0736d7b85688a5871,fb765e8bdcb1ad97ccc0d6ae6778cb5b82190abfc26f6da0736d7b85688a5871,seed3_solution000,0,
jpetstore,3,stage2,BALANCE,P1,primary reporting profile,results/stage2/subjects/jpetstore/nsga/robustness_final_30seeds/seed_03/pareto_front.csv,seed3_solution007,0.43411979881115709,0.44206980643194654,0.017983602374828336,18,0.27407407407407408,4.8999999999999995,0,0.55731731063187895,4,0.25,0,True,sha256:01d75268f32b26b2c2a12a087ea745de3816f2c74cff15b879a7b57ea511196f,01d75268f32b26b2c2a12a087ea745de3816f2c74cff15b879a7b57ea511196f,seed3_solution007,7,
jpetstore,3,stage2,COUPLING,P2,descriptive preference sensitivity,results/stage2/subjects/jpetstore/nsga/robustness_final_30seeds/seed_03/pareto_front.csv,seed3_solution000,0.44206980643194654,0.44206980643194654,0,18,0.25185185185185183,5.477380952380952,0.20412414523193148,0.51226006853751849,4,0.29166666666666669,0,True,sha256:fb765e8bdcb1ad97ccc0d6ae6778cb5b82190abfc26f6da0736d7b85688a5871,fb765e8bdcb1ad97ccc0d6ae6778cb5b82190abfc26f6da0736d7b85688a5871,seed3_solution000,0,
jpetstore,3,stage2,COHESION,P3,descriptive preference sensitivity,results/stage2/subjects/jpetstore/nsga/robustness_final_30seeds/seed_03/pareto_front.csv,seed3_solution018,0.43047401310775812,0.44206980643194654,0.026230683831996809,18,0.32098765432098764,9.5999999999999996,0.4249182927993988,0.55172291709850008,5,0.29166666666666669,0,True,sha256:74abded5f2c518ac9bcd60e79ef5058f06be261bc5f2ddb929efd6e013099b58,74abded5f2c518ac9bcd60e79ef5058f06be261bc5f2ddb929efd6e013099b58,seed3_solution018,18,
jpetstore,3,stage2,SEMANTIC,P4,descriptive preference sensitivity,results/stage2/subjects/jpetstore/nsga/robustness_final_30seeds/seed_03/pareto_front.csv,seed3_solution001,0.43705532693187044,0.44206980643194654,0.01134318478013506,18,0.25185185185185183,4.9690476190476192,0.16666666666666666,0.46566906033572097,4,0.29166666666666669,0,True,sha256:3ce73352371a0a4b7443dc704930493c4380e5ea851f2c96470bf0cac41b5ed9,3ce73352371a0a4b7443dc704930493c4380e5ea851f2c96470bf0cac41b5ed9,seed3_solution001,1,
jpetstore,3,stage3,MODULARITY_ANCHOR,P0,historical/reference modularity anchor,results/stage3/subjects/jpetstore/declaration_method_body/formal/seed_03/projected_front_3d.csv,seed3_solution000,0.44206980643194654,0.44206980643194654,0,7,0.25185185185185183,5.477380952380952,0.20412414523193148,0.51226006853751849,4,0.29166666666666669,0,True,sha256:fb765e8bdcb1ad97ccc0d6ae6778cb5b82190abfc26f6da0736d7b85688a5871,fb765e8bdcb1ad97ccc0d6ae6778cb5b82190abfc26f6da0736d7b85688a5871,seed3_solution000,0,0
jpetstore,3,stage3,BALANCE,P1,primary reporting profile,results/stage3/subjects/jpetstore/declaration_method_body/formal/seed_03/projected_front_3d.csv,seed3_solution003,0.43411979881115709,0.44206980643194654,0.017983602374828336,7,0.27407407407407408,4.8999999999999995,0,0.55731731063187895,4,0.25,0,True,sha256:01d75268f32b26b2c2a12a087ea745de3816f2c74cff15b879a7b57ea511196f,01d75268f32b26b2c2a12a087ea745de3816f2c74cff15b879a7b57ea511196f,seed3_solution003,3,3
jpetstore,3,stage3,COUPLING,P2,descriptive preference sensitivity,results/stage3/subjects/jpetstore/declaration_method_body/formal/seed_03/projected_front_3d.csv,seed3_solution000,0.44206980643194654,0.44206980643194654,0,7,0.25185185185185183,5.477380952380952,0.20412414523193148,0.51226006853751849,4,0.29166666666666669,0,True,sha256:fb765e8bdcb1ad97ccc0d6ae6778cb5b82190abfc26f6da0736d7b85688a5871,fb765e8bdcb1ad97ccc0d6ae6778cb5b82190abfc26f6da0736d7b85688a5871,seed3_solution000,0,0
jpetstore,3,stage3,COHESION,P3,descriptive preference sensitivity,results/stage3/subjects/jpetstore/declaration_method_body/formal/seed_03/projected_front_3d.csv,seed3_solution012,0.43335771985977772,0.44206980643194654,0.019707490639286587,7,0.31851851851851853,9.6604761904761904,0.44487826050130463,0.53039242167422207,5,0.33333333333333331,0,True,sha256:49c7b661de35cdc337ac772a6b72a33bdd29798048a70bcb743449e68a19fe60,49c7b661de35cdc337ac772a6b72a33bdd29798048a70bcb743449e68a19fe60,seed3_solution012,8,12
jpetstore,3,stage3,SEMANTIC,P4,descriptive preference sensitivity,results/stage3/subjects/jpetstore/declaration_method_body/formal/seed_03/projected_front_3d.csv,seed3_solution001,0.43705532693187044,0.44206980643194654,0.01134318478013506,7,0.25185185185185183,4.9690476190476192,0.16666666666666666,0.46566906033572097,4,0.29166666666666669,0,True,sha256:3ce73352371a0a4b7443dc704930493c4380e5ea851f2c96470bf0cac41b5ed9,3ce73352371a0a4b7443dc704930493c4380e5ea851f2c96470bf0cac41b5ed9,seed3_solution001,1,1
jpetstore,4,stage2,MODULARITY_ANCHOR,P0,historical/reference modularity anchor,results/stage2/subjects/jpetstore/nsga/robustness_final_30seeds/seed_04/pareto_front.csv,seed4_solution000,0.44206980643194654,0.44206980643194654,0,20,0.25185185185185183,5.477380952380952,0.20412414523193148,0.51226006853751849,4,0.29166666666666669,0,True,sha256:fb765e8bdcb1ad97ccc0d6ae6778cb5b82190abfc26f6da0736d7b85688a5871,fb765e8bdcb1ad97ccc0d6ae6778cb5b82190abfc26f6da0736d7b85688a5871,seed4_solution000,0,
jpetstore,4,stage2,BALANCE,P1,primary reporting profile,results/stage2/subjects/jpetstore/nsga/robustness_final_30seeds/seed_04/pareto_front.csv,seed4_solution007,0.42773662551440361,0.44206980643194654,0.032422890477930483,20,0.27407407407407408,4.9000000000000004,0,0.50760005590338708,4,0.25,0,True,sha256:628773e80b10bbde38aca9147c76eab8a4056181f15b1f1435cce2e57f02b4ca,628773e80b10bbde38aca9147c76eab8a4056181f15b1f1435cce2e57f02b4ca,seed4_solution007,7,
jpetstore,4,stage2,COUPLING,P2,descriptive preference sensitivity,results/stage2/subjects/jpetstore/nsga/robustness_final_30seeds/seed_04/pareto_front.csv,seed4_solution000,0.44206980643194654,0.44206980643194654,0,20,0.25185185185185183,5.477380952380952,0.20412414523193148,0.51226006853751849,4,0.29166666666666669,0,True,sha256:fb765e8bdcb1ad97ccc0d6ae6778cb5b82190abfc26f6da0736d7b85688a5871,fb765e8bdcb1ad97ccc0d6ae6778cb5b82190abfc26f6da0736d7b85688a5871,seed4_solution000,0,
jpetstore,4,stage2,COHESION,P3,descriptive preference sensitivity,results/stage2/subjects/jpetstore/nsga/robustness_final_30seeds/seed_04/pareto_front.csv,seed4_solution020,0.43047401310775812,0.44206980643194654,0.026230683831996809,20,0.32098765432098764,9.5999999999999996,0.4249182927993988,0.55172291709850008,5,0.29166666666666669,0,True,sha256:74abded5f2c518ac9bcd60e79ef5058f06be261bc5f2ddb929efd6e013099b58,74abded5f2c518ac9bcd60e79ef5058f06be261bc5f2ddb929efd6e013099b58,seed4_solution020,20,
jpetstore,4,stage2,SEMANTIC,P4,descriptive preference sensitivity,results/stage2/subjects/jpetstore/nsga/robustness_final_30seeds/seed_04/pareto_front.csv,seed4_solution001,0.43705532693187044,0.44206980643194654,0.01134318478013506,20,0.25185185185185183,4.9690476190476192,0.16666666666666666,0.46566906033572097,4,0.29166666666666669,0,True,sha256:3ce73352371a0a4b7443dc704930493c4380e5ea851f2c96470bf0cac41b5ed9,3ce73352371a0a4b7443dc704930493c4380e5ea851f2c96470bf0cac41b5ed9,seed4_solution001,1,
jpetstore,4,stage3,MODULARITY_ANCHOR,P0,historical/reference modularity anchor,results/stage3/subjects/jpetstore/declaration_method_body/formal/seed_04/projected_front_3d.csv,seed4_solution000,0.44206980643194654,0.44206980643194654,0,6,0.25185185185185183,5.477380952380952,0.20412414523193148,0.51226006853751849,4,0.29166666666666669,0,True,sha256:fb765e8bdcb1ad97ccc0d6ae6778cb5b82190abfc26f6da0736d7b85688a5871,fb765e8bdcb1ad97ccc0d6ae6778cb5b82190abfc26f6da0736d7b85688a5871,seed4_solution000,0,0
jpetstore,4,stage3,BALANCE,P1,primary reporting profile,results/stage3/subjects/jpetstore/declaration_method_body/formal/seed_04/projected_front_3d.csv,seed4_solution000,0.44206980643194654,0.44206980643194654,0,6,0.25185185185185183,5.477380952380952,0.20412414523193148,0.51226006853751849,4,0.29166666666666669,0,True,sha256:fb765e8bdcb1ad97ccc0d6ae6778cb5b82190abfc26f6da0736d7b85688a5871,fb765e8bdcb1ad97ccc0d6ae6778cb5b82190abfc26f6da0736d7b85688a5871,seed4_solution000,0,0
jpetstore,4,stage3,COUPLING,P2,descriptive preference sensitivity,results/stage3/subjects/jpetstore/declaration_method_body/formal/seed_04/projected_front_3d.csv,seed4_solution000,0.44206980643194654,0.44206980643194654,0,6,0.25185185185185183,5.477380952380952,0.20412414523193148,0.51226006853751849,4,0.29166666666666669,0,True,sha256:fb765e8bdcb1ad97ccc0d6ae6778cb5b82190abfc26f6da0736d7b85688a5871,fb765e8bdcb1ad97ccc0d6ae6778cb5b82190abfc26f6da0736d7b85688a5871,seed4_solution000,0,0
jpetstore,4,stage3,COHESION,P3,descriptive preference sensitivity,results/stage3/subjects/jpetstore/declaration_method_body/formal/seed_04/projected_front_3d.csv,seed4_solution018,0.43335771985977772,0.44206980643194654,0.019707490639286587,6,0.31851851851851853,9.6604761904761904,0.44487826050130463,0.53039242167422207,5,0.33333333333333331,0,True,sha256:49c7b661de35cdc337ac772a6b72a33bdd29798048a70bcb743449e68a19fe60,49c7b661de35cdc337ac772a6b72a33bdd29798048a70bcb743449e68a19fe60,seed4_solution018,7,18
jpetstore,4,stage3,SEMANTIC,P4,descriptive preference sensitivity,results/stage3/subjects/jpetstore/declaration_method_body/formal/seed_04/projected_front_3d.csv,seed4_solution016,0.42800182898948347,0.44206980643194654,0.031822977361899381,6,0.31604938271604938,8.0066666666666659,0.30618621784789729,0.5084044994501189,5,0.25,0,True,sha256:d84963d6fb5124e090aa9d3efb41176ac011a0f0c0fafabac549fc74028c8c21,d84963d6fb5124e090aa9d3efb41176ac011a0f0c0fafabac549fc74028c8c21,seed4_solution016,5,16
jpetstore,5,stage2,MODULARITY_ANCHOR,P0,historical/reference modularity anchor,results/stage2/subjects/jpetstore/nsga/robustness_final_30seeds/seed_05/pareto_front.csv,seed5_solution000,0.44206980643194654,0.44206980643194654,0,24,0.25185185185185183,5.477380952380952,0.20412414523193148,0.51226006853751849,4,0.29166666666666669,0,True,sha256:fb765e8bdcb1ad97ccc0d6ae6778cb5b82190abfc26f6da0736d7b85688a5871,fb765e8bdcb1ad97ccc0d6ae6778cb5b82190abfc26f6da0736d7b85688a5871,seed5_solution000,0,
jpetstore,5,stage2,BALANCE,P1,primary reporting profile,results/stage2/subjects/jpetstore/nsga/robustness_final_30seeds/seed_05/pareto_front.csv,seed5_solution009,0.42773662551440361,0.44206980643194654,0.032422890477930483,24,0.27407407407407408,4.9000000000000004,0,0.50760005590338708,4,0.25,0,True,sha256:628773e80b10bbde38aca9147c76eab8a4056181f15b1f1435cce2e57f02b4ca,628773e80b10bbde38aca9147c76eab8a4056181f15b1f1435cce2e57f02b4ca,seed5_solution009,9,
jpetstore,5,stage2,COUPLING,P2,descriptive preference sensitivity,results/stage2/subjects/jpetstore/nsga/robustness_final_30seeds/seed_05/pareto_front.csv,seed5_solution000,0.44206980643194654,0.44206980643194654,0,24,0.25185185185185183,5.477380952380952,0.20412414523193148,0.51226006853751849,4,0.29166666666666669,0,True,sha256:fb765e8bdcb1ad97ccc0d6ae6778cb5b82190abfc26f6da0736d7b85688a5871,fb765e8bdcb1ad97ccc0d6ae6778cb5b82190abfc26f6da0736d7b85688a5871,seed5_solution000,0,
jpetstore,5,stage2,COHESION,P3,descriptive preference sensitivity,results/stage2/subjects/jpetstore/nsga/robustness_final_30seeds/seed_05/pareto_front.csv,seed5_solution023,0.43335771985977772,0.44206980643194654,0.019707490639286587,24,0.31851851851851853,9.6604761904761904,0.44487826050130463,0.53039242167422207,5,0.33333333333333331,0,True,sha256:49c7b661de35cdc337ac772a6b72a33bdd29798048a70bcb743449e68a19fe60,49c7b661de35cdc337ac772a6b72a33bdd29798048a70bcb743449e68a19fe60,seed5_solution023,23,
jpetstore,5,stage2,SEMANTIC,P4,descriptive preference sensitivity,results/stage2/subjects/jpetstore/nsga/robustness_final_30seeds/seed_05/pareto_front.csv,seed5_solution001,0.43705532693187044,0.44206980643194654,0.01134318478013506,24,0.25185185185185183,4.9690476190476192,0.16666666666666666,0.46566906033572097,4,0.29166666666666669,0,True,sha256:3ce73352371a0a4b7443dc704930493c4380e5ea851f2c96470bf0cac41b5ed9,3ce73352371a0a4b7443dc704930493c4380e5ea851f2c96470bf0cac41b5ed9,seed5_solution001,1,
jpetstore,5,stage3,MODULARITY_ANCHOR,P0,historical/reference modularity anchor,results/stage3/subjects/jpetstore/declaration_method_body/formal/seed_05/projected_front_3d.csv,seed5_solution000,0.44206980643194654,0.44206980643194654,0,7,0.25185185185185183,5.477380952380952,0.20412414523193148,0.51226006853751849,4,0.29166666666666669,0,True,sha256:fb765e8bdcb1ad97ccc0d6ae6778cb5b82190abfc26f6da0736d7b85688a5871,fb765e8bdcb1ad97ccc0d6ae6778cb5b82190abfc26f6da0736d7b85688a5871,seed5_solution000,0,0
jpetstore,5,stage3,BALANCE,P1,primary reporting profile,results/stage3/subjects/jpetstore/declaration_method_body/formal/seed_05/projected_front_3d.csv,seed5_solution000,0.44206980643194654,0.44206980643194654,0,7,0.25185185185185183,5.477380952380952,0.20412414523193148,0.51226006853751849,4,0.29166666666666669,0,True,sha256:fb765e8bdcb1ad97ccc0d6ae6778cb5b82190abfc26f6da0736d7b85688a5871,fb765e8bdcb1ad97ccc0d6ae6778cb5b82190abfc26f6da0736d7b85688a5871,seed5_solution000,0,0
jpetstore,5,stage3,COUPLING,P2,descriptive preference sensitivity,results/stage3/subjects/jpetstore/declaration_method_body/formal/seed_05/projected_front_3d.csv,seed5_solution000,0.44206980643194654,0.44206980643194654,0,7,0.25185185185185183,5.477380952380952,0.20412414523193148,0.51226006853751849,4,0.29166666666666669,0,True,sha256:fb765e8bdcb1ad97ccc0d6ae6778cb5b82190abfc26f6da0736d7b85688a5871,fb765e8bdcb1ad97ccc0d6ae6778cb5b82190abfc26f6da0736d7b85688a5871,seed5_solution000,0,0
jpetstore,5,stage3,COHESION,P3,descriptive preference sensitivity,results/stage3/subjects/jpetstore/declaration_method_body/formal/seed_05/projected_front_3d.csv,seed5_solution012,0.43050144795000789,0.44206980643194654,0.026168623854476072,7,0.31604938271604938,8.3085714285714296,0.33333333333333337,0.48394775749914676,5,0.29166666666666669,0,True,sha256:707f079ad5273e83dca351dbce87f6d9a7e528af5e70cfc918f574b3a4950f1b,707f079ad5273e83dca351dbce87f6d9a7e528af5e70cfc918f574b3a4950f1b,seed5_solution012,8,12
jpetstore,5,stage3,SEMANTIC,P4,descriptive preference sensitivity,results/stage3/subjects/jpetstore/declaration_method_body/formal/seed_05/projected_front_3d.csv,seed5_solution012,0.43050144795000789,0.44206980643194654,0.026168623854476072,7,0.31604938271604938,8.3085714285714296,0.33333333333333337,0.48394775749914676,5,0.29166666666666669,0,True,sha256:707f079ad5273e83dca351dbce87f6d9a7e528af5e70cfc918f574b3a4950f1b,707f079ad5273e83dca351dbce87f6d9a7e528af5e70cfc918f574b3a4950f1b,seed5_solution012,8,12
jpetstore,6,stage2,MODULARITY_ANCHOR,P0,historical/reference modularity anchor,results/stage2/subjects/jpetstore/nsga/robustness_final_30seeds/seed_06/pareto_front.csv,seed6_solution000,0.44206980643194654,0.44206980643194654,0,18,0.25185185185185183,5.477380952380952,0.20412414523193148,0.51226006853751849,4,0.29166666666666669,0,True,sha256:fb765e8bdcb1ad97ccc0d6ae6778cb5b82190abfc26f6da0736d7b85688a5871,fb765e8bdcb1ad97ccc0d6ae6778cb5b82190abfc26f6da0736d7b85688a5871,seed6_solution000,0,
jpetstore,6,stage2,BALANCE,P1,primary reporting profile,results/stage2/subjects/jpetstore/nsga/robustness_final_30seeds/seed_06/pareto_front.csv,seed6_solution011,0.42449931412894404,0.44206980643194654,0.03974596782534922,18,0.2839506172839506,4.8333333333333339,0,0.55084266188650743,4,0.25,0,True,sha256:24c3654030ff4d471b559d7a05a2548cf277ac691907710379e8380beb9b9704,24c3654030ff4d471b559d7a05a2548cf277ac691907710379e8380beb9b9704,seed6_solution011,11,
jpetstore,6,stage2,COUPLING,P2,descriptive preference sensitivity,results/stage2/subjects/jpetstore/nsga/robustness_final_30seeds/seed_06/pareto_front.csv,seed6_solution000,0.44206980643194654,0.44206980643194654,0,18,0.25185185185185183,5.477380952380952,0.20412414523193148,0.51226006853751849,4,0.29166666666666669,0,True,sha256:fb765e8bdcb1ad97ccc0d6ae6778cb5b82190abfc26f6da0736d7b85688a5871,fb765e8bdcb1ad97ccc0d6ae6778cb5b82190abfc26f6da0736d7b85688a5871,seed6_solution000,0,
jpetstore,6,stage2,COHESION,P3,descriptive preference sensitivity,results/stage2/subjects/jpetstore/nsga/robustness_final_30seeds/seed_06/pareto_front.csv,seed6_solution019,0.43335771985977772,0.44206980643194654,0.019707490639286587,18,0.31851851851851853,9.6604761904761904,0.44487826050130463,0.53039242167422207,5,0.33333333333333331,0,True,sha256:49c7b661de35cdc337ac772a6b72a33bdd29798048a70bcb743449e68a19fe60,49c7b661de35cdc337ac772a6b72a33bdd29798048a70bcb743449e68a19fe60,seed6_solution019,19,
jpetstore,6,stage2,SEMANTIC,P4,descriptive preference sensitivity,results/stage2/subjects/jpetstore/nsga/robustness_final_30seeds/seed_06/pareto_front.csv,seed6_solution001,0.43705532693187044,0.44206980643194654,0.01134318478013506,18,0.25185185185185183,4.9690476190476192,0.16666666666666666,0.46566906033572097,4,0.29166666666666669,0,True,sha256:3ce73352371a0a4b7443dc704930493c4380e5ea851f2c96470bf0cac41b5ed9,3ce73352371a0a4b7443dc704930493c4380e5ea851f2c96470bf0cac41b5ed9,seed6_solution001,1,
jpetstore,6,stage3,MODULARITY_ANCHOR,P0,historical/reference modularity anchor,results/stage3/subjects/jpetstore/declaration_method_body/formal/seed_06/projected_front_3d.csv,seed6_solution000,0.44206980643194654,0.44206980643194654,0,10,0.25185185185185183,5.477380952380952,0.20412414523193148,0.51226006853751849,4,0.29166666666666669,0,True,sha256:fb765e8bdcb1ad97ccc0d6ae6778cb5b82190abfc26f6da0736d7b85688a5871,fb765e8bdcb1ad97ccc0d6ae6778cb5b82190abfc26f6da0736d7b85688a5871,seed6_solution000,0,0
jpetstore,6,stage3,BALANCE,P1,primary reporting profile,results/stage3/subjects/jpetstore/declaration_method_body/formal/seed_06/projected_front_3d.csv,seed6_solution003,0.42470964791952459,0.44206980643194654,0.039270174664359087,10,0.26419753086419751,4.8250000000000002,0.11785113019775793,0.51064365263993539,4,0.29166666666666669,0,True,sha256:360c8fd825adf3f5c7655ae9d43c12a4ba58e71058892d41cc0738b1e0fde3c8,360c8fd825adf3f5c7655ae9d43c12a4ba58e71058892d41cc0738b1e0fde3c8,seed6_solution003,3,3
jpetstore,6,stage3,COUPLING,P2,descriptive preference sensitivity,results/stage3/subjects/jpetstore/declaration_method_body/formal/seed_06/projected_front_3d.csv,seed6_solution000,0.44206980643194654,0.44206980643194654,0,10,0.25185185185185183,5.477380952380952,0.20412414523193148,0.51226006853751849,4,0.29166666666666669,0,True,sha256:fb765e8bdcb1ad97ccc0d6ae6778cb5b82190abfc26f6da0736d7b85688a5871,fb765e8bdcb1ad97ccc0d6ae6778cb5b82190abfc26f6da0736d7b85688a5871,seed6_solution000,0,0
jpetstore,6,stage3,COHESION,P3,descriptive preference sensitivity,results/stage3/subjects/jpetstore/declaration_method_body/formal/seed_06/projected_front_3d.csv,seed6_solution018,0.43335771985977772,0.44206980643194654,0.019707490639286587,10,0.31851851851851853,9.6604761904761904,0.44487826050130463,0.53039242167422207,5,0.33333333333333331,0,True,sha256:49c7b661de35cdc337ac772a6b72a33bdd29798048a70bcb743449e68a19fe60,49c7b661de35cdc337ac772a6b72a33bdd29798048a70bcb743449e68a19fe60,seed6_solution018,9,18
jpetstore,6,stage3,SEMANTIC,P4,descriptive preference sensitivity,results/stage3/subjects/jpetstore/declaration_method_body/formal/seed_06/projected_front_3d.csv,seed6_solution001,0.43705532693187044,0.44206980643194654,0.01134318478013506,10,0.25185185185185183,4.9690476190476192,0.16666666666666666,0.46566906033572097,4,0.29166666666666669,0,True,sha256:3ce73352371a0a4b7443dc704930493c4380e5ea851f2c96470bf0cac41b5ed9,3ce73352371a0a4b7443dc704930493c4380e5ea851f2c96470bf0cac41b5ed9,seed6_solution001,1,1
jpetstore,7,stage2,MODULARITY_ANCHOR,P0,historical/reference modularity anchor,results/stage2/subjects/jpetstore/nsga/robustness_final_30seeds/seed_07/pareto_front.csv,seed7_solution000,0.44206980643194654,0.44206980643194654,0,17,0.25185185185185183,5.477380952380952,0.20412414523193148,0.51226006853751849,4,0.29166666666666669,0,True,sha256:fb765e8bdcb1ad97ccc0d6ae6778cb5b82190abfc26f6da0736d7b85688a5871,fb765e8bdcb1ad97ccc0d6ae6778cb5b82190abfc26f6da0736d7b85688a5871,seed7_solution000,0,
jpetstore,7,stage2,BALANCE,P1,primary reporting profile,results/stage2/subjects/jpetstore/nsga/robustness_final_30seeds/seed_07/pareto_front.csv,seed7_solution007,0.43411979881115709,0.44206980643194654,0.017983602374828336,17,0.27407407407407408,4.8999999999999995,0,0.55731731063187895,4,0.25,0,True,sha256:01d75268f32b26b2c2a12a087ea745de3816f2c74cff15b879a7b57ea511196f,01d75268f32b26b2c2a12a087ea745de3816f2c74cff15b879a7b57ea511196f,seed7_solution007,7,
jpetstore,7,stage2,COUPLING,P2,descriptive preference sensitivity,results/stage2/subjects/jpetstore/nsga/robustness_final_30seeds/seed_07/pareto_front.csv,seed7_solution000,0.44206980643194654,0.44206980643194654,0,17,0.25185185185185183,5.477380952380952,0.20412414523193148,0.51226006853751849,4,0.29166666666666669,0,True,sha256:fb765e8bdcb1ad97ccc0d6ae6778cb5b82190abfc26f6da0736d7b85688a5871,fb765e8bdcb1ad97ccc0d6ae6778cb5b82190abfc26f6da0736d7b85688a5871,seed7_solution000,0,
jpetstore,7,stage2,COHESION,P3,descriptive preference sensitivity,results/stage2/subjects/jpetstore/nsga/robustness_final_30seeds/seed_07/pareto_front.csv,seed7_solution025,0.43118731900624918,0.44206980643194654,0.024617124416463947,17,0.33580246913580247,7.6552380952380954,0.35843021946010944,0.5558574220302559,5,0.29166666666666669,0,True,sha256:3b16f1c7f0fb64b1721e7803af2f7d964accd2ab232484694ebde0f38d1a08f5,3b16f1c7f0fb64b1721e7803af2f7d964accd2ab232484694ebde0f38d1a08f5,seed7_solution025,25,
jpetstore,7,stage2,SEMANTIC,P4,descriptive preference sensitivity,results/stage2/subjects/jpetstore/nsga/robustness_final_30seeds/seed_07/pareto_front.csv,seed7_solution001,0.43669257735101386,0.44206980643194654,0.012163755594017195,17,0.25185185185185183,4.9083333333333332,0.11785113019775793,0.48699955575999887,4,0.29166666666666669,0,True,sha256:278ab87281919938d42c4d36f2b2c4e806f0741a1200b6f1fc5a437de622c9e1,278ab87281919938d42c4d36f2b2c4e806f0741a1200b6f1fc5a437de622c9e1,seed7_solution001,1,
jpetstore,7,stage3,MODULARITY_ANCHOR,P0,historical/reference modularity anchor,results/stage3/subjects/jpetstore/declaration_method_body/formal/seed_07/projected_front_3d.csv,seed7_solution000,0.44206980643194654,0.44206980643194654,0,4,0.25185185185185183,5.477380952380952,0.20412414523193148,0.51226006853751849,4,0.29166666666666669,0,True,sha256:fb765e8bdcb1ad97ccc0d6ae6778cb5b82190abfc26f6da0736d7b85688a5871,fb765e8bdcb1ad97ccc0d6ae6778cb5b82190abfc26f6da0736d7b85688a5871,seed7_solution000,0,0
jpetstore,7,stage3,BALANCE,P1,primary reporting profile,results/stage3/subjects/jpetstore/declaration_method_body/formal/seed_07/projected_front_3d.csv,seed7_solution004,0.42908398110044216,0.44206980643194654,0.029375056026368678,4,0.26419753086419751,4.6916666666666664,0.11785113019775793,0.55746662539235592,4,0.29166666666666669,0,True,sha256:e0fa4103e17b3ecb4db770f24b108ffb489204f013de32a773cd8c6a779b92df,e0fa4103e17b3ecb4db770f24b108ffb489204f013de32a773cd8c6a779b92df,seed7_solution004,3,4
jpetstore,7,stage3,COUPLING,P2,descriptive preference sensitivity,results/stage3/subjects/jpetstore/declaration_method_body/formal/seed_07/projected_front_3d.csv,seed7_solution000,0.44206980643194654,0.44206980643194654,0,4,0.25185185185185183,5.477380952380952,0.20412414523193148,0.51226006853751849,4,0.29166666666666669,0,True,sha256:fb765e8bdcb1ad97ccc0d6ae6778cb5b82190abfc26f6da0736d7b85688a5871,fb765e8bdcb1ad97ccc0d6ae6778cb5b82190abfc26f6da0736d7b85688a5871,seed7_solution000,0,0
jpetstore,7,stage3,COHESION,P3,descriptive preference sensitivity,results/stage3/subjects/jpetstore/declaration_method_body/formal/seed_07/projected_front_3d.csv,seed7_solution001,0.43991159884164033,0.44206980643194654,0.0048820515649454482,4,0.25432098765432098,6.6589285714285706,0.31180478223116176,0.51211372451079618,4,0.33333333333333331,0,True,sha256:b6a105b3d71729dfcdd26abd9bcb0ce203205cb350d61c3f8e300d5aa352106e,b6a105b3d71729dfcdd26abd9bcb0ce203205cb350d61c3f8e300d5aa352106e,seed7_solution001,1,1
jpetstore,7,stage3,SEMANTIC,P4,descriptive preference sensitivity,results/stage3/subjects/jpetstore/declaration_method_body/formal/seed_07/projected_front_3d.csv,seed7_solution001,0.43991159884164033,0.44206980643194654,0.0048820515649454482,4,0.25432098765432098,6.6589285714285706,0.31180478223116176,0.51211372451079618,4,0.33333333333333331,0,True,sha256:b6a105b3d71729dfcdd26abd9bcb0ce203205cb350d61c3f8e300d5aa352106e,b6a105b3d71729dfcdd26abd9bcb0ce203205cb350d61c3f8e300d5aa352106e,seed7_solution001,1,1
jpetstore,8,stage2,MODULARITY_ANCHOR,P0,historical/reference modularity anchor,results/stage2/subjects/jpetstore/nsga/robustness_final_30seeds/seed_08/pareto_front.csv,seed8_solution000,0.44206980643194654,0.44206980643194654,0,25,0.25185185185185183,5.477380952380952,0.20412414523193148,0.51226006853751849,4,0.29166666666666669,0,True,sha256:fb765e8bdcb1ad97ccc0d6ae6778cb5b82190abfc26f6da0736d7b85688a5871,fb765e8bdcb1ad97ccc0d6ae6778cb5b82190abfc26f6da0736d7b85688a5871,seed8_solution000,0,
jpetstore,8,stage2,BALANCE,P1,primary reporting profile,results/stage2/subjects/jpetstore/nsga/robustness_final_30seeds/seed_08/pareto_front.csv,seed8_solution009,0.43411979881115709,0.44206980643194654,0.017983602374828336,25,0.27407407407407408,4.8999999999999995,0,0.55731731063187895,4,0.25,0,True,sha256:01d75268f32b26b2c2a12a087ea745de3816f2c74cff15b879a7b57ea511196f,01d75268f32b26b2c2a12a087ea745de3816f2c74cff15b879a7b57ea511196f,seed8_solution009,9,
jpetstore,8,stage2,COUPLING,P2,descriptive preference sensitivity,results/stage2/subjects/jpetstore/nsga/robustness_final_30seeds/seed_08/pareto_front.csv,seed8_solution000,0.44206980643194654,0.44206980643194654,0,25,0.25185185185185183,5.477380952380952,0.20412414523193148,0.51226006853751849,4,0.29166666666666669,0,True,sha256:fb765e8bdcb1ad97ccc0d6ae6778cb5b82190abfc26f6da0736d7b85688a5871,fb765e8bdcb1ad97ccc0d6ae6778cb5b82190abfc26f6da0736d7b85688a5871,seed8_solution000,0,
jpetstore,8,stage2,COHESION,P3,descriptive preference sensitivity,results/stage2/subjects/jpetstore/nsga/robustness_final_30seeds/seed_08/pareto_front.csv,seed8_solution024,0.43335771985977772,0.44206980643194654,0.019707490639286587,25,0.31851851851851853,9.6604761904761904,0.44487826050130463,0.53039242167422207,5,0.33333333333333331,0,True,sha256:49c7b661de35cdc337ac772a6b72a33bdd29798048a70bcb743449e68a19fe60,49c7b661de35cdc337ac772a6b72a33bdd29798048a70bcb743449e68a19fe60,seed8_solution024,24,
jpetstore,8,stage2,SEMANTIC,P4,descriptive preference sensitivity,results/stage2/subjects/jpetstore/nsga/robustness_final_30seeds/seed_08/pareto_front.csv,seed8_solution001,0.43705532693187044,0.44206980643194654,0.01134318478013506,25,0.25185185185185183,4.9690476190476192,0.16666666666666666,0.46566906033572097,4,0.29166666666666669,0,True,sha256:3ce73352371a0a4b7443dc704930493c4380e5ea851f2c96470bf0cac41b5ed9,3ce73352371a0a4b7443dc704930493c4380e5ea851f2c96470bf0cac41b5ed9,seed8_solution001,1,
jpetstore,8,stage3,MODULARITY_ANCHOR,P0,historical/reference modularity anchor,results/stage3/subjects/jpetstore/declaration_method_body/formal/seed_08/projected_front_3d.csv,seed8_solution001,0.44206980643194654,0.44206980643194654,0,6,0.25185185185185183,5.477380952380952,0.20412414523193148,0.51226006853751849,4,0.29166666666666669,0,True,sha256:fb765e8bdcb1ad97ccc0d6ae6778cb5b82190abfc26f6da0736d7b85688a5871,fb765e8bdcb1ad97ccc0d6ae6778cb5b82190abfc26f6da0736d7b85688a5871,seed8_solution001,1,1
jpetstore,8,stage3,BALANCE,P1,primary reporting profile,results/stage3/subjects/jpetstore/declaration_method_body/formal/seed_08/projected_front_3d.csv,seed8_solution001,0.44206980643194654,0.44206980643194654,0,6,0.25185185185185183,5.477380952380952,0.20412414523193148,0.51226006853751849,4,0.29166666666666669,0,True,sha256:fb765e8bdcb1ad97ccc0d6ae6778cb5b82190abfc26f6da0736d7b85688a5871,fb765e8bdcb1ad97ccc0d6ae6778cb5b82190abfc26f6da0736d7b85688a5871,seed8_solution001,1,1
jpetstore,8,stage3,COUPLING,P2,descriptive preference sensitivity,results/stage3/subjects/jpetstore/declaration_method_body/formal/seed_08/projected_front_3d.csv,seed8_solution001,0.44206980643194654,0.44206980643194654,0,6,0.25185185185185183,5.477380952380952,0.20412414523193148,0.51226006853751849,4,0.29166666666666669,0,True,sha256:fb765e8bdcb1ad97ccc0d6ae6778cb5b82190abfc26f6da0736d7b85688a5871,fb765e8bdcb1ad97ccc0d6ae6778cb5b82190abfc26f6da0736d7b85688a5871,seed8_solution001,1,1
jpetstore,8,stage3,COHESION,P3,descriptive preference sensitivity,results/stage3/subjects/jpetstore/declaration_method_body/formal/seed_08/projected_front_3d.csv,seed8_solution018,0.43335771985977772,0.44206980643194654,0.019707490639286587,6,0.31851851851851853,9.6604761904761904,0.44487826050130463,0.53039242167422207,5,0.33333333333333331,0,True,sha256:49c7b661de35cdc337ac772a6b72a33bdd29798048a70bcb743449e68a19fe60,49c7b661de35cdc337ac772a6b72a33bdd29798048a70bcb743449e68a19fe60,seed8_solution018,12,18
jpetstore,8,stage3,SEMANTIC,P4,descriptive preference sensitivity,results/stage3/subjects/jpetstore/declaration_method_body/formal/seed_08/projected_front_3d.csv,seed8_solution017,0.43050144795000789,0.44206980643194654,0.026168623854476072,6,0.31604938271604938,8.3085714285714296,0.33333333333333337,0.48394775749914676,5,0.29166666666666669,0,True,sha256:707f079ad5273e83dca351dbce87f6d9a7e528af5e70cfc918f574b3a4950f1b,707f079ad5273e83dca351dbce87f6d9a7e528af5e70cfc918f574b3a4950f1b,seed8_solution017,11,17
jpetstore,9,stage2,MODULARITY_ANCHOR,P0,historical/reference modularity anchor,results/stage2/subjects/jpetstore/nsga/robustness_final_30seeds/seed_09/pareto_front.csv,seed9_solution000,0.44206980643194654,0.44206980643194654,0,23,0.25185185185185183,5.477380952380952,0.20412414523193148,0.51226006853751849,4,0.29166666666666669,0,True,sha256:fb765e8bdcb1ad97ccc0d6ae6778cb5b82190abfc26f6da0736d7b85688a5871,fb765e8bdcb1ad97ccc0d6ae6778cb5b82190abfc26f6da0736d7b85688a5871,seed9_solution000,0,
jpetstore,9,stage2,BALANCE,P1,primary reporting profile,results/stage2/subjects/jpetstore/nsga/robustness_final_30seeds/seed_09/pareto_front.csv,seed9_solution008,0.42773662551440361,0.44206980643194654,0.032422890477930483,23,0.27407407407407408,4.9000000000000004,0,0.50760005590338708,4,0.25,0,True,sha256:628773e80b10bbde38aca9147c76eab8a4056181f15b1f1435cce2e57f02b4ca,628773e80b10bbde38aca9147c76eab8a4056181f15b1f1435cce2e57f02b4ca,seed9_solution008,8,
jpetstore,9,stage2,COUPLING,P2,descriptive preference sensitivity,results/stage2/subjects/jpetstore/nsga/robustness_final_30seeds/seed_09/pareto_front.csv,seed9_solution000,0.44206980643194654,0.44206980643194654,0,23,0.25185185185185183,5.477380952380952,0.20412414523193148,0.51226006853751849,4,0.29166666666666669,0,True,sha256:fb765e8bdcb1ad97ccc0d6ae6778cb5b82190abfc26f6da0736d7b85688a5871,fb765e8bdcb1ad97ccc0d6ae6778cb5b82190abfc26f6da0736d7b85688a5871,seed9_solution000,0,
jpetstore,9,stage2,COHESION,P3,descriptive preference sensitivity,results/stage2/subjects/jpetstore/nsga/robustness_final_30seeds/seed_09/pareto_front.csv,seed9_solution025,0.43335771985977772,0.44206980643194654,0.019707490639286587,23,0.31851851851851853,9.6604761904761904,0.44487826050130463,0.53039242167422207,5,0.33333333333333331,0,True,sha256:49c7b661de35cdc337ac772a6b72a33bdd29798048a70bcb743449e68a19fe60,49c7b661de35cdc337ac772a6b72a33bdd29798048a70bcb743449e68a19fe60,seed9_solution025,25,
jpetstore,9,stage2,SEMANTIC,P4,descriptive preference sensitivity,results/stage2/subjects/jpetstore/nsga/robustness_final_30seeds/seed_09/pareto_front.csv,seed9_solution001,0.43705532693187044,0.44206980643194654,0.01134318478013506,23,0.25185185185185183,4.9690476190476192,0.16666666666666666,0.46566906033572097,4,0.29166666666666669,0,True,sha256:3ce73352371a0a4b7443dc704930493c4380e5ea851f2c96470bf0cac41b5ed9,3ce73352371a0a4b7443dc704930493c4380e5ea851f2c96470bf0cac41b5ed9,seed9_solution001,1,
jpetstore,9,stage3,MODULARITY_ANCHOR,P0,historical/reference modularity anchor,results/stage3/subjects/jpetstore/declaration_method_body/formal/seed_09/projected_front_3d.csv,seed9_solution000,0.44206980643194654,0.44206980643194654,0,5,0.25185185185185183,5.477380952380952,0.20412414523193148,0.51226006853751849,4,0.29166666666666669,0,True,sha256:fb765e8bdcb1ad97ccc0d6ae6778cb5b82190abfc26f6da0736d7b85688a5871,fb765e8bdcb1ad97ccc0d6ae6778cb5b82190abfc26f6da0736d7b85688a5871,seed9_solution000,0,0
jpetstore,9,stage3,BALANCE,P1,primary reporting profile,results/stage3/subjects/jpetstore/declaration_method_body/formal/seed_09/projected_front_3d.csv,seed9_solution001,0.43705532693187044,0.44206980643194654,0.01134318478013506,5,0.25185185185185183,4.9690476190476192,0.16666666666666666,0.46566906033572097,4,0.29166666666666669,0,True,sha256:3ce73352371a0a4b7443dc704930493c4380e5ea851f2c96470bf0cac41b5ed9,3ce73352371a0a4b7443dc704930493c4380e5ea851f2c96470bf0cac41b5ed9,seed9_solution001,1,1
jpetstore,9,stage3,COUPLING,P2,descriptive preference sensitivity,results/stage3/subjects/jpetstore/declaration_method_body/formal/seed_09/projected_front_3d.csv,seed9_solution000,0.44206980643194654,0.44206980643194654,0,5,0.25185185185185183,5.477380952380952,0.20412414523193148,0.51226006853751849,4,0.29166666666666669,0,True,sha256:fb765e8bdcb1ad97ccc0d6ae6778cb5b82190abfc26f6da0736d7b85688a5871,fb765e8bdcb1ad97ccc0d6ae6778cb5b82190abfc26f6da0736d7b85688a5871,seed9_solution000,0,0
jpetstore,9,stage3,COHESION,P3,descriptive preference sensitivity,results/stage3/subjects/jpetstore/declaration_method_body/formal/seed_09/projected_front_3d.csv,seed9_solution002,0.42991312299954293,0.44206980643194654,0.027499465594638044,5,0.2617283950617284,6.5595238095238093,0.28867513459481287,0.51142504955833856,4,0.29166666666666669,0,True,sha256:4607d20fb9945eac1ab5c95ad663a790b59acb2ba335917a2f0fe8f204bf8de7,4607d20fb9945eac1ab5c95ad663a790b59acb2ba335917a2f0fe8f204bf8de7,seed9_solution002,2,2
jpetstore,9,stage3,SEMANTIC,P4,descriptive preference sensitivity,results/stage3/subjects/jpetstore/declaration_method_body/formal/seed_09/projected_front_3d.csv,seed9_solution001,0.43705532693187044,0.44206980643194654,0.01134318478013506,5,0.25185185185185183,4.9690476190476192,0.16666666666666666,0.46566906033572097,4,0.29166666666666669,0,True,sha256:3ce73352371a0a4b7443dc704930493c4380e5ea851f2c96470bf0cac41b5ed9,3ce73352371a0a4b7443dc704930493c4380e5ea851f2c96470bf0cac41b5ed9,seed9_solution001,1,1
jpetstore,10,stage2,MODULARITY_ANCHOR,P0,historical/reference modularity anchor,results/stage2/subjects/jpetstore/nsga/robustness_final_30seeds/seed_10/pareto_front.csv,seed10_solution000,0.44206980643194654,0.44206980643194654,0,20,0.25185185185185183,5.477380952380952,0.20412414523193148,0.51226006853751849,4,0.29166666666666669,0,True,sha256:fb765e8bdcb1ad97ccc0d6ae6778cb5b82190abfc26f6da0736d7b85688a5871,fb765e8bdcb1ad97ccc0d6ae6778cb5b82190abfc26f6da0736d7b85688a5871,seed10_solution000,0,
jpetstore,10,stage2,BALANCE,P1,primary reporting profile,results/stage2/subjects/jpetstore/nsga/robustness_final_30seeds/seed_10/pareto_front.csv,seed10_solution002,0.43669257735101386,0.44206980643194654,0.012163755594017195,20,0.25185185185185183,4.9083333333333332,0.11785113019775793,0.48699955575999887,4,0.29166666666666669,0,True,sha256:278ab87281919938d42c4d36f2b2c4e806f0741a1200b6f1fc5a437de622c9e1,278ab87281919938d42c4d36f2b2c4e806f0741a1200b6f1fc5a437de622c9e1,seed10_solution002,2,
jpetstore,10,stage2,COUPLING,P2,descriptive preference sensitivity,results/stage2/subjects/jpetstore/nsga/robustness_final_30seeds/seed_10/pareto_front.csv,seed10_solution000,0.44206980643194654,0.44206980643194654,0,20,0.25185185185185183,5.477380952380952,0.20412414523193148,0.51226006853751849,4,0.29166666666666669,0,True,sha256:fb765e8bdcb1ad97ccc0d6ae6778cb5b82190abfc26f6da0736d7b85688a5871,fb765e8bdcb1ad97ccc0d6ae6778cb5b82190abfc26f6da0736d7b85688a5871,seed10_solution000,0,
jpetstore,10,stage2,COHESION,P3,descriptive preference sensitivity,results/stage2/subjects/jpetstore/nsga/robustness_final_30seeds/seed_10/pareto_front.csv,seed10_solution020,0.43335771985977772,0.44206980643194654,0.019707490639286587,20,0.31851851851851853,9.6604761904761904,0.44487826050130463,0.53039242167422207,5,0.33333333333333331,0,True,sha256:49c7b661de35cdc337ac772a6b72a33bdd29798048a70bcb743449e68a19fe60,49c7b661de35cdc337ac772a6b72a33bdd29798048a70bcb743449e68a19fe60,seed10_solution020,20,
jpetstore,10,stage2,SEMANTIC,P4,descriptive preference sensitivity,results/stage2/subjects/jpetstore/nsga/robustness_final_30seeds/seed_10/pareto_front.csv,seed10_solution001,0.43705532693187044,0.44206980643194654,0.01134318478013506,20,0.25185185185185183,4.9690476190476192,0.16666666666666666,0.46566906033572097,4,0.29166666666666669,0,True,sha256:3ce73352371a0a4b7443dc704930493c4380e5ea851f2c96470bf0cac41b5ed9,3ce73352371a0a4b7443dc704930493c4380e5ea851f2c96470bf0cac41b5ed9,seed10_solution001,1,
jpetstore,10,stage3,MODULARITY_ANCHOR,P0,historical/reference modularity anchor,results/stage3/subjects/jpetstore/declaration_method_body/formal/seed_10/projected_front_3d.csv,seed10_solution002,0.44206980643194654,0.44206980643194654,0,3,0.25185185185185183,5.477380952380952,0.20412414523193148,0.51226006853751849,4,0.29166666666666669,0,True,sha256:fb765e8bdcb1ad97ccc0d6ae6778cb5b82190abfc26f6da0736d7b85688a5871,fb765e8bdcb1ad97ccc0d6ae6778cb5b82190abfc26f6da0736d7b85688a5871,seed10_solution002,2,2
jpetstore,10,stage3,BALANCE,P1,primary reporting profile,results/stage3/subjects/jpetstore/declaration_method_body/formal/seed_10/projected_front_3d.csv,seed10_solution004,0.42470964791952459,0.44206980643194654,0.039270174664359087,3,0.26419753086419751,4.8250000000000002,0.11785113019775793,0.51064365263993539,4,0.29166666666666669,0,True,sha256:360c8fd825adf3f5c7655ae9d43c12a4ba58e71058892d41cc0738b1e0fde3c8,360c8fd825adf3f5c7655ae9d43c12a4ba58e71058892d41cc0738b1e0fde3c8,seed10_solution004,4,4
jpetstore,10,stage3,COUPLING,P2,descriptive preference sensitivity,results/stage3/subjects/jpetstore/declaration_method_body/formal/seed_10/projected_front_3d.csv,seed10_solution002,0.44206980643194654,0.44206980643194654,0,3,0.25185185185185183,5.477380952380952,0.20412414523193148,0.51226006853751849,4,0.29166666666666669,0,True,sha256:fb765e8bdcb1ad97ccc0d6ae6778cb5b82190abfc26f6da0736d7b85688a5871,fb765e8bdcb1ad97ccc0d6ae6778cb5b82190abfc26f6da0736d7b85688a5871,seed10_solution002,2,2
jpetstore,10,stage3,COHESION,P3,descriptive preference sensitivity,results/stage3/subjects/jpetstore/declaration_method_body/formal/seed_10/projected_front_3d.csv,seed10_solution003,0.43991159884164033,0.44206980643194654,0.0048820515649454482,3,0.25432098765432098,6.6589285714285706,0.31180478223116176,0.51211372451079618,4,0.33333333333333331,0,True,sha256:b6a105b3d71729dfcdd26abd9bcb0ce203205cb350d61c3f8e300d5aa352106e,b6a105b3d71729dfcdd26abd9bcb0ce203205cb350d61c3f8e300d5aa352106e,seed10_solution003,3,3
jpetstore,10,stage3,SEMANTIC,P4,descriptive preference sensitivity,results/stage3/subjects/jpetstore/declaration_method_body/formal/seed_10/projected_front_3d.csv,seed10_solution004,0.42470964791952459,0.44206980643194654,0.039270174664359087,3,0.26419753086419751,4.8250000000000002,0.11785113019775793,0.51064365263993539,4,0.29166666666666669,0,True,sha256:360c8fd825adf3f5c7655ae9d43c12a4ba58e71058892d41cc0738b1e0fde3c8,360c8fd825adf3f5c7655ae9d43c12a4ba58e71058892d41cc0738b1e0fde3c8,seed10_solution004,4,4
jpetstore,11,stage2,MODULARITY_ANCHOR,P0,historical/reference modularity anchor,results/stage2/subjects/jpetstore/nsga/robustness_final_30seeds/seed_11/pareto_front.csv,seed11_solution000,0.44206980643194654,0.44206980643194654,0,23,0.25185185185185183,5.477380952380952,0.20412414523193148,0.51226006853751849,4,0.29166666666666669,0,True,sha256:fb765e8bdcb1ad97ccc0d6ae6778cb5b82190abfc26f6da0736d7b85688a5871,fb765e8bdcb1ad97ccc0d6ae6778cb5b82190abfc26f6da0736d7b85688a5871,seed11_solution000,0,
jpetstore,11,stage2,BALANCE,P1,primary reporting profile,results/stage2/subjects/jpetstore/nsga/robustness_final_30seeds/seed_11/pareto_front.csv,seed11_solution008,0.42773662551440361,0.44206980643194654,0.032422890477930483,23,0.27407407407407408,4.9000000000000004,0,0.50760005590338708,4,0.25,0,True,sha256:628773e80b10bbde38aca9147c76eab8a4056181f15b1f1435cce2e57f02b4ca,628773e80b10bbde38aca9147c76eab8a4056181f15b1f1435cce2e57f02b4ca,seed11_solution008,8,
jpetstore,11,stage2,COUPLING,P2,descriptive preference sensitivity,results/stage2/subjects/jpetstore/nsga/robustness_final_30seeds/seed_11/pareto_front.csv,seed11_solution000,0.44206980643194654,0.44206980643194654,0,23,0.25185185185185183,5.477380952380952,0.20412414523193148,0.51226006853751849,4,0.29166666666666669,0,True,sha256:fb765e8bdcb1ad97ccc0d6ae6778cb5b82190abfc26f6da0736d7b85688a5871,fb765e8bdcb1ad97ccc0d6ae6778cb5b82190abfc26f6da0736d7b85688a5871,seed11_solution000,0,
jpetstore,11,stage2,COHESION,P3,descriptive preference sensitivity,results/stage2/subjects/jpetstore/nsga/robustness_final_30seeds/seed_11/pareto_front.csv,seed11_solution022,0.43335771985977772,0.44206980643194654,0.019707490639286587,23,0.31851851851851853,9.6604761904761904,0.44487826050130463,0.53039242167422207,5,0.33333333333333331,0,True,sha256:49c7b661de35cdc337ac772a6b72a33bdd29798048a70bcb743449e68a19fe60,49c7b661de35cdc337ac772a6b72a33bdd29798048a70bcb743449e68a19fe60,seed11_solution022,22,
jpetstore,11,stage2,SEMANTIC,P4,descriptive preference sensitivity,results/stage2/subjects/jpetstore/nsga/robustness_final_30seeds/seed_11/pareto_front.csv,seed11_solution001,0.43705532693187044,0.44206980643194654,0.01134318478013506,23,0.25185185185185183,4.9690476190476192,0.16666666666666666,0.46566906033572097,4,0.29166666666666669,0,True,sha256:3ce73352371a0a4b7443dc704930493c4380e5ea851f2c96470bf0cac41b5ed9,3ce73352371a0a4b7443dc704930493c4380e5ea851f2c96470bf0cac41b5ed9,seed11_solution001,1,
jpetstore,11,stage3,MODULARITY_ANCHOR,P0,historical/reference modularity anchor,results/stage3/subjects/jpetstore/declaration_method_body/formal/seed_11/projected_front_3d.csv,seed11_solution000,0.44206980643194654,0.44206980643194654,0,6,0.25185185185185183,5.477380952380952,0.20412414523193148,0.51226006853751849,4,0.29166666666666669,0,True,sha256:fb765e8bdcb1ad97ccc0d6ae6778cb5b82190abfc26f6da0736d7b85688a5871,fb765e8bdcb1ad97ccc0d6ae6778cb5b82190abfc26f6da0736d7b85688a5871,seed11_solution000,0,0
jpetstore,11,stage3,BALANCE,P1,primary reporting profile,results/stage3/subjects/jpetstore/declaration_method_body/formal/seed_11/projected_front_3d.csv,seed11_solution001,0.44063709800335327,0.44206980643194654,0.0032409099371816788,6,0.25185185185185183,4.8166666666666664,0.11785113019775793,0.53671681048849074,4,0.29166666666666669,0,True,sha256:4bffb0d415dbb0e58b54d083733ce035fd28d59f4b5388109d091caa60251051,4bffb0d415dbb0e58b54d083733ce035fd28d59f4b5388109d091caa60251051,seed11_solution001,1,1
jpetstore,11,stage3,COUPLING,P2,descriptive preference sensitivity,results/stage3/subjects/jpetstore/declaration_method_body/formal/seed_11/projected_front_3d.csv,seed11_solution000,0.44206980643194654,0.44206980643194654,0,6,0.25185185185185183,5.477380952380952,0.20412414523193148,0.51226006853751849,4,0.29166666666666669,0,True,sha256:fb765e8bdcb1ad97ccc0d6ae6778cb5b82190abfc26f6da0736d7b85688a5871,fb765e8bdcb1ad97ccc0d6ae6778cb5b82190abfc26f6da0736d7b85688a5871,seed11_solution000,0,0
jpetstore,11,stage3,COHESION,P3,descriptive preference sensitivity,results/stage3/subjects/jpetstore/declaration_method_body/formal/seed_11/projected_front_3d.csv,seed11_solution014,0.43050144795000789,0.44206980643194654,0.026168623854476072,6,0.31604938271604938,8.3085714285714296,0.33333333333333337,0.48394775749914676,5,0.29166666666666669,0,True,sha256:707f079ad5273e83dca351dbce87f6d9a7e528af5e70cfc918f574b3a4950f1b,707f079ad5273e83dca351dbce87f6d9a7e528af5e70cfc918f574b3a4950f1b,seed11_solution014,9,14
jpetstore,11,stage3,SEMANTIC,P4,descriptive preference sensitivity,results/stage3/subjects/jpetstore/declaration_method_body/formal/seed_11/projected_front_3d.csv,seed11_solution014,0.43050144795000789,0.44206980643194654,0.026168623854476072,6,0.31604938271604938,8.3085714285714296,0.33333333333333337,0.48394775749914676,5,0.29166666666666669,0,True,sha256:707f079ad5273e83dca351dbce87f6d9a7e528af5e70cfc918f574b3a4950f1b,707f079ad5273e83dca351dbce87f6d9a7e528af5e70cfc918f574b3a4950f1b,seed11_solution014,9,14
jpetstore,12,stage2,MODULARITY_ANCHOR,P0,historical/reference modularity anchor,results/stage2/subjects/jpetstore/nsga/robustness_final_30seeds/seed_12/pareto_front.csv,seed12_solution000,0.44206980643194654,0.44206980643194654,0,24,0.25185185185185183,5.477380952380952,0.20412414523193148,0.51226006853751849,4,0.29166666666666669,0,True,sha256:fb765e8bdcb1ad97ccc0d6ae6778cb5b82190abfc26f6da0736d7b85688a5871,fb765e8bdcb1ad97ccc0d6ae6778cb5b82190abfc26f6da0736d7b85688a5871,seed12_solution000,0,
jpetstore,12,stage2,BALANCE,P1,primary reporting profile,results/stage2/subjects/jpetstore/nsga/robustness_final_30seeds/seed_12/pareto_front.csv,seed12_solution008,0.42773662551440361,0.44206980643194654,0.032422890477930483,24,0.27407407407407408,4.9000000000000004,0,0.50760005590338708,4,0.25,0,True,sha256:628773e80b10bbde38aca9147c76eab8a4056181f15b1f1435cce2e57f02b4ca,628773e80b10bbde38aca9147c76eab8a4056181f15b1f1435cce2e57f02b4ca,seed12_solution008,8,
jpetstore,12,stage2,COUPLING,P2,descriptive preference sensitivity,results/stage2/subjects/jpetstore/nsga/robustness_final_30seeds/seed_12/pareto_front.csv,seed12_solution000,0.44206980643194654,0.44206980643194654,0,24,0.25185185185185183,5.477380952380952,0.20412414523193148,0.51226006853751849,4,0.29166666666666669,0,True,sha256:fb765e8bdcb1ad97ccc0d6ae6778cb5b82190abfc26f6da0736d7b85688a5871,fb765e8bdcb1ad97ccc0d6ae6778cb5b82190abfc26f6da0736d7b85688a5871,seed12_solution000,0,
jpetstore,12,stage2,COHESION,P3,descriptive preference sensitivity,results/stage2/subjects/jpetstore/nsga/robustness_final_30seeds/seed_12/pareto_front.csv,seed12_solution022,0.43335771985977772,0.44206980643194654,0.019707490639286587,24,0.31851851851851853,9.6604761904761904,0.44487826050130463,0.53039242167422207,5,0.33333333333333331,0,True,sha256:49c7b661de35cdc337ac772a6b72a33bdd29798048a70bcb743449e68a19fe60,49c7b661de35cdc337ac772a6b72a33bdd29798048a70bcb743449e68a19fe60,seed12_solution022,22,
jpetstore,12,stage2,SEMANTIC,P4,descriptive preference sensitivity,results/stage2/subjects/jpetstore/nsga/robustness_final_30seeds/seed_12/pareto_front.csv,seed12_solution001,0.43705532693187044,0.44206980643194654,0.01134318478013506,24,0.25185185185185183,4.9690476190476192,0.16666666666666666,0.46566906033572097,4,0.29166666666666669,0,True,sha256:3ce73352371a0a4b7443dc704930493c4380e5ea851f2c96470bf0cac41b5ed9,3ce73352371a0a4b7443dc704930493c4380e5ea851f2c96470bf0cac41b5ed9,seed12_solution001,1,
jpetstore,12,stage3,MODULARITY_ANCHOR,P0,historical/reference modularity anchor,results/stage3/subjects/jpetstore/declaration_method_body/formal/seed_12/projected_front_3d.csv,seed12_solution002,0.43705532693187044,0.43705532693187044,0,5,0.25185185185185183,4.9690476190476192,0.16666666666666666,0.46566906033572097,4,0.29166666666666669,0,True,sha256:3ce73352371a0a4b7443dc704930493c4380e5ea851f2c96470bf0cac41b5ed9,3ce73352371a0a4b7443dc704930493c4380e5ea851f2c96470bf0cac41b5ed9,seed12_solution002,2,2
jpetstore,12,stage3,BALANCE,P1,primary reporting profile,results/stage3/subjects/jpetstore/declaration_method_body/formal/seed_12/projected_front_3d.csv,seed12_solution002,0.43705532693187044,0.43705532693187044,0,5,0.25185185185185183,4.9690476190476192,0.16666666666666666,0.46566906033572097,4,0.29166666666666669,0,True,sha256:3ce73352371a0a4b7443dc704930493c4380e5ea851f2c96470bf0cac41b5ed9,3ce73352371a0a4b7443dc704930493c4380e5ea851f2c96470bf0cac41b5ed9,seed12_solution002,2,2
jpetstore,12,stage3,COUPLING,P2,descriptive preference sensitivity,results/stage3/subjects/jpetstore/declaration_method_body/formal/seed_12/projected_front_3d.csv,seed12_solution002,0.43705532693187044,0.43705532693187044,0,5,0.25185185185185183,4.9690476190476192,0.16666666666666666,0.46566906033572097,4,0.29166666666666669,0,True,sha256:3ce73352371a0a4b7443dc704930493c4380e5ea851f2c96470bf0cac41b5ed9,3ce73352371a0a4b7443dc704930493c4380e5ea851f2c96470bf0cac41b5ed9,seed12_solution002,2,2
jpetstore,12,stage3,COHESION,P3,descriptive preference sensitivity,results/stage3/subjects/jpetstore/declaration_method_body/formal/seed_12/projected_front_3d.csv,seed12_solution003,0.43702789208962067,0.43705532693187044,6.2772012052468156e-05,5,0.25679012345679014,6.583333333333333,0.28867513459481287,0.53344421993507418,4,0.29166666666666669,0,True,sha256:04eeb933ea79a8b024874f2a9fc88e546b06a39c688763cc09a6b1fea18b4af8,04eeb933ea79a8b024874f2a9fc88e546b06a39c688763cc09a6b1fea18b4af8,seed12_solution003,3,3
jpetstore,12,stage3,SEMANTIC,P4,descriptive preference sensitivity,results/stage3/subjects/jpetstore/declaration_method_body/formal/seed_12/projected_front_3d.csv,seed12_solution004,0.42187776253619919,0.43705532693187044,0.03472687200089241,5,0.26666666666666666,5.1351190476190478,0.26352313834736496,0.44568729769429249,4,0.33333333333333331,0,True,sha256:f0b553c723262ac16364cfdb9d6f7b68f94c34b9e4470a4bbbc6ffe215f8c51d,f0b553c723262ac16364cfdb9d6f7b68f94c34b9e4470a4bbbc6ffe215f8c51d,seed12_solution004,4,4
jpetstore,13,stage2,MODULARITY_ANCHOR,P0,historical/reference modularity anchor,results/stage2/subjects/jpetstore/nsga/robustness_final_30seeds/seed_13/pareto_front.csv,seed13_solution000,0.44206980643194654,0.44206980643194654,0,28,0.25185185185185183,5.477380952380952,0.20412414523193148,0.51226006853751849,4,0.29166666666666669,0,True,sha256:fb765e8bdcb1ad97ccc0d6ae6778cb5b82190abfc26f6da0736d7b85688a5871,fb765e8bdcb1ad97ccc0d6ae6778cb5b82190abfc26f6da0736d7b85688a5871,seed13_solution000,0,
jpetstore,13,stage2,BALANCE,P1,primary reporting profile,results/stage2/subjects/jpetstore/nsga/robustness_final_30seeds/seed_13/pareto_front.csv,seed13_solution009,0.42773662551440361,0.44206980643194654,0.032422890477930483,28,0.27407407407407408,4.9000000000000004,0,0.50760005590338708,4,0.25,0,True,sha256:628773e80b10bbde38aca9147c76eab8a4056181f15b1f1435cce2e57f02b4ca,628773e80b10bbde38aca9147c76eab8a4056181f15b1f1435cce2e57f02b4ca,seed13_solution009,9,
jpetstore,13,stage2,COUPLING,P2,descriptive preference sensitivity,results/stage2/subjects/jpetstore/nsga/robustness_final_30seeds/seed_13/pareto_front.csv,seed13_solution000,0.44206980643194654,0.44206980643194654,0,28,0.25185185185185183,5.477380952380952,0.20412414523193148,0.51226006853751849,4,0.29166666666666669,0,True,sha256:fb765e8bdcb1ad97ccc0d6ae6778cb5b82190abfc26f6da0736d7b85688a5871,fb765e8bdcb1ad97ccc0d6ae6778cb5b82190abfc26f6da0736d7b85688a5871,seed13_solution000,0,
jpetstore,13,stage2,COHESION,P3,descriptive preference sensitivity,results/stage2/subjects/jpetstore/nsga/robustness_final_30seeds/seed_13/pareto_front.csv,seed13_solution027,0.43335771985977772,0.44206980643194654,0.019707490639286587,28,0.31851851851851853,9.6604761904761904,0.44487826050130463,0.53039242167422207,5,0.33333333333333331,0,True,sha256:49c7b661de35cdc337ac772a6b72a33bdd29798048a70bcb743449e68a19fe60,49c7b661de35cdc337ac772a6b72a33bdd29798048a70bcb743449e68a19fe60,seed13_solution027,27,
jpetstore,13,stage2,SEMANTIC,P4,descriptive preference sensitivity,results/stage2/subjects/jpetstore/nsga/robustness_final_30seeds/seed_13/pareto_front.csv,seed13_solution001,0.43705532693187044,0.44206980643194654,0.01134318478013506,28,0.25185185185185183,4.9690476190476192,0.16666666666666666,0.46566906033572097,4,0.29166666666666669,0,True,sha256:3ce73352371a0a4b7443dc704930493c4380e5ea851f2c96470bf0cac41b5ed9,3ce73352371a0a4b7443dc704930493c4380e5ea851f2c96470bf0cac41b5ed9,seed13_solution001,1,
jpetstore,13,stage3,MODULARITY_ANCHOR,P0,historical/reference modularity anchor,results/stage3/subjects/jpetstore/declaration_method_body/formal/seed_13/projected_front_3d.csv,seed13_solution000,0.44206980643194654,0.44206980643194654,0,6,0.25185185185185183,5.477380952380952,0.20412414523193148,0.51226006853751849,4,0.29166666666666669,0,True,sha256:fb765e8bdcb1ad97ccc0d6ae6778cb5b82190abfc26f6da0736d7b85688a5871,fb765e8bdcb1ad97ccc0d6ae6778cb5b82190abfc26f6da0736d7b85688a5871,seed13_solution000,0,0
jpetstore,13,stage3,BALANCE,P1,primary reporting profile,results/stage3/subjects/jpetstore/declaration_method_body/formal/seed_13/projected_front_3d.csv,seed13_solution001,0.44063709800335327,0.44206980643194654,0.0032409099371816788,6,0.25185185185185183,4.8166666666666664,0.11785113019775793,0.53671681048849074,4,0.29166666666666669,0,True,sha256:4bffb0d415dbb0e58b54d083733ce035fd28d59f4b5388109d091caa60251051,4bffb0d415dbb0e58b54d083733ce035fd28d59f4b5388109d091caa60251051,seed13_solution001,1,1
jpetstore,13,stage3,COUPLING,P2,descriptive preference sensitivity,results/stage3/subjects/jpetstore/declaration_method_body/formal/seed_13/projected_front_3d.csv,seed13_solution000,0.44206980643194654,0.44206980643194654,0,6,0.25185185185185183,5.477380952380952,0.20412414523193148,0.51226006853751849,4,0.29166666666666669,0,True,sha256:fb765e8bdcb1ad97ccc0d6ae6778cb5b82190abfc26f6da0736d7b85688a5871,fb765e8bdcb1ad97ccc0d6ae6778cb5b82190abfc26f6da0736d7b85688a5871,seed13_solution000,0,0
jpetstore,13,stage3,COHESION,P3,descriptive preference sensitivity,results/stage3/subjects/jpetstore/declaration_method_body/formal/seed_13/projected_front_3d.csv,seed13_solution016,0.43551592745008399,0.44206980643194654,0.014825439074341014,6,0.31604938271604938,8.7152380952380959,0.35843021946010944,0.53053876570094427,5,0.29166666666666669,0,True,sha256:8f92c2d9d633221daf99da5eb29f9333ec5d64e9d2c3ff862447061d42fe542a,8f92c2d9d633221daf99da5eb29f9333ec5d64e9d2c3ff862447061d42fe542a,seed13_solution016,7,16
jpetstore,13,stage3,SEMANTIC,P4,descriptive preference sensitivity,results/stage3/subjects/jpetstore/declaration_method_body/formal/seed_13/projected_front_3d.csv,seed13_solution005,0.4251699436061579,0.44206980643194654,0.038228946152625919,6,0.26913580246913582,5.5767857142857142,0.26352313834736496,0.49227830589609012,4,0.33333333333333331,0,True,sha256:ebd2fb14ee27969aac07c972c8261940232f7c01629690a26f8cd110203b6df7,ebd2fb14ee27969aac07c972c8261940232f7c01629690a26f8cd110203b6df7,seed13_solution005,4,5
jpetstore,14,stage2,MODULARITY_ANCHOR,P0,historical/reference modularity anchor,results/stage2/subjects/jpetstore/nsga/robustness_final_30seeds/seed_14/pareto_front.csv,seed14_solution000,0.44206980643194654,0.44206980643194654,0,27,0.25185185185185183,5.477380952380952,0.20412414523193148,0.51226006853751849,4,0.29166666666666669,0,True,sha256:fb765e8bdcb1ad97ccc0d6ae6778cb5b82190abfc26f6da0736d7b85688a5871,fb765e8bdcb1ad97ccc0d6ae6778cb5b82190abfc26f6da0736d7b85688a5871,seed14_solution000,0,
jpetstore,14,stage2,BALANCE,P1,primary reporting profile,results/stage2/subjects/jpetstore/nsga/robustness_final_30seeds/seed_14/pareto_front.csv,seed14_solution009,0.42773662551440361,0.44206980643194654,0.032422890477930483,27,0.27407407407407408,4.9000000000000004,0,0.50760005590338708,4,0.25,0,True,sha256:628773e80b10bbde38aca9147c76eab8a4056181f15b1f1435cce2e57f02b4ca,628773e80b10bbde38aca9147c76eab8a4056181f15b1f1435cce2e57f02b4ca,seed14_solution009,9,
jpetstore,14,stage2,COUPLING,P2,descriptive preference sensitivity,results/stage2/subjects/jpetstore/nsga/robustness_final_30seeds/seed_14/pareto_front.csv,seed14_solution000,0.44206980643194654,0.44206980643194654,0,27,0.25185185185185183,5.477380952380952,0.20412414523193148,0.51226006853751849,4,0.29166666666666669,0,True,sha256:fb765e8bdcb1ad97ccc0d6ae6778cb5b82190abfc26f6da0736d7b85688a5871,fb765e8bdcb1ad97ccc0d6ae6778cb5b82190abfc26f6da0736d7b85688a5871,seed14_solution000,0,
jpetstore,14,stage2,COHESION,P3,descriptive preference sensitivity,results/stage2/subjects/jpetstore/nsga/robustness_final_30seeds/seed_14/pareto_front.csv,seed14_solution026,0.43335771985977772,0.44206980643194654,0.019707490639286587,27,0.31851851851851853,9.6604761904761904,0.44487826050130463,0.53039242167422207,5,0.33333333333333331,0,True,sha256:49c7b661de35cdc337ac772a6b72a33bdd29798048a70bcb743449e68a19fe60,49c7b661de35cdc337ac772a6b72a33bdd29798048a70bcb743449e68a19fe60,seed14_solution026,26,
jpetstore,14,stage2,SEMANTIC,P4,descriptive preference sensitivity,results/stage2/subjects/jpetstore/nsga/robustness_final_30seeds/seed_14/pareto_front.csv,seed14_solution001,0.43705532693187044,0.44206980643194654,0.01134318478013506,27,0.25185185185185183,4.9690476190476192,0.16666666666666666,0.46566906033572097,4,0.29166666666666669,0,True,sha256:3ce73352371a0a4b7443dc704930493c4380e5ea851f2c96470bf0cac41b5ed9,3ce73352371a0a4b7443dc704930493c4380e5ea851f2c96470bf0cac41b5ed9,seed14_solution001,1,
jpetstore,14,stage3,MODULARITY_ANCHOR,P0,historical/reference modularity anchor,results/stage3/subjects/jpetstore/declaration_method_body/formal/seed_14/projected_front_3d.csv,seed14_solution003,0.43989330894680706,0.43989330894680706,0,6,0.25185185185185183,5.420238095238096,0.20412414523193148,0.53359056396179638,4,0.29166666666666669,0,True,sha256:c6c9e9c480e9b41e45a983c0283743ae385563616aa47d4e9e13db97897a4185,c6c9e9c480e9b41e45a983c0283743ae385563616aa47d4e9e13db97897a4185,seed14_solution003,3,3
jpetstore,14,stage3,BALANCE,P1,primary reporting profile,results/stage3/subjects/jpetstore/declaration_method_body/formal/seed_14/projected_front_3d.csv,seed14_solution009,0.42372199359853702,0.43989330894680706,0.036761903441967371,6,0.2839506172839506,4.894047619047619,0.11785113019775793,0.52951216646222954,4,0.29166666666666669,0,True,sha256:9064c52d695252fda520b13171c99dbbd37f2c500690d2d6d844fdca02b3848b,9064c52d695252fda520b13171c99dbbd37f2c500690d2d6d844fdca02b3848b,seed14_solution009,7,9
jpetstore,14,stage3,COUPLING,P2,descriptive preference sensitivity,results/stage3/subjects/jpetstore/declaration_method_body/formal/seed_14/projected_front_3d.csv,seed14_solution003,0.43989330894680706,0.43989330894680706,0,6,0.25185185185185183,5.420238095238096,0.20412414523193148,0.53359056396179638,4,0.29166666666666669,0,True,sha256:c6c9e9c480e9b41e45a983c0283743ae385563616aa47d4e9e13db97897a4185,c6c9e9c480e9b41e45a983c0283743ae385563616aa47d4e9e13db97897a4185,seed14_solution003,3,3
jpetstore,14,stage3,COHESION,P3,descriptive preference sensitivity,results/stage3/subjects/jpetstore/declaration_method_body/formal/seed_14/projected_front_3d.csv,seed14_solution015,0.43050144795000789,0.43989330894680706,0.021350315646503408,6,0.31604938271604938,8.3085714285714296,0.33333333333333337,0.48394775749914676,5,0.29166666666666669,0,True,sha256:707f079ad5273e83dca351dbce87f6d9a7e528af5e70cfc918f574b3a4950f1b,707f079ad5273e83dca351dbce87f6d9a7e528af5e70cfc918f574b3a4950f1b,seed14_solution015,10,15
jpetstore,14,stage3,SEMANTIC,P4,descriptive preference sensitivity,results/stage3/subjects/jpetstore/declaration_method_body/formal/seed_14/projected_front_3d.csv,seed14_solution004,0.43705532693187044,0.43989330894680706,0.0064515234881187969,6,0.25185185185185183,4.9690476190476192,0.16666666666666666,0.46566906033572097,4,0.29166666666666669,0,True,sha256:3ce73352371a0a4b7443dc704930493c4380e5ea851f2c96470bf0cac41b5ed9,3ce73352371a0a4b7443dc704930493c4380e5ea851f2c96470bf0cac41b5ed9,seed14_solution004,4,4
jpetstore,15,stage2,MODULARITY_ANCHOR,P0,historical/reference modularity anchor,results/stage2/subjects/jpetstore/nsga/robustness_final_30seeds/seed_15/pareto_front.csv,seed15_solution000,0.44206980643194654,0.44206980643194654,0,22,0.25185185185185183,5.477380952380952,0.20412414523193148,0.51226006853751849,4,0.29166666666666669,0,True,sha256:fb765e8bdcb1ad97ccc0d6ae6778cb5b82190abfc26f6da0736d7b85688a5871,fb765e8bdcb1ad97ccc0d6ae6778cb5b82190abfc26f6da0736d7b85688a5871,seed15_solution000,0,
jpetstore,15,stage2,BALANCE,P1,primary reporting profile,results/stage2/subjects/jpetstore/nsga/robustness_final_30seeds/seed_15/pareto_front.csv,seed15_solution008,0.43411979881115709,0.44206980643194654,0.017983602374828336,22,0.27407407407407408,4.8999999999999995,0,0.55731731063187895,4,0.25,0,True,sha256:01d75268f32b26b2c2a12a087ea745de3816f2c74cff15b879a7b57ea511196f,01d75268f32b26b2c2a12a087ea745de3816f2c74cff15b879a7b57ea511196f,seed15_solution008,8,
jpetstore,15,stage2,COUPLING,P2,descriptive preference sensitivity,results/stage2/subjects/jpetstore/nsga/robustness_final_30seeds/seed_15/pareto_front.csv,seed15_solution000,0.44206980643194654,0.44206980643194654,0,22,0.25185185185185183,5.477380952380952,0.20412414523193148,0.51226006853751849,4,0.29166666666666669,0,True,sha256:fb765e8bdcb1ad97ccc0d6ae6778cb5b82190abfc26f6da0736d7b85688a5871,fb765e8bdcb1ad97ccc0d6ae6778cb5b82190abfc26f6da0736d7b85688a5871,seed15_solution000,0,
jpetstore,15,stage2,COHESION,P3,descriptive preference sensitivity,results/stage2/subjects/jpetstore/nsga/robustness_final_30seeds/seed_15/pareto_front.csv,seed15_solution021,0.43335771985977772,0.44206980643194654,0.019707490639286587,22,0.31851851851851853,9.6604761904761904,0.44487826050130463,0.53039242167422207,5,0.33333333333333331,0,True,sha256:49c7b661de35cdc337ac772a6b72a33bdd29798048a70bcb743449e68a19fe60,49c7b661de35cdc337ac772a6b72a33bdd29798048a70bcb743449e68a19fe60,seed15_solution021,21,
jpetstore,15,stage2,SEMANTIC,P4,descriptive preference sensitivity,results/stage2/subjects/jpetstore/nsga/robustness_final_30seeds/seed_15/pareto_front.csv,seed15_solution001,0.43705532693187044,0.44206980643194654,0.01134318478013506,22,0.25185185185185183,4.9690476190476192,0.16666666666666666,0.46566906033572097,4,0.29166666666666669,0,True,sha256:3ce73352371a0a4b7443dc704930493c4380e5ea851f2c96470bf0cac41b5ed9,3ce73352371a0a4b7443dc704930493c4380e5ea851f2c96470bf0cac41b5ed9,seed15_solution001,1,
jpetstore,15,stage3,MODULARITY_ANCHOR,P0,historical/reference modularity anchor,results/stage3/subjects/jpetstore/declaration_method_body/formal/seed_15/projected_front_3d.csv,seed15_solution001,0.44206980643194654,0.44206980643194654,0,6,0.25185185185185183,5.477380952380952,0.20412414523193148,0.51226006853751849,4,0.29166666666666669,0,True,sha256:fb765e8bdcb1ad97ccc0d6ae6778cb5b82190abfc26f6da0736d7b85688a5871,fb765e8bdcb1ad97ccc0d6ae6778cb5b82190abfc26f6da0736d7b85688a5871,seed15_solution001,1,1
jpetstore,15,stage3,BALANCE,P1,primary reporting profile,results/stage3/subjects/jpetstore/declaration_method_body/formal/seed_15/projected_front_3d.csv,seed15_solution006,0.43411979881115709,0.44206980643194654,0.017983602374828336,6,0.27407407407407408,4.8999999999999995,0,0.55731731063187895,4,0.25,0,True,sha256:01d75268f32b26b2c2a12a087ea745de3816f2c74cff15b879a7b57ea511196f,01d75268f32b26b2c2a12a087ea745de3816f2c74cff15b879a7b57ea511196f,seed15_solution006,4,6
jpetstore,15,stage3,COUPLING,P2,descriptive preference sensitivity,results/stage3/subjects/jpetstore/declaration_method_body/formal/seed_15/projected_front_3d.csv,seed15_solution001,0.44206980643194654,0.44206980643194654,0,6,0.25185185185185183,5.477380952380952,0.20412414523193148,0.51226006853751849,4,0.29166666666666669,0,True,sha256:fb765e8bdcb1ad97ccc0d6ae6778cb5b82190abfc26f6da0736d7b85688a5871,fb765e8bdcb1ad97ccc0d6ae6778cb5b82190abfc26f6da0736d7b85688a5871,seed15_solution001,1,1
jpetstore,15,stage3,COHESION,P3,descriptive preference sensitivity,results/stage3/subjects/jpetstore/declaration_method_body/formal/seed_15/projected_front_3d.csv,seed15_solution015,0.42335924401768044,0.44206980643194654,0.042324904668978931,6,0.32592592592592595,9.5809523809523807,0.4249182927993988,0.52970374672176435,5,0.29166666666666669,0,True,sha256:9b7fc38ded60c0cd6962eefcc0e5f3b6a78d0d252e240e40e990c28eb2ca3f31,9b7fc38ded60c0cd6962eefcc0e5f3b6a78d0d252e240e40e990c28eb2ca3f31,seed15_solution015,7,15
jpetstore,15,stage3,SEMANTIC,P4,descriptive preference sensitivity,results/stage3/subjects/jpetstore/declaration_method_body/formal/seed_15/projected_front_3d.csv,seed15_solution012,0.43050144795000789,0.44206980643194654,0.026168623854476072,6,0.31604938271604938,8.3085714285714296,0.33333333333333337,0.48394775749914676,5,0.29166666666666669,0,True,sha256:707f079ad5273e83dca351dbce87f6d9a7e528af5e70cfc918f574b3a4950f1b,707f079ad5273e83dca351dbce87f6d9a7e528af5e70cfc918f574b3a4950f1b,seed15_solution012,5,12
jpetstore,16,stage2,MODULARITY_ANCHOR,P0,historical/reference modularity anchor,results/stage2/subjects/jpetstore/nsga/robustness_final_30seeds/seed_16/pareto_front.csv,seed16_solution000,0.44206980643194654,0.44206980643194654,0,22,0.25185185185185183,5.477380952380952,0.20412414523193148,0.51226006853751849,4,0.29166666666666669,0,True,sha256:fb765e8bdcb1ad97ccc0d6ae6778cb5b82190abfc26f6da0736d7b85688a5871,fb765e8bdcb1ad97ccc0d6ae6778cb5b82190abfc26f6da0736d7b85688a5871,seed16_solution000,0,
jpetstore,16,stage2,BALANCE,P1,primary reporting profile,results/stage2/subjects/jpetstore/nsga/robustness_final_30seeds/seed_16/pareto_front.csv,seed16_solution007,0.43411979881115709,0.44206980643194654,0.017983602374828336,22,0.27407407407407408,4.8999999999999995,0,0.55731731063187895,4,0.25,0,True,sha256:01d75268f32b26b2c2a12a087ea745de3816f2c74cff15b879a7b57ea511196f,01d75268f32b26b2c2a12a087ea745de3816f2c74cff15b879a7b57ea511196f,seed16_solution007,7,
jpetstore,16,stage2,COUPLING,P2,descriptive preference sensitivity,results/stage2/subjects/jpetstore/nsga/robustness_final_30seeds/seed_16/pareto_front.csv,seed16_solution000,0.44206980643194654,0.44206980643194654,0,22,0.25185185185185183,5.477380952380952,0.20412414523193148,0.51226006853751849,4,0.29166666666666669,0,True,sha256:fb765e8bdcb1ad97ccc0d6ae6778cb5b82190abfc26f6da0736d7b85688a5871,fb765e8bdcb1ad97ccc0d6ae6778cb5b82190abfc26f6da0736d7b85688a5871,seed16_solution000,0,
jpetstore,16,stage2,COHESION,P3,descriptive preference sensitivity,results/stage2/subjects/jpetstore/nsga/robustness_final_30seeds/seed_16/pareto_front.csv,seed16_solution021,0.43335771985977772,0.44206980643194654,0.019707490639286587,22,0.31851851851851853,9.6604761904761904,0.44487826050130463,0.53039242167422207,5,0.33333333333333331,0,True,sha256:49c7b661de35cdc337ac772a6b72a33bdd29798048a70bcb743449e68a19fe60,49c7b661de35cdc337ac772a6b72a33bdd29798048a70bcb743449e68a19fe60,seed16_solution021,21,
jpetstore,16,stage2,SEMANTIC,P4,descriptive preference sensitivity,results/stage2/subjects/jpetstore/nsga/robustness_final_30seeds/seed_16/pareto_front.csv,seed16_solution001,0.43705532693187044,0.44206980643194654,0.01134318478013506,22,0.25185185185185183,4.9690476190476192,0.16666666666666666,0.46566906033572097,4,0.29166666666666669,0,True,sha256:3ce73352371a0a4b7443dc704930493c4380e5ea851f2c96470bf0cac41b5ed9,3ce73352371a0a4b7443dc704930493c4380e5ea851f2c96470bf0cac41b5ed9,seed16_solution001,1,
jpetstore,16,stage3,MODULARITY_ANCHOR,P0,historical/reference modularity anchor,results/stage3/subjects/jpetstore/declaration_method_body/formal/seed_16/projected_front_3d.csv,seed16_solution008,0.43768632830361265,0.43768632830361265,0,9,0.27654320987654318,5.7172619047619042,0.23570226039551587,0.53271422465418439,4,0.33333333333333331,0,True,sha256:7a63a0f5ff03e9465f4ec3566e2e452111867c09a23f9fa7f3acaab1d43d33e3,7a63a0f5ff03e9465f4ec3566e2e452111867c09a23f9fa7f3acaab1d43d33e3,seed16_solution008,6,8
jpetstore,16,stage3,BALANCE,P1,primary reporting profile,results/stage3/subjects/jpetstore/declaration_method_body/formal/seed_16/projected_front_3d.csv,seed16_solution006,0.42773662551440361,0.43768632830361265,0.022732496186874639,9,0.27407407407407408,4.9000000000000004,0,0.50760005590338708,4,0.25,0,True,sha256:628773e80b10bbde38aca9147c76eab8a4056181f15b1f1435cce2e57f02b4ca,628773e80b10bbde38aca9147c76eab8a4056181f15b1f1435cce2e57f02b4ca,seed16_solution006,5,6
jpetstore,16,stage3,COUPLING,P2,descriptive preference sensitivity,results/stage3/subjects/jpetstore/declaration_method_body/formal/seed_16/projected_front_3d.csv,seed16_solution002,0.43705532693187044,0.43768632830361265,0.0014416748500869366,9,0.25185185185185183,4.9690476190476192,0.16666666666666666,0.46566906033572097,4,0.29166666666666669,0,True,sha256:3ce73352371a0a4b7443dc704930493c4380e5ea851f2c96470bf0cac41b5ed9,3ce73352371a0a4b7443dc704930493c4380e5ea851f2c96470bf0cac41b5ed9,seed16_solution002,2,2
jpetstore,16,stage3,COHESION,P3,descriptive preference sensitivity,results/stage3/subjects/jpetstore/declaration_method_body/formal/seed_16/projected_front_3d.csv,seed16_solution036,0.41714067977442482,0.43768632830361265,0.04694149028784788,9,0.34814814814814815,9.4428571428571431,0.40397332145136078,0.59125562530075881,5,0.29166666666666669,0,True,sha256:1253b83caedc2e1b73438f75ccb8f51198a1d01309c102bb0909b6664c9c2cfc,1253b83caedc2e1b73438f75ccb8f51198a1d01309c102bb0909b6664c9c2cfc,seed16_solution036,17,36
jpetstore,16,stage3,SEMANTIC,P4,descriptive preference sensitivity,results/stage3/subjects/jpetstore/declaration_method_body/formal/seed_16/projected_front_3d.csv,seed16_solution002,0.43705532693187044,0.43768632830361265,0.0014416748500869366,9,0.25185185185185183,4.9690476190476192,0.16666666666666666,0.46566906033572097,4,0.29166666666666669,0,True,sha256:3ce73352371a0a4b7443dc704930493c4380e5ea851f2c96470bf0cac41b5ed9,3ce73352371a0a4b7443dc704930493c4380e5ea851f2c96470bf0cac41b5ed9,seed16_solution002,2,2
jpetstore,17,stage2,MODULARITY_ANCHOR,P0,historical/reference modularity anchor,results/stage2/subjects/jpetstore/nsga/robustness_final_30seeds/seed_17/pareto_front.csv,seed17_solution000,0.44206980643194654,0.44206980643194654,0,15,0.25185185185185183,5.477380952380952,0.20412414523193148,0.51226006853751849,4,0.29166666666666669,0,True,sha256:fb765e8bdcb1ad97ccc0d6ae6778cb5b82190abfc26f6da0736d7b85688a5871,fb765e8bdcb1ad97ccc0d6ae6778cb5b82190abfc26f6da0736d7b85688a5871,seed17_solution000,0,
jpetstore,17,stage2,BALANCE,P1,primary reporting profile,results/stage2/subjects/jpetstore/nsga/robustness_final_30seeds/seed_17/pareto_front.csv,seed17_solution002,0.43669257735101386,0.44206980643194654,0.012163755594017195,15,0.25185185185185183,4.9083333333333332,0.11785113019775793,0.48699955575999887,4,0.29166666666666669,0,True,sha256:278ab87281919938d42c4d36f2b2c4e806f0741a1200b6f1fc5a437de622c9e1,278ab87281919938d42c4d36f2b2c4e806f0741a1200b6f1fc5a437de622c9e1,seed17_solution002,2,
jpetstore,17,stage2,COUPLING,P2,descriptive preference sensitivity,results/stage2/subjects/jpetstore/nsga/robustness_final_30seeds/seed_17/pareto_front.csv,seed17_solution000,0.44206980643194654,0.44206980643194654,0,15,0.25185185185185183,5.477380952380952,0.20412414523193148,0.51226006853751849,4,0.29166666666666669,0,True,sha256:fb765e8bdcb1ad97ccc0d6ae6778cb5b82190abfc26f6da0736d7b85688a5871,fb765e8bdcb1ad97ccc0d6ae6778cb5b82190abfc26f6da0736d7b85688a5871,seed17_solution000,0,
jpetstore,17,stage2,COHESION,P3,descriptive preference sensitivity,results/stage2/subjects/jpetstore/nsga/robustness_final_30seeds/seed_17/pareto_front.csv,seed17_solution017,0.43335771985977772,0.44206980643194654,0.019707490639286587,15,0.31851851851851853,9.6604761904761904,0.44487826050130463,0.53039242167422207,5,0.33333333333333331,0,True,sha256:49c7b661de35cdc337ac772a6b72a33bdd29798048a70bcb743449e68a19fe60,49c7b661de35cdc337ac772a6b72a33bdd29798048a70bcb743449e68a19fe60,seed17_solution017,17,
jpetstore,17,stage2,SEMANTIC,P4,descriptive preference sensitivity,results/stage2/subjects/jpetstore/nsga/robustness_final_30seeds/seed_17/pareto_front.csv,seed17_solution001,0.43705532693187044,0.44206980643194654,0.01134318478013506,15,0.25185185185185183,4.9690476190476192,0.16666666666666666,0.46566906033572097,4,0.29166666666666669,0,True,sha256:3ce73352371a0a4b7443dc704930493c4380e5ea851f2c96470bf0cac41b5ed9,3ce73352371a0a4b7443dc704930493c4380e5ea851f2c96470bf0cac41b5ed9,seed17_solution001,1,
jpetstore,17,stage3,MODULARITY_ANCHOR,P0,historical/reference modularity anchor,results/stage3/subjects/jpetstore/declaration_method_body/formal/seed_17/projected_front_3d.csv,seed17_solution000,0.44206980643194654,0.44206980643194654,0,5,0.25185185185185183,5.477380952380952,0.20412414523193148,0.51226006853751849,4,0.29166666666666669,0,True,sha256:fb765e8bdcb1ad97ccc0d6ae6778cb5b82190abfc26f6da0736d7b85688a5871,fb765e8bdcb1ad97ccc0d6ae6778cb5b82190abfc26f6da0736d7b85688a5871,seed17_solution000,0,0
jpetstore,17,stage3,BALANCE,P1,primary reporting profile,results/stage3/subjects/jpetstore/declaration_method_body/formal/seed_17/projected_front_3d.csv,seed17_solution001,0.43705532693187044,0.44206980643194654,0.01134318478013506,5,0.25185185185185183,4.9690476190476192,0.16666666666666666,0.46566906033572097,4,0.29166666666666669,0,True,sha256:3ce73352371a0a4b7443dc704930493c4380e5ea851f2c96470bf0cac41b5ed9,3ce73352371a0a4b7443dc704930493c4380e5ea851f2c96470bf0cac41b5ed9,seed17_solution001,1,1
jpetstore,17,stage3,COUPLING,P2,descriptive preference sensitivity,results/stage3/subjects/jpetstore/declaration_method_body/formal/seed_17/projected_front_3d.csv,seed17_solution000,0.44206980643194654,0.44206980643194654,0,5,0.25185185185185183,5.477380952380952,0.20412414523193148,0.51226006853751849,4,0.29166666666666669,0,True,sha256:fb765e8bdcb1ad97ccc0d6ae6778cb5b82190abfc26f6da0736d7b85688a5871,fb765e8bdcb1ad97ccc0d6ae6778cb5b82190abfc26f6da0736d7b85688a5871,seed17_solution000,0,0
jpetstore,17,stage3,COHESION,P3,descriptive preference sensitivity,results/stage3/subjects/jpetstore/declaration_method_body/formal/seed_17/projected_front_3d.csv,seed17_solution012,0.43551592745008399,0.44206980643194654,0.014825439074341014,5,0.31604938271604938,8.7152380952380959,0.35843021946010944,0.53053876570094427,5,0.29166666666666669,0,True,sha256:8f92c2d9d633221daf99da5eb29f9333ec5d64e9d2c3ff862447061d42fe542a,8f92c2d9d633221daf99da5eb29f9333ec5d64e9d2c3ff862447061d42fe542a,seed17_solution012,6,12
jpetstore,17,stage3,SEMANTIC,P4,descriptive preference sensitivity,results/stage3/subjects/jpetstore/declaration_method_body/formal/seed_17/projected_front_3d.csv,seed17_solution001,0.43705532693187044,0.44206980643194654,0.01134318478013506,5,0.25185185185185183,4.9690476190476192,0.16666666666666666,0.46566906033572097,4,0.29166666666666669,0,True,sha256:3ce73352371a0a4b7443dc704930493c4380e5ea851f2c96470bf0cac41b5ed9,3ce73352371a0a4b7443dc704930493c4380e5ea851f2c96470bf0cac41b5ed9,seed17_solution001,1,1
jpetstore,18,stage2,MODULARITY_ANCHOR,P0,historical/reference modularity anchor,results/stage2/subjects/jpetstore/nsga/robustness_final_30seeds/seed_18/pareto_front.csv,seed18_solution000,0.44206980643194654,0.44206980643194654,0,23,0.25185185185185183,5.477380952380952,0.20412414523193148,0.51226006853751849,4,0.29166666666666669,0,True,sha256:fb765e8bdcb1ad97ccc0d6ae6778cb5b82190abfc26f6da0736d7b85688a5871,fb765e8bdcb1ad97ccc0d6ae6778cb5b82190abfc26f6da0736d7b85688a5871,seed18_solution000,0,
jpetstore,18,stage2,BALANCE,P1,primary reporting profile,results/stage2/subjects/jpetstore/nsga/robustness_final_30seeds/seed_18/pareto_front.csv,seed18_solution007,0.42773662551440361,0.44206980643194654,0.032422890477930483,23,0.27407407407407408,4.9000000000000004,0,0.50760005590338708,4,0.25,0,True,sha256:628773e80b10bbde38aca9147c76eab8a4056181f15b1f1435cce2e57f02b4ca,628773e80b10bbde38aca9147c76eab8a4056181f15b1f1435cce2e57f02b4ca,seed18_solution007,7,
jpetstore,18,stage2,COUPLING,P2,descriptive preference sensitivity,results/stage2/subjects/jpetstore/nsga/robustness_final_30seeds/seed_18/pareto_front.csv,seed18_solution000,0.44206980643194654,0.44206980643194654,0,23,0.25185185185185183,5.477380952380952,0.20412414523193148,0.51226006853751849,4,0.29166666666666669,0,True,sha256:fb765e8bdcb1ad97ccc0d6ae6778cb5b82190abfc26f6da0736d7b85688a5871,fb765e8bdcb1ad97ccc0d6ae6778cb5b82190abfc26f6da0736d7b85688a5871,seed18_solution000,0,
jpetstore,18,stage2,COHESION,P3,descriptive preference sensitivity,results/stage2/subjects/jpetstore/nsga/robustness_final_30seeds/seed_18/pareto_front.csv,seed18_solution020,0.43335771985977772,0.44206980643194654,0.019707490639286587,23,0.31851851851851853,9.6604761904761904,0.44487826050130463,0.53039242167422207,5,0.33333333333333331,0,True,sha256:49c7b661de35cdc337ac772a6b72a33bdd29798048a70bcb743449e68a19fe60,49c7b661de35cdc337ac772a6b72a33bdd29798048a70bcb743449e68a19fe60,seed18_solution020,20,
jpetstore,18,stage2,SEMANTIC,P4,descriptive preference sensitivity,results/stage2/subjects/jpetstore/nsga/robustness_final_30seeds/seed_18/pareto_front.csv,seed18_solution001,0.43705532693187044,0.44206980643194654,0.01134318478013506,23,0.25185185185185183,4.9690476190476192,0.16666666666666666,0.46566906033572097,4,0.29166666666666669,0,True,sha256:3ce73352371a0a4b7443dc704930493c4380e5ea851f2c96470bf0cac41b5ed9,3ce73352371a0a4b7443dc704930493c4380e5ea851f2c96470bf0cac41b5ed9,seed18_solution001,1,
jpetstore,18,stage3,MODULARITY_ANCHOR,P0,historical/reference modularity anchor,results/stage3/subjects/jpetstore/declaration_method_body/formal/seed_18/projected_front_3d.csv,seed18_solution000,0.44206980643194654,0.44206980643194654,0,5,0.25185185185185183,5.477380952380952,0.20412414523193148,0.51226006853751849,4,0.29166666666666669,0,True,sha256:fb765e8bdcb1ad97ccc0d6ae6778cb5b82190abfc26f6da0736d7b85688a5871,fb765e8bdcb1ad97ccc0d6ae6778cb5b82190abfc26f6da0736d7b85688a5871,seed18_solution000,0,0
jpetstore,18,stage3,BALANCE,P1,primary reporting profile,results/stage3/subjects/jpetstore/declaration_method_body/formal/seed_18/projected_front_3d.csv,seed18_solution000,0.44206980643194654,0.44206980643194654,0,5,0.25185185185185183,5.477380952380952,0.20412414523193148,0.51226006853751849,4,0.29166666666666669,0,True,sha256:fb765e8bdcb1ad97ccc0d6ae6778cb5b82190abfc26f6da0736d7b85688a5871,fb765e8bdcb1ad97ccc0d6ae6778cb5b82190abfc26f6da0736d7b85688a5871,seed18_solution000,0,0
jpetstore,18,stage3,COUPLING,P2,descriptive preference sensitivity,results/stage3/subjects/jpetstore/declaration_method_body/formal/seed_18/projected_front_3d.csv,seed18_solution000,0.44206980643194654,0.44206980643194654,0,5,0.25185185185185183,5.477380952380952,0.20412414523193148,0.51226006853751849,4,0.29166666666666669,0,True,sha256:fb765e8bdcb1ad97ccc0d6ae6778cb5b82190abfc26f6da0736d7b85688a5871,fb765e8bdcb1ad97ccc0d6ae6778cb5b82190abfc26f6da0736d7b85688a5871,seed18_solution000,0,0
jpetstore,18,stage3,COHESION,P3,descriptive preference sensitivity,results/stage3/subjects/jpetstore/declaration_method_body/formal/seed_18/projected_front_3d.csv,seed18_solution014,0.42335924401768044,0.44206980643194654,0.042324904668978931,5,0.32592592592592595,9.5809523809523807,0.4249182927993988,0.52970374672176435,5,0.29166666666666669,0,True,sha256:9b7fc38ded60c0cd6962eefcc0e5f3b6a78d0d252e240e40e990c28eb2ca3f31,9b7fc38ded60c0cd6962eefcc0e5f3b6a78d0d252e240e40e990c28eb2ca3f31,seed18_solution014,6,14
jpetstore,18,stage3,SEMANTIC,P4,descriptive preference sensitivity,results/stage3/subjects/jpetstore/declaration_method_body/formal/seed_18/projected_front_3d.csv,seed18_solution003,0.4251699436061579,0.44206980643194654,0.038228946152625919,5,0.26913580246913582,5.5767857142857142,0.26352313834736496,0.49227830589609012,4,0.33333333333333331,0,True,sha256:ebd2fb14ee27969aac07c972c8261940232f7c01629690a26f8cd110203b6df7,ebd2fb14ee27969aac07c972c8261940232f7c01629690a26f8cd110203b6df7,seed18_solution003,2,3
jpetstore,19,stage2,MODULARITY_ANCHOR,P0,historical/reference modularity anchor,results/stage2/subjects/jpetstore/nsga/robustness_final_30seeds/seed_19/pareto_front.csv,seed19_solution000,0.44206980643194654,0.44206980643194654,0,18,0.25185185185185183,5.477380952380952,0.20412414523193148,0.51226006853751849,4,0.29166666666666669,0,True,sha256:fb765e8bdcb1ad97ccc0d6ae6778cb5b82190abfc26f6da0736d7b85688a5871,fb765e8bdcb1ad97ccc0d6ae6778cb5b82190abfc26f6da0736d7b85688a5871,seed19_solution000,0,
jpetstore,19,stage2,BALANCE,P1,primary reporting profile,results/stage2/subjects/jpetstore/nsga/robustness_final_30seeds/seed_19/pareto_front.csv,seed19_solution008,0.43411979881115709,0.44206980643194654,0.017983602374828336,18,0.27407407407407408,4.8999999999999995,0,0.55731731063187895,4,0.25,0,True,sha256:01d75268f32b26b2c2a12a087ea745de3816f2c74cff15b879a7b57ea511196f,01d75268f32b26b2c2a12a087ea745de3816f2c74cff15b879a7b57ea511196f,seed19_solution008,8,
jpetstore,19,stage2,COUPLING,P2,descriptive preference sensitivity,results/stage2/subjects/jpetstore/nsga/robustness_final_30seeds/seed_19/pareto_front.csv,seed19_solution000,0.44206980643194654,0.44206980643194654,0,18,0.25185185185185183,5.477380952380952,0.20412414523193148,0.51226006853751849,4,0.29166666666666669,0,True,sha256:fb765e8bdcb1ad97ccc0d6ae6778cb5b82190abfc26f6da0736d7b85688a5871,fb765e8bdcb1ad97ccc0d6ae6778cb5b82190abfc26f6da0736d7b85688a5871,seed19_solution000,0,
jpetstore,19,stage2,COHESION,P3,descriptive preference sensitivity,results/stage2/subjects/jpetstore/nsga/robustness_final_30seeds/seed_19/pareto_front.csv,seed19_solution021,0.42335924401768044,0.44206980643194654,0.042324904668978931,18,0.32592592592592595,9.5809523809523807,0.4249182927993988,0.52970374672176435,5,0.29166666666666669,0,True,sha256:9b7fc38ded60c0cd6962eefcc0e5f3b6a78d0d252e240e40e990c28eb2ca3f31,9b7fc38ded60c0cd6962eefcc0e5f3b6a78d0d252e240e40e990c28eb2ca3f31,seed19_solution021,21,
jpetstore,19,stage2,SEMANTIC,P4,descriptive preference sensitivity,results/stage2/subjects/jpetstore/nsga/robustness_final_30seeds/seed_19/pareto_front.csv,seed19_solution006,0.42228623685413846,0.44206980643194654,0.044752139345335763,18,0.27160493827160492,6.7791666666666659,0.37267799624996495,0.49213196186936792,4,0.375,0,True,sha256:3b8f912ef64eb5d52b63f658fc55d9e8af28bcf2642e381de30f827b976181f2,3b8f912ef64eb5d52b63f658fc55d9e8af28bcf2642e381de30f827b976181f2,seed19_solution006,6,
jpetstore,19,stage3,MODULARITY_ANCHOR,P0,historical/reference modularity anchor,results/stage3/subjects/jpetstore/declaration_method_body/formal/seed_19/projected_front_3d.csv,seed19_solution002,0.43991159884164033,0.43991159884164033,0,9,0.25432098765432098,6.6589285714285706,0.31180478223116176,0.51211372451079618,4,0.33333333333333331,0,True,sha256:b6a105b3d71729dfcdd26abd9bcb0ce203205cb350d61c3f8e300d5aa352106e,b6a105b3d71729dfcdd26abd9bcb0ce203205cb350d61c3f8e300d5aa352106e,seed19_solution002,2,2
jpetstore,19,stage3,BALANCE,P1,primary reporting profile,results/stage3/subjects/jpetstore/declaration_method_body/formal/seed_19/projected_front_3d.csv,seed19_solution007,0.43652796829751594,0.43991159884164033,0.0076916147540415829,9,0.27407407407407408,5.2190476190476192,0.11785113019775793,0.5328605686809067,4,0.29166666666666669,0,True,sha256:ada518a50b1f65c165a17265fa36a66d307b36b154fa4399baa6db5aa035faf5,ada518a50b1f65c165a17265fa36a66d307b36b154fa4399baa6db5aa035faf5,seed19_solution007,5,7
jpetstore,19,stage3,COUPLING,P2,descriptive preference sensitivity,results/stage3/subjects/jpetstore/declaration_method_body/formal/seed_19/projected_front_3d.csv,seed19_solution001,0.43705532693187044,0.43991159884164033,0.0064928315536369715,9,0.25185185185185183,4.9690476190476192,0.16666666666666666,0.46566906033572097,4,0.29166666666666669,0,True,sha256:3ce73352371a0a4b7443dc704930493c4380e5ea851f2c96470bf0cac41b5ed9,3ce73352371a0a4b7443dc704930493c4380e5ea851f2c96470bf0cac41b5ed9,seed19_solution001,1,1
jpetstore,19,stage3,COHESION,P3,descriptive preference sensitivity,results/stage3/subjects/jpetstore/declaration_method_body/formal/seed_19/projected_front_3d.csv,seed19_solution017,0.43335771985977772,0.43991159884164033,0.014898172721792393,9,0.31851851851851853,9.6604761904761904,0.44487826050130463,0.53039242167422207,5,0.33333333333333331,0,True,sha256:49c7b661de35cdc337ac772a6b72a33bdd29798048a70bcb743449e68a19fe60,49c7b661de35cdc337ac772a6b72a33bdd29798048a70bcb743449e68a19fe60,seed19_solution017,10,17
jpetstore,19,stage3,SEMANTIC,P4,descriptive preference sensitivity,results/stage3/subjects/jpetstore/declaration_method_body/formal/seed_19/projected_front_3d.csv,seed19_solution001,0.43705532693187044,0.43991159884164033,0.0064928315536369715,9,0.25185185185185183,4.9690476190476192,0.16666666666666666,0.46566906033572097,4,0.29166666666666669,0,True,sha256:3ce73352371a0a4b7443dc704930493c4380e5ea851f2c96470bf0cac41b5ed9,3ce73352371a0a4b7443dc704930493c4380e5ea851f2c96470bf0cac41b5ed9,seed19_solution001,1,1
jpetstore,20,stage2,MODULARITY_ANCHOR,P0,historical/reference modularity anchor,results/stage2/subjects/jpetstore/nsga/robustness_final_30seeds/seed_20/pareto_front.csv,seed20_solution000,0.44206980643194654,0.44206980643194654,0,14,0.25185185185185183,5.477380952380952,0.20412414523193148,0.51226006853751849,4,0.29166666666666669,0,True,sha256:fb765e8bdcb1ad97ccc0d6ae6778cb5b82190abfc26f6da0736d7b85688a5871,fb765e8bdcb1ad97ccc0d6ae6778cb5b82190abfc26f6da0736d7b85688a5871,seed20_solution000,0,
jpetstore,20,stage2,BALANCE,P1,primary reporting profile,results/stage2/subjects/jpetstore/nsga/robustness_final_30seeds/seed_20/pareto_front.csv,seed20_solution002,0.43669257735101386,0.44206980643194654,0.012163755594017195,14,0.25185185185185183,4.9083333333333332,0.11785113019775793,0.48699955575999887,4,0.29166666666666669,0,True,sha256:278ab87281919938d42c4d36f2b2c4e806f0741a1200b6f1fc5a437de622c9e1,278ab87281919938d42c4d36f2b2c4e806f0741a1200b6f1fc5a437de622c9e1,seed20_solution002,2,
jpetstore,20,stage2,COUPLING,P2,descriptive preference sensitivity,results/stage2/subjects/jpetstore/nsga/robustness_final_30seeds/seed_20/pareto_front.csv,seed20_solution000,0.44206980643194654,0.44206980643194654,0,14,0.25185185185185183,5.477380952380952,0.20412414523193148,0.51226006853751849,4,0.29166666666666669,0,True,sha256:fb765e8bdcb1ad97ccc0d6ae6778cb5b82190abfc26f6da0736d7b85688a5871,fb765e8bdcb1ad97ccc0d6ae6778cb5b82190abfc26f6da0736d7b85688a5871,seed20_solution000,0,
jpetstore,20,stage2,COHESION,P3,descriptive preference sensitivity,results/stage2/subjects/jpetstore/nsga/robustness_final_30seeds/seed_20/pareto_front.csv,seed20_solution020,0.43335771985977772,0.44206980643194654,0.019707490639286587,14,0.31851851851851853,9.6604761904761904,0.44487826050130463,0.53039242167422207,5,0.33333333333333331,0,True,sha256:49c7b661de35cdc337ac772a6b72a33bdd29798048a70bcb743449e68a19fe60,49c7b661de35cdc337ac772a6b72a33bdd29798048a70bcb743449e68a19fe60,seed20_solution020,20,
jpetstore,20,stage2,SEMANTIC,P4,descriptive preference sensitivity,results/stage2/subjects/jpetstore/nsga/robustness_final_30seeds/seed_20/pareto_front.csv,seed20_solution001,0.43705532693187044,0.44206980643194654,0.01134318478013506,14,0.25185185185185183,4.9690476190476192,0.16666666666666666,0.46566906033572097,4,0.29166666666666669,0,True,sha256:3ce73352371a0a4b7443dc704930493c4380e5ea851f2c96470bf0cac41b5ed9,3ce73352371a0a4b7443dc704930493c4380e5ea851f2c96470bf0cac41b5ed9,seed20_solution001,1,
jpetstore,20,stage3,MODULARITY_ANCHOR,P0,historical/reference modularity anchor,results/stage3/subjects/jpetstore/declaration_method_body/formal/seed_20/projected_front_3d.csv,seed20_solution000,0.44206980643194654,0.44206980643194654,0,8,0.25185185185185183,5.477380952380952,0.20412414523193148,0.51226006853751849,4,0.29166666666666669,0,True,sha256:fb765e8bdcb1ad97ccc0d6ae6778cb5b82190abfc26f6da0736d7b85688a5871,fb765e8bdcb1ad97ccc0d6ae6778cb5b82190abfc26f6da0736d7b85688a5871,seed20_solution000,0,0
jpetstore,20,stage3,BALANCE,P1,primary reporting profile,results/stage3/subjects/jpetstore/declaration_method_body/formal/seed_20/projected_front_3d.csv,seed20_solution002,0.44063709800335327,0.44206980643194654,0.0032409099371816788,8,0.25185185185185183,4.8166666666666664,0.11785113019775793,0.53671681048849074,4,0.29166666666666669,0,True,sha256:4bffb0d415dbb0e58b54d083733ce035fd28d59f4b5388109d091caa60251051,4bffb0d415dbb0e58b54d083733ce035fd28d59f4b5388109d091caa60251051,seed20_solution002,2,2
jpetstore,20,stage3,COUPLING,P2,descriptive preference sensitivity,results/stage3/subjects/jpetstore/declaration_method_body/formal/seed_20/projected_front_3d.csv,seed20_solution000,0.44206980643194654,0.44206980643194654,0,8,0.25185185185185183,5.477380952380952,0.20412414523193148,0.51226006853751849,4,0.29166666666666669,0,True,sha256:fb765e8bdcb1ad97ccc0d6ae6778cb5b82190abfc26f6da0736d7b85688a5871,fb765e8bdcb1ad97ccc0d6ae6778cb5b82190abfc26f6da0736d7b85688a5871,seed20_solution000,0,0
jpetstore,20,stage3,COHESION,P3,descriptive preference sensitivity,results/stage3/subjects/jpetstore/declaration_method_body/formal/seed_20/projected_front_3d.csv,seed20_solution013,0.43335771985977772,0.44206980643194654,0.019707490639286587,8,0.31851851851851853,9.6604761904761904,0.44487826050130463,0.53039242167422207,5,0.33333333333333331,0,True,sha256:49c7b661de35cdc337ac772a6b72a33bdd29798048a70bcb743449e68a19fe60,49c7b661de35cdc337ac772a6b72a33bdd29798048a70bcb743449e68a19fe60,seed20_solution013,9,13
jpetstore,20,stage3,SEMANTIC,P4,descriptive preference sensitivity,results/stage3/subjects/jpetstore/declaration_method_body/formal/seed_20/projected_front_3d.csv,seed20_solution001,0.43705532693187044,0.44206980643194654,0.01134318478013506,8,0.25185185185185183,4.9690476190476192,0.16666666666666666,0.46566906033572097,4,0.29166666666666669,0,True,sha256:3ce73352371a0a4b7443dc704930493c4380e5ea851f2c96470bf0cac41b5ed9,3ce73352371a0a4b7443dc704930493c4380e5ea851f2c96470bf0cac41b5ed9,seed20_solution001,1,1
jpetstore,21,stage2,MODULARITY_ANCHOR,P0,historical/reference modularity anchor,results/stage2/subjects/jpetstore/nsga/robustness_final_30seeds/seed_21/pareto_front.csv,seed21_solution000,0.44206980643194654,0.44206980643194654,0,24,0.25185185185185183,5.477380952380952,0.20412414523193148,0.51226006853751849,4,0.29166666666666669,0,True,sha256:fb765e8bdcb1ad97ccc0d6ae6778cb5b82190abfc26f6da0736d7b85688a5871,fb765e8bdcb1ad97ccc0d6ae6778cb5b82190abfc26f6da0736d7b85688a5871,seed21_solution000,0,
jpetstore,21,stage2,BALANCE,P1,primary reporting profile,results/stage2/subjects/jpetstore/nsga/robustness_final_30seeds/seed_21/pareto_front.csv,seed21_solution008,0.42773662551440361,0.44206980643194654,0.032422890477930483,24,0.27407407407407408,4.9000000000000004,0,0.50760005590338708,4,0.25,0,True,sha256:628773e80b10bbde38aca9147c76eab8a4056181f15b1f1435cce2e57f02b4ca,628773e80b10bbde38aca9147c76eab8a4056181f15b1f1435cce2e57f02b4ca,seed21_solution008,8,
jpetstore,21,stage2,COUPLING,P2,descriptive preference sensitivity,results/stage2/subjects/jpetstore/nsga/robustness_final_30seeds/seed_21/pareto_front.csv,seed21_solution000,0.44206980643194654,0.44206980643194654,0,24,0.25185185185185183,5.477380952380952,0.20412414523193148,0.51226006853751849,4,0.29166666666666669,0,True,sha256:fb765e8bdcb1ad97ccc0d6ae6778cb5b82190abfc26f6da0736d7b85688a5871,fb765e8bdcb1ad97ccc0d6ae6778cb5b82190abfc26f6da0736d7b85688a5871,seed21_solution000,0,
jpetstore,21,stage2,COHESION,P3,descriptive preference sensitivity,results/stage2/subjects/jpetstore/nsga/robustness_final_30seeds/seed_21/pareto_front.csv,seed21_solution021,0.43335771985977772,0.44206980643194654,0.019707490639286587,24,0.31851851851851853,9.6604761904761904,0.44487826050130463,0.53039242167422207,5,0.33333333333333331,0,True,sha256:49c7b661de35cdc337ac772a6b72a33bdd29798048a70bcb743449e68a19fe60,49c7b661de35cdc337ac772a6b72a33bdd29798048a70bcb743449e68a19fe60,seed21_solution021,21,
jpetstore,21,stage2,SEMANTIC,P4,descriptive preference sensitivity,results/stage2/subjects/jpetstore/nsga/robustness_final_30seeds/seed_21/pareto_front.csv,seed21_solution001,0.43705532693187044,0.44206980643194654,0.01134318478013506,24,0.25185185185185183,4.9690476190476192,0.16666666666666666,0.46566906033572097,4,0.29166666666666669,0,True,sha256:3ce73352371a0a4b7443dc704930493c4380e5ea851f2c96470bf0cac41b5ed9,3ce73352371a0a4b7443dc704930493c4380e5ea851f2c96470bf0cac41b5ed9,seed21_solution001,1,
jpetstore,21,stage3,MODULARITY_ANCHOR,P0,historical/reference modularity anchor,results/stage3/subjects/jpetstore/declaration_method_body/formal/seed_21/projected_front_3d.csv,seed21_solution000,0.44206980643194654,0.44206980643194654,0,7,0.25185185185185183,5.477380952380952,0.20412414523193148,0.51226006853751849,4,0.29166666666666669,0,True,sha256:fb765e8bdcb1ad97ccc0d6ae6778cb5b82190abfc26f6da0736d7b85688a5871,fb765e8bdcb1ad97ccc0d6ae6778cb5b82190abfc26f6da0736d7b85688a5871,seed21_solution000,0,0
jpetstore,21,stage3,BALANCE,P1,primary reporting profile,results/stage3/subjects/jpetstore/declaration_method_body/formal/seed_21/projected_front_3d.csv,seed21_solution004,0.43411979881115709,0.44206980643194654,0.017983602374828336,7,0.27407407407407408,4.8999999999999995,0,0.55731731063187895,4,0.25,0,True,sha256:01d75268f32b26b2c2a12a087ea745de3816f2c74cff15b879a7b57ea511196f,01d75268f32b26b2c2a12a087ea745de3816f2c74cff15b879a7b57ea511196f,seed21_solution004,3,4
jpetstore,21,stage3,COUPLING,P2,descriptive preference sensitivity,results/stage3/subjects/jpetstore/declaration_method_body/formal/seed_21/projected_front_3d.csv,seed21_solution000,0.44206980643194654,0.44206980643194654,0,7,0.25185185185185183,5.477380952380952,0.20412414523193148,0.51226006853751849,4,0.29166666666666669,0,True,sha256:fb765e8bdcb1ad97ccc0d6ae6778cb5b82190abfc26f6da0736d7b85688a5871,fb765e8bdcb1ad97ccc0d6ae6778cb5b82190abfc26f6da0736d7b85688a5871,seed21_solution000,0,0
jpetstore,21,stage3,COHESION,P3,descriptive preference sensitivity,results/stage3/subjects/jpetstore/declaration_method_body/formal/seed_21/projected_front_3d.csv,seed21_solution016,0.43335771985977772,0.44206980643194654,0.019707490639286587,7,0.31851851851851853,9.6604761904761904,0.44487826050130463,0.53039242167422207,5,0.33333333333333331,0,True,sha256:49c7b661de35cdc337ac772a6b72a33bdd29798048a70bcb743449e68a19fe60,49c7b661de35cdc337ac772a6b72a33bdd29798048a70bcb743449e68a19fe60,seed21_solution016,9,16
jpetstore,21,stage3,SEMANTIC,P4,descriptive preference sensitivity,results/stage3/subjects/jpetstore/declaration_method_body/formal/seed_21/projected_front_3d.csv,seed21_solution003,0.4251699436061579,0.44206980643194654,0.038228946152625919,7,0.26913580246913582,5.5767857142857142,0.26352313834736496,0.49227830589609012,4,0.33333333333333331,0,True,sha256:ebd2fb14ee27969aac07c972c8261940232f7c01629690a26f8cd110203b6df7,ebd2fb14ee27969aac07c972c8261940232f7c01629690a26f8cd110203b6df7,seed21_solution003,2,3
jpetstore,22,stage2,MODULARITY_ANCHOR,P0,historical/reference modularity anchor,results/stage2/subjects/jpetstore/nsga/robustness_final_30seeds/seed_22/pareto_front.csv,seed22_solution000,0.44206980643194654,0.44206980643194654,0,25,0.25185185185185183,5.477380952380952,0.20412414523193148,0.51226006853751849,4,0.29166666666666669,0,True,sha256:fb765e8bdcb1ad97ccc0d6ae6778cb5b82190abfc26f6da0736d7b85688a5871,fb765e8bdcb1ad97ccc0d6ae6778cb5b82190abfc26f6da0736d7b85688a5871,seed22_solution000,0,
jpetstore,22,stage2,BALANCE,P1,primary reporting profile,results/stage2/subjects/jpetstore/nsga/robustness_final_30seeds/seed_22/pareto_front.csv,seed22_solution009,0.42773662551440361,0.44206980643194654,0.032422890477930483,25,0.27407407407407408,4.9000000000000004,0,0.50760005590338708,4,0.25,0,True,sha256:628773e80b10bbde38aca9147c76eab8a4056181f15b1f1435cce2e57f02b4ca,628773e80b10bbde38aca9147c76eab8a4056181f15b1f1435cce2e57f02b4ca,seed22_solution009,9,
jpetstore,22,stage2,COUPLING,P2,descriptive preference sensitivity,results/stage2/subjects/jpetstore/nsga/robustness_final_30seeds/seed_22/pareto_front.csv,seed22_solution000,0.44206980643194654,0.44206980643194654,0,25,0.25185185185185183,5.477380952380952,0.20412414523193148,0.51226006853751849,4,0.29166666666666669,0,True,sha256:fb765e8bdcb1ad97ccc0d6ae6778cb5b82190abfc26f6da0736d7b85688a5871,fb765e8bdcb1ad97ccc0d6ae6778cb5b82190abfc26f6da0736d7b85688a5871,seed22_solution000,0,
jpetstore,22,stage2,COHESION,P3,descriptive preference sensitivity,results/stage2/subjects/jpetstore/nsga/robustness_final_30seeds/seed_22/pareto_front.csv,seed22_solution023,0.43335771985977772,0.44206980643194654,0.019707490639286587,25,0.31851851851851853,9.6604761904761904,0.44487826050130463,0.53039242167422207,5,0.33333333333333331,0,True,sha256:49c7b661de35cdc337ac772a6b72a33bdd29798048a70bcb743449e68a19fe60,49c7b661de35cdc337ac772a6b72a33bdd29798048a70bcb743449e68a19fe60,seed22_solution023,23,
jpetstore,22,stage2,SEMANTIC,P4,descriptive preference sensitivity,results/stage2/subjects/jpetstore/nsga/robustness_final_30seeds/seed_22/pareto_front.csv,seed22_solution001,0.43705532693187044,0.44206980643194654,0.01134318478013506,25,0.25185185185185183,4.9690476190476192,0.16666666666666666,0.46566906033572097,4,0.29166666666666669,0,True,sha256:3ce73352371a0a4b7443dc704930493c4380e5ea851f2c96470bf0cac41b5ed9,3ce73352371a0a4b7443dc704930493c4380e5ea851f2c96470bf0cac41b5ed9,seed22_solution001,1,
jpetstore,22,stage3,MODULARITY_ANCHOR,P0,historical/reference modularity anchor,results/stage3/subjects/jpetstore/declaration_method_body/formal/seed_22/projected_front_3d.csv,seed22_solution000,0.44206980643194654,0.44206980643194654,0,5,0.25185185185185183,5.477380952380952,0.20412414523193148,0.51226006853751849,4,0.29166666666666669,0,True,sha256:fb765e8bdcb1ad97ccc0d6ae6778cb5b82190abfc26f6da0736d7b85688a5871,fb765e8bdcb1ad97ccc0d6ae6778cb5b82190abfc26f6da0736d7b85688a5871,seed22_solution000,0,0
jpetstore,22,stage3,BALANCE,P1,primary reporting profile,results/stage3/subjects/jpetstore/declaration_method_body/formal/seed_22/projected_front_3d.csv,seed22_solution000,0.44206980643194654,0.44206980643194654,0,5,0.25185185185185183,5.477380952380952,0.20412414523193148,0.51226006853751849,4,0.29166666666666669,0,True,sha256:fb765e8bdcb1ad97ccc0d6ae6778cb5b82190abfc26f6da0736d7b85688a5871,fb765e8bdcb1ad97ccc0d6ae6778cb5b82190abfc26f6da0736d7b85688a5871,seed22_solution000,0,0
jpetstore,22,stage3,COUPLING,P2,descriptive preference sensitivity,results/stage3/subjects/jpetstore/declaration_method_body/formal/seed_22/projected_front_3d.csv,seed22_solution000,0.44206980643194654,0.44206980643194654,0,5,0.25185185185185183,5.477380952380952,0.20412414523193148,0.51226006853751849,4,0.29166666666666669,0,True,sha256:fb765e8bdcb1ad97ccc0d6ae6778cb5b82190abfc26f6da0736d7b85688a5871,fb765e8bdcb1ad97ccc0d6ae6778cb5b82190abfc26f6da0736d7b85688a5871,seed22_solution000,0,0
jpetstore,22,stage3,COHESION,P3,descriptive preference sensitivity,results/stage3/subjects/jpetstore/declaration_method_body/formal/seed_22/projected_front_3d.csv,seed22_solution018,0.43047401310775812,0.44206980643194654,0.026230683831996809,5,0.32098765432098764,9.5999999999999996,0.4249182927993988,0.55172291709850008,5,0.29166666666666669,0,True,sha256:74abded5f2c518ac9bcd60e79ef5058f06be261bc5f2ddb929efd6e013099b58,74abded5f2c518ac9bcd60e79ef5058f06be261bc5f2ddb929efd6e013099b58,seed22_solution018,9,18
jpetstore,22,stage3,SEMANTIC,P4,descriptive preference sensitivity,results/stage3/subjects/jpetstore/declaration_method_body/formal/seed_22/projected_front_3d.csv,seed22_solution003,0.42228623685413846,0.44206980643194654,0.044752139345335763,5,0.27160493827160492,6.7791666666666659,0.37267799624996495,0.49213196186936792,4,0.375,0,True,sha256:3b8f912ef64eb5d52b63f658fc55d9e8af28bcf2642e381de30f827b976181f2,3b8f912ef64eb5d52b63f658fc55d9e8af28bcf2642e381de30f827b976181f2,seed22_solution003,2,3
jpetstore,23,stage2,MODULARITY_ANCHOR,P0,historical/reference modularity anchor,results/stage2/subjects/jpetstore/nsga/robustness_final_30seeds/seed_23/pareto_front.csv,seed23_solution000,0.44206980643194654,0.44206980643194654,0,21,0.25185185185185183,5.477380952380952,0.20412414523193148,0.51226006853751849,4,0.29166666666666669,0,True,sha256:fb765e8bdcb1ad97ccc0d6ae6778cb5b82190abfc26f6da0736d7b85688a5871,fb765e8bdcb1ad97ccc0d6ae6778cb5b82190abfc26f6da0736d7b85688a5871,seed23_solution000,0,
jpetstore,23,stage2,BALANCE,P1,primary reporting profile,results/stage2/subjects/jpetstore/nsga/robustness_final_30seeds/seed_23/pareto_front.csv,seed23_solution008,0.42773662551440361,0.44206980643194654,0.032422890477930483,21,0.27407407407407408,4.9000000000000004,0,0.50760005590338708,4,0.25,0,True,sha256:628773e80b10bbde38aca9147c76eab8a4056181f15b1f1435cce2e57f02b4ca,628773e80b10bbde38aca9147c76eab8a4056181f15b1f1435cce2e57f02b4ca,seed23_solution008,8,
jpetstore,23,stage2,COUPLING,P2,descriptive preference sensitivity,results/stage2/subjects/jpetstore/nsga/robustness_final_30seeds/seed_23/pareto_front.csv,seed23_solution000,0.44206980643194654,0.44206980643194654,0,21,0.25185185185185183,5.477380952380952,0.20412414523193148,0.51226006853751849,4,0.29166666666666669,0,True,sha256:fb765e8bdcb1ad97ccc0d6ae6778cb5b82190abfc26f6da0736d7b85688a5871,fb765e8bdcb1ad97ccc0d6ae6778cb5b82190abfc26f6da0736d7b85688a5871,seed23_solution000,0,
jpetstore,23,stage2,COHESION,P3,descriptive preference sensitivity,results/stage2/subjects/jpetstore/nsga/robustness_final_30seeds/seed_23/pareto_front.csv,seed23_solution023,0.43335771985977772,0.44206980643194654,0.019707490639286587,21,0.31851851851851853,9.6604761904761904,0.44487826050130463,0.53039242167422207,5,0.33333333333333331,0,True,sha256:49c7b661de35cdc337ac772a6b72a33bdd29798048a70bcb743449e68a19fe60,49c7b661de35cdc337ac772a6b72a33bdd29798048a70bcb743449e68a19fe60,seed23_solution023,23,
jpetstore,23,stage2,SEMANTIC,P4,descriptive preference sensitivity,results/stage2/subjects/jpetstore/nsga/robustness_final_30seeds/seed_23/pareto_front.csv,seed23_solution001,0.43705532693187044,0.44206980643194654,0.01134318478013506,21,0.25185185185185183,4.9690476190476192,0.16666666666666666,0.46566906033572097,4,0.29166666666666669,0,True,sha256:3ce73352371a0a4b7443dc704930493c4380e5ea851f2c96470bf0cac41b5ed9,3ce73352371a0a4b7443dc704930493c4380e5ea851f2c96470bf0cac41b5ed9,seed23_solution001,1,
jpetstore,23,stage3,MODULARITY_ANCHOR,P0,historical/reference modularity anchor,results/stage3/subjects/jpetstore/declaration_method_body/formal/seed_23/projected_front_3d.csv,seed23_solution000,0.44206980643194654,0.44206980643194654,0,6,0.25185185185185183,5.477380952380952,0.20412414523193148,0.51226006853751849,4,0.29166666666666669,0,True,sha256:fb765e8bdcb1ad97ccc0d6ae6778cb5b82190abfc26f6da0736d7b85688a5871,fb765e8bdcb1ad97ccc0d6ae6778cb5b82190abfc26f6da0736d7b85688a5871,seed23_solution000,0,0
jpetstore,23,stage3,BALANCE,P1,primary reporting profile,results/stage3/subjects/jpetstore/declaration_method_body/formal/seed_23/projected_front_3d.csv,seed23_solution001,0.43705532693187044,0.44206980643194654,0.01134318478013506,6,0.25185185185185183,4.9690476190476192,0.16666666666666666,0.46566906033572097,4,0.29166666666666669,0,True,sha256:3ce73352371a0a4b7443dc704930493c4380e5ea851f2c96470bf0cac41b5ed9,3ce73352371a0a4b7443dc704930493c4380e5ea851f2c96470bf0cac41b5ed9,seed23_solution001,1,1
jpetstore,23,stage3,COUPLING,P2,descriptive preference sensitivity,results/stage3/subjects/jpetstore/declaration_method_body/formal/seed_23/projected_front_3d.csv,seed23_solution000,0.44206980643194654,0.44206980643194654,0,6,0.25185185185185183,5.477380952380952,0.20412414523193148,0.51226006853751849,4,0.29166666666666669,0,True,sha256:fb765e8bdcb1ad97ccc0d6ae6778cb5b82190abfc26f6da0736d7b85688a5871,fb765e8bdcb1ad97ccc0d6ae6778cb5b82190abfc26f6da0736d7b85688a5871,seed23_solution000,0,0
jpetstore,23,stage3,COHESION,P3,descriptive preference sensitivity,results/stage3/subjects/jpetstore/declaration_method_body/formal/seed_23/projected_front_3d.csv,seed23_solution014,0.43335771985977772,0.44206980643194654,0.019707490639286587,6,0.31851851851851853,9.6604761904761904,0.44487826050130463,0.53039242167422207,5,0.33333333333333331,0,True,sha256:49c7b661de35cdc337ac772a6b72a33bdd29798048a70bcb743449e68a19fe60,49c7b661de35cdc337ac772a6b72a33bdd29798048a70bcb743449e68a19fe60,seed23_solution014,7,14
jpetstore,23,stage3,SEMANTIC,P4,descriptive preference sensitivity,results/stage3/subjects/jpetstore/declaration_method_body/formal/seed_23/projected_front_3d.csv,seed23_solution001,0.43705532693187044,0.44206980643194654,0.01134318478013506,6,0.25185185185185183,4.9690476190476192,0.16666666666666666,0.46566906033572097,4,0.29166666666666669,0,True,sha256:3ce73352371a0a4b7443dc704930493c4380e5ea851f2c96470bf0cac41b5ed9,3ce73352371a0a4b7443dc704930493c4380e5ea851f2c96470bf0cac41b5ed9,seed23_solution001,1,1
jpetstore,24,stage2,MODULARITY_ANCHOR,P0,historical/reference modularity anchor,results/stage2/subjects/jpetstore/nsga/robustness_final_30seeds/seed_24/pareto_front.csv,seed24_solution000,0.44206980643194654,0.44206980643194654,0,15,0.25185185185185183,5.477380952380952,0.20412414523193148,0.51226006853751849,4,0.29166666666666669,0,True,sha256:fb765e8bdcb1ad97ccc0d6ae6778cb5b82190abfc26f6da0736d7b85688a5871,fb765e8bdcb1ad97ccc0d6ae6778cb5b82190abfc26f6da0736d7b85688a5871,seed24_solution000,0,
jpetstore,24,stage2,BALANCE,P1,primary reporting profile,results/stage2/subjects/jpetstore/nsga/robustness_final_30seeds/seed_24/pareto_front.csv,seed24_solution009,0.43652796829751594,0.44206980643194654,0.012536115459140105,15,0.27407407407407408,5.2190476190476192,0.11785113019775793,0.5328605686809067,4,0.29166666666666669,0,True,sha256:ada518a50b1f65c165a17265fa36a66d307b36b154fa4399baa6db5aa035faf5,ada518a50b1f65c165a17265fa36a66d307b36b154fa4399baa6db5aa035faf5,seed24_solution009,9,
jpetstore,24,stage2,COUPLING,P2,descriptive preference sensitivity,results/stage2/subjects/jpetstore/nsga/robustness_final_30seeds/seed_24/pareto_front.csv,seed24_solution000,0.44206980643194654,0.44206980643194654,0,15,0.25185185185185183,5.477380952380952,0.20412414523193148,0.51226006853751849,4,0.29166666666666669,0,True,sha256:fb765e8bdcb1ad97ccc0d6ae6778cb5b82190abfc26f6da0736d7b85688a5871,fb765e8bdcb1ad97ccc0d6ae6778cb5b82190abfc26f6da0736d7b85688a5871,seed24_solution000,0,
jpetstore,24,stage2,COHESION,P3,descriptive preference sensitivity,results/stage2/subjects/jpetstore/nsga/robustness_final_30seeds/seed_24/pareto_front.csv,seed24_solution018,0.43335771985977772,0.44206980643194654,0.019707490639286587,15,0.31851851851851853,9.6604761904761904,0.44487826050130463,0.53039242167422207,5,0.33333333333333331,0,True,sha256:49c7b661de35cdc337ac772a6b72a33bdd29798048a70bcb743449e68a19fe60,49c7b661de35cdc337ac772a6b72a33bdd29798048a70bcb743449e68a19fe60,seed24_solution018,18,
jpetstore,24,stage2,SEMANTIC,P4,descriptive preference sensitivity,results/stage2/subjects/jpetstore/nsga/robustness_final_30seeds/seed_24/pareto_front.csv,seed24_solution001,0.43705532693187044,0.44206980643194654,0.01134318478013506,15,0.25185185185185183,4.9690476190476192,0.16666666666666666,0.46566906033572097,4,0.29166666666666669,0,True,sha256:3ce73352371a0a4b7443dc704930493c4380e5ea851f2c96470bf0cac41b5ed9,3ce73352371a0a4b7443dc704930493c4380e5ea851f2c96470bf0cac41b5ed9,seed24_solution001,1,
jpetstore,24,stage3,MODULARITY_ANCHOR,P0,historical/reference modularity anchor,results/stage3/subjects/jpetstore/declaration_method_body/formal/seed_24/projected_front_3d.csv,seed24_solution000,0.44206980643194654,0.44206980643194654,0,6,0.25185185185185183,5.477380952380952,0.20412414523193148,0.51226006853751849,4,0.29166666666666669,0,True,sha256:fb765e8bdcb1ad97ccc0d6ae6778cb5b82190abfc26f6da0736d7b85688a5871,fb765e8bdcb1ad97ccc0d6ae6778cb5b82190abfc26f6da0736d7b85688a5871,seed24_solution000,0,0
jpetstore,24,stage3,BALANCE,P1,primary reporting profile,results/stage3/subjects/jpetstore/declaration_method_body/formal/seed_24/projected_front_3d.csv,seed24_solution001,0.43705532693187044,0.44206980643194654,0.01134318478013506,6,0.25185185185185183,4.9690476190476192,0.16666666666666666,0.46566906033572097,4,0.29166666666666669,0,True,sha256:3ce73352371a0a4b7443dc704930493c4380e5ea851f2c96470bf0cac41b5ed9,3ce73352371a0a4b7443dc704930493c4380e5ea851f2c96470bf0cac41b5ed9,seed24_solution001,1,1
jpetstore,24,stage3,COUPLING,P2,descriptive preference sensitivity,results/stage3/subjects/jpetstore/declaration_method_body/formal/seed_24/projected_front_3d.csv,seed24_solution000,0.44206980643194654,0.44206980643194654,0,6,0.25185185185185183,5.477380952380952,0.20412414523193148,0.51226006853751849,4,0.29166666666666669,0,True,sha256:fb765e8bdcb1ad97ccc0d6ae6778cb5b82190abfc26f6da0736d7b85688a5871,fb765e8bdcb1ad97ccc0d6ae6778cb5b82190abfc26f6da0736d7b85688a5871,seed24_solution000,0,0
jpetstore,24,stage3,COHESION,P3,descriptive preference sensitivity,results/stage3/subjects/jpetstore/declaration_method_body/formal/seed_24/projected_front_3d.csv,seed24_solution002,0.43991159884164033,0.44206980643194654,0.0048820515649454482,6,0.25432098765432098,6.6589285714285706,0.31180478223116176,0.51211372451079618,4,0.33333333333333331,0,True,sha256:b6a105b3d71729dfcdd26abd9bcb0ce203205cb350d61c3f8e300d5aa352106e,b6a105b3d71729dfcdd26abd9bcb0ce203205cb350d61c3f8e300d5aa352106e,seed24_solution002,2,2
jpetstore,24,stage3,SEMANTIC,P4,descriptive preference sensitivity,results/stage3/subjects/jpetstore/declaration_method_body/formal/seed_24/projected_front_3d.csv,seed24_solution001,0.43705532693187044,0.44206980643194654,0.01134318478013506,6,0.25185185185185183,4.9690476190476192,0.16666666666666666,0.46566906033572097,4,0.29166666666666669,0,True,sha256:3ce73352371a0a4b7443dc704930493c4380e5ea851f2c96470bf0cac41b5ed9,3ce73352371a0a4b7443dc704930493c4380e5ea851f2c96470bf0cac41b5ed9,seed24_solution001,1,1
jpetstore,25,stage2,MODULARITY_ANCHOR,P0,historical/reference modularity anchor,results/stage2/subjects/jpetstore/nsga/robustness_final_30seeds/seed_25/pareto_front.csv,seed25_solution000,0.44206980643194654,0.44206980643194654,0,15,0.25185185185185183,5.477380952380952,0.20412414523193148,0.51226006853751849,4,0.29166666666666669,0,True,sha256:fb765e8bdcb1ad97ccc0d6ae6778cb5b82190abfc26f6da0736d7b85688a5871,fb765e8bdcb1ad97ccc0d6ae6778cb5b82190abfc26f6da0736d7b85688a5871,seed25_solution000,0,
jpetstore,25,stage2,BALANCE,P1,primary reporting profile,results/stage2/subjects/jpetstore/nsga/robustness_final_30seeds/seed_25/pareto_front.csv,seed25_solution009,0.43411979881115709,0.44206980643194654,0.017983602374828336,15,0.27407407407407408,4.8999999999999995,0,0.55731731063187895,4,0.25,0,True,sha256:01d75268f32b26b2c2a12a087ea745de3816f2c74cff15b879a7b57ea511196f,01d75268f32b26b2c2a12a087ea745de3816f2c74cff15b879a7b57ea511196f,seed25_solution009,9,
jpetstore,25,stage2,COUPLING,P2,descriptive preference sensitivity,results/stage2/subjects/jpetstore/nsga/robustness_final_30seeds/seed_25/pareto_front.csv,seed25_solution000,0.44206980643194654,0.44206980643194654,0,15,0.25185185185185183,5.477380952380952,0.20412414523193148,0.51226006853751849,4,0.29166666666666669,0,True,sha256:fb765e8bdcb1ad97ccc0d6ae6778cb5b82190abfc26f6da0736d7b85688a5871,fb765e8bdcb1ad97ccc0d6ae6778cb5b82190abfc26f6da0736d7b85688a5871,seed25_solution000,0,
jpetstore,25,stage2,COHESION,P3,descriptive preference sensitivity,results/stage2/subjects/jpetstore/nsga/robustness_final_30seeds/seed_25/pareto_front.csv,seed25_solution029,0.42508459076360333,0.44206980643194654,0.038422021638245415,15,0.34074074074074073,9.4271428571428579,0.4249182927993988,0.55099292181761039,5,0.33333333333333331,0,True,sha256:b66d4a3811c81b9198103fa034ab3775d4737f10920eaf2195c194079722ab6b,b66d4a3811c81b9198103fa034ab3775d4737f10920eaf2195c194079722ab6b,seed25_solution029,29,
jpetstore,25,stage2,SEMANTIC,P4,descriptive preference sensitivity,results/stage2/subjects/jpetstore/nsga/robustness_final_30seeds/seed_25/pareto_front.csv,seed25_solution006,0.42228623685413846,0.44206980643194654,0.044752139345335763,15,0.27160493827160492,6.7791666666666659,0.37267799624996495,0.49213196186936792,4,0.375,0,True,sha256:3b8f912ef64eb5d52b63f658fc55d9e8af28bcf2642e381de30f827b976181f2,3b8f912ef64eb5d52b63f658fc55d9e8af28bcf2642e381de30f827b976181f2,seed25_solution006,6,
jpetstore,25,stage3,MODULARITY_ANCHOR,P0,historical/reference modularity anchor,results/stage3/subjects/jpetstore/declaration_method_body/formal/seed_25/projected_front_3d.csv,seed25_solution000,0.44206980643194654,0.44206980643194654,0,9,0.25185185185185183,5.477380952380952,0.20412414523193148,0.51226006853751849,4,0.29166666666666669,0,True,sha256:fb765e8bdcb1ad97ccc0d6ae6778cb5b82190abfc26f6da0736d7b85688a5871,fb765e8bdcb1ad97ccc0d6ae6778cb5b82190abfc26f6da0736d7b85688a5871,seed25_solution000,0,0
jpetstore,25,stage3,BALANCE,P1,primary reporting profile,results/stage3/subjects/jpetstore/declaration_method_body/formal/seed_25/projected_front_3d.csv,seed25_solution001,0.43705532693187044,0.44206980643194654,0.01134318478013506,9,0.25185185185185183,4.9690476190476192,0.16666666666666666,0.46566906033572097,4,0.29166666666666669,0,True,sha256:3ce73352371a0a4b7443dc704930493c4380e5ea851f2c96470bf0cac41b5ed9,3ce73352371a0a4b7443dc704930493c4380e5ea851f2c96470bf0cac41b5ed9,seed25_solution001,1,1
jpetstore,25,stage3,COUPLING,P2,descriptive preference sensitivity,results/stage3/subjects/jpetstore/declaration_method_body/formal/seed_25/projected_front_3d.csv,seed25_solution000,0.44206980643194654,0.44206980643194654,0,9,0.25185185185185183,5.477380952380952,0.20412414523193148,0.51226006853751849,4,0.29166666666666669,0,True,sha256:fb765e8bdcb1ad97ccc0d6ae6778cb5b82190abfc26f6da0736d7b85688a5871,fb765e8bdcb1ad97ccc0d6ae6778cb5b82190abfc26f6da0736d7b85688a5871,seed25_solution000,0,0
jpetstore,25,stage3,COHESION,P3,descriptive preference sensitivity,results/stage3/subjects/jpetstore/declaration_method_body/formal/seed_25/projected_front_3d.csv,seed25_solution015,0.43050144795000789,0.44206980643194654,0.026168623854476072,9,0.31604938271604938,8.3085714285714296,0.33333333333333337,0.48394775749914676,5,0.29166666666666669,0,True,sha256:707f079ad5273e83dca351dbce87f6d9a7e528af5e70cfc918f574b3a4950f1b,707f079ad5273e83dca351dbce87f6d9a7e528af5e70cfc918f574b3a4950f1b,seed25_solution015,9,15
jpetstore,25,stage3,SEMANTIC,P4,descriptive preference sensitivity,results/stage3/subjects/jpetstore/declaration_method_body/formal/seed_25/projected_front_3d.csv,seed25_solution001,0.43705532693187044,0.44206980643194654,0.01134318478013506,9,0.25185185185185183,4.9690476190476192,0.16666666666666666,0.46566906033572097,4,0.29166666666666669,0,True,sha256:3ce73352371a0a4b7443dc704930493c4380e5ea851f2c96470bf0cac41b5ed9,3ce73352371a0a4b7443dc704930493c4380e5ea851f2c96470bf0cac41b5ed9,seed25_solution001,1,1
jpetstore,26,stage2,MODULARITY_ANCHOR,P0,historical/reference modularity anchor,results/stage2/subjects/jpetstore/nsga/robustness_final_30seeds/seed_26/pareto_front.csv,seed26_solution000,0.44206980643194654,0.44206980643194654,0,27,0.25185185185185183,5.477380952380952,0.20412414523193148,0.51226006853751849,4,0.29166666666666669,0,True,sha256:fb765e8bdcb1ad97ccc0d6ae6778cb5b82190abfc26f6da0736d7b85688a5871,fb765e8bdcb1ad97ccc0d6ae6778cb5b82190abfc26f6da0736d7b85688a5871,seed26_solution000,0,
jpetstore,26,stage2,BALANCE,P1,primary reporting profile,results/stage2/subjects/jpetstore/nsga/robustness_final_30seeds/seed_26/pareto_front.csv,seed26_solution009,0.42773662551440361,0.44206980643194654,0.032422890477930483,27,0.27407407407407408,4.9000000000000004,0,0.50760005590338708,4,0.25,0,True,sha256:628773e80b10bbde38aca9147c76eab8a4056181f15b1f1435cce2e57f02b4ca,628773e80b10bbde38aca9147c76eab8a4056181f15b1f1435cce2e57f02b4ca,seed26_solution009,9,
jpetstore,26,stage2,COUPLING,P2,descriptive preference sensitivity,results/stage2/subjects/jpetstore/nsga/robustness_final_30seeds/seed_26/pareto_front.csv,seed26_solution000,0.44206980643194654,0.44206980643194654,0,27,0.25185185185185183,5.477380952380952,0.20412414523193148,0.51226006853751849,4,0.29166666666666669,0,True,sha256:fb765e8bdcb1ad97ccc0d6ae6778cb5b82190abfc26f6da0736d7b85688a5871,fb765e8bdcb1ad97ccc0d6ae6778cb5b82190abfc26f6da0736d7b85688a5871,seed26_solution000,0,
jpetstore,26,stage2,COHESION,P3,descriptive preference sensitivity,results/stage2/subjects/jpetstore/nsga/robustness_final_30seeds/seed_26/pareto_front.csv,seed26_solution028,0.43335771985977772,0.44206980643194654,0.019707490639286587,27,0.31851851851851853,9.6604761904761904,0.44487826050130463,0.53039242167422207,5,0.33333333333333331,0,True,sha256:49c7b661de35cdc337ac772a6b72a33bdd29798048a70bcb743449e68a19fe60,49c7b661de35cdc337ac772a6b72a33bdd29798048a70bcb743449e68a19fe60,seed26_solution028,28,
jpetstore,26,stage2,SEMANTIC,P4,descriptive preference sensitivity,results/stage2/subjects/jpetstore/nsga/robustness_final_30seeds/seed_26/pareto_front.csv,seed26_solution001,0.43705532693187044,0.44206980643194654,0.01134318478013506,27,0.25185185185185183,4.9690476190476192,0.16666666666666666,0.46566906033572097,4,0.29166666666666669,0,True,sha256:3ce73352371a0a4b7443dc704930493c4380e5ea851f2c96470bf0cac41b5ed9,3ce73352371a0a4b7443dc704930493c4380e5ea851f2c96470bf0cac41b5ed9,seed26_solution001,1,
jpetstore,26,stage3,MODULARITY_ANCHOR,P0,historical/reference modularity anchor,results/stage3/subjects/jpetstore/declaration_method_body/formal/seed_26/projected_front_3d.csv,seed26_solution000,0.44206980643194654,0.44206980643194654,0,6,0.25185185185185183,5.477380952380952,0.20412414523193148,0.51226006853751849,4,0.29166666666666669,0,True,sha256:fb765e8bdcb1ad97ccc0d6ae6778cb5b82190abfc26f6da0736d7b85688a5871,fb765e8bdcb1ad97ccc0d6ae6778cb5b82190abfc26f6da0736d7b85688a5871,seed26_solution000,0,0
jpetstore,26,stage3,BALANCE,P1,primary reporting profile,results/stage3/subjects/jpetstore/declaration_method_body/formal/seed_26/projected_front_3d.csv,seed26_solution004,0.43652796829751594,0.44206980643194654,0.012536115459140105,6,0.27407407407407408,5.2190476190476192,0.11785113019775793,0.5328605686809067,4,0.29166666666666669,0,True,sha256:ada518a50b1f65c165a17265fa36a66d307b36b154fa4399baa6db5aa035faf5,ada518a50b1f65c165a17265fa36a66d307b36b154fa4399baa6db5aa035faf5,seed26_solution004,4,4
jpetstore,26,stage3,COUPLING,P2,descriptive preference sensitivity,results/stage3/subjects/jpetstore/declaration_method_body/formal/seed_26/projected_front_3d.csv,seed26_solution000,0.44206980643194654,0.44206980643194654,0,6,0.25185185185185183,5.477380952380952,0.20412414523193148,0.51226006853751849,4,0.29166666666666669,0,True,sha256:fb765e8bdcb1ad97ccc0d6ae6778cb5b82190abfc26f6da0736d7b85688a5871,fb765e8bdcb1ad97ccc0d6ae6778cb5b82190abfc26f6da0736d7b85688a5871,seed26_solution000,0,0
jpetstore,26,stage3,COHESION,P3,descriptive preference sensitivity,results/stage3/subjects/jpetstore/declaration_method_body/formal/seed_26/projected_front_3d.csv,seed26_solution012,0.43050144795000789,0.44206980643194654,0.026168623854476072,6,0.31604938271604938,8.3085714285714296,0.33333333333333337,0.48394775749914676,5,0.29166666666666669,0,True,sha256:707f079ad5273e83dca351dbce87f6d9a7e528af5e70cfc918f574b3a4950f1b,707f079ad5273e83dca351dbce87f6d9a7e528af5e70cfc918f574b3a4950f1b,seed26_solution012,8,12
jpetstore,26,stage3,SEMANTIC,P4,descriptive preference sensitivity,results/stage3/subjects/jpetstore/declaration_method_body/formal/seed_26/projected_front_3d.csv,seed26_solution001,0.43705532693187044,0.44206980643194654,0.01134318478013506,6,0.25185185185185183,4.9690476190476192,0.16666666666666666,0.46566906033572097,4,0.29166666666666669,0,True,sha256:3ce73352371a0a4b7443dc704930493c4380e5ea851f2c96470bf0cac41b5ed9,3ce73352371a0a4b7443dc704930493c4380e5ea851f2c96470bf0cac41b5ed9,seed26_solution001,1,1
jpetstore,27,stage2,MODULARITY_ANCHOR,P0,historical/reference modularity anchor,results/stage2/subjects/jpetstore/nsga/robustness_final_30seeds/seed_27/pareto_front.csv,seed27_solution000,0.44206980643194654,0.44206980643194654,0,20,0.25185185185185183,5.477380952380952,0.20412414523193148,0.51226006853751849,4,0.29166666666666669,0,True,sha256:fb765e8bdcb1ad97ccc0d6ae6778cb5b82190abfc26f6da0736d7b85688a5871,fb765e8bdcb1ad97ccc0d6ae6778cb5b82190abfc26f6da0736d7b85688a5871,seed27_solution000,0,
jpetstore,27,stage2,BALANCE,P1,primary reporting profile,results/stage2/subjects/jpetstore/nsga/robustness_final_30seeds/seed_27/pareto_front.csv,seed27_solution007,0.43411979881115709,0.44206980643194654,0.017983602374828336,20,0.27407407407407408,4.8999999999999995,0,0.55731731063187895,4,0.25,0,True,sha256:01d75268f32b26b2c2a12a087ea745de3816f2c74cff15b879a7b57ea511196f,01d75268f32b26b2c2a12a087ea745de3816f2c74cff15b879a7b57ea511196f,seed27_solution007,7,
jpetstore,27,stage2,COUPLING,P2,descriptive preference sensitivity,results/stage2/subjects/jpetstore/nsga/robustness_final_30seeds/seed_27/pareto_front.csv,seed27_solution000,0.44206980643194654,0.44206980643194654,0,20,0.25185185185185183,5.477380952380952,0.20412414523193148,0.51226006853751849,4,0.29166666666666669,0,True,sha256:fb765e8bdcb1ad97ccc0d6ae6778cb5b82190abfc26f6da0736d7b85688a5871,fb765e8bdcb1ad97ccc0d6ae6778cb5b82190abfc26f6da0736d7b85688a5871,seed27_solution000,0,
jpetstore,27,stage2,COHESION,P3,descriptive preference sensitivity,results/stage2/subjects/jpetstore/nsga/robustness_final_30seeds/seed_27/pareto_front.csv,seed27_solution020,0.43335771985977772,0.44206980643194654,0.019707490639286587,20,0.31851851851851853,9.6604761904761904,0.44487826050130463,0.53039242167422207,5,0.33333333333333331,0,True,sha256:49c7b661de35cdc337ac772a6b72a33bdd29798048a70bcb743449e68a19fe60,49c7b661de35cdc337ac772a6b72a33bdd29798048a70bcb743449e68a19fe60,seed27_solution020,20,
jpetstore,27,stage2,SEMANTIC,P4,descriptive preference sensitivity,results/stage2/subjects/jpetstore/nsga/robustness_final_30seeds/seed_27/pareto_front.csv,seed27_solution001,0.43705532693187044,0.44206980643194654,0.01134318478013506,20,0.25185185185185183,4.9690476190476192,0.16666666666666666,0.46566906033572097,4,0.29166666666666669,0,True,sha256:3ce73352371a0a4b7443dc704930493c4380e5ea851f2c96470bf0cac41b5ed9,3ce73352371a0a4b7443dc704930493c4380e5ea851f2c96470bf0cac41b5ed9,seed27_solution001,1,
jpetstore,27,stage3,MODULARITY_ANCHOR,P0,historical/reference modularity anchor,results/stage3/subjects/jpetstore/declaration_method_body/formal/seed_27/projected_front_3d.csv,seed27_solution000,0.44206980643194654,0.44206980643194654,0,5,0.25185185185185183,5.477380952380952,0.20412414523193148,0.51226006853751849,4,0.29166666666666669,0,True,sha256:fb765e8bdcb1ad97ccc0d6ae6778cb5b82190abfc26f6da0736d7b85688a5871,fb765e8bdcb1ad97ccc0d6ae6778cb5b82190abfc26f6da0736d7b85688a5871,seed27_solution000,0,0
jpetstore,27,stage3,BALANCE,P1,primary reporting profile,results/stage3/subjects/jpetstore/declaration_method_body/formal/seed_27/projected_front_3d.csv,seed27_solution001,0.43705532693187044,0.44206980643194654,0.01134318478013506,5,0.25185185185185183,4.9690476190476192,0.16666666666666666,0.46566906033572097,4,0.29166666666666669,0,True,sha256:3ce73352371a0a4b7443dc704930493c4380e5ea851f2c96470bf0cac41b5ed9,3ce73352371a0a4b7443dc704930493c4380e5ea851f2c96470bf0cac41b5ed9,seed27_solution001,1,1
jpetstore,27,stage3,COUPLING,P2,descriptive preference sensitivity,results/stage3/subjects/jpetstore/declaration_method_body/formal/seed_27/projected_front_3d.csv,seed27_solution000,0.44206980643194654,0.44206980643194654,0,5,0.25185185185185183,5.477380952380952,0.20412414523193148,0.51226006853751849,4,0.29166666666666669,0,True,sha256:fb765e8bdcb1ad97ccc0d6ae6778cb5b82190abfc26f6da0736d7b85688a5871,fb765e8bdcb1ad97ccc0d6ae6778cb5b82190abfc26f6da0736d7b85688a5871,seed27_solution000,0,0
jpetstore,27,stage3,COHESION,P3,descriptive preference sensitivity,results/stage3/subjects/jpetstore/declaration_method_body/formal/seed_27/projected_front_3d.csv,seed27_solution015,0.43551592745008399,0.44206980643194654,0.014825439074341014,5,0.31604938271604938,8.7152380952380959,0.35843021946010944,0.53053876570094427,5,0.29166666666666669,0,True,sha256:8f92c2d9d633221daf99da5eb29f9333ec5d64e9d2c3ff862447061d42fe542a,8f92c2d9d633221daf99da5eb29f9333ec5d64e9d2c3ff862447061d42fe542a,seed27_solution015,7,15
jpetstore,27,stage3,SEMANTIC,P4,descriptive preference sensitivity,results/stage3/subjects/jpetstore/declaration_method_body/formal/seed_27/projected_front_3d.csv,seed27_solution001,0.43705532693187044,0.44206980643194654,0.01134318478013506,5,0.25185185185185183,4.9690476190476192,0.16666666666666666,0.46566906033572097,4,0.29166666666666669,0,True,sha256:3ce73352371a0a4b7443dc704930493c4380e5ea851f2c96470bf0cac41b5ed9,3ce73352371a0a4b7443dc704930493c4380e5ea851f2c96470bf0cac41b5ed9,seed27_solution001,1,1
jpetstore,28,stage2,MODULARITY_ANCHOR,P0,historical/reference modularity anchor,results/stage2/subjects/jpetstore/nsga/robustness_final_30seeds/seed_28/pareto_front.csv,seed28_solution000,0.44206980643194654,0.44206980643194654,0,22,0.25185185185185183,5.477380952380952,0.20412414523193148,0.51226006853751849,4,0.29166666666666669,0,True,sha256:fb765e8bdcb1ad97ccc0d6ae6778cb5b82190abfc26f6da0736d7b85688a5871,fb765e8bdcb1ad97ccc0d6ae6778cb5b82190abfc26f6da0736d7b85688a5871,seed28_solution000,0,
jpetstore,28,stage2,BALANCE,P1,primary reporting profile,results/stage2/subjects/jpetstore/nsga/robustness_final_30seeds/seed_28/pareto_front.csv,seed28_solution008,0.42773662551440361,0.44206980643194654,0.032422890477930483,22,0.27407407407407408,4.9000000000000004,0,0.50760005590338708,4,0.25,0,True,sha256:628773e80b10bbde38aca9147c76eab8a4056181f15b1f1435cce2e57f02b4ca,628773e80b10bbde38aca9147c76eab8a4056181f15b1f1435cce2e57f02b4ca,seed28_solution008,8,
jpetstore,28,stage2,COUPLING,P2,descriptive preference sensitivity,results/stage2/subjects/jpetstore/nsga/robustness_final_30seeds/seed_28/pareto_front.csv,seed28_solution000,0.44206980643194654,0.44206980643194654,0,22,0.25185185185185183,5.477380952380952,0.20412414523193148,0.51226006853751849,4,0.29166666666666669,0,True,sha256:fb765e8bdcb1ad97ccc0d6ae6778cb5b82190abfc26f6da0736d7b85688a5871,fb765e8bdcb1ad97ccc0d6ae6778cb5b82190abfc26f6da0736d7b85688a5871,seed28_solution000,0,
jpetstore,28,stage2,COHESION,P3,descriptive preference sensitivity,results/stage2/subjects/jpetstore/nsga/robustness_final_30seeds/seed_28/pareto_front.csv,seed28_solution024,0.43335771985977772,0.44206980643194654,0.019707490639286587,22,0.31851851851851853,9.6604761904761904,0.44487826050130463,0.53039242167422207,5,0.33333333333333331,0,True,sha256:49c7b661de35cdc337ac772a6b72a33bdd29798048a70bcb743449e68a19fe60,49c7b661de35cdc337ac772a6b72a33bdd29798048a70bcb743449e68a19fe60,seed28_solution024,24,
jpetstore,28,stage2,SEMANTIC,P4,descriptive preference sensitivity,results/stage2/subjects/jpetstore/nsga/robustness_final_30seeds/seed_28/pareto_front.csv,seed28_solution001,0.43705532693187044,0.44206980643194654,0.01134318478013506,22,0.25185185185185183,4.9690476190476192,0.16666666666666666,0.46566906033572097,4,0.29166666666666669,0,True,sha256:3ce73352371a0a4b7443dc704930493c4380e5ea851f2c96470bf0cac41b5ed9,3ce73352371a0a4b7443dc704930493c4380e5ea851f2c96470bf0cac41b5ed9,seed28_solution001,1,
jpetstore,28,stage3,MODULARITY_ANCHOR,P0,historical/reference modularity anchor,results/stage3/subjects/jpetstore/declaration_method_body/formal/seed_28/projected_front_3d.csv,seed28_solution000,0.44206980643194654,0.44206980643194654,0,10,0.25185185185185183,5.477380952380952,0.20412414523193148,0.51226006853751849,4,0.29166666666666669,0,True,sha256:fb765e8bdcb1ad97ccc0d6ae6778cb5b82190abfc26f6da0736d7b85688a5871,fb765e8bdcb1ad97ccc0d6ae6778cb5b82190abfc26f6da0736d7b85688a5871,seed28_solution000,0,0
jpetstore,28,stage3,BALANCE,P1,primary reporting profile,results/stage3/subjects/jpetstore/declaration_method_body/formal/seed_28/projected_front_3d.csv,seed28_solution003,0.42908398110044216,0.44206980643194654,0.029375056026368678,10,0.26419753086419751,4.6916666666666664,0.11785113019775793,0.55746662539235592,4,0.29166666666666669,0,True,sha256:e0fa4103e17b3ecb4db770f24b108ffb489204f013de32a773cd8c6a779b92df,e0fa4103e17b3ecb4db770f24b108ffb489204f013de32a773cd8c6a779b92df,seed28_solution003,3,3
jpetstore,28,stage3,COUPLING,P2,descriptive preference sensitivity,results/stage3/subjects/jpetstore/declaration_method_body/formal/seed_28/projected_front_3d.csv,seed28_solution000,0.44206980643194654,0.44206980643194654,0,10,0.25185185185185183,5.477380952380952,0.20412414523193148,0.51226006853751849,4,0.29166666666666669,0,True,sha256:fb765e8bdcb1ad97ccc0d6ae6778cb5b82190abfc26f6da0736d7b85688a5871,fb765e8bdcb1ad97ccc0d6ae6778cb5b82190abfc26f6da0736d7b85688a5871,seed28_solution000,0,0
jpetstore,28,stage3,COHESION,P3,descriptive preference sensitivity,results/stage3/subjects/jpetstore/declaration_method_body/formal/seed_28/projected_front_3d.csv,seed28_solution018,0.43335771985977772,0.44206980643194654,0.019707490639286587,10,0.31851851851851853,9.6604761904761904,0.44487826050130463,0.53039242167422207,5,0.33333333333333331,0,True,sha256:49c7b661de35cdc337ac772a6b72a33bdd29798048a70bcb743449e68a19fe60,49c7b661de35cdc337ac772a6b72a33bdd29798048a70bcb743449e68a19fe60,seed28_solution018,10,18
jpetstore,28,stage3,SEMANTIC,P4,descriptive preference sensitivity,results/stage3/subjects/jpetstore/declaration_method_body/formal/seed_28/projected_front_3d.csv,seed28_solution001,0.43705532693187044,0.44206980643194654,0.01134318478013506,10,0.25185185185185183,4.9690476190476192,0.16666666666666666,0.46566906033572097,4,0.29166666666666669,0,True,sha256:3ce73352371a0a4b7443dc704930493c4380e5ea851f2c96470bf0cac41b5ed9,3ce73352371a0a4b7443dc704930493c4380e5ea851f2c96470bf0cac41b5ed9,seed28_solution001,1,1
jpetstore,29,stage2,MODULARITY_ANCHOR,P0,historical/reference modularity anchor,results/stage2/subjects/jpetstore/nsga/robustness_final_30seeds/seed_29/pareto_front.csv,seed29_solution000,0.44206980643194654,0.44206980643194654,0,26,0.25185185185185183,5.477380952380952,0.20412414523193148,0.51226006853751849,4,0.29166666666666669,0,True,sha256:fb765e8bdcb1ad97ccc0d6ae6778cb5b82190abfc26f6da0736d7b85688a5871,fb765e8bdcb1ad97ccc0d6ae6778cb5b82190abfc26f6da0736d7b85688a5871,seed29_solution000,0,
jpetstore,29,stage2,BALANCE,P1,primary reporting profile,results/stage2/subjects/jpetstore/nsga/robustness_final_30seeds/seed_29/pareto_front.csv,seed29_solution009,0.43411979881115709,0.44206980643194654,0.017983602374828336,26,0.27407407407407408,4.8999999999999995,0,0.55731731063187895,4,0.25,0,True,sha256:01d75268f32b26b2c2a12a087ea745de3816f2c74cff15b879a7b57ea511196f,01d75268f32b26b2c2a12a087ea745de3816f2c74cff15b879a7b57ea511196f,seed29_solution009,9,
jpetstore,29,stage2,COUPLING,P2,descriptive preference sensitivity,results/stage2/subjects/jpetstore/nsga/robustness_final_30seeds/seed_29/pareto_front.csv,seed29_solution000,0.44206980643194654,0.44206980643194654,0,26,0.25185185185185183,5.477380952380952,0.20412414523193148,0.51226006853751849,4,0.29166666666666669,0,True,sha256:fb765e8bdcb1ad97ccc0d6ae6778cb5b82190abfc26f6da0736d7b85688a5871,fb765e8bdcb1ad97ccc0d6ae6778cb5b82190abfc26f6da0736d7b85688a5871,seed29_solution000,0,
jpetstore,29,stage2,COHESION,P3,descriptive preference sensitivity,results/stage2/subjects/jpetstore/nsga/robustness_final_30seeds/seed_29/pareto_front.csv,seed29_solution024,0.43335771985977772,0.44206980643194654,0.019707490639286587,26,0.31851851851851853,9.6604761904761904,0.44487826050130463,0.53039242167422207,5,0.33333333333333331,0,True,sha256:49c7b661de35cdc337ac772a6b72a33bdd29798048a70bcb743449e68a19fe60,49c7b661de35cdc337ac772a6b72a33bdd29798048a70bcb743449e68a19fe60,seed29_solution024,24,
jpetstore,29,stage2,SEMANTIC,P4,descriptive preference sensitivity,results/stage2/subjects/jpetstore/nsga/robustness_final_30seeds/seed_29/pareto_front.csv,seed29_solution001,0.43705532693187044,0.44206980643194654,0.01134318478013506,26,0.25185185185185183,4.9690476190476192,0.16666666666666666,0.46566906033572097,4,0.29166666666666669,0,True,sha256:3ce73352371a0a4b7443dc704930493c4380e5ea851f2c96470bf0cac41b5ed9,3ce73352371a0a4b7443dc704930493c4380e5ea851f2c96470bf0cac41b5ed9,seed29_solution001,1,
jpetstore,29,stage3,MODULARITY_ANCHOR,P0,historical/reference modularity anchor,results/stage3/subjects/jpetstore/declaration_method_body/formal/seed_29/projected_front_3d.csv,seed29_solution000,0.44206980643194654,0.44206980643194654,0,5,0.25185185185185183,5.477380952380952,0.20412414523193148,0.51226006853751849,4,0.29166666666666669,0,True,sha256:fb765e8bdcb1ad97ccc0d6ae6778cb5b82190abfc26f6da0736d7b85688a5871,fb765e8bdcb1ad97ccc0d6ae6778cb5b82190abfc26f6da0736d7b85688a5871,seed29_solution000,0,0
jpetstore,29,stage3,BALANCE,P1,primary reporting profile,results/stage3/subjects/jpetstore/declaration_method_body/formal/seed_29/projected_front_3d.csv,seed29_solution004,0.43411979881115709,0.44206980643194654,0.017983602374828336,5,0.27407407407407408,4.8999999999999995,0,0.55731731063187895,4,0.25,0,True,sha256:01d75268f32b26b2c2a12a087ea745de3816f2c74cff15b879a7b57ea511196f,01d75268f32b26b2c2a12a087ea745de3816f2c74cff15b879a7b57ea511196f,seed29_solution004,3,4
jpetstore,29,stage3,COUPLING,P2,descriptive preference sensitivity,results/stage3/subjects/jpetstore/declaration_method_body/formal/seed_29/projected_front_3d.csv,seed29_solution000,0.44206980643194654,0.44206980643194654,0,5,0.25185185185185183,5.477380952380952,0.20412414523193148,0.51226006853751849,4,0.29166666666666669,0,True,sha256:fb765e8bdcb1ad97ccc0d6ae6778cb5b82190abfc26f6da0736d7b85688a5871,fb765e8bdcb1ad97ccc0d6ae6778cb5b82190abfc26f6da0736d7b85688a5871,seed29_solution000,0,0
jpetstore,29,stage3,COHESION,P3,descriptive preference sensitivity,results/stage3/subjects/jpetstore/declaration_method_body/formal/seed_29/projected_front_3d.csv,seed29_solution018,0.42000304831580576,0.44206980643194654,0.04991690858565298,5,0.33333333333333331,6.5019047619047612,0.27638539919628335,0.55445813036560843,5,0.29166666666666669,0,True,sha256:3674aeb92818b9b7996b474fe29bcc6fb8c09dbdd7912b88fd50078147088d72,3674aeb92818b9b7996b474fe29bcc6fb8c09dbdd7912b88fd50078147088d72,seed29_solution018,11,18
jpetstore,29,stage3,SEMANTIC,P4,descriptive preference sensitivity,results/stage3/subjects/jpetstore/declaration_method_body/formal/seed_29/projected_front_3d.csv,seed29_solution003,0.4251699436061579,0.44206980643194654,0.038228946152625919,5,0.26913580246913582,5.5767857142857142,0.26352313834736496,0.49227830589609012,4,0.33333333333333331,0,True,sha256:ebd2fb14ee27969aac07c972c8261940232f7c01629690a26f8cd110203b6df7,ebd2fb14ee27969aac07c972c8261940232f7c01629690a26f8cd110203b6df7,seed29_solution003,2,3
xerces,0,stage2,MODULARITY_ANCHOR,P0,historical/reference modularity anchor,results/stage2/subjects/xerces-j/nsga/robustness_final_30seeds/seed_00/pareto_front.csv,seed0_solution018,0.65444706522005158,0.65444706522005158,0,4,0.21673616103522644,8.3246573443489105,1.2804401397825143,0.39001204476524864,30,0.14496314496314497,0.012285012285012284,True,sha256:727412d4f04ecdc38166b97e300fc28716209f1960acb931e569897db8cee8ac,727412d4f04ecdc38166b97e300fc28716209f1960acb931e569897db8cee8ac,seed0_solution018,18,
xerces,0,stage2,BALANCE,P1,primary reporting profile,results/stage2/subjects/xerces-j/nsga/robustness_final_30seeds/seed_00/pareto_front.csv,seed0_solution021,0.6445400584325518,0.65444706522005158,0.015137980310399356,4,0.22904385334291877,3.7196161217625847,1.134130883083136,0.41862844397167187,27,0.14004914004914004,0.0012285012285012285,True,sha256:688953bed376b03510514ec948b9b1812006891e802005f411e02b39ad5c4dd5,688953bed376b03510514ec948b9b1812006891e802005f411e02b39ad5c4dd5,seed0_solution021,21,
xerces,0,stage2,COUPLING,P2,descriptive preference sensitivity,results/stage2/subjects/xerces-j/nsga/robustness_final_30seeds/seed_00/pareto_front.csv,seed0_solution018,0.65444706522005158,0.65444706522005158,0,4,0.21673616103522644,8.3246573443489105,1.2804401397825143,0.39001204476524864,30,0.14496314496314497,0.012285012285012284,True,sha256:727412d4f04ecdc38166b97e300fc28716209f1960acb931e569897db8cee8ac,727412d4f04ecdc38166b97e300fc28716209f1960acb931e569897db8cee8ac,seed0_solution018,18,
xerces,0,stage2,COHESION,P3,descriptive preference sensitivity,results/stage2/subjects/xerces-j/nsga/robustness_final_30seeds/seed_00/pareto_front.csv,seed0_solution018,0.65444706522005158,0.65444706522005158,0,4,0.21673616103522644,8.3246573443489105,1.2804401397825143,0.39001204476524864,30,0.14496314496314497,0.012285012285012284,True,sha256:727412d4f04ecdc38166b97e300fc28716209f1960acb931e569897db8cee8ac,727412d4f04ecdc38166b97e300fc28716209f1960acb931e569897db8cee8ac,seed0_solution018,18,
xerces,0,stage2,SEMANTIC,P4,descriptive preference sensitivity,results/stage2/subjects/xerces-j/nsga/robustness_final_30seeds/seed_00/pareto_front.csv,seed0_solution018,0.65444706522005158,0.65444706522005158,0,4,0.21673616103522644,8.3246573443489105,1.2804401397825143,0.39001204476524864,30,0.14496314496314497,0.012285012285012284,True,sha256:727412d4f04ecdc38166b97e300fc28716209f1960acb931e569897db8cee8ac,727412d4f04ecdc38166b97e300fc28716209f1960acb931e569897db8cee8ac,seed0_solution018,18,
xerces,0,stage3,MODULARITY_ANCHOR,P0,historical/reference modularity anchor,results/stage3/subjects/xerces-j/declaration_method_body/validation/seed_00/projected_front_3d.csv,seed0_solution018,0.65975444195277988,0.65975444195277988,0,7,0.21029475197699496,8.3119051885321973,1.2843238580427818,0.38743299874057835,30,0.14496314496314497,0.011056511056511056,True,sha256:e58578af4826f6884a757fbae1e4b2df663953d4f9fa99363164138055c8ff27,e58578af4826f6884a757fbae1e4b2df663953d4f9fa99363164138055c8ff27,seed0_solution018,15,18
xerces,0,stage3,BALANCE,P1,primary reporting profile,results/stage3/subjects/xerces-j/declaration_method_body/validation/seed_00/projected_front_3d.csv,seed0_solution022,0.63143541085991217,0.65975444195277988,0.042923592918976614,7,0.24066139468008627,1.2679093200821629,1.2174626923552243,0.4309397273171196,29,0.14496314496314497,0.0036855036855036856,True,sha256:2c5aece01450296eb65bf35a116581ddb82811454f8e769c145a127149207ad8,2c5aece01450296eb65bf35a116581ddb82811454f8e769c145a127149207ad8,seed0_solution022,19,22
xerces,0,stage3,COUPLING,P2,descriptive preference sensitivity,results/stage3/subjects/xerces-j/declaration_method_body/validation/seed_00/projected_front_3d.csv,seed0_solution018,0.65975444195277988,0.65975444195277988,0,7,0.21029475197699496,8.3119051885321973,1.2843238580427818,0.38743299874057835,30,0.14496314496314497,0.011056511056511056,True,sha256:e58578af4826f6884a757fbae1e4b2df663953d4f9fa99363164138055c8ff27,e58578af4826f6884a757fbae1e4b2df663953d4f9fa99363164138055c8ff27,seed0_solution018,15,18
xerces,0,stage3,COHESION,P3,descriptive preference sensitivity,results/stage3/subjects/xerces-j/declaration_method_body/validation/seed_00/projected_front_3d.csv,seed0_solution018,0.65975444195277988,0.65975444195277988,0,7,0.21029475197699496,8.3119051885321973,1.2843238580427818,0.38743299874057835,30,0.14496314496314497,0.011056511056511056,True,sha256:e58578af4826f6884a757fbae1e4b2df663953d4f9fa99363164138055c8ff27,e58578af4826f6884a757fbae1e4b2df663953d4f9fa99363164138055c8ff27,seed0_solution018,15,18
xerces,0,stage3,SEMANTIC,P4,descriptive preference sensitivity,results/stage3/subjects/xerces-j/declaration_method_body/validation/seed_00/projected_front_3d.csv,seed0_solution018,0.65975444195277988,0.65975444195277988,0,7,0.21029475197699496,8.3119051885321973,1.2843238580427818,0.38743299874057835,30,0.14496314496314497,0.011056511056511056,True,sha256:e58578af4826f6884a757fbae1e4b2df663953d4f9fa99363164138055c8ff27,e58578af4826f6884a757fbae1e4b2df663953d4f9fa99363164138055c8ff27,seed0_solution018,15,18
xerces,1,stage2,MODULARITY_ANCHOR,P0,historical/reference modularity anchor,results/stage2/subjects/xerces-j/nsga/robustness_final_30seeds/seed_01/pareto_front.csv,seed1_solution017,0.66151914293439007,0.66151914293439007,0,3,0.20879942487419123,8.337180593738605,1.2847820672188999,0.38751061880264837,30,0.14619164619164618,0.012285012285012284,True,sha256:06fcee4ae0fba8b0c1b9a1919ab577dc36dd747d847373328e58d5f41abc02a5,06fcee4ae0fba8b0c1b9a1919ab577dc36dd747d847373328e58d5f41abc02a5,seed1_solution017,17,
xerces,1,stage2,BALANCE,P1,primary reporting profile,results/stage2/subjects/xerces-j/nsga/robustness_final_30seeds/seed_01/pareto_front.csv,seed1_solution019,0.63819939603522413,0.66151914293439007,0.035251809638831282,3,0.23390366642703092,1.112041898559373,1.238915318974344,0.42540891670347281,29,0.14619164619164618,0.0036855036855036856,True,sha256:35fbbe3320a039bf4386548aa10df2b9f2e77f877c6ab1bcf77a2faa7b07c400,35fbbe3320a039bf4386548aa10df2b9f2e77f877c6ab1bcf77a2faa7b07c400,seed1_solution019,19,
xerces,1,stage2,COUPLING,P2,descriptive preference sensitivity,results/stage2/subjects/xerces-j/nsga/robustness_final_30seeds/seed_01/pareto_front.csv,seed1_solution017,0.66151914293439007,0.66151914293439007,0,3,0.20879942487419123,8.337180593738605,1.2847820672188999,0.38751061880264837,30,0.14619164619164618,0.012285012285012284,True,sha256:06fcee4ae0fba8b0c1b9a1919ab577dc36dd747d847373328e58d5f41abc02a5,06fcee4ae0fba8b0c1b9a1919ab577dc36dd747d847373328e58d5f41abc02a5,seed1_solution017,17,
xerces,1,stage2,COHESION,P3,descriptive preference sensitivity,results/stage2/subjects/xerces-j/nsga/robustness_final_30seeds/seed_01/pareto_front.csv,seed1_solution017,0.66151914293439007,0.66151914293439007,0,3,0.20879942487419123,8.337180593738605,1.2847820672188999,0.38751061880264837,30,0.14619164619164618,0.012285012285012284,True,sha256:06fcee4ae0fba8b0c1b9a1919ab577dc36dd747d847373328e58d5f41abc02a5,06fcee4ae0fba8b0c1b9a1919ab577dc36dd747d847373328e58d5f41abc02a5,seed1_solution017,17,
xerces,1,stage2,SEMANTIC,P4,descriptive preference sensitivity,results/stage2/subjects/xerces-j/nsga/robustness_final_30seeds/seed_01/pareto_front.csv,seed1_solution017,0.66151914293439007,0.66151914293439007,0,3,0.20879942487419123,8.337180593738605,1.2847820672188999,0.38751061880264837,30,0.14619164619164618,0.012285012285012284,True,sha256:06fcee4ae0fba8b0c1b9a1919ab577dc36dd747d847373328e58d5f41abc02a5,06fcee4ae0fba8b0c1b9a1919ab577dc36dd747d847373328e58d5f41abc02a5,seed1_solution017,17,
xerces,1,stage3,MODULARITY_ANCHOR,P0,historical/reference modularity anchor,results/stage3/subjects/xerces-j/declaration_method_body/formal/seed_01/projected_front_3d.csv,seed1_solution017,0.66151914293439007,0.66151914293439007,0,5,0.20879942487419123,8.337180593738605,1.2847820672188999,0.38751061880264837,30,0.14619164619164618,0.012285012285012284,True,sha256:06fcee4ae0fba8b0c1b9a1919ab577dc36dd747d847373328e58d5f41abc02a5,06fcee4ae0fba8b0c1b9a1919ab577dc36dd747d847373328e58d5f41abc02a5,seed1_solution017,11,17
xerces,1,stage3,BALANCE,P1,primary reporting profile,results/stage3/subjects/xerces-j/declaration_method_body/formal/seed_01/projected_front_3d.csv,seed1_solution021,0.62972912215275489,0.66151914293439007,0.048056085936712088,5,0.24339324227174694,3.7578734763969233,1.2072461007851043,0.42496217898568089,29,0.14619164619164618,0.0036855036855036856,True,sha256:94ccaf418d1df672cd075113087522ca2b63927982fa419411d6d7b0971fad3d,94ccaf418d1df672cd075113087522ca2b63927982fa419411d6d7b0971fad3d,seed1_solution021,15,21
xerces,1,stage3,COUPLING,P2,descriptive preference sensitivity,results/stage3/subjects/xerces-j/declaration_method_body/formal/seed_01/projected_front_3d.csv,seed1_solution017,0.66151914293439007,0.66151914293439007,0,5,0.20879942487419123,8.337180593738605,1.2847820672188999,0.38751061880264837,30,0.14619164619164618,0.012285012285012284,True,sha256:06fcee4ae0fba8b0c1b9a1919ab577dc36dd747d847373328e58d5f41abc02a5,06fcee4ae0fba8b0c1b9a1919ab577dc36dd747d847373328e58d5f41abc02a5,seed1_solution017,11,17
xerces,1,stage3,COHESION,P3,descriptive preference sensitivity,results/stage3/subjects/xerces-j/declaration_method_body/formal/seed_01/projected_front_3d.csv,seed1_solution019,0.65434211323592573,0.66151914293439007,0.010849315208972216,5,0.21705248023005033,8.5803177777001434,1.2360505144443816,0.40119675270316968,29,0.14619164619164618,0.0061425061425061421,True,sha256:d8d5b94c73064ce35ff839b40832be30758dfa828ef71db905bbec1a191475f4,d8d5b94c73064ce35ff839b40832be30758dfa828ef71db905bbec1a191475f4,seed1_solution019,13,19
xerces,1,stage3,SEMANTIC,P4,descriptive preference sensitivity,results/stage3/subjects/xerces-j/declaration_method_body/formal/seed_01/projected_front_3d.csv,seed1_solution017,0.66151914293439007,0.66151914293439007,0,5,0.20879942487419123,8.337180593738605,1.2847820672188999,0.38751061880264837,30,0.14619164619164618,0.012285012285012284,True,sha256:06fcee4ae0fba8b0c1b9a1919ab577dc36dd747d847373328e58d5f41abc02a5,06fcee4ae0fba8b0c1b9a1919ab577dc36dd747d847373328e58d5f41abc02a5,seed1_solution017,11,17
xerces,2,stage2,MODULARITY_ANCHOR,P0,historical/reference modularity anchor,results/stage2/subjects/xerces-j/nsga/robustness_final_30seeds/seed_02/pareto_front.csv,seed2_solution017,0.66264036537649373,0.66264036537649373,0,6,0.20825305535585908,8.0648457702110843,1.3090336331184897,0.38958419879977646,31,0.14496314496314497,0.013513513513513514,True,sha256:28ffae2d6e3914ce6200de510d0e9119673dfab96126099aaaf0570b7dc01d42,28ffae2d6e3914ce6200de510d0e9119673dfab96126099aaaf0570b7dc01d42,seed2_solution017,17,
xerces,2,stage2,BALANCE,P1,primary reporting profile,results/stage2/subjects/xerces-j/nsga/robustness_final_30seeds/seed_02/pareto_front.csv,seed2_solution022,0.63020160102870937,0.66264036537649373,0.048953800647736828,6,0.24316319194823868,8.8332822269063556,1.2128885058444507,0.42772409315506998,29,0.14250614250614252,0.0049140049140049139,True,sha256:e705738eb75d6b6f37bd3a2f870c868e68c022cd49e38e6aa8fb030d7397c453,e705738eb75d6b6f37bd3a2f870c868e68c022cd49e38e6aa8fb030d7397c453,seed2_solution022,22,
xerces,2,stage2,COUPLING,P2,descriptive preference sensitivity,results/stage2/subjects/xerces-j/nsga/robustness_final_30seeds/seed_02/pareto_front.csv,seed2_solution017,0.66264036537649373,0.66264036537649373,0,6,0.20825305535585908,8.0648457702110843,1.3090336331184897,0.38958419879977646,31,0.14496314496314497,0.013513513513513514,True,sha256:28ffae2d6e3914ce6200de510d0e9119673dfab96126099aaaf0570b7dc01d42,28ffae2d6e3914ce6200de510d0e9119673dfab96126099aaaf0570b7dc01d42,seed2_solution017,17,
xerces,2,stage2,COHESION,P3,descriptive preference sensitivity,results/stage2/subjects/xerces-j/nsga/robustness_final_30seeds/seed_02/pareto_front.csv,seed2_solution022,0.63020160102870937,0.66264036537649373,0.048953800647736828,6,0.24316319194823868,8.8332822269063556,1.2128885058444507,0.42772409315506998,29,0.14250614250614252,0.0049140049140049139,True,sha256:e705738eb75d6b6f37bd3a2f870c868e68c022cd49e38e6aa8fb030d7397c453,e705738eb75d6b6f37bd3a2f870c868e68c022cd49e38e6aa8fb030d7397c453,seed2_solution022,22,
xerces,2,stage2,SEMANTIC,P4,descriptive preference sensitivity,results/stage2/subjects/xerces-j/nsga/robustness_final_30seeds/seed_02/pareto_front.csv,seed2_solution017,0.66264036537649373,0.66264036537649373,0,6,0.20825305535585908,8.0648457702110843,1.3090336331184897,0.38958419879977646,31,0.14496314496314497,0.013513513513513514,True,sha256:28ffae2d6e3914ce6200de510d0e9119673dfab96126099aaaf0570b7dc01d42,28ffae2d6e3914ce6200de510d0e9119673dfab96126099aaaf0570b7dc01d42,seed2_solution017,17,
xerces,2,stage3,MODULARITY_ANCHOR,P0,historical/reference modularity anchor,results/stage3/subjects/xerces-j/declaration_method_body/formal/seed_02/projected_front_3d.csv,seed2_solution014,0.66051159611368238,0.66051159611368238,0,6,0.20960460100647016,8.0710642040951743,1.3190385138584708,0.38445925714281515,31,0.14619164619164618,0.013513513513513514,True,sha256:4de0f3ed9d58639e6f960a983d4668726baf70e1df52c5c383b81f30cc801e7f,4de0f3ed9d58639e6f960a983d4668726baf70e1df52c5c383b81f30cc801e7f,seed2_solution014,9,14
xerces,2,stage3,BALANCE,P1,primary reporting profile,results/stage3/subjects/xerces-j/declaration_method_body/formal/seed_02/projected_front_3d.csv,seed2_solution019,0.62901834975899418,0.66051159611368238,0.047680080925131575,6,0.24480230050323509,2.2012948452621677,1.1707223529057966,0.4254116386871224,28,0.14373464373464373,0,True,sha256:105f305930a0f9ab1c7c69cd82d7a4de8bdb1ff111e6b30fc648cddd810e4d07,105f305930a0f9ab1c7c69cd82d7a4de8bdb1ff111e6b30fc648cddd810e4d07,seed2_solution019,14,19
xerces,2,stage3,COUPLING,P2,descriptive preference sensitivity,results/stage3/subjects/xerces-j/declaration_method_body/formal/seed_02/projected_front_3d.csv,seed2_solution014,0.66051159611368238,0.66051159611368238,0,6,0.20960460100647016,8.0710642040951743,1.3190385138584708,0.38445925714281515,31,0.14619164619164618,0.013513513513513514,True,sha256:4de0f3ed9d58639e6f960a983d4668726baf70e1df52c5c383b81f30cc801e7f,4de0f3ed9d58639e6f960a983d4668726baf70e1df52c5c383b81f30cc801e7f,seed2_solution014,9,14
xerces,2,stage3,COHESION,P3,descriptive preference sensitivity,results/stage3/subjects/xerces-j/declaration_method_body/formal/seed_02/projected_front_3d.csv,seed2_solution016,0.6452940190120412,0.66051159611368238,0.023039076363198383,6,0.22513299784327823,8.3346319468915198,1.2787771363725948,0.39344065368323089,30,0.14496314496314497,0.0098280098280098278,True,sha256:54ffbe969122a8603ecf5940bf54dc23d5b2691948c8b2057b1f1369466f0437,54ffbe969122a8603ecf5940bf54dc23d5b2691948c8b2057b1f1369466f0437,seed2_solution016,11,16
xerces,2,stage3,SEMANTIC,P4,descriptive preference sensitivity,results/stage3/subjects/xerces-j/declaration_method_body/formal/seed_02/projected_front_3d.csv,seed2_solution014,0.66051159611368238,0.66051159611368238,0,6,0.20960460100647016,8.0710642040951743,1.3190385138584708,0.38445925714281515,31,0.14619164619164618,0.013513513513513514,True,sha256:4de0f3ed9d58639e6f960a983d4668726baf70e1df52c5c383b81f30cc801e7f,4de0f3ed9d58639e6f960a983d4668726baf70e1df52c5c383b81f30cc801e7f,seed2_solution014,9,14
xerces,3,stage2,MODULARITY_ANCHOR,P0,historical/reference modularity anchor,results/stage2/subjects/xerces-j/nsga/robustness_final_30seeds/seed_03/pareto_front.csv,seed3_solution009,0.66151914293439007,0.66151914293439007,0,4,0.20879942487419123,8.0687653361834233,1.314526165589089,0.38873194738704031,31,0.14496314496314497,0.013513513513513514,True,sha256:9eb0bd3a8113ba5873ea4768a9a5a88471ac67eacb0088b1ef759c074de581e9,9eb0bd3a8113ba5873ea4768a9a5a88471ac67eacb0088b1ef759c074de581e9,seed3_solution009,9,
xerces,3,stage2,BALANCE,P1,primary reporting profile,results/stage2/subjects/xerces-j/nsga/robustness_final_30seeds/seed_03/pareto_front.csv,seed3_solution012,0.63641353861039707,0.66151914293439007,0.037951440396159469,4,0.23746944644140905,8.5216390012315966,1.1985501265320009,0.44026076985286988,29,0.13882063882063883,0.0061425061425061421,True,sha256:0a85988d96aaf0518676371e52392027f64cd5d31005bd51977fbf37286c73dd,0a85988d96aaf0518676371e52392027f64cd5d31005bd51977fbf37286c73dd,seed3_solution012,12,
xerces,3,stage2,COUPLING,P2,descriptive preference sensitivity,results/stage2/subjects/xerces-j/nsga/robustness_final_30seeds/seed_03/pareto_front.csv,seed3_solution009,0.66151914293439007,0.66151914293439007,0,4,0.20879942487419123,8.0687653361834233,1.314526165589089,0.38873194738704031,31,0.14496314496314497,0.013513513513513514,True,sha256:9eb0bd3a8113ba5873ea4768a9a5a88471ac67eacb0088b1ef759c074de581e9,9eb0bd3a8113ba5873ea4768a9a5a88471ac67eacb0088b1ef759c074de581e9,seed3_solution009,9,
xerces,3,stage2,COHESION,P3,descriptive preference sensitivity,results/stage2/subjects/xerces-j/nsga/robustness_final_30seeds/seed_03/pareto_front.csv,seed3_solution012,0.63641353861039707,0.66151914293439007,0.037951440396159469,4,0.23746944644140905,8.5216390012315966,1.1985501265320009,0.44026076985286988,29,0.13882063882063883,0.0061425061425061421,True,sha256:0a85988d96aaf0518676371e52392027f64cd5d31005bd51977fbf37286c73dd,0a85988d96aaf0518676371e52392027f64cd5d31005bd51977fbf37286c73dd,seed3_solution012,12,
xerces,3,stage2,SEMANTIC,P4,descriptive preference sensitivity,results/stage2/subjects/xerces-j/nsga/robustness_final_30seeds/seed_03/pareto_front.csv,seed3_solution009,0.66151914293439007,0.66151914293439007,0,4,0.20879942487419123,8.0687653361834233,1.314526165589089,0.38873194738704031,31,0.14496314496314497,0.013513513513513514,True,sha256:9eb0bd3a8113ba5873ea4768a9a5a88471ac67eacb0088b1ef759c074de581e9,9eb0bd3a8113ba5873ea4768a9a5a88471ac67eacb0088b1ef759c074de581e9,seed3_solution009,9,
xerces,3,stage3,MODULARITY_ANCHOR,P0,historical/reference modularity anchor,results/stage3/subjects/xerces-j/declaration_method_body/formal/seed_03/projected_front_3d.csv,seed3_solution013,0.66057151256332469,0.66057151256332469,0,4,0.20931703810208482,8.0681103606820024,1.3160201505210101,0.38759444035668056,31,0.14496314496314497,0.013513513513513514,True,sha256:bff8d3917d402661bb34b3c72e5bd2f1e8fe8b32bbf6e6c049f7c0aba485efe4,bff8d3917d402661bb34b3c72e5bd2f1e8fe8b32bbf6e6c049f7c0aba485efe4,seed3_solution013,9,13
xerces,3,stage3,BALANCE,P1,primary reporting profile,results/stage3/subjects/xerces-j/declaration_method_body/formal/seed_03/projected_front_3d.csv,seed3_solution016,0.64316923841829743,0.66057151256332469,0.026344269793740192,4,0.22772106398274622,8.8998729536428041,1.2117656139969222,0.40562617165479153,28,0.14250614250614252,0.0098280098280098278,True,sha256:ef4768510c721d927b7707eeb6cf7f2f26c0184653790e07541be1aa14687f9c,ef4768510c721d927b7707eeb6cf7f2f26c0184653790e07541be1aa14687f9c,seed3_solution016,12,16
xerces,3,stage3,COUPLING,P2,descriptive preference sensitivity,results/stage3/subjects/xerces-j/declaration_method_body/formal/seed_03/projected_front_3d.csv,seed3_solution013,0.66057151256332469,0.66057151256332469,0,4,0.20931703810208482,8.0681103606820024,1.3160201505210101,0.38759444035668056,31,0.14496314496314497,0.013513513513513514,True,sha256:bff8d3917d402661bb34b3c72e5bd2f1e8fe8b32bbf6e6c049f7c0aba485efe4,bff8d3917d402661bb34b3c72e5bd2f1e8fe8b32bbf6e6c049f7c0aba485efe4,seed3_solution013,9,13
xerces,3,stage3,COHESION,P3,descriptive preference sensitivity,results/stage3/subjects/xerces-j/declaration_method_body/formal/seed_03/projected_front_3d.csv,seed3_solution016,0.64316923841829743,0.66057151256332469,0.026344269793740192,4,0.22772106398274622,8.8998729536428041,1.2117656139969222,0.40562617165479153,28,0.14250614250614252,0.0098280098280098278,True,sha256:ef4768510c721d927b7707eeb6cf7f2f26c0184653790e07541be1aa14687f9c,ef4768510c721d927b7707eeb6cf7f2f26c0184653790e07541be1aa14687f9c,seed3_solution016,12,16
xerces,3,stage3,SEMANTIC,P4,descriptive preference sensitivity,results/stage3/subjects/xerces-j/declaration_method_body/formal/seed_03/projected_front_3d.csv,seed3_solution013,0.66057151256332469,0.66057151256332469,0,4,0.20931703810208482,8.0681103606820024,1.3160201505210101,0.38759444035668056,31,0.14496314496314497,0.013513513513513514,True,sha256:bff8d3917d402661bb34b3c72e5bd2f1e8fe8b32bbf6e6c049f7c0aba485efe4,bff8d3917d402661bb34b3c72e5bd2f1e8fe8b32bbf6e6c049f7c0aba485efe4,seed3_solution013,9,13
xerces,4,stage2,MODULARITY_ANCHOR,P0,historical/reference modularity anchor,results/stage2/subjects/xerces-j/nsga/robustness_final_30seeds/seed_04/pareto_front.csv,seed4_solution014,0.66151914293439007,0.66151914293439007,0,5,0.20879942487419123,8.0687653361834233,1.314526165589089,0.38873194738704031,31,0.14496314496314497,0.013513513513513514,True,sha256:9eb0bd3a8113ba5873ea4768a9a5a88471ac67eacb0088b1ef759c074de581e9,9eb0bd3a8113ba5873ea4768a9a5a88471ac67eacb0088b1ef759c074de581e9,seed4_solution014,14,
xerces,4,stage2,BALANCE,P1,primary reporting profile,results/stage2/subjects/xerces-j/nsga/robustness_final_30seeds/seed_04/pareto_front.csv,seed4_solution018,0.63234478978295339,0.66151914293439007,0.044102054283756707,5,0.24373831775700935,3.8963290889673945,1.2074998506251751,0.4347542763667992,29,0.13882063882063883,0.0012285012285012285,True,sha256:72439abe2567a73df6fc011a16ee083d88cf0f105718d975321aa93765f9586d,72439abe2567a73df6fc011a16ee083d88cf0f105718d975321aa93765f9586d,seed4_solution018,18,
xerces,4,stage2,COUPLING,P2,descriptive preference sensitivity,results/stage2/subjects/xerces-j/nsga/robustness_final_30seeds/seed_04/pareto_front.csv,seed4_solution014,0.66151914293439007,0.66151914293439007,0,5,0.20879942487419123,8.0687653361834233,1.314526165589089,0.38873194738704031,31,0.14496314496314497,0.013513513513513514,True,sha256:9eb0bd3a8113ba5873ea4768a9a5a88471ac67eacb0088b1ef759c074de581e9,9eb0bd3a8113ba5873ea4768a9a5a88471ac67eacb0088b1ef759c074de581e9,seed4_solution014,14,
xerces,4,stage2,COHESION,P3,descriptive preference sensitivity,results/stage2/subjects/xerces-j/nsga/robustness_final_30seeds/seed_04/pareto_front.csv,seed4_solution015,0.65969669535234343,0.66151914293439007,0.002754943075362204,5,0.21072609633357298,8.2924420830974821,1.2780333928622809,0.39391299772187882,30,0.14496314496314497,0.011056511056511056,True,sha256:65fd9099235185a4361988bb50241e8bb67dee7b32d73812308f448921ddf435,65fd9099235185a4361988bb50241e8bb67dee7b32d73812308f448921ddf435,seed4_solution015,15,
xerces,4,stage2,SEMANTIC,P4,descriptive preference sensitivity,results/stage2/subjects/xerces-j/nsga/robustness_final_30seeds/seed_04/pareto_front.csv,seed4_solution014,0.66151914293439007,0.66151914293439007,0,5,0.20879942487419123,8.0687653361834233,1.314526165589089,0.38873194738704031,31,0.14496314496314497,0.013513513513513514,True,sha256:9eb0bd3a8113ba5873ea4768a9a5a88471ac67eacb0088b1ef759c074de581e9,9eb0bd3a8113ba5873ea4768a9a5a88471ac67eacb0088b1ef759c074de581e9,seed4_solution014,14,
xerces,4,stage3,MODULARITY_ANCHOR,P0,historical/reference modularity anchor,results/stage3/subjects/xerces-j/declaration_method_body/formal/seed_04/projected_front_3d.csv,seed4_solution017,0.6615161411993995,0.6615161411993995,0,7,0.20885693745506831,8.0689461274527865,1.3125671853101502,0.38726933998467683,31,0.14373464373464373,0.013513513513513514,True,sha256:c5c76d9760a05341677f5406f4ad8878d99c50ee0899f9e7639af439c618f1b9,c5c76d9760a05341677f5406f4ad8878d99c50ee0899f9e7639af439c618f1b9,seed4_solution017,15,17
xerces,4,stage3,BALANCE,P1,primary reporting profile,results/stage3/subjects/xerces-j/declaration_method_body/formal/seed_04/projected_front_3d.csv,seed4_solution023,0.62870241921856584,0.6615161411993995,0.049603811512956987,7,0.24552120776419842,0.94720163223319864,1.2045966671107429,0.42763388721494955,29,0.14250614250614252,0.0036855036855036856,True,sha256:dcccfe3978df9d6087705c79185bf823140d1b670c9b1c7a909f8434d2353524,dcccfe3978df9d6087705c79185bf823140d1b670c9b1c7a909f8434d2353524,seed4_solution023,21,23
xerces,4,stage3,COUPLING,P2,descriptive preference sensitivity,results/stage3/subjects/xerces-j/declaration_method_body/formal/seed_04/projected_front_3d.csv,seed4_solution017,0.6615161411993995,0.6615161411993995,0,7,0.20885693745506831,8.0689461274527865,1.3125671853101502,0.38726933998467683,31,0.14373464373464373,0.013513513513513514,True,sha256:c5c76d9760a05341677f5406f4ad8878d99c50ee0899f9e7639af439c618f1b9,c5c76d9760a05341677f5406f4ad8878d99c50ee0899f9e7639af439c618f1b9,seed4_solution017,15,17
xerces,4,stage3,COHESION,P3,descriptive preference sensitivity,results/stage3/subjects/xerces-j/declaration_method_body/formal/seed_04/projected_front_3d.csv,seed4_solution020,0.64856680116246579,0.6615161411993995,0.019575244246429379,7,0.22122214234363768,8.5903059710691938,1.2406098592614068,0.40342254967482427,29,0.14742014742014742,0.0073710073710073713,True,sha256:70c26eb9590b4252ff584a26dead2aa608866b2b64c202295f1736d21e575f82,70c26eb9590b4252ff584a26dead2aa608866b2b64c202295f1736d21e575f82,seed4_solution020,18,20
xerces,4,stage3,SEMANTIC,P4,descriptive preference sensitivity,results/stage3/subjects/xerces-j/declaration_method_body/formal/seed_04/projected_front_3d.csv,seed4_solution017,0.6615161411993995,0.6615161411993995,0,7,0.20885693745506831,8.0689461274527865,1.3125671853101502,0.38726933998467683,31,0.14373464373464373,0.013513513513513514,True,sha256:c5c76d9760a05341677f5406f4ad8878d99c50ee0899f9e7639af439c618f1b9,c5c76d9760a05341677f5406f4ad8878d99c50ee0899f9e7639af439c618f1b9,seed4_solution017,15,17
xerces,5,stage2,MODULARITY_ANCHOR,P0,historical/reference modularity anchor,results/stage2/subjects/xerces-j/nsga/robustness_final_30seeds/seed_05/pareto_front.csv,seed5_solution012,0.66151914293439007,0.66151914293439007,0,5,0.20879942487419123,8.0687653361834233,1.314526165589089,0.38873194738704031,31,0.14496314496314497,0.013513513513513514,True,sha256:9eb0bd3a8113ba5873ea4768a9a5a88471ac67eacb0088b1ef759c074de581e9,9eb0bd3a8113ba5873ea4768a9a5a88471ac67eacb0088b1ef759c074de581e9,seed5_solution012,12,
xerces,5,stage2,BALANCE,P1,primary reporting profile,results/stage2/subjects/xerces-j/nsga/robustness_final_30seeds/seed_05/pareto_front.csv,seed5_solution016,0.63063836835445553,0.66151914293439007,0.046681603865539718,5,0.24209920920201294,8.3892595917622597,1.1971616830479739,0.4343012981789095,29,0.14004914004914004,0.0024570024570024569,True,sha256:527816e3a37abb6dfbdada2c4fe10b0f43198f71333995185848d69badaa307d,527816e3a37abb6dfbdada2c4fe10b0f43198f71333995185848d69badaa307d,seed5_solution016,16,
xerces,5,stage2,COUPLING,P2,descriptive preference sensitivity,results/stage2/subjects/xerces-j/nsga/robustness_final_30seeds/seed_05/pareto_front.csv,seed5_solution012,0.66151914293439007,0.66151914293439007,0,5,0.20879942487419123,8.0687653361834233,1.314526165589089,0.38873194738704031,31,0.14496314496314497,0.013513513513513514,True,sha256:9eb0bd3a8113ba5873ea4768a9a5a88471ac67eacb0088b1ef759c074de581e9,9eb0bd3a8113ba5873ea4768a9a5a88471ac67eacb0088b1ef759c074de581e9,seed5_solution012,12,
xerces,5,stage2,COHESION,P3,descriptive preference sensitivity,results/stage2/subjects/xerces-j/nsga/robustness_final_30seeds/seed_05/pareto_front.csv,seed5_solution016,0.63063836835445553,0.66151914293439007,0.046681603865539718,5,0.24209920920201294,8.3892595917622597,1.1971616830479739,0.4343012981789095,29,0.14004914004914004,0.0024570024570024569,True,sha256:527816e3a37abb6dfbdada2c4fe10b0f43198f71333995185848d69badaa307d,527816e3a37abb6dfbdada2c4fe10b0f43198f71333995185848d69badaa307d,seed5_solution016,16,
xerces,5,stage2,SEMANTIC,P4,descriptive preference sensitivity,results/stage2/subjects/xerces-j/nsga/robustness_final_30seeds/seed_05/pareto_front.csv,seed5_solution012,0.66151914293439007,0.66151914293439007,0,5,0.20879942487419123,8.0687653361834233,1.314526165589089,0.38873194738704031,31,0.14496314496314497,0.013513513513513514,True,sha256:9eb0bd3a8113ba5873ea4768a9a5a88471ac67eacb0088b1ef759c074de581e9,9eb0bd3a8113ba5873ea4768a9a5a88471ac67eacb0088b1ef759c074de581e9,seed5_solution012,12,
xerces,5,stage3,MODULARITY_ANCHOR,P0,historical/reference modularity anchor,results/stage3/subjects/xerces-j/declaration_method_body/formal/seed_05/projected_front_3d.csv,seed5_solution015,0.66050210798495557,0.66050210798495557,0,5,0.20994967649173257,8.0711190811117248,1.3126384721797144,0.3874054657146111,31,0.14496314496314497,0.012285012285012284,True,sha256:f0991dd5ef4066570bb349ded9ba60c2b26fc3a53c8ba6120db67e5fea261e9a,f0991dd5ef4066570bb349ded9ba60c2b26fc3a53c8ba6120db67e5fea261e9a,seed5_solution015,12,15
xerces,5,stage3,BALANCE,P1,primary reporting profile,results/stage3/subjects/xerces-j/declaration_method_body/formal/seed_05/projected_front_3d.csv,seed5_solution019,0.63173810068941749,0.66050210798495557,0.043548698706338179,5,0.24060388209920922,8.5823197132809668,1.2273446644255412,0.4080995752879536,29,0.14496314496314497,0.0049140049140049139,True,sha256:4febb54b8a9737847612d367f261fa233b594d6574b0f8f34c1e131b102259c7,4febb54b8a9737847612d367f261fa233b594d6574b0f8f34c1e131b102259c7,seed5_solution019,16,19
xerces,5,stage3,COUPLING,P2,descriptive preference sensitivity,results/stage3/subjects/xerces-j/declaration_method_body/formal/seed_05/projected_front_3d.csv,seed5_solution015,0.66050210798495557,0.66050210798495557,0,5,0.20994967649173257,8.0711190811117248,1.3126384721797144,0.3874054657146111,31,0.14496314496314497,0.012285012285012284,True,sha256:f0991dd5ef4066570bb349ded9ba60c2b26fc3a53c8ba6120db67e5fea261e9a,f0991dd5ef4066570bb349ded9ba60c2b26fc3a53c8ba6120db67e5fea261e9a,seed5_solution015,12,15
xerces,5,stage3,COHESION,P3,descriptive preference sensitivity,results/stage3/subjects/xerces-j/declaration_method_body/formal/seed_05/projected_front_3d.csv,seed5_solution018,0.63236184840310172,0.66050210798495557,0.042604344848653837,5,0.23994248741912294,8.5868356731942281,1.2306921495391605,0.40429022746674237,29,0.14496314496314497,0.0049140049140049139,True,sha256:60f4012728b96e293a77a407d307abf3ffee8a03187f52b238fcec1ca1344dbf,60f4012728b96e293a77a407d307abf3ffee8a03187f52b238fcec1ca1344dbf,seed5_solution018,15,18
xerces,5,stage3,SEMANTIC,P4,descriptive preference sensitivity,results/stage3/subjects/xerces-j/declaration_method_body/formal/seed_05/projected_front_3d.csv,seed5_solution015,0.66050210798495557,0.66050210798495557,0,5,0.20994967649173257,8.0711190811117248,1.3126384721797144,0.3874054657146111,31,0.14496314496314497,0.012285012285012284,True,sha256:f0991dd5ef4066570bb349ded9ba60c2b26fc3a53c8ba6120db67e5fea261e9a,f0991dd5ef4066570bb349ded9ba60c2b26fc3a53c8ba6120db67e5fea261e9a,seed5_solution015,12,15
xerces,6,stage2,MODULARITY_ANCHOR,P0,historical/reference modularity anchor,results/stage2/subjects/xerces-j/nsga/robustness_final_30seeds/seed_06/pareto_front.csv,seed6_solution016,0.66151914293439007,0.66151914293439007,0,7,0.20879942487419123,8.3373020139290226,1.2845706063703295,0.38822607644591789,30,0.14496314496314497,0.012285012285012284,True,sha256:d71bd21b7fae39acd77eff6c128e64f96fdf8a9e4b1bf1f8557e7948fc5524ae,d71bd21b7fae39acd77eff6c128e64f96fdf8a9e4b1bf1f8557e7948fc5524ae,seed6_solution016,16,
xerces,6,stage2,BALANCE,P1,primary reporting profile,results/stage2/subjects/xerces-j/nsga/robustness_final_30seeds/seed_06/pareto_front.csv,seed6_solution021,0.63605517362568531,0.66151914293439007,0.038493170727835299,7,0.23951114306254492,3.8914034353627631,1.146495110342064,0.42911221495647667,27,0.14496314496314497,0.0024570024570024569,True,sha256:5ea8d1015561892ae90752014040c9bf54b683dcfde0287e08b79696592d7cab,5ea8d1015561892ae90752014040c9bf54b683dcfde0287e08b79696592d7cab,seed6_solution021,21,
xerces,6,stage2,COUPLING,P2,descriptive preference sensitivity,results/stage2/subjects/xerces-j/nsga/robustness_final_30seeds/seed_06/pareto_front.csv,seed6_solution016,0.66151914293439007,0.66151914293439007,0,7,0.20879942487419123,8.3373020139290226,1.2845706063703295,0.38822607644591789,30,0.14496314496314497,0.012285012285012284,True,sha256:d71bd21b7fae39acd77eff6c128e64f96fdf8a9e4b1bf1f8557e7948fc5524ae,d71bd21b7fae39acd77eff6c128e64f96fdf8a9e4b1bf1f8557e7948fc5524ae,seed6_solution016,16,
xerces,6,stage2,COHESION,P3,descriptive preference sensitivity,results/stage2/subjects/xerces-j/nsga/robustness_final_30seeds/seed_06/pareto_front.csv,seed6_solution017,0.66084052631662482,0.66151914293439007,0.0010258457748554591,7,0.20957584471603163,8.3376494337050122,1.2811118050241646,0.3939644308844108,30,0.14496314496314497,0.011056511056511056,True,sha256:d2b7190a3cb653490c755c6d8239bcb6c9562066d98c9d05078965daf98889a3,d2b7190a3cb653490c755c6d8239bcb6c9562066d98c9d05078965daf98889a3,seed6_solution017,17,
xerces,6,stage2,SEMANTIC,P4,descriptive preference sensitivity,results/stage2/subjects/xerces-j/nsga/robustness_final_30seeds/seed_06/pareto_front.csv,seed6_solution016,0.66151914293439007,0.66151914293439007,0,7,0.20879942487419123,8.3373020139290226,1.2845706063703295,0.38822607644591789,30,0.14496314496314497,0.012285012285012284,True,sha256:d71bd21b7fae39acd77eff6c128e64f96fdf8a9e4b1bf1f8557e7948fc5524ae,d71bd21b7fae39acd77eff6c128e64f96fdf8a9e4b1bf1f8557e7948fc5524ae,seed6_solution016,16,
xerces,6,stage3,MODULARITY_ANCHOR,P0,historical/reference modularity anchor,results/stage3/subjects/xerces-j/declaration_method_body/formal/seed_06/projected_front_3d.csv,seed6_solution017,0.66151914293439007,0.66151914293439007,0,3,0.20879942487419123,8.3373020139290226,1.2845706063703295,0.38822607644591789,30,0.14496314496314497,0.012285012285012284,True,sha256:d71bd21b7fae39acd77eff6c128e64f96fdf8a9e4b1bf1f8557e7948fc5524ae,d71bd21b7fae39acd77eff6c128e64f96fdf8a9e4b1bf1f8557e7948fc5524ae,seed6_solution017,11,17
xerces,6,stage3,BALANCE,P1,primary reporting profile,results/stage3/subjects/xerces-j/declaration_method_body/formal/seed_06/projected_front_3d.csv,seed6_solution020,0.63550527686200542,0.66151914293439007,0.039324434296778503,3,0.23922358015815959,8.6905201268624861,1.2282714772877514,0.39719848111486367,29,0.14373464373464373,0.0049140049140049139,True,sha256:b3362c95a402d5585c12c4a14ef4a750a20f1fb840276801da7cc8ac0195bb33,b3362c95a402d5585c12c4a14ef4a750a20f1fb840276801da7cc8ac0195bb33,seed6_solution020,13,20
xerces,6,stage3,COUPLING,P2,descriptive preference sensitivity,results/stage3/subjects/xerces-j/declaration_method_body/formal/seed_06/projected_front_3d.csv,seed6_solution017,0.66151914293439007,0.66151914293439007,0,3,0.20879942487419123,8.3373020139290226,1.2845706063703295,0.38822607644591789,30,0.14496314496314497,0.012285012285012284,True,sha256:d71bd21b7fae39acd77eff6c128e64f96fdf8a9e4b1bf1f8557e7948fc5524ae,d71bd21b7fae39acd77eff6c128e64f96fdf8a9e4b1bf1f8557e7948fc5524ae,seed6_solution017,11,17
xerces,6,stage3,COHESION,P3,descriptive preference sensitivity,results/stage3/subjects/xerces-j/declaration_method_body/formal/seed_06/projected_front_3d.csv,seed6_solution020,0.63550527686200542,0.66151914293439007,0.039324434296778503,3,0.23922358015815959,8.6905201268624861,1.2282714772877514,0.39719848111486367,29,0.14373464373464373,0.0049140049140049139,True,sha256:b3362c95a402d5585c12c4a14ef4a750a20f1fb840276801da7cc8ac0195bb33,b3362c95a402d5585c12c4a14ef4a750a20f1fb840276801da7cc8ac0195bb33,seed6_solution020,13,20
xerces,6,stage3,SEMANTIC,P4,descriptive preference sensitivity,results/stage3/subjects/xerces-j/declaration_method_body/formal/seed_06/projected_front_3d.csv,seed6_solution017,0.66151914293439007,0.66151914293439007,0,3,0.20879942487419123,8.3373020139290226,1.2845706063703295,0.38822607644591789,30,0.14496314496314497,0.012285012285012284,True,sha256:d71bd21b7fae39acd77eff6c128e64f96fdf8a9e4b1bf1f8557e7948fc5524ae,d71bd21b7fae39acd77eff6c128e64f96fdf8a9e4b1bf1f8557e7948fc5524ae,seed6_solution017,11,17
xerces,7,stage2,MODULARITY_ANCHOR,P0,historical/reference modularity anchor,results/stage2/subjects/xerces-j/nsga/robustness_final_30seeds/seed_07/pareto_front.csv,seed7_solution018,0.66160148970403587,0.66160148970403587,0,5,0.20871315600287563,8.0700648789755469,1.3149176114234009,0.38483979808975688,31,0.14496314496314497,0.013513513513513514,True,sha256:78177fec4b8bd7cc4cc6954f5af7fe3459920f8fbccbdf70f452e3114deed111,78177fec4b8bd7cc4cc6954f5af7fe3459920f8fbccbdf70f452e3114deed111,seed7_solution018,18,
xerces,7,stage2,BALANCE,P1,primary reporting profile,results/stage2/subjects/xerces-j/nsga/robustness_final_30seeds/seed_07/pareto_front.csv,seed7_solution022,0.63418724397006132,0.66160148970403587,0.041436191061537932,5,0.23968368080517613,3.4750488911135551,1.2060128421171543,0.42319212795056527,29,0.14127764127764128,0.0049140049140049139,True,sha256:a6159f310efc1ecbbe26a7ba6f551f74c9b5e0da3778acad7e844fb8ba80abf2,a6159f310efc1ecbbe26a7ba6f551f74c9b5e0da3778acad7e844fb8ba80abf2,seed7_solution022,22,
xerces,7,stage2,COUPLING,P2,descriptive preference sensitivity,results/stage2/subjects/xerces-j/nsga/robustness_final_30seeds/seed_07/pareto_front.csv,seed7_solution018,0.66160148970403587,0.66160148970403587,0,5,0.20871315600287563,8.0700648789755469,1.3149176114234009,0.38483979808975688,31,0.14496314496314497,0.013513513513513514,True,sha256:78177fec4b8bd7cc4cc6954f5af7fe3459920f8fbccbdf70f452e3114deed111,78177fec4b8bd7cc4cc6954f5af7fe3459920f8fbccbdf70f452e3114deed111,seed7_solution018,18,
xerces,7,stage2,COHESION,P3,descriptive preference sensitivity,results/stage2/subjects/xerces-j/nsga/robustness_final_30seeds/seed_07/pareto_front.csv,seed7_solution018,0.66160148970403587,0.66160148970403587,0,5,0.20871315600287563,8.0700648789755469,1.3149176114234009,0.38483979808975688,31,0.14496314496314497,0.013513513513513514,True,sha256:78177fec4b8bd7cc4cc6954f5af7fe3459920f8fbccbdf70f452e3114deed111,78177fec4b8bd7cc4cc6954f5af7fe3459920f8fbccbdf70f452e3114deed111,seed7_solution018,18,
xerces,7,stage2,SEMANTIC,P4,descriptive preference sensitivity,results/stage2/subjects/xerces-j/nsga/robustness_final_30seeds/seed_07/pareto_front.csv,seed7_solution018,0.66160148970403587,0.66160148970403587,0,5,0.20871315600287563,8.0700648789755469,1.3149176114234009,0.38483979808975688,31,0.14496314496314497,0.013513513513513514,True,sha256:78177fec4b8bd7cc4cc6954f5af7fe3459920f8fbccbdf70f452e3114deed111,78177fec4b8bd7cc4cc6954f5af7fe3459920f8fbccbdf70f452e3114deed111,seed7_solution018,18,
xerces,7,stage3,MODULARITY_ANCHOR,P0,historical/reference modularity anchor,results/stage3/subjects/xerces-j/declaration_method_body/formal/seed_07/projected_front_3d.csv,seed7_solution013,0.65864084788678912,0.65864084788678912,0,3,0.21167505391804456,8.0700468475517901,1.3165533057103997,0.38424145078674077,31,0.14496314496314497,0.013513513513513514,True,sha256:2754b70246fcebb8446ef3c4767a3f6e58712712f74c7da5c9af5a5c960e977a,2754b70246fcebb8446ef3c4767a3f6e58712712f74c7da5c9af5a5c960e977a,seed7_solution013,10,13
xerces,7,stage3,BALANCE,P1,primary reporting profile,results/stage3/subjects/xerces-j/declaration_method_body/formal/seed_07/projected_front_3d.csv,seed7_solution017,0.63192776444651833,0.65864084788678912,0.040557890580242881,3,0.24402588066139469,1.406197435242732,1.1905159411053656,0.41133423740435504,28,0.14250614250614252,0.0049140049140049139,True,sha256:e13cfcaece3cdac1eefab250a645ac3bdaf2d8a2815c2fc676320958b91c7b93,e13cfcaece3cdac1eefab250a645ac3bdaf2d8a2815c2fc676320958b91c7b93,seed7_solution017,12,17
xerces,7,stage3,COUPLING,P2,descriptive preference sensitivity,results/stage3/subjects/xerces-j/declaration_method_body/formal/seed_07/projected_front_3d.csv,seed7_solution013,0.65864084788678912,0.65864084788678912,0,3,0.21167505391804456,8.0700468475517901,1.3165533057103997,0.38424145078674077,31,0.14496314496314497,0.013513513513513514,True,sha256:2754b70246fcebb8446ef3c4767a3f6e58712712f74c7da5c9af5a5c960e977a,2754b70246fcebb8446ef3c4767a3f6e58712712f74c7da5c9af5a5c960e977a,seed7_solution013,10,13
xerces,7,stage3,COHESION,P3,descriptive preference sensitivity,results/stage3/subjects/xerces-j/declaration_method_body/formal/seed_07/projected_front_3d.csv,seed7_solution014,0.65504576870620823,0.65864084788678912,0.0054583301234891329,3,0.2149820273184759,8.5904716665114798,1.2447306366070396,0.39923925385536019,29,0.14496314496314497,0.011056511056511056,True,sha256:223be8ac0bfefc8559c83c4c745a84af168e1a27f1d0f4d8c61611c4b6922f6c,223be8ac0bfefc8559c83c4c745a84af168e1a27f1d0f4d8c61611c4b6922f6c,seed7_solution014,11,14
xerces,7,stage3,SEMANTIC,P4,descriptive preference sensitivity,results/stage3/subjects/xerces-j/declaration_method_body/formal/seed_07/projected_front_3d.csv,seed7_solution013,0.65864084788678912,0.65864084788678912,0,3,0.21167505391804456,8.0700468475517901,1.3165533057103997,0.38424145078674077,31,0.14496314496314497,0.013513513513513514,True,sha256:2754b70246fcebb8446ef3c4767a3f6e58712712f74c7da5c9af5a5c960e977a,2754b70246fcebb8446ef3c4767a3f6e58712712f74c7da5c9af5a5c960e977a,seed7_solution013,10,13
xerces,8,stage2,MODULARITY_ANCHOR,P0,historical/reference modularity anchor,results/stage2/subjects/xerces-j/nsga/robustness_final_30seeds/seed_08/pareto_front.csv,seed8_solution011,0.66151914293439007,0.66151914293439007,0,6,0.20879942487419123,8.0687653361834233,1.314526165589089,0.38873194738704031,31,0.14496314496314497,0.013513513513513514,True,sha256:9eb0bd3a8113ba5873ea4768a9a5a88471ac67eacb0088b1ef759c074de581e9,9eb0bd3a8113ba5873ea4768a9a5a88471ac67eacb0088b1ef759c074de581e9,seed8_solution011,11,
xerces,8,stage2,BALANCE,P1,primary reporting profile,results/stage2/subjects/xerces-j/nsga/robustness_final_30seeds/seed_08/pareto_front.csv,seed8_solution016,0.63002186491057033,0.66151914293439007,0.047613554891401934,6,0.24313443565780016,8.3536041230581812,1.2040878903204473,0.44830085749075022,29,0.14496314496314497,0.0036855036855036856,True,sha256:7aba38471d527aa45456ee12efa0a3c12be7f92c2e47945bdd7a560e056a78ef,7aba38471d527aa45456ee12efa0a3c12be7f92c2e47945bdd7a560e056a78ef,seed8_solution016,16,
xerces,8,stage2,COUPLING,P2,descriptive preference sensitivity,results/stage2/subjects/xerces-j/nsga/robustness_final_30seeds/seed_08/pareto_front.csv,seed8_solution011,0.66151914293439007,0.66151914293439007,0,6,0.20879942487419123,8.0687653361834233,1.314526165589089,0.38873194738704031,31,0.14496314496314497,0.013513513513513514,True,sha256:9eb0bd3a8113ba5873ea4768a9a5a88471ac67eacb0088b1ef759c074de581e9,9eb0bd3a8113ba5873ea4768a9a5a88471ac67eacb0088b1ef759c074de581e9,seed8_solution011,11,
xerces,8,stage2,COHESION,P3,descriptive preference sensitivity,results/stage2/subjects/xerces-j/nsga/robustness_final_30seeds/seed_08/pareto_front.csv,seed8_solution015,0.63805767817247139,0.66151914293439007,0.035466040571173023,6,0.23304097771387491,8.3596588272409651,1.2111913171699367,0.44379824066608531,29,0.14496314496314497,0.0036855036855036856,True,sha256:d97aaed6c5da920505df659718f56d2fa791090b9443b59bb7ea955f20e56156,d97aaed6c5da920505df659718f56d2fa791090b9443b59bb7ea955f20e56156,seed8_solution015,15,
xerces,8,stage2,SEMANTIC,P4,descriptive preference sensitivity,results/stage2/subjects/xerces-j/nsga/robustness_final_30seeds/seed_08/pareto_front.csv,seed8_solution011,0.66151914293439007,0.66151914293439007,0,6,0.20879942487419123,8.0687653361834233,1.314526165589089,0.38873194738704031,31,0.14496314496314497,0.013513513513513514,True,sha256:9eb0bd3a8113ba5873ea4768a9a5a88471ac67eacb0088b1ef759c074de581e9,9eb0bd3a8113ba5873ea4768a9a5a88471ac67eacb0088b1ef759c074de581e9,seed8_solution011,11,
xerces,8,stage3,MODULARITY_ANCHOR,P0,historical/reference modularity anchor,results/stage3/subjects/xerces-j/declaration_method_body/formal/seed_08/projected_front_3d.csv,seed8_solution016,0.66142909874045785,0.66142909874045785,0,5,0.20891445003594536,8.069567794028135,1.3150955028303588,0.38612787711636076,31,0.14496314496314497,0.013513513513513514,True,sha256:4a3a17730498734f879b84b299775b69d24e2cc9abc2047dec2184f515f880c2,4a3a17730498734f879b84b299775b69d24e2cc9abc2047dec2184f515f880c2,seed8_solution016,12,16
xerces,8,stage3,BALANCE,P1,primary reporting profile,results/stage3/subjects/xerces-j/declaration_method_body/formal/seed_08/projected_front_3d.csv,seed8_solution019,0.64146850374779396,0.66142909874045785,0.030177981329630541,5,0.23117181883537025,2.3499005730396716,1.261847189385096,0.40225653998868072,30,0.14373464373464373,0.0061425061425061421,True,sha256:02ef1ecc4fa62e8169a4f580b26e9eaef01fb83dc8749bc3faf816549f734ef8,02ef1ecc4fa62e8169a4f580b26e9eaef01fb83dc8749bc3faf816549f734ef8,seed8_solution019,15,19
xerces,8,stage3,COUPLING,P2,descriptive preference sensitivity,results/stage3/subjects/xerces-j/declaration_method_body/formal/seed_08/projected_front_3d.csv,seed8_solution016,0.66142909874045785,0.66142909874045785,0,5,0.20891445003594536,8.069567794028135,1.3150955028303588,0.38612787711636076,31,0.14496314496314497,0.013513513513513514,True,sha256:4a3a17730498734f879b84b299775b69d24e2cc9abc2047dec2184f515f880c2,4a3a17730498734f879b84b299775b69d24e2cc9abc2047dec2184f515f880c2,seed8_solution016,12,16
xerces,8,stage3,COHESION,P3,descriptive preference sensitivity,results/stage3/subjects/xerces-j/declaration_method_body/formal/seed_08/projected_front_3d.csv,seed8_solution016,0.66142909874045785,0.66142909874045785,0,5,0.20891445003594536,8.069567794028135,1.3150955028303588,0.38612787711636076,31,0.14496314496314497,0.013513513513513514,True,sha256:4a3a17730498734f879b84b299775b69d24e2cc9abc2047dec2184f515f880c2,4a3a17730498734f879b84b299775b69d24e2cc9abc2047dec2184f515f880c2,seed8_solution016,12,16
xerces,8,stage3,SEMANTIC,P4,descriptive preference sensitivity,results/stage3/subjects/xerces-j/declaration_method_body/formal/seed_08/projected_front_3d.csv,seed8_solution016,0.66142909874045785,0.66142909874045785,0,5,0.20891445003594536,8.069567794028135,1.3150955028303588,0.38612787711636076,31,0.14496314496314497,0.013513513513513514,True,sha256:4a3a17730498734f879b84b299775b69d24e2cc9abc2047dec2184f515f880c2,4a3a17730498734f879b84b299775b69d24e2cc9abc2047dec2184f515f880c2,seed8_solution016,12,16
xerces,9,stage2,MODULARITY_ANCHOR,P0,historical/reference modularity anchor,results/stage2/subjects/xerces-j/nsga/robustness_final_30seeds/seed_09/pareto_front.csv,seed9_solution019,0.66093701762539303,0.66093701762539303,0,5,0.20940330697340043,8.014325181743267,1.3106052769189001,0.39107506298979666,31,0.14496314496314497,0.012285012285012284,True,sha256:148b5d7c5740e03c36250943886fbfa16b8e60b6637e429c1847d9861b8e29f9,148b5d7c5740e03c36250943886fbfa16b8e60b6637e429c1847d9861b8e29f9,seed9_solution019,19,
xerces,9,stage2,BALANCE,P1,primary reporting profile,results/stage2/subjects/xerces-j/nsga/robustness_final_30seeds/seed_09/pareto_front.csv,seed9_solution022,0.6388500663348492,0.66093701762539303,0.033417633906930463,5,0.23815959741193385,8.8488320661618953,1.1924665987157697,0.39636467710675316,28,0.14373464373464373,0.0036855036855036856,True,sha256:a6dd5e19555518d1bb739c879ae20edec2628e7ccab555b1191b76f4aecb4a06,a6dd5e19555518d1bb739c879ae20edec2628e7ccab555b1191b76f4aecb4a06,seed9_solution022,22,
xerces,9,stage2,COUPLING,P2,descriptive preference sensitivity,results/stage2/subjects/xerces-j/nsga/robustness_final_30seeds/seed_09/pareto_front.csv,seed9_solution019,0.66093701762539303,0.66093701762539303,0,5,0.20940330697340043,8.014325181743267,1.3106052769189001,0.39107506298979666,31,0.14496314496314497,0.012285012285012284,True,sha256:148b5d7c5740e03c36250943886fbfa16b8e60b6637e429c1847d9861b8e29f9,148b5d7c5740e03c36250943886fbfa16b8e60b6637e429c1847d9861b8e29f9,seed9_solution019,19,
xerces,9,stage2,COHESION,P3,descriptive preference sensitivity,results/stage2/subjects/xerces-j/nsga/robustness_final_30seeds/seed_09/pareto_front.csv,seed9_solution021,0.6482546405696461,0.66093701762539303,0.019188480471727894,5,0.22593817397555715,8.9135141745973794,1.2111726261478146,0.3865849704171016,28,0.14496314496314497,0.0073710073710073713,True,sha256:c1d9e2bcb5837d5443c592368f82d110b89a87faf7bcd28b5b38330fff1074d2,c1d9e2bcb5837d5443c592368f82d110b89a87faf7bcd28b5b38330fff1074d2,seed9_solution021,21,
xerces,9,stage2,SEMANTIC,P4,descriptive preference sensitivity,results/stage2/subjects/xerces-j/nsga/robustness_final_30seeds/seed_09/pareto_front.csv,seed9_solution021,0.6482546405696461,0.66093701762539303,0.019188480471727894,5,0.22593817397555715,8.9135141745973794,1.2111726261478146,0.3865849704171016,28,0.14496314496314497,0.0073710073710073713,True,sha256:c1d9e2bcb5837d5443c592368f82d110b89a87faf7bcd28b5b38330fff1074d2,c1d9e2bcb5837d5443c592368f82d110b89a87faf7bcd28b5b38330fff1074d2,seed9_solution021,21,
xerces,9,stage3,MODULARITY_ANCHOR,P0,historical/reference modularity anchor,results/stage3/subjects/xerces-j/declaration_method_body/formal/seed_09/projected_front_3d.csv,seed9_solution013,0.6571891774223001,0.6571891774223001,0,4,0.21199137311286845,8.0667760199562171,1.3186482913305178,0.38708202181436036,31,0.14496314496314497,0.013513513513513514,True,sha256:7b73a1dde4897b4d73d58d5ba9f6fb786a18f57e7d4be4fc61421d598bd1af26,7b73a1dde4897b4d73d58d5ba9f6fb786a18f57e7d4be4fc61421d598bd1af26,seed9_solution013,12,13
xerces,9,stage3,BALANCE,P1,primary reporting profile,results/stage3/subjects/xerces-j/declaration_method_body/formal/seed_09/projected_front_3d.csv,seed9_solution016,0.63379256832851005,0.6571891774223001,0.035601026154384957,4,0.23896477354421281,3.5935219659566444,1.1622816297140821,0.4321395134669529,28,0.14127764127764128,0.0012285012285012285,True,sha256:0b3e891f514b7cf219445156c6d5df6a1d89ba68b31bcf85fb5974916e3896cc,0b3e891f514b7cf219445156c6d5df6a1d89ba68b31bcf85fb5974916e3896cc,seed9_solution016,15,16
xerces,9,stage3,COUPLING,P2,descriptive preference sensitivity,results/stage3/subjects/xerces-j/declaration_method_body/formal/seed_09/projected_front_3d.csv,seed9_solution013,0.6571891774223001,0.6571891774223001,0,4,0.21199137311286845,8.0667760199562171,1.3186482913305178,0.38708202181436036,31,0.14496314496314497,0.013513513513513514,True,sha256:7b73a1dde4897b4d73d58d5ba9f6fb786a18f57e7d4be4fc61421d598bd1af26,7b73a1dde4897b4d73d58d5ba9f6fb786a18f57e7d4be4fc61421d598bd1af26,seed9_solution013,12,13
xerces,9,stage3,COHESION,P3,descriptive preference sensitivity,results/stage3/subjects/xerces-j/declaration_method_body/formal/seed_09/projected_front_3d.csv,seed9_solution015,0.649643571878601,0.6571891774223001,0.01148163390836,4,0.22424155283968369,8.6140752353676966,1.2376782540686371,0.39707845753826621,29,0.14373464373464373,0.0085995085995085995,True,sha256:ea6be1806c9f26439425cfef2fcb1ff3ccaf9e9e2b61e29e621b9571a43d5e0f,ea6be1806c9f26439425cfef2fcb1ff3ccaf9e9e2b61e29e621b9571a43d5e0f,seed9_solution015,14,15
xerces,9,stage3,SEMANTIC,P4,descriptive preference sensitivity,results/stage3/subjects/xerces-j/declaration_method_body/formal/seed_09/projected_front_3d.csv,seed9_solution013,0.6571891774223001,0.6571891774223001,0,4,0.21199137311286845,8.0667760199562171,1.3186482913305178,0.38708202181436036,31,0.14496314496314497,0.013513513513513514,True,sha256:7b73a1dde4897b4d73d58d5ba9f6fb786a18f57e7d4be4fc61421d598bd1af26,7b73a1dde4897b4d73d58d5ba9f6fb786a18f57e7d4be4fc61421d598bd1af26,seed9_solution013,12,13
xerces,10,stage2,MODULARITY_ANCHOR,P0,historical/reference modularity anchor,results/stage2/subjects/xerces-j/nsga/robustness_final_30seeds/seed_10/pareto_front.csv,seed10_solution021,0.66151914293439007,0.66151914293439007,0,3,0.20879942487419123,8.3352367719449898,1.2822422354171841,0.38873194738704031,30,0.14496314496314497,0.012285012285012284,True,sha256:2badcdc8f6df655fa79b448601449ad39d9d5af927ffe86b2fda9041611e1bf8,2badcdc8f6df655fa79b448601449ad39d9d5af927ffe86b2fda9041611e1bf8,seed10_solution021,21,
xerces,10,stage2,BALANCE,P1,primary reporting profile,results/stage2/subjects/xerces-j/nsga/robustness_final_30seeds/seed_10/pareto_front.csv,seed10_solution022,0.65065294248072036,0.66151914293439007,0.016426131533350687,3,0.22035945363048168,3.4857120149502694,1.2298739259652733,0.40204443016187619,29,0.14373464373464373,0.0073710073710073713,True,sha256:aa8c14aa8fe991d3335cfa0298de93256b3bb6bb25f134447e56b938961f4004,aa8c14aa8fe991d3335cfa0298de93256b3bb6bb25f134447e56b938961f4004,seed10_solution022,22,
xerces,10,stage2,COUPLING,P2,descriptive preference sensitivity,results/stage2/subjects/xerces-j/nsga/robustness_final_30seeds/seed_10/pareto_front.csv,seed10_solution021,0.66151914293439007,0.66151914293439007,0,3,0.20879942487419123,8.3352367719449898,1.2822422354171841,0.38873194738704031,30,0.14496314496314497,0.012285012285012284,True,sha256:2badcdc8f6df655fa79b448601449ad39d9d5af927ffe86b2fda9041611e1bf8,2badcdc8f6df655fa79b448601449ad39d9d5af927ffe86b2fda9041611e1bf8,seed10_solution021,21,
xerces,10,stage2,COHESION,P3,descriptive preference sensitivity,results/stage2/subjects/xerces-j/nsga/robustness_final_30seeds/seed_10/pareto_front.csv,seed10_solution021,0.66151914293439007,0.66151914293439007,0,3,0.20879942487419123,8.3352367719449898,1.2822422354171841,0.38873194738704031,30,0.14496314496314497,0.012285012285012284,True,sha256:2badcdc8f6df655fa79b448601449ad39d9d5af927ffe86b2fda9041611e1bf8,2badcdc8f6df655fa79b448601449ad39d9d5af927ffe86b2fda9041611e1bf8,seed10_solution021,21,
xerces,10,stage2,SEMANTIC,P4,descriptive preference sensitivity,results/stage2/subjects/xerces-j/nsga/robustness_final_30seeds/seed_10/pareto_front.csv,seed10_solution021,0.66151914293439007,0.66151914293439007,0,3,0.20879942487419123,8.3352367719449898,1.2822422354171841,0.38873194738704031,30,0.14496314496314497,0.012285012285012284,True,sha256:2badcdc8f6df655fa79b448601449ad39d9d5af927ffe86b2fda9041611e1bf8,2badcdc8f6df655fa79b448601449ad39d9d5af927ffe86b2fda9041611e1bf8,seed10_solution021,21,
xerces,10,stage3,MODULARITY_ANCHOR,P0,historical/reference modularity anchor,results/stage3/subjects/xerces-j/declaration_method_body/formal/seed_10/projected_front_3d.csv,seed10_solution018,0.66067126608821691,0.66067126608821691,0,4,0.20989216391085549,8.0670792022224234,1.3136360821598529,0.3872496094142085,31,0.14496314496314497,0.013513513513513514,True,sha256:35a2861b3a6598fd9b96e796e6a1582780e6c3a367b5f77110a6eb14c91a49e8,35a2861b3a6598fd9b96e796e6a1582780e6c3a367b5f77110a6eb14c91a49e8,seed10_solution018,14,18
xerces,10,stage3,BALANCE,P1,primary reporting profile,results/stage3/subjects/xerces-j/declaration_method_body/formal/seed_10/projected_front_3d.csv,seed10_solution021,0.63530058334338757,0.66067126608821691,0.038401371524823806,4,0.23922358015815959,3.6901310100296594,1.2391979032720526,0.40323783328468155,29,0.14496314496314497,0.0073710073710073713,True,sha256:ade4a81f3698a0c4b2bff4cada00625618cd0cd05289297398e13fedabba0562,ade4a81f3698a0c4b2bff4cada00625618cd0cd05289297398e13fedabba0562,seed10_solution021,17,21
xerces,10,stage3,COUPLING,P2,descriptive preference sensitivity,results/stage3/subjects/xerces-j/declaration_method_body/formal/seed_10/projected_front_3d.csv,seed10_solution018,0.66067126608821691,0.66067126608821691,0,4,0.20989216391085549,8.0670792022224234,1.3136360821598529,0.3872496094142085,31,0.14496314496314497,0.013513513513513514,True,sha256:35a2861b3a6598fd9b96e796e6a1582780e6c3a367b5f77110a6eb14c91a49e8,35a2861b3a6598fd9b96e796e6a1582780e6c3a367b5f77110a6eb14c91a49e8,seed10_solution018,14,18
xerces,10,stage3,COHESION,P3,descriptive preference sensitivity,results/stage3/subjects/xerces-j/declaration_method_body/formal/seed_10/projected_front_3d.csv,seed10_solution020,0.64566332709868757,0.66067126608821691,0.022716197540102179,4,0.22720345075485263,8.5988951594839733,1.2517083207905801,0.39348838527382446,29,0.14496314496314497,0.011056511056511056,True,sha256:b5634fa226e618a7e8af6b939f9b63169ce0cab64ff7c614297568b0688066ef,b5634fa226e618a7e8af6b939f9b63169ce0cab64ff7c614297568b0688066ef,seed10_solution020,16,20
xerces,10,stage3,SEMANTIC,P4,descriptive preference sensitivity,results/stage3/subjects/xerces-j/declaration_method_body/formal/seed_10/projected_front_3d.csv,seed10_solution018,0.66067126608821691,0.66067126608821691,0,4,0.20989216391085549,8.0670792022224234,1.3136360821598529,0.3872496094142085,31,0.14496314496314497,0.013513513513513514,True,sha256:35a2861b3a6598fd9b96e796e6a1582780e6c3a367b5f77110a6eb14c91a49e8,35a2861b3a6598fd9b96e796e6a1582780e6c3a367b5f77110a6eb14c91a49e8,seed10_solution018,14,18
xerces,11,stage2,MODULARITY_ANCHOR,P0,historical/reference modularity anchor,results/stage2/subjects/xerces-j/nsga/robustness_final_30seeds/seed_11/pareto_front.csv,seed11_solution017,0.66151914293439007,0.66151914293439007,0,4,0.20879942487419123,8.0687653361834233,1.314526165589089,0.38873194738704031,31,0.14496314496314497,0.013513513513513514,True,sha256:9eb0bd3a8113ba5873ea4768a9a5a88471ac67eacb0088b1ef759c074de581e9,9eb0bd3a8113ba5873ea4768a9a5a88471ac67eacb0088b1ef759c074de581e9,seed11_solution017,17,
xerces,11,stage2,BALANCE,P1,primary reporting profile,results/stage2/subjects/xerces-j/nsga/robustness_final_30seeds/seed_11/pareto_front.csv,seed11_solution020,0.63930430202169541,0.66151914293439007,0.033581554139390853,4,0.23352983465132998,8.5309300034524007,1.2310832816176887,0.40895866371894862,29,0.14004914004914004,0.0085995085995085995,True,sha256:b5bce48f7d352311bd3fee4595daf9d247576ac975aee0f1811ec0bb4564ba45,b5bce48f7d352311bd3fee4595daf9d247576ac975aee0f1811ec0bb4564ba45,seed11_solution020,20,
xerces,11,stage2,COUPLING,P2,descriptive preference sensitivity,results/stage2/subjects/xerces-j/nsga/robustness_final_30seeds/seed_11/pareto_front.csv,seed11_solution017,0.66151914293439007,0.66151914293439007,0,4,0.20879942487419123,8.0687653361834233,1.314526165589089,0.38873194738704031,31,0.14496314496314497,0.013513513513513514,True,sha256:9eb0bd3a8113ba5873ea4768a9a5a88471ac67eacb0088b1ef759c074de581e9,9eb0bd3a8113ba5873ea4768a9a5a88471ac67eacb0088b1ef759c074de581e9,seed11_solution017,17,
xerces,11,stage2,COHESION,P3,descriptive preference sensitivity,results/stage2/subjects/xerces-j/nsga/robustness_final_30seeds/seed_11/pareto_front.csv,seed11_solution020,0.63930430202169541,0.66151914293439007,0.033581554139390853,4,0.23352983465132998,8.5309300034524007,1.2310832816176887,0.40895866371894862,29,0.14004914004914004,0.0085995085995085995,True,sha256:b5bce48f7d352311bd3fee4595daf9d247576ac975aee0f1811ec0bb4564ba45,b5bce48f7d352311bd3fee4595daf9d247576ac975aee0f1811ec0bb4564ba45,seed11_solution020,20,
xerces,11,stage2,SEMANTIC,P4,descriptive preference sensitivity,results/stage2/subjects/xerces-j/nsga/robustness_final_30seeds/seed_11/pareto_front.csv,seed11_solution017,0.66151914293439007,0.66151914293439007,0,4,0.20879942487419123,8.0687653361834233,1.314526165589089,0.38873194738704031,31,0.14496314496314497,0.013513513513513514,True,sha256:9eb0bd3a8113ba5873ea4768a9a5a88471ac67eacb0088b1ef759c074de581e9,9eb0bd3a8113ba5873ea4768a9a5a88471ac67eacb0088b1ef759c074de581e9,seed11_solution017,17,
xerces,11,stage3,MODULARITY_ANCHOR,P0,historical/reference modularity anchor,results/stage3/subjects/xerces-j/declaration_method_body/formal/seed_11/projected_front_3d.csv,seed11_solution013,0.66151914293439007,0.66151914293439007,0,6,0.20879942487419123,8.0687653361834233,1.314526165589089,0.38873194738704031,31,0.14496314496314497,0.013513513513513514,True,sha256:9eb0bd3a8113ba5873ea4768a9a5a88471ac67eacb0088b1ef759c074de581e9,9eb0bd3a8113ba5873ea4768a9a5a88471ac67eacb0088b1ef759c074de581e9,seed11_solution013,13,13
xerces,11,stage3,BALANCE,P1,primary reporting profile,results/stage3/subjects/xerces-j/declaration_method_body/formal/seed_11/projected_front_3d.csv,seed11_solution018,0.64101850439382813,0.66151914293439007,0.030990242322579638,6,0.23174694464414092,2.3373345600751767,1.1764116474637374,0.42418840174847772,28,0.14250614250614252,0.0012285012285012285,True,sha256:8a3b96a4682d0ab4779193185222bd4c56e27375544a1cf70a02fa986a549504,8a3b96a4682d0ab4779193185222bd4c56e27375544a1cf70a02fa986a549504,seed11_solution018,18,18
xerces,11,stage3,COUPLING,P2,descriptive preference sensitivity,results/stage3/subjects/xerces-j/declaration_method_body/formal/seed_11/projected_front_3d.csv,seed11_solution013,0.66151914293439007,0.66151914293439007,0,6,0.20879942487419123,8.0687653361834233,1.314526165589089,0.38873194738704031,31,0.14496314496314497,0.013513513513513514,True,sha256:9eb0bd3a8113ba5873ea4768a9a5a88471ac67eacb0088b1ef759c074de581e9,9eb0bd3a8113ba5873ea4768a9a5a88471ac67eacb0088b1ef759c074de581e9,seed11_solution013,13,13
xerces,11,stage3,COHESION,P3,descriptive preference sensitivity,results/stage3/subjects/xerces-j/declaration_method_body/formal/seed_11/projected_front_3d.csv,seed11_solution014,0.66146171469978554,0.66151914293439007,8.6812657226798166e-05,6,0.20885693745506831,8.3404892971975144,1.2819244026239243,0.38757607007336292,30,0.14496314496314497,0.011056511056511056,True,sha256:d12ec1ee16464aad43078150f71128012d6a7ad909cf4fb7959f043d84660eb1,d12ec1ee16464aad43078150f71128012d6a7ad909cf4fb7959f043d84660eb1,seed11_solution014,14,14
xerces,11,stage3,SEMANTIC,P4,descriptive preference sensitivity,results/stage3/subjects/xerces-j/declaration_method_body/formal/seed_11/projected_front_3d.csv,seed11_solution014,0.66146171469978554,0.66151914293439007,8.6812657226798166e-05,6,0.20885693745506831,8.3404892971975144,1.2819244026239243,0.38757607007336292,30,0.14496314496314497,0.011056511056511056,True,sha256:d12ec1ee16464aad43078150f71128012d6a7ad909cf4fb7959f043d84660eb1,d12ec1ee16464aad43078150f71128012d6a7ad909cf4fb7959f043d84660eb1,seed11_solution014,14,14
xerces,12,stage2,MODULARITY_ANCHOR,P0,historical/reference modularity anchor,results/stage2/subjects/xerces-j/nsga/robustness_final_30seeds/seed_12/pareto_front.csv,seed12_solution018,0.66151914293439007,0.66151914293439007,0,5,0.20879942487419123,8.3364368715408244,1.2825952905919755,0.38873194738704031,30,0.14496314496314497,0.012285012285012284,True,sha256:7ac2d316f7dea8289f02a4182899b6b37a5711a0b74918ae2732190ec6442d32,7ac2d316f7dea8289f02a4182899b6b37a5711a0b74918ae2732190ec6442d32,seed12_solution018,18,
xerces,12,stage2,BALANCE,P1,primary reporting profile,results/stage2/subjects/xerces-j/nsga/robustness_final_30seeds/seed_12/pareto_front.csv,seed12_solution022,0.62961131728515973,0.66151914293439007,0.048234168262603065,5,0.24264557872034506,0.89467946900540707,1.1895571749773652,0.42056790925721621,28,0.14496314496314497,0.0012285012285012285,True,sha256:009bfb5a575c7ed992f015db0bfc644a44f0e29d4a873bf4c49f2b97758d1307,009bfb5a575c7ed992f015db0bfc644a44f0e29d4a873bf4c49f2b97758d1307,seed12_solution022,22,
xerces,12,stage2,COUPLING,P2,descriptive preference sensitivity,results/stage2/subjects/xerces-j/nsga/robustness_final_30seeds/seed_12/pareto_front.csv,seed12_solution018,0.66151914293439007,0.66151914293439007,0,5,0.20879942487419123,8.3364368715408244,1.2825952905919755,0.38873194738704031,30,0.14496314496314497,0.012285012285012284,True,sha256:7ac2d316f7dea8289f02a4182899b6b37a5711a0b74918ae2732190ec6442d32,7ac2d316f7dea8289f02a4182899b6b37a5711a0b74918ae2732190ec6442d32,seed12_solution018,18,
xerces,12,stage2,COHESION,P3,descriptive preference sensitivity,results/stage2/subjects/xerces-j/nsga/robustness_final_30seeds/seed_12/pareto_front.csv,seed12_solution021,0.63875170948499327,0.66151914293439007,0.034416892833069368,5,0.23335729690869877,8.6035113233532297,1.2288414762237387,0.42459644171501865,29,0.14373464373464373,0.0049140049140049139,True,sha256:2046746e6b485471d192cc7f1ee267ab1c46062c33371afe983afdb63cd36ae3,2046746e6b485471d192cc7f1ee267ab1c46062c33371afe983afdb63cd36ae3,seed12_solution021,21,
xerces,12,stage2,SEMANTIC,P4,descriptive preference sensitivity,results/stage2/subjects/xerces-j/nsga/robustness_final_30seeds/seed_12/pareto_front.csv,seed12_solution018,0.66151914293439007,0.66151914293439007,0,5,0.20879942487419123,8.3364368715408244,1.2825952905919755,0.38873194738704031,30,0.14496314496314497,0.012285012285012284,True,sha256:7ac2d316f7dea8289f02a4182899b6b37a5711a0b74918ae2732190ec6442d32,7ac2d316f7dea8289f02a4182899b6b37a5711a0b74918ae2732190ec6442d32,seed12_solution018,18,
xerces,12,stage3,MODULARITY_ANCHOR,P0,historical/reference modularity anchor,results/stage3/subjects/xerces-j/declaration_method_body/formal/seed_12/projected_front_3d.csv,seed12_solution013,0.66142452130132834,0.66142452130132834,0,4,0.20891445003594536,8.3204850755890281,1.2790603534775598,0.38916781974038428,30,0.14496314496314497,0.012285012285012284,True,sha256:a19f5337c72680726cb0941cb1c8f5a02d89458b489d623e140d16372cf06f57,a19f5337c72680726cb0941cb1c8f5a02d89458b489d623e140d16372cf06f57,seed12_solution013,9,13
xerces,12,stage3,BALANCE,P1,primary reporting profile,results/stage3/subjects/xerces-j/declaration_method_body/formal/seed_12/projected_front_3d.csv,seed12_solution016,0.63091153037320458,0.66142452130132834,0.046132234208811275,4,0.23830337886412653,8.9090080251738719,1.2083082445374471,0.39939752455548461,28,0.14004914004914004,0.0098280098280098278,True,sha256:ebf05a97124ac4f96af4625aa6d229a72176963ab00c499e3407dfc81799a10f,ebf05a97124ac4f96af4625aa6d229a72176963ab00c499e3407dfc81799a10f,seed12_solution016,12,16
xerces,12,stage3,COUPLING,P2,descriptive preference sensitivity,results/stage3/subjects/xerces-j/declaration_method_body/formal/seed_12/projected_front_3d.csv,seed12_solution013,0.66142452130132834,0.66142452130132834,0,4,0.20891445003594536,8.3204850755890281,1.2790603534775598,0.38916781974038428,30,0.14496314496314497,0.012285012285012284,True,sha256:a19f5337c72680726cb0941cb1c8f5a02d89458b489d623e140d16372cf06f57,a19f5337c72680726cb0941cb1c8f5a02d89458b489d623e140d16372cf06f57,seed12_solution013,9,13
xerces,12,stage3,COHESION,P3,descriptive preference sensitivity,results/stage3/subjects/xerces-j/declaration_method_body/formal/seed_12/projected_front_3d.csv,seed12_solution016,0.63091153037320458,0.66142452130132834,0.046132234208811275,4,0.23830337886412653,8.9090080251738719,1.2083082445374471,0.39939752455548461,28,0.14004914004914004,0.0098280098280098278,True,sha256:ebf05a97124ac4f96af4625aa6d229a72176963ab00c499e3407dfc81799a10f,ebf05a97124ac4f96af4625aa6d229a72176963ab00c499e3407dfc81799a10f,seed12_solution016,12,16
xerces,12,stage3,SEMANTIC,P4,descriptive preference sensitivity,results/stage3/subjects/xerces-j/declaration_method_body/formal/seed_12/projected_front_3d.csv,seed12_solution014,0.65979300060315782,0.66142452130132834,0.0024666770668867279,4,0.21043853342918764,8.3450825890605014,1.2821716127162717,0.38618843118982815,30,0.14496314496314497,0.0098280098280098278,True,sha256:de62401ed087ee8706d5c6f08ca3ef9c215f87c1ec68f63e75e94a43cf87e4fe,de62401ed087ee8706d5c6f08ca3ef9c215f87c1ec68f63e75e94a43cf87e4fe,seed12_solution014,10,14
xerces,13,stage2,MODULARITY_ANCHOR,P0,historical/reference modularity anchor,results/stage2/subjects/xerces-j/nsga/robustness_final_30seeds/seed_13/pareto_front.csv,seed13_solution019,0.66151914293439007,0.66151914293439007,0,4,0.20879942487419123,8.6181944987648667,1.2485924679897535,0.38873194738704031,29,0.14496314496314497,0.011056511056511056,True,sha256:7f3e4b4e807c7d9ffddf53279f2bb425f886397877287d4233d40821adc31e60,7f3e4b4e807c7d9ffddf53279f2bb425f886397877287d4233d40821adc31e60,seed13_solution019,19,
xerces,13,stage2,BALANCE,P1,primary reporting profile,results/stage2/subjects/xerces-j/nsga/robustness_final_30seeds/seed_13/pareto_front.csv,seed13_solution022,0.64438634189907795,0.66151914293439007,0.025899176491422201,4,0.22711718188353702,2.2771743943854217,1.1834312447601769,0.42794880692530179,28,0.14250614250614252,0.0012285012285012285,True,sha256:fbc5af922adad298551fd9496251c7828fbec464a4e231a23fca81b466fc5ea1,fbc5af922adad298551fd9496251c7828fbec464a4e231a23fca81b466fc5ea1,seed13_solution022,22,
xerces,13,stage2,COUPLING,P2,descriptive preference sensitivity,results/stage2/subjects/xerces-j/nsga/robustness_final_30seeds/seed_13/pareto_front.csv,seed13_solution019,0.66151914293439007,0.66151914293439007,0,4,0.20879942487419123,8.6181944987648667,1.2485924679897535,0.38873194738704031,29,0.14496314496314497,0.011056511056511056,True,sha256:7f3e4b4e807c7d9ffddf53279f2bb425f886397877287d4233d40821adc31e60,7f3e4b4e807c7d9ffddf53279f2bb425f886397877287d4233d40821adc31e60,seed13_solution019,19,
xerces,13,stage2,COHESION,P3,descriptive preference sensitivity,results/stage2/subjects/xerces-j/nsga/robustness_final_30seeds/seed_13/pareto_front.csv,seed13_solution019,0.66151914293439007,0.66151914293439007,0,4,0.20879942487419123,8.6181944987648667,1.2485924679897535,0.38873194738704031,29,0.14496314496314497,0.011056511056511056,True,sha256:7f3e4b4e807c7d9ffddf53279f2bb425f886397877287d4233d40821adc31e60,7f3e4b4e807c7d9ffddf53279f2bb425f886397877287d4233d40821adc31e60,seed13_solution019,19,
xerces,13,stage2,SEMANTIC,P4,descriptive preference sensitivity,results/stage2/subjects/xerces-j/nsga/robustness_final_30seeds/seed_13/pareto_front.csv,seed13_solution019,0.66151914293439007,0.66151914293439007,0,4,0.20879942487419123,8.6181944987648667,1.2485924679897535,0.38873194738704031,29,0.14496314496314497,0.011056511056511056,True,sha256:7f3e4b4e807c7d9ffddf53279f2bb425f886397877287d4233d40821adc31e60,7f3e4b4e807c7d9ffddf53279f2bb425f886397877287d4233d40821adc31e60,seed13_solution019,19,
xerces,13,stage3,MODULARITY_ANCHOR,P0,historical/reference modularity anchor,results/stage3/subjects/xerces-j/declaration_method_body/formal/seed_13/projected_front_3d.csv,seed13_solution015,0.66151914293439007,0.66151914293439007,0,5,0.20879942487419123,8.6181944987648667,1.2485924679897535,0.38873194738704031,29,0.14496314496314497,0.011056511056511056,True,sha256:7f3e4b4e807c7d9ffddf53279f2bb425f886397877287d4233d40821adc31e60,7f3e4b4e807c7d9ffddf53279f2bb425f886397877287d4233d40821adc31e60,seed13_solution015,13,15
xerces,13,stage3,BALANCE,P1,primary reporting profile,results/stage3/subjects/xerces-j/declaration_method_body/formal/seed_13/projected_front_3d.csv,seed13_solution018,0.65003977236844801,0.66151914293439007,0.017353043654974913,5,0.22156721782890007,3.6856038536791447,1.1948385517465956,0.41448247871602184,28,0.14250614250614252,0.0049140049140049139,True,sha256:ac438bd46d28dab1a6faa889d32ff5f020f67c857d5a060c5a2cf6b1d91c0a25,ac438bd46d28dab1a6faa889d32ff5f020f67c857d5a060c5a2cf6b1d91c0a25,seed13_solution018,16,18
xerces,13,stage3,COUPLING,P2,descriptive preference sensitivity,results/stage3/subjects/xerces-j/declaration_method_body/formal/seed_13/projected_front_3d.csv,seed13_solution015,0.66151914293439007,0.66151914293439007,0,5,0.20879942487419123,8.6181944987648667,1.2485924679897535,0.38873194738704031,29,0.14496314496314497,0.011056511056511056,True,sha256:7f3e4b4e807c7d9ffddf53279f2bb425f886397877287d4233d40821adc31e60,7f3e4b4e807c7d9ffddf53279f2bb425f886397877287d4233d40821adc31e60,seed13_solution015,13,15
xerces,13,stage3,COHESION,P3,descriptive preference sensitivity,results/stage3/subjects/xerces-j/declaration_method_body/formal/seed_13/projected_front_3d.csv,seed13_solution019,0.63660653611257345,0.66151914293439007,0.037659691466082744,5,0.23715312724658519,8.6319162349610732,1.2220555721527762,0.41099784317616572,29,0.14127764127764128,0.0024570024570024569,True,sha256:714ad4d6c8bd7afe3bd03c9fff3428036185158aeca2b94842b32c61447c8147,714ad4d6c8bd7afe3bd03c9fff3428036185158aeca2b94842b32c61447c8147,seed13_solution019,17,19
xerces,13,stage3,SEMANTIC,P4,descriptive preference sensitivity,results/stage3/subjects/xerces-j/declaration_method_body/formal/seed_13/projected_front_3d.csv,seed13_solution015,0.66151914293439007,0.66151914293439007,0,5,0.20879942487419123,8.6181944987648667,1.2485924679897535,0.38873194738704031,29,0.14496314496314497,0.011056511056511056,True,sha256:7f3e4b4e807c7d9ffddf53279f2bb425f886397877287d4233d40821adc31e60,7f3e4b4e807c7d9ffddf53279f2bb425f886397877287d4233d40821adc31e60,seed13_solution015,13,15
xerces,14,stage2,MODULARITY_ANCHOR,P0,historical/reference modularity anchor,results/stage2/subjects/xerces-j/nsga/robustness_final_30seeds/seed_14/pareto_front.csv,seed14_solution015,0.66151914293439007,0.66151914293439007,0,5,0.20879942487419123,8.0687653361834233,1.314526165589089,0.38873194738704031,31,0.14496314496314497,0.013513513513513514,True,sha256:9eb0bd3a8113ba5873ea4768a9a5a88471ac67eacb0088b1ef759c074de581e9,9eb0bd3a8113ba5873ea4768a9a5a88471ac67eacb0088b1ef759c074de581e9,seed14_solution015,15,
xerces,14,stage2,BALANCE,P1,primary reporting profile,results/stage2/subjects/xerces-j/nsga/robustness_final_30seeds/seed_14/pareto_front.csv,seed14_solution019,0.64119572376804923,0.66151914293439007,0.030722344747560134,5,0.22996405463695183,8.289614165721126,1.2684678233359445,0.40866074739916891,30,0.14004914004914004,0.0085995085995085995,True,sha256:e309bcbfd1f1a826d6b7075a426109b58b15d77fa791fe6a95e4158f6d551021,e309bcbfd1f1a826d6b7075a426109b58b15d77fa791fe6a95e4158f6d551021,seed14_solution019,19,
xerces,14,stage2,COUPLING,P2,descriptive preference sensitivity,results/stage2/subjects/xerces-j/nsga/robustness_final_30seeds/seed_14/pareto_front.csv,seed14_solution015,0.66151914293439007,0.66151914293439007,0,5,0.20879942487419123,8.0687653361834233,1.314526165589089,0.38873194738704031,31,0.14496314496314497,0.013513513513513514,True,sha256:9eb0bd3a8113ba5873ea4768a9a5a88471ac67eacb0088b1ef759c074de581e9,9eb0bd3a8113ba5873ea4768a9a5a88471ac67eacb0088b1ef759c074de581e9,seed14_solution015,15,
xerces,14,stage2,COHESION,P3,descriptive preference sensitivity,results/stage2/subjects/xerces-j/nsga/robustness_final_30seeds/seed_14/pareto_front.csv,seed14_solution019,0.64119572376804923,0.66151914293439007,0.030722344747560134,5,0.22996405463695183,8.289614165721126,1.2684678233359445,0.40866074739916891,30,0.14004914004914004,0.0085995085995085995,True,sha256:e309bcbfd1f1a826d6b7075a426109b58b15d77fa791fe6a95e4158f6d551021,e309bcbfd1f1a826d6b7075a426109b58b15d77fa791fe6a95e4158f6d551021,seed14_solution019,19,
xerces,14,stage2,SEMANTIC,P4,descriptive preference sensitivity,results/stage2/subjects/xerces-j/nsga/robustness_final_30seeds/seed_14/pareto_front.csv,seed14_solution015,0.66151914293439007,0.66151914293439007,0,5,0.20879942487419123,8.0687653361834233,1.314526165589089,0.38873194738704031,31,0.14496314496314497,0.013513513513513514,True,sha256:9eb0bd3a8113ba5873ea4768a9a5a88471ac67eacb0088b1ef759c074de581e9,9eb0bd3a8113ba5873ea4768a9a5a88471ac67eacb0088b1ef759c074de581e9,seed14_solution015,15,
xerces,14,stage3,MODULARITY_ANCHOR,P0,historical/reference modularity anchor,results/stage3/subjects/xerces-j/declaration_method_body/formal/seed_14/projected_front_3d.csv,seed14_solution014,0.66120778693885329,0.66120778693885329,0,5,0.20897196261682244,8.0677460510329908,1.3143837927453998,0.38600427115074054,31,0.14496314496314497,0.013513513513513514,True,sha256:d0f2e08ad7b2744a4dbb94ff43ef93cd39d2dfee6a84064aca5b4063c3a792cb,d0f2e08ad7b2744a4dbb94ff43ef93cd39d2dfee6a84064aca5b4063c3a792cb,seed14_solution014,10,14
xerces,14,stage3,BALANCE,P1,primary reporting profile,results/stage3/subjects/xerces-j/declaration_method_body/formal/seed_14/projected_front_3d.csv,seed14_solution016,0.64871416195623177,0.66120778693885329,0.018895157058664371,5,0.22248741912293316,2.1190384145901366,1.2638549333926694,0.4123052997105876,30,0.14127764127764128,0.0073710073710073713,True,sha256:5629d0f3f80c8cecab68bbdc5697c18e46b0a0b72d49009ef582036a160d86c0,5629d0f3f80c8cecab68bbdc5697c18e46b0a0b72d49009ef582036a160d86c0,seed14_solution016,12,16
xerces,14,stage3,COUPLING,P2,descriptive preference sensitivity,results/stage3/subjects/xerces-j/declaration_method_body/formal/seed_14/projected_front_3d.csv,seed14_solution014,0.66120778693885329,0.66120778693885329,0,5,0.20897196261682244,8.0677460510329908,1.3143837927453998,0.38600427115074054,31,0.14496314496314497,0.013513513513513514,True,sha256:d0f2e08ad7b2744a4dbb94ff43ef93cd39d2dfee6a84064aca5b4063c3a792cb,d0f2e08ad7b2744a4dbb94ff43ef93cd39d2dfee6a84064aca5b4063c3a792cb,seed14_solution014,10,14
xerces,14,stage3,COHESION,P3,descriptive preference sensitivity,results/stage3/subjects/xerces-j/declaration_method_body/formal/seed_14/projected_front_3d.csv,seed14_solution018,0.63039893574852346,0.66120778693885329,0.046594809980934106,5,0.24414090582314882,8.3793147453070507,1.2670749997969755,0.40283423012614006,30,0.14373464373464373,0.0049140049140049139,True,sha256:d8bee2ba7833d6ac26dad009f1163fd6ea3fd5a7e1a6812cfb71a4469bb4d279,d8bee2ba7833d6ac26dad009f1163fd6ea3fd5a7e1a6812cfb71a4469bb4d279,seed14_solution018,14,18
xerces,14,stage3,SEMANTIC,P4,descriptive preference sensitivity,results/stage3/subjects/xerces-j/declaration_method_body/formal/seed_14/projected_front_3d.csv,seed14_solution014,0.66120778693885329,0.66120778693885329,0,5,0.20897196261682244,8.0677460510329908,1.3143837927453998,0.38600427115074054,31,0.14496314496314497,0.013513513513513514,True,sha256:d0f2e08ad7b2744a4dbb94ff43ef93cd39d2dfee6a84064aca5b4063c3a792cb,d0f2e08ad7b2744a4dbb94ff43ef93cd39d2dfee6a84064aca5b4063c3a792cb,seed14_solution014,10,14
xerces,15,stage2,MODULARITY_ANCHOR,P0,historical/reference modularity anchor,results/stage2/subjects/xerces-j/nsga/robustness_final_30seeds/seed_15/pareto_front.csv,seed15_solution018,0.65984446878130265,0.65984446878130265,0,4,0.21035226455787204,8.0888134473158964,1.3192513138601827,0.39163753391454481,31,0.14496314496314497,0.013513513513513514,True,sha256:f7a8f3244d39858a280af7c7e8e86031660789af8d1bb7d9dfc371af70fe5c00,f7a8f3244d39858a280af7c7e8e86031660789af8d1bb7d9dfc371af70fe5c00,seed15_solution018,18,
xerces,15,stage2,BALANCE,P1,primary reporting profile,results/stage2/subjects/xerces-j/nsga/robustness_final_30seeds/seed_15/pareto_front.csv,seed15_solution021,0.63595934757746841,0.65984446878130265,0.03619810778735294,4,0.23396117900790797,8.5943412179631835,1.2501688697817359,0.40247818583387029,29,0.14619164619164618,0.0073710073710073713,True,sha256:1cbe7fa7890ef0c999ebb435edf329db690f4d42fab4cfb738a9448e3f443320,1cbe7fa7890ef0c999ebb435edf329db690f4d42fab4cfb738a9448e3f443320,seed15_solution021,21,
xerces,15,stage2,COUPLING,P2,descriptive preference sensitivity,results/stage2/subjects/xerces-j/nsga/robustness_final_30seeds/seed_15/pareto_front.csv,seed15_solution018,0.65984446878130265,0.65984446878130265,0,4,0.21035226455787204,8.0888134473158964,1.3192513138601827,0.39163753391454481,31,0.14496314496314497,0.013513513513513514,True,sha256:f7a8f3244d39858a280af7c7e8e86031660789af8d1bb7d9dfc371af70fe5c00,f7a8f3244d39858a280af7c7e8e86031660789af8d1bb7d9dfc371af70fe5c00,seed15_solution018,18,
xerces,15,stage2,COHESION,P3,descriptive preference sensitivity,results/stage2/subjects/xerces-j/nsga/robustness_final_30seeds/seed_15/pareto_front.csv,seed15_solution020,0.63709013339840603,0.65984446878130265,0.034484392094583524,4,0.23266714593817397,8.5993523275934152,1.2533157250559581,0.39733609218043686,29,0.14619164619164618,0.0073710073710073713,True,sha256:1d06514cd63d0e80cda411ff407f8b74e6175d8dbcc3253e2c5e4cbf3aaa5bbc,1d06514cd63d0e80cda411ff407f8b74e6175d8dbcc3253e2c5e4cbf3aaa5bbc,seed15_solution020,20,
xerces,15,stage2,SEMANTIC,P4,descriptive preference sensitivity,results/stage2/subjects/xerces-j/nsga/robustness_final_30seeds/seed_15/pareto_front.csv,seed15_solution018,0.65984446878130265,0.65984446878130265,0,4,0.21035226455787204,8.0888134473158964,1.3192513138601827,0.39163753391454481,31,0.14496314496314497,0.013513513513513514,True,sha256:f7a8f3244d39858a280af7c7e8e86031660789af8d1bb7d9dfc371af70fe5c00,f7a8f3244d39858a280af7c7e8e86031660789af8d1bb7d9dfc371af70fe5c00,seed15_solution018,18,
xerces,15,stage3,MODULARITY_ANCHOR,P0,historical/reference modularity anchor,results/stage3/subjects/xerces-j/declaration_method_body/formal/seed_15/projected_front_3d.csv,seed15_solution015,0.65993907015472208,0.65993907015472208,0,6,0.21040977713874909,8.1183925075533239,1.319995843706075,0.393203020082174,31,0.14496314496314497,0.013513513513513514,True,sha256:b6b8dbfe457fdb3c9fa6e74a21955f24df525009111fa5bfe0a31e61037c1c85,b6b8dbfe457fdb3c9fa6e74a21955f24df525009111fa5bfe0a31e61037c1c85,seed15_solution015,12,15
xerces,15,stage3,BALANCE,P1,primary reporting profile,results/stage3/subjects/xerces-j/declaration_method_body/formal/seed_15/projected_front_3d.csv,seed15_solution020,0.6328190209113822,0.65993907015472208,0.041094777487536253,6,0.24074766355140187,2.5733868246828808,1.1821450558596727,0.41774528024655555,28,0.14496314496314497,0.0061425061425061421,True,sha256:8520be18396e80c82da4169cdaf9d410948d5fcca46be367d6535b8f320f1e1f,8520be18396e80c82da4169cdaf9d410948d5fcca46be367d6535b8f320f1e1f,seed15_solution020,17,20
xerces,15,stage3,COUPLING,P2,descriptive preference sensitivity,results/stage3/subjects/xerces-j/declaration_method_body/formal/seed_15/projected_front_3d.csv,seed15_solution015,0.65993907015472208,0.65993907015472208,0,6,0.21040977713874909,8.1183925075533239,1.319995843706075,0.393203020082174,31,0.14496314496314497,0.013513513513513514,True,sha256:b6b8dbfe457fdb3c9fa6e74a21955f24df525009111fa5bfe0a31e61037c1c85,b6b8dbfe457fdb3c9fa6e74a21955f24df525009111fa5bfe0a31e61037c1c85,seed15_solution015,12,15
xerces,15,stage3,COHESION,P3,descriptive preference sensitivity,results/stage3/subjects/xerces-j/declaration_method_body/formal/seed_15/projected_front_3d.csv,seed15_solution019,0.6374166849537739,0.65993907015472208,0.034127976686799025,6,0.23439252336448599,8.2339225137884355,1.2629590134910735,0.40632748679280961,30,0.14250614250614252,0.0098280098280098278,True,sha256:c7db866400db5fd65d9a2eb78e13656333d060eaa7c595ce140e8e5b7491cb84,c7db866400db5fd65d9a2eb78e13656333d060eaa7c595ce140e8e5b7491cb84,seed15_solution019,16,19
xerces,15,stage3,SEMANTIC,P4,descriptive preference sensitivity,results/stage3/subjects/xerces-j/declaration_method_body/formal/seed_15/projected_front_3d.csv,seed15_solution018,0.64086635984333684,0.65993907015472208,0.028900713980934127,6,0.22826743350107837,8.0571020593944862,1.3145617563906973,0.38515803276901828,31,0.14496314496314497,0.013513513513513514,True,sha256:dfcf6e055f1337f84863df96dbb3699f849a244ee5a6a737e7291fe224eb1974,dfcf6e055f1337f84863df96dbb3699f849a244ee5a6a737e7291fe224eb1974,seed15_solution018,15,18
xerces,16,stage2,MODULARITY_ANCHOR,P0,historical/reference modularity anchor,results/stage2/subjects/xerces-j/nsga/robustness_final_30seeds/seed_16/pareto_front.csv,seed16_solution020,0.66151914293439007,0.66151914293439007,0,3,0.20879942487419123,8.3349816763136975,1.2825599894479043,0.38873194738704031,30,0.14496314496314497,0.012285012285012284,True,sha256:e1d8ac182d10b995e6c167b292cabd82f439d69cdfcfde0da560f9bc81f8d7d3,e1d8ac182d10b995e6c167b292cabd82f439d69cdfcfde0da560f9bc81f8d7d3,seed16_solution020,20,
xerces,16,stage2,BALANCE,P1,primary reporting profile,results/stage2/subjects/xerces-j/nsga/robustness_final_30seeds/seed_16/pareto_front.csv,seed16_solution022,0.63400255085456736,0.66151914293439007,0.041596063203497992,3,0.237411933860532,8.8693193089230284,1.1989693670726742,0.41115176154927913,28,0.14373464373464373,0.0049140049140049139,True,sha256:9f476ad66ebc57ba28685c39faec410d6c3f9797ad37056c8d49af866f8105e2,9f476ad66ebc57ba28685c39faec410d6c3f9797ad37056c8d49af866f8105e2,seed16_solution022,22,
xerces,16,stage2,COUPLING,P2,descriptive preference sensitivity,results/stage2/subjects/xerces-j/nsga/robustness_final_30seeds/seed_16/pareto_front.csv,seed16_solution020,0.66151914293439007,0.66151914293439007,0,3,0.20879942487419123,8.3349816763136975,1.2825599894479043,0.38873194738704031,30,0.14496314496314497,0.012285012285012284,True,sha256:e1d8ac182d10b995e6c167b292cabd82f439d69cdfcfde0da560f9bc81f8d7d3,e1d8ac182d10b995e6c167b292cabd82f439d69cdfcfde0da560f9bc81f8d7d3,seed16_solution020,20,
xerces,16,stage2,COHESION,P3,descriptive preference sensitivity,results/stage2/subjects/xerces-j/nsga/robustness_final_30seeds/seed_16/pareto_front.csv,seed16_solution022,0.63400255085456736,0.66151914293439007,0.041596063203497992,3,0.237411933860532,8.8693193089230284,1.1989693670726742,0.41115176154927913,28,0.14373464373464373,0.0049140049140049139,True,sha256:9f476ad66ebc57ba28685c39faec410d6c3f9797ad37056c8d49af866f8105e2,9f476ad66ebc57ba28685c39faec410d6c3f9797ad37056c8d49af866f8105e2,seed16_solution022,22,
xerces,16,stage2,SEMANTIC,P4,descriptive preference sensitivity,results/stage2/subjects/xerces-j/nsga/robustness_final_30seeds/seed_16/pareto_front.csv,seed16_solution020,0.66151914293439007,0.66151914293439007,0,3,0.20879942487419123,8.3349816763136975,1.2825599894479043,0.38873194738704031,30,0.14496314496314497,0.012285012285012284,True,sha256:e1d8ac182d10b995e6c167b292cabd82f439d69cdfcfde0da560f9bc81f8d7d3,e1d8ac182d10b995e6c167b292cabd82f439d69cdfcfde0da560f9bc81f8d7d3,seed16_solution020,20,
xerces,16,stage3,MODULARITY_ANCHOR,P0,historical/reference modularity anchor,results/stage3/subjects/xerces-j/declaration_method_body/formal/seed_16/projected_front_3d.csv,seed16_solution015,0.66079980153820161,0.66079980153820161,0,7,0.20925952552120777,8.0696646119455497,1.3169086225867788,0.3869913038635453,31,0.14496314496314497,0.013513513513513514,True,sha256:e15d25a10609ca44b55a1050778ac775020e538258d20a52e0a179589b04b32d,e15d25a10609ca44b55a1050778ac775020e538258d20a52e0a179589b04b32d,seed16_solution015,14,15
xerces,16,stage3,BALANCE,P1,primary reporting profile,results/stage3/subjects/xerces-j/declaration_method_body/formal/seed_16/projected_front_3d.csv,seed16_solution021,0.63557659949114587,0.66079980153820161,0.038170716741048487,7,0.23683680805176133,2.4050572804392867,1.1818232899203589,0.43742951180693834,28,0.14373464373464373,0.0012285012285012285,True,sha256:900b4917247c187c54b817dd1e26a4c1c09b58a4b00423171f1f5fbf4becc5c8,900b4917247c187c54b817dd1e26a4c1c09b58a4b00423171f1f5fbf4becc5c8,seed16_solution021,20,21
xerces,16,stage3,COUPLING,P2,descriptive preference sensitivity,results/stage3/subjects/xerces-j/declaration_method_body/formal/seed_16/projected_front_3d.csv,seed16_solution015,0.66079980153820161,0.66079980153820161,0,7,0.20925952552120777,8.0696646119455497,1.3169086225867788,0.3869913038635453,31,0.14496314496314497,0.013513513513513514,True,sha256:e15d25a10609ca44b55a1050778ac775020e538258d20a52e0a179589b04b32d,e15d25a10609ca44b55a1050778ac775020e538258d20a52e0a179589b04b32d,seed16_solution015,14,15
xerces,16,stage3,COHESION,P3,descriptive preference sensitivity,results/stage3/subjects/xerces-j/declaration_method_body/formal/seed_16/projected_front_3d.csv,seed16_solution020,0.64123238173305253,0.66079980153820161,0.029611721673645015,7,0.23189072609633357,8.9848856844388525,1.1866050058770492,0.42201350825811967,28,0.14373464373464373,0.0024570024570024569,True,sha256:a40eb67811c02879bfe57a27e3cd6d95bae7ae06717aefaa74a3f65ec8b6e881,a40eb67811c02879bfe57a27e3cd6d95bae7ae06717aefaa74a3f65ec8b6e881,seed16_solution020,19,20
xerces,16,stage3,SEMANTIC,P4,descriptive preference sensitivity,results/stage3/subjects/xerces-j/declaration_method_body/formal/seed_16/projected_front_3d.csv,seed16_solution015,0.66079980153820161,0.66079980153820161,0,7,0.20925952552120777,8.0696646119455497,1.3169086225867788,0.3869913038635453,31,0.14496314496314497,0.013513513513513514,True,sha256:e15d25a10609ca44b55a1050778ac775020e538258d20a52e0a179589b04b32d,e15d25a10609ca44b55a1050778ac775020e538258d20a52e0a179589b04b32d,seed16_solution015,14,15
xerces,17,stage2,MODULARITY_ANCHOR,P0,historical/reference modularity anchor,results/stage2/subjects/xerces-j/nsga/robustness_final_30seeds/seed_17/pareto_front.csv,seed17_solution017,0.66151914293439007,0.66151914293439007,0,2,0.20879942487419123,8.3326736756723641,1.2810057760306768,0.38873194738704031,30,0.14496314496314497,0.012285012285012284,True,sha256:93a1cb69141a92624edf2a5c7626502888dfd50f4cbf4d8066df0a1a4709675b,93a1cb69141a92624edf2a5c7626502888dfd50f4cbf4d8066df0a1a4709675b,seed17_solution017,17,
xerces,17,stage2,BALANCE,P1,primary reporting profile,results/stage2/subjects/xerces-j/nsga/robustness_final_30seeds/seed_17/pareto_front.csv,seed17_solution018,0.6489239551166387,0.66151914293439007,0.019039793409274891,2,0.22312005751258088,8.6620131916023926,1.2407509664871845,0.39506008049944163,29,0.14496314496314497,0.0085995085995085995,True,sha256:8af6dd0e59feb992d300e519b317a23c1915fe092deefbb390111f842b8dc732,8af6dd0e59feb992d300e519b317a23c1915fe092deefbb390111f842b8dc732,seed17_solution018,18,
xerces,17,stage2,COUPLING,P2,descriptive preference sensitivity,results/stage2/subjects/xerces-j/nsga/robustness_final_30seeds/seed_17/pareto_front.csv,seed17_solution017,0.66151914293439007,0.66151914293439007,0,2,0.20879942487419123,8.3326736756723641,1.2810057760306768,0.38873194738704031,30,0.14496314496314497,0.012285012285012284,True,sha256:93a1cb69141a92624edf2a5c7626502888dfd50f4cbf4d8066df0a1a4709675b,93a1cb69141a92624edf2a5c7626502888dfd50f4cbf4d8066df0a1a4709675b,seed17_solution017,17,
xerces,17,stage2,COHESION,P3,descriptive preference sensitivity,results/stage2/subjects/xerces-j/nsga/robustness_final_30seeds/seed_17/pareto_front.csv,seed17_solution018,0.6489239551166387,0.66151914293439007,0.019039793409274891,2,0.22312005751258088,8.6620131916023926,1.2407509664871845,0.39506008049944163,29,0.14496314496314497,0.0085995085995085995,True,sha256:8af6dd0e59feb992d300e519b317a23c1915fe092deefbb390111f842b8dc732,8af6dd0e59feb992d300e519b317a23c1915fe092deefbb390111f842b8dc732,seed17_solution018,18,
xerces,17,stage2,SEMANTIC,P4,descriptive preference sensitivity,results/stage2/subjects/xerces-j/nsga/robustness_final_30seeds/seed_17/pareto_front.csv,seed17_solution017,0.66151914293439007,0.66151914293439007,0,2,0.20879942487419123,8.3326736756723641,1.2810057760306768,0.38873194738704031,30,0.14496314496314497,0.012285012285012284,True,sha256:93a1cb69141a92624edf2a5c7626502888dfd50f4cbf4d8066df0a1a4709675b,93a1cb69141a92624edf2a5c7626502888dfd50f4cbf4d8066df0a1a4709675b,seed17_solution017,17,
xerces,17,stage3,MODULARITY_ANCHOR,P0,historical/reference modularity anchor,results/stage3/subjects/xerces-j/declaration_method_body/formal/seed_17/projected_front_3d.csv,seed17_solution010,0.66151914293439007,0.66151914293439007,0,4,0.20879942487419123,8.0687653361834233,1.314526165589089,0.38873194738704031,31,0.14496314496314497,0.013513513513513514,True,sha256:9eb0bd3a8113ba5873ea4768a9a5a88471ac67eacb0088b1ef759c074de581e9,9eb0bd3a8113ba5873ea4768a9a5a88471ac67eacb0088b1ef759c074de581e9,seed17_solution010,9,10
xerces,17,stage3,BALANCE,P1,primary reporting profile,results/stage3/subjects/xerces-j/declaration_method_body/formal/seed_17/projected_front_3d.csv,seed17_solution015,0.63804501465466923,0.66151914293439007,0.035485183657110009,4,0.23755571531272465,8.9077253101776357,1.1922185104533194,0.39691527030500884,28,0.14496314496314497,0.0024570024570024569,True,sha256:0415f53ef8330de266d6658acbcd97950ec7e245e609219979d6f4aac9f72330,0415f53ef8330de266d6658acbcd97950ec7e245e609219979d6f4aac9f72330,seed17_solution015,12,15
xerces,17,stage3,COUPLING,P2,descriptive preference sensitivity,results/stage3/subjects/xerces-j/declaration_method_body/formal/seed_17/projected_front_3d.csv,seed17_solution010,0.66151914293439007,0.66151914293439007,0,4,0.20879942487419123,8.0687653361834233,1.314526165589089,0.38873194738704031,31,0.14496314496314497,0.013513513513513514,True,sha256:9eb0bd3a8113ba5873ea4768a9a5a88471ac67eacb0088b1ef759c074de581e9,9eb0bd3a8113ba5873ea4768a9a5a88471ac67eacb0088b1ef759c074de581e9,seed17_solution010,9,10
xerces,17,stage3,COHESION,P3,descriptive preference sensitivity,results/stage3/subjects/xerces-j/declaration_method_body/formal/seed_17/projected_front_3d.csv,seed17_solution015,0.63804501465466923,0.66151914293439007,0.035485183657110009,4,0.23755571531272465,8.9077253101776357,1.1922185104533194,0.39691527030500884,28,0.14496314496314497,0.0024570024570024569,True,sha256:0415f53ef8330de266d6658acbcd97950ec7e245e609219979d6f4aac9f72330,0415f53ef8330de266d6658acbcd97950ec7e245e609219979d6f4aac9f72330,seed17_solution015,12,15
xerces,17,stage3,SEMANTIC,P4,descriptive preference sensitivity,results/stage3/subjects/xerces-j/declaration_method_body/formal/seed_17/projected_front_3d.csv,seed17_solution010,0.66151914293439007,0.66151914293439007,0,4,0.20879942487419123,8.0687653361834233,1.314526165589089,0.38873194738704031,31,0.14496314496314497,0.013513513513513514,True,sha256:9eb0bd3a8113ba5873ea4768a9a5a88471ac67eacb0088b1ef759c074de581e9,9eb0bd3a8113ba5873ea4768a9a5a88471ac67eacb0088b1ef759c074de581e9,seed17_solution010,9,10
xerces,18,stage2,MODULARITY_ANCHOR,P0,historical/reference modularity anchor,results/stage2/subjects/xerces-j/nsga/robustness_final_30seeds/seed_18/pareto_front.csv,seed18_solution019,0.65229451237571856,0.65229451237571856,0,3,0.21874910136592379,8.3274658203673901,1.2750540805464652,0.39723429384791087,30,0.14496314496314497,0.012285012285012284,True,sha256:842aca8606ccb0bd81d12884d97ed4102e988d3a14e77a6e50f4e593c1e966c2,842aca8606ccb0bd81d12884d97ed4102e988d3a14e77a6e50f4e593c1e966c2,seed18_solution019,19,
xerces,18,stage2,BALANCE,P1,primary reporting profile,results/stage2/subjects/xerces-j/nsga/robustness_final_30seeds/seed_18/pareto_front.csv,seed18_solution021,0.62032377722455934,0.65229451237571856,0.049012730514501446,3,0.25380301941049604,0.88897094695229495,1.2469402451630933,0.43605604691999011,30,0.14004914004914004,0.0061425061425061421,True,sha256:de8dc8da46d0ee09f340b274cd13913e3f31580053819c98023244984277ed7e,de8dc8da46d0ee09f340b274cd13913e3f31580053819c98023244984277ed7e,seed18_solution021,21,
xerces,18,stage2,COUPLING,P2,descriptive preference sensitivity,results/stage2/subjects/xerces-j/nsga/robustness_final_30seeds/seed_18/pareto_front.csv,seed18_solution019,0.65229451237571856,0.65229451237571856,0,3,0.21874910136592379,8.3274658203673901,1.2750540805464652,0.39723429384791087,30,0.14496314496314497,0.012285012285012284,True,sha256:842aca8606ccb0bd81d12884d97ed4102e988d3a14e77a6e50f4e593c1e966c2,842aca8606ccb0bd81d12884d97ed4102e988d3a14e77a6e50f4e593c1e966c2,seed18_solution019,19,
xerces,18,stage2,COHESION,P3,descriptive preference sensitivity,results/stage2/subjects/xerces-j/nsga/robustness_final_30seeds/seed_18/pareto_front.csv,seed18_solution019,0.65229451237571856,0.65229451237571856,0,3,0.21874910136592379,8.3274658203673901,1.2750540805464652,0.39723429384791087,30,0.14496314496314497,0.012285012285012284,True,sha256:842aca8606ccb0bd81d12884d97ed4102e988d3a14e77a6e50f4e593c1e966c2,842aca8606ccb0bd81d12884d97ed4102e988d3a14e77a6e50f4e593c1e966c2,seed18_solution019,19,
xerces,18,stage2,SEMANTIC,P4,descriptive preference sensitivity,results/stage2/subjects/xerces-j/nsga/robustness_final_30seeds/seed_18/pareto_front.csv,seed18_solution019,0.65229451237571856,0.65229451237571856,0,3,0.21874910136592379,8.3274658203673901,1.2750540805464652,0.39723429384791087,30,0.14496314496314497,0.012285012285012284,True,sha256:842aca8606ccb0bd81d12884d97ed4102e988d3a14e77a6e50f4e593c1e966c2,842aca8606ccb0bd81d12884d97ed4102e988d3a14e77a6e50f4e593c1e966c2,seed18_solution019,19,
xerces,18,stage3,MODULARITY_ANCHOR,P0,historical/reference modularity anchor,results/stage3/subjects/xerces-j/declaration_method_body/formal/seed_18/projected_front_3d.csv,seed18_solution011,0.65938533191448745,0.65938533191448745,0,6,0.21084112149532711,8.3565652775121269,1.280829041536546,0.38627660470144476,30,0.14496314496314497,0.0098280098280098278,True,sha256:b72fcdc6ab8fd6cd3819d1b33c303a7bd723fa447cc3f26b91d4a6e1c1221606,b72fcdc6ab8fd6cd3819d1b33c303a7bd723fa447cc3f26b91d4a6e1c1221606,seed18_solution011,10,11
xerces,18,stage3,BALANCE,P1,primary reporting profile,results/stage3/subjects/xerces-j/declaration_method_body/formal/seed_18/projected_front_3d.csv,seed18_solution015,0.64203523503514537,0.65938533191448745,0.026312530836812932,6,0.2313156002875629,2.4794102317002547,1.1606248695579156,0.41692181358163227,27,0.14250614250614252,0.0024570024570024569,True,sha256:841d0bdda02ec451a96df3fba34d465b1d99bce4de01434e952f1ae6a10c4698,841d0bdda02ec451a96df3fba34d465b1d99bce4de01434e952f1ae6a10c4698,seed18_solution015,14,15
xerces,18,stage3,COUPLING,P2,descriptive preference sensitivity,results/stage3/subjects/xerces-j/declaration_method_body/formal/seed_18/projected_front_3d.csv,seed18_solution011,0.65938533191448745,0.65938533191448745,0,6,0.21084112149532711,8.3565652775121269,1.280829041536546,0.38627660470144476,30,0.14496314496314497,0.0098280098280098278,True,sha256:b72fcdc6ab8fd6cd3819d1b33c303a7bd723fa447cc3f26b91d4a6e1c1221606,b72fcdc6ab8fd6cd3819d1b33c303a7bd723fa447cc3f26b91d4a6e1c1221606,seed18_solution011,10,11
xerces,18,stage3,COHESION,P3,descriptive preference sensitivity,results/stage3/subjects/xerces-j/declaration_method_body/formal/seed_18/projected_front_3d.csv,seed18_solution016,0.6328559530017811,0.65938533191448745,0.040233498727792166,6,0.24089144500359452,8.5449669437958491,1.2096003015140229,0.43227630180820886,29,0.14004914004914004,0.0061425061425061421,True,sha256:06eab2bdc7bac839a8e19c02493edf1cc4fc9e79c3b279888cc268553a04c980,06eab2bdc7bac839a8e19c02493edf1cc4fc9e79c3b279888cc268553a04c980,seed18_solution016,15,16
xerces,18,stage3,SEMANTIC,P4,descriptive preference sensitivity,results/stage3/subjects/xerces-j/declaration_method_body/formal/seed_18/projected_front_3d.csv,seed18_solution011,0.65938533191448745,0.65938533191448745,0,6,0.21084112149532711,8.3565652775121269,1.280829041536546,0.38627660470144476,30,0.14496314496314497,0.0098280098280098278,True,sha256:b72fcdc6ab8fd6cd3819d1b33c303a7bd723fa447cc3f26b91d4a6e1c1221606,b72fcdc6ab8fd6cd3819d1b33c303a7bd723fa447cc3f26b91d4a6e1c1221606,seed18_solution011,10,11
xerces,19,stage2,MODULARITY_ANCHOR,P0,historical/reference modularity anchor,results/stage2/subjects/xerces-j/nsga/robustness_final_30seeds/seed_19/pareto_front.csv,seed19_solution011,0.66151914293439007,0.66151914293439007,0,4,0.20879942487419123,8.0687653361834233,1.314526165589089,0.38873194738704031,31,0.14496314496314497,0.013513513513513514,True,sha256:9eb0bd3a8113ba5873ea4768a9a5a88471ac67eacb0088b1ef759c074de581e9,9eb0bd3a8113ba5873ea4768a9a5a88471ac67eacb0088b1ef759c074de581e9,seed19_solution011,11,
xerces,19,stage2,BALANCE,P1,primary reporting profile,results/stage2/subjects/xerces-j/nsga/robustness_final_30seeds/seed_19/pareto_front.csv,seed19_solution014,0.63991516790956848,0.66151914293439007,0.03265812524939174,4,0.23212077641984183,0.98318321869938097,1.2282714772877512,0.41248324942256542,29,0.14373464373464373,0.0061425061425061421,True,sha256:04904e982d475dfab09ee0be1e48e75762612d516fc58635e040c8f27a12e072,04904e982d475dfab09ee0be1e48e75762612d516fc58635e040c8f27a12e072,seed19_solution014,14,
xerces,19,stage2,COUPLING,P2,descriptive preference sensitivity,results/stage2/subjects/xerces-j/nsga/robustness_final_30seeds/seed_19/pareto_front.csv,seed19_solution011,0.66151914293439007,0.66151914293439007,0,4,0.20879942487419123,8.0687653361834233,1.314526165589089,0.38873194738704031,31,0.14496314496314497,0.013513513513513514,True,sha256:9eb0bd3a8113ba5873ea4768a9a5a88471ac67eacb0088b1ef759c074de581e9,9eb0bd3a8113ba5873ea4768a9a5a88471ac67eacb0088b1ef759c074de581e9,seed19_solution011,11,
xerces,19,stage2,COHESION,P3,descriptive preference sensitivity,results/stage2/subjects/xerces-j/nsga/robustness_final_30seeds/seed_19/pareto_front.csv,seed19_solution011,0.66151914293439007,0.66151914293439007,0,4,0.20879942487419123,8.0687653361834233,1.314526165589089,0.38873194738704031,31,0.14496314496314497,0.013513513513513514,True,sha256:9eb0bd3a8113ba5873ea4768a9a5a88471ac67eacb0088b1ef759c074de581e9,9eb0bd3a8113ba5873ea4768a9a5a88471ac67eacb0088b1ef759c074de581e9,seed19_solution011,11,
xerces,19,stage2,SEMANTIC,P4,descriptive preference sensitivity,results/stage2/subjects/xerces-j/nsga/robustness_final_30seeds/seed_19/pareto_front.csv,seed19_solution011,0.66151914293439007,0.66151914293439007,0,4,0.20879942487419123,8.0687653361834233,1.314526165589089,0.38873194738704031,31,0.14496314496314497,0.013513513513513514,True,sha256:9eb0bd3a8113ba5873ea4768a9a5a88471ac67eacb0088b1ef759c074de581e9,9eb0bd3a8113ba5873ea4768a9a5a88471ac67eacb0088b1ef759c074de581e9,seed19_solution011,11,
xerces,19,stage3,MODULARITY_ANCHOR,P0,historical/reference modularity anchor,results/stage3/subjects/xerces-j/declaration_method_body/formal/seed_19/projected_front_3d.csv,seed19_solution012,0.66139497447131834,0.66139497447131834,0,5,0.20911574406901509,8.069293873736445,1.3143481971247726,0.38528412233155418,31,0.14373464373464373,0.013513513513513514,True,sha256:6d7b4663932a1d857017b04268d2e532f3194debb9f241902c109bc2ade2884d,6d7b4663932a1d857017b04268d2e532f3194debb9f241902c109bc2ade2884d,seed19_solution012,12,12
xerces,19,stage3,BALANCE,P1,primary reporting profile,results/stage3/subjects/xerces-j/declaration_method_body/formal/seed_19/projected_front_3d.csv,seed19_solution014,0.64766321236294933,0.66139497447131834,0.020761818033687676,5,0.22524802300503236,2.3558681578942924,1.2492619267544187,0.40951318098413791,30,0.14373464373464373,0.0073710073710073713,True,sha256:a236220feea0e37660851812e87c7f4871e58c4d8382907f54e326d91fb678d1,a236220feea0e37660851812e87c7f4871e58c4d8382907f54e326d91fb678d1,seed19_solution014,14,14
xerces,19,stage3,COUPLING,P2,descriptive preference sensitivity,results/stage3/subjects/xerces-j/declaration_method_body/formal/seed_19/projected_front_3d.csv,seed19_solution012,0.66139497447131834,0.66139497447131834,0,5,0.20911574406901509,8.069293873736445,1.3143481971247726,0.38528412233155418,31,0.14373464373464373,0.013513513513513514,True,sha256:6d7b4663932a1d857017b04268d2e532f3194debb9f241902c109bc2ade2884d,6d7b4663932a1d857017b04268d2e532f3194debb9f241902c109bc2ade2884d,seed19_solution012,12,12
xerces,19,stage3,COHESION,P3,descriptive preference sensitivity,results/stage3/subjects/xerces-j/declaration_method_body/formal/seed_19/projected_front_3d.csv,seed19_solution012,0.66139497447131834,0.66139497447131834,0,5,0.20911574406901509,8.069293873736445,1.3143481971247726,0.38528412233155418,31,0.14373464373464373,0.013513513513513514,True,sha256:6d7b4663932a1d857017b04268d2e532f3194debb9f241902c109bc2ade2884d,6d7b4663932a1d857017b04268d2e532f3194debb9f241902c109bc2ade2884d,seed19_solution012,12,12
xerces,19,stage3,SEMANTIC,P4,descriptive preference sensitivity,results/stage3/subjects/xerces-j/declaration_method_body/formal/seed_19/projected_front_3d.csv,seed19_solution012,0.66139497447131834,0.66139497447131834,0,5,0.20911574406901509,8.069293873736445,1.3143481971247726,0.38528412233155418,31,0.14373464373464373,0.013513513513513514,True,sha256:6d7b4663932a1d857017b04268d2e532f3194debb9f241902c109bc2ade2884d,6d7b4663932a1d857017b04268d2e532f3194debb9f241902c109bc2ade2884d,seed19_solution012,12,12
xerces,20,stage2,MODULARITY_ANCHOR,P0,historical/reference modularity anchor,results/stage2/subjects/xerces-j/nsga/robustness_final_30seeds/seed_20/pareto_front.csv,seed20_solution019,0.65791229124686823,0.65791229124686823,0,4,0.21262401150251617,7.9917209638776052,1.3019018222022409,0.39845589002388926,31,0.14496314496314497,0.012285012285012284,True,sha256:280ac1afb1a64e203f041f3929a0e892c9afbe7e401d75b6464cd40ac0c09efb,280ac1afb1a64e203f041f3929a0e892c9afbe7e401d75b6464cd40ac0c09efb,seed20_solution019,19,
xerces,20,stage2,BALANCE,P1,primary reporting profile,results/stage2/subjects/xerces-j/nsga/robustness_final_30seeds/seed_20/pareto_front.csv,seed20_solution022,0.62934051820242942,0.65791229124686823,0.043427936253159057,4,0.24460100647016536,8.8917275754272751,1.186248826942371,0.42876358679564464,28,0.14373464373464373,0.0036855036855036856,True,sha256:4c68fddb6c3b9afbd3cebbae24d804e24324f8bdb97fca6fe9b8df8b6c801837,4c68fddb6c3b9afbd3cebbae24d804e24324f8bdb97fca6fe9b8df8b6c801837,seed20_solution022,22,
xerces,20,stage2,COUPLING,P2,descriptive preference sensitivity,results/stage2/subjects/xerces-j/nsga/robustness_final_30seeds/seed_20/pareto_front.csv,seed20_solution019,0.65791229124686823,0.65791229124686823,0,4,0.21262401150251617,7.9917209638776052,1.3019018222022409,0.39845589002388926,31,0.14496314496314497,0.012285012285012284,True,sha256:280ac1afb1a64e203f041f3929a0e892c9afbe7e401d75b6464cd40ac0c09efb,280ac1afb1a64e203f041f3929a0e892c9afbe7e401d75b6464cd40ac0c09efb,seed20_solution019,19,
xerces,20,stage2,COHESION,P3,descriptive preference sensitivity,results/stage2/subjects/xerces-j/nsga/robustness_final_30seeds/seed_20/pareto_front.csv,seed20_solution021,0.63603317371974732,0.65791229124686823,0.033255371298286339,4,0.23654924514737599,8.8929650379167207,1.1923248403151836,0.42111545796129413,28,0.14496314496314497,0.0036855036855036856,True,sha256:9a2d5908e4ce7b93435fb09ad8f4cae4fde6e8677971f1f4b3ff4f835aa4d3a1,9a2d5908e4ce7b93435fb09ad8f4cae4fde6e8677971f1f4b3ff4f835aa4d3a1,seed20_solution021,21,
xerces,20,stage2,SEMANTIC,P4,descriptive preference sensitivity,results/stage2/subjects/xerces-j/nsga/robustness_final_30seeds/seed_20/pareto_front.csv,seed20_solution019,0.65791229124686823,0.65791229124686823,0,4,0.21262401150251617,7.9917209638776052,1.3019018222022409,0.39845589002388926,31,0.14496314496314497,0.012285012285012284,True,sha256:280ac1afb1a64e203f041f3929a0e892c9afbe7e401d75b6464cd40ac0c09efb,280ac1afb1a64e203f041f3929a0e892c9afbe7e401d75b6464cd40ac0c09efb,seed20_solution019,19,
xerces,20,stage3,MODULARITY_ANCHOR,P0,historical/reference modularity anchor,results/stage3/subjects/xerces-j/declaration_method_body/formal/seed_20/projected_front_3d.csv,seed20_solution013,0.66151256723283647,0.66151256723283647,0,5,0.20879942487419123,8.0678961439896089,1.3140277931479822,0.38583617237821677,31,0.14496314496314497,0.013513513513513514,True,sha256:1efb8e844ae1c4e405b8cca036806b47f309af2e75022e17d9a3be43299d9332,1efb8e844ae1c4e405b8cca036806b47f309af2e75022e17d9a3be43299d9332,seed20_solution013,11,13
xerces,20,stage3,BALANCE,P1,primary reporting profile,results/stage3/subjects/xerces-j/declaration_method_body/formal/seed_20/projected_front_3d.csv,seed20_solution017,0.63217992548380808,0.66151256723283647,0.04434177550356954,5,0.23913731128684398,1.1730369540459293,1.1895926986137575,0.41397919873412703,28,0.14127764127764128,0.0036855036855036856,True,sha256:8b6d77d8ffdbc948e3d4cfc3b2dbb2551fb670f7d7fe19cf7f285976a3ddff30,8b6d77d8ffdbc948e3d4cfc3b2dbb2551fb670f7d7fe19cf7f285976a3ddff30,seed20_solution017,15,17
xerces,20,stage3,COUPLING,P2,descriptive preference sensitivity,results/stage3/subjects/xerces-j/declaration_method_body/formal/seed_20/projected_front_3d.csv,seed20_solution013,0.66151256723283647,0.66151256723283647,0,5,0.20879942487419123,8.0678961439896089,1.3140277931479822,0.38583617237821677,31,0.14496314496314497,0.013513513513513514,True,sha256:1efb8e844ae1c4e405b8cca036806b47f309af2e75022e17d9a3be43299d9332,1efb8e844ae1c4e405b8cca036806b47f309af2e75022e17d9a3be43299d9332,seed20_solution013,11,13
xerces,20,stage3,COHESION,P3,descriptive preference sensitivity,results/stage3/subjects/xerces-j/declaration_method_body/formal/seed_20/projected_front_3d.csv,seed20_solution013,0.66151256723283647,0.66151256723283647,0,5,0.20879942487419123,8.0678961439896089,1.3140277931479822,0.38583617237821677,31,0.14496314496314497,0.013513513513513514,True,sha256:1efb8e844ae1c4e405b8cca036806b47f309af2e75022e17d9a3be43299d9332,1efb8e844ae1c4e405b8cca036806b47f309af2e75022e17d9a3be43299d9332,seed20_solution013,11,13
xerces,20,stage3,SEMANTIC,P4,descriptive preference sensitivity,results/stage3/subjects/xerces-j/declaration_method_body/formal/seed_20/projected_front_3d.csv,seed20_solution013,0.66151256723283647,0.66151256723283647,0,5,0.20879942487419123,8.0678961439896089,1.3140277931479822,0.38583617237821677,31,0.14496314496314497,0.013513513513513514,True,sha256:1efb8e844ae1c4e405b8cca036806b47f309af2e75022e17d9a3be43299d9332,1efb8e844ae1c4e405b8cca036806b47f309af2e75022e17d9a3be43299d9332,seed20_solution013,11,13
xerces,21,stage2,MODULARITY_ANCHOR,P0,historical/reference modularity anchor,results/stage2/subjects/xerces-j/nsga/robustness_final_30seeds/seed_21/pareto_front.csv,seed21_solution019,0.66151914293439007,0.66151914293439007,0,4,0.20879942487419123,8.0687653361834233,1.314526165589089,0.38873194738704031,31,0.14496314496314497,0.013513513513513514,True,sha256:9eb0bd3a8113ba5873ea4768a9a5a88471ac67eacb0088b1ef759c074de581e9,9eb0bd3a8113ba5873ea4768a9a5a88471ac67eacb0088b1ef759c074de581e9,seed21_solution019,19,
xerces,21,stage2,BALANCE,P1,primary reporting profile,results/stage2/subjects/xerces-j/nsga/robustness_final_30seeds/seed_21/pareto_front.csv,seed21_solution022,0.63360001405773314,0.66151914293439007,0.042204566829029719,4,0.24115025161754133,8.5603955797526119,1.2240952933113811,0.40534809385190329,29,0.14127764127764128,0.0085995085995085995,True,sha256:556f69d258b7d1a717b6757ea2ff90b0d0d9131301a72740a271094667377204,556f69d258b7d1a717b6757ea2ff90b0d0d9131301a72740a271094667377204,seed21_solution022,22,
xerces,21,stage2,COUPLING,P2,descriptive preference sensitivity,results/stage2/subjects/xerces-j/nsga/robustness_final_30seeds/seed_21/pareto_front.csv,seed21_solution019,0.66151914293439007,0.66151914293439007,0,4,0.20879942487419123,8.0687653361834233,1.314526165589089,0.38873194738704031,31,0.14496314496314497,0.013513513513513514,True,sha256:9eb0bd3a8113ba5873ea4768a9a5a88471ac67eacb0088b1ef759c074de581e9,9eb0bd3a8113ba5873ea4768a9a5a88471ac67eacb0088b1ef759c074de581e9,seed21_solution019,19,
xerces,21,stage2,COHESION,P3,descriptive preference sensitivity,results/stage2/subjects/xerces-j/nsga/robustness_final_30seeds/seed_21/pareto_front.csv,seed21_solution021,0.64677209978290162,0.66151914293439007,0.022292692976461709,4,0.22602444284687276,8.5715699909445551,1.2407862407862409,0.39531199815458096,29,0.14496314496314497,0.011056511056511056,True,sha256:b6cc74d9dbe9fd47c23b976374a677d78b8405d3425e38d239384b35ce3b23bf,b6cc74d9dbe9fd47c23b976374a677d78b8405d3425e38d239384b35ce3b23bf,seed21_solution021,21,
xerces,21,stage2,SEMANTIC,P4,descriptive preference sensitivity,results/stage2/subjects/xerces-j/nsga/robustness_final_30seeds/seed_21/pareto_front.csv,seed21_solution019,0.66151914293439007,0.66151914293439007,0,4,0.20879942487419123,8.0687653361834233,1.314526165589089,0.38873194738704031,31,0.14496314496314497,0.013513513513513514,True,sha256:9eb0bd3a8113ba5873ea4768a9a5a88471ac67eacb0088b1ef759c074de581e9,9eb0bd3a8113ba5873ea4768a9a5a88471ac67eacb0088b1ef759c074de581e9,seed21_solution019,19,
xerces,21,stage3,MODULARITY_ANCHOR,P0,historical/reference modularity anchor,results/stage3/subjects/xerces-j/declaration_method_body/formal/seed_21/projected_front_3d.csv,seed21_solution016,0.65758467295923617,0.65758467295923617,0,5,0.21259525521207764,8.0440994632462655,1.3174414182205771,0.38821765888878679,31,0.14496314496314497,0.013513513513513514,True,sha256:83195e0b4715f0ecf6b8bdd6282b6942759aca2b38f0e1be7bd804170308d4dd,83195e0b4715f0ecf6b8bdd6282b6942759aca2b38f0e1be7bd804170308d4dd,seed21_solution016,10,16
xerces,21,stage3,BALANCE,P1,primary reporting profile,results/stage3/subjects/xerces-j/declaration_method_body/formal/seed_21/projected_front_3d.csv,seed21_solution020,0.63237491132531531,0.65758467295923617,0.038336905756140724,5,0.24115025161754133,8.3887182768267952,1.2118777009309378,0.43533539281103562,29,0.14496314496314497,0.0036855036855036856,True,sha256:0ebdb4ead54d6cc9495af3b14baa1d12733139afbe54c55d0f874feb81e85fe6,0ebdb4ead54d6cc9495af3b14baa1d12733139afbe54c55d0f874feb81e85fe6,seed21_solution020,14,20
xerces,21,stage3,COUPLING,P2,descriptive preference sensitivity,results/stage3/subjects/xerces-j/declaration_method_body/formal/seed_21/projected_front_3d.csv,seed21_solution016,0.65758467295923617,0.65758467295923617,0,5,0.21259525521207764,8.0440994632462655,1.3174414182205771,0.38821765888878679,31,0.14496314496314497,0.013513513513513514,True,sha256:83195e0b4715f0ecf6b8bdd6282b6942759aca2b38f0e1be7bd804170308d4dd,83195e0b4715f0ecf6b8bdd6282b6942759aca2b38f0e1be7bd804170308d4dd,seed21_solution016,10,16
xerces,21,stage3,COHESION,P3,descriptive preference sensitivity,results/stage3/subjects/xerces-j/declaration_method_body/formal/seed_21/projected_front_3d.csv,seed21_solution019,0.64385350086130877,0.65758467295923617,0.02088122284866363,5,0.22743350107836088,8.401906430773515,1.2334274694225531,0.42125730342983758,29,0.14496314496314497,0.0061425061425061421,True,sha256:ede94283007d58b5bfad843e27cd80b4cf85ece7ed4015c580a7269f4472e016,ede94283007d58b5bfad843e27cd80b4cf85ece7ed4015c580a7269f4472e016,seed21_solution019,13,19
xerces,21,stage3,SEMANTIC,P4,descriptive preference sensitivity,results/stage3/subjects/xerces-j/declaration_method_body/formal/seed_21/projected_front_3d.csv,seed21_solution016,0.65758467295923617,0.65758467295923617,0,5,0.21259525521207764,8.0440994632462655,1.3174414182205771,0.38821765888878679,31,0.14496314496314497,0.013513513513513514,True,sha256:83195e0b4715f0ecf6b8bdd6282b6942759aca2b38f0e1be7bd804170308d4dd,83195e0b4715f0ecf6b8bdd6282b6942759aca2b38f0e1be7bd804170308d4dd,seed21_solution016,10,16
xerces,22,stage2,MODULARITY_ANCHOR,P0,historical/reference modularity anchor,results/stage2/subjects/xerces-j/nsga/robustness_final_30seeds/seed_22/pareto_front.csv,seed22_solution011,0.66151914293439007,0.66151914293439007,0,4,0.20879942487419123,8.0687653361834233,1.314526165589089,0.38873194738704031,31,0.14496314496314497,0.013513513513513514,True,sha256:9eb0bd3a8113ba5873ea4768a9a5a88471ac67eacb0088b1ef759c074de581e9,9eb0bd3a8113ba5873ea4768a9a5a88471ac67eacb0088b1ef759c074de581e9,seed22_solution011,11,
xerces,22,stage2,BALANCE,P1,primary reporting profile,results/stage2/subjects/xerces-j/nsga/robustness_final_30seeds/seed_22/pareto_front.csv,seed22_solution014,0.63256901814635325,0.66151914293439007,0.043763094533619741,4,0.23873472322070452,8.2704962072405603,1.2655733217139431,0.414922531431407,30,0.14250614250614252,0.0061425061425061421,True,sha256:7dd840e57a200e870934e2746f07215fd8652bfffbeb2ad321e714cf47d07116,7dd840e57a200e870934e2746f07215fd8652bfffbeb2ad321e714cf47d07116,seed22_solution014,14,
xerces,22,stage2,COUPLING,P2,descriptive preference sensitivity,results/stage2/subjects/xerces-j/nsga/robustness_final_30seeds/seed_22/pareto_front.csv,seed22_solution011,0.66151914293439007,0.66151914293439007,0,4,0.20879942487419123,8.0687653361834233,1.314526165589089,0.38873194738704031,31,0.14496314496314497,0.013513513513513514,True,sha256:9eb0bd3a8113ba5873ea4768a9a5a88471ac67eacb0088b1ef759c074de581e9,9eb0bd3a8113ba5873ea4768a9a5a88471ac67eacb0088b1ef759c074de581e9,seed22_solution011,11,
xerces,22,stage2,COHESION,P3,descriptive preference sensitivity,results/stage2/subjects/xerces-j/nsga/robustness_final_30seeds/seed_22/pareto_front.csv,seed22_solution014,0.63256901814635325,0.66151914293439007,0.043763094533619741,4,0.23873472322070452,8.2704962072405603,1.2655733217139431,0.414922531431407,30,0.14250614250614252,0.0061425061425061421,True,sha256:7dd840e57a200e870934e2746f07215fd8652bfffbeb2ad321e714cf47d07116,7dd840e57a200e870934e2746f07215fd8652bfffbeb2ad321e714cf47d07116,seed22_solution014,14,
xerces,22,stage2,SEMANTIC,P4,descriptive preference sensitivity,results/stage2/subjects/xerces-j/nsga/robustness_final_30seeds/seed_22/pareto_front.csv,seed22_solution011,0.66151914293439007,0.66151914293439007,0,4,0.20879942487419123,8.0687653361834233,1.314526165589089,0.38873194738704031,31,0.14496314496314497,0.013513513513513514,True,sha256:9eb0bd3a8113ba5873ea4768a9a5a88471ac67eacb0088b1ef759c074de581e9,9eb0bd3a8113ba5873ea4768a9a5a88471ac67eacb0088b1ef759c074de581e9,seed22_solution011,11,
xerces,22,stage3,MODULARITY_ANCHOR,P0,historical/reference modularity anchor,results/stage3/subjects/xerces-j/declaration_method_body/formal/seed_22/projected_front_3d.csv,seed22_solution015,0.66121903145466765,0.66121903145466765,0,4,0.20911574406901509,8.0694885524223139,1.3150955028303588,0.38699671449371631,31,0.14496314496314497,0.013513513513513514,True,sha256:802a23430a9744599522bf962cd46f46dba65a17535317dd38927e55d24b15b1,802a23430a9744599522bf962cd46f46dba65a17535317dd38927e55d24b15b1,seed22_solution015,13,15
xerces,22,stage3,BALANCE,P1,primary reporting profile,results/stage3/subjects/xerces-j/declaration_method_body/formal/seed_22/projected_front_3d.csv,seed22_solution016,0.65002409925986926,0.66121903145466765,0.016930747093243489,4,0.21992810927390366,1.0323540096689718,1.1951214554095153,0.40440957960067736,28,0.14373464373464373,0.0061425061425061421,True,sha256:74e315f633cfb7447173b5a953d0b9ab149805b33ffa846e4900c64b092f717d,74e315f633cfb7447173b5a953d0b9ab149805b33ffa846e4900c64b092f717d,seed22_solution016,14,16
xerces,22,stage3,COUPLING,P2,descriptive preference sensitivity,results/stage3/subjects/xerces-j/declaration_method_body/formal/seed_22/projected_front_3d.csv,seed22_solution015,0.66121903145466765,0.66121903145466765,0,4,0.20911574406901509,8.0694885524223139,1.3150955028303588,0.38699671449371631,31,0.14496314496314497,0.013513513513513514,True,sha256:802a23430a9744599522bf962cd46f46dba65a17535317dd38927e55d24b15b1,802a23430a9744599522bf962cd46f46dba65a17535317dd38927e55d24b15b1,seed22_solution015,13,15
xerces,22,stage3,COHESION,P3,descriptive preference sensitivity,results/stage3/subjects/xerces-j/declaration_method_body/formal/seed_22/projected_front_3d.csv,seed22_solution018,0.628654405102964,0.66121903145466765,0.049249378500286316,4,0.24425593098490295,8.4681039623384109,1.2147634835058081,0.42652578920330475,29,0.14250614250614252,0.0036855036855036856,True,sha256:1a626c3e1b6f823622f089773f74fc67723442405f5c31466d73a07fbb7345a2,1a626c3e1b6f823622f089773f74fc67723442405f5c31466d73a07fbb7345a2,seed22_solution018,16,18
xerces,22,stage3,SEMANTIC,P4,descriptive preference sensitivity,results/stage3/subjects/xerces-j/declaration_method_body/formal/seed_22/projected_front_3d.csv,seed22_solution015,0.66121903145466765,0.66121903145466765,0,4,0.20911574406901509,8.0694885524223139,1.3150955028303588,0.38699671449371631,31,0.14496314496314497,0.013513513513513514,True,sha256:802a23430a9744599522bf962cd46f46dba65a17535317dd38927e55d24b15b1,802a23430a9744599522bf962cd46f46dba65a17535317dd38927e55d24b15b1,seed22_solution015,13,15
xerces,23,stage2,MODULARITY_ANCHOR,P0,historical/reference modularity anchor,results/stage2/subjects/xerces-j/nsga/robustness_final_30seeds/seed_23/pareto_front.csv,seed23_solution012,0.66151914293439007,0.66151914293439007,0,4,0.20879942487419123,8.9308619118886181,1.2198986269944039,0.38697156881210826,28,0.14619164619164618,0.0098280098280098278,True,sha256:21bb6e5460e512c9e9f5b6a31ecda406816473859202c8d7e9310333715bbb9b,21bb6e5460e512c9e9f5b6a31ecda406816473859202c8d7e9310333715bbb9b,seed23_solution012,12,
xerces,23,stage2,BALANCE,P1,primary reporting profile,results/stage2/subjects/xerces-j/nsga/robustness_final_30seeds/seed_23/pareto_front.csv,seed23_solution015,0.64774975908080923,0.66151914293439007,0.02081479273978697,4,0.22516175413371675,3.6165225708687743,1.1834669522760886,0.41251749692805195,28,0.13882063882063883,0.0061425061425061421,True,sha256:950bc8360b70736e9a1cdda2b4a76ba866db5ff14cd0a2092b9ce17718ebcebb,950bc8360b70736e9a1cdda2b4a76ba866db5ff14cd0a2092b9ce17718ebcebb,seed23_solution015,15,
xerces,23,stage2,COUPLING,P2,descriptive preference sensitivity,results/stage2/subjects/xerces-j/nsga/robustness_final_30seeds/seed_23/pareto_front.csv,seed23_solution012,0.66151914293439007,0.66151914293439007,0,4,0.20879942487419123,8.9308619118886181,1.2198986269944039,0.38697156881210826,28,0.14619164619164618,0.0098280098280098278,True,sha256:21bb6e5460e512c9e9f5b6a31ecda406816473859202c8d7e9310333715bbb9b,21bb6e5460e512c9e9f5b6a31ecda406816473859202c8d7e9310333715bbb9b,seed23_solution012,12,
xerces,23,stage2,COHESION,P3,descriptive preference sensitivity,results/stage2/subjects/xerces-j/nsga/robustness_final_30seeds/seed_23/pareto_front.csv,seed23_solution012,0.66151914293439007,0.66151914293439007,0,4,0.20879942487419123,8.9308619118886181,1.2198986269944039,0.38697156881210826,28,0.14619164619164618,0.0098280098280098278,True,sha256:21bb6e5460e512c9e9f5b6a31ecda406816473859202c8d7e9310333715bbb9b,21bb6e5460e512c9e9f5b6a31ecda406816473859202c8d7e9310333715bbb9b,seed23_solution012,12,
xerces,23,stage2,SEMANTIC,P4,descriptive preference sensitivity,results/stage2/subjects/xerces-j/nsga/robustness_final_30seeds/seed_23/pareto_front.csv,seed23_solution012,0.66151914293439007,0.66151914293439007,0,4,0.20879942487419123,8.9308619118886181,1.2198986269944039,0.38697156881210826,28,0.14619164619164618,0.0098280098280098278,True,sha256:21bb6e5460e512c9e9f5b6a31ecda406816473859202c8d7e9310333715bbb9b,21bb6e5460e512c9e9f5b6a31ecda406816473859202c8d7e9310333715bbb9b,seed23_solution012,12,
xerces,23,stage3,MODULARITY_ANCHOR,P0,historical/reference modularity anchor,results/stage3/subjects/xerces-j/declaration_method_body/formal/seed_23/projected_front_3d.csv,seed23_solution013,0.66151914293439007,0.66151914293439007,0,4,0.20879942487419123,8.9308619118886181,1.2198986269944039,0.38697156881210826,28,0.14619164619164618,0.0098280098280098278,True,sha256:21bb6e5460e512c9e9f5b6a31ecda406816473859202c8d7e9310333715bbb9b,21bb6e5460e512c9e9f5b6a31ecda406816473859202c8d7e9310333715bbb9b,seed23_solution013,10,13
xerces,23,stage3,BALANCE,P1,primary reporting profile,results/stage3/subjects/xerces-j/declaration_method_body/formal/seed_23/projected_front_3d.csv,seed23_solution017,0.6311739514730027,0.66151914293439007,0.045871977833900755,4,0.24083393242271747,1.1979421242124639,1.1593953902698584,0.42285493702364474,27,0.14619164619164618,0.0036855036855036856,True,sha256:1be35c9f600c61c238d2a3d785e0471702d5114a858cdfb1ed80f4b707b75dc6,1be35c9f600c61c238d2a3d785e0471702d5114a858cdfb1ed80f4b707b75dc6,seed23_solution017,13,17
xerces,23,stage3,COUPLING,P2,descriptive preference sensitivity,results/stage3/subjects/xerces-j/declaration_method_body/formal/seed_23/projected_front_3d.csv,seed23_solution013,0.66151914293439007,0.66151914293439007,0,4,0.20879942487419123,8.9308619118886181,1.2198986269944039,0.38697156881210826,28,0.14619164619164618,0.0098280098280098278,True,sha256:21bb6e5460e512c9e9f5b6a31ecda406816473859202c8d7e9310333715bbb9b,21bb6e5460e512c9e9f5b6a31ecda406816473859202c8d7e9310333715bbb9b,seed23_solution013,10,13
xerces,23,stage3,COHESION,P3,descriptive preference sensitivity,results/stage3/subjects/xerces-j/declaration_method_body/formal/seed_23/projected_front_3d.csv,seed23_solution013,0.66151914293439007,0.66151914293439007,0,4,0.20879942487419123,8.9308619118886181,1.2198986269944039,0.38697156881210826,28,0.14619164619164618,0.0098280098280098278,True,sha256:21bb6e5460e512c9e9f5b6a31ecda406816473859202c8d7e9310333715bbb9b,21bb6e5460e512c9e9f5b6a31ecda406816473859202c8d7e9310333715bbb9b,seed23_solution013,10,13
xerces,23,stage3,SEMANTIC,P4,descriptive preference sensitivity,results/stage3/subjects/xerces-j/declaration_method_body/formal/seed_23/projected_front_3d.csv,seed23_solution013,0.66151914293439007,0.66151914293439007,0,4,0.20879942487419123,8.9308619118886181,1.2198986269944039,0.38697156881210826,28,0.14619164619164618,0.0098280098280098278,True,sha256:21bb6e5460e512c9e9f5b6a31ecda406816473859202c8d7e9310333715bbb9b,21bb6e5460e512c9e9f5b6a31ecda406816473859202c8d7e9310333715bbb9b,seed23_solution013,10,13
xerces,24,stage2,MODULARITY_ANCHOR,P0,historical/reference modularity anchor,results/stage2/subjects/xerces-j/nsga/robustness_final_30seeds/seed_24/pareto_front.csv,seed24_solution010,0.66204481412553806,0.66204481412553806,0,6,0.20862688713156002,8.3334638578145164,1.2818890830046878,0.38692913788909811,30,0.14619164619164618,0.012285012285012284,True,sha256:a160f0a1a8e85081eec7d206d9cf014062b6cad61d084c207a4c0be0d0b1c3a3,a160f0a1a8e85081eec7d206d9cf014062b6cad61d084c207a4c0be0d0b1c3a3,seed24_solution010,10,
xerces,24,stage2,BALANCE,P1,primary reporting profile,results/stage2/subjects/xerces-j/nsga/robustness_final_30seeds/seed_24/pareto_front.csv,seed24_solution014,0.63207866240871668,0.66204481412553806,0.045263026123695524,6,0.24212796549245147,8.2792557500351975,1.2464318008547099,0.42046305938977613,30,0.14373464373464373,0.011056511056511056,True,sha256:f7802c000dcb85f3f86df2e5ede0f676d85e3254cff3fa198fe32ebba39c07bd,f7802c000dcb85f3f86df2e5ede0f676d85e3254cff3fa198fe32ebba39c07bd,seed24_solution014,14,
xerces,24,stage2,COUPLING,P2,descriptive preference sensitivity,results/stage2/subjects/xerces-j/nsga/robustness_final_30seeds/seed_24/pareto_front.csv,seed24_solution010,0.66204481412553806,0.66204481412553806,0,6,0.20862688713156002,8.3334638578145164,1.2818890830046878,0.38692913788909811,30,0.14619164619164618,0.012285012285012284,True,sha256:a160f0a1a8e85081eec7d206d9cf014062b6cad61d084c207a4c0be0d0b1c3a3,a160f0a1a8e85081eec7d206d9cf014062b6cad61d084c207a4c0be0d0b1c3a3,seed24_solution010,10,
xerces,24,stage2,COHESION,P3,descriptive preference sensitivity,results/stage2/subjects/xerces-j/nsga/robustness_final_30seeds/seed_24/pareto_front.csv,seed24_solution015,0.62895880501180002,0.66204481412553806,0.049975482637742132,6,0.24347951114306254,8.358726138128679,1.247194389588141,0.42951210442409915,30,0.14496314496314497,0.0036855036855036856,True,sha256:af9ea7e2c5a8627d16b2ab0435b5ea341df0d3820353ceef7d203959ee36e6a9,af9ea7e2c5a8627d16b2ab0435b5ea341df0d3820353ceef7d203959ee36e6a9,seed24_solution015,15,
xerces,24,stage2,SEMANTIC,P4,descriptive preference sensitivity,results/stage2/subjects/xerces-j/nsga/robustness_final_30seeds/seed_24/pareto_front.csv,seed24_solution010,0.66204481412553806,0.66204481412553806,0,6,0.20862688713156002,8.3334638578145164,1.2818890830046878,0.38692913788909811,30,0.14619164619164618,0.012285012285012284,True,sha256:a160f0a1a8e85081eec7d206d9cf014062b6cad61d084c207a4c0be0d0b1c3a3,a160f0a1a8e85081eec7d206d9cf014062b6cad61d084c207a4c0be0d0b1c3a3,seed24_solution010,10,
xerces,24,stage3,MODULARITY_ANCHOR,P0,historical/reference modularity anchor,results/stage3/subjects/xerces-j/declaration_method_body/formal/seed_24/projected_front_3d.csv,seed24_solution012,0.66204481412553806,0.66204481412553806,0,4,0.20862688713156002,8.3377792809534679,1.2807229891335246,0.38632029909276311,30,0.14619164619164618,0.011056511056511056,True,sha256:54e728a299b87937e20f68fe41ec263f4e33fe3b2bb7f6e448bb45dcf55ab1c9,54e728a299b87937e20f68fe41ec263f4e33fe3b2bb7f6e448bb45dcf55ab1c9,seed24_solution012,10,12
xerces,24,stage3,BALANCE,P1,primary reporting profile,results/stage3/subjects/xerces-j/declaration_method_body/formal/seed_24/projected_front_3d.csv,seed24_solution014,0.64668709362489663,0.66204481412553806,0.023197403216467578,4,0.22510424155283967,1.6732685041170867,1.2340660205460496,0.41491899337171156,29,0.14619164619164618,0.0061425061425061421,True,sha256:09cc92b247f098204c5be2f9934770964ebc17698917dd3890157c03d319869a,09cc92b247f098204c5be2f9934770964ebc17698917dd3890157c03d319869a,seed24_solution014,12,14
xerces,24,stage3,COUPLING,P2,descriptive preference sensitivity,results/stage3/subjects/xerces-j/declaration_method_body/formal/seed_24/projected_front_3d.csv,seed24_solution012,0.66204481412553806,0.66204481412553806,0,4,0.20862688713156002,8.3377792809534679,1.2807229891335246,0.38632029909276311,30,0.14619164619164618,0.011056511056511056,True,sha256:54e728a299b87937e20f68fe41ec263f4e33fe3b2bb7f6e448bb45dcf55ab1c9,54e728a299b87937e20f68fe41ec263f4e33fe3b2bb7f6e448bb45dcf55ab1c9,seed24_solution012,10,12
xerces,24,stage3,COHESION,P3,descriptive preference sensitivity,results/stage3/subjects/xerces-j/declaration_method_body/formal/seed_24/projected_front_3d.csv,seed24_solution012,0.66204481412553806,0.66204481412553806,0,4,0.20862688713156002,8.3377792809534679,1.2807229891335246,0.38632029909276311,30,0.14619164619164618,0.011056511056511056,True,sha256:54e728a299b87937e20f68fe41ec263f4e33fe3b2bb7f6e448bb45dcf55ab1c9,54e728a299b87937e20f68fe41ec263f4e33fe3b2bb7f6e448bb45dcf55ab1c9,seed24_solution012,10,12
xerces,24,stage3,SEMANTIC,P4,descriptive preference sensitivity,results/stage3/subjects/xerces-j/declaration_method_body/formal/seed_24/projected_front_3d.csv,seed24_solution012,0.66204481412553806,0.66204481412553806,0,4,0.20862688713156002,8.3377792809534679,1.2807229891335246,0.38632029909276311,30,0.14619164619164618,0.011056511056511056,True,sha256:54e728a299b87937e20f68fe41ec263f4e33fe3b2bb7f6e448bb45dcf55ab1c9,54e728a299b87937e20f68fe41ec263f4e33fe3b2bb7f6e448bb45dcf55ab1c9,seed24_solution012,10,12
xerces,25,stage2,MODULARITY_ANCHOR,P0,historical/reference modularity anchor,results/stage2/subjects/xerces-j/nsga/robustness_final_30seeds/seed_25/pareto_front.csv,seed25_solution019,0.66151914293439007,0.66151914293439007,0,4,0.20879942487419123,8.0687653361834233,1.314526165589089,0.38873194738704031,31,0.14496314496314497,0.013513513513513514,True,sha256:9eb0bd3a8113ba5873ea4768a9a5a88471ac67eacb0088b1ef759c074de581e9,9eb0bd3a8113ba5873ea4768a9a5a88471ac67eacb0088b1ef759c074de581e9,seed25_solution019,19,
xerces,25,stage2,BALANCE,P1,primary reporting profile,results/stage2/subjects/xerces-j/nsga/robustness_final_30seeds/seed_25/pareto_front.csv,seed25_solution022,0.64244014138339467,0.66151914293439007,0.02884119341787161,4,0.23174694464414092,8.5434903390104058,1.2218048453131405,0.41168713216168218,29,0.14496314496314497,0.0049140049140049139,True,sha256:f05600c7cc1614db7eaf3dda7f4f44c5baa402065ebcd5db0cb256d4a90c0cd2,f05600c7cc1614db7eaf3dda7f4f44c5baa402065ebcd5db0cb256d4a90c0cd2,seed25_solution022,22,
xerces,25,stage2,COUPLING,P2,descriptive preference sensitivity,results/stage2/subjects/xerces-j/nsga/robustness_final_30seeds/seed_25/pareto_front.csv,seed25_solution019,0.66151914293439007,0.66151914293439007,0,4,0.20879942487419123,8.0687653361834233,1.314526165589089,0.38873194738704031,31,0.14496314496314497,0.013513513513513514,True,sha256:9eb0bd3a8113ba5873ea4768a9a5a88471ac67eacb0088b1ef759c074de581e9,9eb0bd3a8113ba5873ea4768a9a5a88471ac67eacb0088b1ef759c074de581e9,seed25_solution019,19,
xerces,25,stage2,COHESION,P3,descriptive preference sensitivity,results/stage2/subjects/xerces-j/nsga/robustness_final_30seeds/seed_25/pareto_front.csv,seed25_solution022,0.64244014138339467,0.66151914293439007,0.02884119341787161,4,0.23174694464414092,8.5434903390104058,1.2218048453131405,0.41168713216168218,29,0.14496314496314497,0.0049140049140049139,True,sha256:f05600c7cc1614db7eaf3dda7f4f44c5baa402065ebcd5db0cb256d4a90c0cd2,f05600c7cc1614db7eaf3dda7f4f44c5baa402065ebcd5db0cb256d4a90c0cd2,seed25_solution022,22,
xerces,25,stage2,SEMANTIC,P4,descriptive preference sensitivity,results/stage2/subjects/xerces-j/nsga/robustness_final_30seeds/seed_25/pareto_front.csv,seed25_solution020,0.66123449411102653,0.66151914293439007,0.00043029567081141014,4,0.20908698777857657,8.357754357391137,1.2774664405037734,0.38821109194386805,30,0.14496314496314497,0.0085995085995085995,True,sha256:eab5bf65f8a20fcc0a8c0752642931e5e316b0ba8bd4a592c7bd5f65a54fd5e0,eab5bf65f8a20fcc0a8c0752642931e5e316b0ba8bd4a592c7bd5f65a54fd5e0,seed25_solution020,20,
xerces,25,stage3,MODULARITY_ANCHOR,P0,historical/reference modularity anchor,results/stage3/subjects/xerces-j/declaration_method_body/formal/seed_25/projected_front_3d.csv,seed25_solution013,0.66151914293439007,0.66151914293439007,0,5,0.20879942487419123,8.0687653361834233,1.314526165589089,0.38873194738704031,31,0.14496314496314497,0.013513513513513514,True,sha256:9eb0bd3a8113ba5873ea4768a9a5a88471ac67eacb0088b1ef759c074de581e9,9eb0bd3a8113ba5873ea4768a9a5a88471ac67eacb0088b1ef759c074de581e9,seed25_solution013,12,13
xerces,25,stage3,BALANCE,P1,primary reporting profile,results/stage3/subjects/xerces-j/declaration_method_body/formal/seed_25/projected_front_3d.csv,seed25_solution016,0.64815338245609888,0.66151914293439007,0.020204646563972244,5,0.22277498202731846,3.6873123323982284,1.1950507357723745,0.40355489386688981,28,0.14373464373464373,0.0085995085995085995,True,sha256:cffd09999f771c01b807db1e2b32652e358e1964d0f186da61df2c742f9b009a,cffd09999f771c01b807db1e2b32652e358e1964d0f186da61df2c742f9b009a,seed25_solution016,15,16
xerces,25,stage3,COUPLING,P2,descriptive preference sensitivity,results/stage3/subjects/xerces-j/declaration_method_body/formal/seed_25/projected_front_3d.csv,seed25_solution013,0.66151914293439007,0.66151914293439007,0,5,0.20879942487419123,8.0687653361834233,1.314526165589089,0.38873194738704031,31,0.14496314496314497,0.013513513513513514,True,sha256:9eb0bd3a8113ba5873ea4768a9a5a88471ac67eacb0088b1ef759c074de581e9,9eb0bd3a8113ba5873ea4768a9a5a88471ac67eacb0088b1ef759c074de581e9,seed25_solution013,12,13
xerces,25,stage3,COHESION,P3,descriptive preference sensitivity,results/stage3/subjects/xerces-j/declaration_method_body/formal/seed_25/projected_front_3d.csv,seed25_solution015,0.6506831041289044,0.66151914293439007,0.016380537012759426,5,0.21966930265995688,8.9148101007058251,1.2114168327685635,0.39500614889265995,28,0.14496314496314497,0.0098280098280098278,True,sha256:a6a142487bdf091e26debbee728d6d8f5269741d72fbf96eb6405ecb100a475d,a6a142487bdf091e26debbee728d6d8f5269741d72fbf96eb6405ecb100a475d,seed25_solution015,14,15
xerces,25,stage3,SEMANTIC,P4,descriptive preference sensitivity,results/stage3/subjects/xerces-j/declaration_method_body/formal/seed_25/projected_front_3d.csv,seed25_solution014,0.66134027260593209,0.66151914293439007,0.0002703932763979306,5,0.20897196261682244,8.6282038543727317,1.2449064342897462,0.38531531693504451,29,0.14496314496314497,0.0085995085995085995,True,sha256:ee42a0384759c8f1a377c76e14f95e3408f73f2aa92cf6096a61a5eb2233d5d4,ee42a0384759c8f1a377c76e14f95e3408f73f2aa92cf6096a61a5eb2233d5d4,seed25_solution014,13,14
xerces,26,stage2,MODULARITY_ANCHOR,P0,historical/reference modularity anchor,results/stage2/subjects/xerces-j/nsga/robustness_final_30seeds/seed_26/pareto_front.csv,seed26_solution019,0.66151914293439007,0.66151914293439007,0,4,0.20879942487419123,8.0687653361834233,1.314526165589089,0.38873194738704031,31,0.14496314496314497,0.013513513513513514,True,sha256:9eb0bd3a8113ba5873ea4768a9a5a88471ac67eacb0088b1ef759c074de581e9,9eb0bd3a8113ba5873ea4768a9a5a88471ac67eacb0088b1ef759c074de581e9,seed26_solution019,19,
xerces,26,stage2,BALANCE,P1,primary reporting profile,results/stage2/subjects/xerces-j/nsga/robustness_final_30seeds/seed_26/pareto_front.csv,seed26_solution022,0.63410908887938722,0.66151914293439007,0.041435012648940686,4,0.2387922358015816,8.2314229347878811,1.2521579752278154,0.41169889344774901,30,0.14004914004914004,0.0061425061425061421,True,sha256:4c4e287964897e1675d95fbeccb3884e935e2a4062436bf09998c7a54c5f1f43,4c4e287964897e1675d95fbeccb3884e935e2a4062436bf09998c7a54c5f1f43,seed26_solution022,22,
xerces,26,stage2,COUPLING,P2,descriptive preference sensitivity,results/stage2/subjects/xerces-j/nsga/robustness_final_30seeds/seed_26/pareto_front.csv,seed26_solution019,0.66151914293439007,0.66151914293439007,0,4,0.20879942487419123,8.0687653361834233,1.314526165589089,0.38873194738704031,31,0.14496314496314497,0.013513513513513514,True,sha256:9eb0bd3a8113ba5873ea4768a9a5a88471ac67eacb0088b1ef759c074de581e9,9eb0bd3a8113ba5873ea4768a9a5a88471ac67eacb0088b1ef759c074de581e9,seed26_solution019,19,
xerces,26,stage2,COHESION,P3,descriptive preference sensitivity,results/stage2/subjects/xerces-j/nsga/robustness_final_30seeds/seed_26/pareto_front.csv,seed26_solution020,0.64936757185585781,0.66151914293439007,0.018369190382956861,4,0.22142343637670742,8.2899176759026876,1.2622776890812639,0.40689325556682521,30,0.14004914004914004,0.0061425061425061421,True,sha256:4fbf57592b8f31673127c262602be9afc5612e5164e54e53b2caa28dc37acb45,4fbf57592b8f31673127c262602be9afc5612e5164e54e53b2caa28dc37acb45,seed26_solution020,20,
xerces,26,stage2,SEMANTIC,P4,descriptive preference sensitivity,results/stage2/subjects/xerces-j/nsga/robustness_final_30seeds/seed_26/pareto_front.csv,seed26_solution019,0.66151914293439007,0.66151914293439007,0,4,0.20879942487419123,8.0687653361834233,1.314526165589089,0.38873194738704031,31,0.14496314496314497,0.013513513513513514,True,sha256:9eb0bd3a8113ba5873ea4768a9a5a88471ac67eacb0088b1ef759c074de581e9,9eb0bd3a8113ba5873ea4768a9a5a88471ac67eacb0088b1ef759c074de581e9,seed26_solution019,19,
xerces,26,stage3,MODULARITY_ANCHOR,P0,historical/reference modularity anchor,results/stage3/subjects/xerces-j/declaration_method_body/formal/seed_26/projected_front_3d.csv,seed26_solution017,0.66049344181892178,0.66049344181892178,0,4,0.2093745506829619,8.0701596936972262,1.3184353939989018,0.38721113787416883,31,0.14496314496314497,0.013513513513513514,True,sha256:4cc730768d4f9148add0ea30c5a87a7fc4a25229b1642bb761af9d230e3a2c03,4cc730768d4f9148add0ea30c5a87a7fc4a25229b1642bb761af9d230e3a2c03,seed26_solution017,9,17
xerces,26,stage3,BALANCE,P1,primary reporting profile,results/stage3/subjects/xerces-j/declaration_method_body/formal/seed_26/projected_front_3d.csv,seed26_solution020,0.62794987019875659,0.66049344181892178,0.049271604469749153,4,0.24503235082674335,1.1290158080212658,1.2331080698608712,0.40788682895845663,29,0.14373464373464373,0.0049140049140049139,True,sha256:e2ee5b39efaa70a18ade4965212fcbc64d0576e97242ab507b3192dfd78cb770,e2ee5b39efaa70a18ade4965212fcbc64d0576e97242ab507b3192dfd78cb770,seed26_solution020,12,20
xerces,26,stage3,COUPLING,P2,descriptive preference sensitivity,results/stage3/subjects/xerces-j/declaration_method_body/formal/seed_26/projected_front_3d.csv,seed26_solution017,0.66049344181892178,0.66049344181892178,0,4,0.2093745506829619,8.0701596936972262,1.3184353939989018,0.38721113787416883,31,0.14496314496314497,0.013513513513513514,True,sha256:4cc730768d4f9148add0ea30c5a87a7fc4a25229b1642bb761af9d230e3a2c03,4cc730768d4f9148add0ea30c5a87a7fc4a25229b1642bb761af9d230e3a2c03,seed26_solution017,9,17
xerces,26,stage3,COHESION,P3,descriptive preference sensitivity,results/stage3/subjects/xerces-j/declaration_method_body/formal/seed_26/projected_front_3d.csv,seed26_solution018,0.65244164039030506,0.66049344181892178,0.012190584976049123,4,0.21785765636232926,8.3422970637663756,1.2779979657084624,0.39777132575467711,30,0.14619164619164618,0.0073710073710073713,True,sha256:b43c10063b6b98decc1540a3d2204c84dcd520b95575dced536a4b4d22764fdc,b43c10063b6b98decc1540a3d2204c84dcd520b95575dced536a4b4d22764fdc,seed26_solution018,10,18
xerces,26,stage3,SEMANTIC,P4,descriptive preference sensitivity,results/stage3/subjects/xerces-j/declaration_method_body/formal/seed_26/projected_front_3d.csv,seed26_solution017,0.66049344181892178,0.66049344181892178,0,4,0.2093745506829619,8.0701596936972262,1.3184353939989018,0.38721113787416883,31,0.14496314496314497,0.013513513513513514,True,sha256:4cc730768d4f9148add0ea30c5a87a7fc4a25229b1642bb761af9d230e3a2c03,4cc730768d4f9148add0ea30c5a87a7fc4a25229b1642bb761af9d230e3a2c03,seed26_solution017,9,17
xerces,27,stage2,MODULARITY_ANCHOR,P0,historical/reference modularity anchor,results/stage2/subjects/xerces-j/nsga/robustness_final_30seeds/seed_27/pareto_front.csv,seed27_solution019,0.66151914293439007,0.66151914293439007,0,6,0.20879942487419123,8.0687653361834233,1.314526165589089,0.38873194738704031,31,0.14496314496314497,0.013513513513513514,True,sha256:9eb0bd3a8113ba5873ea4768a9a5a88471ac67eacb0088b1ef759c074de581e9,9eb0bd3a8113ba5873ea4768a9a5a88471ac67eacb0088b1ef759c074de581e9,seed27_solution019,19,
xerces,27,stage2,BALANCE,P1,primary reporting profile,results/stage2/subjects/xerces-j/nsga/robustness_final_30seeds/seed_27/pareto_front.csv,seed27_solution024,0.63306327572602239,0.66151914293439007,0.043015939164121747,6,0.24264557872034506,3.6845989357803335,1.1978057076849282,0.40740968489977292,28,0.14496314496314497,0.0073710073710073713,True,sha256:c9008064b5498e970850d3aa3da65050eb2789cb1ea7ed35f67112662e0bf4be,c9008064b5498e970850d3aa3da65050eb2789cb1ea7ed35f67112662e0bf4be,seed27_solution024,24,
xerces,27,stage2,COUPLING,P2,descriptive preference sensitivity,results/stage2/subjects/xerces-j/nsga/robustness_final_30seeds/seed_27/pareto_front.csv,seed27_solution019,0.66151914293439007,0.66151914293439007,0,6,0.20879942487419123,8.0687653361834233,1.314526165589089,0.38873194738704031,31,0.14496314496314497,0.013513513513513514,True,sha256:9eb0bd3a8113ba5873ea4768a9a5a88471ac67eacb0088b1ef759c074de581e9,9eb0bd3a8113ba5873ea4768a9a5a88471ac67eacb0088b1ef759c074de581e9,seed27_solution019,19,
xerces,27,stage2,COHESION,P3,descriptive preference sensitivity,results/stage2/subjects/xerces-j/nsga/robustness_final_30seeds/seed_27/pareto_front.csv,seed27_solution022,0.6411553082592899,0.66151914293439007,0.030783439742604495,6,0.23344356578001438,8.6379621667653996,1.2516733542944838,0.39172822311517852,29,0.14496314496314497,0.0098280098280098278,True,sha256:4ba86ecb88e566b102daa9edc1f64985f20974d98f87512fd6c836452a97a260,4ba86ecb88e566b102daa9edc1f64985f20974d98f87512fd6c836452a97a260,seed27_solution022,22,
xerces,27,stage2,SEMANTIC,P4,descriptive preference sensitivity,results/stage2/subjects/xerces-j/nsga/robustness_final_30seeds/seed_27/pareto_front.csv,seed27_solution019,0.66151914293439007,0.66151914293439007,0,6,0.20879942487419123,8.0687653361834233,1.314526165589089,0.38873194738704031,31,0.14496314496314497,0.013513513513513514,True,sha256:9eb0bd3a8113ba5873ea4768a9a5a88471ac67eacb0088b1ef759c074de581e9,9eb0bd3a8113ba5873ea4768a9a5a88471ac67eacb0088b1ef759c074de581e9,seed27_solution019,19,
xerces,27,stage3,MODULARITY_ANCHOR,P0,historical/reference modularity anchor,results/stage3/subjects/xerces-j/declaration_method_body/formal/seed_27/projected_front_3d.csv,seed27_solution020,0.66104479024810203,0.66104479024810203,0,4,0.20940330697340043,8.067974841997799,1.3123533014676931,0.38744239582804996,31,0.14373464373464373,0.013513513513513514,True,sha256:521c4ae9f7fa29170005b27b9a5cbe381f7b342ba8ad28c37cb988f1a377ef95,521c4ae9f7fa29170005b27b9a5cbe381f7b342ba8ad28c37cb988f1a377ef95,seed27_solution020,13,20
xerces,27,stage3,BALANCE,P1,primary reporting profile,results/stage3/subjects/xerces-j/declaration_method_body/formal/seed_27/projected_front_3d.csv,seed27_solution022,0.64632807412964233,0.66104479024810203,0.022262812347308956,4,0.22450035945363048,3.6182026927736475,1.2298027503620639,0.40507632521257564,29,0.14127764127764128,0.0049140049140049139,True,sha256:45bb23b740295ad353997f31d351d436906cc950c0b562cffd67d20d18b8f62d,45bb23b740295ad353997f31d351d436906cc950c0b562cffd67d20d18b8f62d,seed27_solution022,15,22
xerces,27,stage3,COUPLING,P2,descriptive preference sensitivity,results/stage3/subjects/xerces-j/declaration_method_body/formal/seed_27/projected_front_3d.csv,seed27_solution020,0.66104479024810203,0.66104479024810203,0,4,0.20940330697340043,8.067974841997799,1.3123533014676931,0.38744239582804996,31,0.14373464373464373,0.013513513513513514,True,sha256:521c4ae9f7fa29170005b27b9a5cbe381f7b342ba8ad28c37cb988f1a377ef95,521c4ae9f7fa29170005b27b9a5cbe381f7b342ba8ad28c37cb988f1a377ef95,seed27_solution020,13,20
xerces,27,stage3,COHESION,P3,descriptive preference sensitivity,results/stage3/subjects/xerces-j/declaration_method_body/formal/seed_27/projected_front_3d.csv,seed27_solution023,0.62973032367367099,0.66104479024810203,0.047371172175304732,4,0.24255930984902949,8.3391559673724327,1.2615959967225348,0.41319064286928042,30,0.14250614250614252,0.0085995085995085995,True,sha256:8979ba4f69443b93e329c071b430793901f9076c160623308feb0e27ea25f567,8979ba4f69443b93e329c071b430793901f9076c160623308feb0e27ea25f567,seed27_solution023,16,23
xerces,27,stage3,SEMANTIC,P4,descriptive preference sensitivity,results/stage3/subjects/xerces-j/declaration_method_body/formal/seed_27/projected_front_3d.csv,seed27_solution020,0.66104479024810203,0.66104479024810203,0,4,0.20940330697340043,8.067974841997799,1.3123533014676931,0.38744239582804996,31,0.14373464373464373,0.013513513513513514,True,sha256:521c4ae9f7fa29170005b27b9a5cbe381f7b342ba8ad28c37cb988f1a377ef95,521c4ae9f7fa29170005b27b9a5cbe381f7b342ba8ad28c37cb988f1a377ef95,seed27_solution020,13,20
xerces,28,stage2,MODULARITY_ANCHOR,P0,historical/reference modularity anchor,results/stage2/subjects/xerces-j/nsga/robustness_final_30seeds/seed_28/pareto_front.csv,seed28_solution020,0.65210526208073682,0.65210526208073682,0,1,0.21932422717469446,3.4573180814214917,1.2638907569790572,0.41290614060656994,30,0.14742014742014742,0.0073710073710073713,True,sha256:3d28b3b57c2a9fe9ceda0139ff75be80e9e15c0f4bb46893b20d5f248e3720f5,3d28b3b57c2a9fe9ceda0139ff75be80e9e15c0f4bb46893b20d5f248e3720f5,seed28_solution020,20,
xerces,28,stage2,BALANCE,P1,primary reporting profile,results/stage2/subjects/xerces-j/nsga/robustness_final_30seeds/seed_28/pareto_front.csv,seed28_solution020,0.65210526208073682,0.65210526208073682,0,1,0.21932422717469446,3.4573180814214917,1.2638907569790572,0.41290614060656994,30,0.14742014742014742,0.0073710073710073713,True,sha256:3d28b3b57c2a9fe9ceda0139ff75be80e9e15c0f4bb46893b20d5f248e3720f5,3d28b3b57c2a9fe9ceda0139ff75be80e9e15c0f4bb46893b20d5f248e3720f5,seed28_solution020,20,
xerces,28,stage2,COUPLING,P2,descriptive preference sensitivity,results/stage2/subjects/xerces-j/nsga/robustness_final_30seeds/seed_28/pareto_front.csv,seed28_solution020,0.65210526208073682,0.65210526208073682,0,1,0.21932422717469446,3.4573180814214917,1.2638907569790572,0.41290614060656994,30,0.14742014742014742,0.0073710073710073713,True,sha256:3d28b3b57c2a9fe9ceda0139ff75be80e9e15c0f4bb46893b20d5f248e3720f5,3d28b3b57c2a9fe9ceda0139ff75be80e9e15c0f4bb46893b20d5f248e3720f5,seed28_solution020,20,
xerces,28,stage2,COHESION,P3,descriptive preference sensitivity,results/stage2/subjects/xerces-j/nsga/robustness_final_30seeds/seed_28/pareto_front.csv,seed28_solution020,0.65210526208073682,0.65210526208073682,0,1,0.21932422717469446,3.4573180814214917,1.2638907569790572,0.41290614060656994,30,0.14742014742014742,0.0073710073710073713,True,sha256:3d28b3b57c2a9fe9ceda0139ff75be80e9e15c0f4bb46893b20d5f248e3720f5,3d28b3b57c2a9fe9ceda0139ff75be80e9e15c0f4bb46893b20d5f248e3720f5,seed28_solution020,20,
xerces,28,stage2,SEMANTIC,P4,descriptive preference sensitivity,results/stage2/subjects/xerces-j/nsga/robustness_final_30seeds/seed_28/pareto_front.csv,seed28_solution020,0.65210526208073682,0.65210526208073682,0,1,0.21932422717469446,3.4573180814214917,1.2638907569790572,0.41290614060656994,30,0.14742014742014742,0.0073710073710073713,True,sha256:3d28b3b57c2a9fe9ceda0139ff75be80e9e15c0f4bb46893b20d5f248e3720f5,3d28b3b57c2a9fe9ceda0139ff75be80e9e15c0f4bb46893b20d5f248e3720f5,seed28_solution020,20,
xerces,28,stage3,MODULARITY_ANCHOR,P0,historical/reference modularity anchor,results/stage3/subjects/xerces-j/declaration_method_body/formal/seed_28/projected_front_3d.csv,seed28_solution013,0.64960415570778585,0.64960415570778585,0,6,0.2209920920201294,8.0496672935840596,1.3155579079124522,0.38657629115931036,31,0.14496314496314497,0.013513513513513514,True,sha256:62c5ea39fab40d4ea33dbf03097d90868a540ee62200bac49229daa7ba49b1a4,62c5ea39fab40d4ea33dbf03097d90868a540ee62200bac49229daa7ba49b1a4,seed28_solution013,11,13
xerces,28,stage3,BALANCE,P1,primary reporting profile,results/stage3/subjects/xerces-j/declaration_method_body/formal/seed_28/projected_front_3d.csv,seed28_solution018,0.62626211699842382,0.64960415570778585,0.035932711489398278,6,0.24871315600287563,1.7999968845092578,1.151141705806513,0.42552872818113985,27,0.14004914004914004,0.0036855036855036856,True,sha256:e959ea0a7c6ae820f77aeab71f98355f9730298eeaac6f858ac5d4450622e041,e959ea0a7c6ae820f77aeab71f98355f9730298eeaac6f858ac5d4450622e041,seed28_solution018,16,18
xerces,28,stage3,COUPLING,P2,descriptive preference sensitivity,results/stage3/subjects/xerces-j/declaration_method_body/formal/seed_28/projected_front_3d.csv,seed28_solution013,0.64960415570778585,0.64960415570778585,0,6,0.2209920920201294,8.0496672935840596,1.3155579079124522,0.38657629115931036,31,0.14496314496314497,0.013513513513513514,True,sha256:62c5ea39fab40d4ea33dbf03097d90868a540ee62200bac49229daa7ba49b1a4,62c5ea39fab40d4ea33dbf03097d90868a540ee62200bac49229daa7ba49b1a4,seed28_solution013,11,13
xerces,28,stage3,COHESION,P3,descriptive preference sensitivity,results/stage3/subjects/xerces-j/declaration_method_body/formal/seed_28/projected_front_3d.csv,seed28_solution013,0.64960415570778585,0.64960415570778585,0,6,0.2209920920201294,8.0496672935840596,1.3155579079124522,0.38657629115931036,31,0.14496314496314497,0.013513513513513514,True,sha256:62c5ea39fab40d4ea33dbf03097d90868a540ee62200bac49229daa7ba49b1a4,62c5ea39fab40d4ea33dbf03097d90868a540ee62200bac49229daa7ba49b1a4,seed28_solution013,11,13
xerces,28,stage3,SEMANTIC,P4,descriptive preference sensitivity,results/stage3/subjects/xerces-j/declaration_method_body/formal/seed_28/projected_front_3d.csv,seed28_solution013,0.64960415570778585,0.64960415570778585,0,6,0.2209920920201294,8.0496672935840596,1.3155579079124522,0.38657629115931036,31,0.14496314496314497,0.013513513513513514,True,sha256:62c5ea39fab40d4ea33dbf03097d90868a540ee62200bac49229daa7ba49b1a4,62c5ea39fab40d4ea33dbf03097d90868a540ee62200bac49229daa7ba49b1a4,seed28_solution013,11,13
xerces,29,stage2,MODULARITY_ANCHOR,P0,historical/reference modularity anchor,results/stage2/subjects/xerces-j/nsga/robustness_final_30seeds/seed_29/pareto_front.csv,seed29_solution015,0.66151914293439007,0.66151914293439007,0,5,0.20879942487419123,8.3373020139290226,1.2845706063703295,0.38873194738704031,30,0.14496314496314497,0.012285012285012284,True,sha256:b675d7af312022fe719ba8a208f784493d0acadd9bed1cb3f3461ba607693741,b675d7af312022fe719ba8a208f784493d0acadd9bed1cb3f3461ba607693741,seed29_solution015,15,
xerces,29,stage2,BALANCE,P1,primary reporting profile,results/stage2/subjects/xerces-j/nsga/robustness_final_30seeds/seed_29/pareto_front.csv,seed29_solution019,0.63270340077763965,0.66151914293439007,0.043559952065677997,5,0.24080517613227895,3.6033790581492147,1.2036879862635033,0.42671349578534901,29,0.14127764127764128,0.0012285012285012285,True,sha256:18f0aa78e574c90752c7de4e63f355de9dfb8ebe85b5e0f4daf7911f70f204f5,18f0aa78e574c90752c7de4e63f355de9dfb8ebe85b5e0f4daf7911f70f204f5,seed29_solution019,19,
xerces,29,stage2,COUPLING,P2,descriptive preference sensitivity,results/stage2/subjects/xerces-j/nsga/robustness_final_30seeds/seed_29/pareto_front.csv,seed29_solution015,0.66151914293439007,0.66151914293439007,0,5,0.20879942487419123,8.3373020139290226,1.2845706063703295,0.38873194738704031,30,0.14496314496314497,0.012285012285012284,True,sha256:b675d7af312022fe719ba8a208f784493d0acadd9bed1cb3f3461ba607693741,b675d7af312022fe719ba8a208f784493d0acadd9bed1cb3f3461ba607693741,seed29_solution015,15,
xerces,29,stage2,COHESION,P3,descriptive preference sensitivity,results/stage2/subjects/xerces-j/nsga/robustness_final_30seeds/seed_29/pareto_front.csv,seed29_solution018,0.64208913147631985,0.66151914293439007,0.029371805284246023,5,0.22996405463695183,8.6628767688818993,1.2216257232077354,0.42371585832056891,29,0.14250614250614252,0.0024570024570024569,True,sha256:e088ea066c1c1d8fc35d7c8a3a95eef78f877fce3182c610170331b1abc1344c,e088ea066c1c1d8fc35d7c8a3a95eef78f877fce3182c610170331b1abc1344c,seed29_solution018,18,
xerces,29,stage2,SEMANTIC,P4,descriptive preference sensitivity,results/stage2/subjects/xerces-j/nsga/robustness_final_30seeds/seed_29/pareto_front.csv,seed29_solution015,0.66151914293439007,0.66151914293439007,0,5,0.20879942487419123,8.3373020139290226,1.2845706063703295,0.38873194738704031,30,0.14496314496314497,0.012285012285012284,True,sha256:b675d7af312022fe719ba8a208f784493d0acadd9bed1cb3f3461ba607693741,b675d7af312022fe719ba8a208f784493d0acadd9bed1cb3f3461ba607693741,seed29_solution015,15,
xerces,29,stage3,MODULARITY_ANCHOR,P0,historical/reference modularity anchor,results/stage3/subjects/xerces-j/declaration_method_body/formal/seed_29/projected_front_3d.csv,seed29_solution010,0.66122506510738244,0.66122506510738244,0,5,0.20902947519769949,8.0707713782731663,1.3165888417131688,0.38763324490143936,31,0.14496314496314497,0.013513513513513514,True,sha256:1fe147ec98883c9fbb5f2a112d4219c468fdb63efc095a371e427082021f8822,1fe147ec98883c9fbb5f2a112d4219c468fdb63efc095a371e427082021f8822,seed29_solution010,8,10
xerces,29,stage3,BALANCE,P1,primary reporting profile,results/stage3/subjects/xerces-j/declaration_method_body/formal/seed_29/projected_front_3d.csv,seed29_solution013,0.63942200062951271,0.66122506510738244,0.03297374166287681,5,0.23361610352264559,8.5517445524367925,1.2374306926835972,0.40754860477209809,29,0.14250614250614252,0.0036855036855036856,True,sha256:e1e01b125e95516253029bb8afb4869f8b5c7f5f08f9c8e4f463abe84d108529,e1e01b125e95516253029bb8afb4869f8b5c7f5f08f9c8e4f463abe84d108529,seed29_solution013,11,13
xerces,29,stage3,COUPLING,P2,descriptive preference sensitivity,results/stage3/subjects/xerces-j/declaration_method_body/formal/seed_29/projected_front_3d.csv,seed29_solution010,0.66122506510738244,0.66122506510738244,0,5,0.20902947519769949,8.0707713782731663,1.3165888417131688,0.38763324490143936,31,0.14496314496314497,0.013513513513513514,True,sha256:1fe147ec98883c9fbb5f2a112d4219c468fdb63efc095a371e427082021f8822,1fe147ec98883c9fbb5f2a112d4219c468fdb63efc095a371e427082021f8822,seed29_solution010,8,10
xerces,29,stage3,COHESION,P3,descriptive preference sensitivity,results/stage3/subjects/xerces-j/declaration_method_body/formal/seed_29/projected_front_3d.csv,seed29_solution014,0.633286852473118,0.66122506510738244,0.042252198394395854,5,0.24261682242990654,8.6148583270305377,1.2390566191791139,0.40016092032685346,29,0.14373464373464373,0.0073710073710073713,True,sha256:940609fd7b5107298801edaba3b4694904bddedf962d848496ed8889db3bb597,940609fd7b5107298801edaba3b4694904bddedf962d848496ed8889db3bb597,seed29_solution014,12,14
xerces,29,stage3,SEMANTIC,P4,descriptive preference sensitivity,results/stage3/subjects/xerces-j/declaration_method_body/formal/seed_29/projected_front_3d.csv,seed29_solution010,0.66122506510738244,0.66122506510738244,0,5,0.20902947519769949,8.0707713782731663,1.3165888417131688,0.38763324490143936,31,0.14496314496314497,0.013513513513513514,True,sha256:1fe147ec98883c9fbb5f2a112d4219c468fdb63efc095a371e427082021f8822,1fe147ec98883c9fbb5f2a112d4219c468fdb63efc095a371e427082021f8822,seed29_solution010,8,10
