subject,seed,solution_id,original_solution_id,coupling,cohesion,imbalance,original_f_semantic,pymoo_f0_coupling,pymoo_f1_negative_cohesion,pymoo_f2_imbalance,feasible,is_injected_seed,label_vector
xerces,22,seed22_solution000,seed22_solution000,0.12563623292595255,1.84203556607805,5.7669558698423184,0.5198359333636041,0.12563623292595255,-1.84203556607805,5.7669558698423184,True,False,"[0, 1, 1, 1, 1, 2, 1, 3, 1, 2, 1, 0, 4, 1, 1, 1, 0, 0, 0, 0, 5, 1, 1, 6, 1, 7, 8, 0, 1, 1, 1, 2, 2, 0, 1, 9, 10, 1, 2, 1, 1, 1, 2, 2, 1, 2, 2, 1, 1, 11, 12, 1, 2, 1, 1, 1, 1, 1, 1, 1, 13, 14, 1, 1, 15, 1, 0, 0, 1, 1, 16, 17, 1, 1, 1, 1, 18, 19, 20, 21, 22, 23, 24, 25, 1, 26, 27, 27, 1, 27, 0, 0, 0, 0, 0, 0, 0, 0, 0, 0, 28, 0, 29, 0, 0, 0, 28, 28, 28, 30, 30, 0, 0, 31, 0, 1, 1, 1, 1, 32, 1, 1, 33, 1, 1, 1, 1, 1, 1, 1, 1, 0, 1, 1, 34, 1, 35, 35, 36, 37, 37, 37, 1, 1, 1, 38, 1, 0, 1, 1, 1, 1, 1, 1, 1, 39, 1, 40, 1, 0, 41, 1, 42, 1, 43, 1, 1, 1, 1, 0, 42, 1, 1, 44, 42, 45, 1, 1, 1, 1, 1, 42, 1, 42, 1, 1, 46, 1, 1, 47, 1, 48, 48, 1, 48, 48, 48, 48, 48, 48, 48, 48, 48, 1, 1, 0, 1, 49, 49, 49, 49, 49, 49, 49, 49, 49, 49, 49, 49, 0, 0, 0, 50, 50, 51, 52, 53, 0, 0, 1, 1, 54, 50, 50, 50, 50, 55, 55, 56, 56, 50, 0, 1, 56, 56, 1, 0, 0, 57, 58, 55, 59, 59, 50, 50, 60, 60, 61, 61, 0, 50, 62, 50, 1, 63, 64, 1, 65, 1, 1, 66, 65, 1, 1, 0, 1, 50, 50, 50, 0, 67, 0, 68, 0, 0, 0, 1, 0, 0, 1, 1, 69, 0, 1, 1, 1, 0, 1, 1, 1, 70, 1, 1, 1, 1, 71, 72, 73, 74, 75, 76, 1, 1, 1, 1, 77, 1, 78, 79, 80, 1, 1, 81, 1, 82, 1, 1, 83, 84, 1, 1, 85, 1, 1, 1, 86, 87, 1, 0, 1, 1, 0, 88, 1, 89, 1, 90, 1, 1, 91, 1, 0, 0, 92, 1, 0, 1, 1, 1, 1, 0, 1, 1, 0, 1, 1, 93, 1, 0, 1, 94, 1, 1, 0, 1, 1, 0, 1, 1, 95, 1, 1, 1, 1, 0, 0, 0, 1, 0, 1, 0, 0, 0, 0, 0, 1, 1, 96, 1, 1, 97, 1, 1, 1, 97, 98, 99, 99, 99, 99, 99, 1, 1, 100, 99, 1, 101, 1, 1, 1, 99, 1, 102, 1, 1, 103, 1, 104, 1, 1, 1, 1, 1, 0, 1, 1, 1, 1, 1, 1, 1, 0, 105, 0, 106, 1, 1, 1, 0, 1, 1, 0, 107, 0, 108, 0, 1, 1, 109, 0, 110, 111, 111, 111, 111, 111, 1, 112, 113, 114, 1, 1, 115, 1, 0, 0, 116, 0, 1, 1, 1, 1, 1, 0, 1, 1, 50, 50, 50, 50, 50, 50, 50, 50, 0, 1, 1, 1, 1, 1, 117, 0, 1, 0, 0, 0, 0, 0, 1, 1, 118, 1, 119, 1, 1, 1, 1, 120, 1, 1, 1, 121, 122, 1, 123, 1, 0, 0, 1, 0, 0, 1, 0, 1, 124, 1, 1, 1, 1, 1, 0, 0, 0, 1, 1, 1, 125, 1, 126, 1, 1, 0, 1, 0, 0, 0, 0, 1, 0, 0, 1, 0, 0, 0, 0, 0, 0, 0, 0, 0, 0, 0, 1, 1, 1, 127, 1, 1, 1, 0, 1, 0, 0, 0, 0, 1, 128, 128, 128, 128, 128, 128, 128, 128, 128, 128, 128, 128, 128, 128, 128, 128, 128, 128, 128, 128, 128, 128, 128, 1, 129, 129, 129, 129, 129, 0, 1, 130, 131, 1, 132, 50, 0, 133, 0, 0, 0, 1, 134, 135, 1, 1, 1, 0, 1, 136, 1, 137, 138, 139, 1, 0, 1, 1, 140, 140, 141, 1, 1, 142, 1, 143, 1, 1, 1, 1, 1, 129, 1, 1, 0, 130, 0, 0, 1, 1, 1, 144, 1, 145, 145, 145, 145, 145, 145, 145, 145, 145, 145, 145, 146, 1, 147, 148, 0, 149, 1, 1, 1, 1, 1, 1, 1, 1, 1, 1, 1, 1, 1, 0, 0, 0, 0, 0, 0, 0, 1, 1, 1, 0, 0, 0, 0, 0, 0, 0, 0, 0, 0, 1, 1, 1, 150, 0, 0, 0, 0, 0, 0, 1, 151, 151, 1, 0, 1, 152, 0, 0, 1, 0, 0, 0, 1, 0, 0, 0, 0, 0, 153, 0, 0, 0, 0, 0, 0, 0, 0, 0, 0, 1, 0, 0, 0, 1, 1, 0, 1, 0, 1, 1, 0, 0, 1, 50, 55, 56, 56, 61, 1, 154, 1, 155, 156, 133, 133, 133, 133, 1, 1, 1, 157, 158, 154, 154, 1, 159, 160, 1, 154, 154, 154, 154, 154, 154, 154, 154, 154, 154, 154, 154, 1, 1, 1, 1]"
xerces,22,seed22_solution001,seed22_solution001,0.1292020129403307,1.7875496507387616,5.627150380029409,0.5258077237435466,0.1292020129403307,-1.7875496507387616,5.627150380029409,True,False,"[0, 1, 1, 1, 1, 2, 1, 3, 1, 2, 1, 0, 4, 1, 1, 1, 0, 0, 0, 0, 5, 1, 1, 6, 1, 7, 8, 0, 1, 1, 1, 2, 2, 0, 1, 9, 10, 1, 2, 1, 1, 1, 2, 2, 1, 2, 2, 1, 1, 11, 12, 1, 2, 1, 13, 1, 1, 1, 1, 1, 13, 14, 1, 1, 15, 1, 0, 0, 1, 1, 15, 16, 1, 1, 1, 1, 17, 17, 18, 19, 19, 20, 20, 21, 1, 21, 22, 23, 1, 22, 0, 0, 0, 0, 0, 0, 0, 0, 0, 0, 24, 0, 25, 0, 0, 0, 24, 22, 22, 25, 25, 0, 0, 26, 0, 1, 1, 1, 1, 27, 1, 1, 27, 1, 1, 1, 1, 1, 1, 1, 1, 0, 1, 1, 28, 1, 28, 29, 29, 30, 30, 30, 1, 1, 1, 31, 1, 0, 1, 1, 1, 1, 1, 1, 1, 32, 1, 33, 1, 0, 34, 1, 35, 1, 36, 1, 1, 1, 1, 0, 35, 1, 1, 37, 35, 38, 1, 1, 1, 1, 1, 35, 1, 35, 1, 1, 39, 1, 1, 40, 1, 41, 41, 1, 41, 41, 41, 41, 41, 41, 41, 41, 41, 1, 1, 0, 1, 42, 42, 42, 42, 42, 42, 42, 42, 42, 42, 42, 42, 0, 0, 0, 43, 43, 44, 45, 46, 0, 0, 1, 1, 47, 43, 43, 43, 43, 48, 48, 49, 49, 43, 50, 1, 49, 49, 1, 0, 0, 51, 52, 48, 53, 53, 43, 43, 54, 54, 55, 55, 0, 43, 56, 43, 1, 57, 58, 1, 59, 1, 1, 60, 59, 1, 1, 0, 1, 43, 43, 43, 0, 61, 0, 62, 0, 0, 0, 1, 34, 0, 1, 1, 63, 0, 1, 1, 1, 0, 1, 1, 1, 64, 1, 1, 1, 1, 65, 66, 67, 68, 69, 70, 1, 1, 1, 1, 71, 1, 72, 73, 74, 1, 1, 75, 1, 76, 1, 1, 77, 78, 1, 1, 79, 1, 1, 1, 80, 81, 1, 0, 1, 1, 0, 82, 1, 83, 1, 84, 1, 1, 85, 1, 0, 0, 86, 1, 0, 1, 1, 1, 1, 0, 1, 1, 0, 1, 1, 87, 1, 0, 1, 88, 1, 1, 0, 1, 1, 0, 1, 1, 89, 1, 1, 1, 1, 0, 0, 0, 1, 0, 1, 0, 0, 0, 0, 0, 1, 1, 90, 1, 1, 91, 1, 1, 1, 91, 92, 93, 93, 93, 93, 93, 1, 1, 94, 93, 1, 95, 1, 1, 1, 93, 1, 96, 1, 1, 97, 1, 98, 1, 1, 1, 1, 1, 0, 1, 1, 1, 1, 1, 1, 1, 0, 99, 0, 100, 1, 1, 1, 0, 1, 1, 0, 101, 0, 102, 0, 1, 1, 103, 0, 104, 105, 105, 105, 105, 105, 1, 106, 107, 108, 1, 1, 109, 1, 0, 0, 110, 0, 1, 1, 1, 1, 1, 0, 1, 1, 43, 43, 43, 43, 43, 43, 43, 43, 0, 1, 1, 1, 1, 1, 111, 0, 1, 0, 0, 0, 0, 0, 1, 1, 112, 1, 113, 1, 1, 1, 1, 114, 1, 1, 1, 115, 116, 1, 117, 1, 0, 0, 1, 0, 0, 1, 0, 1, 118, 1, 1, 1, 1, 1, 0, 0, 0, 1, 1, 1, 119, 1, 120, 1, 1, 0, 1, 0, 0, 0, 0, 1, 0, 0, 1, 0, 0, 0, 0, 0, 0, 0, 0, 0, 0, 0, 1, 1, 1, 121, 1, 1, 1, 0, 1, 0, 0, 0, 0, 1, 122, 122, 122, 122, 122, 122, 122, 122, 122, 122, 122, 122, 122, 122, 122, 122, 122, 122, 122, 122, 122, 122, 122, 1, 123, 123, 123, 123, 123, 0, 1, 124, 125, 1, 126, 43, 0, 127, 0, 0, 0, 1, 128, 129, 1, 1, 1, 0, 1, 130, 1, 131, 132, 133, 1, 0, 1, 1, 134, 134, 135, 1, 1, 136, 1, 137, 1, 1, 1, 1, 1, 123, 1, 1, 0, 124, 0, 0, 1, 1, 1, 138, 1, 139, 139, 139, 139, 139, 139, 139, 139, 139, 139, 139, 140, 1, 141, 142, 0, 143, 1, 1, 1, 1, 1, 1, 1, 1, 1, 1, 1, 1, 1, 0, 0, 0, 0, 0, 0, 0, 1, 1, 1, 0, 0, 0, 0, 0, 0, 0, 0, 0, 0, 1, 1, 1, 144, 0, 0, 0, 0, 0, 0, 1, 145, 145, 1, 0, 1, 146, 0, 0, 1, 0, 0, 0, 1, 0, 0, 0, 0, 0, 147, 0, 0, 0, 0, 0, 0, 0, 0, 0, 0, 1, 0, 0, 0, 1, 1, 0, 1, 0, 1, 1, 0, 0, 1, 43, 48, 49, 49, 55, 1, 148, 1, 149, 150, 127, 127, 127, 127, 1, 1, 1, 151, 152, 148, 148, 1, 153, 154, 1, 148, 148, 148, 148, 148, 148, 148, 148, 148, 148, 148, 148, 1, 1, 1, 1]"
xerces,22,seed22_solution002,seed22_solution002,0.1311861969805895,1.79793472122293,5.593538102479032,0.5276981106692875,0.1311861969805895,-1.79793472122293,5.593538102479032,True,False,"[0, 1, 1, 1, 1, 2, 1, 3, 1, 2, 1, 0, 4, 1, 1, 1, 0, 0, 0, 0, 5, 1, 1, 6, 1, 7, 8, 0, 1, 1, 1, 2, 2, 0, 1, 9, 10, 1, 2, 1, 1, 1, 2, 2, 1, 2, 2, 1, 1, 11, 12, 1, 2, 1, 13, 1, 1, 1, 1, 1, 13, 14, 1, 1, 15, 1, 0, 0, 1, 1, 15, 16, 1, 1, 1, 1, 17, 17, 18, 19, 19, 20, 20, 21, 1, 21, 22, 23, 1, 22, 0, 0, 0, 0, 0, 0, 0, 0, 0, 0, 24, 0, 25, 0, 0, 0, 24, 22, 22, 25, 25, 0, 0, 26, 0, 1, 1, 1, 1, 27, 1, 1, 27, 1, 1, 1, 1, 1, 1, 1, 1, 0, 1, 1, 28, 1, 28, 29, 29, 30, 30, 30, 1, 1, 1, 31, 1, 0, 1, 1, 1, 1, 1, 1, 1, 32, 1, 33, 1, 0, 34, 1, 35, 1, 36, 1, 1, 1, 1, 0, 35, 1, 1, 37, 35, 38, 1, 1, 1, 1, 1, 35, 1, 35, 1, 1, 39, 1, 1, 40, 1, 41, 41, 1, 41, 41, 41, 41, 41, 41, 41, 41, 41, 1, 1, 0, 1, 42, 42, 42, 42, 42, 42, 42, 42, 42, 42, 42, 42, 0, 43, 0, 44, 44, 45, 46, 47, 0, 0, 1, 1, 48, 44, 44, 44, 44, 49, 49, 50, 50, 44, 51, 1, 50, 50, 1, 0, 0, 52, 53, 49, 54, 54, 44, 44, 55, 55, 56, 56, 0, 44, 57, 44, 1, 58, 59, 1, 60, 1, 1, 61, 60, 1, 1, 0, 1, 44, 44, 44, 0, 62, 0, 63, 0, 0, 0, 1, 34, 0, 1, 1, 64, 0, 1, 1, 1, 0, 1, 1, 1, 65, 1, 1, 1, 1, 66, 43, 67, 68, 69, 70, 1, 1, 1, 1, 71, 1, 72, 73, 74, 1, 1, 75, 1, 76, 1, 1, 77, 78, 1, 1, 79, 1, 1, 1, 80, 81, 1, 0, 1, 1, 0, 82, 1, 83, 1, 84, 1, 1, 85, 1, 0, 0, 86, 1, 0, 1, 1, 1, 1, 0, 1, 1, 0, 1, 1, 87, 1, 0, 1, 88, 1, 1, 0, 1, 1, 0, 1, 1, 89, 1, 1, 1, 1, 0, 0, 0, 1, 0, 1, 0, 0, 0, 0, 0, 1, 1, 90, 1, 1, 91, 1, 1, 1, 91, 92, 93, 93, 93, 93, 93, 1, 1, 94, 93, 1, 95, 1, 1, 1, 93, 1, 96, 1, 1, 63, 1, 97, 1, 1, 1, 1, 1, 0, 1, 1, 1, 1, 1, 1, 1, 0, 98, 0, 99, 1, 1, 1, 0, 1, 1, 0, 100, 0, 101, 0, 1, 1, 102, 0, 103, 104, 104, 104, 104, 104, 1, 105, 106, 107, 1, 1, 108, 1, 0, 0, 109, 0, 1, 1, 1, 1, 1, 0, 1, 1, 44, 44, 44, 44, 44, 44, 44, 44, 0, 1, 1, 1, 1, 1, 110, 0, 1, 0, 0, 0, 0, 0, 1, 1, 111, 1, 112, 1, 1, 1, 1, 113, 1, 1, 1, 114, 115, 1, 116, 1, 0, 0, 1, 0, 0, 1, 0, 1, 117, 1, 1, 1, 1, 1, 0, 0, 0, 1, 1, 1, 118, 1, 119, 1, 1, 0, 1, 0, 0, 0, 0, 1, 0, 0, 1, 0, 0, 0, 0, 0, 0, 0, 0, 0, 0, 0, 1, 1, 1, 120, 1, 1, 1, 0, 1, 0, 0, 0, 0, 1, 121, 121, 121, 121, 121, 121, 121, 121, 121, 121, 121, 121, 121, 121, 121, 121, 121, 121, 121, 121, 121, 121, 121, 1, 122, 122, 122, 122, 122, 0, 1, 123, 124, 1, 125, 44, 0, 126, 0, 0, 0, 1, 127, 128, 1, 1, 1, 0, 1, 129, 1, 130, 131, 132, 1, 0, 1, 1, 133, 133, 134, 1, 1, 135, 1, 136, 1, 1, 1, 1, 1, 122, 1, 1, 0, 123, 0, 0, 1, 1, 1, 137, 1, 138, 138, 138, 138, 138, 138, 138, 138, 138, 138, 59, 139, 1, 140, 141, 0, 142, 1, 1, 1, 1, 1, 1, 1, 1, 1, 1, 1, 1, 1, 0, 0, 0, 0, 0, 0, 0, 1, 1, 1, 0, 0, 0, 0, 0, 0, 0, 0, 0, 0, 1, 1, 1, 143, 50, 0, 0, 0, 0, 0, 1, 144, 144, 1, 0, 1, 145, 0, 0, 1, 0, 0, 0, 1, 0, 0, 0, 0, 0, 146, 0, 0, 0, 0, 0, 0, 0, 0, 0, 0, 1, 0, 0, 0, 1, 1, 0, 1, 0, 1, 1, 0, 0, 1, 44, 49, 50, 50, 56, 1, 147, 1, 148, 149, 126, 126, 126, 126, 1, 1, 1, 150, 151, 147, 147, 1, 152, 153, 1, 147, 147, 147, 147, 147, 147, 147, 147, 147, 147, 147, 147, 1, 1, 1, 1]"
xerces,22,seed22_solution003,seed22_solution003,0.13679367361610353,0.9330794460945987,5.146690031664048,0.5419276772470099,0.13679367361610353,-0.9330794460945987,5.146690031664048,True,False,"[0, 1, 1, 1, 1, 2, 1, 3, 1, 2, 1, 0, 4, 1, 1, 1, 0, 0, 0, 0, 5, 1, 1, 6, 1, 7, 8, 0, 1, 1, 1, 2, 2, 0, 1, 9, 10, 1, 2, 1, 1, 1, 2, 2, 1, 2, 2, 1, 1, 11, 12, 1, 2, 1, 13, 1, 1, 1, 1, 1, 13, 13, 1, 1, 14, 1, 0, 0, 1, 1, 15, 16, 1, 1, 1, 1, 16, 17, 18, 18, 19, 20, 20, 21, 1, 21, 22, 22, 1, 21, 0, 0, 0, 0, 0, 0, 0, 0, 0, 0, 23, 0, 24, 0, 0, 0, 22, 22, 22, 25, 23, 0, 0, 25, 0, 1, 1, 1, 1, 25, 1, 1, 26, 1, 1, 1, 1, 1, 1, 1, 1, 0, 1, 1, 26, 1, 27, 28, 28, 29, 29, 29, 1, 1, 1, 30, 1, 0, 1, 1, 1, 1, 1, 1, 1, 31, 1, 32, 1, 0, 33, 1, 34, 1, 35, 1, 1, 1, 1, 0, 34, 36, 1, 37, 34, 38, 1, 1, 1, 1, 1, 34, 1, 34, 1, 1, 39, 1, 1, 40, 1, 41, 41, 1, 41, 41, 41, 41, 41, 41, 41, 41, 41, 1, 1, 0, 1, 36, 36, 36, 36, 36, 36, 36, 36, 36, 36, 36, 36, 0, 0, 0, 42, 42, 43, 44, 45, 0, 0, 1, 1, 46, 42, 42, 42, 42, 47, 47, 48, 48, 42, 49, 1, 48, 48, 1, 0, 0, 50, 51, 47, 52, 52, 42, 42, 53, 53, 54, 54, 0, 42, 33, 42, 1, 55, 56, 1, 57, 1, 1, 58, 59, 1, 1, 0, 1, 42, 42, 42, 0, 60, 0, 60, 0, 0, 0, 1, 0, 0, 1, 1, 61, 0, 1, 1, 1, 0, 1, 1, 1, 62, 1, 1, 1, 1, 63, 63, 64, 65, 66, 67, 1, 1, 1, 1, 68, 1, 68, 69, 70, 1, 1, 71, 1, 71, 1, 1, 72, 73, 1, 1, 74, 1, 1, 1, 74, 31, 1, 0, 1, 1, 0, 75, 1, 75, 1, 76, 1, 1, 77, 1, 0, 0, 78, 1, 0, 1, 1, 1, 1, 0, 1, 1, 0, 1, 1, 78, 1, 0, 1, 79, 1, 1, 0, 1, 1, 0, 1, 1, 80, 1, 1, 1, 1, 0, 0, 0, 1, 0, 1, 0, 0, 0, 0, 0, 1, 1, 81, 1, 1, 81, 1, 1, 1, 81, 82, 83, 83, 83, 82, 82, 1, 1, 83, 83, 1, 84, 1, 1, 1, 82, 1, 85, 1, 1, 86, 1, 86, 1, 1, 1, 1, 1, 0, 1, 1, 1, 1, 1, 1, 1, 0, 87, 0, 87, 1, 1, 1, 0, 1, 1, 0, 88, 0, 89, 0, 1, 1, 90, 0, 90, 91, 92, 91, 92, 92, 1, 91, 93, 94, 1, 1, 95, 1, 0, 0, 96, 0, 1, 1, 1, 1, 1, 0, 1, 1, 42, 42, 42, 42, 42, 42, 42, 42, 0, 1, 1, 1, 1, 1, 96, 0, 1, 0, 0, 0, 0, 0, 1, 1, 97, 1, 98, 1, 1, 1, 1, 99, 1, 1, 1, 99, 100, 1, 101, 1, 0, 0, 1, 0, 0, 1, 0, 1, 102, 1, 1, 1, 1, 1, 0, 0, 0, 1, 1, 1, 102, 1, 103, 1, 1, 0, 1, 0, 0, 0, 0, 1, 0, 0, 1, 0, 0, 0, 0, 0, 0, 0, 0, 0, 0, 0, 1, 1, 1, 104, 1, 1, 1, 0, 1, 0, 0, 0, 0, 1, 105, 106, 106, 105, 106, 105, 105, 105, 105, 105, 105, 105, 105, 106, 106, 106, 106, 105, 105, 106, 106, 105, 106, 1, 107, 107, 106, 107, 107, 0, 1, 108, 108, 1, 109, 42, 0, 110, 0, 0, 0, 1, 110, 111, 1, 1, 1, 0, 1, 112, 1, 113, 114, 114, 1, 0, 1, 1, 115, 115, 115, 1, 1, 116, 1, 116, 1, 1, 1, 1, 1, 107, 1, 1, 0, 108, 0, 0, 1, 1, 1, 117, 1, 118, 117, 117, 117, 117, 117, 117, 118, 117, 117, 117, 119, 1, 120, 121, 0, 121, 1, 1, 1, 1, 1, 1, 1, 1, 1, 1, 1, 1, 1, 0, 0, 0, 0, 0, 0, 0, 1, 1, 1, 0, 0, 0, 0, 0, 0, 0, 0, 0, 0, 1, 1, 1, 122, 0, 0, 0, 0, 0, 0, 1, 123, 123, 1, 0, 1, 7, 0, 0, 1, 0, 0, 0, 1, 0, 0, 0, 0, 0, 124, 0, 0, 0, 0, 0, 0, 0, 0, 0, 0, 1, 0, 0, 0, 1, 1, 0, 1, 0, 1, 1, 0, 0, 1, 42, 47, 48, 48, 54, 1, 125, 1, 126, 126, 127, 110, 127, 127, 1, 1, 1, 128, 128, 125, 129, 1, 130, 130, 1, 129, 129, 125, 125, 129, 129, 129, 129, 125, 129, 129, 125, 1, 1, 1, 1]"
xerces,22,seed22_solution004,seed22_solution004,0.14401150251617542,1.853492668494758,5.734935851531781,0.5240057261887885,0.14401150251617542,-1.853492668494758,5.734935851531781,True,False,"[0, 1, 1, 1, 1, 2, 1, 3, 1, 2, 1, 0, 4, 1, 1, 1, 0, 0, 0, 0, 5, 1, 1, 6, 1, 7, 8, 0, 1, 1, 1, 2, 2, 0, 1, 9, 10, 1, 2, 1, 1, 1, 2, 2, 1, 2, 2, 1, 1, 11, 12, 1, 2, 1, 1, 1, 1, 1, 1, 1, 13, 14, 1, 1, 15, 1, 0, 0, 1, 1, 16, 17, 1, 1, 1, 1, 18, 19, 20, 21, 22, 23, 24, 25, 1, 26, 27, 27, 1, 27, 0, 0, 0, 0, 0, 0, 0, 0, 0, 0, 28, 0, 29, 0, 0, 0, 28, 28, 28, 30, 30, 0, 0, 31, 0, 1, 1, 1, 1, 32, 1, 1, 33, 1, 1, 1, 1, 1, 1, 1, 1, 0, 1, 1, 34, 1, 35, 35, 36, 37, 37, 37, 1, 1, 1, 38, 1, 0, 1, 1, 1, 1, 1, 1, 1, 39, 1, 40, 1, 0, 41, 1, 42, 1, 43, 1, 1, 1, 1, 0, 42, 1, 1, 44, 42, 45, 1, 1, 1, 1, 1, 42, 1, 42, 1, 1, 46, 1, 1, 47, 1, 48, 48, 1, 48, 48, 48, 48, 48, 48, 48, 48, 48, 1, 1, 0, 1, 49, 49, 49, 49, 49, 49, 49, 49, 49, 49, 49, 49, 0, 0, 0, 50, 50, 51, 52, 53, 0, 0, 1, 1, 54, 50, 50, 50, 50, 55, 55, 56, 56, 50, 0, 1, 56, 56, 1, 0, 0, 57, 58, 55, 59, 59, 50, 50, 60, 60, 61, 61, 0, 50, 62, 50, 1, 63, 64, 1, 65, 1, 1, 66, 65, 1, 1, 0, 1, 50, 50, 50, 0, 67, 0, 68, 0, 0, 0, 1, 0, 0, 1, 1, 69, 0, 1, 1, 1, 0, 1, 1, 1, 70, 1, 1, 1, 1, 71, 72, 73, 74, 75, 76, 1, 1, 1, 1, 77, 1, 78, 79, 80, 1, 1, 81, 1, 82, 1, 1, 83, 84, 1, 1, 85, 1, 1, 1, 86, 87, 1, 0, 1, 1, 0, 88, 1, 89, 1, 90, 1, 1, 91, 1, 0, 0, 92, 1, 0, 1, 1, 1, 1, 0, 1, 1, 0, 1, 1, 93, 1, 0, 1, 94, 1, 1, 0, 1, 1, 0, 1, 1, 95, 1, 1, 1, 1, 0, 0, 0, 1, 0, 1, 0, 0, 0, 0, 0, 1, 1, 96, 1, 1, 97, 1, 1, 1, 97, 98, 99, 99, 99, 99, 99, 1, 1, 100, 99, 1, 101, 1, 1, 1, 99, 1, 102, 1, 1, 103, 1, 104, 1, 1, 1, 1, 34, 0, 1, 1, 1, 1, 1, 1, 1, 0, 105, 0, 106, 1, 1, 1, 0, 1, 1, 0, 107, 0, 108, 0, 1, 1, 109, 0, 110, 111, 111, 111, 111, 111, 1, 112, 113, 114, 1, 1, 115, 1, 0, 0, 116, 0, 1, 1, 1, 1, 1, 0, 1, 1, 50, 50, 50, 50, 50, 50, 50, 50, 0, 1, 1, 1, 1, 1, 117, 0, 1, 0, 0, 0, 0, 0, 1, 1, 118, 1, 119, 1, 1, 1, 1, 120, 1, 1, 1, 121, 122, 1, 123, 1, 0, 0, 1, 0, 0, 1, 0, 1, 124, 1, 1, 1, 1, 1, 0, 0, 0, 1, 1, 1, 125, 1, 126, 1, 1, 0, 1, 0, 0, 0, 0, 1, 0, 0, 1, 0, 0, 0, 0, 0, 0, 0, 0, 0, 0, 0, 1, 1, 1, 127, 1, 1, 1, 0, 1, 0, 0, 0, 0, 1, 128, 128, 128, 128, 128, 128, 128, 128, 128, 128, 128, 128, 128, 128, 128, 128, 128, 128, 128, 128, 128, 128, 128, 1, 129, 129, 129, 129, 129, 0, 1, 130, 131, 1, 132, 50, 0, 133, 0, 0, 0, 1, 134, 135, 1, 1, 1, 0, 1, 136, 1, 137, 138, 139, 1, 0, 1, 1, 140, 140, 141, 1, 1, 142, 1, 143, 1, 1, 1, 1, 1, 129, 1, 1, 0, 130, 0, 0, 1, 1, 1, 144, 1, 145, 145, 145, 145, 145, 145, 145, 145, 145, 145, 145, 146, 1, 147, 148, 0, 149, 1, 1, 1, 1, 1, 1, 1, 1, 1, 1, 1, 1, 1, 0, 0, 0, 0, 0, 0, 0, 1, 1, 1, 0, 0, 0, 0, 0, 0, 0, 0, 0, 0, 1, 1, 1, 150, 0, 0, 0, 0, 0, 0, 1, 151, 151, 1, 0, 1, 96, 0, 0, 1, 0, 0, 0, 1, 0, 0, 0, 0, 0, 152, 0, 0, 0, 0, 0, 0, 0, 0, 0, 0, 1, 0, 0, 0, 1, 1, 0, 1, 0, 1, 1, 0, 0, 1, 50, 55, 56, 56, 61, 1, 153, 1, 154, 155, 133, 133, 133, 133, 1, 1, 1, 156, 157, 153, 153, 1, 158, 159, 1, 153, 153, 153, 153, 153, 153, 153, 153, 153, 153, 153, 153, 1, 1, 1, 1]"
xerces,22,seed22_solution005,seed22_solution005,0.14792235801581596,1.8108562775349601,5.516352733511158,0.5417985541786257,0.14792235801581596,-1.8108562775349601,5.516352733511158,True,False,"[0, 1, 1, 1, 1, 2, 1, 3, 1, 2, 1, 0, 4, 1, 1, 1, 0, 0, 0, 0, 5, 1, 1, 6, 1, 7, 8, 0, 1, 1, 1, 2, 2, 0, 1, 9, 10, 1, 2, 1, 1, 1, 2, 2, 1, 2, 2, 1, 11, 12, 13, 1, 2, 1, 1, 1, 1, 1, 1, 1, 14, 14, 1, 1, 15, 1, 0, 0, 1, 1, 16, 17, 1, 1, 1, 1, 17, 18, 19, 20, 21, 21, 22, 22, 1, 23, 23, 24, 1, 23, 0, 0, 0, 0, 0, 0, 0, 0, 0, 0, 24, 0, 25, 0, 0, 0, 24, 25, 25, 26, 26, 0, 0, 27, 0, 1, 1, 1, 1, 27, 1, 1, 28, 1, 1, 1, 1, 1, 1, 1, 1, 0, 1, 1, 28, 1, 29, 30, 31, 32, 32, 32, 1, 1, 1, 33, 1, 0, 1, 1, 1, 1, 1, 1, 1, 34, 1, 35, 1, 0, 36, 1, 37, 1, 38, 1, 1, 1, 1, 0, 37, 1, 1, 39, 37, 40, 1, 1, 1, 1, 1, 37, 1, 37, 1, 41, 42, 43, 1, 44, 1, 45, 45, 1, 45, 45, 45, 45, 45, 45, 45, 45, 45, 1, 1, 0, 1, 46, 46, 46, 46, 27, 46, 46, 46, 46, 46, 46, 46, 0, 0, 0, 47, 47, 48, 49, 50, 0, 0, 1, 1, 51, 47, 47, 47, 47, 52, 52, 53, 53, 47, 54, 1, 53, 53, 1, 0, 0, 55, 56, 52, 57, 57, 47, 47, 58, 58, 59, 59, 0, 47, 36, 47, 1, 60, 61, 1, 62, 1, 1, 63, 62, 1, 1, 0, 1, 47, 47, 47, 0, 64, 0, 65, 0, 0, 0, 1, 0, 66, 1, 1, 67, 0, 1, 1, 1, 0, 1, 1, 1, 68, 1, 1, 1, 1, 69, 70, 71, 72, 43, 73, 1, 1, 1, 1, 74, 1, 75, 76, 77, 1, 1, 78, 1, 79, 1, 1, 80, 81, 1, 1, 82, 1, 1, 1, 83, 84, 1, 0, 1, 1, 0, 85, 1, 86, 1, 87, 1, 1, 88, 1, 0, 0, 89, 1, 0, 1, 1, 1, 1, 31, 1, 1, 0, 1, 1, 90, 1, 0, 1, 91, 1, 1, 0, 1, 1, 0, 1, 1, 92, 1, 1, 1, 1, 0, 0, 0, 1, 0, 1, 0, 0, 0, 0, 0, 1, 1, 93, 1, 1, 66, 1, 1, 1, 66, 94, 95, 95, 95, 95, 95, 1, 1, 96, 95, 1, 97, 1, 1, 1, 95, 1, 98, 1, 1, 99, 1, 100, 1, 1, 1, 15, 1, 0, 1, 1, 1, 1, 1, 1, 1, 0, 101, 0, 102, 1, 1, 1, 0, 1, 1, 0, 103, 0, 104, 0, 1, 1, 105, 0, 106, 107, 107, 107, 107, 107, 1, 108, 109, 110, 1, 1, 111, 1, 0, 0, 112, 0, 1, 1, 1, 1, 1, 0, 1, 1, 47, 47, 47, 47, 47, 47, 47, 47, 0, 1, 1, 1, 1, 1, 113, 0, 1, 0, 0, 0, 0, 0, 1, 1, 114, 1, 115, 1, 1, 1, 1, 116, 1, 1, 1, 117, 118, 1, 119, 1, 0, 0, 23, 0, 0, 1, 0, 1, 19, 1, 1, 1, 1, 1, 0, 0, 0, 1, 1, 1, 120, 1, 121, 1, 1, 0, 1, 0, 0, 0, 0, 1, 0, 0, 122, 0, 0, 0, 0, 0, 0, 0, 0, 0, 0, 0, 1, 1, 1, 123, 1, 1, 1, 0, 1, 0, 0, 0, 0, 1, 124, 124, 124, 124, 124, 124, 124, 124, 124, 124, 124, 124, 124, 124, 124, 124, 124, 124, 124, 124, 124, 124, 124, 1, 125, 125, 125, 125, 125, 0, 1, 126, 127, 1, 128, 47, 0, 129, 0, 0, 0, 1, 130, 131, 1, 1, 1, 0, 1, 132, 1, 122, 133, 134, 1, 0, 1, 1, 135, 135, 136, 1, 1, 137, 1, 138, 1, 1, 1, 1, 1, 125, 1, 1, 0, 126, 0, 0, 1, 1, 1, 139, 1, 140, 140, 140, 140, 140, 140, 140, 140, 140, 72, 140, 141, 1, 142, 143, 106, 144, 1, 1, 1, 1, 1, 1, 1, 1, 1, 1, 1, 1, 1, 0, 0, 0, 0, 0, 0, 0, 1, 1, 1, 0, 0, 0, 0, 0, 0, 0, 0, 84, 0, 1, 1, 1, 11, 0, 0, 0, 0, 0, 0, 1, 145, 145, 1, 0, 1, 146, 0, 0, 1, 0, 0, 0, 1, 0, 0, 75, 0, 0, 147, 0, 0, 0, 0, 0, 0, 0, 0, 0, 0, 1, 0, 0, 0, 1, 1, 0, 102, 0, 1, 1, 0, 0, 1, 47, 52, 53, 53, 59, 1, 148, 1, 149, 150, 129, 129, 129, 129, 1, 1, 1, 151, 152, 148, 148, 1, 153, 154, 1, 148, 148, 148, 148, 148, 148, 148, 148, 148, 148, 148, 148, 1, 1, 1, 1]"
xerces,22,seed22_solution006,seed22_solution006,0.14835370237239395,1.7878179669304326,5.239368060143407,0.5727028095247215,0.14835370237239395,-1.7878179669304326,5.239368060143407,True,False,"[0, 1, 1, 1, 1, 2, 1, 3, 1, 2, 1, 0, 4, 1, 1, 1, 0, 0, 0, 0, 5, 1, 1, 6, 1, 7, 8, 0, 1, 1, 1, 2, 2, 0, 1, 9, 10, 1, 2, 1, 1, 1, 2, 2, 1, 2, 2, 1, 1, 11, 12, 1, 2, 1, 13, 1, 1, 1, 1, 1, 13, 14, 1, 1, 15, 1, 0, 0, 1, 1, 15, 16, 1, 1, 1, 1, 17, 18, 17, 18, 19, 20, 21, 22, 1, 23, 24, 24, 1, 19, 0, 0, 0, 0, 0, 0, 0, 0, 0, 0, 25, 0, 26, 0, 0, 0, 27, 19, 25, 22, 28, 0, 0, 29, 0, 1, 1, 1, 1, 24, 1, 1, 24, 1, 1, 1, 1, 1, 1, 1, 1, 0, 1, 1, 25, 1, 25, 30, 26, 28, 28, 28, 1, 1, 1, 31, 1, 0, 1, 1, 1, 1, 1, 1, 1, 32, 1, 33, 1, 0, 34, 1, 30, 1, 35, 1, 1, 1, 1, 0, 30, 1, 1, 36, 37, 31, 1, 1, 1, 1, 1, 30, 1, 30, 1, 1, 32, 1, 1, 38, 1, 39, 40, 1, 40, 39, 39, 39, 40, 40, 40, 40, 39, 1, 1, 0, 1, 37, 41, 37, 37, 37, 41, 37, 41, 41, 41, 37, 41, 0, 42, 0, 43, 43, 44, 45, 46, 0, 0, 1, 1, 39, 43, 43, 47, 43, 48, 41, 49, 49, 43, 0, 1, 49, 49, 1, 0, 0, 50, 46, 48, 51, 52, 47, 43, 48, 53, 49, 49, 0, 47, 54, 47, 1, 55, 56, 1, 53, 1, 1, 57, 58, 1, 1, 0, 1, 47, 43, 47, 0, 54, 0, 59, 0, 0, 0, 1, 0, 0, 1, 1, 60, 0, 1, 1, 1, 0, 1, 1, 1, 61, 1, 1, 1, 1, 62, 63, 64, 59, 60, 65, 1, 1, 1, 1, 66, 1, 63, 64, 67, 1, 1, 68, 1, 69, 1, 1, 70, 71, 1, 1, 72, 1, 1, 1, 73, 68, 1, 0, 1, 1, 0, 74, 1, 75, 1, 76, 1, 1, 77, 1, 0, 0, 73, 1, 0, 1, 1, 1, 1, 0, 1, 1, 0, 1, 1, 78, 1, 0, 1, 79, 1, 1, 0, 1, 1, 0, 1, 1, 75, 1, 1, 1, 1, 0, 0, 0, 1, 0, 1, 0, 0, 0, 0, 0, 1, 1, 80, 1, 1, 81, 1, 1, 1, 77, 82, 83, 83, 83, 84, 84, 1, 1, 85, 84, 1, 86, 1, 1, 1, 84, 1, 87, 1, 1, 88, 1, 81, 1, 64, 1, 1, 1, 0, 1, 1, 1, 1, 1, 1, 1, 0, 89, 0, 84, 1, 1, 1, 0, 1, 1, 0, 85, 0, 86, 0, 1, 1, 87, 0, 90, 91, 92, 92, 91, 91, 1, 93, 94, 95, 1, 1, 96, 1, 0, 0, 97, 0, 1, 1, 1, 1, 1, 0, 1, 1, 47, 47, 47, 43, 47, 47, 43, 47, 0, 1, 1, 1, 1, 1, 90, 0, 1, 0, 0, 0, 0, 0, 1, 1, 92, 1, 93, 1, 1, 1, 1, 94, 1, 1, 1, 98, 99, 1, 100, 1, 0, 0, 1, 0, 0, 1, 0, 1, 101, 1, 1, 1, 1, 1, 0, 0, 0, 1, 1, 1, 102, 1, 103, 1, 1, 0, 1, 0, 0, 0, 0, 1, 0, 0, 1, 0, 0, 0, 0, 0, 0, 0, 0, 0, 0, 0, 1, 1, 1, 104, 1, 1, 1, 0, 1, 0, 0, 0, 0, 1, 105, 105, 106, 105, 106, 106, 106, 105, 105, 105, 106, 106, 106, 106, 105, 105, 106, 106, 106, 105, 105, 106, 105, 1, 107, 107, 108, 107, 108, 0, 1, 109, 110, 1, 111, 43, 0, 103, 0, 0, 0, 1, 112, 113, 1, 1, 1, 0, 1, 108, 1, 114, 115, 116, 1, 0, 1, 1, 117, 118, 119, 1, 1, 113, 1, 120, 1, 1, 1, 1, 1, 107, 1, 1, 0, 109, 0, 0, 1, 1, 1, 114, 1, 115, 121, 121, 115, 115, 115, 121, 115, 115, 115, 52, 116, 1, 122, 123, 0, 124, 1, 1, 1, 1, 1, 1, 1, 1, 1, 1, 1, 1, 1, 0, 0, 0, 0, 0, 0, 0, 1, 1, 1, 0, 0, 0, 0, 0, 0, 0, 0, 0, 0, 1, 1, 1, 125, 0, 0, 0, 0, 0, 0, 1, 126, 127, 1, 0, 1, 121, 0, 0, 1, 0, 0, 0, 1, 0, 0, 0, 0, 0, 128, 0, 0, 0, 0, 0, 0, 0, 0, 0, 0, 1, 0, 0, 0, 1, 1, 0, 1, 0, 1, 1, 0, 0, 1, 43, 48, 49, 47, 129, 1, 130, 1, 131, 132, 117, 103, 103, 103, 1, 1, 1, 133, 127, 130, 122, 1, 134, 135, 1, 130, 130, 130, 122, 130, 122, 122, 122, 122, 122, 122, 122, 1, 1, 1, 1]"
xerces,22,seed22_solution007,seed22_solution007,0.15516894320632638,0.2019415360457208,4.816506354874528,0.579121528975092,0.15516894320632638,-0.2019415360457208,4.816506354874528,True,False,"[0, 1, 1, 1, 1, 2, 1, 3, 1, 2, 1, 0, 4, 1, 1, 1, 0, 0, 0, 0, 4, 1, 1, 5, 1, 6, 7, 0, 1, 1, 1, 2, 2, 0, 1, 7, 8, 1, 2, 1, 1, 1, 2, 2, 1, 2, 2, 1, 1, 9, 10, 1, 2, 1, 1, 1, 1, 1, 1, 1, 11, 10, 1, 1, 12, 1, 0, 0, 1, 1, 13, 11, 1, 1, 1, 1, 14, 12, 13, 15, 16, 17, 15, 18, 1, 16, 19, 19, 1, 18, 0, 0, 0, 0, 0, 0, 0, 0, 0, 0, 20, 0, 21, 0, 0, 0, 19, 19, 22, 19, 18, 0, 0, 23, 0, 1, 1, 1, 1, 23, 1, 1, 18, 1, 1, 1, 1, 1, 1, 1, 1, 0, 1, 1, 18, 1, 24, 25, 26, 19, 24, 27, 1, 1, 1, 28, 1, 0, 1, 1, 1, 1, 1, 1, 1, 25, 1, 29, 25, 0, 30, 1, 28, 1, 31, 1, 1, 1, 1, 0, 32, 33, 1, 34, 32, 29, 1, 1, 1, 1, 1, 30, 1, 27, 1, 1, 35, 1, 1, 32, 1, 36, 36, 1, 36, 31, 36, 36, 36, 36, 31, 36, 36, 1, 1, 0, 1, 29, 29, 33, 29, 33, 33, 29, 33, 33, 33, 37, 33, 0, 0, 0, 30, 38, 39, 36, 40, 0, 0, 1, 1, 38, 38, 38, 38, 30, 41, 41, 42, 42, 38, 39, 1, 42, 42, 1, 0, 0, 43, 44, 41, 41, 42, 38, 34, 45, 45, 46, 39, 0, 35, 27, 38, 1, 37, 47, 1, 48, 1, 1, 43, 49, 1, 1, 0, 1, 38, 38, 40, 0, 41, 0, 50, 0, 0, 0, 1, 0, 0, 1, 1, 44, 0, 1, 1, 1, 0, 1, 1, 1, 51, 1, 1, 1, 1, 52, 52, 53, 54, 47, 48, 1, 1, 1, 1, 55, 1, 48, 47, 56, 1, 1, 57, 1, 57, 1, 1, 43, 58, 1, 1, 59, 1, 1, 1, 50, 60, 1, 6, 1, 1, 0, 61, 1, 62, 1, 62, 1, 1, 63, 1, 0, 0, 64, 1, 0, 1, 1, 1, 1, 0, 1, 1, 0, 1, 1, 64, 1, 0, 1, 65, 1, 1, 0, 1, 1, 0, 1, 1, 52, 1, 1, 1, 1, 0, 0, 0, 1, 0, 1, 0, 0, 0, 0, 0, 1, 1, 66, 1, 1, 66, 1, 1, 1, 44, 67, 68, 69, 68, 55, 67, 1, 1, 68, 68, 1, 70, 1, 1, 1, 71, 1, 72, 1, 1, 73, 1, 73, 1, 1, 1, 1, 1, 0, 1, 1, 1, 1, 1, 1, 1, 0, 47, 0, 74, 1, 1, 1, 0, 1, 1, 0, 75, 0, 76, 0, 1, 1, 58, 0, 77, 78, 79, 78, 80, 81, 1, 78, 61, 82, 1, 1, 61, 1, 0, 0, 83, 0, 1, 1, 1, 1, 1, 0, 1, 1, 38, 38, 38, 30, 38, 38, 35, 38, 0, 1, 1, 1, 1, 1, 84, 0, 1, 0, 0, 0, 0, 0, 1, 1, 85, 1, 86, 1, 1, 1, 1, 64, 1, 1, 1, 87, 65, 1, 88, 1, 0, 0, 1, 0, 0, 1, 0, 1, 89, 1, 1, 1, 1, 1, 0, 0, 0, 1, 1, 1, 90, 1, 91, 1, 1, 0, 1, 0, 0, 0, 0, 1, 0, 0, 1, 0, 0, 0, 0, 0, 0, 0, 0, 0, 0, 0, 1, 1, 1, 92, 1, 1, 1, 0, 1, 0, 0, 0, 0, 1, 70, 93, 70, 70, 70, 70, 70, 70, 94, 94, 70, 95, 70, 93, 95, 93, 70, 94, 94, 73, 73, 95, 95, 1, 74, 74, 73, 96, 74, 0, 1, 75, 97, 1, 98, 38, 0, 99, 0, 0, 0, 1, 99, 81, 1, 1, 1, 0, 1, 100, 1, 82, 81, 101, 1, 0, 1, 1, 102, 102, 102, 1, 1, 86, 1, 86, 1, 1, 1, 1, 1, 96, 1, 1, 0, 77, 0, 0, 1, 1, 1, 101, 1, 103, 104, 101, 104, 104, 104, 101, 103, 85, 105, 104, 106, 1, 107, 108, 0, 90, 1, 1, 1, 1, 1, 1, 1, 1, 1, 1, 1, 1, 1, 0, 0, 0, 0, 0, 0, 0, 1, 1, 1, 0, 0, 0, 0, 0, 0, 0, 0, 0, 0, 1, 1, 1, 92, 0, 0, 0, 0, 0, 0, 1, 94, 88, 1, 0, 1, 93, 0, 0, 1, 0, 0, 0, 1, 0, 0, 0, 0, 0, 109, 0, 0, 0, 0, 0, 0, 0, 0, 0, 0, 1, 0, 0, 0, 1, 1, 0, 1, 0, 1, 1, 0, 0, 1, 38, 41, 4, 97, 46, 1, 10, 1, 98, 94, 99, 78, 110, 110, 1, 1, 1, 111, 111, 98, 8, 1, 112, 112, 1, 96, 96, 113, 113, 114, 115, 114, 114, 92, 96, 114, 8, 1, 1, 1, 1]"
xerces,22,seed22_solution008,seed22_solution008,0.16586628324946082,0.43750659354774996,5.061052919216681,0.5686291776695813,0.16586628324946082,-0.43750659354774996,5.061052919216681,True,False,"[0, 1, 1, 1, 1, 2, 1, 3, 1, 2, 1, 0, 4, 1, 1, 1, 0, 0, 0, 0, 5, 1, 1, 6, 1, 7, 8, 0, 1, 1, 1, 2, 2, 0, 1, 9, 10, 1, 2, 1, 1, 1, 2, 2, 1, 2, 2, 1, 11, 11, 12, 1, 2, 1, 1, 1, 1, 1, 1, 1, 13, 13, 1, 1, 14, 1, 0, 0, 1, 1, 15, 16, 1, 1, 1, 1, 17, 17, 18, 19, 20, 21, 20, 20, 1, 22, 21, 23, 1, 21, 0, 0, 0, 0, 0, 0, 0, 0, 0, 0, 23, 0, 24, 0, 0, 0, 25, 26, 26, 27, 22, 0, 0, 28, 0, 1, 1, 1, 1, 29, 1, 1, 25, 1, 1, 1, 1, 1, 1, 1, 1, 0, 1, 1, 30, 1, 31, 31, 28, 32, 32, 32, 1, 1, 1, 33, 1, 0, 1, 1, 1, 1, 1, 1, 1, 34, 1, 35, 1, 0, 36, 1, 37, 1, 38, 1, 1, 1, 1, 0, 37, 1, 1, 34, 37, 39, 1, 1, 1, 1, 1, 37, 1, 32, 1, 1, 37, 38, 1, 40, 1, 39, 39, 1, 39, 39, 39, 39, 39, 41, 41, 41, 41, 1, 1, 0, 1, 42, 43, 43, 43, 29, 42, 43, 43, 42, 43, 42, 42, 0, 0, 0, 44, 40, 41, 45, 44, 0, 0, 1, 1, 46, 40, 40, 44, 44, 47, 45, 48, 49, 40, 50, 1, 48, 48, 1, 0, 0, 47, 51, 45, 52, 52, 40, 40, 53, 51, 52, 52, 42, 40, 54, 40, 1, 55, 56, 1, 54, 1, 1, 57, 54, 1, 1, 0, 1, 44, 44, 44, 0, 58, 0, 59, 0, 0, 0, 1, 0, 0, 1, 1, 58, 0, 1, 1, 1, 0, 1, 1, 1, 60, 1, 1, 1, 1, 61, 62, 63, 64, 38, 63, 1, 1, 1, 1, 64, 1, 65, 66, 67, 1, 1, 68, 1, 66, 1, 1, 69, 68, 1, 1, 70, 1, 1, 1, 69, 71, 1, 0, 1, 1, 0, 72, 1, 73, 1, 74, 1, 1, 75, 1, 0, 0, 76, 1, 0, 1, 1, 1, 1, 28, 1, 1, 0, 1, 1, 77, 1, 0, 1, 78, 1, 1, 0, 1, 1, 0, 1, 1, 76, 1, 1, 1, 1, 0, 0, 0, 1, 0, 1, 0, 0, 0, 0, 0, 1, 1, 79, 1, 1, 80, 1, 1, 1, 80, 78, 81, 82, 82, 82, 82, 1, 1, 79, 82, 1, 83, 1, 1, 1, 81, 1, 84, 1, 1, 81, 1, 85, 1, 1, 1, 1, 1, 0, 1, 1, 1, 1, 1, 1, 1, 0, 86, 0, 87, 1, 1, 1, 0, 1, 1, 0, 88, 0, 85, 0, 1, 1, 86, 0, 89, 90, 90, 90, 88, 88, 1, 91, 92, 89, 1, 1, 90, 1, 0, 0, 93, 0, 1, 1, 1, 1, 1, 0, 1, 1, 40, 44, 44, 44, 40, 44, 44, 40, 0, 1, 1, 1, 1, 1, 94, 0, 1, 0, 0, 0, 0, 0, 1, 1, 95, 1, 96, 1, 1, 1, 1, 97, 1, 1, 1, 98, 95, 1, 99, 1, 0, 0, 21, 0, 0, 1, 0, 1, 18, 1, 1, 1, 1, 1, 0, 0, 0, 1, 1, 1, 100, 1, 101, 1, 1, 0, 1, 0, 0, 0, 0, 1, 0, 0, 102, 0, 0, 0, 0, 0, 0, 0, 0, 0, 0, 0, 1, 1, 1, 99, 1, 1, 1, 0, 1, 0, 0, 0, 0, 1, 103, 103, 103, 104, 104, 103, 103, 104, 104, 103, 103, 103, 104, 104, 104, 104, 103, 104, 104, 104, 103, 104, 103, 1, 105, 100, 105, 100, 100, 0, 1, 101, 106, 1, 107, 44, 0, 108, 0, 0, 0, 1, 109, 110, 1, 1, 1, 0, 1, 111, 1, 102, 108, 109, 1, 0, 1, 1, 112, 112, 111, 1, 1, 113, 1, 114, 1, 1, 1, 1, 1, 100, 1, 1, 0, 115, 0, 0, 1, 1, 1, 116, 1, 112, 112, 117, 117, 112, 117, 117, 112, 117, 62, 117, 118, 1, 119, 120, 87, 121, 1, 1, 1, 1, 1, 1, 1, 1, 1, 1, 1, 1, 1, 0, 0, 0, 0, 0, 0, 0, 1, 1, 1, 0, 0, 0, 0, 0, 0, 0, 0, 0, 0, 1, 1, 1, 122, 0, 0, 0, 0, 0, 0, 1, 123, 123, 1, 0, 1, 124, 0, 0, 1, 0, 0, 0, 1, 0, 0, 0, 0, 0, 16, 0, 0, 0, 0, 0, 0, 0, 0, 0, 0, 1, 0, 0, 0, 1, 1, 0, 84, 0, 1, 1, 0, 0, 1, 40, 47, 49, 49, 56, 1, 125, 1, 126, 122, 108, 105, 108, 108, 1, 1, 1, 127, 128, 125, 125, 1, 129, 125, 1, 120, 120, 120, 125, 125, 125, 120, 120, 125, 125, 125, 125, 1, 1, 1, 1]"
xerces,22,seed22_solution009,seed22_solution009,0.1739468008626887,0.9098011829026662,4.90655239548476,0.5829620306523757,0.1739468008626887,-0.9098011829026662,4.90655239548476,True,False,"[0, 1, 1, 1, 1, 2, 1, 3, 1, 2, 1, 0, 4, 1, 1, 1, 0, 0, 0, 0, 5, 1, 1, 6, 1, 7, 8, 0, 1, 1, 1, 2, 2, 0, 1, 9, 10, 1, 2, 1, 1, 1, 2, 2, 1, 2, 2, 1, 11, 11, 12, 1, 2, 1, 13, 1, 1, 1, 1, 1, 13, 14, 1, 1, 14, 1, 0, 0, 1, 1, 15, 16, 1, 1, 1, 1, 16, 17, 18, 19, 19, 20, 21, 22, 1, 23, 23, 24, 1, 23, 0, 0, 0, 0, 0, 0, 0, 0, 0, 0, 25, 0, 22, 0, 0, 0, 23, 21, 25, 26, 26, 0, 0, 24, 0, 1, 1, 1, 1, 24, 1, 1, 25, 1, 1, 1, 1, 1, 1, 1, 1, 0, 1, 1, 25, 1, 26, 27, 28, 26, 29, 29, 1, 1, 1, 30, 1, 0, 1, 1, 1, 1, 1, 1, 1, 27, 1, 31, 32, 0, 33, 1, 34, 1, 29, 1, 1, 1, 1, 0, 34, 1, 1, 35, 36, 36, 1, 1, 1, 1, 1, 34, 1, 34, 1, 1, 37, 1, 1, 37, 1, 38, 38, 1, 39, 38, 38, 38, 38, 38, 38, 38, 38, 1, 1, 0, 1, 40, 35, 33, 41, 33, 41, 41, 35, 41, 40, 33, 33, 0, 0, 0, 39, 39, 40, 41, 42, 0, 0, 1, 1, 43, 39, 39, 39, 39, 44, 44, 42, 42, 39, 45, 1, 42, 42, 1, 0, 0, 45, 46, 44, 47, 47, 39, 37, 48, 48, 45, 45, 0, 39, 49, 50, 1, 42, 51, 1, 49, 1, 1, 46, 45, 1, 1, 0, 1, 50, 50, 50, 0, 52, 0, 52, 0, 0, 0, 1, 0, 0, 1, 1, 53, 0, 1, 1, 1, 0, 1, 1, 1, 54, 1, 1, 1, 12, 55, 56, 56, 51, 57, 58, 1, 1, 1, 1, 59, 1, 60, 61, 61, 1, 1, 62, 1, 63, 1, 1, 64, 65, 1, 1, 56, 1, 1, 1, 64, 66, 1, 0, 1, 1, 0, 67, 1, 66, 1, 68, 1, 1, 69, 1, 0, 0, 70, 1, 0, 24, 1, 1, 1, 0, 1, 1, 0, 1, 1, 61, 1, 0, 1, 69, 1, 1, 0, 1, 1, 0, 1, 1, 71, 1, 1, 1, 1, 0, 0, 0, 1, 0, 1, 0, 0, 0, 0, 0, 1, 1, 72, 1, 1, 73, 1, 1, 1, 57, 71, 73, 74, 75, 75, 75, 1, 1, 74, 74, 1, 76, 1, 1, 1, 75, 1, 76, 1, 1, 77, 1, 68, 1, 1, 1, 1, 1, 0, 1, 1, 1, 1, 1, 1, 1, 0, 78, 0, 78, 1, 1, 1, 0, 1, 1, 0, 79, 0, 77, 0, 1, 1, 80, 0, 80, 81, 69, 81, 82, 82, 1, 81, 83, 84, 1, 1, 83, 1, 0, 0, 85, 0, 1, 1, 1, 1, 1, 0, 1, 1, 39, 39, 39, 39, 39, 39, 39, 50, 0, 1, 1, 1, 1, 1, 85, 0, 1, 0, 0, 0, 0, 0, 1, 1, 85, 1, 86, 1, 1, 1, 1, 86, 1, 1, 1, 87, 88, 1, 89, 1, 0, 0, 23, 0, 0, 1, 0, 1, 89, 1, 1, 1, 1, 1, 0, 0, 0, 1, 1, 1, 90, 1, 91, 1, 1, 0, 1, 0, 0, 0, 0, 1, 0, 0, 1, 0, 0, 0, 0, 0, 0, 0, 0, 0, 0, 0, 1, 1, 1, 92, 1, 1, 1, 0, 1, 0, 0, 0, 0, 1, 93, 94, 93, 93, 94, 93, 93, 93, 93, 93, 93, 94, 95, 94, 94, 94, 94, 93, 93, 80, 80, 94, 94, 1, 96, 96, 97, 96, 96, 0, 1, 98, 99, 1, 98, 39, 0, 99, 0, 0, 0, 1, 100, 101, 1, 1, 1, 0, 1, 102, 1, 103, 101, 104, 1, 0, 1, 1, 105, 106, 73, 1, 1, 107, 1, 107, 1, 1, 1, 1, 1, 96, 1, 1, 0, 98, 0, 0, 1, 1, 1, 108, 1, 105, 83, 83, 83, 104, 83, 83, 65, 104, 82, 109, 88, 1, 110, 111, 95, 111, 1, 1, 1, 1, 1, 1, 1, 1, 1, 1, 1, 1, 1, 0, 0, 0, 0, 0, 0, 0, 1, 1, 1, 0, 0, 0, 0, 0, 0, 0, 0, 0, 0, 1, 1, 112, 110, 0, 0, 0, 0, 0, 0, 1, 113, 113, 1, 0, 1, 114, 0, 0, 1, 0, 0, 0, 1, 0, 0, 0, 0, 0, 115, 0, 0, 0, 0, 0, 0, 0, 0, 0, 0, 1, 0, 0, 0, 1, 1, 0, 1, 0, 1, 1, 0, 0, 1, 37, 116, 42, 117, 116, 1, 118, 1, 118, 94, 119, 99, 119, 120, 1, 1, 1, 77, 119, 118, 13, 1, 121, 121, 1, 13, 122, 13, 118, 122, 122, 122, 121, 13, 122, 122, 13, 1, 1, 1, 1]"
xerces,22,seed22_solution010,seed22_solution010,0.17403306973400431,1.8108051602322512,5.4761321083068975,0.5468565714488931,0.17403306973400431,-1.8108051602322512,5.4761321083068975,True,False,"[0, 1, 1, 1, 1, 2, 1, 3, 1, 2, 1, 0, 4, 1, 1, 1, 0, 0, 0, 0, 5, 1, 1, 6, 1, 7, 8, 0, 1, 1, 1, 2, 2, 0, 1, 9, 10, 1, 2, 1, 1, 1, 2, 2, 1, 2, 2, 1, 11, 12, 13, 1, 2, 1, 1, 1, 1, 1, 1, 1, 14, 14, 1, 1, 15, 1, 0, 0, 1, 1, 16, 17, 1, 1, 1, 1, 17, 18, 19, 20, 21, 21, 22, 22, 1, 23, 23, 24, 1, 23, 0, 0, 0, 0, 0, 0, 0, 0, 0, 0, 24, 0, 25, 0, 0, 0, 24, 25, 25, 26, 26, 0, 0, 27, 0, 1, 1, 1, 1, 27, 1, 1, 28, 1, 1, 1, 1, 1, 1, 1, 1, 0, 1, 1, 28, 1, 29, 30, 31, 32, 32, 32, 1, 1, 1, 33, 1, 0, 1, 1, 1, 1, 1, 1, 34, 35, 1, 36, 1, 0, 37, 1, 38, 1, 39, 1, 1, 1, 1, 0, 38, 1, 1, 40, 38, 41, 1, 1, 1, 1, 1, 38, 1, 38, 1, 42, 43, 44, 1, 45, 1, 46, 46, 1, 46, 46, 46, 46, 46, 46, 46, 46, 46, 1, 1, 0, 1, 47, 47, 47, 47, 27, 47, 47, 47, 47, 47, 47, 47, 0, 0, 0, 48, 48, 49, 50, 51, 0, 0, 1, 1, 52, 48, 48, 48, 48, 53, 53, 54, 54, 48, 55, 1, 54, 54, 1, 0, 0, 56, 57, 53, 58, 58, 48, 48, 59, 59, 60, 60, 0, 48, 37, 48, 1, 61, 62, 1, 63, 1, 1, 64, 63, 1, 1, 0, 1, 48, 48, 48, 0, 65, 0, 66, 0, 0, 0, 1, 0, 67, 1, 1, 68, 0, 1, 1, 1, 0, 1, 1, 1, 69, 1, 1, 1, 1, 70, 71, 72, 73, 44, 74, 1, 1, 1, 1, 75, 1, 76, 77, 78, 1, 1, 79, 1, 80, 1, 1, 81, 82, 1, 1, 83, 1, 1, 1, 84, 85, 1, 0, 1, 1, 0, 86, 1, 87, 1, 88, 1, 1, 89, 1, 0, 0, 90, 1, 0, 1, 1, 1, 1, 31, 1, 1, 0, 1, 1, 91, 1, 0, 1, 92, 1, 1, 0, 1, 1, 0, 1, 1, 93, 1, 1, 1, 1, 0, 0, 0, 1, 0, 1, 0, 0, 0, 0, 0, 1, 1, 94, 1, 1, 67, 1, 1, 1, 67, 95, 96, 96, 96, 96, 96, 1, 1, 97, 96, 1, 98, 1, 1, 1, 96, 1, 99, 1, 1, 100, 1, 101, 1, 1, 1, 15, 1, 0, 1, 1, 1, 1, 1, 1, 1, 0, 102, 0, 103, 1, 1, 1, 0, 1, 1, 0, 104, 0, 105, 0, 1, 1, 106, 0, 107, 108, 108, 108, 108, 108, 1, 109, 110, 111, 1, 1, 112, 1, 0, 0, 113, 0, 1, 1, 1, 1, 1, 0, 1, 1, 48, 48, 48, 48, 48, 48, 48, 48, 0, 1, 1, 1, 1, 1, 114, 0, 1, 0, 0, 0, 0, 0, 1, 1, 115, 1, 116, 1, 1, 1, 1, 117, 1, 1, 1, 118, 119, 1, 120, 1, 0, 0, 23, 0, 0, 1, 0, 1, 19, 1, 1, 1, 1, 1, 0, 0, 0, 1, 1, 1, 121, 1, 122, 1, 1, 0, 1, 0, 0, 0, 0, 1, 0, 0, 123, 0, 0, 0, 0, 0, 0, 0, 0, 0, 0, 0, 1, 1, 1, 124, 1, 1, 1, 0, 1, 0, 0, 0, 0, 1, 125, 125, 125, 125, 125, 125, 125, 125, 125, 125, 125, 125, 125, 125, 125, 125, 125, 125, 125, 125, 125, 125, 125, 1, 126, 126, 126, 126, 126, 0, 1, 127, 128, 1, 129, 48, 0, 130, 0, 0, 0, 1, 131, 132, 1, 1, 1, 0, 1, 133, 1, 123, 134, 135, 118, 0, 1, 1, 136, 136, 137, 1, 1, 34, 1, 138, 1, 1, 1, 1, 1, 126, 1, 1, 0, 127, 0, 0, 1, 1, 1, 139, 1, 140, 140, 140, 140, 140, 140, 140, 140, 140, 73, 140, 141, 1, 142, 143, 107, 144, 1, 1, 1, 141, 1, 1, 1, 1, 1, 1, 1, 1, 1, 0, 0, 0, 0, 0, 0, 0, 1, 1, 1, 0, 0, 0, 0, 0, 0, 0, 0, 85, 0, 1, 1, 1, 11, 0, 0, 0, 0, 0, 0, 1, 145, 145, 1, 0, 1, 146, 0, 0, 1, 0, 0, 0, 1, 0, 0, 76, 0, 0, 147, 0, 0, 0, 0, 0, 0, 0, 0, 0, 0, 1, 0, 0, 0, 1, 1, 0, 103, 0, 1, 1, 0, 0, 1, 48, 53, 54, 54, 60, 1, 148, 1, 149, 150, 130, 130, 130, 130, 1, 1, 1, 151, 152, 148, 148, 1, 153, 154, 1, 148, 148, 148, 148, 148, 148, 148, 148, 148, 148, 148, 148, 1, 1, 1, 1]"
xerces,22,seed22_solution011,seed22_solution011,0.18372393961179007,2.088439002538367,4.703289958942544,0.6119857250687644,0.18372393961179007,-2.088439002538367,4.703289958942544,True,False,"[0, 1, 1, 1, 1, 2, 1, 3, 4, 2, 1, 0, 4, 1, 1, 1, 0, 0, 0, 0, 5, 1, 1, 5, 1, 6, 6, 0, 1, 1, 1, 2, 2, 0, 1, 7, 7, 1, 2, 1, 1, 1, 2, 2, 1, 2, 2, 1, 7, 7, 8, 1, 2, 1, 9, 1, 1, 10, 1, 1, 8, 9, 1, 1, 9, 1, 0, 0, 1, 1, 9, 11, 1, 1, 1, 1, 9, 12, 13, 14, 11, 15, 15, 12, 1, 16, 17, 15, 1, 17, 0, 0, 0, 0, 0, 0, 0, 0, 0, 0, 16, 0, 17, 0, 0, 0, 17, 13, 18, 19, 20, 0, 0, 20, 0, 1, 1, 1, 1, 21, 1, 1, 22, 1, 1, 1, 1, 1, 1, 1, 1, 0, 1, 1, 22, 1, 19, 21, 23, 24, 24, 25, 1, 1, 1, 19, 1, 0, 1, 1, 1, 1, 1, 1, 1, 26, 1, 22, 1, 0, 24, 1, 27, 1, 26, 1, 1, 1, 1, 0, 24, 1, 1, 26, 23, 28, 1, 1, 1, 1, 1, 27, 1, 27, 1, 23, 27, 26, 1, 29, 1, 30, 30, 1, 31, 32, 31, 31, 33, 33, 32, 31, 30, 1, 1, 0, 1, 31, 31, 27, 31, 28, 34, 31, 26, 33, 31, 31, 28, 0, 0, 0, 35, 36, 37, 38, 36, 0, 0, 1, 1, 39, 35, 40, 35, 35, 36, 36, 28, 28, 26, 41, 1, 37, 42, 1, 0, 0, 38, 43, 39, 44, 44, 36, 35, 37, 43, 39, 45, 0, 35, 40, 43, 1, 46, 41, 1, 38, 1, 1, 47, 29, 1, 1, 0, 1, 33, 43, 35, 0, 48, 0, 49, 0, 0, 0, 1, 0, 0, 1, 1, 50, 0, 1, 1, 1, 0, 1, 1, 1, 51, 1, 1, 1, 1, 52, 52, 45, 46, 53, 54, 1, 1, 1, 1, 47, 1, 55, 56, 57, 1, 1, 58, 1, 47, 1, 1, 59, 58, 1, 1, 45, 1, 1, 1, 60, 48, 1, 0, 1, 1, 0, 50, 1, 61, 1, 62, 1, 1, 51, 1, 0, 0, 63, 1, 0, 15, 1, 1, 1, 0, 1, 1, 0, 1, 1, 57, 1, 0, 1, 64, 1, 1, 0, 1, 1, 0, 1, 1, 65, 1, 1, 1, 1, 0, 0, 0, 1, 0, 1, 0, 0, 0, 0, 0, 1, 1, 66, 1, 1, 53, 1, 1, 1, 67, 53, 68, 66, 68, 69, 53, 1, 1, 68, 68, 1, 56, 1, 1, 1, 69, 1, 70, 1, 1, 71, 1, 50, 1, 1, 1, 1, 1, 0, 1, 1, 1, 1, 1, 1, 1, 0, 72, 0, 73, 1, 1, 1, 0, 1, 1, 0, 59, 0, 59, 0, 1, 1, 74, 0, 75, 59, 76, 60, 76, 59, 1, 60, 77, 60, 1, 1, 78, 1, 0, 0, 62, 0, 1, 1, 1, 1, 1, 0, 1, 1, 40, 36, 36, 35, 26, 40, 35, 33, 0, 1, 1, 1, 1, 1, 79, 0, 1, 0, 0, 0, 0, 0, 1, 1, 62, 1, 80, 1, 1, 1, 1, 81, 1, 1, 1, 82, 83, 1, 65, 1, 0, 0, 1, 0, 0, 1, 0, 1, 84, 1, 1, 1, 1, 1, 0, 0, 0, 1, 1, 1, 67, 1, 69, 1, 1, 0, 1, 0, 0, 0, 0, 1, 0, 0, 1, 0, 0, 0, 0, 0, 0, 0, 0, 0, 0, 0, 1, 1, 1, 68, 1, 1, 1, 0, 1, 0, 0, 0, 0, 1, 85, 86, 87, 85, 87, 88, 85, 85, 86, 51, 85, 85, 85, 70, 87, 70, 87, 51, 86, 87, 87, 85, 87, 1, 89, 89, 87, 70, 89, 0, 1, 90, 91, 1, 74, 40, 0, 92, 0, 0, 0, 1, 74, 93, 1, 1, 1, 0, 1, 94, 1, 95, 96, 96, 1, 0, 64, 1, 79, 97, 53, 1, 1, 98, 1, 98, 1, 1, 1, 1, 1, 99, 1, 1, 0, 90, 0, 0, 1, 1, 1, 100, 1, 81, 78, 100, 61, 79, 61, 100, 58, 100, 100, 101, 88, 1, 4, 84, 99, 102, 1, 1, 1, 1, 1, 1, 1, 1, 1, 1, 1, 1, 1, 0, 0, 0, 0, 0, 0, 0, 1, 1, 1, 0, 0, 0, 0, 0, 0, 0, 0, 0, 0, 1, 1, 103, 104, 0, 0, 0, 0, 0, 0, 1, 105, 105, 1, 0, 1, 6, 106, 0, 1, 0, 0, 0, 1, 0, 0, 0, 0, 0, 89, 0, 0, 0, 0, 0, 0, 0, 0, 0, 0, 1, 0, 0, 0, 1, 1, 0, 1, 0, 1, 1, 0, 0, 1, 27, 32, 107, 107, 44, 1, 108, 1, 109, 109, 110, 111, 111, 93, 1, 1, 1, 10, 111, 108, 112, 1, 47, 10, 1, 112, 112, 106, 113, 114, 112, 89, 95, 108, 112, 114, 108, 1, 1, 1, 1]"
xerces,22,seed22_solution012,seed22_solution012,0.1889863407620417,0.1636621497678353,4.694235494844258,0.6048693578827076,0.1889863407620417,-0.1636621497678353,4.694235494844258,True,False,"[0, 1, 1, 1, 1, 2, 1, 3, 4, 2, 1, 0, 5, 1, 1, 1, 0, 0, 0, 0, 6, 1, 1, 6, 1, 7, 7, 0, 1, 1, 1, 2, 2, 0, 1, 8, 9, 1, 2, 1, 1, 1, 2, 2, 1, 2, 2, 1, 9, 9, 10, 1, 2, 1, 1, 1, 1, 11, 1, 1, 10, 12, 1, 1, 13, 1, 0, 0, 1, 1, 13, 13, 1, 1, 1, 1, 13, 14, 15, 15, 16, 17, 18, 17, 1, 19, 19, 20, 1, 19, 0, 0, 0, 0, 0, 0, 0, 0, 0, 0, 21, 0, 19, 0, 0, 0, 19, 18, 20, 22, 21, 0, 0, 23, 0, 1, 1, 1, 1, 24, 1, 1, 21, 1, 1, 1, 1, 1, 1, 1, 1, 0, 1, 1, 21, 1, 25, 24, 26, 22, 27, 27, 1, 1, 1, 25, 1, 0, 1, 1, 1, 1, 1, 1, 1, 28, 1, 26, 28, 0, 29, 1, 30, 1, 31, 1, 1, 1, 1, 0, 29, 1, 1, 31, 28, 32, 1, 1, 1, 1, 1, 33, 1, 29, 1, 28, 34, 31, 1, 34, 1, 35, 35, 1, 36, 35, 36, 36, 37, 37, 35, 36, 35, 1, 1, 0, 1, 32, 32, 34, 32, 38, 32, 32, 31, 37, 36, 38, 38, 0, 0, 0, 33, 39, 40, 41, 39, 0, 0, 1, 1, 42, 42, 33, 42, 33, 39, 39, 38, 38, 31, 40, 1, 43, 5, 1, 0, 0, 44, 45, 46, 47, 48, 39, 37, 43, 45, 46, 40, 0, 39, 29, 45, 1, 38, 49, 1, 44, 1, 1, 50, 40, 1, 1, 0, 1, 37, 45, 45, 0, 47, 0, 47, 0, 0, 0, 1, 0, 0, 1, 1, 51, 0, 1, 1, 1, 0, 1, 1, 1, 52, 1, 1, 1, 1, 53, 53, 54, 55, 56, 57, 1, 1, 1, 1, 58, 1, 57, 56, 56, 1, 1, 59, 1, 58, 1, 1, 50, 59, 1, 1, 54, 1, 1, 1, 60, 60, 1, 0, 1, 1, 0, 61, 1, 61, 1, 61, 1, 1, 62, 1, 0, 0, 63, 1, 0, 20, 1, 1, 1, 0, 1, 1, 0, 1, 1, 56, 1, 0, 1, 64, 1, 1, 0, 1, 1, 0, 1, 1, 63, 1, 1, 1, 1, 0, 0, 0, 1, 0, 1, 0, 0, 0, 0, 0, 1, 1, 65, 1, 1, 66, 1, 1, 1, 51, 66, 67, 65, 67, 68, 66, 1, 1, 67, 67, 1, 69, 1, 1, 1, 66, 1, 69, 1, 1, 70, 1, 61, 1, 1, 1, 1, 1, 0, 1, 1, 1, 1, 1, 1, 1, 0, 56, 0, 71, 1, 1, 1, 0, 1, 1, 0, 72, 0, 72, 0, 1, 1, 73, 0, 73, 72, 62, 74, 72, 72, 1, 74, 75, 74, 1, 1, 75, 1, 0, 0, 76, 0, 1, 1, 1, 1, 1, 0, 1, 1, 33, 39, 39, 33, 31, 33, 39, 37, 0, 1, 1, 1, 1, 1, 76, 0, 1, 0, 0, 0, 0, 0, 1, 1, 76, 1, 77, 1, 1, 1, 1, 78, 1, 1, 1, 78, 79, 1, 80, 1, 0, 0, 1, 0, 0, 1, 0, 1, 80, 1, 1, 1, 1, 1, 0, 0, 0, 1, 1, 1, 81, 1, 82, 1, 1, 0, 1, 0, 0, 0, 0, 1, 0, 0, 1, 0, 0, 0, 0, 0, 0, 0, 0, 0, 0, 0, 1, 1, 1, 83, 1, 1, 1, 0, 1, 0, 0, 0, 0, 1, 84, 84, 84, 84, 84, 84, 84, 84, 84, 62, 84, 85, 84, 85, 85, 85, 84, 62, 84, 86, 86, 85, 85, 1, 87, 87, 86, 85, 87, 0, 1, 88, 89, 1, 90, 33, 0, 91, 0, 0, 0, 1, 90, 92, 1, 1, 1, 0, 1, 93, 1, 94, 92, 95, 1, 0, 1, 1, 96, 97, 66, 1, 1, 98, 1, 98, 1, 1, 1, 1, 1, 88, 1, 1, 0, 90, 0, 0, 1, 1, 1, 95, 1, 99, 95, 95, 75, 96, 75, 95, 59, 97, 100, 101, 79, 1, 4, 102, 88, 102, 1, 1, 1, 1, 1, 1, 1, 1, 1, 1, 1, 1, 1, 0, 0, 0, 0, 0, 0, 0, 1, 1, 1, 0, 0, 0, 0, 0, 0, 0, 0, 0, 0, 1, 1, 103, 104, 0, 0, 0, 0, 0, 0, 1, 105, 101, 1, 0, 1, 106, 104, 0, 1, 0, 0, 0, 1, 0, 0, 0, 0, 0, 107, 0, 0, 0, 0, 0, 0, 0, 0, 0, 0, 1, 0, 0, 0, 1, 1, 0, 1, 0, 1, 1, 0, 0, 1, 34, 41, 5, 108, 52, 1, 12, 1, 109, 105, 110, 91, 110, 111, 1, 1, 1, 11, 110, 109, 10, 1, 58, 11, 1, 107, 107, 104, 109, 12, 112, 107, 113, 104, 107, 12, 10, 1, 1, 1, 1]"
xerces,22,seed22_solution013,seed22_solution013,0.1910567936736161,0.25494238094844823,4.596335845799815,0.6088036159856787,0.1910567936736161,-0.25494238094844823,4.596335845799815,True,False,"[0, 1, 1, 1, 1, 2, 1, 3, 4, 2, 1, 0, 4, 1, 1, 1, 0, 0, 0, 0, 5, 1, 1, 5, 1, 6, 6, 0, 1, 1, 1, 2, 2, 0, 1, 7, 8, 1, 2, 1, 1, 1, 2, 2, 1, 2, 2, 1, 7, 9, 10, 1, 2, 1, 1, 1, 1, 9, 1, 1, 11, 12, 1, 1, 11, 1, 0, 0, 1, 1, 11, 13, 1, 1, 1, 1, 11, 14, 15, 15, 13, 14, 16, 17, 1, 18, 19, 20, 1, 21, 0, 0, 0, 0, 0, 0, 0, 0, 0, 0, 22, 0, 21, 0, 0, 0, 21, 23, 22, 24, 24, 0, 0, 25, 0, 1, 1, 1, 1, 20, 1, 1, 26, 1, 1, 1, 1, 1, 1, 1, 1, 0, 1, 1, 22, 1, 27, 18, 22, 24, 24, 24, 1, 1, 1, 26, 1, 0, 1, 1, 1, 1, 1, 1, 1, 28, 1, 22, 25, 0, 29, 1, 30, 1, 31, 1, 1, 1, 1, 0, 26, 1, 1, 32, 25, 33, 1, 1, 1, 1, 1, 31, 1, 26, 1, 25, 28, 30, 1, 29, 1, 34, 34, 1, 35, 36, 29, 36, 35, 32, 36, 36, 34, 1, 1, 0, 1, 33, 33, 32, 33, 37, 33, 33, 32, 38, 39, 38, 38, 0, 0, 0, 40, 41, 42, 43, 44, 0, 0, 1, 1, 45, 40, 31, 40, 34, 44, 41, 42, 42, 30, 46, 1, 39, 47, 1, 0, 0, 38, 48, 42, 49, 50, 41, 40, 51, 51, 42, 40, 0, 41, 52, 41, 1, 50, 45, 1, 38, 1, 1, 53, 46, 1, 1, 0, 1, 32, 41, 41, 0, 43, 0, 43, 0, 0, 0, 1, 0, 0, 1, 1, 53, 0, 1, 1, 1, 0, 1, 1, 1, 54, 1, 1, 1, 1, 48, 48, 55, 49, 49, 52, 1, 1, 1, 1, 56, 1, 57, 58, 59, 1, 1, 60, 1, 61, 1, 1, 46, 62, 1, 1, 55, 1, 1, 1, 63, 64, 1, 0, 1, 1, 0, 65, 1, 66, 1, 67, 1, 1, 68, 1, 0, 0, 57, 1, 0, 69, 1, 1, 1, 0, 1, 1, 0, 1, 1, 59, 1, 0, 1, 70, 1, 1, 0, 1, 1, 0, 1, 1, 71, 1, 1, 1, 1, 0, 0, 0, 1, 0, 1, 0, 0, 0, 0, 0, 1, 1, 72, 1, 1, 56, 1, 1, 1, 49, 56, 73, 73, 74, 58, 74, 1, 1, 63, 57, 1, 59, 1, 1, 1, 56, 1, 75, 1, 1, 67, 1, 67, 1, 1, 1, 1, 1, 0, 1, 1, 1, 1, 1, 1, 1, 0, 56, 0, 56, 1, 1, 1, 0, 1, 1, 0, 63, 0, 63, 0, 1, 1, 64, 0, 76, 63, 54, 77, 78, 78, 1, 77, 79, 77, 1, 1, 80, 1, 0, 0, 67, 0, 1, 1, 1, 1, 1, 0, 1, 1, 31, 41, 41, 41, 30, 31, 44, 32, 0, 1, 1, 1, 1, 1, 81, 0, 1, 0, 0, 0, 0, 0, 1, 1, 67, 1, 82, 1, 1, 1, 1, 70, 1, 1, 1, 83, 71, 1, 75, 1, 0, 0, 19, 0, 0, 1, 0, 1, 84, 1, 1, 1, 1, 1, 0, 0, 0, 1, 1, 1, 85, 1, 86, 1, 1, 0, 1, 0, 0, 0, 0, 1, 0, 0, 1, 0, 0, 0, 0, 0, 0, 0, 0, 0, 0, 0, 1, 1, 1, 87, 1, 1, 1, 0, 1, 0, 0, 0, 0, 1, 88, 88, 89, 89, 88, 88, 89, 89, 88, 54, 88, 90, 76, 75, 75, 90, 88, 68, 88, 91, 92, 75, 75, 1, 93, 94, 95, 94, 94, 0, 1, 96, 76, 1, 78, 40, 0, 92, 0, 0, 0, 1, 78, 79, 1, 1, 1, 0, 1, 97, 1, 80, 79, 98, 1, 0, 1, 1, 99, 99, 56, 1, 1, 82, 1, 82, 1, 1, 1, 1, 1, 100, 1, 1, 0, 78, 0, 0, 1, 1, 1, 101, 1, 64, 98, 80, 80, 81, 80, 80, 62, 102, 97, 103, 71, 1, 4, 81, 76, 81, 1, 1, 1, 1, 1, 1, 1, 1, 1, 1, 1, 1, 1, 0, 0, 0, 0, 0, 0, 0, 1, 1, 1, 0, 0, 0, 0, 0, 0, 0, 0, 0, 0, 1, 1, 72, 102, 0, 0, 0, 0, 0, 0, 1, 87, 104, 1, 0, 1, 88, 86, 0, 1, 0, 0, 0, 1, 0, 0, 0, 0, 0, 90, 0, 0, 0, 0, 0, 0, 0, 0, 0, 0, 1, 0, 0, 0, 1, 1, 0, 1, 0, 1, 1, 0, 0, 1, 28, 36, 4, 42, 54, 1, 11, 1, 95, 90, 96, 92, 95, 105, 1, 1, 1, 93, 106, 11, 11, 1, 58, 9, 1, 11, 90, 11, 95, 11, 107, 108, 109, 86, 90, 10, 8, 1, 1, 1, 1]"
xerces,22,seed22_solution014,seed22_solution014,0.20960460100647016,8.069977605113205,1.3174769302684919,0.3799995976029379,0.20960460100647016,-8.069977605113205,1.3174769302684919,True,False,"[0, 0, 0, 0, 0, 0, 0, 0, 0, 0, 0, 0, 0, 0, 1, 2, 0, 0, 0, 3, 2, 0, 0, 0, 0, 0, 3, 0, 0, 0, 0, 0, 0, 0, 0, 0, 0, 0, 0, 0, 0, 0, 0, 0, 0, 0, 0, 0, 0, 0, 0, 0, 0, 0, 0, 0, 0, 0, 0, 0, 0, 0, 0, 0, 0, 4, 0, 0, 4, 0, 0, 0, 0, 0, 0, 0, 0, 0, 0, 0, 0, 0, 0, 0, 0, 0, 0, 0, 0, 0, 0, 0, 0, 0, 0, 0, 0, 0, 0, 0, 5, 0, 6, 0, 0, 0, 5, 5, 5, 1, 1, 7, 0, 8, 7, 7, 7, 7, 7, 1, 7, 7, 7, 7, 7, 7, 7, 7, 7, 7, 7, 3, 7, 7, 7, 7, 7, 7, 7, 7, 7, 7, 7, 7, 7, 7, 1, 1, 7, 7, 1, 7, 7, 1, 1, 1, 1, 1, 1, 7, 1, 1, 1, 1, 1, 3, 7, 1, 1, 7, 1, 1, 1, 1, 1, 9, 9, 9, 9, 9, 9, 1, 9, 1, 1, 1, 1, 10, 1, 10, 11, 12, 12, 10, 12, 12, 12, 12, 12, 12, 12, 12, 12, 4, 11, 10, 10, 11, 11, 11, 11, 11, 11, 11, 11, 11, 11, 11, 11, 10, 11, 11, 11, 11, 11, 11, 11, 11, 11, 10, 10, 11, 11, 11, 11, 11, 11, 11, 11, 11, 11, 11, 10, 11, 11, 10, 11, 11, 11, 11, 11, 11, 10, 11, 11, 11, 11, 11, 1, 10, 11, 11, 11, 11, 11, 11, 10, 10, 10, 10, 10, 10, 11, 10, 10, 10, 11, 11, 11, 7, 7, 7, 7, 7, 7, 1, 4, 4, 1, 4, 13, 13, 13, 13, 13, 13, 13, 13, 13, 14, 14, 14, 14, 14, 14, 14, 14, 14, 14, 14, 14, 14, 14, 14, 14, 14, 14, 14, 14, 14, 14, 14, 14, 14, 14, 14, 14, 14, 14, 14, 14, 14, 14, 4, 4, 3, 4, 10, 10, 10, 10, 10, 10, 2, 15, 10, 10, 10, 3, 3, 4, 4, 4, 4, 4, 4, 4, 4, 4, 1, 10, 10, 10, 10, 10, 10, 10, 10, 10, 10, 10, 10, 10, 4, 3, 10, 1, 10, 10, 10, 10, 10, 10, 4, 4, 13, 4, 4, 4, 4, 4, 13, 4, 4, 4, 9, 9, 10, 9, 9, 9, 9, 4, 9, 9, 9, 16, 16, 16, 16, 16, 1, 16, 16, 16, 16, 16, 16, 16, 1, 16, 10, 10, 10, 2, 10, 16, 10, 10, 10, 10, 10, 10, 10, 10, 10, 10, 10, 10, 10, 10, 3, 16, 3, 10, 10, 10, 10, 10, 10, 10, 4, 10, 4, 10, 10, 10, 10, 10, 3, 10, 10, 10, 10, 10, 10, 10, 10, 10, 16, 16, 16, 16, 1, 1, 3, 1, 1, 1, 1, 16, 16, 16, 1, 1, 1, 17, 17, 17, 17, 17, 17, 17, 17, 3, 2, 1, 0, 2, 2, 3, 3, 16, 3, 3, 3, 3, 3, 4, 1, 1, 1, 1, 1, 4, 4, 4, 4, 16, 16, 16, 16, 16, 16, 16, 16, 3, 3, 3, 3, 3, 16, 3, 0, 18, 16, 1, 16, 1, 1, 3, 3, 3, 3, 16, 16, 1, 1, 19, 1, 1, 1, 1, 3, 3, 16, 3, 3, 3, 3, 1, 1, 3, 3, 3, 3, 3, 3, 3, 3, 3, 2, 1, 1, 1, 1, 1, 1, 1, 3, 3, 16, 3, 3, 16, 1, 20, 20, 20, 20, 20, 20, 20, 20, 20, 20, 20, 20, 20, 20, 20, 20, 20, 20, 20, 20, 20, 20, 20, 1, 21, 21, 21, 21, 21, 3, 16, 22, 3, 10, 10, 17, 16, 2, 3, 16, 1, 16, 16, 3, 1, 16, 16, 7, 2, 2, 1, 2, 3, 2, 16, 3, 2, 2, 2, 2, 3, 16, 10, 10, 2, 2, 2, 7, 7, 7, 7, 7, 7, 7, 3, 22, 3, 3, 16, 3, 7, 23, 1, 24, 24, 24, 24, 24, 24, 24, 24, 24, 24, 24, 1, 1, 1, 1, 1, 1, 1, 1, 1, 1, 1, 1, 1, 1, 1, 16, 1, 7, 16, 3, 3, 3, 3, 3, 3, 3, 1, 1, 1, 1, 1, 1, 7, 1, 1, 1, 1, 3, 1, 3, 16, 16, 1, 2, 2, 2, 2, 1, 16, 1, 1, 1, 1, 2, 1, 1, 4, 4, 4, 3, 16, 4, 4, 10, 10, 10, 10, 10, 25, 10, 4, 10, 10, 4, 3, 3, 10, 10, 10, 10, 10, 10, 10, 10, 10, 10, 10, 10, 10, 4, 10, 11, 10, 11, 11, 11, 11, 1, 2, 2, 2, 2, 2, 2, 2, 2, 2, 2, 2, 2, 26, 27, 28, 28, 2, 29, 30, 2, 28, 28, 28, 28, 28, 28, 28, 28, 28, 2, 2, 2, 2, 2, 2, 2]"
xerces,22,seed22_solution015,seed22_solution015,0.2109273903666427,8.032739404994196,1.30803251294813,0.38450842050369294,0.2109273903666427,-8.032739404994196,1.30803251294813,True,False,"[0, 0, 0, 0, 0, 0, 0, 0, 0, 0, 0, 0, 0, 0, 1, 2, 0, 0, 0, 3, 2, 0, 0, 0, 0, 0, 3, 0, 0, 0, 0, 0, 0, 0, 0, 0, 0, 0, 0, 0, 0, 0, 0, 0, 0, 0, 0, 0, 0, 0, 0, 0, 0, 0, 0, 0, 0, 0, 0, 0, 0, 0, 0, 0, 0, 4, 0, 0, 4, 0, 0, 0, 0, 0, 0, 0, 0, 0, 0, 0, 0, 5, 0, 0, 0, 0, 0, 0, 0, 0, 0, 0, 0, 0, 0, 0, 0, 0, 0, 0, 6, 0, 7, 0, 0, 0, 6, 6, 6, 1, 1, 8, 0, 9, 8, 8, 8, 8, 8, 1, 8, 8, 8, 8, 8, 8, 8, 8, 8, 8, 8, 3, 8, 8, 8, 8, 8, 8, 8, 8, 8, 8, 8, 8, 8, 8, 1, 1, 8, 8, 1, 8, 8, 1, 1, 1, 1, 1, 1, 8, 1, 1, 1, 1, 1, 3, 8, 1, 1, 8, 1, 1, 1, 1, 1, 10, 10, 10, 10, 10, 10, 1, 10, 1, 1, 1, 1, 11, 1, 11, 12, 13, 13, 11, 13, 13, 13, 13, 13, 13, 13, 13, 13, 4, 12, 11, 11, 12, 12, 12, 12, 12, 12, 12, 12, 12, 12, 12, 12, 11, 12, 12, 12, 12, 12, 12, 12, 12, 12, 11, 11, 12, 12, 12, 12, 12, 12, 12, 12, 12, 12, 12, 11, 12, 12, 11, 12, 12, 12, 12, 12, 12, 11, 12, 12, 12, 12, 12, 1, 11, 12, 12, 12, 12, 12, 12, 11, 11, 11, 11, 11, 11, 12, 11, 11, 11, 12, 12, 12, 8, 8, 8, 8, 8, 8, 1, 4, 4, 1, 4, 14, 14, 14, 14, 14, 14, 14, 14, 14, 15, 15, 15, 15, 15, 15, 15, 15, 15, 15, 15, 15, 15, 15, 15, 15, 15, 15, 15, 15, 15, 15, 15, 15, 15, 15, 15, 15, 15, 15, 15, 15, 15, 15, 4, 4, 3, 4, 11, 11, 11, 11, 11, 11, 2, 16, 11, 11, 11, 3, 3, 4, 4, 4, 4, 4, 4, 4, 4, 4, 4, 11, 11, 11, 11, 11, 11, 11, 11, 11, 11, 11, 11, 11, 4, 3, 11, 1, 11, 11, 11, 11, 11, 11, 4, 4, 14, 4, 4, 4, 4, 4, 14, 4, 4, 4, 10, 10, 11, 10, 10, 10, 10, 4, 10, 10, 10, 17, 17, 17, 17, 17, 1, 17, 17, 17, 17, 17, 17, 17, 1, 17, 11, 11, 11, 2, 11, 17, 11, 11, 11, 11, 11, 11, 11, 11, 11, 11, 11, 11, 11, 11, 3, 17, 3, 11, 11, 11, 11, 11, 11, 11, 4, 11, 4, 11, 11, 11, 11, 11, 3, 11, 11, 11, 11, 11, 11, 11, 11, 11, 17, 17, 17, 17, 1, 1, 3, 1, 1, 1, 1, 17, 17, 17, 1, 1, 1, 18, 18, 18, 18, 18, 18, 18, 18, 3, 2, 1, 0, 2, 2, 3, 3, 17, 3, 3, 3, 3, 3, 4, 1, 1, 1, 1, 1, 4, 4, 4, 4, 17, 17, 17, 17, 17, 17, 17, 17, 3, 3, 3, 3, 3, 17, 17, 0, 19, 17, 1, 17, 1, 1, 3, 3, 3, 3, 17, 17, 1, 1, 20, 1, 1, 1, 1, 3, 3, 17, 3, 3, 3, 3, 21, 1, 3, 3, 3, 3, 3, 3, 3, 3, 3, 2, 1, 1, 1, 1, 1, 1, 1, 3, 3, 17, 3, 3, 17, 1, 21, 21, 21, 21, 21, 21, 21, 21, 21, 21, 21, 21, 21, 21, 21, 21, 21, 21, 21, 21, 21, 21, 21, 1, 5, 5, 5, 5, 5, 3, 17, 22, 3, 11, 11, 18, 17, 2, 3, 17, 1, 17, 17, 3, 1, 17, 17, 8, 2, 2, 1, 2, 3, 2, 17, 3, 2, 2, 2, 2, 3, 17, 11, 11, 2, 2, 2, 8, 8, 8, 8, 8, 8, 8, 3, 22, 3, 3, 17, 3, 8, 23, 1, 24, 24, 24, 24, 24, 24, 24, 24, 24, 24, 24, 1, 1, 1, 1, 1, 1, 1, 1, 1, 1, 1, 1, 1, 1, 1, 17, 1, 8, 17, 3, 3, 3, 3, 3, 3, 3, 1, 1, 1, 1, 1, 1, 8, 1, 1, 1, 1, 3, 1, 3, 17, 17, 1, 2, 2, 2, 2, 1, 17, 1, 1, 1, 1, 2, 1, 1, 4, 4, 4, 3, 17, 4, 4, 11, 11, 11, 11, 11, 25, 11, 4, 11, 11, 4, 3, 3, 11, 11, 11, 11, 11, 11, 11, 11, 11, 11, 11, 11, 11, 4, 11, 12, 11, 12, 12, 12, 12, 1, 2, 2, 2, 2, 2, 2, 2, 2, 2, 2, 2, 2, 26, 27, 28, 28, 2, 29, 30, 2, 28, 28, 28, 28, 28, 28, 28, 28, 28, 2, 2, 2, 2, 2, 2, 2]"
xerces,22,seed22_solution016,seed22_solution016,0.2186628324946082,8.443299024644976,1.2283783722352577,0.40618590231575535,0.2186628324946082,-8.443299024644976,1.2283783722352577,True,False,"[0, 0, 0, 0, 0, 0, 0, 0, 0, 0, 0, 0, 0, 0, 1, 2, 0, 0, 0, 3, 2, 0, 0, 0, 0, 0, 3, 0, 0, 0, 0, 0, 0, 0, 0, 0, 0, 0, 0, 0, 0, 0, 0, 0, 0, 0, 0, 0, 0, 4, 0, 0, 0, 0, 0, 0, 0, 0, 0, 0, 0, 0, 0, 0, 0, 5, 0, 0, 5, 0, 0, 0, 0, 0, 0, 0, 0, 0, 0, 0, 0, 0, 0, 0, 0, 0, 0, 0, 0, 0, 0, 0, 0, 0, 0, 0, 0, 0, 0, 0, 6, 0, 7, 0, 0, 0, 6, 6, 6, 1, 1, 8, 0, 9, 8, 8, 8, 8, 8, 1, 8, 8, 8, 8, 8, 8, 8, 8, 8, 8, 8, 3, 8, 8, 8, 8, 8, 8, 8, 8, 8, 8, 8, 8, 8, 8, 1, 1, 8, 9, 1, 8, 8, 1, 1, 1, 1, 1, 1, 8, 1, 1, 1, 1, 1, 3, 8, 1, 1, 8, 1, 1, 1, 1, 1, 10, 10, 10, 10, 10, 10, 1, 10, 1, 1, 1, 1, 11, 1, 11, 12, 13, 13, 11, 13, 13, 13, 14, 13, 13, 13, 13, 14, 5, 12, 11, 11, 12, 12, 12, 12, 12, 12, 12, 12, 12, 12, 12, 12, 11, 12, 12, 12, 12, 12, 12, 12, 12, 12, 11, 11, 12, 12, 12, 12, 12, 12, 12, 12, 12, 12, 12, 11, 12, 12, 11, 12, 12, 12, 12, 12, 12, 11, 12, 12, 12, 12, 12, 1, 11, 12, 12, 12, 12, 12, 12, 11, 11, 11, 11, 11, 11, 12, 11, 11, 11, 12, 12, 12, 8, 8, 8, 8, 8, 8, 1, 5, 5, 1, 5, 14, 14, 14, 14, 14, 14, 14, 14, 14, 15, 15, 15, 15, 15, 15, 15, 15, 15, 15, 15, 15, 15, 15, 16, 15, 15, 15, 15, 15, 15, 15, 15, 15, 15, 15, 15, 15, 15, 15, 15, 15, 15, 15, 5, 5, 3, 5, 11, 11, 11, 11, 11, 11, 2, 16, 11, 11, 11, 3, 3, 5, 5, 5, 5, 5, 5, 5, 5, 5, 5, 11, 11, 11, 11, 11, 11, 11, 11, 11, 11, 11, 11, 11, 5, 3, 11, 1, 11, 11, 11, 11, 11, 11, 5, 5, 14, 5, 5, 5, 5, 5, 14, 5, 5, 5, 10, 10, 11, 10, 10, 10, 10, 5, 10, 10, 10, 17, 17, 17, 17, 17, 1, 17, 17, 17, 17, 17, 17, 17, 1, 17, 11, 11, 11, 2, 11, 17, 11, 11, 11, 11, 11, 11, 11, 11, 11, 11, 11, 11, 11, 11, 3, 17, 3, 11, 11, 11, 11, 11, 11, 11, 5, 11, 5, 11, 11, 11, 11, 11, 3, 11, 11, 11, 18, 11, 11, 11, 11, 11, 17, 17, 17, 17, 1, 1, 3, 1, 1, 1, 1, 17, 17, 17, 1, 1, 1, 18, 18, 18, 19, 18, 19, 18, 19, 3, 2, 1, 0, 2, 2, 3, 3, 17, 3, 3, 3, 3, 3, 5, 1, 1, 1, 1, 1, 5, 5, 5, 5, 17, 17, 17, 17, 17, 17, 17, 17, 3, 3, 3, 3, 3, 17, 17, 0, 20, 17, 1, 17, 1, 1, 3, 3, 3, 3, 17, 17, 1, 1, 20, 1, 1, 1, 1, 3, 3, 17, 3, 3, 3, 3, 1, 1, 3, 3, 3, 3, 3, 3, 3, 3, 3, 2, 1, 1, 1, 1, 1, 1, 1, 3, 3, 17, 3, 3, 17, 1, 21, 21, 22, 21, 22, 21, 21, 21, 21, 21, 22, 21, 21, 22, 22, 21, 22, 22, 22, 21, 22, 21, 21, 1, 21, 18, 18, 18, 18, 3, 17, 23, 3, 11, 11, 18, 17, 2, 3, 17, 1, 17, 17, 22, 1, 17, 17, 8, 2, 2, 1, 2, 3, 2, 17, 3, 2, 2, 2, 2, 3, 17, 11, 11, 2, 2, 2, 8, 8, 8, 8, 8, 8, 8, 3, 23, 3, 3, 17, 3, 8, 24, 1, 25, 25, 25, 25, 25, 25, 25, 25, 25, 25, 25, 1, 1, 1, 1, 1, 1, 1, 1, 1, 1, 1, 1, 1, 1, 1, 17, 1, 8, 17, 3, 3, 3, 3, 3, 3, 3, 1, 1, 1, 1, 1, 1, 8, 1, 0, 1, 1, 3, 1, 3, 17, 17, 1, 2, 2, 2, 2, 1, 17, 1, 1, 1, 1, 2, 1, 1, 5, 5, 5, 3, 17, 5, 5, 11, 11, 11, 11, 11, 26, 11, 5, 11, 11, 5, 3, 3, 11, 11, 11, 11, 11, 11, 11, 11, 11, 11, 11, 11, 11, 5, 11, 12, 11, 12, 12, 12, 12, 1, 2, 2, 2, 2, 2, 2, 2, 2, 2, 2, 2, 2, 4, 27, 26, 28, 2, 4, 4, 2, 28, 28, 28, 28, 26, 26, 27, 28, 26, 2, 2, 2, 2, 2, 2, 2]"
xerces,22,seed22_solution017,seed22_solution017,0.22421279654924514,8.834419140420279,1.1891308085655445,0.3975481769014343,0.22421279654924514,-8.834419140420279,1.1891308085655445,True,False,"[0, 0, 0, 0, 0, 0, 0, 0, 0, 0, 0, 0, 0, 0, 1, 2, 0, 0, 0, 3, 2, 0, 0, 0, 0, 0, 3, 0, 0, 0, 0, 0, 0, 0, 0, 0, 0, 0, 0, 0, 0, 0, 0, 0, 0, 0, 0, 0, 0, 0, 0, 0, 0, 0, 0, 0, 0, 0, 0, 0, 0, 0, 0, 0, 0, 4, 0, 0, 4, 0, 0, 0, 0, 0, 0, 0, 0, 0, 0, 0, 0, 0, 0, 0, 0, 0, 0, 0, 0, 0, 0, 0, 0, 0, 0, 0, 0, 0, 0, 0, 5, 0, 6, 0, 0, 0, 5, 5, 5, 1, 1, 7, 0, 8, 7, 7, 7, 7, 7, 1, 7, 7, 7, 7, 7, 7, 7, 7, 7, 7, 7, 3, 7, 7, 7, 7, 7, 7, 7, 7, 7, 7, 7, 7, 7, 7, 1, 1, 7, 8, 1, 7, 7, 1, 1, 1, 1, 1, 1, 7, 1, 1, 1, 1, 1, 3, 7, 1, 1, 7, 1, 1, 1, 1, 6, 9, 9, 9, 9, 9, 9, 1, 9, 1, 1, 1, 1, 10, 1, 10, 11, 12, 12, 10, 12, 12, 12, 13, 12, 12, 12, 12, 13, 4, 11, 10, 10, 11, 11, 11, 11, 11, 11, 11, 11, 11, 11, 11, 11, 10, 11, 11, 11, 11, 11, 11, 11, 11, 11, 10, 10, 11, 11, 11, 11, 11, 11, 11, 11, 11, 11, 11, 10, 11, 11, 10, 11, 11, 11, 11, 11, 11, 10, 11, 11, 11, 11, 11, 1, 10, 11, 11, 11, 11, 11, 11, 10, 10, 10, 10, 10, 10, 11, 10, 10, 10, 11, 11, 11, 7, 7, 7, 7, 7, 7, 1, 4, 4, 1, 4, 13, 13, 13, 13, 13, 13, 13, 13, 13, 14, 14, 14, 14, 14, 14, 14, 14, 14, 14, 14, 14, 14, 14, 15, 14, 14, 14, 14, 14, 14, 14, 14, 14, 14, 14, 14, 14, 14, 14, 14, 14, 15, 14, 4, 4, 3, 4, 10, 10, 10, 10, 10, 10, 2, 15, 10, 10, 10, 3, 3, 4, 4, 4, 4, 4, 4, 4, 4, 4, 4, 10, 10, 10, 10, 10, 10, 10, 10, 10, 10, 10, 10, 10, 4, 3, 10, 1, 10, 13, 10, 10, 10, 10, 4, 4, 13, 4, 4, 4, 4, 4, 13, 4, 4, 4, 9, 9, 10, 9, 9, 9, 9, 4, 9, 9, 9, 16, 16, 16, 16, 16, 1, 16, 16, 16, 16, 16, 16, 16, 1, 16, 10, 10, 10, 2, 10, 16, 10, 10, 10, 10, 10, 10, 10, 10, 10, 10, 10, 10, 10, 10, 3, 16, 3, 10, 10, 10, 10, 10, 10, 10, 4, 10, 4, 10, 10, 10, 10, 10, 3, 10, 10, 10, 17, 10, 10, 10, 10, 10, 16, 16, 16, 16, 1, 1, 3, 1, 1, 1, 1, 16, 16, 16, 1, 1, 1, 18, 18, 18, 18, 18, 18, 18, 18, 3, 2, 1, 0, 2, 2, 3, 3, 16, 3, 3, 3, 3, 3, 4, 1, 1, 1, 1, 1, 4, 4, 4, 4, 16, 16, 16, 16, 16, 16, 16, 16, 3, 3, 3, 3, 3, 16, 16, 0, 19, 16, 1, 16, 1, 1, 3, 3, 3, 3, 16, 16, 1, 1, 20, 1, 1, 1, 1, 3, 3, 16, 3, 3, 3, 3, 1, 1, 3, 3, 3, 3, 3, 3, 3, 3, 3, 2, 1, 1, 1, 1, 1, 1, 1, 3, 3, 16, 3, 3, 16, 1, 21, 21, 21, 21, 21, 21, 21, 21, 21, 21, 21, 21, 21, 21, 21, 21, 17, 21, 21, 21, 21, 21, 21, 1, 17, 17, 17, 17, 17, 3, 16, 22, 3, 10, 10, 18, 16, 2, 3, 16, 1, 16, 16, 20, 1, 16, 16, 7, 2, 2, 1, 2, 3, 2, 18, 3, 2, 2, 2, 2, 3, 16, 10, 10, 2, 2, 2, 7, 7, 7, 7, 7, 7, 7, 3, 22, 3, 3, 16, 3, 7, 23, 1, 24, 24, 24, 24, 24, 24, 24, 24, 24, 24, 24, 1, 1, 1, 1, 1, 1, 1, 1, 1, 1, 1, 1, 1, 1, 1, 16, 1, 7, 16, 3, 3, 3, 3, 3, 3, 3, 1, 1, 1, 1, 1, 1, 7, 1, 0, 1, 1, 3, 1, 3, 16, 16, 1, 2, 2, 2, 2, 1, 16, 1, 1, 1, 1, 2, 1, 1, 4, 4, 4, 3, 16, 4, 4, 10, 10, 10, 10, 10, 25, 10, 4, 10, 10, 4, 3, 3, 10, 10, 10, 10, 10, 10, 10, 10, 10, 10, 10, 10, 10, 4, 10, 11, 10, 11, 11, 11, 11, 1, 2, 2, 2, 2, 2, 2, 2, 2, 2, 2, 2, 2, 26, 27, 25, 27, 2, 26, 26, 2, 25, 27, 25, 25, 25, 25, 27, 27, 25, 2, 2, 2, 2, 2, 2, 2]"
xerces,22,seed22_solution018,seed22_solution018,0.23614665708123653,8.890116924079608,1.1606079649215533,0.4289007344130402,0.23614665708123653,-8.890116924079608,1.1606079649215533,True,False,"[0, 0, 0, 0, 0, 0, 0, 0, 0, 0, 0, 0, 0, 0, 1, 2, 0, 0, 0, 3, 2, 0, 4, 0, 0, 0, 3, 0, 0, 0, 0, 0, 0, 0, 0, 0, 0, 0, 0, 0, 0, 0, 0, 0, 0, 0, 0, 0, 0, 0, 0, 0, 0, 0, 0, 0, 0, 0, 0, 0, 0, 5, 0, 0, 0, 6, 0, 0, 6, 0, 0, 0, 0, 0, 0, 0, 0, 0, 0, 0, 0, 0, 0, 0, 0, 0, 0, 0, 0, 0, 0, 0, 0, 0, 0, 0, 0, 0, 0, 0, 7, 0, 8, 0, 0, 0, 7, 7, 7, 1, 1, 4, 0, 9, 4, 4, 4, 4, 4, 1, 4, 4, 4, 4, 4, 4, 4, 4, 4, 4, 4, 3, 4, 4, 4, 4, 4, 4, 4, 4, 4, 4, 4, 4, 4, 4, 1, 1, 4, 4, 1, 4, 4, 1, 1, 1, 1, 1, 1, 4, 1, 1, 1, 1, 1, 4, 4, 1, 1, 4, 1, 1, 1, 1, 1, 10, 10, 10, 10, 10, 10, 1, 10, 1, 1, 1, 1, 11, 1, 11, 12, 13, 13, 11, 13, 13, 13, 14, 13, 13, 13, 13, 14, 6, 12, 11, 11, 12, 12, 12, 12, 12, 12, 12, 12, 12, 12, 12, 12, 11, 12, 12, 12, 12, 12, 12, 12, 12, 12, 11, 11, 12, 12, 12, 12, 12, 12, 12, 12, 12, 12, 12, 11, 12, 6, 11, 12, 12, 12, 12, 12, 12, 11, 12, 12, 12, 12, 12, 1, 11, 12, 12, 12, 12, 12, 12, 11, 11, 11, 11, 11, 11, 12, 11, 11, 11, 12, 12, 12, 4, 4, 4, 4, 4, 4, 1, 6, 6, 1, 6, 14, 14, 14, 14, 14, 14, 14, 14, 14, 15, 15, 15, 15, 16, 15, 15, 15, 15, 15, 15, 15, 15, 16, 16, 15, 15, 15, 15, 15, 16, 15, 15, 15, 15, 15, 15, 15, 15, 15, 15, 16, 16, 15, 6, 6, 3, 6, 11, 11, 11, 11, 11, 11, 2, 16, 11, 11, 11, 3, 3, 6, 6, 6, 6, 6, 6, 6, 6, 6, 6, 11, 11, 11, 11, 11, 11, 11, 11, 11, 11, 11, 11, 11, 6, 3, 11, 1, 11, 11, 11, 11, 11, 11, 6, 6, 14, 6, 6, 6, 6, 6, 14, 6, 6, 6, 10, 10, 6, 10, 10, 10, 10, 6, 10, 10, 10, 17, 18, 19, 18, 18, 1, 18, 18, 19, 18, 18, 18, 18, 1, 18, 11, 11, 11, 2, 11, 18, 14, 11, 11, 11, 11, 11, 11, 11, 11, 11, 11, 11, 11, 11, 3, 18, 3, 11, 11, 11, 11, 11, 11, 11, 3, 11, 6, 11, 11, 14, 11, 11, 3, 14, 11, 11, 19, 11, 11, 11, 11, 11, 18, 18, 18, 18, 1, 1, 3, 1, 1, 1, 1, 18, 18, 18, 1, 1, 1, 19, 19, 17, 17, 17, 17, 18, 17, 3, 2, 1, 0, 2, 2, 3, 3, 18, 3, 3, 3, 3, 3, 6, 1, 1, 1, 1, 1, 6, 6, 6, 6, 18, 18, 18, 18, 19, 18, 19, 18, 3, 3, 3, 3, 3, 18, 18, 0, 17, 18, 1, 18, 1, 1, 3, 3, 3, 3, 18, 18, 1, 1, 20, 1, 1, 1, 1, 3, 3, 18, 3, 3, 3, 3, 1, 1, 3, 3, 3, 3, 3, 3, 3, 3, 3, 2, 1, 1, 1, 1, 1, 1, 1, 2, 3, 18, 3, 3, 18, 1, 21, 21, 20, 20, 20, 20, 21, 21, 20, 21, 21, 21, 20, 21, 21, 21, 21, 20, 20, 21, 21, 21, 20, 1, 19, 21, 21, 21, 19, 3, 18, 22, 3, 11, 11, 19, 19, 2, 3, 18, 1, 18, 18, 20, 1, 18, 19, 4, 2, 2, 1, 2, 3, 2, 19, 3, 2, 2, 2, 2, 3, 18, 11, 11, 2, 2, 2, 4, 4, 4, 4, 4, 4, 4, 3, 22, 3, 3, 18, 3, 4, 23, 1, 24, 24, 24, 24, 24, 24, 24, 24, 24, 24, 24, 1, 1, 1, 1, 1, 1, 1, 1, 1, 1, 1, 1, 1, 1, 1, 18, 1, 4, 18, 3, 3, 3, 3, 3, 3, 3, 1, 1, 1, 1, 1, 1, 4, 1, 0, 1, 1, 3, 1, 3, 18, 18, 1, 2, 2, 2, 2, 1, 18, 1, 1, 1, 1, 2, 1, 1, 6, 6, 6, 3, 18, 6, 6, 11, 11, 11, 11, 11, 25, 11, 6, 11, 11, 6, 3, 3, 11, 11, 11, 11, 11, 11, 11, 11, 11, 11, 11, 11, 11, 6, 14, 12, 11, 12, 12, 12, 12, 1, 2, 2, 2, 2, 2, 2, 2, 2, 2, 2, 2, 2, 26, 5, 25, 27, 2, 26, 5, 2, 25, 27, 27, 19, 26, 25, 27, 27, 26, 2, 2, 2, 2, 2, 2, 2]"
xerces,22,seed22_solution019,seed22_solution019,0.238274622573688,8.879918945173815,1.1537791582223873,0.4353337224279309,0.238274622573688,-8.879918945173815,1.1537791582223873,True,False,"[0, 0, 0, 0, 0, 0, 0, 0, 0, 0, 0, 0, 0, 0, 1, 2, 0, 0, 0, 3, 2, 0, 4, 0, 0, 0, 3, 0, 0, 0, 0, 0, 0, 0, 0, 0, 0, 0, 0, 0, 0, 0, 0, 0, 0, 0, 0, 0, 0, 0, 0, 0, 0, 0, 0, 0, 0, 0, 0, 0, 0, 5, 0, 0, 0, 6, 0, 0, 6, 0, 0, 0, 0, 0, 0, 0, 0, 0, 0, 0, 0, 0, 0, 0, 0, 0, 0, 0, 0, 0, 0, 0, 0, 0, 0, 0, 0, 0, 0, 0, 7, 0, 8, 0, 0, 0, 7, 7, 7, 1, 1, 4, 0, 9, 4, 4, 4, 4, 4, 1, 4, 4, 4, 4, 4, 4, 4, 4, 4, 4, 10, 3, 4, 4, 4, 4, 4, 4, 4, 4, 4, 4, 4, 4, 4, 4, 1, 1, 4, 4, 1, 4, 4, 1, 1, 1, 1, 1, 1, 4, 1, 1, 1, 1, 1, 4, 4, 1, 1, 4, 1, 1, 1, 1, 1, 11, 11, 11, 11, 11, 11, 1, 11, 1, 1, 1, 1, 12, 1, 12, 13, 14, 14, 12, 14, 14, 14, 15, 14, 14, 14, 14, 15, 6, 13, 12, 12, 13, 13, 13, 13, 13, 13, 13, 13, 13, 13, 13, 13, 12, 13, 13, 13, 13, 13, 13, 13, 13, 13, 12, 12, 13, 13, 13, 13, 13, 13, 13, 13, 13, 13, 13, 12, 13, 6, 12, 13, 13, 13, 13, 13, 13, 12, 13, 13, 13, 13, 13, 1, 12, 13, 13, 13, 13, 13, 13, 12, 12, 12, 12, 12, 12, 13, 12, 12, 12, 13, 13, 13, 4, 4, 4, 4, 4, 4, 1, 6, 6, 1, 6, 15, 15, 15, 15, 15, 15, 15, 15, 15, 16, 16, 16, 16, 17, 16, 16, 16, 16, 16, 16, 16, 16, 17, 17, 16, 16, 16, 16, 16, 17, 16, 16, 16, 16, 16, 16, 16, 16, 16, 16, 17, 17, 16, 6, 6, 3, 6, 12, 12, 12, 12, 12, 12, 2, 17, 12, 12, 12, 3, 3, 6, 6, 6, 6, 6, 6, 6, 6, 6, 6, 12, 12, 12, 12, 12, 12, 12, 12, 12, 12, 12, 12, 12, 6, 3, 12, 1, 12, 12, 12, 12, 12, 12, 6, 6, 15, 6, 6, 6, 6, 6, 15, 6, 6, 6, 11, 11, 6, 11, 11, 11, 11, 6, 11, 11, 11, 18, 18, 19, 18, 18, 1, 18, 18, 19, 18, 18, 18, 18, 1, 18, 12, 12, 12, 2, 12, 18, 15, 12, 12, 12, 12, 12, 12, 12, 12, 12, 12, 12, 12, 12, 3, 18, 3, 12, 12, 12, 12, 12, 12, 12, 3, 12, 6, 12, 12, 15, 12, 12, 3, 15, 12, 12, 19, 12, 12, 12, 12, 12, 18, 18, 18, 18, 1, 1, 3, 1, 1, 1, 1, 18, 18, 18, 1, 1, 1, 19, 19, 10, 10, 10, 10, 18, 10, 3, 2, 1, 0, 2, 2, 3, 3, 18, 3, 3, 3, 3, 3, 6, 1, 1, 1, 1, 1, 6, 6, 6, 6, 18, 18, 18, 18, 19, 18, 19, 18, 3, 3, 3, 3, 3, 18, 18, 0, 10, 18, 1, 18, 1, 1, 3, 3, 3, 3, 18, 18, 1, 1, 20, 1, 1, 1, 1, 3, 3, 18, 3, 3, 3, 3, 1, 1, 3, 3, 3, 3, 3, 3, 3, 3, 3, 2, 1, 1, 1, 1, 1, 1, 1, 2, 3, 18, 3, 3, 18, 1, 21, 21, 20, 20, 20, 20, 21, 21, 20, 21, 21, 21, 20, 20, 21, 21, 21, 20, 20, 7, 21, 21, 20, 1, 19, 21, 21, 21, 19, 3, 18, 22, 3, 12, 12, 19, 19, 2, 3, 18, 1, 18, 18, 20, 1, 18, 19, 4, 2, 2, 1, 2, 3, 2, 19, 3, 2, 2, 2, 2, 3, 18, 12, 12, 2, 2, 2, 4, 4, 4, 4, 4, 4, 4, 3, 22, 3, 3, 18, 3, 4, 23, 1, 24, 24, 24, 24, 24, 24, 24, 24, 24, 24, 24, 1, 1, 1, 1, 1, 1, 1, 1, 1, 1, 1, 1, 1, 1, 1, 18, 1, 4, 18, 3, 3, 3, 3, 3, 3, 3, 1, 1, 1, 1, 1, 1, 4, 1, 0, 1, 1, 3, 1, 3, 18, 18, 1, 2, 2, 2, 2, 1, 18, 1, 1, 1, 1, 2, 1, 23, 6, 6, 6, 3, 18, 6, 6, 12, 12, 12, 12, 12, 25, 12, 6, 12, 12, 6, 3, 3, 12, 12, 12, 12, 12, 12, 12, 12, 12, 12, 12, 12, 12, 6, 15, 7, 12, 13, 13, 13, 13, 1, 2, 2, 2, 2, 2, 2, 2, 2, 2, 2, 2, 2, 26, 5, 25, 27, 2, 26, 5, 2, 25, 27, 27, 19, 26, 25, 27, 27, 26, 2, 2, 2, 2, 2, 2, 2]"
xerces,22,seed22_solution021,seed22_solution021,0.27925233644859815,8.736650840218852,1.1441060368143057,0.4574476670754567,0.27925233644859815,-8.736650840218852,1.1441060368143057,True,False,"[0, 0, 0, 0, 0, 0, 0, 0, 0, 0, 0, 0, 0, 0, 1, 2, 0, 0, 0, 3, 2, 0, 0, 0, 0, 0, 3, 0, 0, 0, 0, 0, 0, 0, 0, 0, 0, 0, 0, 0, 0, 0, 0, 0, 0, 0, 0, 0, 0, 0, 0, 0, 0, 0, 0, 0, 0, 0, 0, 0, 0, 0, 0, 0, 0, 4, 0, 0, 4, 0, 0, 0, 0, 0, 0, 0, 0, 0, 0, 0, 0, 0, 0, 0, 0, 0, 0, 0, 0, 0, 0, 0, 0, 0, 0, 0, 0, 0, 0, 0, 5, 0, 6, 0, 0, 0, 5, 5, 5, 1, 1, 7, 0, 8, 7, 7, 7, 7, 7, 1, 7, 7, 7, 7, 7, 7, 7, 7, 7, 7, 7, 3, 7, 7, 7, 7, 7, 7, 7, 7, 7, 7, 7, 7, 7, 7, 1, 1, 7, 7, 1, 7, 7, 1, 1, 1, 1, 1, 1, 7, 1, 1, 1, 1, 1, 3, 7, 1, 1, 7, 1, 1, 1, 1, 1, 9, 9, 9, 9, 9, 9, 1, 9, 1, 1, 1, 1, 10, 1, 10, 11, 12, 12, 13, 12, 12, 12, 12, 12, 12, 12, 12, 13, 4, 11, 10, 10, 11, 11, 11, 11, 11, 11, 11, 11, 11, 11, 11, 11, 10, 11, 11, 11, 11, 11, 11, 11, 11, 11, 10, 10, 11, 11, 11, 11, 11, 11, 11, 11, 11, 11, 11, 10, 11, 11, 10, 11, 11, 11, 11, 11, 11, 10, 11, 11, 11, 11, 11, 6, 10, 11, 11, 11, 11, 11, 11, 10, 10, 10, 10, 10, 10, 11, 13, 10, 10, 11, 11, 11, 7, 7, 7, 7, 7, 7, 1, 4, 4, 1, 4, 13, 13, 12, 13, 13, 13, 12, 13, 13, 14, 14, 14, 14, 15, 16, 14, 14, 14, 14, 14, 14, 14, 14, 15, 14, 14, 15, 15, 15, 15, 15, 14, 14, 14, 14, 14, 15, 14, 14, 14, 14, 15, 14, 4, 4, 3, 4, 10, 10, 10, 10, 10, 10, 2, 15, 10, 10, 10, 3, 3, 4, 4, 4, 4, 4, 4, 4, 4, 4, 4, 10, 10, 10, 10, 10, 10, 10, 10, 10, 10, 10, 13, 10, 4, 3, 10, 1, 15, 13, 10, 10, 10, 10, 4, 4, 13, 4, 4, 4, 4, 4, 13, 4, 4, 4, 9, 9, 4, 9, 9, 9, 9, 4, 9, 9, 9, 16, 16, 16, 16, 16, 1, 16, 16, 17, 16, 16, 17, 16, 1, 16, 10, 10, 10, 1, 10, 16, 10, 10, 10, 10, 10, 10, 10, 10, 10, 10, 10, 10, 10, 10, 3, 16, 3, 10, 10, 10, 10, 10, 10, 10, 3, 10, 4, 10, 10, 10, 10, 10, 3, 13, 13, 10, 10, 10, 10, 10, 10, 10, 17, 16, 18, 16, 1, 1, 3, 1, 1, 6, 1, 16, 16, 16, 1, 1, 1, 18, 13, 18, 18, 18, 18, 16, 13, 3, 2, 1, 0, 2, 2, 2, 3, 16, 2, 3, 3, 3, 2, 4, 1, 1, 1, 1, 1, 4, 4, 4, 4, 18, 16, 16, 16, 17, 16, 16, 16, 3, 3, 3, 3, 3, 16, 16, 0, 19, 16, 1, 16, 1, 1, 3, 3, 3, 2, 17, 16, 1, 1, 20, 1, 1, 1, 1, 2, 3, 16, 3, 3, 3, 3, 1, 1, 3, 3, 3, 3, 3, 3, 3, 2, 3, 2, 1, 1, 1, 1, 1, 6, 1, 3, 3, 16, 3, 3, 18, 1, 21, 20, 21, 21, 21, 21, 21, 20, 21, 21, 20, 21, 21, 21, 21, 21, 17, 21, 21, 21, 20, 21, 21, 1, 17, 21, 21, 17, 21, 3, 16, 22, 3, 10, 10, 18, 16, 2, 3, 16, 1, 16, 16, 3, 1, 16, 17, 7, 2, 2, 1, 2, 3, 2, 17, 3, 2, 2, 2, 2, 3, 16, 10, 10, 2, 2, 2, 7, 7, 7, 7, 7, 7, 7, 3, 22, 3, 3, 16, 3, 7, 23, 1, 24, 24, 24, 24, 24, 24, 24, 24, 24, 24, 24, 1, 1, 1, 1, 1, 1, 1, 1, 1, 1, 1, 1, 1, 1, 1, 1, 1, 7, 16, 3, 3, 3, 3, 3, 3, 2, 1, 1, 1, 1, 6, 1, 7, 1, 0, 1, 1, 1, 1, 14, 16, 16, 1, 2, 2, 2, 2, 1, 16, 1, 1, 1, 1, 2, 1, 1, 4, 4, 4, 3, 16, 4, 4, 10, 10, 10, 10, 10, 25, 10, 4, 10, 10, 4, 3, 3, 10, 10, 10, 10, 10, 10, 10, 10, 10, 10, 10, 10, 10, 4, 10, 11, 10, 11, 11, 11, 11, 1, 2, 2, 2, 2, 2, 2, 2, 2, 2, 2, 2, 2, 26, 27, 26, 27, 2, 26, 27, 2, 26, 27, 26, 25, 25, 25, 27, 26, 25, 2, 2, 2, 2, 2, 2, 2]"
xerces,22,seed22_solution022,seed22_solution022,0.288569374550683,3.6391273020755586,1.1290106753843985,0.4683218944061385,0.288569374550683,-3.6391273020755586,1.1290106753843985,True,False,"[0, 0, 0, 0, 0, 0, 0, 0, 0, 0, 1, 0, 0, 0, 1, 2, 0, 0, 0, 3, 2, 0, 0, 0, 0, 0, 3, 0, 0, 0, 0, 0, 0, 0, 0, 0, 0, 0, 0, 0, 0, 0, 0, 0, 0, 0, 0, 0, 0, 0, 0, 0, 0, 0, 0, 0, 0, 0, 0, 0, 0, 0, 0, 0, 0, 4, 0, 0, 4, 0, 0, 0, 0, 0, 0, 0, 0, 0, 0, 0, 0, 0, 0, 0, 0, 0, 0, 0, 0, 0, 0, 0, 0, 0, 0, 0, 0, 0, 0, 0, 5, 0, 6, 0, 0, 0, 5, 5, 4, 1, 1, 7, 0, 8, 7, 7, 7, 7, 7, 1, 7, 7, 7, 7, 7, 7, 7, 7, 7, 7, 7, 3, 7, 7, 7, 7, 7, 7, 7, 7, 7, 7, 7, 7, 7, 7, 1, 1, 7, 8, 1, 7, 7, 1, 1, 1, 1, 1, 1, 7, 1, 1, 1, 1, 1, 7, 7, 1, 1, 7, 1, 1, 1, 1, 6, 9, 9, 9, 9, 9, 9, 1, 9, 1, 10, 1, 1, 11, 1, 11, 12, 13, 13, 11, 13, 13, 13, 14, 13, 13, 13, 13, 14, 4, 12, 11, 11, 12, 12, 12, 14, 11, 12, 12, 12, 12, 12, 12, 12, 11, 12, 12, 12, 12, 12, 12, 12, 12, 12, 11, 11, 12, 12, 12, 12, 12, 12, 12, 12, 12, 12, 12, 11, 12, 12, 11, 12, 12, 12, 12, 12, 12, 11, 12, 12, 12, 12, 12, 1, 11, 12, 12, 12, 12, 12, 12, 11, 11, 11, 11, 11, 11, 12, 11, 11, 11, 12, 12, 12, 7, 7, 7, 7, 7, 7, 1, 4, 4, 1, 4, 14, 14, 14, 14, 14, 14, 14, 13, 15, 15, 15, 15, 15, 15, 15, 15, 15, 15, 15, 15, 15, 15, 15, 16, 15, 15, 15, 15, 15, 15, 16, 2, 15, 16, 15, 15, 16, 15, 15, 15, 17, 16, 15, 4, 4, 3, 4, 11, 11, 11, 11, 11, 11, 2, 16, 11, 11, 11, 3, 3, 4, 4, 4, 4, 4, 4, 4, 4, 4, 5, 11, 11, 11, 11, 11, 11, 11, 11, 14, 11, 11, 14, 11, 4, 3, 11, 1, 9, 14, 11, 11, 11, 11, 4, 4, 14, 5, 4, 4, 4, 4, 14, 4, 4, 4, 9, 9, 11, 9, 9, 9, 9, 4, 9, 9, 9, 17, 17, 17, 17, 17, 5, 17, 17, 17, 17, 17, 17, 17, 1, 17, 11, 11, 11, 2, 11, 17, 11, 11, 14, 11, 11, 11, 11, 11, 11, 11, 11, 11, 11, 11, 3, 18, 3, 11, 11, 11, 11, 11, 11, 11, 4, 11, 4, 11, 11, 11, 11, 11, 3, 11, 11, 11, 18, 11, 11, 11, 11, 11, 17, 17, 17, 17, 1, 5, 3, 1, 1, 1, 1, 17, 17, 17, 1, 1, 1, 19, 19, 19, 19, 4, 18, 19, 19, 3, 2, 1, 0, 2, 2, 3, 3, 17, 3, 3, 3, 5, 3, 4, 1, 1, 1, 1, 1, 4, 4, 4, 4, 17, 17, 17, 17, 17, 17, 17, 17, 3, 3, 3, 3, 3, 17, 17, 0, 20, 17, 1, 17, 1, 1, 5, 3, 3, 3, 17, 17, 1, 1, 21, 5, 1, 1, 1, 3, 3, 17, 3, 3, 3, 3, 1, 1, 3, 3, 3, 3, 3, 3, 3, 3, 3, 2, 1, 1, 1, 1, 1, 1, 1, 3, 3, 17, 3, 3, 17, 1, 22, 22, 21, 22, 21, 22, 22, 22, 22, 22, 22, 22, 22, 22, 21, 22, 18, 22, 22, 22, 22, 22, 22, 1, 18, 18, 23, 18, 24, 4, 17, 24, 3, 11, 11, 19, 17, 2, 3, 17, 1, 17, 17, 21, 1, 17, 17, 7, 2, 2, 1, 2, 3, 5, 19, 3, 2, 2, 2, 14, 3, 17, 11, 11, 2, 2, 2, 7, 7, 7, 7, 7, 7, 7, 3, 24, 3, 3, 17, 3, 7, 23, 1, 25, 25, 25, 25, 25, 25, 25, 25, 25, 25, 25, 1, 1, 1, 1, 1, 1, 1, 1, 1, 1, 5, 1, 1, 1, 1, 17, 1, 7, 18, 3, 3, 3, 3, 5, 3, 3, 1, 1, 1, 1, 1, 1, 7, 1, 0, 1, 1, 3, 1, 3, 17, 17, 1, 2, 2, 2, 2, 1, 17, 1, 1, 1, 1, 2, 1, 1, 4, 4, 4, 2, 17, 4, 4, 11, 11, 11, 11, 11, 26, 14, 4, 11, 2, 4, 3, 3, 11, 11, 11, 14, 11, 11, 11, 11, 11, 11, 11, 11, 11, 4, 14, 12, 11, 12, 12, 12, 12, 1, 2, 2, 2, 2, 2, 1, 2, 2, 2, 2, 2, 2, 10, 27, 26, 27, 2, 10, 10, 2, 26, 10, 26, 10, 10, 26, 27, 27, 26, 2, 2, 2, 2, 2, 2, 2]"
xerces,22,seed22_solution023,seed22_solution023,0.29020848310567937,3.64001684035642,1.1286363207790255,0.47333391731323204,0.29020848310567937,-3.64001684035642,1.1286363207790255,True,False,"[0, 0, 0, 0, 0, 0, 0, 0, 0, 0, 1, 0, 0, 0, 1, 2, 0, 0, 0, 3, 2, 0, 0, 0, 0, 0, 3, 0, 0, 0, 0, 0, 0, 0, 0, 0, 0, 0, 0, 0, 0, 0, 0, 0, 0, 0, 0, 0, 0, 0, 0, 0, 0, 0, 0, 0, 0, 0, 0, 0, 0, 0, 0, 0, 0, 4, 0, 0, 4, 0, 0, 0, 0, 0, 0, 0, 0, 0, 0, 0, 0, 0, 0, 0, 0, 0, 0, 0, 0, 0, 0, 0, 0, 0, 0, 0, 0, 0, 0, 0, 5, 0, 6, 0, 0, 0, 5, 5, 4, 1, 1, 7, 0, 8, 7, 7, 7, 7, 7, 1, 7, 7, 7, 7, 7, 7, 7, 7, 7, 7, 7, 3, 7, 7, 7, 7, 7, 7, 7, 7, 7, 7, 7, 7, 7, 7, 1, 1, 7, 8, 1, 7, 7, 1, 1, 1, 1, 1, 1, 7, 1, 1, 1, 1, 1, 7, 7, 1, 1, 7, 1, 1, 1, 1, 6, 9, 9, 9, 9, 9, 9, 1, 9, 1, 10, 1, 1, 11, 1, 11, 12, 13, 13, 11, 13, 13, 13, 14, 13, 13, 13, 13, 14, 4, 12, 11, 11, 12, 12, 12, 14, 11, 3, 12, 12, 12, 12, 12, 12, 11, 12, 12, 12, 12, 12, 12, 12, 12, 12, 11, 11, 12, 12, 12, 12, 12, 12, 12, 12, 12, 12, 12, 11, 12, 12, 11, 12, 12, 12, 12, 12, 12, 11, 12, 12, 12, 12, 12, 1, 11, 12, 12, 12, 12, 12, 12, 11, 11, 11, 11, 11, 11, 12, 11, 11, 11, 12, 12, 12, 7, 7, 7, 7, 7, 7, 1, 4, 4, 1, 4, 14, 14, 14, 14, 14, 14, 14, 13, 15, 15, 15, 15, 15, 15, 15, 15, 15, 15, 15, 15, 15, 15, 15, 16, 15, 15, 15, 15, 15, 15, 16, 2, 15, 16, 15, 15, 16, 15, 15, 15, 17, 16, 15, 4, 4, 3, 4, 11, 11, 11, 11, 11, 11, 2, 16, 11, 11, 11, 3, 3, 4, 18, 4, 4, 0, 4, 4, 4, 4, 5, 11, 11, 11, 11, 11, 11, 11, 11, 14, 11, 11, 14, 11, 4, 3, 11, 1, 9, 14, 11, 11, 11, 11, 4, 4, 14, 5, 4, 4, 4, 4, 14, 4, 4, 4, 9, 9, 11, 9, 9, 9, 9, 4, 9, 9, 9, 17, 17, 17, 17, 17, 5, 17, 17, 17, 17, 17, 17, 17, 1, 17, 11, 11, 11, 2, 11, 17, 11, 11, 14, 11, 11, 11, 11, 11, 11, 11, 11, 11, 11, 11, 3, 19, 3, 11, 11, 11, 11, 11, 11, 11, 4, 11, 4, 11, 11, 11, 11, 11, 3, 11, 11, 11, 19, 11, 11, 11, 11, 11, 17, 17, 17, 17, 1, 5, 3, 1, 1, 1, 1, 17, 17, 17, 1, 1, 1, 20, 20, 20, 20, 4, 19, 20, 20, 3, 2, 1, 0, 2, 2, 3, 3, 17, 3, 3, 3, 5, 3, 4, 1, 1, 1, 1, 1, 4, 4, 4, 4, 17, 17, 17, 17, 17, 17, 17, 17, 3, 3, 3, 3, 3, 17, 17, 0, 21, 17, 1, 17, 1, 1, 5, 3, 3, 3, 17, 17, 1, 1, 8, 5, 1, 1, 1, 3, 3, 17, 3, 3, 3, 3, 1, 1, 3, 3, 3, 3, 3, 3, 3, 3, 3, 2, 1, 1, 1, 1, 1, 1, 1, 3, 3, 17, 3, 3, 17, 1, 18, 18, 22, 18, 22, 18, 18, 18, 18, 18, 18, 18, 18, 18, 22, 18, 19, 18, 18, 18, 18, 18, 18, 1, 19, 19, 23, 19, 24, 4, 17, 24, 3, 11, 11, 20, 17, 2, 3, 17, 1, 17, 17, 22, 1, 17, 17, 7, 2, 2, 1, 2, 3, 5, 20, 3, 2, 2, 2, 14, 3, 17, 11, 11, 2, 2, 2, 7, 7, 7, 7, 7, 7, 7, 3, 24, 3, 3, 17, 3, 7, 23, 1, 25, 25, 25, 25, 25, 25, 25, 25, 25, 25, 25, 1, 1, 1, 1, 1, 1, 1, 1, 1, 1, 5, 1, 1, 1, 1, 17, 1, 7, 19, 3, 3, 3, 3, 5, 3, 3, 1, 1, 1, 1, 1, 1, 7, 1, 0, 1, 1, 3, 1, 3, 17, 17, 1, 2, 2, 2, 2, 1, 17, 1, 1, 1, 1, 2, 1, 1, 4, 4, 4, 2, 17, 4, 4, 11, 11, 11, 11, 11, 26, 14, 4, 11, 2, 8, 3, 3, 11, 11, 11, 14, 11, 11, 11, 11, 11, 11, 11, 11, 11, 4, 14, 12, 11, 12, 12, 12, 12, 1, 2, 2, 2, 2, 2, 1, 2, 2, 2, 2, 2, 2, 10, 27, 26, 27, 2, 10, 10, 2, 26, 10, 26, 10, 10, 26, 27, 27, 26, 2, 2, 2, 2, 2, 2, 2]"
xerces,22,seed22_solution025,seed22_solution025,0.32143781452192666,1.488034385758969,1.1150000594887974,0.4783380897587709,0.32143781452192666,-1.488034385758969,1.1150000594887974,True,False,"[0, 0, 0, 0, 0, 0, 0, 0, 0, 0, 0, 0, 0, 0, 1, 2, 0, 0, 0, 3, 2, 0, 4, 0, 0, 0, 3, 0, 0, 0, 0, 0, 0, 0, 0, 0, 0, 0, 0, 0, 0, 0, 0, 0, 0, 0, 0, 0, 0, 0, 0, 0, 0, 0, 0, 0, 0, 0, 0, 0, 0, 0, 0, 0, 0, 5, 0, 0, 6, 0, 0, 0, 0, 0, 0, 0, 0, 0, 0, 0, 0, 0, 0, 0, 0, 0, 0, 0, 0, 0, 0, 0, 0, 0, 0, 0, 0, 0, 0, 0, 7, 0, 8, 0, 0, 0, 7, 7, 7, 1, 1, 4, 0, 9, 4, 8, 4, 8, 4, 1, 8, 4, 8, 8, 4, 4, 8, 4, 8, 4, 8, 3, 4, 4, 4, 8, 4, 8, 4, 8, 8, 4, 4, 8, 4, 8, 1, 1, 4, 9, 1, 8, 4, 1, 1, 1, 1, 1, 1, 4, 1, 1, 1, 1, 1, 4, 8, 1, 1, 8, 1, 1, 1, 1, 1, 10, 10, 10, 10, 10, 10, 1, 10, 1, 1, 1, 1, 11, 1, 11, 12, 13, 13, 11, 13, 13, 13, 14, 13, 13, 13, 13, 14, 5, 12, 11, 11, 12, 12, 12, 12, 12, 12, 12, 12, 12, 12, 12, 12, 11, 12, 12, 12, 12, 12, 12, 12, 12, 12, 11, 11, 12, 12, 12, 12, 12, 12, 12, 12, 12, 12, 12, 11, 12, 12, 11, 12, 12, 12, 12, 12, 12, 11, 12, 12, 12, 12, 12, 1, 11, 12, 12, 12, 12, 12, 12, 11, 11, 11, 11, 11, 11, 12, 11, 11, 11, 12, 12, 12, 4, 8, 8, 8, 8, 8, 1, 6, 5, 1, 6, 14, 14, 14, 14, 14, 14, 14, 14, 14, 15, 15, 15, 15, 15, 15, 15, 15, 15, 15, 15, 15, 15, 16, 16, 15, 15, 15, 15, 15, 16, 15, 15, 15, 15, 15, 15, 15, 15, 15, 15, 16, 16, 15, 6, 6, 3, 6, 11, 11, 11, 11, 11, 11, 2, 16, 11, 11, 11, 3, 3, 5, 5, 6, 6, 5, 6, 5, 5, 5, 5, 11, 11, 11, 11, 11, 11, 11, 11, 11, 11, 11, 11, 11, 6, 3, 11, 1, 11, 11, 11, 11, 11, 11, 5, 6, 14, 6, 6, 6, 5, 6, 14, 6, 6, 6, 10, 10, 5, 10, 10, 10, 10, 5, 10, 10, 10, 17, 18, 19, 18, 18, 1, 17, 18, 17, 17, 17, 17, 18, 1, 18, 11, 11, 11, 2, 11, 17, 11, 11, 11, 11, 11, 11, 11, 11, 11, 11, 11, 11, 11, 11, 3, 17, 3, 11, 11, 11, 11, 11, 11, 11, 3, 11, 5, 11, 11, 11, 11, 11, 3, 11, 11, 11, 18, 11, 11, 11, 11, 11, 18, 18, 17, 17, 1, 1, 3, 1, 1, 1, 1, 18, 17, 18, 1, 1, 1, 18, 19, 18, 19, 18, 17, 18, 17, 3, 2, 1, 0, 2, 2, 3, 3, 18, 3, 3, 3, 3, 3, 6, 1, 1, 1, 1, 1, 5, 6, 5, 6, 18, 18, 18, 17, 17, 18, 17, 18, 3, 3, 3, 3, 3, 18, 17, 0, 20, 17, 1, 18, 1, 1, 3, 3, 3, 3, 17, 18, 1, 1, 20, 1, 1, 1, 1, 3, 3, 18, 3, 3, 3, 3, 1, 1, 3, 3, 3, 3, 3, 3, 3, 3, 3, 2, 1, 1, 1, 1, 1, 1, 1, 2, 3, 18, 3, 3, 17, 1, 21, 21, 20, 20, 20, 20, 21, 21, 20, 21, 22, 21, 21, 22, 21, 21, 21, 22, 22, 21, 21, 21, 20, 1, 21, 21, 21, 21, 19, 3, 18, 22, 3, 11, 11, 18, 19, 2, 3, 17, 1, 17, 17, 20, 1, 17, 19, 8, 2, 2, 1, 2, 3, 2, 19, 3, 2, 2, 2, 2, 3, 18, 11, 11, 2, 2, 2, 4, 8, 4, 4, 4, 8, 4, 3, 22, 3, 3, 18, 3, 4, 23, 1, 23, 24, 23, 24, 24, 23, 23, 23, 23, 23, 23, 1, 1, 1, 1, 1, 1, 1, 1, 1, 1, 1, 1, 1, 1, 1, 17, 1, 8, 17, 3, 3, 3, 3, 3, 3, 3, 1, 1, 1, 1, 1, 1, 4, 1, 0, 1, 1, 3, 1, 3, 17, 18, 1, 2, 2, 2, 2, 1, 18, 1, 1, 1, 1, 2, 1, 1, 6, 6, 5, 3, 18, 6, 5, 11, 11, 11, 11, 11, 25, 11, 5, 11, 11, 5, 3, 3, 11, 11, 11, 11, 11, 11, 11, 11, 11, 11, 11, 11, 11, 5, 14, 12, 11, 12, 12, 12, 12, 1, 2, 2, 2, 2, 2, 2, 2, 2, 2, 2, 2, 2, 25, 6, 25, 26, 2, 4, 4, 2, 24, 26, 26, 26, 25, 25, 27, 26, 25, 2, 2, 2, 2, 2, 2, 2]"
xerces,22,seed22_solution026,seed22_solution026,0.32779295470884257,3.7837602391584495,1.0953671333537507,0.5067202087572689,0.32779295470884257,-3.7837602391584495,1.0953671333537507,True,False,"[0, 0, 0, 0, 0, 0, 0, 0, 0, 0, 0, 0, 1, 0, 2, 3, 0, 0, 0, 4, 3, 0, 0, 0, 0, 0, 4, 0, 0, 0, 0, 0, 0, 0, 0, 0, 0, 0, 0, 0, 0, 0, 5, 0, 0, 0, 0, 0, 0, 0, 0, 0, 0, 0, 0, 0, 0, 0, 0, 0, 0, 0, 0, 0, 0, 6, 0, 0, 6, 0, 0, 0, 0, 0, 0, 0, 0, 0, 0, 0, 0, 0, 0, 0, 0, 0, 0, 0, 0, 0, 0, 0, 0, 0, 0, 0, 0, 0, 0, 0, 7, 0, 8, 0, 0, 0, 7, 7, 7, 2, 2, 9, 0, 9, 9, 9, 10, 9, 10, 2, 9, 9, 9, 10, 10, 9, 9, 9, 9, 10, 10, 4, 9, 10, 9, 9, 10, 9, 10, 10, 9, 9, 10, 9, 9, 9, 2, 2, 9, 10, 2, 9, 8, 2, 2, 2, 2, 2, 2, 8, 2, 2, 2, 2, 2, 4, 9, 2, 2, 9, 2, 2, 2, 2, 2, 1, 1, 1, 1, 1, 1, 2, 1, 2, 2, 2, 2, 11, 2, 11, 12, 13, 14, 14, 13, 13, 13, 14, 13, 13, 13, 13, 13, 6, 12, 11, 14, 12, 12, 12, 12, 12, 12, 12, 12, 12, 12, 12, 12, 11, 12, 12, 12, 12, 12, 12, 12, 12, 12, 11, 11, 12, 12, 12, 12, 12, 12, 12, 12, 12, 12, 12, 11, 12, 12, 11, 12, 12, 12, 12, 12, 12, 11, 12, 12, 7, 12, 12, 2, 11, 12, 13, 12, 12, 12, 12, 11, 11, 11, 14, 11, 11, 12, 14, 11, 11, 12, 12, 12, 10, 8, 10, 9, 9, 9, 2, 6, 6, 2, 6, 14, 14, 13, 14, 14, 14, 14, 13, 14, 15, 15, 15, 15, 16, 15, 16, 15, 15, 15, 15, 16, 15, 15, 15, 15, 15, 15, 15, 15, 16, 17, 15, 16, 15, 15, 15, 16, 16, 16, 15, 16, 16, 16, 4, 6, 4, 6, 11, 11, 11, 11, 11, 11, 3, 16, 11, 13, 11, 3, 4, 6, 6, 6, 6, 6, 6, 6, 6, 6, 6, 11, 11, 11, 11, 11, 11, 11, 11, 11, 11, 11, 11, 11, 6, 4, 11, 2, 11, 11, 11, 11, 11, 11, 6, 6, 14, 6, 6, 6, 6, 6, 15, 6, 6, 6, 1, 1, 14, 1, 1, 1, 1, 6, 1, 1, 1, 18, 18, 19, 4, 18, 2, 18, 18, 18, 18, 19, 19, 18, 2, 18, 11, 11, 14, 3, 11, 18, 11, 11, 14, 11, 11, 11, 11, 11, 11, 11, 11, 11, 11, 11, 4, 19, 3, 11, 11, 11, 14, 11, 11, 11, 4, 11, 6, 11, 14, 14, 11, 11, 4, 14, 14, 14, 11, 11, 11, 14, 11, 14, 18, 18, 18, 18, 2, 2, 4, 2, 2, 2, 2, 20, 18, 18, 2, 2, 2, 19, 20, 19, 15, 20, 19, 18, 19, 4, 3, 2, 0, 3, 3, 4, 4, 19, 4, 4, 4, 4, 4, 6, 2, 2, 2, 2, 2, 6, 6, 6, 6, 18, 18, 19, 19, 19, 18, 18, 19, 4, 4, 4, 4, 4, 19, 19, 0, 20, 19, 2, 18, 2, 2, 4, 4, 4, 4, 18, 18, 2, 2, 21, 2, 2, 2, 2, 4, 4, 18, 4, 4, 4, 4, 2, 3, 4, 4, 4, 4, 4, 4, 4, 4, 4, 3, 2, 2, 2, 2, 2, 2, 2, 3, 4, 19, 4, 4, 18, 2, 22, 22, 22, 5, 22, 22, 22, 5, 22, 22, 22, 22, 22, 9, 22, 22, 5, 22, 5, 22, 5, 22, 22, 2, 5, 5, 5, 5, 23, 4, 18, 23, 4, 11, 11, 19, 18, 3, 4, 18, 2, 18, 18, 4, 2, 18, 19, 9, 3, 3, 2, 3, 4, 3, 19, 4, 3, 3, 3, 3, 4, 18, 11, 11, 3, 3, 3, 9, 9, 9, 10, 10, 9, 9, 4, 23, 4, 4, 18, 4, 9, 24, 2, 25, 25, 25, 25, 25, 25, 25, 25, 25, 25, 25, 2, 2, 2, 2, 2, 2, 2, 2, 2, 2, 2, 2, 2, 2, 2, 18, 2, 10, 18, 4, 4, 4, 4, 4, 4, 4, 2, 2, 2, 2, 2, 2, 9, 2, 0, 2, 2, 4, 2, 4, 18, 19, 2, 3, 3, 3, 3, 2, 18, 2, 16, 2, 2, 3, 2, 2, 6, 6, 6, 4, 19, 6, 6, 14, 11, 11, 11, 14, 17, 11, 6, 11, 11, 6, 4, 4, 11, 14, 14, 14, 11, 11, 11, 11, 11, 11, 11, 13, 11, 6, 14, 12, 11, 12, 12, 12, 12, 2, 3, 3, 3, 3, 3, 3, 3, 3, 3, 3, 3, 3, 15, 26, 27, 27, 3, 26, 26, 3, 27, 28, 28, 26, 28, 26, 28, 28, 28, 3, 3, 3, 3, 3, 3, 3]"
xerces,22,seed22_solution028,seed22_solution028,0.3438677210639827,2.2769705993356153,1.0696994120861805,0.48837639140317124,0.3438677210639827,-2.2769705993356153,1.0696994120861805,True,False,"[0, 0, 0, 0, 0, 0, 0, 0, 0, 0, 0, 0, 0, 0, 1, 2, 0, 0, 0, 3, 2, 0, 0, 0, 0, 0, 3, 0, 0, 0, 0, 0, 0, 0, 0, 0, 0, 0, 0, 0, 0, 0, 0, 0, 0, 0, 0, 0, 0, 0, 0, 0, 0, 0, 0, 0, 0, 0, 0, 0, 0, 0, 0, 0, 0, 4, 0, 0, 4, 0, 0, 0, 0, 0, 0, 0, 0, 0, 0, 0, 0, 0, 0, 0, 0, 0, 0, 0, 0, 0, 0, 0, 0, 0, 0, 0, 0, 0, 0, 0, 5, 0, 6, 0, 0, 0, 5, 5, 5, 1, 1, 7, 8, 9, 7, 7, 7, 7, 7, 1, 7, 7, 7, 7, 7, 7, 7, 7, 7, 7, 7, 3, 7, 7, 7, 7, 7, 7, 7, 7, 7, 7, 7, 7, 7, 7, 1, 1, 7, 7, 1, 7, 7, 1, 1, 1, 1, 1, 1, 7, 1, 1, 1, 1, 1, 7, 7, 1, 1, 7, 1, 1, 1, 1, 1, 10, 10, 10, 10, 10, 10, 1, 10, 1, 1, 1, 1, 11, 12, 11, 12, 8, 13, 13, 8, 13, 8, 13, 8, 8, 8, 8, 13, 4, 12, 13, 13, 12, 12, 12, 12, 12, 12, 12, 12, 12, 12, 12, 12, 11, 12, 12, 12, 12, 12, 12, 12, 12, 12, 13, 11, 12, 12, 12, 12, 12, 12, 12, 12, 12, 12, 12, 11, 12, 12, 11, 12, 12, 12, 12, 12, 12, 13, 12, 12, 12, 12, 12, 1, 11, 12, 12, 12, 12, 12, 12, 13, 11, 11, 13, 13, 13, 12, 13, 11, 11, 12, 12, 12, 7, 7, 7, 7, 7, 7, 1, 4, 4, 1, 4, 13, 14, 8, 14, 1, 13, 8, 8, 13, 14, 14, 15, 14, 15, 16, 14, 14, 14, 14, 14, 15, 14, 15, 14, 14, 15, 15, 15, 15, 15, 15, 14, 15, 15, 14, 15, 15, 15, 15, 14, 15, 15, 15, 4, 4, 3, 4, 11, 11, 11, 13, 11, 11, 2, 15, 11, 13, 11, 3, 3, 4, 4, 4, 4, 4, 4, 4, 4, 4, 4, 11, 11, 11, 11, 11, 13, 11, 11, 13, 11, 11, 13, 11, 4, 3, 11, 1, 11, 11, 11, 11, 11, 11, 4, 4, 15, 4, 4, 4, 4, 4, 14, 4, 4, 4, 10, 10, 13, 10, 10, 10, 10, 4, 10, 10, 10, 16, 16, 16, 16, 16, 1, 16, 16, 16, 16, 16, 17, 16, 1, 16, 11, 11, 11, 2, 11, 16, 13, 11, 13, 11, 11, 11, 11, 11, 13, 13, 11, 11, 11, 11, 3, 17, 3, 11, 13, 11, 13, 11, 11, 11, 3, 11, 4, 11, 13, 13, 11, 11, 3, 13, 13, 13, 13, 11, 11, 13, 13, 13, 16, 16, 18, 17, 1, 1, 3, 1, 1, 1, 1, 16, 16, 16, 1, 1, 1, 17, 17, 17, 17, 18, 17, 14, 13, 3, 2, 1, 0, 2, 2, 3, 3, 16, 3, 3, 3, 3, 3, 4, 1, 1, 1, 1, 1, 4, 4, 4, 4, 17, 17, 16, 16, 17, 16, 16, 16, 3, 3, 3, 3, 3, 16, 17, 0, 18, 17, 1, 16, 1, 1, 3, 3, 3, 3, 18, 16, 1, 1, 19, 1, 1, 1, 1, 3, 3, 16, 3, 3, 3, 3, 1, 2, 3, 3, 3, 3, 3, 3, 3, 3, 3, 2, 1, 1, 1, 1, 1, 1, 1, 2, 3, 18, 3, 3, 18, 1, 20, 20, 20, 21, 20, 20, 21, 21, 20, 20, 20, 20, 21, 21, 20, 21, 21, 20, 21, 20, 21, 20, 20, 1, 22, 21, 21, 21, 22, 3, 17, 22, 3, 11, 11, 17, 17, 2, 3, 16, 1, 17, 16, 3, 1, 17, 17, 7, 2, 2, 1, 2, 3, 2, 17, 3, 2, 2, 2, 2, 3, 16, 11, 11, 2, 2, 2, 7, 7, 7, 7, 7, 7, 7, 3, 22, 3, 3, 16, 3, 7, 23, 1, 24, 24, 24, 24, 24, 24, 24, 24, 24, 24, 24, 1, 1, 1, 1, 1, 1, 1, 1, 1, 1, 1, 1, 1, 1, 1, 1, 1, 7, 17, 3, 3, 3, 3, 3, 3, 3, 1, 1, 1, 1, 1, 1, 7, 1, 0, 1, 1, 1, 1, 3, 16, 17, 1, 2, 2, 2, 2, 1, 16, 1, 1, 1, 1, 2, 1, 1, 4, 4, 4, 3, 17, 4, 4, 13, 13, 13, 11, 13, 25, 13, 4, 11, 11, 4, 3, 3, 11, 13, 13, 13, 11, 13, 11, 11, 11, 11, 11, 11, 11, 4, 13, 12, 11, 12, 12, 12, 12, 1, 2, 2, 2, 2, 2, 2, 2, 2, 2, 2, 0, 2, 14, 26, 26, 27, 2, 6, 27, 2, 6, 26, 26, 26, 26, 6, 26, 26, 26, 2, 2, 2, 2, 2, 2, 2]"
xerces,22,seed22_solution029,seed22_solution029,0.3534723220704529,8.354937439350875,1.1188496955621565,0.5047435073248606,0.3534723220704529,-8.354937439350875,1.1188496955621565,True,False,"[0, 0, 0, 0, 0, 0, 0, 0, 0, 0, 0, 0, 0, 0, 1, 2, 0, 0, 0, 3, 2, 0, 0, 0, 0, 0, 3, 0, 0, 0, 0, 0, 0, 0, 0, 0, 0, 0, 0, 0, 0, 0, 0, 0, 0, 0, 0, 0, 0, 0, 0, 0, 0, 0, 0, 0, 0, 0, 0, 0, 0, 0, 0, 0, 0, 4, 0, 0, 4, 0, 0, 0, 0, 0, 0, 0, 0, 0, 0, 0, 0, 0, 0, 0, 0, 0, 0, 0, 0, 0, 0, 0, 0, 0, 0, 0, 0, 0, 0, 0, 5, 0, 6, 0, 0, 0, 5, 5, 5, 1, 1, 7, 0, 8, 7, 7, 7, 7, 7, 1, 7, 7, 7, 7, 7, 7, 7, 7, 7, 7, 7, 3, 7, 7, 7, 7, 7, 7, 7, 7, 7, 7, 7, 7, 7, 7, 1, 1, 7, 8, 1, 7, 7, 1, 1, 1, 1, 1, 1, 7, 1, 1, 1, 1, 1, 7, 7, 1, 1, 7, 1, 1, 1, 1, 6, 9, 9, 9, 9, 9, 9, 1, 9, 1, 1, 1, 1, 10, 1, 9, 11, 12, 12, 9, 12, 13, 12, 13, 14, 12, 12, 12, 13, 4, 11, 10, 10, 11, 11, 11, 11, 11, 11, 11, 11, 12, 11, 11, 11, 10, 12, 11, 11, 11, 11, 12, 11, 11, 11, 10, 11, 11, 11, 11, 11, 11, 11, 11, 11, 12, 11, 11, 10, 11, 11, 11, 11, 12, 11, 11, 11, 11, 10, 11, 11, 11, 11, 11, 1, 9, 11, 11, 11, 11, 11, 11, 10, 10, 11, 13, 10, 10, 11, 11, 10, 11, 11, 11, 11, 7, 7, 7, 7, 7, 7, 1, 4, 4, 1, 4, 13, 13, 13, 13, 13, 13, 13, 13, 13, 14, 14, 13, 13, 14, 14, 14, 14, 14, 14, 14, 14, 14, 15, 16, 14, 14, 14, 14, 16, 14, 14, 14, 14, 14, 14, 14, 13, 14, 14, 14, 13, 16, 15, 4, 4, 3, 4, 10, 10, 10, 10, 10, 10, 2, 16, 10, 10, 10, 3, 3, 4, 4, 4, 4, 4, 4, 4, 4, 4, 4, 11, 10, 9, 10, 9, 13, 11, 11, 10, 10, 10, 10, 10, 4, 3, 10, 1, 11, 10, 11, 10, 9, 10, 4, 4, 13, 4, 4, 4, 4, 4, 14, 4, 4, 4, 9, 9, 10, 10, 9, 10, 9, 4, 9, 9, 9, 15, 16, 17, 15, 15, 1, 15, 16, 15, 15, 15, 17, 15, 1, 16, 10, 10, 10, 2, 10, 15, 13, 11, 10, 9, 10, 10, 10, 10, 10, 10, 10, 10, 10, 10, 3, 16, 3, 11, 10, 10, 10, 10, 10, 10, 4, 11, 4, 10, 11, 10, 10, 10, 3, 13, 9, 10, 17, 11, 10, 10, 10, 10, 16, 15, 16, 15, 1, 1, 3, 1, 1, 1, 1, 15, 16, 15, 1, 1, 1, 17, 18, 17, 17, 18, 17, 16, 18, 3, 2, 1, 0, 2, 2, 3, 3, 17, 3, 3, 3, 3, 3, 4, 1, 1, 1, 1, 1, 4, 4, 4, 4, 15, 18, 15, 16, 15, 15, 17, 16, 3, 3, 3, 3, 3, 16, 15, 0, 18, 15, 1, 15, 1, 1, 3, 3, 3, 3, 15, 16, 1, 1, 19, 1, 1, 1, 1, 3, 3, 15, 3, 3, 3, 3, 1, 1, 3, 3, 3, 3, 3, 3, 3, 3, 3, 2, 1, 1, 1, 1, 1, 1, 1, 3, 3, 15, 3, 3, 15, 1, 20, 21, 21, 20, 20, 20, 20, 20, 20, 20, 21, 20, 20, 21, 21, 20, 21, 21, 21, 20, 20, 20, 20, 1, 17, 17, 17, 17, 21, 3, 15, 22, 3, 10, 10, 17, 16, 2, 3, 16, 1, 15, 17, 21, 1, 15, 17, 7, 2, 2, 1, 2, 3, 2, 15, 3, 2, 2, 2, 2, 3, 17, 10, 10, 2, 2, 2, 7, 7, 7, 7, 7, 7, 7, 3, 22, 3, 3, 15, 3, 7, 23, 1, 24, 24, 24, 24, 24, 24, 24, 24, 24, 24, 24, 1, 1, 1, 1, 1, 1, 1, 1, 1, 1, 1, 1, 1, 1, 1, 17, 1, 7, 16, 3, 3, 3, 3, 3, 3, 3, 1, 1, 1, 1, 1, 1, 7, 1, 0, 1, 1, 3, 1, 3, 16, 15, 1, 2, 2, 2, 2, 1, 15, 1, 1, 1, 1, 2, 1, 1, 4, 4, 4, 3, 17, 4, 4, 9, 10, 11, 11, 10, 25, 10, 4, 10, 10, 4, 3, 3, 10, 10, 10, 10, 11, 10, 10, 9, 10, 9, 10, 10, 10, 4, 9, 11, 10, 11, 11, 11, 12, 1, 2, 2, 2, 2, 2, 2, 2, 2, 2, 2, 2, 2, 26, 27, 25, 27, 2, 26, 26, 2, 28, 28, 28, 28, 25, 25, 27, 6, 25, 2, 2, 2, 2, 2, 2, 2]"
xerces,22,seed22_solution030,seed22_solution030,0.36123652048885696,8.298034351819545,1.1115892953016808,0.5097080194200229,0.36123652048885696,-8.298034351819545,1.1115892953016808,True,False,"[0, 0, 0, 0, 0, 0, 0, 0, 0, 0, 0, 0, 0, 0, 1, 2, 0, 0, 0, 3, 2, 0, 0, 0, 0, 0, 3, 0, 0, 0, 0, 0, 0, 0, 0, 0, 0, 0, 0, 0, 0, 0, 0, 0, 0, 0, 0, 0, 0, 0, 0, 0, 0, 0, 0, 0, 0, 0, 0, 0, 0, 0, 0, 0, 0, 4, 0, 0, 4, 0, 0, 0, 0, 0, 0, 0, 0, 0, 0, 0, 0, 0, 0, 0, 0, 0, 0, 0, 0, 0, 0, 0, 0, 0, 0, 0, 0, 0, 0, 0, 5, 0, 6, 0, 0, 0, 5, 5, 5, 1, 1, 7, 0, 8, 7, 7, 7, 7, 7, 1, 7, 7, 7, 7, 7, 7, 7, 7, 7, 7, 7, 3, 7, 7, 7, 7, 7, 7, 7, 7, 7, 7, 7, 7, 7, 7, 1, 1, 7, 8, 1, 7, 7, 1, 1, 1, 1, 1, 1, 7, 1, 1, 1, 1, 1, 7, 7, 1, 1, 7, 1, 1, 1, 1, 6, 9, 9, 9, 9, 9, 9, 1, 9, 1, 1, 1, 1, 10, 1, 9, 11, 12, 12, 9, 12, 13, 12, 13, 14, 12, 12, 12, 13, 4, 11, 10, 10, 11, 11, 11, 11, 11, 11, 11, 11, 12, 11, 11, 11, 10, 12, 11, 11, 11, 11, 12, 11, 11, 11, 10, 11, 11, 11, 11, 11, 11, 11, 11, 11, 12, 11, 11, 10, 11, 11, 11, 11, 12, 11, 11, 11, 11, 10, 11, 11, 11, 11, 11, 1, 9, 11, 11, 11, 11, 11, 11, 10, 10, 11, 13, 10, 10, 11, 11, 10, 11, 11, 11, 11, 7, 7, 7, 7, 7, 7, 1, 4, 4, 1, 4, 13, 13, 13, 13, 13, 13, 13, 13, 13, 14, 14, 13, 13, 14, 14, 14, 14, 14, 14, 14, 14, 14, 15, 16, 14, 14, 14, 14, 16, 14, 14, 14, 14, 14, 14, 14, 13, 14, 14, 14, 13, 16, 15, 4, 4, 3, 4, 10, 10, 10, 10, 10, 10, 2, 16, 10, 10, 10, 3, 3, 4, 4, 4, 4, 4, 4, 4, 4, 4, 4, 11, 10, 9, 10, 9, 13, 11, 11, 10, 10, 10, 10, 10, 4, 3, 10, 1, 11, 10, 11, 10, 9, 10, 4, 4, 13, 4, 4, 4, 4, 4, 14, 4, 4, 4, 9, 9, 10, 10, 9, 10, 9, 4, 9, 9, 9, 15, 16, 17, 15, 15, 1, 15, 16, 15, 15, 15, 17, 15, 1, 16, 10, 10, 10, 2, 10, 15, 13, 11, 10, 9, 10, 10, 10, 18, 10, 10, 10, 10, 10, 10, 3, 16, 3, 11, 10, 10, 10, 10, 10, 10, 4, 11, 4, 10, 11, 10, 10, 10, 3, 13, 9, 10, 17, 11, 10, 10, 10, 10, 16, 15, 16, 15, 1, 1, 3, 1, 1, 1, 1, 15, 16, 15, 1, 1, 1, 17, 18, 17, 17, 18, 17, 16, 18, 3, 2, 1, 0, 2, 2, 3, 3, 17, 3, 3, 3, 3, 3, 4, 1, 1, 1, 1, 1, 4, 4, 4, 4, 15, 18, 15, 16, 15, 15, 17, 16, 3, 3, 3, 3, 3, 16, 15, 0, 18, 15, 1, 15, 1, 1, 3, 3, 3, 3, 15, 16, 1, 1, 19, 1, 1, 1, 1, 3, 3, 15, 3, 3, 3, 3, 1, 1, 3, 3, 3, 3, 3, 3, 3, 3, 3, 2, 1, 1, 1, 1, 1, 1, 1, 3, 3, 15, 3, 3, 15, 1, 20, 21, 21, 20, 20, 20, 20, 20, 20, 20, 21, 20, 20, 21, 21, 20, 21, 21, 21, 20, 20, 20, 20, 1, 17, 17, 17, 17, 21, 3, 15, 22, 3, 10, 10, 17, 16, 2, 3, 16, 1, 15, 17, 21, 1, 15, 17, 7, 2, 2, 23, 2, 3, 2, 15, 3, 2, 2, 2, 2, 3, 17, 10, 10, 2, 2, 2, 7, 7, 7, 7, 7, 7, 7, 3, 22, 3, 3, 15, 3, 7, 24, 1, 25, 25, 25, 25, 25, 25, 25, 25, 25, 25, 25, 1, 1, 1, 1, 1, 1, 1, 1, 1, 1, 1, 1, 1, 1, 1, 17, 1, 7, 16, 3, 3, 3, 3, 3, 3, 3, 1, 1, 1, 1, 1, 1, 7, 1, 0, 1, 1, 3, 1, 3, 16, 15, 1, 2, 2, 2, 2, 1, 15, 1, 1, 1, 1, 2, 1, 1, 4, 4, 4, 3, 17, 4, 4, 9, 10, 11, 11, 10, 26, 10, 4, 10, 10, 4, 3, 3, 10, 10, 10, 10, 11, 10, 10, 9, 10, 9, 10, 10, 10, 4, 9, 11, 10, 11, 11, 11, 12, 1, 2, 2, 2, 2, 2, 2, 2, 2, 2, 2, 2, 2, 23, 27, 26, 27, 2, 23, 23, 2, 28, 28, 28, 28, 26, 26, 27, 6, 26, 2, 2, 2, 2, 2, 2, 2]"
xerces,22,seed22_solution031,seed22_solution031,0.37322789360172537,0.9128354042924886,1.040420874448946,0.5551572334195545,0.37322789360172537,-0.9128354042924886,1.040420874448946,True,False,"[0, 0, 0, 0, 0, 0, 0, 0, 0, 0, 1, 0, 0, 0, 1, 2, 0, 0, 0, 3, 2, 0, 0, 0, 0, 0, 3, 0, 0, 0, 0, 0, 0, 0, 0, 0, 0, 0, 0, 0, 0, 0, 0, 0, 0, 0, 0, 0, 0, 0, 0, 0, 0, 0, 0, 0, 0, 0, 0, 0, 0, 0, 0, 0, 0, 4, 0, 0, 4, 0, 0, 0, 0, 0, 0, 0, 0, 0, 0, 0, 0, 0, 0, 0, 0, 0, 0, 0, 0, 0, 0, 0, 0, 0, 0, 0, 0, 0, 0, 0, 5, 0, 6, 0, 0, 0, 5, 5, 4, 1, 1, 7, 0, 8, 7, 7, 7, 7, 7, 1, 7, 7, 7, 7, 7, 7, 7, 7, 7, 7, 7, 3, 7, 7, 7, 7, 7, 7, 7, 7, 7, 7, 7, 7, 7, 7, 1, 1, 7, 8, 1, 7, 7, 1, 1, 1, 1, 1, 1, 7, 1, 1, 1, 1, 1, 7, 7, 1, 1, 7, 1, 1, 1, 1, 6, 9, 9, 9, 9, 9, 9, 1, 9, 1, 10, 1, 1, 11, 1, 11, 11, 12, 12, 10, 12, 12, 12, 13, 14, 14, 14, 14, 12, 4, 14, 11, 11, 11, 14, 11, 13, 11, 3, 11, 11, 11, 14, 11, 11, 11, 14, 11, 14, 11, 11, 14, 11, 14, 14, 10, 10, 11, 11, 14, 14, 11, 14, 11, 14, 14, 11, 14, 10, 14, 11, 11, 11, 11, 14, 11, 14, 14, 10, 11, 11, 14, 14, 14, 1, 11, 14, 11, 11, 14, 14, 11, 10, 11, 10, 11, 11, 10, 14, 10, 10, 11, 14, 14, 14, 7, 7, 7, 7, 7, 7, 1, 4, 4, 1, 4, 13, 13, 12, 12, 13, 13, 12, 12, 15, 15, 15, 13, 15, 15, 13, 13, 15, 15, 15, 15, 15, 15, 15, 16, 13, 15, 15, 15, 13, 15, 13, 2, 13, 13, 13, 13, 16, 13, 13, 13, 13, 15, 13, 4, 4, 3, 4, 10, 10, 10, 11, 10, 10, 2, 15, 10, 10, 11, 3, 3, 4, 4, 4, 4, 0, 4, 4, 4, 4, 4, 10, 10, 10, 10, 10, 11, 11, 11, 13, 10, 10, 10, 10, 4, 3, 10, 1, 10, 12, 10, 10, 11, 10, 4, 4, 13, 4, 4, 4, 4, 4, 12, 4, 4, 4, 9, 9, 10, 9, 9, 9, 9, 4, 9, 9, 9, 17, 16, 16, 16, 16, 5, 17, 17, 16, 16, 16, 16, 16, 1, 16, 10, 11, 11, 2, 11, 16, 11, 10, 13, 10, 11, 11, 10, 11, 11, 10, 10, 10, 11, 10, 3, 16, 3, 10, 10, 11, 11, 11, 10, 10, 4, 11, 4, 11, 10, 10, 10, 10, 3, 11, 10, 11, 17, 10, 11, 11, 10, 11, 16, 17, 16, 16, 1, 1, 3, 1, 1, 1, 1, 16, 17, 17, 1, 1, 1, 18, 18, 18, 18, 19, 20, 19, 18, 3, 2, 1, 0, 2, 2, 3, 3, 17, 3, 3, 3, 5, 3, 4, 1, 1, 1, 1, 1, 4, 4, 4, 4, 16, 16, 17, 16, 17, 16, 16, 17, 3, 3, 3, 3, 3, 17, 16, 0, 20, 17, 1, 17, 1, 1, 3, 3, 3, 3, 17, 16, 1, 1, 18, 5, 1, 1, 1, 3, 3, 16, 3, 3, 3, 3, 1, 1, 3, 3, 3, 3, 3, 3, 3, 3, 3, 2, 1, 1, 1, 1, 1, 1, 1, 3, 3, 16, 3, 3, 17, 1, 19, 21, 22, 19, 22, 19, 21, 19, 21, 19, 19, 21, 21, 19, 22, 19, 17, 21, 19, 21, 21, 19, 21, 1, 20, 20, 17, 20, 17, 3, 17, 22, 3, 11, 10, 18, 16, 2, 3, 17, 1, 16, 17, 22, 1, 16, 17, 7, 2, 2, 1, 2, 3, 5, 19, 3, 2, 2, 2, 2, 3, 16, 10, 11, 2, 2, 2, 7, 7, 7, 7, 7, 7, 7, 3, 23, 3, 3, 17, 3, 7, 24, 1, 25, 23, 25, 23, 25, 23, 23, 23, 23, 23, 23, 1, 1, 1, 1, 1, 1, 1, 1, 1, 1, 1, 1, 1, 1, 1, 16, 1, 7, 20, 3, 3, 3, 3, 3, 3, 3, 1, 1, 1, 1, 1, 1, 7, 1, 0, 1, 1, 3, 1, 3, 16, 16, 1, 2, 2, 2, 2, 1, 17, 1, 1, 1, 1, 2, 1, 1, 4, 4, 4, 2, 17, 4, 4, 10, 10, 11, 10, 11, 25, 13, 4, 11, 10, 4, 3, 3, 10, 11, 10, 13, 11, 10, 10, 10, 10, 10, 11, 10, 10, 4, 10, 14, 10, 14, 11, 14, 11, 1, 2, 2, 2, 2, 2, 1, 2, 2, 2, 2, 2, 2, 26, 27, 26, 27, 2, 26, 26, 2, 25, 10, 25, 25, 25, 25, 27, 27, 25, 2, 2, 2, 2, 2, 2, 2]"
xerces,22,seed22_solution032,seed22_solution032,0.39985621854780734,8.261660020954212,1.0704708841071677,0.5562237089699207,0.39985621854780734,-8.261660020954212,1.0704708841071677,True,False,"[0, 0, 0, 0, 0, 0, 0, 0, 0, 0, 0, 0, 0, 0, 1, 2, 0, 0, 0, 3, 2, 0, 0, 0, 0, 0, 3, 0, 0, 0, 0, 0, 0, 0, 0, 0, 0, 0, 0, 0, 0, 0, 0, 0, 0, 0, 0, 0, 0, 0, 0, 0, 0, 0, 0, 0, 0, 0, 0, 0, 0, 0, 0, 0, 0, 4, 0, 0, 4, 0, 0, 0, 0, 0, 0, 0, 0, 0, 0, 0, 0, 0, 0, 0, 0, 0, 0, 0, 0, 0, 0, 0, 0, 0, 0, 0, 0, 0, 0, 0, 5, 0, 6, 0, 0, 0, 5, 5, 5, 1, 1, 7, 0, 8, 7, 7, 7, 7, 7, 1, 7, 7, 7, 7, 7, 7, 7, 7, 7, 7, 7, 3, 7, 7, 7, 7, 7, 7, 7, 7, 7, 7, 7, 7, 7, 7, 1, 1, 7, 8, 1, 7, 7, 1, 1, 1, 1, 1, 1, 7, 1, 1, 1, 1, 1, 7, 7, 1, 1, 7, 1, 1, 1, 1, 6, 9, 10, 9, 9, 9, 9, 1, 9, 1, 1, 1, 1, 10, 1, 9, 11, 12, 12, 9, 12, 13, 12, 13, 14, 14, 12, 12, 13, 4, 11, 10, 13, 11, 11, 12, 11, 11, 11, 11, 11, 12, 11, 11, 11, 11, 12, 12, 11, 11, 12, 12, 11, 11, 11, 10, 11, 11, 11, 11, 12, 12, 11, 11, 11, 12, 11, 11, 10, 11, 11, 11, 12, 12, 11, 11, 11, 11, 9, 11, 11, 12, 12, 11, 1, 9, 11, 11, 11, 11, 11, 11, 10, 10, 11, 13, 10, 9, 11, 11, 11, 11, 11, 12, 11, 7, 7, 7, 7, 7, 7, 1, 4, 4, 1, 4, 13, 13, 14, 13, 14, 13, 14, 12, 13, 14, 15, 13, 13, 13, 14, 13, 13, 13, 14, 16, 16, 14, 16, 15, 14, 13, 14, 14, 15, 16, 13, 16, 14, 14, 14, 14, 13, 13, 16, 14, 13, 15, 16, 4, 4, 3, 4, 11, 9, 10, 13, 10, 10, 2, 15, 9, 10, 10, 3, 3, 4, 4, 4, 4, 4, 4, 4, 4, 4, 4, 11, 10, 9, 10, 9, 13, 11, 11, 10, 9, 10, 13, 10, 4, 3, 9, 1, 11, 14, 11, 10, 9, 10, 4, 4, 13, 4, 4, 4, 4, 4, 14, 4, 4, 4, 9, 9, 9, 10, 10, 10, 9, 4, 9, 10, 9, 17, 15, 17, 15, 15, 1, 15, 15, 15, 15, 15, 17, 15, 1, 15, 10, 11, 10, 2, 10, 15, 13, 11, 10, 9, 10, 10, 10, 10, 10, 10, 10, 10, 10, 10, 3, 15, 3, 11, 9, 9, 13, 11, 10, 10, 4, 11, 4, 9, 11, 11, 9, 10, 3, 13, 9, 10, 17, 11, 10, 10, 13, 9, 15, 17, 15, 18, 1, 1, 3, 1, 1, 1, 1, 15, 15, 15, 1, 1, 1, 19, 18, 19, 17, 18, 17, 15, 19, 3, 2, 1, 0, 2, 2, 3, 3, 17, 3, 3, 3, 3, 3, 4, 1, 1, 1, 1, 1, 4, 4, 4, 4, 15, 18, 15, 15, 17, 15, 17, 15, 3, 3, 3, 3, 3, 15, 17, 0, 18, 15, 1, 15, 1, 1, 3, 3, 3, 3, 19, 15, 1, 1, 20, 1, 1, 1, 1, 3, 3, 15, 3, 3, 3, 3, 1, 1, 3, 3, 3, 3, 3, 3, 3, 3, 3, 2, 1, 1, 1, 1, 1, 1, 1, 3, 3, 15, 3, 3, 15, 1, 20, 21, 21, 21, 20, 20, 21, 21, 20, 20, 21, 20, 20, 21, 21, 20, 17, 21, 21, 21, 20, 20, 20, 1, 17, 21, 17, 18, 21, 3, 15, 22, 3, 10, 9, 18, 15, 2, 3, 15, 1, 15, 17, 20, 1, 15, 17, 7, 2, 2, 1, 2, 3, 2, 18, 3, 2, 2, 2, 2, 3, 17, 10, 10, 2, 2, 2, 7, 7, 7, 7, 7, 7, 7, 3, 22, 3, 3, 17, 3, 7, 23, 1, 24, 24, 24, 24, 24, 24, 24, 24, 24, 24, 24, 1, 1, 1, 1, 1, 1, 1, 1, 1, 1, 1, 1, 1, 1, 1, 17, 1, 7, 15, 3, 3, 3, 3, 3, 3, 3, 1, 1, 1, 1, 1, 1, 7, 1, 0, 1, 1, 3, 1, 3, 15, 15, 1, 2, 2, 2, 2, 1, 15, 1, 1, 1, 1, 2, 1, 1, 4, 4, 4, 3, 17, 4, 4, 9, 9, 11, 11, 10, 25, 9, 4, 10, 11, 4, 3, 3, 10, 10, 13, 13, 11, 10, 10, 9, 11, 9, 10, 10, 10, 4, 9, 11, 9, 11, 11, 12, 12, 1, 2, 2, 2, 2, 2, 2, 2, 2, 2, 2, 2, 2, 26, 27, 25, 27, 2, 27, 27, 2, 28, 28, 28, 26, 26, 28, 27, 6, 26, 2, 2, 2, 2, 2, 2, 2]"
xerces,22,seed22_solution033,seed22_solution033,0.4006038820992092,8.25675352693035,1.0664565317608732,0.5568145529349678,0.4006038820992092,-8.25675352693035,1.0664565317608732,True,False,"[0, 0, 0, 0, 0, 0, 0, 0, 0, 0, 0, 0, 0, 0, 1, 2, 0, 0, 0, 3, 2, 0, 0, 0, 0, 0, 3, 0, 0, 0, 0, 0, 0, 0, 0, 0, 0, 0, 0, 0, 0, 0, 0, 0, 0, 0, 0, 0, 0, 0, 0, 0, 0, 0, 0, 0, 0, 0, 0, 0, 0, 0, 0, 0, 0, 4, 0, 0, 4, 0, 0, 0, 0, 0, 0, 0, 0, 0, 0, 0, 0, 0, 0, 0, 0, 0, 0, 0, 0, 0, 0, 0, 0, 0, 0, 0, 0, 0, 0, 0, 5, 0, 6, 0, 0, 0, 5, 5, 5, 1, 1, 7, 0, 8, 7, 7, 7, 7, 7, 1, 7, 7, 7, 7, 7, 7, 7, 7, 7, 7, 7, 3, 7, 7, 7, 7, 7, 7, 7, 7, 7, 7, 7, 7, 7, 7, 1, 1, 7, 8, 1, 7, 7, 1, 1, 1, 1, 1, 1, 7, 1, 1, 1, 1, 1, 7, 7, 1, 1, 7, 1, 1, 1, 1, 6, 9, 10, 9, 9, 9, 9, 1, 9, 1, 1, 1, 1, 10, 1, 9, 11, 12, 12, 9, 12, 13, 12, 13, 14, 14, 12, 12, 13, 4, 11, 10, 13, 11, 11, 12, 11, 11, 11, 11, 11, 12, 11, 11, 11, 11, 12, 12, 11, 11, 12, 12, 11, 11, 11, 10, 11, 11, 11, 11, 12, 12, 11, 11, 11, 12, 11, 11, 10, 11, 11, 11, 12, 12, 11, 11, 11, 11, 9, 11, 11, 12, 12, 11, 1, 9, 11, 11, 11, 11, 11, 11, 10, 10, 11, 13, 10, 9, 11, 11, 11, 11, 11, 12, 11, 7, 7, 7, 7, 7, 7, 1, 4, 4, 1, 4, 13, 13, 14, 13, 14, 13, 14, 12, 13, 14, 15, 13, 13, 13, 14, 13, 13, 13, 14, 16, 16, 14, 16, 15, 14, 13, 14, 14, 15, 16, 13, 16, 14, 14, 14, 14, 13, 13, 16, 14, 13, 15, 16, 4, 4, 3, 4, 11, 9, 10, 13, 10, 10, 2, 15, 9, 10, 10, 3, 3, 4, 4, 4, 4, 4, 4, 4, 4, 4, 4, 11, 10, 9, 10, 9, 13, 11, 11, 10, 9, 10, 13, 10, 4, 3, 9, 1, 11, 14, 11, 10, 9, 10, 4, 4, 13, 4, 4, 4, 4, 4, 14, 4, 4, 4, 9, 9, 9, 10, 10, 10, 9, 4, 9, 10, 9, 17, 15, 17, 15, 15, 1, 15, 15, 15, 15, 15, 17, 15, 1, 15, 10, 11, 10, 2, 10, 15, 13, 11, 10, 9, 10, 10, 10, 10, 10, 10, 10, 10, 10, 10, 3, 15, 3, 11, 9, 9, 13, 11, 10, 10, 4, 11, 4, 9, 11, 11, 9, 10, 3, 13, 9, 10, 17, 11, 10, 10, 13, 9, 15, 17, 15, 18, 1, 1, 3, 1, 1, 1, 1, 15, 15, 15, 1, 1, 1, 19, 18, 19, 17, 18, 17, 15, 19, 3, 2, 1, 0, 2, 2, 3, 3, 17, 3, 3, 3, 3, 3, 4, 1, 1, 1, 1, 1, 4, 4, 4, 4, 15, 18, 15, 15, 17, 15, 17, 15, 3, 3, 3, 3, 3, 15, 17, 0, 18, 15, 1, 15, 1, 1, 3, 3, 3, 3, 19, 15, 1, 1, 20, 1, 1, 1, 1, 3, 3, 15, 3, 3, 3, 3, 1, 1, 3, 3, 3, 3, 3, 3, 3, 3, 3, 2, 1, 1, 1, 1, 1, 1, 1, 3, 3, 15, 3, 3, 15, 1, 20, 21, 21, 21, 20, 20, 21, 21, 20, 20, 21, 20, 20, 21, 21, 20, 17, 21, 21, 21, 20, 20, 20, 1, 17, 21, 17, 18, 21, 3, 15, 22, 3, 10, 9, 18, 15, 2, 3, 15, 1, 15, 17, 20, 1, 15, 17, 7, 2, 2, 1, 2, 3, 2, 18, 3, 2, 2, 2, 2, 3, 17, 10, 10, 2, 2, 2, 7, 7, 7, 7, 7, 7, 7, 3, 22, 3, 3, 17, 3, 7, 23, 24, 24, 24, 24, 24, 24, 24, 24, 24, 24, 24, 24, 1, 1, 1, 1, 1, 1, 1, 1, 1, 1, 1, 1, 1, 1, 1, 17, 1, 7, 15, 3, 3, 3, 3, 3, 3, 3, 1, 1, 1, 1, 1, 1, 7, 1, 0, 1, 1, 3, 1, 3, 15, 15, 1, 2, 2, 2, 2, 1, 15, 1, 1, 1, 1, 2, 1, 1, 4, 4, 4, 3, 17, 4, 4, 9, 9, 11, 11, 10, 25, 9, 4, 10, 11, 4, 3, 3, 10, 10, 13, 13, 11, 10, 10, 9, 11, 9, 10, 10, 10, 4, 9, 11, 9, 11, 11, 12, 12, 1, 2, 2, 2, 2, 2, 2, 2, 2, 2, 2, 2, 2, 26, 27, 25, 27, 2, 27, 27, 2, 28, 28, 28, 26, 26, 28, 27, 6, 26, 2, 2, 2, 2, 2, 2, 2]"
xerces,22,seed22_solution034,seed22_solution034,0.41650611071171817,8.575775561952893,1.0298064972026457,0.5523725363359436,0.41650611071171817,-8.575775561952893,1.0298064972026457,True,False,"[0, 0, 0, 0, 0, 0, 0, 0, 0, 0, 1, 0, 0, 0, 1, 2, 0, 0, 0, 3, 2, 0, 0, 0, 0, 0, 3, 0, 0, 0, 0, 0, 0, 0, 0, 0, 0, 0, 0, 0, 0, 0, 0, 0, 0, 0, 0, 0, 0, 0, 0, 0, 0, 0, 0, 0, 0, 0, 0, 0, 0, 0, 0, 0, 0, 4, 0, 0, 4, 0, 0, 0, 0, 0, 0, 0, 0, 5, 0, 0, 0, 0, 0, 0, 0, 0, 0, 0, 0, 0, 0, 0, 0, 0, 0, 0, 0, 0, 0, 0, 6, 0, 5, 0, 0, 0, 6, 6, 6, 1, 1, 7, 0, 8, 7, 7, 7, 7, 7, 1, 7, 7, 7, 7, 7, 7, 7, 7, 7, 7, 7, 3, 7, 7, 7, 7, 7, 7, 7, 7, 7, 7, 7, 7, 7, 7, 1, 1, 7, 8, 1, 7, 7, 1, 1, 1, 1, 1, 1, 7, 1, 1, 1, 1, 1, 7, 7, 1, 1, 7, 1, 1, 1, 1, 5, 9, 9, 9, 9, 9, 9, 1, 9, 1, 10, 1, 1, 10, 1, 10, 11, 12, 11, 13, 12, 12, 11, 12, 11, 12, 11, 12, 12, 4, 13, 13, 13, 11, 13, 11, 13, 13, 13, 13, 11, 11, 11, 13, 11, 10, 13, 13, 13, 11, 11, 13, 13, 11, 13, 10, 10, 11, 13, 11, 11, 11, 11, 11, 11, 13, 11, 13, 13, 13, 11, 13, 11, 11, 11, 13, 13, 13, 13, 11, 11, 11, 11, 11, 1, 13, 13, 11, 13, 11, 13, 11, 13, 10, 10, 13, 10, 10, 11, 13, 10, 10, 11, 11, 11, 7, 7, 7, 7, 7, 7, 1, 4, 4, 1, 4, 12, 12, 14, 12, 12, 12, 14, 12, 15, 15, 15, 14, 14, 15, 14, 15, 14, 15, 14, 15, 15, 15, 15, 16, 15, 15, 15, 14, 15, 15, 14, 14, 14, 14, 14, 14, 14, 14, 14, 14, 14, 15, 14, 4, 4, 3, 4, 13, 13, 10, 10, 13, 13, 2, 15, 13, 10, 10, 3, 3, 4, 17, 4, 4, 4, 4, 4, 4, 4, 4, 10, 10, 10, 10, 13, 13, 13, 10, 14, 13, 10, 10, 13, 4, 3, 13, 1, 9, 14, 13, 13, 13, 13, 4, 4, 12, 6, 4, 4, 4, 4, 14, 4, 4, 4, 9, 9, 13, 9, 9, 9, 9, 4, 9, 9, 9, 18, 18, 18, 16, 18, 6, 18, 18, 16, 16, 18, 18, 16, 1, 16, 10, 10, 10, 2, 13, 18, 10, 13, 10, 10, 10, 13, 10, 13, 13, 13, 13, 13, 10, 13, 3, 19, 3, 10, 10, 10, 13, 13, 10, 10, 4, 10, 4, 10, 10, 13, 13, 10, 3, 10, 13, 10, 18, 13, 10, 13, 10, 10, 18, 18, 18, 18, 1, 1, 3, 1, 1, 1, 1, 18, 16, 18, 1, 1, 1, 17, 17, 20, 17, 4, 17, 20, 20, 3, 2, 1, 0, 2, 2, 3, 3, 18, 3, 3, 3, 6, 3, 4, 1, 1, 1, 1, 1, 4, 4, 4, 4, 18, 16, 16, 18, 16, 18, 16, 16, 3, 3, 3, 3, 3, 16, 18, 0, 19, 16, 1, 16, 1, 1, 6, 3, 3, 3, 16, 18, 1, 1, 20, 1, 1, 1, 1, 3, 3, 16, 3, 3, 3, 3, 1, 1, 3, 3, 3, 3, 3, 3, 3, 3, 3, 2, 1, 1, 1, 1, 1, 1, 1, 3, 3, 18, 3, 3, 16, 1, 17, 21, 21, 17, 21, 21, 17, 21, 21, 17, 17, 17, 17, 17, 21, 21, 18, 17, 21, 21, 21, 21, 17, 1, 18, 19, 22, 19, 23, 4, 16, 24, 3, 10, 13, 17, 18, 2, 3, 16, 1, 16, 18, 20, 1, 16, 16, 7, 2, 2, 1, 2, 3, 6, 20, 3, 2, 2, 2, 14, 3, 16, 13, 13, 2, 2, 2, 7, 7, 7, 7, 7, 7, 7, 3, 24, 3, 3, 16, 3, 7, 22, 1, 25, 23, 23, 23, 23, 25, 23, 23, 25, 23, 23, 1, 1, 1, 1, 1, 1, 1, 1, 1, 1, 6, 1, 1, 1, 1, 18, 1, 7, 19, 3, 3, 3, 3, 3, 3, 3, 1, 1, 1, 1, 1, 1, 7, 1, 0, 1, 1, 3, 1, 3, 16, 16, 1, 2, 2, 2, 2, 1, 18, 1, 1, 1, 1, 2, 1, 1, 4, 4, 4, 3, 18, 4, 4, 10, 10, 13, 10, 13, 26, 10, 4, 13, 10, 4, 3, 3, 10, 10, 10, 10, 10, 13, 13, 10, 13, 13, 10, 13, 10, 4, 10, 13, 13, 11, 11, 13, 11, 1, 2, 2, 2, 2, 2, 1, 2, 2, 18, 2, 2, 2, 26, 27, 25, 27, 2, 26, 26, 2, 26, 10, 26, 10, 10, 26, 27, 27, 26, 2, 2, 2, 2, 2, 2, 2]"
xerces,22,seed22_solution035,seed22_solution035,0.424097771387491,3.283177979695195,1.0071942075331495,0.580410076342472,0.424097771387491,-3.283177979695195,1.0071942075331495,True,False,"[0, 0, 0, 0, 0, 0, 0, 0, 0, 0, 0, 0, 0, 0, 1, 2, 0, 0, 0, 2, 2, 0, 0, 0, 0, 0, 3, 0, 0, 0, 0, 0, 0, 0, 0, 0, 0, 0, 0, 0, 0, 0, 0, 0, 0, 0, 0, 0, 0, 0, 0, 0, 0, 0, 0, 0, 0, 0, 0, 0, 0, 0, 0, 0, 0, 4, 0, 0, 4, 0, 0, 0, 0, 0, 0, 0, 5, 0, 0, 0, 0, 0, 0, 0, 0, 0, 0, 0, 0, 0, 0, 0, 0, 0, 0, 0, 0, 0, 0, 0, 6, 0, 7, 0, 0, 0, 8, 7, 6, 1, 1, 8, 0, 9, 8, 9, 8, 8, 8, 1, 8, 8, 8, 8, 8, 8, 9, 7, 8, 8, 8, 3, 9, 8, 9, 8, 9, 9, 8, 8, 8, 9, 9, 8, 7, 8, 1, 1, 9, 8, 1, 8, 8, 1, 1, 8, 1, 1, 1, 8, 1, 1, 1, 8, 1, 3, 8, 1, 1, 8, 1, 1, 1, 1, 1, 10, 10, 11, 10, 10, 10, 1, 10, 8, 1, 1, 1, 11, 1, 11, 12, 13, 13, 12, 13, 14, 13, 15, 13, 13, 13, 14, 4, 4, 12, 13, 15, 12, 12, 13, 12, 12, 12, 12, 12, 10, 12, 12, 14, 11, 12, 12, 12, 12, 12, 12, 12, 12, 13, 11, 11, 12, 12, 12, 10, 12, 13, 12, 13, 13, 12, 13, 11, 12, 12, 11, 12, 12, 12, 12, 12, 12, 11, 12, 12, 13, 15, 12, 1, 11, 12, 12, 13, 12, 12, 12, 11, 11, 11, 11, 11, 11, 12, 14, 11, 11, 12, 12, 12, 6, 8, 10, 8, 9, 9, 1, 4, 4, 1, 4, 13, 14, 13, 16, 14, 15, 13, 14, 15, 15, 16, 15, 15, 16, 14, 15, 15, 15, 15, 15, 15, 15, 15, 15, 15, 15, 17, 14, 14, 15, 15, 15, 15, 15, 15, 15, 16, 16, 15, 14, 15, 17, 14, 4, 7, 3, 4, 11, 11, 9, 11, 11, 11, 2, 16, 11, 12, 11, 3, 3, 4, 4, 4, 4, 4, 4, 4, 4, 4, 4, 11, 12, 11, 11, 11, 15, 11, 12, 11, 11, 12, 15, 11, 4, 3, 11, 1, 9, 14, 11, 11, 11, 11, 4, 4, 14, 4, 14, 4, 4, 4, 15, 4, 4, 4, 10, 10, 4, 10, 10, 8, 10, 4, 10, 10, 10, 17, 16, 18, 18, 17, 1, 18, 16, 18, 18, 18, 17, 17, 1, 5, 11, 11, 11, 1, 11, 17, 11, 11, 4, 11, 12, 11, 11, 11, 13, 15, 12, 11, 11, 11, 10, 17, 3, 9, 11, 11, 13, 11, 11, 11, 3, 11, 4, 12, 11, 11, 1, 8, 3, 12, 11, 11, 11, 9, 11, 11, 13, 11, 18, 17, 17, 17, 1, 1, 3, 1, 1, 7, 1, 17, 17, 17, 1, 1, 1, 19, 19, 5, 5, 5, 5, 17, 14, 3, 2, 3, 0, 2, 2, 2, 3, 17, 2, 3, 20, 3, 3, 4, 1, 1, 1, 1, 1, 4, 4, 4, 4, 5, 19, 17, 17, 20, 5, 5, 15, 3, 3, 3, 3, 3, 17, 16, 0, 19, 17, 1, 17, 1, 1, 3, 3, 3, 20, 5, 17, 1, 1, 20, 1, 1, 1, 1, 3, 3, 17, 3, 3, 3, 3, 1, 1, 3, 3, 2, 3, 3, 3, 3, 2, 3, 2, 1, 1, 1, 1, 1, 7, 1, 3, 3, 19, 3, 3, 17, 1, 21, 21, 21, 21, 21, 21, 21, 20, 21, 20, 20, 21, 21, 21, 9, 21, 18, 21, 21, 21, 21, 9, 21, 1, 22, 5, 21, 19, 21, 3, 16, 22, 3, 12, 11, 5, 17, 2, 3, 5, 1, 17, 17, 3, 1, 18, 18, 7, 2, 2, 1, 2, 3, 2, 18, 3, 2, 2, 2, 2, 3, 17, 11, 11, 2, 2, 2, 9, 9, 9, 9, 8, 9, 7, 3, 22, 3, 3, 17, 3, 8, 23, 1, 24, 24, 24, 24, 24, 24, 24, 24, 24, 24, 24, 1, 1, 1, 1, 1, 1, 1, 1, 1, 1, 1, 1, 1, 1, 1, 17, 1, 8, 17, 3, 25, 3, 3, 3, 3, 3, 1, 1, 1, 1, 7, 1, 8, 1, 0, 1, 1, 1, 1, 3, 17, 17, 1, 2, 2, 2, 2, 1, 17, 1, 1, 1, 1, 2, 6, 1, 4, 4, 3, 3, 17, 4, 4, 11, 9, 11, 11, 11, 26, 11, 4, 11, 11, 4, 3, 3, 11, 12, 11, 11, 11, 11, 12, 14, 11, 11, 11, 10, 11, 14, 8, 12, 11, 13, 12, 12, 12, 1, 2, 2, 2, 2, 2, 2, 14, 2, 2, 2, 2, 2, 15, 27, 8, 27, 2, 26, 27, 2, 25, 27, 25, 25, 25, 25, 27, 26, 25, 2, 2, 2, 2, 2, 2, 2]"
xerces,22,seed22_solution036,seed22_solution036,0.4412077641984184,3.874394006406887,1.0231785459149478,0.5927494021184462,0.4412077641984184,-3.874394006406887,1.0231785459149478,True,False,"[0, 0, 0, 0, 0, 0, 0, 0, 0, 0, 1, 0, 0, 0, 1, 2, 0, 0, 0, 3, 2, 0, 0, 0, 0, 0, 3, 0, 0, 0, 0, 0, 0, 0, 0, 0, 0, 0, 0, 0, 0, 0, 0, 0, 0, 0, 0, 0, 0, 0, 0, 0, 0, 0, 0, 0, 0, 0, 0, 0, 0, 0, 0, 0, 0, 4, 0, 0, 4, 0, 0, 0, 0, 0, 0, 0, 0, 0, 0, 0, 0, 0, 0, 0, 0, 0, 0, 0, 0, 0, 0, 0, 0, 0, 0, 0, 0, 0, 0, 0, 5, 0, 6, 0, 0, 0, 5, 5, 7, 1, 1, 8, 0, 8, 7, 6, 7, 7, 6, 1, 7, 7, 8, 6, 6, 7, 7, 7, 9, 6, 7, 3, 7, 7, 7, 7, 7, 7, 6, 6, 7, 7, 7, 7, 8, 6, 1, 1, 8, 8, 1, 7, 6, 1, 1, 1, 1, 1, 1, 7, 1, 1, 1, 1, 1, 6, 8, 1, 1, 7, 1, 1, 1, 1, 6, 9, 9, 9, 9, 10, 9, 1, 9, 1, 10, 1, 1, 11, 1, 11, 12, 12, 13, 11, 13, 14, 11, 14, 11, 11, 14, 14, 14, 4, 12, 11, 11, 12, 11, 12, 11, 11, 3, 15, 12, 12, 12, 12, 11, 11, 12, 12, 12, 12, 12, 12, 12, 12, 12, 11, 11, 15, 14, 12, 14, 12, 15, 11, 12, 12, 12, 12, 11, 12, 12, 11, 12, 12, 15, 14, 12, 12, 11, 12, 14, 12, 15, 12, 1, 11, 12, 12, 11, 12, 12, 12, 11, 11, 11, 11, 11, 11, 12, 11, 15, 11, 5, 12, 12, 7, 8, 7, 6, 7, 8, 1, 4, 4, 1, 4, 14, 14, 11, 14, 15, 14, 14, 13, 12, 15, 15, 13, 15, 13, 13, 13, 15, 15, 15, 13, 16, 13, 15, 17, 17, 15, 15, 16, 15, 15, 17, 17, 15, 17, 13, 15, 17, 15, 15, 17, 16, 12, 17, 4, 4, 3, 4, 11, 15, 11, 11, 11, 11, 2, 13, 11, 11, 11, 3, 3, 4, 4, 4, 4, 4, 4, 4, 4, 4, 4, 11, 11, 11, 11, 11, 11, 11, 11, 14, 11, 14, 14, 11, 4, 3, 11, 1, 15, 14, 15, 11, 11, 11, 4, 4, 14, 4, 4, 4, 4, 4, 14, 4, 4, 4, 9, 10, 11, 9, 9, 9, 9, 4, 9, 9, 10, 16, 16, 16, 14, 18, 5, 16, 16, 19, 16, 16, 16, 16, 1, 16, 11, 11, 11, 2, 11, 16, 11, 11, 14, 11, 14, 11, 11, 11, 10, 11, 11, 10, 11, 11, 3, 19, 3, 10, 15, 14, 10, 15, 11, 11, 4, 11, 4, 14, 15, 11, 11, 11, 3, 11, 11, 11, 18, 14, 11, 11, 11, 11, 16, 16, 20, 18, 1, 5, 3, 1, 1, 1, 1, 19, 16, 16, 1, 1, 1, 20, 20, 20, 12, 12, 12, 20, 14, 3, 2, 1, 0, 2, 2, 3, 3, 16, 3, 3, 3, 5, 3, 4, 1, 1, 1, 1, 1, 4, 4, 4, 4, 18, 18, 18, 18, 16, 16, 19, 16, 3, 3, 3, 3, 3, 18, 16, 0, 21, 16, 1, 16, 1, 1, 5, 3, 3, 3, 20, 16, 1, 1, 20, 5, 1, 1, 1, 3, 3, 16, 3, 3, 3, 3, 1, 2, 3, 3, 3, 3, 3, 3, 3, 3, 3, 2, 1, 1, 1, 1, 1, 1, 1, 2, 3, 16, 3, 3, 16, 1, 19, 18, 21, 21, 22, 18, 18, 18, 18, 22, 22, 18, 18, 13, 21, 18, 21, 18, 18, 7, 18, 18, 22, 1, 19, 19, 23, 18, 23, 4, 16, 24, 3, 14, 11, 20, 16, 2, 3, 16, 1, 16, 16, 22, 1, 16, 19, 6, 2, 2, 1, 2, 3, 5, 20, 3, 2, 2, 2, 14, 3, 16, 11, 11, 6, 2, 2, 7, 6, 8, 7, 6, 7, 7, 3, 24, 3, 3, 18, 3, 8, 23, 1, 5, 5, 25, 25, 21, 5, 24, 25, 25, 25, 25, 1, 1, 1, 1, 1, 1, 1, 1, 1, 1, 5, 1, 1, 1, 1, 1, 1, 8, 19, 3, 3, 3, 3, 5, 3, 3, 1, 1, 1, 1, 1, 1, 8, 1, 0, 1, 1, 3, 1, 3, 16, 16, 1, 2, 2, 2, 2, 1, 16, 1, 1, 0, 1, 2, 1, 1, 4, 4, 4, 2, 16, 4, 4, 11, 11, 11, 11, 11, 23, 10, 4, 11, 10, 8, 3, 3, 11, 11, 11, 15, 14, 11, 14, 11, 10, 11, 11, 11, 11, 4, 10, 15, 15, 12, 12, 12, 12, 1, 2, 2, 2, 2, 2, 1, 2, 2, 2, 2, 2, 2, 25, 26, 26, 26, 2, 10, 10, 2, 26, 10, 27, 10, 10, 26, 26, 26, 27, 2, 2, 2, 2, 2, 8, 2]"
xerces,22,seed22_solution037,seed22_solution037,0.4530841121495327,8.619483546198587,1.0055565849528707,0.5879581601787311,0.4530841121495327,-8.619483546198587,1.0055565849528707,True,False,"[0, 0, 0, 0, 0, 0, 0, 0, 0, 0, 0, 0, 0, 0, 1, 2, 0, 0, 0, 3, 2, 0, 0, 0, 0, 0, 3, 0, 0, 0, 0, 0, 0, 0, 0, 0, 0, 0, 0, 0, 0, 0, 0, 0, 0, 0, 0, 0, 0, 0, 0, 0, 0, 0, 0, 0, 0, 0, 0, 0, 0, 4, 0, 0, 0, 5, 0, 0, 5, 0, 0, 0, 0, 0, 0, 0, 0, 0, 0, 0, 0, 0, 0, 0, 0, 0, 0, 0, 0, 0, 0, 0, 0, 0, 0, 0, 0, 0, 0, 0, 6, 0, 7, 0, 0, 0, 6, 6, 6, 1, 1, 6, 0, 8, 6, 5, 6, 6, 5, 1, 5, 5, 5, 6, 6, 6, 6, 6, 5, 5, 6, 3, 5, 6, 6, 6, 5, 5, 6, 5, 6, 6, 5, 6, 6, 5, 1, 1, 5, 5, 1, 5, 6, 1, 1, 1, 1, 1, 1, 5, 1, 1, 1, 1, 1, 5, 5, 1, 1, 5, 1, 1, 1, 1, 7, 9, 10, 10, 9, 10, 10, 1, 9, 1, 1, 1, 1, 11, 1, 11, 12, 13, 11, 14, 13, 11, 13, 12, 13, 13, 11, 13, 15, 5, 9, 11, 14, 12, 9, 12, 9, 12, 9, 12, 12, 9, 12, 12, 12, 14, 12, 12, 12, 12, 12, 12, 9, 9, 9, 14, 11, 9, 12, 9, 9, 12, 9, 9, 12, 12, 12, 9, 14, 9, 9, 14, 9, 9, 9, 9, 9, 9, 11, 12, 9, 9, 12, 12, 1, 11, 9, 12, 12, 9, 12, 9, 14, 11, 11, 14, 14, 11, 12, 11, 14, 14, 9, 9, 9, 6, 6, 5, 5, 5, 6, 1, 7, 7, 1, 7, 12, 12, 15, 12, 15, 12, 12, 15, 15, 16, 13, 13, 16, 13, 13, 16, 16, 16, 13, 16, 16, 16, 17, 17, 13, 16, 16, 13, 13, 17, 16, 16, 13, 16, 13, 16, 13, 16, 16, 13, 13, 17, 16, 7, 7, 3, 5, 11, 14, 14, 11, 11, 14, 2, 15, 11, 14, 14, 3, 3, 7, 7, 5, 5, 7, 5, 7, 7, 7, 7, 11, 11, 14, 11, 14, 14, 14, 11, 11, 11, 11, 11, 14, 5, 3, 11, 1, 14, 11, 11, 11, 11, 11, 7, 5, 12, 5, 5, 5, 5, 7, 15, 7, 5, 7, 10, 9, 14, 10, 9, 10, 9, 7, 10, 9, 9, 16, 16, 18, 16, 19, 1, 19, 19, 18, 16, 19, 19, 19, 1, 16, 11, 14, 14, 2, 14, 19, 14, 14, 11, 11, 11, 14, 11, 11, 14, 11, 11, 11, 14, 14, 3, 16, 3, 11, 14, 14, 14, 11, 14, 14, 3, 11, 5, 14, 11, 14, 11, 11, 3, 15, 11, 14, 18, 14, 11, 14, 14, 11, 19, 19, 19, 19, 18, 1, 3, 1, 1, 1, 1, 16, 19, 19, 1, 1, 1, 18, 18, 14, 19, 14, 14, 19, 19, 3, 2, 1, 0, 2, 2, 3, 3, 16, 3, 3, 3, 3, 3, 5, 1, 1, 1, 1, 1, 5, 7, 5, 7, 16, 19, 16, 16, 16, 19, 18, 16, 3, 3, 3, 3, 3, 19, 19, 0, 18, 19, 1, 16, 1, 1, 3, 3, 3, 3, 19, 16, 1, 1, 20, 1, 1, 1, 1, 3, 3, 19, 3, 3, 3, 3, 1, 1, 3, 3, 3, 3, 3, 3, 3, 3, 3, 2, 1, 1, 1, 1, 1, 1, 1, 3, 3, 19, 3, 3, 19, 1, 21, 21, 21, 21, 20, 21, 21, 21, 21, 21, 21, 21, 21, 21, 21, 21, 21, 21, 21, 6, 21, 21, 21, 1, 18, 17, 21, 21, 17, 3, 19, 22, 3, 14, 14, 18, 18, 2, 3, 16, 1, 16, 19, 20, 1, 19, 18, 5, 2, 2, 1, 2, 3, 2, 19, 3, 2, 2, 2, 2, 3, 19, 11, 11, 2, 2, 2, 6, 6, 5, 5, 5, 5, 6, 3, 22, 3, 3, 19, 3, 5, 23, 1, 24, 24, 24, 24, 24, 24, 24, 24, 24, 24, 24, 1, 1, 1, 1, 1, 1, 1, 1, 1, 1, 1, 1, 1, 1, 1, 16, 1, 5, 16, 3, 3, 3, 3, 3, 3, 3, 1, 1, 1, 1, 1, 1, 6, 1, 0, 1, 1, 3, 1, 3, 19, 19, 1, 2, 2, 2, 2, 1, 16, 1, 1, 1, 1, 2, 1, 1, 5, 5, 5, 3, 19, 7, 5, 14, 14, 11, 11, 11, 25, 11, 7, 11, 14, 5, 3, 3, 11, 11, 14, 14, 14, 14, 11, 11, 14, 14, 14, 14, 14, 7, 14, 9, 11, 12, 12, 12, 9, 1, 2, 2, 2, 2, 2, 2, 2, 2, 2, 2, 2, 2, 26, 4, 25, 27, 2, 26, 26, 2, 25, 27, 27, 25, 26, 25, 27, 27, 26, 2, 2, 2, 2, 2, 2, 2]"
xerces,22,seed22_solution038,seed22_solution038,0.467548526240115,2.1337600098248917,0.9916341378938824,0.6001685350203985,0.467548526240115,-2.1337600098248917,0.9916341378938824,True,False,"[0, 0, 0, 0, 0, 0, 0, 0, 0, 0, 0, 0, 0, 0, 1, 2, 0, 0, 0, 3, 2, 0, 4, 0, 0, 0, 3, 0, 0, 0, 0, 0, 0, 0, 0, 0, 0, 0, 0, 0, 0, 0, 0, 0, 0, 0, 0, 0, 0, 0, 0, 0, 0, 0, 0, 0, 0, 0, 0, 0, 0, 5, 0, 0, 0, 6, 0, 0, 6, 0, 0, 0, 0, 0, 0, 0, 0, 0, 0, 0, 0, 0, 0, 0, 0, 0, 0, 0, 0, 0, 0, 0, 0, 0, 0, 0, 0, 0, 0, 0, 7, 0, 5, 0, 0, 0, 7, 7, 7, 1, 1, 4, 0, 8, 4, 7, 4, 7, 7, 1, 7, 7, 4, 4, 7, 4, 7, 4, 8, 5, 7, 3, 7, 4, 7, 4, 4, 7, 4, 4, 7, 4, 7, 7, 4, 4, 1, 1, 4, 4, 1, 4, 4, 1, 1, 1, 1, 1, 1, 7, 1, 1, 1, 1, 1, 8, 5, 1, 1, 4, 1, 1, 1, 1, 6, 9, 9, 9, 9, 10, 9, 1, 9, 1, 1, 1, 1, 11, 1, 12, 13, 14, 14, 12, 14, 14, 12, 15, 12, 12, 14, 14, 15, 6, 9, 12, 12, 13, 13, 9, 13, 9, 9, 13, 13, 13, 9, 9, 9, 7, 13, 9, 9, 9, 13, 13, 8, 9, 9, 12, 11, 13, 13, 9, 13, 13, 13, 9, 9, 9, 13, 9, 12, 13, 9, 11, 12, 9, 9, 8, 13, 9, 14, 9, 13, 13, 13, 9, 1, 12, 9, 12, 9, 9, 13, 13, 12, 12, 12, 12, 11, 12, 9, 11, 11, 12, 13, 9, 13, 5, 4, 4, 4, 4, 7, 2, 6, 6, 1, 4, 12, 13, 12, 15, 13, 13, 12, 15, 15, 16, 16, 16, 15, 15, 14, 16, 14, 16, 15, 13, 15, 14, 17, 17, 16, 14, 16, 14, 14, 13, 16, 14, 16, 16, 14, 16, 14, 16, 16, 14, 17, 15, 14, 6, 6, 3, 6, 12, 11, 12, 12, 12, 12, 2, 15, 11, 12, 12, 3, 3, 6, 6, 14, 4, 4, 4, 4, 6, 6, 6, 11, 12, 18, 11, 12, 12, 12, 12, 12, 12, 12, 14, 12, 4, 3, 11, 1, 12, 12, 12, 11, 12, 12, 4, 4, 13, 3, 14, 6, 4, 4, 15, 4, 6, 6, 10, 9, 11, 10, 9, 8, 9, 6, 10, 9, 11, 19, 19, 20, 16, 16, 1, 17, 19, 20, 19, 19, 19, 19, 1, 19, 12, 12, 11, 2, 12, 19, 15, 12, 12, 11, 11, 11, 11, 12, 12, 12, 12, 12, 12, 12, 3, 19, 3, 12, 11, 12, 12, 12, 12, 12, 3, 12, 6, 11, 12, 11, 12, 8, 3, 14, 12, 11, 17, 7, 12, 11, 12, 12, 19, 19, 16, 19, 1, 1, 3, 1, 1, 1, 1, 19, 19, 19, 1, 1, 1, 20, 20, 20, 11, 19, 21, 19, 11, 3, 2, 1, 0, 2, 2, 3, 3, 16, 3, 3, 3, 3, 3, 3, 1, 1, 1, 1, 1, 14, 6, 4, 4, 19, 20, 19, 19, 21, 19, 20, 19, 3, 3, 3, 3, 3, 19, 19, 0, 11, 16, 1, 19, 1, 1, 3, 3, 3, 21, 19, 16, 1, 1, 21, 1, 1, 1, 1, 3, 3, 16, 3, 3, 3, 3, 1, 1, 3, 3, 2, 3, 3, 3, 3, 3, 3, 2, 1, 1, 1, 1, 1, 1, 1, 3, 3, 19, 3, 3, 16, 1, 21, 22, 21, 22, 21, 22, 7, 22, 21, 21, 22, 22, 22, 22, 7, 7, 22, 21, 21, 22, 22, 22, 21, 1, 20, 22, 22, 22, 22, 3, 19, 18, 3, 11, 12, 20, 20, 2, 3, 19, 1, 16, 19, 21, 1, 19, 20, 7, 2, 2, 1, 2, 3, 2, 20, 3, 2, 2, 2, 2, 3, 19, 7, 11, 2, 2, 2, 4, 7, 4, 4, 4, 4, 4, 3, 18, 3, 3, 19, 3, 7, 23, 1, 24, 25, 18, 24, 24, 24, 24, 24, 24, 24, 24, 1, 1, 1, 1, 1, 1, 1, 1, 1, 1, 1, 1, 1, 1, 1, 19, 1, 8, 16, 3, 3, 3, 3, 3, 3, 3, 1, 1, 1, 1, 1, 1, 5, 1, 0, 1, 1, 3, 1, 3, 16, 19, 1, 2, 2, 2, 2, 1, 19, 1, 1, 1, 1, 2, 1, 1, 4, 6, 6, 3, 19, 4, 6, 12, 12, 12, 11, 12, 25, 12, 6, 12, 12, 4, 3, 3, 11, 12, 11, 14, 12, 7, 12, 12, 12, 12, 11, 10, 12, 14, 15, 7, 11, 9, 13, 13, 9, 1, 2, 2, 2, 2, 2, 2, 14, 2, 2, 2, 2, 2, 26, 5, 25, 27, 2, 26, 5, 2, 27, 25, 27, 20, 26, 25, 27, 26, 26, 2, 2, 2, 2, 2, 2, 2]"
xerces,22,seed22_solution039,seed22_solution039,0.4823292595255212,2.309100035152697,0.9709637259038936,0.6100994394170242,0.4823292595255212,-2.309100035152697,0.9709637259038936,True,False,"[0, 0, 0, 0, 0, 0, 0, 0, 0, 0, 0, 0, 0, 0, 1, 2, 0, 0, 0, 2, 2, 0, 0, 0, 0, 0, 3, 0, 0, 0, 0, 0, 0, 0, 0, 0, 0, 0, 0, 0, 0, 0, 0, 0, 0, 0, 0, 0, 0, 0, 0, 0, 0, 0, 0, 0, 0, 0, 0, 0, 0, 0, 0, 0, 0, 4, 0, 0, 4, 0, 0, 0, 0, 0, 0, 0, 0, 0, 0, 0, 0, 0, 0, 0, 0, 0, 0, 0, 0, 0, 0, 0, 0, 0, 0, 0, 0, 0, 0, 0, 5, 0, 6, 0, 0, 0, 5, 5, 5, 1, 1, 7, 0, 8, 6, 7, 6, 7, 7, 1, 7, 7, 7, 6, 7, 6, 7, 6, 8, 6, 7, 3, 7, 6, 7, 5, 7, 7, 7, 7, 7, 7, 7, 7, 6, 7, 1, 1, 7, 7, 1, 7, 6, 1, 1, 8, 8, 1, 1, 7, 1, 1, 1, 8, 1, 2, 7, 1, 1, 6, 1, 1, 1, 1, 6, 9, 10, 10, 9, 10, 10, 1, 9, 8, 1, 1, 1, 10, 1, 11, 11, 12, 13, 11, 14, 14, 14, 14, 14, 12, 14, 14, 4, 4, 11, 11, 13, 12, 12, 12, 11, 11, 11, 11, 14, 12, 14, 11, 14, 11, 12, 11, 11, 11, 12, 11, 12, 11, 12, 13, 11, 5, 12, 12, 12, 14, 12, 12, 12, 12, 12, 12, 10, 12, 11, 10, 12, 11, 12, 12, 0, 11, 10, 12, 11, 12, 12, 14, 1, 11, 11, 12, 12, 11, 12, 12, 10, 10, 10, 13, 10, 11, 11, 11, 11, 10, 12, 11, 11, 7, 7, 9, 7, 7, 7, 1, 4, 4, 1, 4, 12, 13, 14, 14, 13, 13, 14, 14, 14, 13, 15, 13, 16, 16, 17, 16, 16, 16, 13, 16, 16, 16, 13, 13, 16, 13, 16, 15, 15, 13, 13, 16, 13, 13, 13, 16, 16, 15, 16, 16, 13, 16, 13, 5, 6, 3, 4, 11, 10, 10, 11, 14, 10, 2, 15, 11, 11, 10, 3, 3, 4, 5, 3, 4, 4, 4, 4, 6, 4, 4, 10, 11, 11, 10, 10, 13, 10, 11, 13, 10, 11, 13, 11, 4, 3, 11, 1, 10, 13, 10, 10, 10, 10, 4, 4, 14, 4, 4, 4, 4, 4, 14, 4, 4, 4, 9, 9, 11, 9, 10, 10, 10, 4, 9, 10, 9, 15, 15, 17, 17, 17, 1, 17, 15, 17, 17, 17, 17, 17, 1, 18, 11, 10, 11, 2, 13, 17, 10, 10, 13, 11, 11, 11, 10, 10, 11, 13, 11, 10, 10, 11, 3, 18, 3, 11, 10, 11, 12, 11, 10, 10, 3, 11, 4, 11, 14, 10, 11, 10, 3, 11, 10, 11, 4, 11, 10, 14, 13, 13, 15, 17, 19, 15, 1, 1, 3, 1, 1, 1, 1, 18, 15, 15, 1, 1, 8, 19, 18, 17, 19, 19, 17, 19, 19, 3, 2, 1, 0, 2, 2, 3, 3, 15, 3, 3, 3, 3, 3, 4, 1, 1, 1, 1, 1, 4, 4, 4, 13, 17, 18, 15, 18, 17, 17, 15, 17, 3, 3, 3, 3, 3, 15, 15, 0, 19, 15, 1, 15, 1, 1, 3, 3, 3, 3, 19, 15, 1, 1, 20, 1, 1, 1, 1, 3, 3, 15, 3, 3, 3, 2, 1, 1, 3, 3, 3, 3, 3, 3, 3, 3, 3, 2, 1, 1, 1, 1, 1, 1, 1, 3, 3, 17, 3, 3, 19, 1, 20, 21, 21, 21, 21, 21, 21, 21, 20, 20, 20, 21, 21, 22, 7, 21, 21, 21, 21, 21, 21, 7, 21, 1, 18, 19, 22, 18, 18, 2, 15, 22, 3, 11, 3, 18, 18, 2, 3, 17, 1, 17, 17, 3, 1, 17, 17, 6, 2, 2, 8, 2, 3, 2, 17, 3, 2, 2, 2, 2, 3, 15, 11, 10, 2, 2, 2, 7, 7, 7, 7, 8, 7, 6, 3, 22, 3, 3, 17, 6, 7, 23, 1, 21, 24, 21, 24, 24, 24, 24, 24, 24, 24, 24, 1, 1, 1, 1, 1, 1, 1, 1, 1, 1, 1, 1, 1, 1, 1, 17, 1, 7, 15, 3, 25, 3, 3, 3, 3, 3, 1, 1, 1, 1, 1, 1, 7, 1, 0, 1, 1, 3, 1, 3, 17, 15, 1, 2, 2, 2, 2, 1, 15, 1, 1, 1, 1, 2, 1, 1, 4, 4, 4, 3, 18, 4, 4, 12, 10, 10, 11, 10, 25, 10, 4, 10, 10, 4, 3, 3, 10, 11, 11, 10, 10, 10, 11, 13, 11, 10, 10, 11, 11, 4, 9, 11, 10, 12, 11, 12, 12, 1, 2, 2, 2, 2, 2, 2, 2, 2, 2, 2, 0, 2, 13, 26, 25, 26, 2, 27, 9, 2, 25, 26, 25, 24, 27, 26, 26, 26, 25, 2, 2, 2, 2, 2, 7, 2]"
xerces,22,seed22_solution040,seed22_solution040,0.49722501797268154,1.4742983598548203,0.9528640733850641,0.6201767348840265,0.49722501797268154,-1.4742983598548203,0.9528640733850641,True,False,"[0, 0, 0, 0, 0, 0, 0, 0, 0, 0, 0, 0, 0, 0, 1, 2, 0, 0, 0, 2, 2, 0, 0, 0, 0, 0, 3, 0, 0, 0, 0, 0, 0, 0, 0, 0, 0, 0, 0, 0, 0, 0, 0, 0, 0, 0, 0, 0, 0, 0, 0, 0, 0, 0, 0, 0, 0, 0, 0, 0, 0, 0, 0, 0, 0, 4, 0, 0, 4, 0, 0, 0, 0, 0, 0, 0, 0, 0, 0, 0, 0, 0, 0, 0, 0, 0, 0, 0, 0, 0, 0, 0, 0, 0, 0, 0, 0, 0, 0, 0, 5, 0, 6, 0, 0, 0, 7, 6, 5, 1, 1, 8, 0, 7, 6, 8, 6, 8, 8, 1, 8, 8, 7, 8, 8, 8, 8, 6, 7, 6, 8, 3, 8, 6, 8, 8, 8, 8, 8, 8, 8, 8, 8, 8, 6, 8, 1, 1, 8, 7, 1, 8, 6, 1, 1, 7, 1, 1, 1, 8, 1, 1, 1, 7, 1, 7, 8, 1, 1, 8, 1, 1, 1, 1, 6, 9, 9, 10, 9, 10, 7, 1, 9, 7, 1, 1, 1, 10, 1, 11, 11, 12, 12, 11, 12, 13, 13, 14, 13, 12, 12, 13, 4, 4, 11, 12, 14, 11, 12, 12, 11, 11, 11, 9, 11, 9, 11, 11, 13, 11, 12, 11, 11, 11, 12, 11, 7, 11, 12, 13, 11, 5, 9, 11, 9, 13, 12, 11, 12, 12, 11, 12, 10, 11, 11, 10, 12, 11, 12, 12, 11, 11, 10, 11, 11, 12, 14, 13, 1, 11, 11, 12, 12, 11, 11, 11, 10, 10, 10, 10, 10, 10, 11, 10, 11, 10, 11, 11, 11, 5, 8, 9, 8, 8, 8, 1, 4, 4, 1, 4, 12, 14, 12, 15, 14, 14, 12, 13, 14, 15, 15, 14, 16, 15, 13, 13, 13, 14, 15, 16, 16, 13, 14, 14, 14, 14, 16, 13, 13, 14, 14, 13, 13, 14, 14, 15, 13, 15, 13, 13, 14, 16, 13, 6, 6, 3, 4, 11, 10, 8, 11, 10, 10, 2, 15, 11, 11, 10, 3, 3, 4, 5, 3, 4, 4, 4, 4, 4, 4, 4, 10, 11, 11, 10, 10, 14, 10, 11, 14, 10, 11, 14, 10, 4, 3, 10, 1, 8, 14, 11, 10, 10, 10, 4, 4, 13, 3, 13, 4, 4, 4, 14, 4, 4, 4, 9, 9, 11, 9, 9, 7, 9, 4, 9, 10, 10, 15, 15, 17, 17, 17, 1, 17, 15, 17, 17, 17, 16, 16, 1, 18, 10, 10, 10, 13, 10, 19, 10, 10, 4, 11, 11, 10, 10, 10, 12, 14, 11, 10, 10, 10, 3, 12, 3, 8, 10, 11, 12, 10, 10, 10, 3, 10, 4, 11, 13, 10, 10, 7, 3, 11, 10, 10, 4, 8, 10, 13, 12, 14, 19, 17, 16, 15, 1, 1, 3, 1, 1, 1, 1, 16, 15, 15, 1, 1, 1, 19, 19, 18, 18, 19, 17, 19, 18, 3, 2, 3, 0, 2, 2, 3, 3, 16, 3, 3, 20, 3, 3, 4, 1, 1, 1, 1, 1, 4, 4, 4, 4, 19, 19, 16, 19, 20, 18, 18, 14, 3, 3, 3, 3, 3, 19, 15, 0, 17, 15, 1, 16, 1, 1, 3, 3, 3, 20, 18, 15, 2, 1, 20, 1, 1, 1, 1, 3, 3, 15, 3, 3, 3, 3, 1, 6, 3, 3, 2, 3, 3, 3, 3, 3, 3, 2, 1, 1, 1, 1, 1, 1, 1, 3, 3, 19, 3, 3, 16, 1, 20, 21, 21, 21, 21, 21, 21, 21, 20, 20, 20, 21, 21, 21, 8, 21, 21, 21, 22, 21, 21, 8, 21, 1, 22, 18, 22, 19, 21, 3, 15, 22, 3, 11, 3, 18, 16, 2, 3, 18, 1, 16, 17, 3, 1, 17, 17, 6, 2, 2, 1, 2, 3, 2, 17, 3, 2, 2, 2, 2, 3, 19, 8, 10, 2, 2, 2, 8, 8, 8, 8, 7, 8, 6, 3, 22, 3, 3, 16, 3, 8, 23, 1, 24, 24, 21, 24, 23, 24, 24, 24, 24, 25, 24, 5, 1, 1, 1, 1, 1, 9, 1, 1, 1, 1, 1, 1, 1, 1, 16, 1, 7, 15, 3, 25, 3, 3, 3, 3, 3, 1, 1, 1, 1, 1, 1, 8, 1, 0, 1, 1, 3, 1, 3, 16, 16, 1, 2, 2, 2, 2, 1, 16, 1, 1, 1, 1, 2, 5, 1, 4, 4, 3, 3, 19, 4, 4, 12, 8, 9, 10, 10, 26, 10, 4, 10, 10, 4, 3, 3, 10, 11, 10, 10, 10, 10, 11, 13, 10, 10, 10, 9, 11, 13, 7, 11, 10, 12, 10, 11, 11, 1, 2, 2, 2, 2, 2, 2, 13, 2, 2, 2, 0, 2, 14, 27, 7, 26, 2, 26, 9, 2, 25, 26, 25, 18, 26, 26, 27, 26, 25, 2, 2, 13, 2, 2, 2, 2]"
xerces,22,seed22_solution041,seed22_solution041,0.5035226455787204,4.057934760429842,0.969264892005752,0.6292590449456412,0.5035226455787204,-4.057934760429842,0.969264892005752,True,False,"[0, 0, 0, 0, 0, 0, 0, 0, 0, 0, 1, 0, 0, 0, 1, 2, 0, 0, 0, 3, 2, 0, 0, 0, 0, 0, 3, 0, 0, 0, 0, 0, 0, 0, 0, 0, 0, 0, 0, 0, 0, 0, 0, 0, 0, 0, 0, 0, 0, 0, 0, 0, 0, 0, 0, 0, 0, 0, 0, 0, 0, 0, 0, 0, 0, 4, 0, 0, 4, 0, 0, 0, 0, 0, 0, 0, 0, 0, 0, 0, 0, 0, 0, 0, 0, 0, 0, 0, 0, 0, 0, 0, 0, 0, 0, 0, 0, 0, 5, 0, 5, 0, 6, 0, 0, 0, 5, 5, 7, 1, 1, 8, 0, 9, 6, 6, 6, 8, 6, 1, 8, 6, 8, 6, 6, 6, 6, 6, 9, 6, 6, 3, 6, 8, 9, 8, 6, 6, 6, 6, 6, 8, 8, 6, 8, 6, 1, 1, 8, 8, 1, 8, 6, 1, 1, 1, 1, 1, 1, 8, 1, 1, 1, 1, 1, 6, 8, 1, 1, 6, 1, 1, 1, 1, 7, 9, 9, 9, 9, 10, 9, 1, 10, 1, 1, 1, 1, 11, 1, 11, 12, 12, 11, 11, 11, 13, 11, 11, 11, 11, 13, 13, 13, 4, 11, 10, 10, 12, 11, 12, 11, 11, 13, 14, 12, 11, 12, 13, 11, 11, 12, 13, 14, 12, 12, 12, 11, 12, 12, 10, 11, 14, 13, 12, 13, 12, 14, 11, 12, 12, 12, 12, 10, 12, 13, 11, 12, 13, 14, 13, 14, 14, 11, 12, 13, 12, 14, 11, 1, 11, 14, 11, 11, 12, 12, 12, 11, 14, 11, 11, 11, 11, 12, 13, 14, 10, 5, 12, 12, 6, 8, 8, 6, 6, 8, 1, 4, 4, 1, 4, 13, 13, 11, 14, 14, 12, 14, 13, 12, 15, 13, 16, 12, 16, 16, 16, 16, 16, 16, 16, 17, 16, 17, 15, 15, 16, 16, 17, 16, 16, 16, 15, 12, 12, 16, 16, 12, 16, 16, 15, 17, 12, 15, 4, 6, 3, 4, 11, 14, 11, 10, 11, 10, 2, 16, 11, 14, 11, 3, 3, 4, 4, 4, 4, 4, 4, 4, 4, 4, 4, 14, 11, 11, 14, 14, 11, 14, 11, 14, 11, 13, 14, 11, 4, 3, 13, 1, 14, 14, 14, 14, 13, 10, 4, 4, 13, 4, 4, 4, 4, 4, 14, 4, 4, 4, 9, 10, 11, 9, 9, 10, 9, 4, 10, 10, 10, 17, 18, 17, 13, 18, 1, 17, 6, 19, 17, 17, 17, 18, 1, 17, 10, 11, 14, 2, 14, 17, 11, 11, 13, 14, 13, 14, 11, 11, 10, 11, 11, 10, 13, 11, 3, 19, 3, 10, 14, 13, 10, 14, 11, 14, 4, 11, 4, 13, 14, 13, 11, 14, 3, 13, 11, 11, 18, 13, 11, 14, 11, 11, 17, 17, 20, 18, 1, 1, 3, 1, 1, 1, 1, 19, 17, 17, 1, 1, 1, 19, 19, 19, 12, 12, 12, 19, 13, 3, 2, 1, 0, 2, 2, 3, 3, 18, 3, 3, 3, 5, 3, 4, 1, 1, 1, 1, 1, 4, 4, 4, 4, 18, 18, 18, 18, 17, 17, 19, 17, 3, 3, 3, 3, 3, 18, 17, 0, 18, 17, 1, 17, 1, 1, 5, 3, 3, 3, 20, 17, 1, 1, 20, 1, 1, 1, 1, 3, 3, 17, 3, 3, 3, 3, 1, 2, 3, 3, 3, 3, 3, 3, 3, 3, 3, 2, 1, 1, 1, 1, 1, 1, 1, 2, 3, 19, 3, 3, 18, 1, 19, 21, 21, 21, 21, 22, 21, 22, 22, 22, 22, 22, 22, 16, 21, 21, 21, 22, 22, 7, 22, 22, 22, 1, 16, 19, 16, 18, 23, 3, 17, 24, 3, 13, 11, 15, 18, 2, 3, 17, 1, 17, 17, 3, 1, 2, 19, 6, 2, 2, 1, 2, 3, 2, 15, 3, 2, 2, 2, 14, 3, 17, 11, 14, 6, 2, 2, 8, 6, 8, 6, 6, 8, 6, 3, 24, 3, 3, 18, 3, 8, 23, 1, 5, 5, 25, 5, 21, 5, 24, 21, 5, 25, 25, 1, 1, 1, 1, 1, 1, 1, 1, 1, 1, 5, 1, 1, 1, 1, 1, 1, 8, 19, 3, 3, 3, 3, 5, 3, 3, 1, 1, 1, 1, 1, 1, 8, 1, 1, 1, 1, 3, 1, 15, 6, 19, 1, 2, 2, 2, 2, 1, 15, 1, 1, 1, 1, 2, 1, 1, 4, 4, 4, 2, 18, 4, 4, 11, 11, 11, 11, 11, 23, 10, 4, 11, 10, 4, 3, 3, 11, 11, 10, 14, 13, 11, 13, 11, 10, 14, 11, 11, 11, 4, 10, 14, 14, 12, 12, 11, 12, 1, 2, 2, 2, 2, 2, 2, 2, 2, 2, 2, 2, 2, 25, 26, 26, 26, 2, 25, 10, 2, 27, 10, 27, 27, 10, 27, 26, 26, 27, 2, 2, 2, 2, 2, 8, 2]"
xerces,22,seed22_solution042,seed22_solution042,0.5063982746225737,4.055246594240289,0.9632734457751518,0.6332185551566196,0.5063982746225737,-4.055246594240289,0.9632734457751518,True,False,"[0, 0, 0, 0, 0, 0, 0, 0, 0, 0, 1, 0, 0, 0, 1, 2, 0, 0, 0, 3, 2, 0, 0, 0, 0, 0, 3, 0, 0, 0, 0, 0, 0, 0, 0, 0, 0, 0, 0, 0, 0, 0, 0, 0, 0, 0, 0, 0, 0, 0, 0, 0, 0, 0, 0, 0, 0, 0, 0, 0, 0, 0, 0, 0, 0, 4, 0, 0, 4, 0, 0, 0, 0, 0, 0, 0, 0, 0, 0, 0, 0, 0, 0, 0, 0, 0, 0, 0, 0, 0, 0, 0, 0, 0, 0, 0, 0, 0, 5, 0, 5, 0, 6, 0, 0, 0, 5, 5, 7, 1, 1, 8, 0, 9, 6, 6, 6, 8, 6, 1, 8, 6, 8, 6, 6, 6, 6, 6, 9, 6, 6, 3, 6, 8, 9, 8, 6, 6, 6, 6, 6, 8, 8, 6, 8, 6, 1, 1, 8, 8, 1, 8, 6, 1, 1, 1, 1, 1, 1, 8, 1, 1, 1, 1, 1, 6, 8, 1, 1, 6, 1, 1, 1, 1, 7, 9, 9, 9, 9, 10, 9, 1, 10, 1, 1, 1, 1, 11, 1, 11, 12, 12, 11, 11, 13, 14, 11, 11, 11, 11, 14, 14, 14, 4, 11, 10, 10, 12, 11, 12, 11, 11, 14, 15, 12, 11, 12, 14, 11, 11, 12, 14, 15, 12, 12, 12, 11, 12, 12, 10, 11, 15, 14, 12, 14, 12, 15, 11, 12, 12, 12, 12, 10, 12, 14, 11, 12, 14, 15, 14, 15, 15, 11, 12, 14, 12, 15, 11, 1, 11, 15, 11, 11, 12, 12, 12, 11, 15, 11, 11, 11, 11, 12, 14, 15, 10, 5, 12, 12, 6, 8, 8, 6, 6, 8, 1, 4, 4, 1, 4, 14, 14, 11, 15, 15, 12, 15, 14, 12, 16, 14, 13, 12, 13, 13, 13, 13, 13, 13, 13, 17, 13, 17, 16, 16, 13, 13, 17, 13, 13, 13, 16, 12, 12, 13, 13, 12, 13, 13, 16, 17, 12, 16, 4, 6, 3, 4, 11, 15, 11, 10, 11, 10, 2, 13, 11, 15, 11, 3, 3, 4, 4, 4, 4, 4, 4, 4, 4, 4, 4, 15, 11, 11, 15, 15, 11, 15, 11, 15, 11, 14, 15, 11, 4, 3, 14, 1, 15, 15, 15, 15, 14, 10, 4, 4, 14, 4, 4, 4, 4, 4, 15, 4, 4, 4, 9, 10, 11, 9, 9, 10, 9, 4, 10, 10, 10, 17, 18, 17, 14, 18, 1, 17, 6, 19, 17, 17, 17, 18, 1, 17, 10, 11, 15, 2, 15, 17, 11, 11, 14, 15, 14, 15, 11, 11, 10, 11, 11, 10, 14, 11, 3, 19, 3, 10, 15, 14, 10, 15, 11, 15, 4, 11, 4, 14, 15, 14, 11, 15, 3, 14, 11, 11, 18, 14, 11, 15, 11, 11, 17, 17, 20, 18, 1, 1, 3, 1, 1, 1, 1, 19, 17, 17, 1, 1, 1, 19, 19, 19, 12, 12, 12, 19, 14, 3, 2, 1, 0, 2, 2, 3, 3, 18, 3, 3, 3, 5, 3, 4, 1, 1, 1, 1, 1, 4, 4, 4, 4, 18, 18, 18, 18, 17, 17, 19, 17, 3, 3, 3, 3, 3, 18, 17, 0, 18, 17, 1, 17, 1, 1, 5, 3, 3, 3, 20, 17, 1, 1, 20, 1, 1, 1, 1, 3, 3, 17, 3, 3, 3, 3, 1, 2, 3, 3, 3, 3, 3, 3, 3, 3, 3, 2, 1, 1, 6, 1, 1, 1, 1, 2, 3, 19, 3, 3, 18, 1, 19, 21, 21, 21, 21, 22, 21, 22, 22, 22, 22, 22, 22, 13, 21, 21, 21, 22, 22, 7, 22, 22, 22, 1, 13, 19, 13, 18, 23, 3, 17, 24, 3, 14, 11, 16, 18, 2, 3, 17, 1, 17, 17, 3, 1, 2, 19, 6, 2, 2, 1, 2, 3, 2, 16, 3, 2, 2, 2, 15, 3, 17, 11, 15, 6, 2, 2, 8, 6, 8, 6, 6, 8, 6, 3, 24, 3, 3, 18, 3, 8, 23, 1, 5, 5, 25, 5, 21, 5, 24, 21, 5, 25, 25, 1, 1, 1, 1, 1, 1, 1, 1, 1, 1, 5, 1, 1, 1, 1, 1, 1, 8, 19, 3, 3, 3, 3, 5, 3, 3, 1, 1, 1, 1, 1, 1, 8, 1, 1, 1, 1, 3, 1, 16, 6, 19, 1, 2, 2, 2, 2, 1, 16, 1, 1, 0, 1, 2, 1, 1, 4, 4, 4, 2, 18, 4, 4, 11, 11, 11, 11, 11, 23, 10, 4, 11, 10, 4, 3, 3, 11, 11, 10, 15, 14, 11, 14, 11, 10, 15, 11, 11, 11, 4, 10, 15, 15, 12, 12, 11, 12, 1, 2, 2, 2, 2, 2, 2, 2, 2, 2, 2, 2, 2, 25, 26, 26, 26, 2, 25, 10, 2, 27, 10, 27, 27, 10, 27, 26, 26, 27, 2, 2, 2, 2, 2, 8, 2]"
xerces,22,seed22_solution043,seed22_solution043,0.5166930265995686,0.8492078877204648,0.9079446921048128,0.6447457742595055,0.5166930265995686,-0.8492078877204648,0.9079446921048128,True,False,"[0, 0, 0, 0, 0, 0, 0, 0, 0, 0, 0, 0, 0, 0, 1, 2, 0, 0, 0, 3, 2, 0, 0, 0, 0, 0, 3, 0, 0, 0, 0, 0, 0, 0, 0, 0, 0, 0, 0, 0, 0, 0, 0, 0, 0, 0, 0, 0, 0, 0, 0, 0, 0, 0, 0, 0, 0, 0, 0, 0, 0, 0, 0, 0, 0, 4, 0, 0, 5, 0, 0, 0, 0, 0, 0, 0, 0, 0, 0, 0, 0, 0, 0, 0, 0, 0, 0, 0, 0, 0, 0, 0, 0, 0, 0, 0, 0, 0, 0, 0, 5, 0, 6, 0, 0, 0, 5, 5, 5, 1, 1, 7, 0, 8, 8, 7, 6, 5, 6, 7, 7, 7, 8, 7, 7, 5, 7, 7, 7, 7, 7, 3, 7, 7, 7, 7, 7, 7, 7, 7, 7, 7, 6, 7, 7, 7, 1, 8, 7, 8, 1, 7, 7, 1, 1, 8, 8, 1, 1, 7, 1, 8, 1, 1, 1, 2, 7, 1, 1, 6, 1, 1, 1, 1, 8, 9, 10, 9, 9, 9, 9, 1, 11, 1, 1, 1, 1, 10, 1, 10, 11, 12, 13, 13, 12, 12, 13, 14, 12, 12, 12, 12, 4, 4, 11, 10, 10, 11, 11, 15, 11, 11, 12, 12, 12, 12, 11, 13, 11, 10, 14, 12, 11, 11, 11, 11, 11, 12, 11, 15, 10, 11, 11, 12, 12, 11, 11, 11, 11, 11, 15, 12, 11, 15, 13, 10, 15, 12, 15, 12, 15, 12, 15, 12, 15, 11, 11, 15, 6, 10, 11, 13, 11, 11, 11, 11, 10, 15, 11, 11, 15, 4, 11, 13, 11, 12, 12, 15, 15, 8, 7, 7, 7, 7, 7, 1, 5, 4, 1, 4, 13, 4, 12, 13, 13, 13, 12, 13, 13, 14, 14, 16, 14, 15, 16, 14, 16, 16, 14, 17, 16, 16, 14, 17, 14, 14, 15, 15, 15, 15, 15, 14, 14, 14, 17, 14, 15, 16, 14, 17, 14, 18, 16, 4, 4, 2, 4, 15, 11, 10, 10, 10, 10, 2, 15, 15, 10, 10, 3, 3, 4, 5, 5, 4, 19, 4, 4, 5, 4, 4, 10, 10, 10, 15, 12, 11, 11, 15, 15, 10, 15, 13, 15, 4, 3, 10, 1, 15, 12, 12, 10, 15, 10, 4, 4, 13, 4, 5, 4, 4, 4, 13, 4, 4, 4, 11, 10, 4, 9, 10, 10, 9, 5, 9, 10, 9, 16, 16, 20, 16, 16, 1, 9, 16, 17, 20, 20, 17, 20, 1, 16, 15, 10, 12, 1, 10, 16, 11, 12, 10, 10, 15, 15, 10, 10, 12, 15, 15, 10, 12, 6, 3, 20, 3, 10, 10, 15, 12, 10, 15, 12, 3, 10, 4, 11, 10, 10, 11, 15, 3, 13, 13, 10, 9, 15, 10, 10, 4, 11, 17, 16, 18, 16, 8, 1, 3, 1, 1, 6, 1, 16, 20, 16, 1, 1, 8, 18, 18, 9, 18, 18, 18, 20, 13, 3, 2, 1, 0, 2, 2, 2, 3, 16, 2, 3, 3, 3, 3, 4, 1, 1, 1, 1, 1, 4, 4, 4, 4, 20, 16, 16, 16, 17, 16, 16, 16, 3, 3, 3, 3, 3, 16, 3, 0, 20, 16, 1, 16, 1, 1, 3, 3, 3, 3, 19, 20, 1, 1, 21, 1, 1, 1, 1, 3, 2, 20, 3, 3, 3, 3, 1, 1, 3, 3, 3, 3, 3, 3, 3, 3, 2, 2, 1, 1, 8, 1, 1, 1, 1, 2, 3, 16, 3, 3, 18, 1, 22, 19, 21, 22, 21, 21, 21, 22, 21, 22, 19, 21, 22, 22, 23, 21, 17, 21, 23, 22, 22, 23, 22, 7, 9, 18, 21, 17, 9, 2, 19, 22, 3, 10, 10, 20, 16, 2, 3, 20, 1, 20, 16, 3, 1, 20, 16, 7, 2, 1, 8, 2, 3, 2, 9, 3, 2, 2, 2, 2, 3, 16, 10, 15, 2, 2, 2, 6, 7, 7, 6, 8, 7, 7, 3, 22, 3, 3, 20, 3, 7, 23, 1, 24, 25, 26, 25, 24, 25, 26, 26, 26, 24, 24, 1, 1, 1, 17, 1, 1, 1, 1, 1, 1, 1, 1, 1, 1, 7, 16, 1, 7, 16, 3, 3, 3, 2, 3, 3, 2, 1, 7, 1, 1, 1, 1, 7, 1, 0, 1, 1, 8, 1, 14, 16, 20, 1, 2, 2, 2, 2, 1, 20, 1, 1, 1, 1, 2, 8, 1, 4, 4, 4, 3, 16, 4, 4, 11, 10, 10, 10, 10, 25, 15, 4, 10, 11, 4, 3, 3, 10, 15, 4, 15, 11, 11, 10, 15, 10, 10, 12, 15, 10, 4, 10, 15, 10, 12, 11, 11, 12, 1, 2, 2, 2, 2, 2, 2, 2, 2, 2, 2, 2, 2, 24, 10, 24, 27, 2, 27, 27, 2, 24, 27, 21, 25, 25, 25, 27, 24, 21, 2, 2, 2, 2, 2, 2, 2]"
xerces,22,seed22_solution044,seed22_solution044,0.5238533429187635,3.3422955720724965,0.9302439737035848,0.6517162211002903,0.5238533429187635,-3.3422955720724965,0.9302439737035848,True,False,"[0, 0, 0, 0, 0, 0, 0, 0, 0, 0, 0, 0, 0, 0, 1, 2, 0, 0, 0, 3, 2, 0, 0, 0, 0, 0, 3, 0, 0, 0, 0, 0, 0, 0, 0, 0, 0, 0, 0, 0, 0, 0, 0, 0, 0, 0, 0, 0, 0, 0, 0, 0, 0, 0, 0, 0, 0, 0, 0, 0, 0, 0, 0, 0, 0, 4, 0, 0, 5, 0, 0, 0, 0, 0, 0, 0, 0, 0, 0, 0, 0, 0, 0, 0, 0, 0, 0, 0, 0, 0, 0, 0, 0, 0, 0, 0, 0, 0, 0, 0, 5, 0, 6, 0, 0, 0, 5, 5, 5, 1, 1, 7, 0, 8, 8, 7, 6, 5, 6, 7, 7, 7, 8, 7, 6, 5, 7, 7, 7, 7, 7, 3, 7, 6, 7, 7, 7, 6, 8, 7, 7, 6, 6, 7, 7, 5, 1, 8, 7, 8, 1, 7, 7, 1, 1, 8, 8, 1, 1, 6, 1, 8, 1, 1, 1, 2, 6, 1, 1, 6, 1, 1, 1, 7, 8, 9, 10, 11, 10, 11, 10, 1, 11, 1, 1, 1, 1, 11, 1, 12, 12, 12, 13, 11, 12, 12, 13, 14, 12, 13, 13, 12, 4, 4, 12, 15, 15, 15, 12, 15, 15, 12, 12, 12, 12, 12, 14, 13, 12, 12, 14, 12, 12, 14, 14, 12, 12, 12, 12, 15, 15, 15, 15, 12, 12, 12, 15, 15, 12, 12, 15, 12, 11, 15, 13, 11, 15, 12, 15, 12, 15, 12, 15, 12, 15, 14, 14, 15, 1, 15, 12, 13, 12, 15, 15, 15, 12, 15, 11, 11, 15, 4, 15, 11, 11, 12, 12, 15, 15, 8, 6, 7, 6, 7, 6, 1, 5, 4, 1, 4, 13, 4, 13, 13, 14, 13, 14, 13, 14, 14, 16, 16, 14, 14, 16, 17, 16, 16, 16, 17, 16, 16, 17, 17, 16, 17, 16, 16, 16, 17, 17, 16, 17, 16, 17, 14, 4, 16, 17, 17, 16, 18, 16, 4, 4, 2, 4, 15, 11, 15, 11, 11, 15, 2, 19, 15, 11, 11, 3, 3, 5, 5, 5, 4, 20, 4, 4, 5, 4, 4, 15, 11, 12, 15, 12, 11, 11, 15, 15, 15, 15, 11, 15, 4, 3, 12, 1, 15, 12, 12, 11, 15, 15, 4, 4, 14, 3, 5, 4, 4, 5, 13, 4, 3, 4, 11, 10, 13, 10, 10, 10, 10, 5, 11, 10, 15, 16, 16, 19, 16, 19, 1, 9, 16, 19, 19, 19, 16, 19, 1, 20, 15, 11, 12, 2, 15, 19, 11, 12, 4, 11, 15, 15, 11, 11, 12, 15, 15, 15, 12, 11, 3, 19, 3, 11, 11, 15, 12, 15, 15, 12, 3, 11, 4, 11, 11, 13, 11, 15, 2, 13, 11, 11, 9, 15, 11, 15, 4, 11, 19, 16, 19, 19, 8, 1, 3, 1, 1, 1, 1, 16, 19, 16, 1, 1, 8, 19, 18, 9, 19, 18, 9, 19, 19, 3, 2, 1, 0, 2, 1, 2, 3, 19, 3, 3, 3, 3, 3, 4, 1, 1, 1, 1, 1, 3, 3, 4, 17, 19, 16, 16, 16, 19, 19, 19, 19, 3, 3, 3, 3, 3, 19, 3, 0, 9, 19, 1, 16, 8, 1, 3, 3, 3, 3, 20, 19, 1, 1, 21, 1, 1, 1, 1, 3, 2, 19, 2, 3, 2, 2, 1, 1, 2, 3, 3, 2, 3, 3, 2, 3, 2, 2, 1, 1, 8, 7, 1, 1, 1, 2, 3, 16, 3, 3, 20, 1, 22, 22, 23, 22, 22, 23, 22, 22, 22, 22, 23, 22, 22, 22, 23, 23, 22, 23, 23, 22, 22, 23, 22, 7, 9, 18, 24, 22, 9, 2, 20, 24, 3, 12, 11, 19, 16, 2, 3, 19, 1, 19, 16, 3, 1, 19, 16, 7, 2, 1, 8, 2, 3, 2, 9, 3, 2, 2, 2, 2, 3, 9, 11, 15, 2, 2, 2, 6, 6, 7, 6, 8, 7, 7, 3, 24, 3, 3, 19, 3, 7, 25, 1, 26, 25, 26, 25, 26, 25, 25, 25, 25, 26, 26, 1, 1, 1, 17, 1, 1, 1, 1, 1, 1, 1, 1, 1, 7, 7, 16, 1, 7, 16, 3, 3, 3, 2, 3, 3, 2, 1, 7, 1, 1, 1, 1, 7, 1, 0, 1, 1, 8, 1, 3, 16, 19, 1, 2, 2, 2, 2, 1, 19, 1, 1, 1, 1, 2, 8, 1, 4, 4, 4, 3, 16, 4, 4, 11, 15, 10, 11, 12, 20, 15, 4, 11, 11, 4, 3, 3, 12, 15, 4, 15, 11, 11, 11, 15, 11, 12, 12, 15, 15, 3, 10, 15, 11, 12, 11, 12, 12, 1, 2, 2, 2, 1, 2, 1, 2, 2, 2, 2, 0, 2, 26, 10, 10, 27, 2, 27, 26, 2, 27, 27, 21, 21, 20, 20, 27, 10, 21, 2, 2, 2, 2, 2, 2, 2]"
xerces,22,seed22_solution046,seed22_solution046,0.5635370237239397,0.9092678280525772,0.9265701255698549,0.6632842210126404,0.5635370237239397,-0.9092678280525772,0.9265701255698549,True,False,"[0, 0, 0, 0, 0, 0, 0, 0, 0, 0, 0, 0, 0, 0, 1, 2, 0, 0, 0, 3, 2, 0, 0, 0, 0, 0, 3, 0, 0, 0, 0, 0, 0, 0, 0, 0, 0, 0, 0, 0, 0, 0, 0, 0, 0, 0, 0, 0, 0, 0, 0, 0, 0, 0, 0, 0, 0, 0, 0, 0, 0, 0, 0, 0, 0, 4, 0, 0, 5, 0, 0, 0, 0, 0, 0, 0, 0, 0, 0, 0, 0, 0, 0, 0, 0, 0, 0, 0, 0, 0, 0, 0, 0, 0, 0, 0, 0, 0, 0, 0, 5, 0, 5, 0, 0, 0, 6, 6, 4, 1, 2, 7, 0, 8, 6, 6, 6, 4, 7, 1, 7, 6, 7, 6, 7, 7, 7, 7, 7, 6, 7, 3, 9, 7, 6, 10, 6, 7, 7, 6, 7, 6, 7, 6, 7, 7, 1, 2, 7, 7, 1, 7, 7, 1, 1, 1, 1, 1, 2, 7, 1, 1, 2, 1, 1, 3, 6, 1, 1, 6, 1, 1, 1, 1, 4, 11, 7, 12, 11, 10, 10, 1, 10, 1, 1, 1, 1, 8, 13, 9, 10, 13, 13, 8, 9, 13, 8, 14, 9, 13, 10, 9, 10, 6, 10, 12, 8, 13, 13, 10, 10, 10, 15, 13, 13, 10, 15, 15, 13, 4, 15, 10, 13, 13, 15, 13, 13, 13, 13, 12, 8, 10, 13, 15, 10, 13, 16, 16, 10, 13, 10, 10, 9, 13, 15, 8, 13, 13, 15, 17, 13, 15, 8, 15, 10, 15, 13, 15, 2, 8, 16, 10, 13, 10, 10, 13, 8, 8, 8, 9, 12, 8, 15, 8, 8, 8, 16, 10, 10, 7, 6, 7, 7, 7, 7, 2, 4, 4, 1, 4, 14, 13, 13, 14, 2, 13, 12, 8, 12, 14, 12, 15, 14, 14, 15, 14, 14, 18, 14, 12, 14, 12, 18, 12, 14, 18, 15, 12, 13, 18, 14, 12, 18, 12, 14, 14, 15, 8, 13, 14, 12, 12, 18, 4, 4, 3, 5, 8, 4, 8, 8, 13, 8, 3, 15, 2, 12, 8, 3, 14, 4, 5, 4, 4, 5, 4, 5, 4, 5, 4, 9, 9, 8, 8, 9, 12, 9, 9, 12, 9, 8, 8, 8, 4, 3, 9, 1, 8, 8, 8, 8, 16, 8, 14, 5, 12, 4, 5, 4, 4, 5, 12, 4, 4, 4, 9, 10, 8, 11, 9, 10, 10, 5, 9, 10, 9, 16, 16, 16, 16, 16, 15, 16, 19, 18, 18, 8, 16, 16, 1, 16, 9, 4, 9, 2, 8, 16, 9, 8, 8, 8, 8, 9, 8, 9, 12, 9, 9, 8, 8, 20, 3, 21, 3, 8, 15, 8, 12, 8, 9, 4, 5, 8, 4, 9, 13, 12, 8, 8, 3, 9, 8, 9, 8, 7, 9, 8, 9, 8, 18, 16, 17, 17, 1, 1, 3, 1, 1, 1, 1, 16, 16, 16, 2, 1, 1, 15, 17, 15, 17, 22, 17, 17, 12, 3, 14, 1, 0, 3, 2, 3, 3, 16, 14, 3, 3, 3, 14, 6, 1, 1, 1, 1, 1, 4, 4, 4, 4, 16, 17, 18, 16, 12, 16, 16, 16, 3, 3, 3, 3, 3, 16, 17, 0, 22, 21, 1, 18, 1, 1, 3, 3, 3, 14, 22, 18, 1, 1, 18, 1, 1, 1, 1, 3, 3, 16, 11, 14, 3, 3, 2, 2, 14, 3, 3, 3, 3, 3, 3, 3, 3, 2, 1, 1, 1, 1, 1, 1, 1, 3, 3, 16, 14, 3, 16, 2, 19, 23, 23, 20, 19, 21, 19, 19, 19, 21, 23, 19, 19, 6, 19, 21, 19, 19, 19, 21, 23, 19, 19, 1, 21, 20, 23, 20, 21, 3, 17, 19, 3, 8, 8, 17, 17, 3, 3, 16, 1, 16, 16, 3, 2, 18, 17, 6, 2, 3, 1, 9, 3, 2, 21, 3, 2, 2, 2, 2, 3, 16, 8, 8, 14, 2, 2, 6, 7, 13, 6, 7, 7, 6, 3, 19, 3, 3, 16, 3, 10, 24, 1, 24, 24, 25, 24, 20, 20, 20, 25, 24, 25, 24, 18, 1, 1, 1, 1, 1, 1, 1, 1, 1, 1, 2, 1, 2, 1, 16, 1, 7, 18, 3, 3, 3, 3, 3, 3, 14, 1, 2, 1, 1, 1, 1, 7, 1, 0, 1, 1, 3, 1, 3, 16, 17, 1, 2, 14, 2, 2, 1, 16, 1, 1, 2, 1, 14, 1, 1, 4, 4, 4, 3, 21, 4, 4, 12, 8, 9, 8, 9, 25, 12, 6, 8, 9, 5, 3, 3, 8, 9, 9, 8, 8, 8, 8, 9, 8, 9, 8, 8, 8, 4, 12, 15, 8, 13, 7, 13, 15, 1, 2, 2, 2, 2, 2, 14, 2, 2, 2, 2, 2, 3, 26, 26, 20, 20, 2, 27, 28, 2, 27, 27, 27, 26, 20, 27, 27, 26, 20, 14, 2, 2, 2, 2, 3, 3]"
xerces,22,seed22_solution047,seed22_solution047,0.5694608195542775,3.1795773144559094,0.9141138874563512,0.672689663340292,0.5694608195542775,-3.1795773144559094,0.9141138874563512,True,False,"[0, 0, 0, 0, 0, 0, 0, 0, 0, 0, 1, 0, 0, 0, 1, 2, 0, 0, 0, 3, 2, 0, 0, 0, 0, 0, 3, 0, 0, 0, 0, 0, 0, 0, 0, 0, 0, 0, 0, 0, 0, 0, 0, 0, 0, 0, 0, 0, 0, 0, 0, 0, 0, 0, 0, 0, 0, 0, 0, 0, 0, 0, 0, 0, 0, 4, 0, 0, 4, 0, 0, 0, 0, 0, 0, 0, 0, 0, 0, 0, 0, 0, 0, 0, 0, 0, 0, 0, 0, 0, 0, 0, 0, 0, 0, 0, 0, 0, 5, 6, 5, 0, 6, 0, 0, 0, 6, 5, 6, 1, 1, 7, 0, 8, 7, 8, 6, 7, 8, 1, 7, 7, 7, 8, 7, 9, 6, 6, 10, 7, 6, 3, 6, 7, 8, 5, 6, 6, 9, 6, 7, 9, 8, 7, 8, 6, 1, 1, 7, 7, 1, 7, 6, 1, 1, 1, 1, 1, 1, 7, 1, 1, 1, 1, 8, 6, 7, 1, 1, 6, 1, 1, 1, 1, 9, 8, 11, 8, 8, 10, 11, 1, 10, 1, 1, 1, 1, 11, 1, 8, 12, 12, 11, 13, 13, 13, 13, 5, 11, 11, 14, 14, 14, 4, 12, 10, 10, 12, 12, 12, 15, 12, 15, 13, 12, 12, 12, 14, 11, 11, 12, 12, 12, 12, 12, 12, 11, 11, 12, 11, 11, 15, 15, 12, 14, 15, 15, 11, 12, 12, 12, 12, 10, 14, 14, 11, 12, 13, 13, 15, 15, 15, 11, 12, 14, 14, 15, 11, 1, 11, 15, 11, 11, 12, 12, 12, 10, 13, 10, 12, 11, 11, 12, 15, 13, 10, 5, 12, 12, 6, 7, 7, 8, 6, 8, 1, 4, 4, 1, 4, 15, 14, 11, 15, 15, 12, 16, 12, 12, 17, 13, 18, 12, 14, 13, 19, 18, 13, 19, 19, 16, 18, 16, 18, 17, 13, 13, 16, 13, 19, 14, 17, 15, 12, 13, 13, 12, 13, 13, 17, 13, 15, 16, 4, 6, 3, 4, 11, 15, 10, 10, 11, 10, 2, 16, 11, 13, 13, 3, 3, 4, 4, 5, 4, 4, 4, 4, 4, 4, 4, 10, 11, 13, 13, 10, 12, 14, 13, 15, 12, 14, 15, 11, 4, 3, 15, 1, 14, 13, 15, 10, 14, 11, 9, 4, 14, 4, 4, 4, 4, 4, 15, 4, 4, 4, 10, 10, 4, 8, 8, 11, 8, 4, 10, 11, 10, 16, 18, 16, 14, 19, 1, 16, 16, 18, 20, 16, 16, 18, 1, 6, 10, 11, 15, 2, 10, 19, 10, 14, 15, 14, 15, 13, 11, 11, 10, 11, 13, 10, 13, 11, 3, 16, 3, 10, 15, 14, 10, 13, 11, 15, 5, 15, 4, 15, 14, 14, 14, 15, 3, 15, 11, 11, 18, 15, 15, 14, 11, 11, 16, 16, 20, 18, 1, 1, 3, 1, 1, 1, 1, 20, 6, 16, 1, 1, 1, 19, 19, 19, 12, 12, 12, 20, 15, 3, 2, 1, 0, 2, 2, 3, 3, 18, 3, 3, 3, 5, 3, 4, 1, 1, 1, 1, 1, 4, 4, 4, 4, 18, 6, 18, 6, 19, 6, 19, 19, 3, 3, 3, 3, 3, 16, 16, 0, 18, 16, 1, 16, 1, 1, 5, 3, 3, 3, 17, 6, 1, 1, 20, 1, 1, 1, 1, 2, 3, 16, 3, 3, 2, 3, 1, 2, 3, 3, 3, 3, 3, 3, 3, 3, 3, 2, 1, 1, 6, 1, 1, 1, 1, 2, 3, 19, 3, 3, 18, 1, 20, 21, 21, 21, 21, 22, 21, 22, 22, 22, 22, 22, 21, 13, 21, 21, 21, 22, 22, 6, 22, 22, 22, 1, 13, 19, 21, 14, 14, 3, 16, 23, 3, 12, 12, 20, 19, 2, 3, 16, 1, 16, 16, 3, 1, 2, 20, 8, 2, 2, 1, 2, 3, 2, 16, 3, 2, 2, 2, 2, 3, 19, 13, 10, 6, 2, 2, 7, 9, 7, 6, 6, 7, 6, 3, 23, 3, 3, 19, 3, 7, 24, 1, 5, 5, 25, 5, 21, 5, 24, 21, 5, 25, 21, 1, 1, 1, 1, 1, 1, 1, 1, 1, 1, 1, 1, 1, 1, 1, 1, 1, 8, 19, 3, 3, 3, 3, 5, 3, 3, 1, 1, 1, 1, 1, 1, 7, 1, 1, 1, 1, 3, 1, 19, 6, 19, 1, 2, 2, 2, 2, 1, 17, 1, 1, 1, 1, 2, 1, 1, 4, 4, 4, 2, 18, 4, 4, 14, 11, 13, 11, 11, 23, 10, 4, 11, 10, 4, 3, 3, 11, 11, 10, 15, 10, 11, 14, 11, 10, 15, 10, 13, 13, 4, 12, 15, 15, 12, 12, 11, 12, 1, 2, 2, 2, 1, 2, 2, 2, 2, 2, 2, 2, 2, 25, 26, 26, 26, 2, 25, 10, 2, 27, 25, 27, 27, 10, 27, 25, 26, 27, 2, 2, 2, 2, 2, 8, 2]"
xerces,22,seed22_solution049,seed22_solution049,0.5945363048166786,0.6394039687345316,0.8764475953101853,0.7077981034404779,0.5945363048166786,-0.6394039687345316,0.8764475953101853,True,False,"[0, 0, 0, 0, 0, 0, 0, 0, 0, 0, 0, 0, 0, 0, 1, 2, 0, 0, 0, 3, 2, 0, 0, 0, 0, 0, 3, 0, 0, 0, 0, 0, 0, 0, 0, 0, 0, 0, 0, 0, 0, 0, 0, 0, 0, 0, 0, 0, 0, 0, 0, 0, 0, 0, 0, 0, 0, 0, 0, 0, 0, 0, 0, 0, 0, 4, 0, 0, 5, 0, 0, 0, 0, 0, 0, 0, 0, 0, 0, 0, 0, 0, 0, 0, 0, 0, 0, 0, 0, 0, 0, 0, 0, 0, 0, 0, 0, 0, 0, 0, 5, 0, 6, 0, 0, 0, 4, 7, 5, 1, 1, 5, 0, 8, 8, 5, 6, 5, 8, 7, 7, 7, 8, 7, 8, 5, 7, 4, 7, 7, 7, 3, 7, 9, 7, 8, 7, 8, 7, 4, 7, 5, 6, 5, 7, 7, 1, 2, 7, 8, 1, 7, 5, 1, 1, 6, 1, 1, 2, 5, 1, 8, 2, 1, 1, 3, 5, 1, 1, 5, 1, 1, 1, 1, 4, 9, 10, 9, 9, 9, 9, 1, 11, 1, 1, 1, 1, 10, 1, 10, 11, 11, 11, 12, 13, 11, 12, 14, 13, 13, 13, 11, 14, 9, 11, 10, 14, 11, 11, 9, 9, 9, 14, 9, 13, 13, 11, 14, 11, 10, 15, 11, 9, 11, 11, 15, 11, 8, 11, 15, 11, 11, 14, 13, 13, 14, 16, 16, 11, 11, 9, 9, 10, 15, 12, 10, 9, 13, 15, 10, 15, 13, 15, 13, 15, 11, 11, 15, 2, 10, 15, 12, 14, 11, 10, 11, 10, 15, 10, 11, 10, 4, 11, 11, 11, 13, 13, 15, 15, 4, 4, 7, 9, 7, 5, 1, 5, 4, 1, 17, 12, 4, 13, 12, 13, 11, 14, 12, 12, 14, 16, 16, 13, 15, 16, 14, 18, 16, 14, 19, 16, 16, 19, 15, 18, 14, 15, 16, 16, 15, 16, 16, 18, 14, 16, 14, 16, 16, 14, 17, 14, 18, 16, 6, 6, 3, 6, 15, 10, 12, 10, 11, 10, 2, 17, 15, 11, 10, 3, 3, 4, 6, 9, 4, 19, 4, 6, 5, 9, 4, 10, 11, 10, 12, 10, 10, 11, 15, 10, 10, 15, 15, 15, 9, 3, 10, 1, 15, 15, 10, 10, 15, 10, 15, 9, 14, 3, 9, 4, 4, 6, 14, 4, 4, 4, 11, 7, 11, 11, 10, 10, 11, 5, 9, 11, 9, 16, 16, 16, 17, 16, 1, 9, 16, 17, 18, 20, 17, 16, 1, 16, 15, 4, 10, 1, 10, 16, 14, 13, 10, 10, 10, 15, 10, 10, 10, 15, 15, 12, 13, 10, 3, 17, 3, 10, 10, 15, 13, 10, 10, 4, 3, 12, 9, 11, 10, 10, 11, 15, 2, 12, 12, 11, 11, 10, 10, 10, 4, 11, 17, 16, 17, 16, 8, 1, 3, 1, 1, 1, 1, 16, 20, 16, 1, 1, 8, 14, 18, 12, 19, 18, 12, 17, 12, 3, 2, 1, 0, 2, 2, 3, 3, 16, 15, 3, 3, 3, 3, 5, 1, 1, 1, 1, 1, 9, 4, 9, 4, 18, 16, 16, 16, 17, 17, 18, 16, 3, 3, 3, 3, 3, 16, 3, 0, 20, 17, 1, 18, 6, 1, 3, 3, 3, 3, 19, 20, 1, 1, 21, 1, 2, 1, 1, 3, 2, 14, 7, 15, 3, 3, 1, 1, 3, 3, 3, 3, 15, 3, 3, 1, 2, 2, 1, 1, 1, 1, 1, 1, 1, 2, 3, 16, 15, 3, 17, 2, 22, 19, 20, 22, 21, 21, 22, 22, 21, 22, 23, 24, 22, 22, 23, 21, 22, 23, 23, 22, 23, 23, 21, 5, 9, 14, 21, 17, 20, 2, 19, 22, 3, 10, 10, 20, 18, 2, 3, 20, 1, 17, 19, 3, 1, 20, 16, 5, 2, 3, 8, 2, 3, 2, 9, 3, 2, 2, 2, 2, 3, 16, 10, 12, 2, 2, 2, 6, 7, 4, 4, 6, 5, 7, 3, 22, 3, 3, 20, 3, 9, 24, 1, 24, 25, 26, 25, 24, 24, 26, 26, 25, 24, 24, 1, 1, 1, 1, 1, 1, 1, 1, 1, 1, 1, 1, 1, 5, 7, 17, 11, 4, 17, 3, 3, 3, 15, 3, 3, 2, 1, 1, 1, 1, 1, 1, 7, 1, 0, 1, 1, 8, 1, 14, 16, 17, 1, 2, 2, 2, 2, 1, 20, 1, 1, 1, 1, 15, 1, 1, 9, 9, 6, 3, 21, 9, 4, 11, 2, 10, 11, 10, 18, 15, 5, 11, 11, 4, 3, 3, 10, 15, 4, 14, 11, 10, 10, 15, 10, 10, 13, 15, 10, 6, 10, 14, 10, 9, 11, 9, 14, 1, 2, 2, 2, 2, 2, 2, 2, 2, 2, 2, 0, 2, 24, 8, 22, 22, 2, 27, 27, 2, 27, 27, 21, 25, 18, 25, 27, 27, 22, 2, 2, 2, 2, 2, 2, 2]"
xerces,22,seed22_solution050,seed22_solution050,0.5991660675772825,1.2083853538945968,0.903184879361937,0.6890999502725315,0.5991660675772825,-1.2083853538945968,0.903184879361937,True,False,"[0, 0, 0, 0, 0, 0, 0, 0, 0, 0, 0, 0, 0, 0, 1, 2, 0, 0, 0, 2, 2, 0, 0, 0, 0, 0, 3, 0, 0, 0, 0, 0, 0, 0, 0, 0, 0, 0, 0, 0, 0, 0, 0, 0, 0, 0, 0, 0, 0, 0, 0, 0, 0, 0, 0, 0, 0, 0, 0, 0, 0, 0, 0, 0, 0, 4, 0, 0, 4, 0, 0, 0, 5, 0, 0, 0, 0, 0, 0, 0, 0, 0, 0, 0, 0, 0, 0, 0, 0, 0, 0, 0, 0, 0, 0, 0, 0, 0, 0, 5, 6, 0, 7, 0, 0, 0, 4, 8, 5, 1, 1, 9, 0, 8, 6, 8, 9, 4, 4, 1, 7, 4, 7, 9, 5, 9, 4, 6, 10, 7, 9, 3, 7, 9, 7, 9, 6, 4, 9, 9, 7, 9, 4, 9, 7, 9, 1, 1, 6, 7, 1, 9, 6, 1, 1, 9, 9, 1, 1, 7, 1, 1, 1, 1, 8, 4, 4, 1, 1, 5, 1, 1, 1, 1, 9, 8, 10, 8, 8, 10, 7, 1, 10, 1, 1, 1, 1, 11, 1, 10, 12, 13, 12, 11, 13, 11, 11, 11, 13, 14, 12, 11, 4, 4, 5, 11, 12, 15, 13, 13, 13, 5, 14, 10, 13, 10, 13, 5, 5, 13, 13, 12, 5, 12, 13, 13, 13, 13, 13, 14, 11, 11, 10, 5, 13, 13, 14, 5, 13, 13, 13, 15, 12, 15, 8, 11, 5, 12, 5, 5, 13, 14, 11, 13, 13, 15, 5, 15, 1, 12, 5, 5, 5, 15, 13, 13, 13, 10, 10, 12, 14, 12, 12, 12, 11, 10, 13, 13, 14, 4, 9, 8, 9, 9, 4, 1, 4, 4, 1, 8, 14, 4, 12, 15, 15, 15, 15, 11, 15, 15, 14, 14, 16, 17, 17, 14, 18, 18, 17, 16, 16, 19, 15, 11, 5, 16, 18, 17, 17, 11, 15, 16, 11, 14, 16, 15, 19, 18, 14, 18, 11, 14, 16, 4, 7, 3, 4, 9, 11, 9, 10, 12, 12, 2, 17, 11, 12, 11, 3, 3, 4, 4, 3, 4, 4, 8, 4, 4, 4, 4, 10, 12, 11, 14, 12, 13, 12, 11, 15, 12, 12, 11, 14, 8, 3, 11, 1, 9, 11, 11, 10, 12, 12, 7, 4, 14, 8, 4, 4, 4, 8, 11, 4, 3, 4, 13, 12, 4, 10, 10, 12, 12, 4, 13, 12, 8, 19, 18, 16, 16, 18, 1, 18, 14, 16, 18, 16, 16, 17, 1, 5, 10, 12, 12, 2, 12, 18, 12, 10, 11, 12, 14, 11, 11, 12, 11, 14, 13, 12, 13, 12, 3, 16, 3, 9, 11, 13, 11, 11, 12, 13, 6, 12, 14, 11, 14, 15, 12, 14, 3, 15, 10, 11, 19, 11, 12, 11, 11, 11, 18, 18, 18, 18, 1, 1, 3, 1, 1, 1, 1, 18, 16, 18, 1, 1, 1, 19, 18, 12, 19, 12, 13, 20, 18, 12, 2, 1, 0, 2, 2, 3, 3, 18, 3, 3, 20, 3, 3, 8, 1, 1, 1, 1, 1, 3, 4, 8, 4, 18, 18, 18, 17, 17, 19, 20, 19, 3, 3, 3, 3, 3, 14, 3, 0, 17, 19, 1, 17, 1, 1, 3, 3, 3, 3, 16, 5, 1, 1, 18, 1, 1, 1, 1, 3, 3, 14, 2, 3, 3, 2, 1, 1, 2, 3, 3, 3, 3, 3, 3, 3, 3, 2, 1, 1, 1, 2, 1, 1, 1, 2, 3, 20, 3, 3, 18, 1, 21, 21, 21, 20, 21, 20, 21, 7, 20, 21, 17, 21, 21, 22, 23, 21, 21, 21, 23, 22, 15, 23, 22, 1, 8, 20, 21, 19, 20, 3, 14, 23, 3, 11, 12, 19, 16, 2, 3, 20, 1, 19, 18, 3, 1, 19, 20, 7, 2, 1, 1, 2, 3, 2, 16, 3, 2, 2, 2, 2, 3, 18, 11, 10, 2, 2, 2, 9, 7, 7, 9, 10, 7, 7, 3, 23, 3, 3, 16, 3, 9, 22, 1, 24, 24, 6, 25, 22, 22, 24, 24, 6, 25, 21, 1, 1, 1, 1, 1, 1, 1, 1, 1, 1, 1, 1, 1, 7, 10, 1, 1, 7, 18, 3, 3, 3, 3, 3, 3, 2, 1, 1, 1, 1, 1, 1, 4, 1, 0, 1, 1, 3, 1, 17, 7, 16, 1, 2, 2, 2, 2, 1, 16, 1, 1, 1, 1, 2, 1, 1, 4, 4, 3, 3, 18, 8, 4, 11, 10, 10, 11, 10, 26, 14, 4, 12, 12, 8, 3, 3, 13, 14, 11, 11, 12, 11, 12, 14, 12, 13, 10, 14, 11, 8, 7, 13, 11, 5, 12, 13, 5, 1, 2, 2, 2, 1, 2, 2, 2, 2, 2, 2, 0, 2, 26, 25, 7, 27, 2, 26, 4, 2, 25, 27, 24, 26, 25, 25, 27, 24, 27, 2, 2, 14, 2, 2, 2, 2]"
xerces,22,seed22_solution051,seed22_solution051,0.6120488856937455,3.098931823636629,0.8923537293915796,0.7373019653009097,0.6120488856937455,-3.098931823636629,0.8923537293915796,True,False,"[0, 0, 0, 0, 0, 0, 0, 1, 0, 0, 0, 0, 0, 0, 1, 2, 0, 0, 0, 3, 4, 0, 0, 3, 0, 0, 5, 0, 0, 0, 0, 0, 6, 0, 0, 0, 0, 0, 7, 0, 0, 0, 0, 0, 0, 0, 8, 0, 0, 0, 3, 9, 0, 0, 0, 0, 0, 0, 0, 0, 10, 0, 0, 0, 11, 9, 0, 0, 11, 5, 0, 0, 0, 0, 0, 0, 0, 0, 0, 0, 10, 0, 0, 0, 12, 0, 0, 0, 0, 0, 0, 0, 0, 0, 0, 0, 4, 0, 0, 0, 3, 0, 3, 0, 0, 13, 3, 3, 14, 1, 5, 6, 14, 1, 15, 6, 6, 6, 6, 1, 6, 15, 6, 15, 15, 6, 15, 15, 6, 7, 6, 9, 6, 15, 11, 15, 6, 8, 6, 15, 6, 15, 16, 15, 15, 15, 17, 1, 8, 6, 1, 8, 8, 15, 1, 1, 1, 1, 1, 16, 1, 1, 1, 1, 1, 4, 15, 7, 1, 6, 1, 18, 1, 1, 1, 14, 8, 7, 14, 14, 7, 1, 14, 1, 1, 5, 1, 7, 3, 8, 10, 11, 2, 11, 11, 10, 11, 12, 3, 11, 1, 11, 12, 2, 8, 12, 7, 10, 10, 18, 8, 8, 12, 19, 10, 10, 18, 10, 8, 8, 10, 10, 11, 4, 10, 14, 10, 8, 10, 10, 8, 8, 10, 10, 8, 8, 18, 7, 10, 8, 10, 10, 11, 11, 10, 7, 10, 10, 10, 10, 18, 8, 12, 10, 20, 10, 10, 10, 1, 12, 10, 10, 8, 10, 8, 21, 7, 8, 10, 12, 7, 15, 19, 11, 8, 14, 8, 10, 8, 6, 6, 6, 6, 6, 15, 5, 5, 9, 1, 2, 11, 13, 10, 13, 11, 11, 11, 10, 12, 14, 21, 12, 13, 18, 17, 13, 13, 21, 21, 13, 15, 13, 12, 13, 21, 15, 21, 15, 15, 15, 22, 21, 12, 21, 21, 15, 15, 12, 12, 13, 15, 15, 12, 2, 2, 9, 9, 3, 7, 7, 11, 15, 7, 13, 15, 8, 12, 8, 9, 4, 2, 2, 2, 2, 2, 9, 2, 2, 2, 2, 8, 8, 8, 7, 7, 12, 8, 8, 7, 6, 8, 12, 3, 2, 9, 8, 1, 7, 7, 8, 8, 8, 8, 4, 2, 21, 2, 2, 2, 2, 17, 9, 2, 2, 4, 3, 7, 12, 7, 7, 14, 7, 1, 3, 11, 21, 13, 17, 17, 17, 11, 1, 17, 17, 17, 17, 17, 16, 17, 1, 16, 8, 8, 5, 4, 2, 17, 12, 8, 7, 8, 7, 7, 7, 8, 7, 12, 7, 8, 8, 8, 9, 13, 9, 7, 12, 8, 12, 8, 3, 7, 9, 8, 1, 5, 12, 12, 8, 7, 9, 12, 12, 20, 12, 8, 3, 19, 0, 10, 17, 13, 18, 16, 1, 1, 1, 1, 1, 2, 1, 17, 12, 1, 5, 5, 1, 16, 11, 16, 10, 18, 16, 13, 12, 9, 4, 1, 0, 4, 4, 9, 9, 13, 9, 9, 4, 16, 4, 2, 14, 1, 1, 1, 1, 2, 2, 2, 2, 16, 16, 17, 17, 17, 17, 16, 0, 9, 4, 0, 9, 9, 17, 16, 0, 18, 16, 1, 17, 1, 1, 9, 9, 9, 9, 18, 17, 1, 1, 19, 1, 5, 1, 1, 9, 9, 5, 9, 3, 9, 21, 1, 4, 9, 9, 9, 9, 9, 9, 9, 9, 9, 4, 1, 1, 1, 4, 1, 5, 1, 1, 6, 12, 9, 9, 18, 1, 19, 21, 19, 16, 21, 21, 20, 17, 16, 19, 21, 21, 20, 20, 19, 20, 5, 16, 16, 19, 20, 21, 20, 1, 22, 20, 22, 20, 22, 9, 16, 23, 9, 8, 6, 17, 16, 1, 9, 13, 5, 22, 17, 5, 1, 6, 16, 19, 4, 4, 1, 4, 9, 4, 17, 9, 4, 1, 1, 4, 9, 17, 8, 12, 4, 4, 4, 6, 15, 6, 6, 15, 6, 15, 9, 23, 9, 9, 13, 9, 6, 23, 1, 24, 24, 24, 5, 11, 24, 24, 25, 24, 24, 24, 16, 1, 1, 1, 1, 1, 1, 1, 1, 1, 1, 9, 1, 1, 1, 1, 1, 13, 16, 9, 2, 3, 9, 9, 1, 9, 1, 1, 13, 5, 1, 1, 15, 1, 12, 1, 13, 1, 1, 9, 6, 16, 3, 4, 4, 1, 4, 5, 2, 5, 1, 1, 1, 3, 1, 1, 2, 2, 1, 9, 17, 2, 2, 7, 7, 12, 7, 8, 26, 21, 2, 17, 8, 2, 9, 9, 8, 15, 7, 11, 7, 12, 8, 8, 8, 8, 8, 7, 1, 5, 12, 10, 8, 10, 8, 18, 10, 20, 4, 1, 1, 4, 20, 4, 4, 4, 4, 4, 0, 4, 13, 27, 26, 28, 4, 25, 27, 4, 0, 27, 26, 26, 27, 25, 27, 1, 28, 4, 4, 4, 4, 4, 4, 4]"
xerces,22,seed22_solution052,seed22_solution052,0.617196261682243,3.1058489356130665,0.8572403756487375,0.7269724308754859,0.617196261682243,-3.1058489356130665,0.8572403756487375,True,False,"[0, 0, 0, 0, 0, 0, 0, 0, 0, 0, 1, 0, 0, 0, 1, 2, 0, 0, 0, 3, 2, 0, 0, 0, 0, 0, 3, 0, 0, 0, 0, 0, 0, 0, 0, 0, 0, 0, 0, 0, 0, 0, 0, 0, 0, 0, 0, 0, 0, 0, 0, 0, 0, 0, 0, 0, 0, 0, 0, 0, 0, 0, 0, 0, 0, 4, 0, 0, 5, 0, 0, 0, 0, 0, 0, 0, 1, 0, 0, 0, 0, 0, 0, 0, 0, 0, 0, 0, 0, 0, 0, 0, 0, 0, 0, 0, 0, 0, 5, 0, 5, 0, 6, 0, 0, 0, 7, 8, 6, 1, 2, 8, 0, 8, 7, 8, 6, 7, 8, 1, 8, 4, 7, 8, 5, 9, 5, 4, 10, 5, 4, 3, 5, 7, 8, 5, 6, 6, 9, 6, 7, 9, 8, 7, 8, 4, 1, 1, 8, 6, 1, 7, 4, 1, 1, 1, 1, 1, 1, 4, 4, 2, 1, 1, 8, 6, 4, 1, 1, 5, 1, 1, 1, 1, 7, 8, 10, 11, 8, 10, 10, 1, 8, 1, 1, 1, 1, 9, 5, 8, 11, 11, 12, 9, 12, 12, 13, 12, 12, 12, 14, 12, 10, 4, 10, 10, 13, 14, 10, 11, 15, 10, 14, 15, 13, 11, 14, 14, 12, 7, 14, 10, 11, 11, 13, 11, 10, 6, 11, 12, 12, 10, 15, 11, 11, 13, 15, 16, 11, 11, 11, 13, 10, 10, 11, 12, 11, 11, 14, 15, 14, 14, 16, 14, 11, 14, 6, 14, 2, 12, 15, 12, 12, 11, 13, 11, 14, 13, 13, 12, 13, 12, 11, 15, 13, 13, 4, 10, 11, 6, 7, 6, 5, 4, 8, 1, 7, 4, 1, 4, 15, 14, 12, 15, 15, 11, 15, 11, 15, 17, 13, 18, 11, 16, 16, 18, 18, 18, 16, 19, 19, 16, 19, 11, 17, 18, 13, 19, 13, 19, 16, 14, 15, 11, 16, 16, 12, 13, 13, 17, 19, 11, 14, 5, 5, 15, 4, 12, 15, 10, 10, 12, 9, 2, 11, 12, 13, 13, 3, 3, 4, 4, 5, 4, 7, 4, 7, 4, 5, 5, 10, 13, 13, 15, 13, 11, 13, 12, 15, 12, 14, 15, 12, 5, 3, 15, 1, 15, 14, 13, 15, 11, 13, 9, 4, 14, 4, 4, 5, 4, 4, 15, 15, 7, 4, 10, 10, 4, 8, 8, 13, 13, 7, 10, 12, 10, 16, 16, 16, 14, 17, 1, 16, 16, 18, 20, 16, 16, 17, 1, 6, 10, 12, 15, 2, 10, 19, 12, 9, 15, 15, 15, 13, 12, 13, 13, 12, 12, 9, 11, 12, 3, 18, 3, 13, 15, 11, 10, 15, 12, 15, 5, 15, 4, 11, 14, 14, 13, 15, 3, 11, 12, 12, 18, 15, 15, 15, 13, 12, 16, 16, 20, 17, 1, 1, 3, 1, 1, 1, 1, 18, 6, 19, 2, 1, 1, 14, 18, 19, 11, 11, 13, 20, 15, 3, 2, 1, 0, 2, 2, 15, 3, 18, 3, 3, 3, 4, 3, 4, 1, 1, 1, 1, 1, 4, 4, 4, 7, 17, 17, 18, 16, 11, 19, 18, 19, 3, 3, 3, 3, 3, 16, 16, 0, 17, 16, 1, 19, 1, 1, 5, 3, 3, 5, 16, 18, 14, 1, 20, 1, 2, 1, 1, 2, 3, 19, 8, 3, 3, 3, 1, 1, 3, 3, 3, 3, 3, 3, 3, 3, 3, 2, 1, 1, 6, 1, 1, 1, 1, 3, 3, 18, 3, 3, 17, 1, 19, 21, 21, 21, 21, 22, 21, 22, 22, 22, 22, 22, 21, 16, 21, 21, 21, 22, 22, 6, 22, 22, 22, 1, 13, 14, 22, 17, 14, 3, 16, 23, 3, 11, 11, 14, 19, 3, 3, 16, 1, 16, 16, 3, 1, 2, 16, 8, 2, 2, 1, 2, 3, 2, 16, 3, 3, 2, 2, 2, 15, 19, 13, 9, 6, 15, 2, 8, 9, 7, 6, 6, 7, 4, 3, 23, 3, 3, 19, 3, 7, 24, 2, 20, 5, 24, 5, 20, 4, 20, 21, 4, 25, 21, 1, 1, 1, 1, 1, 1, 1, 1, 1, 1, 1, 1, 1, 1, 1, 16, 12, 8, 18, 3, 3, 3, 3, 5, 3, 3, 1, 1, 1, 2, 1, 1, 6, 1, 1, 1, 1, 3, 1, 14, 6, 18, 1, 2, 2, 2, 15, 1, 17, 1, 1, 1, 1, 2, 1, 1, 5, 4, 4, 2, 17, 4, 5, 12, 12, 13, 12, 12, 23, 10, 4, 12, 10, 4, 3, 3, 12, 12, 10, 15, 11, 12, 2, 12, 10, 13, 12, 9, 13, 7, 13, 14, 15, 10, 13, 12, 14, 1, 2, 2, 2, 2, 2, 15, 2, 2, 2, 2, 2, 2, 25, 26, 20, 26, 2, 25, 25, 2, 27, 25, 27, 27, 10, 20, 25, 26, 20, 15, 2, 2, 3, 2, 8, 3]"
xerces,22,seed22_solution053,seed22_solution053,0.6286412652767793,0.8019225189637896,0.8562045459390623,0.7188328153084449,0.6286412652767793,-0.8019225189637896,0.8562045459390623,True,False,"[0, 0, 0, 0, 0, 0, 0, 0, 0, 0, 1, 0, 0, 0, 1, 2, 0, 0, 0, 3, 2, 0, 0, 0, 0, 0, 3, 0, 0, 0, 0, 0, 0, 0, 0, 0, 0, 0, 0, 0, 0, 0, 4, 0, 0, 0, 0, 0, 0, 0, 0, 0, 0, 0, 0, 0, 0, 0, 0, 0, 0, 0, 0, 0, 0, 5, 0, 0, 6, 0, 0, 0, 0, 0, 0, 0, 1, 0, 0, 0, 0, 0, 0, 0, 0, 0, 0, 0, 0, 0, 0, 0, 0, 0, 0, 0, 0, 0, 5, 0, 6, 0, 6, 0, 0, 0, 5, 7, 8, 1, 2, 9, 0, 10, 6, 5, 6, 4, 6, 2, 7, 6, 7, 5, 8, 6, 6, 6, 9, 6, 6, 3, 6, 11, 5, 9, 6, 6, 5, 5, 6, 7, 8, 5, 7, 5, 1, 2, 7, 7, 1, 7, 5, 1, 1, 1, 1, 1, 2, 7, 1, 2, 1, 1, 1, 3, 5, 1, 1, 6, 1, 1, 1, 1, 8, 7, 8, 12, 9, 10, 9, 1, 10, 1, 1, 1, 1, 11, 1, 13, 13, 13, 11, 10, 11, 11, 11, 14, 9, 11, 9, 12, 12, 4, 11, 10, 13, 13, 9, 9, 9, 9, 12, 14, 15, 11, 15, 15, 11, 4, 15, 9, 14, 15, 13, 13, 9, 8, 9, 10, 11, 14, 12, 15, 12, 15, 16, 16, 9, 13, 9, 9, 13, 9, 12, 2, 13, 9, 14, 17, 14, 15, 11, 13, 12, 13, 8, 15, 2, 10, 14, 9, 15, 13, 9, 9, 11, 13, 11, 11, 13, 11, 15, 13, 14, 13, 5, 9, 13, 6, 5, 8, 6, 6, 5, 1, 4, 6, 1, 4, 14, 12, 11, 14, 2, 11, 14, 10, 13, 15, 12, 16, 13, 16, 15, 18, 16, 18, 16, 12, 17, 16, 17, 15, 15, 18, 16, 17, 16, 18, 18, 12, 13, 13, 18, 18, 13, 10, 16, 15, 12, 12, 18, 4, 6, 3, 6, 10, 14, 11, 10, 11, 10, 3, 16, 11, 13, 11, 3, 14, 6, 6, 4, 4, 4, 4, 6, 4, 6, 4, 14, 13, 10, 14, 13, 11, 14, 13, 13, 13, 10, 13, 10, 4, 3, 12, 2, 10, 15, 13, 13, 16, 10, 14, 4, 15, 6, 4, 4, 4, 4, 14, 4, 6, 6, 9, 7, 11, 9, 13, 10, 9, 4, 10, 10, 13, 16, 16, 16, 12, 16, 15, 18, 6, 18, 18, 10, 16, 19, 1, 17, 13, 4, 13, 2, 13, 17, 11, 10, 15, 14, 13, 13, 11, 11, 13, 13, 13, 10, 12, 20, 3, 21, 3, 13, 14, 10, 10, 14, 11, 14, 6, 11, 6, 13, 14, 12, 13, 14, 3, 12, 11, 11, 11, 12, 11, 11, 13, 11, 17, 17, 17, 18, 1, 1, 3, 6, 1, 1, 1, 18, 17, 17, 1, 1, 1, 18, 21, 18, 13, 13, 13, 18, 17, 3, 14, 1, 0, 2, 2, 14, 3, 16, 3, 3, 3, 5, 14, 4, 1, 1, 1, 1, 1, 6, 4, 4, 4, 18, 16, 19, 16, 17, 17, 16, 18, 3, 3, 3, 3, 3, 19, 17, 0, 19, 21, 1, 18, 1, 1, 5, 3, 3, 14, 16, 17, 15, 1, 19, 1, 1, 1, 1, 3, 3, 17, 3, 14, 3, 3, 1, 2, 3, 3, 3, 14, 14, 3, 3, 1, 3, 2, 1, 1, 1, 1, 1, 1, 1, 3, 3, 16, 3, 3, 19, 2, 18, 20, 20, 20, 20, 21, 20, 21, 21, 21, 22, 23, 21, 5, 22, 21, 22, 18, 22, 21, 22, 24, 21, 1, 16, 15, 22, 23, 24, 3, 16, 23, 3, 12, 13, 21, 19, 2, 3, 17, 1, 17, 17, 19, 1, 2, 16, 6, 2, 2, 1, 13, 3, 2, 21, 3, 3, 2, 3, 14, 14, 17, 13, 14, 14, 2, 2, 7, 5, 11, 5, 5, 5, 5, 3, 24, 3, 3, 18, 3, 7, 22, 1, 20, 20, 25, 25, 20, 5, 20, 25, 5, 25, 25, 18, 1, 1, 1, 1, 1, 1, 1, 1, 1, 5, 2, 1, 1, 1, 1, 1, 7, 18, 3, 14, 3, 3, 5, 3, 3, 6, 2, 1, 2, 2, 1, 7, 1, 1, 1, 1, 3, 1, 15, 6, 18, 1, 2, 2, 2, 2, 1, 15, 1, 1, 1, 1, 2, 1, 1, 4, 4, 4, 3, 19, 5, 6, 11, 11, 13, 10, 13, 20, 10, 4, 13, 13, 4, 3, 3, 13, 13, 10, 14, 13, 13, 2, 13, 13, 14, 11, 10, 13, 6, 10, 15, 14, 9, 13, 11, 15, 1, 2, 2, 2, 2, 2, 2, 2, 2, 2, 2, 2, 3, 25, 26, 20, 26, 2, 25, 26, 2, 27, 27, 27, 27, 20, 20, 26, 26, 20, 14, 2, 2, 2, 2, 3, 2]"
xerces,22,seed22_solution054,seed22_solution054,0.6353702372393961,0.587431656016846,0.8437487388261131,0.7487496601312602,0.6353702372393961,-0.587431656016846,0.8437487388261131,True,False,"[0, 0, 0, 0, 0, 0, 0, 0, 0, 0, 1, 0, 0, 0, 2, 3, 0, 4, 0, 4, 1, 0, 0, 0, 1, 0, 5, 0, 4, 0, 6, 0, 0, 7, 0, 0, 0, 0, 0, 0, 0, 0, 0, 0, 0, 0, 0, 7, 0, 0, 0, 0, 0, 0, 0, 0, 0, 0, 8, 0, 0, 0, 0, 0, 0, 4, 0, 0, 4, 0, 9, 0, 0, 0, 0, 0, 0, 0, 0, 0, 0, 0, 0, 0, 0, 0, 0, 0, 0, 8, 0, 0, 0, 0, 0, 0, 0, 0, 0, 0, 4, 0, 6, 0, 0, 0, 4, 3, 5, 5, 2, 7, 8, 2, 6, 7, 7, 7, 6, 1, 6, 3, 7, 6, 6, 7, 10, 7, 6, 7, 7, 5, 7, 7, 7, 6, 7, 7, 7, 6, 7, 6, 8, 7, 7, 7, 11, 1, 12, 8, 0, 2, 6, 13, 2, 2, 13, 2, 1, 6, 1, 1, 2, 2, 13, 6, 6, 12, 1, 7, 1, 2, 1, 1, 6, 12, 12, 14, 12, 12, 14, 2, 14, 1, 1, 13, 13, 9, 1, 9, 10, 4, 15, 14, 10, 12, 15, 12, 11, 15, 10, 10, 16, 3, 16, 9, 9, 17, 14, 10, 10, 10, 16, 18, 10, 15, 17, 10, 10, 9, 17, 10, 10, 14, 10, 15, 15, 10, 10, 9, 17, 10, 10, 17, 17, 10, 14, 10, 14, 15, 10, 10, 9, 17, 14, 9, 16, 15, 14, 14, 17, 10, 9, 10, 12, 14, 14, 10, 1, 14, 14, 16, 14, 10, 10, 10, 9, 9, 10, 4, 9, 9, 18, 16, 9, 1, 14, 10, 10, 11, 6, 7, 8, 7, 2, 1, 8, 3, 2, 4, 10, 6, 12, 12, 2, 12, 12, 12, 16, 11, 9, 12, 12, 15, 11, 11, 11, 11, 15, 11, 11, 4, 4, 15, 11, 11, 15, 11, 19, 11, 11, 11, 6, 11, 11, 11, 11, 11, 11, 11, 12, 19, 15, 4, 4, 9, 8, 9, 14, 9, 9, 6, 12, 13, 19, 16, 18, 20, 11, 21, 3, 4, 4, 4, 8, 8, 4, 8, 19, 4, 10, 9, 14, 9, 9, 12, 10, 9, 9, 9, 9, 9, 9, 3, 3, 9, 1, 10, 9, 10, 14, 14, 9, 4, 4, 12, 8, 4, 8, 4, 8, 16, 4, 4, 4, 4, 5, 9, 9, 14, 9, 14, 8, 14, 14, 14, 3, 19, 6, 13, 10, 1, 17, 19, 13, 7, 13, 16, 13, 1, 19, 9, 11, 9, 3, 4, 7, 12, 9, 9, 4, 9, 9, 9, 9, 9, 16, 9, 9, 9, 9, 3, 19, 3, 12, 9, 4, 9, 9, 9, 22, 1, 4, 8, 9, 10, 9, 16, 16, 1, 18, 14, 22, 16, 9, 9, 9, 9, 9, 19, 3, 19, 21, 1, 1, 5, 5, 1, 2, 2, 3, 19, 21, 1, 2, 13, 10, 12, 7, 14, 17, 16, 10, 16, 3, 2, 1, 4, 2, 2, 18, 21, 21, 1, 12, 15, 1, 1, 8, 1, 1, 1, 2, 1, 8, 8, 8, 8, 21, 21, 6, 19, 8, 13, 17, 19, 3, 3, 0, 3, 7, 19, 13, 0, 18, 13, 2, 15, 1, 1, 3, 1, 3, 21, 13, 21, 1, 1, 22, 1, 2, 1, 11, 3, 3, 21, 3, 5, 5, 1, 1, 1, 3, 3, 21, 1, 3, 3, 1, 3, 3, 8, 13, 1, 8, 2, 1, 1, 2, 3, 7, 13, 3, 3, 7, 2, 23, 21, 20, 23, 23, 9, 23, 23, 23, 11, 20, 20, 23, 20, 20, 21, 20, 11, 11, 23, 23, 20, 23, 2, 13, 13, 16, 16, 20, 3, 13, 24, 1, 9, 9, 16, 17, 2, 3, 19, 1, 21, 17, 20, 2, 13, 17, 18, 6, 2, 2, 2, 4, 3, 17, 3, 2, 2, 2, 2, 7, 16, 9, 9, 4, 3, 3, 6, 7, 6, 7, 6, 6, 7, 2, 24, 11, 1, 13, 3, 7, 22, 2, 19, 24, 24, 24, 24, 24, 25, 24, 4, 24, 25, 11, 2, 2, 1, 1, 1, 2, 1, 1, 1, 1, 1, 2, 1, 8, 2, 1, 13, 17, 7, 13, 3, 1, 21, 3, 3, 1, 2, 1, 13, 1, 13, 7, 1, 2, 5, 1, 3, 2, 2, 7, 16, 5, 2, 3, 3, 3, 13, 13, 1, 1, 2, 2, 5, 1, 1, 3, 8, 8, 1, 16, 4, 8, 14, 20, 9, 9, 9, 26, 9, 4, 11, 4, 4, 7, 3, 9, 9, 9, 9, 9, 8, 16, 9, 9, 9, 9, 9, 9, 4, 14, 16, 9, 14, 10, 10, 16, 1, 3, 3, 2, 2, 2, 18, 2, 2, 2, 2, 2, 2, 27, 27, 28, 28, 14, 26, 26, 2, 28, 28, 28, 27, 28, 25, 9, 28, 28, 3, 2, 2, 19, 2, 6, 3]"
xerces,22,seed22_solution055,seed22_solution055,0.649000718907261,9.412551388496048,1.360280972654473,0.7414476126607477,0.649000718907261,-9.412551388496048,1.360280972654473,True,False,"[0, 0, 0, 0, 1, 0, 0, 0, 2, 3, 0, 0, 0, 0, 4, 2, 0, 0, 2, 1, 2, 0, 0, 0, 0, 0, 0, 2, 0, 0, 0, 0, 0, 0, 0, 0, 0, 0, 4, 4, 0, 0, 0, 0, 0, 0, 0, 0, 0, 3, 3, 0, 4, 0, 0, 2, 0, 3, 0, 3, 0, 0, 2, 0, 0, 5, 3, 0, 5, 3, 0, 4, 1, 0, 1, 4, 0, 0, 3, 3, 0, 0, 0, 0, 3, 2, 4, 0, 0, 5, 3, 0, 1, 0, 1, 1, 0, 0, 1, 1, 6, 1, 2, 2, 0, 0, 6, 6, 1, 1, 1, 2, 1, 3, 7, 7, 7, 2, 7, 1, 1, 7, 0, 7, 7, 7, 7, 2, 7, 3, 4, 3, 7, 3, 1, 2, 1, 7, 7, 3, 7, 1, 7, 4, 0, 3, 1, 1, 7, 1, 1, 7, 7, 4, 4, 1, 1, 5, 5, 0, 1, 1, 4, 1, 4, 0, 2, 4, 1, 4, 3, 1, 1, 1, 1, 2, 1, 8, 8, 0, 3, 1, 8, 1, 0, 1, 1, 9, 4, 9, 10, 11, 11, 9, 0, 11, 11, 12, 3, 11, 11, 1, 4, 1, 2, 1, 13, 10, 3, 1, 4, 1, 4, 10, 10, 10, 2, 4, 10, 1, 10, 10, 0, 10, 3, 10, 0, 10, 2, 7, 0, 10, 10, 3, 10, 10, 0, 10, 10, 10, 11, 4, 9, 3, 2, 1, 10, 10, 1, 10, 10, 10, 0, 10, 10, 10, 10, 1, 1, 9, 0, 10, 10, 3, 10, 0, 3, 1, 9, 5, 1, 9, 10, 9, 4, 4, 4, 2, 0, 7, 4, 0, 7, 0, 7, 2, 5, 1, 3, 5, 12, 1, 2, 12, 0, 12, 12, 2, 12, 14, 14, 1, 14, 14, 4, 3, 4, 2, 0, 14, 14, 0, 14, 15, 4, 16, 14, 0, 4, 0, 6, 14, 4, 14, 14, 4, 0, 14, 1, 14, 0, 14, 3, 5, 5, 8, 5, 9, 9, 0, 9, 9, 3, 2, 1, 9, 9, 9, 3, 3, 5, 5, 0, 5, 1, 5, 5, 2, 5, 2, 9, 9, 13, 3, 9, 3, 15, 9, 9, 7, 4, 1, 0, 2, 3, 1, 2, 1, 9, 3, 9, 0, 3, 4, 5, 12, 5, 3, 4, 5, 2, 2, 5, 5, 2, 3, 0, 1, 3, 2, 3, 8, 5, 8, 8, 1, 17, 17, 1, 1, 17, 3, 17, 4, 0, 17, 2, 0, 0, 1, 2, 9, 0, 9, 2, 9, 0, 2, 9, 9, 3, 9, 9, 9, 9, 9, 9, 9, 9, 4, 9, 3, 17, 3, 9, 9, 7, 9, 9, 9, 1, 5, 0, 0, 9, 1, 1, 9, 9, 4, 4, 9, 0, 4, 9, 0, 9, 9, 0, 1, 2, 4, 17, 0, 1, 2, 3, 0, 0, 1, 17, 3, 3, 1, 1, 4, 18, 18, 18, 4, 9, 19, 18, 0, 3, 2, 0, 0, 2, 4, 3, 3, 1, 1, 3, 2, 3, 3, 5, 1, 4, 0, 1, 1, 5, 5, 5, 5, 3, 17, 2, 17, 3, 4, 1, 2, 3, 3, 3, 3, 3, 4, 1, 0, 2, 17, 1, 17, 1, 1, 1, 3, 3, 1, 17, 17, 1, 1, 0, 0, 4, 2, 1, 2, 3, 3, 2, 0, 3, 0, 1, 1, 1, 4, 3, 3, 3, 1, 3, 2, 3, 4, 4, 0, 0, 1, 1, 0, 3, 1, 3, 17, 3, 3, 17, 1, 2, 1, 13, 5, 13, 1, 20, 0, 20, 2, 13, 20, 1, 13, 1, 4, 3, 13, 3, 20, 3, 3, 0, 3, 4, 18, 1, 18, 3, 1, 2, 21, 4, 9, 9, 18, 2, 4, 3, 17, 1, 17, 0, 4, 1, 17, 17, 7, 2, 2, 1, 2, 3, 4, 17, 2, 2, 1, 2, 2, 2, 11, 0, 2, 4, 0, 2, 7, 1, 7, 7, 1, 7, 7, 3, 21, 3, 3, 17, 4, 7, 2, 2, 22, 22, 0, 2, 22, 2, 22, 1, 22, 12, 22, 1, 1, 1, 1, 1, 0, 4, 1, 2, 1, 1, 1, 1, 1, 1, 1, 0, 1, 17, 0, 3, 3, 3, 3, 0, 3, 1, 1, 3, 1, 1, 2, 0, 1, 0, 1, 1, 5, 1, 3, 17, 4, 1, 2, 2, 2, 2, 3, 17, 2, 1, 2, 3, 2, 1, 0, 0, 5, 5, 0, 17, 5, 5, 9, 0, 9, 1, 9, 23, 0, 5, 9, 9, 5, 1, 3, 1, 4, 3, 9, 3, 9, 9, 9, 9, 0, 2, 1, 4, 5, 4, 4, 9, 2, 2, 10, 10, 1, 1, 2, 2, 1, 2, 3, 1, 0, 0, 2, 1, 2, 4, 24, 23, 0, 2, 4, 4, 0, 0, 25, 25, 25, 4, 0, 0, 1, 4, 2, 2, 2, 2, 2, 4, 2]"
xerces,22,seed22_solution056,seed22_solution056,0.6550107836089144,2.936155880826149,0.7970578076994556,0.794179507489629,0.6550107836089144,-2.936155880826149,0.7970578076994556,True,False,"[0, 0, 0, 0, 0, 0, 1, 0, 2, 0, 3, 0, 0, 0, 4, 5, 0, 0, 5, 5, 5, 0, 0, 6, 4, 0, 7, 0, 0, 0, 2, 0, 8, 0, 0, 0, 0, 0, 0, 0, 0, 0, 9, 7, 10, 0, 0, 0, 0, 0, 3, 0, 0, 0, 0, 0, 0, 0, 0, 0, 0, 11, 0, 3, 0, 2, 0, 0, 12, 1, 0, 0, 0, 13, 0, 0, 2, 14, 0, 0, 0, 0, 1, 0, 1, 0, 0, 0, 0, 3, 0, 0, 0, 0, 0, 0, 0, 0, 0, 0, 3, 0, 6, 13, 0, 12, 3, 3, 3, 15, 1, 16, 0, 9, 1, 1, 1, 1, 1, 4, 1, 8, 4, 8, 9, 1, 1, 9, 2, 16, 4, 2, 1, 6, 1, 16, 14, 1, 1, 1, 1, 0, 15, 9, 1, 9, 4, 12, 1, 9, 0, 1, 1, 9, 5, 14, 13, 14, 4, 1, 8, 4, 4, 4, 4, 16, 2, 8, 4, 14, 1, 4, 14, 14, 12, 12, 15, 15, 15, 12, 13, 4, 16, 3, 4, 1, 4, 12, 4, 15, 10, 7, 16, 3, 0, 16, 4, 3, 16, 16, 4, 3, 11, 2, 10, 0, 6, 16, 17, 10, 10, 15, 17, 10, 6, 12, 6, 10, 4, 2, 15, 3, 10, 7, 10, 12, 17, 11, 9, 6, 12, 10, 10, 16, 15, 10, 15, 4, 1, 10, 10, 10, 3, 10, 6, 15, 10, 0, 13, 10, 10, 11, 3, 10, 10, 10, 10, 18, 0, 12, 10, 3, 10, 5, 10, 10, 17, 15, 9, 17, 12, 12, 16, 12, 8, 12, 10, 10, 12, 1, 12, 9, 1, 1, 12, 4, 6, 2, 16, 2, 2, 9, 8, 3, 3, 11, 13, 11, 10, 16, 13, 17, 13, 7, 13, 9, 16, 13, 19, 6, 3, 1, 14, 14, 13, 13, 13, 13, 9, 14, 20, 9, 17, 13, 13, 8, 13, 13, 13, 0, 14, 14, 1, 10, 2, 7, 14, 12, 12, 12, 3, 6, 6, 5, 12, 15, 9, 0, 2, 5, 13, 2, 5, 2, 2, 7, 7, 2, 2, 1, 16, 12, 15, 15, 12, 17, 7, 12, 12, 8, 12, 9, 10, 2, 10, 12, 5, 12, 12, 10, 15, 3, 5, 7, 2, 11, 4, 2, 4, 4, 7, 11, 2, 2, 13, 15, 15, 2, 15, 11, 6, 15, 14, 7, 15, 15, 17, 10, 19, 13, 18, 13, 18, 18, 10, 16, 18, 18, 18, 14, 18, 3, 12, 6, 5, 15, 2, 11, 12, 12, 14, 12, 12, 12, 12, 12, 12, 12, 15, 12, 15, 7, 18, 7, 12, 15, 15, 12, 12, 12, 12, 6, 15, 2, 1, 12, 3, 12, 12, 2, 21, 17, 12, 16, 12, 12, 12, 12, 12, 18, 18, 18, 7, 16, 14, 7, 5, 4, 14, 4, 18, 16, 4, 1, 4, 4, 19, 19, 11, 6, 17, 11, 18, 3, 7, 5, 4, 0, 5, 10, 0, 14, 18, 5, 11, 7, 7, 9, 2, 4, 4, 15, 5, 4, 2, 2, 13, 7, 10, 18, 13, 18, 3, 21, 19, 11, 2, 7, 2, 7, 9, 22, 18, 11, 17, 5, 4, 18, 7, 4, 1, 7, 7, 5, 18, 18, 4, 4, 21, 4, 4, 4, 9, 16, 7, 11, 7, 7, 2, 6, 14, 14, 10, 2, 7, 7, 9, 1, 7, 12, 5, 5, 4, 4, 5, 4, 4, 4, 4, 14, 7, 12, 7, 7, 15, 4, 21, 21, 21, 10, 22, 15, 7, 21, 20, 3, 1, 21, 20, 21, 16, 8, 1, 22, 10, 9, 22, 2, 1, 12, 20, 19, 21, 21, 19, 7, 13, 23, 7, 12, 12, 11, 18, 5, 4, 11, 14, 18, 18, 19, 4, 18, 7, 1, 4, 5, 14, 11, 7, 5, 7, 7, 5, 14, 14, 13, 7, 18, 12, 17, 11, 6, 5, 1, 1, 1, 1, 11, 1, 9, 7, 23, 7, 2, 18, 7, 1, 23, 4, 7, 24, 12, 1, 12, 24, 24, 24, 24, 24, 24, 16, 4, 14, 14, 14, 4, 15, 4, 14, 11, 12, 4, 4, 12, 4, 0, 4, 15, 18, 8, 7, 7, 5, 2, 7, 5, 11, 10, 4, 14, 4, 13, 9, 9, 0, 0, 14, 7, 14, 7, 25, 18, 0, 16, 5, 5, 5, 1, 18, 14, 2, 8, 2, 5, 16, 4, 4, 2, 2, 7, 18, 14, 2, 15, 1, 14, 8, 17, 11, 12, 7, 12, 12, 2, 13, 5, 6, 12, 12, 16, 12, 12, 17, 12, 15, 12, 12, 12, 6, 13, 4, 10, 1, 12, 10, 10, 10, 22, 5, 5, 16, 1, 2, 5, 14, 5, 5, 5, 10, 22, 25, 8, 13, 25, 5, 8, 8, 5, 0, 26, 26, 4, 25, 27, 26, 25, 26, 3, 5, 5, 5, 5, 5, 5]"
xerces,22,seed22_solution057,seed22_solution057,0.665391804457225,10.385945277599864,1.279641931984417,0.7544387331619499,0.665391804457225,-10.385945277599864,1.279641931984417,True,False,"[0, 0, 0, 0, 1, 0, 0, 0, 0, 2, 0, 0, 0, 0, 3, 4, 0, 1, 4, 2, 4, 0, 0, 0, 0, 2, 2, 0, 0, 0, 0, 0, 0, 0, 0, 2, 0, 0, 3, 0, 0, 3, 1, 0, 4, 0, 5, 3, 0, 2, 0, 1, 0, 2, 0, 4, 0, 2, 2, 2, 0, 0, 4, 1, 0, 3, 0, 0, 3, 2, 0, 0, 1, 5, 0, 0, 0, 3, 2, 0, 3, 2, 3, 0, 2, 4, 0, 0, 3, 0, 0, 0, 0, 0, 1, 0, 0, 0, 1, 1, 6, 1, 7, 0, 0, 0, 0, 6, 1, 1, 1, 4, 0, 2, 1, 8, 4, 8, 2, 1, 8, 8, 0, 8, 8, 6, 8, 4, 1, 8, 8, 2, 8, 8, 1, 4, 1, 8, 1, 8, 4, 1, 8, 3, 8, 2, 1, 1, 1, 1, 1, 8, 6, 1, 3, 1, 1, 1, 1, 8, 1, 2, 3, 1, 3, 2, 8, 3, 3, 3, 1, 1, 0, 1, 1, 9, 9, 1, 4, 9, 9, 1, 9, 3, 1, 4, 3, 10, 3, 3, 3, 3, 11, 10, 0, 4, 2, 11, 2, 1, 11, 11, 11, 1, 4, 1, 2, 4, 2, 12, 3, 1, 3, 2, 12, 12, 4, 3, 12, 1, 2, 12, 0, 2, 2, 12, 12, 1, 4, 8, 10, 2, 1, 2, 12, 4, 0, 4, 0, 2, 12, 12, 2, 12, 12, 10, 0, 2, 1, 3, 4, 12, 0, 1, 7, 2, 2, 1, 0, 10, 0, 12, 12, 12, 5, 0, 10, 10, 10, 5, 1, 10, 12, 10, 3, 10, 3, 12, 12, 0, 8, 8, 3, 0, 8, 4, 1, 1, 2, 3, 2, 1, 13, 4, 13, 0, 2, 4, 13, 3, 14, 14, 14, 3, 14, 14, 14, 14, 14, 4, 14, 14, 14, 14, 3, 15, 14, 0, 14, 0, 6, 3, 14, 1, 14, 3, 14, 14, 14, 14, 14, 1, 2, 3, 4, 2, 2, 0, 10, 10, 1, 4, 2, 4, 16, 10, 0, 2, 2, 2, 3, 5, 0, 0, 3, 2, 3, 3, 1, 4, 4, 10, 10, 2, 10, 2, 1, 10, 1, 10, 3, 1, 10, 3, 2, 1, 4, 1, 1, 10, 0, 0, 2, 3, 3, 13, 5, 2, 3, 4, 3, 13, 3, 2, 4, 9, 9, 10, 9, 9, 2, 4, 3, 9, 4, 1, 17, 17, 1, 1, 17, 2, 3, 3, 17, 17, 17, 0, 17, 0, 17, 10, 10, 10, 4, 2, 17, 4, 0, 10, 10, 10, 10, 1, 10, 3, 10, 3, 10, 3, 10, 2, 17, 2, 1, 3, 10, 0, 10, 3, 10, 1, 10, 0, 10, 10, 1, 10, 2, 2, 3, 10, 0, 10, 3, 10, 10, 10, 10, 17, 4, 3, 17, 1, 1, 2, 2, 1, 0, 1, 17, 2, 2, 1, 0, 3, 18, 18, 3, 18, 10, 18, 4, 0, 2, 0, 1, 0, 4, 3, 2, 0, 17, 2, 2, 2, 2, 2, 3, 2, 1, 0, 1, 1, 1, 4, 1, 1, 2, 2, 4, 3, 2, 3, 1, 17, 2, 2, 2, 2, 2, 3, 17, 0, 4, 17, 1, 17, 1, 1, 1, 4, 2, 1, 17, 17, 1, 1, 0, 1, 3, 4, 2, 2, 0, 17, 2, 0, 2, 2, 0, 1, 1, 3, 2, 2, 4, 1, 2, 4, 3, 3, 1, 1, 1, 0, 2, 0, 1, 2, 2, 17, 0, 2, 3, 1, 19, 1, 1, 5, 4, 19, 19, 19, 2, 4, 19, 19, 19, 19, 19, 3, 2, 19, 2, 19, 19, 2, 19, 2, 3, 5, 1, 3, 2, 1, 17, 20, 3, 10, 4, 1, 4, 4, 4, 4, 1, 17, 17, 3, 4, 2, 17, 6, 4, 4, 1, 4, 0, 3, 17, 4, 4, 1, 3, 4, 4, 17, 0, 4, 3, 0, 4, 8, 8, 4, 6, 1, 8, 8, 2, 20, 0, 2, 1, 3, 3, 4, 4, 0, 4, 0, 4, 2, 21, 2, 1, 21, 13, 2, 0, 1, 1, 0, 1, 1, 3, 1, 1, 1, 1, 1, 4, 0, 1, 17, 0, 8, 17, 0, 2, 1, 0, 2, 0, 2, 1, 3, 1, 1, 3, 1, 8, 3, 1, 4, 1, 5, 1, 4, 17, 3, 4, 3, 2, 3, 4, 2, 3, 4, 1, 4, 1, 4, 1, 0, 0, 3, 3, 18, 17, 2, 3, 1, 0, 10, 10, 10, 3, 0, 2, 0, 3, 3, 1, 1, 1, 10, 10, 10, 10, 10, 10, 10, 2, 0, 4, 1, 10, 3, 10, 3, 3, 4, 12, 12, 2, 1, 4, 0, 2, 4, 1, 2, 4, 4, 4, 4, 4, 2, 0, 3, 22, 22, 2, 3, 0, 4, 22, 22, 22, 3, 22, 0, 22, 1, 3, 4, 2, 4, 4, 4, 3, 4]"
xerces,22,seed22_solution059,seed22_solution059,0.6770093457943925,8.23840662742623,0.8723396830634751,0.7787366231038552,0.6770093457943925,-8.23840662742623,0.8723396830634751,True,False,"[0, 1, 1, 0, 0, 0, 0, 2, 0, 0, 0, 0, 3, 0, 4, 5, 0, 0, 0, 2, 5, 0, 0, 0, 0, 0, 2, 0, 0, 6, 0, 0, 0, 0, 0, 7, 6, 0, 0, 0, 0, 0, 0, 0, 0, 0, 0, 0, 0, 0, 0, 0, 0, 0, 0, 4, 0, 0, 0, 0, 3, 0, 0, 0, 0, 8, 0, 0, 3, 0, 0, 0, 0, 9, 0, 0, 1, 0, 10, 0, 0, 0, 3, 0, 0, 0, 0, 11, 0, 0, 0, 0, 0, 12, 0, 0, 1, 0, 0, 0, 8, 0, 4, 0, 7, 0, 8, 8, 8, 1, 1, 12, 0, 6, 11, 12, 12, 11, 13, 1, 12, 12, 12, 12, 11, 12, 12, 11, 11, 12, 5, 2, 11, 11, 12, 12, 12, 12, 12, 12, 12, 12, 12, 14, 11, 12, 1, 3, 12, 6, 1, 12, 15, 1, 4, 1, 2, 1, 1, 12, 1, 1, 14, 1, 1, 4, 12, 1, 1, 11, 1, 9, 1, 1, 1, 7, 4, 9, 9, 9, 7, 1, 7, 11, 1, 5, 1, 8, 1, 14, 12, 15, 11, 15, 0, 5, 9, 15, 11, 15, 14, 15, 15, 8, 10, 10, 10, 11, 12, 11, 10, 12, 10, 10, 12, 6, 10, 10, 10, 9, 7, 11, 12, 12, 12, 12, 10, 12, 10, 9, 15, 15, 10, 11, 12, 12, 11, 11, 11, 10, 5, 10, 10, 10, 11, 16, 11, 12, 11, 14, 10, 10, 11, 1, 11, 11, 11, 11, 1, 15, 10, 12, 12, 11, 10, 13, 10, 9, 9, 10, 9, 2, 15, 10, 9, 13, 11, 12, 4, 8, 8, 11, 12, 11, 12, 1, 3, 3, 1, 0, 15, 7, 13, 15, 6, 10, 6, 15, 16, 16, 16, 5, 0, 8, 7, 8, 15, 16, 13, 7, 16, 16, 7, 2, 7, 16, 7, 7, 16, 16, 10, 13, 1, 13, 4, 6, 13, 13, 2, 7, 13, 16, 3, 10, 0, 11, 12, 10, 10, 3, 12, 10, 15, 5, 16, 7, 9, 0, 2, 14, 8, 17, 3, 3, 8, 16, 9, 8, 8, 3, 15, 15, 15, 14, 10, 11, 15, 3, 13, 10, 9, 9, 15, 8, 2, 10, 4, 7, 13, 10, 10, 15, 10, 8, 3, 6, 8, 3, 15, 3, 3, 6, 3, 5, 9, 7, 7, 10, 14, 7, 7, 0, 5, 9, 7, 9, 13, 18, 18, 13, 2, 1, 13, 18, 14, 14, 18, 18, 9, 1, 13, 11, 15, 9, 4, 15, 1, 15, 10, 9, 9, 9, 8, 9, 15, 10, 10, 12, 10, 9, 10, 2, 13, 1, 9, 9, 9, 8, 11, 0, 15, 16, 9, 3, 0, 9, 11, 10, 0, 11, 9, 6, 9, 18, 10, 9, 12, 9, 9, 18, 18, 18, 13, 1, 1, 2, 1, 2, 1, 7, 18, 15, 5, 1, 1, 1, 17, 17, 2, 17, 3, 4, 19, 17, 4, 5, 5, 0, 5, 10, 4, 2, 18, 2, 13, 4, 15, 4, 3, 1, 1, 1, 7, 1, 8, 3, 8, 8, 18, 5, 9, 13, 13, 16, 14, 14, 2, 4, 4, 4, 14, 14, 10, 13, 12, 4, 1, 13, 1, 11, 0, 2, 4, 4, 13, 13, 1, 1, 18, 1, 1, 1, 14, 15, 2, 13, 4, 4, 1, 16, 1, 12, 11, 2, 2, 2, 2, 2, 4, 2, 2, 5, 13, 1, 1, 1, 12, 1, 1, 9, 2, 18, 13, 2, 7, 1, 16, 20, 21, 3, 21, 21, 17, 20, 21, 17, 17, 17, 17, 17, 21, 2, 18, 20, 8, 14, 20, 20, 17, 1, 18, 12, 19, 20, 22, 4, 13, 23, 4, 9, 10, 17, 18, 2, 2, 14, 8, 14, 18, 19, 1, 15, 14, 12, 5, 5, 1, 5, 2, 5, 19, 2, 0, 5, 5, 13, 2, 14, 10, 15, 5, 5, 5, 12, 12, 11, 12, 11, 12, 11, 10, 23, 4, 1, 14, 2, 5, 13, 0, 24, 22, 25, 22, 22, 8, 25, 22, 9, 22, 22, 1, 1, 1, 1, 1, 1, 1, 1, 1, 13, 8, 1, 5, 1, 14, 18, 16, 11, 4, 2, 7, 2, 4, 2, 12, 2, 13, 1, 1, 16, 4, 9, 12, 1, 1, 1, 1, 4, 1, 2, 13, 13, 1, 15, 2, 5, 13, 1, 11, 1, 1, 2, 1, 5, 1, 1, 3, 3, 7, 2, 18, 8, 3, 15, 15, 15, 9, 10, 22, 9, 3, 11, 9, 3, 2, 2, 9, 9, 7, 15, 9, 11, 10, 9, 10, 10, 9, 13, 9, 8, 9, 12, 15, 12, 12, 10, 11, 4, 5, 0, 5, 5, 5, 1, 12, 7, 5, 5, 5, 5, 26, 24, 24, 27, 5, 2, 26, 5, 26, 26, 26, 9, 26, 5, 26, 26, 13, 5, 5, 5, 5, 7, 5, 5]"
xerces,22,seed22_solution060,seed22_solution060,0.6831344356578002,7.899933433035778,0.7800295970847749,0.7861671415024848,0.6831344356578002,-7.899933433035778,0.7800295970847749,True,False,"[0, 0, 0, 0, 0, 0, 0, 0, 0, 0, 1, 0, 0, 0, 2, 3, 0, 4, 0, 4, 1, 0, 0, 0, 1, 0, 5, 0, 4, 0, 6, 0, 0, 7, 0, 0, 0, 0, 0, 0, 0, 0, 3, 0, 0, 0, 0, 7, 0, 0, 0, 0, 0, 0, 0, 0, 0, 0, 8, 0, 0, 0, 0, 0, 9, 3, 0, 0, 8, 0, 10, 0, 0, 0, 0, 0, 0, 0, 0, 0, 0, 9, 0, 0, 0, 0, 0, 4, 0, 8, 0, 0, 0, 0, 0, 0, 0, 0, 2, 0, 4, 0, 5, 11, 0, 0, 4, 3, 4, 5, 2, 6, 8, 2, 6, 7, 6, 6, 6, 5, 6, 3, 6, 6, 6, 7, 11, 6, 6, 6, 6, 5, 6, 6, 11, 6, 10, 6, 6, 6, 6, 6, 8, 12, 6, 13, 14, 2, 13, 15, 0, 2, 6, 15, 2, 2, 15, 2, 15, 6, 2, 2, 2, 2, 15, 6, 6, 13, 2, 6, 7, 2, 2, 2, 2, 13, 13, 5, 13, 13, 15, 2, 13, 2, 2, 15, 15, 10, 2, 10, 15, 4, 16, 17, 11, 17, 16, 1, 16, 11, 11, 11, 17, 3, 17, 10, 10, 18, 9, 9, 17, 9, 17, 19, 9, 9, 18, 18, 18, 10, 18, 9, 17, 9, 18, 9, 12, 9, 18, 10, 18, 9, 15, 18, 18, 9, 9, 13, 9, 16, 18, 20, 9, 18, 9, 10, 17, 17, 9, 9, 18, 9, 10, 9, 13, 9, 9, 9, 1, 10, 9, 17, 9, 9, 9, 9, 17, 10, 9, 4, 10, 10, 19, 17, 17, 1, 9, 9, 9, 14, 6, 6, 8, 6, 2, 2, 8, 3, 2, 8, 11, 6, 17, 13, 2, 17, 12, 17, 17, 1, 10, 18, 18, 12, 14, 14, 12, 12, 12, 4, 14, 4, 4, 12, 12, 14, 12, 11, 17, 14, 17, 12, 6, 1, 18, 14, 14, 12, 14, 18, 4, 4, 12, 8, 4, 10, 8, 4, 9, 10, 10, 6, 13, 15, 14, 17, 19, 21, 14, 22, 3, 8, 8, 8, 8, 8, 8, 8, 16, 8, 10, 10, 10, 10, 10, 9, 10, 10, 10, 10, 10, 10, 10, 3, 5, 10, 5, 11, 10, 10, 9, 10, 10, 3, 8, 17, 8, 19, 8, 14, 8, 17, 3, 8, 3, 4, 5, 8, 5, 13, 13, 13, 8, 5, 8, 13, 3, 18, 6, 22, 11, 2, 18, 22, 15, 7, 22, 18, 1, 15, 1, 10, 14, 10, 3, 4, 7, 13, 10, 13, 4, 17, 8, 10, 13, 14, 17, 10, 4, 13, 10, 1, 18, 1, 13, 17, 4, 13, 14, 10, 23, 1, 4, 8, 5, 13, 10, 17, 17, 1, 19, 17, 23, 10, 10, 4, 19, 0, 9, 22, 3, 7, 22, 2, 1, 5, 5, 2, 2, 2, 11, 22, 22, 2, 2, 15, 11, 13, 7, 9, 19, 11, 11, 17, 14, 3, 11, 4, 10, 2, 19, 22, 22, 1, 13, 12, 1, 1, 8, 1, 2, 5, 2, 2, 8, 8, 8, 8, 22, 22, 6, 22, 8, 15, 18, 18, 1, 3, 0, 1, 7, 22, 18, 0, 19, 17, 2, 12, 11, 2, 7, 1, 1, 22, 11, 22, 2, 2, 23, 8, 2, 2, 14, 1, 22, 22, 1, 5, 5, 1, 5, 16, 22, 1, 22, 1, 1, 1, 1, 1, 14, 8, 15, 2, 8, 2, 9, 1, 2, 3, 7, 18, 1, 7, 7, 2, 15, 22, 21, 22, 21, 10, 13, 22, 21, 14, 21, 21, 22, 10, 21, 22, 21, 14, 14, 19, 15, 21, 21, 2, 15, 15, 15, 21, 16, 7, 18, 24, 1, 10, 17, 12, 18, 3, 3, 7, 2, 22, 18, 5, 2, 7, 18, 19, 6, 3, 2, 3, 4, 3, 18, 3, 2, 2, 2, 3, 7, 22, 10, 17, 4, 3, 3, 6, 6, 6, 6, 6, 6, 5, 2, 24, 14, 1, 17, 1, 6, 23, 2, 16, 1, 16, 19, 11, 25, 25, 16, 4, 25, 25, 14, 2, 2, 15, 4, 13, 2, 16, 2, 2, 22, 2, 2, 15, 8, 2, 6, 15, 18, 7, 15, 1, 1, 22, 1, 1, 2, 2, 15, 15, 2, 15, 6, 5, 2, 5, 15, 1, 2, 2, 7, 17, 5, 3, 3, 3, 3, 15, 22, 2, 16, 2, 2, 5, 15, 2, 3, 8, 8, 1, 22, 2, 8, 9, 21, 10, 10, 10, 26, 9, 3, 14, 4, 8, 7, 3, 10, 10, 10, 10, 10, 8, 17, 10, 10, 10, 10, 10, 10, 8, 17, 17, 10, 9, 15, 9, 17, 23, 3, 3, 7, 3, 3, 19, 3, 10, 2, 3, 2, 19, 27, 27, 28, 28, 9, 20, 28, 3, 28, 28, 28, 27, 28, 12, 10, 28, 28, 3, 13, 3, 16, 2, 6, 3]"
xerces,22,seed22_solution062,seed22_solution062,0.7120057512580877,0.33184867385814837,0.7525550254559903,0.7976786560988536,0.7120057512580877,-0.33184867385814837,0.7525550254559903,True,False,"[0, 0, 0, 1, 1, 1, 2, 0, 0, 0, 0, 3, 0, 0, 4, 5, 5, 0, 0, 6, 5, 0, 7, 7, 0, 0, 1, 8, 0, 0, 0, 9, 10, 0, 0, 4, 11, 12, 7, 13, 0, 0, 0, 0, 0, 0, 14, 0, 0, 0, 0, 0, 0, 0, 15, 0, 0, 0, 12, 0, 0, 0, 0, 0, 0, 15, 0, 0, 16, 0, 17, 0, 0, 0, 0, 16, 0, 0, 0, 18, 0, 6, 0, 0, 0, 0, 11, 16, 0, 10, 15, 0, 0, 0, 0, 0, 0, 7, 0, 0, 3, 0, 11, 13, 19, 14, 20, 3, 21, 19, 4, 5, 5, 10, 7, 5, 6, 5, 22, 4, 5, 11, 5, 23, 8, 5, 5, 5, 5, 24, 5, 2, 5, 5, 5, 18, 5, 5, 5, 25, 5, 5, 9, 20, 5, 9, 20, 21, 5, 11, 15, 24, 26, 12, 4, 4, 4, 4, 24, 8, 4, 7, 4, 15, 17, 18, 27, 4, 7, 6, 26, 4, 4, 28, 4, 13, 3, 6, 6, 24, 6, 20, 0, 4, 4, 4, 4, 13, 24, 16, 7, 29, 14, 8, 26, 8, 26, 2, 26, 26, 26, 26, 23, 26, 19, 8, 12, 9, 29, 7, 7, 7, 7, 25, 28, 7, 7, 7, 19, 30, 17, 7, 7, 26, 9, 7, 30, 7, 7, 20, 13, 7, 7, 3, 26, 22, 3, 9, 25, 10, 7, 7, 13, 7, 7, 13, 7, 22, 7, 7, 0, 0, 13, 28, 26, 7, 7, 18, 4, 15, 13, 7, 7, 25, 7, 7, 18, 13, 27, 9, 8, 8, 15, 13, 13, 22, 0, 1, 7, 24, 1, 5, 5, 5, 5, 23, 4, 15, 4, 15, 14, 8, 19, 8, 8, 18, 27, 9, 8, 9, 28, 9, 9, 26, 0, 31, 9, 2, 5, 12, 9, 9, 18, 9, 9, 9, 12, 9, 9, 9, 9, 9, 12, 9, 9, 9, 12, 28, 9, 9, 31, 12, 28, 15, 14, 25, 1, 4, 13, 13, 5, 2, 18, 1, 12, 18, 23, 18, 2, 2, 15, 25, 15, 15, 15, 15, 15, 4, 15, 15, 13, 13, 24, 13, 13, 31, 13, 13, 15, 21, 13, 13, 13, 15, 2, 21, 4, 14, 13, 12, 13, 13, 13, 15, 15, 21, 31, 4, 15, 15, 5, 23, 15, 22, 15, 6, 6, 18, 3, 6, 6, 6, 15, 6, 6, 5, 17, 17, 14, 24, 14, 27, 10, 14, 14, 29, 14, 14, 14, 4, 14, 13, 7, 13, 15, 13, 4, 6, 13, 13, 25, 15, 13, 18, 2, 8, 32, 13, 13, 13, 13, 1, 21, 22, 13, 18, 14, 5, 13, 13, 12, 2, 13, 15, 26, 14, 3, 13, 9, 18, 13, 13, 8, 32, 13, 18, 13, 29, 13, 16, 14, 24, 4, 4, 23, 2, 29, 0, 24, 28, 14, 14, 29, 20, 4, 24, 1, 29, 16, 16, 24, 6, 13, 8, 2, 28, 1, 0, 1, 25, 2, 2, 11, 5, 2, 2, 2, 2, 1, 4, 2, 4, 4, 4, 1, 17, 15, 3, 32, 8, 29, 24, 14, 14, 14, 14, 1, 29, 2, 9, 10, 17, 16, 0, 21, 31, 4, 18, 3, 30, 32, 2, 2, 2, 24, 30, 12, 20, 25, 4, 4, 4, 4, 2, 10, 14, 7, 2, 2, 15, 4, 1, 32, 6, 26, 1, 2, 17, 23, 4, 2, 1, 4, 4, 4, 4, 4, 4, 4, 2, 2, 29, 8, 2, 20, 4, 32, 19, 19, 27, 5, 19, 19, 7, 19, 19, 19, 19, 24, 8, 16, 1, 29, 19, 28, 19, 17, 15, 21, 20, 2, 17, 0, 17, 20, 2, 16, 16, 2, 13, 1, 16, 16, 1, 2, 16, 23, 15, 10, 5, 22, 16, 32, 5, 1, 15, 29, 1, 2, 15, 16, 9, 1, 5, 1, 9, 2, 14, 18, 20, 1, 1, 1, 5, 5, 1, 5, 5, 5, 5, 10, 18, 2, 1, 29, 2, 32, 20, 4, 29, 11, 2, 29, 29, 29, 29, 29, 30, 29, 28, 29, 26, 4, 4, 25, 4, 15, 4, 4, 7, 4, 5, 5, 4, 4, 14, 12, 25, 29, 2, 2, 2, 30, 2, 2, 2, 4, 15, 4, 4, 4, 4, 5, 4, 5, 32, 4, 22, 4, 2, 3, 16, 4, 11, 30, 11, 1, 4, 14, 32, 4, 23, 24, 12, 30, 4, 15, 15, 2, 2, 16, 29, 16, 8, 0, 32, 2, 22, 21, 8, 30, 13, 13, 26, 2, 2, 3, 10, 8, 13, 13, 28, 13, 13, 27, 13, 16, 18, 18, 15, 3, 27, 16, 7, 4, 8, 24, 4, 1, 10, 1, 1, 1, 20, 18, 1, 1, 3, 7, 10, 22, 31, 26, 28, 1, 27, 5, 1, 31, 22, 9, 32, 22, 26, 30, 22, 22, 1, 1, 7, 1, 1, 1, 14]"
xerces,22,seed22_solution063,seed22_solution063,0.7274478792235801,0.6260101782313859,0.7490392722214915,0.8338260835188186,0.7274478792235801,-0.6260101782313859,0.7490392722214915,True,False,"[0, 0, 0, 0, 0, 0, 0, 0, 0, 0, 1, 0, 2, 0, 3, 4, 0, 5, 6, 7, 8, 9, 0, 0, 0, 0, 7, 0, 0, 0, 10, 0, 0, 4, 0, 0, 11, 12, 0, 0, 13, 14, 0, 0, 15, 0, 0, 0, 0, 0, 0, 0, 12, 0, 0, 0, 0, 0, 12, 0, 0, 0, 0, 0, 16, 1, 0, 17, 1, 0, 10, 0, 0, 0, 0, 0, 0, 0, 0, 0, 0, 0, 18, 0, 0, 0, 0, 1, 9, 0, 19, 20, 0, 0, 0, 0, 0, 0, 7, 0, 7, 0, 3, 6, 16, 0, 2, 2, 14, 8, 8, 11, 0, 6, 11, 11, 11, 21, 15, 19, 21, 11, 21, 11, 21, 11, 11, 21, 11, 18, 22, 4, 21, 21, 17, 21, 11, 21, 11, 23, 21, 21, 6, 21, 21, 11, 8, 19, 21, 6, 8, 21, 11, 7, 16, 8, 19, 8, 6, 8, 21, 19, 19, 19, 19, 4, 11, 24, 19, 21, 13, 8, 8, 19, 19, 12, 25, 5, 5, 26, 27, 8, 26, 9, 19, 8, 22, 2, 8, 5, 3, 24, 21, 5, 13, 11, 10, 11, 18, 10, 21, 21, 28, 17, 3, 19, 17, 6, 12, 3, 29, 3, 30, 31, 12, 10, 3, 13, 12, 32, 3, 12, 12, 12, 3, 19, 12, 7, 3, 10, 12, 12, 10, 3, 6, 12, 13, 3, 12, 8, 12, 3, 2, 12, 24, 24, 12, 15, 12, 3, 12, 3, 9, 12, 12, 12, 17, 12, 10, 5, 12, 12, 3, 10, 12, 3, 2, 2, 12, 14, 9, 32, 1, 12, 2, 2, 12, 3, 16, 21, 21, 11, 21, 21, 20, 20, 30, 1, 19, 1, 11, 11, 6, 14, 11, 11, 11, 11, 11, 7, 5, 5, 11, 13, 5, 13, 13, 13, 21, 5, 13, 16, 21, 5, 5, 13, 13, 5, 5, 0, 30, 30, 13, 13, 22, 5, 11, 13, 13, 5, 11, 15, 27, 17, 18, 7, 17, 9, 16, 22, 2, 9, 2, 8, 22, 2, 9, 25, 20, 7, 1, 17, 17, 1, 1, 17, 17, 1, 1, 19, 12, 2, 5, 25, 2, 11, 12, 12, 1, 9, 2, 9, 9, 31, 7, 9, 19, 12, 23, 12, 9, 5, 6, 24, 1, 11, 1, 1, 29, 17, 1, 6, 1, 17, 0, 5, 20, 24, 26, 5, 9, 5, 1, 6, 26, 26, 14, 9, 30, 9, 32, 24, 5, 29, 15, 14, 30, 30, 14, 15, 12, 9, 9, 9, 26, 9, 14, 2, 12, 9, 2, 1, 2, 9, 9, 26, 9, 2, 9, 2, 9, 31, 15, 28, 23, 9, 9, 22, 9, 2, 12, 1, 1, 17, 12, 12, 9, 22, 2, 4, 15, 2, 9, 30, 12, 2, 2, 22, 9, 15, 9, 15, 14, 19, 28, 7, 8, 19, 30, 3, 2, 15, 22, 19, 9, 8, 30, 9, 30, 30, 30, 30, 15, 0, 4, 4, 8, 0, 8, 4, 7, 7, 30, 7, 7, 4, 7, 7, 17, 17, 8, 8, 7, 19, 4, 22, 1, 1, 14, 17, 14, 21, 14, 14, 9, 9, 4, 7, 4, 7, 19, 23, 14, 0, 16, 9, 1, 14, 8, 8, 7, 7, 4, 7, 14, 15, 7, 19, 7, 8, 8, 8, 19, 7, 7, 14, 4, 7, 4, 25, 19, 19, 7, 4, 7, 24, 11, 4, 7, 8, 27, 3, 8, 8, 12, 16, 7, 8, 8, 7, 7, 14, 13, 4, 10, 19, 22, 27, 27, 22, 22, 22, 10, 10, 22, 22, 27, 11, 10, 27, 27, 10, 27, 27, 10, 8, 22, 22, 10, 8, 18, 18, 30, 30, 18, 7, 9, 25, 10, 2, 4, 24, 15, 4, 29, 15, 8, 14, 11, 4, 19, 15, 30, 6, 8, 4, 19, 8, 7, 4, 14, 14, 8, 4, 8, 4, 7, 30, 30, 9, 8, 8, 16, 21, 21, 21, 11, 21, 21, 18, 7, 25, 4, 4, 14, 21, 5, 15, 8, 22, 16, 18, 16, 18, 16, 16, 18, 16, 18, 18, 8, 19, 19, 10, 19, 19, 26, 8, 8, 8, 8, 19, 8, 8, 6, 9, 19, 21, 15, 7, 7, 6, 7, 16, 7, 7, 8, 8, 30, 8, 8, 17, 21, 19, 0, 8, 8, 7, 29, 21, 26, 9, 8, 4, 8, 4, 4, 13, 14, 23, 10, 8, 19, 4, 19, 0, 5, 1, 1, 7, 9, 9, 1, 5, 9, 12, 2, 15, 20, 2, 1, 9, 23, 1, 4, 7, 9, 12, 2, 9, 12, 9, 25, 24, 9, 5, 9, 9, 2, 10, 5, 31, 9, 12, 8, 12, 10, 8, 4, 9, 4, 8, 4, 4, 7, 8, 8, 8, 8, 8, 15, 25, 20, 8, 4, 26, 26, 4, 20, 32, 6, 32, 28, 20, 20, 20, 0, 8, 4, 4, 8, 8, 18, 4]"
xerces,22,seed22_solution064,seed22_solution064,0.73509705248023,10.49627195935241,1.4739045565036126,0.8010772916111615,0.73509705248023,-10.49627195935241,1.4739045565036126,True,False,"[0, 0, 0, 0, 1, 0, 0, 1, 2, 0, 0, 0, 0, 0, 3, 4, 0, 0, 0, 4, 4, 0, 0, 0, 0, 0, 0, 2, 0, 0, 0, 4, 0, 3, 4, 4, 1, 0, 4, 0, 0, 1, 0, 3, 0, 0, 0, 1, 0, 0, 0, 0, 0, 0, 0, 0, 0, 0, 0, 1, 1, 0, 2, 0, 0, 4, 4, 0, 3, 0, 0, 0, 3, 0, 5, 3, 0, 0, 5, 0, 3, 0, 1, 3, 0, 0, 4, 0, 4, 0, 2, 2, 0, 2, 0, 0, 0, 0, 2, 0, 5, 0, 2, 1, 0, 0, 5, 4, 6, 2, 3, 1, 0, 7, 2, 0, 2, 3, 4, 4, 8, 9, 8, 9, 9, 4, 3, 9, 7, 9, 9, 0, 0, 2, 2, 8, 9, 9, 9, 9, 9, 8, 5, 3, 0, 4, 5, 1, 8, 8, 1, 8, 9, 1, 4, 1, 0, 2, 1, 0, 1, 1, 4, 1, 1, 9, 1, 3, 1, 9, 2, 3, 1, 0, 6, 7, 4, 7, 3, 10, 7, 1, 10, 1, 1, 2, 1, 11, 2, 3, 12, 3, 11, 11, 0, 13, 11, 11, 11, 2, 1, 13, 13, 2, 1, 3, 10, 1, 4, 1, 3, 11, 4, 14, 3, 2, 12, 3, 1, 11, 12, 1, 14, 12, 12, 4, 0, 1, 12, 2, 11, 14, 13, 12, 13, 1, 14, 11, 0, 12, 4, 3, 1, 4, 1, 11, 12, 13, 14, 13, 1, 0, 11, 2, 13, 12, 4, 11, 1, 1, 0, 11, 1, 4, 12, 0, 11, 2, 2, 11, 2, 3, 12, 13, 14, 0, 3, 12, 12, 0, 3, 8, 3, 5, 2, 1, 2, 2, 4, 3, 1, 2, 11, 1, 14, 0, 14, 13, 12, 15, 2, 2, 1, 4, 16, 16, 16, 1, 0, 1, 17, 16, 4, 5, 3, 2, 16, 0, 16, 16, 16, 15, 3, 3, 0, 3, 12, 1, 3, 2, 17, 12, 2, 3, 3, 4, 1, 11, 4, 11, 10, 11, 10, 2, 16, 4, 0, 4, 4, 4, 3, 1, 3, 2, 1, 4, 1, 2, 3, 3, 2, 11, 5, 14, 3, 11, 3, 1, 14, 3, 3, 14, 0, 3, 4, 13, 1, 3, 3, 4, 0, 0, 0, 4, 0, 0, 5, 4, 3, 3, 3, 2, 0, 1, 3, 7, 1, 2, 1, 4, 3, 7, 1, 10, 10, 3, 1, 18, 17, 13, 3, 1, 3, 3, 0, 17, 17, 17, 0, 1, 17, 10, 11, 3, 1, 14, 2, 11, 11, 4, 4, 13, 14, 11, 11, 10, 11, 11, 10, 13, 11, 4, 3, 2, 10, 3, 0, 10, 4, 3, 0, 3, 11, 0, 1, 14, 1, 1, 14, 1, 3, 0, 0, 3, 3, 11, 14, 11, 2, 3, 1, 19, 2, 1, 1, 4, 1, 1, 0, 1, 3, 17, 1, 1, 1, 1, 20, 20, 3, 12, 2, 0, 1, 0, 4, 0, 1, 1, 2, 3, 0, 4, 2, 4, 4, 1, 5, 5, 3, 1, 1, 0, 1, 1, 2, 3, 2, 3, 18, 18, 2, 4, 1, 17, 0, 17, 4, 4, 4, 4, 1, 3, 4, 3, 18, 17, 1, 4, 1, 1, 5, 4, 2, 1, 19, 17, 2, 1, 0, 0, 1, 1, 1, 1, 1, 2, 4, 4, 4, 4, 0, 2, 5, 3, 4, 4, 4, 3, 4, 4, 3, 2, 1, 0, 1, 0, 1, 1, 1, 3, 4, 0, 0, 4, 18, 1, 20, 2, 3, 5, 21, 22, 0, 0, 1, 22, 4, 22, 2, 16, 21, 2, 2, 0, 22, 2, 3, 4, 0, 1, 16, 20, 4, 1, 23, 4, 1, 24, 4, 13, 3, 2, 2, 3, 4, 17, 1, 17, 17, 4, 1, 3, 3, 8, 1, 1, 2, 2, 4, 4, 1, 2, 2, 2, 3, 14, 4, 2, 11, 2, 3, 2, 1, 4, 2, 8, 3, 9, 2, 9, 4, 24, 0, 3, 2, 4, 8, 23, 2, 0, 1, 0, 5, 21, 2, 1, 2, 5, 25, 25, 0, 1, 4, 0, 0, 1, 3, 1, 1, 2, 5, 4, 1, 4, 1, 2, 1, 8, 20, 0, 4, 2, 0, 2, 0, 4, 1, 1, 4, 1, 7, 2, 8, 4, 2, 1, 1, 2, 4, 2, 9, 1, 1, 2, 2, 3, 2, 1, 15, 2, 1, 1, 1, 0, 4, 0, 0, 3, 3, 0, 18, 4, 3, 11, 11, 3, 3, 0, 4, 0, 4, 0, 10, 3, 4, 4, 4, 11, 10, 2, 13, 11, 13, 4, 4, 14, 1, 11, 1, 3, 1, 4, 4, 2, 3, 11, 12, 1, 2, 0, 2, 2, 2, 2, 2, 2, 0, 2, 2, 2, 0, 26, 2, 26, 2, 3, 1, 2, 0, 0, 0, 27, 1, 0, 26, 26, 27, 1, 2, 4, 1, 1, 1, 2]"
xerces,22,seed22_solution065,seed22_solution065,0.7361897915168943,10.921972973831613,1.4852828802355336,0.8121498430128855,0.7361897915168943,-10.921972973831613,1.4852828802355336,True,False,"[0, 0, 0, 0, 1, 0, 0, 2, 2, 3, 0, 0, 0, 0, 4, 3, 0, 1, 2, 1, 2, 0, 0, 0, 0, 0, 0, 2, 2, 4, 0, 0, 0, 0, 0, 3, 0, 3, 4, 4, 0, 4, 0, 0, 0, 0, 5, 4, 0, 3, 3, 1, 4, 0, 0, 2, 0, 3, 0, 0, 0, 4, 2, 0, 0, 1, 3, 0, 1, 3, 0, 4, 1, 5, 1, 4, 3, 0, 3, 3, 4, 0, 0, 0, 3, 2, 4, 5, 4, 5, 3, 0, 1, 0, 1, 1, 0, 0, 1, 1, 6, 1, 2, 7, 0, 0, 0, 3, 1, 1, 1, 2, 1, 3, 1, 7, 2, 2, 7, 3, 1, 7, 0, 1, 4, 7, 2, 2, 7, 3, 4, 3, 0, 3, 6, 2, 1, 7, 7, 3, 0, 1, 7, 4, 0, 3, 1, 1, 7, 1, 3, 3, 7, 4, 4, 2, 0, 5, 5, 0, 4, 1, 4, 1, 4, 0, 2, 4, 1, 4, 3, 1, 1, 1, 1, 2, 1, 8, 8, 0, 1, 1, 8, 4, 0, 1, 1, 1, 2, 4, 9, 4, 0, 10, 0, 2, 3, 1, 3, 11, 11, 1, 4, 1, 2, 0, 12, 2, 3, 1, 4, 1, 4, 9, 9, 2, 2, 4, 2, 1, 3, 9, 10, 3, 3, 3, 0, 9, 2, 9, 0, 9, 1, 3, 0, 9, 0, 2, 9, 9, 3, 4, 10, 3, 2, 1, 0, 3, 1, 4, 2, 9, 0, 1, 10, 3, 3, 1, 2, 10, 0, 5, 3, 3, 9, 0, 3, 1, 10, 5, 1, 4, 9, 10, 4, 4, 4, 2, 0, 7, 4, 0, 4, 0, 7, 2, 4, 1, 3, 0, 3, 1, 2, 2, 0, 13, 13, 2, 1, 14, 14, 1, 14, 4, 4, 3, 4, 3, 0, 14, 9, 0, 2, 2, 4, 15, 14, 0, 4, 0, 6, 4, 13, 1, 14, 4, 0, 14, 13, 1, 0, 1, 3, 5, 5, 3, 3, 10, 0, 0, 1, 2, 3, 2, 1, 10, 10, 3, 3, 3, 4, 5, 0, 1, 1, 3, 2, 2, 5, 2, 10, 0, 4, 3, 10, 3, 1, 3, 1, 7, 4, 1, 0, 2, 3, 1, 2, 1, 1, 3, 0, 0, 3, 4, 5, 0, 5, 3, 4, 5, 2, 2, 0, 3, 2, 3, 0, 1, 4, 2, 3, 8, 5, 4, 2, 1, 16, 16, 1, 1, 16, 3, 16, 4, 0, 3, 2, 0, 0, 1, 2, 10, 0, 2, 2, 10, 2, 2, 10, 10, 3, 10, 10, 10, 0, 4, 10, 4, 1, 4, 0, 3, 1, 3, 10, 10, 7, 10, 4, 4, 1, 1, 0, 0, 3, 1, 1, 10, 3, 4, 4, 0, 9, 4, 10, 0, 0, 1, 0, 1, 2, 4, 1, 0, 1, 2, 3, 0, 0, 4, 2, 3, 3, 4, 1, 4, 17, 17, 17, 4, 10, 0, 2, 0, 3, 0, 0, 0, 2, 4, 3, 0, 1, 1, 3, 2, 3, 3, 1, 1, 4, 0, 0, 1, 5, 5, 1, 5, 4, 16, 2, 16, 3, 4, 1, 0, 3, 3, 3, 3, 3, 4, 1, 4, 1, 16, 1, 16, 4, 1, 0, 2, 3, 1, 4, 4, 2, 1, 0, 0, 4, 2, 1, 2, 0, 3, 2, 0, 2, 0, 1, 1, 1, 4, 2, 3, 3, 1, 3, 2, 3, 4, 4, 0, 0, 1, 1, 0, 3, 1, 3, 0, 0, 3, 2, 1, 2, 1, 12, 5, 12, 1, 0, 0, 18, 2, 12, 1, 1, 0, 1, 4, 3, 12, 3, 1, 3, 3, 0, 3, 4, 17, 1, 3, 3, 1, 2, 19, 4, 10, 10, 1, 2, 4, 3, 16, 1, 16, 0, 4, 2, 16, 3, 7, 2, 2, 1, 1, 0, 4, 3, 2, 2, 1, 4, 2, 2, 11, 0, 2, 4, 0, 2, 3, 1, 7, 7, 1, 7, 7, 3, 19, 0, 3, 16, 4, 7, 2, 2, 20, 2, 0, 2, 3, 2, 20, 1, 20, 14, 20, 0, 1, 3, 1, 1, 0, 4, 0, 2, 1, 1, 1, 1, 1, 1, 1, 0, 1, 6, 0, 2, 3, 3, 3, 0, 3, 1, 1, 3, 1, 1, 2, 0, 4, 0, 1, 1, 5, 4, 2, 0, 4, 2, 2, 3, 4, 2, 3, 4, 2, 4, 2, 3, 2, 3, 0, 0, 5, 5, 0, 16, 5, 4, 10, 0, 2, 1, 10, 4, 0, 3, 0, 4, 5, 1, 3, 1, 4, 3, 2, 3, 10, 4, 10, 3, 0, 2, 1, 4, 5, 4, 4, 4, 2, 2, 9, 3, 2, 1, 0, 3, 1, 2, 3, 1, 0, 0, 2, 1, 2, 4, 21, 5, 0, 3, 4, 0, 1, 0, 22, 22, 4, 4, 0, 0, 1, 4, 2, 3, 2, 2, 2, 2, 2]"
xerces,22,seed22_solution066,seed22_solution066,0.7390654205607476,11.414573745995877,1.055562113119657,0.7704606080477657,0.7390654205607476,-11.414573745995877,1.055562113119657,True,False,"[0, 1, 0, 0, 0, 0, 0, 0, 0, 2, 0, 0, 1, 0, 0, 1, 0, 0, 3, 2, 1, 3, 1, 1, 0, 0, 0, 3, 1, 1, 4, 0, 5, 3, 0, 5, 4, 4, 0, 0, 5, 0, 2, 2, 3, 1, 0, 4, 0, 5, 5, 3, 3, 3, 0, 0, 0, 5, 0, 0, 4, 0, 1, 0, 3, 3, 1, 5, 4, 5, 4, 2, 0, 5, 5, 0, 5, 0, 0, 2, 0, 0, 0, 0, 4, 0, 2, 0, 1, 5, 0, 4, 0, 0, 3, 4, 0, 0, 0, 0, 3, 0, 0, 0, 2, 5, 0, 4, 0, 1, 1, 6, 0, 4, 5, 0, 4, 6, 0, 1, 6, 6, 1, 0, 3, 6, 6, 5, 4, 4, 6, 3, 1, 6, 6, 6, 6, 6, 6, 1, 6, 6, 6, 4, 2, 6, 1, 1, 3, 2, 1, 6, 2, 2, 1, 1, 1, 1, 5, 0, 5, 5, 1, 1, 1, 3, 1, 1, 2, 4, 1, 1, 4, 1, 3, 7, 7, 7, 0, 2, 3, 3, 7, 1, 1, 2, 1, 3, 1, 3, 2, 1, 8, 9, 8, 8, 8, 4, 8, 8, 8, 8, 2, 4, 1, 0, 9, 10, 1, 10, 10, 10, 10, 1, 10, 10, 10, 10, 10, 3, 10, 4, 10, 1, 10, 10, 2, 10, 0, 9, 3, 10, 10, 3, 0, 10, 10, 10, 4, 2, 2, 10, 1, 2, 0, 9, 5, 10, 10, 0, 4, 10, 4, 1, 10, 4, 4, 5, 1, 2, 0, 10, 4, 0, 10, 1, 1, 9, 3, 5, 9, 4, 10, 3, 9, 4, 3, 10, 1, 4, 6, 6, 2, 5, 6, 1, 3, 4, 3, 4, 11, 11, 11, 0, 11, 2, 11, 11, 11, 12, 12, 12, 12, 1, 12, 12, 12, 4, 1, 5, 12, 12, 1, 12, 1, 12, 12, 3, 4, 12, 12, 4, 12, 0, 0, 12, 12, 12, 12, 3, 12, 4, 12, 5, 4, 5, 4, 9, 9, 0, 9, 0, 9, 2, 2, 9, 3, 1, 3, 3, 3, 5, 4, 4, 4, 4, 4, 5, 1, 0, 9, 2, 5, 9, 5, 1, 2, 9, 5, 9, 9, 9, 3, 4, 3, 2, 2, 4, 9, 3, 9, 9, 1, 4, 4, 4, 5, 5, 4, 4, 0, 2, 3, 4, 4, 3, 4, 9, 0, 7, 7, 7, 4, 3, 2, 4, 1, 0, 13, 1, 2, 1, 13, 4, 13, 5, 4, 13, 3, 1, 13, 2, 2, 9, 2, 4, 3, 9, 0, 9, 5, 9, 0, 3, 9, 9, 9, 2, 5, 1, 4, 2, 13, 3, 0, 9, 9, 3, 9, 9, 9, 4, 9, 5, 5, 9, 9, 9, 9, 3, 2, 0, 1, 4, 9, 0, 9, 9, 3, 2, 3, 13, 13, 1, 1, 3, 1, 1, 1, 3, 13, 1, 0, 1, 5, 1, 14, 14, 14, 14, 0, 5, 2, 4, 4, 2, 1, 0, 2, 2, 3, 5, 13, 3, 0, 3, 3, 5, 4, 5, 1, 2, 1, 1, 4, 1, 4, 2, 13, 13, 13, 5, 13, 0, 13, 0, 3, 3, 2, 3, 3, 13, 13, 0, 1, 4, 4, 13, 1, 1, 0, 4, 3, 3, 4, 13, 1, 0, 5, 2, 1, 1, 5, 0, 4, 13, 3, 3, 5, 2, 15, 1, 5, 4, 3, 3, 3, 3, 5, 3, 3, 2, 5, 2, 3, 1, 4, 1, 4, 3, 3, 2, 3, 0, 1, 1, 15, 3, 0, 15, 15, 15, 15, 15, 4, 15, 2, 5, 3, 1, 15, 15, 5, 5, 15, 15, 15, 15, 5, 1, 0, 2, 16, 4, 5, 4, 13, 17, 0, 9, 2, 5, 5, 0, 1, 13, 4, 13, 13, 3, 2, 13, 13, 3, 5, 2, 2, 3, 3, 2, 13, 2, 2, 2, 2, 2, 3, 13, 2, 5, 2, 2, 2, 3, 6, 6, 5, 6, 5, 6, 0, 17, 5, 2, 2, 2, 6, 1, 1, 3, 18, 5, 18, 18, 18, 18, 3, 4, 18, 0, 0, 1, 1, 0, 1, 4, 1, 1, 3, 2, 1, 3, 1, 1, 1, 1, 1, 3, 0, 3, 3, 3, 3, 3, 3, 3, 1, 1, 3, 0, 1, 1, 5, 2, 1, 5, 1, 3, 5, 3, 4, 4, 4, 5, 0, 5, 2, 1, 13, 3, 1, 1, 1, 2, 1, 4, 4, 0, 4, 4, 13, 4, 2, 9, 9, 2, 9, 3, 4, 9, 4, 2, 1, 4, 3, 3, 9, 5, 9, 0, 9, 4, 9, 5, 0, 9, 9, 2, 0, 4, 4, 10, 9, 10, 10, 10, 10, 1, 4, 0, 2, 0, 1, 5, 2, 2, 2, 4, 2, 3, 2, 5, 19, 0, 2, 1, 20, 2, 19, 4, 0, 3, 1, 19, 19, 1, 19, 2, 2, 5, 3, 2, 4, 2]"
xerces,22,seed22_solution068,seed22_solution068,0.7637095614665708,11.575457968486512,1.5086345224790094,0.8392926813797664,0.7637095614665708,-11.575457968486512,1.5086345224790094,True,False,"[0, 0, 0, 0, 1, 0, 1, 1, 0, 2, 0, 3, 0, 0, 2, 1, 0, 2, 3, 1, 1, 0, 1, 1, 0, 0, 0, 1, 3, 0, 0, 2, 0, 0, 3, 2, 0, 0, 4, 5, 0, 5, 1, 5, 3, 2, 0, 3, 0, 2, 0, 0, 0, 2, 2, 3, 5, 0, 0, 0, 0, 0, 1, 0, 0, 1, 0, 0, 5, 3, 4, 0, 0, 4, 2, 4, 0, 0, 2, 3, 0, 0, 5, 3, 3, 3, 2, 2, 0, 0, 2, 2, 1, 3, 0, 1, 0, 0, 0, 1, 1, 1, 6, 0, 0, 0, 4, 2, 1, 1, 4, 7, 0, 3, 1, 6, 1, 4, 3, 3, 7, 7, 6, 6, 7, 2, 3, 7, 2, 5, 4, 0, 0, 3, 2, 1, 5, 5, 7, 2, 0, 7, 4, 7, 7, 7, 2, 0, 1, 6, 2, 3, 1, 5, 5, 1, 0, 2, 4, 0, 5, 2, 2, 2, 4, 3, 1, 5, 2, 2, 2, 5, 0, 0, 2, 8, 1, 8, 8, 0, 0, 3, 5, 1, 0, 3, 5, 1, 2, 5, 7, 5, 2, 1, 0, 1, 2, 1, 9, 2, 1, 3, 10, 2, 1, 2, 11, 1, 4, 12, 12, 7, 12, 2, 5, 4, 1, 5, 3, 11, 12, 13, 12, 3, 3, 12, 0, 5, 12, 11, 0, 3, 12, 12, 3, 3, 4, 2, 4, 5, 2, 5, 3, 3, 3, 2, 5, 2, 1, 12, 1, 0, 0, 12, 0, 7, 2, 1, 5, 5, 0, 5, 4, 0, 1, 0, 11, 4, 1, 1, 1, 2, 2, 2, 4, 5, 14, 3, 0, 0, 5, 7, 4, 0, 7, 5, 5, 5, 2, 1, 10, 2, 0, 3, 0, 0, 2, 1, 2, 5, 2, 2, 3, 5, 4, 3, 5, 2, 0, 1, 3, 3, 1, 1, 15, 15, 0, 0, 2, 4, 10, 5, 5, 15, 0, 4, 0, 0, 2, 15, 9, 1, 2, 0, 5, 7, 3, 0, 11, 2, 2, 11, 11, 5, 1, 5, 3, 3, 3, 3, 5, 5, 1, 1, 5, 5, 5, 5, 1, 3, 11, 0, 4, 11, 11, 3, 1, 3, 2, 1, 5, 1, 11, 5, 3, 11, 2, 1, 0, 3, 11, 0, 11, 5, 0, 0, 1, 5, 5, 2, 3, 10, 0, 5, 5, 3, 4, 11, 8, 1, 0, 3, 4, 8, 0, 8, 16, 11, 1, 3, 16, 2, 5, 5, 5, 3, 1, 5, 16, 0, 1, 3, 0, 10, 1, 11, 1, 3, 0, 1, 11, 4, 0, 1, 0, 0, 2, 5, 11, 10, 0, 0, 2, 3, 1, 4, 11, 0, 4, 5, 1, 5, 0, 0, 2, 11, 11, 2, 16, 3, 2, 4, 4, 4, 5, 0, 2, 2, 0, 2, 1, 16, 16, 0, 2, 3, 2, 0, 0, 14, 16, 3, 2, 2, 0, 2, 3, 17, 15, 5, 10, 0, 3, 18, 4, 0, 2, 0, 3, 5, 3, 0, 1, 3, 0, 3, 0, 3, 2, 2, 5, 0, 5, 3, 0, 5, 2, 2, 3, 2, 16, 5, 16, 4, 2, 1, 3, 2, 2, 3, 2, 4, 0, 4, 3, 16, 2, 3, 5, 2, 0, 1, 2, 1, 2, 16, 1, 1, 0, 2, 2, 2, 2, 0, 0, 3, 3, 3, 1, 3, 4, 4, 1, 4, 3, 2, 1, 2, 3, 3, 3, 1, 5, 0, 0, 0, 3, 0, 2, 1, 3, 0, 3, 3, 5, 5, 3, 2, 19, 9, 1, 3, 0, 0, 16, 20, 5, 1, 1, 0, 1, 20, 2, 0, 19, 2, 2, 3, 0, 2, 1, 3, 2, 2, 2, 2, 1, 21, 5, 5, 11, 17, 16, 5, 3, 3, 5, 5, 16, 19, 2, 3, 16, 8, 3, 1, 2, 2, 3, 5, 16, 2, 1, 0, 5, 3, 3, 2, 0, 10, 1, 5, 1, 2, 6, 1, 7, 7, 3, 7, 2, 21, 0, 2, 2, 3, 7, 0, 3, 0, 22, 0, 3, 22, 1, 2, 22, 3, 1, 18, 2, 0, 2, 0, 0, 2, 5, 0, 1, 0, 4, 2, 0, 5, 0, 16, 0, 1, 0, 1, 3, 1, 3, 3, 2, 0, 2, 5, 2, 0, 6, 3, 6, 3, 0, 2, 2, 2, 4, 3, 0, 0, 3, 5, 0, 4, 5, 2, 5, 1, 5, 1, 2, 0, 4, 4, 0, 2, 5, 3, 0, 2, 5, 11, 11, 3, 1, 1, 5, 0, 5, 0, 5, 5, 4, 1, 5, 4, 2, 1, 11, 11, 10, 11, 2, 3, 1, 2, 4, 2, 4, 12, 4, 3, 1, 3, 3, 3, 1, 0, 3, 1, 2, 1, 2, 0, 1, 5, 4, 2, 13, 23, 1, 0, 3, 5, 0, 0, 9, 4, 0, 14, 5, 0, 23, 24, 5, 1, 2, 3, 4, 3, 5, 1]"
xerces,22,seed22_solution069,seed22_solution069,0.7639971243709561,11.576877571677542,1.5078590248260622,0.8405462559384017,0.7639971243709561,-11.576877571677542,1.5078590248260622,True,False,"[0, 0, 0, 0, 1, 0, 1, 1, 0, 2, 0, 3, 0, 0, 2, 1, 0, 2, 3, 1, 1, 0, 1, 1, 0, 0, 0, 1, 3, 0, 0, 2, 0, 0, 3, 2, 0, 0, 4, 5, 0, 5, 1, 5, 3, 2, 0, 3, 0, 2, 0, 0, 0, 2, 2, 3, 5, 0, 0, 0, 0, 0, 1, 0, 0, 1, 0, 0, 5, 3, 4, 0, 0, 4, 2, 4, 0, 0, 2, 3, 0, 0, 5, 3, 3, 3, 2, 2, 0, 0, 2, 2, 1, 3, 0, 1, 0, 0, 0, 1, 1, 1, 6, 0, 0, 0, 4, 2, 1, 1, 4, 7, 0, 3, 1, 6, 1, 4, 3, 3, 7, 7, 6, 6, 7, 2, 3, 7, 2, 5, 4, 0, 0, 3, 2, 1, 5, 5, 7, 2, 0, 7, 4, 7, 7, 7, 2, 0, 1, 6, 2, 3, 1, 5, 5, 1, 0, 2, 4, 0, 5, 2, 2, 2, 4, 3, 1, 5, 2, 2, 2, 5, 0, 0, 2, 8, 1, 8, 8, 0, 0, 3, 5, 1, 0, 3, 5, 1, 2, 5, 7, 5, 2, 1, 0, 1, 2, 1, 9, 2, 1, 3, 10, 2, 1, 2, 11, 1, 4, 12, 12, 7, 12, 2, 5, 4, 1, 5, 3, 11, 12, 13, 12, 3, 3, 12, 0, 5, 12, 11, 0, 3, 12, 12, 3, 3, 4, 2, 4, 5, 2, 5, 3, 3, 3, 2, 5, 2, 1, 12, 1, 0, 0, 12, 0, 7, 2, 1, 5, 5, 0, 5, 4, 0, 1, 0, 11, 4, 1, 1, 1, 2, 2, 2, 4, 5, 14, 3, 0, 0, 5, 7, 4, 0, 7, 5, 5, 5, 2, 1, 10, 2, 0, 3, 0, 0, 2, 1, 2, 5, 2, 2, 3, 5, 4, 3, 5, 2, 0, 1, 3, 3, 1, 1, 15, 15, 0, 0, 2, 4, 10, 5, 5, 15, 0, 4, 0, 0, 2, 15, 9, 1, 2, 0, 5, 7, 3, 0, 11, 2, 2, 11, 11, 5, 1, 5, 3, 3, 3, 3, 5, 5, 1, 1, 5, 5, 5, 5, 1, 3, 6, 0, 4, 11, 11, 3, 5, 3, 2, 1, 5, 1, 11, 5, 3, 11, 2, 1, 0, 3, 11, 0, 11, 5, 0, 0, 1, 5, 5, 2, 3, 10, 0, 5, 5, 3, 4, 11, 8, 1, 0, 3, 4, 8, 0, 8, 16, 11, 1, 3, 16, 2, 5, 5, 5, 3, 1, 5, 16, 0, 1, 3, 0, 10, 1, 11, 1, 3, 0, 1, 11, 4, 0, 1, 0, 0, 2, 5, 11, 10, 0, 0, 2, 3, 1, 4, 11, 0, 4, 5, 1, 5, 0, 0, 2, 11, 11, 2, 16, 3, 2, 4, 4, 4, 5, 0, 2, 2, 0, 2, 1, 16, 16, 0, 2, 3, 2, 0, 0, 14, 16, 3, 2, 2, 0, 2, 3, 17, 15, 5, 10, 0, 3, 18, 4, 0, 2, 0, 3, 5, 3, 0, 1, 3, 0, 3, 0, 3, 2, 2, 5, 0, 5, 3, 0, 5, 2, 2, 3, 2, 16, 5, 16, 4, 2, 1, 3, 2, 2, 3, 2, 4, 0, 4, 3, 16, 2, 3, 5, 2, 0, 1, 2, 1, 2, 16, 1, 1, 0, 2, 2, 2, 2, 0, 0, 3, 3, 3, 1, 3, 4, 4, 1, 4, 3, 2, 1, 2, 3, 3, 3, 1, 5, 0, 0, 0, 3, 0, 2, 1, 3, 0, 3, 3, 5, 5, 3, 2, 19, 9, 1, 3, 0, 0, 16, 20, 5, 1, 1, 0, 1, 20, 2, 0, 19, 2, 2, 3, 0, 2, 1, 3, 2, 2, 2, 2, 1, 21, 5, 5, 11, 17, 16, 5, 3, 3, 5, 5, 16, 19, 2, 3, 16, 8, 3, 1, 2, 2, 3, 5, 16, 2, 1, 0, 5, 3, 3, 2, 0, 10, 1, 5, 1, 2, 6, 1, 7, 7, 3, 7, 2, 21, 0, 2, 2, 3, 7, 0, 3, 0, 22, 0, 3, 22, 1, 2, 22, 3, 1, 18, 2, 0, 2, 0, 0, 2, 5, 0, 1, 0, 4, 2, 0, 5, 0, 16, 0, 1, 0, 1, 3, 1, 3, 3, 2, 0, 2, 5, 2, 0, 6, 3, 6, 3, 0, 2, 2, 2, 4, 3, 0, 0, 3, 5, 0, 4, 5, 2, 5, 1, 5, 1, 2, 0, 4, 4, 0, 2, 5, 3, 0, 2, 5, 11, 11, 3, 1, 1, 5, 0, 5, 0, 5, 5, 4, 1, 5, 4, 2, 1, 11, 11, 10, 11, 2, 3, 1, 2, 4, 2, 4, 12, 4, 3, 1, 3, 3, 3, 1, 0, 3, 1, 2, 1, 2, 0, 1, 5, 4, 2, 13, 23, 1, 0, 3, 5, 0, 0, 9, 4, 0, 14, 5, 0, 23, 24, 5, 1, 2, 3, 4, 3, 5, 1]"
xerces,22,seed22_solution070,seed22_solution070,0.7732278936017254,0.3313574557806384,0.644154166803465,0.8602178588020327,0.7732278936017254,-0.3313574557806384,0.644154166803465,True,False,"[0, 0, 0, 0, 1, 0, 0, 0, 0, 2, 3, 4, 5, 0, 6, 7, 0, 0, 8, 9, 7, 0, 0, 6, 10, 0, 11, 4, 0, 12, 0, 0, 0, 8, 9, 0, 0, 12, 0, 13, 14, 0, 7, 0, 0, 2, 6, 8, 0, 0, 0, 0, 0, 15, 0, 0, 0, 2, 12, 0, 0, 0, 0, 12, 0, 3, 16, 0, 15, 0, 0, 0, 0, 0, 0, 17, 0, 17, 0, 0, 0, 9, 18, 0, 0, 0, 7, 3, 0, 0, 0, 0, 0, 14, 0, 1, 5, 0, 0, 9, 5, 19, 1, 8, 20, 0, 5, 9, 5, 21, 1, 2, 0, 14, 6, 6, 6, 6, 6, 22, 6, 23, 6, 24, 8, 6, 2, 6, 6, 10, 15, 25, 26, 25, 2, 6, 6, 26, 7, 26, 6, 15, 8, 6, 18, 19, 24, 1, 27, 7, 1, 6, 6, 15, 20, 9, 1, 0, 1, 8, 1, 6, 23, 2, 18, 21, 6, 1, 17, 6, 23, 26, 23, 1, 4, 8, 4, 11, 8, 9, 8, 16, 8, 1, 27, 8, 15, 19, 1, 19, 9, 27, 9, 21, 27, 27, 9, 7, 9, 8, 9, 28, 24, 12, 16, 10, 2, 8, 13, 7, 4, 10, 17, 25, 14, 5, 9, 10, 16, 19, 10, 0, 23, 9, 10, 10, 18, 9, 10, 19, 9, 21, 16, 9, 9, 9, 9, 12, 9, 1, 9, 4, 6, 10, 9, 10, 9, 9, 9, 2, 0, 10, 17, 12, 9, 4, 9, 9, 27, 27, 10, 9, 10, 16, 6, 23, 10, 27, 25, 10, 5, 19, 3, 10, 19, 19, 9, 2, 16, 27, 1, 29, 6, 8, 24, 1, 3, 11, 27, 3, 13, 25, 16, 27, 27, 27, 12, 27, 16, 16, 12, 12, 23, 16, 12, 28, 12, 4, 23, 16, 16, 16, 23, 29, 30, 16, 13, 12, 28, 19, 12, 12, 8, 25, 12, 19, 8, 29, 12, 12, 12, 16, 12, 13, 3, 11, 1, 10, 10, 19, 19, 10, 14, 9, 16, 14, 24, 19, 11, 31, 3, 18, 3, 3, 3, 7, 3, 3, 3, 3, 17, 8, 19, 19, 10, 10, 10, 17, 12, 32, 19, 19, 10, 27, 13, 24, 1, 6, 28, 12, 8, 10, 19, 31, 3, 27, 5, 3, 14, 3, 7, 12, 3, 20, 0, 8, 24, 31, 8, 8, 8, 6, 3, 8, 8, 8, 12, 13, 13, 10, 14, 21, 19, 13, 30, 29, 13, 9, 29, 30, 29, 22, 19, 19, 2, 9, 1, 19, 10, 8, 25, 2, 5, 19, 10, 4, 0, 12, 10, 19, 19, 11, 14, 11, 28, 19, 19, 7, 25, 19, 19, 13, 3, 1, 19, 19, 9, 15, 19, 11, 30, 10, 19, 13, 5, 19, 10, 15, 19, 15, 20, 13, 13, 1, 26, 30, 9, 1, 1, 1, 29, 29, 20, 1, 1, 17, 18, 20, 17, 4, 3, 18, 5, 17, 2, 2, 1, 0, 2, 25, 2, 20, 29, 7, 11, 25, 9, 10, 3, 2, 1, 1, 29, 1, 11, 15, 6, 4, 13, 8, 13, 13, 29, 13, 20, 29, 22, 11, 1, 11, 27, 18, 7, 0, 32, 29, 3, 22, 1, 1, 5, 9, 31, 11, 13, 13, 15, 24, 29, 1, 28, 4, 1, 3, 11, 29, 11, 11, 10, 2, 12, 21, 31, 11, 11, 11, 7, 11, 11, 11, 4, 2, 1, 1, 12, 1, 15, 1, 1, 11, 11, 13, 8, 10, 29, 1, 22, 8, 10, 18, 7, 6, 12, 15, 28, 6, 18, 7, 18, 8, 3, 15, 20, 18, 14, 15, 24, 15, 32, 1, 13, 10, 0, 14, 16, 31, 18, 24, 11, 19, 10, 22, 13, 19, 11, 17, 25, 29, 7, 1, 31, 30, 29, 6, 2, 30, 20, 2, 11, 5, 17, 11, 2, 8, 2, 12, 14, 10, 10, 30, 9, 19, 2, 23, 6, 6, 19, 25, 6, 6, 11, 24, 5, 16, 29, 23, 26, 24, 24, 26, 20, 20, 20, 12, 26, 12, 12, 31, 20, 27, 1, 1, 5, 25, 1, 2, 2, 26, 15, 6, 5, 1, 1, 9, 10, 13, 12, 6, 20, 11, 11, 11, 11, 11, 11, 12, 1, 1, 1, 1, 1, 2, 6, 2, 7, 26, 1, 31, 25, 4, 9, 4, 28, 29, 2, 2, 23, 8, 21, 1, 18, 1, 1, 2, 1, 1, 19, 21, 3, 26, 32, 13, 6, 19, 19, 10, 11, 10, 12, 14, 22, 23, 19, 3, 11, 2, 19, 3, 22, 0, 15, 12, 10, 19, 22, 14, 19, 8, 19, 16, 19, 21, 10, 23, 9, 14, 17, 5, 2, 2, 2, 25, 32, 1, 14, 2, 13, 2, 6, 10, 30, 16, 26, 25, 2, 30, 7, 2, 30, 14, 8, 19, 19, 23, 21, 28, 26, 16, 3, 32, 2, 2, 2, 2]"
xerces,22,seed22_solution071,seed22_solution071,0.7939036664270309,12.447103817321885,1.330901782658412,0.8449976116105331,0.7939036664270309,-12.447103817321885,1.330901782658412,True,False,"[0, 0, 0, 0, 1, 1, 1, 2, 0, 3, 0, 0, 0, 0, 0, 3, 0, 4, 2, 1, 3, 4, 1, 2, 0, 0, 0, 1, 2, 0, 5, 3, 0, 0, 3, 3, 0, 0, 5, 4, 5, 5, 1, 5, 2, 2, 0, 2, 0, 3, 3, 0, 1, 3, 3, 2, 4, 4, 4, 0, 0, 1, 0, 0, 0, 1, 2, 0, 1, 1, 5, 4, 1, 4, 1, 5, 0, 4, 3, 0, 5, 1, 3, 2, 2, 2, 3, 1, 0, 4, 3, 1, 1, 2, 1, 1, 0, 1, 0, 1, 1, 1, 2, 0, 3, 0, 1, 3, 1, 2, 5, 5, 0, 4, 1, 6, 1, 5, 3, 3, 2, 0, 6, 6, 1, 6, 2, 2, 5, 4, 5, 0, 0, 2, 1, 1, 4, 5, 3, 3, 0, 1, 4, 7, 0, 3, 4, 0, 1, 6, 3, 2, 1, 1, 4, 2, 0, 5, 5, 0, 4, 3, 3, 5, 5, 0, 2, 4, 3, 1, 3, 4, 0, 0, 1, 2, 1, 1, 2, 0, 0, 2, 5, 1, 0, 2, 4, 1, 3, 1, 8, 4, 3, 1, 9, 9, 3, 1, 9, 3, 1, 2, 4, 1, 1, 0, 4, 2, 5, 3, 4, 8, 1, 3, 5, 5, 2, 5, 2, 0, 0, 2, 0, 3, 2, 5, 0, 4, 2, 1, 0, 5, 1, 3, 8, 2, 5, 3, 5, 4, 3, 4, 3, 8, 2, 3, 4, 3, 1, 5, 8, 4, 0, 1, 0, 8, 3, 1, 4, 3, 0, 4, 5, 0, 1, 0, 3, 5, 1, 4, 1, 3, 3, 3, 5, 4, 0, 2, 8, 0, 4, 0, 5, 0, 4, 4, 4, 1, 3, 1, 10, 1, 0, 2, 0, 0, 3, 1, 3, 2, 1, 3, 2, 5, 5, 11, 4, 3, 0, 2, 3, 2, 2, 0, 5, 0, 3, 0, 5, 5, 12, 4, 4, 1, 0, 5, 0, 0, 11, 1, 11, 1, 3, 5, 5, 3, 3, 0, 3, 0, 1, 0, 3, 4, 1, 4, 2, 2, 2, 3, 5, 4, 1, 1, 4, 3, 4, 2, 1, 2, 2, 0, 5, 3, 3, 2, 1, 3, 12, 1, 4, 1, 0, 2, 2, 1, 4, 1, 0, 5, 3, 0, 3, 5, 4, 0, 1, 3, 4, 3, 2, 0, 0, 0, 2, 1, 5, 12, 5, 3, 0, 2, 5, 4, 0, 1, 2, 7, 1, 2, 5, 3, 4, 5, 4, 3, 2, 4, 1, 0, 2, 2, 0, 12, 2, 3, 2, 2, 0, 1, 5, 5, 0, 1, 0, 0, 1, 5, 1, 12, 5, 3, 3, 3, 1, 5, 0, 0, 5, 4, 1, 4, 0, 0, 3, 4, 12, 3, 3, 5, 3, 5, 5, 5, 4, 2, 3, 1, 0, 1, 2, 4, 1, 0, 1, 2, 3, 0, 0, 1, 2, 2, 3, 5, 0, 4, 4, 3, 13, 5, 12, 0, 2, 0, 5, 0, 0, 0, 2, 4, 2, 4, 1, 1, 0, 2, 0, 2, 1, 4, 4, 0, 4, 2, 0, 2, 4, 1, 3, 3, 3, 4, 3, 5, 1, 2, 1, 3, 3, 2, 3, 5, 0, 5, 2, 0, 1, 0, 4, 4, 0, 5, 3, 1, 3, 5, 2, 1, 0, 0, 4, 2, 3, 0, 0, 2, 2, 0, 2, 2, 5, 5, 1, 5, 2, 3, 1, 1, 5, 2, 2, 1, 4, 0, 4, 1, 4, 0, 5, 1, 0, 0, 0, 2, 2, 4, 2, 14, 1, 4, 2, 1, 0, 0, 14, 2, 4, 1, 1, 0, 1, 1, 3, 0, 3, 1, 3, 3, 0, 3, 1, 2, 14, 3, 3, 1, 2, 15, 4, 5, 3, 0, 5, 5, 2, 2, 4, 2, 0, 4, 2, 1, 3, 3, 2, 1, 1, 1, 2, 4, 3, 3, 0, 0, 5, 2, 5, 6, 0, 12, 5, 4, 2, 3, 6, 2, 4, 1, 2, 8, 3, 15, 0, 3, 1, 3, 0, 0, 2, 0, 2, 16, 2, 3, 1, 3, 2, 2, 2, 16, 0, 0, 3, 0, 1, 5, 4, 4, 2, 0, 5, 1, 0, 5, 0, 1, 4, 1, 0, 1, 2, 1, 1, 3, 3, 0, 2, 4, 3, 0, 5, 2, 6, 3, 1, 2, 2, 3, 5, 2, 0, 0, 2, 4, 0, 5, 4, 3, 5, 2, 4, 4, 3, 0, 5, 5, 0, 1, 4, 0, 0, 3, 5, 1, 0, 2, 1, 1, 4, 0, 3, 0, 5, 2, 5, 1, 4, 5, 3, 2, 3, 11, 12, 13, 3, 3, 2, 1, 5, 3, 5, 3, 5, 2, 2, 2, 3, 2, 1, 0, 1, 1, 1, 1, 5, 0, 1, 4, 5, 3, 0, 4, 2, 0, 1, 5, 0, 1, 11, 5, 2, 17, 2, 0, 2, 1, 5, 5, 3, 2, 5, 2, 5, 1]"
xerces,22,seed22_solution073,seed22_solution073,0.7947375988497484,14.40354597115017,1.353857403785534,0.8164043723258914,0.7947375988497484,-14.40354597115017,1.353857403785534,True,False,"[0, 0, 0, 0, 1, 0, 0, 2, 2, 3, 0, 0, 0, 4, 0, 3, 0, 1, 2, 1, 2, 2, 1, 2, 0, 0, 0, 1, 2, 4, 0, 0, 0, 4, 3, 3, 0, 4, 4, 4, 0, 4, 1, 4, 2, 2, 5, 4, 0, 3, 3, 1, 4, 3, 2, 2, 0, 3, 3, 0, 0, 4, 2, 1, 1, 1, 3, 0, 1, 3, 2, 4, 1, 5, 1, 4, 3, 4, 3, 3, 4, 3, 4, 1, 3, 2, 2, 1, 4, 5, 3, 1, 3, 2, 1, 1, 0, 0, 1, 1, 1, 1, 2, 2, 3, 1, 0, 3, 1, 2, 1, 4, 1, 3, 1, 0, 2, 2, 3, 3, 1, 4, 0, 1, 4, 6, 2, 2, 1, 3, 4, 3, 0, 3, 1, 2, 1, 4, 1, 3, 0, 0, 5, 4, 0, 3, 1, 4, 1, 6, 3, 3, 6, 4, 4, 2, 0, 5, 5, 0, 4, 3, 4, 1, 3, 0, 2, 4, 4, 4, 3, 1, 0, 0, 1, 2, 1, 1, 7, 0, 3, 1, 4, 4, 0, 2, 4, 1, 4, 4, 4, 4, 0, 1, 0, 2, 3, 1, 3, 1, 2, 1, 4, 1, 2, 0, 3, 2, 3, 1, 4, 1, 1, 3, 4, 2, 2, 4, 2, 1, 3, 2, 8, 3, 3, 8, 0, 1, 2, 9, 0, 3, 1, 3, 0, 2, 8, 2, 0, 3, 3, 4, 3, 3, 2, 1, 0, 3, 1, 4, 2, 0, 4, 1, 8, 3, 3, 1, 0, 3, 0, 5, 3, 3, 5, 0, 3, 4, 1, 5, 1, 4, 3, 3, 4, 4, 4, 2, 0, 0, 4, 0, 4, 0, 5, 2, 1, 1, 3, 0, 3, 1, 2, 2, 0, 0, 3, 2, 1, 4, 1, 1, 10, 4, 4, 3, 4, 3, 0, 2, 10, 0, 2, 2, 4, 10, 10, 0, 4, 0, 10, 4, 10, 1, 0, 4, 0, 2, 10, 1, 0, 1, 3, 0, 2, 3, 3, 0, 0, 0, 1, 2, 3, 2, 1, 3, 0, 3, 4, 3, 4, 5, 0, 0, 1, 3, 2, 2, 1, 2, 1, 0, 4, 3, 4, 3, 1, 3, 1, 9, 4, 1, 0, 2, 3, 1, 2, 1, 1, 3, 0, 0, 3, 4, 0, 0, 5, 3, 1, 2, 2, 2, 0, 3, 2, 3, 0, 1, 4, 2, 3, 2, 4, 4, 2, 1, 2, 0, 1, 1, 4, 3, 4, 4, 0, 3, 2, 0, 0, 0, 2, 2, 0, 2, 2, 3, 0, 2, 9, 9, 3, 3, 3, 1, 0, 4, 1, 4, 1, 4, 0, 3, 1, 3, 1, 4, 9, 0, 4, 4, 1, 1, 0, 0, 3, 1, 1, 3, 3, 4, 4, 9, 9, 4, 4, 0, 0, 1, 0, 1, 2, 4, 2, 0, 1, 2, 3, 0, 0, 4, 2, 3, 3, 4, 0, 4, 3, 3, 4, 4, 11, 0, 2, 0, 4, 0, 0, 0, 2, 4, 3, 0, 1, 1, 3, 2, 3, 2, 1, 3, 4, 0, 0, 2, 1, 2, 1, 1, 4, 3, 2, 4, 3, 4, 1, 0, 3, 3, 4, 3, 2, 4, 0, 4, 2, 0, 1, 3, 4, 2, 0, 2, 3, 1, 4, 4, 2, 1, 0, 0, 4, 2, 3, 2, 0, 3, 2, 0, 2, 0, 0, 4, 1, 4, 2, 3, 2, 1, 3, 2, 4, 3, 4, 0, 0, 0, 3, 0, 3, 1, 3, 0, 0, 3, 2, 1, 2, 1, 1, 5, 2, 1, 0, 0, 3, 2, 3, 1, 1, 0, 1, 4, 1, 0, 3, 1, 3, 3, 0, 3, 4, 2, 1, 4, 3, 1, 2, 12, 4, 4, 2, 1, 2, 4, 2, 2, 4, 4, 0, 4, 2, 3, 3, 6, 2, 3, 1, 1, 0, 1, 3, 2, 2, 1, 4, 2, 2, 13, 0, 2, 4, 0, 2, 3, 1, 2, 6, 1, 6, 6, 3, 12, 0, 3, 1, 4, 4, 2, 2, 0, 2, 0, 2, 3, 2, 3, 1, 2, 14, 3, 0, 0, 3, 0, 3, 0, 4, 0, 2, 1, 4, 1, 2, 0, 0, 1, 0, 1, 13, 0, 2, 3, 0, 3, 3, 0, 2, 4, 3, 4, 4, 2, 0, 4, 1, 2, 2, 5, 5, 2, 0, 4, 2, 4, 3, 4, 2, 3, 4, 2, 4, 2, 3, 2, 4, 0, 0, 1, 0, 0, 0, 3, 4, 1, 0, 2, 1, 1, 4, 0, 3, 0, 4, 2, 1, 1, 1, 4, 3, 2, 3, 9, 4, 15, 3, 0, 2, 1, 4, 1, 4, 4, 4, 2, 2, 4, 3, 2, 1, 0, 3, 1, 1, 3, 3, 0, 0, 4, 1, 3, 0, 4, 5, 0, 3, 4, 0, 1, 0, 0, 0, 4, 4, 0, 0, 1, 4, 2, 3, 3, 5, 2, 2, 2]"
xerces,22,seed22_solution076,seed22_solution076,0.7975844716031631,21.965982926406166,0.8953271103537899,0.811412450875026,0.7975844716031631,-21.965982926406166,0.8953271103537899,True,False,"[0, 0, 0, 1, 2, 0, 0, 1, 1, 2, 0, 1, 0, 0, 3, 1, 0, 3, 1, 4, 3, 1, 4, 3, 2, 0, 0, 1, 4, 2, 0, 1, 0, 1, 2, 2, 2, 1, 3, 3, 0, 2, 3, 2, 1, 4, 5, 2, 0, 2, 2, 0, 3, 2, 4, 1, 0, 2, 4, 2, 2, 1, 1, 4, 1, 3, 3, 0, 4, 1, 2, 2, 4, 5, 5, 3, 0, 3, 5, 2, 4, 6, 2, 4, 2, 1, 3, 0, 3, 5, 1, 4, 3, 1, 4, 7, 0, 0, 3, 0, 1, 4, 1, 1, 1, 5, 0, 1, 4, 1, 3, 1, 3, 2, 3, 0, 1, 4, 2, 2, 3, 3, 0, 3, 3, 3, 4, 5, 3, 2, 3, 0, 0, 1, 3, 1, 4, 3, 4, 2, 0, 3, 5, 2, 0, 3, 5, 0, 3, 4, 2, 2, 4, 4, 3, 1, 0, 4, 5, 0, 3, 2, 3, 5, 3, 3, 3, 2, 0, 4, 1, 4, 2, 0, 1, 1, 3, 3, 4, 0, 1, 8, 3, 2, 5, 1, 2, 1, 1, 3, 3, 3, 0, 0, 0, 3, 4, 2, 3, 4, 4, 3, 2, 0, 3, 4, 1, 1, 3, 2, 3, 3, 3, 2, 3, 1, 4, 3, 4, 1, 2, 4, 0, 2, 1, 2, 0, 2, 0, 3, 1, 2, 3, 2, 4, 1, 0, 1, 0, 1, 4, 3, 2, 2, 1, 4, 0, 2, 4, 2, 1, 4, 0, 4, 1, 2, 2, 5, 1, 2, 0, 5, 2, 2, 5, 0, 1, 2, 3, 4, 4, 4, 1, 2, 3, 0, 1, 2, 3, 0, 3, 0, 4, 5, 4, 4, 1, 2, 1, 0, 2, 2, 4, 4, 1, 4, 2, 4, 3, 2, 4, 4, 1, 3, 3, 1, 3, 2, 0, 1, 1, 0, 3, 5, 3, 3, 4, 0, 3, 0, 0, 2, 3, 4, 2, 2, 0, 1, 4, 1, 2, 4, 1, 0, 4, 7, 2, 0, 3, 0, 4, 0, 0, 3, 4, 2, 0, 3, 2, 4, 3, 5, 1, 3, 3, 2, 1, 1, 3, 1, 1, 0, 5, 2, 3, 2, 4, 2, 5, 4, 3, 3, 1, 4, 1, 3, 4, 4, 4, 1, 0, 0, 0, 3, 0, 0, 5, 1, 2, 0, 0, 1, 0, 2, 0, 2, 2, 4, 2, 3, 4, 4, 2, 1, 1, 4, 3, 0, 4, 4, 3, 3, 3, 3, 0, 1, 1, 0, 0, 5, 1, 1, 4, 4, 4, 2, 1, 1, 0, 3, 2, 3, 2, 1, 2, 2, 3, 3, 4, 2, 0, 0, 4, 1, 4, 3, 0, 0, 3, 3, 0, 3, 2, 0, 2, 4, 2, 2, 3, 2, 3, 0, 0, 3, 1, 0, 1, 3, 1, 4, 1, 4, 4, 0, 2, 1, 2, 5, 0, 1, 4, 2, 2, 3, 0, 3, 2, 2, 2, 2, 1, 0, 4, 0, 1, 0, 0, 0, 1, 4, 0, 0, 1, 3, 0, 2, 4, 5, 4, 2, 3, 0, 0, 1, 1, 3, 4, 4, 1, 2, 1, 3, 2, 3, 0, 1, 1, 0, 3, 1, 2, 0, 3, 2, 3, 0, 4, 0, 2, 4, 4, 2, 4, 4, 2, 2, 1, 4, 5, 0, 3, 1, 2, 4, 2, 1, 1, 0, 1, 0, 0, 3, 5, 2, 3, 2, 4, 4, 1, 5, 1, 3, 5, 0, 0, 0, 2, 4, 2, 4, 3, 0, 2, 1, 3, 4, 4, 4, 4, 5, 2, 2, 0, 5, 2, 1, 2, 4, 4, 3, 2, 1, 1, 0, 2, 0, 4, 2, 5, 1, 2, 1, 3, 2, 2, 3, 4, 9, 3, 3, 4, 4, 1, 3, 1, 4, 3, 3, 0, 3, 4, 4, 4, 8, 1, 2, 4, 4, 0, 3, 2, 1, 1, 4, 1, 4, 1, 4, 0, 1, 3, 1, 1, 1, 4, 4, 2, 3, 1, 8, 1, 9, 0, 4, 4, 2, 3, 3, 1, 0, 4, 0, 1, 1, 1, 2, 3, 1, 1, 1, 0, 3, 3, 0, 0, 2, 3, 0, 1, 4, 5, 3, 1, 3, 2, 4, 0, 4, 0, 0, 1, 4, 0, 1, 0, 0, 4, 2, 1, 4, 6, 1, 0, 1, 3, 5, 1, 1, 3, 1, 0, 2, 1, 3, 4, 3, 1, 1, 3, 1, 3, 1, 2, 0, 2, 0, 0, 0, 0, 0, 5, 2, 2, 3, 0, 4, 4, 0, 2, 0, 2, 0, 3, 4, 3, 3, 3, 3, 2, 1, 2, 2, 2, 2, 2, 2, 1, 4, 2, 1, 2, 3, 3, 1, 4, 3, 1, 1, 4, 0, 2, 0, 4, 1, 4, 0, 0, 2, 3, 6, 0, 5, 1, 0, 1, 3, 0, 0, 0, 0, 0, 3, 2, 0, 5, 3, 3, 1, 2, 5, 2, 1, 2, 1]"
xerces,22,seed22_solution080,seed22_solution080,0.8151545650611072,0.5080590178570262,0.678421937382032,0.861745715919591,0.8151545650611072,-0.5080590178570262,0.678421937382032,True,False,"[0, 0, 0, 0, 0, 0, 1, 0, 0, 0, 0, 0, 2, 0, 3, 4, 0, 0, 5, 6, 4, 7, 8, 9, 10, 0, 1, 11, 12, 0, 6, 13, 0, 11, 14, 0, 0, 12, 15, 7, 0, 0, 0, 0, 0, 0, 15, 16, 0, 0, 0, 9, 0, 12, 0, 15, 0, 17, 0, 18, 0, 19, 0, 0, 0, 13, 0, 0, 2, 0, 20, 0, 21, 0, 0, 0, 0, 0, 0, 0, 0, 6, 0, 0, 0, 0, 2, 22, 0, 0, 0, 0, 0, 0, 6, 8, 0, 9, 22, 0, 22, 23, 14, 0, 24, 15, 17, 17, 25, 3, 3, 4, 4, 23, 23, 4, 0, 17, 26, 27, 6, 4, 1, 4, 17, 12, 17, 4, 23, 11, 14, 1, 4, 14, 25, 17, 4, 14, 4, 28, 2, 14, 14, 4, 15, 17, 29, 23, 8, 2, 3, 11, 4, 3, 16, 23, 17, 3, 3, 14, 4, 8, 3, 3, 18, 25, 14, 3, 3, 14, 3, 3, 3, 15, 14, 13, 30, 5, 1, 13, 2, 3, 13, 3, 3, 23, 17, 7, 3, 22, 6, 7, 8, 5, 7, 7, 20, 1, 7, 8, 31, 30, 2, 12, 6, 5, 5, 6, 7, 23, 6, 2, 9, 6, 8, 6, 9, 8, 6, 5, 6, 6, 6, 6, 6, 6, 6, 6, 24, 2, 5, 19, 6, 14, 6, 26, 14, 6, 8, 8, 21, 14, 5, 6, 8, 5, 5, 6, 6, 6, 6, 0, 22, 6, 6, 14, 6, 27, 3, 17, 8, 8, 31, 20, 8, 19, 5, 8, 5, 5, 6, 31, 6, 5, 5, 26, 6, 6, 24, 23, 4, 4, 14, 4, 8, 3, 3, 17, 11, 2, 7, 2, 8, 23, 8, 8, 27, 13, 32, 23, 10, 15, 9, 10, 0, 11, 7, 11, 4, 11, 10, 16, 4, 11, 26, 11, 28, 11, 32, 11, 9, 15, 23, 28, 11, 9, 11, 15, 9, 15, 32, 21, 11, 7, 15, 22, 25, 3, 5, 22, 23, 1, 11, 25, 10, 16, 5, 27, 1, 1, 2, 21, 21, 2, 7, 2, 23, 3, 9, 1, 5, 23, 9, 5, 5, 32, 0, 5, 17, 21, 7, 22, 5, 3, 1, 5, 3, 5, 7, 5, 5, 22, 23, 2, 14, 9, 27, 17, 1, 2, 17, 30, 17, 24, 2, 1, 29, 7, 9, 16, 13, 13, 5, 13, 13, 5, 18, 10, 15, 10, 27, 3, 13, 30, 10, 15, 26, 7, 25, 3, 12, 5, 5, 6, 25, 6, 10, 5, 5, 7, 5, 5, 7, 5, 11, 14, 7, 12, 5, 9, 5, 28, 10, 30, 32, 5, 15, 6, 28, 31, 12, 3, 17, 3, 5, 5, 5, 5, 5, 4, 8, 5, 5, 30, 12, 5, 2, 6, 13, 18, 13, 23, 18, 23, 29, 20, 3, 0, 3, 3, 2, 6, 19, 3, 7, 9, 25, 15, 15, 11, 15, 15, 16, 15, 11, 25, 3, 0, 25, 28, 25, 1, 10, 4, 1, 28, 14, 4, 26, 3, 1, 3, 3, 3, 2, 1, 18, 11, 30, 11, 7, 9, 31, 10, 22, 18, 1, 6, 1, 1, 8, 10, 1, 0, 10, 32, 3, 10, 23, 3, 1, 7, 1, 20, 16, 12, 3, 3, 22, 15, 3, 3, 3, 1, 13, 10, 8, 31, 22, 17, 12, 3, 31, 1, 1, 19, 4, 18, 1, 3, 1, 18, 17, 3, 17, 23, 22, 3, 3, 25, 4, 14, 16, 11, 16, 3, 16, 18, 9, 27, 23, 19, 18, 18, 18, 18, 18, 1, 18, 18, 26, 19, 6, 18, 16, 3, 18, 18, 21, 23, 1, 9, 12, 12, 20, 25, 18, 24, 1, 31, 25, 15, 19, 8, 25, 22, 3, 17, 10, 4, 26, 26, 30, 23, 0, 25, 23, 14, 1, 25, 18, 1, 25, 25, 12, 25, 1, 9, 5, 20, 25, 25, 16, 14, 14, 25, 13, 4, 4, 4, 5, 24, 8, 8, 13, 1, 30, 29, 17, 6, 2, 22, 20, 16, 20, 20, 16, 20, 6, 20, 6, 3, 3, 11, 28, 3, 17, 3, 18, 8, 26, 3, 3, 14, 5, 10, 12, 28, 7, 1, 1, 5, 19, 1, 1, 25, 24, 17, 9, 17, 3, 3, 4, 17, 4, 3, 3, 29, 3, 11, 14, 14, 3, 25, 31, 25, 25, 3, 15, 3, 3, 30, 9, 12, 23, 3, 3, 2, 2, 1, 10, 17, 18, 5, 0, 13, 1, 26, 15, 5, 26, 5, 5, 10, 1, 11, 14, 13, 22, 5, 18, 16, 24, 22, 27, 18, 5, 5, 20, 6, 14, 19, 5, 12, 3, 16, 9, 3, 25, 25, 6, 3, 21, 20, 4, 7, 2, 25, 8, 25, 26, 32, 27, 27, 5, 24, 21, 25, 27, 27, 22, 31, 21, 14, 21, 32, 31, 25, 25, 25, 25, 25, 15, 25]"
xerces,22,seed22_solution081,seed22_solution081,0.8299352983465133,0.5488802715649662,0.6709663897259251,0.8842554297389165,0.8299352983465133,-0.5488802715649662,0.6709663897259251,True,False,"[0, 0, 1, 0, 2, 2, 3, 0, 0, 4, 0, 5, 0, 0, 4, 2, 6, 7, 0, 8, 6, 9, 10, 10, 0, 0, 3, 11, 9, 0, 0, 12, 0, 0, 5, 1, 0, 13, 10, 9, 0, 0, 0, 0, 0, 0, 0, 11, 14, 0, 0, 15, 0, 13, 0, 0, 0, 4, 13, 0, 0, 16, 2, 0, 0, 4, 17, 0, 4, 0, 0, 0, 5, 0, 0, 14, 0, 15, 0, 0, 0, 8, 0, 18, 0, 0, 19, 14, 0, 0, 4, 0, 20, 11, 8, 10, 19, 0, 14, 0, 14, 12, 6, 9, 17, 16, 21, 5, 22, 17, 1, 8, 0, 23, 10, 4, 8, 4, 24, 25, 20, 4, 6, 26, 4, 8, 4, 11, 13, 15, 10, 3, 27, 8, 4, 8, 4, 26, 8, 8, 4, 20, 12, 4, 28, 12, 1, 1, 19, 6, 1, 8, 29, 1, 28, 1, 1, 1, 1, 11, 6, 1, 29, 4, 30, 4, 25, 1, 10, 8, 29, 1, 29, 28, 1, 9, 9, 15, 3, 29, 6, 1, 9, 1, 1, 1, 4, 11, 1, 14, 29, 29, 11, 25, 28, 11, 12, 3, 12, 12, 31, 11, 5, 29, 17, 10, 10, 12, 20, 6, 29, 19, 5, 9, 29, 9, 10, 28, 17, 31, 30, 0, 5, 5, 5, 29, 5, 13, 5, 18, 11, 29, 9, 5, 9, 29, 5, 12, 5, 7, 22, 5, 14, 29, 5, 31, 5, 24, 9, 5, 0, 5, 14, 28, 29, 11, 15, 5, 1, 4, 5, 25, 5, 5, 10, 29, 29, 10, 25, 12, 11, 10, 5, 19, 28, 10, 0, 2, 17, 4, 8, 10, 8, 8, 4, 1, 1, 4, 1, 7, 13, 32, 13, 13, 13, 23, 13, 12, 21, 12, 12, 12, 16, 29, 16, 21, 16, 5, 6, 13, 32, 16, 13, 5, 25, 16, 12, 27, 16, 12, 10, 16, 12, 12, 8, 12, 16, 28, 12, 16, 21, 28, 16, 9, 4, 2, 4, 1, 11, 23, 10, 3, 10, 8, 11, 23, 10, 23, 26, 3, 21, 32, 7, 1, 3, 6, 7, 1, 4, 3, 27, 29, 15, 11, 10, 5, 10, 10, 4, 10, 9, 11, 30, 1, 3, 22, 1, 16, 21, 29, 11, 10, 10, 6, 5, 22, 21, 1, 23, 29, 7, 26, 4, 4, 4, 29, 9, 7, 5, 13, 16, 30, 3, 29, 6, 6, 16, 30, 26, 15, 23, 1, 7, 12, 16, 15, 24, 16, 2, 1, 28, 10, 10, 9, 4, 8, 1, 8, 10, 9, 32, 4, 9, 23, 10, 11, 27, 29, 27, 10, 10, 3, 15, 3, 21, 11, 10, 6, 32, 27, 13, 3, 4, 1, 11, 12, 5, 8, 11, 23, 13, 11, 29, 27, 11, 10, 12, 11, 7, 15, 14, 15, 1, 16, 1, 18, 20, 0, 1, 28, 19, 16, 16, 1, 1, 15, 15, 15, 10, 15, 10, 10, 15, 0, 11, 2, 3, 4, 2, 1, 3, 28, 15, 6, 3, 17, 3, 3, 2, 3, 1, 1, 1, 1, 2, 30, 30, 5, 15, 11, 16, 15, 31, 28, 28, 16, 3, 20, 9, 3, 3, 15, 19, 0, 22, 21, 4, 23, 5, 1, 27, 9, 24, 3, 16, 31, 2, 18, 32, 1, 21, 3, 1, 2, 3, 20, 10, 3, 15, 4, 1, 1, 2, 8, 3, 2, 6, 3, 26, 3, 3, 2, 1, 1, 1, 28, 13, 1, 4, 20, 3, 15, 11, 3, 15, 4, 30, 10, 15, 25, 6, 17, 28, 30, 21, 10, 1, 3, 17, 23, 30, 2, 30, 15, 28, 10, 22, 30, 22, 1, 18, 17, 0, 28, 28, 25, 28, 18, 3, 31, 10, 28, 16, 2, 3, 28, 26, 15, 7, 6, 1, 30, 27, 17, 0, 1, 20, 5, 3, 2, 30, 12, 2, 2, 13, 12, 11, 15, 23, 11, 2, 2, 2, 29, 7, 2, 7, 9, 4, 8, 3, 18, 9, 2, 16, 10, 27, 23, 1, 20, 20, 21, 20, 23, 23, 20, 20, 20, 22, 28, 20, 29, 8, 1, 32, 1, 9, 1, 29, 10, 1, 6, 1, 5, 15, 13, 1, 4, 20, 24, 23, 8, 3, 3, 13, 3, 17, 4, 1, 4, 14, 1, 4, 3, 0, 1, 31, 3, 1, 3, 15, 5, 1, 2, 31, 2, 2, 11, 25, 1, 1, 1, 1, 13, 19, 1, 1, 4, 3, 3, 15, 20, 4, 11, 8, 9, 11, 24, 28, 23, 31, 10, 21, 7, 3, 3, 11, 7, 11, 0, 10, 28, 10, 31, 10, 23, 11, 23, 29, 8, 5, 29, 11, 29, 1, 29, 5, 9, 2, 7, 2, 2, 22, 2, 2, 2, 19, 5, 10, 2, 24, 25, 29, 25, 7, 24, 4, 2, 21, 25, 20, 27, 24, 22, 25, 25, 22, 2, 7, 12, 19, 7, 2, 2]"
xerces,22,seed22_solution082,seed22_solution082,0.8307692307692308,0.3824104132636273,0.605577590466795,0.8982593123832227,0.8307692307692308,-0.3824104132636273,0.605577590466795,True,False,"[0, 1, 0, 0, 0, 0, 1, 0, 0, 0, 1, 0, 2, 0, 3, 4, 0, 5, 6, 3, 3, 0, 4, 7, 4, 0, 2, 0, 5, 0, 3, 0, 0, 0, 0, 8, 0, 0, 0, 0, 0, 0, 9, 7, 0, 7, 0, 8, 0, 10, 11, 0, 0, 0, 12, 0, 7, 0, 0, 0, 0, 10, 0, 0, 13, 14, 0, 0, 15, 0, 8, 0, 16, 0, 4, 17, 6, 18, 0, 0, 0, 19, 0, 0, 0, 0, 0, 7, 14, 8, 0, 0, 0, 0, 0, 0, 0, 0, 0, 0, 7, 0, 8, 10, 20, 13, 7, 9, 11, 3, 20, 3, 15, 21, 22, 5, 3, 3, 10, 2, 3, 17, 3, 16, 18, 5, 23, 3, 3, 3, 3, 24, 3, 3, 10, 25, 5, 3, 3, 24, 4, 15, 6, 11, 3, 23, 14, 16, 12, 9, 21, 4, 3, 6, 20, 21, 2, 3, 21, 3, 23, 14, 26, 4, 27, 17, 3, 21, 4, 3, 3, 28, 4, 14, 4, 12, 12, 2, 12, 23, 7, 4, 12, 4, 2, 21, 21, 8, 4, 8, 21, 4, 15, 16, 10, 11, 15, 9, 15, 10, 10, 10, 16, 9, 16, 15, 29, 17, 13, 13, 7, 13, 16, 18, 11, 29, 25, 4, 17, 15, 17, 7, 4, 13, 17, 1, 11, 13, 17, 8, 2, 13, 21, 29, 17, 10, 13, 12, 16, 2, 17, 19, 8, 6, 13, 15, 16, 29, 17, 7, 17, 11, 8, 7, 12, 13, 13, 20, 1, 8, 5, 16, 13, 12, 13, 13, 11, 1, 24, 8, 8, 8, 3, 5, 16, 4, 7, 7, 13, 14, 12, 29, 17, 2, 2, 16, 6, 9, 4, 13, 24, 3, 16, 12, 4, 16, 6, 5, 24, 2, 9, 11, 17, 20, 0, 17, 11, 11, 11, 7, 9, 7, 7, 30, 28, 14, 24, 17, 22, 0, 16, 29, 3, 1, 17, 11, 22, 11, 11, 17, 7, 7, 11, 6, 7, 8, 6, 7, 14, 15, 8, 17, 23, 6, 21, 11, 16, 11, 14, 20, 9, 15, 3, 6, 6, 6, 21, 6, 15, 6, 9, 15, 8, 31, 8, 10, 11, 8, 8, 8, 8, 8, 18, 31, 20, 8, 2, 4, 27, 8, 13, 8, 8, 9, 23, 12, 25, 18, 10, 14, 6, 4, 1, 6, 9, 1, 27, 6, 2, 12, 9, 12, 2, 2, 18, 12, 13, 9, 5, 23, 31, 4, 17, 5, 18, 5, 11, 17, 26, 21, 19, 8, 22, 1, 15, 5, 5, 22, 19, 29, 7, 16, 6, 18, 12, 14, 16, 8, 7, 12, 15, 14, 17, 30, 31, 16, 5, 4, 14, 8, 29, 1, 7, 27, 2, 21, 8, 8, 16, 1, 4, 32, 29, 8, 5, 7, 2, 0, 14, 15, 14, 27, 27, 21, 14, 12, 17, 14, 3, 4, 20, 18, 9, 4, 4, 21, 10, 12, 5, 7, 13, 2, 10, 16, 3, 10, 3, 0, 2, 16, 18, 20, 20, 31, 12, 24, 1, 1, 6, 1, 4, 14, 2, 14, 6, 17, 6, 23, 30, 25, 26, 20, 29, 9, 17, 26, 25, 7, 0, 27, 1, 30, 19, 10, 15, 16, 7, 25, 23, 25, 5, 1, 19, 20, 15, 20, 4, 4, 29, 13, 10, 14, 14, 1, 14, 20, 1, 2, 3, 1, 2, 8, 20, 1, 20, 1, 1, 1, 1, 1, 14, 1, 22, 1, 6, 4, 13, 3, 4, 9, 5, 17, 1, 23, 19, 3, 21, 20, 31, 20, 27, 8, 22, 16, 27, 14, 15, 19, 32, 22, 7, 20, 8, 27, 15, 8, 32, 27, 27, 4, 4, 21, 21, 19, 15, 13, 17, 12, 3, 6, 16, 13, 17, 9, 9, 19, 4, 23, 17, 2, 2, 6, 12, 18, 3, 9, 4, 9, 1, 9, 17, 9, 4, 27, 6, 19, 5, 7, 8, 18, 2, 9, 9, 18, 14, 3, 5, 3, 3, 23, 1, 25, 4, 1, 16, 17, 3, 29, 4, 15, 9, 15, 18, 10, 25, 25, 5, 21, 15, 25, 18, 14, 7, 21, 7, 12, 4, 28, 4, 4, 20, 14, 17, 17, 7, 18, 3, 32, 25, 5, 1, 1, 21, 20, 1, 1, 4, 2, 21, 18, 14, 21, 3, 26, 4, 2, 8, 1, 4, 4, 5, 23, 2, 3, 9, 3, 9, 8, 20, 14, 8, 4, 4, 21, 21, 7, 9, 6, 15, 1, 12, 23, 13, 13, 2, 8, 4, 11, 23, 4, 9, 4, 7, 9, 23, 1, 23, 17, 8, 29, 8, 6, 32, 8, 8, 15, 8, 8, 8, 6, 16, 16, 7, 13, 21, 13, 16, 29, 9, 10, 3, 24, 32, 19, 14, 26, 4, 9, 4, 18, 24, 13, 28, 21, 3, 19, 28, 9, 16, 28, 28, 26, 16, 11, 31, 28, 16, 31, 3, 10, 3, 4, 3, 22]"
xerces,22,seed22_solution084,seed22_solution084,0.843882099209202,0.09923532329073592,0.03314677533963646,0.845602313449443,0.843882099209202,-0.09923532329073592,0.03314677533963646,True,False,"[0, 1, 2, 3, 4, 1, 3, 1, 3, 2, 5, 5, 1, 0, 0, 1, 5, 0, 3, 2, 1, 3, 1, 1, 0, 0, 0, 3, 1, 1, 4, 1, 5, 3, 4, 5, 4, 4, 1, 4, 5, 1, 2, 2, 3, 1, 5, 4, 3, 5, 5, 3, 3, 3, 2, 3, 0, 5, 2, 0, 4, 3, 1, 1, 3, 3, 1, 5, 4, 5, 4, 2, 1, 5, 5, 0, 5, 0, 5, 2, 2, 3, 4, 0, 4, 5, 2, 0, 1, 5, 4, 4, 1, 4, 3, 4, 5, 0, 4, 0, 3, 1, 0, 0, 2, 5, 0, 4, 0, 2, 1, 4, 0, 4, 5, 0, 4, 4, 0, 3, 1, 4, 1, 0, 3, 2, 5, 5, 4, 4, 3, 3, 1, 4, 1, 3, 2, 2, 3, 1, 0, 0, 5, 4, 2, 1, 5, 3, 3, 2, 4, 1, 2, 2, 5, 0, 2, 5, 5, 0, 5, 5, 3, 5, 3, 1, 1, 5, 2, 4, 4, 3, 4, 0, 3, 1, 1, 2, 0, 2, 3, 3, 3, 3, 5, 2, 0, 3, 0, 3, 2, 1, 3, 1, 3, 1, 2, 4, 1, 2, 2, 1, 2, 0, 1, 0, 4, 1, 1, 4, 5, 0, 3, 1, 2, 1, 2, 0, 5, 3, 2, 4, 4, 1, 3, 3, 2, 4, 0, 2, 3, 4, 0, 3, 0, 0, 5, 1, 4, 2, 2, 1, 1, 2, 0, 1, 5, 2, 2, 0, 4, 2, 4, 1, 0, 4, 4, 5, 0, 2, 0, 5, 4, 0, 3, 1, 1, 4, 3, 5, 0, 4, 1, 3, 1, 4, 3, 4, 1, 4, 5, 2, 2, 5, 5, 4, 3, 4, 3, 0, 2, 4, 2, 0, 3, 2, 1, 4, 0, 0, 2, 2, 1, 1, 4, 4, 3, 4, 1, 5, 0, 5, 1, 5, 1, 0, 2, 3, 4, 5, 0, 4, 0, 0, 0, 4, 3, 0, 0, 3, 4, 4, 5, 5, 4, 5, 0, 3, 1, 0, 2, 0, 2, 5, 2, 5, 3, 1, 1, 2, 3, 5, 3, 0, 1, 4, 2, 5, 1, 0, 3, 2, 5, 0, 5, 1, 2, 1, 5, 1, 0, 1, 3, 5, 3, 2, 2, 4, 3, 3, 1, 4, 1, 5, 4, 4, 5, 5, 4, 5, 0, 2, 3, 4, 0, 3, 4, 3, 0, 1, 2, 2, 2, 3, 2, 4, 1, 0, 2, 1, 2, 1, 1, 4, 4, 5, 4, 5, 3, 5, 3, 2, 2, 1, 4, 4, 3, 1, 0, 3, 5, 2, 0, 3, 4, 0, 1, 2, 5, 1, 4, 2, 4, 3, 0, 0, 0, 3, 1, 1, 0, 5, 4, 5, 5, 4, 4, 3, 1, 4, 2, 0, 1, 4, 3, 0, 3, 1, 3, 2, 3, 2, 3, 0, 4, 1, 2, 5, 0, 3, 2, 1, 0, 1, 5, 3, 4, 4, 4, 4, 0, 5, 2, 4, 4, 2, 0, 4, 2, 2, 0, 5, 3, 3, 0, 4, 2, 5, 3, 5, 2, 2, 5, 1, 3, 1, 4, 2, 4, 1, 2, 5, 4, 0, 0, 0, 3, 0, 2, 3, 1, 0, 5, 3, 1, 4, 4, 0, 4, 1, 0, 4, 4, 3, 4, 4, 1, 0, 5, 2, 1, 1, 5, 0, 4, 1, 0, 3, 5, 2, 4, 4, 5, 4, 1, 1, 3, 3, 5, 5, 3, 5, 5, 2, 3, 3, 4, 2, 4, 0, 1, 2, 4, 0, 1, 1, 3, 3, 0, 5, 4, 3, 0, 5, 4, 2, 2, 5, 3, 1, 4, 3, 5, 5, 5, 0, 2, 0, 5, 3, 1, 2, 2, 4, 5, 4, 0, 1, 0, 1, 2, 5, 5, 0, 1, 2, 4, 5, 2, 1, 2, 2, 2, 3, 5, 2, 2, 3, 1, 0, 2, 2, 0, 3, 3, 4, 5, 3, 2, 5, 1, 3, 1, 3, 4, 3, 5, 5, 5, 5, 0, 3, 5, 2, 2, 2, 2, 1, 1, 3, 2, 5, 0, 0, 3, 0, 3, 4, 3, 0, 0, 1, 1, 0, 3, 4, 4, 5, 3, 2, 5, 3, 0, 1, 0, 1, 0, 3, 0, 3, 5, 2, 3, 0, 2, 1, 1, 4, 3, 0, 4, 3, 5, 2, 0, 5, 4, 5, 5, 0, 4, 4, 4, 5, 0, 5, 5, 4, 1, 3, 1, 4, 1, 1, 4, 4, 3, 0, 5, 4, 5, 5, 2, 5, 4, 2, 1, 3, 4, 2, 2, 2, 1, 3, 3, 3, 3, 5, 5, 0, 4, 4, 2, 5, 0, 2, 1, 2, 0, 0, 4, 2, 4, 1, 3, 1, 2, 3, 4, 0, 3, 0, 1, 5, 2, 2, 5, 4, 2, 3, 2, 5, 5, 0, 3, 1, 0, 3, 0, 4, 0, 3, 1, 0, 5, 1, 0, 2, 3, 5, 3, 2, 4, 0]"
xerces,22,seed22_solution085,seed22_solution085,0.8440546369518332,27.44315869555394,0.606372078361815,0.8291877910251497,0.8440546369518332,-27.44315869555394,0.606372078361815,True,False,"[0, 0, 0, 0, 1, 0, 2, 3, 2, 1, 0, 2, 0, 0, 0, 2, 0, 2, 3, 2, 3, 1, 3, 3, 2, 0, 0, 2, 3, 3, 0, 1, 4, 4, 5, 1, 3, 2, 5, 1, 4, 3, 1, 4, 3, 3, 4, 1, 0, 4, 4, 0, 1, 1, 4, 3, 0, 2, 4, 3, 5, 2, 2, 4, 2, 1, 1, 4, 5, 2, 5, 4, 5, 4, 5, 0, 4, 4, 4, 3, 3, 4, 1, 4, 3, 3, 2, 0, 5, 4, 2, 2, 2, 2, 1, 6, 0, 0, 5, 0, 1, 3, 0, 3, 2, 2, 0, 2, 5, 2, 3, 3, 2, 1, 5, 0, 2, 4, 0, 2, 2, 5, 0, 1, 4, 1, 4, 4, 5, 3, 1, 0, 5, 2, 2, 2, 4, 4, 1, 3, 0, 0, 4, 5, 0, 5, 4, 2, 1, 4, 2, 3, 4, 4, 1, 3, 2, 2, 0, 0, 4, 3, 1, 4, 1, 0, 5, 4, 2, 4, 2, 1, 1, 0, 2, 3, 1, 5, 4, 0, 1, 3, 1, 3, 4, 2, 4, 2, 2, 2, 3, 3, 2, 0, 0, 5, 2, 1, 1, 2, 3, 5, 3, 2, 3, 5, 2, 3, 1, 1, 4, 5, 1, 2, 1, 2, 4, 0, 3, 0, 0, 3, 0, 3, 2, 2, 0, 1, 0, 5, 2, 5, 5, 1, 4, 0, 0, 2, 0, 2, 1, 5, 2, 1, 0, 4, 0, 2, 2, 0, 3, 3, 0, 2, 2, 5, 1, 4, 0, 3, 0, 4, 3, 1, 5, 0, 3, 1, 2, 3, 2, 1, 2, 1, 1, 0, 4, 3, 5, 0, 4, 0, 4, 4, 4, 3, 2, 5, 1, 0, 3, 2, 3, 3, 2, 3, 3, 5, 0, 4, 5, 2, 3, 1, 1, 2, 2, 5, 0, 4, 2, 0, 1, 4, 3, 5, 3, 0, 5, 4, 0, 5, 0, 0, 0, 1, 0, 0, 4, 2, 3, 5, 2, 0, 5, 4, 0, 1, 1, 0, 4, 0, 1, 4, 2, 1, 1, 3, 4, 4, 4, 3, 1, 5, 5, 1, 3, 2, 2, 2, 2, 2, 5, 2, 4, 1, 4, 3, 5, 4, 0, 2, 2, 4, 1, 2, 2, 5, 4, 1, 0, 1, 3, 1, 0, 0, 5, 1, 3, 4, 0, 2, 0, 5, 0, 2, 3, 2, 3, 5, 4, 3, 2, 2, 3, 4, 3, 0, 2, 2, 1, 5, 3, 1, 0, 1, 5, 0, 1, 0, 1, 3, 3, 3, 5, 5, 2, 3, 0, 5, 1, 2, 1, 2, 3, 4, 3, 2, 2, 4, 0, 0, 5, 2, 0, 4, 0, 1, 5, 4, 0, 5, 5, 0, 4, 4, 3, 3, 1, 3, 4, 0, 0, 4, 1, 0, 2, 1, 2, 3, 1, 3, 2, 0, 3, 6, 3, 4, 0, 4, 2, 1, 3, 4, 0, 1, 1, 5, 4, 1, 2, 0, 2, 0, 2, 0, 0, 3, 3, 3, 0, 4, 1, 2, 0, 3, 4, 4, 1, 4, 2, 0, 0, 3, 2, 1, 5, 4, 5, 3, 2, 4, 3, 4, 0, 3, 1, 1, 3, 2, 5, 0, 5, 1, 1, 0, 1, 0, 5, 3, 0, 3, 1, 3, 1, 5, 5, 4, 0, 0, 4, 3, 1, 3, 5, 2, 0, 1, 3, 3, 0, 2, 5, 4, 3, 2, 3, 5, 4, 4, 2, 1, 4, 2, 1, 0, 5, 4, 3, 4, 5, 3, 1, 2, 3, 4, 3, 2, 0, 5, 3, 1, 0, 0, 3, 2, 1, 2, 1, 3, 3, 2, 2, 0, 1, 2, 4, 0, 4, 2, 3, 2, 1, 3, 4, 2, 3, 7, 0, 1, 4, 4, 2, 4, 3, 4, 1, 1, 0, 3, 4, 3, 3, 1, 3, 3, 2, 1, 3, 0, 3, 2, 2, 1, 4, 4, 2, 1, 0, 4, 1, 1, 3, 1, 1, 3, 4, 1, 2, 6, 1, 7, 0, 4, 3, 2, 1, 5, 3, 0, 2, 4, 2, 1, 2, 0, 2, 3, 2, 0, 0, 0, 3, 0, 0, 1, 4, 4, 2, 2, 5, 5, 3, 3, 1, 3, 0, 2, 0, 1, 4, 2, 0, 0, 2, 3, 3, 3, 1, 0, 5, 2, 0, 1, 2, 3, 5, 4, 1, 2, 0, 1, 3, 1, 4, 4, 2, 5, 4, 2, 3, 3, 3, 0, 1, 0, 0, 0, 0, 5, 4, 4, 4, 4, 0, 4, 3, 0, 5, 0, 1, 0, 1, 1, 1, 1, 5, 4, 2, 2, 1, 3, 1, 1, 0, 3, 3, 2, 3, 2, 1, 1, 1, 3, 4, 4, 2, 3, 1, 0, 1, 0, 3, 2, 2, 0, 0, 5, 5, 2, 0, 4, 2, 0, 2, 4, 0, 2, 0, 1, 0, 1, 3, 0, 4, 3, 0, 3, 1, 4, 3, 3, 1, 3]"
xerces,22,seed22_solution087,seed22_solution087,0.8492307692307692,0.3663734919305506,0.524580094155578,0.9127988438407681,0.8492307692307692,-0.3663734919305506,0.524580094155578,True,False,"[0, 0, 1, 0, 0, 0, 2, 0, 2, 0, 3, 0, 4, 0, 5, 2, 0, 3, 0, 6, 1, 0, 0, 0, 7, 0, 1, 0, 3, 8, 9, 0, 1, 5, 0, 0, 10, 0, 11, 12, 0, 0, 2, 3, 0, 0, 0, 13, 0, 0, 0, 14, 0, 0, 15, 0, 0, 16, 15, 0, 0, 17, 0, 0, 13, 2, 9, 0, 18, 0, 11, 0, 0, 19, 0, 0, 0, 0, 0, 20, 0, 6, 11, 21, 0, 0, 15, 3, 0, 3, 16, 0, 22, 0, 18, 0, 4, 0, 16, 0, 10, 0, 1, 6, 22, 0, 23, 2, 24, 25, 16, 4, 26, 20, 5, 5, 0, 5, 4, 27, 9, 26, 27, 28, 13, 5, 16, 20, 18, 7, 18, 23, 4, 4, 6, 4, 16, 19, 15, 4, 4, 18, 15, 21, 11, 7, 28, 16, 29, 9, 22, 7, 7, 9, 16, 6, 30, 0, 13, 4, 16, 16, 16, 16, 11, 4, 25, 7, 16, 4, 5, 16, 26, 16, 16, 7, 7, 27, 7, 6, 9, 9, 0, 16, 16, 9, 18, 4, 16, 14, 9, 3, 10, 25, 8, 4, 9, 1, 11, 6, 6, 6, 11, 2, 9, 31, 31, 12, 13, 13, 11, 10, 14, 20, 20, 13, 12, 12, 9, 31, 12, 13, 11, 8, 12, 13, 11, 13, 22, 9, 12, 13, 9, 27, 12, 11, 13, 7, 13, 10, 24, 14, 5, 12, 13, 32, 6, 21, 4, 16, 0, 13, 14, 13, 7, 27, 13, 32, 1, 31, 29, 21, 13, 13, 5, 13, 20, 29, 13, 3, 31, 32, 3, 11, 11, 1, 13, 16, 13, 29, 1, 4, 7, 4, 28, 16, 14, 2, 29, 8, 12, 23, 11, 7, 16, 25, 29, 31, 11, 31, 8, 12, 26, 22, 8, 8, 12, 27, 26, 3, 23, 3, 3, 25, 29, 8, 12, 6, 11, 31, 5, 29, 4, 1, 18, 8, 8, 10, 7, 12, 30, 3, 29, 12, 11, 10, 1, 3, 13, 18, 31, 4, 7, 9, 8, 20, 20, 18, 28, 17, 2, 15, 15, 15, 2, 15, 31, 29, 11, 15, 14, 31, 31, 31, 11, 30, 31, 14, 3, 24, 31, 31, 31, 29, 12, 28, 27, 6, 30, 31, 13, 14, 31, 17, 15, 24, 32, 20, 20, 26, 15, 26, 29, 15, 0, 15, 27, 15, 27, 7, 12, 7, 4, 27, 15, 15, 8, 12, 28, 7, 6, 16, 31, 17, 9, 5, 17, 12, 16, 9, 1, 31, 11, 29, 2, 6, 5, 7, 9, 13, 3, 16, 15, 14, 16, 27, 11, 8, 3, 7, 31, 1, 24, 1, 7, 11, 3, 15, 8, 19, 18, 1, 3, 1, 26, 7, 31, 11, 31, 20, 21, 11, 22, 19, 31, 20, 31, 0, 3, 22, 2, 15, 17, 16, 1, 27, 6, 16, 14, 16, 10, 17, 22, 16, 12, 9, 6, 22, 5, 27, 20, 6, 6, 0, 8, 2, 1, 16, 31, 16, 16, 22, 17, 15, 7, 23, 6, 1, 15, 1, 2, 27, 10, 16, 2, 15, 15, 15, 17, 17, 12, 26, 32, 9, 12, 12, 32, 22, 1, 13, 5, 17, 15, 0, 20, 24, 16, 32, 6, 32, 5, 6, 17, 21, 12, 17, 18, 16, 10, 5, 16, 16, 8, 1, 31, 17, 1, 32, 7, 16, 8, 10, 17, 6, 26, 1, 15, 11, 1, 1, 8, 15, 9, 16, 8, 22, 13, 1, 16, 18, 2, 6, 13, 5, 9, 16, 32, 17, 18, 17, 18, 5, 7, 5, 30, 8, 29, 18, 17, 13, 18, 17, 22, 8, 20, 20, 9, 18, 18, 21, 27, 7, 9, 18, 9, 5, 11, 28, 1, 17, 11, 32, 12, 31, 24, 5, 23, 16, 15, 27, 17, 5, 12, 20, 0, 21, 22, 2, 10, 2, 11, 2, 16, 16, 18, 7, 5, 7, 20, 21, 6, 31, 8, 4, 4, 11, 31, 23, 4, 11, 16, 28, 4, 9, 11, 1, 19, 28, 28, 10, 1, 30, 8, 8, 19, 19, 10, 3, 19, 19, 18, 16, 4, 23, 3, 7, 16, 10, 26, 5, 17, 16, 15, 6, 7, 16, 8, 9, 22, 17, 9, 1, 17, 17, 20, 8, 22, 16, 9, 9, 25, 16, 4, 27, 16, 27, 9, 17, 23, 16, 5, 11, 30, 2, 32, 10, 2, 13, 25, 19, 11, 28, 7, 27, 9, 0, 31, 25, 15, 19, 24, 16, 5, 26, 0, 31, 2, 31, 21, 13, 32, 26, 3, 7, 5, 2, 27, 3, 32, 31, 18, 8, 25, 31, 31, 31, 31, 31, 20, 9, 6, 11, 11, 26, 1, 13, 14, 22, 2, 2, 5, 23, 24, 20, 20, 12, 16, 2, 5, 7, 23, 23, 24, 8, 13, 14, 24, 2, 24, 24, 13, 23, 19, 26, 25, 30, 19, 9, 3, 2, 27, 2, 3, 12]"
xerces,22,seed22_solution089,seed22_solution089,0.8765780014378145,0.2419109842491368,0.45862766157412876,0.9347180612833209,0.8765780014378145,-0.2419109842491368,0.45862766157412876,True,False,"[0, 0, 0, 0, 1, 0, 2, 0, 3, 0, 4, 5, 6, 0, 7, 8, 0, 9, 10, 11, 12, 0, 13, 12, 7, 0, 14, 2, 15, 15, 3, 9, 3, 0, 0, 0, 14, 15, 16, 17, 18, 0, 5, 4, 19, 4, 20, 0, 12, 21, 20, 0, 0, 0, 0, 20, 20, 4, 0, 0, 0, 20, 0, 16, 22, 3, 23, 7, 8, 13, 24, 18, 25, 26, 0, 12, 12, 9, 0, 0, 0, 24, 13, 19, 13, 3, 14, 4, 17, 6, 13, 0, 0, 18, 0, 0, 6, 27, 0, 5, 12, 10, 12, 10, 22, 16, 1, 5, 1, 23, 6, 20, 0, 23, 16, 12, 0, 20, 13, 28, 24, 8, 2, 25, 5, 13, 13, 5, 3, 16, 11, 3, 26, 12, 13, 28, 9, 13, 13, 13, 13, 0, 10, 5, 16, 5, 25, 8, 13, 14, 0, 3, 29, 5, 22, 5, 10, 0, 10, 3, 8, 7, 7, 8, 7, 23, 3, 30, 27, 27, 18, 26, 17, 9, 8, 15, 23, 11, 31, 8, 2, 24, 19, 17, 7, 10, 11, 8, 4, 15, 6, 30, 11, 1, 0, 18, 7, 1, 17, 17, 7, 28, 20, 3, 25, 13, 12, 10, 17, 6, 21, 11, 27, 31, 12, 8, 27, 6, 7, 28, 20, 0, 29, 14, 6, 8, 27, 12, 22, 12, 8, 30, 24, 0, 10, 6, 18, 15, 25, 3, 6, 16, 1, 6, 12, 30, 6, 0, 10, 7, 6, 0, 20, 6, 12, 6, 6, 28, 24, 13, 13, 19, 28, 2, 6, 30, 27, 13, 31, 27, 9, 28, 17, 14, 18, 27, 6, 6, 8, 13, 7, 5, 29, 13, 25, 7, 27, 3, 2, 3, 31, 31, 4, 29, 1, 23, 23, 9, 6, 12, 10, 27, 15, 22, 0, 5, 17, 2, 8, 32, 24, 22, 9, 23, 10, 26, 10, 10, 32, 0, 27, 5, 27, 10, 10, 4, 7, 10, 29, 0, 32, 21, 13, 6, 16, 14, 1, 8, 22, 8, 1, 12, 7, 12, 22, 18, 25, 23, 25, 2, 10, 21, 2, 31, 3, 28, 14, 3, 27, 13, 27, 10, 11, 23, 8, 21, 14, 8, 8, 4, 5, 12, 27, 31, 30, 8, 2, 20, 8, 6, 10, 1, 10, 30, 3, 20, 28, 3, 7, 15, 10, 20, 13, 3, 10, 14, 11, 30, 27, 20, 30, 20, 9, 14, 11, 11, 27, 6, 15, 10, 28, 10, 29, 9, 6, 20, 27, 5, 29, 19, 15, 28, 8, 12, 2, 24, 3, 20, 24, 8, 9, 8, 2, 27, 7, 5, 8, 15, 29, 8, 11, 14, 29, 26, 32, 21, 11, 8, 31, 30, 8, 12, 4, 3, 15, 8, 5, 22, 8, 24, 16, 18, 8, 17, 15, 8, 8, 8, 9, 11, 29, 29, 13, 31, 26, 19, 5, 7, 9, 7, 29, 17, 11, 19, 17, 27, 7, 15, 22, 12, 27, 6, 22, 1, 7, 2, 1, 0, 2, 6, 4, 9, 29, 23, 20, 14, 14, 5, 3, 7, 2, 11, 12, 19, 3, 3, 20, 8, 26, 29, 10, 29, 1, 22, 15, 11, 3, 14, 3, 10, 13, 18, 29, 16, 27, 2, 7, 28, 5, 28, 9, 5, 27, 19, 16, 29, 12, 25, 16, 16, 21, 2, 5, 8, 14, 20, 21, 28, 4, 23, 9, 9, 6, 3, 14, 14, 14, 20, 26, 8, 2, 2, 16, 1, 2, 7, 12, 7, 9, 9, 14, 5, 18, 2, 24, 7, 28, 16, 23, 28, 18, 6, 14, 25, 21, 1, 13, 16, 6, 16, 4, 4, 11, 8, 18, 5, 25, 3, 13, 32, 24, 15, 16, 16, 15, 30, 9, 19, 24, 30, 8, 30, 30, 9, 21, 12, 31, 29, 14, 15, 7, 19, 26, 13, 0, 19, 9, 20, 12, 4, 14, 14, 7, 10, 15, 10, 14, 27, 8, 27, 20, 12, 22, 15, 15, 16, 13, 20, 16, 5, 13, 19, 27, 3, 29, 14, 13, 25, 25, 14, 22, 28, 13, 28, 22, 8, 24, 22, 11, 13, 17, 7, 6, 24, 31, 15, 11, 26, 9, 3, 8, 7, 8, 5, 7, 0, 15, 11, 29, 4, 0, 14, 2, 3, 18, 2, 20, 28, 7, 27, 7, 10, 5, 7, 8, 0, 9, 14, 21, 8, 5, 5, 0, 17, 2, 14, 8, 13, 28, 32, 3, 4, 3, 2, 19, 7, 9, 3, 5, 26, 21, 9, 20, 8, 0, 1, 2, 19, 20, 10, 14, 8, 8, 3, 18, 2, 12, 15, 28, 17, 11, 8, 27, 8, 28, 11, 8, 8, 12, 24, 7, 6, 16, 8, 6, 6, 27, 3, 1, 17, 17, 13, 3, 24, 9, 2, 2, 5, 6, 29, 19, 4, 29, 21, 2, 23, 8, 2, 0, 18, 10, 7, 26, 20, 30, 21, 0, 23, 22, 21, 2, 2, 2, 2]"
xerces,22,seed22_solution090,seed22_solution090,0.8953846153846153,0.19343862931787692,0.3919977828640997,0.9269377775571268,0.8953846153846153,-0.19343862931787692,0.3919977828640997,True,False,"[0, 0, 0, 1, 1, 1, 2, 0, 2, 0, 0, 3, 0, 0, 4, 4, 4, 5, 0, 6, 5, 0, 7, 7, 8, 0, 1, 9, 6, 0, 0, 10, 0, 0, 3, 11, 12, 13, 14, 15, 16, 0, 0, 3, 0, 9, 14, 17, 0, 0, 0, 0, 13, 0, 9, 0, 0, 0, 0, 0, 13, 18, 0, 17, 0, 5, 19, 0, 15, 19, 18, 16, 0, 0, 0, 15, 0, 16, 0, 20, 11, 21, 0, 0, 11, 0, 12, 15, 15, 22, 9, 0, 22, 13, 21, 5, 0, 0, 23, 0, 2, 21, 1, 0, 19, 0, 23, 23, 23, 11, 11, 9, 4, 24, 7, 4, 3, 18, 3, 25, 22, 3, 9, 3, 13, 16, 9, 13, 17, 14, 21, 26, 27, 26, 1, 9, 3, 9, 24, 28, 12, 6, 21, 27, 17, 13, 11, 11, 9, 9, 17, 16, 8, 11, 17, 3, 28, 11, 16, 3, 4, 7, 8, 29, 11, 20, 3, 14, 7, 23, 16, 25, 8, 17, 23, 6, 3, 24, 12, 12, 12, 23, 3, 22, 16, 19, 11, 6, 3, 15, 22, 22, 14, 20, 17, 6, 4, 24, 4, 19, 30, 31, 28, 13, 22, 7, 24, 22, 22, 22, 19, 12, 7, 31, 17, 6, 7, 24, 27, 30, 21, 0, 8, 8, 22, 22, 30, 23, 26, 20, 21, 25, 18, 3, 8, 26, 3, 10, 31, 22, 29, 12, 15, 22, 12, 30, 21, 32, 6, 22, 0, 0, 4, 22, 8, 22, 2, 6, 5, 30, 6, 32, 22, 22, 7, 8, 30, 30, 26, 10, 6, 30, 9, 4, 3, 26, 0, 22, 19, 16, 1, 3, 8, 3, 27, 5, 11, 2, 11, 2, 14, 31, 16, 10, 21, 20, 29, 10, 32, 10, 21, 6, 8, 8, 21, 21, 15, 9, 29, 24, 31, 17, 29, 25, 32, 10, 21, 27, 14, 15, 7, 21, 21, 26, 21, 10, 2, 23, 14, 14, 6, 17, 17, 15, 14, 1, 1, 5, 17, 6, 4, 9, 20, 23, 13, 20, 28, 20, 28, 26, 32, 19, 2, 29, 2, 31, 2, 5, 2, 2, 30, 21, 16, 20, 22, 30, 0, 15, 9, 29, 6, 24, 18, 11, 18, 22, 11, 14, 28, 24, 20, 2, 30, 29, 3, 24, 32, 29, 19, 8, 21, 28, 9, 26, 2, 12, 27, 20, 12, 24, 14, 18, 2, 3, 4, 29, 18, 6, 15, 7, 20, 11, 15, 7, 32, 22, 15, 6, 1, 11, 13, 31, 7, 6, 9, 10, 11, 22, 10, 6, 31, 30, 6, 20, 30, 3, 27, 6, 30, 7, 21, 1, 29, 25, 32, 3, 4, 30, 26, 18, 24, 2, 9, 5, 8, 14, 4, 30, 21, 10, 6, 13, 8, 7, 30, 30, 13, 4, 5, 6, 22, 4, 11, 11, 28, 1, 12, 0, 7, 17, 22, 22, 15, 23, 6, 16, 1, 22, 19, 16, 19, 22, 6, 8, 1, 17, 1, 0, 1, 31, 1, 17, 12, 20, 4, 1, 1, 8, 1, 11, 9, 19, 12, 32, 1, 18, 18, 3, 25, 13, 22, 15, 30, 19, 6, 6, 1, 22, 5, 10, 11, 28, 15, 7, 15, 19, 3, 31, 3, 11, 1, 6, 26, 31, 14, 30, 24, 11, 23, 14, 32, 9, 4, 5, 1, 8, 7, 31, 16, 9, 11, 11, 18, 21, 8, 1, 24, 18, 28, 5, 2, 18, 9, 11, 11, 5, 24, 5, 30, 6, 1, 22, 1, 16, 23, 11, 31, 16, 20, 25, 4, 22, 17, 7, 19, 7, 16, 14, 32, 14, 3, 1, 6, 16, 16, 16, 16, 14, 29, 23, 2, 16, 0, 8, 23, 25, 18, 16, 10, 30, 1, 30, 14, 7, 19, 23, 28, 9, 5, 10, 7, 18, 15, 19, 0, 32, 6, 5, 23, 5, 10, 10, 1, 4, 24, 10, 16, 16, 7, 23, 21, 10, 5, 13, 5, 3, 9, 31, 9, 14, 11, 23, 7, 1, 22, 7, 27, 19, 11, 22, 19, 31, 17, 17, 10, 17, 17, 30, 21, 17, 6, 8, 21, 31, 31, 9, 12, 11, 11, 7, 32, 4, 11, 12, 16, 24, 11, 26, 15, 17, 20, 1, 18, 19, 29, 5, 17, 9, 11, 11, 11, 16, 3, 11, 29, 27, 30, 26, 31, 3, 15, 3, 11, 24, 30, 12, 29, 16, 31, 11, 11, 28, 7, 24, 32, 11, 2, 11, 12, 25, 19, 22, 2, 4, 0, 27, 2, 32, 17, 20, 7, 22, 32, 2, 16, 1, 12, 5, 31, 0, 30, 17, 26, 30, 25, 6, 4, 20, 20, 10, 3, 22, 15, 8, 11, 13, 16, 6, 1, 5, 6, 11, 29, 23, 20, 15, 12, 3, 7, 5, 32, 32, 8, 17, 5, 20, 19, 1, 32, 20, 20, 31, 25, 8, 30, 6, 27, 5, 5, 5, 9, 5, 5, 14]"
xerces,22,seed22_solution091,seed22_solution091,0.895470884255931,0.19336832539901883,0.3917435964440737,0.927684547026236,0.895470884255931,-0.19336832539901883,0.3917435964440737,True,False,"[0, 0, 0, 1, 1, 1, 2, 0, 2, 0, 0, 3, 0, 0, 4, 4, 4, 5, 0, 6, 5, 0, 7, 7, 8, 0, 1, 9, 6, 0, 0, 10, 0, 0, 3, 11, 12, 13, 14, 15, 16, 0, 0, 3, 0, 9, 14, 17, 0, 0, 0, 0, 13, 0, 9, 0, 0, 0, 0, 0, 13, 18, 0, 17, 0, 5, 19, 0, 15, 19, 18, 16, 0, 0, 0, 15, 0, 16, 0, 20, 11, 21, 0, 0, 11, 0, 12, 15, 15, 22, 9, 0, 22, 13, 21, 5, 0, 0, 23, 0, 2, 21, 1, 0, 19, 0, 23, 23, 23, 11, 11, 9, 4, 24, 7, 4, 3, 18, 3, 25, 22, 3, 9, 3, 13, 16, 9, 13, 17, 14, 21, 26, 27, 26, 1, 9, 3, 9, 24, 28, 12, 6, 21, 27, 17, 13, 11, 11, 9, 9, 17, 16, 8, 11, 17, 3, 28, 11, 16, 3, 4, 7, 8, 29, 11, 20, 3, 14, 7, 23, 16, 25, 8, 17, 23, 6, 3, 24, 12, 12, 12, 23, 3, 22, 16, 19, 11, 6, 3, 15, 22, 22, 14, 20, 17, 6, 4, 24, 4, 19, 30, 31, 28, 13, 22, 7, 24, 22, 22, 22, 19, 12, 7, 31, 17, 6, 7, 24, 27, 30, 21, 0, 8, 8, 22, 22, 30, 23, 26, 23, 21, 25, 18, 3, 8, 26, 3, 10, 31, 22, 29, 12, 15, 22, 12, 30, 21, 32, 6, 22, 0, 0, 4, 22, 8, 22, 2, 6, 5, 30, 6, 32, 22, 22, 7, 8, 30, 30, 26, 10, 6, 30, 9, 4, 3, 26, 0, 22, 19, 16, 1, 3, 8, 3, 27, 5, 11, 2, 11, 2, 14, 31, 16, 10, 21, 20, 29, 10, 32, 10, 21, 6, 8, 8, 21, 21, 15, 9, 29, 24, 31, 17, 29, 25, 32, 10, 21, 27, 14, 15, 7, 21, 21, 26, 21, 10, 2, 23, 14, 14, 6, 17, 17, 15, 14, 1, 1, 5, 17, 6, 4, 9, 20, 23, 13, 20, 28, 20, 28, 26, 32, 19, 2, 29, 2, 31, 2, 5, 2, 2, 30, 21, 16, 20, 22, 30, 0, 15, 9, 29, 6, 24, 18, 11, 18, 22, 11, 14, 28, 24, 20, 2, 30, 29, 3, 24, 32, 29, 19, 8, 21, 28, 9, 26, 2, 12, 27, 20, 12, 24, 14, 18, 2, 3, 4, 29, 18, 6, 15, 7, 20, 11, 15, 7, 32, 22, 15, 6, 1, 11, 13, 31, 7, 6, 9, 10, 11, 22, 10, 6, 31, 30, 6, 20, 30, 3, 27, 6, 30, 7, 21, 1, 29, 25, 32, 3, 4, 30, 26, 18, 24, 2, 9, 5, 8, 14, 4, 30, 21, 10, 6, 13, 8, 7, 30, 30, 13, 4, 5, 6, 22, 4, 11, 11, 28, 1, 12, 0, 7, 17, 22, 22, 15, 23, 6, 16, 1, 22, 19, 16, 19, 22, 6, 8, 1, 17, 1, 0, 1, 31, 1, 17, 12, 20, 4, 1, 1, 8, 1, 11, 9, 19, 12, 32, 1, 18, 18, 3, 25, 13, 22, 15, 30, 19, 6, 6, 1, 22, 5, 10, 11, 28, 15, 7, 15, 19, 3, 31, 3, 11, 1, 6, 26, 31, 14, 30, 24, 11, 23, 14, 32, 9, 4, 5, 1, 8, 7, 31, 16, 9, 11, 11, 18, 21, 8, 1, 24, 18, 28, 5, 2, 18, 9, 11, 11, 5, 24, 5, 30, 6, 1, 22, 1, 16, 23, 11, 31, 16, 20, 25, 4, 22, 17, 7, 19, 7, 16, 14, 32, 14, 3, 1, 6, 16, 16, 16, 16, 14, 29, 23, 2, 16, 0, 8, 23, 25, 18, 16, 10, 30, 1, 30, 14, 7, 19, 23, 28, 9, 5, 10, 7, 18, 15, 19, 0, 32, 6, 5, 23, 5, 10, 10, 1, 4, 24, 10, 16, 16, 7, 23, 21, 10, 5, 13, 5, 3, 9, 31, 9, 14, 11, 23, 7, 1, 22, 7, 27, 19, 11, 22, 19, 31, 17, 17, 10, 17, 17, 30, 21, 17, 6, 8, 21, 31, 31, 9, 12, 11, 11, 7, 32, 4, 11, 12, 16, 24, 11, 26, 15, 17, 20, 1, 18, 19, 29, 5, 17, 9, 11, 11, 11, 16, 3, 11, 29, 27, 30, 26, 31, 3, 15, 3, 11, 24, 30, 12, 29, 16, 31, 11, 11, 28, 7, 24, 32, 11, 2, 11, 12, 25, 19, 22, 2, 4, 0, 27, 2, 32, 17, 20, 7, 22, 32, 2, 16, 1, 12, 5, 31, 0, 30, 17, 26, 30, 25, 6, 4, 20, 20, 10, 3, 22, 15, 8, 11, 13, 16, 6, 1, 5, 6, 11, 29, 23, 20, 15, 12, 3, 7, 5, 32, 32, 8, 17, 5, 20, 19, 1, 32, 20, 20, 31, 25, 8, 30, 6, 27, 5, 5, 5, 9, 5, 5, 14]"
xerces,22,seed22_solution092,seed22_solution092,0.9098490294751977,0.29514621716645995,0.4323556442879165,0.9401667486379928,0.9098490294751977,-0.29514621716645995,0.4323556442879165,True,False,"[0, 1, 0, 0, 0, 0, 1, 0, 2, 3, 4, 0, 5, 0, 6, 2, 0, 7, 8, 6, 6, 0, 2, 4, 2, 0, 1, 0, 7, 0, 9, 7, 0, 0, 0, 10, 0, 8, 0, 0, 0, 0, 3, 4, 0, 4, 0, 10, 0, 11, 12, 1, 0, 0, 13, 14, 4, 0, 0, 0, 0, 11, 0, 0, 15, 14, 0, 0, 16, 11, 13, 0, 17, 17, 2, 18, 8, 19, 0, 0, 0, 20, 0, 13, 0, 10, 0, 21, 14, 10, 1, 0, 0, 0, 0, 10, 0, 0, 0, 11, 20, 21, 10, 0, 22, 9, 23, 23, 12, 6, 22, 18, 16, 15, 24, 6, 2, 6, 11, 25, 20, 18, 6, 17, 19, 26, 26, 12, 22, 21, 16, 27, 28, 19, 11, 25, 7, 6, 16, 27, 2, 16, 16, 16, 23, 26, 28, 17, 4, 3, 15, 7, 19, 8, 22, 15, 5, 6, 21, 10, 26, 14, 29, 4, 21, 18, 6, 15, 14, 19, 6, 28, 25, 14, 11, 14, 30, 5, 27, 26, 4, 20, 13, 14, 5, 2, 14, 25, 9, 21, 4, 2, 18, 3, 31, 12, 10, 3, 2, 2, 3, 29, 2, 14, 10, 16, 23, 4, 12, 12, 7, 3, 19, 12, 12, 23, 25, 2, 10, 16, 12, 4, 2, 12, 23, 1, 24, 12, 25, 20, 5, 15, 21, 23, 7, 11, 31, 7, 17, 5, 11, 12, 10, 8, 4, 16, 23, 23, 18, 4, 22, 12, 3, 4, 10, 23, 9, 22, 19, 1, 7, 13, 7, 13, 10, 15, 12, 1, 27, 10, 20, 25, 6, 7, 10, 2, 4, 4, 10, 1, 13, 23, 18, 5, 5, 17, 26, 9, 2, 9, 27, 5, 12, 12, 2, 24, 8, 7, 27, 5, 3, 12, 18, 22, 0, 18, 26, 3, 18, 9, 3, 7, 2, 32, 28, 3, 27, 18, 24, 0, 9, 23, 16, 17, 16, 12, 24, 12, 12, 9, 21, 11, 24, 29, 24, 7, 2, 10, 14, 16, 12, 18, 26, 8, 15, 12, 17, 12, 21, 6, 26, 16, 6, 9, 9, 25, 15, 4, 8, 9, 3, 16, 11, 30, 10, 11, 12, 20, 6, 18, 26, 2, 19, 30, 22, 28, 6, 2, 21, 10, 21, 9, 8, 15, 26, 13, 25, 2, 11, 26, 23, 2, 1, 9, 6, 1, 21, 15, 3, 7, 3, 14, 5, 16, 19, 1, 9, 3, 7, 26, 30, 23, 2, 7, 19, 19, 12, 16, 29, 14, 20, 30, 24, 1, 16, 7, 26, 24, 20, 23, 10, 21, 12, 19, 18, 16, 0, 2, 16, 23, 16, 14, 24, 32, 30, 17, 7, 2, 16, 7, 7, 9, 2, 21, 2, 15, 26, 10, 10, 20, 2, 31, 5, 24, 7, 1, 5, 0, 14, 16, 14, 21, 21, 15, 14, 13, 18, 14, 6, 12, 22, 19, 3, 4, 29, 4, 29, 13, 29, 4, 9, 5, 29, 0, 6, 11, 6, 0, 5, 17, 6, 1, 26, 30, 7, 27, 11, 6, 28, 5, 4, 14, 5, 14, 6, 18, 10, 26, 32, 25, 29, 8, 23, 3, 19, 29, 25, 4, 5, 21, 1, 32, 20, 11, 16, 13, 4, 25, 26, 25, 1, 26, 20, 13, 16, 29, 8, 6, 18, 9, 11, 14, 14, 1, 14, 3, 8, 25, 6, 1, 14, 10, 30, 1, 6, 15, 16, 11, 1, 10, 29, 1, 24, 1, 6, 21, 18, 6, 20, 6, 13, 26, 12, 26, 20, 6, 25, 9, 30, 20, 8, 22, 24, 17, 21, 20, 16, 20, 31, 24, 4, 27, 10, 21, 16, 10, 31, 21, 11, 23, 2, 10, 10, 20, 20, 9, 9, 13, 6, 8, 12, 9, 31, 14, 11, 20, 14, 26, 19, 29, 5, 8, 13, 15, 6, 13, 18, 2, 1, 5, 27, 6, 6, 21, 8, 20, 1, 4, 16, 19, 5, 21, 6, 19, 14, 11, 7, 5, 24, 26, 1, 25, 2, 1, 26, 18, 7, 27, 23, 4, 3, 22, 11, 17, 20, 13, 7, 15, 16, 22, 19, 14, 4, 5, 27, 7, 23, 28, 4, 10, 13, 14, 18, 18, 4, 19, 1, 31, 25, 8, 1, 8, 15, 22, 1, 11, 22, 5, 19, 19, 14, 14, 4, 29, 0, 28, 10, 28, 14, 9, 19, 26, 5, 6, 25, 6, 6, 10, 19, 14, 10, 17, 8, 15, 26, 4, 10, 16, 16, 1, 13, 26, 9, 2, 5, 2, 2, 12, 11, 2, 9, 2, 10, 3, 26, 1, 26, 18, 21, 23, 21, 31, 31, 31, 7, 16, 10, 8, 13, 20, 2, 4, 4, 24, 7, 12, 12, 20, 5, 11, 6, 27, 31, 20, 14, 29, 3, 6, 5, 12, 11, 9, 15, 15, 6, 30, 2, 26, 17, 22, 11, 29, 17, 15, 30, 16, 17, 30, 6, 11, 6, 6, 6, 24]"
xerces,22,seed22_solution093,seed22_solution093,0.9181883537023724,0.14098111417372525,0.36338310458238055,0.9509742233568513,0.9181883537023724,-0.14098111417372525,0.36338310458238055,True,False,"[0, 0, 0, 0, 1, 0, 1, 0, 2, 3, 0, 4, 5, 0, 6, 7, 0, 8, 9, 8, 10, 0, 11, 10, 10, 0, 12, 1, 9, 13, 2, 8, 2, 14, 4, 0, 5, 13, 11, 15, 0, 0, 0, 3, 0, 3, 16, 14, 10, 0, 0, 0, 0, 0, 0, 16, 0, 3, 0, 0, 0, 17, 1, 17, 18, 7, 19, 6, 7, 0, 20, 0, 21, 0, 0, 10, 10, 22, 0, 0, 0, 23, 11, 19, 0, 2, 12, 15, 0, 5, 14, 0, 0, 22, 0, 0, 5, 11, 0, 0, 15, 9, 10, 9, 18, 17, 19, 4, 24, 16, 8, 3, 6, 19, 11, 10, 8, 20, 25, 26, 23, 7, 2, 27, 4, 13, 14, 14, 2, 17, 8, 2, 25, 28, 14, 27, 8, 27, 14, 28, 5, 0, 12, 4, 17, 4, 19, 7, 14, 5, 3, 22, 29, 13, 30, 4, 29, 3, 9, 14, 6, 11, 6, 3, 6, 18, 2, 17, 26, 26, 10, 25, 15, 8, 7, 9, 19, 22, 2, 22, 1, 19, 0, 15, 6, 9, 3, 7, 3, 15, 11, 28, 17, 24, 0, 22, 6, 2, 15, 16, 31, 32, 27, 2, 16, 11, 10, 9, 15, 6, 4, 11, 26, 28, 30, 7, 11, 30, 16, 27, 20, 0, 10, 12, 5, 7, 26, 13, 25, 19, 7, 26, 23, 0, 10, 5, 22, 12, 21, 7, 5, 17, 15, 25, 10, 28, 5, 0, 9, 6, 5, 0, 15, 5, 10, 4, 5, 18, 23, 14, 14, 26, 27, 28, 5, 10, 18, 14, 26, 12, 9, 31, 3, 12, 22, 25, 5, 5, 16, 14, 1, 14, 10, 14, 21, 27, 24, 2, 24, 13, 17, 28, 16, 12, 24, 18, 19, 8, 5, 10, 9, 26, 10, 10, 0, 32, 12, 1, 23, 32, 28, 30, 8, 19, 26, 12, 9, 29, 17, 0, 26, 20, 26, 12, 9, 3, 14, 30, 29, 17, 32, 20, 30, 9, 17, 1, 24, 24, 18, 7, 24, 2, 6, 10, 14, 22, 27, 18, 21, 1, 32, 20, 1, 31, 2, 27, 12, 24, 20, 14, 26, 10, 22, 19, 11, 20, 0, 7, 3, 3, 4, 13, 26, 31, 17, 7, 18, 16, 7, 13, 18, 15, 9, 28, 2, 16, 32, 24, 18, 13, 6, 27, 14, 25, 9, 2, 27, 28, 26, 13, 17, 16, 2, 12, 6, 11, 20, 5, 27, 22, 27, 9, 7, 8, 2, 23, 25, 4, 29, 30, 9, 27, 11, 10, 3, 8, 2, 8, 23, 7, 28, 7, 9, 18, 6, 4, 29, 13, 29, 11, 11, 12, 29, 25, 32, 20, 17, 7, 31, 29, 13, 10, 3, 24, 10, 17, 4, 18, 12, 18, 17, 22, 10, 15, 13, 7, 12, 7, 7, 15, 23, 29, 24, 17, 25, 30, 4, 6, 22, 30, 29, 15, 23, 30, 9, 26, 6, 23, 18, 10, 16, 5, 18, 0, 14, 30, 24, 0, 1, 28, 3, 30, 5, 6, 16, 19, 4, 1, 1, 6, 2, 11, 10, 30, 1, 2, 16, 7, 25, 29, 9, 22, 24, 18, 23, 11, 1, 12, 9, 9, 7, 22, 5, 11, 21, 1, 6, 27, 4, 31, 29, 4, 26, 30, 17, 29, 10, 21, 17, 11, 32, 2, 4, 7, 7, 16, 20, 27, 22, 3, 8, 8, 29, 8, 12, 1, 12, 20, 27, 7, 2, 20, 3, 24, 1, 30, 13, 6, 3, 8, 12, 23, 22, 22, 23, 3, 29, 11, 22, 26, 22, 5, 12, 11, 20, 24, 24, 17, 5, 14, 3, 1, 23, 7, 22, 4, 21, 2, 14, 32, 23, 22, 17, 10, 19, 26, 20, 30, 23, 28, 7, 28, 17, 11, 20, 10, 27, 3, 7, 13, 6, 30, 25, 16, 0, 3, 23, 4, 18, 3, 12, 12, 6, 6, 13, 9, 12, 26, 18, 26, 16, 10, 18, 10, 13, 1, 7, 28, 17, 17, 7, 30, 26, 2, 23, 12, 14, 16, 24, 12, 18, 32, 30, 27, 18, 7, 30, 18, 11, 30, 23, 6, 8, 23, 28, 13, 3, 25, 8, 11, 24, 6, 6, 4, 22, 0, 13, 11, 29, 3, 18, 12, 1, 2, 22, 30, 16, 27, 11, 3, 15, 22, 30, 2, 6, 0, 31, 25, 20, 4, 4, 4, 32, 15, 31, 12, 16, 14, 26, 29, 20, 3, 22, 1, 30, 0, 8, 2, 4, 29, 20, 23, 16, 7, 0, 24, 2, 25, 16, 9, 31, 7, 32, 10, 23, 14, 4, 13, 15, 15, 15, 7, 25, 7, 26, 11, 7, 7, 10, 8, 6, 26, 17, 7, 5, 5, 22, 2, 24, 15, 15, 26, 2, 23, 8, 9, 5, 4, 5, 7, 25, 32, 29, 20, 1, 19, 7, 1, 32, 32, 9, 6, 25, 10, 28, 20, 29, 19, 7, 11, 1, 1, 1, 17]"
xerces,22,seed22_solution094,seed22_solution094,0.9238245866283249,0.14605696056627804,0.09792626724019476,0.9472991864699752,0.9238245866283249,-0.14605696056627804,0.09792626724019476,True,False,"[0, 1, 1, 2, 3, 4, 5, 6, 1, 6, 7, 8, 5, 9, 3, 8, 8, 2, 3, 4, 10, 11, 4, 8, 2, 12, 0, 3, 3, 13, 1, 11, 12, 0, 14, 14, 13, 1, 9, 8, 7, 8, 12, 4, 15, 11, 16, 10, 13, 14, 7, 10, 16, 15, 15, 3, 12, 3, 6, 3, 5, 16, 14, 7, 4, 10, 9, 0, 13, 16, 10, 0, 11, 9, 2, 11, 1, 11, 15, 15, 5, 14, 5, 15, 5, 1, 6, 7, 9, 7, 0, 7, 1, 11, 13, 5, 1, 12, 6, 10, 10, 8, 12, 9, 14, 13, 0, 5, 0, 14, 8, 7, 9, 3, 16, 13, 15, 2, 6, 2, 2, 11, 14, 6, 11, 15, 15, 16, 6, 10, 2, 6, 3, 8, 6, 7, 11, 5, 7, 10, 15, 0, 14, 12, 6, 9, 8, 5, 8, 12, 0, 5, 10, 13, 3, 6, 6, 15, 12, 2, 6, 8, 12, 1, 6, 2, 1, 6, 6, 11, 5, 9, 4, 12, 7, 14, 3, 9, 13, 12, 9, 13, 6, 7, 16, 2, 16, 4, 2, 12, 14, 6, 1, 9, 0, 2, 9, 6, 4, 7, 2, 6, 16, 12, 12, 0, 8, 6, 16, 10, 14, 5, 13, 11, 7, 13, 15, 16, 15, 1, 14, 7, 11, 4, 11, 11, 1, 16, 12, 4, 10, 10, 1, 10, 7, 15, 14, 2, 5, 15, 2, 11, 0, 1, 1, 8, 1, 0, 9, 12, 2, 16, 7, 1, 3, 5, 9, 5, 0, 14, 15, 7, 11, 3, 4, 16, 4, 9, 12, 13, 8, 6, 10, 13, 2, 16, 1, 13, 3, 4, 4, 12, 6, 7, 13, 6, 8, 5, 10, 0, 1, 14, 6, 11, 13, 15, 8, 6, 15, 6, 11, 2, 0, 4, 0, 4, 10, 15, 9, 8, 1, 5, 5, 6, 1, 9, 3, 6, 2, 4, 15, 12, 1, 8, 3, 13, 16, 13, 6, 0, 6, 14, 5, 15, 0, 7, 11, 16, 12, 5, 11, 8, 8, 9, 13, 14, 12, 0, 6, 12, 3, 9, 8, 10, 3, 8, 9, 1, 5, 5, 1, 13, 7, 12, 14, 7, 4, 5, 3, 6, 16, 12, 15, 14, 15, 14, 3, 16, 7, 15, 8, 1, 3, 3, 0, 3, 14, 1, 10, 1, 10, 5, 2, 2, 9, 2, 4, 3, 12, 4, 8, 0, 2, 14, 14, 9, 16, 1, 9, 9, 6, 12, 10, 16, 1, 10, 1, 12, 9, 14, 1, 7, 12, 2, 3, 8, 1, 10, 15, 9, 11, 12, 4, 1, 8, 15, 10, 11, 5, 7, 16, 10, 3, 1, 12, 14, 0, 4, 7, 0, 9, 8, 9, 4, 0, 7, 7, 2, 0, 7, 15, 13, 15, 10, 1, 11, 11, 16, 12, 6, 13, 4, 4, 10, 3, 14, 3, 6, 14, 14, 7, 10, 2, 12, 10, 2, 11, 9, 6, 12, 5, 3, 15, 4, 8, 4, 2, 7, 2, 15, 0, 11, 5, 7, 16, 3, 10, 12, 13, 13, 4, 14, 14, 15, 3, 14, 9, 12, 14, 2, 9, 16, 7, 8, 12, 9, 0, 1, 1, 5, 12, 7, 15, 16, 11, 3, 13, 1, 4, 7, 0, 16, 8, 2, 12, 8, 15, 0, 9, 10, 1, 8, 12, 10, 6, 16, 5, 13, 1, 8, 1, 11, 7, 5, 13, 6, 12, 5, 15, 13, 3, 0, 16, 8, 13, 7, 11, 14, 15, 9, 13, 13, 16, 5, 14, 12, 8, 6, 6, 5, 16, 3, 4, 10, 16, 7, 5, 10, 9, 2, 10, 6, 2, 16, 4, 12, 8, 1, 5, 14, 2, 11, 12, 7, 1, 3, 15, 1, 2, 4, 11, 8, 2, 6, 2, 15, 4, 1, 15, 5, 10, 10, 4, 0, 2, 2, 11, 16, 7, 5, 4, 13, 0, 13, 6, 9, 10, 14, 5, 10, 16, 8, 13, 16, 7, 9, 6, 16, 6, 7, 15, 3, 2, 1, 5, 15, 2, 16, 0, 4, 13, 13, 5, 13, 4, 8, 0, 9, 8, 7, 10, 9, 16, 4, 13, 9, 14, 3, 4, 16, 13, 3, 2, 13, 12, 0, 8, 14, 3, 6, 14, 4, 6, 6, 11, 8, 16, 15, 10, 8, 3, 9, 12, 12, 3, 0, 11, 14, 9, 14, 6, 9, 0, 10, 6, 0, 16, 9, 7, 2, 1, 6, 1, 1, 10, 5, 6, 4, 14, 7, 2, 11, 5, 14, 5, 11, 6, 0, 16, 1, 5, 7, 7, 5, 11, 3, 4, 8, 14, 10, 9, 7, 7, 14, 4, 16, 7, 16, 8, 15, 1, 12, 5, 4, 13, 13, 15, 3, 6, 0, 10, 5, 1, 3, 11, 14, 6, 5, 15, 14, 0, 2, 9, 1, 4, 6, 3, 9, 9, 3, 14, 2, 6, 2, 13, 7, 16, 7, 10, 2, 7, 14, 1, 10]"
xerces,22,seed22_solution095,seed22_solution095,0.934176851186197,0.15282371548316204,0.3188522813819167,0.9563405100123628,0.934176851186197,-0.15282371548316204,0.3188522813819167,True,False,"[0, 0, 1, 2, 1, 2, 3, 0, 3, 0, 4, 5, 6, 0, 4, 7, 7, 8, 8, 9, 7, 10, 11, 9, 7, 0, 2, 11, 12, 0, 0, 13, 8, 0, 0, 1, 13, 12, 14, 10, 15, 0, 5, 4, 16, 4, 14, 0, 17, 18, 19, 15, 0, 12, 4, 0, 19, 4, 12, 0, 0, 19, 0, 16, 0, 3, 19, 0, 17, 11, 20, 15, 0, 21, 0, 17, 0, 22, 0, 23, 0, 22, 11, 16, 11, 0, 6, 4, 17, 8, 4, 0, 20, 11, 22, 9, 6, 24, 17, 5, 25, 13, 2, 10, 19, 14, 1, 5, 26, 27, 6, 19, 0, 23, 14, 7, 0, 19, 11, 28, 20, 6, 2, 26, 11, 11, 4, 5, 12, 15, 9, 28, 29, 25, 2, 23, 4, 11, 4, 11, 11, 20, 10, 27, 16, 13, 26, 26, 4, 13, 0, 3, 25, 5, 23, 5, 10, 0, 15, 3, 8, 7, 25, 8, 18, 27, 24, 30, 9, 22, 15, 2, 25, 16, 5, 12, 5, 9, 31, 8, 6, 20, 16, 20, 1, 19, 9, 10, 15, 12, 6, 20, 9, 24, 16, 10, 7, 1, 16, 17, 7, 28, 19, 25, 26, 11, 12, 13, 20, 6, 18, 6, 9, 31, 25, 10, 24, 6, 7, 31, 19, 0, 29, 25, 13, 9, 31, 25, 23, 25, 22, 30, 18, 5, 10, 21, 5, 12, 30, 3, 26, 5, 1, 6, 5, 31, 22, 21, 10, 11, 0, 0, 19, 16, 25, 6, 15, 28, 1, 4, 10, 16, 25, 2, 9, 30, 24, 9, 31, 24, 22, 28, 17, 6, 16, 24, 0, 2, 8, 15, 7, 5, 29, 11, 4, 7, 24, 3, 2, 3, 31, 31, 4, 29, 4, 27, 24, 13, 32, 13, 16, 13, 12, 23, 0, 5, 17, 3, 8, 12, 20, 23, 23, 24, 10, 21, 14, 10, 32, 13, 9, 5, 13, 10, 22, 13, 7, 10, 14, 0, 32, 16, 11, 6, 14, 13, 2, 8, 12, 23, 7, 25, 23, 22, 23, 23, 26, 27, 28, 21, 10, 30, 16, 1, 3, 7, 13, 3, 24, 3, 29, 10, 9, 23, 8, 32, 13, 17, 8, 26, 10, 25, 18, 1, 30, 26, 2, 14, 32, 6, 10, 1, 13, 7, 5, 26, 28, 3, 7, 25, 10, 19, 4, 3, 3, 13, 9, 23, 5, 19, 30, 18, 22, 5, 9, 7, 24, 18, 12, 10, 23, 24, 29, 13, 6, 19, 24, 10, 2, 4, 12, 10, 8, 10, 2, 20, 1, 19, 20, 10, 22, 4, 2, 24, 3, 5, 8, 10, 29, 8, 13, 2, 26, 21, 32, 23, 9, 7, 30, 30, 8, 3, 4, 3, 12, 8, 5, 22, 8, 20, 19, 11, 8, 29, 10, 23, 8, 20, 22, 9, 29, 7, 11, 31, 28, 27, 20, 0, 22, 7, 6, 20, 9, 27, 17, 15, 2, 12, 19, 15, 24, 22, 10, 1, 7, 2, 2, 4, 2, 6, 4, 22, 29, 27, 11, 13, 13, 5, 3, 3, 2, 26, 6, 4, 3, 18, 18, 5, 29, 11, 20, 29, 31, 19, 12, 14, 3, 20, 3, 13, 11, 18, 29, 14, 24, 32, 4, 23, 5, 28, 22, 10, 21, 30, 14, 31, 12, 27, 30, 14, 18, 2, 17, 7, 13, 20, 9, 31, 4, 27, 1, 1, 6, 3, 25, 13, 7, 19, 21, 1, 2, 2, 14, 1, 1, 7, 25, 1, 22, 20, 3, 5, 11, 2, 27, 7, 28, 14, 27, 28, 7, 9, 16, 26, 32, 9, 11, 3, 15, 14, 17, 4, 9, 15, 16, 9, 26, 4, 26, 27, 3, 12, 0, 14, 12, 30, 22, 17, 20, 31, 2, 31, 30, 22, 32, 17, 31, 29, 13, 7, 21, 18, 29, 11, 0, 16, 22, 19, 25, 4, 18, 13, 2, 10, 12, 13, 11, 15, 8, 27, 22, 13, 16, 12, 8, 14, 11, 19, 4, 5, 11, 27, 10, 2, 29, 9, 29, 26, 26, 20, 6, 28, 11, 16, 13, 16, 20, 31, 22, 11, 17, 25, 6, 30, 31, 4, 9, 1, 25, 3, 8, 7, 8, 5, 7, 12, 12, 30, 20, 21, 0, 22, 31, 19, 12, 2, 19, 4, 7, 24, 7, 10, 5, 7, 8, 29, 22, 13, 30, 8, 5, 5, 0, 6, 2, 6, 8, 11, 28, 32, 3, 28, 3, 12, 31, 7, 1, 1, 3, 21, 26, 22, 17, 7, 0, 29, 2, 16, 16, 23, 13, 20, 8, 3, 15, 2, 25, 8, 28, 0, 9, 16, 24, 31, 28, 23, 17, 23, 23, 20, 5, 6, 17, 25, 1, 11, 24, 10, 2, 8, 20, 11, 26, 27, 23, 2, 2, 5, 9, 29, 16, 4, 25, 16, 8, 21, 7, 2, 0, 15, 13, 29, 21, 19, 31, 32, 0, 19, 23, 18, 6, 8, 8, 2]"
xerces,22,seed22_solution096,seed22_solution096,0.9512868439971244,0.14663256010282424,0.2970179612426669,0.9587501954548534,0.9512868439971244,-0.14663256010282424,0.2970179612426669,True,False,"[0, 0, 1, 2, 2, 2, 3, 0, 3, 4, 0, 5, 6, 0, 4, 7, 8, 7, 7, 9, 7, 6, 10, 10, 11, 0, 2, 12, 13, 0, 14, 13, 7, 9, 5, 1, 15, 14, 16, 17, 0, 0, 0, 4, 0, 4, 15, 12, 18, 0, 0, 18, 0, 19, 7, 8, 0, 4, 14, 0, 0, 20, 13, 21, 0, 7, 18, 0, 19, 0, 19, 0, 0, 0, 0, 18, 0, 18, 0, 20, 0, 9, 10, 22, 0, 0, 7, 16, 0, 4, 2, 0, 23, 12, 9, 1, 6, 8, 18, 0, 15, 13, 1, 13, 23, 15, 23, 10, 24, 25, 10, 4, 26, 27, 8, 8, 0, 8, 22, 28, 14, 6, 5, 29, 9, 27, 4, 27, 19, 17, 19, 28, 25, 28, 2, 20, 2, 24, 4, 28, 6, 19, 9, 22, 16, 13, 30, 24, 4, 6, 23, 12, 11, 14, 23, 10, 25, 4, 9, 9, 8, 10, 11, 2, 19, 20, 28, 20, 10, 18, 26, 2, 26, 27, 5, 13, 5, 17, 3, 17, 6, 23, 0, 17, 11, 9, 4, 6, 4, 16, 10, 20, 15, 28, 27, 13, 8, 7, 27, 18, 31, 32, 29, 21, 18, 11, 14, 9, 30, 8, 5, 6, 18, 28, 27, 6, 10, 21, 14, 31, 19, 0, 26, 21, 21, 10, 31, 19, 22, 14, 10, 25, 19, 5, 9, 22, 5, 21, 28, 7, 29, 5, 8, 22, 5, 31, 9, 22, 13, 12, 0, 0, 16, 21, 11, 5, 17, 31, 11, 11, 13, 28, 11, 14, 10, 26, 27, 11, 28, 12, 6, 31, 4, 15, 27, 18, 0, 2, 14, 11, 1, 15, 12, 12, 30, 29, 1, 3, 1, 14, 17, 26, 14, 21, 4, 20, 25, 13, 32, 21, 27, 19, 26, 11, 0, 32, 21, 5, 26, 14, 26, 21, 20, 28, 28, 21, 17, 25, 32, 21, 8, 19, 21, 28, 19, 13, 9, 27, 15, 15, 32, 27, 27, 17, 16, 2, 2, 1, 19, 19, 7, 3, 20, 9, 9, 27, 29, 20, 30, 22, 32, 29, 21, 1, 3, 7, 13, 1, 16, 5, 18, 9, 17, 27, 10, 32, 0, 16, 4, 29, 13, 19, 19, 1, 15, 24, 19, 8, 32, 14, 20, 18, 13, 8, 10, 29, 32, 29, 20, 26, 8, 26, 4, 23, 3, 7, 30, 20, 5, 23, 17, 19, 6, 5, 7, 7, 21, 19, 29, 17, 27, 28, 7, 13, 22, 8, 20, 10, 2, 4, 13, 31, 10, 11, 2, 9, 1, 9, 14, 9, 26, 2, 13, 18, 2, 5, 25, 13, 25, 8, 21, 2, 29, 20, 32, 20, 17, 7, 28, 25, 14, 3, 4, 1, 11, 20, 5, 9, 13, 27, 22, 12, 26, 24, 13, 27, 21, 19, 7, 19, 30, 7, 1, 28, 29, 23, 30, 0, 17, 21, 6, 30, 30, 23, 17, 18, 2, 23, 18, 5, 18, 9, 6, 0, 12, 27, 2, 2, 2, 26, 4, 23, 6, 8, 8, 28, 10, 2, 1, 3, 3, 24, 15, 4, 2, 19, 8, 5, 24, 12, 17, 26, 31, 14, 23, 17, 2, 23, 1, 9, 7, 16, 7, 16, 29, 29, 4, 31, 5, 31, 13, 13, 22, 22, 15, 31, 14, 23, 15, 10, 32, 3, 8, 26, 7, 30, 10, 31, 17, 4, 1, 25, 25, 9, 26, 1, 7, 19, 29, 1, 5, 8, 4, 1, 21, 27, 14, 1, 4, 19, 3, 10, 9, 17, 23, 2, 31, 10, 12, 28, 8, 8, 27, 10, 32, 10, 1, 7, 17, 9, 4, 1, 30, 12, 27, 10, 30, 4, 29, 23, 5, 17, 0, 11, 14, 20, 19, 18, 30, 20, 2, 31, 15, 10, 29, 18, 28, 4, 7, 1, 20, 19, 25, 9, 0, 4, 23, 5, 20, 2, 16, 12, 2, 8, 19, 21, 12, 17, 20, 23, 9, 13, 27, 26, 7, 2, 7, 26, 16, 15, 4, 23, 6, 14, 30, 10, 25, 30, 30, 30, 15, 32, 21, 27, 21, 21, 21, 20, 19, 27, 19, 26, 9, 26, 26, 2, 4, 1, 26, 10, 22, 15, 7, 5, 17, 14, 14, 26, 23, 22, 27, 9, 20, 23, 27, 21, 23, 4, 18, 4, 25, 2, 23, 3, 8, 25, 31, 20, 28, 5, 10, 5, 32, 15, 31, 15, 8, 9, 25, 25, 16, 29, 12, 14, 31, 0, 13, 1, 3, 25, 29, 30, 16, 26, 0, 25, 3, 20, 27, 27, 31, 26, 32, 12, 27, 12, 5, 4, 16, 0, 19, 21, 22, 31, 31, 20, 16, 20, 20, 9, 5, 28, 16, 26, 1, 27, 17, 6, 3, 7, 30, 28, 24, 23, 20, 17, 6, 5, 10, 12, 22, 14, 26, 27, 6, 25, 7, 2, 32, 32, 9, 24, 22, 26, 31, 32, 25, 14, 4, 29, 5, 7, 4, 17]"
xerces,22,seed22_solution097,seed22_solution097,0.9556002875629044,0.16193807292847426,0.24904359190984882,0.9634955180003031,0.9556002875629044,-0.16193807292847426,0.24904359190984882,True,False,"[0, 0, 1, 1, 1, 2, 3, 0, 3, 2, 4, 5, 6, 0, 7, 8, 9, 10, 9, 11, 8, 6, 12, 7, 13, 0, 1, 5, 6, 14, 15, 10, 1, 9, 11, 1, 16, 14, 17, 18, 19, 0, 8, 4, 0, 2, 7, 9, 20, 0, 0, 20, 14, 21, 8, 7, 0, 2, 14, 0, 0, 22, 10, 14, 23, 14, 15, 0, 21, 0, 17, 0, 24, 25, 0, 20, 0, 20, 0, 19, 0, 11, 17, 26, 0, 0, 8, 4, 0, 4, 2, 0, 23, 19, 21, 1, 6, 7, 20, 11, 16, 10, 1, 9, 23, 18, 27, 11, 28, 29, 11, 2, 30, 19, 7, 8, 0, 7, 22, 31, 15, 30, 5, 24, 9, 19, 2, 19, 21, 13, 21, 27, 25, 27, 2, 19, 2, 25, 8, 27, 16, 21, 9, 26, 17, 10, 24, 28, 12, 16, 23, 13, 13, 21, 23, 11, 32, 0, 9, 9, 8, 7, 30, 2, 17, 29, 29, 22, 20, 20, 30, 25, 30, 7, 28, 14, 5, 3, 3, 11, 5, 15, 0, 18, 12, 9, 21, 6, 4, 20, 17, 22, 18, 29, 14, 6, 15, 8, 17, 9, 31, 32, 24, 14, 15, 12, 2, 9, 18, 8, 5, 16, 20, 27, 19, 6, 7, 14, 15, 31, 17, 0, 30, 14, 13, 12, 17, 21, 23, 15, 11, 29, 15, 5, 9, 17, 5, 14, 27, 1, 28, 5, 7, 16, 5, 31, 11, 26, 6, 2, 0, 0, 20, 14, 30, 5, 2, 31, 12, 12, 12, 26, 30, 15, 7, 30, 19, 12, 27, 13, 6, 31, 4, 16, 14, 20, 0, 2, 15, 12, 1, 16, 13, 9, 24, 24, 20, 3, 12, 14, 18, 27, 15, 10, 10, 29, 29, 10, 32, 10, 14, 21, 30, 23, 0, 32, 18, 5, 30, 21, 27, 14, 30, 29, 26, 10, 18, 10, 32, 10, 7, 17, 9, 27, 21, 10, 9, 16, 13, 18, 32, 28, 14, 18, 17, 16, 1, 1, 21, 21, 8, 3, 19, 11, 9, 19, 24, 29, 24, 22, 32, 28, 14, 27, 3, 8, 10, 12, 17, 5, 20, 9, 13, 19, 17, 32, 0, 20, 4, 28, 11, 21, 17, 12, 18, 24, 21, 7, 32, 14, 9, 20, 10, 22, 11, 28, 31, 28, 19, 30, 8, 30, 12, 23, 0, 8, 24, 22, 5, 23, 18, 7, 6, 9, 8, 8, 14, 17, 24, 13, 19, 29, 10, 10, 26, 7, 22, 11, 2, 26, 14, 31, 17, 12, 2, 11, 1, 6, 15, 9, 27, 2, 6, 20, 2, 5, 0, 14, 13, 7, 10, 27, 28, 22, 32, 19, 18, 8, 27, 25, 21, 18, 4, 1, 30, 22, 11, 21, 10, 19, 26, 9, 30, 25, 6, 19, 10, 21, 4, 21, 23, 8, 12, 27, 25, 26, 11, 0, 20, 14, 16, 23, 23, 26, 18, 20, 2, 23, 15, 5, 15, 11, 6, 0, 2, 17, 1, 2, 3, 27, 2, 23, 16, 8, 7, 27, 11, 13, 1, 2, 3, 28, 16, 26, 3, 21, 7, 5, 25, 9, 18, 30, 31, 15, 23, 18, 31, 23, 1, 9, 12, 17, 8, 17, 28, 28, 4, 31, 5, 31, 10, 11, 22, 26, 18, 22, 21, 24, 16, 7, 32, 5, 7, 30, 10, 13, 7, 31, 13, 2, 14, 29, 22, 11, 30, 1, 8, 17, 24, 1, 5, 7, 2, 12, 14, 23, 21, 1, 2, 21, 3, 11, 9, 13, 15, 2, 31, 9, 13, 31, 8, 7, 14, 7, 32, 7, 12, 8, 6, 9, 4, 1, 23, 13, 19, 7, 24, 2, 28, 26, 5, 13, 0, 29, 15, 22, 17, 20, 15, 22, 3, 31, 22, 10, 28, 20, 27, 2, 8, 1, 22, 26, 25, 9, 0, 26, 23, 5, 16, 2, 17, 13, 1, 9, 21, 13, 19, 13, 19, 26, 11, 10, 14, 30, 4, 17, 10, 27, 17, 17, 4, 26, 6, 15, 23, 30, 25, 24, 24, 23, 16, 32, 14, 14, 10, 14, 14, 22, 21, 12, 21, 30, 6, 27, 27, 2, 2, 25, 30, 7, 26, 16, 8, 11, 13, 21, 14, 27, 23, 22, 19, 11, 22, 23, 19, 14, 23, 2, 20, 20, 29, 2, 23, 2, 8, 25, 31, 22, 27, 5, 11, 5, 32, 16, 31, 16, 30, 9, 29, 25, 17, 24, 13, 19, 26, 0, 10, 29, 3, 25, 28, 18, 7, 30, 0, 3, 3, 22, 14, 19, 31, 30, 32, 13, 19, 2, 5, 4, 31, 0, 21, 14, 29, 31, 31, 19, 7, 9, 19, 15, 11, 29, 17, 30, 1, 19, 20, 6, 3, 4, 21, 27, 28, 26, 19, 18, 8, 5, 7, 13, 26, 15, 30, 14, 6, 29, 8, 3, 32, 19, 9, 25, 25, 30, 29, 32, 25, 15, 4, 28, 5, 3, 4, 18]"
xerces,22,seed22_solution098,seed22_solution098,0.9585334291876348,0.1632845768574865,0.19421201813630962,0.9741796841003344,0.9585334291876348,-0.1632845768574865,0.19421201813630962,True,False,"[0, 1, 2, 3, 3, 4, 5, 6, 5, 7, 8, 9, 10, 0, 11, 12, 13, 14, 13, 15, 6, 16, 1, 17, 18, 0, 3, 5, 19, 19, 20, 14, 2, 3, 9, 2, 7, 19, 21, 16, 22, 18, 7, 8, 23, 8, 11, 24, 6, 25, 11, 17, 19, 22, 7, 11, 11, 8, 19, 11, 19, 26, 14, 21, 24, 19, 27, 4, 15, 25, 20, 22, 28, 29, 5, 6, 6, 17, 0, 27, 1, 20, 21, 23, 1, 2, 7, 8, 16, 10, 1, 28, 15, 22, 15, 2, 10, 17, 6, 9, 6, 13, 2, 13, 24, 21, 30, 9, 18, 27, 10, 11, 12, 27, 21, 6, 0, 11, 23, 31, 20, 12, 5, 28, 20, 22, 1, 22, 24, 21, 15, 30, 29, 30, 4, 31, 14, 29, 7, 32, 3, 15, 13, 28, 21, 19, 28, 28, 1, 7, 24, 2, 18, 6, 24, 9, 32, 0, 13, 2, 12, 1, 16, 12, 15, 27, 30, 26, 17, 17, 22, 29, 16, 11, 25, 19, 27, 3, 30, 9, 5, 20, 23, 16, 22, 13, 15, 16, 8, 19, 21, 26, 15, 27, 22, 22, 20, 7, 21, 13, 26, 31, 29, 19, 28, 1, 4, 13, 16, 18, 25, 7, 17, 30, 22, 16, 17, 22, 28, 31, 11, 0, 18, 19, 18, 1, 21, 6, 24, 20, 10, 26, 20, 0, 13, 21, 22, 19, 28, 2, 25, 21, 11, 6, 26, 26, 10, 23, 9, 4, 24, 0, 11, 25, 6, 11, 4, 31, 20, 1, 1, 23, 31, 20, 2, 26, 22, 1, 30, 18, 14, 31, 8, 7, 22, 17, 0, 4, 24, 1, 4, 6, 18, 10, 28, 28, 17, 7, 5, 19, 30, 30, 22, 18, 14, 27, 27, 14, 32, 6, 26, 15, 19, 24, 0, 32, 16, 5, 12, 32, 20, 24, 12, 27, 23, 29, 30, 14, 32, 0, 17, 17, 13, 30, 15, 18, 4, 6, 18, 21, 32, 25, 5, 16, 21, 6, 3, 2, 24, 15, 18, 5, 4, 6, 24, 22, 28, 27, 28, 23, 32, 25, 25, 30, 16, 31, 18, 2, 17, 5, 17, 13, 21, 27, 21, 25, 0, 18, 8, 25, 9, 6, 17, 30, 26, 28, 15, 11, 32, 19, 13, 4, 13, 26, 9, 7, 31, 25, 25, 19, 13, 12, 1, 24, 0, 7, 28, 26, 17, 24, 26, 11, 10, 13, 6, 12, 19, 15, 14, 4, 31, 26, 14, 14, 23, 11, 17, 9, 4, 23, 19, 31, 21, 1, 9, 20, 2, 10, 20, 13, 20, 8, 5, 17, 4, 9, 0, 19, 18, 21, 13, 30, 25, 29, 32, 25, 11, 15, 30, 26, 19, 16, 8, 2, 19, 26, 9, 15, 13, 20, 23, 22, 10, 29, 19, 1, 19, 15, 14, 15, 19, 13, 1, 30, 29, 23, 9, 0, 17, 11, 10, 15, 15, 23, 16, 17, 4, 16, 24, 5, 24, 10, 24, 0, 4, 21, 3, 1, 3, 30, 8, 24, 7, 27, 11, 30, 9, 18, 23, 4, 5, 25, 6, 23, 3, 15, 11, 12, 29, 4, 16, 12, 31, 24, 15, 15, 31, 20, 2, 13, 1, 32, 7, 21, 18, 25, 8, 31, 9, 31, 14, 9, 17, 23, 21, 26, 6, 28, 6, 21, 25, 5, 11, 12, 14, 18, 25, 31, 8, 27, 19, 27, 26, 10, 18, 26, 7, 11, 29, 2, 5, 11, 21, 3, 19, 24, 6, 2, 14, 15, 4, 9, 22, 5, 20, 4, 31, 13, 27, 31, 13, 10, 22, 28, 25, 23, 1, 7, 10, 21, 8, 3, 15, 12, 22, 2, 28, 27, 25, 32, 5, 10, 0, 27, 20, 26, 14, 6, 20, 26, 3, 26, 26, 14, 25, 6, 30, 5, 7, 2, 17, 23, 29, 13, 0, 23, 15, 12, 6, 8, 30, 18, 4, 13, 19, 18, 22, 17, 17, 23, 10, 13, 24, 19, 19, 21, 14, 30, 21, 21, 1, 23, 17, 20, 13, 12, 14, 28, 28, 15, 7, 31, 26, 31, 14, 12, 20, 26, 15, 1, 15, 16, 10, 20, 30, 19, 9, 29, 11, 2, 23, 6, 12, 9, 13, 22, 19, 30, 16, 24, 0, 13, 26, 24, 22, 25, 24, 31, 17, 17, 27, 4, 24, 4, 12, 29, 31, 29, 25, 12, 9, 9, 25, 7, 31, 7, 12, 22, 31, 32, 20, 29, 17, 22, 23, 0, 14, 27, 9, 29, 25, 16, 11, 12, 0, 3, 5, 23, 21, 13, 17, 12, 32, 18, 22, 4, 9, 19, 31, 0, 15, 22, 27, 26, 31, 15, 11, 13, 20, 20, 9, 30, 21, 22, 2, 22, 17, 2, 3, 16, 15, 30, 25, 20, 6, 16, 7, 9, 10, 18, 23, 20, 18, 2, 10, 27, 12, 3, 29, 22, 13, 31, 29, 11, 27, 15, 0, 27, 24, 25, 5, 3, 21, 21]"
