subject,seed,solution_id,class_id,class_name,cluster_id
jpetstore,13,seed13_solution000,org.mybatis.jpetstore.domain.Account,org.mybatis.jpetstore.domain.Account,0
jpetstore,13,seed13_solution000,org.mybatis.jpetstore.domain.Cart,org.mybatis.jpetstore.domain.Cart,1
jpetstore,13,seed13_solution000,org.mybatis.jpetstore.domain.CartItem,org.mybatis.jpetstore.domain.CartItem,1
jpetstore,13,seed13_solution000,org.mybatis.jpetstore.domain.Category,org.mybatis.jpetstore.domain.Category,2
jpetstore,13,seed13_solution000,org.mybatis.jpetstore.domain.Item,org.mybatis.jpetstore.domain.Item,1
jpetstore,13,seed13_solution000,org.mybatis.jpetstore.domain.LineItem,org.mybatis.jpetstore.domain.LineItem,3
jpetstore,13,seed13_solution000,org.mybatis.jpetstore.domain.Order,org.mybatis.jpetstore.domain.Order,0
jpetstore,13,seed13_solution000,org.mybatis.jpetstore.domain.Product,org.mybatis.jpetstore.domain.Product,2
jpetstore,13,seed13_solution000,org.mybatis.jpetstore.domain.Sequence,org.mybatis.jpetstore.domain.Sequence,3
jpetstore,13,seed13_solution000,org.mybatis.jpetstore.mapper.AccountMapper,org.mybatis.jpetstore.mapper.AccountMapper,0
jpetstore,13,seed13_solution000,org.mybatis.jpetstore.mapper.CategoryMapper,org.mybatis.jpetstore.mapper.CategoryMapper,2
jpetstore,13,seed13_solution000,org.mybatis.jpetstore.mapper.ItemMapper,org.mybatis.jpetstore.mapper.ItemMapper,2
jpetstore,13,seed13_solution000,org.mybatis.jpetstore.mapper.LineItemMapper,org.mybatis.jpetstore.mapper.LineItemMapper,3
jpetstore,13,seed13_solution000,org.mybatis.jpetstore.mapper.OrderMapper,org.mybatis.jpetstore.mapper.OrderMapper,3
jpetstore,13,seed13_solution000,org.mybatis.jpetstore.mapper.ProductMapper,org.mybatis.jpetstore.mapper.ProductMapper,2
jpetstore,13,seed13_solution000,org.mybatis.jpetstore.mapper.SequenceMapper,org.mybatis.jpetstore.mapper.SequenceMapper,3
jpetstore,13,seed13_solution000,org.mybatis.jpetstore.service.AccountService,org.mybatis.jpetstore.service.AccountService,0
jpetstore,13,seed13_solution000,org.mybatis.jpetstore.service.CatalogService,org.mybatis.jpetstore.service.CatalogService,2
jpetstore,13,seed13_solution000,org.mybatis.jpetstore.service.OrderService,org.mybatis.jpetstore.service.OrderService,3
jpetstore,13,seed13_solution000,org.mybatis.jpetstore.web.actions.AbstractActionBean,org.mybatis.jpetstore.web.actions.AbstractActionBean,0
jpetstore,13,seed13_solution000,org.mybatis.jpetstore.web.actions.AccountActionBean,org.mybatis.jpetstore.web.actions.AccountActionBean,0
jpetstore,13,seed13_solution000,org.mybatis.jpetstore.web.actions.CartActionBean,org.mybatis.jpetstore.web.actions.CartActionBean,1
jpetstore,13,seed13_solution000,org.mybatis.jpetstore.web.actions.CatalogActionBean,org.mybatis.jpetstore.web.actions.CatalogActionBean,2
jpetstore,13,seed13_solution000,org.mybatis.jpetstore.web.actions.OrderActionBean,org.mybatis.jpetstore.web.actions.OrderActionBean,0
jpetstore,13,seed13_solution001,org.mybatis.jpetstore.domain.Account,org.mybatis.jpetstore.domain.Account,0
jpetstore,13,seed13_solution001,org.mybatis.jpetstore.domain.Cart,org.mybatis.jpetstore.domain.Cart,1
jpetstore,13,seed13_solution001,org.mybatis.jpetstore.domain.CartItem,org.mybatis.jpetstore.domain.CartItem,1
jpetstore,13,seed13_solution001,org.mybatis.jpetstore.domain.Category,org.mybatis.jpetstore.domain.Category,2
jpetstore,13,seed13_solution001,org.mybatis.jpetstore.domain.Item,org.mybatis.jpetstore.domain.Item,1
jpetstore,13,seed13_solution001,org.mybatis.jpetstore.domain.LineItem,org.mybatis.jpetstore.domain.LineItem,1
jpetstore,13,seed13_solution001,org.mybatis.jpetstore.domain.Order,org.mybatis.jpetstore.domain.Order,0
jpetstore,13,seed13_solution001,org.mybatis.jpetstore.domain.Product,org.mybatis.jpetstore.domain.Product,2
jpetstore,13,seed13_solution001,org.mybatis.jpetstore.domain.Sequence,org.mybatis.jpetstore.domain.Sequence,3
jpetstore,13,seed13_solution001,org.mybatis.jpetstore.mapper.AccountMapper,org.mybatis.jpetstore.mapper.AccountMapper,0
jpetstore,13,seed13_solution001,org.mybatis.jpetstore.mapper.CategoryMapper,org.mybatis.jpetstore.mapper.CategoryMapper,2
jpetstore,13,seed13_solution001,org.mybatis.jpetstore.mapper.ItemMapper,org.mybatis.jpetstore.mapper.ItemMapper,2
jpetstore,13,seed13_solution001,org.mybatis.jpetstore.mapper.LineItemMapper,org.mybatis.jpetstore.mapper.LineItemMapper,3
jpetstore,13,seed13_solution001,org.mybatis.jpetstore.mapper.OrderMapper,org.mybatis.jpetstore.mapper.OrderMapper,3
jpetstore,13,seed13_solution001,org.mybatis.jpetstore.mapper.ProductMapper,org.mybatis.jpetstore.mapper.ProductMapper,2
jpetstore,13,seed13_solution001,org.mybatis.jpetstore.mapper.SequenceMapper,org.mybatis.jpetstore.mapper.SequenceMapper,3
jpetstore,13,seed13_solution001,org.mybatis.jpetstore.service.AccountService,org.mybatis.jpetstore.service.AccountService,0
jpetstore,13,seed13_solution001,org.mybatis.jpetstore.service.CatalogService,org.mybatis.jpetstore.service.CatalogService,2
jpetstore,13,seed13_solution001,org.mybatis.jpetstore.service.OrderService,org.mybatis.jpetstore.service.OrderService,3
jpetstore,13,seed13_solution001,org.mybatis.jpetstore.web.actions.AbstractActionBean,org.mybatis.jpetstore.web.actions.AbstractActionBean,0
jpetstore,13,seed13_solution001,org.mybatis.jpetstore.web.actions.AccountActionBean,org.mybatis.jpetstore.web.actions.AccountActionBean,0
jpetstore,13,seed13_solution001,org.mybatis.jpetstore.web.actions.CartActionBean,org.mybatis.jpetstore.web.actions.CartActionBean,1
jpetstore,13,seed13_solution001,org.mybatis.jpetstore.web.actions.CatalogActionBean,org.mybatis.jpetstore.web.actions.CatalogActionBean,2
jpetstore,13,seed13_solution001,org.mybatis.jpetstore.web.actions.OrderActionBean,org.mybatis.jpetstore.web.actions.OrderActionBean,0
jpetstore,13,seed13_solution002,org.mybatis.jpetstore.domain.Account,org.mybatis.jpetstore.domain.Account,0
jpetstore,13,seed13_solution002,org.mybatis.jpetstore.domain.Cart,org.mybatis.jpetstore.domain.Cart,1
jpetstore,13,seed13_solution002,org.mybatis.jpetstore.domain.CartItem,org.mybatis.jpetstore.domain.CartItem,1
jpetstore,13,seed13_solution002,org.mybatis.jpetstore.domain.Category,org.mybatis.jpetstore.domain.Category,2
jpetstore,13,seed13_solution002,org.mybatis.jpetstore.domain.Item,org.mybatis.jpetstore.domain.Item,2
jpetstore,13,seed13_solution002,org.mybatis.jpetstore.domain.LineItem,org.mybatis.jpetstore.domain.LineItem,3
jpetstore,13,seed13_solution002,org.mybatis.jpetstore.domain.Order,org.mybatis.jpetstore.domain.Order,0
jpetstore,13,seed13_solution002,org.mybatis.jpetstore.domain.Product,org.mybatis.jpetstore.domain.Product,2
jpetstore,13,seed13_solution002,org.mybatis.jpetstore.domain.Sequence,org.mybatis.jpetstore.domain.Sequence,3
jpetstore,13,seed13_solution002,org.mybatis.jpetstore.mapper.AccountMapper,org.mybatis.jpetstore.mapper.AccountMapper,0
jpetstore,13,seed13_solution002,org.mybatis.jpetstore.mapper.CategoryMapper,org.mybatis.jpetstore.mapper.CategoryMapper,2
jpetstore,13,seed13_solution002,org.mybatis.jpetstore.mapper.ItemMapper,org.mybatis.jpetstore.mapper.ItemMapper,2
jpetstore,13,seed13_solution002,org.mybatis.jpetstore.mapper.LineItemMapper,org.mybatis.jpetstore.mapper.LineItemMapper,3
jpetstore,13,seed13_solution002,org.mybatis.jpetstore.mapper.OrderMapper,org.mybatis.jpetstore.mapper.OrderMapper,3
jpetstore,13,seed13_solution002,org.mybatis.jpetstore.mapper.ProductMapper,org.mybatis.jpetstore.mapper.ProductMapper,2
jpetstore,13,seed13_solution002,org.mybatis.jpetstore.mapper.SequenceMapper,org.mybatis.jpetstore.mapper.SequenceMapper,3
jpetstore,13,seed13_solution002,org.mybatis.jpetstore.service.AccountService,org.mybatis.jpetstore.service.AccountService,0
jpetstore,13,seed13_solution002,org.mybatis.jpetstore.service.CatalogService,org.mybatis.jpetstore.service.CatalogService,2
jpetstore,13,seed13_solution002,org.mybatis.jpetstore.service.OrderService,org.mybatis.jpetstore.service.OrderService,3
jpetstore,13,seed13_solution002,org.mybatis.jpetstore.web.actions.AbstractActionBean,org.mybatis.jpetstore.web.actions.AbstractActionBean,0
jpetstore,13,seed13_solution002,org.mybatis.jpetstore.web.actions.AccountActionBean,org.mybatis.jpetstore.web.actions.AccountActionBean,0
jpetstore,13,seed13_solution002,org.mybatis.jpetstore.web.actions.CartActionBean,org.mybatis.jpetstore.web.actions.CartActionBean,1
jpetstore,13,seed13_solution002,org.mybatis.jpetstore.web.actions.CatalogActionBean,org.mybatis.jpetstore.web.actions.CatalogActionBean,2
jpetstore,13,seed13_solution002,org.mybatis.jpetstore.web.actions.OrderActionBean,org.mybatis.jpetstore.web.actions.OrderActionBean,0
jpetstore,13,seed13_solution003,org.mybatis.jpetstore.domain.Account,org.mybatis.jpetstore.domain.Account,0
jpetstore,13,seed13_solution003,org.mybatis.jpetstore.domain.Cart,org.mybatis.jpetstore.domain.Cart,1
jpetstore,13,seed13_solution003,org.mybatis.jpetstore.domain.CartItem,org.mybatis.jpetstore.domain.CartItem,1
jpetstore,13,seed13_solution003,org.mybatis.jpetstore.domain.Category,org.mybatis.jpetstore.domain.Category,2
jpetstore,13,seed13_solution003,org.mybatis.jpetstore.domain.Item,org.mybatis.jpetstore.domain.Item,1
jpetstore,13,seed13_solution003,org.mybatis.jpetstore.domain.LineItem,org.mybatis.jpetstore.domain.LineItem,1
jpetstore,13,seed13_solution003,org.mybatis.jpetstore.domain.Order,org.mybatis.jpetstore.domain.Order,0
jpetstore,13,seed13_solution003,org.mybatis.jpetstore.domain.Product,org.mybatis.jpetstore.domain.Product,1
jpetstore,13,seed13_solution003,org.mybatis.jpetstore.domain.Sequence,org.mybatis.jpetstore.domain.Sequence,3
jpetstore,13,seed13_solution003,org.mybatis.jpetstore.mapper.AccountMapper,org.mybatis.jpetstore.mapper.AccountMapper,0
jpetstore,13,seed13_solution003,org.mybatis.jpetstore.mapper.CategoryMapper,org.mybatis.jpetstore.mapper.CategoryMapper,2
jpetstore,13,seed13_solution003,org.mybatis.jpetstore.mapper.ItemMapper,org.mybatis.jpetstore.mapper.ItemMapper,2
jpetstore,13,seed13_solution003,org.mybatis.jpetstore.mapper.LineItemMapper,org.mybatis.jpetstore.mapper.LineItemMapper,2
jpetstore,13,seed13_solution003,org.mybatis.jpetstore.mapper.OrderMapper,org.mybatis.jpetstore.mapper.OrderMapper,3
jpetstore,13,seed13_solution003,org.mybatis.jpetstore.mapper.ProductMapper,org.mybatis.jpetstore.mapper.ProductMapper,2
jpetstore,13,seed13_solution003,org.mybatis.jpetstore.mapper.SequenceMapper,org.mybatis.jpetstore.mapper.SequenceMapper,3
jpetstore,13,seed13_solution003,org.mybatis.jpetstore.service.AccountService,org.mybatis.jpetstore.service.AccountService,0
jpetstore,13,seed13_solution003,org.mybatis.jpetstore.service.CatalogService,org.mybatis.jpetstore.service.CatalogService,2
jpetstore,13,seed13_solution003,org.mybatis.jpetstore.service.OrderService,org.mybatis.jpetstore.service.OrderService,3
jpetstore,13,seed13_solution003,org.mybatis.jpetstore.web.actions.AbstractActionBean,org.mybatis.jpetstore.web.actions.AbstractActionBean,0
jpetstore,13,seed13_solution003,org.mybatis.jpetstore.web.actions.AccountActionBean,org.mybatis.jpetstore.web.actions.AccountActionBean,0
jpetstore,13,seed13_solution003,org.mybatis.jpetstore.web.actions.CartActionBean,org.mybatis.jpetstore.web.actions.CartActionBean,1
jpetstore,13,seed13_solution003,org.mybatis.jpetstore.web.actions.CatalogActionBean,org.mybatis.jpetstore.web.actions.CatalogActionBean,2
jpetstore,13,seed13_solution003,org.mybatis.jpetstore.web.actions.OrderActionBean,org.mybatis.jpetstore.web.actions.OrderActionBean,0
jpetstore,13,seed13_solution004,org.mybatis.jpetstore.domain.Account,org.mybatis.jpetstore.domain.Account,0
jpetstore,13,seed13_solution004,org.mybatis.jpetstore.domain.Cart,org.mybatis.jpetstore.domain.Cart,1
jpetstore,13,seed13_solution004,org.mybatis.jpetstore.domain.CartItem,org.mybatis.jpetstore.domain.CartItem,1
jpetstore,13,seed13_solution004,org.mybatis.jpetstore.domain.Category,org.mybatis.jpetstore.domain.Category,1
jpetstore,13,seed13_solution004,org.mybatis.jpetstore.domain.Item,org.mybatis.jpetstore.domain.Item,1
jpetstore,13,seed13_solution004,org.mybatis.jpetstore.domain.LineItem,org.mybatis.jpetstore.domain.LineItem,1
jpetstore,13,seed13_solution004,org.mybatis.jpetstore.domain.Order,org.mybatis.jpetstore.domain.Order,0
jpetstore,13,seed13_solution004,org.mybatis.jpetstore.domain.Product,org.mybatis.jpetstore.domain.Product,1
jpetstore,13,seed13_solution004,org.mybatis.jpetstore.domain.Sequence,org.mybatis.jpetstore.domain.Sequence,2
jpetstore,13,seed13_solution004,org.mybatis.jpetstore.mapper.AccountMapper,org.mybatis.jpetstore.mapper.AccountMapper,0
jpetstore,13,seed13_solution004,org.mybatis.jpetstore.mapper.CategoryMapper,org.mybatis.jpetstore.mapper.CategoryMapper,2
jpetstore,13,seed13_solution004,org.mybatis.jpetstore.mapper.ItemMapper,org.mybatis.jpetstore.mapper.ItemMapper,2
jpetstore,13,seed13_solution004,org.mybatis.jpetstore.mapper.LineItemMapper,org.mybatis.jpetstore.mapper.LineItemMapper,2
jpetstore,13,seed13_solution004,org.mybatis.jpetstore.mapper.OrderMapper,org.mybatis.jpetstore.mapper.OrderMapper,2
jpetstore,13,seed13_solution004,org.mybatis.jpetstore.mapper.ProductMapper,org.mybatis.jpetstore.mapper.ProductMapper,2
jpetstore,13,seed13_solution004,org.mybatis.jpetstore.mapper.SequenceMapper,org.mybatis.jpetstore.mapper.SequenceMapper,3
jpetstore,13,seed13_solution004,org.mybatis.jpetstore.service.AccountService,org.mybatis.jpetstore.service.AccountService,0
jpetstore,13,seed13_solution004,org.mybatis.jpetstore.service.CatalogService,org.mybatis.jpetstore.service.CatalogService,2
jpetstore,13,seed13_solution004,org.mybatis.jpetstore.service.OrderService,org.mybatis.jpetstore.service.OrderService,2
jpetstore,13,seed13_solution004,org.mybatis.jpetstore.web.actions.AbstractActionBean,org.mybatis.jpetstore.web.actions.AbstractActionBean,0
jpetstore,13,seed13_solution004,org.mybatis.jpetstore.web.actions.AccountActionBean,org.mybatis.jpetstore.web.actions.AccountActionBean,0
jpetstore,13,seed13_solution004,org.mybatis.jpetstore.web.actions.CartActionBean,org.mybatis.jpetstore.web.actions.CartActionBean,1
jpetstore,13,seed13_solution004,org.mybatis.jpetstore.web.actions.CatalogActionBean,org.mybatis.jpetstore.web.actions.CatalogActionBean,2
jpetstore,13,seed13_solution004,org.mybatis.jpetstore.web.actions.OrderActionBean,org.mybatis.jpetstore.web.actions.OrderActionBean,0
jpetstore,13,seed13_solution005,org.mybatis.jpetstore.domain.Account,org.mybatis.jpetstore.domain.Account,0
jpetstore,13,seed13_solution005,org.mybatis.jpetstore.domain.Cart,org.mybatis.jpetstore.domain.Cart,1
jpetstore,13,seed13_solution005,org.mybatis.jpetstore.domain.CartItem,org.mybatis.jpetstore.domain.CartItem,1
jpetstore,13,seed13_solution005,org.mybatis.jpetstore.domain.Category,org.mybatis.jpetstore.domain.Category,2
jpetstore,13,seed13_solution005,org.mybatis.jpetstore.domain.Item,org.mybatis.jpetstore.domain.Item,2
jpetstore,13,seed13_solution005,org.mybatis.jpetstore.domain.LineItem,org.mybatis.jpetstore.domain.LineItem,1
jpetstore,13,seed13_solution005,org.mybatis.jpetstore.domain.Order,org.mybatis.jpetstore.domain.Order,0
jpetstore,13,seed13_solution005,org.mybatis.jpetstore.domain.Product,org.mybatis.jpetstore.domain.Product,2
jpetstore,13,seed13_solution005,org.mybatis.jpetstore.domain.Sequence,org.mybatis.jpetstore.domain.Sequence,3
jpetstore,13,seed13_solution005,org.mybatis.jpetstore.mapper.AccountMapper,org.mybatis.jpetstore.mapper.AccountMapper,0
jpetstore,13,seed13_solution005,org.mybatis.jpetstore.mapper.CategoryMapper,org.mybatis.jpetstore.mapper.CategoryMapper,2
jpetstore,13,seed13_solution005,org.mybatis.jpetstore.mapper.ItemMapper,org.mybatis.jpetstore.mapper.ItemMapper,2
jpetstore,13,seed13_solution005,org.mybatis.jpetstore.mapper.LineItemMapper,org.mybatis.jpetstore.mapper.LineItemMapper,3
jpetstore,13,seed13_solution005,org.mybatis.jpetstore.mapper.OrderMapper,org.mybatis.jpetstore.mapper.OrderMapper,3
jpetstore,13,seed13_solution005,org.mybatis.jpetstore.mapper.ProductMapper,org.mybatis.jpetstore.mapper.ProductMapper,2
jpetstore,13,seed13_solution005,org.mybatis.jpetstore.mapper.SequenceMapper,org.mybatis.jpetstore.mapper.SequenceMapper,3
jpetstore,13,seed13_solution005,org.mybatis.jpetstore.service.AccountService,org.mybatis.jpetstore.service.AccountService,0
jpetstore,13,seed13_solution005,org.mybatis.jpetstore.service.CatalogService,org.mybatis.jpetstore.service.CatalogService,2
jpetstore,13,seed13_solution005,org.mybatis.jpetstore.service.OrderService,org.mybatis.jpetstore.service.OrderService,3
jpetstore,13,seed13_solution005,org.mybatis.jpetstore.web.actions.AbstractActionBean,org.mybatis.jpetstore.web.actions.AbstractActionBean,0
jpetstore,13,seed13_solution005,org.mybatis.jpetstore.web.actions.AccountActionBean,org.mybatis.jpetstore.web.actions.AccountActionBean,0
jpetstore,13,seed13_solution005,org.mybatis.jpetstore.web.actions.CartActionBean,org.mybatis.jpetstore.web.actions.CartActionBean,1
jpetstore,13,seed13_solution005,org.mybatis.jpetstore.web.actions.CatalogActionBean,org.mybatis.jpetstore.web.actions.CatalogActionBean,2
jpetstore,13,seed13_solution005,org.mybatis.jpetstore.web.actions.OrderActionBean,org.mybatis.jpetstore.web.actions.OrderActionBean,0
jpetstore,13,seed13_solution006,org.mybatis.jpetstore.domain.Account,org.mybatis.jpetstore.domain.Account,0
jpetstore,13,seed13_solution006,org.mybatis.jpetstore.domain.Cart,org.mybatis.jpetstore.domain.Cart,1
jpetstore,13,seed13_solution006,org.mybatis.jpetstore.domain.CartItem,org.mybatis.jpetstore.domain.CartItem,1
jpetstore,13,seed13_solution006,org.mybatis.jpetstore.domain.Category,org.mybatis.jpetstore.domain.Category,2
jpetstore,13,seed13_solution006,org.mybatis.jpetstore.domain.Item,org.mybatis.jpetstore.domain.Item,2
jpetstore,13,seed13_solution006,org.mybatis.jpetstore.domain.LineItem,org.mybatis.jpetstore.domain.LineItem,3
jpetstore,13,seed13_solution006,org.mybatis.jpetstore.domain.Order,org.mybatis.jpetstore.domain.Order,0
jpetstore,13,seed13_solution006,org.mybatis.jpetstore.domain.Product,org.mybatis.jpetstore.domain.Product,2
jpetstore,13,seed13_solution006,org.mybatis.jpetstore.domain.Sequence,org.mybatis.jpetstore.domain.Sequence,3
jpetstore,13,seed13_solution006,org.mybatis.jpetstore.mapper.AccountMapper,org.mybatis.jpetstore.mapper.AccountMapper,0
jpetstore,13,seed13_solution006,org.mybatis.jpetstore.mapper.CategoryMapper,org.mybatis.jpetstore.mapper.CategoryMapper,2
jpetstore,13,seed13_solution006,org.mybatis.jpetstore.mapper.ItemMapper,org.mybatis.jpetstore.mapper.ItemMapper,3
jpetstore,13,seed13_solution006,org.mybatis.jpetstore.mapper.LineItemMapper,org.mybatis.jpetstore.mapper.LineItemMapper,3
jpetstore,13,seed13_solution006,org.mybatis.jpetstore.mapper.OrderMapper,org.mybatis.jpetstore.mapper.OrderMapper,3
jpetstore,13,seed13_solution006,org.mybatis.jpetstore.mapper.ProductMapper,org.mybatis.jpetstore.mapper.ProductMapper,2
jpetstore,13,seed13_solution006,org.mybatis.jpetstore.mapper.SequenceMapper,org.mybatis.jpetstore.mapper.SequenceMapper,3
jpetstore,13,seed13_solution006,org.mybatis.jpetstore.service.AccountService,org.mybatis.jpetstore.service.AccountService,0
jpetstore,13,seed13_solution006,org.mybatis.jpetstore.service.CatalogService,org.mybatis.jpetstore.service.CatalogService,2
jpetstore,13,seed13_solution006,org.mybatis.jpetstore.service.OrderService,org.mybatis.jpetstore.service.OrderService,3
jpetstore,13,seed13_solution006,org.mybatis.jpetstore.web.actions.AbstractActionBean,org.mybatis.jpetstore.web.actions.AbstractActionBean,0
jpetstore,13,seed13_solution006,org.mybatis.jpetstore.web.actions.AccountActionBean,org.mybatis.jpetstore.web.actions.AccountActionBean,0
jpetstore,13,seed13_solution006,org.mybatis.jpetstore.web.actions.CartActionBean,org.mybatis.jpetstore.web.actions.CartActionBean,0
jpetstore,13,seed13_solution006,org.mybatis.jpetstore.web.actions.CatalogActionBean,org.mybatis.jpetstore.web.actions.CatalogActionBean,2
jpetstore,13,seed13_solution006,org.mybatis.jpetstore.web.actions.OrderActionBean,org.mybatis.jpetstore.web.actions.OrderActionBean,0
jpetstore,13,seed13_solution007,org.mybatis.jpetstore.domain.Account,org.mybatis.jpetstore.domain.Account,0
jpetstore,13,seed13_solution007,org.mybatis.jpetstore.domain.Cart,org.mybatis.jpetstore.domain.Cart,1
jpetstore,13,seed13_solution007,org.mybatis.jpetstore.domain.CartItem,org.mybatis.jpetstore.domain.CartItem,1
jpetstore,13,seed13_solution007,org.mybatis.jpetstore.domain.Category,org.mybatis.jpetstore.domain.Category,2
jpetstore,13,seed13_solution007,org.mybatis.jpetstore.domain.Item,org.mybatis.jpetstore.domain.Item,1
jpetstore,13,seed13_solution007,org.mybatis.jpetstore.domain.LineItem,org.mybatis.jpetstore.domain.LineItem,1
jpetstore,13,seed13_solution007,org.mybatis.jpetstore.domain.Order,org.mybatis.jpetstore.domain.Order,0
jpetstore,13,seed13_solution007,org.mybatis.jpetstore.domain.Product,org.mybatis.jpetstore.domain.Product,2
jpetstore,13,seed13_solution007,org.mybatis.jpetstore.domain.Sequence,org.mybatis.jpetstore.domain.Sequence,3
jpetstore,13,seed13_solution007,org.mybatis.jpetstore.mapper.AccountMapper,org.mybatis.jpetstore.mapper.AccountMapper,0
jpetstore,13,seed13_solution007,org.mybatis.jpetstore.mapper.CategoryMapper,org.mybatis.jpetstore.mapper.CategoryMapper,2
jpetstore,13,seed13_solution007,org.mybatis.jpetstore.mapper.ItemMapper,org.mybatis.jpetstore.mapper.ItemMapper,3
jpetstore,13,seed13_solution007,org.mybatis.jpetstore.mapper.LineItemMapper,org.mybatis.jpetstore.mapper.LineItemMapper,3
jpetstore,13,seed13_solution007,org.mybatis.jpetstore.mapper.OrderMapper,org.mybatis.jpetstore.mapper.OrderMapper,3
jpetstore,13,seed13_solution007,org.mybatis.jpetstore.mapper.ProductMapper,org.mybatis.jpetstore.mapper.ProductMapper,2
jpetstore,13,seed13_solution007,org.mybatis.jpetstore.mapper.SequenceMapper,org.mybatis.jpetstore.mapper.SequenceMapper,3
jpetstore,13,seed13_solution007,org.mybatis.jpetstore.service.AccountService,org.mybatis.jpetstore.service.AccountService,0
jpetstore,13,seed13_solution007,org.mybatis.jpetstore.service.CatalogService,org.mybatis.jpetstore.service.CatalogService,2
jpetstore,13,seed13_solution007,org.mybatis.jpetstore.service.OrderService,org.mybatis.jpetstore.service.OrderService,3
jpetstore,13,seed13_solution007,org.mybatis.jpetstore.web.actions.AbstractActionBean,org.mybatis.jpetstore.web.actions.AbstractActionBean,0
jpetstore,13,seed13_solution007,org.mybatis.jpetstore.web.actions.AccountActionBean,org.mybatis.jpetstore.web.actions.AccountActionBean,0
jpetstore,13,seed13_solution007,org.mybatis.jpetstore.web.actions.CartActionBean,org.mybatis.jpetstore.web.actions.CartActionBean,0
jpetstore,13,seed13_solution007,org.mybatis.jpetstore.web.actions.CatalogActionBean,org.mybatis.jpetstore.web.actions.CatalogActionBean,2
jpetstore,13,seed13_solution007,org.mybatis.jpetstore.web.actions.OrderActionBean,org.mybatis.jpetstore.web.actions.OrderActionBean,0
jpetstore,13,seed13_solution008,org.mybatis.jpetstore.domain.Account,org.mybatis.jpetstore.domain.Account,0
jpetstore,13,seed13_solution008,org.mybatis.jpetstore.domain.Cart,org.mybatis.jpetstore.domain.Cart,1
jpetstore,13,seed13_solution008,org.mybatis.jpetstore.domain.CartItem,org.mybatis.jpetstore.domain.CartItem,1
jpetstore,13,seed13_solution008,org.mybatis.jpetstore.domain.Category,org.mybatis.jpetstore.domain.Category,1
jpetstore,13,seed13_solution008,org.mybatis.jpetstore.domain.Item,org.mybatis.jpetstore.domain.Item,1
jpetstore,13,seed13_solution008,org.mybatis.jpetstore.domain.LineItem,org.mybatis.jpetstore.domain.LineItem,0
jpetstore,13,seed13_solution008,org.mybatis.jpetstore.domain.Order,org.mybatis.jpetstore.domain.Order,0
jpetstore,13,seed13_solution008,org.mybatis.jpetstore.domain.Product,org.mybatis.jpetstore.domain.Product,1
jpetstore,13,seed13_solution008,org.mybatis.jpetstore.domain.Sequence,org.mybatis.jpetstore.domain.Sequence,2
jpetstore,13,seed13_solution008,org.mybatis.jpetstore.mapper.AccountMapper,org.mybatis.jpetstore.mapper.AccountMapper,0
jpetstore,13,seed13_solution008,org.mybatis.jpetstore.mapper.CategoryMapper,org.mybatis.jpetstore.mapper.CategoryMapper,3
jpetstore,13,seed13_solution008,org.mybatis.jpetstore.mapper.ItemMapper,org.mybatis.jpetstore.mapper.ItemMapper,3
jpetstore,13,seed13_solution008,org.mybatis.jpetstore.mapper.LineItemMapper,org.mybatis.jpetstore.mapper.LineItemMapper,3
jpetstore,13,seed13_solution008,org.mybatis.jpetstore.mapper.OrderMapper,org.mybatis.jpetstore.mapper.OrderMapper,3
jpetstore,13,seed13_solution008,org.mybatis.jpetstore.mapper.ProductMapper,org.mybatis.jpetstore.mapper.ProductMapper,3
jpetstore,13,seed13_solution008,org.mybatis.jpetstore.mapper.SequenceMapper,org.mybatis.jpetstore.mapper.SequenceMapper,2
jpetstore,13,seed13_solution008,org.mybatis.jpetstore.service.AccountService,org.mybatis.jpetstore.service.AccountService,0
jpetstore,13,seed13_solution008,org.mybatis.jpetstore.service.CatalogService,org.mybatis.jpetstore.service.CatalogService,3
jpetstore,13,seed13_solution008,org.mybatis.jpetstore.service.OrderService,org.mybatis.jpetstore.service.OrderService,0
jpetstore,13,seed13_solution008,org.mybatis.jpetstore.web.actions.AbstractActionBean,org.mybatis.jpetstore.web.actions.AbstractActionBean,0
jpetstore,13,seed13_solution008,org.mybatis.jpetstore.web.actions.AccountActionBean,org.mybatis.jpetstore.web.actions.AccountActionBean,0
jpetstore,13,seed13_solution008,org.mybatis.jpetstore.web.actions.CartActionBean,org.mybatis.jpetstore.web.actions.CartActionBean,1
jpetstore,13,seed13_solution008,org.mybatis.jpetstore.web.actions.CatalogActionBean,org.mybatis.jpetstore.web.actions.CatalogActionBean,3
jpetstore,13,seed13_solution008,org.mybatis.jpetstore.web.actions.OrderActionBean,org.mybatis.jpetstore.web.actions.OrderActionBean,0
jpetstore,13,seed13_solution009,org.mybatis.jpetstore.domain.Account,org.mybatis.jpetstore.domain.Account,0
jpetstore,13,seed13_solution009,org.mybatis.jpetstore.domain.Cart,org.mybatis.jpetstore.domain.Cart,1
jpetstore,13,seed13_solution009,org.mybatis.jpetstore.domain.CartItem,org.mybatis.jpetstore.domain.CartItem,1
jpetstore,13,seed13_solution009,org.mybatis.jpetstore.domain.Category,org.mybatis.jpetstore.domain.Category,2
jpetstore,13,seed13_solution009,org.mybatis.jpetstore.domain.Item,org.mybatis.jpetstore.domain.Item,2
jpetstore,13,seed13_solution009,org.mybatis.jpetstore.domain.LineItem,org.mybatis.jpetstore.domain.LineItem,3
jpetstore,13,seed13_solution009,org.mybatis.jpetstore.domain.Order,org.mybatis.jpetstore.domain.Order,0
jpetstore,13,seed13_solution009,org.mybatis.jpetstore.domain.Product,org.mybatis.jpetstore.domain.Product,2
jpetstore,13,seed13_solution009,org.mybatis.jpetstore.domain.Sequence,org.mybatis.jpetstore.domain.Sequence,2
jpetstore,13,seed13_solution009,org.mybatis.jpetstore.mapper.AccountMapper,org.mybatis.jpetstore.mapper.AccountMapper,0
jpetstore,13,seed13_solution009,org.mybatis.jpetstore.mapper.CategoryMapper,org.mybatis.jpetstore.mapper.CategoryMapper,2
jpetstore,13,seed13_solution009,org.mybatis.jpetstore.mapper.ItemMapper,org.mybatis.jpetstore.mapper.ItemMapper,2
jpetstore,13,seed13_solution009,org.mybatis.jpetstore.mapper.LineItemMapper,org.mybatis.jpetstore.mapper.LineItemMapper,3
jpetstore,13,seed13_solution009,org.mybatis.jpetstore.mapper.OrderMapper,org.mybatis.jpetstore.mapper.OrderMapper,3
jpetstore,13,seed13_solution009,org.mybatis.jpetstore.mapper.ProductMapper,org.mybatis.jpetstore.mapper.ProductMapper,2
jpetstore,13,seed13_solution009,org.mybatis.jpetstore.mapper.SequenceMapper,org.mybatis.jpetstore.mapper.SequenceMapper,3
jpetstore,13,seed13_solution009,org.mybatis.jpetstore.service.AccountService,org.mybatis.jpetstore.service.AccountService,0
jpetstore,13,seed13_solution009,org.mybatis.jpetstore.service.CatalogService,org.mybatis.jpetstore.service.CatalogService,2
jpetstore,13,seed13_solution009,org.mybatis.jpetstore.service.OrderService,org.mybatis.jpetstore.service.OrderService,3
jpetstore,13,seed13_solution009,org.mybatis.jpetstore.web.actions.AbstractActionBean,org.mybatis.jpetstore.web.actions.AbstractActionBean,0
jpetstore,13,seed13_solution009,org.mybatis.jpetstore.web.actions.AccountActionBean,org.mybatis.jpetstore.web.actions.AccountActionBean,0
jpetstore,13,seed13_solution009,org.mybatis.jpetstore.web.actions.CartActionBean,org.mybatis.jpetstore.web.actions.CartActionBean,1
jpetstore,13,seed13_solution009,org.mybatis.jpetstore.web.actions.CatalogActionBean,org.mybatis.jpetstore.web.actions.CatalogActionBean,2
jpetstore,13,seed13_solution009,org.mybatis.jpetstore.web.actions.OrderActionBean,org.mybatis.jpetstore.web.actions.OrderActionBean,0
jpetstore,13,seed13_solution010,org.mybatis.jpetstore.domain.Account,org.mybatis.jpetstore.domain.Account,0
jpetstore,13,seed13_solution010,org.mybatis.jpetstore.domain.Cart,org.mybatis.jpetstore.domain.Cart,1
jpetstore,13,seed13_solution010,org.mybatis.jpetstore.domain.CartItem,org.mybatis.jpetstore.domain.CartItem,1
jpetstore,13,seed13_solution010,org.mybatis.jpetstore.domain.Category,org.mybatis.jpetstore.domain.Category,2
jpetstore,13,seed13_solution010,org.mybatis.jpetstore.domain.Item,org.mybatis.jpetstore.domain.Item,1
jpetstore,13,seed13_solution010,org.mybatis.jpetstore.domain.LineItem,org.mybatis.jpetstore.domain.LineItem,3
jpetstore,13,seed13_solution010,org.mybatis.jpetstore.domain.Order,org.mybatis.jpetstore.domain.Order,0
jpetstore,13,seed13_solution010,org.mybatis.jpetstore.domain.Product,org.mybatis.jpetstore.domain.Product,2
jpetstore,13,seed13_solution010,org.mybatis.jpetstore.domain.Sequence,org.mybatis.jpetstore.domain.Sequence,2
jpetstore,13,seed13_solution010,org.mybatis.jpetstore.mapper.AccountMapper,org.mybatis.jpetstore.mapper.AccountMapper,0
jpetstore,13,seed13_solution010,org.mybatis.jpetstore.mapper.CategoryMapper,org.mybatis.jpetstore.mapper.CategoryMapper,2
jpetstore,13,seed13_solution010,org.mybatis.jpetstore.mapper.ItemMapper,org.mybatis.jpetstore.mapper.ItemMapper,2
jpetstore,13,seed13_solution010,org.mybatis.jpetstore.mapper.LineItemMapper,org.mybatis.jpetstore.mapper.LineItemMapper,3
jpetstore,13,seed13_solution010,org.mybatis.jpetstore.mapper.OrderMapper,org.mybatis.jpetstore.mapper.OrderMapper,3
jpetstore,13,seed13_solution010,org.mybatis.jpetstore.mapper.ProductMapper,org.mybatis.jpetstore.mapper.ProductMapper,2
jpetstore,13,seed13_solution010,org.mybatis.jpetstore.mapper.SequenceMapper,org.mybatis.jpetstore.mapper.SequenceMapper,2
jpetstore,13,seed13_solution010,org.mybatis.jpetstore.service.AccountService,org.mybatis.jpetstore.service.AccountService,0
jpetstore,13,seed13_solution010,org.mybatis.jpetstore.service.CatalogService,org.mybatis.jpetstore.service.CatalogService,2
jpetstore,13,seed13_solution010,org.mybatis.jpetstore.service.OrderService,org.mybatis.jpetstore.service.OrderService,3
jpetstore,13,seed13_solution010,org.mybatis.jpetstore.web.actions.AbstractActionBean,org.mybatis.jpetstore.web.actions.AbstractActionBean,0
jpetstore,13,seed13_solution010,org.mybatis.jpetstore.web.actions.AccountActionBean,org.mybatis.jpetstore.web.actions.AccountActionBean,0
jpetstore,13,seed13_solution010,org.mybatis.jpetstore.web.actions.CartActionBean,org.mybatis.jpetstore.web.actions.CartActionBean,1
jpetstore,13,seed13_solution010,org.mybatis.jpetstore.web.actions.CatalogActionBean,org.mybatis.jpetstore.web.actions.CatalogActionBean,2
jpetstore,13,seed13_solution010,org.mybatis.jpetstore.web.actions.OrderActionBean,org.mybatis.jpetstore.web.actions.OrderActionBean,0
jpetstore,13,seed13_solution011,org.mybatis.jpetstore.domain.Account,org.mybatis.jpetstore.domain.Account,0
jpetstore,13,seed13_solution011,org.mybatis.jpetstore.domain.Cart,org.mybatis.jpetstore.domain.Cart,1
jpetstore,13,seed13_solution011,org.mybatis.jpetstore.domain.CartItem,org.mybatis.jpetstore.domain.CartItem,1
jpetstore,13,seed13_solution011,org.mybatis.jpetstore.domain.Category,org.mybatis.jpetstore.domain.Category,2
jpetstore,13,seed13_solution011,org.mybatis.jpetstore.domain.Item,org.mybatis.jpetstore.domain.Item,2
jpetstore,13,seed13_solution011,org.mybatis.jpetstore.domain.LineItem,org.mybatis.jpetstore.domain.LineItem,3
jpetstore,13,seed13_solution011,org.mybatis.jpetstore.domain.Order,org.mybatis.jpetstore.domain.Order,0
jpetstore,13,seed13_solution011,org.mybatis.jpetstore.domain.Product,org.mybatis.jpetstore.domain.Product,2
jpetstore,13,seed13_solution011,org.mybatis.jpetstore.domain.Sequence,org.mybatis.jpetstore.domain.Sequence,3
jpetstore,13,seed13_solution011,org.mybatis.jpetstore.mapper.AccountMapper,org.mybatis.jpetstore.mapper.AccountMapper,0
jpetstore,13,seed13_solution011,org.mybatis.jpetstore.mapper.CategoryMapper,org.mybatis.jpetstore.mapper.CategoryMapper,2
jpetstore,13,seed13_solution011,org.mybatis.jpetstore.mapper.ItemMapper,org.mybatis.jpetstore.mapper.ItemMapper,2
jpetstore,13,seed13_solution011,org.mybatis.jpetstore.mapper.LineItemMapper,org.mybatis.jpetstore.mapper.LineItemMapper,3
jpetstore,13,seed13_solution011,org.mybatis.jpetstore.mapper.OrderMapper,org.mybatis.jpetstore.mapper.OrderMapper,3
jpetstore,13,seed13_solution011,org.mybatis.jpetstore.mapper.ProductMapper,org.mybatis.jpetstore.mapper.ProductMapper,2
jpetstore,13,seed13_solution011,org.mybatis.jpetstore.mapper.SequenceMapper,org.mybatis.jpetstore.mapper.SequenceMapper,3
jpetstore,13,seed13_solution011,org.mybatis.jpetstore.service.AccountService,org.mybatis.jpetstore.service.AccountService,0
jpetstore,13,seed13_solution011,org.mybatis.jpetstore.service.CatalogService,org.mybatis.jpetstore.service.CatalogService,2
jpetstore,13,seed13_solution011,org.mybatis.jpetstore.service.OrderService,org.mybatis.jpetstore.service.OrderService,3
jpetstore,13,seed13_solution011,org.mybatis.jpetstore.web.actions.AbstractActionBean,org.mybatis.jpetstore.web.actions.AbstractActionBean,0
jpetstore,13,seed13_solution011,org.mybatis.jpetstore.web.actions.AccountActionBean,org.mybatis.jpetstore.web.actions.AccountActionBean,0
jpetstore,13,seed13_solution011,org.mybatis.jpetstore.web.actions.CartActionBean,org.mybatis.jpetstore.web.actions.CartActionBean,2
jpetstore,13,seed13_solution011,org.mybatis.jpetstore.web.actions.CatalogActionBean,org.mybatis.jpetstore.web.actions.CatalogActionBean,2
jpetstore,13,seed13_solution011,org.mybatis.jpetstore.web.actions.OrderActionBean,org.mybatis.jpetstore.web.actions.OrderActionBean,0
jpetstore,13,seed13_solution012,org.mybatis.jpetstore.domain.Account,org.mybatis.jpetstore.domain.Account,0
jpetstore,13,seed13_solution012,org.mybatis.jpetstore.domain.Cart,org.mybatis.jpetstore.domain.Cart,1
jpetstore,13,seed13_solution012,org.mybatis.jpetstore.domain.CartItem,org.mybatis.jpetstore.domain.CartItem,1
jpetstore,13,seed13_solution012,org.mybatis.jpetstore.domain.Category,org.mybatis.jpetstore.domain.Category,1
jpetstore,13,seed13_solution012,org.mybatis.jpetstore.domain.Item,org.mybatis.jpetstore.domain.Item,1
jpetstore,13,seed13_solution012,org.mybatis.jpetstore.domain.LineItem,org.mybatis.jpetstore.domain.LineItem,1
jpetstore,13,seed13_solution012,org.mybatis.jpetstore.domain.Order,org.mybatis.jpetstore.domain.Order,0
jpetstore,13,seed13_solution012,org.mybatis.jpetstore.domain.Product,org.mybatis.jpetstore.domain.Product,1
jpetstore,13,seed13_solution012,org.mybatis.jpetstore.domain.Sequence,org.mybatis.jpetstore.domain.Sequence,2
jpetstore,13,seed13_solution012,org.mybatis.jpetstore.mapper.AccountMapper,org.mybatis.jpetstore.mapper.AccountMapper,0
jpetstore,13,seed13_solution012,org.mybatis.jpetstore.mapper.CategoryMapper,org.mybatis.jpetstore.mapper.CategoryMapper,2
jpetstore,13,seed13_solution012,org.mybatis.jpetstore.mapper.ItemMapper,org.mybatis.jpetstore.mapper.ItemMapper,2
jpetstore,13,seed13_solution012,org.mybatis.jpetstore.mapper.LineItemMapper,org.mybatis.jpetstore.mapper.LineItemMapper,2
jpetstore,13,seed13_solution012,org.mybatis.jpetstore.mapper.OrderMapper,org.mybatis.jpetstore.mapper.OrderMapper,2
jpetstore,13,seed13_solution012,org.mybatis.jpetstore.mapper.ProductMapper,org.mybatis.jpetstore.mapper.ProductMapper,2
jpetstore,13,seed13_solution012,org.mybatis.jpetstore.mapper.SequenceMapper,org.mybatis.jpetstore.mapper.SequenceMapper,3
jpetstore,13,seed13_solution012,org.mybatis.jpetstore.service.AccountService,org.mybatis.jpetstore.service.AccountService,0
jpetstore,13,seed13_solution012,org.mybatis.jpetstore.service.CatalogService,org.mybatis.jpetstore.service.CatalogService,2
jpetstore,13,seed13_solution012,org.mybatis.jpetstore.service.OrderService,org.mybatis.jpetstore.service.OrderService,0
jpetstore,13,seed13_solution012,org.mybatis.jpetstore.web.actions.AbstractActionBean,org.mybatis.jpetstore.web.actions.AbstractActionBean,0
jpetstore,13,seed13_solution012,org.mybatis.jpetstore.web.actions.AccountActionBean,org.mybatis.jpetstore.web.actions.AccountActionBean,0
jpetstore,13,seed13_solution012,org.mybatis.jpetstore.web.actions.CartActionBean,org.mybatis.jpetstore.web.actions.CartActionBean,1
jpetstore,13,seed13_solution012,org.mybatis.jpetstore.web.actions.CatalogActionBean,org.mybatis.jpetstore.web.actions.CatalogActionBean,2
jpetstore,13,seed13_solution012,org.mybatis.jpetstore.web.actions.OrderActionBean,org.mybatis.jpetstore.web.actions.OrderActionBean,0
jpetstore,13,seed13_solution013,org.mybatis.jpetstore.domain.Account,org.mybatis.jpetstore.domain.Account,0
jpetstore,13,seed13_solution013,org.mybatis.jpetstore.domain.Cart,org.mybatis.jpetstore.domain.Cart,1
jpetstore,13,seed13_solution013,org.mybatis.jpetstore.domain.CartItem,org.mybatis.jpetstore.domain.CartItem,1
jpetstore,13,seed13_solution013,org.mybatis.jpetstore.domain.Category,org.mybatis.jpetstore.domain.Category,2
jpetstore,13,seed13_solution013,org.mybatis.jpetstore.domain.Item,org.mybatis.jpetstore.domain.Item,1
jpetstore,13,seed13_solution013,org.mybatis.jpetstore.domain.LineItem,org.mybatis.jpetstore.domain.LineItem,1
jpetstore,13,seed13_solution013,org.mybatis.jpetstore.domain.Order,org.mybatis.jpetstore.domain.Order,0
jpetstore,13,seed13_solution013,org.mybatis.jpetstore.domain.Product,org.mybatis.jpetstore.domain.Product,2
jpetstore,13,seed13_solution013,org.mybatis.jpetstore.domain.Sequence,org.mybatis.jpetstore.domain.Sequence,3
jpetstore,13,seed13_solution013,org.mybatis.jpetstore.mapper.AccountMapper,org.mybatis.jpetstore.mapper.AccountMapper,0
jpetstore,13,seed13_solution013,org.mybatis.jpetstore.mapper.CategoryMapper,org.mybatis.jpetstore.mapper.CategoryMapper,3
jpetstore,13,seed13_solution013,org.mybatis.jpetstore.mapper.ItemMapper,org.mybatis.jpetstore.mapper.ItemMapper,2
jpetstore,13,seed13_solution013,org.mybatis.jpetstore.mapper.LineItemMapper,org.mybatis.jpetstore.mapper.LineItemMapper,3
jpetstore,13,seed13_solution013,org.mybatis.jpetstore.mapper.OrderMapper,org.mybatis.jpetstore.mapper.OrderMapper,3
jpetstore,13,seed13_solution013,org.mybatis.jpetstore.mapper.ProductMapper,org.mybatis.jpetstore.mapper.ProductMapper,2
jpetstore,13,seed13_solution013,org.mybatis.jpetstore.mapper.SequenceMapper,org.mybatis.jpetstore.mapper.SequenceMapper,3
jpetstore,13,seed13_solution013,org.mybatis.jpetstore.service.AccountService,org.mybatis.jpetstore.service.AccountService,0
jpetstore,13,seed13_solution013,org.mybatis.jpetstore.service.CatalogService,org.mybatis.jpetstore.service.CatalogService,2
jpetstore,13,seed13_solution013,org.mybatis.jpetstore.service.OrderService,org.mybatis.jpetstore.service.OrderService,3
jpetstore,13,seed13_solution013,org.mybatis.jpetstore.web.actions.AbstractActionBean,org.mybatis.jpetstore.web.actions.AbstractActionBean,0
jpetstore,13,seed13_solution013,org.mybatis.jpetstore.web.actions.AccountActionBean,org.mybatis.jpetstore.web.actions.AccountActionBean,0
jpetstore,13,seed13_solution013,org.mybatis.jpetstore.web.actions.CartActionBean,org.mybatis.jpetstore.web.actions.CartActionBean,0
jpetstore,13,seed13_solution013,org.mybatis.jpetstore.web.actions.CatalogActionBean,org.mybatis.jpetstore.web.actions.CatalogActionBean,2
jpetstore,13,seed13_solution013,org.mybatis.jpetstore.web.actions.OrderActionBean,org.mybatis.jpetstore.web.actions.OrderActionBean,0
jpetstore,13,seed13_solution014,org.mybatis.jpetstore.domain.Account,org.mybatis.jpetstore.domain.Account,0
jpetstore,13,seed13_solution014,org.mybatis.jpetstore.domain.Cart,org.mybatis.jpetstore.domain.Cart,1
jpetstore,13,seed13_solution014,org.mybatis.jpetstore.domain.CartItem,org.mybatis.jpetstore.domain.CartItem,1
jpetstore,13,seed13_solution014,org.mybatis.jpetstore.domain.Category,org.mybatis.jpetstore.domain.Category,2
jpetstore,13,seed13_solution014,org.mybatis.jpetstore.domain.Item,org.mybatis.jpetstore.domain.Item,2
jpetstore,13,seed13_solution014,org.mybatis.jpetstore.domain.LineItem,org.mybatis.jpetstore.domain.LineItem,3
jpetstore,13,seed13_solution014,org.mybatis.jpetstore.domain.Order,org.mybatis.jpetstore.domain.Order,0
jpetstore,13,seed13_solution014,org.mybatis.jpetstore.domain.Product,org.mybatis.jpetstore.domain.Product,2
jpetstore,13,seed13_solution014,org.mybatis.jpetstore.domain.Sequence,org.mybatis.jpetstore.domain.Sequence,3
jpetstore,13,seed13_solution014,org.mybatis.jpetstore.mapper.AccountMapper,org.mybatis.jpetstore.mapper.AccountMapper,0
jpetstore,13,seed13_solution014,org.mybatis.jpetstore.mapper.CategoryMapper,org.mybatis.jpetstore.mapper.CategoryMapper,2
jpetstore,13,seed13_solution014,org.mybatis.jpetstore.mapper.ItemMapper,org.mybatis.jpetstore.mapper.ItemMapper,2
jpetstore,13,seed13_solution014,org.mybatis.jpetstore.mapper.LineItemMapper,org.mybatis.jpetstore.mapper.LineItemMapper,3
jpetstore,13,seed13_solution014,org.mybatis.jpetstore.mapper.OrderMapper,org.mybatis.jpetstore.mapper.OrderMapper,3
jpetstore,13,seed13_solution014,org.mybatis.jpetstore.mapper.ProductMapper,org.mybatis.jpetstore.mapper.ProductMapper,2
jpetstore,13,seed13_solution014,org.mybatis.jpetstore.mapper.SequenceMapper,org.mybatis.jpetstore.mapper.SequenceMapper,2
jpetstore,13,seed13_solution014,org.mybatis.jpetstore.service.AccountService,org.mybatis.jpetstore.service.AccountService,0
jpetstore,13,seed13_solution014,org.mybatis.jpetstore.service.CatalogService,org.mybatis.jpetstore.service.CatalogService,2
jpetstore,13,seed13_solution014,org.mybatis.jpetstore.service.OrderService,org.mybatis.jpetstore.service.OrderService,3
jpetstore,13,seed13_solution014,org.mybatis.jpetstore.web.actions.AbstractActionBean,org.mybatis.jpetstore.web.actions.AbstractActionBean,0
jpetstore,13,seed13_solution014,org.mybatis.jpetstore.web.actions.AccountActionBean,org.mybatis.jpetstore.web.actions.AccountActionBean,0
jpetstore,13,seed13_solution014,org.mybatis.jpetstore.web.actions.CartActionBean,org.mybatis.jpetstore.web.actions.CartActionBean,0
jpetstore,13,seed13_solution014,org.mybatis.jpetstore.web.actions.CatalogActionBean,org.mybatis.jpetstore.web.actions.CatalogActionBean,2
jpetstore,13,seed13_solution014,org.mybatis.jpetstore.web.actions.OrderActionBean,org.mybatis.jpetstore.web.actions.OrderActionBean,0
jpetstore,13,seed13_solution015,org.mybatis.jpetstore.domain.Account,org.mybatis.jpetstore.domain.Account,0
jpetstore,13,seed13_solution015,org.mybatis.jpetstore.domain.Cart,org.mybatis.jpetstore.domain.Cart,1
jpetstore,13,seed13_solution015,org.mybatis.jpetstore.domain.CartItem,org.mybatis.jpetstore.domain.CartItem,1
jpetstore,13,seed13_solution015,org.mybatis.jpetstore.domain.Category,org.mybatis.jpetstore.domain.Category,2
jpetstore,13,seed13_solution015,org.mybatis.jpetstore.domain.Item,org.mybatis.jpetstore.domain.Item,2
jpetstore,13,seed13_solution015,org.mybatis.jpetstore.domain.LineItem,org.mybatis.jpetstore.domain.LineItem,3
jpetstore,13,seed13_solution015,org.mybatis.jpetstore.domain.Order,org.mybatis.jpetstore.domain.Order,0
jpetstore,13,seed13_solution015,org.mybatis.jpetstore.domain.Product,org.mybatis.jpetstore.domain.Product,2
jpetstore,13,seed13_solution015,org.mybatis.jpetstore.domain.Sequence,org.mybatis.jpetstore.domain.Sequence,2
jpetstore,13,seed13_solution015,org.mybatis.jpetstore.mapper.AccountMapper,org.mybatis.jpetstore.mapper.AccountMapper,0
jpetstore,13,seed13_solution015,org.mybatis.jpetstore.mapper.CategoryMapper,org.mybatis.jpetstore.mapper.CategoryMapper,2
jpetstore,13,seed13_solution015,org.mybatis.jpetstore.mapper.ItemMapper,org.mybatis.jpetstore.mapper.ItemMapper,2
jpetstore,13,seed13_solution015,org.mybatis.jpetstore.mapper.LineItemMapper,org.mybatis.jpetstore.mapper.LineItemMapper,3
jpetstore,13,seed13_solution015,org.mybatis.jpetstore.mapper.OrderMapper,org.mybatis.jpetstore.mapper.OrderMapper,3
jpetstore,13,seed13_solution015,org.mybatis.jpetstore.mapper.ProductMapper,org.mybatis.jpetstore.mapper.ProductMapper,2
jpetstore,13,seed13_solution015,org.mybatis.jpetstore.mapper.SequenceMapper,org.mybatis.jpetstore.mapper.SequenceMapper,3
jpetstore,13,seed13_solution015,org.mybatis.jpetstore.service.AccountService,org.mybatis.jpetstore.service.AccountService,0
jpetstore,13,seed13_solution015,org.mybatis.jpetstore.service.CatalogService,org.mybatis.jpetstore.service.CatalogService,2
jpetstore,13,seed13_solution015,org.mybatis.jpetstore.service.OrderService,org.mybatis.jpetstore.service.OrderService,3
jpetstore,13,seed13_solution015,org.mybatis.jpetstore.web.actions.AbstractActionBean,org.mybatis.jpetstore.web.actions.AbstractActionBean,0
jpetstore,13,seed13_solution015,org.mybatis.jpetstore.web.actions.AccountActionBean,org.mybatis.jpetstore.web.actions.AccountActionBean,0
jpetstore,13,seed13_solution015,org.mybatis.jpetstore.web.actions.CartActionBean,org.mybatis.jpetstore.web.actions.CartActionBean,0
jpetstore,13,seed13_solution015,org.mybatis.jpetstore.web.actions.CatalogActionBean,org.mybatis.jpetstore.web.actions.CatalogActionBean,2
jpetstore,13,seed13_solution015,org.mybatis.jpetstore.web.actions.OrderActionBean,org.mybatis.jpetstore.web.actions.OrderActionBean,0
jpetstore,13,seed13_solution016,org.mybatis.jpetstore.domain.Account,org.mybatis.jpetstore.domain.Account,0
jpetstore,13,seed13_solution016,org.mybatis.jpetstore.domain.Cart,org.mybatis.jpetstore.domain.Cart,1
jpetstore,13,seed13_solution016,org.mybatis.jpetstore.domain.CartItem,org.mybatis.jpetstore.domain.CartItem,1
jpetstore,13,seed13_solution016,org.mybatis.jpetstore.domain.Category,org.mybatis.jpetstore.domain.Category,1
jpetstore,13,seed13_solution016,org.mybatis.jpetstore.domain.Item,org.mybatis.jpetstore.domain.Item,1
jpetstore,13,seed13_solution016,org.mybatis.jpetstore.domain.LineItem,org.mybatis.jpetstore.domain.LineItem,1
jpetstore,13,seed13_solution016,org.mybatis.jpetstore.domain.Order,org.mybatis.jpetstore.domain.Order,0
jpetstore,13,seed13_solution016,org.mybatis.jpetstore.domain.Product,org.mybatis.jpetstore.domain.Product,1
jpetstore,13,seed13_solution016,org.mybatis.jpetstore.domain.Sequence,org.mybatis.jpetstore.domain.Sequence,2
jpetstore,13,seed13_solution016,org.mybatis.jpetstore.mapper.AccountMapper,org.mybatis.jpetstore.mapper.AccountMapper,0
jpetstore,13,seed13_solution016,org.mybatis.jpetstore.mapper.CategoryMapper,org.mybatis.jpetstore.mapper.CategoryMapper,3
jpetstore,13,seed13_solution016,org.mybatis.jpetstore.mapper.ItemMapper,org.mybatis.jpetstore.mapper.ItemMapper,2
jpetstore,13,seed13_solution016,org.mybatis.jpetstore.mapper.LineItemMapper,org.mybatis.jpetstore.mapper.LineItemMapper,2
jpetstore,13,seed13_solution016,org.mybatis.jpetstore.mapper.OrderMapper,org.mybatis.jpetstore.mapper.OrderMapper,2
jpetstore,13,seed13_solution016,org.mybatis.jpetstore.mapper.ProductMapper,org.mybatis.jpetstore.mapper.ProductMapper,2
jpetstore,13,seed13_solution016,org.mybatis.jpetstore.mapper.SequenceMapper,org.mybatis.jpetstore.mapper.SequenceMapper,3
jpetstore,13,seed13_solution016,org.mybatis.jpetstore.service.AccountService,org.mybatis.jpetstore.service.AccountService,0
jpetstore,13,seed13_solution016,org.mybatis.jpetstore.service.CatalogService,org.mybatis.jpetstore.service.CatalogService,2
jpetstore,13,seed13_solution016,org.mybatis.jpetstore.service.OrderService,org.mybatis.jpetstore.service.OrderService,2
jpetstore,13,seed13_solution016,org.mybatis.jpetstore.web.actions.AbstractActionBean,org.mybatis.jpetstore.web.actions.AbstractActionBean,0
jpetstore,13,seed13_solution016,org.mybatis.jpetstore.web.actions.AccountActionBean,org.mybatis.jpetstore.web.actions.AccountActionBean,0
jpetstore,13,seed13_solution016,org.mybatis.jpetstore.web.actions.CartActionBean,org.mybatis.jpetstore.web.actions.CartActionBean,1
jpetstore,13,seed13_solution016,org.mybatis.jpetstore.web.actions.CatalogActionBean,org.mybatis.jpetstore.web.actions.CatalogActionBean,0
jpetstore,13,seed13_solution016,org.mybatis.jpetstore.web.actions.OrderActionBean,org.mybatis.jpetstore.web.actions.OrderActionBean,0
jpetstore,13,seed13_solution017,org.mybatis.jpetstore.domain.Account,org.mybatis.jpetstore.domain.Account,0
jpetstore,13,seed13_solution017,org.mybatis.jpetstore.domain.Cart,org.mybatis.jpetstore.domain.Cart,1
jpetstore,13,seed13_solution017,org.mybatis.jpetstore.domain.CartItem,org.mybatis.jpetstore.domain.CartItem,1
jpetstore,13,seed13_solution017,org.mybatis.jpetstore.domain.Category,org.mybatis.jpetstore.domain.Category,2
jpetstore,13,seed13_solution017,org.mybatis.jpetstore.domain.Item,org.mybatis.jpetstore.domain.Item,1
jpetstore,13,seed13_solution017,org.mybatis.jpetstore.domain.LineItem,org.mybatis.jpetstore.domain.LineItem,1
jpetstore,13,seed13_solution017,org.mybatis.jpetstore.domain.Order,org.mybatis.jpetstore.domain.Order,0
jpetstore,13,seed13_solution017,org.mybatis.jpetstore.domain.Product,org.mybatis.jpetstore.domain.Product,2
jpetstore,13,seed13_solution017,org.mybatis.jpetstore.domain.Sequence,org.mybatis.jpetstore.domain.Sequence,2
jpetstore,13,seed13_solution017,org.mybatis.jpetstore.mapper.AccountMapper,org.mybatis.jpetstore.mapper.AccountMapper,0
jpetstore,13,seed13_solution017,org.mybatis.jpetstore.mapper.CategoryMapper,org.mybatis.jpetstore.mapper.CategoryMapper,2
jpetstore,13,seed13_solution017,org.mybatis.jpetstore.mapper.ItemMapper,org.mybatis.jpetstore.mapper.ItemMapper,2
jpetstore,13,seed13_solution017,org.mybatis.jpetstore.mapper.LineItemMapper,org.mybatis.jpetstore.mapper.LineItemMapper,3
jpetstore,13,seed13_solution017,org.mybatis.jpetstore.mapper.OrderMapper,org.mybatis.jpetstore.mapper.OrderMapper,3
jpetstore,13,seed13_solution017,org.mybatis.jpetstore.mapper.ProductMapper,org.mybatis.jpetstore.mapper.ProductMapper,2
jpetstore,13,seed13_solution017,org.mybatis.jpetstore.mapper.SequenceMapper,org.mybatis.jpetstore.mapper.SequenceMapper,3
jpetstore,13,seed13_solution017,org.mybatis.jpetstore.service.AccountService,org.mybatis.jpetstore.service.AccountService,0
jpetstore,13,seed13_solution017,org.mybatis.jpetstore.service.CatalogService,org.mybatis.jpetstore.service.CatalogService,2
jpetstore,13,seed13_solution017,org.mybatis.jpetstore.service.OrderService,org.mybatis.jpetstore.service.OrderService,3
jpetstore,13,seed13_solution017,org.mybatis.jpetstore.web.actions.AbstractActionBean,org.mybatis.jpetstore.web.actions.AbstractActionBean,0
jpetstore,13,seed13_solution017,org.mybatis.jpetstore.web.actions.AccountActionBean,org.mybatis.jpetstore.web.actions.AccountActionBean,0
jpetstore,13,seed13_solution017,org.mybatis.jpetstore.web.actions.CartActionBean,org.mybatis.jpetstore.web.actions.CartActionBean,0
jpetstore,13,seed13_solution017,org.mybatis.jpetstore.web.actions.CatalogActionBean,org.mybatis.jpetstore.web.actions.CatalogActionBean,2
jpetstore,13,seed13_solution017,org.mybatis.jpetstore.web.actions.OrderActionBean,org.mybatis.jpetstore.web.actions.OrderActionBean,0
jpetstore,13,seed13_solution018,org.mybatis.jpetstore.domain.Account,org.mybatis.jpetstore.domain.Account,0
jpetstore,13,seed13_solution018,org.mybatis.jpetstore.domain.Cart,org.mybatis.jpetstore.domain.Cart,1
jpetstore,13,seed13_solution018,org.mybatis.jpetstore.domain.CartItem,org.mybatis.jpetstore.domain.CartItem,1
jpetstore,13,seed13_solution018,org.mybatis.jpetstore.domain.Category,org.mybatis.jpetstore.domain.Category,1
jpetstore,13,seed13_solution018,org.mybatis.jpetstore.domain.Item,org.mybatis.jpetstore.domain.Item,1
jpetstore,13,seed13_solution018,org.mybatis.jpetstore.domain.LineItem,org.mybatis.jpetstore.domain.LineItem,1
jpetstore,13,seed13_solution018,org.mybatis.jpetstore.domain.Order,org.mybatis.jpetstore.domain.Order,0
jpetstore,13,seed13_solution018,org.mybatis.jpetstore.domain.Product,org.mybatis.jpetstore.domain.Product,1
jpetstore,13,seed13_solution018,org.mybatis.jpetstore.domain.Sequence,org.mybatis.jpetstore.domain.Sequence,2
jpetstore,13,seed13_solution018,org.mybatis.jpetstore.mapper.AccountMapper,org.mybatis.jpetstore.mapper.AccountMapper,0
jpetstore,13,seed13_solution018,org.mybatis.jpetstore.mapper.CategoryMapper,org.mybatis.jpetstore.mapper.CategoryMapper,3
jpetstore,13,seed13_solution018,org.mybatis.jpetstore.mapper.ItemMapper,org.mybatis.jpetstore.mapper.ItemMapper,3
jpetstore,13,seed13_solution018,org.mybatis.jpetstore.mapper.LineItemMapper,org.mybatis.jpetstore.mapper.LineItemMapper,3
jpetstore,13,seed13_solution018,org.mybatis.jpetstore.mapper.OrderMapper,org.mybatis.jpetstore.mapper.OrderMapper,3
jpetstore,13,seed13_solution018,org.mybatis.jpetstore.mapper.ProductMapper,org.mybatis.jpetstore.mapper.ProductMapper,3
jpetstore,13,seed13_solution018,org.mybatis.jpetstore.mapper.SequenceMapper,org.mybatis.jpetstore.mapper.SequenceMapper,2
jpetstore,13,seed13_solution018,org.mybatis.jpetstore.service.AccountService,org.mybatis.jpetstore.service.AccountService,0
jpetstore,13,seed13_solution018,org.mybatis.jpetstore.service.CatalogService,org.mybatis.jpetstore.service.CatalogService,3
jpetstore,13,seed13_solution018,org.mybatis.jpetstore.service.OrderService,org.mybatis.jpetstore.service.OrderService,0
jpetstore,13,seed13_solution018,org.mybatis.jpetstore.web.actions.AbstractActionBean,org.mybatis.jpetstore.web.actions.AbstractActionBean,0
jpetstore,13,seed13_solution018,org.mybatis.jpetstore.web.actions.AccountActionBean,org.mybatis.jpetstore.web.actions.AccountActionBean,0
jpetstore,13,seed13_solution018,org.mybatis.jpetstore.web.actions.CartActionBean,org.mybatis.jpetstore.web.actions.CartActionBean,0
jpetstore,13,seed13_solution018,org.mybatis.jpetstore.web.actions.CatalogActionBean,org.mybatis.jpetstore.web.actions.CatalogActionBean,3
jpetstore,13,seed13_solution018,org.mybatis.jpetstore.web.actions.OrderActionBean,org.mybatis.jpetstore.web.actions.OrderActionBean,0
jpetstore,13,seed13_solution019,org.mybatis.jpetstore.domain.Account,org.mybatis.jpetstore.domain.Account,0
jpetstore,13,seed13_solution019,org.mybatis.jpetstore.domain.Cart,org.mybatis.jpetstore.domain.Cart,1
jpetstore,13,seed13_solution019,org.mybatis.jpetstore.domain.CartItem,org.mybatis.jpetstore.domain.CartItem,1
jpetstore,13,seed13_solution019,org.mybatis.jpetstore.domain.Category,org.mybatis.jpetstore.domain.Category,2
jpetstore,13,seed13_solution019,org.mybatis.jpetstore.domain.Item,org.mybatis.jpetstore.domain.Item,1
jpetstore,13,seed13_solution019,org.mybatis.jpetstore.domain.LineItem,org.mybatis.jpetstore.domain.LineItem,3
jpetstore,13,seed13_solution019,org.mybatis.jpetstore.domain.Order,org.mybatis.jpetstore.domain.Order,0
jpetstore,13,seed13_solution019,org.mybatis.jpetstore.domain.Product,org.mybatis.jpetstore.domain.Product,2
jpetstore,13,seed13_solution019,org.mybatis.jpetstore.domain.Sequence,org.mybatis.jpetstore.domain.Sequence,3
jpetstore,13,seed13_solution019,org.mybatis.jpetstore.mapper.AccountMapper,org.mybatis.jpetstore.mapper.AccountMapper,3
jpetstore,13,seed13_solution019,org.mybatis.jpetstore.mapper.CategoryMapper,org.mybatis.jpetstore.mapper.CategoryMapper,2
jpetstore,13,seed13_solution019,org.mybatis.jpetstore.mapper.ItemMapper,org.mybatis.jpetstore.mapper.ItemMapper,2
jpetstore,13,seed13_solution019,org.mybatis.jpetstore.mapper.LineItemMapper,org.mybatis.jpetstore.mapper.LineItemMapper,3
jpetstore,13,seed13_solution019,org.mybatis.jpetstore.mapper.OrderMapper,org.mybatis.jpetstore.mapper.OrderMapper,3
jpetstore,13,seed13_solution019,org.mybatis.jpetstore.mapper.ProductMapper,org.mybatis.jpetstore.mapper.ProductMapper,2
jpetstore,13,seed13_solution019,org.mybatis.jpetstore.mapper.SequenceMapper,org.mybatis.jpetstore.mapper.SequenceMapper,3
jpetstore,13,seed13_solution019,org.mybatis.jpetstore.service.AccountService,org.mybatis.jpetstore.service.AccountService,3
jpetstore,13,seed13_solution019,org.mybatis.jpetstore.service.CatalogService,org.mybatis.jpetstore.service.CatalogService,2
jpetstore,13,seed13_solution019,org.mybatis.jpetstore.service.OrderService,org.mybatis.jpetstore.service.OrderService,3
jpetstore,13,seed13_solution019,org.mybatis.jpetstore.web.actions.AbstractActionBean,org.mybatis.jpetstore.web.actions.AbstractActionBean,0
jpetstore,13,seed13_solution019,org.mybatis.jpetstore.web.actions.AccountActionBean,org.mybatis.jpetstore.web.actions.AccountActionBean,0
jpetstore,13,seed13_solution019,org.mybatis.jpetstore.web.actions.CartActionBean,org.mybatis.jpetstore.web.actions.CartActionBean,1
jpetstore,13,seed13_solution019,org.mybatis.jpetstore.web.actions.CatalogActionBean,org.mybatis.jpetstore.web.actions.CatalogActionBean,2
jpetstore,13,seed13_solution019,org.mybatis.jpetstore.web.actions.OrderActionBean,org.mybatis.jpetstore.web.actions.OrderActionBean,0
jpetstore,13,seed13_solution020,org.mybatis.jpetstore.domain.Account,org.mybatis.jpetstore.domain.Account,0
jpetstore,13,seed13_solution020,org.mybatis.jpetstore.domain.Cart,org.mybatis.jpetstore.domain.Cart,1
jpetstore,13,seed13_solution020,org.mybatis.jpetstore.domain.CartItem,org.mybatis.jpetstore.domain.CartItem,1
jpetstore,13,seed13_solution020,org.mybatis.jpetstore.domain.Category,org.mybatis.jpetstore.domain.Category,2
jpetstore,13,seed13_solution020,org.mybatis.jpetstore.domain.Item,org.mybatis.jpetstore.domain.Item,2
jpetstore,13,seed13_solution020,org.mybatis.jpetstore.domain.LineItem,org.mybatis.jpetstore.domain.LineItem,3
jpetstore,13,seed13_solution020,org.mybatis.jpetstore.domain.Order,org.mybatis.jpetstore.domain.Order,0
jpetstore,13,seed13_solution020,org.mybatis.jpetstore.domain.Product,org.mybatis.jpetstore.domain.Product,2
jpetstore,13,seed13_solution020,org.mybatis.jpetstore.domain.Sequence,org.mybatis.jpetstore.domain.Sequence,3
jpetstore,13,seed13_solution020,org.mybatis.jpetstore.mapper.AccountMapper,org.mybatis.jpetstore.mapper.AccountMapper,3
jpetstore,13,seed13_solution020,org.mybatis.jpetstore.mapper.CategoryMapper,org.mybatis.jpetstore.mapper.CategoryMapper,2
jpetstore,13,seed13_solution020,org.mybatis.jpetstore.mapper.ItemMapper,org.mybatis.jpetstore.mapper.ItemMapper,2
jpetstore,13,seed13_solution020,org.mybatis.jpetstore.mapper.LineItemMapper,org.mybatis.jpetstore.mapper.LineItemMapper,3
jpetstore,13,seed13_solution020,org.mybatis.jpetstore.mapper.OrderMapper,org.mybatis.jpetstore.mapper.OrderMapper,3
jpetstore,13,seed13_solution020,org.mybatis.jpetstore.mapper.ProductMapper,org.mybatis.jpetstore.mapper.ProductMapper,2
jpetstore,13,seed13_solution020,org.mybatis.jpetstore.mapper.SequenceMapper,org.mybatis.jpetstore.mapper.SequenceMapper,3
jpetstore,13,seed13_solution020,org.mybatis.jpetstore.service.AccountService,org.mybatis.jpetstore.service.AccountService,3
jpetstore,13,seed13_solution020,org.mybatis.jpetstore.service.CatalogService,org.mybatis.jpetstore.service.CatalogService,2
jpetstore,13,seed13_solution020,org.mybatis.jpetstore.service.OrderService,org.mybatis.jpetstore.service.OrderService,3
jpetstore,13,seed13_solution020,org.mybatis.jpetstore.web.actions.AbstractActionBean,org.mybatis.jpetstore.web.actions.AbstractActionBean,0
jpetstore,13,seed13_solution020,org.mybatis.jpetstore.web.actions.AccountActionBean,org.mybatis.jpetstore.web.actions.AccountActionBean,0
jpetstore,13,seed13_solution020,org.mybatis.jpetstore.web.actions.CartActionBean,org.mybatis.jpetstore.web.actions.CartActionBean,1
jpetstore,13,seed13_solution020,org.mybatis.jpetstore.web.actions.CatalogActionBean,org.mybatis.jpetstore.web.actions.CatalogActionBean,2
jpetstore,13,seed13_solution020,org.mybatis.jpetstore.web.actions.OrderActionBean,org.mybatis.jpetstore.web.actions.OrderActionBean,0
jpetstore,13,seed13_solution021,org.mybatis.jpetstore.domain.Account,org.mybatis.jpetstore.domain.Account,0
jpetstore,13,seed13_solution021,org.mybatis.jpetstore.domain.Cart,org.mybatis.jpetstore.domain.Cart,1
jpetstore,13,seed13_solution021,org.mybatis.jpetstore.domain.CartItem,org.mybatis.jpetstore.domain.CartItem,1
jpetstore,13,seed13_solution021,org.mybatis.jpetstore.domain.Category,org.mybatis.jpetstore.domain.Category,2
jpetstore,13,seed13_solution021,org.mybatis.jpetstore.domain.Item,org.mybatis.jpetstore.domain.Item,1
jpetstore,13,seed13_solution021,org.mybatis.jpetstore.domain.LineItem,org.mybatis.jpetstore.domain.LineItem,1
jpetstore,13,seed13_solution021,org.mybatis.jpetstore.domain.Order,org.mybatis.jpetstore.domain.Order,0
jpetstore,13,seed13_solution021,org.mybatis.jpetstore.domain.Product,org.mybatis.jpetstore.domain.Product,1
jpetstore,13,seed13_solution021,org.mybatis.jpetstore.domain.Sequence,org.mybatis.jpetstore.domain.Sequence,3
jpetstore,13,seed13_solution021,org.mybatis.jpetstore.mapper.AccountMapper,org.mybatis.jpetstore.mapper.AccountMapper,0
jpetstore,13,seed13_solution021,org.mybatis.jpetstore.mapper.CategoryMapper,org.mybatis.jpetstore.mapper.CategoryMapper,2
jpetstore,13,seed13_solution021,org.mybatis.jpetstore.mapper.ItemMapper,org.mybatis.jpetstore.mapper.ItemMapper,2
jpetstore,13,seed13_solution021,org.mybatis.jpetstore.mapper.LineItemMapper,org.mybatis.jpetstore.mapper.LineItemMapper,3
jpetstore,13,seed13_solution021,org.mybatis.jpetstore.mapper.OrderMapper,org.mybatis.jpetstore.mapper.OrderMapper,3
jpetstore,13,seed13_solution021,org.mybatis.jpetstore.mapper.ProductMapper,org.mybatis.jpetstore.mapper.ProductMapper,3
jpetstore,13,seed13_solution021,org.mybatis.jpetstore.mapper.SequenceMapper,org.mybatis.jpetstore.mapper.SequenceMapper,3
jpetstore,13,seed13_solution021,org.mybatis.jpetstore.service.AccountService,org.mybatis.jpetstore.service.AccountService,0
jpetstore,13,seed13_solution021,org.mybatis.jpetstore.service.CatalogService,org.mybatis.jpetstore.service.CatalogService,2
jpetstore,13,seed13_solution021,org.mybatis.jpetstore.service.OrderService,org.mybatis.jpetstore.service.OrderService,3
jpetstore,13,seed13_solution021,org.mybatis.jpetstore.web.actions.AbstractActionBean,org.mybatis.jpetstore.web.actions.AbstractActionBean,0
jpetstore,13,seed13_solution021,org.mybatis.jpetstore.web.actions.AccountActionBean,org.mybatis.jpetstore.web.actions.AccountActionBean,0
jpetstore,13,seed13_solution021,org.mybatis.jpetstore.web.actions.CartActionBean,org.mybatis.jpetstore.web.actions.CartActionBean,0
jpetstore,13,seed13_solution021,org.mybatis.jpetstore.web.actions.CatalogActionBean,org.mybatis.jpetstore.web.actions.CatalogActionBean,0
jpetstore,13,seed13_solution021,org.mybatis.jpetstore.web.actions.OrderActionBean,org.mybatis.jpetstore.web.actions.OrderActionBean,0
jpetstore,13,seed13_solution022,org.mybatis.jpetstore.domain.Account,org.mybatis.jpetstore.domain.Account,0
jpetstore,13,seed13_solution022,org.mybatis.jpetstore.domain.Cart,org.mybatis.jpetstore.domain.Cart,1
jpetstore,13,seed13_solution022,org.mybatis.jpetstore.domain.CartItem,org.mybatis.jpetstore.domain.CartItem,1
jpetstore,13,seed13_solution022,org.mybatis.jpetstore.domain.Category,org.mybatis.jpetstore.domain.Category,1
jpetstore,13,seed13_solution022,org.mybatis.jpetstore.domain.Item,org.mybatis.jpetstore.domain.Item,1
jpetstore,13,seed13_solution022,org.mybatis.jpetstore.domain.LineItem,org.mybatis.jpetstore.domain.LineItem,1
jpetstore,13,seed13_solution022,org.mybatis.jpetstore.domain.Order,org.mybatis.jpetstore.domain.Order,0
jpetstore,13,seed13_solution022,org.mybatis.jpetstore.domain.Product,org.mybatis.jpetstore.domain.Product,1
jpetstore,13,seed13_solution022,org.mybatis.jpetstore.domain.Sequence,org.mybatis.jpetstore.domain.Sequence,2
jpetstore,13,seed13_solution022,org.mybatis.jpetstore.mapper.AccountMapper,org.mybatis.jpetstore.mapper.AccountMapper,0
jpetstore,13,seed13_solution022,org.mybatis.jpetstore.mapper.CategoryMapper,org.mybatis.jpetstore.mapper.CategoryMapper,3
jpetstore,13,seed13_solution022,org.mybatis.jpetstore.mapper.ItemMapper,org.mybatis.jpetstore.mapper.ItemMapper,3
jpetstore,13,seed13_solution022,org.mybatis.jpetstore.mapper.LineItemMapper,org.mybatis.jpetstore.mapper.LineItemMapper,3
jpetstore,13,seed13_solution022,org.mybatis.jpetstore.mapper.OrderMapper,org.mybatis.jpetstore.mapper.OrderMapper,3
jpetstore,13,seed13_solution022,org.mybatis.jpetstore.mapper.ProductMapper,org.mybatis.jpetstore.mapper.ProductMapper,3
jpetstore,13,seed13_solution022,org.mybatis.jpetstore.mapper.SequenceMapper,org.mybatis.jpetstore.mapper.SequenceMapper,2
jpetstore,13,seed13_solution022,org.mybatis.jpetstore.service.AccountService,org.mybatis.jpetstore.service.AccountService,0
jpetstore,13,seed13_solution022,org.mybatis.jpetstore.service.CatalogService,org.mybatis.jpetstore.service.CatalogService,3
jpetstore,13,seed13_solution022,org.mybatis.jpetstore.service.OrderService,org.mybatis.jpetstore.service.OrderService,0
jpetstore,13,seed13_solution022,org.mybatis.jpetstore.web.actions.AbstractActionBean,org.mybatis.jpetstore.web.actions.AbstractActionBean,0
jpetstore,13,seed13_solution022,org.mybatis.jpetstore.web.actions.AccountActionBean,org.mybatis.jpetstore.web.actions.AccountActionBean,0
jpetstore,13,seed13_solution022,org.mybatis.jpetstore.web.actions.CartActionBean,org.mybatis.jpetstore.web.actions.CartActionBean,3
jpetstore,13,seed13_solution022,org.mybatis.jpetstore.web.actions.CatalogActionBean,org.mybatis.jpetstore.web.actions.CatalogActionBean,3
jpetstore,13,seed13_solution022,org.mybatis.jpetstore.web.actions.OrderActionBean,org.mybatis.jpetstore.web.actions.OrderActionBean,0
jpetstore,13,seed13_solution023,org.mybatis.jpetstore.domain.Account,org.mybatis.jpetstore.domain.Account,0
jpetstore,13,seed13_solution023,org.mybatis.jpetstore.domain.Cart,org.mybatis.jpetstore.domain.Cart,1
jpetstore,13,seed13_solution023,org.mybatis.jpetstore.domain.CartItem,org.mybatis.jpetstore.domain.CartItem,1
jpetstore,13,seed13_solution023,org.mybatis.jpetstore.domain.Category,org.mybatis.jpetstore.domain.Category,2
jpetstore,13,seed13_solution023,org.mybatis.jpetstore.domain.Item,org.mybatis.jpetstore.domain.Item,1
jpetstore,13,seed13_solution023,org.mybatis.jpetstore.domain.LineItem,org.mybatis.jpetstore.domain.LineItem,1
jpetstore,13,seed13_solution023,org.mybatis.jpetstore.domain.Order,org.mybatis.jpetstore.domain.Order,0
jpetstore,13,seed13_solution023,org.mybatis.jpetstore.domain.Product,org.mybatis.jpetstore.domain.Product,1
jpetstore,13,seed13_solution023,org.mybatis.jpetstore.domain.Sequence,org.mybatis.jpetstore.domain.Sequence,3
jpetstore,13,seed13_solution023,org.mybatis.jpetstore.mapper.AccountMapper,org.mybatis.jpetstore.mapper.AccountMapper,3
jpetstore,13,seed13_solution023,org.mybatis.jpetstore.mapper.CategoryMapper,org.mybatis.jpetstore.mapper.CategoryMapper,2
jpetstore,13,seed13_solution023,org.mybatis.jpetstore.mapper.ItemMapper,org.mybatis.jpetstore.mapper.ItemMapper,2
jpetstore,13,seed13_solution023,org.mybatis.jpetstore.mapper.LineItemMapper,org.mybatis.jpetstore.mapper.LineItemMapper,4
jpetstore,13,seed13_solution023,org.mybatis.jpetstore.mapper.OrderMapper,org.mybatis.jpetstore.mapper.OrderMapper,3
jpetstore,13,seed13_solution023,org.mybatis.jpetstore.mapper.ProductMapper,org.mybatis.jpetstore.mapper.ProductMapper,2
jpetstore,13,seed13_solution023,org.mybatis.jpetstore.mapper.SequenceMapper,org.mybatis.jpetstore.mapper.SequenceMapper,3
jpetstore,13,seed13_solution023,org.mybatis.jpetstore.service.AccountService,org.mybatis.jpetstore.service.AccountService,3
jpetstore,13,seed13_solution023,org.mybatis.jpetstore.service.CatalogService,org.mybatis.jpetstore.service.CatalogService,2
jpetstore,13,seed13_solution023,org.mybatis.jpetstore.service.OrderService,org.mybatis.jpetstore.service.OrderService,3
jpetstore,13,seed13_solution023,org.mybatis.jpetstore.web.actions.AbstractActionBean,org.mybatis.jpetstore.web.actions.AbstractActionBean,0
jpetstore,13,seed13_solution023,org.mybatis.jpetstore.web.actions.AccountActionBean,org.mybatis.jpetstore.web.actions.AccountActionBean,0
jpetstore,13,seed13_solution023,org.mybatis.jpetstore.web.actions.CartActionBean,org.mybatis.jpetstore.web.actions.CartActionBean,1
jpetstore,13,seed13_solution023,org.mybatis.jpetstore.web.actions.CatalogActionBean,org.mybatis.jpetstore.web.actions.CatalogActionBean,2
jpetstore,13,seed13_solution023,org.mybatis.jpetstore.web.actions.OrderActionBean,org.mybatis.jpetstore.web.actions.OrderActionBean,0
jpetstore,13,seed13_solution024,org.mybatis.jpetstore.domain.Account,org.mybatis.jpetstore.domain.Account,0
jpetstore,13,seed13_solution024,org.mybatis.jpetstore.domain.Cart,org.mybatis.jpetstore.domain.Cart,1
jpetstore,13,seed13_solution024,org.mybatis.jpetstore.domain.CartItem,org.mybatis.jpetstore.domain.CartItem,1
jpetstore,13,seed13_solution024,org.mybatis.jpetstore.domain.Category,org.mybatis.jpetstore.domain.Category,2
jpetstore,13,seed13_solution024,org.mybatis.jpetstore.domain.Item,org.mybatis.jpetstore.domain.Item,1
jpetstore,13,seed13_solution024,org.mybatis.jpetstore.domain.LineItem,org.mybatis.jpetstore.domain.LineItem,3
jpetstore,13,seed13_solution024,org.mybatis.jpetstore.domain.Order,org.mybatis.jpetstore.domain.Order,0
jpetstore,13,seed13_solution024,org.mybatis.jpetstore.domain.Product,org.mybatis.jpetstore.domain.Product,2
jpetstore,13,seed13_solution024,org.mybatis.jpetstore.domain.Sequence,org.mybatis.jpetstore.domain.Sequence,3
jpetstore,13,seed13_solution024,org.mybatis.jpetstore.mapper.AccountMapper,org.mybatis.jpetstore.mapper.AccountMapper,0
jpetstore,13,seed13_solution024,org.mybatis.jpetstore.mapper.CategoryMapper,org.mybatis.jpetstore.mapper.CategoryMapper,2
jpetstore,13,seed13_solution024,org.mybatis.jpetstore.mapper.ItemMapper,org.mybatis.jpetstore.mapper.ItemMapper,2
jpetstore,13,seed13_solution024,org.mybatis.jpetstore.mapper.LineItemMapper,org.mybatis.jpetstore.mapper.LineItemMapper,3
jpetstore,13,seed13_solution024,org.mybatis.jpetstore.mapper.OrderMapper,org.mybatis.jpetstore.mapper.OrderMapper,3
jpetstore,13,seed13_solution024,org.mybatis.jpetstore.mapper.ProductMapper,org.mybatis.jpetstore.mapper.ProductMapper,2
jpetstore,13,seed13_solution024,org.mybatis.jpetstore.mapper.SequenceMapper,org.mybatis.jpetstore.mapper.SequenceMapper,2
jpetstore,13,seed13_solution024,org.mybatis.jpetstore.service.AccountService,org.mybatis.jpetstore.service.AccountService,0
jpetstore,13,seed13_solution024,org.mybatis.jpetstore.service.CatalogService,org.mybatis.jpetstore.service.CatalogService,2
jpetstore,13,seed13_solution024,org.mybatis.jpetstore.service.OrderService,org.mybatis.jpetstore.service.OrderService,3
jpetstore,13,seed13_solution024,org.mybatis.jpetstore.web.actions.AbstractActionBean,org.mybatis.jpetstore.web.actions.AbstractActionBean,0
jpetstore,13,seed13_solution024,org.mybatis.jpetstore.web.actions.AccountActionBean,org.mybatis.jpetstore.web.actions.AccountActionBean,0
jpetstore,13,seed13_solution024,org.mybatis.jpetstore.web.actions.CartActionBean,org.mybatis.jpetstore.web.actions.CartActionBean,0
jpetstore,13,seed13_solution024,org.mybatis.jpetstore.web.actions.CatalogActionBean,org.mybatis.jpetstore.web.actions.CatalogActionBean,0
jpetstore,13,seed13_solution024,org.mybatis.jpetstore.web.actions.OrderActionBean,org.mybatis.jpetstore.web.actions.OrderActionBean,0
jpetstore,13,seed13_solution025,org.mybatis.jpetstore.domain.Account,org.mybatis.jpetstore.domain.Account,0
jpetstore,13,seed13_solution025,org.mybatis.jpetstore.domain.Cart,org.mybatis.jpetstore.domain.Cart,1
jpetstore,13,seed13_solution025,org.mybatis.jpetstore.domain.CartItem,org.mybatis.jpetstore.domain.CartItem,1
jpetstore,13,seed13_solution025,org.mybatis.jpetstore.domain.Category,org.mybatis.jpetstore.domain.Category,2
jpetstore,13,seed13_solution025,org.mybatis.jpetstore.domain.Item,org.mybatis.jpetstore.domain.Item,1
jpetstore,13,seed13_solution025,org.mybatis.jpetstore.domain.LineItem,org.mybatis.jpetstore.domain.LineItem,1
jpetstore,13,seed13_solution025,org.mybatis.jpetstore.domain.Order,org.mybatis.jpetstore.domain.Order,0
jpetstore,13,seed13_solution025,org.mybatis.jpetstore.domain.Product,org.mybatis.jpetstore.domain.Product,1
jpetstore,13,seed13_solution025,org.mybatis.jpetstore.domain.Sequence,org.mybatis.jpetstore.domain.Sequence,3
jpetstore,13,seed13_solution025,org.mybatis.jpetstore.mapper.AccountMapper,org.mybatis.jpetstore.mapper.AccountMapper,4
jpetstore,13,seed13_solution025,org.mybatis.jpetstore.mapper.CategoryMapper,org.mybatis.jpetstore.mapper.CategoryMapper,2
jpetstore,13,seed13_solution025,org.mybatis.jpetstore.mapper.ItemMapper,org.mybatis.jpetstore.mapper.ItemMapper,2
jpetstore,13,seed13_solution025,org.mybatis.jpetstore.mapper.LineItemMapper,org.mybatis.jpetstore.mapper.LineItemMapper,3
jpetstore,13,seed13_solution025,org.mybatis.jpetstore.mapper.OrderMapper,org.mybatis.jpetstore.mapper.OrderMapper,3
jpetstore,13,seed13_solution025,org.mybatis.jpetstore.mapper.ProductMapper,org.mybatis.jpetstore.mapper.ProductMapper,2
jpetstore,13,seed13_solution025,org.mybatis.jpetstore.mapper.SequenceMapper,org.mybatis.jpetstore.mapper.SequenceMapper,3
jpetstore,13,seed13_solution025,org.mybatis.jpetstore.service.AccountService,org.mybatis.jpetstore.service.AccountService,4
jpetstore,13,seed13_solution025,org.mybatis.jpetstore.service.CatalogService,org.mybatis.jpetstore.service.CatalogService,2
jpetstore,13,seed13_solution025,org.mybatis.jpetstore.service.OrderService,org.mybatis.jpetstore.service.OrderService,3
jpetstore,13,seed13_solution025,org.mybatis.jpetstore.web.actions.AbstractActionBean,org.mybatis.jpetstore.web.actions.AbstractActionBean,0
jpetstore,13,seed13_solution025,org.mybatis.jpetstore.web.actions.AccountActionBean,org.mybatis.jpetstore.web.actions.AccountActionBean,0
jpetstore,13,seed13_solution025,org.mybatis.jpetstore.web.actions.CartActionBean,org.mybatis.jpetstore.web.actions.CartActionBean,0
jpetstore,13,seed13_solution025,org.mybatis.jpetstore.web.actions.CatalogActionBean,org.mybatis.jpetstore.web.actions.CatalogActionBean,2
jpetstore,13,seed13_solution025,org.mybatis.jpetstore.web.actions.OrderActionBean,org.mybatis.jpetstore.web.actions.OrderActionBean,0
jpetstore,13,seed13_solution026,org.mybatis.jpetstore.domain.Account,org.mybatis.jpetstore.domain.Account,0
jpetstore,13,seed13_solution026,org.mybatis.jpetstore.domain.Cart,org.mybatis.jpetstore.domain.Cart,1
jpetstore,13,seed13_solution026,org.mybatis.jpetstore.domain.CartItem,org.mybatis.jpetstore.domain.CartItem,1
jpetstore,13,seed13_solution026,org.mybatis.jpetstore.domain.Category,org.mybatis.jpetstore.domain.Category,1
jpetstore,13,seed13_solution026,org.mybatis.jpetstore.domain.Item,org.mybatis.jpetstore.domain.Item,1
jpetstore,13,seed13_solution026,org.mybatis.jpetstore.domain.LineItem,org.mybatis.jpetstore.domain.LineItem,1
jpetstore,13,seed13_solution026,org.mybatis.jpetstore.domain.Order,org.mybatis.jpetstore.domain.Order,0
jpetstore,13,seed13_solution026,org.mybatis.jpetstore.domain.Product,org.mybatis.jpetstore.domain.Product,1
jpetstore,13,seed13_solution026,org.mybatis.jpetstore.domain.Sequence,org.mybatis.jpetstore.domain.Sequence,1
jpetstore,13,seed13_solution026,org.mybatis.jpetstore.mapper.AccountMapper,org.mybatis.jpetstore.mapper.AccountMapper,0
jpetstore,13,seed13_solution026,org.mybatis.jpetstore.mapper.CategoryMapper,org.mybatis.jpetstore.mapper.CategoryMapper,2
jpetstore,13,seed13_solution026,org.mybatis.jpetstore.mapper.ItemMapper,org.mybatis.jpetstore.mapper.ItemMapper,2
jpetstore,13,seed13_solution026,org.mybatis.jpetstore.mapper.LineItemMapper,org.mybatis.jpetstore.mapper.LineItemMapper,2
jpetstore,13,seed13_solution026,org.mybatis.jpetstore.mapper.OrderMapper,org.mybatis.jpetstore.mapper.OrderMapper,3
jpetstore,13,seed13_solution026,org.mybatis.jpetstore.mapper.ProductMapper,org.mybatis.jpetstore.mapper.ProductMapper,2
jpetstore,13,seed13_solution026,org.mybatis.jpetstore.mapper.SequenceMapper,org.mybatis.jpetstore.mapper.SequenceMapper,2
jpetstore,13,seed13_solution026,org.mybatis.jpetstore.service.AccountService,org.mybatis.jpetstore.service.AccountService,0
jpetstore,13,seed13_solution026,org.mybatis.jpetstore.service.CatalogService,org.mybatis.jpetstore.service.CatalogService,2
jpetstore,13,seed13_solution026,org.mybatis.jpetstore.service.OrderService,org.mybatis.jpetstore.service.OrderService,3
jpetstore,13,seed13_solution026,org.mybatis.jpetstore.web.actions.AbstractActionBean,org.mybatis.jpetstore.web.actions.AbstractActionBean,0
jpetstore,13,seed13_solution026,org.mybatis.jpetstore.web.actions.AccountActionBean,org.mybatis.jpetstore.web.actions.AccountActionBean,0
jpetstore,13,seed13_solution026,org.mybatis.jpetstore.web.actions.CartActionBean,org.mybatis.jpetstore.web.actions.CartActionBean,0
jpetstore,13,seed13_solution026,org.mybatis.jpetstore.web.actions.CatalogActionBean,org.mybatis.jpetstore.web.actions.CatalogActionBean,2
jpetstore,13,seed13_solution026,org.mybatis.jpetstore.web.actions.OrderActionBean,org.mybatis.jpetstore.web.actions.OrderActionBean,0
jpetstore,13,seed13_solution027,org.mybatis.jpetstore.domain.Account,org.mybatis.jpetstore.domain.Account,0
jpetstore,13,seed13_solution027,org.mybatis.jpetstore.domain.Cart,org.mybatis.jpetstore.domain.Cart,1
jpetstore,13,seed13_solution027,org.mybatis.jpetstore.domain.CartItem,org.mybatis.jpetstore.domain.CartItem,1
jpetstore,13,seed13_solution027,org.mybatis.jpetstore.domain.Category,org.mybatis.jpetstore.domain.Category,1
jpetstore,13,seed13_solution027,org.mybatis.jpetstore.domain.Item,org.mybatis.jpetstore.domain.Item,1
jpetstore,13,seed13_solution027,org.mybatis.jpetstore.domain.LineItem,org.mybatis.jpetstore.domain.LineItem,1
jpetstore,13,seed13_solution027,org.mybatis.jpetstore.domain.Order,org.mybatis.jpetstore.domain.Order,0
jpetstore,13,seed13_solution027,org.mybatis.jpetstore.domain.Product,org.mybatis.jpetstore.domain.Product,1
jpetstore,13,seed13_solution027,org.mybatis.jpetstore.domain.Sequence,org.mybatis.jpetstore.domain.Sequence,2
jpetstore,13,seed13_solution027,org.mybatis.jpetstore.mapper.AccountMapper,org.mybatis.jpetstore.mapper.AccountMapper,0
jpetstore,13,seed13_solution027,org.mybatis.jpetstore.mapper.CategoryMapper,org.mybatis.jpetstore.mapper.CategoryMapper,3
jpetstore,13,seed13_solution027,org.mybatis.jpetstore.mapper.ItemMapper,org.mybatis.jpetstore.mapper.ItemMapper,3
jpetstore,13,seed13_solution027,org.mybatis.jpetstore.mapper.LineItemMapper,org.mybatis.jpetstore.mapper.LineItemMapper,3
jpetstore,13,seed13_solution027,org.mybatis.jpetstore.mapper.OrderMapper,org.mybatis.jpetstore.mapper.OrderMapper,3
jpetstore,13,seed13_solution027,org.mybatis.jpetstore.mapper.ProductMapper,org.mybatis.jpetstore.mapper.ProductMapper,3
jpetstore,13,seed13_solution027,org.mybatis.jpetstore.mapper.SequenceMapper,org.mybatis.jpetstore.mapper.SequenceMapper,2
jpetstore,13,seed13_solution027,org.mybatis.jpetstore.service.AccountService,org.mybatis.jpetstore.service.AccountService,0
jpetstore,13,seed13_solution027,org.mybatis.jpetstore.service.CatalogService,org.mybatis.jpetstore.service.CatalogService,3
jpetstore,13,seed13_solution027,org.mybatis.jpetstore.service.OrderService,org.mybatis.jpetstore.service.OrderService,2
jpetstore,13,seed13_solution027,org.mybatis.jpetstore.web.actions.AbstractActionBean,org.mybatis.jpetstore.web.actions.AbstractActionBean,0
jpetstore,13,seed13_solution027,org.mybatis.jpetstore.web.actions.AccountActionBean,org.mybatis.jpetstore.web.actions.AccountActionBean,0
jpetstore,13,seed13_solution027,org.mybatis.jpetstore.web.actions.CartActionBean,org.mybatis.jpetstore.web.actions.CartActionBean,0
jpetstore,13,seed13_solution027,org.mybatis.jpetstore.web.actions.CatalogActionBean,org.mybatis.jpetstore.web.actions.CatalogActionBean,0
jpetstore,13,seed13_solution027,org.mybatis.jpetstore.web.actions.OrderActionBean,org.mybatis.jpetstore.web.actions.OrderActionBean,0
jpetstore,13,seed13_solution028,org.mybatis.jpetstore.domain.Account,org.mybatis.jpetstore.domain.Account,0
jpetstore,13,seed13_solution028,org.mybatis.jpetstore.domain.Cart,org.mybatis.jpetstore.domain.Cart,1
jpetstore,13,seed13_solution028,org.mybatis.jpetstore.domain.CartItem,org.mybatis.jpetstore.domain.CartItem,1
jpetstore,13,seed13_solution028,org.mybatis.jpetstore.domain.Category,org.mybatis.jpetstore.domain.Category,2
jpetstore,13,seed13_solution028,org.mybatis.jpetstore.domain.Item,org.mybatis.jpetstore.domain.Item,1
jpetstore,13,seed13_solution028,org.mybatis.jpetstore.domain.LineItem,org.mybatis.jpetstore.domain.LineItem,1
jpetstore,13,seed13_solution028,org.mybatis.jpetstore.domain.Order,org.mybatis.jpetstore.domain.Order,0
jpetstore,13,seed13_solution028,org.mybatis.jpetstore.domain.Product,org.mybatis.jpetstore.domain.Product,1
jpetstore,13,seed13_solution028,org.mybatis.jpetstore.domain.Sequence,org.mybatis.jpetstore.domain.Sequence,2
jpetstore,13,seed13_solution028,org.mybatis.jpetstore.mapper.AccountMapper,org.mybatis.jpetstore.mapper.AccountMapper,0
jpetstore,13,seed13_solution028,org.mybatis.jpetstore.mapper.CategoryMapper,org.mybatis.jpetstore.mapper.CategoryMapper,2
jpetstore,13,seed13_solution028,org.mybatis.jpetstore.mapper.ItemMapper,org.mybatis.jpetstore.mapper.ItemMapper,2
jpetstore,13,seed13_solution028,org.mybatis.jpetstore.mapper.LineItemMapper,org.mybatis.jpetstore.mapper.LineItemMapper,3
jpetstore,13,seed13_solution028,org.mybatis.jpetstore.mapper.OrderMapper,org.mybatis.jpetstore.mapper.OrderMapper,3
jpetstore,13,seed13_solution028,org.mybatis.jpetstore.mapper.ProductMapper,org.mybatis.jpetstore.mapper.ProductMapper,2
jpetstore,13,seed13_solution028,org.mybatis.jpetstore.mapper.SequenceMapper,org.mybatis.jpetstore.mapper.SequenceMapper,3
jpetstore,13,seed13_solution028,org.mybatis.jpetstore.service.AccountService,org.mybatis.jpetstore.service.AccountService,0
jpetstore,13,seed13_solution028,org.mybatis.jpetstore.service.CatalogService,org.mybatis.jpetstore.service.CatalogService,2
jpetstore,13,seed13_solution028,org.mybatis.jpetstore.service.OrderService,org.mybatis.jpetstore.service.OrderService,3
jpetstore,13,seed13_solution028,org.mybatis.jpetstore.web.actions.AbstractActionBean,org.mybatis.jpetstore.web.actions.AbstractActionBean,3
jpetstore,13,seed13_solution028,org.mybatis.jpetstore.web.actions.AccountActionBean,org.mybatis.jpetstore.web.actions.AccountActionBean,0
jpetstore,13,seed13_solution028,org.mybatis.jpetstore.web.actions.CartActionBean,org.mybatis.jpetstore.web.actions.CartActionBean,1
jpetstore,13,seed13_solution028,org.mybatis.jpetstore.web.actions.CatalogActionBean,org.mybatis.jpetstore.web.actions.CatalogActionBean,3
jpetstore,13,seed13_solution028,org.mybatis.jpetstore.web.actions.OrderActionBean,org.mybatis.jpetstore.web.actions.OrderActionBean,0
jpetstore,13,seed13_solution029,org.mybatis.jpetstore.domain.Account,org.mybatis.jpetstore.domain.Account,0
jpetstore,13,seed13_solution029,org.mybatis.jpetstore.domain.Cart,org.mybatis.jpetstore.domain.Cart,1
jpetstore,13,seed13_solution029,org.mybatis.jpetstore.domain.CartItem,org.mybatis.jpetstore.domain.CartItem,1
jpetstore,13,seed13_solution029,org.mybatis.jpetstore.domain.Category,org.mybatis.jpetstore.domain.Category,1
jpetstore,13,seed13_solution029,org.mybatis.jpetstore.domain.Item,org.mybatis.jpetstore.domain.Item,1
jpetstore,13,seed13_solution029,org.mybatis.jpetstore.domain.LineItem,org.mybatis.jpetstore.domain.LineItem,1
jpetstore,13,seed13_solution029,org.mybatis.jpetstore.domain.Order,org.mybatis.jpetstore.domain.Order,0
jpetstore,13,seed13_solution029,org.mybatis.jpetstore.domain.Product,org.mybatis.jpetstore.domain.Product,2
jpetstore,13,seed13_solution029,org.mybatis.jpetstore.domain.Sequence,org.mybatis.jpetstore.domain.Sequence,3
jpetstore,13,seed13_solution029,org.mybatis.jpetstore.mapper.AccountMapper,org.mybatis.jpetstore.mapper.AccountMapper,0
jpetstore,13,seed13_solution029,org.mybatis.jpetstore.mapper.CategoryMapper,org.mybatis.jpetstore.mapper.CategoryMapper,2
jpetstore,13,seed13_solution029,org.mybatis.jpetstore.mapper.ItemMapper,org.mybatis.jpetstore.mapper.ItemMapper,2
jpetstore,13,seed13_solution029,org.mybatis.jpetstore.mapper.LineItemMapper,org.mybatis.jpetstore.mapper.LineItemMapper,2
jpetstore,13,seed13_solution029,org.mybatis.jpetstore.mapper.OrderMapper,org.mybatis.jpetstore.mapper.OrderMapper,2
jpetstore,13,seed13_solution029,org.mybatis.jpetstore.mapper.ProductMapper,org.mybatis.jpetstore.mapper.ProductMapper,2
jpetstore,13,seed13_solution029,org.mybatis.jpetstore.mapper.SequenceMapper,org.mybatis.jpetstore.mapper.SequenceMapper,3
jpetstore,13,seed13_solution029,org.mybatis.jpetstore.service.AccountService,org.mybatis.jpetstore.service.AccountService,0
jpetstore,13,seed13_solution029,org.mybatis.jpetstore.service.CatalogService,org.mybatis.jpetstore.service.CatalogService,2
jpetstore,13,seed13_solution029,org.mybatis.jpetstore.service.OrderService,org.mybatis.jpetstore.service.OrderService,3
jpetstore,13,seed13_solution029,org.mybatis.jpetstore.web.actions.AbstractActionBean,org.mybatis.jpetstore.web.actions.AbstractActionBean,0
jpetstore,13,seed13_solution029,org.mybatis.jpetstore.web.actions.AccountActionBean,org.mybatis.jpetstore.web.actions.AccountActionBean,0
jpetstore,13,seed13_solution029,org.mybatis.jpetstore.web.actions.CartActionBean,org.mybatis.jpetstore.web.actions.CartActionBean,0
jpetstore,13,seed13_solution029,org.mybatis.jpetstore.web.actions.CatalogActionBean,org.mybatis.jpetstore.web.actions.CatalogActionBean,0
jpetstore,13,seed13_solution029,org.mybatis.jpetstore.web.actions.OrderActionBean,org.mybatis.jpetstore.web.actions.OrderActionBean,0
jpetstore,13,seed13_solution030,org.mybatis.jpetstore.domain.Account,org.mybatis.jpetstore.domain.Account,0
jpetstore,13,seed13_solution030,org.mybatis.jpetstore.domain.Cart,org.mybatis.jpetstore.domain.Cart,1
jpetstore,13,seed13_solution030,org.mybatis.jpetstore.domain.CartItem,org.mybatis.jpetstore.domain.CartItem,1
jpetstore,13,seed13_solution030,org.mybatis.jpetstore.domain.Category,org.mybatis.jpetstore.domain.Category,2
jpetstore,13,seed13_solution030,org.mybatis.jpetstore.domain.Item,org.mybatis.jpetstore.domain.Item,1
jpetstore,13,seed13_solution030,org.mybatis.jpetstore.domain.LineItem,org.mybatis.jpetstore.domain.LineItem,3
jpetstore,13,seed13_solution030,org.mybatis.jpetstore.domain.Order,org.mybatis.jpetstore.domain.Order,0
jpetstore,13,seed13_solution030,org.mybatis.jpetstore.domain.Product,org.mybatis.jpetstore.domain.Product,1
jpetstore,13,seed13_solution030,org.mybatis.jpetstore.domain.Sequence,org.mybatis.jpetstore.domain.Sequence,3
jpetstore,13,seed13_solution030,org.mybatis.jpetstore.mapper.AccountMapper,org.mybatis.jpetstore.mapper.AccountMapper,4
jpetstore,13,seed13_solution030,org.mybatis.jpetstore.mapper.CategoryMapper,org.mybatis.jpetstore.mapper.CategoryMapper,2
jpetstore,13,seed13_solution030,org.mybatis.jpetstore.mapper.ItemMapper,org.mybatis.jpetstore.mapper.ItemMapper,2
jpetstore,13,seed13_solution030,org.mybatis.jpetstore.mapper.LineItemMapper,org.mybatis.jpetstore.mapper.LineItemMapper,3
jpetstore,13,seed13_solution030,org.mybatis.jpetstore.mapper.OrderMapper,org.mybatis.jpetstore.mapper.OrderMapper,3
jpetstore,13,seed13_solution030,org.mybatis.jpetstore.mapper.ProductMapper,org.mybatis.jpetstore.mapper.ProductMapper,4
jpetstore,13,seed13_solution030,org.mybatis.jpetstore.mapper.SequenceMapper,org.mybatis.jpetstore.mapper.SequenceMapper,3
jpetstore,13,seed13_solution030,org.mybatis.jpetstore.service.AccountService,org.mybatis.jpetstore.service.AccountService,4
jpetstore,13,seed13_solution030,org.mybatis.jpetstore.service.CatalogService,org.mybatis.jpetstore.service.CatalogService,2
jpetstore,13,seed13_solution030,org.mybatis.jpetstore.service.OrderService,org.mybatis.jpetstore.service.OrderService,3
jpetstore,13,seed13_solution030,org.mybatis.jpetstore.web.actions.AbstractActionBean,org.mybatis.jpetstore.web.actions.AbstractActionBean,1
jpetstore,13,seed13_solution030,org.mybatis.jpetstore.web.actions.AccountActionBean,org.mybatis.jpetstore.web.actions.AccountActionBean,0
jpetstore,13,seed13_solution030,org.mybatis.jpetstore.web.actions.CartActionBean,org.mybatis.jpetstore.web.actions.CartActionBean,1
jpetstore,13,seed13_solution030,org.mybatis.jpetstore.web.actions.CatalogActionBean,org.mybatis.jpetstore.web.actions.CatalogActionBean,2
jpetstore,13,seed13_solution030,org.mybatis.jpetstore.web.actions.OrderActionBean,org.mybatis.jpetstore.web.actions.OrderActionBean,0
jpetstore,13,seed13_solution031,org.mybatis.jpetstore.domain.Account,org.mybatis.jpetstore.domain.Account,0
jpetstore,13,seed13_solution031,org.mybatis.jpetstore.domain.Cart,org.mybatis.jpetstore.domain.Cart,1
jpetstore,13,seed13_solution031,org.mybatis.jpetstore.domain.CartItem,org.mybatis.jpetstore.domain.CartItem,1
jpetstore,13,seed13_solution031,org.mybatis.jpetstore.domain.Category,org.mybatis.jpetstore.domain.Category,2
jpetstore,13,seed13_solution031,org.mybatis.jpetstore.domain.Item,org.mybatis.jpetstore.domain.Item,2
jpetstore,13,seed13_solution031,org.mybatis.jpetstore.domain.LineItem,org.mybatis.jpetstore.domain.LineItem,3
jpetstore,13,seed13_solution031,org.mybatis.jpetstore.domain.Order,org.mybatis.jpetstore.domain.Order,0
jpetstore,13,seed13_solution031,org.mybatis.jpetstore.domain.Product,org.mybatis.jpetstore.domain.Product,3
jpetstore,13,seed13_solution031,org.mybatis.jpetstore.domain.Sequence,org.mybatis.jpetstore.domain.Sequence,3
jpetstore,13,seed13_solution031,org.mybatis.jpetstore.mapper.AccountMapper,org.mybatis.jpetstore.mapper.AccountMapper,4
jpetstore,13,seed13_solution031,org.mybatis.jpetstore.mapper.CategoryMapper,org.mybatis.jpetstore.mapper.CategoryMapper,2
jpetstore,13,seed13_solution031,org.mybatis.jpetstore.mapper.ItemMapper,org.mybatis.jpetstore.mapper.ItemMapper,2
jpetstore,13,seed13_solution031,org.mybatis.jpetstore.mapper.LineItemMapper,org.mybatis.jpetstore.mapper.LineItemMapper,2
jpetstore,13,seed13_solution031,org.mybatis.jpetstore.mapper.OrderMapper,org.mybatis.jpetstore.mapper.OrderMapper,3
jpetstore,13,seed13_solution031,org.mybatis.jpetstore.mapper.ProductMapper,org.mybatis.jpetstore.mapper.ProductMapper,2
jpetstore,13,seed13_solution031,org.mybatis.jpetstore.mapper.SequenceMapper,org.mybatis.jpetstore.mapper.SequenceMapper,3
jpetstore,13,seed13_solution031,org.mybatis.jpetstore.service.AccountService,org.mybatis.jpetstore.service.AccountService,4
jpetstore,13,seed13_solution031,org.mybatis.jpetstore.service.CatalogService,org.mybatis.jpetstore.service.CatalogService,2
jpetstore,13,seed13_solution031,org.mybatis.jpetstore.service.OrderService,org.mybatis.jpetstore.service.OrderService,3
jpetstore,13,seed13_solution031,org.mybatis.jpetstore.web.actions.AbstractActionBean,org.mybatis.jpetstore.web.actions.AbstractActionBean,0
jpetstore,13,seed13_solution031,org.mybatis.jpetstore.web.actions.AccountActionBean,org.mybatis.jpetstore.web.actions.AccountActionBean,0
jpetstore,13,seed13_solution031,org.mybatis.jpetstore.web.actions.CartActionBean,org.mybatis.jpetstore.web.actions.CartActionBean,1
jpetstore,13,seed13_solution031,org.mybatis.jpetstore.web.actions.CatalogActionBean,org.mybatis.jpetstore.web.actions.CatalogActionBean,2
jpetstore,13,seed13_solution031,org.mybatis.jpetstore.web.actions.OrderActionBean,org.mybatis.jpetstore.web.actions.OrderActionBean,0
jpetstore,13,seed13_solution032,org.mybatis.jpetstore.domain.Account,org.mybatis.jpetstore.domain.Account,0
jpetstore,13,seed13_solution032,org.mybatis.jpetstore.domain.Cart,org.mybatis.jpetstore.domain.Cart,1
jpetstore,13,seed13_solution032,org.mybatis.jpetstore.domain.CartItem,org.mybatis.jpetstore.domain.CartItem,1
jpetstore,13,seed13_solution032,org.mybatis.jpetstore.domain.Category,org.mybatis.jpetstore.domain.Category,2
jpetstore,13,seed13_solution032,org.mybatis.jpetstore.domain.Item,org.mybatis.jpetstore.domain.Item,1
jpetstore,13,seed13_solution032,org.mybatis.jpetstore.domain.LineItem,org.mybatis.jpetstore.domain.LineItem,3
jpetstore,13,seed13_solution032,org.mybatis.jpetstore.domain.Order,org.mybatis.jpetstore.domain.Order,0
jpetstore,13,seed13_solution032,org.mybatis.jpetstore.domain.Product,org.mybatis.jpetstore.domain.Product,2
jpetstore,13,seed13_solution032,org.mybatis.jpetstore.domain.Sequence,org.mybatis.jpetstore.domain.Sequence,3
jpetstore,13,seed13_solution032,org.mybatis.jpetstore.mapper.AccountMapper,org.mybatis.jpetstore.mapper.AccountMapper,4
jpetstore,13,seed13_solution032,org.mybatis.jpetstore.mapper.CategoryMapper,org.mybatis.jpetstore.mapper.CategoryMapper,2
jpetstore,13,seed13_solution032,org.mybatis.jpetstore.mapper.ItemMapper,org.mybatis.jpetstore.mapper.ItemMapper,2
jpetstore,13,seed13_solution032,org.mybatis.jpetstore.mapper.LineItemMapper,org.mybatis.jpetstore.mapper.LineItemMapper,3
jpetstore,13,seed13_solution032,org.mybatis.jpetstore.mapper.OrderMapper,org.mybatis.jpetstore.mapper.OrderMapper,3
jpetstore,13,seed13_solution032,org.mybatis.jpetstore.mapper.ProductMapper,org.mybatis.jpetstore.mapper.ProductMapper,2
jpetstore,13,seed13_solution032,org.mybatis.jpetstore.mapper.SequenceMapper,org.mybatis.jpetstore.mapper.SequenceMapper,1
jpetstore,13,seed13_solution032,org.mybatis.jpetstore.service.AccountService,org.mybatis.jpetstore.service.AccountService,4
jpetstore,13,seed13_solution032,org.mybatis.jpetstore.service.CatalogService,org.mybatis.jpetstore.service.CatalogService,2
jpetstore,13,seed13_solution032,org.mybatis.jpetstore.service.OrderService,org.mybatis.jpetstore.service.OrderService,3
jpetstore,13,seed13_solution032,org.mybatis.jpetstore.web.actions.AbstractActionBean,org.mybatis.jpetstore.web.actions.AbstractActionBean,1
jpetstore,13,seed13_solution032,org.mybatis.jpetstore.web.actions.AccountActionBean,org.mybatis.jpetstore.web.actions.AccountActionBean,0
jpetstore,13,seed13_solution032,org.mybatis.jpetstore.web.actions.CartActionBean,org.mybatis.jpetstore.web.actions.CartActionBean,1
jpetstore,13,seed13_solution032,org.mybatis.jpetstore.web.actions.CatalogActionBean,org.mybatis.jpetstore.web.actions.CatalogActionBean,2
jpetstore,13,seed13_solution032,org.mybatis.jpetstore.web.actions.OrderActionBean,org.mybatis.jpetstore.web.actions.OrderActionBean,0
jpetstore,13,seed13_solution033,org.mybatis.jpetstore.domain.Account,org.mybatis.jpetstore.domain.Account,0
jpetstore,13,seed13_solution033,org.mybatis.jpetstore.domain.Cart,org.mybatis.jpetstore.domain.Cart,1
jpetstore,13,seed13_solution033,org.mybatis.jpetstore.domain.CartItem,org.mybatis.jpetstore.domain.CartItem,1
jpetstore,13,seed13_solution033,org.mybatis.jpetstore.domain.Category,org.mybatis.jpetstore.domain.Category,2
jpetstore,13,seed13_solution033,org.mybatis.jpetstore.domain.Item,org.mybatis.jpetstore.domain.Item,1
jpetstore,13,seed13_solution033,org.mybatis.jpetstore.domain.LineItem,org.mybatis.jpetstore.domain.LineItem,3
jpetstore,13,seed13_solution033,org.mybatis.jpetstore.domain.Order,org.mybatis.jpetstore.domain.Order,0
jpetstore,13,seed13_solution033,org.mybatis.jpetstore.domain.Product,org.mybatis.jpetstore.domain.Product,2
jpetstore,13,seed13_solution033,org.mybatis.jpetstore.domain.Sequence,org.mybatis.jpetstore.domain.Sequence,3
jpetstore,13,seed13_solution033,org.mybatis.jpetstore.mapper.AccountMapper,org.mybatis.jpetstore.mapper.AccountMapper,4
jpetstore,13,seed13_solution033,org.mybatis.jpetstore.mapper.CategoryMapper,org.mybatis.jpetstore.mapper.CategoryMapper,2
jpetstore,13,seed13_solution033,org.mybatis.jpetstore.mapper.ItemMapper,org.mybatis.jpetstore.mapper.ItemMapper,2
jpetstore,13,seed13_solution033,org.mybatis.jpetstore.mapper.LineItemMapper,org.mybatis.jpetstore.mapper.LineItemMapper,3
jpetstore,13,seed13_solution033,org.mybatis.jpetstore.mapper.OrderMapper,org.mybatis.jpetstore.mapper.OrderMapper,3
jpetstore,13,seed13_solution033,org.mybatis.jpetstore.mapper.ProductMapper,org.mybatis.jpetstore.mapper.ProductMapper,2
jpetstore,13,seed13_solution033,org.mybatis.jpetstore.mapper.SequenceMapper,org.mybatis.jpetstore.mapper.SequenceMapper,1
jpetstore,13,seed13_solution033,org.mybatis.jpetstore.service.AccountService,org.mybatis.jpetstore.service.AccountService,4
jpetstore,13,seed13_solution033,org.mybatis.jpetstore.service.CatalogService,org.mybatis.jpetstore.service.CatalogService,2
jpetstore,13,seed13_solution033,org.mybatis.jpetstore.service.OrderService,org.mybatis.jpetstore.service.OrderService,3
jpetstore,13,seed13_solution033,org.mybatis.jpetstore.web.actions.AbstractActionBean,org.mybatis.jpetstore.web.actions.AbstractActionBean,0
jpetstore,13,seed13_solution033,org.mybatis.jpetstore.web.actions.AccountActionBean,org.mybatis.jpetstore.web.actions.AccountActionBean,0
jpetstore,13,seed13_solution033,org.mybatis.jpetstore.web.actions.CartActionBean,org.mybatis.jpetstore.web.actions.CartActionBean,0
jpetstore,13,seed13_solution033,org.mybatis.jpetstore.web.actions.CatalogActionBean,org.mybatis.jpetstore.web.actions.CatalogActionBean,2
jpetstore,13,seed13_solution033,org.mybatis.jpetstore.web.actions.OrderActionBean,org.mybatis.jpetstore.web.actions.OrderActionBean,0
jpetstore,13,seed13_solution034,org.mybatis.jpetstore.domain.Account,org.mybatis.jpetstore.domain.Account,0
jpetstore,13,seed13_solution034,org.mybatis.jpetstore.domain.Cart,org.mybatis.jpetstore.domain.Cart,1
jpetstore,13,seed13_solution034,org.mybatis.jpetstore.domain.CartItem,org.mybatis.jpetstore.domain.CartItem,1
jpetstore,13,seed13_solution034,org.mybatis.jpetstore.domain.Category,org.mybatis.jpetstore.domain.Category,2
jpetstore,13,seed13_solution034,org.mybatis.jpetstore.domain.Item,org.mybatis.jpetstore.domain.Item,1
jpetstore,13,seed13_solution034,org.mybatis.jpetstore.domain.LineItem,org.mybatis.jpetstore.domain.LineItem,3
jpetstore,13,seed13_solution034,org.mybatis.jpetstore.domain.Order,org.mybatis.jpetstore.domain.Order,0
jpetstore,13,seed13_solution034,org.mybatis.jpetstore.domain.Product,org.mybatis.jpetstore.domain.Product,2
jpetstore,13,seed13_solution034,org.mybatis.jpetstore.domain.Sequence,org.mybatis.jpetstore.domain.Sequence,2
jpetstore,13,seed13_solution034,org.mybatis.jpetstore.mapper.AccountMapper,org.mybatis.jpetstore.mapper.AccountMapper,4
jpetstore,13,seed13_solution034,org.mybatis.jpetstore.mapper.CategoryMapper,org.mybatis.jpetstore.mapper.CategoryMapper,2
jpetstore,13,seed13_solution034,org.mybatis.jpetstore.mapper.ItemMapper,org.mybatis.jpetstore.mapper.ItemMapper,2
jpetstore,13,seed13_solution034,org.mybatis.jpetstore.mapper.LineItemMapper,org.mybatis.jpetstore.mapper.LineItemMapper,3
jpetstore,13,seed13_solution034,org.mybatis.jpetstore.mapper.OrderMapper,org.mybatis.jpetstore.mapper.OrderMapper,3
jpetstore,13,seed13_solution034,org.mybatis.jpetstore.mapper.ProductMapper,org.mybatis.jpetstore.mapper.ProductMapper,2
jpetstore,13,seed13_solution034,org.mybatis.jpetstore.mapper.SequenceMapper,org.mybatis.jpetstore.mapper.SequenceMapper,3
jpetstore,13,seed13_solution034,org.mybatis.jpetstore.service.AccountService,org.mybatis.jpetstore.service.AccountService,4
jpetstore,13,seed13_solution034,org.mybatis.jpetstore.service.CatalogService,org.mybatis.jpetstore.service.CatalogService,2
jpetstore,13,seed13_solution034,org.mybatis.jpetstore.service.OrderService,org.mybatis.jpetstore.service.OrderService,3
jpetstore,13,seed13_solution034,org.mybatis.jpetstore.web.actions.AbstractActionBean,org.mybatis.jpetstore.web.actions.AbstractActionBean,0
jpetstore,13,seed13_solution034,org.mybatis.jpetstore.web.actions.AccountActionBean,org.mybatis.jpetstore.web.actions.AccountActionBean,0
jpetstore,13,seed13_solution034,org.mybatis.jpetstore.web.actions.CartActionBean,org.mybatis.jpetstore.web.actions.CartActionBean,0
jpetstore,13,seed13_solution034,org.mybatis.jpetstore.web.actions.CatalogActionBean,org.mybatis.jpetstore.web.actions.CatalogActionBean,2
jpetstore,13,seed13_solution034,org.mybatis.jpetstore.web.actions.OrderActionBean,org.mybatis.jpetstore.web.actions.OrderActionBean,0
jpetstore,13,seed13_solution035,org.mybatis.jpetstore.domain.Account,org.mybatis.jpetstore.domain.Account,0
jpetstore,13,seed13_solution035,org.mybatis.jpetstore.domain.Cart,org.mybatis.jpetstore.domain.Cart,1
jpetstore,13,seed13_solution035,org.mybatis.jpetstore.domain.CartItem,org.mybatis.jpetstore.domain.CartItem,1
jpetstore,13,seed13_solution035,org.mybatis.jpetstore.domain.Category,org.mybatis.jpetstore.domain.Category,2
jpetstore,13,seed13_solution035,org.mybatis.jpetstore.domain.Item,org.mybatis.jpetstore.domain.Item,1
jpetstore,13,seed13_solution035,org.mybatis.jpetstore.domain.LineItem,org.mybatis.jpetstore.domain.LineItem,3
jpetstore,13,seed13_solution035,org.mybatis.jpetstore.domain.Order,org.mybatis.jpetstore.domain.Order,0
jpetstore,13,seed13_solution035,org.mybatis.jpetstore.domain.Product,org.mybatis.jpetstore.domain.Product,1
jpetstore,13,seed13_solution035,org.mybatis.jpetstore.domain.Sequence,org.mybatis.jpetstore.domain.Sequence,2
jpetstore,13,seed13_solution035,org.mybatis.jpetstore.mapper.AccountMapper,org.mybatis.jpetstore.mapper.AccountMapper,4
jpetstore,13,seed13_solution035,org.mybatis.jpetstore.mapper.CategoryMapper,org.mybatis.jpetstore.mapper.CategoryMapper,2
jpetstore,13,seed13_solution035,org.mybatis.jpetstore.mapper.ItemMapper,org.mybatis.jpetstore.mapper.ItemMapper,3
jpetstore,13,seed13_solution035,org.mybatis.jpetstore.mapper.LineItemMapper,org.mybatis.jpetstore.mapper.LineItemMapper,2
jpetstore,13,seed13_solution035,org.mybatis.jpetstore.mapper.OrderMapper,org.mybatis.jpetstore.mapper.OrderMapper,3
jpetstore,13,seed13_solution035,org.mybatis.jpetstore.mapper.ProductMapper,org.mybatis.jpetstore.mapper.ProductMapper,3
jpetstore,13,seed13_solution035,org.mybatis.jpetstore.mapper.SequenceMapper,org.mybatis.jpetstore.mapper.SequenceMapper,2
jpetstore,13,seed13_solution035,org.mybatis.jpetstore.service.AccountService,org.mybatis.jpetstore.service.AccountService,4
jpetstore,13,seed13_solution035,org.mybatis.jpetstore.service.CatalogService,org.mybatis.jpetstore.service.CatalogService,3
jpetstore,13,seed13_solution035,org.mybatis.jpetstore.service.OrderService,org.mybatis.jpetstore.service.OrderService,3
jpetstore,13,seed13_solution035,org.mybatis.jpetstore.web.actions.AbstractActionBean,org.mybatis.jpetstore.web.actions.AbstractActionBean,0
jpetstore,13,seed13_solution035,org.mybatis.jpetstore.web.actions.AccountActionBean,org.mybatis.jpetstore.web.actions.AccountActionBean,0
jpetstore,13,seed13_solution035,org.mybatis.jpetstore.web.actions.CartActionBean,org.mybatis.jpetstore.web.actions.CartActionBean,1
jpetstore,13,seed13_solution035,org.mybatis.jpetstore.web.actions.CatalogActionBean,org.mybatis.jpetstore.web.actions.CatalogActionBean,3
jpetstore,13,seed13_solution035,org.mybatis.jpetstore.web.actions.OrderActionBean,org.mybatis.jpetstore.web.actions.OrderActionBean,0
jpetstore,13,seed13_solution036,org.mybatis.jpetstore.domain.Account,org.mybatis.jpetstore.domain.Account,0
jpetstore,13,seed13_solution036,org.mybatis.jpetstore.domain.Cart,org.mybatis.jpetstore.domain.Cart,1
jpetstore,13,seed13_solution036,org.mybatis.jpetstore.domain.CartItem,org.mybatis.jpetstore.domain.CartItem,1
jpetstore,13,seed13_solution036,org.mybatis.jpetstore.domain.Category,org.mybatis.jpetstore.domain.Category,2
jpetstore,13,seed13_solution036,org.mybatis.jpetstore.domain.Item,org.mybatis.jpetstore.domain.Item,1
jpetstore,13,seed13_solution036,org.mybatis.jpetstore.domain.LineItem,org.mybatis.jpetstore.domain.LineItem,3
jpetstore,13,seed13_solution036,org.mybatis.jpetstore.domain.Order,org.mybatis.jpetstore.domain.Order,0
jpetstore,13,seed13_solution036,org.mybatis.jpetstore.domain.Product,org.mybatis.jpetstore.domain.Product,2
jpetstore,13,seed13_solution036,org.mybatis.jpetstore.domain.Sequence,org.mybatis.jpetstore.domain.Sequence,3
jpetstore,13,seed13_solution036,org.mybatis.jpetstore.mapper.AccountMapper,org.mybatis.jpetstore.mapper.AccountMapper,3
jpetstore,13,seed13_solution036,org.mybatis.jpetstore.mapper.CategoryMapper,org.mybatis.jpetstore.mapper.CategoryMapper,2
jpetstore,13,seed13_solution036,org.mybatis.jpetstore.mapper.ItemMapper,org.mybatis.jpetstore.mapper.ItemMapper,3
jpetstore,13,seed13_solution036,org.mybatis.jpetstore.mapper.LineItemMapper,org.mybatis.jpetstore.mapper.LineItemMapper,3
jpetstore,13,seed13_solution036,org.mybatis.jpetstore.mapper.OrderMapper,org.mybatis.jpetstore.mapper.OrderMapper,3
jpetstore,13,seed13_solution036,org.mybatis.jpetstore.mapper.ProductMapper,org.mybatis.jpetstore.mapper.ProductMapper,2
jpetstore,13,seed13_solution036,org.mybatis.jpetstore.mapper.SequenceMapper,org.mybatis.jpetstore.mapper.SequenceMapper,3
jpetstore,13,seed13_solution036,org.mybatis.jpetstore.service.AccountService,org.mybatis.jpetstore.service.AccountService,3
jpetstore,13,seed13_solution036,org.mybatis.jpetstore.service.CatalogService,org.mybatis.jpetstore.service.CatalogService,2
jpetstore,13,seed13_solution036,org.mybatis.jpetstore.service.OrderService,org.mybatis.jpetstore.service.OrderService,3
jpetstore,13,seed13_solution036,org.mybatis.jpetstore.web.actions.AbstractActionBean,org.mybatis.jpetstore.web.actions.AbstractActionBean,0
jpetstore,13,seed13_solution036,org.mybatis.jpetstore.web.actions.AccountActionBean,org.mybatis.jpetstore.web.actions.AccountActionBean,0
jpetstore,13,seed13_solution036,org.mybatis.jpetstore.web.actions.CartActionBean,org.mybatis.jpetstore.web.actions.CartActionBean,0
jpetstore,13,seed13_solution036,org.mybatis.jpetstore.web.actions.CatalogActionBean,org.mybatis.jpetstore.web.actions.CatalogActionBean,0
jpetstore,13,seed13_solution036,org.mybatis.jpetstore.web.actions.OrderActionBean,org.mybatis.jpetstore.web.actions.OrderActionBean,0
jpetstore,13,seed13_solution037,org.mybatis.jpetstore.domain.Account,org.mybatis.jpetstore.domain.Account,0
jpetstore,13,seed13_solution037,org.mybatis.jpetstore.domain.Cart,org.mybatis.jpetstore.domain.Cart,1
jpetstore,13,seed13_solution037,org.mybatis.jpetstore.domain.CartItem,org.mybatis.jpetstore.domain.CartItem,1
jpetstore,13,seed13_solution037,org.mybatis.jpetstore.domain.Category,org.mybatis.jpetstore.domain.Category,2
jpetstore,13,seed13_solution037,org.mybatis.jpetstore.domain.Item,org.mybatis.jpetstore.domain.Item,1
jpetstore,13,seed13_solution037,org.mybatis.jpetstore.domain.LineItem,org.mybatis.jpetstore.domain.LineItem,3
jpetstore,13,seed13_solution037,org.mybatis.jpetstore.domain.Order,org.mybatis.jpetstore.domain.Order,0
jpetstore,13,seed13_solution037,org.mybatis.jpetstore.domain.Product,org.mybatis.jpetstore.domain.Product,2
jpetstore,13,seed13_solution037,org.mybatis.jpetstore.domain.Sequence,org.mybatis.jpetstore.domain.Sequence,3
jpetstore,13,seed13_solution037,org.mybatis.jpetstore.mapper.AccountMapper,org.mybatis.jpetstore.mapper.AccountMapper,4
jpetstore,13,seed13_solution037,org.mybatis.jpetstore.mapper.CategoryMapper,org.mybatis.jpetstore.mapper.CategoryMapper,4
jpetstore,13,seed13_solution037,org.mybatis.jpetstore.mapper.ItemMapper,org.mybatis.jpetstore.mapper.ItemMapper,2
jpetstore,13,seed13_solution037,org.mybatis.jpetstore.mapper.LineItemMapper,org.mybatis.jpetstore.mapper.LineItemMapper,3
jpetstore,13,seed13_solution037,org.mybatis.jpetstore.mapper.OrderMapper,org.mybatis.jpetstore.mapper.OrderMapper,4
jpetstore,13,seed13_solution037,org.mybatis.jpetstore.mapper.ProductMapper,org.mybatis.jpetstore.mapper.ProductMapper,2
jpetstore,13,seed13_solution037,org.mybatis.jpetstore.mapper.SequenceMapper,org.mybatis.jpetstore.mapper.SequenceMapper,3
jpetstore,13,seed13_solution037,org.mybatis.jpetstore.service.AccountService,org.mybatis.jpetstore.service.AccountService,4
jpetstore,13,seed13_solution037,org.mybatis.jpetstore.service.CatalogService,org.mybatis.jpetstore.service.CatalogService,2
jpetstore,13,seed13_solution037,org.mybatis.jpetstore.service.OrderService,org.mybatis.jpetstore.service.OrderService,3
jpetstore,13,seed13_solution037,org.mybatis.jpetstore.web.actions.AbstractActionBean,org.mybatis.jpetstore.web.actions.AbstractActionBean,1
jpetstore,13,seed13_solution037,org.mybatis.jpetstore.web.actions.AccountActionBean,org.mybatis.jpetstore.web.actions.AccountActionBean,0
jpetstore,13,seed13_solution037,org.mybatis.jpetstore.web.actions.CartActionBean,org.mybatis.jpetstore.web.actions.CartActionBean,1
jpetstore,13,seed13_solution037,org.mybatis.jpetstore.web.actions.CatalogActionBean,org.mybatis.jpetstore.web.actions.CatalogActionBean,2
jpetstore,13,seed13_solution037,org.mybatis.jpetstore.web.actions.OrderActionBean,org.mybatis.jpetstore.web.actions.OrderActionBean,0
jpetstore,13,seed13_solution038,org.mybatis.jpetstore.domain.Account,org.mybatis.jpetstore.domain.Account,0
jpetstore,13,seed13_solution038,org.mybatis.jpetstore.domain.Cart,org.mybatis.jpetstore.domain.Cart,1
jpetstore,13,seed13_solution038,org.mybatis.jpetstore.domain.CartItem,org.mybatis.jpetstore.domain.CartItem,1
jpetstore,13,seed13_solution038,org.mybatis.jpetstore.domain.Category,org.mybatis.jpetstore.domain.Category,2
jpetstore,13,seed13_solution038,org.mybatis.jpetstore.domain.Item,org.mybatis.jpetstore.domain.Item,1
jpetstore,13,seed13_solution038,org.mybatis.jpetstore.domain.LineItem,org.mybatis.jpetstore.domain.LineItem,1
jpetstore,13,seed13_solution038,org.mybatis.jpetstore.domain.Order,org.mybatis.jpetstore.domain.Order,0
jpetstore,13,seed13_solution038,org.mybatis.jpetstore.domain.Product,org.mybatis.jpetstore.domain.Product,2
jpetstore,13,seed13_solution038,org.mybatis.jpetstore.domain.Sequence,org.mybatis.jpetstore.domain.Sequence,3
jpetstore,13,seed13_solution038,org.mybatis.jpetstore.mapper.AccountMapper,org.mybatis.jpetstore.mapper.AccountMapper,4
jpetstore,13,seed13_solution038,org.mybatis.jpetstore.mapper.CategoryMapper,org.mybatis.jpetstore.mapper.CategoryMapper,2
jpetstore,13,seed13_solution038,org.mybatis.jpetstore.mapper.ItemMapper,org.mybatis.jpetstore.mapper.ItemMapper,2
jpetstore,13,seed13_solution038,org.mybatis.jpetstore.mapper.LineItemMapper,org.mybatis.jpetstore.mapper.LineItemMapper,3
jpetstore,13,seed13_solution038,org.mybatis.jpetstore.mapper.OrderMapper,org.mybatis.jpetstore.mapper.OrderMapper,3
jpetstore,13,seed13_solution038,org.mybatis.jpetstore.mapper.ProductMapper,org.mybatis.jpetstore.mapper.ProductMapper,5
jpetstore,13,seed13_solution038,org.mybatis.jpetstore.mapper.SequenceMapper,org.mybatis.jpetstore.mapper.SequenceMapper,3
jpetstore,13,seed13_solution038,org.mybatis.jpetstore.service.AccountService,org.mybatis.jpetstore.service.AccountService,4
jpetstore,13,seed13_solution038,org.mybatis.jpetstore.service.CatalogService,org.mybatis.jpetstore.service.CatalogService,2
jpetstore,13,seed13_solution038,org.mybatis.jpetstore.service.OrderService,org.mybatis.jpetstore.service.OrderService,3
jpetstore,13,seed13_solution038,org.mybatis.jpetstore.web.actions.AbstractActionBean,org.mybatis.jpetstore.web.actions.AbstractActionBean,5
jpetstore,13,seed13_solution038,org.mybatis.jpetstore.web.actions.AccountActionBean,org.mybatis.jpetstore.web.actions.AccountActionBean,0
jpetstore,13,seed13_solution038,org.mybatis.jpetstore.web.actions.CartActionBean,org.mybatis.jpetstore.web.actions.CartActionBean,1
jpetstore,13,seed13_solution038,org.mybatis.jpetstore.web.actions.CatalogActionBean,org.mybatis.jpetstore.web.actions.CatalogActionBean,2
jpetstore,13,seed13_solution038,org.mybatis.jpetstore.web.actions.OrderActionBean,org.mybatis.jpetstore.web.actions.OrderActionBean,0
jpetstore,13,seed13_solution039,org.mybatis.jpetstore.domain.Account,org.mybatis.jpetstore.domain.Account,0
jpetstore,13,seed13_solution039,org.mybatis.jpetstore.domain.Cart,org.mybatis.jpetstore.domain.Cart,1
jpetstore,13,seed13_solution039,org.mybatis.jpetstore.domain.CartItem,org.mybatis.jpetstore.domain.CartItem,1
jpetstore,13,seed13_solution039,org.mybatis.jpetstore.domain.Category,org.mybatis.jpetstore.domain.Category,2
jpetstore,13,seed13_solution039,org.mybatis.jpetstore.domain.Item,org.mybatis.jpetstore.domain.Item,2
jpetstore,13,seed13_solution039,org.mybatis.jpetstore.domain.LineItem,org.mybatis.jpetstore.domain.LineItem,3
jpetstore,13,seed13_solution039,org.mybatis.jpetstore.domain.Order,org.mybatis.jpetstore.domain.Order,0
jpetstore,13,seed13_solution039,org.mybatis.jpetstore.domain.Product,org.mybatis.jpetstore.domain.Product,4
jpetstore,13,seed13_solution039,org.mybatis.jpetstore.domain.Sequence,org.mybatis.jpetstore.domain.Sequence,3
jpetstore,13,seed13_solution039,org.mybatis.jpetstore.mapper.AccountMapper,org.mybatis.jpetstore.mapper.AccountMapper,4
jpetstore,13,seed13_solution039,org.mybatis.jpetstore.mapper.CategoryMapper,org.mybatis.jpetstore.mapper.CategoryMapper,2
jpetstore,13,seed13_solution039,org.mybatis.jpetstore.mapper.ItemMapper,org.mybatis.jpetstore.mapper.ItemMapper,2
jpetstore,13,seed13_solution039,org.mybatis.jpetstore.mapper.LineItemMapper,org.mybatis.jpetstore.mapper.LineItemMapper,3
jpetstore,13,seed13_solution039,org.mybatis.jpetstore.mapper.OrderMapper,org.mybatis.jpetstore.mapper.OrderMapper,3
jpetstore,13,seed13_solution039,org.mybatis.jpetstore.mapper.ProductMapper,org.mybatis.jpetstore.mapper.ProductMapper,4
jpetstore,13,seed13_solution039,org.mybatis.jpetstore.mapper.SequenceMapper,org.mybatis.jpetstore.mapper.SequenceMapper,3
jpetstore,13,seed13_solution039,org.mybatis.jpetstore.service.AccountService,org.mybatis.jpetstore.service.AccountService,4
jpetstore,13,seed13_solution039,org.mybatis.jpetstore.service.CatalogService,org.mybatis.jpetstore.service.CatalogService,2
jpetstore,13,seed13_solution039,org.mybatis.jpetstore.service.OrderService,org.mybatis.jpetstore.service.OrderService,3
jpetstore,13,seed13_solution039,org.mybatis.jpetstore.web.actions.AbstractActionBean,org.mybatis.jpetstore.web.actions.AbstractActionBean,1
jpetstore,13,seed13_solution039,org.mybatis.jpetstore.web.actions.AccountActionBean,org.mybatis.jpetstore.web.actions.AccountActionBean,0
jpetstore,13,seed13_solution039,org.mybatis.jpetstore.web.actions.CartActionBean,org.mybatis.jpetstore.web.actions.CartActionBean,1
jpetstore,13,seed13_solution039,org.mybatis.jpetstore.web.actions.CatalogActionBean,org.mybatis.jpetstore.web.actions.CatalogActionBean,2
jpetstore,13,seed13_solution039,org.mybatis.jpetstore.web.actions.OrderActionBean,org.mybatis.jpetstore.web.actions.OrderActionBean,0
jpetstore,13,seed13_solution040,org.mybatis.jpetstore.domain.Account,org.mybatis.jpetstore.domain.Account,0
jpetstore,13,seed13_solution040,org.mybatis.jpetstore.domain.Cart,org.mybatis.jpetstore.domain.Cart,1
jpetstore,13,seed13_solution040,org.mybatis.jpetstore.domain.CartItem,org.mybatis.jpetstore.domain.CartItem,1
jpetstore,13,seed13_solution040,org.mybatis.jpetstore.domain.Category,org.mybatis.jpetstore.domain.Category,2
jpetstore,13,seed13_solution040,org.mybatis.jpetstore.domain.Item,org.mybatis.jpetstore.domain.Item,2
jpetstore,13,seed13_solution040,org.mybatis.jpetstore.domain.LineItem,org.mybatis.jpetstore.domain.LineItem,3
jpetstore,13,seed13_solution040,org.mybatis.jpetstore.domain.Order,org.mybatis.jpetstore.domain.Order,0
jpetstore,13,seed13_solution040,org.mybatis.jpetstore.domain.Product,org.mybatis.jpetstore.domain.Product,2
jpetstore,13,seed13_solution040,org.mybatis.jpetstore.domain.Sequence,org.mybatis.jpetstore.domain.Sequence,3
jpetstore,13,seed13_solution040,org.mybatis.jpetstore.mapper.AccountMapper,org.mybatis.jpetstore.mapper.AccountMapper,4
jpetstore,13,seed13_solution040,org.mybatis.jpetstore.mapper.CategoryMapper,org.mybatis.jpetstore.mapper.CategoryMapper,2
jpetstore,13,seed13_solution040,org.mybatis.jpetstore.mapper.ItemMapper,org.mybatis.jpetstore.mapper.ItemMapper,2
jpetstore,13,seed13_solution040,org.mybatis.jpetstore.mapper.LineItemMapper,org.mybatis.jpetstore.mapper.LineItemMapper,3
jpetstore,13,seed13_solution040,org.mybatis.jpetstore.mapper.OrderMapper,org.mybatis.jpetstore.mapper.OrderMapper,3
jpetstore,13,seed13_solution040,org.mybatis.jpetstore.mapper.ProductMapper,org.mybatis.jpetstore.mapper.ProductMapper,2
jpetstore,13,seed13_solution040,org.mybatis.jpetstore.mapper.SequenceMapper,org.mybatis.jpetstore.mapper.SequenceMapper,3
jpetstore,13,seed13_solution040,org.mybatis.jpetstore.service.AccountService,org.mybatis.jpetstore.service.AccountService,4
jpetstore,13,seed13_solution040,org.mybatis.jpetstore.service.CatalogService,org.mybatis.jpetstore.service.CatalogService,2
jpetstore,13,seed13_solution040,org.mybatis.jpetstore.service.OrderService,org.mybatis.jpetstore.service.OrderService,3
jpetstore,13,seed13_solution040,org.mybatis.jpetstore.web.actions.AbstractActionBean,org.mybatis.jpetstore.web.actions.AbstractActionBean,3
jpetstore,13,seed13_solution040,org.mybatis.jpetstore.web.actions.AccountActionBean,org.mybatis.jpetstore.web.actions.AccountActionBean,0
jpetstore,13,seed13_solution040,org.mybatis.jpetstore.web.actions.CartActionBean,org.mybatis.jpetstore.web.actions.CartActionBean,1
jpetstore,13,seed13_solution040,org.mybatis.jpetstore.web.actions.CatalogActionBean,org.mybatis.jpetstore.web.actions.CatalogActionBean,2
jpetstore,13,seed13_solution040,org.mybatis.jpetstore.web.actions.OrderActionBean,org.mybatis.jpetstore.web.actions.OrderActionBean,3
jpetstore,13,seed13_solution041,org.mybatis.jpetstore.domain.Account,org.mybatis.jpetstore.domain.Account,0
jpetstore,13,seed13_solution041,org.mybatis.jpetstore.domain.Cart,org.mybatis.jpetstore.domain.Cart,1
jpetstore,13,seed13_solution041,org.mybatis.jpetstore.domain.CartItem,org.mybatis.jpetstore.domain.CartItem,1
jpetstore,13,seed13_solution041,org.mybatis.jpetstore.domain.Category,org.mybatis.jpetstore.domain.Category,1
jpetstore,13,seed13_solution041,org.mybatis.jpetstore.domain.Item,org.mybatis.jpetstore.domain.Item,1
jpetstore,13,seed13_solution041,org.mybatis.jpetstore.domain.LineItem,org.mybatis.jpetstore.domain.LineItem,1
jpetstore,13,seed13_solution041,org.mybatis.jpetstore.domain.Order,org.mybatis.jpetstore.domain.Order,0
jpetstore,13,seed13_solution041,org.mybatis.jpetstore.domain.Product,org.mybatis.jpetstore.domain.Product,1
jpetstore,13,seed13_solution041,org.mybatis.jpetstore.domain.Sequence,org.mybatis.jpetstore.domain.Sequence,2
jpetstore,13,seed13_solution041,org.mybatis.jpetstore.mapper.AccountMapper,org.mybatis.jpetstore.mapper.AccountMapper,0
jpetstore,13,seed13_solution041,org.mybatis.jpetstore.mapper.CategoryMapper,org.mybatis.jpetstore.mapper.CategoryMapper,3
jpetstore,13,seed13_solution041,org.mybatis.jpetstore.mapper.ItemMapper,org.mybatis.jpetstore.mapper.ItemMapper,2
jpetstore,13,seed13_solution041,org.mybatis.jpetstore.mapper.LineItemMapper,org.mybatis.jpetstore.mapper.LineItemMapper,3
jpetstore,13,seed13_solution041,org.mybatis.jpetstore.mapper.OrderMapper,org.mybatis.jpetstore.mapper.OrderMapper,3
jpetstore,13,seed13_solution041,org.mybatis.jpetstore.mapper.ProductMapper,org.mybatis.jpetstore.mapper.ProductMapper,3
jpetstore,13,seed13_solution041,org.mybatis.jpetstore.mapper.SequenceMapper,org.mybatis.jpetstore.mapper.SequenceMapper,3
jpetstore,13,seed13_solution041,org.mybatis.jpetstore.service.AccountService,org.mybatis.jpetstore.service.AccountService,0
jpetstore,13,seed13_solution041,org.mybatis.jpetstore.service.CatalogService,org.mybatis.jpetstore.service.CatalogService,2
jpetstore,13,seed13_solution041,org.mybatis.jpetstore.service.OrderService,org.mybatis.jpetstore.service.OrderService,2
jpetstore,13,seed13_solution041,org.mybatis.jpetstore.web.actions.AbstractActionBean,org.mybatis.jpetstore.web.actions.AbstractActionBean,0
jpetstore,13,seed13_solution041,org.mybatis.jpetstore.web.actions.AccountActionBean,org.mybatis.jpetstore.web.actions.AccountActionBean,0
jpetstore,13,seed13_solution041,org.mybatis.jpetstore.web.actions.CartActionBean,org.mybatis.jpetstore.web.actions.CartActionBean,0
jpetstore,13,seed13_solution041,org.mybatis.jpetstore.web.actions.CatalogActionBean,org.mybatis.jpetstore.web.actions.CatalogActionBean,0
jpetstore,13,seed13_solution041,org.mybatis.jpetstore.web.actions.OrderActionBean,org.mybatis.jpetstore.web.actions.OrderActionBean,0
jpetstore,13,seed13_solution042,org.mybatis.jpetstore.domain.Account,org.mybatis.jpetstore.domain.Account,0
jpetstore,13,seed13_solution042,org.mybatis.jpetstore.domain.Cart,org.mybatis.jpetstore.domain.Cart,1
jpetstore,13,seed13_solution042,org.mybatis.jpetstore.domain.CartItem,org.mybatis.jpetstore.domain.CartItem,1
jpetstore,13,seed13_solution042,org.mybatis.jpetstore.domain.Category,org.mybatis.jpetstore.domain.Category,1
jpetstore,13,seed13_solution042,org.mybatis.jpetstore.domain.Item,org.mybatis.jpetstore.domain.Item,1
jpetstore,13,seed13_solution042,org.mybatis.jpetstore.domain.LineItem,org.mybatis.jpetstore.domain.LineItem,2
jpetstore,13,seed13_solution042,org.mybatis.jpetstore.domain.Order,org.mybatis.jpetstore.domain.Order,0
jpetstore,13,seed13_solution042,org.mybatis.jpetstore.domain.Product,org.mybatis.jpetstore.domain.Product,1
jpetstore,13,seed13_solution042,org.mybatis.jpetstore.domain.Sequence,org.mybatis.jpetstore.domain.Sequence,2
jpetstore,13,seed13_solution042,org.mybatis.jpetstore.mapper.AccountMapper,org.mybatis.jpetstore.mapper.AccountMapper,3
jpetstore,13,seed13_solution042,org.mybatis.jpetstore.mapper.CategoryMapper,org.mybatis.jpetstore.mapper.CategoryMapper,4
jpetstore,13,seed13_solution042,org.mybatis.jpetstore.mapper.ItemMapper,org.mybatis.jpetstore.mapper.ItemMapper,4
jpetstore,13,seed13_solution042,org.mybatis.jpetstore.mapper.LineItemMapper,org.mybatis.jpetstore.mapper.LineItemMapper,4
jpetstore,13,seed13_solution042,org.mybatis.jpetstore.mapper.OrderMapper,org.mybatis.jpetstore.mapper.OrderMapper,4
jpetstore,13,seed13_solution042,org.mybatis.jpetstore.mapper.ProductMapper,org.mybatis.jpetstore.mapper.ProductMapper,4
jpetstore,13,seed13_solution042,org.mybatis.jpetstore.mapper.SequenceMapper,org.mybatis.jpetstore.mapper.SequenceMapper,2
jpetstore,13,seed13_solution042,org.mybatis.jpetstore.service.AccountService,org.mybatis.jpetstore.service.AccountService,3
jpetstore,13,seed13_solution042,org.mybatis.jpetstore.service.CatalogService,org.mybatis.jpetstore.service.CatalogService,4
jpetstore,13,seed13_solution042,org.mybatis.jpetstore.service.OrderService,org.mybatis.jpetstore.service.OrderService,4
jpetstore,13,seed13_solution042,org.mybatis.jpetstore.web.actions.AbstractActionBean,org.mybatis.jpetstore.web.actions.AbstractActionBean,0
jpetstore,13,seed13_solution042,org.mybatis.jpetstore.web.actions.AccountActionBean,org.mybatis.jpetstore.web.actions.AccountActionBean,0
jpetstore,13,seed13_solution042,org.mybatis.jpetstore.web.actions.CartActionBean,org.mybatis.jpetstore.web.actions.CartActionBean,1
jpetstore,13,seed13_solution042,org.mybatis.jpetstore.web.actions.CatalogActionBean,org.mybatis.jpetstore.web.actions.CatalogActionBean,1
jpetstore,13,seed13_solution042,org.mybatis.jpetstore.web.actions.OrderActionBean,org.mybatis.jpetstore.web.actions.OrderActionBean,0
jpetstore,13,seed13_solution043,org.mybatis.jpetstore.domain.Account,org.mybatis.jpetstore.domain.Account,0
jpetstore,13,seed13_solution043,org.mybatis.jpetstore.domain.Cart,org.mybatis.jpetstore.domain.Cart,1
jpetstore,13,seed13_solution043,org.mybatis.jpetstore.domain.CartItem,org.mybatis.jpetstore.domain.CartItem,1
jpetstore,13,seed13_solution043,org.mybatis.jpetstore.domain.Category,org.mybatis.jpetstore.domain.Category,1
jpetstore,13,seed13_solution043,org.mybatis.jpetstore.domain.Item,org.mybatis.jpetstore.domain.Item,1
jpetstore,13,seed13_solution043,org.mybatis.jpetstore.domain.LineItem,org.mybatis.jpetstore.domain.LineItem,1
jpetstore,13,seed13_solution043,org.mybatis.jpetstore.domain.Order,org.mybatis.jpetstore.domain.Order,0
jpetstore,13,seed13_solution043,org.mybatis.jpetstore.domain.Product,org.mybatis.jpetstore.domain.Product,1
jpetstore,13,seed13_solution043,org.mybatis.jpetstore.domain.Sequence,org.mybatis.jpetstore.domain.Sequence,2
jpetstore,13,seed13_solution043,org.mybatis.jpetstore.mapper.AccountMapper,org.mybatis.jpetstore.mapper.AccountMapper,3
jpetstore,13,seed13_solution043,org.mybatis.jpetstore.mapper.CategoryMapper,org.mybatis.jpetstore.mapper.CategoryMapper,2
jpetstore,13,seed13_solution043,org.mybatis.jpetstore.mapper.ItemMapper,org.mybatis.jpetstore.mapper.ItemMapper,2
jpetstore,13,seed13_solution043,org.mybatis.jpetstore.mapper.LineItemMapper,org.mybatis.jpetstore.mapper.LineItemMapper,3
jpetstore,13,seed13_solution043,org.mybatis.jpetstore.mapper.OrderMapper,org.mybatis.jpetstore.mapper.OrderMapper,3
jpetstore,13,seed13_solution043,org.mybatis.jpetstore.mapper.ProductMapper,org.mybatis.jpetstore.mapper.ProductMapper,2
jpetstore,13,seed13_solution043,org.mybatis.jpetstore.mapper.SequenceMapper,org.mybatis.jpetstore.mapper.SequenceMapper,2
jpetstore,13,seed13_solution043,org.mybatis.jpetstore.service.AccountService,org.mybatis.jpetstore.service.AccountService,3
jpetstore,13,seed13_solution043,org.mybatis.jpetstore.service.CatalogService,org.mybatis.jpetstore.service.CatalogService,2
jpetstore,13,seed13_solution043,org.mybatis.jpetstore.service.OrderService,org.mybatis.jpetstore.service.OrderService,3
jpetstore,13,seed13_solution043,org.mybatis.jpetstore.web.actions.AbstractActionBean,org.mybatis.jpetstore.web.actions.AbstractActionBean,0
jpetstore,13,seed13_solution043,org.mybatis.jpetstore.web.actions.AccountActionBean,org.mybatis.jpetstore.web.actions.AccountActionBean,0
jpetstore,13,seed13_solution043,org.mybatis.jpetstore.web.actions.CartActionBean,org.mybatis.jpetstore.web.actions.CartActionBean,0
jpetstore,13,seed13_solution043,org.mybatis.jpetstore.web.actions.CatalogActionBean,org.mybatis.jpetstore.web.actions.CatalogActionBean,2
jpetstore,13,seed13_solution043,org.mybatis.jpetstore.web.actions.OrderActionBean,org.mybatis.jpetstore.web.actions.OrderActionBean,0
jpetstore,13,seed13_solution044,org.mybatis.jpetstore.domain.Account,org.mybatis.jpetstore.domain.Account,0
jpetstore,13,seed13_solution044,org.mybatis.jpetstore.domain.Cart,org.mybatis.jpetstore.domain.Cart,1
jpetstore,13,seed13_solution044,org.mybatis.jpetstore.domain.CartItem,org.mybatis.jpetstore.domain.CartItem,1
jpetstore,13,seed13_solution044,org.mybatis.jpetstore.domain.Category,org.mybatis.jpetstore.domain.Category,2
jpetstore,13,seed13_solution044,org.mybatis.jpetstore.domain.Item,org.mybatis.jpetstore.domain.Item,1
jpetstore,13,seed13_solution044,org.mybatis.jpetstore.domain.LineItem,org.mybatis.jpetstore.domain.LineItem,3
jpetstore,13,seed13_solution044,org.mybatis.jpetstore.domain.Order,org.mybatis.jpetstore.domain.Order,0
jpetstore,13,seed13_solution044,org.mybatis.jpetstore.domain.Product,org.mybatis.jpetstore.domain.Product,1
jpetstore,13,seed13_solution044,org.mybatis.jpetstore.domain.Sequence,org.mybatis.jpetstore.domain.Sequence,3
jpetstore,13,seed13_solution044,org.mybatis.jpetstore.mapper.AccountMapper,org.mybatis.jpetstore.mapper.AccountMapper,4
jpetstore,13,seed13_solution044,org.mybatis.jpetstore.mapper.CategoryMapper,org.mybatis.jpetstore.mapper.CategoryMapper,2
jpetstore,13,seed13_solution044,org.mybatis.jpetstore.mapper.ItemMapper,org.mybatis.jpetstore.mapper.ItemMapper,2
jpetstore,13,seed13_solution044,org.mybatis.jpetstore.mapper.LineItemMapper,org.mybatis.jpetstore.mapper.LineItemMapper,3
jpetstore,13,seed13_solution044,org.mybatis.jpetstore.mapper.OrderMapper,org.mybatis.jpetstore.mapper.OrderMapper,3
jpetstore,13,seed13_solution044,org.mybatis.jpetstore.mapper.ProductMapper,org.mybatis.jpetstore.mapper.ProductMapper,2
jpetstore,13,seed13_solution044,org.mybatis.jpetstore.mapper.SequenceMapper,org.mybatis.jpetstore.mapper.SequenceMapper,3
jpetstore,13,seed13_solution044,org.mybatis.jpetstore.service.AccountService,org.mybatis.jpetstore.service.AccountService,4
jpetstore,13,seed13_solution044,org.mybatis.jpetstore.service.CatalogService,org.mybatis.jpetstore.service.CatalogService,2
jpetstore,13,seed13_solution044,org.mybatis.jpetstore.service.OrderService,org.mybatis.jpetstore.service.OrderService,3
jpetstore,13,seed13_solution044,org.mybatis.jpetstore.web.actions.AbstractActionBean,org.mybatis.jpetstore.web.actions.AbstractActionBean,1
jpetstore,13,seed13_solution044,org.mybatis.jpetstore.web.actions.AccountActionBean,org.mybatis.jpetstore.web.actions.AccountActionBean,0
jpetstore,13,seed13_solution044,org.mybatis.jpetstore.web.actions.CartActionBean,org.mybatis.jpetstore.web.actions.CartActionBean,1
jpetstore,13,seed13_solution044,org.mybatis.jpetstore.web.actions.CatalogActionBean,org.mybatis.jpetstore.web.actions.CatalogActionBean,2
jpetstore,13,seed13_solution044,org.mybatis.jpetstore.web.actions.OrderActionBean,org.mybatis.jpetstore.web.actions.OrderActionBean,3
jpetstore,13,seed13_solution045,org.mybatis.jpetstore.domain.Account,org.mybatis.jpetstore.domain.Account,0
jpetstore,13,seed13_solution045,org.mybatis.jpetstore.domain.Cart,org.mybatis.jpetstore.domain.Cart,1
jpetstore,13,seed13_solution045,org.mybatis.jpetstore.domain.CartItem,org.mybatis.jpetstore.domain.CartItem,1
jpetstore,13,seed13_solution045,org.mybatis.jpetstore.domain.Category,org.mybatis.jpetstore.domain.Category,2
jpetstore,13,seed13_solution045,org.mybatis.jpetstore.domain.Item,org.mybatis.jpetstore.domain.Item,2
jpetstore,13,seed13_solution045,org.mybatis.jpetstore.domain.LineItem,org.mybatis.jpetstore.domain.LineItem,3
jpetstore,13,seed13_solution045,org.mybatis.jpetstore.domain.Order,org.mybatis.jpetstore.domain.Order,3
jpetstore,13,seed13_solution045,org.mybatis.jpetstore.domain.Product,org.mybatis.jpetstore.domain.Product,2
jpetstore,13,seed13_solution045,org.mybatis.jpetstore.domain.Sequence,org.mybatis.jpetstore.domain.Sequence,3
jpetstore,13,seed13_solution045,org.mybatis.jpetstore.mapper.AccountMapper,org.mybatis.jpetstore.mapper.AccountMapper,4
jpetstore,13,seed13_solution045,org.mybatis.jpetstore.mapper.CategoryMapper,org.mybatis.jpetstore.mapper.CategoryMapper,2
jpetstore,13,seed13_solution045,org.mybatis.jpetstore.mapper.ItemMapper,org.mybatis.jpetstore.mapper.ItemMapper,2
jpetstore,13,seed13_solution045,org.mybatis.jpetstore.mapper.LineItemMapper,org.mybatis.jpetstore.mapper.LineItemMapper,2
jpetstore,13,seed13_solution045,org.mybatis.jpetstore.mapper.OrderMapper,org.mybatis.jpetstore.mapper.OrderMapper,3
jpetstore,13,seed13_solution045,org.mybatis.jpetstore.mapper.ProductMapper,org.mybatis.jpetstore.mapper.ProductMapper,2
jpetstore,13,seed13_solution045,org.mybatis.jpetstore.mapper.SequenceMapper,org.mybatis.jpetstore.mapper.SequenceMapper,3
jpetstore,13,seed13_solution045,org.mybatis.jpetstore.service.AccountService,org.mybatis.jpetstore.service.AccountService,4
jpetstore,13,seed13_solution045,org.mybatis.jpetstore.service.CatalogService,org.mybatis.jpetstore.service.CatalogService,2
jpetstore,13,seed13_solution045,org.mybatis.jpetstore.service.OrderService,org.mybatis.jpetstore.service.OrderService,3
jpetstore,13,seed13_solution045,org.mybatis.jpetstore.web.actions.AbstractActionBean,org.mybatis.jpetstore.web.actions.AbstractActionBean,3
jpetstore,13,seed13_solution045,org.mybatis.jpetstore.web.actions.AccountActionBean,org.mybatis.jpetstore.web.actions.AccountActionBean,0
jpetstore,13,seed13_solution045,org.mybatis.jpetstore.web.actions.CartActionBean,org.mybatis.jpetstore.web.actions.CartActionBean,1
jpetstore,13,seed13_solution045,org.mybatis.jpetstore.web.actions.CatalogActionBean,org.mybatis.jpetstore.web.actions.CatalogActionBean,2
jpetstore,13,seed13_solution045,org.mybatis.jpetstore.web.actions.OrderActionBean,org.mybatis.jpetstore.web.actions.OrderActionBean,3
jpetstore,13,seed13_solution046,org.mybatis.jpetstore.domain.Account,org.mybatis.jpetstore.domain.Account,0
jpetstore,13,seed13_solution046,org.mybatis.jpetstore.domain.Cart,org.mybatis.jpetstore.domain.Cart,1
jpetstore,13,seed13_solution046,org.mybatis.jpetstore.domain.CartItem,org.mybatis.jpetstore.domain.CartItem,1
jpetstore,13,seed13_solution046,org.mybatis.jpetstore.domain.Category,org.mybatis.jpetstore.domain.Category,2
jpetstore,13,seed13_solution046,org.mybatis.jpetstore.domain.Item,org.mybatis.jpetstore.domain.Item,1
jpetstore,13,seed13_solution046,org.mybatis.jpetstore.domain.LineItem,org.mybatis.jpetstore.domain.LineItem,1
jpetstore,13,seed13_solution046,org.mybatis.jpetstore.domain.Order,org.mybatis.jpetstore.domain.Order,0
jpetstore,13,seed13_solution046,org.mybatis.jpetstore.domain.Product,org.mybatis.jpetstore.domain.Product,2
jpetstore,13,seed13_solution046,org.mybatis.jpetstore.domain.Sequence,org.mybatis.jpetstore.domain.Sequence,3
jpetstore,13,seed13_solution046,org.mybatis.jpetstore.mapper.AccountMapper,org.mybatis.jpetstore.mapper.AccountMapper,0
jpetstore,13,seed13_solution046,org.mybatis.jpetstore.mapper.CategoryMapper,org.mybatis.jpetstore.mapper.CategoryMapper,2
jpetstore,13,seed13_solution046,org.mybatis.jpetstore.mapper.ItemMapper,org.mybatis.jpetstore.mapper.ItemMapper,2
jpetstore,13,seed13_solution046,org.mybatis.jpetstore.mapper.LineItemMapper,org.mybatis.jpetstore.mapper.LineItemMapper,3
jpetstore,13,seed13_solution046,org.mybatis.jpetstore.mapper.OrderMapper,org.mybatis.jpetstore.mapper.OrderMapper,3
jpetstore,13,seed13_solution046,org.mybatis.jpetstore.mapper.ProductMapper,org.mybatis.jpetstore.mapper.ProductMapper,2
jpetstore,13,seed13_solution046,org.mybatis.jpetstore.mapper.SequenceMapper,org.mybatis.jpetstore.mapper.SequenceMapper,3
jpetstore,13,seed13_solution046,org.mybatis.jpetstore.service.AccountService,org.mybatis.jpetstore.service.AccountService,0
jpetstore,13,seed13_solution046,org.mybatis.jpetstore.service.CatalogService,org.mybatis.jpetstore.service.CatalogService,2
jpetstore,13,seed13_solution046,org.mybatis.jpetstore.service.OrderService,org.mybatis.jpetstore.service.OrderService,3
jpetstore,13,seed13_solution046,org.mybatis.jpetstore.web.actions.AbstractActionBean,org.mybatis.jpetstore.web.actions.AbstractActionBean,4
jpetstore,13,seed13_solution046,org.mybatis.jpetstore.web.actions.AccountActionBean,org.mybatis.jpetstore.web.actions.AccountActionBean,4
jpetstore,13,seed13_solution046,org.mybatis.jpetstore.web.actions.CartActionBean,org.mybatis.jpetstore.web.actions.CartActionBean,1
jpetstore,13,seed13_solution046,org.mybatis.jpetstore.web.actions.CatalogActionBean,org.mybatis.jpetstore.web.actions.CatalogActionBean,2
jpetstore,13,seed13_solution046,org.mybatis.jpetstore.web.actions.OrderActionBean,org.mybatis.jpetstore.web.actions.OrderActionBean,4
jpetstore,13,seed13_solution047,org.mybatis.jpetstore.domain.Account,org.mybatis.jpetstore.domain.Account,0
jpetstore,13,seed13_solution047,org.mybatis.jpetstore.domain.Cart,org.mybatis.jpetstore.domain.Cart,1
jpetstore,13,seed13_solution047,org.mybatis.jpetstore.domain.CartItem,org.mybatis.jpetstore.domain.CartItem,1
jpetstore,13,seed13_solution047,org.mybatis.jpetstore.domain.Category,org.mybatis.jpetstore.domain.Category,2
jpetstore,13,seed13_solution047,org.mybatis.jpetstore.domain.Item,org.mybatis.jpetstore.domain.Item,1
jpetstore,13,seed13_solution047,org.mybatis.jpetstore.domain.LineItem,org.mybatis.jpetstore.domain.LineItem,3
jpetstore,13,seed13_solution047,org.mybatis.jpetstore.domain.Order,org.mybatis.jpetstore.domain.Order,0
jpetstore,13,seed13_solution047,org.mybatis.jpetstore.domain.Product,org.mybatis.jpetstore.domain.Product,2
jpetstore,13,seed13_solution047,org.mybatis.jpetstore.domain.Sequence,org.mybatis.jpetstore.domain.Sequence,2
jpetstore,13,seed13_solution047,org.mybatis.jpetstore.mapper.AccountMapper,org.mybatis.jpetstore.mapper.AccountMapper,3
jpetstore,13,seed13_solution047,org.mybatis.jpetstore.mapper.CategoryMapper,org.mybatis.jpetstore.mapper.CategoryMapper,2
jpetstore,13,seed13_solution047,org.mybatis.jpetstore.mapper.ItemMapper,org.mybatis.jpetstore.mapper.ItemMapper,2
jpetstore,13,seed13_solution047,org.mybatis.jpetstore.mapper.LineItemMapper,org.mybatis.jpetstore.mapper.LineItemMapper,3
jpetstore,13,seed13_solution047,org.mybatis.jpetstore.mapper.OrderMapper,org.mybatis.jpetstore.mapper.OrderMapper,3
jpetstore,13,seed13_solution047,org.mybatis.jpetstore.mapper.ProductMapper,org.mybatis.jpetstore.mapper.ProductMapper,2
jpetstore,13,seed13_solution047,org.mybatis.jpetstore.mapper.SequenceMapper,org.mybatis.jpetstore.mapper.SequenceMapper,3
jpetstore,13,seed13_solution047,org.mybatis.jpetstore.service.AccountService,org.mybatis.jpetstore.service.AccountService,3
jpetstore,13,seed13_solution047,org.mybatis.jpetstore.service.CatalogService,org.mybatis.jpetstore.service.CatalogService,2
jpetstore,13,seed13_solution047,org.mybatis.jpetstore.service.OrderService,org.mybatis.jpetstore.service.OrderService,3
jpetstore,13,seed13_solution047,org.mybatis.jpetstore.web.actions.AbstractActionBean,org.mybatis.jpetstore.web.actions.AbstractActionBean,0
jpetstore,13,seed13_solution047,org.mybatis.jpetstore.web.actions.AccountActionBean,org.mybatis.jpetstore.web.actions.AccountActionBean,0
jpetstore,13,seed13_solution047,org.mybatis.jpetstore.web.actions.CartActionBean,org.mybatis.jpetstore.web.actions.CartActionBean,0
jpetstore,13,seed13_solution047,org.mybatis.jpetstore.web.actions.CatalogActionBean,org.mybatis.jpetstore.web.actions.CatalogActionBean,0
jpetstore,13,seed13_solution047,org.mybatis.jpetstore.web.actions.OrderActionBean,org.mybatis.jpetstore.web.actions.OrderActionBean,0
jpetstore,13,seed13_solution048,org.mybatis.jpetstore.domain.Account,org.mybatis.jpetstore.domain.Account,0
jpetstore,13,seed13_solution048,org.mybatis.jpetstore.domain.Cart,org.mybatis.jpetstore.domain.Cart,1
jpetstore,13,seed13_solution048,org.mybatis.jpetstore.domain.CartItem,org.mybatis.jpetstore.domain.CartItem,1
jpetstore,13,seed13_solution048,org.mybatis.jpetstore.domain.Category,org.mybatis.jpetstore.domain.Category,2
jpetstore,13,seed13_solution048,org.mybatis.jpetstore.domain.Item,org.mybatis.jpetstore.domain.Item,1
jpetstore,13,seed13_solution048,org.mybatis.jpetstore.domain.LineItem,org.mybatis.jpetstore.domain.LineItem,3
jpetstore,13,seed13_solution048,org.mybatis.jpetstore.domain.Order,org.mybatis.jpetstore.domain.Order,0
jpetstore,13,seed13_solution048,org.mybatis.jpetstore.domain.Product,org.mybatis.jpetstore.domain.Product,1
jpetstore,13,seed13_solution048,org.mybatis.jpetstore.domain.Sequence,org.mybatis.jpetstore.domain.Sequence,3
jpetstore,13,seed13_solution048,org.mybatis.jpetstore.mapper.AccountMapper,org.mybatis.jpetstore.mapper.AccountMapper,4
jpetstore,13,seed13_solution048,org.mybatis.jpetstore.mapper.CategoryMapper,org.mybatis.jpetstore.mapper.CategoryMapper,2
jpetstore,13,seed13_solution048,org.mybatis.jpetstore.mapper.ItemMapper,org.mybatis.jpetstore.mapper.ItemMapper,2
jpetstore,13,seed13_solution048,org.mybatis.jpetstore.mapper.LineItemMapper,org.mybatis.jpetstore.mapper.LineItemMapper,3
jpetstore,13,seed13_solution048,org.mybatis.jpetstore.mapper.OrderMapper,org.mybatis.jpetstore.mapper.OrderMapper,3
jpetstore,13,seed13_solution048,org.mybatis.jpetstore.mapper.ProductMapper,org.mybatis.jpetstore.mapper.ProductMapper,2
jpetstore,13,seed13_solution048,org.mybatis.jpetstore.mapper.SequenceMapper,org.mybatis.jpetstore.mapper.SequenceMapper,3
jpetstore,13,seed13_solution048,org.mybatis.jpetstore.service.AccountService,org.mybatis.jpetstore.service.AccountService,4
jpetstore,13,seed13_solution048,org.mybatis.jpetstore.service.CatalogService,org.mybatis.jpetstore.service.CatalogService,2
jpetstore,13,seed13_solution048,org.mybatis.jpetstore.service.OrderService,org.mybatis.jpetstore.service.OrderService,3
jpetstore,13,seed13_solution048,org.mybatis.jpetstore.web.actions.AbstractActionBean,org.mybatis.jpetstore.web.actions.AbstractActionBean,4
jpetstore,13,seed13_solution048,org.mybatis.jpetstore.web.actions.AccountActionBean,org.mybatis.jpetstore.web.actions.AccountActionBean,4
jpetstore,13,seed13_solution048,org.mybatis.jpetstore.web.actions.CartActionBean,org.mybatis.jpetstore.web.actions.CartActionBean,1
jpetstore,13,seed13_solution048,org.mybatis.jpetstore.web.actions.CatalogActionBean,org.mybatis.jpetstore.web.actions.CatalogActionBean,2
jpetstore,13,seed13_solution048,org.mybatis.jpetstore.web.actions.OrderActionBean,org.mybatis.jpetstore.web.actions.OrderActionBean,4
jpetstore,13,seed13_solution049,org.mybatis.jpetstore.domain.Account,org.mybatis.jpetstore.domain.Account,0
jpetstore,13,seed13_solution049,org.mybatis.jpetstore.domain.Cart,org.mybatis.jpetstore.domain.Cart,1
jpetstore,13,seed13_solution049,org.mybatis.jpetstore.domain.CartItem,org.mybatis.jpetstore.domain.CartItem,1
jpetstore,13,seed13_solution049,org.mybatis.jpetstore.domain.Category,org.mybatis.jpetstore.domain.Category,2
jpetstore,13,seed13_solution049,org.mybatis.jpetstore.domain.Item,org.mybatis.jpetstore.domain.Item,1
jpetstore,13,seed13_solution049,org.mybatis.jpetstore.domain.LineItem,org.mybatis.jpetstore.domain.LineItem,3
jpetstore,13,seed13_solution049,org.mybatis.jpetstore.domain.Order,org.mybatis.jpetstore.domain.Order,0
jpetstore,13,seed13_solution049,org.mybatis.jpetstore.domain.Product,org.mybatis.jpetstore.domain.Product,1
jpetstore,13,seed13_solution049,org.mybatis.jpetstore.domain.Sequence,org.mybatis.jpetstore.domain.Sequence,3
jpetstore,13,seed13_solution049,org.mybatis.jpetstore.mapper.AccountMapper,org.mybatis.jpetstore.mapper.AccountMapper,4
jpetstore,13,seed13_solution049,org.mybatis.jpetstore.mapper.CategoryMapper,org.mybatis.jpetstore.mapper.CategoryMapper,2
jpetstore,13,seed13_solution049,org.mybatis.jpetstore.mapper.ItemMapper,org.mybatis.jpetstore.mapper.ItemMapper,2
jpetstore,13,seed13_solution049,org.mybatis.jpetstore.mapper.LineItemMapper,org.mybatis.jpetstore.mapper.LineItemMapper,3
jpetstore,13,seed13_solution049,org.mybatis.jpetstore.mapper.OrderMapper,org.mybatis.jpetstore.mapper.OrderMapper,3
jpetstore,13,seed13_solution049,org.mybatis.jpetstore.mapper.ProductMapper,org.mybatis.jpetstore.mapper.ProductMapper,2
jpetstore,13,seed13_solution049,org.mybatis.jpetstore.mapper.SequenceMapper,org.mybatis.jpetstore.mapper.SequenceMapper,1
jpetstore,13,seed13_solution049,org.mybatis.jpetstore.service.AccountService,org.mybatis.jpetstore.service.AccountService,4
jpetstore,13,seed13_solution049,org.mybatis.jpetstore.service.CatalogService,org.mybatis.jpetstore.service.CatalogService,2
jpetstore,13,seed13_solution049,org.mybatis.jpetstore.service.OrderService,org.mybatis.jpetstore.service.OrderService,3
jpetstore,13,seed13_solution049,org.mybatis.jpetstore.web.actions.AbstractActionBean,org.mybatis.jpetstore.web.actions.AbstractActionBean,0
jpetstore,13,seed13_solution049,org.mybatis.jpetstore.web.actions.AccountActionBean,org.mybatis.jpetstore.web.actions.AccountActionBean,4
jpetstore,13,seed13_solution049,org.mybatis.jpetstore.web.actions.CartActionBean,org.mybatis.jpetstore.web.actions.CartActionBean,1
jpetstore,13,seed13_solution049,org.mybatis.jpetstore.web.actions.CatalogActionBean,org.mybatis.jpetstore.web.actions.CatalogActionBean,2
jpetstore,13,seed13_solution049,org.mybatis.jpetstore.web.actions.OrderActionBean,org.mybatis.jpetstore.web.actions.OrderActionBean,0
jpetstore,13,seed13_solution050,org.mybatis.jpetstore.domain.Account,org.mybatis.jpetstore.domain.Account,0
jpetstore,13,seed13_solution050,org.mybatis.jpetstore.domain.Cart,org.mybatis.jpetstore.domain.Cart,1
jpetstore,13,seed13_solution050,org.mybatis.jpetstore.domain.CartItem,org.mybatis.jpetstore.domain.CartItem,1
jpetstore,13,seed13_solution050,org.mybatis.jpetstore.domain.Category,org.mybatis.jpetstore.domain.Category,2
jpetstore,13,seed13_solution050,org.mybatis.jpetstore.domain.Item,org.mybatis.jpetstore.domain.Item,1
jpetstore,13,seed13_solution050,org.mybatis.jpetstore.domain.LineItem,org.mybatis.jpetstore.domain.LineItem,1
jpetstore,13,seed13_solution050,org.mybatis.jpetstore.domain.Order,org.mybatis.jpetstore.domain.Order,0
jpetstore,13,seed13_solution050,org.mybatis.jpetstore.domain.Product,org.mybatis.jpetstore.domain.Product,1
jpetstore,13,seed13_solution050,org.mybatis.jpetstore.domain.Sequence,org.mybatis.jpetstore.domain.Sequence,2
jpetstore,13,seed13_solution050,org.mybatis.jpetstore.mapper.AccountMapper,org.mybatis.jpetstore.mapper.AccountMapper,3
jpetstore,13,seed13_solution050,org.mybatis.jpetstore.mapper.CategoryMapper,org.mybatis.jpetstore.mapper.CategoryMapper,2
jpetstore,13,seed13_solution050,org.mybatis.jpetstore.mapper.ItemMapper,org.mybatis.jpetstore.mapper.ItemMapper,2
jpetstore,13,seed13_solution050,org.mybatis.jpetstore.mapper.LineItemMapper,org.mybatis.jpetstore.mapper.LineItemMapper,4
jpetstore,13,seed13_solution050,org.mybatis.jpetstore.mapper.OrderMapper,org.mybatis.jpetstore.mapper.OrderMapper,4
jpetstore,13,seed13_solution050,org.mybatis.jpetstore.mapper.ProductMapper,org.mybatis.jpetstore.mapper.ProductMapper,2
jpetstore,13,seed13_solution050,org.mybatis.jpetstore.mapper.SequenceMapper,org.mybatis.jpetstore.mapper.SequenceMapper,4
jpetstore,13,seed13_solution050,org.mybatis.jpetstore.service.AccountService,org.mybatis.jpetstore.service.AccountService,3
jpetstore,13,seed13_solution050,org.mybatis.jpetstore.service.CatalogService,org.mybatis.jpetstore.service.CatalogService,2
jpetstore,13,seed13_solution050,org.mybatis.jpetstore.service.OrderService,org.mybatis.jpetstore.service.OrderService,4
jpetstore,13,seed13_solution050,org.mybatis.jpetstore.web.actions.AbstractActionBean,org.mybatis.jpetstore.web.actions.AbstractActionBean,0
jpetstore,13,seed13_solution050,org.mybatis.jpetstore.web.actions.AccountActionBean,org.mybatis.jpetstore.web.actions.AccountActionBean,0
jpetstore,13,seed13_solution050,org.mybatis.jpetstore.web.actions.CartActionBean,org.mybatis.jpetstore.web.actions.CartActionBean,2
jpetstore,13,seed13_solution050,org.mybatis.jpetstore.web.actions.CatalogActionBean,org.mybatis.jpetstore.web.actions.CatalogActionBean,0
jpetstore,13,seed13_solution050,org.mybatis.jpetstore.web.actions.OrderActionBean,org.mybatis.jpetstore.web.actions.OrderActionBean,0
jpetstore,13,seed13_solution051,org.mybatis.jpetstore.domain.Account,org.mybatis.jpetstore.domain.Account,0
jpetstore,13,seed13_solution051,org.mybatis.jpetstore.domain.Cart,org.mybatis.jpetstore.domain.Cart,1
jpetstore,13,seed13_solution051,org.mybatis.jpetstore.domain.CartItem,org.mybatis.jpetstore.domain.CartItem,1
jpetstore,13,seed13_solution051,org.mybatis.jpetstore.domain.Category,org.mybatis.jpetstore.domain.Category,1
jpetstore,13,seed13_solution051,org.mybatis.jpetstore.domain.Item,org.mybatis.jpetstore.domain.Item,1
jpetstore,13,seed13_solution051,org.mybatis.jpetstore.domain.LineItem,org.mybatis.jpetstore.domain.LineItem,2
jpetstore,13,seed13_solution051,org.mybatis.jpetstore.domain.Order,org.mybatis.jpetstore.domain.Order,0
jpetstore,13,seed13_solution051,org.mybatis.jpetstore.domain.Product,org.mybatis.jpetstore.domain.Product,1
jpetstore,13,seed13_solution051,org.mybatis.jpetstore.domain.Sequence,org.mybatis.jpetstore.domain.Sequence,2
jpetstore,13,seed13_solution051,org.mybatis.jpetstore.mapper.AccountMapper,org.mybatis.jpetstore.mapper.AccountMapper,3
jpetstore,13,seed13_solution051,org.mybatis.jpetstore.mapper.CategoryMapper,org.mybatis.jpetstore.mapper.CategoryMapper,4
jpetstore,13,seed13_solution051,org.mybatis.jpetstore.mapper.ItemMapper,org.mybatis.jpetstore.mapper.ItemMapper,4
jpetstore,13,seed13_solution051,org.mybatis.jpetstore.mapper.LineItemMapper,org.mybatis.jpetstore.mapper.LineItemMapper,2
jpetstore,13,seed13_solution051,org.mybatis.jpetstore.mapper.OrderMapper,org.mybatis.jpetstore.mapper.OrderMapper,4
jpetstore,13,seed13_solution051,org.mybatis.jpetstore.mapper.ProductMapper,org.mybatis.jpetstore.mapper.ProductMapper,4
jpetstore,13,seed13_solution051,org.mybatis.jpetstore.mapper.SequenceMapper,org.mybatis.jpetstore.mapper.SequenceMapper,4
jpetstore,13,seed13_solution051,org.mybatis.jpetstore.service.AccountService,org.mybatis.jpetstore.service.AccountService,3
jpetstore,13,seed13_solution051,org.mybatis.jpetstore.service.CatalogService,org.mybatis.jpetstore.service.CatalogService,4
jpetstore,13,seed13_solution051,org.mybatis.jpetstore.service.OrderService,org.mybatis.jpetstore.service.OrderService,2
jpetstore,13,seed13_solution051,org.mybatis.jpetstore.web.actions.AbstractActionBean,org.mybatis.jpetstore.web.actions.AbstractActionBean,0
jpetstore,13,seed13_solution051,org.mybatis.jpetstore.web.actions.AccountActionBean,org.mybatis.jpetstore.web.actions.AccountActionBean,0
jpetstore,13,seed13_solution051,org.mybatis.jpetstore.web.actions.CartActionBean,org.mybatis.jpetstore.web.actions.CartActionBean,0
jpetstore,13,seed13_solution051,org.mybatis.jpetstore.web.actions.CatalogActionBean,org.mybatis.jpetstore.web.actions.CatalogActionBean,0
jpetstore,13,seed13_solution051,org.mybatis.jpetstore.web.actions.OrderActionBean,org.mybatis.jpetstore.web.actions.OrderActionBean,0
jpetstore,13,seed13_solution052,org.mybatis.jpetstore.domain.Account,org.mybatis.jpetstore.domain.Account,0
jpetstore,13,seed13_solution052,org.mybatis.jpetstore.domain.Cart,org.mybatis.jpetstore.domain.Cart,1
jpetstore,13,seed13_solution052,org.mybatis.jpetstore.domain.CartItem,org.mybatis.jpetstore.domain.CartItem,1
jpetstore,13,seed13_solution052,org.mybatis.jpetstore.domain.Category,org.mybatis.jpetstore.domain.Category,2
jpetstore,13,seed13_solution052,org.mybatis.jpetstore.domain.Item,org.mybatis.jpetstore.domain.Item,1
jpetstore,13,seed13_solution052,org.mybatis.jpetstore.domain.LineItem,org.mybatis.jpetstore.domain.LineItem,3
jpetstore,13,seed13_solution052,org.mybatis.jpetstore.domain.Order,org.mybatis.jpetstore.domain.Order,0
jpetstore,13,seed13_solution052,org.mybatis.jpetstore.domain.Product,org.mybatis.jpetstore.domain.Product,4
jpetstore,13,seed13_solution052,org.mybatis.jpetstore.domain.Sequence,org.mybatis.jpetstore.domain.Sequence,2
jpetstore,13,seed13_solution052,org.mybatis.jpetstore.mapper.AccountMapper,org.mybatis.jpetstore.mapper.AccountMapper,5
jpetstore,13,seed13_solution052,org.mybatis.jpetstore.mapper.CategoryMapper,org.mybatis.jpetstore.mapper.CategoryMapper,2
jpetstore,13,seed13_solution052,org.mybatis.jpetstore.mapper.ItemMapper,org.mybatis.jpetstore.mapper.ItemMapper,2
jpetstore,13,seed13_solution052,org.mybatis.jpetstore.mapper.LineItemMapper,org.mybatis.jpetstore.mapper.LineItemMapper,3
jpetstore,13,seed13_solution052,org.mybatis.jpetstore.mapper.OrderMapper,org.mybatis.jpetstore.mapper.OrderMapper,3
jpetstore,13,seed13_solution052,org.mybatis.jpetstore.mapper.ProductMapper,org.mybatis.jpetstore.mapper.ProductMapper,4
jpetstore,13,seed13_solution052,org.mybatis.jpetstore.mapper.SequenceMapper,org.mybatis.jpetstore.mapper.SequenceMapper,3
jpetstore,13,seed13_solution052,org.mybatis.jpetstore.service.AccountService,org.mybatis.jpetstore.service.AccountService,5
jpetstore,13,seed13_solution052,org.mybatis.jpetstore.service.CatalogService,org.mybatis.jpetstore.service.CatalogService,2
jpetstore,13,seed13_solution052,org.mybatis.jpetstore.service.OrderService,org.mybatis.jpetstore.service.OrderService,3
jpetstore,13,seed13_solution052,org.mybatis.jpetstore.web.actions.AbstractActionBean,org.mybatis.jpetstore.web.actions.AbstractActionBean,1
jpetstore,13,seed13_solution052,org.mybatis.jpetstore.web.actions.AccountActionBean,org.mybatis.jpetstore.web.actions.AccountActionBean,0
jpetstore,13,seed13_solution052,org.mybatis.jpetstore.web.actions.CartActionBean,org.mybatis.jpetstore.web.actions.CartActionBean,1
jpetstore,13,seed13_solution052,org.mybatis.jpetstore.web.actions.CatalogActionBean,org.mybatis.jpetstore.web.actions.CatalogActionBean,4
jpetstore,13,seed13_solution052,org.mybatis.jpetstore.web.actions.OrderActionBean,org.mybatis.jpetstore.web.actions.OrderActionBean,0
jpetstore,13,seed13_solution053,org.mybatis.jpetstore.domain.Account,org.mybatis.jpetstore.domain.Account,0
jpetstore,13,seed13_solution053,org.mybatis.jpetstore.domain.Cart,org.mybatis.jpetstore.domain.Cart,1
jpetstore,13,seed13_solution053,org.mybatis.jpetstore.domain.CartItem,org.mybatis.jpetstore.domain.CartItem,1
jpetstore,13,seed13_solution053,org.mybatis.jpetstore.domain.Category,org.mybatis.jpetstore.domain.Category,2
jpetstore,13,seed13_solution053,org.mybatis.jpetstore.domain.Item,org.mybatis.jpetstore.domain.Item,1
jpetstore,13,seed13_solution053,org.mybatis.jpetstore.domain.LineItem,org.mybatis.jpetstore.domain.LineItem,3
jpetstore,13,seed13_solution053,org.mybatis.jpetstore.domain.Order,org.mybatis.jpetstore.domain.Order,0
jpetstore,13,seed13_solution053,org.mybatis.jpetstore.domain.Product,org.mybatis.jpetstore.domain.Product,4
jpetstore,13,seed13_solution053,org.mybatis.jpetstore.domain.Sequence,org.mybatis.jpetstore.domain.Sequence,3
jpetstore,13,seed13_solution053,org.mybatis.jpetstore.mapper.AccountMapper,org.mybatis.jpetstore.mapper.AccountMapper,4
jpetstore,13,seed13_solution053,org.mybatis.jpetstore.mapper.CategoryMapper,org.mybatis.jpetstore.mapper.CategoryMapper,2
jpetstore,13,seed13_solution053,org.mybatis.jpetstore.mapper.ItemMapper,org.mybatis.jpetstore.mapper.ItemMapper,1
jpetstore,13,seed13_solution053,org.mybatis.jpetstore.mapper.LineItemMapper,org.mybatis.jpetstore.mapper.LineItemMapper,2
jpetstore,13,seed13_solution053,org.mybatis.jpetstore.mapper.OrderMapper,org.mybatis.jpetstore.mapper.OrderMapper,3
jpetstore,13,seed13_solution053,org.mybatis.jpetstore.mapper.ProductMapper,org.mybatis.jpetstore.mapper.ProductMapper,2
jpetstore,13,seed13_solution053,org.mybatis.jpetstore.mapper.SequenceMapper,org.mybatis.jpetstore.mapper.SequenceMapper,3
jpetstore,13,seed13_solution053,org.mybatis.jpetstore.service.AccountService,org.mybatis.jpetstore.service.AccountService,4
jpetstore,13,seed13_solution053,org.mybatis.jpetstore.service.CatalogService,org.mybatis.jpetstore.service.CatalogService,2
jpetstore,13,seed13_solution053,org.mybatis.jpetstore.service.OrderService,org.mybatis.jpetstore.service.OrderService,3
jpetstore,13,seed13_solution053,org.mybatis.jpetstore.web.actions.AbstractActionBean,org.mybatis.jpetstore.web.actions.AbstractActionBean,4
jpetstore,13,seed13_solution053,org.mybatis.jpetstore.web.actions.AccountActionBean,org.mybatis.jpetstore.web.actions.AccountActionBean,0
jpetstore,13,seed13_solution053,org.mybatis.jpetstore.web.actions.CartActionBean,org.mybatis.jpetstore.web.actions.CartActionBean,1
jpetstore,13,seed13_solution053,org.mybatis.jpetstore.web.actions.CatalogActionBean,org.mybatis.jpetstore.web.actions.CatalogActionBean,4
jpetstore,13,seed13_solution053,org.mybatis.jpetstore.web.actions.OrderActionBean,org.mybatis.jpetstore.web.actions.OrderActionBean,0
jpetstore,13,seed13_solution054,org.mybatis.jpetstore.domain.Account,org.mybatis.jpetstore.domain.Account,0
jpetstore,13,seed13_solution054,org.mybatis.jpetstore.domain.Cart,org.mybatis.jpetstore.domain.Cart,1
jpetstore,13,seed13_solution054,org.mybatis.jpetstore.domain.CartItem,org.mybatis.jpetstore.domain.CartItem,1
jpetstore,13,seed13_solution054,org.mybatis.jpetstore.domain.Category,org.mybatis.jpetstore.domain.Category,2
jpetstore,13,seed13_solution054,org.mybatis.jpetstore.domain.Item,org.mybatis.jpetstore.domain.Item,1
jpetstore,13,seed13_solution054,org.mybatis.jpetstore.domain.LineItem,org.mybatis.jpetstore.domain.LineItem,3
jpetstore,13,seed13_solution054,org.mybatis.jpetstore.domain.Order,org.mybatis.jpetstore.domain.Order,0
jpetstore,13,seed13_solution054,org.mybatis.jpetstore.domain.Product,org.mybatis.jpetstore.domain.Product,4
jpetstore,13,seed13_solution054,org.mybatis.jpetstore.domain.Sequence,org.mybatis.jpetstore.domain.Sequence,3
jpetstore,13,seed13_solution054,org.mybatis.jpetstore.mapper.AccountMapper,org.mybatis.jpetstore.mapper.AccountMapper,4
jpetstore,13,seed13_solution054,org.mybatis.jpetstore.mapper.CategoryMapper,org.mybatis.jpetstore.mapper.CategoryMapper,2
jpetstore,13,seed13_solution054,org.mybatis.jpetstore.mapper.ItemMapper,org.mybatis.jpetstore.mapper.ItemMapper,2
jpetstore,13,seed13_solution054,org.mybatis.jpetstore.mapper.LineItemMapper,org.mybatis.jpetstore.mapper.LineItemMapper,3
jpetstore,13,seed13_solution054,org.mybatis.jpetstore.mapper.OrderMapper,org.mybatis.jpetstore.mapper.OrderMapper,3
jpetstore,13,seed13_solution054,org.mybatis.jpetstore.mapper.ProductMapper,org.mybatis.jpetstore.mapper.ProductMapper,4
jpetstore,13,seed13_solution054,org.mybatis.jpetstore.mapper.SequenceMapper,org.mybatis.jpetstore.mapper.SequenceMapper,3
jpetstore,13,seed13_solution054,org.mybatis.jpetstore.service.AccountService,org.mybatis.jpetstore.service.AccountService,4
jpetstore,13,seed13_solution054,org.mybatis.jpetstore.service.CatalogService,org.mybatis.jpetstore.service.CatalogService,2
jpetstore,13,seed13_solution054,org.mybatis.jpetstore.service.OrderService,org.mybatis.jpetstore.service.OrderService,3
jpetstore,13,seed13_solution054,org.mybatis.jpetstore.web.actions.AbstractActionBean,org.mybatis.jpetstore.web.actions.AbstractActionBean,1
jpetstore,13,seed13_solution054,org.mybatis.jpetstore.web.actions.AccountActionBean,org.mybatis.jpetstore.web.actions.AccountActionBean,4
jpetstore,13,seed13_solution054,org.mybatis.jpetstore.web.actions.CartActionBean,org.mybatis.jpetstore.web.actions.CartActionBean,1
jpetstore,13,seed13_solution054,org.mybatis.jpetstore.web.actions.CatalogActionBean,org.mybatis.jpetstore.web.actions.CatalogActionBean,2
jpetstore,13,seed13_solution054,org.mybatis.jpetstore.web.actions.OrderActionBean,org.mybatis.jpetstore.web.actions.OrderActionBean,0
jpetstore,13,seed13_solution055,org.mybatis.jpetstore.domain.Account,org.mybatis.jpetstore.domain.Account,0
jpetstore,13,seed13_solution055,org.mybatis.jpetstore.domain.Cart,org.mybatis.jpetstore.domain.Cart,1
jpetstore,13,seed13_solution055,org.mybatis.jpetstore.domain.CartItem,org.mybatis.jpetstore.domain.CartItem,1
jpetstore,13,seed13_solution055,org.mybatis.jpetstore.domain.Category,org.mybatis.jpetstore.domain.Category,1
jpetstore,13,seed13_solution055,org.mybatis.jpetstore.domain.Item,org.mybatis.jpetstore.domain.Item,1
jpetstore,13,seed13_solution055,org.mybatis.jpetstore.domain.LineItem,org.mybatis.jpetstore.domain.LineItem,1
jpetstore,13,seed13_solution055,org.mybatis.jpetstore.domain.Order,org.mybatis.jpetstore.domain.Order,1
jpetstore,13,seed13_solution055,org.mybatis.jpetstore.domain.Product,org.mybatis.jpetstore.domain.Product,1
jpetstore,13,seed13_solution055,org.mybatis.jpetstore.domain.Sequence,org.mybatis.jpetstore.domain.Sequence,2
jpetstore,13,seed13_solution055,org.mybatis.jpetstore.mapper.AccountMapper,org.mybatis.jpetstore.mapper.AccountMapper,0
jpetstore,13,seed13_solution055,org.mybatis.jpetstore.mapper.CategoryMapper,org.mybatis.jpetstore.mapper.CategoryMapper,3
jpetstore,13,seed13_solution055,org.mybatis.jpetstore.mapper.ItemMapper,org.mybatis.jpetstore.mapper.ItemMapper,3
jpetstore,13,seed13_solution055,org.mybatis.jpetstore.mapper.LineItemMapper,org.mybatis.jpetstore.mapper.LineItemMapper,3
jpetstore,13,seed13_solution055,org.mybatis.jpetstore.mapper.OrderMapper,org.mybatis.jpetstore.mapper.OrderMapper,2
jpetstore,13,seed13_solution055,org.mybatis.jpetstore.mapper.ProductMapper,org.mybatis.jpetstore.mapper.ProductMapper,3
jpetstore,13,seed13_solution055,org.mybatis.jpetstore.mapper.SequenceMapper,org.mybatis.jpetstore.mapper.SequenceMapper,2
jpetstore,13,seed13_solution055,org.mybatis.jpetstore.service.AccountService,org.mybatis.jpetstore.service.AccountService,0
jpetstore,13,seed13_solution055,org.mybatis.jpetstore.service.CatalogService,org.mybatis.jpetstore.service.CatalogService,3
jpetstore,13,seed13_solution055,org.mybatis.jpetstore.service.OrderService,org.mybatis.jpetstore.service.OrderService,2
jpetstore,13,seed13_solution055,org.mybatis.jpetstore.web.actions.AbstractActionBean,org.mybatis.jpetstore.web.actions.AbstractActionBean,0
jpetstore,13,seed13_solution055,org.mybatis.jpetstore.web.actions.AccountActionBean,org.mybatis.jpetstore.web.actions.AccountActionBean,0
jpetstore,13,seed13_solution055,org.mybatis.jpetstore.web.actions.CartActionBean,org.mybatis.jpetstore.web.actions.CartActionBean,0
jpetstore,13,seed13_solution055,org.mybatis.jpetstore.web.actions.CatalogActionBean,org.mybatis.jpetstore.web.actions.CatalogActionBean,0
jpetstore,13,seed13_solution055,org.mybatis.jpetstore.web.actions.OrderActionBean,org.mybatis.jpetstore.web.actions.OrderActionBean,0
jpetstore,13,seed13_solution056,org.mybatis.jpetstore.domain.Account,org.mybatis.jpetstore.domain.Account,0
jpetstore,13,seed13_solution056,org.mybatis.jpetstore.domain.Cart,org.mybatis.jpetstore.domain.Cart,1
jpetstore,13,seed13_solution056,org.mybatis.jpetstore.domain.CartItem,org.mybatis.jpetstore.domain.CartItem,1
jpetstore,13,seed13_solution056,org.mybatis.jpetstore.domain.Category,org.mybatis.jpetstore.domain.Category,2
jpetstore,13,seed13_solution056,org.mybatis.jpetstore.domain.Item,org.mybatis.jpetstore.domain.Item,1
jpetstore,13,seed13_solution056,org.mybatis.jpetstore.domain.LineItem,org.mybatis.jpetstore.domain.LineItem,3
jpetstore,13,seed13_solution056,org.mybatis.jpetstore.domain.Order,org.mybatis.jpetstore.domain.Order,0
jpetstore,13,seed13_solution056,org.mybatis.jpetstore.domain.Product,org.mybatis.jpetstore.domain.Product,2
jpetstore,13,seed13_solution056,org.mybatis.jpetstore.domain.Sequence,org.mybatis.jpetstore.domain.Sequence,3
jpetstore,13,seed13_solution056,org.mybatis.jpetstore.mapper.AccountMapper,org.mybatis.jpetstore.mapper.AccountMapper,4
jpetstore,13,seed13_solution056,org.mybatis.jpetstore.mapper.CategoryMapper,org.mybatis.jpetstore.mapper.CategoryMapper,2
jpetstore,13,seed13_solution056,org.mybatis.jpetstore.mapper.ItemMapper,org.mybatis.jpetstore.mapper.ItemMapper,2
jpetstore,13,seed13_solution056,org.mybatis.jpetstore.mapper.LineItemMapper,org.mybatis.jpetstore.mapper.LineItemMapper,3
jpetstore,13,seed13_solution056,org.mybatis.jpetstore.mapper.OrderMapper,org.mybatis.jpetstore.mapper.OrderMapper,3
jpetstore,13,seed13_solution056,org.mybatis.jpetstore.mapper.ProductMapper,org.mybatis.jpetstore.mapper.ProductMapper,2
jpetstore,13,seed13_solution056,org.mybatis.jpetstore.mapper.SequenceMapper,org.mybatis.jpetstore.mapper.SequenceMapper,3
jpetstore,13,seed13_solution056,org.mybatis.jpetstore.service.AccountService,org.mybatis.jpetstore.service.AccountService,4
jpetstore,13,seed13_solution056,org.mybatis.jpetstore.service.CatalogService,org.mybatis.jpetstore.service.CatalogService,2
jpetstore,13,seed13_solution056,org.mybatis.jpetstore.service.OrderService,org.mybatis.jpetstore.service.OrderService,3
jpetstore,13,seed13_solution056,org.mybatis.jpetstore.web.actions.AbstractActionBean,org.mybatis.jpetstore.web.actions.AbstractActionBean,1
jpetstore,13,seed13_solution056,org.mybatis.jpetstore.web.actions.AccountActionBean,org.mybatis.jpetstore.web.actions.AccountActionBean,4
jpetstore,13,seed13_solution056,org.mybatis.jpetstore.web.actions.CartActionBean,org.mybatis.jpetstore.web.actions.CartActionBean,1
jpetstore,13,seed13_solution056,org.mybatis.jpetstore.web.actions.CatalogActionBean,org.mybatis.jpetstore.web.actions.CatalogActionBean,2
jpetstore,13,seed13_solution056,org.mybatis.jpetstore.web.actions.OrderActionBean,org.mybatis.jpetstore.web.actions.OrderActionBean,4
jpetstore,13,seed13_solution057,org.mybatis.jpetstore.domain.Account,org.mybatis.jpetstore.domain.Account,0
jpetstore,13,seed13_solution057,org.mybatis.jpetstore.domain.Cart,org.mybatis.jpetstore.domain.Cart,1
jpetstore,13,seed13_solution057,org.mybatis.jpetstore.domain.CartItem,org.mybatis.jpetstore.domain.CartItem,1
jpetstore,13,seed13_solution057,org.mybatis.jpetstore.domain.Category,org.mybatis.jpetstore.domain.Category,2
jpetstore,13,seed13_solution057,org.mybatis.jpetstore.domain.Item,org.mybatis.jpetstore.domain.Item,1
jpetstore,13,seed13_solution057,org.mybatis.jpetstore.domain.LineItem,org.mybatis.jpetstore.domain.LineItem,3
jpetstore,13,seed13_solution057,org.mybatis.jpetstore.domain.Order,org.mybatis.jpetstore.domain.Order,0
jpetstore,13,seed13_solution057,org.mybatis.jpetstore.domain.Product,org.mybatis.jpetstore.domain.Product,1
jpetstore,13,seed13_solution057,org.mybatis.jpetstore.domain.Sequence,org.mybatis.jpetstore.domain.Sequence,3
jpetstore,13,seed13_solution057,org.mybatis.jpetstore.mapper.AccountMapper,org.mybatis.jpetstore.mapper.AccountMapper,4
jpetstore,13,seed13_solution057,org.mybatis.jpetstore.mapper.CategoryMapper,org.mybatis.jpetstore.mapper.CategoryMapper,2
jpetstore,13,seed13_solution057,org.mybatis.jpetstore.mapper.ItemMapper,org.mybatis.jpetstore.mapper.ItemMapper,2
jpetstore,13,seed13_solution057,org.mybatis.jpetstore.mapper.LineItemMapper,org.mybatis.jpetstore.mapper.LineItemMapper,3
jpetstore,13,seed13_solution057,org.mybatis.jpetstore.mapper.OrderMapper,org.mybatis.jpetstore.mapper.OrderMapper,4
jpetstore,13,seed13_solution057,org.mybatis.jpetstore.mapper.ProductMapper,org.mybatis.jpetstore.mapper.ProductMapper,2
jpetstore,13,seed13_solution057,org.mybatis.jpetstore.mapper.SequenceMapper,org.mybatis.jpetstore.mapper.SequenceMapper,3
jpetstore,13,seed13_solution057,org.mybatis.jpetstore.service.AccountService,org.mybatis.jpetstore.service.AccountService,4
jpetstore,13,seed13_solution057,org.mybatis.jpetstore.service.CatalogService,org.mybatis.jpetstore.service.CatalogService,2
jpetstore,13,seed13_solution057,org.mybatis.jpetstore.service.OrderService,org.mybatis.jpetstore.service.OrderService,3
jpetstore,13,seed13_solution057,org.mybatis.jpetstore.web.actions.AbstractActionBean,org.mybatis.jpetstore.web.actions.AbstractActionBean,4
jpetstore,13,seed13_solution057,org.mybatis.jpetstore.web.actions.AccountActionBean,org.mybatis.jpetstore.web.actions.AccountActionBean,4
jpetstore,13,seed13_solution057,org.mybatis.jpetstore.web.actions.CartActionBean,org.mybatis.jpetstore.web.actions.CartActionBean,1
jpetstore,13,seed13_solution057,org.mybatis.jpetstore.web.actions.CatalogActionBean,org.mybatis.jpetstore.web.actions.CatalogActionBean,2
jpetstore,13,seed13_solution057,org.mybatis.jpetstore.web.actions.OrderActionBean,org.mybatis.jpetstore.web.actions.OrderActionBean,0
jpetstore,13,seed13_solution058,org.mybatis.jpetstore.domain.Account,org.mybatis.jpetstore.domain.Account,0
jpetstore,13,seed13_solution058,org.mybatis.jpetstore.domain.Cart,org.mybatis.jpetstore.domain.Cart,1
jpetstore,13,seed13_solution058,org.mybatis.jpetstore.domain.CartItem,org.mybatis.jpetstore.domain.CartItem,1
jpetstore,13,seed13_solution058,org.mybatis.jpetstore.domain.Category,org.mybatis.jpetstore.domain.Category,2
jpetstore,13,seed13_solution058,org.mybatis.jpetstore.domain.Item,org.mybatis.jpetstore.domain.Item,1
jpetstore,13,seed13_solution058,org.mybatis.jpetstore.domain.LineItem,org.mybatis.jpetstore.domain.LineItem,3
jpetstore,13,seed13_solution058,org.mybatis.jpetstore.domain.Order,org.mybatis.jpetstore.domain.Order,0
jpetstore,13,seed13_solution058,org.mybatis.jpetstore.domain.Product,org.mybatis.jpetstore.domain.Product,2
jpetstore,13,seed13_solution058,org.mybatis.jpetstore.domain.Sequence,org.mybatis.jpetstore.domain.Sequence,2
jpetstore,13,seed13_solution058,org.mybatis.jpetstore.mapper.AccountMapper,org.mybatis.jpetstore.mapper.AccountMapper,4
jpetstore,13,seed13_solution058,org.mybatis.jpetstore.mapper.CategoryMapper,org.mybatis.jpetstore.mapper.CategoryMapper,2
jpetstore,13,seed13_solution058,org.mybatis.jpetstore.mapper.ItemMapper,org.mybatis.jpetstore.mapper.ItemMapper,2
jpetstore,13,seed13_solution058,org.mybatis.jpetstore.mapper.LineItemMapper,org.mybatis.jpetstore.mapper.LineItemMapper,3
jpetstore,13,seed13_solution058,org.mybatis.jpetstore.mapper.OrderMapper,org.mybatis.jpetstore.mapper.OrderMapper,3
jpetstore,13,seed13_solution058,org.mybatis.jpetstore.mapper.ProductMapper,org.mybatis.jpetstore.mapper.ProductMapper,2
jpetstore,13,seed13_solution058,org.mybatis.jpetstore.mapper.SequenceMapper,org.mybatis.jpetstore.mapper.SequenceMapper,3
jpetstore,13,seed13_solution058,org.mybatis.jpetstore.service.AccountService,org.mybatis.jpetstore.service.AccountService,4
jpetstore,13,seed13_solution058,org.mybatis.jpetstore.service.CatalogService,org.mybatis.jpetstore.service.CatalogService,2
jpetstore,13,seed13_solution058,org.mybatis.jpetstore.service.OrderService,org.mybatis.jpetstore.service.OrderService,3
jpetstore,13,seed13_solution058,org.mybatis.jpetstore.web.actions.AbstractActionBean,org.mybatis.jpetstore.web.actions.AbstractActionBean,4
jpetstore,13,seed13_solution058,org.mybatis.jpetstore.web.actions.AccountActionBean,org.mybatis.jpetstore.web.actions.AccountActionBean,4
jpetstore,13,seed13_solution058,org.mybatis.jpetstore.web.actions.CartActionBean,org.mybatis.jpetstore.web.actions.CartActionBean,1
jpetstore,13,seed13_solution058,org.mybatis.jpetstore.web.actions.CatalogActionBean,org.mybatis.jpetstore.web.actions.CatalogActionBean,2
jpetstore,13,seed13_solution058,org.mybatis.jpetstore.web.actions.OrderActionBean,org.mybatis.jpetstore.web.actions.OrderActionBean,4
jpetstore,13,seed13_solution059,org.mybatis.jpetstore.domain.Account,org.mybatis.jpetstore.domain.Account,0
jpetstore,13,seed13_solution059,org.mybatis.jpetstore.domain.Cart,org.mybatis.jpetstore.domain.Cart,1
jpetstore,13,seed13_solution059,org.mybatis.jpetstore.domain.CartItem,org.mybatis.jpetstore.domain.CartItem,1
jpetstore,13,seed13_solution059,org.mybatis.jpetstore.domain.Category,org.mybatis.jpetstore.domain.Category,0
jpetstore,13,seed13_solution059,org.mybatis.jpetstore.domain.Item,org.mybatis.jpetstore.domain.Item,1
jpetstore,13,seed13_solution059,org.mybatis.jpetstore.domain.LineItem,org.mybatis.jpetstore.domain.LineItem,2
jpetstore,13,seed13_solution059,org.mybatis.jpetstore.domain.Order,org.mybatis.jpetstore.domain.Order,0
jpetstore,13,seed13_solution059,org.mybatis.jpetstore.domain.Product,org.mybatis.jpetstore.domain.Product,1
jpetstore,13,seed13_solution059,org.mybatis.jpetstore.domain.Sequence,org.mybatis.jpetstore.domain.Sequence,2
jpetstore,13,seed13_solution059,org.mybatis.jpetstore.mapper.AccountMapper,org.mybatis.jpetstore.mapper.AccountMapper,3
jpetstore,13,seed13_solution059,org.mybatis.jpetstore.mapper.CategoryMapper,org.mybatis.jpetstore.mapper.CategoryMapper,4
jpetstore,13,seed13_solution059,org.mybatis.jpetstore.mapper.ItemMapper,org.mybatis.jpetstore.mapper.ItemMapper,4
jpetstore,13,seed13_solution059,org.mybatis.jpetstore.mapper.LineItemMapper,org.mybatis.jpetstore.mapper.LineItemMapper,2
jpetstore,13,seed13_solution059,org.mybatis.jpetstore.mapper.OrderMapper,org.mybatis.jpetstore.mapper.OrderMapper,3
jpetstore,13,seed13_solution059,org.mybatis.jpetstore.mapper.ProductMapper,org.mybatis.jpetstore.mapper.ProductMapper,4
jpetstore,13,seed13_solution059,org.mybatis.jpetstore.mapper.SequenceMapper,org.mybatis.jpetstore.mapper.SequenceMapper,2
jpetstore,13,seed13_solution059,org.mybatis.jpetstore.service.AccountService,org.mybatis.jpetstore.service.AccountService,3
jpetstore,13,seed13_solution059,org.mybatis.jpetstore.service.CatalogService,org.mybatis.jpetstore.service.CatalogService,4
jpetstore,13,seed13_solution059,org.mybatis.jpetstore.service.OrderService,org.mybatis.jpetstore.service.OrderService,2
jpetstore,13,seed13_solution059,org.mybatis.jpetstore.web.actions.AbstractActionBean,org.mybatis.jpetstore.web.actions.AbstractActionBean,1
jpetstore,13,seed13_solution059,org.mybatis.jpetstore.web.actions.AccountActionBean,org.mybatis.jpetstore.web.actions.AccountActionBean,3
jpetstore,13,seed13_solution059,org.mybatis.jpetstore.web.actions.CartActionBean,org.mybatis.jpetstore.web.actions.CartActionBean,1
jpetstore,13,seed13_solution059,org.mybatis.jpetstore.web.actions.CatalogActionBean,org.mybatis.jpetstore.web.actions.CatalogActionBean,4
jpetstore,13,seed13_solution059,org.mybatis.jpetstore.web.actions.OrderActionBean,org.mybatis.jpetstore.web.actions.OrderActionBean,0
jpetstore,13,seed13_solution060,org.mybatis.jpetstore.domain.Account,org.mybatis.jpetstore.domain.Account,0
jpetstore,13,seed13_solution060,org.mybatis.jpetstore.domain.Cart,org.mybatis.jpetstore.domain.Cart,1
jpetstore,13,seed13_solution060,org.mybatis.jpetstore.domain.CartItem,org.mybatis.jpetstore.domain.CartItem,1
jpetstore,13,seed13_solution060,org.mybatis.jpetstore.domain.Category,org.mybatis.jpetstore.domain.Category,2
jpetstore,13,seed13_solution060,org.mybatis.jpetstore.domain.Item,org.mybatis.jpetstore.domain.Item,1
jpetstore,13,seed13_solution060,org.mybatis.jpetstore.domain.LineItem,org.mybatis.jpetstore.domain.LineItem,1
jpetstore,13,seed13_solution060,org.mybatis.jpetstore.domain.Order,org.mybatis.jpetstore.domain.Order,0
jpetstore,13,seed13_solution060,org.mybatis.jpetstore.domain.Product,org.mybatis.jpetstore.domain.Product,1
jpetstore,13,seed13_solution060,org.mybatis.jpetstore.domain.Sequence,org.mybatis.jpetstore.domain.Sequence,2
jpetstore,13,seed13_solution060,org.mybatis.jpetstore.mapper.AccountMapper,org.mybatis.jpetstore.mapper.AccountMapper,3
jpetstore,13,seed13_solution060,org.mybatis.jpetstore.mapper.CategoryMapper,org.mybatis.jpetstore.mapper.CategoryMapper,2
jpetstore,13,seed13_solution060,org.mybatis.jpetstore.mapper.ItemMapper,org.mybatis.jpetstore.mapper.ItemMapper,2
jpetstore,13,seed13_solution060,org.mybatis.jpetstore.mapper.LineItemMapper,org.mybatis.jpetstore.mapper.LineItemMapper,2
jpetstore,13,seed13_solution060,org.mybatis.jpetstore.mapper.OrderMapper,org.mybatis.jpetstore.mapper.OrderMapper,3
jpetstore,13,seed13_solution060,org.mybatis.jpetstore.mapper.ProductMapper,org.mybatis.jpetstore.mapper.ProductMapper,2
jpetstore,13,seed13_solution060,org.mybatis.jpetstore.mapper.SequenceMapper,org.mybatis.jpetstore.mapper.SequenceMapper,2
jpetstore,13,seed13_solution060,org.mybatis.jpetstore.service.AccountService,org.mybatis.jpetstore.service.AccountService,3
jpetstore,13,seed13_solution060,org.mybatis.jpetstore.service.CatalogService,org.mybatis.jpetstore.service.CatalogService,2
jpetstore,13,seed13_solution060,org.mybatis.jpetstore.service.OrderService,org.mybatis.jpetstore.service.OrderService,3
jpetstore,13,seed13_solution060,org.mybatis.jpetstore.web.actions.AbstractActionBean,org.mybatis.jpetstore.web.actions.AbstractActionBean,0
jpetstore,13,seed13_solution060,org.mybatis.jpetstore.web.actions.AccountActionBean,org.mybatis.jpetstore.web.actions.AccountActionBean,3
jpetstore,13,seed13_solution060,org.mybatis.jpetstore.web.actions.CartActionBean,org.mybatis.jpetstore.web.actions.CartActionBean,1
jpetstore,13,seed13_solution060,org.mybatis.jpetstore.web.actions.CatalogActionBean,org.mybatis.jpetstore.web.actions.CatalogActionBean,2
jpetstore,13,seed13_solution060,org.mybatis.jpetstore.web.actions.OrderActionBean,org.mybatis.jpetstore.web.actions.OrderActionBean,0
jpetstore,13,seed13_solution061,org.mybatis.jpetstore.domain.Account,org.mybatis.jpetstore.domain.Account,0
jpetstore,13,seed13_solution061,org.mybatis.jpetstore.domain.Cart,org.mybatis.jpetstore.domain.Cart,1
jpetstore,13,seed13_solution061,org.mybatis.jpetstore.domain.CartItem,org.mybatis.jpetstore.domain.CartItem,1
jpetstore,13,seed13_solution061,org.mybatis.jpetstore.domain.Category,org.mybatis.jpetstore.domain.Category,2
jpetstore,13,seed13_solution061,org.mybatis.jpetstore.domain.Item,org.mybatis.jpetstore.domain.Item,1
jpetstore,13,seed13_solution061,org.mybatis.jpetstore.domain.LineItem,org.mybatis.jpetstore.domain.LineItem,1
jpetstore,13,seed13_solution061,org.mybatis.jpetstore.domain.Order,org.mybatis.jpetstore.domain.Order,0
jpetstore,13,seed13_solution061,org.mybatis.jpetstore.domain.Product,org.mybatis.jpetstore.domain.Product,1
jpetstore,13,seed13_solution061,org.mybatis.jpetstore.domain.Sequence,org.mybatis.jpetstore.domain.Sequence,2
jpetstore,13,seed13_solution061,org.mybatis.jpetstore.mapper.AccountMapper,org.mybatis.jpetstore.mapper.AccountMapper,3
jpetstore,13,seed13_solution061,org.mybatis.jpetstore.mapper.CategoryMapper,org.mybatis.jpetstore.mapper.CategoryMapper,2
jpetstore,13,seed13_solution061,org.mybatis.jpetstore.mapper.ItemMapper,org.mybatis.jpetstore.mapper.ItemMapper,2
jpetstore,13,seed13_solution061,org.mybatis.jpetstore.mapper.LineItemMapper,org.mybatis.jpetstore.mapper.LineItemMapper,2
jpetstore,13,seed13_solution061,org.mybatis.jpetstore.mapper.OrderMapper,org.mybatis.jpetstore.mapper.OrderMapper,3
jpetstore,13,seed13_solution061,org.mybatis.jpetstore.mapper.ProductMapper,org.mybatis.jpetstore.mapper.ProductMapper,2
jpetstore,13,seed13_solution061,org.mybatis.jpetstore.mapper.SequenceMapper,org.mybatis.jpetstore.mapper.SequenceMapper,2
jpetstore,13,seed13_solution061,org.mybatis.jpetstore.service.AccountService,org.mybatis.jpetstore.service.AccountService,3
jpetstore,13,seed13_solution061,org.mybatis.jpetstore.service.CatalogService,org.mybatis.jpetstore.service.CatalogService,2
jpetstore,13,seed13_solution061,org.mybatis.jpetstore.service.OrderService,org.mybatis.jpetstore.service.OrderService,3
jpetstore,13,seed13_solution061,org.mybatis.jpetstore.web.actions.AbstractActionBean,org.mybatis.jpetstore.web.actions.AbstractActionBean,3
jpetstore,13,seed13_solution061,org.mybatis.jpetstore.web.actions.AccountActionBean,org.mybatis.jpetstore.web.actions.AccountActionBean,3
jpetstore,13,seed13_solution061,org.mybatis.jpetstore.web.actions.CartActionBean,org.mybatis.jpetstore.web.actions.CartActionBean,1
jpetstore,13,seed13_solution061,org.mybatis.jpetstore.web.actions.CatalogActionBean,org.mybatis.jpetstore.web.actions.CatalogActionBean,2
jpetstore,13,seed13_solution061,org.mybatis.jpetstore.web.actions.OrderActionBean,org.mybatis.jpetstore.web.actions.OrderActionBean,3
jpetstore,13,seed13_solution062,org.mybatis.jpetstore.domain.Account,org.mybatis.jpetstore.domain.Account,0
jpetstore,13,seed13_solution062,org.mybatis.jpetstore.domain.Cart,org.mybatis.jpetstore.domain.Cart,1
jpetstore,13,seed13_solution062,org.mybatis.jpetstore.domain.CartItem,org.mybatis.jpetstore.domain.CartItem,1
jpetstore,13,seed13_solution062,org.mybatis.jpetstore.domain.Category,org.mybatis.jpetstore.domain.Category,2
jpetstore,13,seed13_solution062,org.mybatis.jpetstore.domain.Item,org.mybatis.jpetstore.domain.Item,2
jpetstore,13,seed13_solution062,org.mybatis.jpetstore.domain.LineItem,org.mybatis.jpetstore.domain.LineItem,3
jpetstore,13,seed13_solution062,org.mybatis.jpetstore.domain.Order,org.mybatis.jpetstore.domain.Order,0
jpetstore,13,seed13_solution062,org.mybatis.jpetstore.domain.Product,org.mybatis.jpetstore.domain.Product,2
jpetstore,13,seed13_solution062,org.mybatis.jpetstore.domain.Sequence,org.mybatis.jpetstore.domain.Sequence,3
jpetstore,13,seed13_solution062,org.mybatis.jpetstore.mapper.AccountMapper,org.mybatis.jpetstore.mapper.AccountMapper,4
jpetstore,13,seed13_solution062,org.mybatis.jpetstore.mapper.CategoryMapper,org.mybatis.jpetstore.mapper.CategoryMapper,2
jpetstore,13,seed13_solution062,org.mybatis.jpetstore.mapper.ItemMapper,org.mybatis.jpetstore.mapper.ItemMapper,2
jpetstore,13,seed13_solution062,org.mybatis.jpetstore.mapper.LineItemMapper,org.mybatis.jpetstore.mapper.LineItemMapper,2
jpetstore,13,seed13_solution062,org.mybatis.jpetstore.mapper.OrderMapper,org.mybatis.jpetstore.mapper.OrderMapper,3
jpetstore,13,seed13_solution062,org.mybatis.jpetstore.mapper.ProductMapper,org.mybatis.jpetstore.mapper.ProductMapper,2
jpetstore,13,seed13_solution062,org.mybatis.jpetstore.mapper.SequenceMapper,org.mybatis.jpetstore.mapper.SequenceMapper,3
jpetstore,13,seed13_solution062,org.mybatis.jpetstore.service.AccountService,org.mybatis.jpetstore.service.AccountService,4
jpetstore,13,seed13_solution062,org.mybatis.jpetstore.service.CatalogService,org.mybatis.jpetstore.service.CatalogService,2
jpetstore,13,seed13_solution062,org.mybatis.jpetstore.service.OrderService,org.mybatis.jpetstore.service.OrderService,3
jpetstore,13,seed13_solution062,org.mybatis.jpetstore.web.actions.AbstractActionBean,org.mybatis.jpetstore.web.actions.AbstractActionBean,3
jpetstore,13,seed13_solution062,org.mybatis.jpetstore.web.actions.AccountActionBean,org.mybatis.jpetstore.web.actions.AccountActionBean,4
jpetstore,13,seed13_solution062,org.mybatis.jpetstore.web.actions.CartActionBean,org.mybatis.jpetstore.web.actions.CartActionBean,1
jpetstore,13,seed13_solution062,org.mybatis.jpetstore.web.actions.CatalogActionBean,org.mybatis.jpetstore.web.actions.CatalogActionBean,2
jpetstore,13,seed13_solution062,org.mybatis.jpetstore.web.actions.OrderActionBean,org.mybatis.jpetstore.web.actions.OrderActionBean,3
jpetstore,13,seed13_solution063,org.mybatis.jpetstore.domain.Account,org.mybatis.jpetstore.domain.Account,0
jpetstore,13,seed13_solution063,org.mybatis.jpetstore.domain.Cart,org.mybatis.jpetstore.domain.Cart,1
jpetstore,13,seed13_solution063,org.mybatis.jpetstore.domain.CartItem,org.mybatis.jpetstore.domain.CartItem,1
jpetstore,13,seed13_solution063,org.mybatis.jpetstore.domain.Category,org.mybatis.jpetstore.domain.Category,1
jpetstore,13,seed13_solution063,org.mybatis.jpetstore.domain.Item,org.mybatis.jpetstore.domain.Item,1
jpetstore,13,seed13_solution063,org.mybatis.jpetstore.domain.LineItem,org.mybatis.jpetstore.domain.LineItem,1
jpetstore,13,seed13_solution063,org.mybatis.jpetstore.domain.Order,org.mybatis.jpetstore.domain.Order,0
jpetstore,13,seed13_solution063,org.mybatis.jpetstore.domain.Product,org.mybatis.jpetstore.domain.Product,2
jpetstore,13,seed13_solution063,org.mybatis.jpetstore.domain.Sequence,org.mybatis.jpetstore.domain.Sequence,2
jpetstore,13,seed13_solution063,org.mybatis.jpetstore.mapper.AccountMapper,org.mybatis.jpetstore.mapper.AccountMapper,3
jpetstore,13,seed13_solution063,org.mybatis.jpetstore.mapper.CategoryMapper,org.mybatis.jpetstore.mapper.CategoryMapper,2
jpetstore,13,seed13_solution063,org.mybatis.jpetstore.mapper.ItemMapper,org.mybatis.jpetstore.mapper.ItemMapper,2
jpetstore,13,seed13_solution063,org.mybatis.jpetstore.mapper.LineItemMapper,org.mybatis.jpetstore.mapper.LineItemMapper,2
jpetstore,13,seed13_solution063,org.mybatis.jpetstore.mapper.OrderMapper,org.mybatis.jpetstore.mapper.OrderMapper,2
jpetstore,13,seed13_solution063,org.mybatis.jpetstore.mapper.ProductMapper,org.mybatis.jpetstore.mapper.ProductMapper,2
jpetstore,13,seed13_solution063,org.mybatis.jpetstore.mapper.SequenceMapper,org.mybatis.jpetstore.mapper.SequenceMapper,3
jpetstore,13,seed13_solution063,org.mybatis.jpetstore.service.AccountService,org.mybatis.jpetstore.service.AccountService,3
jpetstore,13,seed13_solution063,org.mybatis.jpetstore.service.CatalogService,org.mybatis.jpetstore.service.CatalogService,2
jpetstore,13,seed13_solution063,org.mybatis.jpetstore.service.OrderService,org.mybatis.jpetstore.service.OrderService,3
jpetstore,13,seed13_solution063,org.mybatis.jpetstore.web.actions.AbstractActionBean,org.mybatis.jpetstore.web.actions.AbstractActionBean,0
jpetstore,13,seed13_solution063,org.mybatis.jpetstore.web.actions.AccountActionBean,org.mybatis.jpetstore.web.actions.AccountActionBean,0
jpetstore,13,seed13_solution063,org.mybatis.jpetstore.web.actions.CartActionBean,org.mybatis.jpetstore.web.actions.CartActionBean,0
jpetstore,13,seed13_solution063,org.mybatis.jpetstore.web.actions.CatalogActionBean,org.mybatis.jpetstore.web.actions.CatalogActionBean,0
jpetstore,13,seed13_solution063,org.mybatis.jpetstore.web.actions.OrderActionBean,org.mybatis.jpetstore.web.actions.OrderActionBean,0
jpetstore,13,seed13_solution064,org.mybatis.jpetstore.domain.Account,org.mybatis.jpetstore.domain.Account,0
jpetstore,13,seed13_solution064,org.mybatis.jpetstore.domain.Cart,org.mybatis.jpetstore.domain.Cart,1
jpetstore,13,seed13_solution064,org.mybatis.jpetstore.domain.CartItem,org.mybatis.jpetstore.domain.CartItem,1
jpetstore,13,seed13_solution064,org.mybatis.jpetstore.domain.Category,org.mybatis.jpetstore.domain.Category,1
jpetstore,13,seed13_solution064,org.mybatis.jpetstore.domain.Item,org.mybatis.jpetstore.domain.Item,1
jpetstore,13,seed13_solution064,org.mybatis.jpetstore.domain.LineItem,org.mybatis.jpetstore.domain.LineItem,1
jpetstore,13,seed13_solution064,org.mybatis.jpetstore.domain.Order,org.mybatis.jpetstore.domain.Order,0
jpetstore,13,seed13_solution064,org.mybatis.jpetstore.domain.Product,org.mybatis.jpetstore.domain.Product,1
jpetstore,13,seed13_solution064,org.mybatis.jpetstore.domain.Sequence,org.mybatis.jpetstore.domain.Sequence,1
jpetstore,13,seed13_solution064,org.mybatis.jpetstore.mapper.AccountMapper,org.mybatis.jpetstore.mapper.AccountMapper,2
jpetstore,13,seed13_solution064,org.mybatis.jpetstore.mapper.CategoryMapper,org.mybatis.jpetstore.mapper.CategoryMapper,3
jpetstore,13,seed13_solution064,org.mybatis.jpetstore.mapper.ItemMapper,org.mybatis.jpetstore.mapper.ItemMapper,3
jpetstore,13,seed13_solution064,org.mybatis.jpetstore.mapper.LineItemMapper,org.mybatis.jpetstore.mapper.LineItemMapper,4
jpetstore,13,seed13_solution064,org.mybatis.jpetstore.mapper.OrderMapper,org.mybatis.jpetstore.mapper.OrderMapper,3
jpetstore,13,seed13_solution064,org.mybatis.jpetstore.mapper.ProductMapper,org.mybatis.jpetstore.mapper.ProductMapper,3
jpetstore,13,seed13_solution064,org.mybatis.jpetstore.mapper.SequenceMapper,org.mybatis.jpetstore.mapper.SequenceMapper,3
jpetstore,13,seed13_solution064,org.mybatis.jpetstore.service.AccountService,org.mybatis.jpetstore.service.AccountService,2
jpetstore,13,seed13_solution064,org.mybatis.jpetstore.service.CatalogService,org.mybatis.jpetstore.service.CatalogService,4
jpetstore,13,seed13_solution064,org.mybatis.jpetstore.service.OrderService,org.mybatis.jpetstore.service.OrderService,3
jpetstore,13,seed13_solution064,org.mybatis.jpetstore.web.actions.AbstractActionBean,org.mybatis.jpetstore.web.actions.AbstractActionBean,0
jpetstore,13,seed13_solution064,org.mybatis.jpetstore.web.actions.AccountActionBean,org.mybatis.jpetstore.web.actions.AccountActionBean,0
jpetstore,13,seed13_solution064,org.mybatis.jpetstore.web.actions.CartActionBean,org.mybatis.jpetstore.web.actions.CartActionBean,0
jpetstore,13,seed13_solution064,org.mybatis.jpetstore.web.actions.CatalogActionBean,org.mybatis.jpetstore.web.actions.CatalogActionBean,0
jpetstore,13,seed13_solution064,org.mybatis.jpetstore.web.actions.OrderActionBean,org.mybatis.jpetstore.web.actions.OrderActionBean,0
jpetstore,13,seed13_solution065,org.mybatis.jpetstore.domain.Account,org.mybatis.jpetstore.domain.Account,0
jpetstore,13,seed13_solution065,org.mybatis.jpetstore.domain.Cart,org.mybatis.jpetstore.domain.Cart,1
jpetstore,13,seed13_solution065,org.mybatis.jpetstore.domain.CartItem,org.mybatis.jpetstore.domain.CartItem,1
jpetstore,13,seed13_solution065,org.mybatis.jpetstore.domain.Category,org.mybatis.jpetstore.domain.Category,1
jpetstore,13,seed13_solution065,org.mybatis.jpetstore.domain.Item,org.mybatis.jpetstore.domain.Item,1
jpetstore,13,seed13_solution065,org.mybatis.jpetstore.domain.LineItem,org.mybatis.jpetstore.domain.LineItem,1
jpetstore,13,seed13_solution065,org.mybatis.jpetstore.domain.Order,org.mybatis.jpetstore.domain.Order,1
jpetstore,13,seed13_solution065,org.mybatis.jpetstore.domain.Product,org.mybatis.jpetstore.domain.Product,1
jpetstore,13,seed13_solution065,org.mybatis.jpetstore.domain.Sequence,org.mybatis.jpetstore.domain.Sequence,2
jpetstore,13,seed13_solution065,org.mybatis.jpetstore.mapper.AccountMapper,org.mybatis.jpetstore.mapper.AccountMapper,0
jpetstore,13,seed13_solution065,org.mybatis.jpetstore.mapper.CategoryMapper,org.mybatis.jpetstore.mapper.CategoryMapper,3
jpetstore,13,seed13_solution065,org.mybatis.jpetstore.mapper.ItemMapper,org.mybatis.jpetstore.mapper.ItemMapper,3
jpetstore,13,seed13_solution065,org.mybatis.jpetstore.mapper.LineItemMapper,org.mybatis.jpetstore.mapper.LineItemMapper,3
jpetstore,13,seed13_solution065,org.mybatis.jpetstore.mapper.OrderMapper,org.mybatis.jpetstore.mapper.OrderMapper,3
jpetstore,13,seed13_solution065,org.mybatis.jpetstore.mapper.ProductMapper,org.mybatis.jpetstore.mapper.ProductMapper,3
jpetstore,13,seed13_solution065,org.mybatis.jpetstore.mapper.SequenceMapper,org.mybatis.jpetstore.mapper.SequenceMapper,2
jpetstore,13,seed13_solution065,org.mybatis.jpetstore.service.AccountService,org.mybatis.jpetstore.service.AccountService,0
jpetstore,13,seed13_solution065,org.mybatis.jpetstore.service.CatalogService,org.mybatis.jpetstore.service.CatalogService,3
jpetstore,13,seed13_solution065,org.mybatis.jpetstore.service.OrderService,org.mybatis.jpetstore.service.OrderService,2
jpetstore,13,seed13_solution065,org.mybatis.jpetstore.web.actions.AbstractActionBean,org.mybatis.jpetstore.web.actions.AbstractActionBean,0
jpetstore,13,seed13_solution065,org.mybatis.jpetstore.web.actions.AccountActionBean,org.mybatis.jpetstore.web.actions.AccountActionBean,0
jpetstore,13,seed13_solution065,org.mybatis.jpetstore.web.actions.CartActionBean,org.mybatis.jpetstore.web.actions.CartActionBean,0
jpetstore,13,seed13_solution065,org.mybatis.jpetstore.web.actions.CatalogActionBean,org.mybatis.jpetstore.web.actions.CatalogActionBean,0
jpetstore,13,seed13_solution065,org.mybatis.jpetstore.web.actions.OrderActionBean,org.mybatis.jpetstore.web.actions.OrderActionBean,0
jpetstore,13,seed13_solution066,org.mybatis.jpetstore.domain.Account,org.mybatis.jpetstore.domain.Account,0
jpetstore,13,seed13_solution066,org.mybatis.jpetstore.domain.Cart,org.mybatis.jpetstore.domain.Cart,1
jpetstore,13,seed13_solution066,org.mybatis.jpetstore.domain.CartItem,org.mybatis.jpetstore.domain.CartItem,1
jpetstore,13,seed13_solution066,org.mybatis.jpetstore.domain.Category,org.mybatis.jpetstore.domain.Category,2
jpetstore,13,seed13_solution066,org.mybatis.jpetstore.domain.Item,org.mybatis.jpetstore.domain.Item,1
jpetstore,13,seed13_solution066,org.mybatis.jpetstore.domain.LineItem,org.mybatis.jpetstore.domain.LineItem,3
jpetstore,13,seed13_solution066,org.mybatis.jpetstore.domain.Order,org.mybatis.jpetstore.domain.Order,0
jpetstore,13,seed13_solution066,org.mybatis.jpetstore.domain.Product,org.mybatis.jpetstore.domain.Product,2
jpetstore,13,seed13_solution066,org.mybatis.jpetstore.domain.Sequence,org.mybatis.jpetstore.domain.Sequence,3
jpetstore,13,seed13_solution066,org.mybatis.jpetstore.mapper.AccountMapper,org.mybatis.jpetstore.mapper.AccountMapper,4
jpetstore,13,seed13_solution066,org.mybatis.jpetstore.mapper.CategoryMapper,org.mybatis.jpetstore.mapper.CategoryMapper,2
jpetstore,13,seed13_solution066,org.mybatis.jpetstore.mapper.ItemMapper,org.mybatis.jpetstore.mapper.ItemMapper,2
jpetstore,13,seed13_solution066,org.mybatis.jpetstore.mapper.LineItemMapper,org.mybatis.jpetstore.mapper.LineItemMapper,3
jpetstore,13,seed13_solution066,org.mybatis.jpetstore.mapper.OrderMapper,org.mybatis.jpetstore.mapper.OrderMapper,3
jpetstore,13,seed13_solution066,org.mybatis.jpetstore.mapper.ProductMapper,org.mybatis.jpetstore.mapper.ProductMapper,2
jpetstore,13,seed13_solution066,org.mybatis.jpetstore.mapper.SequenceMapper,org.mybatis.jpetstore.mapper.SequenceMapper,3
jpetstore,13,seed13_solution066,org.mybatis.jpetstore.service.AccountService,org.mybatis.jpetstore.service.AccountService,4
jpetstore,13,seed13_solution066,org.mybatis.jpetstore.service.CatalogService,org.mybatis.jpetstore.service.CatalogService,2
jpetstore,13,seed13_solution066,org.mybatis.jpetstore.service.OrderService,org.mybatis.jpetstore.service.OrderService,3
jpetstore,13,seed13_solution066,org.mybatis.jpetstore.web.actions.AbstractActionBean,org.mybatis.jpetstore.web.actions.AbstractActionBean,4
jpetstore,13,seed13_solution066,org.mybatis.jpetstore.web.actions.AccountActionBean,org.mybatis.jpetstore.web.actions.AccountActionBean,4
jpetstore,13,seed13_solution066,org.mybatis.jpetstore.web.actions.CartActionBean,org.mybatis.jpetstore.web.actions.CartActionBean,1
jpetstore,13,seed13_solution066,org.mybatis.jpetstore.web.actions.CatalogActionBean,org.mybatis.jpetstore.web.actions.CatalogActionBean,3
jpetstore,13,seed13_solution066,org.mybatis.jpetstore.web.actions.OrderActionBean,org.mybatis.jpetstore.web.actions.OrderActionBean,4
jpetstore,13,seed13_solution067,org.mybatis.jpetstore.domain.Account,org.mybatis.jpetstore.domain.Account,0
jpetstore,13,seed13_solution067,org.mybatis.jpetstore.domain.Cart,org.mybatis.jpetstore.domain.Cart,1
jpetstore,13,seed13_solution067,org.mybatis.jpetstore.domain.CartItem,org.mybatis.jpetstore.domain.CartItem,1
jpetstore,13,seed13_solution067,org.mybatis.jpetstore.domain.Category,org.mybatis.jpetstore.domain.Category,2
jpetstore,13,seed13_solution067,org.mybatis.jpetstore.domain.Item,org.mybatis.jpetstore.domain.Item,2
jpetstore,13,seed13_solution067,org.mybatis.jpetstore.domain.LineItem,org.mybatis.jpetstore.domain.LineItem,3
jpetstore,13,seed13_solution067,org.mybatis.jpetstore.domain.Order,org.mybatis.jpetstore.domain.Order,0
jpetstore,13,seed13_solution067,org.mybatis.jpetstore.domain.Product,org.mybatis.jpetstore.domain.Product,2
jpetstore,13,seed13_solution067,org.mybatis.jpetstore.domain.Sequence,org.mybatis.jpetstore.domain.Sequence,3
jpetstore,13,seed13_solution067,org.mybatis.jpetstore.mapper.AccountMapper,org.mybatis.jpetstore.mapper.AccountMapper,4
jpetstore,13,seed13_solution067,org.mybatis.jpetstore.mapper.CategoryMapper,org.mybatis.jpetstore.mapper.CategoryMapper,2
jpetstore,13,seed13_solution067,org.mybatis.jpetstore.mapper.ItemMapper,org.mybatis.jpetstore.mapper.ItemMapper,2
jpetstore,13,seed13_solution067,org.mybatis.jpetstore.mapper.LineItemMapper,org.mybatis.jpetstore.mapper.LineItemMapper,3
jpetstore,13,seed13_solution067,org.mybatis.jpetstore.mapper.OrderMapper,org.mybatis.jpetstore.mapper.OrderMapper,3
jpetstore,13,seed13_solution067,org.mybatis.jpetstore.mapper.ProductMapper,org.mybatis.jpetstore.mapper.ProductMapper,5
jpetstore,13,seed13_solution067,org.mybatis.jpetstore.mapper.SequenceMapper,org.mybatis.jpetstore.mapper.SequenceMapper,3
jpetstore,13,seed13_solution067,org.mybatis.jpetstore.service.AccountService,org.mybatis.jpetstore.service.AccountService,4
jpetstore,13,seed13_solution067,org.mybatis.jpetstore.service.CatalogService,org.mybatis.jpetstore.service.CatalogService,2
jpetstore,13,seed13_solution067,org.mybatis.jpetstore.service.OrderService,org.mybatis.jpetstore.service.OrderService,3
jpetstore,13,seed13_solution067,org.mybatis.jpetstore.web.actions.AbstractActionBean,org.mybatis.jpetstore.web.actions.AbstractActionBean,5
jpetstore,13,seed13_solution067,org.mybatis.jpetstore.web.actions.AccountActionBean,org.mybatis.jpetstore.web.actions.AccountActionBean,5
jpetstore,13,seed13_solution067,org.mybatis.jpetstore.web.actions.CartActionBean,org.mybatis.jpetstore.web.actions.CartActionBean,1
jpetstore,13,seed13_solution067,org.mybatis.jpetstore.web.actions.CatalogActionBean,org.mybatis.jpetstore.web.actions.CatalogActionBean,2
jpetstore,13,seed13_solution067,org.mybatis.jpetstore.web.actions.OrderActionBean,org.mybatis.jpetstore.web.actions.OrderActionBean,5
jpetstore,13,seed13_solution068,org.mybatis.jpetstore.domain.Account,org.mybatis.jpetstore.domain.Account,0
jpetstore,13,seed13_solution068,org.mybatis.jpetstore.domain.Cart,org.mybatis.jpetstore.domain.Cart,1
jpetstore,13,seed13_solution068,org.mybatis.jpetstore.domain.CartItem,org.mybatis.jpetstore.domain.CartItem,1
jpetstore,13,seed13_solution068,org.mybatis.jpetstore.domain.Category,org.mybatis.jpetstore.domain.Category,2
jpetstore,13,seed13_solution068,org.mybatis.jpetstore.domain.Item,org.mybatis.jpetstore.domain.Item,1
jpetstore,13,seed13_solution068,org.mybatis.jpetstore.domain.LineItem,org.mybatis.jpetstore.domain.LineItem,3
jpetstore,13,seed13_solution068,org.mybatis.jpetstore.domain.Order,org.mybatis.jpetstore.domain.Order,0
jpetstore,13,seed13_solution068,org.mybatis.jpetstore.domain.Product,org.mybatis.jpetstore.domain.Product,4
jpetstore,13,seed13_solution068,org.mybatis.jpetstore.domain.Sequence,org.mybatis.jpetstore.domain.Sequence,3
jpetstore,13,seed13_solution068,org.mybatis.jpetstore.mapper.AccountMapper,org.mybatis.jpetstore.mapper.AccountMapper,5
jpetstore,13,seed13_solution068,org.mybatis.jpetstore.mapper.CategoryMapper,org.mybatis.jpetstore.mapper.CategoryMapper,2
jpetstore,13,seed13_solution068,org.mybatis.jpetstore.mapper.ItemMapper,org.mybatis.jpetstore.mapper.ItemMapper,2
jpetstore,13,seed13_solution068,org.mybatis.jpetstore.mapper.LineItemMapper,org.mybatis.jpetstore.mapper.LineItemMapper,3
jpetstore,13,seed13_solution068,org.mybatis.jpetstore.mapper.OrderMapper,org.mybatis.jpetstore.mapper.OrderMapper,3
jpetstore,13,seed13_solution068,org.mybatis.jpetstore.mapper.ProductMapper,org.mybatis.jpetstore.mapper.ProductMapper,4
jpetstore,13,seed13_solution068,org.mybatis.jpetstore.mapper.SequenceMapper,org.mybatis.jpetstore.mapper.SequenceMapper,3
jpetstore,13,seed13_solution068,org.mybatis.jpetstore.service.AccountService,org.mybatis.jpetstore.service.AccountService,5
jpetstore,13,seed13_solution068,org.mybatis.jpetstore.service.CatalogService,org.mybatis.jpetstore.service.CatalogService,2
jpetstore,13,seed13_solution068,org.mybatis.jpetstore.service.OrderService,org.mybatis.jpetstore.service.OrderService,3
jpetstore,13,seed13_solution068,org.mybatis.jpetstore.web.actions.AbstractActionBean,org.mybatis.jpetstore.web.actions.AbstractActionBean,4
jpetstore,13,seed13_solution068,org.mybatis.jpetstore.web.actions.AccountActionBean,org.mybatis.jpetstore.web.actions.AccountActionBean,4
jpetstore,13,seed13_solution068,org.mybatis.jpetstore.web.actions.CartActionBean,org.mybatis.jpetstore.web.actions.CartActionBean,1
jpetstore,13,seed13_solution068,org.mybatis.jpetstore.web.actions.CatalogActionBean,org.mybatis.jpetstore.web.actions.CatalogActionBean,2
jpetstore,13,seed13_solution068,org.mybatis.jpetstore.web.actions.OrderActionBean,org.mybatis.jpetstore.web.actions.OrderActionBean,4
jpetstore,13,seed13_solution069,org.mybatis.jpetstore.domain.Account,org.mybatis.jpetstore.domain.Account,0
jpetstore,13,seed13_solution069,org.mybatis.jpetstore.domain.Cart,org.mybatis.jpetstore.domain.Cart,1
jpetstore,13,seed13_solution069,org.mybatis.jpetstore.domain.CartItem,org.mybatis.jpetstore.domain.CartItem,1
jpetstore,13,seed13_solution069,org.mybatis.jpetstore.domain.Category,org.mybatis.jpetstore.domain.Category,2
jpetstore,13,seed13_solution069,org.mybatis.jpetstore.domain.Item,org.mybatis.jpetstore.domain.Item,2
jpetstore,13,seed13_solution069,org.mybatis.jpetstore.domain.LineItem,org.mybatis.jpetstore.domain.LineItem,3
jpetstore,13,seed13_solution069,org.mybatis.jpetstore.domain.Order,org.mybatis.jpetstore.domain.Order,0
jpetstore,13,seed13_solution069,org.mybatis.jpetstore.domain.Product,org.mybatis.jpetstore.domain.Product,2
jpetstore,13,seed13_solution069,org.mybatis.jpetstore.domain.Sequence,org.mybatis.jpetstore.domain.Sequence,3
jpetstore,13,seed13_solution069,org.mybatis.jpetstore.mapper.AccountMapper,org.mybatis.jpetstore.mapper.AccountMapper,4
jpetstore,13,seed13_solution069,org.mybatis.jpetstore.mapper.CategoryMapper,org.mybatis.jpetstore.mapper.CategoryMapper,2
jpetstore,13,seed13_solution069,org.mybatis.jpetstore.mapper.ItemMapper,org.mybatis.jpetstore.mapper.ItemMapper,2
jpetstore,13,seed13_solution069,org.mybatis.jpetstore.mapper.LineItemMapper,org.mybatis.jpetstore.mapper.LineItemMapper,3
jpetstore,13,seed13_solution069,org.mybatis.jpetstore.mapper.OrderMapper,org.mybatis.jpetstore.mapper.OrderMapper,3
jpetstore,13,seed13_solution069,org.mybatis.jpetstore.mapper.ProductMapper,org.mybatis.jpetstore.mapper.ProductMapper,4
jpetstore,13,seed13_solution069,org.mybatis.jpetstore.mapper.SequenceMapper,org.mybatis.jpetstore.mapper.SequenceMapper,3
jpetstore,13,seed13_solution069,org.mybatis.jpetstore.service.AccountService,org.mybatis.jpetstore.service.AccountService,4
jpetstore,13,seed13_solution069,org.mybatis.jpetstore.service.CatalogService,org.mybatis.jpetstore.service.CatalogService,2
jpetstore,13,seed13_solution069,org.mybatis.jpetstore.service.OrderService,org.mybatis.jpetstore.service.OrderService,3
jpetstore,13,seed13_solution069,org.mybatis.jpetstore.web.actions.AbstractActionBean,org.mybatis.jpetstore.web.actions.AbstractActionBean,4
jpetstore,13,seed13_solution069,org.mybatis.jpetstore.web.actions.AccountActionBean,org.mybatis.jpetstore.web.actions.AccountActionBean,4
jpetstore,13,seed13_solution069,org.mybatis.jpetstore.web.actions.CartActionBean,org.mybatis.jpetstore.web.actions.CartActionBean,2
jpetstore,13,seed13_solution069,org.mybatis.jpetstore.web.actions.CatalogActionBean,org.mybatis.jpetstore.web.actions.CatalogActionBean,2
jpetstore,13,seed13_solution069,org.mybatis.jpetstore.web.actions.OrderActionBean,org.mybatis.jpetstore.web.actions.OrderActionBean,4
jpetstore,13,seed13_solution070,org.mybatis.jpetstore.domain.Account,org.mybatis.jpetstore.domain.Account,0
jpetstore,13,seed13_solution070,org.mybatis.jpetstore.domain.Cart,org.mybatis.jpetstore.domain.Cart,1
jpetstore,13,seed13_solution070,org.mybatis.jpetstore.domain.CartItem,org.mybatis.jpetstore.domain.CartItem,1
jpetstore,13,seed13_solution070,org.mybatis.jpetstore.domain.Category,org.mybatis.jpetstore.domain.Category,2
jpetstore,13,seed13_solution070,org.mybatis.jpetstore.domain.Item,org.mybatis.jpetstore.domain.Item,2
jpetstore,13,seed13_solution070,org.mybatis.jpetstore.domain.LineItem,org.mybatis.jpetstore.domain.LineItem,3
jpetstore,13,seed13_solution070,org.mybatis.jpetstore.domain.Order,org.mybatis.jpetstore.domain.Order,0
jpetstore,13,seed13_solution070,org.mybatis.jpetstore.domain.Product,org.mybatis.jpetstore.domain.Product,2
jpetstore,13,seed13_solution070,org.mybatis.jpetstore.domain.Sequence,org.mybatis.jpetstore.domain.Sequence,3
jpetstore,13,seed13_solution070,org.mybatis.jpetstore.mapper.AccountMapper,org.mybatis.jpetstore.mapper.AccountMapper,4
jpetstore,13,seed13_solution070,org.mybatis.jpetstore.mapper.CategoryMapper,org.mybatis.jpetstore.mapper.CategoryMapper,2
jpetstore,13,seed13_solution070,org.mybatis.jpetstore.mapper.ItemMapper,org.mybatis.jpetstore.mapper.ItemMapper,2
jpetstore,13,seed13_solution070,org.mybatis.jpetstore.mapper.LineItemMapper,org.mybatis.jpetstore.mapper.LineItemMapper,3
jpetstore,13,seed13_solution070,org.mybatis.jpetstore.mapper.OrderMapper,org.mybatis.jpetstore.mapper.OrderMapper,3
jpetstore,13,seed13_solution070,org.mybatis.jpetstore.mapper.ProductMapper,org.mybatis.jpetstore.mapper.ProductMapper,2
jpetstore,13,seed13_solution070,org.mybatis.jpetstore.mapper.SequenceMapper,org.mybatis.jpetstore.mapper.SequenceMapper,3
jpetstore,13,seed13_solution070,org.mybatis.jpetstore.service.AccountService,org.mybatis.jpetstore.service.AccountService,4
jpetstore,13,seed13_solution070,org.mybatis.jpetstore.service.CatalogService,org.mybatis.jpetstore.service.CatalogService,2
jpetstore,13,seed13_solution070,org.mybatis.jpetstore.service.OrderService,org.mybatis.jpetstore.service.OrderService,3
jpetstore,13,seed13_solution070,org.mybatis.jpetstore.web.actions.AbstractActionBean,org.mybatis.jpetstore.web.actions.AbstractActionBean,3
jpetstore,13,seed13_solution070,org.mybatis.jpetstore.web.actions.AccountActionBean,org.mybatis.jpetstore.web.actions.AccountActionBean,4
jpetstore,13,seed13_solution070,org.mybatis.jpetstore.web.actions.CartActionBean,org.mybatis.jpetstore.web.actions.CartActionBean,1
jpetstore,13,seed13_solution070,org.mybatis.jpetstore.web.actions.CatalogActionBean,org.mybatis.jpetstore.web.actions.CatalogActionBean,3
jpetstore,13,seed13_solution070,org.mybatis.jpetstore.web.actions.OrderActionBean,org.mybatis.jpetstore.web.actions.OrderActionBean,3
jpetstore,13,seed13_solution071,org.mybatis.jpetstore.domain.Account,org.mybatis.jpetstore.domain.Account,0
jpetstore,13,seed13_solution071,org.mybatis.jpetstore.domain.Cart,org.mybatis.jpetstore.domain.Cart,1
jpetstore,13,seed13_solution071,org.mybatis.jpetstore.domain.CartItem,org.mybatis.jpetstore.domain.CartItem,1
jpetstore,13,seed13_solution071,org.mybatis.jpetstore.domain.Category,org.mybatis.jpetstore.domain.Category,1
jpetstore,13,seed13_solution071,org.mybatis.jpetstore.domain.Item,org.mybatis.jpetstore.domain.Item,1
jpetstore,13,seed13_solution071,org.mybatis.jpetstore.domain.LineItem,org.mybatis.jpetstore.domain.LineItem,1
jpetstore,13,seed13_solution071,org.mybatis.jpetstore.domain.Order,org.mybatis.jpetstore.domain.Order,0
jpetstore,13,seed13_solution071,org.mybatis.jpetstore.domain.Product,org.mybatis.jpetstore.domain.Product,1
jpetstore,13,seed13_solution071,org.mybatis.jpetstore.domain.Sequence,org.mybatis.jpetstore.domain.Sequence,2
jpetstore,13,seed13_solution071,org.mybatis.jpetstore.mapper.AccountMapper,org.mybatis.jpetstore.mapper.AccountMapper,3
jpetstore,13,seed13_solution071,org.mybatis.jpetstore.mapper.CategoryMapper,org.mybatis.jpetstore.mapper.CategoryMapper,2
jpetstore,13,seed13_solution071,org.mybatis.jpetstore.mapper.ItemMapper,org.mybatis.jpetstore.mapper.ItemMapper,2
jpetstore,13,seed13_solution071,org.mybatis.jpetstore.mapper.LineItemMapper,org.mybatis.jpetstore.mapper.LineItemMapper,3
jpetstore,13,seed13_solution071,org.mybatis.jpetstore.mapper.OrderMapper,org.mybatis.jpetstore.mapper.OrderMapper,3
jpetstore,13,seed13_solution071,org.mybatis.jpetstore.mapper.ProductMapper,org.mybatis.jpetstore.mapper.ProductMapper,2
jpetstore,13,seed13_solution071,org.mybatis.jpetstore.mapper.SequenceMapper,org.mybatis.jpetstore.mapper.SequenceMapper,3
jpetstore,13,seed13_solution071,org.mybatis.jpetstore.service.AccountService,org.mybatis.jpetstore.service.AccountService,3
jpetstore,13,seed13_solution071,org.mybatis.jpetstore.service.CatalogService,org.mybatis.jpetstore.service.CatalogService,2
jpetstore,13,seed13_solution071,org.mybatis.jpetstore.service.OrderService,org.mybatis.jpetstore.service.OrderService,3
jpetstore,13,seed13_solution071,org.mybatis.jpetstore.web.actions.AbstractActionBean,org.mybatis.jpetstore.web.actions.AbstractActionBean,3
jpetstore,13,seed13_solution071,org.mybatis.jpetstore.web.actions.AccountActionBean,org.mybatis.jpetstore.web.actions.AccountActionBean,0
jpetstore,13,seed13_solution071,org.mybatis.jpetstore.web.actions.CartActionBean,org.mybatis.jpetstore.web.actions.CartActionBean,0
jpetstore,13,seed13_solution071,org.mybatis.jpetstore.web.actions.CatalogActionBean,org.mybatis.jpetstore.web.actions.CatalogActionBean,0
jpetstore,13,seed13_solution071,org.mybatis.jpetstore.web.actions.OrderActionBean,org.mybatis.jpetstore.web.actions.OrderActionBean,0
jpetstore,13,seed13_solution072,org.mybatis.jpetstore.domain.Account,org.mybatis.jpetstore.domain.Account,0
jpetstore,13,seed13_solution072,org.mybatis.jpetstore.domain.Cart,org.mybatis.jpetstore.domain.Cart,1
jpetstore,13,seed13_solution072,org.mybatis.jpetstore.domain.CartItem,org.mybatis.jpetstore.domain.CartItem,1
jpetstore,13,seed13_solution072,org.mybatis.jpetstore.domain.Category,org.mybatis.jpetstore.domain.Category,2
jpetstore,13,seed13_solution072,org.mybatis.jpetstore.domain.Item,org.mybatis.jpetstore.domain.Item,2
jpetstore,13,seed13_solution072,org.mybatis.jpetstore.domain.LineItem,org.mybatis.jpetstore.domain.LineItem,3
jpetstore,13,seed13_solution072,org.mybatis.jpetstore.domain.Order,org.mybatis.jpetstore.domain.Order,0
jpetstore,13,seed13_solution072,org.mybatis.jpetstore.domain.Product,org.mybatis.jpetstore.domain.Product,2
jpetstore,13,seed13_solution072,org.mybatis.jpetstore.domain.Sequence,org.mybatis.jpetstore.domain.Sequence,4
jpetstore,13,seed13_solution072,org.mybatis.jpetstore.mapper.AccountMapper,org.mybatis.jpetstore.mapper.AccountMapper,3
jpetstore,13,seed13_solution072,org.mybatis.jpetstore.mapper.CategoryMapper,org.mybatis.jpetstore.mapper.CategoryMapper,2
jpetstore,13,seed13_solution072,org.mybatis.jpetstore.mapper.ItemMapper,org.mybatis.jpetstore.mapper.ItemMapper,2
jpetstore,13,seed13_solution072,org.mybatis.jpetstore.mapper.LineItemMapper,org.mybatis.jpetstore.mapper.LineItemMapper,2
jpetstore,13,seed13_solution072,org.mybatis.jpetstore.mapper.OrderMapper,org.mybatis.jpetstore.mapper.OrderMapper,4
jpetstore,13,seed13_solution072,org.mybatis.jpetstore.mapper.ProductMapper,org.mybatis.jpetstore.mapper.ProductMapper,2
jpetstore,13,seed13_solution072,org.mybatis.jpetstore.mapper.SequenceMapper,org.mybatis.jpetstore.mapper.SequenceMapper,4
jpetstore,13,seed13_solution072,org.mybatis.jpetstore.service.AccountService,org.mybatis.jpetstore.service.AccountService,3
jpetstore,13,seed13_solution072,org.mybatis.jpetstore.service.CatalogService,org.mybatis.jpetstore.service.CatalogService,2
jpetstore,13,seed13_solution072,org.mybatis.jpetstore.service.OrderService,org.mybatis.jpetstore.service.OrderService,4
jpetstore,13,seed13_solution072,org.mybatis.jpetstore.web.actions.AbstractActionBean,org.mybatis.jpetstore.web.actions.AbstractActionBean,4
jpetstore,13,seed13_solution072,org.mybatis.jpetstore.web.actions.AccountActionBean,org.mybatis.jpetstore.web.actions.AccountActionBean,3
jpetstore,13,seed13_solution072,org.mybatis.jpetstore.web.actions.CartActionBean,org.mybatis.jpetstore.web.actions.CartActionBean,1
jpetstore,13,seed13_solution072,org.mybatis.jpetstore.web.actions.CatalogActionBean,org.mybatis.jpetstore.web.actions.CatalogActionBean,2
jpetstore,13,seed13_solution072,org.mybatis.jpetstore.web.actions.OrderActionBean,org.mybatis.jpetstore.web.actions.OrderActionBean,4
jpetstore,13,seed13_solution073,org.mybatis.jpetstore.domain.Account,org.mybatis.jpetstore.domain.Account,0
jpetstore,13,seed13_solution073,org.mybatis.jpetstore.domain.Cart,org.mybatis.jpetstore.domain.Cart,1
jpetstore,13,seed13_solution073,org.mybatis.jpetstore.domain.CartItem,org.mybatis.jpetstore.domain.CartItem,1
jpetstore,13,seed13_solution073,org.mybatis.jpetstore.domain.Category,org.mybatis.jpetstore.domain.Category,2
jpetstore,13,seed13_solution073,org.mybatis.jpetstore.domain.Item,org.mybatis.jpetstore.domain.Item,1
jpetstore,13,seed13_solution073,org.mybatis.jpetstore.domain.LineItem,org.mybatis.jpetstore.domain.LineItem,3
jpetstore,13,seed13_solution073,org.mybatis.jpetstore.domain.Order,org.mybatis.jpetstore.domain.Order,0
jpetstore,13,seed13_solution073,org.mybatis.jpetstore.domain.Product,org.mybatis.jpetstore.domain.Product,2
jpetstore,13,seed13_solution073,org.mybatis.jpetstore.domain.Sequence,org.mybatis.jpetstore.domain.Sequence,2
jpetstore,13,seed13_solution073,org.mybatis.jpetstore.mapper.AccountMapper,org.mybatis.jpetstore.mapper.AccountMapper,4
jpetstore,13,seed13_solution073,org.mybatis.jpetstore.mapper.CategoryMapper,org.mybatis.jpetstore.mapper.CategoryMapper,2
jpetstore,13,seed13_solution073,org.mybatis.jpetstore.mapper.ItemMapper,org.mybatis.jpetstore.mapper.ItemMapper,2
jpetstore,13,seed13_solution073,org.mybatis.jpetstore.mapper.LineItemMapper,org.mybatis.jpetstore.mapper.LineItemMapper,3
jpetstore,13,seed13_solution073,org.mybatis.jpetstore.mapper.OrderMapper,org.mybatis.jpetstore.mapper.OrderMapper,3
jpetstore,13,seed13_solution073,org.mybatis.jpetstore.mapper.ProductMapper,org.mybatis.jpetstore.mapper.ProductMapper,2
jpetstore,13,seed13_solution073,org.mybatis.jpetstore.mapper.SequenceMapper,org.mybatis.jpetstore.mapper.SequenceMapper,3
jpetstore,13,seed13_solution073,org.mybatis.jpetstore.service.AccountService,org.mybatis.jpetstore.service.AccountService,4
jpetstore,13,seed13_solution073,org.mybatis.jpetstore.service.CatalogService,org.mybatis.jpetstore.service.CatalogService,2
jpetstore,13,seed13_solution073,org.mybatis.jpetstore.service.OrderService,org.mybatis.jpetstore.service.OrderService,3
jpetstore,13,seed13_solution073,org.mybatis.jpetstore.web.actions.AbstractActionBean,org.mybatis.jpetstore.web.actions.AbstractActionBean,4
jpetstore,13,seed13_solution073,org.mybatis.jpetstore.web.actions.AccountActionBean,org.mybatis.jpetstore.web.actions.AccountActionBean,4
jpetstore,13,seed13_solution073,org.mybatis.jpetstore.web.actions.CartActionBean,org.mybatis.jpetstore.web.actions.CartActionBean,1
jpetstore,13,seed13_solution073,org.mybatis.jpetstore.web.actions.CatalogActionBean,org.mybatis.jpetstore.web.actions.CatalogActionBean,3
jpetstore,13,seed13_solution073,org.mybatis.jpetstore.web.actions.OrderActionBean,org.mybatis.jpetstore.web.actions.OrderActionBean,4
jpetstore,13,seed13_solution074,org.mybatis.jpetstore.domain.Account,org.mybatis.jpetstore.domain.Account,0
jpetstore,13,seed13_solution074,org.mybatis.jpetstore.domain.Cart,org.mybatis.jpetstore.domain.Cart,1
jpetstore,13,seed13_solution074,org.mybatis.jpetstore.domain.CartItem,org.mybatis.jpetstore.domain.CartItem,1
jpetstore,13,seed13_solution074,org.mybatis.jpetstore.domain.Category,org.mybatis.jpetstore.domain.Category,1
jpetstore,13,seed13_solution074,org.mybatis.jpetstore.domain.Item,org.mybatis.jpetstore.domain.Item,1
jpetstore,13,seed13_solution074,org.mybatis.jpetstore.domain.LineItem,org.mybatis.jpetstore.domain.LineItem,2
jpetstore,13,seed13_solution074,org.mybatis.jpetstore.domain.Order,org.mybatis.jpetstore.domain.Order,0
jpetstore,13,seed13_solution074,org.mybatis.jpetstore.domain.Product,org.mybatis.jpetstore.domain.Product,1
jpetstore,13,seed13_solution074,org.mybatis.jpetstore.domain.Sequence,org.mybatis.jpetstore.domain.Sequence,2
jpetstore,13,seed13_solution074,org.mybatis.jpetstore.mapper.AccountMapper,org.mybatis.jpetstore.mapper.AccountMapper,0
jpetstore,13,seed13_solution074,org.mybatis.jpetstore.mapper.CategoryMapper,org.mybatis.jpetstore.mapper.CategoryMapper,3
jpetstore,13,seed13_solution074,org.mybatis.jpetstore.mapper.ItemMapper,org.mybatis.jpetstore.mapper.ItemMapper,3
jpetstore,13,seed13_solution074,org.mybatis.jpetstore.mapper.LineItemMapper,org.mybatis.jpetstore.mapper.LineItemMapper,3
jpetstore,13,seed13_solution074,org.mybatis.jpetstore.mapper.OrderMapper,org.mybatis.jpetstore.mapper.OrderMapper,2
jpetstore,13,seed13_solution074,org.mybatis.jpetstore.mapper.ProductMapper,org.mybatis.jpetstore.mapper.ProductMapper,3
jpetstore,13,seed13_solution074,org.mybatis.jpetstore.mapper.SequenceMapper,org.mybatis.jpetstore.mapper.SequenceMapper,3
jpetstore,13,seed13_solution074,org.mybatis.jpetstore.service.AccountService,org.mybatis.jpetstore.service.AccountService,0
jpetstore,13,seed13_solution074,org.mybatis.jpetstore.service.CatalogService,org.mybatis.jpetstore.service.CatalogService,4
jpetstore,13,seed13_solution074,org.mybatis.jpetstore.service.OrderService,org.mybatis.jpetstore.service.OrderService,2
jpetstore,13,seed13_solution074,org.mybatis.jpetstore.web.actions.AbstractActionBean,org.mybatis.jpetstore.web.actions.AbstractActionBean,4
jpetstore,13,seed13_solution074,org.mybatis.jpetstore.web.actions.AccountActionBean,org.mybatis.jpetstore.web.actions.AccountActionBean,0
jpetstore,13,seed13_solution074,org.mybatis.jpetstore.web.actions.CartActionBean,org.mybatis.jpetstore.web.actions.CartActionBean,4
jpetstore,13,seed13_solution074,org.mybatis.jpetstore.web.actions.CatalogActionBean,org.mybatis.jpetstore.web.actions.CatalogActionBean,2
jpetstore,13,seed13_solution074,org.mybatis.jpetstore.web.actions.OrderActionBean,org.mybatis.jpetstore.web.actions.OrderActionBean,4
jpetstore,13,seed13_solution075,org.mybatis.jpetstore.domain.Account,org.mybatis.jpetstore.domain.Account,0
jpetstore,13,seed13_solution075,org.mybatis.jpetstore.domain.Cart,org.mybatis.jpetstore.domain.Cart,1
jpetstore,13,seed13_solution075,org.mybatis.jpetstore.domain.CartItem,org.mybatis.jpetstore.domain.CartItem,1
jpetstore,13,seed13_solution075,org.mybatis.jpetstore.domain.Category,org.mybatis.jpetstore.domain.Category,2
jpetstore,13,seed13_solution075,org.mybatis.jpetstore.domain.Item,org.mybatis.jpetstore.domain.Item,2
jpetstore,13,seed13_solution075,org.mybatis.jpetstore.domain.LineItem,org.mybatis.jpetstore.domain.LineItem,3
jpetstore,13,seed13_solution075,org.mybatis.jpetstore.domain.Order,org.mybatis.jpetstore.domain.Order,0
jpetstore,13,seed13_solution075,org.mybatis.jpetstore.domain.Product,org.mybatis.jpetstore.domain.Product,2
jpetstore,13,seed13_solution075,org.mybatis.jpetstore.domain.Sequence,org.mybatis.jpetstore.domain.Sequence,3
jpetstore,13,seed13_solution075,org.mybatis.jpetstore.mapper.AccountMapper,org.mybatis.jpetstore.mapper.AccountMapper,4
jpetstore,13,seed13_solution075,org.mybatis.jpetstore.mapper.CategoryMapper,org.mybatis.jpetstore.mapper.CategoryMapper,2
jpetstore,13,seed13_solution075,org.mybatis.jpetstore.mapper.ItemMapper,org.mybatis.jpetstore.mapper.ItemMapper,2
jpetstore,13,seed13_solution075,org.mybatis.jpetstore.mapper.LineItemMapper,org.mybatis.jpetstore.mapper.LineItemMapper,2
jpetstore,13,seed13_solution075,org.mybatis.jpetstore.mapper.OrderMapper,org.mybatis.jpetstore.mapper.OrderMapper,3
jpetstore,13,seed13_solution075,org.mybatis.jpetstore.mapper.ProductMapper,org.mybatis.jpetstore.mapper.ProductMapper,2
jpetstore,13,seed13_solution075,org.mybatis.jpetstore.mapper.SequenceMapper,org.mybatis.jpetstore.mapper.SequenceMapper,3
jpetstore,13,seed13_solution075,org.mybatis.jpetstore.service.AccountService,org.mybatis.jpetstore.service.AccountService,4
jpetstore,13,seed13_solution075,org.mybatis.jpetstore.service.CatalogService,org.mybatis.jpetstore.service.CatalogService,2
jpetstore,13,seed13_solution075,org.mybatis.jpetstore.service.OrderService,org.mybatis.jpetstore.service.OrderService,3
jpetstore,13,seed13_solution075,org.mybatis.jpetstore.web.actions.AbstractActionBean,org.mybatis.jpetstore.web.actions.AbstractActionBean,3
jpetstore,13,seed13_solution075,org.mybatis.jpetstore.web.actions.AccountActionBean,org.mybatis.jpetstore.web.actions.AccountActionBean,4
jpetstore,13,seed13_solution075,org.mybatis.jpetstore.web.actions.CartActionBean,org.mybatis.jpetstore.web.actions.CartActionBean,1
jpetstore,13,seed13_solution075,org.mybatis.jpetstore.web.actions.CatalogActionBean,org.mybatis.jpetstore.web.actions.CatalogActionBean,3
jpetstore,13,seed13_solution075,org.mybatis.jpetstore.web.actions.OrderActionBean,org.mybatis.jpetstore.web.actions.OrderActionBean,3
jpetstore,13,seed13_solution076,org.mybatis.jpetstore.domain.Account,org.mybatis.jpetstore.domain.Account,0
jpetstore,13,seed13_solution076,org.mybatis.jpetstore.domain.Cart,org.mybatis.jpetstore.domain.Cart,1
jpetstore,13,seed13_solution076,org.mybatis.jpetstore.domain.CartItem,org.mybatis.jpetstore.domain.CartItem,1
jpetstore,13,seed13_solution076,org.mybatis.jpetstore.domain.Category,org.mybatis.jpetstore.domain.Category,2
jpetstore,13,seed13_solution076,org.mybatis.jpetstore.domain.Item,org.mybatis.jpetstore.domain.Item,1
jpetstore,13,seed13_solution076,org.mybatis.jpetstore.domain.LineItem,org.mybatis.jpetstore.domain.LineItem,1
jpetstore,13,seed13_solution076,org.mybatis.jpetstore.domain.Order,org.mybatis.jpetstore.domain.Order,0
jpetstore,13,seed13_solution076,org.mybatis.jpetstore.domain.Product,org.mybatis.jpetstore.domain.Product,1
jpetstore,13,seed13_solution076,org.mybatis.jpetstore.domain.Sequence,org.mybatis.jpetstore.domain.Sequence,2
jpetstore,13,seed13_solution076,org.mybatis.jpetstore.mapper.AccountMapper,org.mybatis.jpetstore.mapper.AccountMapper,3
jpetstore,13,seed13_solution076,org.mybatis.jpetstore.mapper.CategoryMapper,org.mybatis.jpetstore.mapper.CategoryMapper,2
jpetstore,13,seed13_solution076,org.mybatis.jpetstore.mapper.ItemMapper,org.mybatis.jpetstore.mapper.ItemMapper,2
jpetstore,13,seed13_solution076,org.mybatis.jpetstore.mapper.LineItemMapper,org.mybatis.jpetstore.mapper.LineItemMapper,4
jpetstore,13,seed13_solution076,org.mybatis.jpetstore.mapper.OrderMapper,org.mybatis.jpetstore.mapper.OrderMapper,4
jpetstore,13,seed13_solution076,org.mybatis.jpetstore.mapper.ProductMapper,org.mybatis.jpetstore.mapper.ProductMapper,2
jpetstore,13,seed13_solution076,org.mybatis.jpetstore.mapper.SequenceMapper,org.mybatis.jpetstore.mapper.SequenceMapper,4
jpetstore,13,seed13_solution076,org.mybatis.jpetstore.service.AccountService,org.mybatis.jpetstore.service.AccountService,3
jpetstore,13,seed13_solution076,org.mybatis.jpetstore.service.CatalogService,org.mybatis.jpetstore.service.CatalogService,2
jpetstore,13,seed13_solution076,org.mybatis.jpetstore.service.OrderService,org.mybatis.jpetstore.service.OrderService,4
jpetstore,13,seed13_solution076,org.mybatis.jpetstore.web.actions.AbstractActionBean,org.mybatis.jpetstore.web.actions.AbstractActionBean,5
jpetstore,13,seed13_solution076,org.mybatis.jpetstore.web.actions.AccountActionBean,org.mybatis.jpetstore.web.actions.AccountActionBean,0
jpetstore,13,seed13_solution076,org.mybatis.jpetstore.web.actions.CartActionBean,org.mybatis.jpetstore.web.actions.CartActionBean,5
jpetstore,13,seed13_solution076,org.mybatis.jpetstore.web.actions.CatalogActionBean,org.mybatis.jpetstore.web.actions.CatalogActionBean,0
jpetstore,13,seed13_solution076,org.mybatis.jpetstore.web.actions.OrderActionBean,org.mybatis.jpetstore.web.actions.OrderActionBean,5
jpetstore,13,seed13_solution077,org.mybatis.jpetstore.domain.Account,org.mybatis.jpetstore.domain.Account,0
jpetstore,13,seed13_solution077,org.mybatis.jpetstore.domain.Cart,org.mybatis.jpetstore.domain.Cart,1
jpetstore,13,seed13_solution077,org.mybatis.jpetstore.domain.CartItem,org.mybatis.jpetstore.domain.CartItem,1
jpetstore,13,seed13_solution077,org.mybatis.jpetstore.domain.Category,org.mybatis.jpetstore.domain.Category,2
jpetstore,13,seed13_solution077,org.mybatis.jpetstore.domain.Item,org.mybatis.jpetstore.domain.Item,1
jpetstore,13,seed13_solution077,org.mybatis.jpetstore.domain.LineItem,org.mybatis.jpetstore.domain.LineItem,3
jpetstore,13,seed13_solution077,org.mybatis.jpetstore.domain.Order,org.mybatis.jpetstore.domain.Order,0
jpetstore,13,seed13_solution077,org.mybatis.jpetstore.domain.Product,org.mybatis.jpetstore.domain.Product,1
jpetstore,13,seed13_solution077,org.mybatis.jpetstore.domain.Sequence,org.mybatis.jpetstore.domain.Sequence,3
jpetstore,13,seed13_solution077,org.mybatis.jpetstore.mapper.AccountMapper,org.mybatis.jpetstore.mapper.AccountMapper,4
jpetstore,13,seed13_solution077,org.mybatis.jpetstore.mapper.CategoryMapper,org.mybatis.jpetstore.mapper.CategoryMapper,2
jpetstore,13,seed13_solution077,org.mybatis.jpetstore.mapper.ItemMapper,org.mybatis.jpetstore.mapper.ItemMapper,2
jpetstore,13,seed13_solution077,org.mybatis.jpetstore.mapper.LineItemMapper,org.mybatis.jpetstore.mapper.LineItemMapper,2
jpetstore,13,seed13_solution077,org.mybatis.jpetstore.mapper.OrderMapper,org.mybatis.jpetstore.mapper.OrderMapper,3
jpetstore,13,seed13_solution077,org.mybatis.jpetstore.mapper.ProductMapper,org.mybatis.jpetstore.mapper.ProductMapper,2
jpetstore,13,seed13_solution077,org.mybatis.jpetstore.mapper.SequenceMapper,org.mybatis.jpetstore.mapper.SequenceMapper,3
jpetstore,13,seed13_solution077,org.mybatis.jpetstore.service.AccountService,org.mybatis.jpetstore.service.AccountService,4
jpetstore,13,seed13_solution077,org.mybatis.jpetstore.service.CatalogService,org.mybatis.jpetstore.service.CatalogService,5
jpetstore,13,seed13_solution077,org.mybatis.jpetstore.service.OrderService,org.mybatis.jpetstore.service.OrderService,3
jpetstore,13,seed13_solution077,org.mybatis.jpetstore.web.actions.AbstractActionBean,org.mybatis.jpetstore.web.actions.AbstractActionBean,5
jpetstore,13,seed13_solution077,org.mybatis.jpetstore.web.actions.AccountActionBean,org.mybatis.jpetstore.web.actions.AccountActionBean,5
jpetstore,13,seed13_solution077,org.mybatis.jpetstore.web.actions.CartActionBean,org.mybatis.jpetstore.web.actions.CartActionBean,5
jpetstore,13,seed13_solution077,org.mybatis.jpetstore.web.actions.CatalogActionBean,org.mybatis.jpetstore.web.actions.CatalogActionBean,5
jpetstore,13,seed13_solution077,org.mybatis.jpetstore.web.actions.OrderActionBean,org.mybatis.jpetstore.web.actions.OrderActionBean,5
jpetstore,13,seed13_solution078,org.mybatis.jpetstore.domain.Account,org.mybatis.jpetstore.domain.Account,0
jpetstore,13,seed13_solution078,org.mybatis.jpetstore.domain.Cart,org.mybatis.jpetstore.domain.Cart,1
jpetstore,13,seed13_solution078,org.mybatis.jpetstore.domain.CartItem,org.mybatis.jpetstore.domain.CartItem,1
jpetstore,13,seed13_solution078,org.mybatis.jpetstore.domain.Category,org.mybatis.jpetstore.domain.Category,2
jpetstore,13,seed13_solution078,org.mybatis.jpetstore.domain.Item,org.mybatis.jpetstore.domain.Item,1
jpetstore,13,seed13_solution078,org.mybatis.jpetstore.domain.LineItem,org.mybatis.jpetstore.domain.LineItem,1
jpetstore,13,seed13_solution078,org.mybatis.jpetstore.domain.Order,org.mybatis.jpetstore.domain.Order,0
jpetstore,13,seed13_solution078,org.mybatis.jpetstore.domain.Product,org.mybatis.jpetstore.domain.Product,2
jpetstore,13,seed13_solution078,org.mybatis.jpetstore.domain.Sequence,org.mybatis.jpetstore.domain.Sequence,2
jpetstore,13,seed13_solution078,org.mybatis.jpetstore.mapper.AccountMapper,org.mybatis.jpetstore.mapper.AccountMapper,3
jpetstore,13,seed13_solution078,org.mybatis.jpetstore.mapper.CategoryMapper,org.mybatis.jpetstore.mapper.CategoryMapper,2
jpetstore,13,seed13_solution078,org.mybatis.jpetstore.mapper.ItemMapper,org.mybatis.jpetstore.mapper.ItemMapper,4
jpetstore,13,seed13_solution078,org.mybatis.jpetstore.mapper.LineItemMapper,org.mybatis.jpetstore.mapper.LineItemMapper,4
jpetstore,13,seed13_solution078,org.mybatis.jpetstore.mapper.OrderMapper,org.mybatis.jpetstore.mapper.OrderMapper,4
jpetstore,13,seed13_solution078,org.mybatis.jpetstore.mapper.ProductMapper,org.mybatis.jpetstore.mapper.ProductMapper,4
jpetstore,13,seed13_solution078,org.mybatis.jpetstore.mapper.SequenceMapper,org.mybatis.jpetstore.mapper.SequenceMapper,2
jpetstore,13,seed13_solution078,org.mybatis.jpetstore.service.AccountService,org.mybatis.jpetstore.service.AccountService,3
jpetstore,13,seed13_solution078,org.mybatis.jpetstore.service.CatalogService,org.mybatis.jpetstore.service.CatalogService,4
jpetstore,13,seed13_solution078,org.mybatis.jpetstore.service.OrderService,org.mybatis.jpetstore.service.OrderService,2
jpetstore,13,seed13_solution078,org.mybatis.jpetstore.web.actions.AbstractActionBean,org.mybatis.jpetstore.web.actions.AbstractActionBean,3
jpetstore,13,seed13_solution078,org.mybatis.jpetstore.web.actions.AccountActionBean,org.mybatis.jpetstore.web.actions.AccountActionBean,3
jpetstore,13,seed13_solution078,org.mybatis.jpetstore.web.actions.CartActionBean,org.mybatis.jpetstore.web.actions.CartActionBean,1
jpetstore,13,seed13_solution078,org.mybatis.jpetstore.web.actions.CatalogActionBean,org.mybatis.jpetstore.web.actions.CatalogActionBean,2
jpetstore,13,seed13_solution078,org.mybatis.jpetstore.web.actions.OrderActionBean,org.mybatis.jpetstore.web.actions.OrderActionBean,3
jpetstore,13,seed13_solution079,org.mybatis.jpetstore.domain.Account,org.mybatis.jpetstore.domain.Account,0
jpetstore,13,seed13_solution079,org.mybatis.jpetstore.domain.Cart,org.mybatis.jpetstore.domain.Cart,1
jpetstore,13,seed13_solution079,org.mybatis.jpetstore.domain.CartItem,org.mybatis.jpetstore.domain.CartItem,1
jpetstore,13,seed13_solution079,org.mybatis.jpetstore.domain.Category,org.mybatis.jpetstore.domain.Category,2
jpetstore,13,seed13_solution079,org.mybatis.jpetstore.domain.Item,org.mybatis.jpetstore.domain.Item,1
jpetstore,13,seed13_solution079,org.mybatis.jpetstore.domain.LineItem,org.mybatis.jpetstore.domain.LineItem,3
jpetstore,13,seed13_solution079,org.mybatis.jpetstore.domain.Order,org.mybatis.jpetstore.domain.Order,0
jpetstore,13,seed13_solution079,org.mybatis.jpetstore.domain.Product,org.mybatis.jpetstore.domain.Product,4
jpetstore,13,seed13_solution079,org.mybatis.jpetstore.domain.Sequence,org.mybatis.jpetstore.domain.Sequence,3
jpetstore,13,seed13_solution079,org.mybatis.jpetstore.mapper.AccountMapper,org.mybatis.jpetstore.mapper.AccountMapper,5
jpetstore,13,seed13_solution079,org.mybatis.jpetstore.mapper.CategoryMapper,org.mybatis.jpetstore.mapper.CategoryMapper,2
jpetstore,13,seed13_solution079,org.mybatis.jpetstore.mapper.ItemMapper,org.mybatis.jpetstore.mapper.ItemMapper,2
jpetstore,13,seed13_solution079,org.mybatis.jpetstore.mapper.LineItemMapper,org.mybatis.jpetstore.mapper.LineItemMapper,2
jpetstore,13,seed13_solution079,org.mybatis.jpetstore.mapper.OrderMapper,org.mybatis.jpetstore.mapper.OrderMapper,3
jpetstore,13,seed13_solution079,org.mybatis.jpetstore.mapper.ProductMapper,org.mybatis.jpetstore.mapper.ProductMapper,2
jpetstore,13,seed13_solution079,org.mybatis.jpetstore.mapper.SequenceMapper,org.mybatis.jpetstore.mapper.SequenceMapper,3
jpetstore,13,seed13_solution079,org.mybatis.jpetstore.service.AccountService,org.mybatis.jpetstore.service.AccountService,5
jpetstore,13,seed13_solution079,org.mybatis.jpetstore.service.CatalogService,org.mybatis.jpetstore.service.CatalogService,2
jpetstore,13,seed13_solution079,org.mybatis.jpetstore.service.OrderService,org.mybatis.jpetstore.service.OrderService,3
jpetstore,13,seed13_solution079,org.mybatis.jpetstore.web.actions.AbstractActionBean,org.mybatis.jpetstore.web.actions.AbstractActionBean,4
jpetstore,13,seed13_solution079,org.mybatis.jpetstore.web.actions.AccountActionBean,org.mybatis.jpetstore.web.actions.AccountActionBean,4
jpetstore,13,seed13_solution079,org.mybatis.jpetstore.web.actions.CartActionBean,org.mybatis.jpetstore.web.actions.CartActionBean,4
jpetstore,13,seed13_solution079,org.mybatis.jpetstore.web.actions.CatalogActionBean,org.mybatis.jpetstore.web.actions.CatalogActionBean,4
jpetstore,13,seed13_solution079,org.mybatis.jpetstore.web.actions.OrderActionBean,org.mybatis.jpetstore.web.actions.OrderActionBean,4
jpetstore,13,seed13_solution080,org.mybatis.jpetstore.domain.Account,org.mybatis.jpetstore.domain.Account,0
jpetstore,13,seed13_solution080,org.mybatis.jpetstore.domain.Cart,org.mybatis.jpetstore.domain.Cart,1
jpetstore,13,seed13_solution080,org.mybatis.jpetstore.domain.CartItem,org.mybatis.jpetstore.domain.CartItem,1
jpetstore,13,seed13_solution080,org.mybatis.jpetstore.domain.Category,org.mybatis.jpetstore.domain.Category,2
jpetstore,13,seed13_solution080,org.mybatis.jpetstore.domain.Item,org.mybatis.jpetstore.domain.Item,2
jpetstore,13,seed13_solution080,org.mybatis.jpetstore.domain.LineItem,org.mybatis.jpetstore.domain.LineItem,3
jpetstore,13,seed13_solution080,org.mybatis.jpetstore.domain.Order,org.mybatis.jpetstore.domain.Order,0
jpetstore,13,seed13_solution080,org.mybatis.jpetstore.domain.Product,org.mybatis.jpetstore.domain.Product,2
jpetstore,13,seed13_solution080,org.mybatis.jpetstore.domain.Sequence,org.mybatis.jpetstore.domain.Sequence,3
jpetstore,13,seed13_solution080,org.mybatis.jpetstore.mapper.AccountMapper,org.mybatis.jpetstore.mapper.AccountMapper,4
jpetstore,13,seed13_solution080,org.mybatis.jpetstore.mapper.CategoryMapper,org.mybatis.jpetstore.mapper.CategoryMapper,2
jpetstore,13,seed13_solution080,org.mybatis.jpetstore.mapper.ItemMapper,org.mybatis.jpetstore.mapper.ItemMapper,2
jpetstore,13,seed13_solution080,org.mybatis.jpetstore.mapper.LineItemMapper,org.mybatis.jpetstore.mapper.LineItemMapper,2
jpetstore,13,seed13_solution080,org.mybatis.jpetstore.mapper.OrderMapper,org.mybatis.jpetstore.mapper.OrderMapper,3
jpetstore,13,seed13_solution080,org.mybatis.jpetstore.mapper.ProductMapper,org.mybatis.jpetstore.mapper.ProductMapper,4
jpetstore,13,seed13_solution080,org.mybatis.jpetstore.mapper.SequenceMapper,org.mybatis.jpetstore.mapper.SequenceMapper,3
jpetstore,13,seed13_solution080,org.mybatis.jpetstore.service.AccountService,org.mybatis.jpetstore.service.AccountService,4
jpetstore,13,seed13_solution080,org.mybatis.jpetstore.service.CatalogService,org.mybatis.jpetstore.service.CatalogService,2
jpetstore,13,seed13_solution080,org.mybatis.jpetstore.service.OrderService,org.mybatis.jpetstore.service.OrderService,3
jpetstore,13,seed13_solution080,org.mybatis.jpetstore.web.actions.AbstractActionBean,org.mybatis.jpetstore.web.actions.AbstractActionBean,4
jpetstore,13,seed13_solution080,org.mybatis.jpetstore.web.actions.AccountActionBean,org.mybatis.jpetstore.web.actions.AccountActionBean,4
jpetstore,13,seed13_solution080,org.mybatis.jpetstore.web.actions.CartActionBean,org.mybatis.jpetstore.web.actions.CartActionBean,4
jpetstore,13,seed13_solution080,org.mybatis.jpetstore.web.actions.CatalogActionBean,org.mybatis.jpetstore.web.actions.CatalogActionBean,4
jpetstore,13,seed13_solution080,org.mybatis.jpetstore.web.actions.OrderActionBean,org.mybatis.jpetstore.web.actions.OrderActionBean,4
jpetstore,13,seed13_solution081,org.mybatis.jpetstore.domain.Account,org.mybatis.jpetstore.domain.Account,0
jpetstore,13,seed13_solution081,org.mybatis.jpetstore.domain.Cart,org.mybatis.jpetstore.domain.Cart,1
jpetstore,13,seed13_solution081,org.mybatis.jpetstore.domain.CartItem,org.mybatis.jpetstore.domain.CartItem,1
jpetstore,13,seed13_solution081,org.mybatis.jpetstore.domain.Category,org.mybatis.jpetstore.domain.Category,2
jpetstore,13,seed13_solution081,org.mybatis.jpetstore.domain.Item,org.mybatis.jpetstore.domain.Item,1
jpetstore,13,seed13_solution081,org.mybatis.jpetstore.domain.LineItem,org.mybatis.jpetstore.domain.LineItem,1
jpetstore,13,seed13_solution081,org.mybatis.jpetstore.domain.Order,org.mybatis.jpetstore.domain.Order,0
jpetstore,13,seed13_solution081,org.mybatis.jpetstore.domain.Product,org.mybatis.jpetstore.domain.Product,3
jpetstore,13,seed13_solution081,org.mybatis.jpetstore.domain.Sequence,org.mybatis.jpetstore.domain.Sequence,4
jpetstore,13,seed13_solution081,org.mybatis.jpetstore.mapper.AccountMapper,org.mybatis.jpetstore.mapper.AccountMapper,5
jpetstore,13,seed13_solution081,org.mybatis.jpetstore.mapper.CategoryMapper,org.mybatis.jpetstore.mapper.CategoryMapper,2
jpetstore,13,seed13_solution081,org.mybatis.jpetstore.mapper.ItemMapper,org.mybatis.jpetstore.mapper.ItemMapper,2
jpetstore,13,seed13_solution081,org.mybatis.jpetstore.mapper.LineItemMapper,org.mybatis.jpetstore.mapper.LineItemMapper,4
jpetstore,13,seed13_solution081,org.mybatis.jpetstore.mapper.OrderMapper,org.mybatis.jpetstore.mapper.OrderMapper,4
jpetstore,13,seed13_solution081,org.mybatis.jpetstore.mapper.ProductMapper,org.mybatis.jpetstore.mapper.ProductMapper,2
jpetstore,13,seed13_solution081,org.mybatis.jpetstore.mapper.SequenceMapper,org.mybatis.jpetstore.mapper.SequenceMapper,4
jpetstore,13,seed13_solution081,org.mybatis.jpetstore.service.AccountService,org.mybatis.jpetstore.service.AccountService,5
jpetstore,13,seed13_solution081,org.mybatis.jpetstore.service.CatalogService,org.mybatis.jpetstore.service.CatalogService,2
jpetstore,13,seed13_solution081,org.mybatis.jpetstore.service.OrderService,org.mybatis.jpetstore.service.OrderService,4
jpetstore,13,seed13_solution081,org.mybatis.jpetstore.web.actions.AbstractActionBean,org.mybatis.jpetstore.web.actions.AbstractActionBean,3
jpetstore,13,seed13_solution081,org.mybatis.jpetstore.web.actions.AccountActionBean,org.mybatis.jpetstore.web.actions.AccountActionBean,3
jpetstore,13,seed13_solution081,org.mybatis.jpetstore.web.actions.CartActionBean,org.mybatis.jpetstore.web.actions.CartActionBean,3
jpetstore,13,seed13_solution081,org.mybatis.jpetstore.web.actions.CatalogActionBean,org.mybatis.jpetstore.web.actions.CatalogActionBean,2
jpetstore,13,seed13_solution081,org.mybatis.jpetstore.web.actions.OrderActionBean,org.mybatis.jpetstore.web.actions.OrderActionBean,4
jpetstore,13,seed13_solution082,org.mybatis.jpetstore.domain.Account,org.mybatis.jpetstore.domain.Account,0
jpetstore,13,seed13_solution082,org.mybatis.jpetstore.domain.Cart,org.mybatis.jpetstore.domain.Cart,1
jpetstore,13,seed13_solution082,org.mybatis.jpetstore.domain.CartItem,org.mybatis.jpetstore.domain.CartItem,1
jpetstore,13,seed13_solution082,org.mybatis.jpetstore.domain.Category,org.mybatis.jpetstore.domain.Category,2
jpetstore,13,seed13_solution082,org.mybatis.jpetstore.domain.Item,org.mybatis.jpetstore.domain.Item,2
jpetstore,13,seed13_solution082,org.mybatis.jpetstore.domain.LineItem,org.mybatis.jpetstore.domain.LineItem,3
jpetstore,13,seed13_solution082,org.mybatis.jpetstore.domain.Order,org.mybatis.jpetstore.domain.Order,0
jpetstore,13,seed13_solution082,org.mybatis.jpetstore.domain.Product,org.mybatis.jpetstore.domain.Product,1
jpetstore,13,seed13_solution082,org.mybatis.jpetstore.domain.Sequence,org.mybatis.jpetstore.domain.Sequence,3
jpetstore,13,seed13_solution082,org.mybatis.jpetstore.mapper.AccountMapper,org.mybatis.jpetstore.mapper.AccountMapper,3
jpetstore,13,seed13_solution082,org.mybatis.jpetstore.mapper.CategoryMapper,org.mybatis.jpetstore.mapper.CategoryMapper,2
jpetstore,13,seed13_solution082,org.mybatis.jpetstore.mapper.ItemMapper,org.mybatis.jpetstore.mapper.ItemMapper,2
jpetstore,13,seed13_solution082,org.mybatis.jpetstore.mapper.LineItemMapper,org.mybatis.jpetstore.mapper.LineItemMapper,3
jpetstore,13,seed13_solution082,org.mybatis.jpetstore.mapper.OrderMapper,org.mybatis.jpetstore.mapper.OrderMapper,3
jpetstore,13,seed13_solution082,org.mybatis.jpetstore.mapper.ProductMapper,org.mybatis.jpetstore.mapper.ProductMapper,2
jpetstore,13,seed13_solution082,org.mybatis.jpetstore.mapper.SequenceMapper,org.mybatis.jpetstore.mapper.SequenceMapper,3
jpetstore,13,seed13_solution082,org.mybatis.jpetstore.service.AccountService,org.mybatis.jpetstore.service.AccountService,4
jpetstore,13,seed13_solution082,org.mybatis.jpetstore.service.CatalogService,org.mybatis.jpetstore.service.CatalogService,2
jpetstore,13,seed13_solution082,org.mybatis.jpetstore.service.OrderService,org.mybatis.jpetstore.service.OrderService,3
jpetstore,13,seed13_solution082,org.mybatis.jpetstore.web.actions.AbstractActionBean,org.mybatis.jpetstore.web.actions.AbstractActionBean,4
jpetstore,13,seed13_solution082,org.mybatis.jpetstore.web.actions.AccountActionBean,org.mybatis.jpetstore.web.actions.AccountActionBean,4
jpetstore,13,seed13_solution082,org.mybatis.jpetstore.web.actions.CartActionBean,org.mybatis.jpetstore.web.actions.CartActionBean,1
jpetstore,13,seed13_solution082,org.mybatis.jpetstore.web.actions.CatalogActionBean,org.mybatis.jpetstore.web.actions.CatalogActionBean,4
jpetstore,13,seed13_solution082,org.mybatis.jpetstore.web.actions.OrderActionBean,org.mybatis.jpetstore.web.actions.OrderActionBean,4
jpetstore,13,seed13_solution083,org.mybatis.jpetstore.domain.Account,org.mybatis.jpetstore.domain.Account,0
jpetstore,13,seed13_solution083,org.mybatis.jpetstore.domain.Cart,org.mybatis.jpetstore.domain.Cart,1
jpetstore,13,seed13_solution083,org.mybatis.jpetstore.domain.CartItem,org.mybatis.jpetstore.domain.CartItem,1
jpetstore,13,seed13_solution083,org.mybatis.jpetstore.domain.Category,org.mybatis.jpetstore.domain.Category,2
jpetstore,13,seed13_solution083,org.mybatis.jpetstore.domain.Item,org.mybatis.jpetstore.domain.Item,2
jpetstore,13,seed13_solution083,org.mybatis.jpetstore.domain.LineItem,org.mybatis.jpetstore.domain.LineItem,3
jpetstore,13,seed13_solution083,org.mybatis.jpetstore.domain.Order,org.mybatis.jpetstore.domain.Order,0
jpetstore,13,seed13_solution083,org.mybatis.jpetstore.domain.Product,org.mybatis.jpetstore.domain.Product,2
jpetstore,13,seed13_solution083,org.mybatis.jpetstore.domain.Sequence,org.mybatis.jpetstore.domain.Sequence,3
jpetstore,13,seed13_solution083,org.mybatis.jpetstore.mapper.AccountMapper,org.mybatis.jpetstore.mapper.AccountMapper,4
jpetstore,13,seed13_solution083,org.mybatis.jpetstore.mapper.CategoryMapper,org.mybatis.jpetstore.mapper.CategoryMapper,2
jpetstore,13,seed13_solution083,org.mybatis.jpetstore.mapper.ItemMapper,org.mybatis.jpetstore.mapper.ItemMapper,2
jpetstore,13,seed13_solution083,org.mybatis.jpetstore.mapper.LineItemMapper,org.mybatis.jpetstore.mapper.LineItemMapper,3
jpetstore,13,seed13_solution083,org.mybatis.jpetstore.mapper.OrderMapper,org.mybatis.jpetstore.mapper.OrderMapper,3
jpetstore,13,seed13_solution083,org.mybatis.jpetstore.mapper.ProductMapper,org.mybatis.jpetstore.mapper.ProductMapper,2
jpetstore,13,seed13_solution083,org.mybatis.jpetstore.mapper.SequenceMapper,org.mybatis.jpetstore.mapper.SequenceMapper,3
jpetstore,13,seed13_solution083,org.mybatis.jpetstore.service.AccountService,org.mybatis.jpetstore.service.AccountService,4
jpetstore,13,seed13_solution083,org.mybatis.jpetstore.service.CatalogService,org.mybatis.jpetstore.service.CatalogService,2
jpetstore,13,seed13_solution083,org.mybatis.jpetstore.service.OrderService,org.mybatis.jpetstore.service.OrderService,3
jpetstore,13,seed13_solution083,org.mybatis.jpetstore.web.actions.AbstractActionBean,org.mybatis.jpetstore.web.actions.AbstractActionBean,2
jpetstore,13,seed13_solution083,org.mybatis.jpetstore.web.actions.AccountActionBean,org.mybatis.jpetstore.web.actions.AccountActionBean,5
jpetstore,13,seed13_solution083,org.mybatis.jpetstore.web.actions.CartActionBean,org.mybatis.jpetstore.web.actions.CartActionBean,5
jpetstore,13,seed13_solution083,org.mybatis.jpetstore.web.actions.CatalogActionBean,org.mybatis.jpetstore.web.actions.CatalogActionBean,2
jpetstore,13,seed13_solution083,org.mybatis.jpetstore.web.actions.OrderActionBean,org.mybatis.jpetstore.web.actions.OrderActionBean,3
jpetstore,13,seed13_solution084,org.mybatis.jpetstore.domain.Account,org.mybatis.jpetstore.domain.Account,0
jpetstore,13,seed13_solution084,org.mybatis.jpetstore.domain.Cart,org.mybatis.jpetstore.domain.Cart,1
jpetstore,13,seed13_solution084,org.mybatis.jpetstore.domain.CartItem,org.mybatis.jpetstore.domain.CartItem,1
jpetstore,13,seed13_solution084,org.mybatis.jpetstore.domain.Category,org.mybatis.jpetstore.domain.Category,2
jpetstore,13,seed13_solution084,org.mybatis.jpetstore.domain.Item,org.mybatis.jpetstore.domain.Item,1
jpetstore,13,seed13_solution084,org.mybatis.jpetstore.domain.LineItem,org.mybatis.jpetstore.domain.LineItem,3
jpetstore,13,seed13_solution084,org.mybatis.jpetstore.domain.Order,org.mybatis.jpetstore.domain.Order,0
jpetstore,13,seed13_solution084,org.mybatis.jpetstore.domain.Product,org.mybatis.jpetstore.domain.Product,4
jpetstore,13,seed13_solution084,org.mybatis.jpetstore.domain.Sequence,org.mybatis.jpetstore.domain.Sequence,3
jpetstore,13,seed13_solution084,org.mybatis.jpetstore.mapper.AccountMapper,org.mybatis.jpetstore.mapper.AccountMapper,5
jpetstore,13,seed13_solution084,org.mybatis.jpetstore.mapper.CategoryMapper,org.mybatis.jpetstore.mapper.CategoryMapper,2
jpetstore,13,seed13_solution084,org.mybatis.jpetstore.mapper.ItemMapper,org.mybatis.jpetstore.mapper.ItemMapper,2
jpetstore,13,seed13_solution084,org.mybatis.jpetstore.mapper.LineItemMapper,org.mybatis.jpetstore.mapper.LineItemMapper,3
jpetstore,13,seed13_solution084,org.mybatis.jpetstore.mapper.OrderMapper,org.mybatis.jpetstore.mapper.OrderMapper,2
jpetstore,13,seed13_solution084,org.mybatis.jpetstore.mapper.ProductMapper,org.mybatis.jpetstore.mapper.ProductMapper,4
jpetstore,13,seed13_solution084,org.mybatis.jpetstore.mapper.SequenceMapper,org.mybatis.jpetstore.mapper.SequenceMapper,3
jpetstore,13,seed13_solution084,org.mybatis.jpetstore.service.AccountService,org.mybatis.jpetstore.service.AccountService,5
jpetstore,13,seed13_solution084,org.mybatis.jpetstore.service.CatalogService,org.mybatis.jpetstore.service.CatalogService,4
jpetstore,13,seed13_solution084,org.mybatis.jpetstore.service.OrderService,org.mybatis.jpetstore.service.OrderService,3
jpetstore,13,seed13_solution084,org.mybatis.jpetstore.web.actions.AbstractActionBean,org.mybatis.jpetstore.web.actions.AbstractActionBean,1
jpetstore,13,seed13_solution084,org.mybatis.jpetstore.web.actions.AccountActionBean,org.mybatis.jpetstore.web.actions.AccountActionBean,4
jpetstore,13,seed13_solution084,org.mybatis.jpetstore.web.actions.CartActionBean,org.mybatis.jpetstore.web.actions.CartActionBean,1
jpetstore,13,seed13_solution084,org.mybatis.jpetstore.web.actions.CatalogActionBean,org.mybatis.jpetstore.web.actions.CatalogActionBean,4
jpetstore,13,seed13_solution084,org.mybatis.jpetstore.web.actions.OrderActionBean,org.mybatis.jpetstore.web.actions.OrderActionBean,2
jpetstore,13,seed13_solution085,org.mybatis.jpetstore.domain.Account,org.mybatis.jpetstore.domain.Account,0
jpetstore,13,seed13_solution085,org.mybatis.jpetstore.domain.Cart,org.mybatis.jpetstore.domain.Cart,1
jpetstore,13,seed13_solution085,org.mybatis.jpetstore.domain.CartItem,org.mybatis.jpetstore.domain.CartItem,1
jpetstore,13,seed13_solution085,org.mybatis.jpetstore.domain.Category,org.mybatis.jpetstore.domain.Category,2
jpetstore,13,seed13_solution085,org.mybatis.jpetstore.domain.Item,org.mybatis.jpetstore.domain.Item,1
jpetstore,13,seed13_solution085,org.mybatis.jpetstore.domain.LineItem,org.mybatis.jpetstore.domain.LineItem,3
jpetstore,13,seed13_solution085,org.mybatis.jpetstore.domain.Order,org.mybatis.jpetstore.domain.Order,0
jpetstore,13,seed13_solution085,org.mybatis.jpetstore.domain.Product,org.mybatis.jpetstore.domain.Product,4
jpetstore,13,seed13_solution085,org.mybatis.jpetstore.domain.Sequence,org.mybatis.jpetstore.domain.Sequence,3
jpetstore,13,seed13_solution085,org.mybatis.jpetstore.mapper.AccountMapper,org.mybatis.jpetstore.mapper.AccountMapper,5
jpetstore,13,seed13_solution085,org.mybatis.jpetstore.mapper.CategoryMapper,org.mybatis.jpetstore.mapper.CategoryMapper,2
jpetstore,13,seed13_solution085,org.mybatis.jpetstore.mapper.ItemMapper,org.mybatis.jpetstore.mapper.ItemMapper,2
jpetstore,13,seed13_solution085,org.mybatis.jpetstore.mapper.LineItemMapper,org.mybatis.jpetstore.mapper.LineItemMapper,3
jpetstore,13,seed13_solution085,org.mybatis.jpetstore.mapper.OrderMapper,org.mybatis.jpetstore.mapper.OrderMapper,5
jpetstore,13,seed13_solution085,org.mybatis.jpetstore.mapper.ProductMapper,org.mybatis.jpetstore.mapper.ProductMapper,4
jpetstore,13,seed13_solution085,org.mybatis.jpetstore.mapper.SequenceMapper,org.mybatis.jpetstore.mapper.SequenceMapper,3
jpetstore,13,seed13_solution085,org.mybatis.jpetstore.service.AccountService,org.mybatis.jpetstore.service.AccountService,5
jpetstore,13,seed13_solution085,org.mybatis.jpetstore.service.CatalogService,org.mybatis.jpetstore.service.CatalogService,4
jpetstore,13,seed13_solution085,org.mybatis.jpetstore.service.OrderService,org.mybatis.jpetstore.service.OrderService,3
jpetstore,13,seed13_solution085,org.mybatis.jpetstore.web.actions.AbstractActionBean,org.mybatis.jpetstore.web.actions.AbstractActionBean,1
jpetstore,13,seed13_solution085,org.mybatis.jpetstore.web.actions.AccountActionBean,org.mybatis.jpetstore.web.actions.AccountActionBean,4
jpetstore,13,seed13_solution085,org.mybatis.jpetstore.web.actions.CartActionBean,org.mybatis.jpetstore.web.actions.CartActionBean,1
jpetstore,13,seed13_solution085,org.mybatis.jpetstore.web.actions.CatalogActionBean,org.mybatis.jpetstore.web.actions.CatalogActionBean,4
jpetstore,13,seed13_solution085,org.mybatis.jpetstore.web.actions.OrderActionBean,org.mybatis.jpetstore.web.actions.OrderActionBean,2
jpetstore,13,seed13_solution086,org.mybatis.jpetstore.domain.Account,org.mybatis.jpetstore.domain.Account,0
jpetstore,13,seed13_solution086,org.mybatis.jpetstore.domain.Cart,org.mybatis.jpetstore.domain.Cart,1
jpetstore,13,seed13_solution086,org.mybatis.jpetstore.domain.CartItem,org.mybatis.jpetstore.domain.CartItem,1
jpetstore,13,seed13_solution086,org.mybatis.jpetstore.domain.Category,org.mybatis.jpetstore.domain.Category,2
jpetstore,13,seed13_solution086,org.mybatis.jpetstore.domain.Item,org.mybatis.jpetstore.domain.Item,2
jpetstore,13,seed13_solution086,org.mybatis.jpetstore.domain.LineItem,org.mybatis.jpetstore.domain.LineItem,3
jpetstore,13,seed13_solution086,org.mybatis.jpetstore.domain.Order,org.mybatis.jpetstore.domain.Order,0
jpetstore,13,seed13_solution086,org.mybatis.jpetstore.domain.Product,org.mybatis.jpetstore.domain.Product,2
jpetstore,13,seed13_solution086,org.mybatis.jpetstore.domain.Sequence,org.mybatis.jpetstore.domain.Sequence,3
jpetstore,13,seed13_solution086,org.mybatis.jpetstore.mapper.AccountMapper,org.mybatis.jpetstore.mapper.AccountMapper,4
jpetstore,13,seed13_solution086,org.mybatis.jpetstore.mapper.CategoryMapper,org.mybatis.jpetstore.mapper.CategoryMapper,2
jpetstore,13,seed13_solution086,org.mybatis.jpetstore.mapper.ItemMapper,org.mybatis.jpetstore.mapper.ItemMapper,2
jpetstore,13,seed13_solution086,org.mybatis.jpetstore.mapper.LineItemMapper,org.mybatis.jpetstore.mapper.LineItemMapper,3
jpetstore,13,seed13_solution086,org.mybatis.jpetstore.mapper.OrderMapper,org.mybatis.jpetstore.mapper.OrderMapper,3
jpetstore,13,seed13_solution086,org.mybatis.jpetstore.mapper.ProductMapper,org.mybatis.jpetstore.mapper.ProductMapper,5
jpetstore,13,seed13_solution086,org.mybatis.jpetstore.mapper.SequenceMapper,org.mybatis.jpetstore.mapper.SequenceMapper,3
jpetstore,13,seed13_solution086,org.mybatis.jpetstore.service.AccountService,org.mybatis.jpetstore.service.AccountService,4
jpetstore,13,seed13_solution086,org.mybatis.jpetstore.service.CatalogService,org.mybatis.jpetstore.service.CatalogService,2
jpetstore,13,seed13_solution086,org.mybatis.jpetstore.service.OrderService,org.mybatis.jpetstore.service.OrderService,3
jpetstore,13,seed13_solution086,org.mybatis.jpetstore.web.actions.AbstractActionBean,org.mybatis.jpetstore.web.actions.AbstractActionBean,2
jpetstore,13,seed13_solution086,org.mybatis.jpetstore.web.actions.AccountActionBean,org.mybatis.jpetstore.web.actions.AccountActionBean,5
jpetstore,13,seed13_solution086,org.mybatis.jpetstore.web.actions.CartActionBean,org.mybatis.jpetstore.web.actions.CartActionBean,5
jpetstore,13,seed13_solution086,org.mybatis.jpetstore.web.actions.CatalogActionBean,org.mybatis.jpetstore.web.actions.CatalogActionBean,2
jpetstore,13,seed13_solution086,org.mybatis.jpetstore.web.actions.OrderActionBean,org.mybatis.jpetstore.web.actions.OrderActionBean,5
jpetstore,13,seed13_solution087,org.mybatis.jpetstore.domain.Account,org.mybatis.jpetstore.domain.Account,0
jpetstore,13,seed13_solution087,org.mybatis.jpetstore.domain.Cart,org.mybatis.jpetstore.domain.Cart,1
jpetstore,13,seed13_solution087,org.mybatis.jpetstore.domain.CartItem,org.mybatis.jpetstore.domain.CartItem,1
jpetstore,13,seed13_solution087,org.mybatis.jpetstore.domain.Category,org.mybatis.jpetstore.domain.Category,2
jpetstore,13,seed13_solution087,org.mybatis.jpetstore.domain.Item,org.mybatis.jpetstore.domain.Item,1
jpetstore,13,seed13_solution087,org.mybatis.jpetstore.domain.LineItem,org.mybatis.jpetstore.domain.LineItem,3
jpetstore,13,seed13_solution087,org.mybatis.jpetstore.domain.Order,org.mybatis.jpetstore.domain.Order,0
jpetstore,13,seed13_solution087,org.mybatis.jpetstore.domain.Product,org.mybatis.jpetstore.domain.Product,4
jpetstore,13,seed13_solution087,org.mybatis.jpetstore.domain.Sequence,org.mybatis.jpetstore.domain.Sequence,3
jpetstore,13,seed13_solution087,org.mybatis.jpetstore.mapper.AccountMapper,org.mybatis.jpetstore.mapper.AccountMapper,5
jpetstore,13,seed13_solution087,org.mybatis.jpetstore.mapper.CategoryMapper,org.mybatis.jpetstore.mapper.CategoryMapper,2
jpetstore,13,seed13_solution087,org.mybatis.jpetstore.mapper.ItemMapper,org.mybatis.jpetstore.mapper.ItemMapper,2
jpetstore,13,seed13_solution087,org.mybatis.jpetstore.mapper.LineItemMapper,org.mybatis.jpetstore.mapper.LineItemMapper,3
jpetstore,13,seed13_solution087,org.mybatis.jpetstore.mapper.OrderMapper,org.mybatis.jpetstore.mapper.OrderMapper,5
jpetstore,13,seed13_solution087,org.mybatis.jpetstore.mapper.ProductMapper,org.mybatis.jpetstore.mapper.ProductMapper,2
jpetstore,13,seed13_solution087,org.mybatis.jpetstore.mapper.SequenceMapper,org.mybatis.jpetstore.mapper.SequenceMapper,3
jpetstore,13,seed13_solution087,org.mybatis.jpetstore.service.AccountService,org.mybatis.jpetstore.service.AccountService,5
jpetstore,13,seed13_solution087,org.mybatis.jpetstore.service.CatalogService,org.mybatis.jpetstore.service.CatalogService,4
jpetstore,13,seed13_solution087,org.mybatis.jpetstore.service.OrderService,org.mybatis.jpetstore.service.OrderService,3
jpetstore,13,seed13_solution087,org.mybatis.jpetstore.web.actions.AbstractActionBean,org.mybatis.jpetstore.web.actions.AbstractActionBean,4
jpetstore,13,seed13_solution087,org.mybatis.jpetstore.web.actions.AccountActionBean,org.mybatis.jpetstore.web.actions.AccountActionBean,4
jpetstore,13,seed13_solution087,org.mybatis.jpetstore.web.actions.CartActionBean,org.mybatis.jpetstore.web.actions.CartActionBean,1
jpetstore,13,seed13_solution087,org.mybatis.jpetstore.web.actions.CatalogActionBean,org.mybatis.jpetstore.web.actions.CatalogActionBean,2
jpetstore,13,seed13_solution087,org.mybatis.jpetstore.web.actions.OrderActionBean,org.mybatis.jpetstore.web.actions.OrderActionBean,4
jpetstore,13,seed13_solution088,org.mybatis.jpetstore.domain.Account,org.mybatis.jpetstore.domain.Account,0
jpetstore,13,seed13_solution088,org.mybatis.jpetstore.domain.Cart,org.mybatis.jpetstore.domain.Cart,1
jpetstore,13,seed13_solution088,org.mybatis.jpetstore.domain.CartItem,org.mybatis.jpetstore.domain.CartItem,1
jpetstore,13,seed13_solution088,org.mybatis.jpetstore.domain.Category,org.mybatis.jpetstore.domain.Category,1
jpetstore,13,seed13_solution088,org.mybatis.jpetstore.domain.Item,org.mybatis.jpetstore.domain.Item,1
jpetstore,13,seed13_solution088,org.mybatis.jpetstore.domain.LineItem,org.mybatis.jpetstore.domain.LineItem,1
jpetstore,13,seed13_solution088,org.mybatis.jpetstore.domain.Order,org.mybatis.jpetstore.domain.Order,1
jpetstore,13,seed13_solution088,org.mybatis.jpetstore.domain.Product,org.mybatis.jpetstore.domain.Product,1
jpetstore,13,seed13_solution088,org.mybatis.jpetstore.domain.Sequence,org.mybatis.jpetstore.domain.Sequence,0
jpetstore,13,seed13_solution088,org.mybatis.jpetstore.mapper.AccountMapper,org.mybatis.jpetstore.mapper.AccountMapper,2
jpetstore,13,seed13_solution088,org.mybatis.jpetstore.mapper.CategoryMapper,org.mybatis.jpetstore.mapper.CategoryMapper,3
jpetstore,13,seed13_solution088,org.mybatis.jpetstore.mapper.ItemMapper,org.mybatis.jpetstore.mapper.ItemMapper,3
jpetstore,13,seed13_solution088,org.mybatis.jpetstore.mapper.LineItemMapper,org.mybatis.jpetstore.mapper.LineItemMapper,3
jpetstore,13,seed13_solution088,org.mybatis.jpetstore.mapper.OrderMapper,org.mybatis.jpetstore.mapper.OrderMapper,0
jpetstore,13,seed13_solution088,org.mybatis.jpetstore.mapper.ProductMapper,org.mybatis.jpetstore.mapper.ProductMapper,3
jpetstore,13,seed13_solution088,org.mybatis.jpetstore.mapper.SequenceMapper,org.mybatis.jpetstore.mapper.SequenceMapper,0
jpetstore,13,seed13_solution088,org.mybatis.jpetstore.service.AccountService,org.mybatis.jpetstore.service.AccountService,2
jpetstore,13,seed13_solution088,org.mybatis.jpetstore.service.CatalogService,org.mybatis.jpetstore.service.CatalogService,3
jpetstore,13,seed13_solution088,org.mybatis.jpetstore.service.OrderService,org.mybatis.jpetstore.service.OrderService,0
jpetstore,13,seed13_solution088,org.mybatis.jpetstore.web.actions.AbstractActionBean,org.mybatis.jpetstore.web.actions.AbstractActionBean,2
jpetstore,13,seed13_solution088,org.mybatis.jpetstore.web.actions.AccountActionBean,org.mybatis.jpetstore.web.actions.AccountActionBean,2
jpetstore,13,seed13_solution088,org.mybatis.jpetstore.web.actions.CartActionBean,org.mybatis.jpetstore.web.actions.CartActionBean,2
jpetstore,13,seed13_solution088,org.mybatis.jpetstore.web.actions.CatalogActionBean,org.mybatis.jpetstore.web.actions.CatalogActionBean,2
jpetstore,13,seed13_solution088,org.mybatis.jpetstore.web.actions.OrderActionBean,org.mybatis.jpetstore.web.actions.OrderActionBean,2
jpetstore,13,seed13_solution089,org.mybatis.jpetstore.domain.Account,org.mybatis.jpetstore.domain.Account,0
jpetstore,13,seed13_solution089,org.mybatis.jpetstore.domain.Cart,org.mybatis.jpetstore.domain.Cart,1
jpetstore,13,seed13_solution089,org.mybatis.jpetstore.domain.CartItem,org.mybatis.jpetstore.domain.CartItem,1
jpetstore,13,seed13_solution089,org.mybatis.jpetstore.domain.Category,org.mybatis.jpetstore.domain.Category,2
jpetstore,13,seed13_solution089,org.mybatis.jpetstore.domain.Item,org.mybatis.jpetstore.domain.Item,1
jpetstore,13,seed13_solution089,org.mybatis.jpetstore.domain.LineItem,org.mybatis.jpetstore.domain.LineItem,3
jpetstore,13,seed13_solution089,org.mybatis.jpetstore.domain.Order,org.mybatis.jpetstore.domain.Order,0
jpetstore,13,seed13_solution089,org.mybatis.jpetstore.domain.Product,org.mybatis.jpetstore.domain.Product,4
jpetstore,13,seed13_solution089,org.mybatis.jpetstore.domain.Sequence,org.mybatis.jpetstore.domain.Sequence,3
jpetstore,13,seed13_solution089,org.mybatis.jpetstore.mapper.AccountMapper,org.mybatis.jpetstore.mapper.AccountMapper,5
jpetstore,13,seed13_solution089,org.mybatis.jpetstore.mapper.CategoryMapper,org.mybatis.jpetstore.mapper.CategoryMapper,2
jpetstore,13,seed13_solution089,org.mybatis.jpetstore.mapper.ItemMapper,org.mybatis.jpetstore.mapper.ItemMapper,2
jpetstore,13,seed13_solution089,org.mybatis.jpetstore.mapper.LineItemMapper,org.mybatis.jpetstore.mapper.LineItemMapper,2
jpetstore,13,seed13_solution089,org.mybatis.jpetstore.mapper.OrderMapper,org.mybatis.jpetstore.mapper.OrderMapper,3
jpetstore,13,seed13_solution089,org.mybatis.jpetstore.mapper.ProductMapper,org.mybatis.jpetstore.mapper.ProductMapper,2
jpetstore,13,seed13_solution089,org.mybatis.jpetstore.mapper.SequenceMapper,org.mybatis.jpetstore.mapper.SequenceMapper,3
jpetstore,13,seed13_solution089,org.mybatis.jpetstore.service.AccountService,org.mybatis.jpetstore.service.AccountService,5
jpetstore,13,seed13_solution089,org.mybatis.jpetstore.service.CatalogService,org.mybatis.jpetstore.service.CatalogService,5
jpetstore,13,seed13_solution089,org.mybatis.jpetstore.service.OrderService,org.mybatis.jpetstore.service.OrderService,3
jpetstore,13,seed13_solution089,org.mybatis.jpetstore.web.actions.AbstractActionBean,org.mybatis.jpetstore.web.actions.AbstractActionBean,4
jpetstore,13,seed13_solution089,org.mybatis.jpetstore.web.actions.AccountActionBean,org.mybatis.jpetstore.web.actions.AccountActionBean,5
jpetstore,13,seed13_solution089,org.mybatis.jpetstore.web.actions.CartActionBean,org.mybatis.jpetstore.web.actions.CartActionBean,4
jpetstore,13,seed13_solution089,org.mybatis.jpetstore.web.actions.CatalogActionBean,org.mybatis.jpetstore.web.actions.CatalogActionBean,4
jpetstore,13,seed13_solution089,org.mybatis.jpetstore.web.actions.OrderActionBean,org.mybatis.jpetstore.web.actions.OrderActionBean,4
jpetstore,13,seed13_solution090,org.mybatis.jpetstore.domain.Account,org.mybatis.jpetstore.domain.Account,0
jpetstore,13,seed13_solution090,org.mybatis.jpetstore.domain.Cart,org.mybatis.jpetstore.domain.Cart,1
jpetstore,13,seed13_solution090,org.mybatis.jpetstore.domain.CartItem,org.mybatis.jpetstore.domain.CartItem,1
jpetstore,13,seed13_solution090,org.mybatis.jpetstore.domain.Category,org.mybatis.jpetstore.domain.Category,2
jpetstore,13,seed13_solution090,org.mybatis.jpetstore.domain.Item,org.mybatis.jpetstore.domain.Item,2
jpetstore,13,seed13_solution090,org.mybatis.jpetstore.domain.LineItem,org.mybatis.jpetstore.domain.LineItem,3
jpetstore,13,seed13_solution090,org.mybatis.jpetstore.domain.Order,org.mybatis.jpetstore.domain.Order,0
jpetstore,13,seed13_solution090,org.mybatis.jpetstore.domain.Product,org.mybatis.jpetstore.domain.Product,4
jpetstore,13,seed13_solution090,org.mybatis.jpetstore.domain.Sequence,org.mybatis.jpetstore.domain.Sequence,3
jpetstore,13,seed13_solution090,org.mybatis.jpetstore.mapper.AccountMapper,org.mybatis.jpetstore.mapper.AccountMapper,5
jpetstore,13,seed13_solution090,org.mybatis.jpetstore.mapper.CategoryMapper,org.mybatis.jpetstore.mapper.CategoryMapper,2
jpetstore,13,seed13_solution090,org.mybatis.jpetstore.mapper.ItemMapper,org.mybatis.jpetstore.mapper.ItemMapper,2
jpetstore,13,seed13_solution090,org.mybatis.jpetstore.mapper.LineItemMapper,org.mybatis.jpetstore.mapper.LineItemMapper,3
jpetstore,13,seed13_solution090,org.mybatis.jpetstore.mapper.OrderMapper,org.mybatis.jpetstore.mapper.OrderMapper,3
jpetstore,13,seed13_solution090,org.mybatis.jpetstore.mapper.ProductMapper,org.mybatis.jpetstore.mapper.ProductMapper,4
jpetstore,13,seed13_solution090,org.mybatis.jpetstore.mapper.SequenceMapper,org.mybatis.jpetstore.mapper.SequenceMapper,3
jpetstore,13,seed13_solution090,org.mybatis.jpetstore.service.AccountService,org.mybatis.jpetstore.service.AccountService,5
jpetstore,13,seed13_solution090,org.mybatis.jpetstore.service.CatalogService,org.mybatis.jpetstore.service.CatalogService,2
jpetstore,13,seed13_solution090,org.mybatis.jpetstore.service.OrderService,org.mybatis.jpetstore.service.OrderService,3
jpetstore,13,seed13_solution090,org.mybatis.jpetstore.web.actions.AbstractActionBean,org.mybatis.jpetstore.web.actions.AbstractActionBean,4
jpetstore,13,seed13_solution090,org.mybatis.jpetstore.web.actions.AccountActionBean,org.mybatis.jpetstore.web.actions.AccountActionBean,4
jpetstore,13,seed13_solution090,org.mybatis.jpetstore.web.actions.CartActionBean,org.mybatis.jpetstore.web.actions.CartActionBean,4
jpetstore,13,seed13_solution090,org.mybatis.jpetstore.web.actions.CatalogActionBean,org.mybatis.jpetstore.web.actions.CatalogActionBean,2
jpetstore,13,seed13_solution090,org.mybatis.jpetstore.web.actions.OrderActionBean,org.mybatis.jpetstore.web.actions.OrderActionBean,2
jpetstore,13,seed13_solution091,org.mybatis.jpetstore.domain.Account,org.mybatis.jpetstore.domain.Account,0
jpetstore,13,seed13_solution091,org.mybatis.jpetstore.domain.Cart,org.mybatis.jpetstore.domain.Cart,1
jpetstore,13,seed13_solution091,org.mybatis.jpetstore.domain.CartItem,org.mybatis.jpetstore.domain.CartItem,1
jpetstore,13,seed13_solution091,org.mybatis.jpetstore.domain.Category,org.mybatis.jpetstore.domain.Category,2
jpetstore,13,seed13_solution091,org.mybatis.jpetstore.domain.Item,org.mybatis.jpetstore.domain.Item,1
jpetstore,13,seed13_solution091,org.mybatis.jpetstore.domain.LineItem,org.mybatis.jpetstore.domain.LineItem,3
jpetstore,13,seed13_solution091,org.mybatis.jpetstore.domain.Order,org.mybatis.jpetstore.domain.Order,0
jpetstore,13,seed13_solution091,org.mybatis.jpetstore.domain.Product,org.mybatis.jpetstore.domain.Product,1
jpetstore,13,seed13_solution091,org.mybatis.jpetstore.domain.Sequence,org.mybatis.jpetstore.domain.Sequence,3
jpetstore,13,seed13_solution091,org.mybatis.jpetstore.mapper.AccountMapper,org.mybatis.jpetstore.mapper.AccountMapper,4
jpetstore,13,seed13_solution091,org.mybatis.jpetstore.mapper.CategoryMapper,org.mybatis.jpetstore.mapper.CategoryMapper,4
jpetstore,13,seed13_solution091,org.mybatis.jpetstore.mapper.ItemMapper,org.mybatis.jpetstore.mapper.ItemMapper,2
jpetstore,13,seed13_solution091,org.mybatis.jpetstore.mapper.LineItemMapper,org.mybatis.jpetstore.mapper.LineItemMapper,2
jpetstore,13,seed13_solution091,org.mybatis.jpetstore.mapper.OrderMapper,org.mybatis.jpetstore.mapper.OrderMapper,3
jpetstore,13,seed13_solution091,org.mybatis.jpetstore.mapper.ProductMapper,org.mybatis.jpetstore.mapper.ProductMapper,2
jpetstore,13,seed13_solution091,org.mybatis.jpetstore.mapper.SequenceMapper,org.mybatis.jpetstore.mapper.SequenceMapper,3
jpetstore,13,seed13_solution091,org.mybatis.jpetstore.service.AccountService,org.mybatis.jpetstore.service.AccountService,4
jpetstore,13,seed13_solution091,org.mybatis.jpetstore.service.CatalogService,org.mybatis.jpetstore.service.CatalogService,5
jpetstore,13,seed13_solution091,org.mybatis.jpetstore.service.OrderService,org.mybatis.jpetstore.service.OrderService,3
jpetstore,13,seed13_solution091,org.mybatis.jpetstore.web.actions.AbstractActionBean,org.mybatis.jpetstore.web.actions.AbstractActionBean,5
jpetstore,13,seed13_solution091,org.mybatis.jpetstore.web.actions.AccountActionBean,org.mybatis.jpetstore.web.actions.AccountActionBean,5
jpetstore,13,seed13_solution091,org.mybatis.jpetstore.web.actions.CartActionBean,org.mybatis.jpetstore.web.actions.CartActionBean,5
jpetstore,13,seed13_solution091,org.mybatis.jpetstore.web.actions.CatalogActionBean,org.mybatis.jpetstore.web.actions.CatalogActionBean,5
jpetstore,13,seed13_solution091,org.mybatis.jpetstore.web.actions.OrderActionBean,org.mybatis.jpetstore.web.actions.OrderActionBean,4
jpetstore,13,seed13_solution092,org.mybatis.jpetstore.domain.Account,org.mybatis.jpetstore.domain.Account,0
jpetstore,13,seed13_solution092,org.mybatis.jpetstore.domain.Cart,org.mybatis.jpetstore.domain.Cart,1
jpetstore,13,seed13_solution092,org.mybatis.jpetstore.domain.CartItem,org.mybatis.jpetstore.domain.CartItem,1
jpetstore,13,seed13_solution092,org.mybatis.jpetstore.domain.Category,org.mybatis.jpetstore.domain.Category,2
jpetstore,13,seed13_solution092,org.mybatis.jpetstore.domain.Item,org.mybatis.jpetstore.domain.Item,1
jpetstore,13,seed13_solution092,org.mybatis.jpetstore.domain.LineItem,org.mybatis.jpetstore.domain.LineItem,3
jpetstore,13,seed13_solution092,org.mybatis.jpetstore.domain.Order,org.mybatis.jpetstore.domain.Order,0
jpetstore,13,seed13_solution092,org.mybatis.jpetstore.domain.Product,org.mybatis.jpetstore.domain.Product,1
jpetstore,13,seed13_solution092,org.mybatis.jpetstore.domain.Sequence,org.mybatis.jpetstore.domain.Sequence,2
jpetstore,13,seed13_solution092,org.mybatis.jpetstore.mapper.AccountMapper,org.mybatis.jpetstore.mapper.AccountMapper,4
jpetstore,13,seed13_solution092,org.mybatis.jpetstore.mapper.CategoryMapper,org.mybatis.jpetstore.mapper.CategoryMapper,2
jpetstore,13,seed13_solution092,org.mybatis.jpetstore.mapper.ItemMapper,org.mybatis.jpetstore.mapper.ItemMapper,2
jpetstore,13,seed13_solution092,org.mybatis.jpetstore.mapper.LineItemMapper,org.mybatis.jpetstore.mapper.LineItemMapper,2
jpetstore,13,seed13_solution092,org.mybatis.jpetstore.mapper.OrderMapper,org.mybatis.jpetstore.mapper.OrderMapper,3
jpetstore,13,seed13_solution092,org.mybatis.jpetstore.mapper.ProductMapper,org.mybatis.jpetstore.mapper.ProductMapper,4
jpetstore,13,seed13_solution092,org.mybatis.jpetstore.mapper.SequenceMapper,org.mybatis.jpetstore.mapper.SequenceMapper,3
jpetstore,13,seed13_solution092,org.mybatis.jpetstore.service.AccountService,org.mybatis.jpetstore.service.AccountService,3
jpetstore,13,seed13_solution092,org.mybatis.jpetstore.service.CatalogService,org.mybatis.jpetstore.service.CatalogService,2
jpetstore,13,seed13_solution092,org.mybatis.jpetstore.service.OrderService,org.mybatis.jpetstore.service.OrderService,3
jpetstore,13,seed13_solution092,org.mybatis.jpetstore.web.actions.AbstractActionBean,org.mybatis.jpetstore.web.actions.AbstractActionBean,4
jpetstore,13,seed13_solution092,org.mybatis.jpetstore.web.actions.AccountActionBean,org.mybatis.jpetstore.web.actions.AccountActionBean,4
jpetstore,13,seed13_solution092,org.mybatis.jpetstore.web.actions.CartActionBean,org.mybatis.jpetstore.web.actions.CartActionBean,1
jpetstore,13,seed13_solution092,org.mybatis.jpetstore.web.actions.CatalogActionBean,org.mybatis.jpetstore.web.actions.CatalogActionBean,4
jpetstore,13,seed13_solution092,org.mybatis.jpetstore.web.actions.OrderActionBean,org.mybatis.jpetstore.web.actions.OrderActionBean,0
jpetstore,13,seed13_solution093,org.mybatis.jpetstore.domain.Account,org.mybatis.jpetstore.domain.Account,0
jpetstore,13,seed13_solution093,org.mybatis.jpetstore.domain.Cart,org.mybatis.jpetstore.domain.Cart,1
jpetstore,13,seed13_solution093,org.mybatis.jpetstore.domain.CartItem,org.mybatis.jpetstore.domain.CartItem,1
jpetstore,13,seed13_solution093,org.mybatis.jpetstore.domain.Category,org.mybatis.jpetstore.domain.Category,2
jpetstore,13,seed13_solution093,org.mybatis.jpetstore.domain.Item,org.mybatis.jpetstore.domain.Item,1
jpetstore,13,seed13_solution093,org.mybatis.jpetstore.domain.LineItem,org.mybatis.jpetstore.domain.LineItem,3
jpetstore,13,seed13_solution093,org.mybatis.jpetstore.domain.Order,org.mybatis.jpetstore.domain.Order,0
jpetstore,13,seed13_solution093,org.mybatis.jpetstore.domain.Product,org.mybatis.jpetstore.domain.Product,1
jpetstore,13,seed13_solution093,org.mybatis.jpetstore.domain.Sequence,org.mybatis.jpetstore.domain.Sequence,3
jpetstore,13,seed13_solution093,org.mybatis.jpetstore.mapper.AccountMapper,org.mybatis.jpetstore.mapper.AccountMapper,4
jpetstore,13,seed13_solution093,org.mybatis.jpetstore.mapper.CategoryMapper,org.mybatis.jpetstore.mapper.CategoryMapper,2
jpetstore,13,seed13_solution093,org.mybatis.jpetstore.mapper.ItemMapper,org.mybatis.jpetstore.mapper.ItemMapper,2
jpetstore,13,seed13_solution093,org.mybatis.jpetstore.mapper.LineItemMapper,org.mybatis.jpetstore.mapper.LineItemMapper,2
jpetstore,13,seed13_solution093,org.mybatis.jpetstore.mapper.OrderMapper,org.mybatis.jpetstore.mapper.OrderMapper,3
jpetstore,13,seed13_solution093,org.mybatis.jpetstore.mapper.ProductMapper,org.mybatis.jpetstore.mapper.ProductMapper,2
jpetstore,13,seed13_solution093,org.mybatis.jpetstore.mapper.SequenceMapper,org.mybatis.jpetstore.mapper.SequenceMapper,3
jpetstore,13,seed13_solution093,org.mybatis.jpetstore.service.AccountService,org.mybatis.jpetstore.service.AccountService,4
jpetstore,13,seed13_solution093,org.mybatis.jpetstore.service.CatalogService,org.mybatis.jpetstore.service.CatalogService,2
jpetstore,13,seed13_solution093,org.mybatis.jpetstore.service.OrderService,org.mybatis.jpetstore.service.OrderService,3
jpetstore,13,seed13_solution093,org.mybatis.jpetstore.web.actions.AbstractActionBean,org.mybatis.jpetstore.web.actions.AbstractActionBean,1
jpetstore,13,seed13_solution093,org.mybatis.jpetstore.web.actions.AccountActionBean,org.mybatis.jpetstore.web.actions.AccountActionBean,4
jpetstore,13,seed13_solution093,org.mybatis.jpetstore.web.actions.CartActionBean,org.mybatis.jpetstore.web.actions.CartActionBean,5
jpetstore,13,seed13_solution093,org.mybatis.jpetstore.web.actions.CatalogActionBean,org.mybatis.jpetstore.web.actions.CatalogActionBean,5
jpetstore,13,seed13_solution093,org.mybatis.jpetstore.web.actions.OrderActionBean,org.mybatis.jpetstore.web.actions.OrderActionBean,5
jpetstore,13,seed13_solution094,org.mybatis.jpetstore.domain.Account,org.mybatis.jpetstore.domain.Account,0
jpetstore,13,seed13_solution094,org.mybatis.jpetstore.domain.Cart,org.mybatis.jpetstore.domain.Cart,1
jpetstore,13,seed13_solution094,org.mybatis.jpetstore.domain.CartItem,org.mybatis.jpetstore.domain.CartItem,1
jpetstore,13,seed13_solution094,org.mybatis.jpetstore.domain.Category,org.mybatis.jpetstore.domain.Category,2
jpetstore,13,seed13_solution094,org.mybatis.jpetstore.domain.Item,org.mybatis.jpetstore.domain.Item,2
jpetstore,13,seed13_solution094,org.mybatis.jpetstore.domain.LineItem,org.mybatis.jpetstore.domain.LineItem,3
jpetstore,13,seed13_solution094,org.mybatis.jpetstore.domain.Order,org.mybatis.jpetstore.domain.Order,0
jpetstore,13,seed13_solution094,org.mybatis.jpetstore.domain.Product,org.mybatis.jpetstore.domain.Product,4
jpetstore,13,seed13_solution094,org.mybatis.jpetstore.domain.Sequence,org.mybatis.jpetstore.domain.Sequence,3
jpetstore,13,seed13_solution094,org.mybatis.jpetstore.mapper.AccountMapper,org.mybatis.jpetstore.mapper.AccountMapper,5
jpetstore,13,seed13_solution094,org.mybatis.jpetstore.mapper.CategoryMapper,org.mybatis.jpetstore.mapper.CategoryMapper,2
jpetstore,13,seed13_solution094,org.mybatis.jpetstore.mapper.ItemMapper,org.mybatis.jpetstore.mapper.ItemMapper,2
jpetstore,13,seed13_solution094,org.mybatis.jpetstore.mapper.LineItemMapper,org.mybatis.jpetstore.mapper.LineItemMapper,3
jpetstore,13,seed13_solution094,org.mybatis.jpetstore.mapper.OrderMapper,org.mybatis.jpetstore.mapper.OrderMapper,3
jpetstore,13,seed13_solution094,org.mybatis.jpetstore.mapper.ProductMapper,org.mybatis.jpetstore.mapper.ProductMapper,4
jpetstore,13,seed13_solution094,org.mybatis.jpetstore.mapper.SequenceMapper,org.mybatis.jpetstore.mapper.SequenceMapper,3
jpetstore,13,seed13_solution094,org.mybatis.jpetstore.service.AccountService,org.mybatis.jpetstore.service.AccountService,5
jpetstore,13,seed13_solution094,org.mybatis.jpetstore.service.CatalogService,org.mybatis.jpetstore.service.CatalogService,4
jpetstore,13,seed13_solution094,org.mybatis.jpetstore.service.OrderService,org.mybatis.jpetstore.service.OrderService,3
jpetstore,13,seed13_solution094,org.mybatis.jpetstore.web.actions.AbstractActionBean,org.mybatis.jpetstore.web.actions.AbstractActionBean,4
jpetstore,13,seed13_solution094,org.mybatis.jpetstore.web.actions.AccountActionBean,org.mybatis.jpetstore.web.actions.AccountActionBean,4
jpetstore,13,seed13_solution094,org.mybatis.jpetstore.web.actions.CartActionBean,org.mybatis.jpetstore.web.actions.CartActionBean,4
jpetstore,13,seed13_solution094,org.mybatis.jpetstore.web.actions.CatalogActionBean,org.mybatis.jpetstore.web.actions.CatalogActionBean,2
jpetstore,13,seed13_solution094,org.mybatis.jpetstore.web.actions.OrderActionBean,org.mybatis.jpetstore.web.actions.OrderActionBean,2
jpetstore,13,seed13_solution095,org.mybatis.jpetstore.domain.Account,org.mybatis.jpetstore.domain.Account,0
jpetstore,13,seed13_solution095,org.mybatis.jpetstore.domain.Cart,org.mybatis.jpetstore.domain.Cart,1
jpetstore,13,seed13_solution095,org.mybatis.jpetstore.domain.CartItem,org.mybatis.jpetstore.domain.CartItem,1
jpetstore,13,seed13_solution095,org.mybatis.jpetstore.domain.Category,org.mybatis.jpetstore.domain.Category,2
jpetstore,13,seed13_solution095,org.mybatis.jpetstore.domain.Item,org.mybatis.jpetstore.domain.Item,1
jpetstore,13,seed13_solution095,org.mybatis.jpetstore.domain.LineItem,org.mybatis.jpetstore.domain.LineItem,3
jpetstore,13,seed13_solution095,org.mybatis.jpetstore.domain.Order,org.mybatis.jpetstore.domain.Order,0
jpetstore,13,seed13_solution095,org.mybatis.jpetstore.domain.Product,org.mybatis.jpetstore.domain.Product,1
jpetstore,13,seed13_solution095,org.mybatis.jpetstore.domain.Sequence,org.mybatis.jpetstore.domain.Sequence,3
jpetstore,13,seed13_solution095,org.mybatis.jpetstore.mapper.AccountMapper,org.mybatis.jpetstore.mapper.AccountMapper,4
jpetstore,13,seed13_solution095,org.mybatis.jpetstore.mapper.CategoryMapper,org.mybatis.jpetstore.mapper.CategoryMapper,2
jpetstore,13,seed13_solution095,org.mybatis.jpetstore.mapper.ItemMapper,org.mybatis.jpetstore.mapper.ItemMapper,2
jpetstore,13,seed13_solution095,org.mybatis.jpetstore.mapper.LineItemMapper,org.mybatis.jpetstore.mapper.LineItemMapper,2
jpetstore,13,seed13_solution095,org.mybatis.jpetstore.mapper.OrderMapper,org.mybatis.jpetstore.mapper.OrderMapper,3
jpetstore,13,seed13_solution095,org.mybatis.jpetstore.mapper.ProductMapper,org.mybatis.jpetstore.mapper.ProductMapper,2
jpetstore,13,seed13_solution095,org.mybatis.jpetstore.mapper.SequenceMapper,org.mybatis.jpetstore.mapper.SequenceMapper,3
jpetstore,13,seed13_solution095,org.mybatis.jpetstore.service.AccountService,org.mybatis.jpetstore.service.AccountService,4
jpetstore,13,seed13_solution095,org.mybatis.jpetstore.service.CatalogService,org.mybatis.jpetstore.service.CatalogService,2
jpetstore,13,seed13_solution095,org.mybatis.jpetstore.service.OrderService,org.mybatis.jpetstore.service.OrderService,3
jpetstore,13,seed13_solution095,org.mybatis.jpetstore.web.actions.AbstractActionBean,org.mybatis.jpetstore.web.actions.AbstractActionBean,0
jpetstore,13,seed13_solution095,org.mybatis.jpetstore.web.actions.AccountActionBean,org.mybatis.jpetstore.web.actions.AccountActionBean,5
jpetstore,13,seed13_solution095,org.mybatis.jpetstore.web.actions.CartActionBean,org.mybatis.jpetstore.web.actions.CartActionBean,5
jpetstore,13,seed13_solution095,org.mybatis.jpetstore.web.actions.CatalogActionBean,org.mybatis.jpetstore.web.actions.CatalogActionBean,5
jpetstore,13,seed13_solution095,org.mybatis.jpetstore.web.actions.OrderActionBean,org.mybatis.jpetstore.web.actions.OrderActionBean,5
jpetstore,13,seed13_solution096,org.mybatis.jpetstore.domain.Account,org.mybatis.jpetstore.domain.Account,0
jpetstore,13,seed13_solution096,org.mybatis.jpetstore.domain.Cart,org.mybatis.jpetstore.domain.Cart,1
jpetstore,13,seed13_solution096,org.mybatis.jpetstore.domain.CartItem,org.mybatis.jpetstore.domain.CartItem,1
jpetstore,13,seed13_solution096,org.mybatis.jpetstore.domain.Category,org.mybatis.jpetstore.domain.Category,1
jpetstore,13,seed13_solution096,org.mybatis.jpetstore.domain.Item,org.mybatis.jpetstore.domain.Item,1
jpetstore,13,seed13_solution096,org.mybatis.jpetstore.domain.LineItem,org.mybatis.jpetstore.domain.LineItem,1
jpetstore,13,seed13_solution096,org.mybatis.jpetstore.domain.Order,org.mybatis.jpetstore.domain.Order,0
jpetstore,13,seed13_solution096,org.mybatis.jpetstore.domain.Product,org.mybatis.jpetstore.domain.Product,1
jpetstore,13,seed13_solution096,org.mybatis.jpetstore.domain.Sequence,org.mybatis.jpetstore.domain.Sequence,2
jpetstore,13,seed13_solution096,org.mybatis.jpetstore.mapper.AccountMapper,org.mybatis.jpetstore.mapper.AccountMapper,0
jpetstore,13,seed13_solution096,org.mybatis.jpetstore.mapper.CategoryMapper,org.mybatis.jpetstore.mapper.CategoryMapper,3
jpetstore,13,seed13_solution096,org.mybatis.jpetstore.mapper.ItemMapper,org.mybatis.jpetstore.mapper.ItemMapper,3
jpetstore,13,seed13_solution096,org.mybatis.jpetstore.mapper.LineItemMapper,org.mybatis.jpetstore.mapper.LineItemMapper,2
jpetstore,13,seed13_solution096,org.mybatis.jpetstore.mapper.OrderMapper,org.mybatis.jpetstore.mapper.OrderMapper,0
jpetstore,13,seed13_solution096,org.mybatis.jpetstore.mapper.ProductMapper,org.mybatis.jpetstore.mapper.ProductMapper,0
jpetstore,13,seed13_solution096,org.mybatis.jpetstore.mapper.SequenceMapper,org.mybatis.jpetstore.mapper.SequenceMapper,0
jpetstore,13,seed13_solution096,org.mybatis.jpetstore.service.AccountService,org.mybatis.jpetstore.service.AccountService,2
jpetstore,13,seed13_solution096,org.mybatis.jpetstore.service.CatalogService,org.mybatis.jpetstore.service.CatalogService,3
jpetstore,13,seed13_solution096,org.mybatis.jpetstore.service.OrderService,org.mybatis.jpetstore.service.OrderService,2
jpetstore,13,seed13_solution096,org.mybatis.jpetstore.web.actions.AbstractActionBean,org.mybatis.jpetstore.web.actions.AbstractActionBean,2
jpetstore,13,seed13_solution096,org.mybatis.jpetstore.web.actions.AccountActionBean,org.mybatis.jpetstore.web.actions.AccountActionBean,2
jpetstore,13,seed13_solution096,org.mybatis.jpetstore.web.actions.CartActionBean,org.mybatis.jpetstore.web.actions.CartActionBean,3
jpetstore,13,seed13_solution096,org.mybatis.jpetstore.web.actions.CatalogActionBean,org.mybatis.jpetstore.web.actions.CatalogActionBean,3
jpetstore,13,seed13_solution096,org.mybatis.jpetstore.web.actions.OrderActionBean,org.mybatis.jpetstore.web.actions.OrderActionBean,3
jpetstore,13,seed13_solution097,org.mybatis.jpetstore.domain.Account,org.mybatis.jpetstore.domain.Account,0
jpetstore,13,seed13_solution097,org.mybatis.jpetstore.domain.Cart,org.mybatis.jpetstore.domain.Cart,1
jpetstore,13,seed13_solution097,org.mybatis.jpetstore.domain.CartItem,org.mybatis.jpetstore.domain.CartItem,1
jpetstore,13,seed13_solution097,org.mybatis.jpetstore.domain.Category,org.mybatis.jpetstore.domain.Category,2
jpetstore,13,seed13_solution097,org.mybatis.jpetstore.domain.Item,org.mybatis.jpetstore.domain.Item,1
jpetstore,13,seed13_solution097,org.mybatis.jpetstore.domain.LineItem,org.mybatis.jpetstore.domain.LineItem,1
jpetstore,13,seed13_solution097,org.mybatis.jpetstore.domain.Order,org.mybatis.jpetstore.domain.Order,0
jpetstore,13,seed13_solution097,org.mybatis.jpetstore.domain.Product,org.mybatis.jpetstore.domain.Product,3
jpetstore,13,seed13_solution097,org.mybatis.jpetstore.domain.Sequence,org.mybatis.jpetstore.domain.Sequence,2
jpetstore,13,seed13_solution097,org.mybatis.jpetstore.mapper.AccountMapper,org.mybatis.jpetstore.mapper.AccountMapper,4
jpetstore,13,seed13_solution097,org.mybatis.jpetstore.mapper.CategoryMapper,org.mybatis.jpetstore.mapper.CategoryMapper,5
jpetstore,13,seed13_solution097,org.mybatis.jpetstore.mapper.ItemMapper,org.mybatis.jpetstore.mapper.ItemMapper,2
jpetstore,13,seed13_solution097,org.mybatis.jpetstore.mapper.LineItemMapper,org.mybatis.jpetstore.mapper.LineItemMapper,5
jpetstore,13,seed13_solution097,org.mybatis.jpetstore.mapper.OrderMapper,org.mybatis.jpetstore.mapper.OrderMapper,4
jpetstore,13,seed13_solution097,org.mybatis.jpetstore.mapper.ProductMapper,org.mybatis.jpetstore.mapper.ProductMapper,3
jpetstore,13,seed13_solution097,org.mybatis.jpetstore.mapper.SequenceMapper,org.mybatis.jpetstore.mapper.SequenceMapper,5
jpetstore,13,seed13_solution097,org.mybatis.jpetstore.service.AccountService,org.mybatis.jpetstore.service.AccountService,4
jpetstore,13,seed13_solution097,org.mybatis.jpetstore.service.CatalogService,org.mybatis.jpetstore.service.CatalogService,3
jpetstore,13,seed13_solution097,org.mybatis.jpetstore.service.OrderService,org.mybatis.jpetstore.service.OrderService,4
jpetstore,13,seed13_solution097,org.mybatis.jpetstore.web.actions.AbstractActionBean,org.mybatis.jpetstore.web.actions.AbstractActionBean,2
jpetstore,13,seed13_solution097,org.mybatis.jpetstore.web.actions.AccountActionBean,org.mybatis.jpetstore.web.actions.AccountActionBean,3
jpetstore,13,seed13_solution097,org.mybatis.jpetstore.web.actions.CartActionBean,org.mybatis.jpetstore.web.actions.CartActionBean,5
jpetstore,13,seed13_solution097,org.mybatis.jpetstore.web.actions.CatalogActionBean,org.mybatis.jpetstore.web.actions.CatalogActionBean,2
jpetstore,13,seed13_solution097,org.mybatis.jpetstore.web.actions.OrderActionBean,org.mybatis.jpetstore.web.actions.OrderActionBean,2
jpetstore,13,seed13_solution098,org.mybatis.jpetstore.domain.Account,org.mybatis.jpetstore.domain.Account,0
jpetstore,13,seed13_solution098,org.mybatis.jpetstore.domain.Cart,org.mybatis.jpetstore.domain.Cart,1
jpetstore,13,seed13_solution098,org.mybatis.jpetstore.domain.CartItem,org.mybatis.jpetstore.domain.CartItem,1
jpetstore,13,seed13_solution098,org.mybatis.jpetstore.domain.Category,org.mybatis.jpetstore.domain.Category,2
jpetstore,13,seed13_solution098,org.mybatis.jpetstore.domain.Item,org.mybatis.jpetstore.domain.Item,1
jpetstore,13,seed13_solution098,org.mybatis.jpetstore.domain.LineItem,org.mybatis.jpetstore.domain.LineItem,1
jpetstore,13,seed13_solution098,org.mybatis.jpetstore.domain.Order,org.mybatis.jpetstore.domain.Order,0
jpetstore,13,seed13_solution098,org.mybatis.jpetstore.domain.Product,org.mybatis.jpetstore.domain.Product,1
jpetstore,13,seed13_solution098,org.mybatis.jpetstore.domain.Sequence,org.mybatis.jpetstore.domain.Sequence,3
jpetstore,13,seed13_solution098,org.mybatis.jpetstore.mapper.AccountMapper,org.mybatis.jpetstore.mapper.AccountMapper,3
jpetstore,13,seed13_solution098,org.mybatis.jpetstore.mapper.CategoryMapper,org.mybatis.jpetstore.mapper.CategoryMapper,4
jpetstore,13,seed13_solution098,org.mybatis.jpetstore.mapper.ItemMapper,org.mybatis.jpetstore.mapper.ItemMapper,4
jpetstore,13,seed13_solution098,org.mybatis.jpetstore.mapper.LineItemMapper,org.mybatis.jpetstore.mapper.LineItemMapper,3
jpetstore,13,seed13_solution098,org.mybatis.jpetstore.mapper.OrderMapper,org.mybatis.jpetstore.mapper.OrderMapper,3
jpetstore,13,seed13_solution098,org.mybatis.jpetstore.mapper.ProductMapper,org.mybatis.jpetstore.mapper.ProductMapper,2
jpetstore,13,seed13_solution098,org.mybatis.jpetstore.mapper.SequenceMapper,org.mybatis.jpetstore.mapper.SequenceMapper,3
jpetstore,13,seed13_solution098,org.mybatis.jpetstore.service.AccountService,org.mybatis.jpetstore.service.AccountService,2
jpetstore,13,seed13_solution098,org.mybatis.jpetstore.service.CatalogService,org.mybatis.jpetstore.service.CatalogService,4
jpetstore,13,seed13_solution098,org.mybatis.jpetstore.service.OrderService,org.mybatis.jpetstore.service.OrderService,2
jpetstore,13,seed13_solution098,org.mybatis.jpetstore.web.actions.AbstractActionBean,org.mybatis.jpetstore.web.actions.AbstractActionBean,1
jpetstore,13,seed13_solution098,org.mybatis.jpetstore.web.actions.AccountActionBean,org.mybatis.jpetstore.web.actions.AccountActionBean,2
jpetstore,13,seed13_solution098,org.mybatis.jpetstore.web.actions.CartActionBean,org.mybatis.jpetstore.web.actions.CartActionBean,4
jpetstore,13,seed13_solution098,org.mybatis.jpetstore.web.actions.CatalogActionBean,org.mybatis.jpetstore.web.actions.CatalogActionBean,4
jpetstore,13,seed13_solution098,org.mybatis.jpetstore.web.actions.OrderActionBean,org.mybatis.jpetstore.web.actions.OrderActionBean,4
jpetstore,13,seed13_solution099,org.mybatis.jpetstore.domain.Account,org.mybatis.jpetstore.domain.Account,0
jpetstore,13,seed13_solution099,org.mybatis.jpetstore.domain.Cart,org.mybatis.jpetstore.domain.Cart,1
jpetstore,13,seed13_solution099,org.mybatis.jpetstore.domain.CartItem,org.mybatis.jpetstore.domain.CartItem,1
jpetstore,13,seed13_solution099,org.mybatis.jpetstore.domain.Category,org.mybatis.jpetstore.domain.Category,2
jpetstore,13,seed13_solution099,org.mybatis.jpetstore.domain.Item,org.mybatis.jpetstore.domain.Item,1
jpetstore,13,seed13_solution099,org.mybatis.jpetstore.domain.LineItem,org.mybatis.jpetstore.domain.LineItem,1
jpetstore,13,seed13_solution099,org.mybatis.jpetstore.domain.Order,org.mybatis.jpetstore.domain.Order,0
jpetstore,13,seed13_solution099,org.mybatis.jpetstore.domain.Product,org.mybatis.jpetstore.domain.Product,1
jpetstore,13,seed13_solution099,org.mybatis.jpetstore.domain.Sequence,org.mybatis.jpetstore.domain.Sequence,3
jpetstore,13,seed13_solution099,org.mybatis.jpetstore.mapper.AccountMapper,org.mybatis.jpetstore.mapper.AccountMapper,3
jpetstore,13,seed13_solution099,org.mybatis.jpetstore.mapper.CategoryMapper,org.mybatis.jpetstore.mapper.CategoryMapper,3
jpetstore,13,seed13_solution099,org.mybatis.jpetstore.mapper.ItemMapper,org.mybatis.jpetstore.mapper.ItemMapper,4
jpetstore,13,seed13_solution099,org.mybatis.jpetstore.mapper.LineItemMapper,org.mybatis.jpetstore.mapper.LineItemMapper,3
jpetstore,13,seed13_solution099,org.mybatis.jpetstore.mapper.OrderMapper,org.mybatis.jpetstore.mapper.OrderMapper,3
jpetstore,13,seed13_solution099,org.mybatis.jpetstore.mapper.ProductMapper,org.mybatis.jpetstore.mapper.ProductMapper,2
jpetstore,13,seed13_solution099,org.mybatis.jpetstore.mapper.SequenceMapper,org.mybatis.jpetstore.mapper.SequenceMapper,3
jpetstore,13,seed13_solution099,org.mybatis.jpetstore.service.AccountService,org.mybatis.jpetstore.service.AccountService,2
jpetstore,13,seed13_solution099,org.mybatis.jpetstore.service.CatalogService,org.mybatis.jpetstore.service.CatalogService,4
jpetstore,13,seed13_solution099,org.mybatis.jpetstore.service.OrderService,org.mybatis.jpetstore.service.OrderService,2
jpetstore,13,seed13_solution099,org.mybatis.jpetstore.web.actions.AbstractActionBean,org.mybatis.jpetstore.web.actions.AbstractActionBean,1
jpetstore,13,seed13_solution099,org.mybatis.jpetstore.web.actions.AccountActionBean,org.mybatis.jpetstore.web.actions.AccountActionBean,2
jpetstore,13,seed13_solution099,org.mybatis.jpetstore.web.actions.CartActionBean,org.mybatis.jpetstore.web.actions.CartActionBean,4
jpetstore,13,seed13_solution099,org.mybatis.jpetstore.web.actions.CatalogActionBean,org.mybatis.jpetstore.web.actions.CatalogActionBean,4
jpetstore,13,seed13_solution099,org.mybatis.jpetstore.web.actions.OrderActionBean,org.mybatis.jpetstore.web.actions.OrderActionBean,4
